replicate,program,instance,behavior,iteration,source_kind,source_current_overlap,source_lift_0,source_lift_1,source_lift_2,source_lift_3,post_unique_tours
0,3,0,三个固定 GP 表达式的均值,25,1,0.71,7.617286047758783,7.617286632828239,8.081412807828853,8.081412807828853,32
0,2,1,三个固定 GP 表达式的均值,25,1,0.756,7.733981117258881,7.733979760368636,8.17570190543177,8.17570190543177,32
0,3,1,三个固定 GP 表达式的均值,25,1,0.762,7.794991975173127,7.794990875726165,8.225277527345035,8.225277527345035,32
0,2,2,三个固定 GP 表达式的均值,25,1,0.738,7.647882562220458,7.647883643006369,8.106759736545357,8.106759736545357,32
0,3,2,三个固定 GP 表达式的均值,25,1,0.744,8.052606122916465,8.052606763794815,8.432352155125802,8.432352155125802,32
0,2,3,三个固定 GP 表达式的均值,25,1,0.78,8.078574145901198,8.07857340280073,8.454030854424458,8.454030854424458,32
0,3,3,三个固定 GP 表达式的均值,25,1,0.724,7.860267795939716,7.866173700501974,8.284245886625587,8.284245886625587,32
0,2,4,三个固定 GP 表达式的均值,25,1,0.836,8.53282238165075,8.532821508853601,8.820062685829567,8.820062685829567,32
0,3,4,三个固定 GP 表达式的均值,25,1,0.786,7.940873735722339,7.940872811866038,8.343310427548683,8.343310427548683,32
0,2,5,三个固定 GP 表达式的均值,25,1,0.792,8.208073475829295,8.214721734915726,8.564136248362967,8.564136248362967,32
0,3,5,三个固定 GP 表达式的均值,25,1,0.78,8.027842463954133,8.027842122561845,8.412410617760713,8.412410617760713,32
0,3,6,三个固定 GP 表达式的均值,25,1,0.76,8.15735290315808,8.157352910574751,8.516925855235334,8.516925855235334,32
0,2,7,三个固定 GP 表达式的均值,25,1,0.762,7.902638102863734,7.913693156211215,8.325269119347967,8.325269119347967,32
0,3,7,三个固定 GP 表达式的均值,25,1,0.748,7.830338535743784,7.835695047948633,8.258337653448098,8.258337653448098,32
0,0,0,不使用 GP,25,1,0.738,7.3490004682859205,7.349000531649909,7.866912534269486,7.866912534269486,32
0,1,0,三个固定 GP 表达式的均值,25,1,0.77,8.147514804917952,8.152732462502826,8.51439043021753,8.51439043021753,32
0,0,1,不使用 GP,25,1,0.734,7.341036703904343,7.3410358305433,7.859907293386657,7.859907293386657,32
0,1,1,三个固定 GP 表达式的均值,25,1,0.772,8.259302655793293,8.25930072205513,8.601161303033495,8.601161303033495,32
0,0,2,不使用 GP,25,1,0.768,7.395312071552017,7.401039162551025,7.911203090558815,7.911203090558815,32
0,1,2,三个固定 GP 表达式的均值,25,1,0.744,7.751787145363388,7.751788037745117,8.189540015309095,8.189540015309095,32
0,0,3,不使用 GP,25,1,0.74,7.298827587299052,7.298826608496101,7.826692762439412,7.826692762439412,32
0,1,3,三个固定 GP 表达式的均值,25,1,0.784,8.184519643258861,8.190238083295814,8.54614117797404,8.54614117797404,32
0,0,4,不使用 GP,25,1,0.75,7.4954489337123436,7.516464598587702,8.006986553218658,8.006986553218658,32
0,1,4,三个固定 GP 表达式的均值,25,1,0.746,7.970651220639427,7.977577394297915,8.37382910366338,8.37382910366338,32
0,0,5,不使用 GP,25,1,0.714,7.175723472431256,7.188332751539107,7.738987433546257,7.738987433546257,32
0,1,5,三个固定 GP 表达式的均值,25,1,0.75,8.012785842585014,8.012785757524368,8.399019097008638,8.399019097008638,32
0,0,6,不使用 GP,25,1,0.734,7.322573492296466,7.322573590625123,7.8452242985425835,7.8452242985425835,32
0,1,6,三个固定 GP 表达式的均值,25,1,0.766,8.189941610097744,8.195200220664923,8.548933567199393,8.548933567199393,32
0,0,7,不使用 GP,25,1,0.74,7.463937463558565,7.485859264628621,7.980376220682329,7.980376220682329,32
0,1,7,三个固定 GP 表达式的均值,25,1,0.762,7.989274721862243,8.00370267183513,8.396275695216834,8.396275695216834,32
0,2,0,三个固定 GP 表达式的均值,50,1,0.868,8.960448087158895,8.942371999062551,9.152919460834163,9.152919460834163,32
0,3,0,三个固定 GP 表达式的均值,50,1,0.804,8.658287215013795,8.640929818183487,8.912196654637286,8.912196654637286,32
0,2,1,三个固定 GP 表达式的均值,50,1,0.848,8.983568200713025,8.972046171748563,9.1808316331293,9.1808316331293,32
0,3,1,三个固定 GP 表达式的均值,50,1,0.814,8.852377608615537,8.834759172190402,9.06675793783206,9.06675793783206,32
0,3,2,三个固定 GP 表达式的均值,50,1,0.844,8.818322033345792,8.80091860131825,9.040090488454968,9.040090488454968,32
0,3,3,三个固定 GP 表达式的均值,50,1,0.814,8.567711966758846,8.561020192201905,8.849465423317872,8.849465423317872,32
0,2,4,三个固定 GP 表达式的均值,50,1,0.948,9.5750868687678,9.554980376756875,9.643699855002184,9.643699855002184,32
0,2,5,三个固定 GP 表达式的均值,50,1,0.856,8.94926381295048,8.937479081368831,9.150870887704125,9.150870887704125,32
0,3,5,三个固定 GP 表达式的均值,50,1,0.876,8.768287941350897,8.750832264506892,9.000876112692776,9.000876112692776,32
0,2,6,三个固定 GP 表达式的均值,50,1,0.844,9.057660280800295,9.0392784048911,9.234085624105475,9.234085624105475,32
0,2,7,三个固定 GP 表达式的均值,50,1,0.852,9.095264699781353,9.097923625043487,9.279341772044214,9.279341772044214,32
0,3,7,三个固定 GP 表达式的均值,50,1,0.804,8.596809243676965,8.5798502324642,8.864935134736292,8.864935134736292,32
0,0,0,不使用 GP,50,1,0.79,8.053930463544626,8.038046737616744,8.429866637662123,8.429866637662123,32
0,1,0,三个固定 GP 表达式的均值,50,1,0.822,8.84263592249892,8.831971098798466,9.065993867006144,9.065993867006144,32
0,0,1,不使用 GP,50,1,0.796,8.034369890121917,8.026549283661295,8.421506808375486,8.421506808375486,32
0,1,1,三个固定 GP 表达式的均值,50,1,0.868,9.005561999274853,8.987390391625743,9.189700587174231,9.189700587174231,32
0,0,2,不使用 GP,50,1,0.836,8.292668565980147,8.276280787843989,8.620528307974945,8.620528307974945,32
0,1,2,三个固定 GP 表达式的均值,50,1,0.85,8.965784302031658,8.947879341234087,9.157554603530025,9.157554603530025,32
0,0,3,不使用 GP,50,1,0.778,7.962137888769079,7.946592102284926,8.356631073484026,8.356631073484026,32
0,1,3,三个固定 GP 表达式的均值,50,1,0.816,8.944082064898137,8.935270960730042,9.149483585192177,9.149483585192177,32
0,0,4,不使用 GP,50,1,0.816,8.2396247015208,8.223335362880327,8.577905551127976,8.577905551127976,32
0,1,4,三个固定 GP 表达式的均值,50,1,0.836,8.969730209937588,8.951618092125571,9.16265310580435,9.16265310580435,32
0,0,5,不使用 GP,50,1,0.784,8.307712391132434,8.291393381182054,8.633824827917254,8.633824827917254,32
0,1,5,三个固定 GP 表达式的均值,50,1,0.848,8.748877064190038,8.736864437090432,8.991073172771767,8.991073172771767,32
0,0,6,不使用 GP,50,1,0.802,8.250342216701538,8.248744576376678,8.604355097426087,8.604355097426087,32
0,0,7,不使用 GP,50,1,0.776,8.14787164013364,8.140921030889588,8.519434079001421,8.519434079001421,32
0,1,7,三个固定 GP 表达式的均值,50,1,0.8,8.682598504396962,8.694407660216292,8.958257473157072,8.958257473157072,32
0,2,0,三个固定 GP 表达式的均值,75,1,0.936,9.466728740544783,9.446905746908852,9.556965531084465,9.556965531084465,32
0,2,2,三个固定 GP 表达式的均值,75,1,0.954,9.593892673514416,9.573431489374567,9.658255916420256,9.658255916420256,32
0,3,2,三个固定 GP 表达式的均值,75,1,0.858,9.074978528558752,9.056428487012237,9.244780141433832,9.244780141433832,32
0,3,3,三个固定 GP 表达式的均值,75,1,0.852,9.000981079885442,8.982640955511565,9.185723478682148,9.185723478682148,32
0,2,5,三个固定 GP 表达式的均值,75,1,0.902,9.219800213126225,9.200782435838175,9.359663960191435,9.359663960191435,32
0,3,5,三个固定 GP 表达式的均值,75,1,0.852,8.813048813738844,8.79536546601403,9.035939097141378,9.035939097141378,32
0,2,6,三个固定 GP 表达式的均值,75,1,0.966,9.604188112769096,9.588966693482798,9.671833953649852,9.671833953649852,32
0,2,7,三个固定 GP 表达式的均值,75,1,0.944,9.638561117957614,9.657487379244886,9.72764806812761,9.72764806812761,32
0,3,7,三个固定 GP 表达式的均值,75,1,0.834,8.535158695054129,8.518140393645684,8.81661876694536,8.81661876694536,32
0,0,0,不使用 GP,75,1,0.844,8.440262444773156,8.435179837357833,8.752838135843243,8.752838135843243,32
0,1,0,三个固定 GP 表达式的均值,75,1,0.886,9.286724437105837,9.267646596344356,9.413450769337276,9.413450769337276,32
0,0,1,不使用 GP,75,1,0.82,8.463530197927595,8.446664819445846,8.756155796080062,8.756155796080062,32
0,1,1,三个固定 GP 表达式的均值,75,1,0.9,9.314049228535465,9.294817518222779,9.435182832303571,9.435182832303571,32
0,0,2,不使用 GP,75,1,0.786,8.413795619031562,8.39687216572039,8.717383557309036,8.717383557309036,32
0,1,2,三个固定 GP 表达式的均值,75,1,0.898,9.239062205210569,9.220062462150517,9.375333008534755,9.375333008534755,32
0,0,3,不使用 GP,75,1,0.814,8.321970794342828,8.31219127769929,8.65040251670434,8.65040251670434,32
0,1,3,三个固定 GP 表达式的均值,75,1,0.92,9.289173001683414,9.270074522092258,9.416105120351421,9.416105120351421,32
0,0,4,不使用 GP,75,1,0.798,8.391421599071501,8.374607069306059,8.699731043426999,8.699731043426999,32
0,1,4,三个固定 GP 表达式的均值,75,1,0.898,9.369378120841265,9.349976848611188,9.480553458317964,9.480553458317964,32
0,0,5,不使用 GP,75,1,0.836,8.567657232596325,8.55045415050175,8.84068550872463,8.84068550872463,32
0,1,5,三个固定 GP 表达式的均值,75,1,0.874,9.00295167237007,8.992942173858038,9.19527579766029,9.19527579766029,32
0,0,6,不使用 GP,75,1,0.818,8.479077018434824,8.462008926330801,8.768976336016058,8.768976336016058,32
0,1,6,三个固定 GP 表达式的均值,75,1,0.86,9.162946997817606,9.150456377598049,9.322361615420412,9.322361615420412,32
0,0,7,不使用 GP,75,1,0.742,8.308486329327652,8.346178381742044,8.678614008435792,8.678614008435792,32
0,1,7,三个固定 GP 表达式的均值,75,1,0.85,9.187106592694551,9.218327941596804,9.376553361872192,9.376553361872192,32
0,3,0,三个固定 GP 表达式的均值,150,1,0.986,9.835234524681557,9.813681686642678,9.850643564072406,9.850643564072406,32
0,3,2,三个固定 GP 表达式的均值,150,1,0.986,9.7979950336986,9.776563218093692,9.820892859781718,9.820892859781718,32
0,3,3,三个固定 GP 表达式的均值,150,1,0.97,9.786175747349297,9.76458354360384,9.811273620427556,9.811273620427556,27
0,3,5,三个固定 GP 表达式的均值,150,1,0.994,9.771107467393573,9.750120771348492,9.799730760370954,9.799730760370954,32
0,2,7,三个固定 GP 表达式的均值,150,1,0.99,9.840540528750346,9.81865429624244,9.854623026519732,9.854623026519732,19
0,3,7,三个固定 GP 表达式的均值,150,1,0.952,9.583797953994651,9.563483657238486,9.652530961367454,9.652530961367454,32
0,0,0,不使用 GP,150,1,0.946,9.53025489234431,9.510092749406107,9.607525062139723,9.607525062139723,32
0,0,1,不使用 GP,150,1,0.924,9.435556244886842,9.415442803632303,9.53169724605916,9.53169724605916,32
0,1,1,三个固定 GP 表达式的均值,150,1,0.994,9.861861791999587,9.839999616974966,9.871724181787743,9.871724181787743,25
0,0,2,不使用 GP,150,1,0.98,9.640373185964462,9.619651074620009,9.695292822907051,9.695292822907051,32
0,0,5,不使用 GP,150,1,0.952,9.635042714569938,9.614392730816972,9.690968968123931,9.690968968123931,32
0,0,6,不使用 GP,150,1,0.988,9.897809802234766,9.924649530704267,9.941599839795812,9.941599839795812,32
0,3,5,三个固定 GP 表达式的均值,200,1,0.97,9.687613201303655,9.666327696707405,9.73251856214807,9.73251856214807,32
0,3,6,三个固定 GP 表达式的均值,200,1,0.99,9.870200990962205,9.848253441860109,9.880433970249122,9.880433970249122,23
0,0,3,不使用 GP,200,1,0.988,9.737920919109381,9.716555725441516,9.77278506504644,9.77278506504644,32
0,1,6,三个固定 GP 表达式的均值,200,1,0.99,9.87001639756249,9.848053540802205,9.88017543364754,9.88017543364754,22
0,0,7,不使用 GP,200,1,0.964,10.366044986837515,10.512041577203359,10.41219198069409,10.41219198069409,32
0,1,7,三个固定 GP 表达式的均值,200,1,0.992,10.360247694089292,10.459860468662828,10.370683879905743,10.370683879905743,31
0,1,0,三个固定 GP 表达式的均值,250,1,0.994,9.843665766216278,9.821846776575551,9.857171820465117,9.857171820465117,29
0,1,7,三个固定 GP 表达式的均值,300,1,0.994,9.876283732241212,9.854350982061472,9.883224039461686,9.883224039461686,23
0,0,5,不使用 GP,325,1,0.99,9.837891128914494,9.81601706453434,9.852518780564912,9.852518780564912,29
0,2,4,三个固定 GP 表达式的均值,425,1,0.77,7.774401426474861,7.774399813186144,8.207686750028637,8.207686750028637,32
0,2,4,三个固定 GP 表达式的均值,450,1,0.826,8.611359121129261,8.593695289710723,8.875105548137896,8.875105548137896,32
0,2,0,三个固定 GP 表达式的均值,525,1,0.792,8.169516189259012,8.17511502460279,8.532076022233742,8.532076022233742,32
0,3,4,三个固定 GP 表达式的均值,525,1,0.782,7.868888190614401,7.868887634277963,8.284008530498276,8.284008530498276,32
0,2,6,三个固定 GP 表达式的均值,525,1,0.788,8.131485944846874,8.131486957207269,8.494245391980614,8.494245391980614,32
0,1,2,三个固定 GP 表达式的均值,525,1,0.772,8.071669446597499,8.071669714327355,8.446769605719727,8.446769605719727,32
0,1,4,三个固定 GP 表达式的均值,525,1,0.794,8.128018923534022,8.128018953603934,8.493218716431246,8.493218716431246,32
0,2,0,三个固定 GP 表达式的均值,550,1,0.838,8.877961698032871,8.878248165731616,9.104439198673543,9.104439198673543,32
0,2,2,三个固定 GP 表达式的均值,550,1,0.888,8.946319441600002,8.933506896131147,9.1482720176223,9.1482720176223,32
0,3,4,三个固定 GP 表达式的均值,550,1,0.85,8.833763511848902,8.815764672155398,9.05205943902683,9.05205943902683,32
0,2,5,三个固定 GP 表达式的均值,550,1,0.886,8.881869975029124,8.863514694325813,9.090472356049668,9.090472356049668,32
0,2,6,三个固定 GP 表达式的均值,550,1,0.862,9.054923435773935,9.056475015762022,9.246335449216524,9.246335449216524,32
0,1,2,三个固定 GP 表达式的均值,550,1,0.874,9.141217592091207,9.127884169266073,9.302792045668278,9.302792045668278,32
0,0,4,不使用 GP,550,1,0.802,8.333842424695833,8.316936700665703,8.653563014805101,8.653563014805101,32
0,1,4,三个固定 GP 表达式的均值,550,1,0.852,8.90710203584931,8.888780358658227,9.110029331458522,9.110029331458522,32
0,2,0,三个固定 GP 表达式的均值,575,1,0.938,9.562677135001167,9.57855256446775,9.664407108527735,9.664407108527735,32
0,2,2,三个固定 GP 表达式的均值,575,1,0.912,9.304105434662572,9.284412055189616,9.426614105428287,9.426614105428287,32
0,3,4,三个固定 GP 表达式的均值,575,1,0.904,9.203947594315245,9.184702574990377,9.347143800830088,9.347143800830088,32
0,2,5,三个固定 GP 表达式的均值,575,1,0.904,9.371870694036378,9.351989388136358,9.480941447626982,9.480941447626982,32
0,1,2,三个固定 GP 表达式的均值,575,1,0.92,9.358309627617702,9.338341762568037,9.469957963256519,9.469957963256519,32
0,0,4,不使用 GP,575,1,0.846,8.86701327189359,8.848678297943428,9.077907093210445,9.077907093210445,32
0,1,4,三个固定 GP 表达式的均值,575,1,0.908,9.285769729063704,9.266040293990567,9.41195935028074,9.41195935028074,32
0,3,4,三个固定 GP 表达式的均值,600,1,0.94,9.454258902062522,9.434080543859562,9.546653102722663,9.546653102722663,32
0,2,5,三个固定 GP 表达式的均值,600,1,0.994,9.728360294459945,9.707071277116121,9.76526482029914,9.76526482029914,32
0,1,2,三个固定 GP 表达式的均值,600,1,0.956,9.63866836766336,9.617738028647322,9.693658046748702,9.693658046748702,32
0,0,4,不使用 GP,600,1,0.924,9.24612389469018,9.226388949777212,9.380526994955067,9.380526994955067,32
0,3,1,三个固定 GP 表达式的均值,625,1,0.752,7.730653621659526,7.730653614002617,8.17288952709947,8.17288952709947,32
0,3,2,三个固定 GP 表达式的均值,625,1,0.764,7.982995763250452,7.982995206104573,8.375674510135358,8.375674510135358,32
0,2,7,三个固定 GP 表达式的均值,625,1,0.772,8.242915765410379,8.254170061743281,8.596812891933208,8.596812891933208,32
0,3,7,三个固定 GP 表达式的均值,625,1,0.73,8.022217269945783,8.022216907039994,8.407153370156205,8.407153370156205,32
0,0,0,不使用 GP,625,1,0.736,7.565605237636184,7.5656043313442485,8.042509859864039,8.042509859864039,32
0,1,0,三个固定 GP 表达式的均值,625,1,0.78,8.240792887360007,8.24079506176796,8.585827664314426,8.585827664314426,32
0,0,2,不使用 GP,625,1,0.732,7.386302211521004,7.386302037248579,7.89649102257265,7.89649102257265,32
0,1,3,三个固定 GP 表达式的均值,625,1,0.77,8.208030767148395,8.214108164990972,8.563918616914057,8.563918616914057,32
0,0,5,不使用 GP,625,1,0.746,7.531876037775363,7.547708603759576,8.028062743129565,8.028062743129565,32
0,1,5,三个固定 GP 表达式的均值,625,1,0.774,8.313262344870573,8.3209863950467,8.649296289634272,8.649296289634272,32
0,0,7,不使用 GP,625,1,0.742,7.31809476032264,7.318094306726991,7.842221831676519,7.842221831676519,32
0,3,2,三个固定 GP 表达式的均值,650,1,0.828,8.907970002876214,8.889624983612563,9.111620440462342,9.111620440462342,32
0,3,3,三个固定 GP 表达式的均值,650,1,0.836,8.703556789702674,8.685846733364484,8.947765715293379,8.947765715293379,32
0,3,5,三个固定 GP 表达式的均值,650,1,0.808,8.483135017437656,8.465885490984315,8.772233618600538,8.772233618600538,32
0,2,7,三个固定 GP 表达式的均值,650,1,0.812,8.795091179690738,8.77706682732291,9.021143450003038,9.021143450003038,32
0,3,7,三个固定 GP 表达式的均值,650,1,0.75,8.38785458635447,8.370962437993533,8.695931936245318,8.695931936245318,32
0,0,0,不使用 GP,650,1,0.772,8.09230397986842,8.075814679435016,8.461609737578929,8.461609737578929,32
0,1,0,三个固定 GP 表达式的均值,650,1,0.898,9.285236282693267,9.265956184398652,9.41234780607861,9.41234780607861,32
0,1,1,三个固定 GP 表达式的均值,650,1,0.862,8.929926894281607,8.91160254683304,9.128692128696214,9.128692128696214,32
0,0,2,不使用 GP,650,1,0.792,8.217331285825317,8.200781517032414,8.560627753255693,8.560627753255693,32
0,1,3,三个固定 GP 表达式的均值,650,1,0.822,8.845792663911752,8.827513771091622,9.061505959856436,9.061505959856436,32
0,0,4,不使用 GP,650,1,0.988,9.80934912663796,9.78771411431273,9.829811328894584,9.829811328894584,32
0,1,5,三个固定 GP 表达式的均值,650,1,0.798,8.693063542964039,8.675502336876912,8.94163492276439,8.94163492276439,32
0,0,7,不使用 GP,650,1,0.748,7.730557516026199,7.7151038878997085,8.170913294227535,8.170913294227535,32
0,3,1,三个固定 GP 表达式的均值,675,1,0.826,8.544527546853772,8.527005556484228,8.820463507017884,8.820463507017884,32
0,3,2,三个固定 GP 表达式的均值,675,1,0.884,9.156649034255224,9.137233249566307,9.30924106264813,9.30924106264813,32
0,3,3,三个固定 GP 表达式的均值,675,1,0.818,9.087069526563335,9.06819096640691,9.253829945007643,9.253829945007643,32
0,3,5,三个固定 GP 表达式的均值,675,1,0.834,8.802482293747964,8.784326952470058,9.027124342645518,9.027124342645518,32
0,2,7,三个固定 GP 表达式的均值,675,1,0.878,9.176689992558888,9.18228807504025,9.347117841554375,9.347117841554375,32
0,0,0,不使用 GP,675,1,0.788,8.394000770047684,8.397839652966173,8.720053166289402,8.720053166289402,32
0,1,0,三个固定 GP 表达式的均值,675,1,0.962,9.684549086075075,9.663822935793641,9.730710539753812,9.730710539753812,32
0,1,1,三个固定 GP 表达式的均值,675,1,0.856,9.096625858964869,9.077601130306439,9.261151853767565,9.261151853767565,32
0,0,2,不使用 GP,675,1,0.814,8.409300885290543,8.40215777792045,8.727139831081667,8.727139831081667,32
0,1,3,三个固定 GP 表达式的均值,675,1,0.882,8.850413829108044,8.84047964023718,9.073499938612908,9.073499938612908,32
0,0,5,不使用 GP,675,1,0.764,8.10106226645163,8.084613203773458,8.466967707387688,8.466967707387688,32
0,1,5,三个固定 GP 表达式的均值,675,1,0.856,9.164842789309244,9.165508608217916,9.333219907392436,9.333219907392436,32
0,0,7,不使用 GP,675,1,0.804,7.880512510005244,7.864632623867109,8.297264602617462,8.297264602617462,32
0,3,0,三个固定 GP 表达式的均值,725,1,0.714,7.94766534491316,7.947664513465245,8.345948766078292,8.345948766078292,32
0,2,3,三个固定 GP 表达式的均值,725,1,0.762,7.9033766675895105,7.903376684144118,8.31199587228275,8.31199587228275,32
0,3,6,三个固定 GP 表达式的均值,725,1,0.77,8.152433514858597,8.15243329267506,8.514264079637732,8.514264079637732,32
0,0,1,不使用 GP,725,1,0.746,7.651958751818848,7.651958921300414,8.109472636440854,8.109472636440854,32
0,1,6,三个固定 GP 表达式的均值,725,1,0.758,8.049917963291083,8.049918368366622,8.430396354763207,8.430396354763207,32
0,3,0,三个固定 GP 表达式的均值,750,1,0.818,8.860516891372193,8.863506278693214,9.094377895115187,9.094377895115187,32
0,3,2,三个固定 GP 表达式的均值,750,1,0.99,9.815732592354067,9.79394438485801,9.834794341922361,9.834794341922361,29
0,2,3,三个固定 GP 表达式的均值,750,1,0.86,8.854660587893502,8.836540803089031,9.068719906406677,9.068719906406677,32
0,3,3,三个固定 GP 表达式的均值,750,1,0.994,9.848867873143304,9.827063549456042,9.861351384415197,9.861351384415197,28
0,3,5,三个固定 GP 表达式的均值,750,1,0.97,9.788081502256246,9.76672923643128,9.81304381211837,9.81304381211837,32
0,3,6,三个固定 GP 表达式的均值,750,1,0.844,9.007577262132363,8.98892720698897,9.191723164183632,9.191723164183632,32
0,3,7,三个固定 GP 表达式的均值,750,1,0.962,10.056322273316788,10.116349391736534,10.096384542244726,10.096384542244726,32
0,0,0,不使用 GP,750,1,0.908,9.261432980075606,9.241618575538629,9.394717332933057,9.394717332933057,32
0,1,1,三个固定 GP 表达式的均值,750,1,0.992,9.858001116095396,9.836242307174526,9.868716299254462,9.868716299254462,28
0,1,3,三个固定 GP 表达式的均值,750,1,0.964,9.683225627962832,9.662383738084603,9.7294572532023,9.7294572532023,32
0,0,5,不使用 GP,750,1,0.828,8.954723036890398,8.936013654727802,9.149795765116894,9.149795765116894,32
0,1,6,三个固定 GP 表达式的均值,750,1,0.882,9.080010459830154,9.061197047209719,9.249580273449794,9.249580273449794,32
0,0,7,不使用 GP,750,1,0.916,9.43393007231486,9.413722102748153,9.534225529252312,9.534225529252312,32
0,3,0,三个固定 GP 表达式的均值,775,1,0.848,8.754241283962264,8.73616524283122,8.988088769169565,8.988088769169565,32
0,2,3,三个固定 GP 表达式的均值,775,1,0.886,9.325498977750234,9.313380506963819,9.452730213559457,9.452730213559457,32
0,2,4,三个固定 GP 表达式的均值,775,1,0.972,9.797417228104003,9.77567432279885,9.820158174441445,9.820158174441445,29
0,3,6,三个固定 GP 表达式的均值,775,1,0.928,9.180352363076521,9.17150345863408,9.337687008778149,9.337687008778149,32
0,0,1,不使用 GP,775,1,0.83,8.561505429681452,8.544141657648886,8.834765240469885,8.834765240469885,32
0,1,6,三个固定 GP 表达式的均值,775,1,0.882,9.269472684315136,9.249901098434298,9.399360051556163,9.399360051556163,32
0,3,1,三个固定 GP 表达式的均值,800,1,0.994,9.866119553041672,9.844242472405591,9.875125360634621,9.875125360634621,30
0,2,7,三个固定 GP 表达式的均值,800,1,0.982,9.827176866473023,9.80533788514188,9.843931447066996,9.843931447066996,30
0,0,5,不使用 GP,800,1,0.898,9.218081994002585,9.198465265184616,9.357665525011864,9.357665525011864,32
0,0,7,不使用 GP,800,1,0.94,9.596436928312356,9.596531339198345,9.682640563709679,9.682640563709679,32
0,3,0,三个固定 GP 表达式的均值,825,1,0.974,9.730017559631115,9.708917827287022,9.766710602552799,9.766710602552799,32
0,2,1,三个固定 GP 表达式的均值,825,1,0.78,8.156385533260305,8.167575659346594,8.527695707582385,8.527695707582385,32
0,0,1,不使用 GP,825,1,0.896,9.020516641274185,9.00149410740082,9.20082666128239,9.20082666128239,32
0,0,3,不使用 GP,825,1,0.746,7.110434813078525,7.110434541655041,7.675378815243252,7.675378815243252,32
0,3,0,三个固定 GP 表达式的均值,850,1,0.976,9.744573876621661,9.723080956195824,9.77800818989464,9.77800818989464,32
0,2,1,三个固定 GP 表达式的均值,850,1,0.838,8.799380983074,8.78140746996176,9.02365023917229,9.02365023917229,32
0,0,1,不使用 GP,850,1,0.958,9.536200275047486,9.515533129768626,9.611681978846045,9.611681978846045,32
0,0,3,不使用 GP,850,1,0.78,8.10389523013936,8.087617273773636,8.471399697342953,8.471399697342953,32
0,0,5,不使用 GP,850,1,0.98,9.695232909384353,9.673860916974748,9.738591101114304,9.738591101114304,32
0,1,5,三个固定 GP 表达式的均值,850,1,0.994,9.828047905047553,9.806313471989146,9.844726412950383,9.844726412950383,32
0,0,6,不使用 GP,850,1,0.818,8.47060255789569,8.453212397937616,8.763609799785874,8.763609799785874,32
0,1,6,三个固定 GP 表达式的均值,850,1,0.978,10.072005715365938,10.104607841562943,10.085860448159265,10.085860448159265,29
0,0,7,不使用 GP,850,1,0.954,10.30705683454513,10.466131210892048,10.375558173742998,10.375558173742998,32
0,2,1,三个固定 GP 表达式的均值,875,1,0.956,9.605214913505026,9.584656343493412,9.667334967154112,9.667334967154112,32
0,3,2,三个固定 GP 表达式的均值,875,1,0.984,9.719751559748062,9.698308288436856,9.758108085371934,9.758108085371934,32
0,2,4,三个固定 GP 表达式的均值,875,1,0.974,9.704844031810401,9.68331354478215,9.746087488347197,9.746087488347197,23
0,0,3,不使用 GP,875,1,0.816,8.50128150183546,8.483963402681692,8.786215023552403,8.786215023552403,32
0,0,6,不使用 GP,875,1,0.872,8.79848426337016,8.794259403291036,9.044664759305503,9.044664759305503,32
0,3,5,三个固定 GP 表达式的均值,900,2,0.914,9.227573755948201,9.20723540577796,9.364392522352082,9.364392522352082,32
0,0,0,不使用 GP,900,2,0.968,9.597415942995609,9.576399546584193,9.66043883614858,9.66043883614858,32
0,1,1,三个固定 GP 表达式的均值,900,1,0.986,9.868051866145102,9.84614844239499,9.876644696193457,9.876644696193457,29
0,0,3,不使用 GP,900,1,0.89,8.876347723542613,8.857675071147565,9.085050943225054,9.085050943225054,32
0,0,6,不使用 GP,900,1,0.9,9.36618998875826,9.388361400887385,9.511975670885274,9.511975670885274,32
0,1,6,三个固定 GP 表达式的均值,900,1,0.994,10.260154526147774,10.339212459778162,10.273983685015484,10.273983685015484,24
0,2,3,三个固定 GP 表达式的均值,975,1,0.954,9.599841905017428,9.578785553642831,9.662150226262419,9.662150226262419,32
0,3,3,三个固定 GP 表达式的均值,975,1,0.986,9.800116498432583,9.778593916144155,9.822483832707343,9.822483832707343,32
0,3,2,三个固定 GP 表达式的均值,1000,2,0.926,9.177767706434643,9.157528492235507,9.324530392381972,9.324530392381972,14
0,3,3,三个固定 GP 表达式的均值,1000,1,0.98,9.808092635249322,9.7863301922487,9.828693588048994,9.828693588048994,32
0,3,4,三个固定 GP 表达式的均值,1025,1,0.786,8.119476481985707,8.119476387416567,8.486228414614573,8.486228414614573,32
0,2,5,三个固定 GP 表达式的均值,1025,1,0.766,8.266697810493808,8.266696959229325,8.60439541995613,8.60439541995613,32
0,2,6,三个固定 GP 表达式的均值,1025,1,0.822,8.209234345923702,8.209234120467135,8.558188171395756,8.558188171395756,32
0,1,0,三个固定 GP 表达式的均值,1025,1,0.786,8.175998921544265,8.175999334171863,8.53081645266063,8.53081645266063,32
0,3,4,三个固定 GP 表达式的均值,1050,1,0.816,8.63625629969848,8.618589947314899,8.89485738923607,8.89485738923607,32
0,2,5,三个固定 GP 表达式的均值,1050,1,0.888,9.011910253135776,8.993311589333098,9.194463476572771,9.194463476572771,32
0,2,6,三个固定 GP 表达式的均值,1050,1,0.882,9.19471333224633,9.175731272974856,9.340076197297833,9.340076197297833,32
0,1,0,三个固定 GP 表达式的均值,1050,1,0.812,8.865675274864794,8.847372150723192,9.077383565551393,9.077383565551393,32
0,3,4,三个固定 GP 表达式的均值,1075,1,0.88,9.348006336098827,9.328486172297968,9.462268359705165,9.462268359705165,32
0,2,5,三个固定 GP 表达式的均值,1075,1,0.942,9.501972319536115,9.481707761171949,9.58492778521016,9.58492778521016,32
0,2,6,三个固定 GP 表达式的均值,1075,1,0.926,9.613356536775592,9.609726324179029,9.689201008221564,9.689201008221564,32
0,1,0,三个固定 GP 表达式的均值,1075,1,0.878,9.136755733217138,9.11765993405885,9.293330121599773,9.293330121599773,32
0,0,1,不使用 GP,1075,2,0.906,9.1506070259473,9.130464043106278,9.302827254698473,9.302827254698473,32
0,0,6,不使用 GP,1075,2,0.874,9.729228675983782,9.918113354052963,9.936340496888906,9.936340496888906,32
0,0,3,不使用 GP,1100,2,0.906,9.103130816447093,9.083099282333128,9.26489141395277,9.26489141395277,32
0,0,7,不使用 GP,1100,1,0.99,9.824541330618882,9.803068543312499,9.84213988200769,9.84213988200769,32
0,3,1,三个固定 GP 表达式的均值,1125,1,0.78,7.835052558293768,7.841308121625479,8.262366400342463,8.262366400342463,32
0,2,2,三个固定 GP 表达式的均值,1125,1,0.788,8.113208233806043,8.118841064285492,8.487159122525942,8.487159122525942,32
0,3,4,三个固定 GP 表达式的均值,1125,1,0.988,9.834258914591464,9.812472861450207,9.849660128641212,9.849660128641212,26
0,2,6,三个固定 GP 表达式的均值,1125,1,0.986,9.83882395908252,9.816936297279712,9.854494961595385,9.854494961595385,31
0,0,2,不使用 GP,1125,1,0.752,7.165103249887189,7.171129570392271,7.722390208931938,7.722390208931938,32
0,1,2,三个固定 GP 表达式的均值,1125,1,0.73,8.040587579912202,8.051741806278297,8.432783633098039,8.432783633098039,32
0,1,4,三个固定 GP 表达式的均值,1125,1,0.756,7.836086272119987,7.83608581978144,8.258051416051106,8.258051416051106,32
0,3,1,三个固定 GP 表达式的均值,1150,1,0.852,8.8979299689598,8.88552225877538,9.10949332148347,9.10949332148347,32
0,2,2,三个固定 GP 表达式的均值,1150,1,0.86,9.09802224862032,9.079191209554157,9.263263398995166,9.263263398995166,32
0,0,2,不使用 GP,1150,1,0.776,8.05371432885069,8.03746485523849,8.430485093923624,8.430485093923624,32
0,1,2,三个固定 GP 表达式的均值,1150,1,0.854,8.971149562178551,8.952696509940992,9.161433610159044,9.161433610159044,32
0,0,4,不使用 GP,1150,1,0.802,8.38658225773397,8.378561651031513,8.703816069870358,8.703816069870358,32
0,1,4,三个固定 GP 表达式的均值,1150,1,0.856,8.917456747631727,8.89906694645342,9.118964004350385,9.118964004350385,32
0,3,1,三个固定 GP 表达式的均值,1175,1,0.876,9.202985598129608,9.183553875284296,9.348436484464015,9.348436484464015,32
0,2,2,三个固定 GP 表达式的均值,1175,1,0.936,9.547585900331052,9.52727202005577,9.621376551099225,9.621376551099225,32
0,0,2,不使用 GP,1175,1,0.764,8.062144147365593,8.045696331813888,8.436217960275593,8.436217960275593,32
0,0,4,不使用 GP,1175,1,0.818,8.401391820685433,8.384023362609824,8.707190032223162,8.707190032223162,32
0,1,4,三个固定 GP 表达式的均值,1175,1,0.874,9.123378869389828,9.104332238744043,9.282849351062643,9.282849351062643,32
0,3,1,三个固定 GP 表达式的均值,1200,1,0.928,9.442536732602138,9.42221116645568,9.537089412577433,9.537089412577433,32
0,3,7,三个固定 GP 表达式的均值,1200,1,0.976,9.808558276752906,9.786803167386742,9.829076932486657,9.829076932486657,32
0,0,2,不使用 GP,1200,1,0.826,8.851006752187137,8.839720661526522,9.07531624380509,9.07531624380509,32
0,1,2,三个固定 GP 表达式的均值,1200,1,0.928,9.492500974874531,9.472201111772911,9.577551597451542,9.577551597451542,32
0,0,4,不使用 GP,1200,1,0.908,8.967487167288931,8.948647802230907,9.157880442988883,9.157880442988883,32
0,1,4,三个固定 GP 表达式的均值,1200,1,0.924,9.528554584070925,9.508147739737245,9.605880158646041,9.605880158646041,32
0,2,0,三个固定 GP 表达式的均值,1225,1,0.818,8.307422688795391,8.318687771173842,8.648593527955502,8.648593527955502,32
0,2,4,三个固定 GP 表达式的均值,1225,1,0.76,8.052237071060327,8.067235504109581,8.444585551635654,8.444585551635654,32
0,3,5,三个固定 GP 表达式的均值,1225,1,0.746,8.006528474014443,8.006528901470295,8.39350644536294,8.39350644536294,32
0,3,7,三个固定 GP 表达式的均值,1225,1,0.986,9.780608262012118,9.758985361305518,9.806786339927724,9.806786339927724,31
0,0,0,不使用 GP,1225,1,0.77,7.581810137290251,7.581809016078948,8.053060638225492,8.053060638225492,32
0,1,5,三个固定 GP 表达式的均值,1225,1,0.744,7.931719124986616,7.931718768491383,8.334048591418977,8.334048591418977,32
0,2,0,三个固定 GP 表达式的均值,1250,1,0.868,9.070067693640857,9.05842552421625,9.24877054394842,9.24877054394842,32
0,3,1,三个固定 GP 表达式的均值,1250,1,0.988,9.822707689230803,9.800953772395268,9.840417998348977,9.840417998348977,30
0,2,4,三个固定 GP 表达式的均值,1250,1,0.828,9.021298441741505,9.013007396022463,9.211199072359111,9.211199072359111,32
0,3,5,三个固定 GP 表达式的均值,1250,1,0.868,8.93874087567144,8.920277232826239,9.136337014889342,9.136337014889342,32
0,0,0,不使用 GP,1250,1,0.8,8.420295447152913,8.413183494942164,8.731774213556518,8.731774213556518,32
0,0,2,不使用 GP,1250,1,0.92,9.294435907854103,9.2746204590225,9.419012113474784,9.419012113474784,32
0,1,2,三个固定 GP 表达式的均值,1250,1,0.988,9.800910247150139,9.779306266014272,9.823089744783006,9.823089744783006,32
0,1,5,三个固定 GP 表达式的均值,1250,1,0.82,8.648840649902379,8.630931605652567,8.906424651380162,8.906424651380162,32
0,2,4,三个固定 GP 表达式的均值,1275,1,0.922,9.440379899673454,9.42624831074621,9.541786117857425,9.541786117857425,32
0,3,5,三个固定 GP 表达式的均值,1275,1,0.862,9.046104848394185,9.027095887384565,9.220634595217238,9.220634595217238,32
0,0,0,不使用 GP,1275,1,0.848,8.670818066999102,8.652967236176677,8.923106714661174,8.923106714661174,32
0,1,0,三个固定 GP 表达式的均值,1275,2,0.97,9.735941669673998,9.714523738930055,9.77113172497414,9.77113172497414,32
0,1,3,三个固定 GP 表达式的均值,1275,1,0.868,8.79979364639578,8.781387775951195,9.02436641540901,9.02436641540901,32
0,1,5,三个固定 GP 表达式的均值,1275,1,0.846,9.012102008280301,8.993373486622257,9.19470043499287,9.19470043499287,32
0,3,4,三个固定 GP 表达式的均值,1300,1,0.984,9.798874249573945,9.777267941129264,9.821435297704879,9.821435297704879,32
0,3,0,三个固定 GP 表达式的均值,1325,1,0.786,8.214117657221346,8.221572412981224,8.569622721057186,8.569622721057186,32
0,3,2,三个固定 GP 表达式的均值,1325,1,0.802,8.221248382791384,8.232532766958428,8.581089432801999,8.581089432801999,32
0,2,3,三个固定 GP 表达式的均值,1325,1,0.786,8.164669597706952,8.164669237202414,8.522052744333282,8.522052744333282,32
0,3,3,三个固定 GP 表达式的均值,1325,1,0.782,7.6901259194135285,7.690126403949118,8.140695869123302,8.140695869123302,32
0,1,7,三个固定 GP 表达式的均值,1325,1,0.76,7.767025430977158,7.775848380742145,8.210258018512908,8.210258018512908,32
0,3,0,三个固定 GP 表达式的均值,1350,1,0.886,9.099961690166658,9.081241332935551,9.26417870919935,9.26417870919935,32
0,3,2,三个固定 GP 表达式的均值,1350,1,0.866,9.029457397307949,9.010741557496724,9.207870683452564,9.207870683452564,32
0,2,3,三个固定 GP 表达式的均值,1350,1,0.878,8.977064992256464,8.958564776438491,9.16634332846601,9.16634332846601,32
0,3,3,三个固定 GP 表达式的均值,1350,1,0.856,8.784692056806485,8.776247503511287,9.02302464964661,9.02302464964661,32
0,3,5,三个固定 GP 表达式的均值,1350,1,0.976,9.682240185237912,9.661335217851793,9.728552654622696,9.728552654622696,32
0,3,6,三个固定 GP 表达式的均值,1350,1,0.788,8.72335041030338,8.705404282325192,8.963797131111033,8.963797131111033,32
0,1,5,三个固定 GP 表达式的均值,1350,1,0.99,9.787710718463066,9.766281575897768,9.812661287106662,9.812661287106662,31
0,1,6,三个固定 GP 表达式的均值,1350,1,0.844,8.935328548294773,8.916825088571215,9.134509704151727,9.134509704151727,32
0,1,7,三个固定 GP 表达式的均值,1350,1,0.8,8.656308617346765,8.66101803832459,8.930128699741017,8.930128699741017,32
0,3,0,三个固定 GP 表达式的均值,1375,1,0.902,9.209748206400095,9.190477472842284,9.351903581247452,9.351903581247452,32
0,3,2,三个固定 GP 表达式的均值,1375,1,0.896,9.309910426248992,9.29649335294149,9.438699384263128,9.438699384263128,32
0,2,3,三个固定 GP 表达式的均值,1375,1,0.858,9.048224801187528,9.029234355556703,9.222739102416478,9.222739102416478,32
0,3,3,三个固定 GP 表达式的均值,1375,1,0.822,8.765554214219165,8.74743736727878,8.998130089030118,8.998130089030118,32
0,3,6,三个固定 GP 表达式的均值,1375,1,0.892,9.205019044813067,9.185668316090378,9.349096358464788,9.349096358464788,32
0,1,6,三个固定 GP 表达式的均值,1375,1,0.868,9.119155899727637,9.099811520372032,9.280340171929303,9.280340171929303,32
0,1,7,三个固定 GP 表达式的均值,1375,1,0.846,9.157580333170577,9.183755456494273,9.349750988129877,9.349750988129877,32
0,2,4,三个固定 GP 表达式的均值,1400,1,0.988,9.814247769067785,9.792428233643788,9.83358218326865,9.83358218326865,26
0,2,1,三个固定 GP 表达式的均值,1425,1,0.768,8.14442320905239,8.144424463203102,8.504722075603743,8.504722075603743,32
0,3,1,三个固定 GP 表达式的均值,1425,2,0.942,9.584246391950714,9.563276784873525,9.649908873392745,9.649908873392745,32
0,2,3,三个固定 GP 表达式的均值,1425,1,0.98,9.781851383993828,9.760126477015218,9.80771189705976,9.80771189705976,28
0,3,3,三个固定 GP 表达式的均值,1425,1,0.956,9.624429829614039,9.603535107445394,9.682229220579151,9.682229220579151,32
0,3,6,三个固定 GP 表达式的均值,1425,1,0.966,9.911687654304352,9.945541675256418,9.95742754573336,9.95742754573336,32
0,2,7,三个固定 GP 表达式的均值,1425,1,0.838,8.154862775438945,8.154863918801437,8.515546052815404,8.515546052815404,32
0,0,1,不使用 GP,1425,1,0.702,6.861863667680641,6.861863815857611,7.472226023084782,7.472226023084782,32
0,0,5,不使用 GP,1425,1,0.744,7.42525666337146,7.4252583057173345,7.927909624203664,7.927909624203664,32
0,0,6,不使用 GP,1425,1,0.762,7.602329671394513,7.616286791703729,8.08412548034893,8.08412548034893,32
0,1,6,三个固定 GP 表达式的均值,1425,1,0.99,9.788397110398348,9.766839843104446,9.815110504375738,9.815110504375738,32
0,0,7,不使用 GP,1425,1,0.74,7.585792214698606,7.585791123713768,8.0577491790118,8.0577491790118,32
0,1,7,三个固定 GP 表达式的均值,1425,1,0.918,9.848767433443546,9.912148196617986,9.931658881333991,9.931658881333991,32
0,2,1,三个固定 GP 表达式的均值,1450,1,0.876,9.046082507106247,9.027519770636646,9.221126339843243,9.221126339843243,32
0,3,6,三个固定 GP 表达式的均值,1450,1,0.994,9.798701896423632,9.776937254701217,9.823289348541696,9.823289348541696,32
0,2,7,三个固定 GP 表达式的均值,1450,1,0.9,9.220328038310353,9.229691011541627,9.385552882511858,9.385552882511858,32
0,0,1,不使用 GP,1450,1,0.788,8.248659693579992,8.232000634508852,8.585866447481168,8.585866447481168,32
0,0,3,不使用 GP,1450,1,0.802,8.197543009287172,8.18097603961235,8.544252541541175,8.544252541541175,32
0,0,5,不使用 GP,1450,1,0.778,8.077886301846384,8.06159613990257,8.448732365514152,8.448732365514152,32
0,0,6,不使用 GP,1450,1,0.78,7.944652307380571,7.928553009642018,8.34375845866388,8.34375845866388,32
0,0,7,不使用 GP,1450,1,0.802,8.151883595230068,8.148613644242817,8.523497791904777,8.523497791904777,32
0,1,7,三个固定 GP 表达式的均值,1450,1,0.992,10.157854439640689,10.2390698251121,10.19355543499506,10.19355543499506,32
0,2,1,三个固定 GP 表达式的均值,1475,1,0.984,9.740447484833362,9.719185283178486,9.77489657831865,9.77489657831865,32
0,2,7,三个固定 GP 表达式的均值,1475,1,0.902,9.307699140592732,9.335121657571877,9.469722029054946,9.469722029054946,32
0,0,1,不使用 GP,1475,1,0.824,8.322682424052559,8.305655941389332,8.643784103460137,8.643784103460137,32
0,0,2,不使用 GP,1475,1,0.968,9.68107453517674,9.659659835822435,9.727100734440764,9.727100734440764,32
0,0,3,不使用 GP,1475,1,0.792,8.35775827128689,8.340556944207036,8.671227287826401,8.671227287826401,32
0,0,5,不使用 GP,1475,1,0.826,8.190728765147913,8.174107477145242,8.538497107941815,8.538497107941815,32
0,0,6,不使用 GP,1475,1,0.814,8.566095831509797,8.583391217727597,8.86826984668532,8.86826984668532,32
0,0,7,不使用 GP,1475,1,0.768,8.039047977721868,8.022791087344535,8.418365043353743,8.418365043353743,32
0,3,3,三个固定 GP 表达式的均值,1500,1,0.972,9.754704731358743,9.733052806087855,9.785978258206391,9.785978258206391,30
0,2,7,三个固定 GP 表达式的均值,1500,1,0.992,9.78234028013023,9.76122406180287,9.810221528781339,9.810221528781339,32
0,0,1,不使用 GP,1500,1,0.844,8.810340344079112,8.791973396331262,9.032154541463946,9.032154541463946,32
0,0,3,不使用 GP,1500,1,0.824,8.785492759249426,8.767256611720931,9.012608477062098,9.012608477062098,32
0,0,5,不使用 GP,1500,1,0.84,8.878391990520202,8.871196729377909,9.098376737639583,9.098376737639583,32
0,0,6,不使用 GP,1500,1,0.812,8.867250212268475,8.848723424285318,9.077948263648638,9.077948263648638,32
0,1,6,三个固定 GP 表达式的均值,1500,1,0.982,9.774523455420534,9.752754028939378,9.803287541174564,9.803287541174564,32
0,0,7,不使用 GP,1500,1,0.818,8.620284779331307,8.612703029143367,8.893200492379954,8.893200492379954,32
0,3,5,三个固定 GP 表达式的均值,1525,2,0.864,9.190637914179858,9.170494811324925,9.335027940465144,9.335027940465144,32
0,3,7,三个固定 GP 表达式的均值,1525,1,0.718,7.619539218943484,7.633103220279548,8.095177193532795,8.095177193532795,32
0,3,7,三个固定 GP 表达式的均值,1550,1,0.81,8.76169540403567,8.76903324261649,9.017550080943444,9.017550080943444,32
0,0,1,不使用 GP,1550,1,0.956,9.595087089159236,9.574488014605615,9.65901320145408,9.65901320145408,32
0,1,1,三个固定 GP 表达式的均值,1550,1,0.872,9.083834146473846,9.065285717668806,9.252515641096133,9.252515641096133,32
0,0,3,不使用 GP,1550,1,0.91,9.396026838946623,9.375909566915608,9.500080212016783,9.500080212016783,32
0,0,5,不使用 GP,1550,1,0.894,9.167560699922063,9.155176697052761,9.326944689178513,9.326944689178513,32
0,0,6,不使用 GP,1550,1,0.914,9.292184533901931,9.281178608388448,9.426075752301127,9.426075752301127,32
0,0,7,不使用 GP,1550,1,0.9,9.47021621875354,9.487912762082068,9.593651718398304,9.593651718398304,32
0,3,7,三个固定 GP 表达式的均值,1575,1,0.844,9.080272231001373,9.100369693450183,9.282125389377306,9.282125389377306,32
0,1,1,三个固定 GP 表达式的均值,1575,1,0.952,9.569838821006755,9.549356681382038,9.63903426031266,9.63903426031266,32
0,0,5,不使用 GP,1600,1,0.992,9.823273538694501,9.801463512872166,9.84083258714577,9.84083258714577,26
0,0,6,不使用 GP,1600,1,0.954,9.628882922677231,9.607811880888033,9.685629530821101,9.685629530821101,32
0,0,7,不使用 GP,1600,1,0.918,9.29302438343011,9.273258474872303,9.419865777316696,9.419865777316696,32
0,3,3,三个固定 GP 表达式的均值,1625,2,0.872,9.405284540895675,9.384704516013594,9.50674189748685,9.50674189748685,32
0,3,4,三个固定 GP 表达式的均值,1625,1,0.776,8.02160245379095,8.027257224937122,8.412232446069067,8.412232446069067,32
0,1,0,三个固定 GP 表达式的均值,1625,1,0.786,8.169039720542743,8.169040376005752,8.526715645409562,8.526715645409562,32
0,3,4,三个固定 GP 表达式的均值,1650,1,0.878,9.110981037249521,9.110705551526555,9.291307443272038,9.291307443272038,32
0,3,7,三个固定 GP 表达式的均值,1650,1,0.96,9.721944213731714,9.70085156384111,9.762353462647138,9.762353462647138,32
0,1,0,三个固定 GP 表达式的均值,1650,1,0.866,9.099355250039833,9.086803437850586,9.270929300341734,9.270929300341734,32
0,0,7,不使用 GP,1650,1,0.976,10.503901781349349,10.673834017162022,10.542055636418002,10.542055636418002,32
0,3,4,三个固定 GP 表达式的均值,1675,1,0.916,9.073610947480294,9.054527312028915,9.242630153094026,9.242630153094026,32
0,1,0,三个固定 GP 表达式的均值,1675,1,0.918,9.282215993752288,9.271191461415727,9.418134454092495,9.418134454092495,32
0,0,7,不使用 GP,1675,1,0.97,10.660225027588186,10.853548642774973,10.686230725541495,10.686230725541495,32
0,3,1,三个固定 GP 表达式的均值,1725,1,0.778,8.210393515725178,8.210393396043033,8.558649963869296,8.558649963869296,32
0,2,2,三个固定 GP 表达式的均值,1725,1,0.826,8.237469309425919,8.2374697166617,8.582101257433173,8.582101257433173,32
0,2,5,三个固定 GP 表达式的均值,1725,1,0.782,8.122934123050072,8.122933287251644,8.488690178889017,8.488690178889017,32
0,1,0,三个固定 GP 表达式的均值,1725,1,0.95,9.841791565831548,9.851366549038914,9.883909427422914,9.883909427422914,32
0,0,1,不使用 GP,1725,1,0.986,9.783656323696468,9.76229660145219,9.809424804480162,9.809424804480162,24
0,1,2,三个固定 GP 表达式的均值,1725,1,0.784,8.082463313303183,8.0824638429462,8.456809671891723,8.456809671891723,32
0,0,4,不使用 GP,1725,1,0.736,7.407115103489888,7.413122262085359,7.9200636038312915,7.9200636038312915,32
0,1,4,三个固定 GP 表达式的均值,1725,1,0.75,8.090353433378423,8.095919929306532,8.468195667620119,8.468195667620119,32
0,3,1,三个固定 GP 表达式的均值,1750,1,0.822,8.832114607127707,8.8139220043143,9.04996909134163,9.04996909134163,32
0,2,2,三个固定 GP 表达式的均值,1750,1,0.828,8.854192892593817,8.835786611167583,9.06748897105957,9.06748897105957,32
0,2,5,三个固定 GP 表达式的均值,1750,1,0.878,9.090525935311613,9.07167111477016,9.257278008380311,9.257278008380311,32
0,0,4,不使用 GP,1750,1,0.81,8.068968076611178,8.052693639226234,8.443199351766143,8.443199351766143,32
0,1,4,三个固定 GP 表达式的均值,1750,1,0.808,8.574513925052418,8.557012538205445,8.84443424044404,8.84443424044404,32
0,3,1,三个固定 GP 表达式的均值,1775,1,0.87,8.972685001897059,8.953850192138631,9.162026432918452,9.162026432918452,32
0,2,2,三个固定 GP 表达式的均值,1775,1,0.918,9.210619190940383,9.191314860163047,9.352397093911586,9.352397093911586,32
0,1,2,三个固定 GP 表达式的均值,1775,1,0.902,9.250771609186792,9.231272435107561,9.384551254552074,9.384551254552074,32
0,0,4,不使用 GP,1775,1,0.818,8.247097728642936,8.230259313882417,8.585946022120766,8.585946022120766,32
0,1,4,三个固定 GP 表达式的均值,1775,1,0.88,9.09578056227974,9.07685995527713,9.260468921269819,9.260468921269819,32
0,0,6,不使用 GP,1775,1,0.982,9.82927048223863,9.807387644300746,9.847561011293566,9.847561011293566,32
0,3,1,三个固定 GP 表达式的均值,1800,1,0.892,9.277900384064399,9.258184076484774,9.405718228875022,9.405718228875022,32
0,2,2,三个固定 GP 表达式的均值,1800,1,0.962,9.63982048111703,9.61892779956698,9.694601135487533,9.694601135487533,32
0,1,2,三个固定 GP 表达式的均值,1800,1,0.948,9.612939233682537,9.592285216750453,9.673389987559963,9.673389987559963,32
0,1,4,三个固定 GP 表达式的均值,1800,1,0.906,9.459864747989606,9.439562975135548,9.551209086199979,9.551209086199979,32
0,2,0,三个固定 GP 表达式的均值,1825,1,0.814,8.378921321023215,8.378923266916773,8.69536893017864,8.69536893017864,32
0,3,2,三个固定 GP 表达式的均值,1825,1,0.742,7.9890844756575445,7.989085338738858,8.381224778292205,8.381224778292205,32
0,2,4,三个固定 GP 表达式的均值,1825,1,0.796,7.932007512882549,7.932007664192793,8.334041310160647,8.334041310160647,32
0,3,5,三个固定 GP 表达式的均值,1825,1,0.728,7.919104495078369,7.930421740422124,8.336952345002027,8.336952345002027,32
0,2,6,三个固定 GP 表达式的均值,1825,1,0.782,8.382280689864862,8.405038295393675,8.720865277114346,8.720865277114346,32
0,0,0,不使用 GP,1825,1,0.746,7.148841507661781,7.1488408139979684,7.703924086374708,7.703924086374708,32
0,1,3,三个固定 GP 表达式的均值,1825,1,0.77,8.203674475695687,8.223055912602149,8.572505608825411,8.572505608825411,32
0,1,5,三个固定 GP 表达式的均值,1825,1,0.786,8.018456485984352,8.018455801467358,8.403350468419623,8.403350468419623,32
0,0,7,不使用 GP,1825,2,0.822,8.772397232586856,8.753214980607918,9.000909765245432,9.000909765245432,32
0,2,0,三个固定 GP 表达式的均值,1850,1,0.856,8.947991816349363,8.929564007521968,9.14337431932013,9.14337431932013,32
0,3,1,三个固定 GP 表达式的均值,1850,1,0.982,9.70736128938998,9.685985013303487,9.748303863959073,9.748303863959073,32
0,3,2,三个固定 GP 表达式的均值,1850,1,0.788,8.467501650114905,8.450276385268081,8.759711610233644,8.759711610233644,32
0,2,4,三个固定 GP 表达式的均值,1850,1,0.918,9.338631891131781,9.319240753596533,9.454903017514404,9.454903017514404,32
0,3,5,三个固定 GP 表达式的均值,1850,1,0.814,8.588930076485191,8.571485892840274,8.85703957060931,8.85703957060931,32
0,2,6,三个固定 GP 表达式的均值,1850,1,0.84,9.082668311284863,9.07276223374576,9.2599409283641,9.2599409283641,32
0,0,0,不使用 GP,1850,1,0.876,8.44423331271774,8.43317593753833,8.748129231602649,8.748129231602649,32
0,0,2,不使用 GP,1850,1,0.816,8.117911576246417,8.101586808236469,8.481136306452674,8.481136306452674,32
0,1,3,三个固定 GP 表达式的均值,1850,1,0.898,9.046520679011346,9.033574784158894,9.227370357893555,9.227370357893555,32
0,1,4,三个固定 GP 表达式的均值,1850,1,0.98,9.786720223324913,9.76490302931822,9.811516920723228,9.811516920723228,32
0,1,5,三个固定 GP 表达式的均值,1850,1,0.878,9.026079701290296,9.00757589211364,9.207264722687109,9.207264722687109,32
0,2,0,三个固定 GP 表达式的均值,1875,1,0.914,9.4087177069301,9.388844900835343,9.510489352068639,9.510489352068639,32
0,3,2,三个固定 GP 表达式的均值,1875,1,0.846,8.839340984636305,8.821077944500733,9.056256075942862,9.056256075942862,32
0,2,4,三个固定 GP 表达式的均值,1875,1,0.928,9.481435155999272,9.461027949011697,9.568052470098694,9.568052470098694,32
0,2,6,三个固定 GP 表达式的均值,1875,1,0.804,8.899493941400312,8.88078167921817,9.104733444859892,9.104733444859892,32
0,0,0,不使用 GP,1875,1,0.82,8.463430946191655,8.445892929516706,8.75610164035422,8.75610164035422,32
0,0,2,不使用 GP,1875,1,0.814,8.368651072111808,8.351501209668783,8.679923127230918,8.679923127230918,32
0,1,3,三个固定 GP 表达式的均值,1875,1,0.864,9.234621013013744,9.215081701193537,9.371446261741362,9.371446261741362,32
0,1,5,三个固定 GP 表达式的均值,1875,1,0.864,9.220194079740626,9.200938837466877,9.360404148305179,9.360404148305179,32
0,3,0,三个固定 GP 表达式的均值,1925,1,0.786,8.091327272024158,8.091325771571956,8.462792772502016,8.462792772502016,32
0,2,3,三个固定 GP 表达式的均值,1925,1,0.792,8.199140924650477,8.205522083510958,8.55559983592425,8.55559983592425,32
0,3,3,三个固定 GP 表达式的均值,1925,1,0.778,8.074750874609665,8.080363109189989,8.457659900700826,8.457659900700826,32
0,3,4,三个固定 GP 表达式的均值,1925,2,0.934,9.253740900011396,9.23328523361222,9.385437065650601,9.385437065650601,15
0,3,0,三个固定 GP 表达式的均值,1950,1,0.852,8.802004802065747,8.784057107542868,9.026633463208356,9.026633463208356,32
0,2,2,三个固定 GP 表达式的均值,1950,1,0.99,9.828224300060986,9.806370596250458,9.844766592391144,9.844766592391144,11
0,2,3,三个固定 GP 表达式的均值,1950,1,0.86,8.870277445298974,8.852141881867386,9.081700547323416,9.081700547323416,32
0,3,3,三个固定 GP 表达式的均值,1950,1,0.848,8.920963863006568,8.902490889976708,9.12175276433177,9.12175276433177,32
0,0,0,不使用 GP,1950,1,0.954,9.585212288736905,9.564291945055691,9.65087867845162,9.65087867845162,32
0,0,2,不使用 GP,1950,1,0.922,9.441518502084625,9.429386809117132,9.5448593149663,9.5448593149663,32
0,1,3,三个固定 GP 表达式的均值,1950,1,0.976,9.737601320513145,9.716110324528858,9.772412631700233,9.772412631700233,31
0,3,0,三个固定 GP 表达式的均值,1975,1,0.84,8.758711824655526,8.740560013246842,8.991136564690004,8.991136564690004,32
0,2,3,三个固定 GP 表达式的均值,1975,1,0.886,9.354754489495747,9.335020668756378,9.467224131957837,9.467224131957837,32
0,3,3,三个固定 GP 表达式的均值,1975,1,0.868,8.978911890989755,8.960131234291753,9.167659365949083,9.167659365949083,32
0,3,1,三个固定 GP 表达式的均值,2000,2,0.9,9.312124455739424,9.291633436588047,9.432281077454872,9.432281077454872,32
0,0,2,不使用 GP,2000,1,0.98,9.699805730778355,9.678223026555305,9.742028762049285,9.742028762049285,31
0,1,4,三个固定 GP 表达式的均值,2000,2,0.86,9.377596496652698,9.357008350775875,9.484612182673509,9.484612182673509,32
0,3,0,三个固定 GP 表达式的均值,2025,1,0.984,9.663804523272594,9.642832687494746,9.714939679329632,9.714939679329632,32
0,3,6,三个固定 GP 表达式的均值,2025,1,0.734,8.104699566338052,8.11723385847564,8.488156969041837,8.488156969041837,32
0,2,7,三个固定 GP 表达式的均值,2025,1,0.756,7.8556555906743615,7.874909597004836,8.291065814851413,8.291065814851413,32
0,0,1,不使用 GP,2025,1,0.776,7.371879599443339,7.371878454630767,7.8843564964647666,7.8843564964647666,32
0,0,5,不使用 GP,2025,1,0.764,7.361941008610044,7.361942345953934,7.878031256156999,7.878031256156999,32
0,1,6,三个固定 GP 表达式的均值,2025,1,0.756,8.158348870355526,8.171138547671859,8.527734255884805,8.527734255884805,32
0,1,7,三个固定 GP 表达式的均值,2025,1,0.752,7.895698232774306,7.895696946444156,8.307620555592633,8.307620555592633,32
0,2,1,三个固定 GP 表达式的均值,2050,1,0.886,9.154999067631946,9.135942063595694,9.307899491186955,9.307899491186955,32
0,2,7,三个固定 GP 表达式的均值,2050,1,0.862,8.82396248803177,8.805877385441018,9.046310085264345,9.046310085264345,32
0,0,1,不使用 GP,2050,1,0.804,8.1461618270277,8.129764646507969,8.502241098599375,8.502241098599375,32
0,0,5,不使用 GP,2050,1,0.78,8.256517889789206,8.247037870530727,8.599784638028838,8.599784638028838,32
0,1,6,三个固定 GP 表达式的均值,2050,1,0.854,8.916951648436832,8.915917446378524,9.13513703731831,9.13513703731831,32
0,1,7,三个固定 GP 表达式的均值,2050,1,0.814,8.74564860185232,8.748077499232759,8.999213259247892,8.999213259247892,32
0,2,1,三个固定 GP 表达式的均值,2075,1,0.904,9.327638208899566,9.307815427184114,9.445783106905742,9.445783106905742,32
0,3,6,三个固定 GP 表达式的均值,2075,1,0.86,8.938165875777251,8.919460470338958,9.136589170895258,9.136589170895258,32
0,2,7,三个固定 GP 表达式的均值,2075,1,0.892,9.250366881061689,9.23094434620463,9.385875959246297,9.385875959246297,32
0,0,1,不使用 GP,2075,1,0.76,8.29450946554176,8.277635723433342,8.62194212780448,8.62194212780448,32
0,0,5,不使用 GP,2075,1,0.808,8.24991709803151,8.233172923125256,8.588224486165208,8.588224486165208,32
0,1,6,三个固定 GP 表达式的均值,2075,1,0.874,9.244278454149047,9.224882157984695,9.380920459824319,9.380920459824319,32
0,1,7,三个固定 GP 表达式的均值,2075,1,0.85,9.206567863971243,9.23053409319718,9.386249292998441,9.386249292998441,32
0,3,0,三个固定 GP 表达式的均值,2100,1,0.99,9.838517052945418,9.816675245194542,9.85302226013537,9.85302226013537,31
0,3,6,三个固定 GP 表达式的均值,2100,1,0.902,9.560520540719928,9.572505468787279,9.65870059691242,9.65870059691242,32
0,0,1,不使用 GP,2100,1,0.856,8.851419967059005,8.83306344561342,9.065305557012396,9.065305557012396,32
0,1,3,三个固定 GP 表达式的均值,2100,2,0.89,9.405103762913111,9.384392516512657,9.5065031109939,9.5065031109939,32
0,0,5,不使用 GP,2100,1,0.814,8.517816446412274,8.500184180777588,8.799003568057133,8.799003568057133,32
0,1,6,三个固定 GP 表达式的均值,2100,1,0.926,9.436927925736617,9.416721180054587,9.533907399550118,9.533907399550118,32
0,1,7,三个固定 GP 表达式的均值,2100,1,0.862,9.056709160330708,9.037479310678952,9.230789401659122,9.230789401659122,32
0,0,6,不使用 GP,2125,1,0.726,7.422051232069549,7.422052041147744,7.925335502807208,7.925335502807208,32
0,2,1,三个固定 GP 表达式的均值,2150,1,0.98,9.803179847310174,9.78139036420753,9.824735166035303,9.824735166035303,22
0,3,6,三个固定 GP 表达式的均值,2150,1,0.994,9.741865060739283,9.720342180937667,9.77691231540684,9.77691231540684,32
0,0,3,不使用 GP,2150,1,0.84,8.276587859789274,8.259991319775011,8.607102911379368,8.607102911379368,32
0,0,5,不使用 GP,2150,1,0.892,9.11626565511561,9.096987424190935,9.276760719023493,9.276760719023493,32
0,0,6,不使用 GP,2150,1,0.82,8.295942246368986,8.279158496274755,8.623696589200902,8.623696589200902,32
0,1,6,三个固定 GP 表达式的均值,2150,1,0.986,9.803646492752007,9.781807534576185,9.825088956640665,9.825088956640665,31
0,1,7,三个固定 GP 表达式的均值,2150,1,0.9,10.070060401016978,10.164758433520815,10.134066377316344,10.134066377316344,32
0,0,3,不使用 GP,2175,1,0.822,8.450105083376219,8.442815958292949,8.754765360964969,8.754765360964969,32
0,0,6,不使用 GP,2175,1,0.852,8.717861173262502,8.69991202804964,8.960150650540179,8.960150650540179,32
0,3,3,三个固定 GP 表达式的均值,2200,2,0.908,9.488788566373774,9.46790346211559,9.573443307892889,9.573443307892889,32
0,3,4,三个固定 GP 表达式的均值,2225,1,0.784,8.214658158315649,8.214657948913256,8.566405259535832,8.566405259535832,32
0,3,7,三个固定 GP 表达式的均值,2225,1,0.784,8.07376908085384,8.073769717200655,8.449514100941073,8.449514100941073,32
0,1,0,三个固定 GP 表达式的均值,2225,1,0.752,8.155467335518479,8.155466973297342,8.513950121070085,8.513950121070085,32
0,1,2,三个固定 GP 表达式的均值,2225,1,0.72,7.761469243114076,7.7614695061318555,8.19691131803608,8.19691131803608,32
0,0,7,不使用 GP,2225,1,0.728,7.301863274936005,7.312630049471841,7.837224583514975,7.837224583514975,32
0,3,4,三个固定 GP 表达式的均值,2250,1,0.81,8.77823939921923,8.76029641823224,9.007199013651404,9.007199013651404,32
0,3,7,三个固定 GP 表达式的均值,2250,1,0.814,8.676223726743428,8.658601759220636,8.927056211171626,8.927056211171626,32
0,1,0,三个固定 GP 表达式的均值,2250,1,0.862,8.966168444867327,8.947638427168435,9.157220750274636,9.157220750274636,32
0,1,2,三个固定 GP 表达式的均值,2250,1,0.786,8.793941929562527,8.77599284839067,9.01991063259365,9.01991063259365,32
0,0,3,不使用 GP,2250,1,0.906,9.231848051935405,9.21211474545133,9.368648823710592,9.368648823710592,32
0,0,7,不使用 GP,2250,1,0.788,8.124803721567135,8.11476863949706,8.494991146209788,8.494991146209788,32
0,1,7,三个固定 GP 表达式的均值,2250,1,0.992,10.73759999037602,10.92831619501381,10.746284757387869,10.746284757387869,30
0,3,0,三个固定 GP 表达式的均值,2275,1,0.982,9.846348358803963,9.82485957387749,9.859584917109396,9.859584917109396,32
0,3,4,三个固定 GP 表达式的均值,2275,1,0.894,9.224105882509676,9.204788988483076,9.36336337746115,9.36336337746115,32
0,2,7,三个固定 GP 表达式的均值,2275,1,0.986,9.798804776977118,9.776995715092362,9.821202070928786,9.821202070928786,30
0,3,7,三个固定 GP 表达式的均值,2275,1,0.86,8.949243671419376,8.938289625660762,9.15227982340241,9.15227982340241,32
0,1,0,三个固定 GP 表达式的均值,2275,1,0.882,9.02879093260536,9.009836174895089,9.207157489193772,9.207157489193772,32
0,1,2,三个固定 GP 表达式的均值,2275,1,0.936,9.425490732541773,9.405649268582223,9.524220802416139,9.524220802416139,32
0,0,7,不使用 GP,2275,1,0.776,8.405318217103085,8.428005760027467,8.743877149418028,8.743877149418028,32
0,2,6,三个固定 GP 表达式的均值,2300,1,0.984,9.792632293692476,9.77088064512083,9.817842487899446,9.817842487899446,20
0,2,5,三个固定 GP 表达式的均值,2325,1,0.804,8.284304147317679,8.291061761831344,8.625582441481539,8.625582441481539,32
0,3,7,三个固定 GP 表达式的均值,2325,1,0.918,9.71870594544291,9.768048104432523,9.816265514836246,9.816265514836246,32
0,1,0,三个固定 GP 表达式的均值,2325,1,0.98,9.803006419594027,9.781615821888431,9.824966521995417,9.824966521995417,32
0,1,1,三个固定 GP 表达式的均值,2325,1,0.768,7.905307478115103,7.905308868125493,8.312598549578556,8.312598549578556,32
0,0,4,不使用 GP,2325,1,0.79,7.648926743899302,7.648927382440068,8.107489213061639,8.107489213061639,32
0,0,5,不使用 GP,2325,2,0.91,9.283008627173258,9.262626911555186,9.408846393428446,9.408846393428446,32
0,0,7,不使用 GP,2325,1,0.842,9.072903622893087,9.134891215155358,9.30932200729544,9.30932200729544,32
0,2,2,三个固定 GP 表达式的均值,2350,1,0.924,9.383806131925455,9.364115600458604,9.49081587977725,9.49081587977725,32
0,3,4,三个固定 GP 表达式的均值,2350,1,0.972,9.719951875192692,9.698324876802419,9.758123813052414,9.758123813052414,28
0,2,5,三个固定 GP 表达式的均值,2350,1,0.89,9.117334427680754,9.098609115227934,9.27842400535352,9.27842400535352,32
0,3,7,三个固定 GP 表达式的均值,2350,1,0.968,10.156663611692501,10.22902023189139,10.185541776550071,10.185541776550071,32
0,1,0,三个固定 GP 表达式的均值,2350,1,0.98,9.849325451428264,9.827355650352931,9.8615877916683,9.8615877916683,27
0,1,1,三个固定 GP 表达式的均值,2350,1,0.87,8.908333400609246,8.88994824082193,9.11133032971015,9.11133032971015,32
0,1,2,三个固定 GP 表达式的均值,2350,1,0.988,9.835943962060764,9.814039082074949,9.850905118115234,9.850905118115234,21
0,0,4,不使用 GP,2350,1,0.802,8.22873399594934,8.212021048273327,8.571008008983087,8.571008008983087,32
0,0,7,不使用 GP,2350,1,0.87,9.753350996395307,9.835438093731696,9.870131989998907,9.870131989998907,32
0,2,2,三个固定 GP 表达式的均值,2375,1,0.988,9.76249662242298,9.741071727253813,9.792431631616395,9.792431631616395,27
0,2,5,三个固定 GP 表达式的均值,2375,1,0.948,9.531348056017352,9.51116440224776,9.608364700987071,9.608364700987071,32
0,1,1,三个固定 GP 表达式的均值,2375,1,0.922,9.377074600084123,9.35742953785413,9.485422432326834,9.485422432326834,32
0,0,4,不使用 GP,2375,1,0.852,8.611925796410059,8.59413069197254,8.874338272206034,8.874338272206034,32
0,3,7,三个固定 GP 表达式的均值,2400,1,0.994,10.430889486068732,10.551803498170521,10.444408043640863,10.444408043640863,20
0,1,1,三个固定 GP 表达式的均值,2400,1,0.986,9.808500775083113,9.786922756060735,9.829179482222855,9.829179482222855,29
0,0,7,不使用 GP,2400,1,0.976,10.326507763536691,10.451233984175467,10.363626931797913,10.363626931797913,32
0,1,7,三个固定 GP 表达式的均值,2400,2,0.894,9.377148934342221,9.356645570837976,9.484280849061191,9.484280849061191,32
0,2,0,三个固定 GP 表达式的均值,2425,1,0.818,8.1459569073927,8.145958420317054,8.50738472483648,8.50738472483648,32
0,3,2,三个固定 GP 表达式的均值,2425,1,0.78,7.777277627431004,7.782935722445,8.216368491545536,8.216368491545536,32
0,2,4,三个固定 GP 表达式的均值,2425,1,0.812,8.052042668000997,8.057693490785226,8.437086900968337,8.437086900968337,32
0,3,5,三个固定 GP 表达式的均值,2425,1,0.728,7.751779287191312,7.751779560057917,8.18870850400504,8.18870850400504,32
0,0,0,不使用 GP,2425,1,0.74,7.61859991604831,7.624608513101267,8.088533394555377,8.088533394555377,32
0,0,1,不使用 GP,2425,1,0.994,9.82700527544448,9.805205562470285,9.843822271645266,9.843822271645266,31
0,0,2,不使用 GP,2425,1,0.754,7.298596397857009,7.298596903549888,7.824914550842966,7.824914550842966,32
0,1,3,三个固定 GP 表达式的均值,2425,1,0.79,8.137485510634198,8.137486283368741,8.499514886667892,8.499514886667892,32
0,1,5,三个固定 GP 表达式的均值,2425,1,0.758,7.975785709098487,7.986908018919251,8.383127159780512,8.383127159780512,32
0,2,0,三个固定 GP 表达式的均值,2450,1,0.832,8.912487101625372,8.894038896676811,9.11452100004665,9.11452100004665,32
0,3,2,三个固定 GP 表达式的均值,2450,1,0.792,8.661226708491197,8.643291435090633,8.913576686637848,8.913576686637848,32
0,3,5,三个固定 GP 表达式的均值,2450,1,0.828,8.660270249937332,8.642681955196185,8.914127778950327,8.914127778950327,32
0,0,0,不使用 GP,2450,1,0.82,8.145298586209428,8.134944211045514,8.510810375705878,8.510810375705878,32
0,1,3,三个固定 GP 表达式的均值,2450,1,0.856,8.91246113961672,8.894147862760152,9.114461796314115,9.114461796314115,32
0,1,5,三个固定 GP 表达式的均值,2450,1,0.798,8.720277586545613,8.702517851133797,8.961537577249292,8.961537577249292,32
0,0,7,不使用 GP,2450,1,0.964,9.882309483211602,9.86029012393867,9.889970522859903,9.889970522859903,32
0,2,0,三个固定 GP 表达式的均值,2475,1,0.982,9.647136531043648,9.626807752176987,9.701078610939804,9.701078610939804,32
0,2,4,三个固定 GP 表达式的均值,2475,1,0.948,9.387376857037337,9.367482637189307,9.493373810345412,9.493373810345412,32
0,3,5,三个固定 GP 表达式的均值,2475,1,0.832,8.808396022002647,8.79022703742662,9.032257122840772,9.032257122840772,32
0,0,0,不使用 GP,2475,1,0.842,8.319305674389685,8.302312576739787,8.641939230101645,8.641939230101645,32
0,0,2,不使用 GP,2475,1,0.852,8.615064002233506,8.597302919046289,8.876894033805867,8.876894033805867,32
0,0,3,不使用 GP,2475,2,0.892,8.841309949243174,8.821857582404496,9.055851785937039,9.055851785937039,15
0,1,3,三个固定 GP 表达式的均值,2475,1,0.87,9.290829016687598,9.27880592504954,9.425386192435422,9.425386192435422,32
0,1,5,三个固定 GP 表达式的均值,2475,1,0.896,9.254008897897943,9.234840026610012,9.387497091149374,9.387497091149374,32
0,0,7,不使用 GP,2475,1,0.99,9.864908482764617,9.842935849297008,9.874082220960963,9.874082220960963,30
0,3,4,三个固定 GP 表达式的均值,2500,2,0.872,9.148968735991497,9.12883331660505,9.301868038164095,9.301868038164095,32
0,3,1,三个固定 GP 表达式的均值,2550,1,0.888,9.119757548179114,9.100961847917244,9.28095321807219,9.28095321807219,32
0,3,3,三个固定 GP 表达式的均值,2550,1,0.838,8.758879853715328,8.740972751848204,8.991625613117556,8.991625613117556,32
0,0,0,不使用 GP,2550,1,0.972,9.61203252173146,9.591100108108739,9.672316006390801,9.672316006390801,32
0,3,1,三个固定 GP 表达式的均值,2575,1,0.928,9.406532653471247,9.386584785695428,9.508688320756763,9.508688320756763,32
0,2,3,三个固定 GP 表达式的均值,2575,1,0.946,9.557737873825031,9.537653148936952,9.629779143813211,9.629779143813211,32
0,3,3,三个固定 GP 表达式的均值,2575,1,0.85,9.107274648908538,9.095790268961332,9.27726945720001,9.27726945720001,32
0,1,0,三个固定 GP 表达式的均值,2575,2,0.854,8.692685969951848,8.673615831065817,8.937180883265,8.937180883265,32
0,1,3,三个固定 GP 表达式的均值,2600,1,0.992,9.83838913303699,9.816404877420979,9.852809780732112,9.852809780732112,24
0,0,7,不使用 GP,2600,2,0.942,9.700206407721753,9.678853718873993,9.74254466571241,9.74254466571241,32
0,2,1,三个固定 GP 表达式的均值,2625,1,0.762,7.862367749038996,7.862368966208436,8.276738336837404,8.276738336837404,32
0,3,1,三个固定 GP 表达式的均值,2625,1,0.986,9.795445173929158,9.773733515743295,9.818595634011784,9.818595634011784,32
0,1,4,三个固定 GP 表达式的均值,2625,1,0.786,8.143376554195354,8.148952237803417,8.512132504758055,8.512132504758055,32
0,0,5,不使用 GP,2625,1,0.74,7.216037298004396,7.216038676387295,7.758105519219285,7.758105519219285,32
0,3,0,三个固定 GP 表达式的均值,2650,1,0.83,8.825720967355906,8.807634024661091,9.046192120412968,9.046192120412968,32
0,2,1,三个固定 GP 表达式的均值,2650,1,0.844,9.023839045153727,9.00525101022753,9.20349757588899,9.20349757588899,32
0,3,1,三个固定 GP 表达式的均值,2650,1,0.984,9.773176680698942,9.75148275950035,9.800768193050116,9.800768193050116,32
0,3,3,三个固定 GP 表达式的均值,2650,1,0.966,9.75495664115361,9.73330017348939,9.78624286029706,9.78624286029706,28
0,0,5,不使用 GP,2650,1,0.804,8.22387775883361,8.207229294689071,8.564748407207931,8.564748407207931,32
0,3,0,三个固定 GP 表达式的均值,2675,1,0.888,9.171435083333423,9.152272874970476,9.321870602920779,9.321870602920779,32
0,2,1,三个固定 GP 表达式的均值,2675,1,0.934,9.558935627166314,9.538541464065974,9.630359636584222,9.630359636584222,32
0,3,2,三个固定 GP 表达式的均值,2675,1,0.966,9.699436987695483,9.678132524746928,9.741900316098983,9.741900316098983,32
0,2,4,三个固定 GP 表达式的均值,2675,2,0.976,9.731339906590184,9.710010483979579,9.767501653975978,9.767501653975978,32
0,0,0,不使用 GP,2675,1,0.994,9.863031579241136,9.841036745112318,9.872545140360058,9.872545140360058,22
0,1,4,三个固定 GP 表达式的均值,2675,1,0.894,9.256426326715957,9.236842264020433,9.388890261682738,9.388890261682738,32
0,0,5,不使用 GP,2675,1,0.784,8.28423142476844,8.267326689711686,8.614845929702641,8.614845929702641,32
0,3,0,三个固定 GP 表达式的均值,2700,1,0.968,9.658900419590848,9.63823123680942,9.710132771690388,9.710132771690388,32
0,2,1,三个固定 GP 表达式的均值,2700,1,0.992,9.83627810257938,9.814543312161119,9.851317252916813,9.851317252916813,26
0,1,3,三个固定 GP 表达式的均值,2700,2,0.986,9.678760361428404,9.657412385261209,9.725392613593366,9.725392613593366,32
0,1,4,三个固定 GP 表达式的均值,2700,1,0.942,9.665615530710074,9.6444940147949,9.71513202874085,9.71513202874085,32
0,0,7,不使用 GP,2700,1,0.978,9.758809330758297,9.7371549361863,9.789255317685654,9.789255317685654,31
0,2,5,三个固定 GP 表达式的均值,2725,1,0.784,8.05047231800841,8.050471140685568,8.430808670243572,8.430808670243572,32
0,2,7,三个固定 GP 表达式的均值,2725,1,0.746,7.697189557845721,7.697188981909462,8.14554209514958,8.14554209514958,32
0,0,1,不使用 GP,2725,1,0.71,6.839068646624345,6.839068269639263,7.452700258819767,7.452700258819767,32
0,1,6,三个固定 GP 表达式的均值,2725,1,0.788,8.20816178060935,8.214845731250144,8.563455305045562,8.563455305045562,32
0,1,7,三个固定 GP 表达式的均值,2725,1,0.796,8.076030478085299,8.089897828812838,8.464950272145073,8.464950272145073,32
0,2,5,三个固定 GP 表达式的均值,2750,1,0.906,9.295165843432304,9.2758256268562,9.420382274000612,9.420382274000612,32
0,3,6,三个固定 GP 表达式的均值,2750,1,0.806,8.744393672245327,8.73402334761798,8.987016222483536,8.987016222483536,32
0,2,7,三个固定 GP 表达式的均值,2750,1,0.842,8.993731740244906,8.999506922367951,9.201659738969555,9.201659738969555,32
0,0,1,不使用 GP,2750,1,0.768,8.116296984508976,8.099923289704895,8.481076360933045,8.481076360933045,32
0,1,7,三个固定 GP 表达式的均值,2750,1,0.822,9.033323614014044,9.03692810750136,9.230634075046735,9.230634075046735,32
0,2,5,三个固定 GP 表达式的均值,2775,1,0.95,9.584797355923634,9.563886870333835,9.650471094512314,9.650471094512314,32
0,3,6,三个固定 GP 表达式的均值,2775,1,0.854,9.023758411461916,9.005020214161565,9.205360166734033,9.205360166734033,32
0,2,7,三个固定 GP 表达式的均值,2775,1,0.898,9.019905826749131,9.001087223327296,9.201045674101467,9.201045674101467,32
0,0,1,不使用 GP,2775,1,0.764,8.228431019522443,8.219848537877667,8.578944449051004,8.578944449051004,32
0,1,6,三个固定 GP 表达式的均值,2775,1,0.87,9.342949885859483,9.340478840932171,9.473911880747865,9.473911880747865,32
0,1,7,三个固定 GP 表达式的均值,2775,1,0.894,9.232389384520209,9.213002375141778,9.372424830818176,9.372424830818176,32
0,0,5,不使用 GP,2800,1,0.98,9.779141335167786,9.757420713016577,9.805538826511462,9.805538826511462,31
0,1,2,三个固定 GP 表达式的均值,2825,1,0.718,7.760921766035217,7.767076788613293,8.20198802556389,8.20198802556389,32
0,0,3,不使用 GP,2825,1,0.796,7.669275287442943,7.669275286300133,8.12256224012372,8.12256224012372,32
0,2,6,三个固定 GP 表达式的均值,2850,1,0.856,9.140614235765513,9.129785240660167,9.305337034037422,9.305337034037422,32
0,1,2,三个固定 GP 表达式的均值,2850,1,0.786,8.5411155096538,8.52358789241452,8.817985316441492,8.817985316441492,32
0,0,3,不使用 GP,2850,1,0.774,7.97852416811915,7.971591177207985,8.379604559072684,8.379604559072684,32
0,0,5,不使用 GP,2850,1,0.99,9.8252046731991,9.803406052416685,9.84238587327885,9.84238587327885,23
0,0,6,不使用 GP,2850,1,0.78,8.100798756780875,8.084399562477678,8.468885525210647,8.468885525210647,32
0,1,6,三个固定 GP 表达式的均值,2850,1,0.978,9.98305180263379,10.004116000345407,10.005302521383733,10.005302521383733,32
0,1,7,三个固定 GP 表达式的均值,2850,1,0.982,9.822965692864829,9.801215793056187,9.842649188000834,9.842649188000834,32
0,1,2,三个固定 GP 表达式的均值,2875,1,0.832,8.88485901526038,8.866340339628628,9.092208697949237,9.092208697949237,32
0,0,3,不使用 GP,2875,1,0.754,7.816593037575697,7.800771271144564,8.239332490001333,8.239332490001333,32
0,0,6,不使用 GP,2875,1,0.858,8.402367296753631,8.384973859740567,8.707638686524403,8.707638686524403,32
0,2,0,三个固定 GP 表达式的均值,2900,1,0.988,9.842866580722037,9.821027027707741,9.85651256060386,9.85651256060386,32
0,2,7,三个固定 GP 表达式的均值,2900,1,0.988,9.843513081065904,9.821554235295713,9.858905479987186,9.858905479987186,31
0,3,4,三个固定 GP 表达式的均值,2925,1,0.788,8.029268690073712,8.029268837347201,8.412821104754132,8.412821104754132,32
0,2,6,三个固定 GP 表达式的均值,2925,1,0.994,9.84319082895297,9.821247204707303,9.858692323117207,9.858692323117207,27
0,1,1,三个固定 GP 表达式的均值,2925,1,0.734,7.809542100737458,7.80954311025551,8.234489792818145,8.234489792818145,32
0,1,2,三个固定 GP 表达式的均值,2925,1,0.878,9.346931600363417,9.333731811536964,9.468232208267592,9.468232208267592,32
0,0,3,不使用 GP,2925,1,0.822,8.565771252590348,8.547991557437326,8.838834066083008,8.838834066083008,32
0,0,4,不使用 GP,2925,1,0.736,7.188956856937303,7.188956600362076,7.739893613040815,7.739893613040815,32
0,0,5,不使用 GP,2925,2,0.898,8.900736220073442,8.881139711591794,9.103312476376118,9.103312476376118,10
0,0,6,不使用 GP,2925,1,0.93,9.433701747074837,9.437086945683367,9.551085786237788,9.551085786237788,32
0,3,4,三个固定 GP 表达式的均值,2950,1,0.81,8.823671584461364,8.81710905058297,9.056209472077304,9.056209472077304,32
0,1,0,三个固定 GP 表达式的均值,2950,1,0.856,9.247805599076647,9.240036532407961,9.393609835147434,9.393609835147434,32
0,1,1,三个固定 GP 表达式的均值,2950,1,0.842,8.853754039645535,8.835649719931945,9.068467228230958,9.068467228230958,32
0,0,3,不使用 GP,2950,1,0.894,9.383555948319305,9.363656564958005,9.490175508580428,9.490175508580428,32
0,0,4,不使用 GP,2950,1,0.766,8.32753267855407,8.310716927976909,8.651411240301275,8.651411240301275,32
0,0,6,不使用 GP,2950,1,0.972,9.684100129480292,9.69528002311138,9.757806733050545,9.757806733050545,32
0,3,4,三个固定 GP 表达式的均值,2975,1,0.844,8.817851743303441,8.799361946230986,9.039084566161874,9.039084566161874,32
0,0,4,不使用 GP,2975,1,0.858,8.839826980158136,8.821469076959888,9.056204353962857,9.056204353962857,32
0,3,4,三个固定 GP 表达式的均值,3000,1,0.836,9.10941218623394,9.090228497339155,9.271277216568176,9.271277216568176,32
0,2,7,三个固定 GP 表达式的均值,3000,1,0.964,9.750875928730352,9.729545445386394,9.783213285919196,9.783213285919196,32
0,0,1,不使用 GP,3000,1,0.992,9.805322592197749,9.783628300497252,9.826525182444565,9.826525182444565,29
0,1,1,三个固定 GP 表达式的均值,3000,1,0.952,9.573824904032277,9.553286697075816,9.6420838133936,9.6420838133936,32
0,1,2,三个固定 GP 表达式的均值,3000,1,0.994,9.821010606887487,9.799262970740077,9.839059999004919,9.839059999004919,32
0,0,4,不使用 GP,3000,1,0.876,9.06891866432727,9.04949223286045,9.238760723131044,9.238760723131044,32
0,3,2,三个固定 GP 表达式的均值,3025,1,0.734,8.112194627939854,8.112195402407263,8.479287785712945,8.479287785712945,32
0,3,5,三个固定 GP 表达式的均值,3025,1,0.752,7.821741313509331,7.821741830955078,8.244665314013243,8.244665314013243,32
0,0,0,不使用 GP,3025,1,0.702,7.068740381629697,7.068740319619334,7.640391933121548,7.640391933121548,32
0,1,5,三个固定 GP 表达式的均值,3025,1,0.736,8.091697074118688,8.091698076461602,8.463101168320454,8.463101168320454,32
0,0,7,不使用 GP,3025,1,0.74,7.085815677638585,7.08581583050882,7.653783232085217,7.653783232085217,32
0,2,2,三个固定 GP 表达式的均值,3050,1,0.828,8.876509772670744,8.86507914349743,9.094139032857484,9.094139032857484,32
0,2,4,三个固定 GP 表达式的均值,3050,1,0.908,9.37923123908213,9.359748169155504,9.488012515463584,9.488012515463584,32
0,3,4,三个固定 GP 表达式的均值,3050,1,0.986,9.814330446758268,9.792851676908631,9.83396432639548,9.83396432639548,32
0,3,5,三个固定 GP 表达式的均值,3050,1,0.82,8.780858371424639,8.762897432053744,9.009376864237622,9.009376864237622,32
0,3,7,三个固定 GP 表达式的均值,3050,1,0.78,8.62412447938405,8.637139302204298,8.911628915222238,8.911628915222238,32
0,0,0,不使用 GP,3050,1,0.804,8.129941820133084,8.113513883421684,8.491143527470923,8.491143527470923,32
0,0,2,不使用 GP,3050,1,0.812,8.220235982625566,8.203675610837902,8.5621063298468,8.5621063298468,32
0,1,5,三个固定 GP 表达式的均值,3050,1,0.868,9.208463172966994,9.189482251715779,9.352358431666804,9.352358431666804,32
0,0,7,不使用 GP,3050,1,0.784,7.983464043932705,7.967476193104332,8.375428356029172,8.375428356029172,32
0,2,2,三个固定 GP 表达式的均值,3075,1,0.932,9.462015192436507,9.441913872658994,9.552981269790209,9.552981269790209,32
0,3,2,三个固定 GP 表达式的均值,3075,1,0.862,8.818662338158552,8.800272148890592,9.04054349758011,9.04054349758011,32
0,3,5,三个固定 GP 表达式的均值,3075,1,0.854,9.017755499751095,9.00541712028618,9.20504435244145,9.20504435244145,32
0,3,7,三个固定 GP 表达式的均值,3075,1,0.836,8.89906598955667,8.880724824142924,9.106925047801964,9.106925047801964,32
0,0,0,不使用 GP,3075,1,0.814,8.291493358322034,8.274483327637956,8.620247997315547,8.620247997315547,32
0,0,2,不使用 GP,3075,1,0.786,8.108377220284995,8.09181438843368,8.47506101173172,8.47506101173172,32
0,1,5,三个固定 GP 表达式的均值,3075,1,0.95,9.547263494696198,9.526813588429393,9.620913316486993,9.620913316486993,32
0,0,6,不使用 GP,3075,2,0.878,8.710933805291313,8.691687671092655,8.954580368001357,8.954580368001357,16
0,0,7,不使用 GP,3075,1,0.754,7.965004688140295,7.963942387149446,8.376104038263534,8.376104038263534,32
0,1,7,三个固定 GP 表达式的均值,3075,1,0.97,9.781830611364006,9.760516646041063,9.807996098091673,9.807996098091673,32
0,2,3,三个固定 GP 表达式的均值,3125,1,0.76,7.9016266275066185,7.901626770968428,8.31077967584936,8.31077967584936,32
0,3,3,三个固定 GP 表达式的均值,3125,1,0.762,7.822346584026141,7.822346466307958,8.245773222438201,8.245773222438201,32
0,2,3,三个固定 GP 表达式的均值,3150,1,0.846,8.784741235381114,8.766708491838822,9.012909163012786,9.012909163012786,32
0,3,5,三个固定 GP 表达式的均值,3150,1,0.992,9.825851348032359,9.80396106409744,9.842827593108327,9.842827593108327,29
0,3,7,三个固定 GP 表达式的均值,3150,1,0.984,9.775936552115079,9.754362124614648,9.803115989746585,9.803115989746585,32
0,0,0,不使用 GP,3150,1,0.88,8.857297734058756,8.83847222784596,9.070014762563728,9.070014762563728,32
0,0,2,不使用 GP,3150,1,0.954,9.480386694896536,9.45990116709339,9.567382387710115,9.567382387710115,32
0,1,3,三个固定 GP 表达式的均值,3150,1,0.864,8.929655671685804,8.911450183065021,9.128540182388477,9.128540182388477,32
0,0,7,不使用 GP,3150,1,0.872,9.317066761944075,9.297322488025511,9.437213170604592,9.437213170604592,32
0,2,3,三个固定 GP 表达式的均值,3175,1,0.878,9.021104608327242,9.002182898944023,9.200740921770583,9.200740921770583,32
0,3,3,三个固定 GP 表达式的均值,3175,1,0.846,8.680123731488672,8.662283358448066,8.928530341284402,8.928530341284402,32
0,1,3,三个固定 GP 表达式的均值,3175,1,0.89,9.331062159630864,9.311322441841622,9.44862170333692,9.44862170333692,32
0,3,5,三个固定 GP 表达式的均值,3200,1,0.99,9.824845961565144,9.802978096314359,9.842036237058238,9.842036237058238,26
0,0,7,不使用 GP,3200,1,0.832,8.911073089455773,8.898280060620655,9.121117042094816,9.121117042094816,32
0,2,1,三个固定 GP 表达式的均值,3225,1,0.776,7.949335652768103,7.949336138017005,8.348133905444598,8.348133905444598,32
0,3,3,三个固定 GP 表达式的均值,3225,1,0.866,9.183072200898557,9.16372477833915,9.330060619524332,9.330060619524332,32
0,1,3,三个固定 GP 表达式的均值,3225,1,0.982,9.830444799074932,9.808690168881881,9.846627684755408,9.846627684755408,30
0,0,5,不使用 GP,3225,1,0.756,7.4077856138743785,7.416654960900394,7.92233214081154,7.92233214081154,32
0,2,0,三个固定 GP 表达式的均值,3250,1,0.884,8.957259566109862,8.938833885825012,9.150324884978215,9.150324884978215,32
0,2,1,三个固定 GP 表达式的均值,3250,1,0.876,8.749137158050692,8.731254714393641,8.984725853213554,8.984725853213554,32
0,3,1,三个固定 GP 表达式的均值,3250,1,0.826,8.80056331195295,8.78258973205988,9.025113409159378,9.025113409159378,32
0,3,3,三个固定 GP 表达式的均值,3250,1,0.96,9.641725188872368,9.620990264920724,9.696275309222449,9.696275309222449,32
0,0,5,不使用 GP,3250,1,0.786,8.08821149972242,8.07900966836938,8.467907660979938,8.467907660979938,32
0,2,0,三个固定 GP 表达式的均值,3275,1,0.98,9.741790533410203,9.720671335132526,9.776145838673546,9.776145838673546,32
0,2,1,三个固定 GP 表达式的均值,3275,1,0.9,9.147859920290479,9.128760953636627,9.302404760921844,9.302404760921844,32
0,3,1,三个固定 GP 表达式的均值,3275,1,0.91,9.282807267837251,9.263241999757662,9.409986729780114,9.409986729780114,32
0,3,5,三个固定 GP 表达式的均值,3275,2,0.976,9.775853713890314,9.75440185523767,9.803102661297338,9.803102661297338,32
0,0,5,不使用 GP,3275,1,0.818,8.073547216244576,8.069327901456022,8.456441304334943,8.456441304334943,32
0,2,1,三个固定 GP 表达式的均值,3300,1,0.96,9.535973643869534,9.515566897493029,9.611883788983752,9.611883788983752,32
0,3,1,三个固定 GP 表达式的均值,3300,1,0.928,9.418613889189796,9.39819400431833,9.518029607110348,9.518029607110348,32
0,0,5,不使用 GP,3300,1,0.816,8.848073378960663,8.851763114645252,9.082603334622632,9.082603334622632,32
0,0,7,不使用 GP,3300,1,0.96,9.737902825478713,9.716048264426522,9.774333666142972,9.774333666142972,32
0,3,7,三个固定 GP 表达式的均值,3325,1,0.97,9.75031807866539,9.728896677727242,9.782607151181354,9.782607151181354,32
0,1,4,三个固定 GP 表达式的均值,3325,1,0.772,7.908407104900145,7.913998526373118,8.320685482528274,8.320685482528274,32
0,1,4,三个固定 GP 表达式的均值,3350,1,0.818,8.814460525414098,8.796416115600271,9.036516160068663,9.036516160068663,32
0,1,6,三个固定 GP 表达式的均值,3350,1,0.866,9.183696081065468,9.164619282072008,9.331383138966903,9.331383138966903,32
0,1,4,三个固定 GP 表达式的均值,3375,1,0.9,9.226473345569216,9.207274016406192,9.366000868563313,9.366000868563313,32
0,1,6,三个固定 GP 表达式的均值,3375,1,0.882,9.146125299197784,9.126691405263134,9.302902800602917,9.302902800602917,32
0,2,5,三个固定 GP 表达式的均值,3425,1,0.768,8.174116325723372,8.174116364446226,8.52871942521751,8.52871942521751,32
0,2,7,三个固定 GP 表达式的均值,3425,1,0.732,7.616889463350052,7.616888784907511,8.080417939246274,8.080417939246274,32
0,0,0,不使用 GP,3425,1,0.992,9.826877335326824,9.805032871863528,9.843682805206006,9.843682805206006,27
0,0,1,不使用 GP,3425,1,0.73,6.803242680069632,6.8032427247714,7.4235689908937985,7.4235689908937985,32
0,1,2,三个固定 GP 表达式的均值,3425,1,0.788,8.098828071672695,8.10995776794774,8.480742585609455,8.480742585609455,32
0,1,7,三个固定 GP 表达式的均值,3425,1,0.754,8.035252760424735,8.035251535566942,8.418550185250831,8.418550185250831,32
0,3,0,三个固定 GP 表达式的均值,3450,1,0.822,8.805735144546007,8.79348941375228,9.036608251482228,9.036608251482228,32
0,3,3,三个固定 GP 表达式的均值,3450,2,0.93,9.545500344508692,9.524414633917637,9.618743077057209,9.618743077057209,32
0,2,5,三个固定 GP 表达式的均值,3450,1,0.82,8.862776590522223,8.844732994747634,9.075380134245957,9.075380134245957,32
0,2,7,三个固定 GP 表达式的均值,3450,1,0.814,8.745154646033733,8.727245464925119,8.983093412596398,8.983093412596398,32
0,0,1,不使用 GP,3450,1,0.798,8.076299594688297,8.060086257349898,8.446640271492047,8.446640271492047,32
0,1,2,三个固定 GP 表达式的均值,3450,1,0.868,9.081573096935147,9.062666232766961,9.250030467265443,9.250030467265443,32
0,0,3,不使用 GP,3450,1,0.826,8.267889962729088,8.258438015612898,8.608685101585824,8.608685101585824,32
0,0,5,不使用 GP,3450,1,0.988,9.801996710331695,9.78020797621984,9.823798255001085,9.823798255001085,27
0,1,7,三个固定 GP 表达式的均值,3450,1,0.874,8.88465449878705,8.887658913058866,9.113394719815187,9.113394719815187,32
0,3,0,三个固定 GP 表达式的均值,3475,1,0.854,8.817507638363958,8.799375529491849,9.039692600942308,9.039692600942308,32
0,2,5,三个固定 GP 表达式的均值,3475,1,0.916,9.5323538874985,9.512226411395792,9.609228511532953,9.609228511532953,32
0,2,7,三个固定 GP 表达式的均值,3475,1,0.84,8.933299878816307,8.914694952807457,9.132212199396704,9.132212199396704,32
0,0,1,不使用 GP,3475,1,0.808,8.186493849555692,8.177814502649124,8.545128255287587,8.545128255287587,32
0,0,3,不使用 GP,3475,1,0.836,8.31541989046986,8.298472511962583,8.638280202783177,8.638280202783177,32
0,1,7,三个固定 GP 表达式的均值,3475,1,0.876,9.298086536342431,9.322070927064278,9.461240780919228,9.461240780919228,32
0,3,0,三个固定 GP 表达式的均值,3525,1,0.908,9.285507869052404,9.265712485162224,9.411757072389731,9.411757072389731,32
0,3,4,三个固定 GP 表达式的均值,3525,1,0.75,8.212388328473487,8.21238760484484,8.559844349655798,8.559844349655798,32
0,2,6,三个固定 GP 表达式的均值,3525,1,0.778,8.01972059948166,8.019719877273523,8.405497765945064,8.405497765945064,32
0,2,7,三个固定 GP 表达式的均值,3525,1,0.988,9.78787727448653,9.766362617319649,9.812744106726282,9.812744106726282,31
0,0,1,不使用 GP,3525,1,0.818,8.668670470745418,8.675852714335887,8.943875007363728,8.943875007363728,32
0,0,3,不使用 GP,3525,1,0.888,8.964804452371737,8.945932559763603,9.155796236765537,9.155796236765537,32
0,0,4,不使用 GP,3525,1,0.778,7.550754957940188,7.550755291351106,8.02875595914483,8.02875595914483,32
0,0,6,不使用 GP,3525,1,0.75,7.299315722441096,7.299315323434368,7.828751630620188,7.828751630620188,32
0,3,0,三个固定 GP 表达式的均值,3550,1,0.99,9.859514760064688,9.83788171564721,9.87002879252094,9.87002879252094,32
0,3,1,三个固定 GP 表达式的均值,3550,1,0.976,9.657159743359612,9.636001518247786,9.70807439276027,9.70807439276027,32
0,3,4,三个固定 GP 表达式的均值,3550,1,0.876,8.912610306191606,8.894225584079798,9.11580567983441,9.11580567983441,32
0,2,6,三个固定 GP 表达式的均值,3550,1,0.88,9.084326349693532,9.080489079233628,9.265697090552269,9.265697090552269,32
0,3,6,三个固定 GP 表达式的均值,3550,1,0.866,8.909280140460542,8.890794427376777,9.111448862017744,9.111448862017744,32
0,1,0,三个固定 GP 表达式的均值,3550,1,0.838,8.784763938315988,8.773958228508848,9.020479590191309,9.020479590191309,32
0,0,1,不使用 GP,3550,1,0.834,8.863855213028895,8.84511886002872,9.074806640437822,9.074806640437822,32
0,0,3,不使用 GP,3550,1,0.91,9.271725465987974,9.25174495331889,9.400374545283695,9.400374545283695,32
0,0,4,不使用 GP,3550,1,0.812,8.246023639330213,8.236355615995736,8.591680736720589,8.591680736720589,32
0,0,5,不使用 GP,3550,2,0.958,9.433240047481632,9.412514299975701,9.529019732829212,9.529019732829212,32
0,0,6,不使用 GP,3550,1,0.776,8.205516517642128,8.208763247947953,8.567836130274713,8.567836130274713,32
0,1,7,三个固定 GP 表达式的均值,3550,1,0.986,9.79513444978033,9.773456218420717,9.820381027560455,9.820381027560455,31
0,3,4,三个固定 GP 表达式的均值,3575,1,0.902,9.186082912337389,9.166715120140966,9.333074987580963,9.333074987580963,32
0,2,6,三个固定 GP 表达式的均值,3575,1,0.896,9.188150307071142,9.168620081258037,9.334585560155537,9.334585560155537,32
0,3,6,三个固定 GP 表达式的均值,3575,1,0.932,9.31850453687946,9.298748674081287,9.440935829271895,9.440935829271895,32
0,1,0,三个固定 GP 表达式的均值,3575,1,0.946,9.34774317669908,9.328046061981551,9.462041514402758,9.462041514402758,32
0,0,6,不使用 GP,3575,1,0.794,8.2765169115477,8.259526392230727,8.607249196977088,8.607249196977088,32
0,1,6,三个固定 GP 表达式的均值,3575,1,0.976,9.81484931388332,9.793166986206291,9.835160313325064,9.835160313325064,32
0,3,4,三个固定 GP 表达式的均值,3600,1,0.984,9.749910815953282,9.72866853290902,9.782553384329415,9.782553384329415,32
0,3,6,三个固定 GP 表达式的均值,3600,1,0.948,9.864175017533967,9.888089419863269,9.912341166634711,9.912341166634711,32
0,2,7,三个固定 GP 表达式的均值,3600,1,0.99,9.85214119364707,9.830213276607301,9.863889965263807,9.863889965263807,19
0,1,0,三个固定 GP 表达式的均值,3600,1,0.952,9.684188646767268,9.663209686913884,9.73005757774025,9.73005757774025,32
0,0,1,不使用 GP,3600,1,0.962,9.669810707318598,9.648660410567185,9.718422173989962,9.718422173989962,32
0,0,4,不使用 GP,3600,1,0.918,9.274702347362801,9.261228155890143,9.41188084913061,9.41188084913061,32
0,0,6,不使用 GP,3600,1,0.856,8.87538891076468,8.856789966815098,9.086470647863322,9.086470647863322,32
0,2,2,三个固定 GP 表达式的均值,3625,1,0.784,8.052727492092925,8.052728256289807,8.431371757630409,8.431371757630409,32
0,3,2,三个固定 GP 表达式的均值,3625,1,0.73,7.772528665729235,7.772530255006417,8.204938338413351,8.204938338413351,32
0,2,4,三个固定 GP 表达式的均值,3625,1,0.814,8.157352026260034,8.157352532904103,8.51675195082278,8.51675195082278,32
0,1,1,三个固定 GP 表达式的均值,3625,1,0.742,7.683280071530654,7.683281400731416,8.13324635537464,8.13324635537464,32
0,0,2,不使用 GP,3625,1,0.748,7.588406542992285,7.588407403181718,8.058203539532265,8.058203539532265,32
0,2,2,三个固定 GP 表达式的均值,3650,1,0.876,8.981766745727873,8.963174454364832,9.170573056253811,9.170573056253811,32
0,3,2,三个固定 GP 表达式的均值,3650,1,0.84,8.770552284335631,8.752562825795792,9.001344987386455,9.001344987386455,32
0,2,4,三个固定 GP 表达式的均值,3650,1,0.862,9.068698292467822,9.049949249821879,9.239448066294461,9.239448066294461,32
0,3,6,三个固定 GP 表达式的均值,3650,1,0.994,9.81122864286927,9.789291046098477,9.83318235166499,9.83318235166499,30
0,3,7,三个固定 GP 表达式的均值,3650,1,0.794,8.410012870718894,8.39293170477092,8.713673885104916,8.713673885104916,32
0,1,1,三个固定 GP 表达式的均值,3650,1,0.804,8.611796459111774,8.594188838585833,8.874596697341289,8.874596697341289,32
0,0,2,不使用 GP,3650,1,0.79,8.12024087463958,8.103753987618962,8.481665270030705,8.481665270030705,32
0,1,7,三个固定 GP 表达式的均值,3650,1,0.972,10.572984723657838,10.751865507474285,10.604708894542966,10.604708894542966,32
0,2,2,三个固定 GP 表达式的均值,3675,1,0.954,9.556135498458145,9.535757112974197,9.628307101171561,9.628307101171561,32
0,3,2,三个固定 GP 表达式的均值,3675,1,0.838,9.115014702331722,9.102160035443786,9.282691967211603,9.282691967211603,32
0,2,4,三个固定 GP 表达式的均值,3675,1,0.944,9.418170758515208,9.404290483740729,9.52540641568886,9.52540641568886,32
0,3,7,三个固定 GP 表达式的均值,3675,1,0.822,8.694983383727772,8.67710018767673,8.943846458038122,8.943846458038122,32
0,1,1,三个固定 GP 表达式的均值,3675,1,0.872,9.014550622058852,8.995731060636778,9.19577358234925,9.19577358234925,32
0,0,2,不使用 GP,3675,1,0.82,8.557724114584646,8.548305837688098,8.840889318671493,8.840889318671493,32
0,0,1,不使用 GP,3700,1,0.994,9.860689768278569,9.838702555339687,9.870673784311485,9.870673784311485,25
0,0,3,不使用 GP,3700,1,0.978,9.77613494085497,9.754565361461218,9.803235471887248,9.803235471887248,32
0,2,3,三个固定 GP 表达式的均值,3725,1,0.776,8.080333562743236,8.080333939995786,8.45366979487733,8.45366979487733,32
0,1,5,三个固定 GP 表达式的均值,3725,1,0.754,8.184631817500826,8.194557191567162,8.547165023657556,8.547165023657556,32
0,2,3,三个固定 GP 表达式的均值,3750,1,0.824,8.57633955058239,8.558629889348108,8.845111956806857,8.845111956806857,32
0,3,7,三个固定 GP 表达式的均值,3750,1,0.928,9.576576045254116,9.555994175323322,9.6463542568429,9.6463542568429,32
0,0,2,不使用 GP,3750,1,0.968,9.538234012003224,9.517503632219357,9.613420199223752,9.613420199223752,32
0,1,5,三个固定 GP 表达式的均值,3750,1,0.814,9.018246678112822,8.999871418561048,9.199950894275231,9.199950894275231,32
0,2,3,三个固定 GP 表达式的均值,3775,1,0.846,9.026679676081843,9.014186556075309,9.211740218292231,9.211740218292231,32
0,3,6,三个固定 GP 表达式的均值,3775,2,0.952,10.462770237366575,10.648946717099614,10.521172527919743,10.521172527919743,32
0,1,0,三个固定 GP 表达式的均值,3775,2,0.864,9.373759352283688,9.353280979251737,9.481505948429321,9.481505948429321,32
0,1,5,三个固定 GP 表达式的均值,3775,1,0.884,9.106181002656102,9.087213015093637,9.268847531869586,9.268847531869586,32
0,1,7,三个固定 GP 表达式的均值,3800,2,0.83,9.276923972655123,9.256721067975914,9.404117940930012,9.404117940930012,32
0,2,0,三个固定 GP 表达式的均值,3825,1,0.75,7.647498296949791,7.647499254401993,8.104024902265813,8.104024902265813,32
0,2,1,三个固定 GP 表达式的均值,3825,1,0.798,8.225138380063433,8.225137835811445,8.571122443272902,8.571122443272902,32
0,3,3,三个固定 GP 表达式的均值,3825,1,0.74,7.892444268411279,7.892443909085167,8.30206216682891,8.30206216682891,32
0,3,5,三个固定 GP 表达式的均值,3825,1,0.774,8.166313778449744,8.171949837053704,8.530720808562693,8.530720808562693,32
0,0,0,不使用 GP,3825,1,0.766,7.372925607013445,7.372925032290507,7.88494632119561,7.88494632119561,32
0,1,3,三个固定 GP 表达式的均值,3825,1,0.758,8.161968324934763,8.167520105746487,8.52619144818909,8.52619144818909,32
0,0,7,不使用 GP,3825,1,0.712,7.081866910647456,7.096481872055022,7.66416894174475,7.66416894174475,32
0,2,0,三个固定 GP 表达式的均值,3850,1,0.836,8.865559275492783,8.856303571577827,9.08595095225695,9.08595095225695,32
0,2,1,三个固定 GP 表达式的均值,3850,1,0.906,9.186900422412561,9.167769089965713,9.333625086958632,9.333625086958632,32
0,3,3,三个固定 GP 表达式的均值,3850,1,0.852,8.738582168410717,8.720634046911607,8.975334522260715,8.975334522260715,32
0,3,5,三个固定 GP 表达式的均值,3850,1,0.814,8.848594748894715,8.830391537116256,9.063678803863219,9.063678803863219,32
0,0,0,不使用 GP,3850,1,0.79,8.02789916047366,8.011598670017078,8.408305665075504,8.408305665075504,32
0,0,7,不使用 GP,3850,1,0.766,8.001450928682347,7.985444154976689,8.392249909611197,8.392249909611197,32
0,2,0,三个固定 GP 表达式的均值,3875,1,0.916,9.448319058677606,9.42836827380003,9.542139625558372,9.542139625558372,32
0,2,1,三个固定 GP 表达式的均值,3875,1,0.954,9.461875318300914,9.441657841152688,9.552779495156832,9.552779495156832,32
0,3,3,三个固定 GP 表达式的均值,3875,1,0.884,8.965390720954616,8.946654463636763,9.15661723985001,9.15661723985001,32
0,3,5,三个固定 GP 表达式的均值,3875,1,0.858,8.866391775946195,8.847948293157529,9.078344903396117,9.078344903396117,32
0,0,0,不使用 GP,3875,1,0.82,8.432058386344995,8.422977144937093,8.742136037041156,8.742136037041156,32
0,1,3,三个固定 GP 表达式的均值,3875,1,0.916,8.995526427606231,8.976748039864566,9.180723646048135,9.180723646048135,32
0,0,7,不使用 GP,3875,1,0.788,8.150950779950703,8.191106570805315,8.55618423686344,8.55618423686344,32
0,2,0,三个固定 GP 表达式的均值,3900,1,0.982,9.78674850893425,9.765321352832187,9.81187590957701,9.81187590957701,31
0,2,1,三个固定 GP 表达式的均值,3900,1,0.962,9.696735231076428,9.675322747048911,9.739753724766858,9.739753724766858,32
0,3,3,三个固定 GP 表达式的均值,3900,1,0.94,9.498441117686513,9.478093442452124,9.581723726051832,9.581723726051832,32
0,0,0,不使用 GP,3900,1,0.804,8.831685247897337,8.830504987848126,9.06768289146685,9.06768289146685,32
0,1,3,三个固定 GP 表达式的均值,3900,1,0.932,9.347186682943395,9.327306977431595,9.461054146108523,9.461054146108523,32
0,0,7,不使用 GP,3900,1,0.832,8.852202953869083,8.911994999503118,9.131354413686287,9.131354413686287,32
0,3,1,三个固定 GP 表达式的均值,3925,1,0.752,7.952374383538187,7.958613174231926,8.357352408514393,8.357352408514393,32
0,0,2,不使用 GP,3925,2,0.972,9.51827907376928,9.497226915999736,9.596960542173521,9.596960542173521,32
0,1,4,三个固定 GP 表达式的均值,3925,1,0.764,7.864783538176134,7.864782852336485,8.280757357638814,8.280757357638814,32
0,0,5,不使用 GP,3925,1,0.734,7.405199319214585,7.411222389628584,7.917848138429015,7.917848138429015,32
0,1,6,三个固定 GP 表达式的均值,3925,1,0.768,7.7454782700919,7.751082449812359,8.190659723661444,8.190659723661444,32
0,3,1,三个固定 GP 表达式的均值,3950,1,0.802,8.758595175600233,8.740721852874406,8.991394273130854,8.991394273130854,32
0,0,0,不使用 GP,3950,1,0.94,9.375485144941104,9.355443690374953,9.483548891101409,9.483548891101409,32
0,1,4,三个固定 GP 表达式的均值,3950,1,0.818,8.832608102616582,8.814488210962143,9.05109412377838,9.05109412377838,32
0,1,6,三个固定 GP 表达式的均值,3950,1,0.82,8.510772402592549,8.499110939346634,8.800969792679922,8.800969792679922,32
0,0,7,不使用 GP,3950,1,0.904,9.795509450765044,9.894483416010237,9.917547531087587,9.917547531087587,32
0,1,4,三个固定 GP 表达式的均值,3975,1,0.874,9.096890596940138,9.07784242262304,9.261599798685758,9.261599798685758,32
0,0,5,不使用 GP,3975,1,0.802,8.20999312603882,8.193381256401768,8.556900144170111,8.556900144170111,32
0,1,6,三个固定 GP 表达式的均值,3975,1,0.852,8.994771532547134,8.975972918000869,9.180876263422476,9.180876263422476,32
0,0,7,不使用 GP,4000,1,0.956,10.133532556515966,10.275276646147391,10.22260642553848,10.22260642553848,32
0,3,0,三个固定 GP 表达式的均值,4025,1,0.764,8.000285930956498,8.000287078893445,8.389274466494964,8.389274466494964,32
0,2,5,三个固定 GP 表达式的均值,4025,1,0.982,9.796785650874083,9.775029293861124,9.819627298998379,9.819627298998379,23
0,1,2,三个固定 GP 表达式的均值,4025,1,0.78,7.99148076341092,7.9914804420078225,8.385035934192311,8.385035934192311,32
0,0,3,不使用 GP,4025,1,0.738,7.4363145474227,7.4492824960647654,7.949793989542175,7.949793989542175,32
0,0,4,不使用 GP,4025,1,0.776,7.4554012389302455,7.455400845870782,7.950018541118483,7.950018541118483,32
0,3,0,三个固定 GP 表达式的均值,4050,1,0.864,9.064436333942387,9.04593663316435,9.236913508105545,9.236913508105545,32
0,3,1,三个固定 GP 表达式的均值,4050,1,0.994,9.83186643565215,9.809961823908381,9.847648261092404,9.847648261092404,25
0,0,3,不使用 GP,4050,1,0.8,8.112239880881354,8.095885014927035,8.477550984104834,8.477550984104834,32
0,0,4,不使用 GP,4050,1,0.792,8.340126664019595,8.323295211989073,8.657595931854754,8.657595931854754,32
0,3,0,三个固定 GP 表达式的均值,4075,1,0.93,9.458853987236335,9.438793907895263,9.550476918363909,9.550476918363909,32
0,3,3,三个固定 GP 表达式的均值,4075,1,0.98,9.838088030408075,9.816326387292323,9.852738741678234,9.852738741678234,32
0,1,2,三个固定 GP 表达式的均值,4075,1,0.896,9.230582386672037,9.211012723489281,9.368365906096123,9.368365906096123,32
0,0,3,不使用 GP,4075,1,0.808,8.348632719616653,8.331669649385102,8.664955723432838,8.664955723432838,32
0,0,4,不使用 GP,4075,1,0.83,8.571315433535487,8.553756558398625,8.842927109074237,8.842927109074237,32
0,0,7,不使用 GP,4075,1,0.99,9.857096421756628,9.83518486059561,9.869843300929737,9.869843300929737,30
0,0,5,不使用 GP,4100,1,0.984,9.764502073568858,9.742836333631688,9.793821381286273,9.793821381286273,30
0,2,6,三个固定 GP 表达式的均值,4125,1,0.77,8.068328776615294,8.068328332085459,8.444164412023516,8.444164412023516,32
0,2,7,三个固定 GP 表达式的均值,4125,1,0.784,8.023779589674712,8.037075826641866,8.419563664397975,8.419563664397975,32
0,0,1,不使用 GP,4125,1,0.736,6.981914290500634,6.981914657311086,7.571862424915987,7.571862424915987,32
0,0,3,不使用 GP,4125,1,0.908,8.865478943486412,8.84694237815225,9.076466078480447,9.076466078480447,32
0,0,4,不使用 GP,4125,1,0.926,9.209889361513241,9.190485566538229,9.351572946846979,9.351572946846979,32
0,3,4,三个固定 GP 表达式的均值,4150,1,0.862,9.12363936760495,9.104699118387977,9.283003128293272,9.283003128293272,32
0,2,6,三个固定 GP 表达式的均值,4150,1,0.908,9.311016860302257,9.291702408158933,9.434794167086325,9.434794167086325,32
0,3,6,三个固定 GP 表达式的均值,4150,1,0.864,8.967685856768924,8.949103287657818,9.158485006205412,9.158485006205412,32
0,2,7,三个固定 GP 表达式的均值,4150,1,0.834,8.988892709984889,8.970471850106456,9.177315998929327,9.177315998929327,32
0,0,1,不使用 GP,4150,1,0.72,7.771592158593999,7.755995693207931,8.204231489801387,8.204231489801387,32
0,1,2,三个固定 GP 表达式的均值,4150,1,0.982,9.782190334855967,9.760504348337388,9.80799322536337,9.80799322536337,28
0,0,3,不使用 GP,4150,1,0.892,9.293107684759986,9.273327758663623,9.41796418602915,9.41796418602915,32
0,3,4,三个固定 GP 表达式的均值,4175,1,0.952,9.57621425785174,9.555564816147191,9.643838196658479,9.643838196658479,32
0,3,6,三个固定 GP 表达式的均值,4175,1,0.894,9.345486589136357,9.325559365383938,9.461555040062088,9.461555040062088,32
0,2,7,三个固定 GP 表达式的均值,4175,1,0.884,9.246002069020854,9.226306332490575,9.38137126054265,9.38137126054265,32
0,0,1,不使用 GP,4175,1,0.802,8.388583857537823,8.371616836861625,8.69747003827515,8.69747003827515,32
0,3,6,三个固定 GP 表达式的均值,4200,1,0.974,9.79737308784058,9.77593928971552,9.82149227889718,9.82149227889718,28
0,2,7,三个固定 GP 表达式的均值,4200,1,0.938,9.893801468420802,9.925219630016816,9.941866469092238,9.941866469092238,32
0,0,1,不使用 GP,4200,1,0.868,8.949978026207987,8.931333922837139,9.144051835030194,9.144051835030194,32
0,0,3,不使用 GP,4200,1,0.974,9.692999001055062,9.67191285697054,9.73703756698952,9.73703756698952,32
0,2,2,三个固定 GP 表达式的均值,4225,1,0.752,8.057293399033137,8.05729415721168,8.43485223888493,8.43485223888493,32
0,3,7,三个固定 GP 表达式的均值,4225,1,0.772,8.077718823844174,8.07771971019514,8.452248543376276,8.452248543376276,32
0,1,0,三个固定 GP 表达式的均值,4225,1,0.74,7.688729078754464,7.694280222546014,8.14437300956737,8.14437300956737,32
0,0,2,不使用 GP,4225,1,0.746,7.209055627110208,7.20905614210985,7.7542470427696815,7.7542470427696815,32
0,0,6,不使用 GP,4225,1,0.754,7.186602366703753,7.186601099062842,7.734653283597242,7.734653283597242,32
0,0,7,不使用 GP,4225,2,0.97,9.673239220705288,9.651786801408168,9.7208128346206,9.7208128346206,32
0,1,7,三个固定 GP 表达式的均值,4225,1,0.72,7.536786127888668,7.53678589366764,8.015490768551683,8.015490768551683,32
0,3,7,三个固定 GP 表达式的均值,4250,1,0.808,8.4601130945805,8.442946408377042,8.755997227028415,8.755997227028415,32
0,0,1,不使用 GP,4250,1,0.91,9.268224062662938,9.24838097736049,9.397821048235567,9.397821048235567,32
0,0,2,不使用 GP,4250,1,0.8,8.270292981688762,8.253547587868015,8.60244276568151,8.60244276568151,32
0,0,6,不使用 GP,4250,1,0.748,8.012750702443498,7.996519010598391,8.398041545552356,8.398041545552356,32
0,1,7,三个固定 GP 表达式的均值,4250,1,0.788,8.684001032525963,8.685115712182315,8.950180302356419,8.950180302356419,32
0,3,7,三个固定 GP 表达式的均值,4275,1,0.86,8.960937473220664,8.942419253294037,9.155744854004913,9.155744854004913,32
0,1,0,三个固定 GP 表达式的均值,4275,1,0.858,9.074163887565268,9.064634288387994,9.253228211976035,9.253228211976035,32
0,0,2,不使用 GP,4275,1,0.862,8.492317681385373,8.474707534872072,8.780649013612244,8.780649013612244,32
0,0,6,不使用 GP,4275,1,0.796,8.232760049885822,8.21584009772654,8.575952422694176,8.575952422694176,32
0,1,7,三个固定 GP 表达式的均值,4275,1,0.84,8.905551117554838,8.927925494386367,9.14381357922568,9.14381357922568,32
0,2,6,三个固定 GP 表达式的均值,4300,1,0.986,10.403560977413703,10.532051447426552,10.428548108983362,10.428548108983362,26
0,2,3,三个固定 GP 表达式的均值,4325,1,0.768,8.01769335325533,8.02345273981056,8.410508419627737,8.410508419627737,32
0,2,4,三个固定 GP 表达式的均值,4325,1,0.764,8.014674454432955,8.020409264254235,8.408665178545116,8.408665178545116,32
0,2,5,三个固定 GP 表达式的均值,4325,1,0.768,8.044214267224753,8.05554169173919,8.437397630662632,8.437397630662632,32
0,1,1,三个固定 GP 表达式的均值,4325,1,0.756,8.158145474608926,8.158146919517208,8.51720357790442,8.51720357790442,32
0,1,5,三个固定 GP 表达式的均值,4325,1,0.808,8.07039837813551,8.070399384827693,8.446609544015965,8.446609544015965,32
0,3,2,三个固定 GP 表达式的均值,4350,1,0.894,9.017490472915949,9.004633219311959,9.205640478755088,9.205640478755088,32
0,2,3,三个固定 GP 表达式的均值,4350,1,0.842,8.667314789768508,8.64950241192359,8.919811324729208,8.919811324729208,32
0,2,4,三个固定 GP 表达式的均值,4350,1,0.906,9.183227194672174,9.164152933556249,9.330742233433346,9.330742233433346,32
0,2,5,三个固定 GP 表达式的均值,4350,1,0.838,8.903447306352161,8.885094099583174,9.10700298128279,9.10700298128279,32
0,3,7,三个固定 GP 表达式的均值,4350,1,0.962,10.08662152753632,10.177744832952156,10.14438229222691,10.14438229222691,32
0,1,1,三个固定 GP 表达式的均值,4350,1,0.844,8.99463619105473,8.976063193053475,9.179828650798315,9.179828650798315,32
0,0,2,不使用 GP,4350,1,0.954,9.580749652177893,9.560117012547183,9.647507629899827,9.647507629899827,32
0,1,5,三个固定 GP 表达式的均值,4350,1,0.76,8.689312882624348,8.67725610168932,8.943458918789359,8.943458918789359,32
0,0,6,不使用 GP,4350,1,0.93,9.510273164732006,9.489812012593024,9.591247210542544,9.591247210542544,32
0,3,2,三个固定 GP 表达式的均值,4375,1,0.92,9.38834295636551,9.368343759997718,9.494225210374223,9.494225210374223,32
0,2,3,三个固定 GP 表达式的均值,4375,1,0.866,9.055161225529053,9.036295963267904,9.227927202907392,9.227927202907392,32
0,2,5,三个固定 GP 表达式的均值,4375,1,0.954,9.529858368850032,9.50960033279569,9.607276335631001,9.607276335631001,32
0,2,7,三个固定 GP 表达式的均值,4375,1,0.988,9.75194418947274,9.730479589319199,9.783899864787724,9.783899864787724,32
0,1,1,三个固定 GP 表达式的均值,4375,1,0.928,9.321398080439538,9.301819588112107,9.441002071395298,9.441002071395298,32
0,0,3,不使用 GP,4375,2,0.944,9.464071449712932,9.443332333020358,9.553693960787607,9.553693960787607,32
0,1,5,三个固定 GP 表达式的均值,4375,1,0.852,8.758055885971292,8.740150148438941,8.991378026903881,8.991378026903881,32
0,1,7,三个固定 GP 表达式的均值,4400,1,0.994,9.868570416499157,9.846474300365742,9.87891957765971,9.87891957765971,32
0,2,0,三个固定 GP 表达式的均值,4425,1,0.778,8.23454408823672,8.240796131269176,8.585264035398465,8.585264035398465,32
0,2,1,三个固定 GP 表达式的均值,4425,1,0.8,8.082955036436196,8.08295527286312,8.455521033042633,8.455521033042633,32
0,3,3,三个固定 GP 表达式的均值,4425,1,0.766,7.966098749987344,7.971722612511898,8.368869534352465,8.368869534352465,32
0,3,5,三个固定 GP 表达式的均值,4425,1,0.754,7.99129909351486,7.996947278730235,8.387647137373401,8.387647137373401,32
0,0,0,不使用 GP,4425,1,0.782,7.551925644306854,7.5579137825507186,8.036865679582538,8.036865679582538,32
0,1,1,三个固定 GP 表达式的均值,4425,1,0.95,9.748830783951348,9.727530243398022,9.7815891142737,9.7815891142737,32
0,1,3,三个固定 GP 表达式的均值,4425,1,0.778,8.169868368760424,8.169869823667453,8.526713320572021,8.526713320572021,32
0,1,5,三个固定 GP 表达式的均值,4425,1,0.972,9.717054148021486,9.69586405324854,9.756284407291838,9.756284407291838,32
0,2,0,三个固定 GP 表达式的均值,4450,1,0.886,9.301450901226476,9.28208506271385,9.425398641363191,9.425398641363191,32
0,2,1,三个固定 GP 表达式的均值,4450,1,0.908,9.295583301464353,9.276346757954311,9.420812464908243,9.420812464908243,32
0,3,5,三个固定 GP 表达式的均值,4450,1,0.834,8.963373100549749,8.944994854365113,9.155117492543729,9.155117492543729,32
0,0,0,不使用 GP,4450,1,0.836,8.523357362616006,8.51614443604313,8.816188834224993,8.816188834224993,32
0,2,0,三个固定 GP 表达式的均值,4475,1,0.956,9.632761953544989,9.611859369965458,9.688945761386261,9.688945761386261,32
0,2,1,三个固定 GP 表达式的均值,4475,1,0.94,9.540674551363583,9.519972787907738,9.615345870378466,9.615345870378466,32
0,3,3,三个固定 GP 表达式的均值,4475,1,0.826,8.950664954866486,8.932160694079199,9.145376566930649,9.145376566930649,32
0,3,5,三个固定 GP 表达式的均值,4475,1,0.866,9.178179468857852,9.158976255575302,9.326764475940834,9.326764475940834,32
0,0,0,不使用 GP,4475,1,0.88,8.740374605210494,8.722118904748829,8.977108663771375,8.977108663771375,32
0,1,3,三个固定 GP 表达式的均值,4475,1,0.898,9.256871318344356,9.2375802266211,9.389529383197463,9.389529383197463,32
0,1,7,三个固定 GP 表达式的均值,4475,1,0.99,9.841821560513559,9.819835220704645,9.855551851367302,9.855551851367302,30
0,3,3,三个固定 GP 表达式的均值,4500,1,0.868,9.257669290750341,9.238002016968926,9.389431646712309,9.389431646712309,32
0,3,5,三个固定 GP 表达式的均值,4500,1,0.948,9.510329673686087,9.489867190557629,9.591304263420845,9.591304263420845,32
0,3,6,三个固定 GP 表达式的均值,4500,2,0.95,10.47113113032064,10.638585446262582,10.513931961181257,10.513931961181257,32
0,0,0,不使用 GP,4500,1,0.904,9.267364625158194,9.247632722820807,9.397515119244305,9.397515119244305,32
0,1,3,三个固定 GP 表达式的均值,4500,1,0.956,9.583587790912004,9.56276152008147,9.649652217465485,9.649652217465485,32
0,0,7,不使用 GP,4525,1,0.768,7.522093105863071,7.52810811354452,8.009702285187336,8.009702285187336,32
0,2,3,三个固定 GP 表达式的均值,4550,1,0.994,9.856090909922232,9.834111845521853,9.866995728432476,9.866995728432476,22
0,0,7,不使用 GP,4550,1,0.786,7.976968425312783,7.960949231861789,8.371056645189105,8.371056645189105,32
0,2,5,三个固定 GP 表达式的均值,4575,1,0.986,9.765315723221406,9.74375043996599,9.794549718153398,9.794549718153398,32
0,0,7,不使用 GP,4575,1,0.776,8.311627320163291,8.301950513046092,8.643658097921909,8.643658097921909,32
0,2,3,三个固定 GP 表达式的均值,4600,2,0.852,8.445797139253461,8.427301675334505,8.739970863334467,8.739970863334467,11
0,0,0,不使用 GP,4600,1,0.98,9.750398448094254,9.728633719398381,9.78242447917849,9.78242447917849,27
0,3,0,三个固定 GP 表达式的均值,4625,1,0.752,7.891859817533088,7.89186154104825,8.301297991967472,8.301297991967472,32
0,1,2,三个固定 GP 表达式的均值,4625,1,0.708,7.786107897475431,7.792239452796237,8.22282023021981,8.22282023021981,32
0,0,4,不使用 GP,4625,1,0.762,7.591503216242261,7.601329311251978,8.069114637457492,8.069114637457492,32
0,1,4,三个固定 GP 表达式的均值,4625,1,0.826,8.086331179029546,8.086331450855901,8.458455747875645,8.458455747875645,32
0,0,5,不使用 GP,4625,1,0.734,7.453377557077051,7.45939450337557,7.95668040917524,7.95668040917524,32
0,3,0,三个固定 GP 表达式的均值,4650,1,0.854,9.117243447253236,9.098536008218133,9.27824483000983,9.27824483000983,32
0,3,1,三个固定 GP 表达式的均值,4650,1,0.822,8.704829823278187,8.687059306062658,8.948453633366812,8.948453633366812,32
0,3,3,三个固定 GP 表达式的均值,4650,1,0.98,9.75154119273323,9.729849443162399,9.783415041708784,9.783415041708784,27
0,1,1,三个固定 GP 表达式的均值,4650,2,0.962,9.718419837649217,9.69688410498346,9.756976638378589,9.756976638378589,32
0,1,2,三个固定 GP 表达式的均值,4650,1,0.844,8.96296495053003,8.95023544048081,9.160223806035942,9.160223806035942,32
0,1,4,三个固定 GP 表达式的均值,4650,1,0.874,9.198359638408084,9.17943741784625,9.344078593029272,9.344078593029272,32
0,0,5,不使用 GP,4650,1,0.748,8.147572776379226,8.131085406724763,8.50571210547951,8.50571210547951,32
0,0,7,不使用 GP,4650,1,0.94,9.81131009603291,9.893921743993651,9.916982423754622,9.916982423754622,32
0,3,0,三个固定 GP 表达式的均值,4675,1,0.946,9.460122847086248,9.439863497473722,9.551331980163285,9.551331980163285,32
0,3,1,三个固定 GP 表达式的均值,4675,1,0.918,9.411632051185546,9.391709401194557,9.512759692422506,9.512759692422506,32
0,1,2,三个固定 GP 表达式的均值,4675,1,0.906,9.193715951699152,9.17447905554985,9.339287092130432,9.339287092130432,32
0,0,4,不使用 GP,4675,1,0.86,8.75978699839368,8.749004701811488,9.00247507762544,9.00247507762544,32
0,1,4,三个固定 GP 表达式的均值,4675,1,0.91,9.469764299898316,9.449415002914542,9.558921941038284,9.558921941038284,32
0,0,5,不使用 GP,4675,1,0.786,8.329810783171943,8.31274423540786,8.649670141729619,8.649670141729619,32
0,0,7,不使用 GP,4700,1,0.992,9.71443702505304,9.693111564309628,9.75600743476568,9.75600743476568,32
0,3,1,三个固定 GP 表达式的均值,4725,1,0.986,9.815950429779994,9.794254863201227,9.835054197182172,9.835054197182172,27
0,3,4,三个固定 GP 表达式的均值,4725,1,0.77,7.761134927981425,7.761135787799301,8.198451269207123,8.198451269207123,32
0,2,7,三个固定 GP 表达式的均值,4725,1,0.798,8.06502797662332,8.077673065040868,8.455025392589494,8.455025392589494,32
0,0,3,不使用 GP,4725,1,0.716,7.06341235835478,7.063412068731476,7.636792585817569,7.636792585817569,32
0,1,4,三个固定 GP 表达式的均值,4725,1,0.986,9.836897427241427,9.815167153256056,9.851810801149409,9.851810801149409,27
0,0,5,不使用 GP,4725,1,0.894,8.87490198810243,8.856376855249382,9.084463367457005,9.084463367457005,32
0,1,6,三个固定 GP 表达式的均值,4725,1,0.772,8.199506661291629,8.199506534237027,8.550057932556498,8.550057932556498,32
0,2,7,三个固定 GP 表达式的均值,4750,1,0.858,8.785839790791798,8.767809339142826,9.013428345775393,9.013428345775393,32
0,0,3,不使用 GP,4750,1,0.772,8.129541049065272,8.113193831076948,8.493638088927199,8.493638088927199,32
0,0,5,不使用 GP,4750,1,0.944,9.332182613403264,9.312110331032981,9.448814130029422,9.448814130029422,32
0,1,6,三个固定 GP 表达式的均值,4750,1,0.84,9.074566213347929,9.055736552181045,9.245868301133083,9.245868301133083,32
0,0,7,不使用 GP,4750,1,0.992,9.876147696720544,9.854125730849912,9.885029786237265,9.885029786237265,28
0,3,4,三个固定 GP 表达式的均值,4775,1,0.896,9.069592562904193,9.050511001512557,9.239943332588407,9.239943332588407,32
0,2,6,三个固定 GP 表达式的均值,4775,1,0.896,9.288660088126965,9.268921820905978,9.416325579596203,9.416325579596203,32
0,2,7,三个固定 GP 表达式的均值,4775,1,0.894,9.3706982978272,9.383023305909274,9.507903341565896,9.507903341565896,32
0,0,3,不使用 GP,4775,1,0.806,8.326380117428789,8.309303479163743,8.64829827529983,8.64829827529983,32
0,1,6,三个固定 GP 表达式的均值,4775,1,0.872,9.258707286897033,9.250556769535041,9.40076073071115,9.40076073071115,32
0,3,4,三个固定 GP 表达式的均值,4800,1,0.97,9.649218127440992,9.62847680273875,9.702247429851981,9.702247429851981,32
0,2,6,三个固定 GP 表达式的均值,4800,1,0.908,9.514208886171584,9.493468320224848,9.596840036176003,9.596840036176003,32
0,2,7,三个固定 GP 表达式的均值,4800,1,0.98,9.782680841140046,9.761280582858474,9.81065827010499,9.81065827010499,32
0,0,3,不使用 GP,4800,1,0.834,8.591423468035602,8.573487064295486,8.858112883239409,8.858112883239409,32
0,1,4,三个固定 GP 表达式的均值,4800,1,0.972,9.707737981576965,9.686171697770009,9.748386140204893,9.748386140204893,29
0,0,5,不使用 GP,4800,1,0.982,9.777942735719783,9.756211219236588,9.804545605200941,9.804545605200941,32
0,1,6,三个固定 GP 表达式的均值,4800,1,0.924,9.524340513305523,9.503794548942269,9.603560248730208,9.603560248730208,32
0,2,2,三个固定 GP 表达式的均值,4825,1,0.772,7.9647657869014505,7.9718689161409735,8.367212958371972,8.367212958371972,32
0,3,2,三个固定 GP 表达式的均值,4825,1,0.752,7.96659301790756,7.966593161196313,8.365688812497039,8.365688812497039,32
0,0,1,不使用 GP,4825,1,0.744,7.291217389543764,7.291217555573161,7.817215540009851,7.817215540009851,32
0,0,2,不使用 GP,4825,1,0.724,7.013915367890527,7.019952600156308,7.600505395046658,7.600505395046658,32
0,2,2,三个固定 GP 表达式的均值,4850,1,0.874,8.988168736260146,8.96970136336184,9.174905148671849,9.174905148671849,32
0,3,2,三个固定 GP 表达式的均值,4850,1,0.786,8.438322953261206,8.421041479734557,8.737409799736211,8.737409799736211,32
0,3,4,三个固定 GP 表达式的均值,4850,1,0.988,9.802041831146742,9.780257735811201,9.823818492031513,9.823818492031513,20
0,1,0,三个固定 GP 表达式的均值,4850,1,0.924,9.279814279400277,9.260675549116128,9.407944059748347,9.407944059748347,32
0,0,1,不使用 GP,4850,1,0.768,7.846286584513712,7.838660365006528,8.27313166442885,8.27313166442885,32
0,0,2,不使用 GP,4850,1,0.784,8.231898945997957,8.215424950211357,8.572078930946983,8.572078930946983,32
0,0,3,不使用 GP,4850,1,0.944,9.525739537156213,9.505083530778457,9.603320014918031,9.603320014918031,32
0,1,6,三个固定 GP 表达式的均值,4850,1,0.994,9.839902968693186,9.818031305400984,9.85563798958972,9.85563798958972,31
0,3,0,三个固定 GP 表达式的均值,4875,2,0.956,9.635983292410241,9.614777971597956,9.691186682952763,9.691186682952763,32
0,3,2,三个固定 GP 表达式的均值,4875,1,0.886,9.240398790965761,9.22127260919158,9.3765892516499,9.3765892516499,32
0,1,0,三个固定 GP 表达式的均值,4875,1,0.986,9.654069776614552,9.633053923759759,9.705919864844411,9.705919864844411,32
0,0,1,不使用 GP,4875,1,0.8,8.358056502016867,8.349200331664502,8.682278129324573,8.682278129324573,32
0,0,2,不使用 GP,4875,1,0.846,8.564473755224602,8.55490451955842,8.845038221057694,8.845038221057694,32
0,1,4,三个固定 GP 表达式的均值,4875,2,0.99,9.792169582316617,9.770591504986866,9.816075087367329,9.816075087367329,32
0,2,6,三个固定 GP 表达式的均值,4900,1,0.984,10.356860931845398,10.47671400851463,10.38420515633849,10.38420515633849,32
0,2,3,三个固定 GP 表达式的均值,4925,1,0.752,8.051703144714,8.057514910311763,8.436386848516365,8.436386848516365,32
0,2,4,三个固定 GP 表达式的均值,4925,1,0.804,8.093838754868475,8.105435750978994,8.478099282494723,8.478099282494723,32
0,2,5,三个固定 GP 表达式的均值,4925,1,0.788,8.038772013739838,8.044448524550058,8.425058779430522,8.425058779430522,32
0,3,6,三个固定 GP 表达式的均值,4925,1,0.78,8.121817004316188,8.127475339239464,8.494823611254782,8.494823611254782,32
0,3,7,三个固定 GP 表达式的均值,4925,1,0.744,7.9393871372003675,7.93938876141052,8.342473722791283,8.342473722791283,32
0,1,5,三个固定 GP 表达式的均值,4925,1,0.782,8.204908079961886,8.21045457058345,8.561942822756272,8.561942822756272,32
0,0,6,不使用 GP,4925,1,0.766,7.453337791370961,7.4654135981572844,7.965466420911809,7.965466420911809,32
0,2,3,三个固定 GP 表达式的均值,4950,1,0.832,8.522046060987806,8.504554596857766,8.802715271050335,8.802715271050335,32
0,2,4,三个固定 GP 表达式的均值,4950,1,0.892,9.388245765526342,9.368710972653902,9.494467485900014,9.494467485900014,32
0,3,6,三个固定 GP 表达式的均值,4950,1,0.91,9.361928549232095,9.342470638773698,9.47570383860475,9.47570383860475,32
0,0,1,不使用 GP,4950,1,0.926,9.414197208463747,9.394001019615539,9.51425500492178,9.51425500492178,32
0,0,4,不使用 GP,4950,2,0.966,9.64482912492746,9.623464961013253,9.698115544214367,9.698115544214367,32
0,1,5,三个固定 GP 表达式的均值,4950,1,0.826,8.834063427023777,8.831446414157123,9.065560323646325,9.065560323646325,32
0,0,6,不使用 GP,4950,1,0.808,8.202731134205607,8.186029574276281,8.54762933121823,8.54762933121823,32
0,2,3,三个固定 GP 表达式的均值,4975,1,0.854,8.746836607354972,8.728803466176613,8.98303081980342,8.98303081980342,32
0,3,4,三个固定 GP 表达式的均值,4975,1,0.98,9.8017454137865,9.780249088514356,9.82382227547775,9.82382227547775,31
0,2,5,三个固定 GP 表达式的均值,4975,1,0.936,9.445430173348608,9.431509259924704,9.546012698434838,9.546012698434838,32
0,3,6,三个固定 GP 表达式的均值,4975,1,0.924,9.418586213290302,9.398397387812976,9.519290142127536,9.519290142127536,32
0,3,7,三个固定 GP 表达式的均值,4975,1,0.872,9.048742979801428,9.071658458097946,9.260519044556492,9.260519044556492,32
0,0,3,不使用 GP,4975,1,0.982,9.768133411944,9.74640631172021,9.796676316229233,9.796676316229233,27
0,1,5,三个固定 GP 表达式的均值,4975,1,0.88,9.164600618328892,9.161044264256292,9.330424607404694,9.330424607404694,32
0,0,6,不使用 GP,4975,1,0.782,8.34378705886994,8.326599772013655,8.66104763434991,8.66104763434991,32
0,2,7,三个固定 GP 表达式的均值,5000,1,0.946,9.612041024333921,9.591055826236236,9.67213467036533,9.67213467036533,32
1,2,0,三个固定 GP 表达式的均值,25,1,0.76,7.859974532269465,7.859975168532486,8.278477744218002,8.278477744218002,32
1,3,0,三个固定 GP 表达式的均值,25,1,0.782,7.958240528114263,7.9636052036204354,8.363226416125285,8.363226416125285,32
1,2,1,三个固定 GP 表达式的均值,25,1,0.764,8.363018836149536,8.363019461297782,8.682091645255868,8.682091645255868,32
1,3,2,三个固定 GP 表达式的均值,25,1,0.762,7.821017933006712,7.821016844667121,8.24684208649994,8.24684208649994,32
1,3,3,三个固定 GP 表达式的均值,25,1,0.768,7.775421278970987,7.775420924503126,8.20855136289087,8.20855136289087,32
1,2,4,三个固定 GP 表达式的均值,25,1,0.782,8.220007260280477,8.220005423221176,8.568345752226989,8.568345752226989,32
1,3,4,三个固定 GP 表达式的均值,25,1,0.8,8.20078561034781,8.20078450913339,8.5513204395276,8.5513204395276,32
1,2,5,三个固定 GP 表达式的均值,25,1,0.788,8.135745760898995,8.141685281723129,8.505949803444723,8.505949803444723,32
1,3,5,三个固定 GP 表达式的均值,25,1,0.748,7.959913098921397,7.965163634072117,8.366047294724508,8.366047294724508,32
1,3,6,三个固定 GP 表达式的均值,25,1,0.75,7.8297967250965215,7.829795660800917,8.25467315946896,8.25467315946896,32
1,3,7,三个固定 GP 表达式的均值,25,1,0.768,7.976560722217177,7.99112418471993,8.38554490930108,8.38554490930108,32
1,1,0,三个固定 GP 表达式的均值,25,1,0.752,8.05453163093967,8.059821066511072,8.439722821981997,8.439722821981997,32
1,1,1,三个固定 GP 表达式的均值,25,1,0.752,8.05219235548892,8.052193009784173,8.434614027104633,8.434614027104633,32
1,0,2,不使用 GP,25,1,0.752,6.964174975015142,6.964174300239273,7.558939766148651,7.558939766148651,32
1,1,2,三个固定 GP 表达式的均值,25,1,0.766,7.722165157061756,7.7221641340655465,8.165823490821033,8.165823490821033,32
1,0,3,不使用 GP,25,1,0.734,7.32735776642673,7.327357534877754,7.84866560184597,7.84866560184597,32
1,1,3,三个固定 GP 表达式的均值,25,1,0.752,7.941971190976767,7.941970720623959,8.343360410929636,8.343360410929636,32
1,0,4,不使用 GP,25,1,0.742,7.280053344942983,7.285762809675282,7.820203016131706,7.820203016131706,32
1,1,5,三个固定 GP 表达式的均值,25,1,0.814,8.326177033886403,8.326177432575713,8.65353652956586,8.65353652956586,32
1,0,7,不使用 GP,25,1,0.73,6.855311123251696,6.855311350383434,7.471381922935379,7.471381922935379,32
1,1,7,三个固定 GP 表达式的均值,25,1,0.762,8.035080572683642,8.040326919296453,8.424882623367065,8.424882623367065,32
1,2,0,三个固定 GP 表达式的均值,50,1,0.826,8.98018784168492,8.962024051900041,9.169077202865854,9.169077202865854,32
1,3,0,三个固定 GP 表达式的均值,50,1,0.844,8.872563741815453,8.877087545338403,9.105841071233352,9.105841071233352,32
1,2,1,三个固定 GP 表达式的均值,50,1,0.812,8.826385727689576,8.80841677082429,9.046004006527236,9.046004006527236,32
1,3,1,三个固定 GP 表达式的均值,50,1,0.84,8.876942704064685,8.859211348155508,9.086957286786532,9.086957286786532,32
1,2,2,三个固定 GP 表达式的均值,50,1,0.874,8.981511847024718,8.963289271830478,9.16964813647678,9.16964813647678,32
1,3,2,三个固定 GP 表达式的均值,50,1,0.878,8.971780272178085,8.95364232401144,9.162997128167316,9.162997128167316,32
1,2,3,三个固定 GP 表达式的均值,50,1,0.884,9.096448166760169,9.077957595171009,9.262439853770472,9.262439853770472,32
1,3,3,三个固定 GP 表达式的均值,50,1,0.8,8.648925544742058,8.631720173409692,8.904143240533976,8.904143240533976,32
1,2,4,三个固定 GP 表达式的均值,50,1,0.914,9.124870251115166,9.106114821665617,9.28442506882606,9.28442506882606,32
1,3,4,三个固定 GP 表达式的均值,50,1,0.84,9.038942449720011,9.020837658983654,9.21555486743476,9.21555486743476,32
1,2,5,三个固定 GP 表达式的均值,50,1,0.872,9.24424207766872,9.225399040737653,9.380804344717056,9.380804344717056,32
1,3,5,三个固定 GP 表达式的均值,50,1,0.804,8.551295967363838,8.534524279872938,8.826018936248222,8.826018936248222,32
1,2,6,三个固定 GP 表达式的均值,50,1,0.916,9.283591427358179,9.264429456948923,9.411197162792307,9.411197162792307,32
1,3,6,三个固定 GP 表达式的均值,50,1,0.822,8.959894865653366,8.957551991175809,9.168707687807734,9.168707687807734,32
1,2,7,三个固定 GP 表达式的均值,50,1,0.814,8.788542141619269,8.771097380716936,9.016377616918506,9.016377616918506,32
1,3,7,三个固定 GP 表达式的均值,50,1,0.8,8.75387055516113,8.76908748212277,9.018534356964706,9.018534356964706,32
1,0,0,不使用 GP,50,1,0.774,8.04101735078742,8.035069687502704,8.430765562638166,8.430765562638166,32
1,1,0,三个固定 GP 表达式的均值,50,1,0.908,9.336385780845099,9.317543296950747,9.453396425365355,9.453396425365355,32
1,0,1,不使用 GP,50,1,0.752,8.015470553848068,8.005771413445272,8.40452178653742,8.40452178653742,32
1,1,1,三个固定 GP 表达式的均值,50,1,0.814,8.926723750734581,8.90890459132458,9.12613522408456,9.12613522408456,32
1,0,2,不使用 GP,50,1,0.828,8.364970832697916,8.34829997010543,8.679589769101979,8.679589769101979,32
1,1,2,三个固定 GP 表达式的均值,50,1,0.808,8.654291256846257,8.637136638112757,8.9096270567384,8.9096270567384,32
1,0,3,不使用 GP,50,1,0.748,7.8842492269635125,7.8875558347902,8.317134051199234,8.317134051199234,32
1,0,4,不使用 GP,50,1,0.84,8.27150377572439,8.255274726808684,8.60437701652786,8.60437701652786,32
1,1,4,三个固定 GP 表达式的均值,50,1,0.822,8.807461455290937,8.78992632441783,9.031640897525453,9.031640897525453,32
1,0,5,不使用 GP,50,1,0.774,8.077717889761097,8.07551247813165,8.466915089442248,8.466915089442248,32
1,0,6,不使用 GP,50,1,0.798,8.454086622524114,8.456167925758107,8.76758376362817,8.76758376362817,32
1,1,6,三个固定 GP 表达式的均值,50,1,0.842,9.016588792502919,9.013937867370002,9.211681323206019,9.211681323206019,32
1,0,7,不使用 GP,50,1,0.782,8.10888091128261,8.093311630965264,8.479666517589218,8.479666517589218,32
1,2,0,三个固定 GP 表达式的均值,75,1,0.922,9.346546674872672,9.327074136838013,9.46104544269661,9.46104544269661,32
1,3,0,三个固定 GP 表达式的均值,75,1,0.846,8.959197107187146,8.941014848432896,9.152460252729762,9.152460252729762,32
1,2,1,三个固定 GP 表达式的均值,75,1,0.948,9.530065056387317,9.51005019211281,9.607538128490107,9.607538128490107,32
1,3,1,三个固定 GP 表达式的均值,75,1,0.86,8.95299774495217,8.934660731279928,9.146732121861769,9.146732121861769,32
1,3,2,三个固定 GP 表达式的均值,75,1,0.872,9.044790988624863,9.026277207054438,9.22135917202869,9.22135917202869,32
1,2,3,三个固定 GP 表达式的均值,75,1,0.854,9.040657873557523,9.021932060084586,9.216925231876399,9.216925231876399,32
1,3,3,三个固定 GP 表达式的均值,75,1,0.852,8.78259562536525,8.764793916529474,9.011311556197812,9.011311556197812,32
1,2,4,三个固定 GP 表达式的均值,75,1,0.994,9.805881918208932,9.784679914013418,9.827404634572586,9.827404634572586,29
1,3,4,三个固定 GP 表达式的均值,75,1,0.904,9.43438415809676,9.419709434150738,9.537376261251557,9.537376261251557,32
1,2,5,三个固定 GP 表达式的均值,75,1,0.962,9.540044379124396,9.519637739541823,9.61508725327466,9.61508725327466,32
1,3,5,三个固定 GP 表达式的均值,75,1,0.816,8.885530964642781,8.87351165978129,9.099374574356377,9.099374574356377,32
1,2,6,三个固定 GP 表达式的均值,75,1,0.994,9.8436635111591,9.822242793251498,9.858698776609442,9.858698776609442,25
1,3,6,三个固定 GP 表达式的均值,75,1,0.87,9.041997048483838,9.023302730677266,9.218024470183158,9.218024470183158,32
1,3,7,三个固定 GP 表达式的均值,75,1,0.806,8.868867371322766,8.85833585565187,9.090921375253703,9.090921375253703,32
1,1,0,三个固定 GP 表达式的均值,75,1,0.946,9.550952404981551,9.530737933144762,9.624129291050695,9.624129291050695,32
1,0,1,不使用 GP,75,1,0.788,8.049784534655993,8.033905218151427,8.425567284522188,8.425567284522188,32
1,0,2,不使用 GP,75,1,0.874,8.521975544083752,8.504648354511309,8.803223686785264,8.803223686785264,32
1,1,2,三个固定 GP 表达式的均值,75,1,0.866,9.163818572656922,9.14523212721643,9.31568627152379,9.31568627152379,32
1,0,3,不使用 GP,75,1,0.826,8.353183904850045,8.342625903318632,8.67684206918453,8.67684206918453,32
1,1,3,三个固定 GP 表达式的均值,75,1,0.872,9.031371783870323,9.012941653209129,9.2098752757654,9.2098752757654,32
1,0,4,不使用 GP,75,1,0.898,8.869669177710165,8.85150054968775,9.080352281711574,9.080352281711574,32
1,0,5,不使用 GP,75,1,0.816,8.227712516196167,8.211603689978661,8.572060333914559,8.572060333914559,32
1,1,5,三个固定 GP 表达式的均值,75,1,0.876,8.945069090644202,8.926939352751248,9.140960679814093,9.140960679814093,32
1,0,6,不使用 GP,75,1,0.826,8.583298952766363,8.600582302477248,8.882555875715523,8.882555875715523,32
1,1,6,三个固定 GP 表达式的均值,75,1,0.97,9.659325752948751,9.638681177917121,9.712583104063848,9.712583104063848,32
1,0,7,不使用 GP,75,1,0.79,8.175797874348385,8.203022631739206,8.565934216298546,8.565934216298546,32
1,1,7,三个固定 GP 表达式的均值,75,1,0.806,8.939472591375273,8.977070621095294,9.18440972469975,9.18440972469975,32
1,3,1,三个固定 GP 表达式的均值,150,1,0.968,9.525512935307727,9.504944722260102,9.603379940094777,9.603379940094777,32
1,0,0,不使用 GP,150,1,0.988,9.80577550537845,9.78439220046531,9.827160348304593,9.827160348304593,32
1,0,3,不使用 GP,150,1,0.944,9.658080971232357,9.637516520699815,9.70949673955709,9.70949673955709,32
1,1,4,三个固定 GP 表达式的均值,150,1,0.964,9.75296347930271,9.731676949530735,9.78495739186899,9.78495739186899,32
1,0,5,不使用 GP,150,1,0.854,8.731032124938517,8.713023713453813,8.96993905855237,8.96993905855237,32
1,1,5,三个固定 GP 表达式的均值,150,1,0.984,9.794966453793648,9.773352158533308,9.818297695635167,9.818297695635167,28
1,0,6,不使用 GP,150,1,0.916,9.450246888556475,9.448680950258147,9.56028336224119,9.56028336224119,32
1,0,7,不使用 GP,150,1,0.916,9.412378672062598,9.392689306737008,9.515431481650575,9.515431481650575,32
1,1,7,三个固定 GP 表达式的均值,150,1,0.966,9.61786204148035,9.597198762120334,9.67942827425083,9.67942827425083,32
1,1,4,三个固定 GP 表达式的均值,200,1,0.98,9.798870550905992,9.777233537005317,9.82140320118233,9.82140320118233,32
1,0,5,不使用 GP,200,1,0.98,9.579507723814235,9.559274520868195,9.646933569043926,9.646933569043926,32
1,0,6,不使用 GP,200,1,0.98,9.751563229985537,9.730446071639411,9.785949163151292,9.785949163151292,32
1,1,7,三个固定 GP 表达式的均值,200,1,0.99,9.842269061411022,9.820412952690717,9.858024630407765,9.858024630407765,31
1,3,3,三个固定 GP 表达式的均值,250,1,0.988,9.842751921257161,9.820911498928858,9.856413618433121,9.856413618433121,29
1,2,2,三个固定 GP 表达式的均值,275,1,0.992,9.843343139195301,9.821474360034452,9.856870515800123,9.856870515800123,25
1,3,4,三个固定 GP 表达式的均值,275,1,0.978,9.735828130876135,9.714216499657082,9.77086746607135,9.77086746607135,23
1,1,4,三个固定 GP 表达式的均值,275,1,0.986,9.83976340631218,9.817921791468875,9.854021988115912,9.854021988115912,32
1,3,3,三个固定 GP 表达式的均值,350,1,0.986,9.798746917579622,9.777015338781927,9.821218398969444,9.821218398969444,24
1,0,6,不使用 GP,350,1,0.99,9.841349099902777,9.81944967009991,9.857225644244737,9.857225644244737,26
1,2,7,三个固定 GP 表达式的均值,375,1,0.99,9.841357868301936,9.819468657259204,9.855271483364552,9.855271483364552,20
1,3,2,三个固定 GP 表达式的均值,425,1,0.974,9.74553745535564,9.723903647846775,9.778656417493925,9.778656417493925,29
1,2,5,三个固定 GP 表达式的均值,525,1,0.81,8.160853083678065,8.166500380323036,8.526630788539626,8.526630788539626,32
1,3,5,三个固定 GP 表达式的均值,525,1,0.772,8.084780785006378,8.084781046496854,8.459888830483468,8.459888830483468,32
1,1,5,三个固定 GP 表达式的均值,525,1,0.76,7.743593443525263,7.74359347704342,8.18103320813411,8.18103320813411,32
1,2,1,三个固定 GP 表达式的均值,550,1,0.88,9.118242978261746,9.099355356954588,9.278770646151202,9.278770646151202,32
1,2,5,三个固定 GP 表达式的均值,550,1,0.864,9.110286243479251,9.091376233433015,9.273016941185665,9.273016941185665,32
1,3,5,三个固定 GP 表达式的均值,550,1,0.848,8.84860584040463,8.830563283486113,9.063767350652366,9.063767350652366,32
1,3,6,三个固定 GP 表达式的均值,550,1,0.804,8.543232917693413,8.52557365269051,8.820121277682144,8.820121277682144,32
1,0,4,不使用 GP,550,1,0.786,8.102104627443586,8.085670188364984,8.468585320382946,8.468585320382946,32
1,1,5,三个固定 GP 表达式的均值,550,1,0.824,8.918617390221646,8.900510514612236,9.120385971102962,9.120385971102962,32
1,2,1,三个固定 GP 表达式的均值,575,1,0.958,9.737622171909283,9.716657256999168,9.77295464662382,9.77295464662382,32
1,3,5,三个固定 GP 表达式的均值,575,1,0.906,8.999001419658457,8.980530278371754,9.184021101879619,9.184021101879619,32
1,3,6,三个固定 GP 表达式的均值,575,1,0.828,8.969225965628278,8.96889057155941,9.177513743389067,9.177513743389067,32
1,0,4,不使用 GP,575,1,0.804,8.252633681577167,8.235749016674495,8.587789319918022,8.587789319918022,32
1,1,5,三个固定 GP 表达式的均值,575,1,0.85,9.119294400612207,9.100336708863095,9.279598976052293,9.279598976052293,32
1,1,7,三个固定 GP 表达式的均值,575,1,0.984,9.87963136881981,9.857688920216862,9.88590111608073,9.88590111608073,28
1,3,5,三个固定 GP 表达式的均值,600,1,0.87,9.344902854091293,9.325230826657526,9.459734149802033,9.459734149802033,32
1,3,6,三个固定 GP 表达式的均值,600,1,0.876,9.214994430634698,9.195491970712505,9.355660283205784,9.355660283205784,32
1,3,3,三个固定 GP 表达式的均值,625,1,0.774,8.045845719604369,8.045846748178793,8.42815930461926,8.42815930461926,32
1,2,4,三个固定 GP 表达式的均值,625,1,0.74,7.9239696332828835,7.923970747198717,8.328727695262462,8.328727695262462,32
1,0,0,不使用 GP,625,1,0.754,7.560907523038642,7.560907126583145,8.036486235645539,8.036486235645539,32
1,1,2,三个固定 GP 表达式的均值,625,1,0.774,7.924686061185264,7.930247887069137,8.335172034630443,8.335172034630443,32
1,3,0,三个固定 GP 表达式的均值,650,1,0.822,8.87987880621545,8.861790961060771,9.088853673759107,9.088853673759107,32
1,2,4,三个固定 GP 表达式的均值,650,1,0.862,8.768159185076525,8.750059203796726,8.998922603878446,8.998922603878446,32
1,3,5,三个固定 GP 表达式的均值,650,1,0.994,9.812562055947426,9.791130762324357,9.83257616434144,9.83257616434144,32
1,3,6,三个固定 GP 表达式的均值,650,1,0.994,9.830032971428803,9.824195202965909,9.861063712160396,9.861063712160396,32
1,0,0,不使用 GP,650,1,0.79,8.19942692691012,8.182830941739727,8.546204529626614,8.546204529626614,32
1,1,1,三个固定 GP 表达式的均值,650,1,0.91,9.073578836148652,9.054861579789906,9.243490413834422,9.243490413834422,32
1,1,2,三个固定 GP 表达式的均值,650,1,0.844,8.88680030019911,8.86855148399032,9.095399696707538,9.095399696707538,32
1,1,5,三个固定 GP 表达式的均值,650,1,0.98,9.77014009965133,9.748427307846093,9.798338509282084,9.798338509282084,32
1,1,6,三个固定 GP 表达式的均值,650,1,0.8,8.671214433000747,8.653462234923854,8.923660498767203,8.923660498767203,32
1,3,0,三个固定 GP 表达式的均值,675,1,0.91,9.275763415409902,9.25636143125198,9.404641082416363,9.404641082416363,32
1,3,3,三个固定 GP 表达式的均值,675,1,0.832,8.930793369518103,8.918068320961138,9.13660289920736,9.13660289920736,32
1,2,4,三个固定 GP 表达式的均值,675,1,0.906,9.312889787903684,9.293357137818933,9.43431461272653,9.43431461272653,32
1,0,0,不使用 GP,675,1,0.848,8.613375656400512,8.595579181097944,8.875741651431573,8.875741651431573,32
1,1,2,三个固定 GP 表达式的均值,675,1,0.88,9.121554273049748,9.102393025751297,9.281532419407354,9.281532419407354,32
1,1,6,三个固定 GP 表达式的均值,675,1,0.89,9.203951344738577,9.18485397655827,9.350545077757547,9.350545077757547,32
1,3,6,三个固定 GP 表达式的均值,700,1,0.992,9.851499009569759,9.829592046136101,9.864448643963835,9.864448643963835,24
1,1,7,三个固定 GP 表达式的均值,700,1,0.974,9.746322001936713,9.724702033404842,9.779273930915064,9.779273930915064,30
1,3,2,三个固定 GP 表达式的均值,725,1,0.768,8.056808906782363,8.062454959665539,8.442460461226375,8.442460461226375,32
1,2,3,三个固定 GP 表达式的均值,725,1,0.8,8.200090853490584,8.200089606764022,8.551130344651837,8.551130344651837,32
1,3,4,三个固定 GP 表达式的均值,725,1,0.792,8.0984437221057,8.098443016613304,8.469898988906046,8.469898988906046,32
1,2,7,三个固定 GP 表达式的均值,725,1,0.782,8.01691587208799,8.016914540297597,8.404129944563826,8.404129944563826,32
1,0,1,不使用 GP,725,1,0.768,7.299452668705864,7.2994532804493195,7.825728092539803,7.825728092539803,32
1,0,3,不使用 GP,725,1,0.706,7.360591219876032,7.360590554243421,7.873045681303089,7.873045681303089,32
1,1,4,三个固定 GP 表达式的均值,725,1,0.764,8.06368646837966,8.070363875643089,8.449899768726477,8.449899768726477,32
1,0,7,不使用 GP,725,1,0.71,7.039257143638985,7.03925724109387,7.615809588688554,7.615809588688554,32
1,2,0,三个固定 GP 表达式的均值,750,1,0.872,9.054560613702181,9.035869836653726,9.228309400831693,9.228309400831693,32
1,3,2,三个固定 GP 表达式的均值,750,1,0.838,8.882118006431954,8.86380066847311,9.090134979085825,9.090134979085825,32
1,2,3,三个固定 GP 表达式的均值,750,1,0.932,9.253226825082656,9.233894081667408,9.386360420842927,9.386360420842927,32
1,3,3,三个固定 GP 表达式的均值,750,1,0.98,9.766215786256708,9.744805527016023,9.795477955161092,9.795477955161092,32
1,0,0,不使用 GP,750,1,0.972,9.772239704717125,9.750781410470161,9.802190882757968,9.802190882757968,32
1,0,1,不使用 GP,750,1,0.78,8.183954104005624,8.167662197399093,8.532088588778961,8.532088588778961,32
1,0,2,不使用 GP,750,1,0.84,8.66985822868564,8.652490199808042,8.92261146070745,8.92261146070745,32
1,0,3,不使用 GP,750,1,0.75,8.16809471233781,8.151741070979032,8.520652998746087,8.520652998746087,32
1,1,3,三个固定 GP 表达式的均值,750,1,0.842,8.904154950187948,8.885916448377309,9.107529823612639,9.107529823612639,32
1,1,4,三个固定 GP 表达式的均值,750,1,0.86,9.15727405770156,9.138378358733213,9.309870839881487,9.309870839881487,32
1,1,6,三个固定 GP 表达式的均值,750,1,0.988,9.798532412939991,9.776998046219049,9.82122645324223,9.82122645324223,32
1,2,0,三个固定 GP 表达式的均值,775,1,0.866,9.191356557325431,9.172130205758023,9.337094237382251,9.337094237382251,32
1,3,2,三个固定 GP 表达式的均值,775,1,0.884,9.104228853176027,9.085125659656674,9.267371621365621,9.267371621365621,32
1,2,7,三个固定 GP 表达式的均值,775,1,0.892,9.362575030351874,9.34287149240099,9.473559359522094,9.473559359522094,32
1,0,1,不使用 GP,775,1,0.766,8.236021696386569,8.21928150070954,8.574467520539642,8.574467520539642,32
1,0,2,不使用 GP,775,1,0.854,8.578260428694108,8.560333961489293,8.848308773314582,8.848308773314582,32
1,0,3,不使用 GP,775,1,0.792,8.149658080865436,8.133099032828685,8.50591454066749,8.50591454066749,32
1,0,7,不使用 GP,775,1,0.786,8.142250071682781,8.161508800505926,8.530886507817149,8.530886507817149,32
1,2,2,三个固定 GP 表达式的均值,825,1,0.798,8.14973992672577,8.149739969852453,8.510968474707507,8.510968474707507,32
1,3,2,三个固定 GP 表达式的均值,825,1,0.978,9.721492213226828,9.700024739108358,9.759530726368244,9.759530726368244,31
1,3,4,三个固定 GP 表达式的均值,825,1,0.99,9.809280396850147,9.787627768828106,9.829751622260671,9.829751622260671,27
1,2,6,三个固定 GP 表达式的均值,825,1,0.814,7.971003604948513,7.9710038904923435,8.367465904842259,8.367465904842259,32
1,0,1,不使用 GP,825,1,0.922,9.176143154413882,9.156818296688098,9.324565980652983,9.324565980652983,32
1,0,2,不使用 GP,825,1,0.862,9.133722436247393,9.114282837819337,9.290436631850888,9.290436631850888,32
1,0,3,不使用 GP,825,1,0.802,8.566756955990648,8.54914612444233,8.839001969454475,8.839001969454475,32
1,1,3,三个固定 GP 表达式的均值,825,1,0.944,9.681425895600196,9.660645439481245,9.728079493007527,9.728079493007527,32
1,1,4,三个固定 GP 表达式的均值,825,1,0.99,9.846697696001625,9.824949661587166,9.859689885553061,9.859689885553061,27
1,0,7,不使用 GP,825,1,0.812,8.429571550751849,8.412413015486537,8.731427394503601,8.731427394503601,32
1,2,2,三个固定 GP 表达式的均值,850,1,0.924,9.35613541184677,9.336643204103398,9.46889272328446,9.46889272328446,32
1,2,6,三个固定 GP 表达式的均值,850,1,0.898,9.232299938467438,9.21300051776367,9.372134291098439,9.372134291098439,32
1,0,2,不使用 GP,850,1,0.944,9.648990108115367,9.628141557132114,9.702037729484157,9.702037729484157,32
1,0,3,不使用 GP,850,1,0.876,9.230343806559691,9.210992414842627,9.367863664694806,9.367863664694806,32
1,1,6,三个固定 GP 表达式的均值,850,1,0.982,9.81741372273087,9.79556831703195,9.836099523790018,9.836099523790018,30
1,0,7,不使用 GP,850,1,0.85,9.119640286119719,9.20190918707743,9.366633204798314,9.366633204798314,32
1,2,2,三个固定 GP 表达式的均值,875,1,0.988,9.770840731695193,9.749726926704707,9.799454172563333,9.799454172563333,32
1,2,6,三个固定 GP 表达式的均值,875,1,0.908,9.48712020554302,9.509871084095867,9.609662446956696,9.609662446956696,32
1,0,3,不使用 GP,900,1,0.888,9.369919398171007,9.350119929643276,9.479233740797156,9.479233740797156,32
1,0,7,不使用 GP,900,1,0.968,10.308943421589165,10.427557951937724,10.344703442084864,10.344703442084864,32
1,3,7,三个固定 GP 表达式的均值,925,1,0.744,8.134315616155078,8.134316642897693,8.497204045656428,8.497204045656428,32
1,0,0,不使用 GP,925,2,0.97,9.694395217892122,9.673213805122703,9.738001978146391,9.738001978146391,32
1,1,0,三个固定 GP 表达式的均值,925,1,0.738,8.123002468529931,8.123001840643475,8.487702194252153,8.487702194252153,32
1,3,7,三个固定 GP 表达式的均值,950,1,0.794,8.702264918101108,8.692540461727312,8.956037933468048,8.956037933468048,32
1,1,0,三个固定 GP 表达式的均值,950,1,0.858,9.011930803285866,8.993430880849353,9.194252406405553,9.194252406405553,32
1,0,3,不使用 GP,950,1,0.99,9.783781806421688,9.762264146295838,9.809437627937914,9.809437627937914,29
1,3,7,三个固定 GP 表达式的均值,975,1,0.852,8.935672345418155,8.950139400079362,9.161288359029795,9.161288359029795,32
1,1,0,三个固定 GP 表达式的均值,975,1,0.9,9.236012267499616,9.216462170558234,9.372572746793187,9.372572746793187,32
1,0,2,不使用 GP,975,1,0.974,9.721244207841309,9.699688876042776,9.759230095813425,9.759230095813425,32
1,2,7,三个固定 GP 表达式的均值,1000,1,0.974,9.722677331079339,9.701476291415146,9.761677388716373,9.761677388716373,32
1,1,4,三个固定 GP 表达式的均值,1000,1,0.99,9.808266707189725,9.786629671016806,9.828933052271735,9.828933052271735,30
1,1,7,三个固定 GP 表达式的均值,1025,1,0.792,8.120530421615147,8.12053008168344,8.488695424024149,8.488695424024149,32
1,2,5,三个固定 GP 表达式的均值,1050,1,0.836,8.819322394017531,8.801149692509725,9.041150790467226,9.041150790467226,32
1,0,6,不使用 GP,1050,1,0.852,8.120046826185755,8.103478820148911,8.481948909420991,8.481948909420991,32
1,1,7,三个固定 GP 表达式的均值,1050,1,0.846,8.90316453329929,8.891602362873922,9.115941998791836,9.115941998791836,32
1,3,1,三个固定 GP 表达式的均值,1075,1,0.99,9.870190071807563,9.848251485222086,9.878332069164495,9.878332069164495,28
1,2,5,三个固定 GP 表达式的均值,1075,1,0.916,9.215419980172035,9.196153662802232,9.356330550475509,9.356330550475509,32
1,1,4,三个固定 GP 表达式的均值,1075,2,0.898,9.391772584720515,9.37105385105131,9.495786061585624,9.495786061585624,32
1,1,7,三个固定 GP 表达式的均值,1075,1,0.818,8.74346622645246,8.725125847732764,8.980052587281257,8.980052587281257,32
1,3,7,三个固定 GP 表达式的均值,1100,1,0.982,9.84021214294997,9.818315172027305,9.856377572109027,9.856377572109027,28
1,1,0,三个固定 GP 表达式的均值,1100,1,0.974,9.749305724776743,9.72764900821223,9.781637985588214,9.781637985588214,28
1,3,5,三个固定 GP 表达式的均值,1125,1,0.77,7.9769597839219495,7.976959096156504,8.372771401204002,8.372771401204002,32
1,0,4,不使用 GP,1125,1,0.744,7.002626696971117,7.002626051925366,7.585422834917775,7.585422834917775,32
1,0,5,不使用 GP,1125,1,0.776,7.302374421487967,7.302373902905673,7.828827394169024,7.828827394169024,32
1,1,5,三个固定 GP 表达式的均值,1125,1,0.75,7.790635123306592,7.790634572851344,8.221251160427235,8.221251160427235,32
1,0,6,不使用 GP,1125,1,0.9,9.224435331029463,9.204833564895363,9.363586382163373,9.363586382163373,32
1,1,7,三个固定 GP 表达式的均值,1125,1,0.924,9.468603162210275,9.448460641256139,9.560407212248311,9.560407212248311,32
1,2,5,三个固定 GP 表达式的均值,1150,1,0.992,9.840323350645855,9.818427801575135,9.85443506491395,9.85443506491395,9
1,3,5,三个固定 GP 表达式的均值,1150,1,0.842,8.853776053858773,8.83576475368912,9.069283887090931,9.069283887090931,32
1,0,4,不使用 GP,1150,1,0.772,8.101065368409094,8.104119120571449,8.486107352813368,8.486107352813368,32
1,0,5,不使用 GP,1150,1,0.794,7.971030661836908,7.9611814298877945,8.370553492453476,8.370553492453476,32
1,1,5,三个固定 GP 表达式的均值,1150,1,0.804,8.732263631760585,8.714467779901563,8.971654745485033,8.971654745485033,32
1,0,6,不使用 GP,1150,1,0.994,9.804704653597557,9.783356231656864,9.826340885146669,9.826340885146669,32
1,0,4,不使用 GP,1175,1,0.786,8.40346678247948,8.395521516186163,8.718718857953434,8.718718857953434,32
1,0,5,不使用 GP,1175,1,0.824,8.20410025796561,8.1874603085952,8.550369873755974,8.550369873755974,32
1,1,5,三个固定 GP 表达式的均值,1175,1,0.856,8.978289079683698,8.95963622959522,9.166581132851771,9.166581132851771,32
1,3,5,三个固定 GP 表达式的均值,1200,1,0.914,9.287213068765508,9.267405509216342,9.413155584887063,9.413155584887063,32
1,0,4,不使用 GP,1200,1,0.894,9.089645277331357,9.077838024905816,9.265304644074753,9.265304644074753,32
1,0,5,不使用 GP,1200,1,0.78,8.6966043875471,8.678587330923776,8.942005284325047,8.942005284325047,32
1,1,5,三个固定 GP 表达式的均值,1200,1,0.918,9.42415062463765,9.403959772276808,9.522523020287425,9.522523020287425,32
1,2,4,三个固定 GP 表达式的均值,1225,1,0.78,8.003744382226563,8.009391818028924,8.401408395949426,8.401408395949426,32
1,3,4,三个固定 GP 表达式的均值,1225,1,0.784,8.224912091813348,8.230559443802377,8.576359056153452,8.576359056153452,32
1,0,0,不使用 GP,1225,1,0.73,7.138330526227888,7.138330560551471,7.696541092742309,7.696541092742309,32
1,1,6,三个固定 GP 表达式的均值,1225,1,0.712,7.9675488283448885,7.967548752285885,8.36393512724249,8.36393512724249,32
1,3,0,三个固定 GP 表达式的均值,1250,1,0.78,8.568066575865743,8.550475434580749,8.840965664034877,8.840965664034877,32
1,2,4,三个固定 GP 表达式的均值,1250,1,0.89,9.114559633678846,9.10934912091907,9.288541895625572,9.288541895625572,32
1,3,4,三个固定 GP 表达式的均值,1250,1,0.866,9.162136212917044,9.143158167168044,9.313759592591635,9.313759592591635,32
1,0,0,不使用 GP,1250,1,0.802,8.339322313116334,8.330536047286126,8.665143171733897,8.665143171733897,32
1,0,4,不使用 GP,1250,1,0.936,9.656346172824296,9.635469662031513,9.7079045632739,9.7079045632739,32
1,1,5,三个固定 GP 表达式的均值,1250,1,0.994,9.861564151294475,9.839639074963412,9.87143824390941,9.87143824390941,28
1,1,6,三个固定 GP 表达式的均值,1250,1,0.842,8.912090718080025,8.917700579353886,9.137267319139264,9.137267319139264,32
1,3,0,三个固定 GP 表达式的均值,1275,1,0.886,9.08140275674137,9.07595284994427,9.26147867616057,9.26147867616057,32
1,2,4,三个固定 GP 表达式的均值,1275,1,0.978,9.784565361806102,9.763299079696033,9.81028795346123,9.81028795346123,32
1,3,4,三个固定 GP 表达式的均值,1275,1,0.916,9.373675441767135,9.353847749584938,9.482455645022446,9.482455645022446,32
1,0,0,不使用 GP,1275,1,0.802,8.059836287009166,8.043483034218378,8.435579980698733,8.435579980698733,32
1,1,2,三个固定 GP 表达式的均值,1275,1,0.896,9.23530131700525,9.216228536583909,9.37266253916268,9.37266253916268,32
1,0,6,不使用 GP,1275,1,0.992,9.862875490755883,9.841089780327094,9.874587840126653,9.874587840126653,32
1,1,6,三个固定 GP 表达式的均值,1275,1,0.832,8.962993381738334,8.944194751182847,9.154743378334194,9.154743378334194,32
1,0,5,不使用 GP,1300,1,0.944,9.60482850577605,9.583972791359331,9.666554944624508,9.666554944624508,32
1,3,2,三个固定 GP 表达式的均值,1325,1,0.76,7.7502377802212665,7.750238856616171,8.188756663742065,8.188756663742065,32
1,2,3,三个固定 GP 表达式的均值,1325,1,0.73,7.599582231642081,7.606352456642681,8.076158637151854,8.076158637151854,32
1,3,6,三个固定 GP 表达式的均值,1325,1,0.784,7.9426909692930785,7.942690511407175,8.343113556612375,8.343113556612375,32
1,1,1,三个固定 GP 表达式的均值,1325,1,0.722,8.065182556470155,8.0712689711332,8.447679479209683,8.447679479209683,32
1,0,2,不使用 GP,1325,1,0.742,7.432427206186866,7.432428615540049,7.93182298606887,7.93182298606887,32
1,0,7,不使用 GP,1325,1,0.784,7.547357636596747,7.561282553730287,8.043051014036322,8.043051014036322,32
1,1,7,三个固定 GP 表达式的均值,1325,2,0.85,9.293828855119644,9.273424365521976,9.417886622525025,9.417886622525025,32
1,3,2,三个固定 GP 表达式的均值,1350,1,0.806,8.655882497169776,8.638233693927111,8.910115937170382,8.910115937170382,32
1,2,3,三个固定 GP 表达式的均值,1350,1,0.838,8.926881789122403,8.908664664756893,9.126130858350646,9.126130858350646,32
1,3,6,三个固定 GP 表达式的均值,1350,1,0.844,9.053267760120834,9.03444911962493,9.2266801937595,9.2266801937595,32
1,0,0,不使用 GP,1350,1,0.862,9.327126265055412,9.307326246398974,9.446967174799042,9.446967174799042,32
1,1,1,三个固定 GP 表达式的均值,1350,1,0.79,8.739370277927584,8.721482419338333,8.976215193039664,8.976215193039664,32
1,0,2,不使用 GP,1350,1,0.81,8.140913437445588,8.12460333746451,8.498743696086331,8.498743696086331,32
1,1,2,三个固定 GP 表达式的均值,1350,1,0.994,9.815532820184774,9.793778731950416,9.834690827188888,9.834690827188888,31
1,1,6,三个固定 GP 表达式的均值,1350,1,0.99,9.885798075339393,9.8637907835699,9.891808119465779,9.891808119465779,32
1,0,7,不使用 GP,1350,1,0.768,8.01280582949449,8.0239075170893,8.422785684632688,8.422785684632688,32
1,3,2,三个固定 GP 表达式的均值,1375,1,0.86,8.998489630338984,8.979609724621033,9.183018133751025,9.183018133751025,32
1,3,6,三个固定 GP 表达式的均值,1375,1,0.886,9.324221793516267,9.304496018829097,9.444277458601045,9.444277458601045,32
1,0,2,不使用 GP,1375,1,0.794,8.340582761826486,8.323452398193519,8.657764400595967,8.657764400595967,32
1,3,4,三个固定 GP 表达式的均值,1400,1,0.966,9.84620899940988,9.824365686986223,9.859183877269327,9.859183877269327,32
1,0,0,不使用 GP,1400,1,0.96,9.773096700049212,9.751591847293634,9.800854852382848,9.800854852382848,32
1,3,1,三个固定 GP 表达式的均值,1425,1,0.728,7.917255009409142,7.917255014266186,8.321866808422937,8.321866808422937,32
1,2,2,三个固定 GP 表达式的均值,1425,1,0.798,8.226716666761561,8.226716304401728,8.572273313672264,8.572273313672264,32
1,3,2,三个固定 GP 表达式的均值,1425,1,0.962,9.720513940506146,9.699140037524641,9.758895927992182,9.758895927992182,32
1,3,5,三个固定 GP 表达式的均值,1425,2,0.858,9.085459651201745,9.065514935735095,9.250911287500301,9.250911287500301,32
1,3,6,三个固定 GP 表达式的均值,1425,1,0.974,9.788809099001893,9.767303552949189,9.81557998009768,9.81557998009768,32
1,2,7,三个固定 GP 表达式的均值,1425,1,0.786,8.153771422736359,8.159389221006204,8.520429665690953,8.520429665690953,32
1,0,2,不使用 GP,1425,1,0.808,8.717626570354124,8.699452681922608,8.959057596161454,8.959057596161454,32
1,0,3,不使用 GP,1425,1,0.732,7.183039195563252,7.183038080896372,7.730686976735539,7.730686976735539,32
1,1,4,三个固定 GP 表达式的均值,1425,1,0.77,8.007322302496743,8.012883968304116,8.399941021954012,8.399941021954012,32
1,0,7,不使用 GP,1425,1,0.836,8.803579130571018,8.785309992142517,9.030196615380063,9.030196615380063,32
1,2,1,三个固定 GP 表达式的均值,1450,1,0.854,8.86506510254297,8.846878436176873,9.076837900749762,9.076837900749762,32
1,3,1,三个固定 GP 表达式的均值,1450,1,0.862,8.984956649947666,8.966494171867001,9.172078514989328,9.172078514989328,32
1,2,2,三个固定 GP 表达式的均值,1450,1,0.898,9.32370783773037,9.304192691276652,9.443188476768432,9.443188476768432,32
1,3,2,三个固定 GP 表达式的均值,1450,1,0.984,9.835165211534653,9.813272965599772,9.850317305723976,9.850317305723976,29
1,3,3,三个固定 GP 表达式的均值,1450,1,0.826,8.812178523645045,8.79404570588785,9.034863501025484,9.034863501025484,32
1,2,7,三个固定 GP 表达式的均值,1450,1,0.846,9.13888883441477,9.142825290423184,9.31621893295231,9.31621893295231,32
1,1,1,三个固定 GP 表达式的均值,1450,1,0.984,9.795026276781382,9.77333212886727,9.818272014754726,9.818272014754726,30
1,0,2,不使用 GP,1450,1,0.86,8.863693212303582,8.844839658917039,9.074762837087055,9.074762837087055,32
1,0,3,不使用 GP,1450,1,0.786,8.104087996818622,8.087831414774021,8.470097050974129,8.470097050974129,32
1,1,3,三个固定 GP 表达式的均值,1450,1,0.774,8.593255474523184,8.575714715243175,8.859738609541733,8.859738609541733,32
1,0,7,不使用 GP,1450,1,0.948,9.713496125145408,9.781026417148926,9.826621869336615,9.826621869336615,32
1,2,1,三个固定 GP 表达式的均值,1475,1,0.896,9.27499018223218,9.255435296979103,9.403667390714332,9.403667390714332,32
1,3,3,三个固定 GP 表达式的均值,1475,1,0.898,9.087222913417202,9.068363321088155,9.254136195129764,9.254136195129764,32
1,2,6,三个固定 GP 表达式的均值,1475,1,0.948,9.661912504785935,9.660623219848397,9.730139147578173,9.730139147578173,32
1,0,3,不使用 GP,1475,1,0.826,8.347992692291324,8.330901837955425,8.663966586197045,8.663966586197045,32
1,1,4,三个固定 GP 表达式的均值,1475,1,0.884,9.200916370681442,9.181487306451631,9.344803410249124,9.344803410249124,32
1,3,3,三个固定 GP 表达式的均值,1500,1,0.974,9.661435512220212,9.640720803722912,9.712121997467685,9.712121997467685,32
1,0,2,不使用 GP,1500,1,0.924,9.234339495634739,9.214636407748031,9.371369405058486,9.371369405058486,32
1,1,3,三个固定 GP 表达式的均值,1500,1,0.928,9.475671352141859,9.455694653659364,9.563871618648228,9.563871618648228,32
1,1,6,三个固定 GP 表达式的均值,1500,1,0.966,10.526933398461198,10.724449277128393,10.582909231240832,10.582909231240832,32
1,1,0,三个固定 GP 表达式的均值,1525,1,0.798,8.258221177448403,8.269864473363931,8.610010105845673,8.610010105845673,32
1,0,1,不使用 GP,1525,1,0.768,7.635454714493786,7.635455340869719,8.097496218653374,8.097496218653374,32
1,1,0,三个固定 GP 表达式的均值,1550,1,0.822,8.978101784568553,8.959586214287725,9.167189609363215,9.167189609363215,32
1,0,1,不使用 GP,1550,1,0.792,8.00793760136917,7.99169456547493,8.392365352120361,8.392365352120361,32
1,0,3,不使用 GP,1550,1,0.93,9.332008099764531,9.312123156423427,9.448842447602717,9.448842447602717,32
1,1,3,三个固定 GP 表达式的均值,1550,1,0.984,9.87065171359144,9.848837557859248,9.878809113647423,9.878809113647423,30
1,1,0,三个固定 GP 表达式的均值,1575,1,0.89,9.136937590255748,9.124438754463608,9.29977383898652,9.29977383898652,32
1,0,1,不使用 GP,1575,1,0.81,8.044422751037084,8.02817094058928,8.42273387594712,8.42273387594712,32
1,3,4,三个固定 GP 表达式的均值,1600,1,0.97,9.677053735180907,9.65593282659733,9.72406932710247,9.72406932710247,32
1,1,1,三个固定 GP 表达式的均值,1600,1,0.984,9.85403182818975,9.832118030692888,9.865396924937926,9.865396924937926,26
1,0,6,不使用 GP,1625,1,0.768,7.536582843321901,7.536582780451601,8.017323820641625,8.017323820641625,32
1,1,0,三个固定 GP 表达式的均值,1650,1,0.982,9.791747074634387,9.77001605239998,9.815648427107146,9.815648427107146,32
1,0,1,不使用 GP,1650,1,0.896,9.43927513743368,9.418928230306921,9.536312204085224,9.536312204085224,32
1,1,3,三个固定 GP 表达式的均值,1650,1,0.992,9.81445549036024,9.792682345093564,9.83379697475964,9.83379697475964,27
1,0,6,不使用 GP,1650,1,0.826,8.35747059425165,8.350633212983245,8.685269696206998,8.685269696206998,32
1,1,7,三个固定 GP 表达式的均值,1650,1,0.89,9.157232965036396,9.154060054234403,9.324900745710453,9.324900745710453,32
1,1,4,三个固定 GP 表达式的均值,1675,2,0.984,9.793351040642046,9.77189079761994,9.817120029427151,9.817120029427151,32
1,1,7,三个固定 GP 表达式的均值,1675,1,0.902,9.321101830142558,9.325127032637402,9.460794236910264,9.460794236910264,32
1,2,5,三个固定 GP 表达式的均值,1725,1,0.788,8.1320447209604,8.132043635602088,8.495576934499791,8.495576934499791,32
1,3,5,三个固定 GP 表达式的均值,1725,1,0.77,8.08726240089176,8.087261202082566,8.458829635326936,8.458829635326936,32
1,3,7,三个固定 GP 表达式的均值,1725,1,0.798,8.192070768707246,8.201010681899506,8.552664993151154,8.552664993151154,32
1,0,4,不使用 GP,1725,1,0.714,7.2627013832027725,7.262702264513213,7.796225525897804,7.796225525897804,32
1,0,6,不使用 GP,1725,1,0.976,9.943550671831128,9.984632863754136,9.989672811700013,9.989672811700013,32
1,1,7,三个固定 GP 表达式的均值,1725,1,0.976,9.782771469247667,9.761338675970562,9.80872488506657,9.80872488506657,32
1,2,1,三个固定 GP 表达式的均值,1750,1,0.978,9.78225946350362,9.760783961322185,9.80820935597473,9.80820935597473,32
1,3,5,三个固定 GP 表达式的均值,1750,1,0.816,8.773678684877915,8.764789589346856,9.012133554481666,9.012133554481666,32
1,3,7,三个固定 GP 表达式的均值,1750,1,0.812,8.652811442842761,8.635195618897027,8.908521241957617,8.908521241957617,32
1,0,4,不使用 GP,1750,1,0.804,8.131915175330183,8.115415692843394,8.491084825713317,8.491084825713317,32
1,0,5,不使用 GP,1750,1,0.794,7.99153137038409,7.97548712481483,8.38248618449086,8.38248618449086,32
1,1,5,三个固定 GP 表达式的均值,1750,1,0.84,8.959720387927145,8.941221649172576,9.153027542295627,9.153027542295627,32
1,2,5,三个固定 GP 表达式的均值,1775,1,0.874,9.428367768009144,9.408469163071157,9.526203688063339,9.526203688063339,32
1,3,5,三个固定 GP 表达式的均值,1775,1,0.852,8.965256337225949,8.94664057812262,9.156478917842051,9.156478917842051,32
1,3,7,三个固定 GP 表达式的均值,1775,1,0.828,8.861847368959122,8.843570782624274,9.077364454365938,9.077364454365938,32
1,1,3,三个固定 GP 表达式的均值,1775,1,0.982,9.796899114217016,9.775143326699048,9.819717853277947,9.819717853277947,29
1,0,4,不使用 GP,1775,1,0.782,8.358921559883585,8.341824626872857,8.67414681969007,8.67414681969007,32
1,0,5,不使用 GP,1775,1,0.846,8.575956031980896,8.558519600327354,8.846558154293795,8.846558154293795,32
1,1,5,三个固定 GP 表达式的均值,1775,1,0.85,8.890922552854747,8.872102444658028,9.09727933682203,9.09727933682203,32
1,3,5,三个固定 GP 表达式的均值,1800,1,0.878,9.11384877868385,9.094551836487318,9.274674739782684,9.274674739782684,32
1,3,7,三个固定 GP 表达式的均值,1800,1,0.898,9.530237928587457,9.583888092240148,9.670256497714705,9.670256497714705,32
1,0,4,不使用 GP,1800,1,0.864,8.772148536857358,8.753852431342702,9.001967151289106,9.001967151289106,32
1,0,5,不使用 GP,1800,1,0.848,8.770715738495689,8.752383828615855,9.002963097575648,9.002963097575648,32
1,2,4,三个固定 GP 表达式的均值,1825,1,0.814,8.164865008677555,8.170853533280146,8.530677417237433,8.530677417237433,32
1,1,2,三个固定 GP 表达式的均值,1825,1,0.756,7.9313949680574085,7.931395718111219,8.334739351302815,8.334739351302815,32
1,1,6,三个固定 GP 表达式的均值,1825,1,0.754,7.8729491237116775,7.872949742783015,8.287308234001877,8.287308234001877,32
1,2,4,三个固定 GP 表达式的均值,1850,1,0.924,9.572674699114524,9.552679994223052,9.641663298790176,9.641663298790176,32
1,3,5,三个固定 GP 表达式的均值,1850,1,0.964,9.620554014410745,9.599628856815723,9.679198704162301,9.679198704162301,32
1,3,7,三个固定 GP 表达式的均值,1850,1,0.984,9.756641043627363,9.735207938654108,9.789755321142248,9.789755321142248,32
1,1,2,三个固定 GP 表达式的均值,1850,1,0.826,8.911039710756848,8.892695054957702,9.113544533904108,9.113544533904108,32
1,0,5,不使用 GP,1850,1,0.934,9.5021588077174,9.481804263814785,9.584821031192025,9.584821031192025,32
1,0,6,不使用 GP,1850,1,0.976,10.422483849065113,10.58482521523783,10.470828221439271,10.470828221439271,30
1,1,2,三个固定 GP 表达式的均值,1875,1,0.844,9.03889764508229,9.020060835130558,9.215002659618547,9.215002659618547,32
1,0,6,不使用 GP,1875,1,0.994,9.871146579361499,9.849257006583754,9.881131690145402,9.881131690145402,27
1,1,6,三个固定 GP 表达式的均值,1875,1,0.862,9.116243632890855,9.097195231555007,9.278079767173177,9.278079767173177,32
1,2,0,三个固定 GP 表达式的均值,1925,1,0.812,8.028364604455772,8.028364967536474,8.411423027871493,8.411423027871493,32
1,3,0,三个固定 GP 表达式的均值,1925,1,0.756,7.921125036870101,7.926766509686144,8.333980859559466,8.333980859559466,32
1,3,2,三个固定 GP 表达式的均值,1925,1,0.738,8.026896706189731,8.026897584398794,8.411437838589132,8.411437838589132,32
1,3,4,三个固定 GP 表达式的均值,1925,1,0.752,7.979829750415173,7.9798294277208335,8.373552234554104,8.373552234554104,32
1,2,7,三个固定 GP 表达式的均值,1925,1,0.748,8.187752687483059,8.21404095438108,8.566759854185207,8.566759854185207,32
1,0,0,不使用 GP,1925,1,0.756,7.568405115386112,7.568406269182969,8.042593860152282,8.042593860152282,32
1,0,6,不使用 GP,1925,2,0.986,10.777885965829757,11.007309196506842,10.809580553913527,10.809580553913527,20
1,2,0,三个固定 GP 表达式的均值,1950,1,0.844,8.958618782012728,8.940143695330525,9.151474025490987,9.151474025490987,32
1,3,0,三个固定 GP 表达式的均值,1950,1,0.838,8.718820098113648,8.709186151740361,8.96990519336467,8.96990519336467,32
1,3,2,三个固定 GP 表达式的均值,1950,1,0.812,8.667138734321755,8.649379260508004,8.918461897170921,8.918461897170921,32
1,2,3,三个固定 GP 表达式的均值,1950,1,0.868,8.813012450284159,8.794962752703448,9.034992985489126,9.034992985489126,32
1,3,4,三个固定 GP 表达式的均值,1950,1,0.784,8.478482635729915,8.466947845281041,8.774952103944603,8.774952103944603,32
1,0,0,不使用 GP,1950,1,0.812,8.257477858735943,8.240718291377094,8.593514189786683,8.593514189786683,32
1,2,0,三个固定 GP 表达式的均值,1975,1,0.866,9.110747378050327,9.09151211413927,9.272558631929957,9.272558631929957,32
1,3,0,三个固定 GP 表达式的均值,1975,1,0.838,8.952155390955207,8.933842377650054,9.147096892484031,9.147096892484031,32
1,3,2,三个固定 GP 表达式的均值,1975,1,0.882,9.0135973347846,8.994664331718544,9.194946746718838,9.194946746718838,32
1,2,3,三个固定 GP 表达式的均值,1975,1,0.914,9.259427517810364,9.239887442098082,9.39128674110735,9.39128674110735,32
1,3,4,三个固定 GP 表达式的均值,1975,1,0.856,8.882503034477908,8.863999110635804,9.090707706514294,9.090707706514294,32
1,2,7,三个固定 GP 表达式的均值,1975,1,0.862,9.01961735444274,9.000745418322348,9.202162370758481,9.202162370758481,32
1,0,0,不使用 GP,1975,1,0.834,8.55448026080241,8.545008290342771,8.838606358086512,8.838606358086512,32
1,0,5,不使用 GP,2000,2,0.978,9.720988295992067,9.699695648728026,9.759241946489047,9.759241946489047,32
1,1,7,三个固定 GP 表达式的均值,2000,1,0.988,9.867751451989355,9.84578046290418,9.876356797671416,9.876356797671416,30
1,3,0,三个固定 GP 表达式的均值,2025,1,0.902,9.44186253950427,9.421649373415065,9.536574269325781,9.536574269325781,32
1,3,1,三个固定 GP 表达式的均值,2025,1,0.716,7.537769726983696,7.537769240440908,8.014850184856325,8.014850184856325,32
1,3,2,三个固定 GP 表达式的均值,2025,1,0.988,9.82092272748432,9.799114609671829,9.838946243899363,9.838946243899363,28
1,3,4,三个固定 GP 表达式的均值,2025,1,0.954,9.570370140603591,9.549613494421408,9.639006933734724,9.639006933734724,32
1,2,5,三个固定 GP 表达式的均值,2025,2,0.938,9.555227535192863,9.534215730112258,9.626583720784895,9.626583720784895,32
1,2,7,三个固定 GP 表达式的均值,2025,1,0.942,9.544846048886885,9.524121866463359,9.620113404846917,9.620113404846917,32
1,0,0,不使用 GP,2025,1,0.912,9.272215558149373,9.252331176303068,9.40111115545136,9.40111115545136,32
1,1,1,三个固定 GP 表达式的均值,2025,1,0.77,7.842388324008207,7.842387252473752,8.261106518561409,8.261106518561409,32
1,0,2,不使用 GP,2025,1,0.786,7.632708551626768,7.638726895468043,8.102538478071548,8.102538478071548,32
1,0,3,不使用 GP,2025,1,0.782,7.369859505044322,7.369858717222568,7.882921240303098,7.882921240303098,32
1,1,4,三个固定 GP 表达式的均值,2025,1,0.814,8.243066085872737,8.254169755948496,8.595402644492541,8.595402644492541,32
1,3,0,三个固定 GP 表达式的均值,2050,1,0.964,9.690004451256048,9.66898943431832,9.73469659817587,9.73469659817587,32
1,3,1,三个固定 GP 表达式的均值,2050,1,0.798,8.452200100606957,8.435081736984904,8.747685187948685,8.747685187948685,32
1,2,2,三个固定 GP 表达式的均值,2050,1,0.87,8.84978669349068,8.83152937478161,9.064601386620962,9.064601386620962,32
1,3,5,三个固定 GP 表达式的均值,2050,1,0.984,9.781782362778522,9.760358573890525,9.807856633370344,9.807856633370344,32
1,2,7,三个固定 GP 表达式的均值,2050,1,0.944,10.03025807105377,10.117554038743126,10.096196603596566,10.096196603596566,32
1,0,0,不使用 GP,2050,1,0.98,9.649583310138505,9.628428138449214,9.702198513642623,9.702198513642623,32
1,1,1,三个固定 GP 表达式的均值,2050,1,0.782,8.708391159382174,8.690443681001412,8.951986479759647,8.951986479759647,32
1,0,2,不使用 GP,2050,1,0.808,8.220406201687638,8.20385674574278,8.562131930835728,8.562131930835728,32
1,0,3,不使用 GP,2050,1,0.784,8.284799180744997,8.268126237491199,8.614531454753973,8.614531454753973,32
1,1,4,三个固定 GP 表达式的均值,2050,1,0.894,9.072521224830478,9.053815888308208,9.24233039996755,9.24233039996755,32
1,1,5,三个固定 GP 表达式的均值,2050,2,0.912,9.464323682070924,9.443585038704482,9.553892262375566,9.553892262375566,32
1,3,1,三个固定 GP 表达式的均值,2075,1,0.792,8.962632400897295,8.944163929627013,9.155067786223114,9.155067786223114,32
1,2,2,三个固定 GP 表达式的均值,2075,1,0.948,9.564613631164148,9.544284075400443,9.635052059385462,9.635052059385462,32
1,3,7,三个固定 GP 表达式的均值,2075,1,0.988,9.76620634740739,9.744809187570345,9.796427890199999,9.796427890199999,32
1,1,1,三个固定 GP 表达式的均值,2075,1,0.85,9.025710875746125,9.00692200005901,9.204841392285935,9.204841392285935,32
1,0,2,不使用 GP,2075,1,0.852,8.566001874244318,8.548450285239433,8.83825575073086,8.83825575073086,32
1,0,3,不使用 GP,2075,1,0.834,8.520473179578136,8.502934250873976,8.80180366046441,8.80180366046441,32
1,1,4,三个固定 GP 表达式的均值,2075,1,0.918,9.438478353710824,9.418394753056642,9.534095943734037,9.534095943734037,32
1,3,1,三个固定 GP 表达式的均值,2100,1,0.906,9.05657485112475,9.037489042304461,9.228941458570011,9.228941458570011,32
1,2,3,三个固定 GP 表达式的均值,2100,1,0.98,9.74610667742055,9.724412464283665,9.7790949986212,9.7790949986212,22
1,0,0,不使用 GP,2100,1,0.978,9.823699709958323,9.80196947579918,9.84123202456735,9.84123202456735,32
1,1,1,三个固定 GP 表达式的均值,2100,1,0.88,9.440526724437815,9.420558346649251,9.535880323859061,9.535880323859061,32
1,0,2,不使用 GP,2100,1,0.88,9.168361649682344,9.158072286660548,9.327806370286014,9.327806370286014,32
1,0,3,不使用 GP,2100,1,0.882,8.855884635855487,8.837448104810896,9.069162387977196,9.069162387977196,32
1,1,4,三个固定 GP 表达式的均值,2100,1,0.98,9.829086038510406,9.807582397381948,9.845758000929107,9.845758000929107,32
1,2,1,三个固定 GP 表达式的均值,2125,1,0.784,7.921573404276037,7.921572628414204,8.325756235610244,8.325756235610244,32
1,3,3,三个固定 GP 表达式的均值,2125,1,0.754,7.768708782893715,7.774346185374146,8.208909963117803,8.208909963117803,32
1,2,1,三个固定 GP 表达式的均值,2150,1,0.872,8.973046090242711,8.95468449064163,9.162949230173528,9.162949230173528,32
1,3,3,三个固定 GP 表达式的均值,2150,1,0.824,8.416994943843603,8.399817217926776,8.718971709907489,8.718971709907489,32
1,0,3,不使用 GP,2150,1,0.982,9.679060522444482,9.657979882265124,9.725918727798328,9.725918727798328,32
1,1,3,三个固定 GP 表达式的均值,2150,1,0.856,8.74664786257753,8.728877811356012,8.982266738778348,8.982266738778348,32
1,2,1,三个固定 GP 表达式的均值,2175,1,0.976,9.648996829471574,9.62834904438144,9.702315062117195,9.702315062117195,32
1,3,3,三个固定 GP 表达式的均值,2175,1,0.824,8.904866044191353,8.886508525322942,9.107955483561314,9.107955483561314,32
1,0,1,不使用 GP,2175,1,0.81,8.400130519452215,8.383047152340737,8.706018874244016,8.706018874244016,32
1,1,3,三个固定 GP 表达式的均值,2175,1,0.886,8.972840293716962,8.954196518086896,9.162676885559875,9.162676885559875,32
1,2,7,三个固定 GP 表达式的均值,2200,2,0.848,8.873437200221952,8.854002249373856,9.081647231748365,9.081647231748365,32
1,1,1,三个固定 GP 表达式的均值,2200,1,0.982,9.70562016889893,9.684071250606406,9.746720895112688,9.746720895112688,30
1,0,3,不使用 GP,2200,1,0.982,9.754460050126434,9.732858832969177,9.785819834022345,9.785819834022345,29
1,0,0,不使用 GP,2225,2,0.924,9.50328389819945,9.482419841813227,9.585071341759688,9.585071341759688,32
1,0,6,不使用 GP,2225,1,0.738,7.220546976621653,7.220547576828453,7.760415987102075,7.760415987102075,32
1,3,3,三个固定 GP 表达式的均值,2250,1,0.98,9.743658041178088,9.72197661083966,9.77710665933763,9.77710665933763,30
1,0,1,不使用 GP,2250,1,0.942,9.28356508849155,9.26382008427785,9.410207148560232,9.410207148560232,32
1,1,1,三个固定 GP 表达式的均值,2250,1,0.986,9.83337505192917,9.811499898235665,9.848866235749618,9.848866235749618,19
1,0,6,不使用 GP,2250,1,0.83,8.469895839265071,8.472744910970917,8.783725597045283,8.783725597045283,32
1,2,5,三个固定 GP 表达式的均值,2325,1,0.77,8.02120967773605,8.0268590483936,8.415077102058408,8.415077102058408,32
1,2,6,三个固定 GP 表达式的均值,2325,1,0.794,8.438923603700951,8.438922609873266,8.745450947416243,8.745450947416243,32
1,1,0,三个固定 GP 表达式的均值,2325,1,0.76,8.182639390606926,8.18928586758128,8.543674243382348,8.543674243382348,32
1,0,6,不使用 GP,2325,1,0.834,8.842230624897372,8.823590361053034,9.058217441747177,9.058217441747177,32
1,0,7,不使用 GP,2325,1,0.742,7.484475756382586,7.497137343271902,7.984712183075021,7.984712183075021,32
1,2,5,三个固定 GP 表达式的均值,2350,1,0.884,9.22735692999693,9.208198669523751,9.365692479077834,9.365692479077834,32
1,2,6,三个固定 GP 表达式的均值,2350,1,0.852,8.869142692679443,8.850719795996476,9.080792552862397,9.080792552862397,32
1,1,0,三个固定 GP 表达式的均值,2350,1,0.826,8.834457657129777,8.823730533928257,9.061141499518133,9.061141499518133,32
1,1,3,三个固定 GP 表达式的均值,2350,1,0.99,9.878374577589835,9.856404704193112,9.884870190460223,9.884870190460223,31
1,0,6,不使用 GP,2350,1,0.89,9.394352212916088,9.374257213953168,9.500760096647836,9.500760096647836,32
1,0,7,不使用 GP,2350,1,0.8,8.268022428209623,8.282181965421133,8.627299164842695,8.627299164842695,32
1,2,5,三个固定 GP 表达式的均值,2375,1,0.924,9.281009869368065,9.261384752660701,9.408294526125358,9.408294526125358,32
1,2,6,三个固定 GP 表达式的均值,2375,1,0.932,9.507304154644011,9.487202045366503,9.589407454070667,9.589407454070667,32
1,1,0,三个固定 GP 表达式的均值,2375,1,0.854,9.060151663687513,9.041196816148151,9.232095103962873,9.232095103962873,32
1,0,7,不使用 GP,2375,1,0.772,8.084100458757444,8.067661546527157,8.456788493915173,8.456788493915173,32
1,1,0,三个固定 GP 表达式的均值,2400,1,0.884,9.240794913760904,9.221092830918918,9.375761987758017,9.375761987758017,32
1,0,6,不使用 GP,2400,1,0.886,9.442015624329544,9.443360647966633,9.555820376864245,9.555820376864245,32
1,0,7,不使用 GP,2400,1,0.828,8.699015869786265,8.681140932529615,8.945576561592032,8.945576561592032,32
1,2,2,三个固定 GP 表达式的均值,2425,1,0.748,7.779174010043419,7.784855944963381,8.217674121355198,8.217674121355198,32
1,3,3,三个固定 GP 表达式的均值,2425,2,0.922,9.45018340366546,9.429466024894202,9.542651467286854,9.542651467286854,32
1,2,4,三个固定 GP 表达式的均值,2425,1,0.748,7.890563464138123,7.890563617596297,8.29968572308684,8.29968572308684,32
1,3,5,三个固定 GP 表达式的均值,2425,1,0.766,7.993091730895248,8.00499652376972,8.394868640934584,8.394868640934584,32
1,3,7,三个固定 GP 表达式的均值,2425,1,0.738,7.951982142082813,7.957632004311471,8.357220304935428,8.357220304935428,32
1,1,1,三个固定 GP 表达式的均值,2425,1,0.994,9.841045599595324,9.819400531986389,9.855200679511759,9.855200679511759,32
1,1,2,三个固定 GP 表达式的均值,2425,1,0.762,8.124101266529946,8.129668841181719,8.494315239394309,8.494315239394309,32
1,1,5,三个固定 GP 表达式的均值,2425,1,0.794,8.096447502281615,8.096447045560378,8.46790374174231,8.46790374174231,32
1,1,7,三个固定 GP 表达式的均值,2425,1,0.728,7.994397023588838,8.0199741183819,8.410331875848424,8.410331875848424,32
1,2,2,三个固定 GP 表达式的均值,2450,1,0.86,8.956317915175106,8.944342691504403,9.157658200476067,9.157658200476067,32
1,3,5,三个固定 GP 表达式的均值,2450,1,0.794,8.56250162544834,8.544897322855778,8.836880805798504,8.836880805798504,32
1,3,7,三个固定 GP 表达式的均值,2450,1,0.808,8.638661543868077,8.649177259090411,8.92188504161021,8.92188504161021,32
1,1,0,三个固定 GP 表达式的均值,2450,1,0.99,9.825738478174205,9.804023909218268,9.84287941868762,9.84287941868762,31
1,1,2,三个固定 GP 表达式的均值,2450,1,0.88,9.1651275674881,9.146140983121573,9.31718789157949,9.31718789157949,32
1,1,5,三个固定 GP 表达式的均值,2450,1,0.822,8.859663228563688,8.84151828330491,9.072505351851003,9.072505351851003,32
1,0,6,不使用 GP,2450,1,0.994,10.080079983667567,10.141036432910665,10.115027789136269,10.115027789136269,32
1,0,7,不使用 GP,2450,1,0.88,9.584892106073475,9.675742185668506,9.744174047570443,9.744174047570443,32
1,1,7,三个固定 GP 表达式的均值,2450,1,0.784,8.931504501550322,8.919981832064781,9.139674174745707,9.139674174745707,32
1,2,2,三个固定 GP 表达式的均值,2475,1,0.96,9.614503608670546,9.593877761338973,9.674614808856175,9.674614808856175,32
1,2,4,三个固定 GP 表达式的均值,2475,1,0.972,9.557392079099577,9.537051687757794,9.629128936417134,9.629128936417134,32
1,3,5,三个固定 GP 表达式的均值,2475,1,0.832,8.813125642662344,8.794907462750869,9.036328953991568,9.036328953991568,32
1,3,6,三个固定 GP 表达式的均值,2475,1,0.796,8.773902547313908,8.755588975213902,9.003535126969066,9.003535126969066,32
1,3,7,三个固定 GP 表达式的均值,2475,1,0.88,8.962186507850932,8.94376824830233,9.158359532819375,9.158359532819375,32
1,1,2,三个固定 GP 表达式的均值,2475,1,0.932,9.481145701891483,9.46088108944246,9.568398820182026,9.568398820182026,32
1,1,5,三个固定 GP 表达式的均值,2475,1,0.842,9.195407432343496,9.19090208108048,9.353367927575958,9.353367927575958,32
1,1,6,三个固定 GP 表达式的均值,2475,1,0.884,9.234631454767735,9.214890706320727,9.3720179093725,9.3720179093725,32
1,1,7,三个固定 GP 表达式的均值,2475,1,0.822,8.790246111845384,8.818943552548362,9.0571189910702,9.0571189910702,32
1,0,7,不使用 GP,2500,1,0.918,10.065715088476718,10.202797959152194,10.164491727499781,10.164491727499781,32
1,2,0,三个固定 GP 表达式的均值,2525,1,0.768,7.907640892536314,7.9076410479,8.313984516677804,8.313984516677804,32
1,3,1,三个固定 GP 表达式的均值,2525,1,0.742,7.696019518474671,7.69602071313449,8.145423750477102,8.145423750477102,32
1,3,4,三个固定 GP 表达式的均值,2525,1,0.77,8.122540240155452,8.122540150720338,8.490466798697197,8.490466798697197,32
1,2,7,三个固定 GP 表达式的均值,2525,1,0.792,8.139548363808265,8.145160266760742,8.508722567613336,8.508722567613336,32
1,0,4,不使用 GP,2525,1,0.744,7.3895015090969,7.389502234177532,7.89912752917188,7.89912752917188,32
1,0,5,不使用 GP,2525,1,0.732,7.320443988994124,7.3204445331182,7.84433908769771,7.84433908769771,32
1,2,0,三个固定 GP 表达式的均值,2550,1,0.904,9.231782289743682,9.212612842552563,9.369820299408067,9.369820299408067,32
1,3,1,三个固定 GP 表达式的均值,2550,1,0.826,8.61661259554768,8.599144358156167,8.87849611914277,8.87849611914277,32
1,3,2,三个固定 GP 表达式的均值,2550,1,0.872,9.00972133606286,9.00253478987168,9.205655961778003,9.205655961778003,32
1,2,3,三个固定 GP 表达式的均值,2550,1,0.826,8.752844304773058,8.734767955724939,8.986812087039299,8.986812087039299,32
1,3,4,三个固定 GP 表达式的均值,2550,1,0.828,8.717467936952584,8.699396310954993,8.959382881698394,8.959382881698394,32
1,3,5,三个固定 GP 表达式的均值,2550,1,0.924,9.487577583946093,9.46717565744489,9.573381288739515,9.573381288739515,32
1,3,6,三个固定 GP 表达式的均值,2550,1,0.976,9.691490300085675,9.670095459282486,9.73767933293006,9.73767933293006,32
1,2,7,三个固定 GP 表达式的均值,2550,1,0.846,8.957694941092823,8.93930946633374,9.152169107650117,9.152169107650117,32
1,3,7,三个固定 GP 表达式的均值,2550,1,0.968,9.714076539113984,9.692776439405407,9.75583004599759,9.75583004599759,32
1,0,4,不使用 GP,2550,1,0.836,8.288965278734592,8.272402041047144,8.61645795990064,8.61645795990064,32
1,0,5,不使用 GP,2550,1,0.78,8.109593792133019,8.093204782856436,8.47580867511629,8.47580867511629,32
1,0,7,不使用 GP,2550,1,0.988,9.760975864301562,9.739293101219948,9.792983552933181,9.792983552933181,32
1,3,1,三个固定 GP 表达式的均值,2575,1,0.902,9.19296197677445,9.17365169307199,9.338115590106064,9.338115590106064,32
1,3,2,三个固定 GP 表达式的均值,2575,1,0.9,9.155314355996099,9.13577626464107,9.307991316990568,9.307991316990568,32
1,2,3,三个固定 GP 表达式的均值,2575,1,0.922,9.372015311736995,9.352156335863912,9.481219576769794,9.481219576769794,32
1,3,4,三个固定 GP 表达式的均值,2575,1,0.87,8.83246801955387,8.814209930214206,9.050908249243996,9.050908249243996,32
1,2,6,三个固定 GP 表达式的均值,2575,2,0.958,10.340833079737557,10.493647517765792,10.39769763124473,10.39769763124473,30
1,2,7,三个固定 GP 表达式的均值,2575,1,0.934,9.433030631202898,9.413000254955282,9.531692394484319,9.531692394484319,32
1,0,4,不使用 GP,2575,1,0.854,8.578399007375706,8.560811888426782,8.848094784596018,8.848094784596018,32
1,0,5,不使用 GP,2575,1,0.838,8.261275070032756,8.244454162061867,8.596802600511472,8.596802600511472,32
1,0,6,不使用 GP,2575,1,0.966,9.561821329319073,9.540718516696437,9.633746971670531,9.633746971670531,32
1,1,0,三个固定 GP 表达式的均值,2600,1,0.984,9.785724334625439,9.764132437628756,9.810881015309638,9.810881015309638,32
1,1,6,三个固定 GP 表达式的均值,2600,1,0.982,9.777915267682475,9.75612537168072,9.80648624759591,9.80648624759591,27
1,3,1,三个固定 GP 表达式的均值,2625,1,0.948,9.658419443396612,9.637181357751176,9.709202492909094,9.709202492909094,32
1,3,2,三个固定 GP 表达式的均值,2625,1,0.97,9.731583286733654,9.710058831044506,9.767575611458632,9.767575611458632,32
1,3,4,三个固定 GP 表达式的均值,2625,1,0.958,9.660350336398205,9.639256077443994,9.710849548678016,9.710849548678016,32
1,0,2,不使用 GP,2625,1,0.75,7.518586060974971,7.518586691357766,8.002783305684845,8.002783305684845,32
1,0,5,不使用 GP,2625,1,0.86,9.115922672668185,9.125528348362842,9.302186190923102,9.302186190923102,32
1,3,0,三个固定 GP 表达式的均值,2650,1,0.824,8.754088685114459,8.736150234013211,8.988755981375656,8.988755981375656,32
1,2,1,三个固定 GP 表达式的均值,2650,1,0.874,9.25210407136073,9.232630077037584,9.385389441273556,9.385389441273556,32
1,3,1,三个固定 GP 表达式的均值,2650,1,0.982,9.767968109182618,9.746366930378024,9.79666259761671,9.79666259761671,28
1,2,4,三个固定 GP 表达式的均值,2650,1,0.974,9.774366435714349,9.752663150903388,9.801738922395854,9.801738922395854,30
1,3,4,三个固定 GP 表达式的均值,2650,1,0.994,9.86630002099775,9.844494372465094,9.875329235260741,9.875329235260741,29
1,0,2,不使用 GP,2650,1,0.814,8.073472059239641,8.057176792604684,8.445298423263596,8.445298423263596,32
1,1,4,三个固定 GP 表达式的均值,2650,1,0.9,8.939540906375603,8.92124582379704,9.136309922741022,9.136309922741022,32
1,0,5,不使用 GP,2650,1,0.902,9.486451143710932,9.466181843642596,9.572391960422108,9.572391960422108,32
1,3,0,三个固定 GP 表达式的均值,2675,1,0.906,9.034729743260952,9.01604800306114,9.212015513912569,9.212015513912569,32
1,2,1,三个固定 GP 表达式的均值,2675,1,0.96,9.467885857585781,9.447459838027601,9.557176260169507,9.557176260169507,32
1,0,2,不使用 GP,2675,1,0.77,8.206246714228445,8.195697963796633,8.560056506731774,8.560056506731774,32
1,1,4,三个固定 GP 表达式的均值,2675,1,0.91,9.41145245162462,9.397687481404889,9.518660522292757,9.518660522292757,32
1,1,6,三个固定 GP 表达式的均值,2675,2,0.91,9.515630812899126,9.494613955298128,9.596879345730464,9.596879345730464,32
1,3,0,三个固定 GP 表达式的均值,2700,1,0.948,9.372352106199541,9.352333599849159,9.481329755452592,9.481329755452592,32
1,0,2,不使用 GP,2700,1,0.834,8.704193398750714,8.686037556492044,8.947472708909224,8.947472708909224,32
1,1,4,三个固定 GP 表达式的均值,2700,1,0.936,9.668932342432688,9.647890040459835,9.717871993279827,9.717871993279827,32
1,1,1,三个固定 GP 表达式的均值,2725,1,0.764,7.996141340305723,7.9961413631872285,8.386420953300426,8.386420953300426,32
1,0,7,不使用 GP,2725,1,0.99,9.83017462322814,9.808108802405554,9.846144908334354,9.846144908334354,30
1,0,1,不使用 GP,2750,1,0.814,8.199241858553165,8.182780895641827,8.544940395264947,8.544940395264947,32
1,1,1,三个固定 GP 表达式的均值,2750,1,0.91,9.346496228803119,9.327115105160036,9.461252079329817,9.461252079329817,32
1,1,4,三个固定 GP 表达式的均值,2750,1,0.992,9.85735904776489,9.835411557884132,9.868038698554786,9.868038698554786,23
1,1,7,三个固定 GP 表达式的均值,2750,1,0.952,9.713891464280584,9.69260083292368,9.753503226040793,9.753503226040793,32
1,3,1,三个固定 GP 表达式的均值,2775,1,0.97,9.783233042736843,9.76174429463536,9.808969054296321,9.808969054296321,32
1,3,2,三个固定 GP 表达式的均值,2775,2,0.908,9.433834656595893,9.41302491362758,9.529546744776626,9.529546744776626,32
1,0,1,不使用 GP,2775,1,0.838,8.488722830371534,8.471235884677634,8.775957591316592,8.775957591316592,32
1,3,3,三个固定 GP 表达式的均值,2825,1,0.754,7.9129294795170075,7.912928781408962,8.320247628972954,8.320247628972954,32
1,0,0,不使用 GP,2825,1,0.772,7.516339418081193,7.516340073238865,8.002485143905758,8.002485143905758,32
1,1,3,三个固定 GP 表达式的均值,2825,1,0.736,7.655815611993661,7.655815418827375,8.111174709532085,8.111174709532085,32
1,3,3,三个固定 GP 表达式的均值,2850,1,0.83,8.824726107748624,8.80672414661257,9.044613429032312,9.044613429032312,32
1,0,0,不使用 GP,2850,1,0.846,8.231016057581396,8.214277749712988,8.570248758707184,8.570248758707184,32
1,0,1,不使用 GP,2850,1,0.934,9.52809506892866,9.507339309683665,9.605160717907202,9.605160717907202,32
1,1,3,三个固定 GP 表达式的均值,2850,1,0.812,8.785477667887442,8.767555416540429,9.013353427304837,9.013353427304837,32
1,0,7,不使用 GP,2850,1,0.988,11.062677254735288,11.373437048823464,11.102776990057038,11.102776990057038,32
1,3,0,三个固定 GP 表达式的均值,2875,1,0.988,9.834187819559096,9.812247410079996,9.849462300262939,9.849462300262939,21
1,2,1,三个固定 GP 表达式的均值,2875,1,0.984,9.780070476582429,9.758256643304783,9.806182458833005,9.806182458833005,15
1,3,3,三个固定 GP 表达式的均值,2875,1,0.816,8.803986029714407,8.785679148479348,9.028596158841184,9.028596158841184,32
1,0,0,不使用 GP,2875,1,0.836,8.654571820433228,8.636716700102298,8.910877188041985,8.910877188041985,32
1,1,3,三个固定 GP 表达式的均值,2875,1,0.818,8.835100032413235,8.81691261789609,9.053617970076818,9.053617970076818,32
1,3,0,三个固定 GP 表达式的均值,2925,2,0.846,8.689440066189754,8.670365818429227,8.934712991164002,8.934712991164002,32
1,3,3,三个固定 GP 表达式的均值,2925,1,0.92,9.592207794034397,9.571720386698482,9.656824339132124,9.656824339132124,32
1,0,0,不使用 GP,2925,1,0.914,9.314879916104992,9.294985293506794,9.437153544729414,9.437153544729414,32
1,0,2,不使用 GP,2925,2,0.918,9.418636168807732,9.397900412697854,9.517540996457413,9.517540996457413,32
1,1,3,三个固定 GP 表达式的均值,2925,1,0.956,9.670979392270686,9.650026525217067,9.719551747971632,9.719551747971632,32
1,3,3,三个固定 GP 表达式的均值,2950,1,0.988,9.827970517929575,9.806318319772808,9.844734194658532,9.844734194658532,30
1,0,3,不使用 GP,2975,1,0.964,9.625727882962714,9.604395207592958,9.682813687765208,9.682813687765208,30
1,2,2,三个固定 GP 表达式的均值,3025,1,0.768,8.012648818771623,8.01264995336279,8.398718903691213,8.398718903691213,32
1,2,4,三个固定 GP 表达式的均值,3025,1,0.784,8.036085128883872,8.036085511454727,8.417631049833545,8.417631049833545,32
1,2,5,三个固定 GP 表达式的均值,3025,1,0.802,8.190455576957063,8.190454711709561,8.546360872525074,8.546360872525074,32
1,3,5,三个固定 GP 表达式的均值,3025,1,0.766,8.115191875842283,8.115193370359153,8.482352096414264,8.482352096414264,32
1,1,0,三个固定 GP 表达式的均值,3025,1,0.752,8.158744591108452,8.164285452380806,8.523460587401384,8.523460587401384,32
1,1,5,三个固定 GP 表达式的均值,3025,1,0.734,8.079722045880212,8.079721573571115,8.453888617162383,8.453888617162383,32
1,0,6,不使用 GP,3025,1,0.77,7.659435388170526,7.666404100364753,8.124340066482674,8.124340066482674,32
1,1,6,三个固定 GP 表达式的均值,3025,1,0.754,8.132768890327633,8.14237824612551,8.506233703289846,8.506233703289846,32
1,2,2,三个固定 GP 表达式的均值,3050,1,0.866,9.137654841333234,9.12433000989286,9.300149089585824,9.300149089585824,32
1,2,4,三个固定 GP 表达式的均值,3050,1,0.872,8.961437276975657,8.948653034687231,9.16105070772253,9.16105070772253,32
1,2,5,三个固定 GP 表达式的均值,3050,1,0.874,9.249948042833235,9.230648451355682,9.383964656112934,9.383964656112934,32
1,3,5,三个固定 GP 表达式的均值,3050,1,0.8,8.645764730126869,8.634571814282605,8.90836143482165,8.90836143482165,32
1,2,6,三个固定 GP 表达式的均值,3050,1,0.866,9.161839343893059,9.149978137733996,9.321124748428373,9.321124748428373,32
1,0,1,不使用 GP,3050,1,0.994,9.789804614421664,9.768322421978443,9.8142457912692,9.8142457912692,32
1,0,4,不使用 GP,3050,1,0.784,8.179473582920897,8.162859779599236,8.530035793870919,8.530035793870919,32
1,1,5,三个固定 GP 表达式的均值,3050,1,0.832,8.96106655858846,8.942843422015093,9.1537139754604,9.1537139754604,32
1,0,6,不使用 GP,3050,1,0.832,8.518072078741488,8.524646088696992,8.821780591458047,8.821780591458047,32
1,2,2,三个固定 GP 表达式的均值,3075,1,0.924,9.316210418301651,9.296306871724914,9.436405058282665,9.436405058282665,32
1,3,5,三个固定 GP 表达式的均值,3075,1,0.84,8.793611252662677,8.775554999024179,9.020150905183046,9.020150905183046,32
1,1,0,三个固定 GP 表达式的均值,3075,1,0.874,9.284682903649179,9.284891466740596,9.430273023169107,9.430273023169107,32
1,0,4,不使用 GP,3075,1,0.826,8.512131560652461,8.494695491160419,8.797135666668328,8.797135666668328,32
1,1,5,三个固定 GP 表达式的均值,3075,1,0.894,9.070619062717654,9.05159849413336,9.240428330735767,9.240428330735767,32
1,0,6,不使用 GP,3075,1,0.842,8.723973599559285,8.705986780863705,8.96612580975963,8.96612580975963,32
1,1,6,三个固定 GP 表达式的均值,3075,1,0.9,9.234621406670785,9.215156425225342,9.372315027003085,9.372315027003085,32
1,0,0,不使用 GP,3100,2,0.816,8.088553451715098,8.070891574026586,8.455361651188655,8.455361651188655,15
1,1,3,三个固定 GP 表达式的均值,3100,2,0.836,8.885928395825536,8.8664873057784,9.091405670522823,9.091405670522823,32
1,2,0,三个固定 GP 表达式的均值,3125,1,0.782,8.152717174894736,8.171400523578775,8.53316969906913,8.53316969906913,32
1,3,1,三个固定 GP 表达式的均值,3125,1,0.748,8.049473397804006,8.049474543347669,8.431098092844602,8.431098092844602,32
1,3,2,三个固定 GP 表达式的均值,3125,1,0.796,8.046419220131018,8.0464197233528,8.426386384979597,8.426386384979597,32
1,2,3,三个固定 GP 表达式的均值,3125,1,0.798,7.945262267848608,7.945261789565945,8.34598178803752,8.34598178803752,32
1,3,7,三个固定 GP 表达式的均值,3125,1,0.734,7.850319071502194,7.850319466433883,8.270440066501624,8.270440066501624,32
1,1,3,三个固定 GP 表达式的均值,3125,1,0.992,9.87991839914564,9.858356808323597,9.886447624806395,9.886447624806395,30
1,0,5,不使用 GP,3125,1,0.708,6.779154451122831,6.779154316037401,7.40480556445809,7.40480556445809,32
1,2,0,三个固定 GP 表达式的均值,3150,1,0.818,8.654289880714858,8.636459814877487,8.90850098368562,8.90850098368562,32
1,3,1,三个固定 GP 表达式的均值,3150,1,0.786,8.624249462668443,8.614290907880775,8.891552287711919,8.891552287711919,32
1,2,2,三个固定 GP 表达式的均值,3150,1,0.964,9.661982809184355,9.640563100603332,9.71191177114394,9.71191177114394,31
1,3,2,三个固定 GP 表达式的均值,3150,1,0.828,8.911130345751978,8.899646200154768,9.12158977876574,9.12158977876574,32
1,3,3,三个固定 GP 表达式的均值,3150,1,0.988,9.796126017615293,9.774722121141268,9.819396002743156,9.819396002743156,32
1,3,4,三个固定 GP 表达式的均值,3150,1,0.83,8.82007128743103,8.801941087744247,9.041828485568038,9.041828485568038,32
1,3,5,三个固定 GP 表达式的均值,3150,1,0.968,9.633836067767175,9.61315822300534,9.690050896816736,9.690050896816736,32
1,3,6,三个固定 GP 表达式的均值,3150,1,0.822,8.68731457002162,8.66934698090309,8.937479758712511,8.937479758712511,32
1,3,7,三个固定 GP 表达式的均值,3150,1,0.812,8.514882173583596,8.497685745008965,8.800264483865304,8.800264483865304,32
1,0,5,不使用 GP,3150,1,0.802,8.225239250098653,8.214773643978697,8.575511038094389,8.575511038094389,32
1,0,6,不使用 GP,3150,1,0.984,9.79479776072081,9.773371805475264,9.82033737647293,9.82033737647293,32
1,1,6,三个固定 GP 表达式的均值,3150,1,0.986,9.782150813588663,9.76066456825271,9.808167349744787,9.808167349744787,32
1,1,7,三个固定 GP 表达式的均值,3150,1,0.858,8.990060187767972,9.001097210375848,9.204623879497708,9.204623879497708,32
1,3,1,三个固定 GP 表达式的均值,3175,1,0.822,8.880927577761327,8.862497651938725,9.08902190841604,9.08902190841604,32
1,3,2,三个固定 GP 表达式的均值,3175,1,0.888,9.288814258662125,9.269109429533525,9.414650873665153,9.414650873665153,32
1,2,3,三个固定 GP 表达式的均值,3175,1,0.868,9.21437713934928,9.195216905913655,9.356022848909197,9.356022848909197,32
1,3,4,三个固定 GP 表达式的均值,3175,1,0.89,9.172666999543043,9.15358864886469,9.32241609134253,9.32241609134253,32
1,3,6,三个固定 GP 表达式的均值,3175,1,0.858,9.032274820410281,9.013440799389068,9.21049786789404,9.21049786789404,32
1,3,7,三个固定 GP 表达式的均值,3175,1,0.828,8.807314728065656,8.796160524071977,9.040227891435707,9.040227891435707,32
1,0,5,不使用 GP,3175,1,0.752,8.158219057060137,8.141765764625907,8.513090674564493,8.513090674564493,32
1,1,7,三个固定 GP 表达式的均值,3175,1,0.84,9.154038793796316,9.188435198377107,9.353883084002353,9.353883084002353,32
1,3,4,三个固定 GP 表达式的均值,3225,1,0.96,9.727271925012106,9.705901802722465,9.76432956925876,9.76432956925876,32
1,2,7,三个固定 GP 表达式的均值,3225,1,0.76,8.112831602999169,8.125680348852688,8.492856025982425,8.492856025982425,32
1,3,7,三个固定 GP 表达式的均值,3225,1,0.918,9.863824191933809,9.93416231126239,9.949266652651543,9.949266652651543,32
1,1,2,三个固定 GP 表达式的均值,3225,1,0.772,8.025977245105647,8.03156333764901,8.417684825822384,8.417684825822384,32
1,1,4,三个固定 GP 表达式的均值,3225,1,0.74,7.754398240205147,7.7660787089377115,8.203928841104867,8.203928841104867,32
1,0,5,不使用 GP,3225,1,0.858,8.842951184617933,8.824391572620412,9.059060090115372,9.059060090115372,32
1,0,7,不使用 GP,3225,1,0.72,7.437109918428218,7.443136640311549,7.942860253114261,7.942860253114261,32
1,1,7,三个固定 GP 表达式的均值,3225,1,0.92,9.56810317622293,9.547369429909455,9.639358530905765,9.639358530905765,32
1,3,0,三个固定 GP 表达式的均值,3250,1,0.816,8.704377844193854,8.695410740326063,8.956520709646837,8.956520709646837,32
1,3,1,三个固定 GP 表达式的均值,3250,1,0.95,9.61252009477187,9.591742494978464,9.672817457108593,9.672817457108593,32
1,3,6,三个固定 GP 表达式的均值,3250,1,0.994,9.871102182817648,9.849151917976906,9.881160786454675,9.881160786454675,29
1,2,7,三个固定 GP 表达式的均值,3250,1,0.8,8.717675477372472,8.699944624552526,8.959244598214704,8.959244598214704,32
1,3,7,三个固定 GP 表达式的均值,3250,1,0.976,9.728337539639083,9.7068253690486,9.767060974169594,9.767060974169594,32
1,1,2,三个固定 GP 表达式的均值,3250,1,0.866,8.942093140475494,8.92384040868587,9.139539664096677,9.139539664096677,32
1,1,4,三个固定 GP 表达式的均值,3250,1,0.828,8.91239584776933,8.894137230273595,9.114809184997185,9.114809184997185,32
1,0,5,不使用 GP,3250,1,0.944,9.539381526217143,9.51880920574366,9.61445203992024,9.61445203992024,32
1,0,7,不使用 GP,3250,1,0.75,8.141242014393331,8.147979422537158,8.521775217126963,8.521775217126963,32
1,1,7,三个固定 GP 表达式的均值,3250,1,0.986,10.20247793645854,10.29528906808352,10.238659192108502,10.238659192108502,32
1,3,0,三个固定 GP 表达式的均值,3275,1,0.86,9.044219585338528,9.025449413552934,9.220020441591974,9.220020441591974,32
1,2,7,三个固定 GP 表达式的均值,3275,1,0.874,9.19165279694139,9.172401434097269,9.33710282269248,9.33710282269248,32
1,1,2,三个固定 GP 表达式的均值,3275,1,0.914,9.298440268414588,9.279006510768816,9.422885685067206,9.422885685067206,32
1,1,4,三个固定 GP 表达式的均值,3275,1,0.944,9.406023629886882,9.385994100596434,9.508130923289004,9.508130923289004,32
1,0,6,不使用 GP,3275,2,0.916,9.0879024216142,9.067812344032207,9.25498068489072,9.25498068489072,23
1,0,7,不使用 GP,3275,1,0.796,8.166505094282813,8.15004954523324,8.520575248087704,8.520575248087704,32
1,3,0,三个固定 GP 表达式的均值,3300,1,0.964,9.430932325431668,9.410714028332347,9.527967084786853,9.527967084786853,32
1,3,1,三个固定 GP 表达式的均值,3300,1,0.97,9.753698263844761,9.732080725284021,9.785202229554399,9.785202229554399,31
1,2,7,三个固定 GP 表达式的均值,3300,1,0.94,9.617407943554344,9.596600838119182,9.676723591022741,9.676723591022741,32
1,3,7,三个固定 GP 表达式的均值,3300,1,0.994,10.501809710609713,10.64153191418982,10.516326899761255,10.516326899761255,28
1,1,2,三个固定 GP 表达式的均值,3300,1,0.96,9.63076527044225,9.609997389357543,9.687531809738465,9.687531809738465,32
1,0,7,不使用 GP,3300,1,0.804,8.582109484729681,8.564346985083999,8.852468720040125,8.852468720040125,32
1,1,7,三个固定 GP 表达式的均值,3300,1,0.992,9.906646840409042,9.88448693970352,9.909374379605499,9.909374379605499,31
1,0,2,不使用 GP,3325,1,0.738,7.421270519099696,7.421271033994619,7.924542442369914,7.924542442369914,32
1,0,4,不使用 GP,3325,2,0.93,9.497188653885326,9.476333323557203,9.58023334349691,9.58023334349691,32
1,3,1,三个固定 GP 表达式的均值,3350,1,0.986,9.819763233688148,9.797961300921473,9.838024388655938,9.838024388655938,32
1,0,2,不使用 GP,3350,1,0.788,8.101375972104911,8.084929070485739,8.466406483259227,8.466406483259227,32
1,0,3,不使用 GP,3350,1,0.802,8.209629513889023,8.201194192268108,8.565214870717819,8.565214870717819,32
1,1,6,三个固定 GP 表达式的均值,3350,2,0.988,9.840437238510424,9.818700302222046,9.856635725499194,9.856635725499194,32
1,0,7,不使用 GP,3350,1,0.9,9.425446626314356,9.492563684215144,9.595782167782913,9.595782167782913,32
1,1,7,三个固定 GP 表达式的均值,3350,1,0.986,10.639531083053006,10.829398527485523,10.666962378308318,10.666962378308318,28
1,3,2,三个固定 GP 表达式的均值,3375,2,0.962,9.545729577463767,9.524686228883002,9.618960733227985,9.618960733227985,32
1,3,5,三个固定 GP 表达式的均值,3375,2,0.92,9.521361415762254,9.500453001141317,9.599494054131117,9.599494054131117,32
1,0,2,不使用 GP,3375,1,0.828,8.517894706868907,8.508586857974809,8.807271202139026,8.807271202139026,32
1,0,3,不使用 GP,3375,1,0.844,8.253602676220726,8.236656884281292,8.587938360903234,8.587938360903234,32
1,0,7,不使用 GP,3400,1,0.934,9.429737856440646,9.43033461574264,9.54547175209023,9.54547175209023,32
1,3,4,三个固定 GP 表达式的均值,3425,1,0.988,9.74191668384487,9.720541170926294,9.775920917484545,9.775920917484545,32
1,0,0,不使用 GP,3425,1,0.77,7.364462529001773,7.364462938975837,7.876564613828554,7.876564613828554,32
1,0,1,不使用 GP,3425,1,0.786,7.565459668010913,7.571453114572871,8.04636738888791,8.04636738888791,32
1,1,3,三个固定 GP 表达式的均值,3425,1,0.758,8.106738330975249,8.113394288953367,8.482427366653502,8.482427366653502,32
1,0,1,不使用 GP,3450,1,0.802,8.054143301541604,8.037903497377037,8.429358670904913,8.429358670904913,32
1,1,1,三个固定 GP 表达式的均值,3450,1,0.866,8.852540587170543,8.834434539569502,9.067201846535427,9.067201846535427,32
1,0,3,不使用 GP,3450,1,0.934,9.114326025731023,9.094788213268131,9.274616491558575,9.274616491558575,32
1,1,3,三个固定 GP 表达式的均值,3450,1,0.774,8.53849291960634,8.521073015512128,8.816836040021224,8.816836040021224,32
1,0,7,不使用 GP,3450,1,0.98,9.779520866115718,9.757922167277432,9.807927422915535,9.807927422915535,32
1,3,1,三个固定 GP 表达式的均值,3475,2,0.934,9.561706397276232,9.540626177346386,9.631711641189124,9.631711641189124,32
1,2,7,三个固定 GP 表达式的均值,3475,2,0.966,9.71330974462631,9.692045413223669,9.753116157355533,9.753116157355533,32
1,0,0,不使用 GP,3475,1,0.82,8.35586376001566,8.338594285487966,8.670782883772837,8.670782883772837,32
1,0,1,不使用 GP,3475,1,0.834,8.40609031808409,8.388829347089242,8.71007081534215,8.71007081534215,32
1,1,1,三个固定 GP 表达式的均值,3475,1,0.896,9.195560496866916,9.17651759620005,9.3410856981882,9.3410856981882,32
1,1,3,三个固定 GP 表达式的均值,3475,1,0.832,8.87757960286843,8.859162411891168,9.086667776193837,9.086667776193837,32
1,1,4,三个固定 GP 表达式的均值,3475,1,0.992,9.74321312761447,9.722017272349484,9.777172059483219,9.777172059483219,32
1,3,3,三个固定 GP 表达式的均值,3525,1,0.746,7.8113551113083775,7.8113542728990195,8.23650010216406,8.23650010216406,32
1,0,0,不使用 GP,3525,1,0.94,9.364829002962766,9.345064688243419,9.475627746175212,9.475627746175212,32
1,0,1,不使用 GP,3525,1,0.874,8.992429243166372,8.973481895370993,9.17765959346275,9.17765959346275,32
1,1,3,三个固定 GP 表达式的均值,3525,1,0.918,9.55830475244052,9.5379526193475,9.629821312207252,9.629821312207252,32
1,2,1,三个固定 GP 表达式的均值,3550,1,0.878,9.21747246353061,9.198571247650833,9.358227318427621,9.358227318427621,32
1,0,0,不使用 GP,3550,1,0.984,9.751943798228208,9.73041944852848,9.783886197691345,9.783886197691345,32
1,1,3,三个固定 GP 表达式的均值,3550,1,0.974,9.609747168591179,9.588892209809089,9.670541939534036,9.670541939534036,32
1,2,1,三个固定 GP 表达式的均值,3575,1,0.956,9.629682821026499,9.60884748493367,9.686577203309204,9.686577203309204,32
1,3,3,三个固定 GP 表达式的均值,3575,1,0.868,8.939459649550018,8.920814131000453,9.136039225343351,9.136039225343351,32
1,0,0,不使用 GP,3600,1,0.992,9.730847065308943,9.709087322843638,9.766761854203734,9.766761854203734,28
1,2,4,三个固定 GP 表达式的均值,3625,1,0.76,8.032809503397262,8.032811357193983,8.416930295917835,8.416930295917835,32
1,2,5,三个固定 GP 表达式的均值,3625,1,0.786,8.100015853497958,8.100015367632743,8.469889712273266,8.469889712273266,32
1,2,6,三个固定 GP 表达式的均值,3625,1,0.8,7.971365936252742,7.971364865827192,8.367818732626013,8.367818732626013,32
1,0,4,不使用 GP,3625,1,0.744,7.481090369056532,7.481089959629746,7.97158926244175,7.97158926244175,32
1,1,4,三个固定 GP 表达式的均值,3625,1,0.994,9.833222367477674,9.81141402450841,9.848799634955098,9.848799634955098,32
1,1,5,三个固定 GP 表达式的均值,3625,1,0.754,8.083739021001124,8.083738564588444,8.457964312383398,8.457964312383398,32
1,2,2,三个固定 GP 表达式的均值,3650,1,0.882,9.237612777279907,9.224583688215443,9.38338495956172,9.38338495956172,32
1,2,5,三个固定 GP 表达式的均值,3650,1,0.89,9.183886239471978,9.164883941913706,9.331382278359062,9.331382278359062,32
1,2,6,三个固定 GP 表达式的均值,3650,1,0.856,9.048440159845448,9.056372570657036,9.247272997334141,9.247272997334141,32
1,1,0,三个固定 GP 表达式的均值,3650,1,0.802,8.73210598751748,8.719824592757975,8.976788349068878,8.976788349068878,32
1,0,2,不使用 GP,3650,2,0.948,9.395705352815481,9.374867822135379,9.499073230688914,9.499073230688914,17
1,1,5,三个固定 GP 表达式的均值,3650,1,0.776,8.551999129839496,8.541336264095637,8.83406656911992,8.83406656911992,32
1,0,6,不使用 GP,3650,1,0.798,8.285205571252796,8.276483297183217,8.625871708031355,8.625871708031355,32
1,2,5,三个固定 GP 表达式的均值,3675,1,0.966,9.696058264929507,9.674906537574861,9.73949756623014,9.73949756623014,32
1,2,6,三个固定 GP 表达式的均值,3675,1,0.916,9.612495333891959,9.643911361269778,9.719142423596292,9.719142423596292,32
1,1,0,三个固定 GP 表达式的均值,3675,1,0.864,8.984237815386615,8.965614624096524,9.17230711239206,9.17230711239206,32
1,0,1,不使用 GP,3675,1,0.992,9.845772020556916,9.82396027100391,9.858858554935793,9.858858554935793,26
1,0,3,不使用 GP,3675,1,0.992,9.804404758527518,9.782706833864648,9.825801258090827,9.825801258090827,32
1,0,4,不使用 GP,3675,1,0.816,8.49246327663342,8.47505872177629,8.779425984664828,8.779425984664828,32
1,1,5,三个固定 GP 表达式的均值,3675,1,0.782,8.488929468535737,8.471521684718011,8.776816399473685,8.776816399473685,32
1,0,6,不使用 GP,3675,1,0.834,8.504426493354194,8.499999475663035,8.804404258444992,8.804404258444992,32
1,3,3,三个固定 GP 表达式的均值,3700,1,0.97,9.808530385182047,9.78664670378904,9.828954461316911,9.828954461316911,24
1,2,0,三个固定 GP 表达式的均值,3725,1,0.808,8.184056069526557,8.184056329455636,8.537007199950198,8.537007199950198,32
1,2,3,三个固定 GP 表达式的均值,3725,1,0.808,8.125699212881802,8.13138732278521,8.496111678489862,8.496111678489862,32
1,3,4,三个固定 GP 表达式的均值,3725,1,0.748,7.822646623547013,7.822646190535272,8.24681252346252,8.24681252346252,32
1,3,5,三个固定 GP 表达式的均值,3725,1,0.784,8.021291113647298,8.026943987897054,8.413865779482492,8.413865779482492,32
1,3,6,三个固定 GP 表达式的均值,3725,1,0.756,7.821046179236225,7.821046004792381,8.248194347985338,8.248194347985338,32
1,1,6,三个固定 GP 表达式的均值,3725,1,0.77,7.889324280802854,7.889325048326897,8.30089876189715,8.30089876189715,32
1,3,2,三个固定 GP 表达式的均值,3750,1,0.846,8.879222537810627,8.860895694337797,9.088689561270238,9.088689561270238,32
1,2,3,三个固定 GP 表达式的均值,3750,1,0.862,8.860953394807634,8.842752270464503,9.075095098296298,9.075095098296298,32
1,3,4,三个固定 GP 表达式的均值,3750,1,0.864,8.96579651707376,8.947382743912861,9.15719172489307,9.15719172489307,32
1,3,6,三个固定 GP 表达式的均值,3750,1,0.798,8.789708981522404,8.785958936823997,9.031361315432498,9.031361315432498,32
1,0,4,不使用 GP,3750,1,0.97,9.763942898397971,9.742515470292686,9.793604537084446,9.793604537084446,32
1,0,5,不使用 GP,3750,1,0.764,8.073892155781364,8.06377143130087,8.451580682727355,8.451580682727355,32
1,0,6,不使用 GP,3750,1,0.972,9.563833591742119,9.542990922362021,9.633817760866865,9.633817760866865,32
1,1,6,三个固定 GP 表达式的均值,3750,1,0.88,8.983709801526718,8.965053172405282,9.172031342690829,9.172031342690829,32
1,2,0,三个固定 GP 表达式的均值,3775,1,0.94,9.489985589368137,9.469662370597641,9.575119517771977,9.575119517771977,32
1,3,2,三个固定 GP 表达式的均值,3775,1,0.862,9.01658107117649,8.997695459885282,9.197939923778144,9.197939923778144,32
1,2,3,三个固定 GP 表达式的均值,3775,1,0.872,9.02512632197082,9.006323138813725,9.205060177166475,9.205060177166475,32
1,3,3,三个固定 GP 表达式的均值,3775,2,0.952,9.650083873566683,9.628890839578824,9.702514671876846,9.702514671876846,32
1,3,4,三个固定 GP 表达式的均值,3775,1,0.892,9.359346102350107,9.33956154521805,9.470906171224303,9.470906171224303,32
1,3,5,三个固定 GP 表达式的均值,3775,1,0.896,9.084089364357334,9.065057481963624,9.251379479023935,9.251379479023935,32
1,3,6,三个固定 GP 表达式的均值,3775,1,0.814,8.882998661710609,8.886885291184095,9.111174687269907,9.111174687269907,32
1,0,5,不使用 GP,3775,1,0.81,8.317091369042885,8.300237593074472,8.639531446091697,8.639531446091697,32
1,1,0,三个固定 GP 表达式的均值,3800,1,0.992,9.87375555931634,9.851842121732076,9.88121344248437,9.88121344248437,24
1,3,0,三个固定 GP 表达式的均值,3825,1,0.754,7.957918031436279,7.957919151827495,8.356361168750228,8.356361168750228,32
1,3,1,三个固定 GP 表达式的均值,3825,1,0.73,7.82904280212732,7.829044274989591,8.251252550525018,8.251252550525018,32
1,3,2,三个固定 GP 表达式的均值,3825,1,0.958,9.596510555706955,9.575932619034152,9.660229759649873,9.660229759649873,32
1,2,3,三个固定 GP 表达式的均值,3825,1,0.978,9.730988820617949,9.709613104026477,9.767218038466924,9.767218038466924,29
1,3,6,三个固定 GP 表达式的均值,3825,1,0.956,9.65014740357024,9.629212158295173,9.702872375598236,9.702872375598236,32
1,3,7,三个固定 GP 表达式的均值,3825,1,0.772,7.907957387022561,7.90795765700111,8.31608114730211,8.31608114730211,32
1,1,2,三个固定 GP 表达式的均值,3825,1,0.734,8.012578845721775,8.012579351302309,8.400162298586789,8.400162298586789,32
1,0,5,不使用 GP,3825,1,0.826,8.839879980803364,8.841525366949158,9.076750102732431,9.076750102732431,32
1,1,7,三个固定 GP 表达式的均值,3825,1,0.774,8.010755501165244,8.010755911201468,8.399327088485467,8.399327088485467,32
1,3,0,三个固定 GP 表达式的均值,3850,1,0.896,9.084771806879894,9.074050701851558,9.260696822519405,9.260696822519405,32
1,3,1,三个固定 GP 表达式的均值,3850,1,0.812,8.695815141829089,8.67801652887417,8.941776372241787,8.941776372241787,32
1,2,7,三个固定 GP 表达式的均值,3850,1,0.838,9.023024608375044,9.036216615557269,9.2314294493093,9.2314294493093,32
1,3,7,三个固定 GP 表达式的均值,3850,1,0.824,8.73938424903705,8.721689901338435,8.97821563965165,8.97821563965165,32
1,1,2,三个固定 GP 表达式的均值,3850,1,0.856,9.03180167618415,9.013379307705188,9.210048772730211,9.210048772730211,32
1,0,5,不使用 GP,3850,1,0.88,9.251657865330191,9.231988604346162,9.384971063726624,9.384971063726624,32
1,1,7,三个固定 GP 表达式的均值,3850,1,0.814,8.863801931963334,8.84570159123493,9.076549157738368,9.076549157738368,32
1,3,0,三个固定 GP 表达式的均值,3875,1,0.904,9.290382881571261,9.270773231018188,9.415866037262415,9.415866037262415,32
1,3,1,三个固定 GP 表达式的均值,3875,1,0.86,8.881675868003375,8.863220932213364,9.08989442744959,9.08989442744959,32
1,2,7,三个固定 GP 表达式的均值,3875,1,0.97,9.565131792857162,9.54454169376436,9.638095036571142,9.638095036571142,32
1,3,7,三个固定 GP 表达式的均值,3875,1,0.844,8.845419718117814,8.82709647333382,9.062534369450491,9.062534369450491,32
1,1,3,三个固定 GP 表达式的均值,3875,2,0.982,9.729111818728294,9.707725623095099,9.765666101091709,9.765666101091709,32
1,1,7,三个固定 GP 表达式的均值,3875,1,0.848,9.08880372922193,9.06965293105194,9.257185269038912,9.257185269038912,32
1,3,0,三个固定 GP 表达式的均值,3900,1,0.994,9.862390636113197,9.840798095382258,9.872380035355052,9.872380035355052,32
1,3,1,三个固定 GP 表达式的均值,3900,1,0.892,9.461913609551013,9.441771869470474,9.55275840345663,9.55275840345663,32
1,3,7,三个固定 GP 表达式的均值,3900,1,0.826,9.070810136586982,9.051821765199461,9.243095947482384,9.243095947482384,32
1,1,2,三个固定 GP 表达式的均值,3900,1,0.976,9.773524849422758,9.752228632760948,9.80142866961463,9.80142866961463,32
1,0,5,不使用 GP,3900,1,0.964,9.648148847684643,9.627140975010018,9.701209255358936,9.701209255358936,32
1,1,7,三个固定 GP 表达式的均值,3900,1,0.88,9.334923323148116,9.315024401679027,9.451284055940256,9.451284055940256,32
1,0,7,不使用 GP,3925,1,0.768,7.5926021708212375,7.611321137973865,8.082222205486275,8.082222205486275,32
1,3,1,三个固定 GP 表达式的均值,3950,1,0.986,9.770490986111993,9.748991578132701,9.798806348075098,9.798806348075098,32
1,2,7,三个固定 GP 表达式的均值,3950,1,0.994,9.865329506504805,9.843421280209467,9.876446264217789,9.876446264217789,24
1,3,7,三个固定 GP 表达式的均值,3950,1,0.934,9.566469158408436,9.553209607838676,9.645287690197842,9.645287690197842,32
1,1,4,三个固定 GP 表达式的均值,3950,1,0.812,8.756706608877622,8.74449693484716,8.995559793000668,8.995559793000668,32
1,0,7,不使用 GP,3950,1,0.804,8.128566787688865,8.111989757442513,8.489868616270476,8.489868616270476,32
1,0,7,不使用 GP,3975,1,0.796,8.2140911608797,8.197294509246362,8.557389916247194,8.557389916247194,32
1,3,0,三个固定 GP 表达式的均值,4000,1,0.994,9.837230221060528,9.815335748725076,9.851939969608448,9.851939969608448,28
1,3,1,三个固定 GP 表达式的均值,4000,1,0.994,9.831817862843264,9.809893770536002,9.847586100907705,9.847586100907705,30
1,0,5,不使用 GP,4000,2,0.884,9.367277169320504,9.346813018264061,9.476345894988047,9.476345894988047,32
1,2,3,三个固定 GP 表达式的均值,4025,1,0.99,9.8317286915928,9.809861759794815,9.847552324310232,9.847552324310232,19
1,2,4,三个固定 GP 表达式的均值,4025,2,0.92,9.121223343293137,9.101091506858833,9.279524022832014,9.279524022832014,8
1,0,0,不使用 GP,4025,1,0.78,7.71050980984036,7.7105102868064455,8.157907067126477,8.157907067126477,32
1,1,1,三个固定 GP 表达式的均值,4025,1,0.742,8.067832412972056,8.06783166943358,8.444288429256785,8.444288429256785,32
1,0,2,不使用 GP,4025,1,0.78,7.596114690261385,7.596115697179381,8.065454404764898,8.065454404764898,32
1,0,3,不使用 GP,4025,1,0.764,7.518601893008393,7.5186004626943586,8.002021518608124,8.002021518608124,32
1,2,3,三个固定 GP 表达式的均值,4050,1,0.98,9.752183929494873,9.730543616751497,9.783974614346066,9.783974614346066,20
1,3,4,三个固定 GP 表达式的均值,4050,1,0.988,9.780913021034312,9.759509563602254,9.8071907175677,9.8071907175677,32
1,2,7,三个固定 GP 表达式的均值,4050,1,0.968,9.827675138852669,9.80576909569684,9.845883195713933,9.845883195713933,31
1,3,7,三个固定 GP 表达式的均值,4050,1,0.988,10.615308523243653,10.794902569331306,10.639224315853273,10.639224315853273,28
1,0,0,不使用 GP,4050,1,0.826,8.442225799334745,8.434078089067409,8.74960909564349,8.74960909564349,32
1,0,1,不使用 GP,4050,1,0.81,7.989383880507131,7.9815104268343635,8.385193614799405,8.385193614799405,32
1,0,2,不使用 GP,4050,1,0.818,8.319105468612076,8.302192212357808,8.64241817762727,8.64241817762727,32
1,0,3,不使用 GP,4050,1,0.82,8.25127206921044,8.234720595014611,8.588584581093166,8.588584581093166,32
1,0,7,不使用 GP,4050,1,0.94,9.547733281608254,9.527335531735648,9.623494130323147,9.623494130323147,32
1,0,0,不使用 GP,4075,1,0.81,8.5424299207729,8.524871915034346,8.819676191199331,8.819676191199331,32
1,0,1,不使用 GP,4075,1,0.786,7.944112802694482,7.927998391700829,8.341096249068402,8.341096249068402,32
1,1,1,三个固定 GP 表达式的均值,4075,1,0.98,9.828294221251696,9.807059861050533,9.845380538388813,9.845380538388813,32
1,0,2,不使用 GP,4075,1,0.85,8.39900003612548,8.381877037974622,8.705660257663444,8.705660257663444,32
1,0,3,不使用 GP,4075,1,0.796,8.364392926167092,8.347280031766104,8.676819788841007,8.676819788841007,32
1,0,7,不使用 GP,4100,1,0.992,10.31860898882609,10.425872357048297,10.343394947786027,10.343394947786027,32
1,1,7,三个固定 GP 表达式的均值,4100,2,0.798,8.710673201675892,8.69161644388686,8.951886626896181,8.951886626896181,32
1,2,1,三个固定 GP 表达式的均值,4125,1,0.776,8.05900179263958,8.059002276926405,8.437598378241015,8.437598378241015,32
1,2,2,三个固定 GP 表达式的均值,4125,1,0.746,7.732352234529536,7.738042067692753,8.180171010898666,8.180171010898666,32
1,3,3,三个固定 GP 表达式的均值,4125,1,0.794,8.00043221381509,8.000431124901404,8.391005606896229,8.391005606896229,32
1,0,0,不使用 GP,4125,1,0.844,8.913590480695316,8.894842202141861,9.115103895532616,9.115103895532616,32
1,0,1,不使用 GP,4125,1,0.818,8.542540762253546,8.524889655473979,8.819639921099862,8.819639921099862,32
1,0,2,不使用 GP,4125,1,0.888,9.164581939289393,9.145246160770029,9.315361036562555,9.315361036562555,32
1,0,3,不使用 GP,4125,1,0.894,8.985783600853537,8.966938725096696,9.172907456311986,9.172907456311986,32
1,2,1,三个固定 GP 表达式的均值,4150,1,0.864,9.067686287938756,9.04886289336855,9.23795620452411,9.23795620452411,32
1,2,2,三个固定 GP 表达式的均值,4150,1,0.862,8.863481331355793,8.84523429896697,9.075682554796712,9.075682554796712,32
1,3,3,三个固定 GP 表达式的均值,4150,1,0.788,8.697881441281677,8.680234947260855,8.945667948830481,8.945667948830481,32
1,0,0,不使用 GP,4150,1,0.946,9.550610078125588,9.544895292642888,9.637520368640615,9.637520368640615,32
1,0,1,不使用 GP,4150,1,0.892,9.22283163368766,9.203366361470438,9.361966441106837,9.361966441106837,32
1,0,2,不使用 GP,4150,1,0.93,9.385354284673788,9.364964080620673,9.49135168960112,9.49135168960112,32
1,0,3,不使用 GP,4150,1,0.98,9.6200664214218,9.599207187838926,9.678770462704987,9.678770462704987,32
1,0,7,不使用 GP,4150,1,0.992,9.872721631193965,9.850835850141394,9.882399949914674,9.882399949914674,32
1,3,3,三个固定 GP 表达式的均值,4175,1,0.822,8.972296927434224,8.953602448561293,9.162094064135072,9.162094064135072,32
1,3,3,三个固定 GP 表达式的均值,4200,1,0.868,9.214244836040983,9.194773076385038,9.354840876650865,9.354840876650865,32
1,0,3,不使用 GP,4200,1,0.99,9.620623112909,9.599477216087836,9.6789861600564,9.6789861600564,32
1,2,5,三个固定 GP 表达式的均值,4225,1,0.776,8.188133757125394,8.188133808647777,8.539982812096023,8.539982812096023,32
1,2,6,三个固定 GP 表达式的均值,4225,1,0.776,8.139586806782853,8.145258043527381,8.507928907258323,8.507928907258323,32
1,1,0,三个固定 GP 表达式的均值,4225,1,0.778,7.977946153207443,7.977946401050774,8.371403824372308,8.371403824372308,32
1,1,3,三个固定 GP 表达式的均值,4225,1,0.764,7.991473628945879,7.99147313066461,8.382643670148255,8.382643670148255,32
1,0,4,不使用 GP,4225,1,0.704,7.532601129366387,7.538628606754203,8.022776105338483,8.022776105338483,32
1,3,3,三个固定 GP 表达式的均值,4250,1,0.896,9.526932583020328,9.51313241971505,9.611072833979074,9.611072833979074,32
1,2,5,三个固定 GP 表达式的均值,4250,1,0.84,9.127769008027471,9.108831710426559,9.286123297516953,9.286123297516953,32
1,2,6,三个固定 GP 表达式的均值,4250,1,0.858,8.9978663485212,8.985595303718872,9.190167209129267,9.190167209129267,32
1,1,0,三个固定 GP 表达式的均值,4250,1,0.814,8.603486470357005,8.592671005051006,8.874542635705984,8.874542635705984,32
1,0,4,不使用 GP,4250,1,0.752,7.857322631546111,7.841529521027254,8.272446507831335,8.272446507831335,32
1,2,5,三个固定 GP 表达式的均值,4275,1,0.908,9.354322762566888,9.3343531345845,9.466786072019945,9.466786072019945,32
1,2,6,三个固定 GP 表达式的均值,4275,1,0.916,9.175038279818517,9.155716381357262,9.3258746879286,9.3258746879286,32
1,1,0,三个固定 GP 表达式的均值,4275,1,0.848,9.046588919845167,9.038356957315612,9.23182863653342,9.23182863653342,32
1,1,3,三个固定 GP 表达式的均值,4275,1,0.844,8.953920520098475,8.935308357842302,9.148555377423742,9.148555377423742,32
1,0,4,不使用 GP,4275,1,0.814,8.190517668692893,8.173970051085238,8.538759690516326,8.538759690516326,32
1,2,0,三个固定 GP 表达式的均值,4325,1,0.832,8.175419304141919,8.181761529984476,8.536907216755841,8.536907216755841,32
1,3,2,三个固定 GP 表达式的均值,4325,1,0.76,8.031078567118854,8.031080549789657,8.41620019201114,8.41620019201114,32
1,2,4,三个固定 GP 表达式的均值,4325,1,0.804,8.368802295795504,8.368802572076472,8.687045065708613,8.687045065708613,32
1,3,5,三个固定 GP 表达式的均值,4325,1,0.8,7.918056052589889,7.924891946447901,8.331256385132816,8.331256385132816,32
1,1,5,三个固定 GP 表达式的均值,4325,1,0.746,7.971937132171078,7.985247223191708,8.379446837366096,8.379446837366096,32
1,0,6,不使用 GP,4325,1,0.742,7.261528691190322,7.261528042941783,7.795313274381579,7.795313274381579,32
1,1,6,三个固定 GP 表达式的均值,4325,1,0.734,8.209062776103817,8.228498624342466,8.575924412378463,8.575924412378463,32
1,3,2,三个固定 GP 表达式的均值,4350,1,0.816,8.708255195028448,8.69035860319094,8.951728498451963,8.951728498451963,32
1,2,4,三个固定 GP 表达式的均值,4350,1,0.918,9.34207459488874,9.32235136930183,9.45748446837822,9.45748446837822,32
1,3,5,三个固定 GP 表达式的均值,4350,1,0.854,8.914028551870818,8.895757939158457,9.11729985038722,9.11729985038722,32
1,1,0,三个固定 GP 表达式的均值,4350,1,0.994,9.854418984642235,9.83257128723332,9.86576701430846,9.86576701430846,29
1,1,3,三个固定 GP 表达式的均值,4350,1,0.98,9.7825270243548,9.761079166801801,9.808470460336478,9.808470460336478,32
1,0,4,不使用 GP,4350,1,0.972,9.687779613814362,9.666808119173789,9.732952173043952,9.732952173043952,32
1,0,5,不使用 GP,4350,1,0.78,8.187260740247496,8.170639232336624,8.536318927656405,8.536318927656405,32
1,1,5,三个固定 GP 表达式的均值,4350,1,0.804,8.789166804109634,8.77127508375121,9.017455231677811,9.017455231677811,32
1,0,6,不使用 GP,4350,1,0.792,8.200699742273198,8.184104373080544,8.548541290736672,8.548541290736672,32
1,1,6,三个固定 GP 表达式的均值,4350,1,0.846,8.946282175907262,8.939981992002616,9.15196789238228,9.15196789238228,32
1,2,0,三个固定 GP 表达式的均值,4375,1,0.968,9.48113854589699,9.46104798967609,9.56837800398067,9.56837800398067,32
1,2,1,三个固定 GP 表达式的均值,4375,1,0.994,9.838335076524807,9.81650576049149,9.852884266374803,9.852884266374803,25
1,3,2,三个固定 GP 表达式的均值,4375,1,0.872,8.986770701353358,8.96795182456658,9.174021431858442,9.174021431858442,32
1,2,4,三个固定 GP 表达式的均值,4375,1,0.968,9.779142083733783,9.757805262254626,9.805862546086997,9.805862546086997,31
1,3,5,三个固定 GP 表达式的均值,4375,1,0.864,9.0524340643186,9.033595289503937,9.225828916907934,9.225828916907934,32
1,0,1,不使用 GP,4375,2,0.878,8.702532323223185,8.683380580131432,8.945337525373553,8.945337525373553,16
1,0,5,不使用 GP,4375,1,0.852,8.646718442051384,8.634973683360023,8.91082964229692,8.91082964229692,32
1,1,5,三个固定 GP 表达式的均值,4375,1,0.94,9.559080375785815,9.539123580579538,9.631201259763543,9.631201259763543,32
1,0,6,不使用 GP,4375,1,0.824,8.492976494358128,8.503217192283934,8.803810418249315,8.803810418249315,32
1,1,6,三个固定 GP 表达式的均值,4375,1,0.896,9.45387929892828,9.433721872166814,9.547557776395864,9.547557776395864,32
1,3,0,三个固定 GP 表达式的均值,4425,1,0.788,8.04661269151409,8.04661370163546,8.427173510208602,8.427173510208602,32
1,2,3,三个固定 GP 表达式的均值,4425,1,0.726,7.383416377152923,7.383415676949192,7.8930434747444345,7.8930434747444345,32
1,3,4,三个固定 GP 表达式的均值,4425,1,0.754,7.804557591453631,7.810221152863172,8.238063474310858,8.238063474310858,32
1,3,5,三个固定 GP 表达式的均值,4425,1,0.95,9.57602264893776,9.555373706181951,9.643743039192856,9.643743039192856,32
1,3,7,三个固定 GP 表达式的均值,4425,1,0.752,7.678593169604299,7.689876920022486,8.140563511427164,8.140563511427164,32
1,1,2,三个固定 GP 表达式的均值,4425,1,0.784,8.00312425490114,8.003124891067188,8.392704756016323,8.392704756016323,32
1,0,5,不使用 GP,4425,1,0.888,9.195917341981367,9.176433124642156,9.340010165425918,9.340010165425918,32
1,0,6,不使用 GP,4425,1,0.856,9.217824073707714,9.268847325528606,9.4187008968545,9.4187008968545,32
1,1,6,三个固定 GP 表达式的均值,4425,1,0.98,9.826259457718614,9.804461379761122,9.845250350273988,9.845250350273988,30
1,3,0,三个固定 GP 表达式的均值,4450,1,0.784,8.729678258902805,8.71813657525781,8.976531300325805,8.976531300325805,32
1,3,2,三个固定 GP 表达式的均值,4450,1,0.994,9.830524772092126,9.808742502250187,9.84667302151295,9.84667302151295,32
1,2,3,三个固定 GP 表达式的均值,4450,1,0.79,8.372748931127514,8.355667837534769,8.684445475069495,8.684445475069495,32
1,3,4,三个固定 GP 表达式的均值,4450,1,0.856,9.04844454836301,9.029962861253502,9.224034587066619,9.224034587066619,32
1,3,6,三个固定 GP 表达式的均值,4450,1,0.868,8.984686865868127,8.983574261824414,9.190287301960177,9.190287301960177,32
1,3,7,三个固定 GP 表达式的均值,4450,1,0.826,8.860609510211553,8.849611240285649,9.080580462466752,9.080580462466752,32
1,1,2,三个固定 GP 表达式的均值,4450,1,0.84,8.978030424016568,8.959520562146144,9.167237668972996,9.167237668972996,32
1,0,5,不使用 GP,4450,1,0.984,9.745985691227046,9.724741202309952,9.77937016057011,9.77937016057011,32
1,0,6,不使用 GP,4450,1,0.898,9.132315527060975,9.112719142401193,9.291852114575143,9.291852114575143,32
1,1,7,三个固定 GP 表达式的均值,4450,1,0.836,9.028691198487653,9.01005040769087,9.207843535293923,9.207843535293923,32
1,3,0,三个固定 GP 表达式的均值,4475,1,0.884,9.126529761880423,9.11689637623399,9.294787538540964,9.294787538540964,32
1,2,1,三个固定 GP 表达式的均值,4475,2,0.984,9.771085338154748,9.749598789891369,9.799236629525943,9.799236629525943,32
1,2,3,三个固定 GP 表达式的均值,4475,1,0.798,8.528760138895262,8.51135174507523,8.808226252329645,8.808226252329645,32
1,3,4,三个固定 GP 表达式的均值,4475,1,0.924,9.464132854055178,9.443838544316531,9.55457563269031,9.55457563269031,32
1,2,6,三个固定 GP 表达式的均值,4475,2,0.952,10.44998698124123,10.632203223169766,10.508781211684273,10.508781211684273,32
1,3,6,三个固定 GP 表达式的均值,4475,1,0.884,9.192406073458512,9.173001203780316,9.338797018809002,9.338797018809002,32
1,3,7,三个固定 GP 表达式的均值,4475,1,0.824,8.820946763805887,8.810302457904223,9.050230815541696,9.050230815541696,32
1,1,0,三个固定 GP 表达式的均值,4475,2,0.962,9.497747239165832,9.476970600167409,9.58072512010015,9.58072512010015,32
1,1,2,三个固定 GP 表达式的均值,4475,1,0.93,9.374679096621454,9.355015675127296,9.483657151597292,9.483657151597292,32
1,0,4,不使用 GP,4475,2,0.96,9.619723895113045,9.598458340770268,9.678148337932342,9.678148337932342,32
1,1,7,三个固定 GP 表达式的均值,4475,1,0.842,9.276922718903078,9.286845883619783,9.430835657334883,9.430835657334883,32
1,3,0,三个固定 GP 表达式的均值,4500,1,0.932,9.663295338226517,9.659318831689069,9.729160373378159,9.729160373378159,32
1,3,6,三个固定 GP 表达式的均值,4500,1,0.94,9.616725204212155,9.60696645887291,9.686474634164375,9.686474634164375,32
1,3,7,三个固定 GP 表达式的均值,4500,1,0.828,9.109145933227115,9.123714339203069,9.299107019172354,9.299107019172354,32
1,1,2,三个固定 GP 表达式的均值,4500,1,0.98,9.776550920985914,9.755245859109033,9.803867519238588,9.803867519238588,32
1,1,7,三个固定 GP 表达式的均值,4500,1,0.882,9.532397475572607,9.560397559913737,9.649824576561377,9.649824576561377,32
1,3,1,三个固定 GP 表达式的均值,4525,1,0.782,7.766002074139643,7.76600305352533,8.200224037458003,8.200224037458003,32
1,2,7,三个固定 GP 表达式的均值,4525,1,0.78,8.201718585977817,8.213006929567637,8.562286878049669,8.562286878049669,32
1,3,4,三个固定 GP 表达式的均值,4550,1,0.988,9.838653952008055,9.816687353999635,9.853030728315165,9.853030728315165,24
1,2,7,三个固定 GP 表达式的均值,4550,1,0.836,8.675030552844303,8.65720157791653,8.925572800847926,8.925572800847926,32
1,3,7,三个固定 GP 表达式的均值,4550,1,0.902,9.730225134487174,9.772613547394037,9.819918800957492,9.819918800957492,32
1,2,7,三个固定 GP 表达式的均值,4575,1,0.844,8.903870712562759,8.885458740082171,9.109584103342579,9.109584103342579,32
1,1,4,三个固定 GP 表达式的均值,4575,1,0.92,9.330830821523762,9.311210440248805,9.448456536960164,9.448456536960164,32
1,0,5,不使用 GP,4600,2,0.918,9.352774946587795,9.332258242838073,9.46475033579619,9.46475033579619,32
1,1,7,三个固定 GP 表达式的均值,4600,1,0.992,10.242034580377943,10.318736708808608,10.257546944161344,10.257546944161344,25
1,0,0,不使用 GP,4625,1,0.776,7.520131460233748,7.520132975943408,8.003071394402731,8.003071394402731,32
1,1,1,三个固定 GP 表达式的均值,4625,1,0.766,7.9784877751682455,7.978487291577952,8.371016698632024,8.371016698632024,32
1,0,2,不使用 GP,4625,1,0.75,7.24642786230823,7.252453345968575,7.790577854051439,7.790577854051439,32
1,0,7,不使用 GP,4625,1,0.71,7.226713377426999,7.226713546591145,7.766671519997523,7.766671519997523,32
1,3,1,三个固定 GP 表达式的均值,4650,1,0.988,9.840284995581786,9.818432422234,9.85443274080372,9.85443274080372,32
1,0,0,不使用 GP,4650,1,0.812,8.46156824473974,8.444357685824047,8.756487595373788,8.756487595373788,32
1,1,1,三个固定 GP 表达式的均值,4650,1,0.842,8.975293964644159,8.956840768173647,9.164464794180056,9.164464794180056,32
1,0,2,不使用 GP,4650,1,0.754,7.975236667321644,7.959005693041962,8.365936055639702,8.365936055639702,32
1,0,7,不使用 GP,4650,1,0.78,8.158512108971497,8.151237558069035,8.523760208784331,8.523760208784331,32
1,3,6,三个固定 GP 表达式的均值,4675,2,0.972,9.642154802397819,9.620730782051277,9.698058161812822,9.698058161812822,21
1,0,0,不使用 GP,4675,1,0.866,8.471683538817329,8.454339815658532,8.763302435277021,8.763302435277021,32
1,1,1,三个固定 GP 表达式的均值,4675,1,0.89,9.266402349540302,9.246835385881448,9.39770912616674,9.39770912616674,32
1,0,2,不使用 GP,4675,1,0.776,8.24785644432953,8.230931283314641,8.58369806285702,8.58369806285702,32
1,0,7,不使用 GP,4675,1,0.774,8.350597645846548,8.347766545615238,8.681041532075142,8.681041532075142,32
1,1,7,三个固定 GP 表达式的均值,4700,2,0.906,9.558441576426924,9.537446543141172,9.629312058286233,9.629312058286233,32
1,2,2,三个固定 GP 表达式的均值,4725,1,0.788,8.195521982520537,8.195522868938953,8.546194839277925,8.546194839277925,32
1,3,3,三个固定 GP 表达式的均值,4725,1,0.774,7.934643724925767,7.934642476425946,8.337079140405285,8.337079140405285,32
1,0,0,不使用 GP,4725,1,0.882,8.985028360206249,8.966243447345885,9.172450959956834,9.172450959956834,32
1,0,1,不使用 GP,4725,1,0.726,7.31291413732793,7.319861678051862,7.841300864450481,7.841300864450481,32
1,1,1,三个固定 GP 表达式的均值,4725,1,0.986,9.791913690375518,9.77016490141781,9.815734608023897,9.815734608023897,31
1,0,2,不使用 GP,4725,1,0.924,9.44266944592552,9.42261450403356,9.537551395818596,9.537551395818596,32
1,0,7,不使用 GP,4725,1,0.85,8.647058987363309,8.62918506945611,8.902528078530995,8.902528078530995,32
1,3,3,三个固定 GP 表达式的均值,4750,1,0.85,8.701091390725944,8.683209185846058,8.945636327459155,8.945636327459155,32
1,0,0,不使用 GP,4750,1,0.958,9.448130573819292,9.42789858138314,9.541582898817607,9.541582898817607,32
1,0,1,不使用 GP,4750,1,0.796,8.155238186049408,8.144994327313801,8.516303218432139,8.516303218432139,32
1,1,1,三个固定 GP 表达式的均值,4750,1,0.99,9.761561332814603,9.739917968756695,9.79148832986347,9.79148832986347,32
1,0,2,不使用 GP,4750,1,0.956,9.675225759629738,9.654040556957037,9.722747565708778,9.722747565708778,32
1,0,3,不使用 GP,4750,1,0.762,8.172671188922346,8.156250571515042,8.523826374072524,8.523826374072524,32
1,1,4,三个固定 GP 表达式的均值,4750,1,0.99,9.831374774834432,9.809466582569957,9.847239345110362,9.847239345110362,17
1,0,7,不使用 GP,4750,1,0.866,9.13952462465594,9.120234982252423,9.295237866404609,9.295237866404609,32
1,2,2,三个固定 GP 表达式的均值,4775,1,0.954,9.612280003403251,9.591685020945473,9.672921356435243,9.672921356435243,32
1,3,3,三个固定 GP 表达式的均值,4775,1,0.878,9.080792627643856,9.061933027709276,9.24859710614426,9.24859710614426,32
1,3,7,三个固定 GP 表达式的均值,4775,1,0.968,9.746383356649625,9.725148437427517,9.779641693998157,9.779641693998157,32
1,0,1,不使用 GP,4775,1,0.852,8.543504021300281,8.52607624718864,8.820494082787354,8.820494082787354,32
1,0,3,不使用 GP,4775,1,0.806,8.171550941189366,8.15486021177934,8.523601700958904,8.523601700958904,32
1,3,1,三个固定 GP 表达式的均值,4800,1,0.992,9.884634178466412,9.862595181214138,9.88983153288409,9.88983153288409,28
1,3,3,三个固定 GP 表达式的均值,4800,1,0.954,9.608491438745906,9.58769497000028,9.669584385029028,9.669584385029028,32
1,0,1,不使用 GP,4800,1,0.858,9.022237985083336,9.003369860059218,9.201724459659973,9.201724459659973,32
1,0,3,不使用 GP,4800,1,0.81,8.605612816081617,8.593939411394693,8.87551153940102,8.87551153940102,32
1,1,4,三个固定 GP 表达式的均值,4800,2,0.884,8.762771948611482,8.743515159527876,8.9930518885961,8.9930518885961,15
1,0,7,不使用 GP,4800,1,0.888,9.282022873371595,9.26217734820588,9.41073223971613,9.41073223971613,32
1,2,1,三个固定 GP 表达式的均值,4825,1,0.736,7.9023047421732455,7.902305374459593,8.31003829178236,8.31003829178236,32
1,3,1,三个固定 GP 表达式的均值,4825,1,0.982,9.808355729014393,9.786547643547927,9.828864789483928,9.828864789483928,32
1,2,6,三个固定 GP 表达式的均值,4825,1,0.736,7.400535812790553,7.4005345987481705,7.904739040949405,7.904739040949405,32
1,1,0,三个固定 GP 表达式的均值,4825,1,0.766,8.150661466520978,8.150660997372146,8.510921484384117,8.510921484384117,32
1,0,4,不使用 GP,4825,1,0.778,7.554188833535444,7.55418945754082,8.031855339462428,8.031855339462428,32
1,2,1,三个固定 GP 表达式的均值,4850,1,0.872,8.903868418270724,8.885672403502005,9.108069069333947,9.108069069333947,32
1,2,6,三个固定 GP 表达式的均值,4850,1,0.84,8.973136205687885,8.9609407809714,9.171076101290003,9.171076101290003,32
1,1,0,三个固定 GP 表达式的均值,4850,1,0.814,8.56240938430511,8.552287295847929,8.841904652036778,8.841904652036778,32
1,0,1,不使用 GP,4850,1,0.912,9.461536747867255,9.441439156039536,9.552333321985422,9.552333321985422,32
1,0,3,不使用 GP,4850,1,0.964,9.536368987753026,9.515986555805688,9.612188119044198,9.612188119044198,32
1,0,4,不使用 GP,4850,1,0.792,8.260486773485882,8.255760172433966,8.60719843105388,8.60719843105388,32
1,0,7,不使用 GP,4850,1,0.954,9.993318890173393,10.080150420222832,10.066211034125358,10.066211034125358,32
1,2,1,三个固定 GP 表达式的均值,4875,1,0.946,9.474275972952146,9.454059471415235,9.562556054912072,9.562556054912072,32
1,3,1,三个固定 GP 表达式的均值,4875,2,0.9,8.917489100500788,8.897844987151654,9.116765989286481,9.116765989286481,17
1,2,6,三个固定 GP 表达式的均值,4875,1,0.892,9.323331865808024,9.303510805081553,9.442366835243977,9.442366835243977,32
1,1,0,三个固定 GP 表达式的均值,4875,1,0.938,9.383934325851772,9.370559190010788,9.49755185482776,9.49755185482776,32
1,0,2,不使用 GP,4875,2,0.922,9.138307408402754,9.118113884193829,9.293303033627712,9.293303033627712,14
1,0,7,不使用 GP,4900,1,0.99,10.445863685387089,10.579825498605874,10.466867966973775,10.466867966973775,32
1,2,0,三个固定 GP 表达式的均值,4925,1,0.784,8.181827309795397,8.18182754905872,8.53617619350016,8.53617619350016,32
1,3,2,三个固定 GP 表达式的均值,4925,1,0.736,7.48871873189857,7.488719682055728,7.977146641258155,7.977146641258155,32
1,2,4,三个固定 GP 表达式的均值,4925,1,0.758,7.628227779047128,7.628228947782549,8.08922042062888,8.08922042062888,32
1,3,5,三个固定 GP 表达式的均值,4925,1,0.776,8.00281924821693,8.002819405880466,8.39104748762228,8.39104748762228,32
1,2,7,三个固定 GP 表达式的均值,4925,1,0.994,9.880093226874065,9.858149140442904,9.886267079385407,9.886267079385407,27
1,1,5,三个固定 GP 表达式的均值,4925,1,0.724,7.888633320074461,7.888633597914891,8.299713244503549,8.299713244503549,32
1,2,0,三个固定 GP 表达式的均值,4950,1,0.798,8.60792018573744,8.596033230094763,8.87940240540117,8.87940240540117,32
1,3,2,三个固定 GP 表达式的均值,4950,1,0.81,8.861751048562923,8.85768635120113,9.089141759734698,9.089141759734698,32
1,3,3,三个固定 GP 表达式的均值,4950,1,0.986,9.79000834354593,9.768328695035446,9.81426784022287,9.81426784022287,30
1,2,5,三个固定 GP 表达式的均值,4950,1,0.854,8.944916907304112,8.926482088402498,9.14070855675355,9.14070855675355,32
1,3,5,三个固定 GP 表达式的均值,4950,1,0.82,8.809401687358243,8.791359788510665,9.032835124494513,9.032835124494513,32
1,1,1,三个固定 GP 表达式的均值,4950,1,0.992,9.85041909401632,9.828651469099848,9.86262998584079,9.86262998584079,30
1,0,3,不使用 GP,4950,1,0.99,9.802140241724505,9.780345738827064,9.823901127265554,9.823901127265554,32
1,0,4,不使用 GP,4950,1,0.97,9.695273616878373,9.674200777478983,9.738882232739423,9.738882232739423,32
1,0,5,不使用 GP,4950,1,0.784,8.08474319328806,8.068420107987658,8.454728400247504,8.454728400247504,32
1,1,5,三个固定 GP 表达式的均值,4950,1,0.842,8.873253999219035,8.85500703935467,9.084615933498581,9.084615933498581,32
1,2,0,三个固定 GP 表达式的均值,4975,1,0.868,8.955084706179045,8.936396193585741,9.148636688822654,9.148636688822654,32
1,2,4,三个固定 GP 表达式的均值,4975,1,0.92,9.495340001969632,9.474953086191118,9.579261080237883,9.579261080237883,32
1,2,5,三个固定 GP 表达式的均值,4975,1,0.91,9.192446090577604,9.173286681043244,9.339152517966077,9.339152517966077,32
1,2,7,三个固定 GP 表达式的均值,4975,2,0.948,9.569658969252375,9.54849105716407,9.63799799687946,9.63799799687946,32
1,1,3,三个固定 GP 表达式的均值,4975,1,0.836,9.00163245056733,8.98293458834909,9.186091964789712,9.186091964789712,32
1,0,5,不使用 GP,4975,1,0.826,8.346886955091376,8.337065825349523,8.673044389542392,8.673044389542392,32
1,1,5,三个固定 GP 表达式的均值,4975,1,0.954,9.568587779290912,9.563653142361925,9.651707781399635,9.651707781399635,32
2,2,0,三个固定 GP 表达式的均值,25,1,0.816,8.309201328622233,8.3205684932177,8.654077737027224,8.654077737027224,32
2,3,0,三个固定 GP 表达式的均值,25,1,0.776,8.047607237266599,8.058345700903185,8.440370674720423,8.440370674720423,32
2,2,1,三个固定 GP 表达式的均值,25,1,0.758,8.15828328327334,8.163621485404077,8.522596847790187,8.522596847790187,32
2,3,1,三个固定 GP 表达式的均值,25,1,0.782,8.124574035707598,8.124574036546012,8.489054932656336,8.489054932656336,32
2,2,2,三个固定 GP 表达式的均值,25,1,0.746,7.832464029239135,7.832463908913762,8.255322608040032,8.255322608040032,32
2,3,2,三个固定 GP 表达式的均值,25,1,0.776,8.010480433580296,8.010480806965594,8.40058648484303,8.40058648484303,32
2,2,3,三个固定 GP 表达式的均值,25,1,0.754,8.000258526027205,8.000258941390296,8.390539064954886,8.390539064954886,32
2,3,3,三个固定 GP 表达式的均值,25,1,0.78,8.037804990269327,8.043172202386485,8.424903113511698,8.424903113511698,32
2,3,4,三个固定 GP 表达式的均值,25,1,0.784,8.012806314443566,8.01814294034957,8.40619900165602,8.40619900165602,32
2,2,5,三个固定 GP 表达式的均值,25,1,0.746,7.9046990251614755,7.904699755528924,8.312864935832028,8.312864935832028,32
2,3,5,三个固定 GP 表达式的均值,25,1,0.758,7.8121835310446,7.812184289995958,8.240401353584678,8.240401353584678,32
2,3,6,三个固定 GP 表达式的均值,25,1,0.788,7.962008224496607,7.962008470242293,8.359401894467283,8.359401894467283,32
2,2,7,三个固定 GP 表达式的均值,25,1,0.764,8.090352801980695,8.090352575467207,8.463649880304517,8.463649880304517,32
2,3,7,三个固定 GP 表达式的均值,25,1,0.748,7.846610214361523,7.846609370448123,8.266711134637337,8.266711134637337,32
2,0,0,不使用 GP,25,1,0.754,7.422681123408259,7.428404670633188,7.930505203768693,7.930505203768693,32
2,1,0,三个固定 GP 表达式的均值,25,1,0.774,8.144377960805837,8.144378616482681,8.505194173398074,8.505194173398074,32
2,1,1,三个固定 GP 表达式的均值,25,1,0.764,8.144498082697837,8.149763997385312,8.511673368248372,8.511673368248372,32
2,0,2,不使用 GP,25,1,0.756,7.538475172213394,7.538474847959835,8.020166813413992,8.020166813413992,32
2,1,2,三个固定 GP 表达式的均值,25,1,0.74,8.08171556304521,8.081715954907503,8.456811957577816,8.456811957577816,32
2,1,3,三个固定 GP 表达式的均值,25,1,0.798,8.248046000545925,8.253328239027594,8.597083716765004,8.597083716765004,32
2,1,4,三个固定 GP 表达式的均值,25,1,0.752,8.191821543883522,8.197652418434133,8.551535059004909,8.551535059004909,32
2,1,5,三个固定 GP 表达式的均值,25,1,0.702,7.56651288466732,7.566514071646246,8.040785701071622,8.040785701071622,32
2,0,6,不使用 GP,25,1,0.76,7.428942740251226,7.428943987705784,7.93055459994117,7.93055459994117,32
2,1,7,三个固定 GP 表达式的均值,25,1,0.772,8.038375479162225,8.038374882725382,8.420432342712783,8.420432342712783,32
2,3,0,三个固定 GP 表达式的均值,50,1,0.878,9.015141440283685,8.996971458632098,9.198150031597805,9.198150031597805,32
2,2,1,三个固定 GP 表达式的均值,50,1,0.928,9.29558388237249,9.276317817262886,9.420503323902613,9.420503323902613,32
2,3,1,三个固定 GP 表达式的均值,50,1,0.862,8.91784814636256,8.900051356807227,9.120267798660809,9.120267798660809,32
2,2,2,三个固定 GP 表达式的均值,50,1,0.818,8.892095019647826,8.87419709227827,9.098989583346318,9.098989583346318,32
2,3,2,三个固定 GP 表达式的均值,50,1,0.842,8.857987372351438,8.84021156526194,9.071202616767101,9.071202616767101,32
2,2,3,三个固定 GP 表达式的均值,50,1,0.826,8.802793739272964,8.78512253289071,9.02701346037304,9.02701346037304,32
2,3,3,三个固定 GP 表达式的均值,50,1,0.822,8.4975475601906,8.486157527577827,8.791634608369806,8.791634608369806,32
2,2,4,三个固定 GP 表达式的均值,50,1,0.906,9.07188393162269,9.053350940157282,9.24176817243592,9.24176817243592,32
2,3,4,三个固定 GP 表达式的均值,50,1,0.892,9.145112247315039,9.126570272800663,9.301107915971626,9.301107915971626,32
2,2,5,三个固定 GP 表达式的均值,50,1,0.84,8.838665360081146,8.821002407047663,9.056007871730209,9.056007871730209,32
2,3,5,三个固定 GP 表达式的均值,50,1,0.792,8.755633564566503,8.749440253543675,8.999905872706043,8.999905872706043,32
2,2,6,三个固定 GP 表达式的均值,50,1,0.834,8.95406675114006,8.982082871370862,9.191352447822531,9.191352447822531,32
2,3,6,三个固定 GP 表达式的均值,50,1,0.83,8.735695492311192,8.725678595978538,8.980888767382545,8.980888767382545,32
2,2,7,三个固定 GP 表达式的均值,50,1,0.846,8.983940330658374,9.00299449965161,9.204482062061462,9.204482062061462,32
2,3,7,三个固定 GP 表达式的均值,50,1,0.802,8.71264045786292,8.72802034074366,8.983779837154374,8.983779837154374,32
2,0,0,不使用 GP,50,1,0.796,8.442472924136057,8.425863631465296,8.739885763898574,8.739885763898574,32
2,1,0,三个固定 GP 表达式的均值,50,1,0.858,9.149177053685772,9.136115719836416,9.310620175032566,9.310620175032566,32
2,0,1,不使用 GP,50,1,0.78,7.9033002755034465,7.887895360352327,8.309714598215953,8.309714598215953,32
2,1,1,三个固定 GP 表达式的均值,50,1,0.804,8.763383290048507,8.74583173372572,8.995885547552914,8.995885547552914,32
2,0,2,不使用 GP,50,1,0.812,8.160216074824438,8.1444852335951,8.51518495404056,8.51518495404056,32
2,1,2,三个固定 GP 表达式的均值,50,1,0.808,8.529077267558643,8.512208452193853,8.80852385918099,8.80852385918099,32
2,1,3,三个固定 GP 表达式的均值,50,1,0.878,9.125466254234848,9.106943251874512,9.285114081640476,9.285114081640476,32
2,0,4,不使用 GP,50,1,0.786,8.142228891792728,8.132997707039813,8.507716793663294,8.507716793663294,32
2,1,4,三个固定 GP 表达式的均值,50,1,0.83,8.917988204665726,8.89987329647865,9.119555192285878,9.119555192285878,32
2,1,5,三个固定 GP 表达式的均值,50,1,0.838,8.861125786029815,8.843351961506825,9.073675927771387,9.073675927771387,32
2,0,6,不使用 GP,50,1,0.818,8.325474897769316,8.319031121377328,8.658611701931529,8.658611701931529,32
2,1,6,三个固定 GP 表达式的均值,50,1,0.814,8.858116605109558,8.8405764195396,9.071371911870166,9.071371911870166,32
2,0,7,不使用 GP,50,1,0.768,7.923659469823557,7.9083367998796446,8.328315745776747,8.328315745776747,32
2,1,7,三个固定 GP 表达式的均值,50,1,0.814,8.758376684020414,8.750691822069959,9.000685932022284,9.000685932022284,32
2,2,0,三个固定 GP 表达式的均值,75,1,0.994,9.825712447452164,9.804185527014516,9.843059226898626,9.843059226898626,29
2,3,0,三个固定 GP 表达式的均值,75,1,0.906,9.292982096503199,9.27364353866003,9.41841875608773,9.41841875608773,32
2,3,1,三个固定 GP 表达式的均值,75,1,0.902,9.21205528226514,9.193087142115257,9.354335285199534,9.354335285199534,32
2,2,2,三个固定 GP 表达式的均值,75,1,0.926,9.297966955278438,9.28415600878155,9.427833904619709,9.427833904619709,32
2,3,2,三个固定 GP 表达式的均值,75,1,0.872,9.051503176200454,9.032874913175117,9.225398042796735,9.225398042796735,32
2,2,3,三个固定 GP 表达式的均值,75,1,0.828,8.965131448964632,8.94668421517866,9.1564572174231,9.1564572174231,32
2,3,3,三个固定 GP 表达式的均值,75,1,0.83,8.806517205276078,8.788769887679265,9.030592426703105,9.030592426703105,32
2,2,4,三个固定 GP 表达式的均值,75,1,0.924,9.440563815703992,9.432057789041833,9.546946585063706,9.546946585063706,32
2,3,4,三个固定 GP 表达式的均值,75,1,0.972,9.634740396194914,9.614355179402816,9.691046374252993,9.691046374252993,32
2,2,5,三个固定 GP 表达式的均值,75,1,0.864,9.24830852016855,9.229431872884206,9.383753541146545,9.383753541146545,32
2,2,6,三个固定 GP 表达式的均值,75,1,0.95,9.437535466995259,9.417684088464014,9.534642346166956,9.534642346166956,32
2,3,6,三个固定 GP 表达式的均值,75,1,0.914,9.149359730115862,9.130428407066159,9.303794082041174,9.303794082041174,32
2,2,7,三个固定 GP 表达式的均值,75,1,0.888,9.400759218462364,9.436643830008471,9.55078359447553,9.55078359447553,32
2,3,7,三个固定 GP 表达式的均值,75,1,0.84,9.089005477488012,9.123981143477899,9.303816988765462,9.303816988765462,32
2,0,0,不使用 GP,75,1,0.854,8.607543602086556,8.59014255989688,8.871855729421398,8.871855729421398,32
2,1,0,三个固定 GP 表达式的均值,75,1,0.924,9.514182295234011,9.494301493636867,9.595080640304172,9.595080640304172,32
2,0,1,不使用 GP,75,1,0.822,8.154160934630726,8.13814291704973,8.511199364554242,8.511199364554242,32
2,1,1,三个固定 GP 表达式的均值,75,1,0.94,9.462581022699394,9.442769014388034,9.553793483770878,9.553793483770878,32
2,0,2,不使用 GP,75,1,0.834,8.665490103781936,8.648016069425207,8.918533763200227,8.918533763200227,32
2,1,2,三个固定 GP 表达式的均值,75,1,0.848,9.053919437466472,9.041271396608238,9.234627686864739,9.234627686864739,32
2,0,3,不使用 GP,75,1,0.792,8.204099566388056,8.187896838483661,8.551784359093366,8.551784359093366,32
2,1,3,三个固定 GP 表达式的均值,75,1,0.978,9.542878280830395,9.522698345052063,9.61766632284596,9.61766632284596,32
2,0,4,不使用 GP,75,1,0.806,8.372664082888374,8.363924019191632,8.69344091899717,8.69344091899717,32
2,1,4,三个固定 GP 表达式的均值,75,1,0.94,9.518179965606171,9.498096860378665,9.59800926052702,9.59800926052702,32
2,1,5,三个固定 GP 表达式的均值,75,1,0.896,9.326084686616023,9.306746274768232,9.445055841106045,9.445055841106045,32
2,0,6,不使用 GP,75,1,0.836,8.440025112999184,8.422963790803772,8.73993830708873,8.73993830708873,32
2,1,6,三个固定 GP 表达式的均值,75,1,0.946,9.532834436433077,9.512893989519453,9.610020735894798,9.610020735894798,32
2,1,7,三个固定 GP 表达式的均值,75,1,0.834,9.13637256909149,9.142221210848556,9.315603093532532,9.315603093532532,32
2,3,3,三个固定 GP 表达式的均值,150,1,0.95,9.601725988990637,9.581218171668118,9.664388292993769,9.664388292993769,32
2,3,7,三个固定 GP 表达式的均值,150,1,0.978,9.756323821107012,9.735042989122372,9.78976746840044,9.78976746840044,32
2,0,1,不使用 GP,150,1,0.918,9.340368914757887,9.326451625482877,9.464402504783244,9.464402504783244,32
2,0,2,不使用 GP,150,1,0.946,9.578524078243428,9.563670593542406,9.65233467872905,9.65233467872905,32
2,0,3,不使用 GP,150,1,0.92,9.449943447067136,9.430226245149193,9.543445666041656,9.543445666041656,32
2,0,5,不使用 GP,150,1,0.916,9.113301046016364,9.094305828920962,9.27462886199577,9.27462886199577,32
2,1,5,三个固定 GP 表达式的均值,150,1,0.994,9.842167037779594,9.820341743690058,9.85597164580038,9.85597164580038,22
2,0,6,不使用 GP,150,1,0.942,9.548944037854232,9.528540677664942,9.626107736541883,9.626107736541883,32
2,1,6,三个固定 GP 表达式的均值,150,1,0.968,9.672327415334676,9.650889879865742,9.720143322617998,9.720143322617998,25
2,0,7,不使用 GP,150,1,0.868,9.322433079376086,9.310659559736699,9.451704256105446,9.451704256105446,32
2,3,2,三个固定 GP 表达式的均值,200,1,0.994,9.824056938045697,9.802274784004357,9.841487565533294,9.841487565533294,28
2,0,3,不使用 GP,200,1,0.974,9.619438367009844,9.598718284668351,9.678377053565773,9.678377053565773,32
2,1,3,三个固定 GP 表达式的均值,200,1,0.976,9.734241049300254,9.712679742990456,9.769649137424253,9.769649137424253,28
2,1,4,三个固定 GP 表达式的均值,200,1,0.99,9.82424812535542,9.802455481705145,9.841615708827305,9.841615708827305,25
2,0,5,不使用 GP,200,1,0.994,9.740833869876806,9.719686378529957,9.775309284397995,9.775309284397995,32
2,0,7,不使用 GP,200,1,0.986,9.78948285499238,9.767850472414214,9.815889142156616,9.815889142156616,32
2,2,3,三个固定 GP 表达式的均值,250,1,0.99,9.824585615490054,9.80275152657207,9.84185550805982,9.84185550805982,16
2,0,4,不使用 GP,250,1,0.976,9.70969914297494,9.688172934671597,9.750047788123442,9.750047788123442,30
2,2,5,三个固定 GP 表达式的均值,275,1,0.984,9.846001744333693,9.824132595186233,9.858993577355069,9.858993577355069,27
2,2,0,三个固定 GP 表达式的均值,525,1,0.79,8.323687217456762,8.335593754262721,8.664615911256428,8.664615911256428,32
2,2,1,三个固定 GP 表达式的均值,525,1,0.784,8.052197156259409,8.05781490216342,8.43661970326966,8.43661970326966,32
2,3,2,三个固定 GP 表达式的均值,525,1,0.772,8.060663150920814,8.060663320156836,8.437737594270338,8.437737594270338,32
2,3,6,三个固定 GP 表达式的均值,525,1,0.79,8.278793868282094,8.278795020777022,8.616172265177026,8.616172265177026,32
2,1,3,三个固定 GP 表达式的均值,525,1,0.778,7.954435249463189,7.960523779162911,8.360769638911407,8.360769638911407,32
2,2,0,三个固定 GP 表达式的均值,550,1,0.886,9.15535603523022,9.136528059682684,9.308890499264482,9.308890499264482,32
2,2,1,三个固定 GP 表达式的均值,550,1,0.926,9.247725645401296,9.228455652375894,9.38189839736696,9.38189839736696,32
2,3,6,三个固定 GP 表达式的均值,550,1,0.882,9.130694759923761,9.111853320390583,9.290009915712865,9.290009915712865,32
2,1,3,三个固定 GP 表达式的均值,550,1,0.786,8.82590034000586,8.813656921922854,9.050629750957981,9.050629750957981,32
2,2,0,三个固定 GP 表达式的均值,575,1,0.98,9.753602956934804,9.732437683577952,9.785545553959409,9.785545553959409,32
2,2,1,三个固定 GP 表达式的均值,575,1,0.982,9.692432438388485,9.67134612595761,9.736602795148377,9.736602795148377,32
2,2,2,三个固定 GP 表达式的均值,575,1,0.994,9.819436858524815,9.797675248208984,9.837803227883144,9.837803227883144,30
2,3,2,三个固定 GP 表达式的均值,575,1,0.882,9.057260339276468,9.038126274908837,9.229969686806378,9.229969686806378,32
2,3,6,三个固定 GP 表达式的均值,575,1,0.906,9.142324759101776,9.128610900564704,9.303434971039879,9.303434971039879,32
2,1,3,三个固定 GP 表达式的均值,575,1,0.868,9.037432110062516,9.018669963278509,9.214314416138382,9.214314416138382,32
2,3,2,三个固定 GP 表达式的均值,600,1,0.92,9.503129609257398,9.482736320448671,9.585493722800095,9.585493722800095,32
2,3,6,三个固定 GP 表达式的均值,600,1,0.944,9.570626811938679,9.550125563689454,9.63956903144791,9.63956903144791,32
2,1,3,三个固定 GP 表达式的均值,600,1,0.97,9.692932403227701,9.672066452020717,9.737316863499657,9.737316863499657,32
2,3,3,三个固定 GP 表达式的均值,625,1,0.992,9.845334716314229,9.823487005681828,9.85848200331781,9.85848200331781,18
2,2,5,三个固定 GP 表达式的均值,625,1,0.806,7.920538979011283,7.9205393737400485,8.324835491804812,8.324835491804812,32
2,3,5,三个固定 GP 表达式的均值,625,1,0.764,7.75983031147366,7.759830802539655,8.196735442724474,8.196735442724474,32
2,2,7,三个固定 GP 表达式的均值,625,1,0.766,8.221228619431976,8.233983896242606,8.579836021778084,8.579836021778084,32
2,1,2,三个固定 GP 表达式的均值,625,1,0.822,8.128127082700047,8.128127877100956,8.492804636647282,8.492804636647282,32
2,1,4,三个固定 GP 表达式的均值,625,1,0.738,7.911075670600643,7.916638329257395,8.323430739355585,8.323430739355585,32
2,2,4,三个固定 GP 表达式的均值,650,1,0.874,9.183699743927638,9.164377408418312,9.331003685201907,9.331003685201907,32
2,2,5,三个固定 GP 表达式的均值,650,1,0.842,8.99625515832823,8.977830153992267,9.182572682749104,9.182572682749104,32
2,3,5,三个固定 GP 表达式的均值,650,1,0.828,8.838910947550833,8.820733421013212,9.056569496291093,9.056569496291093,32
2,2,7,三个固定 GP 表达式的均值,650,1,0.854,8.845601141612343,8.82747839651508,9.06298030589052,9.06298030589052,32
2,0,0,不使用 GP,650,1,0.772,8.02407077230284,8.007863055736133,8.404574347788724,8.404574347788724,32
2,1,2,三个固定 GP 表达式的均值,650,1,0.846,8.896853864254846,8.87843584468252,9.101920142651773,9.101920142651773,32
2,1,4,三个固定 GP 表达式的均值,650,1,0.82,8.715644796503,8.705629347967148,8.96548555816941,8.96548555816941,32
2,2,4,三个固定 GP 表达式的均值,675,1,0.94,9.511784379318978,9.49140901387517,9.592473765099744,9.592473765099744,32
2,2,5,三个固定 GP 表达式的均值,675,1,0.952,9.594035084019268,9.573736386633486,9.658672475965238,9.658672475965238,32
2,3,5,三个固定 GP 表达式的均值,675,1,0.882,9.3215449896867,9.30211702685431,9.441350051382024,9.441350051382024,32
2,2,7,三个固定 GP 表达式的均值,675,1,0.892,9.256035209651978,9.236530930531615,9.389774490766593,9.389774490766593,32
2,0,0,不使用 GP,675,1,0.74,8.2186217031985,8.201846922256902,8.562019622287389,8.562019622287389,32
2,1,2,三个固定 GP 表达式的均值,675,1,0.876,9.235647108921953,9.216162815831828,9.37212142778218,9.37212142778218,32
2,1,4,三个固定 GP 表达式的均值,675,1,0.94,9.62966452632055,9.609291145159384,9.686974176139968,9.686974176139968,32
2,3,6,三个固定 GP 表达式的均值,700,1,0.984,10.147739155141576,10.198526619784465,10.161142147557042,10.161142147557042,24
2,3,4,三个固定 GP 表达式的均值,725,1,0.78,8.007298594386238,8.007298628514283,8.396705530824427,8.396705530824427,32
2,2,6,三个固定 GP 表达式的均值,725,1,0.812,8.333624242759923,8.339283626212895,8.664502903407877,8.664502903407877,32
2,1,0,三个固定 GP 表达式的均值,725,1,0.746,7.601963754156985,7.601963687577433,8.069114575332827,8.069114575332827,32
2,0,6,不使用 GP,725,1,0.718,7.094801177883458,7.109740608759742,7.6754971181997265,7.6754971181997265,32
2,2,3,三个固定 GP 表达式的均值,750,1,0.844,8.85612990369246,8.837907913059636,9.070116439911843,9.070116439911843,32
2,3,4,三个固定 GP 表达式的均值,750,1,0.914,9.263956745223027,9.244870343136228,9.396403951656426,9.396403951656426,32
2,2,6,三个固定 GP 表达式的均值,750,1,0.902,9.23542224223336,9.216045734389414,9.372584922469834,9.372584922469834,32
2,2,3,三个固定 GP 表达式的均值,775,1,0.92,9.324847415427573,9.304991157568445,9.443388512429486,9.443388512429486,32
2,3,4,三个固定 GP 表达式的均值,775,1,0.916,9.467437600323088,9.447184916919161,9.557093625442059,9.557093625442059,32
2,3,6,三个固定 GP 表达式的均值,775,1,0.986,9.831780777800699,9.809901797675506,9.849712827005757,9.849712827005757,25
2,1,0,三个固定 GP 表达式的均值,775,1,0.926,9.299642713313435,9.280158578821068,9.423764128871326,9.423764128871326,32
2,0,6,不使用 GP,775,1,0.848,8.86348419173989,8.89402418458825,9.11981520111211,9.11981520111211,32
2,3,0,三个固定 GP 表达式的均值,825,1,0.77,8.110050820822833,8.115652870846354,8.484236647013784,8.484236647013784,32
2,3,7,三个固定 GP 表达式的均值,825,1,0.77,7.960472608631922,7.960473959605991,8.356628789293763,8.356628789293763,32
2,1,0,三个固定 GP 表达式的均值,825,1,0.988,9.747502517900859,9.725733325249973,9.78012774636811,9.78012774636811,32
2,0,4,不使用 GP,825,1,0.756,7.235422326411692,7.241448601242866,7.781000086050903,7.781000086050903,32
2,1,5,三个固定 GP 表达式的均值,825,1,0.752,7.894999547029289,7.894997777347341,8.304090513916387,8.304090513916387,32
2,0,6,不使用 GP,825,1,0.918,9.294182124667703,9.274521881134849,9.419008850636098,9.419008850636098,32
2,1,7,三个固定 GP 表达式的均值,825,1,0.718,7.878338869405422,7.887775694273099,8.300115708385253,8.300115708385253,32
2,3,0,三个固定 GP 表达式的均值,850,1,0.822,8.746081887022855,8.737493264115558,8.99138955565703,8.99138955565703,32
2,2,1,三个固定 GP 表达式的均值,850,2,0.962,9.68310802232381,9.66188045291265,9.728934834343644,9.728934834343644,32
2,2,3,三个固定 GP 表达式的均值,850,1,0.994,9.863977639821657,9.841931981908537,9.873271915927331,9.873271915927331,14
2,3,7,三个固定 GP 表达式的均值,850,1,0.812,8.968136911318505,8.949819392395613,9.163793987190072,9.163793987190072,32
2,0,4,不使用 GP,850,1,0.794,8.257587327972752,8.240807884731117,8.59253886589258,8.59253886589258,32
2,0,5,不使用 GP,850,1,0.78,8.25447863635228,8.23796636231288,8.591487478718015,8.591487478718015,32
2,1,5,三个固定 GP 表达式的均值,850,1,0.82,8.801476021682056,8.78350265354349,9.026142800482448,9.026142800482448,32
2,0,6,不使用 GP,850,1,0.95,9.54973635500097,9.529040321083253,9.624630613669897,9.624630613669897,32
2,1,7,三个固定 GP 表达式的均值,850,1,0.774,8.507860821943181,8.510905888025846,8.810259407656954,8.810259407656954,32
2,3,0,三个固定 GP 表达式的均值,875,1,0.92,9.152657412051132,9.133569066337651,9.306321266170986,9.306321266170986,32
2,3,7,三个固定 GP 表达式的均值,875,1,0.866,9.132011129866138,9.112880780720381,9.290976812852854,9.290976812852854,32
2,0,4,不使用 GP,875,1,0.86,8.648354237810405,8.630833855227444,8.904123013798985,8.904123013798985,32
2,0,5,不使用 GP,875,1,0.794,8.612480593004106,8.594775976125037,8.87607940615864,8.87607940615864,32
2,1,5,三个固定 GP 表达式的均值,875,1,0.814,8.876868385642716,8.858518732298846,9.086980126008697,9.086980126008697,32
2,1,7,三个固定 GP 表达式的均值,875,1,0.822,8.82667350524167,8.815206171296254,9.054220304103493,9.054220304103493,32
2,3,0,三个固定 GP 表达式的均值,900,1,0.952,9.602497130825128,9.581740582025565,9.666046517151928,9.666046517151928,32
2,3,7,三个固定 GP 表达式的均值,900,1,0.88,9.345793489311253,9.325827425936653,9.460232292695215,9.460232292695215,32
2,0,4,不使用 GP,900,1,0.872,9.003044009978582,8.984122278633901,9.186082652085224,9.186082652085224,32
2,0,5,不使用 GP,900,1,0.88,9.071891305099241,9.05298245440676,9.242285479904883,9.242285479904883,32
2,0,6,不使用 GP,900,1,0.972,9.598427665211293,9.577490461242702,9.663354203048307,9.663354203048307,32
2,1,7,三个固定 GP 表达式的均值,900,1,0.882,9.35200052345218,9.393567460252715,9.516704206899883,9.516704206899883,32
2,2,2,三个固定 GP 表达式的均值,925,1,0.746,7.8862193082577345,7.886219817999232,8.298299987186619,8.298299987186619,32
2,1,1,三个固定 GP 表达式的均值,925,1,0.762,8.002806826729989,8.002806211025902,8.391684752252798,8.391684752252798,32
2,0,2,不使用 GP,925,1,0.724,7.2714549161176,7.271454988212473,7.801732576498204,7.801732576498204,32
2,3,0,三个固定 GP 表达式的均值,950,1,0.994,9.851377937468774,9.829579240888513,9.863363323478113,9.863363323478113,28
2,2,2,三个固定 GP 表达式的均值,950,1,0.842,8.943756902320418,8.924996523161838,9.138921073307714,9.138921073307714,32
2,3,3,三个固定 GP 表达式的均值,950,1,0.858,8.798255880428961,8.786058778999633,9.030828181106934,9.030828181106934,32
2,3,7,三个固定 GP 表达式的均值,950,1,0.964,9.86462446944797,9.842802858054672,9.875979936822853,9.875979936822853,32
2,1,1,三个固定 GP 表达式的均值,950,1,0.846,9.011219925418766,8.992791444037321,9.193664868863697,9.193664868863697,32
2,0,2,不使用 GP,950,1,0.712,7.8402454303371885,7.830660611709526,8.266066426794207,8.266066426794207,32
2,0,4,不使用 GP,950,1,0.994,9.718949199522987,9.6978937337327,9.75785641962184,9.75785641962184,31
2,0,6,不使用 GP,950,1,0.976,10.362981326875234,10.485335985382232,10.391093062238442,10.391093062238442,28
2,2,2,三个固定 GP 表达式的均值,975,1,0.882,9.104236447803205,9.084925602262242,9.267059791286707,9.267059791286707,32
2,3,3,三个固定 GP 表达式的均值,975,1,0.876,9.028088096368485,9.009294585306742,9.206754373355185,9.206754373355185,32
2,1,1,三个固定 GP 表达式的均值,975,1,0.97,9.61881819791464,9.598442746604366,9.678365802345478,9.678365802345478,32
2,0,2,不使用 GP,975,1,0.798,8.229206759033737,8.212492516942874,8.569306977116549,8.569306977116549,32
2,1,7,三个固定 GP 表达式的均值,1000,1,0.994,9.876175203836372,9.854131636958009,9.885044042336187,9.885044042336187,31
2,3,2,三个固定 GP 表达式的均值,1025,1,0.764,7.647134797606591,7.647135891004941,8.104870851993073,8.104870851993073,32
2,0,0,不使用 GP,1025,1,0.988,9.81468416955652,9.792907635994315,9.83398099203919,9.83398099203919,27
2,0,3,不使用 GP,1025,1,0.754,7.335353584010874,7.341356873860252,7.8656777455484,7.8656777455484,32
2,3,2,三个固定 GP 表达式的均值,1050,1,0.864,9.010804150514863,8.992132769684948,9.192597579455164,9.192597579455164,32
2,0,2,不使用 GP,1050,1,0.926,9.394250470406211,9.374356676446492,9.498792233806656,9.498792233806656,32
2,0,3,不使用 GP,1050,1,0.834,8.51230030701738,8.495253284727042,8.798433287024036,8.798433287024036,32
2,3,2,三个固定 GP 表达式的均值,1075,1,0.956,9.708417146748273,9.68762166620312,9.74975390328556,9.74975390328556,32
2,0,3,不使用 GP,1075,1,0.83,8.555393258582235,8.537725154388701,8.8314903221388,8.8314903221388,32
2,0,2,不使用 GP,1100,1,0.994,9.802644904570203,9.781065253866812,9.824481935105922,9.824481935105922,32
2,2,0,三个固定 GP 表达式的均值,1125,1,0.77,7.854719755074978,7.8633003679118,8.282072655585079,8.282072655585079,32
2,3,2,三个固定 GP 表达式的均值,1125,1,0.99,9.799136788643393,9.777416877938608,9.821548491626093,9.821548491626093,22
2,3,5,三个固定 GP 表达式的均值,1125,1,0.748,7.690358473768327,7.696591254053945,8.146807486476975,8.146807486476975,32
2,0,3,不使用 GP,1125,1,0.888,9.021662174526773,9.013731704929816,9.21409215947968,9.21409215947968,32
2,1,6,三个固定 GP 表达式的均值,1125,1,0.816,8.445992284444216,8.459256781833144,8.762431011446207,8.762431011446207,32
2,0,7,不使用 GP,1125,1,0.742,7.679770306150037,7.679769540693115,8.134673458916716,8.134673458916716,32
2,2,0,三个固定 GP 表达式的均值,1150,1,0.836,9.010000581716726,8.991387722254839,9.192160744224845,9.192160744224845,32
2,3,5,三个固定 GP 表达式的均值,1150,1,0.816,8.540036183500375,8.528448721730298,8.823016650501543,8.823016650501543,32
2,3,6,三个固定 GP 表达式的均值,1150,1,0.87,8.918825154135233,8.90042077769115,9.119970818925038,9.119970818925038,32
2,0,3,不使用 GP,1150,1,0.98,9.590460659610242,9.569881766024121,9.655372699861495,9.655372699861495,32
2,1,3,三个固定 GP 表达式的均值,1150,1,0.798,8.693336088479347,8.681195868151988,8.946123331315395,8.946123331315395,32
2,1,6,三个固定 GP 表达式的均值,1150,1,0.866,9.083980557872314,9.082394454342381,9.26762548591763,9.26762548591763,32
2,0,7,不使用 GP,1150,1,0.786,8.238408627870646,8.23386302346245,8.589992262644387,8.589992262644387,32
2,2,0,三个固定 GP 表达式的均值,1175,1,0.938,9.38225677015765,9.362379963411254,9.489360604194564,9.489360604194564,32
2,3,6,三个固定 GP 表达式的均值,1175,1,0.832,8.926084145380935,8.907309707883675,9.125426307980339,9.125426307980339,32
2,1,3,三个固定 GP 表达式的均值,1175,1,0.796,8.736137230851105,8.718060713731292,8.972929599332762,8.972929599332762,32
2,0,7,不使用 GP,1175,1,0.808,8.34004621500476,8.341150529253207,8.674715246377222,8.674715246377222,32
2,3,5,三个固定 GP 表达式的均值,1200,1,0.94,9.470508090300383,9.450318280986487,9.559939641537154,9.559939641537154,32
2,3,6,三个固定 GP 表达式的均值,1200,1,0.972,9.60897997412636,9.588334200220272,9.672472923815842,9.672472923815842,32
2,1,3,三个固定 GP 表达式的均值,1200,1,0.86,9.116787040820379,9.097684142611419,9.278415867954461,9.278415867954461,32
2,0,4,不使用 GP,1200,2,0.974,9.74614948133372,9.724510208085405,9.779152593614318,9.779152593614318,29
2,1,6,三个固定 GP 表达式的均值,1200,1,0.956,9.616767679002361,9.595788039092119,9.676041926141371,9.676041926141371,32
2,0,7,不使用 GP,1200,1,0.838,9.011208107707356,9.05294107441677,9.245905609359562,9.245905609359562,32
2,2,4,三个固定 GP 表达式的均值,1225,1,0.794,8.325511468859776,8.325512884495726,8.651410449604414,8.651410449604414,32
2,3,4,三个固定 GP 表达式的均值,1225,1,0.802,8.334286977067062,8.339913725440011,8.66728713612731,8.66728713612731,32
2,2,5,三个固定 GP 表达式的均值,1225,1,0.806,8.271369755438595,8.271370293010772,8.60957510010256,8.60957510010256,32
2,2,7,三个固定 GP 表达式的均值,1225,1,0.802,8.17764704693909,8.194115219587509,8.548509752275638,8.548509752275638,32
2,1,4,三个固定 GP 表达式的均值,1225,1,0.766,8.111961961084251,8.111961154803872,8.478723021977524,8.478723021977524,32
2,2,4,三个固定 GP 表达式的均值,1250,1,0.902,9.207009043555725,9.187660054194065,9.349251536741182,9.349251536741182,32
2,3,4,三个固定 GP 表达式的均值,1250,1,0.852,9.041812289804389,9.02323448751018,9.21765570460184,9.21765570460184,32
2,2,5,三个固定 GP 表达式的均值,1250,1,0.858,8.896206740242716,8.87775970087893,9.101361970167988,9.101361970167988,32
2,2,7,三个固定 GP 表达式的均值,1250,1,0.872,9.126709600894317,9.14306680753844,9.316069853499833,9.316069853499833,32
2,1,1,三个固定 GP 表达式的均值,1250,1,0.984,9.784122819926878,9.762386539581192,9.809495300593747,9.809495300593747,20
2,1,4,三个固定 GP 表达式的均值,1250,1,0.862,8.927160041422196,8.916683588208464,9.134186423621658,9.134186423621658,32
2,0,7,不使用 GP,1250,1,0.912,9.302372574502456,9.282671379724327,9.427421929680778,9.427421929680778,32
2,3,4,三个固定 GP 表达式的均值,1275,1,0.944,9.517303054349648,9.49695995603345,9.596963916329848,9.596963916329848,32
2,2,5,三个固定 GP 表达式的均值,1275,1,0.928,9.385749080858613,9.365621192587291,9.491874487384516,9.491874487384516,32
2,2,7,三个固定 GP 表达式的均值,1275,1,0.922,9.427319457823424,9.407438125713783,9.527773730265006,9.527773730265006,32
2,1,4,三个固定 GP 表达式的均值,1275,1,0.894,9.34487123239844,9.333280074779807,9.468086096629508,9.468086096629508,32
2,0,3,不使用 GP,1300,2,0.88,8.722498412558323,8.703339463859354,8.960884555342663,8.960884555342663,16
2,3,1,三个固定 GP 表达式的均值,1325,1,0.752,8.037859088833699,8.037859455125922,8.418972566739727,8.418972566739727,32
2,2,3,三个固定 GP 表达式的均值,1325,1,0.81,8.12972307722767,8.129722593826017,8.493616332503375,8.493616332503375,32
2,0,0,不使用 GP,1325,1,0.734,7.148233127388,7.148232642286337,7.704571505618246,7.704571505618246,32
2,1,0,三个固定 GP 表达式的均值,1325,1,0.746,7.795462456210784,7.801035835198245,8.229636131896642,8.229636131896642,32
2,0,1,不使用 GP,1325,1,0.8,7.535875961206917,7.535874852879722,8.016202290288819,8.016202290288819,32
2,3,1,三个固定 GP 表达式的均值,1350,1,0.82,9.03819233403984,9.019681824540873,9.215219935574236,9.215219935574236,32
2,2,3,三个固定 GP 表达式的均值,1350,1,0.858,9.169917055402781,9.150753373996821,9.31970952543978,9.31970952543978,32
2,2,7,三个固定 GP 表达式的均值,1350,1,0.98,9.770153422832413,9.748413483235957,9.798286372429262,9.798286372429262,27
2,0,0,不使用 GP,1350,1,0.782,8.346501479572007,8.336845153749449,8.672680659290554,8.672680659290554,32
2,1,0,三个固定 GP 表达式的均值,1350,1,0.858,8.955776427978249,8.937475655035902,9.149173636530529,9.149173636530529,32
2,0,1,不使用 GP,1350,1,0.83,8.305676233177119,8.288952593959985,8.631693495149781,8.631693495149781,32
2,3,1,三个固定 GP 表达式的均值,1375,1,0.876,9.22969240937765,9.210258795374445,9.367891328606357,9.367891328606357,32
2,0,0,不使用 GP,1375,1,0.86,8.788315881327447,8.777189848441488,9.022697929232013,9.022697929232013,32
2,1,0,三个固定 GP 表达式的均值,1375,1,0.868,9.216846435132444,9.197458715182693,9.357178300058312,9.357178300058312,32
2,0,1,不使用 GP,1375,1,0.792,8.312193188191722,8.302282819861079,8.644435139209232,8.644435139209232,32
2,1,5,三个固定 GP 表达式的均值,1400,1,0.984,9.859015692481643,9.837116401888654,9.869403742886856,9.869403742886856,29
2,3,2,三个固定 GP 表达式的均值,1425,1,0.972,9.767692766172873,9.746018895920399,9.796379066859533,9.796379066859533,32
2,2,6,三个固定 GP 表达式的均值,1425,1,0.76,8.144827535627558,8.144826946714259,8.506803843094348,8.506803843094348,32
2,3,7,三个固定 GP 表达式的均值,1425,1,0.77,7.913844496708475,7.913844260604199,8.320075875460148,8.320075875460148,32
2,0,0,不使用 GP,1425,1,0.948,9.476293625731799,9.45599168700681,9.56411937506056,9.56411937506056,32
2,1,0,三个固定 GP 表达式的均值,1425,1,0.942,9.534407434030612,9.513747896270669,9.610315823512682,9.610315823512682,32
2,0,1,不使用 GP,1425,1,0.896,8.999905094677784,8.981107938624396,9.183805542475737,9.183805542475737,32
2,0,5,不使用 GP,1425,1,0.724,7.2681558253551755,7.274177516729667,7.807583495538387,7.807583495538387,32
2,2,6,三个固定 GP 表达式的均值,1450,1,0.832,8.83802532881435,8.819600117776739,9.056286603161892,9.056286603161892,32
2,3,7,三个固定 GP 表达式的均值,1450,1,0.862,8.766910840595388,8.74907432496099,8.998482256616354,8.998482256616354,32
2,0,0,不使用 GP,1450,1,0.994,9.890458436180124,9.888180253637502,9.912335582808728,9.912335582808728,30
2,1,0,三个固定 GP 表达式的均值,1450,1,0.974,9.740578164570364,9.719262610432688,9.77498755837462,9.77498755837462,32
2,0,1,不使用 GP,1450,1,0.948,9.35631466429072,9.336346875556924,9.468110053854728,9.468110053854728,32
2,0,5,不使用 GP,1450,1,0.8,8.242320309073838,8.225724169098662,8.581063059377287,8.581063059377287,32
2,1,6,三个固定 GP 表达式的均值,1450,1,0.978,10.317519337740938,10.4253935130069,10.343095273732219,10.343095273732219,28
2,2,2,三个固定 GP 表达式的均值,1475,1,0.892,9.266964846202058,9.24759135279588,9.397344499460413,9.397344499460413,32
2,3,4,三个固定 GP 表达式的均值,1475,2,0.978,9.677384157724996,9.656062320220332,9.724247223516379,9.724247223516379,32
2,2,6,三个固定 GP 表达式的均值,1475,1,0.896,9.021309842147968,9.002157589009984,9.20068760622862,9.20068760622862,32
2,3,7,三个固定 GP 表达式的均值,1475,1,0.842,9.042860534368105,9.024105835547164,9.21849615828124,9.21849615828124,32
2,0,5,不使用 GP,1475,1,0.824,8.302256350232486,8.285177630867334,8.62804255200103,8.62804255200103,32
2,3,1,三个固定 GP 表达式的均值,1500,1,0.988,9.830434530043265,9.80862426146096,9.846561326905833,9.846561326905833,30
2,2,6,三个固定 GP 表达式的均值,1500,1,0.934,9.549488570193251,9.528887001751299,9.62375742465619,9.62375742465619,32
2,3,7,三个固定 GP 表达式的均值,1500,1,0.952,9.397180250710381,9.377101572035079,9.502102225249507,9.502102225249507,32
2,0,0,不使用 GP,1500,1,0.972,9.728902549793185,9.707314121364105,9.76533264000679,9.76533264000679,30
2,0,5,不使用 GP,1500,1,0.854,8.780122012744647,8.771107467853293,9.02035574903792,9.02035574903792,32
2,2,1,三个固定 GP 表达式的均值,1525,1,0.77,7.903868120591509,7.910193905650106,8.31865155651772,8.31865155651772,32
2,3,3,三个固定 GP 表达式的均值,1525,1,0.76,8.013250703049406,8.01887621508568,8.408663421065015,8.408663421065015,32
2,0,2,不使用 GP,1525,1,0.762,7.168616202947255,7.168616467653445,7.71863714445367,7.71863714445367,32
2,2,1,三个固定 GP 表达式的均值,1550,1,0.86,9.013099564884552,8.994425624315015,9.194990254972057,9.194990254972057,32
2,3,3,三个固定 GP 表达式的均值,1550,1,0.866,9.0092720374231,8.990783140655228,9.19171115441095,9.19171115441095,32
2,3,7,三个固定 GP 表达式的均值,1550,1,0.976,9.735999203533384,9.714678339049806,9.771276825809595,9.771276825809595,32
2,0,2,不使用 GP,1550,1,0.784,8.292109393757096,8.275491640356577,8.620275107480468,8.620275107480468,32
2,0,4,不使用 GP,1550,1,0.812,7.9343756682214766,7.93157433288749,8.34875465760416,8.34875465760416,32
2,0,5,不使用 GP,1550,1,0.93,9.547311710698539,9.526707644495783,9.620681509146166,9.620681509146166,32
2,2,1,三个固定 GP 表达式的均值,1575,1,0.92,9.27631206082734,9.25655674052919,9.404525600010333,9.404525600010333,32
2,0,2,不使用 GP,1575,1,0.814,8.604390805131679,8.592700886751077,8.878196954949109,8.878196954949109,32
2,0,4,不使用 GP,1575,1,0.784,8.151601560999332,8.134988394215734,8.508268846882858,8.508268846882858,32
2,2,4,三个固定 GP 表达式的均值,1625,1,0.994,9.805362124519448,9.7837469338737,9.826608721019472,9.826608721019472,32
2,1,7,三个固定 GP 表达式的均值,1625,1,0.746,7.994862844762305,8.000421170858587,8.391160325553574,8.391160325553574,32
2,3,0,三个固定 GP 表达式的均值,1650,1,0.854,8.742319097004232,8.724533098822413,8.978563888947729,8.978563888947729,32
2,1,1,三个固定 GP 表达式的均值,1650,1,0.844,8.816727404200108,8.80443664894,9.045087038646356,9.045087038646356,32
2,0,2,不使用 GP,1650,1,0.958,9.45798934021823,9.437678478871954,9.549855938174547,9.549855938174547,32
2,0,4,不使用 GP,1650,1,0.944,9.368573139733066,9.348532381004805,9.47810017323508,9.47810017323508,32
2,1,7,三个固定 GP 表达式的均值,1650,1,0.844,8.877726827215254,8.882285051763322,9.107652095713226,9.107652095713226,32
2,3,0,三个固定 GP 表达式的均值,1675,1,0.922,9.168431142198656,9.164434223942367,9.335234407621307,9.335234407621307,32
2,1,1,三个固定 GP 表达式的均值,1675,1,0.9,9.203801690889554,9.184459792200057,9.346692138645803,9.346692138645803,32
2,1,7,三个固定 GP 表达式的均值,1675,1,0.814,8.987247970871396,9.00411275284483,9.205103829716736,9.205103829716736,32
2,0,4,不使用 GP,1700,1,0.982,9.766713189700448,9.745167486823435,9.795722014559134,9.795722014559134,31
2,3,0,三个固定 GP 表达式的均值,1725,1,0.956,9.683940705950551,9.66300956161221,9.731058885038466,9.731058885038466,32
2,3,5,三个固定 GP 表达式的均值,1725,1,0.742,7.7311986353702515,7.731198663837368,8.172860531789336,8.172860531789336,32
2,3,6,三个固定 GP 表达式的均值,1725,1,0.838,7.990152206968951,7.990153446710031,8.38289947002989,8.38289947002989,32
2,0,3,不使用 GP,1725,1,0.784,7.5019207483639665,7.501920956260354,7.987278096210127,7.987278096210127,32
2,1,5,三个固定 GP 表达式的均值,1725,1,0.724,7.909071973280134,7.909072602652548,8.315824489081187,8.315824489081187,32
2,0,6,不使用 GP,1725,1,0.758,7.057079951996617,7.057079157729536,7.630434073595161,7.630434073595161,32
2,1,7,三个固定 GP 表达式的均值,1725,1,0.902,9.294416861825532,9.274618499674158,9.42084052090469,9.42084052090469,32
2,3,5,三个固定 GP 表达式的均值,1750,1,0.826,8.885180309650982,8.867142734056763,9.094125125280584,9.094125125280584,32
2,3,6,三个固定 GP 表达式的均值,1750,1,0.814,8.806572913491376,8.79526495036641,9.038346533736329,9.038346533736329,32
2,0,3,不使用 GP,1750,1,0.78,8.022069721046233,8.00596164897912,8.403923359289351,8.403923359289351,32
2,1,5,三个固定 GP 表达式的均值,1750,1,0.772,8.610571477829223,8.593155840710377,8.87429771963282,8.87429771963282,32
2,0,6,不使用 GP,1750,1,0.796,8.113538414257011,8.114235279486397,8.49460739963135,8.49460739963135,32
2,1,7,三个固定 GP 表达式的均值,1750,1,0.966,9.83771881002505,9.840620405009174,9.874282403447436,9.874282403447436,32
2,3,5,三个固定 GP 表达式的均值,1775,1,0.824,8.843202162924221,8.824887552389189,9.060870146862722,9.060870146862722,32
2,3,6,三个固定 GP 表达式的均值,1775,1,0.858,9.093489008781932,9.09863940442636,9.280214405156539,9.280214405156539,32
2,0,3,不使用 GP,1775,1,0.77,8.033501464684766,8.01716524077091,8.412961570421277,8.412961570421277,32
2,1,5,三个固定 GP 表达式的均值,1775,1,0.84,8.991088294142624,8.972522418927223,9.17760106733664,9.17760106733664,32
2,0,6,不使用 GP,1775,1,0.822,8.500073671427446,8.493690832406253,8.796737248178205,8.796737248178205,32
2,3,5,三个固定 GP 表达式的均值,1800,1,0.93,9.450746363327072,9.430911443502863,9.544320374660433,9.544320374660433,32
2,2,6,三个固定 GP 表达式的均值,1800,1,0.962,9.769515042246674,9.747999101718543,9.799913316133754,9.799913316133754,32
2,1,1,三个固定 GP 表达式的均值,1800,1,0.994,9.839031774462446,9.817184791534894,9.853429078366567,9.853429078366567,31
2,0,3,不使用 GP,1800,1,0.844,8.545105252732629,8.52748479582682,8.82105011384055,8.82105011384055,32
2,0,4,不使用 GP,1800,2,0.942,9.554077427123417,9.533132098749643,9.62571993732053,9.62571993732053,32
2,1,5,三个固定 GP 表达式的均值,1800,1,0.85,9.282235819577537,9.27899972036799,9.424045317618171,9.424045317618171,32
2,0,6,不使用 GP,1800,1,0.866,9.151272183234926,9.154827104096102,9.325201280601295,9.325201280601295,32
2,3,4,三个固定 GP 表达式的均值,1825,1,0.81,8.073196397345834,8.08008604005646,8.457138913453157,8.457138913453157,32
2,2,5,三个固定 GP 表达式的均值,1825,1,0.782,7.986942835010173,7.986943700131193,8.381190432320048,8.381190432320048,32
2,1,3,三个固定 GP 表达式的均值,1825,1,0.762,8.026410550250612,8.026410319817892,8.410317037538979,8.410317037538979,32
2,1,4,三个固定 GP 表达式的均值,1825,1,0.758,7.94414486426117,7.94414465287985,8.345076930749718,8.345076930749718,32
2,1,6,三个固定 GP 表达式的均值,1825,1,0.776,8.107838448120436,8.107837236324327,8.478256445222737,8.478256445222737,32
2,0,7,不使用 GP,1825,1,0.738,7.329153921978268,7.335179337571541,7.858040683913605,7.858040683913605,32
2,3,4,三个固定 GP 表达式的均值,1850,1,0.826,8.87654450865223,8.865845159576061,9.093744074919613,9.093744074919613,32
2,2,5,三个固定 GP 表达式的均值,1850,1,0.82,8.74422851692604,8.726344190060242,8.98109533444661,8.98109533444661,32
2,0,3,不使用 GP,1850,1,0.922,9.386865275509543,9.366677698638036,9.492533479781088,9.492533479781088,32
2,1,3,三个固定 GP 表达式的均值,1850,1,0.836,8.656347481407025,8.644931026012252,8.917228535733408,8.917228535733408,32
2,1,4,三个固定 GP 表达式的均值,1850,1,0.838,8.791938944254571,8.782201668032153,9.026208983167603,9.026208983167603,32
2,1,5,三个固定 GP 表达式的均值,1850,1,0.994,9.817130110907467,9.795614162262094,9.83616217873506,9.83616217873506,29
2,0,6,不使用 GP,1850,1,0.982,10.018160066838202,10.06847328628545,10.0568677152368,10.0568677152368,32
2,1,6,三个固定 GP 表达式的均值,1850,1,0.872,9.08729239119093,9.068442781744519,9.255956646214303,9.255956646214303,32
2,0,7,不使用 GP,1850,1,0.79,8.107291590618846,8.091068519840963,8.475846847421069,8.475846847421069,32
2,3,4,三个固定 GP 表达式的均值,1875,1,0.91,9.250893012101615,9.23157841745612,9.38581820441788,9.38581820441788,32
2,2,5,三个固定 GP 表达式的均值,1875,1,0.92,9.268286580404622,9.248713001960088,9.398388211027852,9.398388211027852,32
2,1,2,三个固定 GP 表达式的均值,1875,1,0.894,9.245426038674577,9.226103912758253,9.380399576457066,9.380399576457066,32
2,1,3,三个固定 GP 表达式的均值,1875,1,0.87,9.054999574500583,9.042815941467707,9.235312864356048,9.235312864356048,32
2,1,6,三个固定 GP 表达式的均值,1875,1,0.882,9.131719101539534,9.112246701339464,9.290098309717997,9.290098309717997,32
2,0,7,不使用 GP,1875,1,0.776,8.18094033634328,8.16445819916925,8.534193154669717,8.534193154669717,32
2,0,3,不使用 GP,1900,1,0.936,9.406567860802827,9.386329308770746,9.508213272730917,9.508213272730917,32
2,2,3,三个固定 GP 表达式的均值,1925,1,0.806,8.16148839674982,8.168268199864807,8.527455167729066,8.527455167729066,32
2,2,7,三个固定 GP 表达式的均值,1925,1,0.79,8.16247935742671,8.179052799454727,8.537921910334804,8.537921910334804,32
2,0,1,不使用 GP,1925,1,0.712,6.909607026179528,6.909606350211125,7.509690266921295,7.509690266921295,32
2,2,3,三个固定 GP 表达式的均值,1950,1,0.81,8.69490186086383,8.677137353403165,8.940839875006715,8.940839875006715,32
2,2,7,三个固定 GP 表达式的均值,1950,1,0.868,9.062066372202315,9.076338161041566,9.26461965182924,9.26461965182924,32
2,1,0,三个固定 GP 表达式的均值,1950,1,0.814,8.572764139972861,8.555139495638612,8.84366851603203,8.84366851603203,32
2,0,1,不使用 GP,1950,1,0.764,7.921904298971138,7.906032808991508,8.323744834224518,8.323744834224518,32
2,0,7,不使用 GP,1950,1,0.868,9.182962844017531,9.175766244509052,9.342142359183669,9.342142359183669,32
2,2,3,三个固定 GP 表达式的均值,1975,1,0.9,9.195165096469383,9.175952190208266,9.340161436953226,9.340161436953226,32
2,2,7,三个固定 GP 表达式的均值,1975,1,0.92,9.48587525842791,9.465662035359752,9.573076574554904,9.573076574554904,32
2,1,0,三个固定 GP 表达式的均值,1975,1,0.86,9.088935766576618,9.07011122082567,9.256442054673096,9.256442054673096,32
2,0,1,不使用 GP,1975,1,0.812,8.068473151088435,8.052075883412376,8.44109694444702,8.44109694444702,32
2,1,7,三个固定 GP 表达式的均值,1975,2,0.942,9.726365920628025,9.704976790289809,9.763495054739108,9.763495054739108,32
2,1,5,三个固定 GP 表达式的均值,2000,1,0.966,9.722503880044071,9.701006017086998,9.760288908252122,9.760288908252122,32
2,0,7,不使用 GP,2000,1,0.94,9.517322449838431,9.496642738405347,9.596631684182594,9.596631684182594,32
2,2,2,三个固定 GP 表达式的均值,2025,1,0.792,8.130371810899295,8.130371350822463,8.495744639685391,8.495744639685391,32
2,2,4,三个固定 GP 表达式的均值,2025,1,0.838,8.459597819356844,8.459598754206574,8.761023488847032,8.761023488847032,32
2,2,7,三个固定 GP 表达式的均值,2025,1,0.99,10.186750424154306,10.247472027780624,10.200379084645204,10.200379084645204,26
2,1,0,三个固定 GP 表达式的均值,2025,1,0.964,9.729850928969682,9.70867559478558,9.766516733567371,9.766516733567371,32
2,0,1,不使用 GP,2025,1,0.86,8.711043425307029,8.692973590650173,8.953635309582888,8.953635309582888,32
2,0,5,不使用 GP,2025,1,0.744,7.1798466471765945,7.18586089693753,7.738219829223031,7.738219829223031,32
2,3,2,三个固定 GP 表达式的均值,2050,1,0.802,8.679831298775973,8.66848575122874,8.936972417749645,8.936972417749645,32
2,2,4,三个固定 GP 表达式的均值,2050,1,0.904,9.400098983213766,9.380179936348124,9.503584474802631,9.503584474802631,32
2,3,7,三个固定 GP 表达式的均值,2050,1,0.784,8.41963868376501,8.402492009409938,8.720738183031516,8.720738183031516,32
2,0,1,不使用 GP,2050,1,0.904,9.153666728148188,9.134310712969965,9.30642355136283,9.30642355136283,32
2,0,5,不使用 GP,2050,1,0.802,8.198376127049698,8.181989528816988,8.546849117057706,8.546849117057706,32
2,2,2,三个固定 GP 表达式的均值,2075,1,0.962,9.52589793974766,9.505620224325071,9.603958712986293,9.603958712986293,32
2,3,2,三个固定 GP 表达式的均值,2075,1,0.864,8.80794171454258,8.789792151406889,9.030758086891716,9.030758086891716,32
2,3,7,三个固定 GP 表达式的均值,2075,1,0.852,8.922239092294465,8.904001822867894,9.124358217631706,9.124358217631706,32
2,0,5,不使用 GP,2075,1,0.79,8.378990002381421,8.361862951655064,8.689618833740244,8.689618833740244,32
2,3,2,三个固定 GP 表达式的均值,2100,1,0.932,9.293758311442163,9.27408688749931,9.418423853828969,9.418423853828969,32
2,2,7,三个固定 GP 表达式的均值,2100,1,0.99,9.840079500563915,9.818149168541943,9.854216462118613,9.854216462118613,13
2,3,7,三个固定 GP 表达式的均值,2100,1,0.936,9.558487869689476,9.538252394656082,9.63034215832403,9.63034215832403,32
2,1,0,三个固定 GP 表达式的均值,2100,1,0.994,9.852966437897663,9.831091570038767,9.864572919792405,9.864572919792405,25
2,0,1,不使用 GP,2100,1,0.994,9.721253802757994,9.699709300169875,9.759275709424934,9.759275709424934,31
2,1,3,三个固定 GP 表达式的均值,2100,2,0.834,8.645094055378014,8.626146869110576,8.899094131739986,8.899094131739986,32
2,0,5,不使用 GP,2100,1,0.87,8.513582874216823,8.495895605641921,8.795469390353274,8.795469390353274,32
2,2,1,三个固定 GP 表达式的均值,2125,1,0.804,8.158014536752033,8.158014771450365,8.516879038368549,8.516879038368549,32
2,3,1,三个固定 GP 表达式的均值,2125,1,0.802,8.159240489475563,8.15924175934801,8.51740436914593,8.51740436914593,32
2,2,6,三个固定 GP 表达式的均值,2125,1,0.82,8.41399553681211,8.413995305925459,8.723185850820423,8.723185850820423,32
2,0,4,不使用 GP,2125,1,0.788,7.608812078553497,7.615788302960588,8.083092056000412,8.083092056000412,32
2,2,0,三个固定 GP 表达式的均值,2150,1,0.822,8.749773084748423,8.731639278431738,8.984485784258633,8.984485784258633,32
2,2,1,三个固定 GP 表达式的均值,2150,1,0.838,8.969406839674683,8.950871698977618,9.160035497329925,9.160035497329925,32
2,3,1,三个固定 GP 表达式的均值,2150,1,0.824,8.831399360502974,8.813384799780788,9.050299200925279,9.050299200925279,32
2,2,6,三个固定 GP 表达式的均值,2150,1,0.86,9.239677999412857,9.244296175038231,9.397226798994998,9.397226798994998,32
2,0,1,不使用 GP,2150,1,0.99,9.839098161103193,9.817238837531123,9.853482013533736,9.853482013533736,31
2,0,4,不使用 GP,2150,1,0.83,8.333229870187767,8.31632990718691,8.651511861041888,8.651511861041888,32
2,0,5,不使用 GP,2150,1,0.928,9.276725473745344,9.256901828051186,9.404495627372711,9.404495627372711,32
2,2,1,三个固定 GP 表达式的均值,2175,1,0.962,9.621623371035577,9.60117432064948,9.680619932444625,9.680619932444625,32
2,3,1,三个固定 GP 表达式的均值,2175,1,0.874,9.12463937444782,9.105563843330803,9.283624890159665,9.283624890159665,32
2,3,3,三个固定 GP 表达式的均值,2175,1,0.794,8.723473224358507,8.712060354018101,8.970709778289404,8.970709778289404,32
2,2,6,三个固定 GP 表达式的均值,2175,1,0.94,9.532403841293233,9.511682082242647,9.610598684274926,9.610598684274926,32
2,0,4,不使用 GP,2175,1,0.826,8.69373783748989,8.67589167383263,8.940172002802093,8.940172002802093,32
2,2,3,三个固定 GP 表达式的均值,2225,2,0.88,9.19252857219663,9.172375342518004,9.336572308888398,9.336572308888398,32
2,0,0,不使用 GP,2225,1,0.748,7.596114638349297,7.608114094379553,8.075467272242253,8.075467272242253,32
2,2,1,三个固定 GP 表达式的均值,2250,1,0.992,9.806770031770746,9.78506803432137,9.827690526894896,9.827690526894896,22
2,3,1,三个固定 GP 表达式的均值,2250,1,0.98,9.753159049245102,9.731501221311149,9.784764694163757,9.784764694163757,32
2,0,0,不使用 GP,2250,1,0.796,8.24734394722941,8.230694114214726,8.583993450589775,8.583993450589775,32
2,1,1,三个固定 GP 表达式的均值,2250,1,0.806,8.953949807962701,8.941707540425064,9.154113576145079,9.154113576145079,32
2,0,2,不使用 GP,2250,1,0.784,8.041788787826805,8.025526039734107,8.42226395009896,8.42226395009896,32
2,0,4,不使用 GP,2250,1,0.944,9.510981078984214,9.490505552067548,9.591732133764594,9.591732133764594,32
2,2,7,三个固定 GP 表达式的均值,2275,1,0.974,9.70493281721611,9.683399080570705,9.746160436127862,9.746160436127862,19
2,3,7,三个固定 GP 表达式的均值,2275,2,0.872,9.246902461426261,9.226683004522801,9.380074734499019,9.380074734499019,32
2,0,0,不使用 GP,2275,1,0.842,8.65159009507318,8.639874654125984,8.914544440032591,8.914544440032591,32
2,1,1,三个固定 GP 表达式的均值,2275,1,0.858,9.11579334389611,9.096729583640188,9.276755891704301,9.276755891704301,32
2,0,2,不使用 GP,2275,1,0.87,8.506432698103211,8.488907529477126,8.78973922017297,8.78973922017297,32
2,3,5,三个固定 GP 表达式的均值,2325,1,0.744,8.031533399513126,8.031533058543161,8.415070416976445,8.415070416976445,32
2,0,0,不使用 GP,2325,1,0.934,9.344487155865272,9.324664890083445,9.45892682867228,9.45892682867228,32
2,1,1,三个固定 GP 表达式的均值,2325,1,0.892,9.451603026035315,9.431481966378431,9.544536628796015,9.544536628796015,32
2,0,2,不使用 GP,2325,1,0.872,9.176786149953383,9.157341753143058,9.324944843604401,9.324944843604401,32
2,1,5,三个固定 GP 表达式的均值,2325,1,0.746,8.131896975691976,8.131898357370295,8.495837597662836,8.495837597662836,32
2,1,7,三个固定 GP 表达式的均值,2325,1,0.746,7.887199600250488,7.887199633243832,8.300237240507004,8.300237240507004,32
2,3,5,三个固定 GP 表达式的均值,2350,1,0.796,8.68178886603055,8.664159383412963,8.930699985289266,8.930699985289266,32
2,3,6,三个固定 GP 表达式的均值,2350,1,0.862,8.920569369906975,8.902147373310985,9.121991685423314,9.121991685423314,32
2,0,0,不使用 GP,2350,1,0.938,9.408212956526546,9.38793384039629,9.50954200557576,9.50954200557576,32
2,1,1,三个固定 GP 表达式的均值,2350,1,0.952,9.543189342922776,9.522594575395996,9.617442584526122,9.617442584526122,32
2,0,2,不使用 GP,2350,1,0.972,9.637161528145079,9.616122515545133,9.692363351632585,9.692363351632585,32
2,0,3,不使用 GP,2350,1,0.84,8.605429539882172,8.58794366146467,8.869774405018074,8.869774405018074,32
2,1,7,三个固定 GP 表达式的均值,2350,1,0.842,8.824767069507464,8.82661778053865,9.062407670576256,9.062407670576256,32
2,3,5,三个固定 GP 表达式的均值,2375,1,0.87,9.1030496399176,9.0841721655318,9.266591708678082,9.266591708678082,32
2,3,6,三个固定 GP 表达式的均值,2375,1,0.922,9.489364308907811,9.485435032922243,9.589891182515126,9.589891182515126,32
2,0,3,不使用 GP,2375,1,0.892,8.695850493851983,8.677737489958451,8.941668786384284,8.941668786384284,32
2,1,5,三个固定 GP 表达式的均值,2375,1,0.89,9.303555570390506,9.295503407568782,9.437623438404545,9.437623438404545,32
2,1,7,三个固定 GP 表达式的均值,2375,1,0.866,8.96849108871685,8.949840593647325,9.160424418196326,9.160424418196326,32
2,3,5,三个固定 GP 表达式的均值,2400,1,0.948,9.582158227122596,9.56167467594116,9.64899111667723,9.64899111667723,32
2,3,6,三个固定 GP 表达式的均值,2400,1,0.96,9.680107274949115,9.681991171062919,9.747247991013364,9.747247991013364,32
2,0,3,不使用 GP,2400,1,0.84,8.975702903286507,8.956942116116693,9.164926442977329,9.164926442977329,32
2,1,5,三个固定 GP 表达式的均值,2400,1,0.896,9.54409303749111,9.531150619420158,9.625429111073702,9.625429111073702,32
2,1,7,三个固定 GP 表达式的均值,2400,1,0.88,9.377580560326646,9.35760425999915,9.485513001646984,9.485513001646984,32
2,2,5,三个固定 GP 表达式的均值,2425,1,0.774,8.148879378353474,8.154871676180752,8.518382980839,8.518382980839,32
2,1,2,三个固定 GP 表达式的均值,2425,1,0.8,8.273547175915704,8.273547576343324,8.61156666848787,8.61156666848787,32
2,1,3,三个固定 GP 表达式的均值,2425,1,0.742,7.6622663588435405,7.66226685412506,8.11864770578265,8.11864770578265,32
2,1,4,三个固定 GP 表达式的均值,2425,1,0.786,8.199566949370544,8.199566495194894,8.550753315944498,8.550753315944498,32
2,0,6,不使用 GP,2425,1,0.758,7.491421499419852,7.491420533217315,7.9808091173409395,7.9808091173409395,32
2,2,5,三个固定 GP 表达式的均值,2450,1,0.826,8.893886948640372,8.875654530576947,9.099693525294038,9.099693525294038,32
2,0,2,不使用 GP,2450,1,0.978,9.726492322926715,9.704762915124176,9.763331032693097,9.763331032693097,30
2,1,2,三个固定 GP 表达式的均值,2450,1,0.864,9.166531980095762,9.147372332875362,9.317089472217672,9.317089472217672,32
2,0,3,不使用 GP,2450,1,0.856,9.241763849016868,9.22231806134616,9.377108229483115,9.377108229483115,32
2,1,3,三个固定 GP 表达式的均值,2450,1,0.836,8.991694722547228,8.973206570974957,9.177802847984655,9.177802847984655,32
2,0,6,不使用 GP,2450,1,0.786,8.193559031114699,8.189051706410222,8.55380937897233,8.55380937897233,32
2,1,7,三个固定 GP 表达式的均值,2450,1,0.972,10.021652724573599,10.057493448307204,10.048091570818753,10.048091570818753,32
2,2,5,三个固定 GP 表达式的均值,2475,1,0.964,9.683198190311089,9.66249658848781,9.72983373424459,9.72983373424459,32
2,1,2,三个固定 GP 表达式的均值,2475,1,0.878,9.32662973871332,9.306770268199129,9.444843325858596,9.444843325858596,32
2,1,3,三个固定 GP 表达式的均值,2475,1,0.9,9.254020407703015,9.234443693588098,9.386891722378385,9.386891722378385,32
2,1,4,三个固定 GP 表达式的均值,2475,1,0.91,9.411482383896569,9.391592130600213,9.512928831161274,9.512928831161274,32
2,0,6,不使用 GP,2475,1,0.798,8.18093909329053,8.182278189504869,8.548704357455641,8.548704357455641,32
2,1,7,三个固定 GP 表达式的均值,2500,1,0.984,9.813604557361053,9.791701724821964,9.835006725320175,9.835006725320175,31
2,1,0,三个固定 GP 表达式的均值,2525,1,0.758,8.191237902896399,8.196778874846979,8.549367645293446,8.549367645293446,32
2,0,7,不使用 GP,2525,1,0.714,7.185468625571208,7.18546871776186,7.734002381713062,7.734002381713062,32
2,3,0,三个固定 GP 表达式的均值,2550,1,0.796,8.57442400865945,8.55676757288697,8.844060687157024,8.844060687157024,32
2,2,3,三个固定 GP 表达式的均值,2550,1,0.908,9.182774484679287,9.163791465947497,9.331313155494003,9.331313155494003,32
2,3,4,三个固定 GP 表达式的均值,2550,1,0.83,8.725828983641938,8.707967242038581,8.965268397347701,8.965268397347701,32
2,1,0,三个固定 GP 表达式的均值,2550,1,0.852,9.086980400748022,9.068315107791557,9.254626928422846,9.254626928422846,32
2,0,6,不使用 GP,2550,1,0.938,9.507422710611225,9.486950831374044,9.590961301650934,9.590961301650934,32
2,0,7,不使用 GP,2550,1,0.776,7.85195788499693,7.836201682361495,8.269680300031471,8.269680300031471,32
2,1,7,三个固定 GP 表达式的均值,2550,1,0.992,9.851096217457554,9.829112106519675,9.863004843555945,9.863004843555945,27
2,3,0,三个固定 GP 表达式的均值,2575,1,0.86,8.928763234193102,8.910189928849823,9.129836479518106,9.129836479518106,32
2,2,3,三个固定 GP 表达式的均值,2575,1,0.938,9.448939490104738,9.428803554810035,9.542337901679877,9.542337901679877,32
2,3,4,三个固定 GP 表达式的均值,2575,1,0.908,9.231424062654796,9.211997023283462,9.368708866957524,9.368708866957524,32
2,0,7,不使用 GP,2575,1,0.79,8.105276614836818,8.088937464810291,8.476976538171325,8.476976538171325,32
2,1,3,三个固定 GP 表达式的均值,2600,1,0.994,9.880090825323661,9.858119219920047,9.886243697733278,9.886243697733278,28
2,0,6,不使用 GP,2600,1,0.976,10.073064577313321,10.136176994419618,10.11115494538871,10.11115494538871,32
2,1,7,三个固定 GP 表达式的均值,2600,1,0.972,9.663315320203555,9.641852316451155,9.712863212177805,9.712863212177805,31
2,3,0,三个固定 GP 表达式的均值,2625,1,0.99,9.80501159973518,9.783729295749463,9.826650430292418,9.826650430292418,32
2,2,2,三个固定 GP 表达式的均值,2625,1,0.822,8.205054796725635,8.211711917441896,8.563269160893782,8.563269160893782,32
2,2,3,三个固定 GP 表达式的均值,2625,1,0.992,9.810497080192274,9.788763873281978,9.830660852961529,9.830660852961529,29
2,2,4,三个固定 GP 表达式的均值,2625,1,0.8,7.9033244330620835,7.9033261417167875,8.31406776684116,8.31406776684116,32
2,2,7,三个固定 GP 表达式的均值,2625,1,0.788,7.872731899817571,7.878728690886554,8.294143293866192,8.294143293866192,32
2,3,7,三个固定 GP 表达式的均值,2625,1,0.806,8.134285805645012,8.140534002930803,8.505887596652109,8.505887596652109,32
2,0,1,不使用 GP,2625,1,0.754,7.453348559351432,7.459340764872301,7.955768422361351,7.955768422361351,32
2,1,6,三个固定 GP 表达式的均值,2625,1,0.764,8.106235852132082,8.111817113715627,8.483173183059629,8.483173183059629,32
2,0,7,不使用 GP,2625,1,0.818,9.005577677324755,8.986855722224668,9.190919671605897,9.190919671605897,32
2,2,2,三个固定 GP 表达式的均值,2650,1,0.884,9.01708516712608,8.998174250552037,9.197773571548428,9.197773571548428,32
2,2,4,三个固定 GP 表达式的均值,2650,1,0.816,8.763085649206799,8.745019693383203,8.995014578597667,8.995014578597667,32
2,3,4,三个固定 GP 表达式的均值,2650,1,0.98,9.715059236078185,9.693484473281755,9.754303739610194,9.754303739610194,25
2,3,6,三个固定 GP 表达式的均值,2650,2,0.982,10.874268118927619,11.12165461329777,10.900234199989821,10.900234199989821,29
2,2,7,三个固定 GP 表达式的均值,2650,1,0.816,8.948534258526482,8.951223209824409,9.161722348407972,9.161722348407972,32
2,3,7,三个固定 GP 表达式的均值,2650,1,0.858,8.794584264422516,8.78250023830449,9.029559678419238,9.029559678419238,32
2,0,1,不使用 GP,2650,1,0.76,7.99782159564802,7.981613247282833,8.384988481845326,8.384988481845326,32
2,1,5,三个固定 GP 表达式的均值,2650,2,0.94,9.62751508733839,9.606206807390196,9.684323471388073,9.684323471388073,32
2,0,7,不使用 GP,2650,1,0.882,9.695570709337488,9.760902475367272,9.81044743454184,9.81044743454184,32
2,2,2,三个固定 GP 表达式的均值,2675,1,0.896,9.078778403319745,9.059438780332354,9.247503668128426,9.247503668128426,32
2,2,4,三个固定 GP 表达式的均值,2675,1,0.932,9.48647591380726,9.466330245470576,9.573550454510876,9.573550454510876,32
2,2,7,三个固定 GP 表达式的均值,2675,1,0.874,9.21237180666351,9.224714407251803,9.381034503364507,9.381034503364507,32
2,3,7,三个固定 GP 表达式的均值,2675,1,0.828,9.28752012409258,9.34021152519905,9.4759046939856,9.4759046939856,32
2,0,1,不使用 GP,2675,1,0.772,8.39771959942482,8.380743569693292,8.70350866195388,8.70350866195388,32
2,1,4,三个固定 GP 表达式的均值,2675,2,0.932,9.237956833323967,9.217552818752058,9.37275507780569,9.37275507780569,18
2,1,6,三个固定 GP 表达式的均值,2675,1,0.92,9.608150061579199,9.601367152491603,9.68212232270197,9.68212232270197,32
2,2,2,三个固定 GP 表达式的均值,2700,1,0.98,9.693978847061194,9.672949657468799,9.737906937380325,9.737906937380325,31
2,3,4,三个固定 GP 表达式的均值,2700,1,0.976,9.775269892545516,9.753571127077377,9.802427150061268,9.802427150061268,28
2,2,7,三个固定 GP 表达式的均值,2700,1,0.948,9.578353661069103,9.557636997095523,9.646639549986089,9.646639549986089,32
2,3,7,三个固定 GP 表达式的均值,2700,1,0.97,9.505420835264642,9.485146164455706,9.588979571261039,9.588979571261039,32
2,0,1,不使用 GP,2700,1,0.884,9.014302677982876,8.995402422757751,9.195297230734319,9.195297230734319,32
2,1,6,三个固定 GP 表达式的均值,2700,1,0.984,9.750836358921818,9.729516176302322,9.784198601754428,9.784198601754428,32
2,0,7,不使用 GP,2700,1,0.986,9.775566780816433,9.754153478829185,9.804922446737999,9.804922446737999,32
2,3,1,三个固定 GP 表达式的均值,2725,1,0.708,7.683964316800818,7.689595120245443,8.138809125608066,8.138809125608066,32
2,3,2,三个固定 GP 表达式的均值,2725,1,0.762,8.197300578249083,8.202956852836959,8.554376682408991,8.554376682408991,32
2,2,6,三个固定 GP 表达式的均值,2725,1,0.782,8.039093397398753,8.044778146737615,8.426061156284764,8.426061156284764,32
2,0,4,不使用 GP,2725,1,0.744,7.248582470204556,7.248582217776453,7.785315125617884,7.785315125617884,32
2,0,5,不使用 GP,2725,1,0.744,7.504212547244961,7.510227174017058,7.996198305836179,7.996198305836179,32
2,1,7,三个固定 GP 表达式的均值,2725,1,0.986,9.81079029955849,9.789223481969161,9.830988128583467,9.830988128583467,32
2,3,0,三个固定 GP 表达式的均值,2750,1,0.972,9.712233213026037,9.690578588087256,9.751909993073278,9.751909993073278,29
2,3,2,三个固定 GP 表达式的均值,2750,1,0.764,8.388221872029339,8.371135018403075,8.695878972887444,8.695878972887444,32
2,2,3,三个固定 GP 表达式的均值,2750,1,0.98,9.799768408903553,9.778029090794034,9.822038216328343,9.822038216328343,27
2,3,3,三个固定 GP 表达式的均值,2750,1,0.806,8.633577758699944,8.615985925972657,8.892201222518565,8.892201222518565,32
2,2,6,三个固定 GP 表达式的均值,2750,1,0.868,9.053261748958732,9.034613519776462,9.226982720026387,9.226982720026387,32
2,2,7,三个固定 GP 表达式的均值,2750,1,0.974,10.0719648934857,10.126778690961691,10.103559045949787,10.103559045949787,32
2,3,7,三个固定 GP 表达式的均值,2750,1,0.928,10.07216363708363,10.162904155472066,10.132487504845141,10.132487504845141,32
2,0,1,不使用 GP,2750,1,0.904,9.283647727077486,9.26366019149368,9.409878804035614,9.409878804035614,32
2,0,4,不使用 GP,2750,1,0.832,8.322918835510011,8.306046485648192,8.643942602722621,8.643942602722621,32
2,0,5,不使用 GP,2750,1,0.788,7.977050485945349,7.961026244712535,8.368076868018003,8.368076868018003,32
2,3,2,三个固定 GP 表达式的均值,2775,1,0.828,8.820306827643838,8.802118667016753,9.041460868101451,9.041460868101451,32
2,3,3,三个固定 GP 表达式的均值,2775,1,0.876,9.03939591050288,9.020485353661515,9.21574744349909,9.21574744349909,32
2,2,6,三个固定 GP 表达式的均值,2775,1,0.96,9.533088459951928,9.512555910484787,9.609565433596082,9.609565433596082,32
2,0,4,不使用 GP,2775,1,0.886,8.843911112175524,8.825508307845526,9.059746657210786,9.059746657210786,32
2,0,5,不使用 GP,2775,1,0.8,8.106396987414627,8.089889520676055,8.471030448632208,8.471030448632208,32
2,2,2,三个固定 GP 表达式的均值,2800,1,0.954,9.773579997052652,9.751848650094724,9.801055985879314,9.801055985879314,29
2,3,4,三个固定 GP 表达式的均值,2800,1,0.984,9.832640547423269,9.81094042704736,9.848419725938601,9.848419725938601,32
2,0,1,不使用 GP,2800,1,0.986,9.647636774488642,9.626458343221628,9.700635942907077,9.700635942907077,32
2,3,0,三个固定 GP 表达式的均值,2825,1,0.974,9.742482892005969,9.721156145544228,9.776442027985404,9.776442027985404,32
2,0,0,不使用 GP,2825,1,0.754,7.59221924961735,7.604200286285455,8.072719820139357,8.072719820139357,32
2,3,1,三个固定 GP 表达式的均值,2850,1,0.99,9.81838549931207,9.796590869806415,9.83692797930872,9.83692797930872,21
2,0,0,不使用 GP,2850,1,0.736,8.163587232113963,8.157103892449182,8.526786587057488,8.526786587057488,32
2,0,2,不使用 GP,2850,1,0.788,7.836913903887183,7.8211112647387315,8.256023239894859,8.256023239894859,32
2,3,7,三个固定 GP 表达式的均值,2875,2,0.922,9.633365178760437,9.61223166485196,9.689149582116292,9.689149582116292,32
2,0,0,不使用 GP,2875,1,0.798,8.22110485894113,8.204470994517397,8.563546625745085,8.563546625745085,32
2,0,2,不使用 GP,2875,1,0.832,8.401161810684282,8.394145651659523,8.717334336358482,8.717334336358482,32
2,2,2,三个固定 GP 表达式的均值,2925,1,0.98,9.772067791671748,9.750522108841613,9.79998426630402,9.79998426630402,32
2,0,0,不使用 GP,2925,1,0.84,8.703798304557187,8.685731132441163,8.947940243607965,8.947940243607965,32
2,0,2,不使用 GP,2925,1,0.89,8.974581534764267,8.965785376653825,9.173693874361394,9.173693874361394,32
2,0,7,不使用 GP,2925,2,0.91,9.393254408769359,9.3726243699457,9.497112992733063,9.497112992733063,32
2,3,5,三个固定 GP 表达式的均值,2950,1,0.814,8.753974294246671,8.736133766121828,8.988881694854426,8.988881694854426,32
2,0,0,不使用 GP,2950,1,0.892,9.498538092040377,9.478252839006634,9.581873420580513,9.581873420580513,32
2,0,5,不使用 GP,2950,1,0.992,9.859669737418159,9.837636238585578,9.86982146924975,9.86982146924975,26
2,2,1,三个固定 GP 表达式的均值,2975,1,0.982,9.715563185596599,9.694349248814424,9.755039013478259,9.755039013478259,32
2,3,5,三个固定 GP 表达式的均值,2975,1,0.858,8.865233186702604,8.846844713425666,9.077154923785619,9.077154923785619,32
2,3,2,三个固定 GP 表达式的均值,3000,1,0.994,9.840465996955015,9.818896323933412,9.854802068908777,9.854802068908777,32
2,2,0,三个固定 GP 表达式的均值,3025,1,0.834,8.333234016274075,8.338839154460636,8.666451042664995,8.666451042664995,32
2,2,5,三个固定 GP 表达式的均值,3025,1,0.764,8.04103195989564,8.041033443585775,8.424129196264342,8.424129196264342,32
2,2,6,三个固定 GP 表达式的均值,3025,1,0.976,10.047645753459342,10.106063740802238,10.087026321262057,10.087026321262057,32
2,1,1,三个固定 GP 表达式的均值,3025,1,0.768,8.014794049662413,8.014795617463648,8.401565106329114,8.401565106329114,32
2,1,3,三个固定 GP 表达式的均值,3025,1,0.76,7.838468758794326,7.838468676155447,8.258682856299915,8.258682856299915,32
2,1,4,三个固定 GP 表达式的均值,3025,1,0.78,8.094707032695915,8.094706935503803,8.465556287727736,8.465556287727736,32
2,1,7,三个固定 GP 表达式的均值,3025,1,0.756,8.039825566509343,8.039826817186293,8.422158381495057,8.422158381495057,32
2,2,0,三个固定 GP 表达式的均值,3050,1,0.832,8.919254302795455,8.900802973707401,9.119901351533843,9.119901351533843,32
2,2,5,三个固定 GP 表达式的均值,3050,1,0.858,9.1083423889509,9.099159655645789,9.281304640669163,9.281304640669163,32
2,3,6,三个固定 GP 表达式的均值,3050,1,0.854,8.803955008945788,8.79165567315517,9.033708633384443,9.033708633384443,32
2,1,1,三个固定 GP 表达式的均值,3050,1,0.888,9.104848024273537,9.086129063374873,9.268350258535499,9.268350258535499,32
2,0,3,不使用 GP,3050,1,0.776,8.085421821176574,8.075108870869625,8.463225093611289,8.463225093611289,32
2,1,3,三个固定 GP 表达式的均值,3050,1,0.792,8.698073872871987,8.680317361091195,8.944017299608932,8.944017299608932,32
2,1,4,三个固定 GP 表达式的均值,3050,1,0.89,9.106869469150743,9.088016104564433,9.26989187451097,9.26989187451097,32
2,1,7,三个固定 GP 表达式的均值,3050,1,0.814,8.712573238931023,8.69464262473035,8.956297932764187,8.956297932764187,32
2,2,0,三个固定 GP 表达式的均值,3075,1,0.948,9.554945363902242,9.540145654664695,9.632813435631775,9.632813435631775,32
2,2,5,三个固定 GP 表达式的均值,3075,1,0.87,9.13085627402588,9.111797013558219,9.288855956662793,9.288855956662793,32
2,3,6,三个固定 GP 表达式的均值,3075,1,0.93,9.431252812189586,9.411025120238024,9.530242879854063,9.530242879854063,32
2,1,1,三个固定 GP 表达式的均值,3075,1,0.96,9.69853318500698,9.677539413942084,9.741615882605952,9.741615882605952,32
2,0,3,不使用 GP,3075,1,0.834,8.213148171726676,8.204579082151637,8.567068756068307,8.567068756068307,32
2,1,3,三个固定 GP 表达式的均值,3075,1,0.828,8.89945390255898,8.88086144706233,9.10414504734002,9.10414504734002,32
2,1,4,三个固定 GP 表达式的均值,3075,1,0.898,9.319028118654625,9.299226887566318,9.438806258952662,9.438806258952662,32
2,1,7,三个固定 GP 表达式的均值,3075,1,0.858,8.954941406501433,8.936465057456184,9.150287800069446,9.150287800069446,32
2,3,0,三个固定 GP 表达式的均值,3125,1,0.742,7.963564401593456,7.963563923547129,8.3582676127045,8.3582676127045,32
2,2,3,三个固定 GP 表达式的均值,3125,1,0.762,8.159451714467568,8.159451206959263,8.518295303400539,8.518295303400539,32
2,3,4,三个固定 GP 表达式的均值,3125,1,0.756,8.106500241010036,8.1127058933576,8.480828132337347,8.480828132337347,32
2,0,0,不使用 GP,3125,2,0.782,7.751902716774408,7.735067436567893,8.186701779596405,8.186701779596405,19
2,1,0,三个固定 GP 表达式的均值,3125,1,0.796,8.1261485128493,8.126148414112283,8.491028366747463,8.491028366747463,32
2,1,5,三个固定 GP 表达式的均值,3125,1,0.738,7.645770718741038,7.645771207297259,8.10268702468152,8.10268702468152,32
2,0,6,不使用 GP,3125,1,0.78,7.5564641380475095,7.556463670549512,8.0348125292585,8.0348125292585,32
2,3,0,三个固定 GP 表达式的均值,3150,1,0.81,8.45350633226034,8.436181511808309,8.74788954839446,8.74788954839446,32
2,2,3,三个固定 GP 表达式的均值,3150,1,0.866,9.00739192115583,8.988643985748729,9.190225503993874,9.190225503993874,32
2,3,4,三个固定 GP 表达式的均值,3150,1,0.834,8.748111699503294,8.741786427935974,8.99695445575157,8.99695445575157,32
2,0,0,不使用 GP,3150,1,0.962,9.570823400473767,9.550099839589103,9.639361803560375,9.639361803560375,32
2,0,2,不使用 GP,3150,2,0.962,9.496998559631306,9.47614935852575,9.580062360069947,9.580062360069947,32
2,1,2,三个固定 GP 表达式的均值,3150,1,0.838,8.792608543870006,8.77462870778261,9.01900522761339,9.01900522761339,32
2,0,3,不使用 GP,3150,1,0.874,8.792539890809667,8.77407306015125,9.017994430964011,9.017994430964011,32
2,1,3,三个固定 GP 表达式的均值,3150,1,0.972,9.77473867136143,9.753038565471094,9.802020338121329,9.802020338121329,32
2,1,5,三个固定 GP 表达式的均值,3150,1,0.802,8.78162869214806,8.763633120076257,9.009845272140733,9.009845272140733,32
2,1,7,三个固定 GP 表达式的均值,3150,1,0.986,9.809869293724745,9.788229177191454,9.830238375132826,9.830238375132826,32
2,3,0,三个固定 GP 表达式的均值,3175,1,0.864,8.973134800552874,8.954500879041653,9.16341292977755,9.16341292977755,32
2,2,3,三个固定 GP 表达式的均值,3175,1,0.962,9.543397124248623,9.523107753754724,9.618106364947021,9.618106364947021,32
2,3,4,三个固定 GP 表达式的均值,3175,1,0.87,9.062105435252029,9.04331152438837,9.23403647052757,9.23403647052757,32
2,1,0,三个固定 GP 表达式的均值,3175,1,0.93,9.621081407563057,9.600787599202011,9.680341317161869,9.680341317161869,32
2,1,2,三个固定 GP 表达式的均值,3175,1,0.882,9.244249515434232,9.23025923684102,9.385707445654587,9.385707445654587,32
2,1,5,三个固定 GP 表达式的均值,3175,1,0.844,8.965733951358068,8.947122823989242,9.157005900307105,9.157005900307105,32
2,0,6,不使用 GP,3175,1,0.78,8.280897786537706,8.263897641585611,8.610550034914567,8.610550034914567,32
2,0,3,不使用 GP,3200,1,0.932,9.452044561571425,9.431755110543932,9.544697751728544,9.544697751728544,32
2,2,2,三个固定 GP 表达式的均值,3225,1,0.812,8.208657486706098,8.208658623444606,8.557813295685206,8.557813295685206,32
2,2,4,三个固定 GP 表达式的均值,3225,1,0.798,8.075187946074927,8.075188825344458,8.450440538390293,8.450440538390293,32
2,2,7,三个固定 GP 表达式的均值,3225,1,0.808,8.330814526469418,8.33644870884446,8.66337267219981,8.66337267219981,32
2,3,7,三个固定 GP 表达式的均值,3225,1,0.754,7.925389373047785,7.931042595079193,8.335313932503484,8.335313932503484,32
2,1,2,三个固定 GP 表达式的均值,3225,1,0.974,9.788518302332637,9.767010320735624,9.813244619238224,9.813244619238224,32
2,1,5,三个固定 GP 表达式的均值,3225,1,0.878,9.360234600299417,9.34044979417821,9.472038419416824,9.472038419416824,32
2,0,6,不使用 GP,3225,1,0.874,9.090996773476432,9.071682535676766,9.256490732949997,9.256490732949997,32
2,0,7,不使用 GP,3225,1,0.74,7.353354365365411,7.353353535175045,7.872098619370267,7.872098619370267,32
2,2,2,三个固定 GP 表达式的均值,3250,1,0.912,9.222997302808949,9.20377361467562,9.363152993731777,9.363152993731777,32
2,2,7,三个固定 GP 表达式的均值,3250,1,0.836,8.962600091770812,8.975932196849428,9.182246569626374,9.182246569626374,32
2,3,7,三个固定 GP 表达式的均值,3250,1,0.832,8.815102343271796,8.814353573440307,9.05522932746246,9.05522932746246,32
2,1,5,三个固定 GP 表达式的均值,3250,1,0.97,9.698070467193759,9.677131617559079,9.741284012190699,9.741284012190699,32
2,0,6,不使用 GP,3250,1,0.898,9.201948200690444,9.182204943977213,9.34720714104561,9.34720714104561,32
2,0,7,不使用 GP,3250,1,0.8,8.277157992347053,8.29749563518997,8.64358527270829,8.64358527270829,32
2,2,2,三个固定 GP 表达式的均值,3275,1,0.95,9.580646936722435,9.559998428663446,9.647470128067866,9.647470128067866,32
2,2,4,三个固定 GP 表达式的均值,3275,1,0.928,9.54866325784876,9.528057610509606,9.621780009763638,9.621780009763638,32
2,2,7,三个固定 GP 表达式的均值,3275,1,0.894,9.29542966420046,9.336091808862017,9.472152474077317,9.472152474077317,32
2,3,7,三个固定 GP 表达式的均值,3275,1,0.808,8.919254538796558,8.90068429992503,9.121197515319103,9.121197515319103,32
2,1,1,三个固定 GP 表达式的均值,3275,2,0.872,8.643773232829245,8.62477541950775,8.898323595236546,8.898323595236546,17
2,1,4,三个固定 GP 表达式的均值,3275,2,0.936,9.580888901318477,9.559805826782183,9.647082407934837,9.647082407934837,32
2,0,7,不使用 GP,3275,1,0.81,8.506316596627311,8.489133779244233,8.792744097694444,8.792744097694444,32
2,2,2,三个固定 GP 表达式的均值,3300,1,0.994,9.854934122584348,9.833171147448514,9.866253054323664,9.866253054323664,29
2,2,7,三个固定 GP 表达式的均值,3300,1,0.96,9.889468168442093,9.936591421248304,9.951159165065588,9.951159165065588,32
2,3,7,三个固定 GP 表达式的均值,3300,1,0.886,9.240551935863369,9.221323571992208,9.37845382002412,9.37845382002412,32
2,1,5,三个固定 GP 表达式的均值,3300,1,0.992,9.860813516397185,9.838892073846,9.870840697866468,9.870840697866468,30
2,0,6,不使用 GP,3300,1,0.992,10.011862042550916,10.047675844890332,10.040202055482158,10.040202055482158,32
2,0,7,不使用 GP,3300,1,0.846,8.97631717003421,8.957599206675688,9.167835586371925,9.167835586371925,32
2,0,4,不使用 GP,3325,1,0.74,7.488334395561275,7.488334071162938,7.979976913762676,7.979976913762676,32
2,0,5,不使用 GP,3325,1,0.756,7.449048106799598,7.449048390260218,7.94674977407462,7.94674977407462,32
2,3,1,三个固定 GP 表达式的均值,3350,1,0.854,8.826619568848692,8.808618195787886,9.046906846105887,9.046906846105887,32
2,3,2,三个固定 GP 表达式的均值,3350,1,0.826,8.997748834716402,8.979025309557732,9.182851109486926,9.182851109486926,32
2,3,3,三个固定 GP 表达式的均值,3350,1,0.846,8.893369257738144,8.87512103462936,9.09946976679944,9.09946976679944,32
2,3,6,三个固定 GP 表达式的均值,3350,2,0.936,10.768408482652157,11.033024322423193,10.829152234373055,10.829152234373055,32
2,0,1,不使用 GP,3350,1,0.792,8.108124742682225,8.091819801779288,8.47302046663195,8.47302046663195,32
2,0,3,不使用 GP,3350,2,0.946,9.66669811512635,9.64553083030991,9.71582757071985,9.71582757071985,32
2,0,4,不使用 GP,3350,1,0.836,8.276502442883936,8.270820074122033,8.619214155065855,8.619214155065855,32
2,0,5,不使用 GP,3350,1,0.796,8.089037825071392,8.072788426286106,8.458034717055114,8.458034717055114,32
2,1,6,三个固定 GP 表达式的均值,3350,1,0.862,9.073608446426437,9.054672564406033,9.243363645814814,9.243363645814814,32
2,0,7,不使用 GP,3350,1,0.894,9.749467684483436,9.841618906546309,9.87516218312485,9.87516218312485,32
2,3,1,三个固定 GP 表达式的均值,3375,1,0.88,9.089036710779395,9.070027322464725,9.255098448948917,9.255098448948917,32
2,3,2,三个固定 GP 表达式的均值,3375,1,0.874,9.395344152936802,9.375301217194218,9.499813174631411,9.499813174631411,32
2,3,3,三个固定 GP 表达式的均值,3375,1,0.846,8.998034389692826,8.979285302109387,9.183137309607307,9.183137309607307,32
2,0,1,不使用 GP,3375,1,0.77,8.111131724448578,8.09481291421296,8.475871152287832,8.475871152287832,32
2,0,4,不使用 GP,3375,1,0.822,8.628674542555633,8.610914252544386,8.888292927355591,8.888292927355591,32
2,1,4,三个固定 GP 表达式的均值,3375,1,0.99,9.8291017232437,9.807318613592681,9.845513825195644,9.845513825195644,32
2,1,6,三个固定 GP 表达式的均值,3375,1,0.894,9.414103940311259,9.416475815059727,9.534888212096533,9.534888212096533,32
2,0,7,不使用 GP,3400,1,0.918,9.515636285356951,9.495127232275088,9.59766698799024,9.59766698799024,32
2,2,6,三个固定 GP 表达式的均值,3425,1,0.784,8.233035474902588,8.250195330563123,8.597972831769257,8.597972831769257,32
2,2,6,三个固定 GP 表达式的均值,3450,1,0.838,8.789551087156948,8.77132107377148,9.016651181087452,9.016651181087452,32
2,2,7,三个固定 GP 表达式的均值,3450,1,0.982,9.842493534638011,9.820567220325294,9.858050980056877,9.858050980056877,26
2,0,1,不使用 GP,3450,1,0.952,9.336829352424868,9.31703215869384,9.452925246265925,9.452925246265925,32
2,0,5,不使用 GP,3450,1,0.842,9.216092858613454,9.196617090106935,9.358399816764944,9.358399816764944,32
2,2,6,三个固定 GP 表达式的均值,3475,1,0.906,9.220748146224912,9.201458973179243,9.361916297955567,9.361916297955567,32
2,3,1,三个固定 GP 表达式的均值,3500,1,0.988,9.8215021849829,9.799602703771551,9.839335765042847,9.839335765042847,25
2,3,3,三个固定 GP 表达式的均值,3500,1,0.986,9.810282611051973,9.788408051707442,9.830351604664296,9.830351604664296,21
2,0,1,不使用 GP,3500,1,0.99,9.827751997506992,9.806012785513854,9.844469083202295,9.844469083202295,30
2,0,5,不使用 GP,3500,1,0.852,9.228302350647205,9.208816133492675,9.367918215767613,9.367918215767613,32
2,2,1,三个固定 GP 表达式的均值,3525,1,0.74,7.935690411852477,7.9356919115173365,8.336577484215706,8.336577484215706,32
2,3,5,三个固定 GP 表达式的均值,3550,1,0.864,8.934986209260488,8.922326841682528,9.139663512477672,9.139663512477672,32
2,3,7,三个固定 GP 表达式的均值,3550,2,0.858,9.190224988732522,9.170075641041537,9.334737980916831,9.334737980916831,32
2,0,2,不使用 GP,3550,1,0.802,8.1550123458096,8.13849343229523,8.510425551802403,8.510425551802403,32
2,0,5,不使用 GP,3550,1,0.98,9.698439578468328,9.677167138198424,9.741256398011231,9.741256398011231,32
2,2,1,三个固定 GP 表达式的均值,3575,1,0.972,9.7283843666954,9.707643157823279,9.765707715798042,9.765707715798042,32
2,3,5,三个固定 GP 表达式的均值,3575,1,0.898,9.088535226284792,9.06942786980797,9.254761345719064,9.254761345719064,32
2,0,2,不使用 GP,3575,1,0.812,8.340342093946072,8.323367769149081,8.65974481010129,8.65974481010129,32
2,0,5,不使用 GP,3575,1,0.988,9.833672116536887,9.811785067823765,9.849105868085614,9.849105868085614,31
2,3,5,三个固定 GP 表达式的均值,3600,1,0.924,9.50721331841235,9.486692353970577,9.588628339456845,9.588628339456845,32
2,0,2,不使用 GP,3600,1,0.808,8.640694064102803,8.622750928773096,8.897719496488914,8.897719496488914,32
2,2,0,三个固定 GP 表达式的均值,3625,1,0.778,7.9395165236211165,7.939517518999529,8.3402547314746,8.3402547314746,32
2,2,5,三个固定 GP 表达式的均值,3625,1,0.772,7.846307845659312,7.84630965806654,8.265328071397787,8.265328071397787,32
2,0,0,不使用 GP,3625,1,0.76,7.5840425343450955,7.584040170854314,8.052876720992005,8.052876720992005,32
2,1,3,三个固定 GP 表达式的均值,3625,1,0.76,8.012877779680297,8.01287793809622,8.399833610186734,8.399833610186734,32
2,3,5,三个固定 GP 表达式的均值,3650,1,0.992,9.860520918722019,9.838638479328338,9.870629897492517,9.870629897492517,28
2,0,0,不使用 GP,3650,1,0.83,8.155140934173565,8.138551254159813,8.511354321123804,8.511354321123804,32
2,0,2,不使用 GP,3650,1,0.932,9.150246618718187,9.130742040738049,9.303660476271226,9.303660476271226,32
2,1,3,三个固定 GP 表达式的均值,3650,1,0.77,8.640627964833268,8.622945547974062,8.89777126072143,8.89777126072143,32
2,2,0,三个固定 GP 表达式的均值,3675,1,0.96,9.607904911679862,9.61372586452748,9.694776429936883,9.694776429936883,32
2,2,5,三个固定 GP 表达式的均值,3675,1,0.936,9.483804056962164,9.463704877831443,9.5704159363358,9.5704159363358,32
2,0,0,不使用 GP,3675,1,0.82,8.388855929268374,8.37164527417315,8.69823882188839,8.69823882188839,32
2,1,3,三个固定 GP 表达式的均值,3675,1,0.798,8.652336203942292,8.634473356552885,8.906689873866268,8.906689873866268,32
2,0,2,不使用 GP,3700,1,0.968,9.666233738402811,9.64487098230229,9.715350080929264,9.715350080929264,32
2,3,0,三个固定 GP 表达式的均值,3725,1,0.764,8.0860854285195,8.086085476754578,8.458673204431118,8.458673204431118,32
2,2,3,三个固定 GP 表达式的均值,3725,1,0.77,8.093584279953122,8.093584420483104,8.464819236135197,8.464819236135197,32
2,3,4,三个固定 GP 表达式的均值,3725,1,0.762,7.9033764114608775,7.909043507100856,8.318990886693008,8.318990886693008,32
2,3,6,三个固定 GP 表达式的均值,3725,1,0.774,8.166005483607059,8.166006125374116,8.524896173779135,8.524896173779135,32
2,1,0,三个固定 GP 表达式的均值,3725,1,0.778,8.051622094205287,8.05717447803975,8.43700018667134,8.43700018667134,32
2,1,1,三个固定 GP 表达式的均值,3725,1,0.732,8.1691742480129,8.169175684089792,8.524742098445794,8.524742098445794,32
2,1,2,三个固定 GP 表达式的均值,3725,1,0.768,8.042049830159792,8.042050463172657,8.422947485413783,8.422947485413783,32
2,0,3,不使用 GP,3725,1,0.72,7.398203997851526,7.398203956433415,7.903358837332473,7.903358837332473,32
2,1,4,三个固定 GP 表达式的均值,3725,1,0.768,8.182771381515012,8.192149870123844,8.545656815760234,8.545656815760234,32
2,1,5,三个固定 GP 表达式的均值,3725,1,0.754,8.120774030476126,8.12686730844719,8.491684173829622,8.491684173829622,32
2,0,6,不使用 GP,3725,1,0.74,7.065490064296142,7.077230872089645,7.646080920853496,7.646080920853496,32
2,1,7,三个固定 GP 表达式的均值,3725,1,0.748,7.844939266583256,7.84493893298837,8.264465319445284,8.264465319445284,32
2,3,0,三个固定 GP 表达式的均值,3750,1,0.804,8.5985642189397,8.580862748123288,8.863695292221625,8.863695292221625,32
2,2,3,三个固定 GP 表达式的均值,3750,1,0.874,9.046229820910886,9.027489584565592,9.221223841056931,9.221223841056931,32
2,3,4,三个固定 GP 表达式的均值,3750,1,0.812,8.83331029612932,8.81513718757832,9.05254469987534,9.05254469987534,32
2,3,6,三个固定 GP 表达式的均值,3750,1,0.84,8.928611348712618,8.910182077632104,9.128464845258403,9.128464845258403,32
2,0,0,不使用 GP,3750,1,0.95,9.530982909067026,9.510559045722207,9.607793728011888,9.607793728011888,32
2,1,0,三个固定 GP 表达式的均值,3750,1,0.81,8.579251332299087,8.56895134582965,8.856516134648906,8.856516134648906,32
2,1,1,三个固定 GP 表达式的均值,3750,1,0.83,9.040723814165432,9.027616368744212,9.223060363899357,9.223060363899357,32
2,1,2,三个固定 GP 表达式的均值,3750,1,0.798,8.68828190008231,8.676207838487619,8.941698789511891,8.941698789511891,32
2,0,3,不使用 GP,3750,1,0.826,8.314156970592736,8.297343836197784,8.637156411269903,8.637156411269903,32
2,1,3,三个固定 GP 表达式的均值,3750,1,0.994,9.753715822892534,9.732153892285115,9.785307487136292,9.785307487136292,32
2,1,4,三个固定 GP 表达式的均值,3750,1,0.848,9.098001533542314,9.079045322734544,9.263624054239147,9.263624054239147,32
2,1,5,三个固定 GP 表达式的均值,3750,1,0.776,8.621975636984416,8.610201528177296,8.88846061484055,8.88846061484055,32
2,1,7,三个固定 GP 表达式的均值,3750,1,0.772,8.558129405600045,8.557974312559262,8.8497417159203,8.8497417159203,32
2,3,0,三个固定 GP 表达式的均值,3775,1,0.878,9.210528580535346,9.198615547208014,9.360459504602545,9.360459504602545,32
2,2,3,三个固定 GP 表达式的均值,3775,1,0.898,9.371580251103813,9.35179658395206,9.480580986351894,9.480580986351894,32
2,3,4,三个固定 GP 表达式的均值,3775,1,0.886,9.215475246930994,9.196035831071937,9.35657925607155,9.35657925607155,32
2,3,6,三个固定 GP 表达式的均值,3775,1,0.928,9.313698251526858,9.309620515598823,9.448181429044237,9.448181429044237,32
2,1,0,三个固定 GP 表达式的均值,3775,1,0.864,9.076517449682418,9.057721161105611,9.24550279325581,9.24550279325581,32
2,1,1,三个固定 GP 表达式的均值,3775,1,0.914,9.335213073663823,9.315569033913071,9.45196982852452,9.45196982852452,32
2,1,2,三个固定 GP 表达式的均值,3775,1,0.826,8.815721122821001,8.803543262417884,9.043815272081755,9.043815272081755,32
2,0,3,不使用 GP,3775,1,0.834,8.43851342253473,8.421222452996476,8.738446957209518,8.738446957209518,32
2,1,4,三个固定 GP 表达式的均值,3775,1,0.91,9.456567968195861,9.43652522078821,9.550609574007007,9.550609574007007,32
2,1,5,三个固定 GP 表达式的均值,3775,1,0.796,8.994760723758029,8.976222924864457,9.181550738612277,9.181550738612277,32
2,0,6,不使用 GP,3775,1,0.824,8.595322298908897,8.577474242598877,8.86327875330061,8.86327875330061,32
2,1,7,三个固定 GP 表达式的均值,3775,1,0.84,8.91800878016928,8.91397294462733,9.131877704248566,9.131877704248566,32
2,1,3,三个固定 GP 表达式的均值,3800,1,0.976,9.71583444948942,9.694280289037446,9.754900785887449,9.754900785887449,27
2,3,0,三个固定 GP 表达式的均值,3825,1,0.954,9.55134348565988,9.530646456869203,9.623928881431405,9.623928881431405,32
2,2,2,三个固定 GP 表达式的均值,3825,1,0.76,7.970040024939126,7.975733755740991,8.372454094882128,8.372454094882128,32
2,2,3,三个固定 GP 表达式的均值,3825,1,0.982,9.78012899660431,9.758474975845797,9.806375120199334,9.806375120199334,25
2,3,4,三个固定 GP 表达式的均值,3825,1,0.988,9.85030455534158,9.828649729567827,9.862633559471435,9.862633559471435,27
2,3,6,三个固定 GP 表达式的均值,3825,1,0.994,9.82785393958961,9.806009254971904,9.846597482743839,9.846597482743839,31
2,1,0,三个固定 GP 表达式的均值,3825,1,0.974,9.76007557687809,9.738481469455328,9.790379268785259,9.790379268785259,31
2,1,2,三个固定 GP 表达式的均值,3825,1,0.946,9.489839385972386,9.469571031009481,9.57531167864261,9.57531167864261,32
2,0,3,不使用 GP,3825,1,0.926,9.428036603263035,9.407883587717606,9.52562057666739,9.52562057666739,32
2,1,4,三个固定 GP 表达式的均值,3825,1,0.992,9.829604830211983,9.807770389717154,9.845893607738553,9.845893607738553,28
2,1,5,三个固定 GP 表达式的均值,3825,1,0.858,9.299823429632742,9.280205037816492,9.423607636457287,9.423607636457287,32
2,0,6,不使用 GP,3825,1,0.902,9.342121614847617,9.32221784035427,9.458897249999094,9.458897249999094,32
2,1,7,三个固定 GP 表达式的均值,3825,1,0.922,9.44687529601022,9.435486147908806,9.551805702073324,9.551805702073324,32
2,2,2,三个固定 GP 表达式的均值,3850,1,0.87,8.906096977328634,8.887627072057507,9.109162473722561,9.109162473722561,32
2,2,4,三个固定 GP 表达式的均值,3850,1,0.916,9.356820604285543,9.337314221690379,9.469512561884292,9.469512561884292,32
2,1,5,三个固定 GP 表达式的均值,3850,1,0.956,9.65351470230774,9.63257835049411,9.70556638469527,9.70556638469527,32
2,1,7,三个固定 GP 表达式的均值,3850,1,0.988,10.171106014987283,10.244258053638331,10.198808149356204,10.198808149356204,32
2,2,2,三个固定 GP 表达式的均值,3875,1,0.918,9.37871515691795,9.358764757879163,9.486281308262281,9.486281308262281,32
2,2,4,三个固定 GP 表达式的均值,3875,1,0.982,9.819364404216248,9.797736715301511,9.837887505382007,9.837887505382007,28
2,3,0,三个固定 GP 表达式的均值,3900,1,0.99,9.81159758661454,9.78968218658901,9.831381970470254,9.831381970470254,25
2,2,2,三个固定 GP 表达式的均值,3900,1,0.988,9.834103739271447,9.81256969554865,9.849747531770763,9.849747531770763,21
2,2,6,三个固定 GP 表达式的均值,3900,2,0.994,9.859106685736876,9.837165528897856,9.871351188289827,9.871351188289827,17
2,0,6,不使用 GP,3900,1,0.994,9.995581954170483,10.025591114197402,10.022499877244666,10.022499877244666,31
2,1,7,三个固定 GP 表达式的均值,3900,1,0.982,9.876224178836113,9.854200245021222,9.885100297450336,9.885100297450336,27
2,3,1,三个固定 GP 表达式的均值,3925,1,0.76,8.067082071805565,8.067080807690974,8.445165283103977,8.445165283103977,32
2,3,2,三个固定 GP 表达式的均值,3925,1,0.726,8.031256315169028,8.03693182932765,8.421820460639495,8.421820460639495,32
2,0,1,不使用 GP,3925,1,0.734,7.463835785771555,7.463836229033824,7.9553495439963955,7.9553495439963955,32
2,1,6,三个固定 GP 表达式的均值,3925,1,0.762,7.963280681608525,7.969399385780163,8.366257215616578,8.366257215616578,32
2,0,7,不使用 GP,3925,1,0.728,7.566888341571748,7.584616991603037,8.059542896822329,8.059542896822329,32
2,3,1,三个固定 GP 表达式的均值,3950,1,0.824,8.859785681378597,8.841706122520002,9.07300204948075,9.07300204948075,32
2,3,2,三个固定 GP 表达式的均值,3950,1,0.804,8.560178798691314,8.542786860599312,8.83355540722531,8.83355540722531,32
2,3,7,三个固定 GP 表达式的均值,3950,1,0.82,8.783567733212898,8.796702138951746,9.038568373878347,9.038568373878347,32
2,0,1,不使用 GP,3950,1,0.784,8.104392724689239,8.087980133589586,8.470875150859646,8.470875150859646,32
2,0,4,不使用 GP,3950,1,0.768,8.030148886044966,8.020054939991667,8.418709615335601,8.418709615335601,32
2,1,5,三个固定 GP 表达式的均值,3950,1,0.982,9.767656180412366,9.745991350836212,9.796346013812624,9.796346013812624,28
2,0,7,不使用 GP,3950,1,0.81,8.23980796783074,8.223315322078378,8.57883876907984,8.57883876907984,32
2,1,7,三个固定 GP 表达式的均值,3950,1,0.988,9.870713128881958,9.84897821582207,9.880922908326058,9.880922908326058,31
2,3,1,三个固定 GP 表达式的均值,3975,1,0.938,9.390183557608731,9.3700845424897,9.495362340195486,9.495362340195486,32
2,3,2,三个固定 GP 表达式的均值,3975,1,0.87,9.014719340843058,8.995940050939181,9.196050322544954,9.196050322544954,32
2,2,3,三个固定 GP 表达式的均值,3975,2,0.844,8.910304914377528,8.890822821184537,9.11073067982768,9.11073067982768,32
2,1,0,三个固定 GP 表达式的均值,3975,2,0.922,9.391730353632083,9.371020190457932,9.49571899304282,9.49571899304282,32
2,0,1,不使用 GP,3975,1,0.79,8.374627907549216,8.35738708150942,8.684846847300184,8.684846847300184,32
2,1,2,三个固定 GP 表达式的均值,3975,2,0.946,9.575179481608233,9.554164159062825,9.642597889549986,9.642597889549986,32
2,1,6,三个固定 GP 表达式的均值,3975,1,0.884,9.178493346200161,9.159301215336125,9.327953393712058,9.327953393712058,32
2,0,7,不使用 GP,3975,1,0.764,7.991269370047285,7.975168682380523,8.384112275556193,8.384112275556193,32
2,3,0,三个固定 GP 表达式的均值,4000,1,0.944,9.673838614165577,9.652625867254196,9.7213824782695,9.7213824782695,32
2,1,1,三个固定 GP 表达式的均值,4000,1,0.986,9.799742403778627,9.777925168059026,9.821945996107562,9.821945996107562,24
2,2,7,三个固定 GP 表达式的均值,4025,1,0.782,8.011658140626524,8.018261420323524,8.405393681670585,8.405393681670585,32
2,0,3,不使用 GP,4025,1,0.978,9.629574295595722,9.608299690889764,9.685938442711093,9.685938442711093,32
2,3,1,三个固定 GP 表达式的均值,4050,1,0.994,9.838466117541447,9.816598608542941,9.852960010152017,9.852960010152017,28
2,3,3,三个固定 GP 表达式的均值,4050,1,0.832,8.89986692478096,8.890398970102112,9.112968263029103,9.112968263029103,32
2,2,7,三个固定 GP 表达式的均值,4050,1,0.832,8.93035873738713,8.912013912744856,9.130729871354838,9.130729871354838,32
2,0,1,不使用 GP,4050,1,0.98,9.64264264314492,9.62145757635643,9.696581637339538,9.696581637339538,32
2,1,1,三个固定 GP 表达式的均值,4050,2,0.892,8.84198591337174,8.822540038398543,9.056317074504008,9.056317074504008,7
2,1,6,三个固定 GP 表达式的均值,4050,1,0.992,9.850524739049934,9.828602228166814,9.863594503323396,9.863594503323396,30
2,0,7,不使用 GP,4050,1,0.892,9.400303225233168,9.380581673604457,9.505816497613461,9.505816497613461,32
2,2,7,三个固定 GP 表达式的均值,4075,1,0.892,9.374842144593009,9.394843967015124,9.522115667618573,9.522115667618573,32
2,0,3,不使用 GP,4075,2,0.988,9.79194010341194,9.77017022652665,9.815747736051234,9.815747736051234,18
2,0,6,不使用 GP,4075,1,0.976,9.751021730438243,9.729619781210038,9.785248932543482,9.785248932543482,32
2,3,7,三个固定 GP 表达式的均值,4100,1,0.99,9.864761246037938,9.842743203451313,9.87392789035305,9.87392789035305,28
2,0,7,不使用 GP,4100,1,0.986,10.286198445191314,10.373406365438935,10.30134394935145,10.30134394935145,29
2,2,1,三个固定 GP 表达式的均值,4125,1,0.786,8.22802235286728,8.228023109395844,8.572707533756686,8.572707533756686,32
2,2,7,三个固定 GP 表达式的均值,4125,1,0.992,9.851660027061579,9.829664549933382,9.866774391086084,9.866774391086084,32
2,0,2,不使用 GP,4125,1,0.734,7.254080318564716,7.254080333258447,7.793172545010855,7.793172545010855,32
2,2,1,三个固定 GP 表达式的均值,4150,1,0.834,8.82111801280632,8.803045217108151,9.041221726045114,9.041221726045114,32
2,2,7,三个固定 GP 表达式的均值,4150,1,0.98,9.957850595484675,9.992867115421657,9.996233062358867,9.996233062358867,30
2,0,2,不使用 GP,4150,1,0.78,8.036864299236209,8.02057127779276,8.416047146248651,8.416047146248651,32
2,0,2,不使用 GP,4175,1,0.798,8.03540054905954,8.018991356065538,8.415467233923657,8.415467233923657,32
2,0,4,不使用 GP,4175,1,0.978,9.793232338958521,9.771840024971944,9.817073316623588,9.817073316623588,32
2,0,7,不使用 GP,4175,1,0.98,9.765119204163438,9.743439752872883,9.794300815423732,9.794300815423732,29
2,2,7,三个固定 GP 表达式的均值,4200,1,0.972,9.742375248358899,9.72064954678926,9.777971147467587,9.777971147467587,31
2,3,7,三个固定 GP 表达式的均值,4200,1,0.994,9.845208767193405,9.823526801009928,9.858531896653979,9.858531896653979,32
2,0,2,不使用 GP,4200,1,0.808,8.664838126311,8.647052052211341,8.918822955668315,8.918822955668315,32
2,2,0,三个固定 GP 表达式的均值,4225,1,0.77,7.894547279686325,7.89454572737768,8.304460381459881,8.304460381459881,32
2,2,5,三个固定 GP 表达式的均值,4225,1,0.774,8.08523165259905,8.085232656797242,8.45924326235174,8.45924326235174,32
2,3,5,三个固定 GP 表达式的均值,4225,1,0.798,8.0713675609032,8.078247360982111,8.452768479464183,8.452768479464183,32
2,2,6,三个固定 GP 表达式的均值,4225,1,0.782,8.418361018129568,8.43562187962687,8.744511886888173,8.744511886888173,32
2,1,3,三个固定 GP 表达式的均值,4225,1,0.768,7.8544964450795876,7.8544968513565525,8.27197167832795,8.27197167832795,32
2,0,5,不使用 GP,4225,1,0.772,7.5305430437709475,7.53751574965895,8.020173787161308,8.020173787161308,32
2,2,5,三个固定 GP 表达式的均值,4250,1,0.796,8.40137894072082,8.384192788887146,8.705277316601851,8.705277316601851,32
2,3,5,三个固定 GP 表达式的均值,4250,1,0.844,8.963173402503987,8.94479197806648,9.155292427774178,9.155292427774178,32
2,2,6,三个固定 GP 表达式的均值,4250,1,0.834,9.094097219973614,9.106624916117772,9.288603484078646,9.288603484078646,32
2,0,2,不使用 GP,4250,1,0.894,9.159267891234892,9.139807601165584,9.310730421827945,9.310730421827945,32
2,1,3,三个固定 GP 表达式的均值,4250,1,0.82,8.770129440149725,8.752187679779038,9.000880423739355,9.000880423739355,32
2,0,5,不使用 GP,4250,1,0.83,8.200625800421218,8.184059219889173,8.547575474014208,8.547575474014208,32
2,1,6,三个固定 GP 表达式的均值,4250,2,0.982,10.691661427160502,10.909652259624101,10.731292924927693,10.731292924927693,23
2,2,0,三个固定 GP 表达式的均值,4275,1,0.876,9.048288470374082,9.029321675177,9.223910443375821,9.223910443375821,32
2,3,3,三个固定 GP 表达式的均值,4275,2,0.898,9.403620444478213,9.382910144913291,9.505324513258707,9.505324513258707,32
2,3,5,三个固定 GP 表达式的均值,4275,1,0.856,9.196351105993186,9.176940041942675,9.340847694259681,9.340847694259681,32
2,2,6,三个固定 GP 表达式的均值,4275,1,0.88,9.323199945145483,9.345764017490778,9.478034131084373,9.478034131084373,32
2,1,3,三个固定 GP 表达式的均值,4275,1,0.888,9.176655433327747,9.157463546589984,9.325138431886085,9.325138431886085,32
2,0,5,不使用 GP,4275,1,0.83,8.42247343582844,8.405354225987491,8.724114268939179,8.724114268939179,32
2,0,2,不使用 GP,4300,1,0.952,9.561363916431398,9.540744503585682,9.631970108789488,9.631970108789488,32
2,2,3,三个固定 GP 表达式的均值,4325,1,0.796,8.21292932437934,8.212929349490238,8.56118414980843,8.56118414980843,32
2,3,4,三个固定 GP 表达式的均值,4325,1,0.762,7.950353053978685,7.956667220065219,8.355115092782238,8.355115092782238,32
2,0,0,不使用 GP,4325,1,0.744,7.145803950349284,7.15179344822387,7.708009519833016,7.708009519833016,32
2,1,4,三个固定 GP 表达式的均值,4325,1,0.79,8.335723172173909,8.347392809804429,8.672617739705617,8.672617739705617,32
2,1,5,三个固定 GP 表达式的均值,4325,1,0.76,8.111788960331724,8.117360295110862,8.485413169087499,8.485413169087499,32
2,3,0,三个固定 GP 表达式的均值,4350,1,0.836,8.702770415465016,8.68486130850639,8.947357133907408,8.947357133907408,32
2,2,3,三个固定 GP 表达式的均值,4350,1,0.91,9.406811448023308,9.387112558142153,9.509135124369388,9.509135124369388,32
2,3,4,三个固定 GP 表达式的均值,4350,1,0.836,8.765724834871007,8.747707827124108,8.997354238443744,8.997354238443744,32
2,3,5,三个固定 GP 表达式的均值,4350,1,0.992,9.822947195614967,9.801386793260772,9.840780546444247,9.840780546444247,30
2,0,0,不使用 GP,4350,1,0.804,7.9455754107281615,7.929565742411086,8.343158870922805,8.343158870922805,32
2,1,2,三个固定 GP 表达式的均值,4350,1,0.806,8.768815693732295,8.750824538046047,8.999999159770713,8.999999159770713,32
2,1,4,三个固定 GP 表达式的均值,4350,1,0.816,8.789110809818958,8.770911091239851,9.01683768943757,9.01683768943757,32
2,0,5,不使用 GP,4350,1,0.97,9.64936308309134,9.628247829034903,9.70200677095549,9.70200677095549,32
2,1,5,三个固定 GP 表达式的均值,4350,1,0.822,8.810186746359808,8.79222634845141,9.034343621700726,9.034343621700726,32
2,3,4,三个固定 GP 表达式的均值,4375,1,0.866,9.131448163534001,9.112281747747877,9.289188574799065,9.289188574799065,32
2,0,0,不使用 GP,4375,1,0.82,8.461489481238889,8.453353616549075,8.764224659222917,8.764224659222917,32
2,1,2,三个固定 GP 表达式的均值,4375,1,0.864,9.209305048153128,9.18984223447382,9.351745354633131,9.351745354633131,32
2,1,4,三个固定 GP 表达式的均值,4375,1,0.856,8.924025487714507,8.905385206111353,9.123503688341968,9.123503688341968,32
2,1,5,三个固定 GP 表达式的均值,4375,1,0.834,9.027742060467281,9.009058276761543,9.207440191753339,9.207440191753339,32
2,0,5,不使用 GP,4400,1,0.992,9.841414182654441,9.819417409324457,9.855217660028144,9.855217660028144,25
2,2,4,三个固定 GP 表达式的均值,4425,1,0.808,8.049736637227369,8.057188022820032,8.439622796987676,8.439622796987676,32
2,0,0,不使用 GP,4425,1,0.95,9.111153358926837,9.092193231665467,9.273544755792019,9.273544755792019,32
2,1,1,三个固定 GP 表达式的均值,4425,1,0.766,8.012234503970284,8.012236159763354,8.398912270209536,8.398912270209536,32
2,0,3,不使用 GP,4425,1,0.708,7.27743756125911,7.277438336908374,7.808248822026279,7.808248822026279,32
2,1,4,三个固定 GP 表达式的均值,4425,1,0.944,9.646048017910463,9.625378045822519,9.69978098457923,9.69978098457923,32
2,1,5,三个固定 GP 表达式的均值,4425,1,0.994,9.828675693111505,9.806988158594967,9.845283221499203,9.845283221499203,30
2,2,4,三个固定 GP 表达式的均值,4450,1,0.832,8.793716324501947,8.77546799118533,9.019691413310001,9.019691413310001,32
2,3,4,三个固定 GP 表达式的均值,4450,1,0.98,9.781959787734838,9.760164041053251,9.807714146450735,9.807714146450735,32
2,0,0,不使用 GP,4450,1,0.976,9.693960622706504,9.672814102016863,9.737747309538827,9.737747309538827,32
2,1,1,三个固定 GP 表达式的均值,4450,1,0.778,8.521225632099306,8.503725588665528,8.801708043237495,8.801708043237495,32
2,0,3,不使用 GP,4450,1,0.756,8.00721296206883,7.991025210584829,8.391819028837569,8.391819028837569,32
2,0,6,不使用 GP,4450,1,0.84,8.064509247483478,8.056315355877691,8.446627356784745,8.446627356784745,32
2,1,7,三个固定 GP 表达式的均值,4450,1,0.826,8.761655545773262,8.743742814191107,8.99444972778587,8.99444972778587,32
2,2,4,三个固定 GP 表达式的均值,4475,1,0.894,9.345846782434265,9.32609676366009,9.460175352182647,9.460175352182647,32
2,0,3,不使用 GP,4475,1,0.816,8.565717451350492,8.548215820909968,8.837454077210104,8.837454077210104,32
2,0,6,不使用 GP,4475,1,0.798,8.251758266664039,8.244039030488368,8.598067407633703,8.598067407633703,32
2,1,7,三个固定 GP 表达式的均值,4475,1,0.87,9.140670532983954,9.1472204945411,9.3182628729689,9.3182628729689,32
2,2,3,三个固定 GP 表达式的均值,4500,1,0.99,9.83135308614233,9.809441236565544,9.84721262031857,9.84721262031857,11
2,2,4,三个固定 GP 表达式的均值,4500,1,0.994,9.812167970242875,9.79063592373855,9.832173478828176,9.832173478828176,28
2,3,5,三个固定 GP 表达式的均值,4500,2,0.942,9.578112314529823,9.556967753647175,9.644877937214288,9.644877937214288,32
2,1,1,三个固定 GP 表达式的均值,4500,1,0.878,9.12484366588294,9.105744367539053,9.283954774678907,9.283954774678907,32
2,0,3,不使用 GP,4500,1,0.852,8.78579859916121,8.767499713287632,9.013004879832252,9.013004879832252,32
2,0,6,不使用 GP,4500,1,0.864,8.851680720181013,8.858095295459686,9.08840555432887,9.08840555432887,32
2,1,7,三个固定 GP 表达式的均值,4500,1,0.884,9.386393409120178,9.366151144338916,9.494374543970542,9.494374543970542,32
2,3,2,三个固定 GP 表达式的均值,4525,1,0.758,7.634742607210132,7.63474288532153,8.096437634886188,8.096437634886188,32
2,2,6,三个固定 GP 表达式的均值,4525,2,0.924,9.4132129170871,9.392386473030877,9.515072357312672,9.515072357312672,32
2,3,6,三个固定 GP 表达式的均值,4525,1,0.772,7.926629881775968,7.926629543146035,8.330377306623074,8.330377306623074,32
2,0,4,不使用 GP,4525,1,0.732,7.489709324070981,7.505592182195469,7.994656441318815,7.994656441318815,32
2,3,1,三个固定 GP 表达式的均值,4550,1,0.778,8.561628283266165,8.5440869809099,8.83416171230704,8.83416171230704,32
2,2,2,三个固定 GP 表达式的均值,4550,1,0.846,8.769771145081096,8.751828094972462,9.001013863981907,9.001013863981907,32
2,3,2,三个固定 GP 表达式的均值,4550,1,0.782,8.447004365389875,8.429729400817617,8.743823038840926,8.743823038840926,32
2,3,6,三个固定 GP 表达式的均值,4550,1,0.818,8.788137087846668,8.77003614638735,9.01641431509877,9.01641431509877,32
2,1,1,三个固定 GP 表达式的均值,4550,1,0.982,9.824274690164335,9.802731190990173,9.841889778259409,9.841889778259409,32
2,1,3,三个固定 GP 表达式的均值,4550,2,0.974,9.712902804066985,9.69164727521562,9.752779463691164,9.752779463691164,32
2,1,7,三个固定 GP 表达式的均值,4550,1,0.968,10.060685989846046,10.11018554724393,10.090335653689252,10.090335653689252,32
2,3,1,三个固定 GP 表达式的均值,4575,1,0.876,9.126548104438847,9.10769427892726,9.285986042677916,9.285986042677916,32
2,2,2,三个固定 GP 表达式的均值,4575,1,0.868,9.033043476572281,9.020890808122143,9.219914109888553,9.219914109888553,32
2,3,2,三个固定 GP 表达式的均值,4575,1,0.864,9.040481765799303,9.021555488054155,9.216837515302943,9.216837515302943,32
2,3,6,三个固定 GP 表达式的均值,4575,1,0.862,8.984252973709513,8.985483919330203,9.18992015592129,9.18992015592129,32
2,0,4,不使用 GP,4575,1,0.81,8.391125451529916,8.373962483224616,8.698788811279103,8.698788811279103,32
2,1,1,三个固定 GP 表达式的均值,4600,1,0.986,9.795807552276317,9.774016899407734,9.818813182767144,9.818813182767144,27
2,0,3,不使用 GP,4600,1,0.994,9.759487229073262,9.738087767622202,9.790047756577291,9.790047756577291,31
2,2,7,三个固定 GP 表达式的均值,4625,1,0.782,7.933723290699053,7.951425493317287,8.353914417338375,8.353914417338375,32
2,1,6,三个固定 GP 表达式的均值,4625,1,0.796,8.31384755529212,8.322681458948026,8.650396357045807,8.650396357045807,32
2,0,7,不使用 GP,4625,1,0.74,7.280177287752724,7.292193930061833,7.822089993212992,7.822089993212992,32
2,2,7,三个固定 GP 表达式的均值,4650,1,0.802,8.758480053582183,8.750444307796293,9.001916307768097,9.001916307768097,32
2,3,7,三个固定 GP 表达式的均值,4650,1,0.802,8.738981679829713,8.751689461852342,9.003379519787188,9.003379519787188,32
2,1,0,三个固定 GP 表达式的均值,4650,1,0.818,8.614297418536381,8.604037906875005,8.88285806506922,8.88285806506922,32
2,0,1,不使用 GP,4650,1,0.756,7.967181418360561,7.951028826369902,8.360044703187683,8.360044703187683,32
2,1,6,三个固定 GP 表达式的均值,4650,1,0.892,9.156866000369686,9.13797161845036,9.311483371063119,9.311483371063119,32
2,0,7,不使用 GP,4650,1,0.744,8.19367007641441,8.220172919886473,8.584276632999222,8.584276632999222,32
2,1,7,三个固定 GP 表达式的均值,4650,1,0.986,10.47129676564815,10.618223548382716,10.497666291515648,10.497666291515648,24
2,2,7,三个固定 GP 表达式的均值,4675,1,0.882,9.191246443472753,9.17195054322723,9.338035863256714,9.338035863256714,32
2,1,0,三个固定 GP 表达式的均值,4675,1,0.872,8.990636700424393,8.971895032804014,9.17701334489552,9.17701334489552,32
2,0,1,不使用 GP,4675,1,0.796,8.055750902787246,8.039403177565829,8.430356104581607,8.430356104581607,32
2,1,6,三个固定 GP 表达式的均值,4675,1,0.886,9.408600673208365,9.388404592154524,9.51205705296721,9.51205705296721,32
2,0,7,不使用 GP,4675,1,0.808,8.5847174138846,8.629866553208094,8.908143003492167,8.908143003492167,32
2,3,3,三个固定 GP 表达式的均值,4725,1,0.76,8.306334044139065,8.317570126458254,8.646505831640987,8.646505831640987,32
2,3,7,三个固定 GP 表达式的均值,4725,1,0.92,9.873676471167387,9.920552200052612,9.938391694521444,9.938391694521444,32
2,1,0,三个固定 GP 表达式的均值,4725,1,0.91,9.42592013417849,9.405714592777665,9.523968528625112,9.523968528625112,32
2,0,1,不使用 GP,4725,1,0.79,8.661032575258469,8.64299763680633,8.913212172570246,8.913212172570246,32
2,0,6,不使用 GP,4725,1,0.962,9.675452174980249,9.654363489432198,9.72494557822517,9.72494557822517,32
2,0,7,不使用 GP,4725,1,0.832,9.191988366860931,9.28980176667246,9.435140280641756,9.435140280641756,32
2,3,3,三个固定 GP 表达式的均值,4750,1,0.808,8.763172163635641,8.745138670282834,8.996296563851418,8.996296563851418,32
2,3,6,三个固定 GP 表达式的均值,4750,1,0.98,10.478034645388977,10.640968997343593,10.515701732152328,10.515701732152328,24
2,3,7,三个固定 GP 表达式的均值,4750,1,0.95,10.123601588022579,10.194559668898936,10.157910871670907,10.157910871670907,32
2,0,1,不使用 GP,4750,1,0.896,8.879129314901032,8.86044937959164,9.08708782230508,9.08708782230508,32
2,1,1,三个固定 GP 表达式的均值,4750,1,0.964,9.661401281141973,9.645581669782992,9.716716274208752,9.716716274208752,32
2,0,3,不使用 GP,4750,2,0.962,9.662659541961599,9.641376564820186,9.712497179275163,9.712497179275163,32
2,0,7,不使用 GP,4750,1,0.886,9.028585934818697,9.009349739075136,9.206520942900081,9.206520942900081,32
2,3,2,三个固定 GP 表达式的均值,4775,1,0.988,9.798084135549752,9.776599564949919,9.820895009927378,9.820895009927378,32
2,3,3,三个固定 GP 表达式的均值,4775,1,0.83,8.749507431796253,8.731276768680283,8.985026666299767,8.985026666299767,32
2,1,7,三个固定 GP 表达式的均值,4775,2,0.882,9.202656461476389,9.182388037577663,9.344753489207402,9.344753489207402,32
2,3,3,三个固定 GP 表达式的均值,4800,1,0.92,9.216216384353919,9.19691669465001,9.356982832891772,9.356982832891772,32
2,0,1,不使用 GP,4800,1,0.98,9.704517777317209,9.683358083636513,9.74619059580756,9.74619059580756,32
2,2,0,三个固定 GP 表达式的均值,4825,1,0.824,8.189537812014418,8.200898742125757,8.556595438405068,8.556595438405068,32
2,2,1,三个固定 GP 表达式的均值,4825,1,0.76,8.0244939132373,8.024495425548787,8.40784945759201,8.40784945759201,32
2,2,6,三个固定 GP 表达式的均值,4825,1,0.782,8.295359677507204,8.29535918193664,8.630216071170949,8.630216071170949,32
2,0,2,不使用 GP,4825,1,0.752,7.173193454707293,7.173193328378344,7.725436661794234,7.725436661794234,32
2,1,4,三个固定 GP 表达式的均值,4825,1,0.772,8.24604258473436,8.246042884952697,8.588074869376191,8.588074869376191,32
2,0,5,不使用 GP,4825,1,0.748,7.5327508896799324,7.5387543057910795,8.018980585770082,8.018980585770082,32
2,2,0,三个固定 GP 表达式的均值,4850,1,0.888,9.186467182349327,9.182131613609934,9.34937350592938,9.34937350592938,32
2,2,1,三个固定 GP 表达式的均值,4850,1,0.864,8.986199055086928,8.967650847205967,9.1737260062932,9.1737260062932,32
2,3,3,三个固定 GP 表达式的均值,4850,1,0.98,9.722634890474888,9.701394596940588,9.760675944959079,9.760675944959079,32
2,2,6,三个固定 GP 表达式的均值,4850,1,0.864,8.89580377181649,8.877339347529992,9.101042653290524,9.101042653290524,32
2,0,2,不使用 GP,4850,1,0.82,8.439008972657701,8.429067222712506,8.743828163906446,8.743828163906446,32
2,1,4,三个固定 GP 表达式的均值,4850,1,0.828,8.885969276099038,8.867756305760247,9.093796270204125,9.093796270204125,32
2,2,0,三个固定 GP 表达式的均值,4875,1,0.94,9.734099409264859,9.745631723804385,9.80021736475982,9.80021736475982,32
2,2,1,三个固定 GP 表达式的均值,4875,1,0.986,9.574850039370498,9.55464605506957,9.643446370033296,9.643446370033296,32
2,2,6,三个固定 GP 表达式的均值,4875,1,0.928,9.387532680509258,9.367455279644792,9.495618505197779,9.495618505197779,32
2,1,0,三个固定 GP 表达式的均值,4875,2,0.884,9.283656900830357,9.26326148112873,9.409428247987833,9.409428247987833,32
2,0,2,不使用 GP,4875,1,0.812,8.491048719051545,8.473653005569568,8.77894764769795,8.77894764769795,32
2,1,4,三个固定 GP 表达式的均值,4875,1,0.892,9.317893790429952,9.29829145659845,9.438999007204266,9.438999007204266,32
2,0,5,不使用 GP,4875,1,0.836,8.831778049719373,8.813743874382153,9.050898934008071,9.050898934008071,32
2,3,3,三个固定 GP 表达式的均值,4900,1,0.986,9.758408390534836,9.736658113621903,9.788890150763411,9.788890150763411,31
2,2,3,三个固定 GP 表达式的均值,4925,1,0.776,8.164285538747267,8.170575077800397,8.528357743863355,8.528357743863355,32
2,3,4,三个固定 GP 表达式的均值,4925,1,0.742,7.789262099015553,7.789262009065035,8.22292226891384,8.22292226891384,32
2,2,5,三个固定 GP 表达式的均值,4925,1,0.764,7.753023603077965,7.7530243310820355,8.189519024809501,8.189519024809501,32
2,3,5,三个固定 GP 表达式的均值,4925,1,0.738,7.846187704264172,7.846187475564919,8.265155761349188,8.265155761349188,32
2,3,7,三个固定 GP 表达式的均值,4925,2,0.938,9.542559671270997,9.521650255127891,9.616511173606717,9.616511173606717,32
2,0,0,不使用 GP,4925,1,0.766,7.679625069420309,7.679625717484806,8.13201170508861,8.13201170508861,32
2,1,2,三个固定 GP 表达式的均值,4925,1,0.73,7.8387087734714695,7.844302883917408,8.26650911666479,8.26650911666479,32
2,1,3,三个固定 GP 表达式的均值,4925,1,0.808,8.062114230038622,8.062114874938395,8.438863832734459,8.438863832734459,32
2,2,3,三个固定 GP 表达式的均值,4950,1,0.866,8.939447580501346,8.920876122085135,9.13609177035649,9.13609177035649,32
2,3,4,三个固定 GP 表达式的均值,4950,1,0.842,8.667726564015728,8.650008023931624,8.919021410006136,8.919021410006136,32
2,2,5,三个固定 GP 表达式的均值,4950,1,0.878,8.730657046552166,8.728096694357221,8.987320549774994,8.987320549774994,32
2,3,5,三个固定 GP 表达式的均值,4950,1,0.848,8.757735462521762,8.739767206131772,8.99141803001857,8.99141803001857,32
2,0,0,不使用 GP,4950,1,0.804,8.214235408757407,8.197484009813136,8.556388912207968,8.556388912207968,32
2,0,2,不使用 GP,4950,1,0.952,9.646590854205774,9.62569002925981,9.700050372319948,9.700050372319948,32
2,1,3,三个固定 GP 表达式的均值,4950,1,0.804,8.83314309966066,8.815006565384317,9.051199280370378,9.051199280370378,32
2,0,5,不使用 GP,4950,1,0.93,9.526551695001576,9.50600948356779,9.604153186397337,9.604153186397337,32
2,1,5,三个固定 GP 表达式的均值,4950,1,0.858,8.807003744100587,8.796379832738332,9.03690641454165,9.03690641454165,32
2,2,3,三个固定 GP 表达式的均值,4975,1,0.994,9.801853146660074,9.780545085019407,9.824129361462601,9.824129361462601,32
2,3,3,三个固定 GP 表达式的均值,4975,1,0.992,9.83411505539752,9.812228310128909,9.84945575150577,9.84945575150577,31
2,3,4,三个固定 GP 表达式的均值,4975,1,0.894,9.121668827242129,9.102647577522676,9.28162441128964,9.28162441128964,32
2,3,5,三个固定 GP 表达式的均值,4975,1,0.878,8.987565898684545,8.968874742942678,9.175818581577264,9.175818581577264,32
2,0,0,不使用 GP,4975,1,0.878,8.778968020366094,8.760673450003877,9.008491576549053,9.008491576549053,32
2,1,2,三个固定 GP 表达式的均值,4975,1,0.914,9.210594402460588,9.191235572921117,9.353147121052642,9.353147121052642,32
2,1,3,三个固定 GP 表达式的均值,4975,1,0.85,9.186515026033733,9.167410776634526,9.333208259209272,9.333208259209272,32
2,1,5,三个固定 GP 表达式的均值,4975,1,0.942,9.428758777631666,9.408783507048764,9.52653022272683,9.52653022272683,32
2,2,1,三个固定 GP 表达式的均值,5000,1,0.988,9.826511628358176,9.804660377620431,9.843390270872042,9.843390270872042,29
