behavior,iteration,metric,mean,point_low,point_high,instances
三个固定 GP 表达式的均值,1,candidate_entropy,9.207700337242974,9.207683448594258,9.20771791570343,8
三个固定 GP 表达式的均值,1,candidate_effective_arcs,9973.634494254435,9973.467259665424,9973.812570486538,8
三个固定 GP 表达式的均值,1,candidate_gini,0.02215972187290027,0.02208069533165021,0.02223715451983744,8
三个固定 GP 表达式的均值,1,top500_mass,0.06295470305266343,0.06290460222174589,0.06300767640209654,8
三个固定 GP 表达式的均值,1,top2500_mass,0.2682346373192439,0.26816879954846967,0.26829921284546043,8
三个固定 GP 表达式的均值,1,floor_fraction,0.0,0.0,0.0,8
三个固定 GP 表达式的均值,1,source_edge_lift,1.219324825677114,1.218688615806522,1.2199782856798427,8
三个固定 GP 表达式的均值,1,current_best_edge_lift,1.219324825677114,1.2186681168030264,1.2199796466290762,8
三个固定 GP 表达式的均值,1,global_best_edge_lift,1.219324825677114,1.2186839781123218,1.2199738766507262,8
三个固定 GP 表达式的均值,1,reference_edge_lift,1.1658837180669634,1.1643141857647166,1.1675534750068313,8
三个固定 GP 表达式的均值,1,source_age,0.0,0.0,0.0,8
三个固定 GP 表达式的均值,1,post_unique_tours,32.0,32.0,32.0,8
三个固定 GP 表达式的均值,25,candidate_entropy,7.346276717340961,7.341981941246388,7.3501423504535595,8
三个固定 GP 表达式的均值,25,candidate_effective_arcs,1550.582539601674,1543.988689286642,1556.6247557624629,8
三个固定 GP 表达式的均值,25,candidate_gini,0.8654300906535423,0.8652088356567657,0.8656622887128862,8
三个固定 GP 表达式的均值,25,top500_mass,0.26335299116010213,0.25199243346406847,0.2748078094441826,8
三个固定 GP 表达式的均值,25,top2500_mass,0.9731318936852151,0.9730605678492529,0.97321043809311,8
三个固定 GP 表达式的均值,25,floor_fraction,0.0,0.0,0.0,8
三个固定 GP 表达式的均值,25,source_edge_lift,8.383954221075921,8.346567275585429,8.418030756121595,8
三个固定 GP 表达式的均值,25,current_best_edge_lift,7.937434924562178,7.876048489084968,8.009274637445815,8
三个固定 GP 表达式的均值,25,global_best_edge_lift,8.383954221075921,8.345941124571265,8.417168631548957,8
三个固定 GP 表达式的均值,25,reference_edge_lift,8.026665370697321,7.971555850912852,8.080423856079506,8
三个固定 GP 表达式的均值,25,top500_persistence,0.44217655474581014,0.4315625697414662,0.4527193839407445,8
三个固定 GP 表达式的均值,25,source_age,3.236111111111111,2.513888888888889,3.9027777777777777,8
三个固定 GP 表达式的均值,25,post_unique_tours,32.0,32.0,32.0,8
三个固定 GP 表达式的均值,50,candidate_entropy,7.12690480877729,7.117014807742363,7.136781962256629,8
三个固定 GP 表达式的均值,50,candidate_effective_arcs,1245.5092092174282,1233.3639102064844,1257.3706421758638,8
三个固定 GP 表达式的均值,50,candidate_gini,0.891995896697845,0.8917622980682665,0.8922209909365186,8
三个固定 GP 表达式的均值,50,top500_mass,0.38117555194180347,0.35174376947152397,0.4146345005973223,8
三个固定 GP 表达式的均值,50,top2500_mass,0.9925166846324176,0.9925126870185398,0.9925200624892784,8
三个固定 GP 表达式的均值,50,floor_fraction,0.8075305555555555,0.8039718055555556,0.8108555555555556,8
三个固定 GP 表达式的均值,50,source_edge_lift,9.109631156190712,9.05412989139497,9.167806404309195,8
三个固定 GP 表达式的均值,50,current_best_edge_lift,8.709014584982846,8.635009645493238,8.787521648565665,8
三个固定 GP 表达式的均值,50,global_best_edge_lift,9.109631156190712,9.054438246183402,9.168536724706769,8
三个固定 GP 表达式的均值,50,reference_edge_lift,8.38642271311649,8.285695026733345,8.492493825758645,8
三个固定 GP 表达式的均值,50,top500_persistence,0.5873729698859631,0.5749088706948834,0.5996280091498246,8
三个固定 GP 表达式的均值,50,source_age,5.486111111111111,4.458333333333334,6.625,8
三个固定 GP 表达式的均值,50,post_unique_tours,32.0,32.0,32.0,8
三个固定 GP 表达式的均值,75,candidate_entropy,7.07503826762042,7.058801913702594,7.091354752713537,8
三个固定 GP 表达式的均值,75,candidate_effective_arcs,1183.1156073043596,1164.4405420304868,1203.0022861775628,8
三个固定 GP 表达式的均值,75,candidate_gini,0.8925208661774614,0.89239774965605,0.8926326599646577,8
三个固定 GP 表达式的均值,75,top500_mass,0.4367702115438643,0.4026697190762962,0.4687434908809959,8
三个固定 GP 表达式的均值,75,top2500_mass,0.9925268442439137,0.9925193256625671,0.9925330682798577,8
三个固定 GP 表达式的均值,75,floor_fraction,0.8351541666666666,0.8263552083333333,0.8434222916666667,8
三个固定 GP 表达式的均值,75,source_edge_lift,9.405714965621094,9.328754529147378,9.485997405953707,8
三个固定 GP 表达式的均值,75,current_best_edge_lift,9.168971067443795,9.030054572791332,9.309740335235395,8
三个固定 GP 表达式的均值,75,global_best_edge_lift,9.405714965621094,9.330288957236704,9.486387706539537,8
三个固定 GP 表达式的均值,75,reference_edge_lift,8.44014526801877,8.307299960305526,8.577582092469608,8
三个固定 GP 表达式的均值,75,top500_persistence,0.6191711442828678,0.6134625843144897,0.6246319235139374,8
三个固定 GP 表达式的均值,75,source_age,6.722222222222222,5.388888888888889,8.36111111111111,8
三个固定 GP 表达式的均值,75,post_unique_tours,31.555555555555557,31.055555555555557,31.916666666666668,8
三个固定 GP 表达式的均值,100,candidate_entropy,7.028635408963616,7.0153852000026635,7.04418310239423,8
三个固定 GP 表达式的均值,100,candidate_effective_arcs,1129.3096125853658,1113.799031430743,1146.774035942261,8
三个固定 GP 表达式的均值,100,candidate_gini,0.8923671998298877,0.8922417111069894,0.8924961652305489,8
三个固定 GP 表达式的均值,100,top500_mass,0.47307498780550183,0.45113506950290444,0.48892457994919,8
三个固定 GP 表达式的均值,100,top2500_mass,0.9925438288737036,0.9925366547374853,0.9925499481857988,8
三个固定 GP 表达式的均值,100,floor_fraction,0.8637083333333333,0.8542375,0.8721517013888888,8
三个固定 GP 表达式的均值,100,source_edge_lift,9.609232978115546,9.532738943432964,9.682687475016582,8
三个固定 GP 表达式的均值,100,current_best_edge_lift,9.609232978115546,9.531963758109603,9.682227610061174,8
三个固定 GP 表达式的均值,100,global_best_edge_lift,9.66023464725221,9.598629399674817,9.718017902956218,8
三个固定 GP 表达式的均值,100,reference_edge_lift,8.468800870449556,8.296620005260479,8.64660533602598,8
三个固定 GP 表达式的均值,100,top500_persistence,0.6249837089167194,0.6167023300296338,0.6339274429852386,8
三个固定 GP 表达式的均值,100,source_age,0.0,0.0,0.0,8
三个固定 GP 表达式的均值,100,post_unique_tours,29.75,29.01388888888889,30.430555555555557,8
三个固定 GP 表达式的均值,125,candidate_entropy,7.003160078861409,6.993911354915331,7.014168052219469,8
三个固定 GP 表达式的均值,125,candidate_effective_arcs,1100.6577075765422,1090.1729367244577,1113.6242471545802,8
三个固定 GP 表达式的均值,125,candidate_gini,0.8918647917683926,0.8917023851868213,0.8920471155271615,8
三个固定 GP 表达式的均值,125,top500_mass,0.4919371359329041,0.4860487950693779,0.49760895223141866,8
三个固定 GP 表达式的均值,125,top2500_mass,0.9925536361298284,0.9925467738505579,0.9925583297768913,8
三个固定 GP 表达式的均值,125,floor_fraction,0.8814236111111111,0.8739010069444445,0.8876638888888888,8
三个固定 GP 表达式的均值,125,source_edge_lift,9.771142750454079,9.716662983492682,9.826283941790688,8
三个固定 GP 表达式的均值,125,current_best_edge_lift,9.771142750454079,9.717429153856889,9.826372925715626,8
三个固定 GP 表达式的均值,125,global_best_edge_lift,9.795277067772531,9.7548103582242,9.843648922245315,8
三个固定 GP 表达式的均值,125,reference_edge_lift,8.530019553191728,8.33985023980415,8.737410229991125,8
三个固定 GP 表达式的均值,125,top500_persistence,0.6023702990009756,0.5880122187471372,0.618498272413382,8
三个固定 GP 表达式的均值,125,source_age,0.0,0.0,0.0,8
三个固定 GP 表达式的均值,125,post_unique_tours,26.416666666666664,23.680555555555554,28.63888888888889,8
三个固定 GP 表达式的均值,150,candidate_entropy,6.988174123520858,6.984189801100261,6.993064455014288,8
三个固定 GP 表达式的均值,150,candidate_effective_arcs,1083.8375157195524,1079.4249876822555,1089.3867022415807,8
三个固定 GP 表达式的均值,150,candidate_gini,0.8915700012434131,0.891427412743717,0.8917602532967785,8
三个固定 GP 表达式的均值,150,top500_mass,0.4943830212948942,0.4870253946984306,0.4983969508660708,8
三个固定 GP 表达式的均值,150,top2500_mass,0.9925605761201641,0.9925551929065144,0.9925642034941496,8
三个固定 GP 表达式的均值,150,floor_fraction,0.8919263888888889,0.8878138888888889,0.8952291666666666,8
三个固定 GP 表达式的均值,150,source_edge_lift,9.872735186884611,9.846094332397087,9.906771434735065,8
三个固定 GP 表达式的均值,150,current_best_edge_lift,9.861818742385399,9.822613870452466,9.908263964137817,8
三个固定 GP 表达式的均值,150,global_best_edge_lift,9.872735186884611,9.846005934415325,9.907339335465142,8
三个固定 GP 表达式的均值,150,reference_edge_lift,8.580890330482907,8.373626389065718,8.806702411699348,8
三个固定 GP 表达式的均值,150,top500_persistence,0.5963989565226095,0.5798879362789306,0.6125734077901717,8
三个固定 GP 表达式的均值,150,source_age,7.069444444444445,4.222222222222221,10.916666666666666,8
三个固定 GP 表达式的均值,150,post_unique_tours,23.305555555555557,21.444444444444443,25.34722222222222,8
三个固定 GP 表达式的均值,175,candidate_entropy,6.982683513796642,6.9813222218386715,6.983844800036474,8
三个固定 GP 表达式的均值,175,candidate_effective_arcs,1077.8209400551348,1076.3736985055793,1079.0917137821616,8
三个固定 GP 表达式的均值,175,candidate_gini,0.8913927361694158,0.8913320742952515,0.8914553783064973,8
三个固定 GP 表达式的均值,175,top500_mass,0.49673580023438074,0.49576149977648887,0.4973867088097615,8
三个固定 GP 表达式的均值,175,top2500_mass,0.9925637324599765,0.9925614169071483,0.9925656263726249,8
三个固定 GP 表达式的均值,175,floor_fraction,0.8966944444444445,0.8955513888888889,0.8977236111111111,8
三个固定 GP 表达式的均值,175,source_edge_lift,9.911198490892524,9.879557536933255,9.950579598305806,8
三个固定 GP 表达式的均值,175,current_best_edge_lift,9.911198490892524,9.879446552954105,9.952076572110458,8
三个固定 GP 表达式的均值,175,global_best_edge_lift,9.92183133434389,9.870235027004743,9.97988711531313,8
三个固定 GP 表达式的均值,175,reference_edge_lift,8.632066584143848,8.424777263272944,8.860647481774715,8
三个固定 GP 表达式的均值,175,top500_persistence,0.6028045473515101,0.5935692969325074,0.6127977200853437,8
三个固定 GP 表达式的均值,175,source_age,0.0,0.0,0.0,8
三个固定 GP 表达式的均值,175,post_unique_tours,20.888888888888893,19.09722222222222,22.680555555555554,8
三个固定 GP 表达式的均值,200,candidate_entropy,6.981509545042222,6.980679790037028,6.982385779653756,8
三个固定 GP 表达式的均值,200,candidate_effective_arcs,1076.5512267538656,1075.6443560184553,1077.4975830511428,8
三个固定 GP 表达式的均值,200,candidate_gini,0.8913337121064571,0.891285188214846,0.8913896430769368,8
三个固定 GP 表达式的均值,200,top500_mass,0.4970018543998494,0.49670860419187357,0.49731418913390213,8
三个固定 GP 表达式的均值,200,top2500_mass,0.9925642130821578,0.9925622639502809,0.9925658126239523,8
三个固定 GP 表达式的均值,200,floor_fraction,0.8979722222222222,0.8975986111111112,0.8983249999999999,8
三个固定 GP 表达式的均值,200,source_edge_lift,9.922681823130592,9.883068502462425,9.991757711399103,8
三个固定 GP 表达式的均值,200,current_best_edge_lift,9.90674028271631,9.885581995443507,9.943097871717743,8
三个固定 GP 表达式的均值,200,global_best_edge_lift,9.922681823130592,9.88283087161491,9.9920001258885,8
三个固定 GP 表达式的均值,200,reference_edge_lift,8.674232843733835,8.464430955449032,8.907407286268743,8
三个固定 GP 表达式的均值,200,top500_persistence,0.6107198023527307,0.6014487172603945,0.6196058000421426,8
三个固定 GP 表达式的均值,200,source_age,13.73611111111111,11.875,15.38888888888889,8
三个固定 GP 表达式的均值,200,post_unique_tours,20.09722222222222,18.73611111111111,21.61111111111111,8
三个固定 GP 表达式的均值,225,candidate_entropy,6.980087618431668,6.979337159494195,6.981083650982912,8
三个固定 GP 表达式的均值,225,candidate_effective_arcs,1075.0165867624787,1074.2005971799754,1076.0920018663185,8
三个固定 GP 表达式的均值,225,candidate_gini,0.8912741839008952,0.8912074535470158,0.8913665855881523,8
三个固定 GP 表达式的均值,225,top500_mass,0.49668250093178934,0.4963037662348154,0.49719742044785226,8
三个固定 GP 表达式的均值,225,top2500_mass,0.9925647953593335,0.9925624210014264,0.9925664561518317,8
三个固定 GP 表达式的均值,225,floor_fraction,0.8986125,0.8981375,0.898975,8
三个固定 GP 表达式的均值,225,source_edge_lift,9.958994514205681,9.902069062061502,10.05025096376129,8
三个固定 GP 表达式的均值,225,current_best_edge_lift,9.958994514205681,9.902298932834874,10.049867524565327,8
三个固定 GP 表达式的均值,225,global_best_edge_lift,9.942855048739805,9.902185808824772,10.012020552518418,8
三个固定 GP 表达式的均值,225,reference_edge_lift,8.71616212090236,8.50137425348169,8.948778643114677,8
三个固定 GP 表达式的均值,225,top500_persistence,0.6157135624090606,0.6057088631555332,0.6248236983558152,8
三个固定 GP 表达式的均值,225,source_age,0.0,0.0,0.0,8
三个固定 GP 表达式的均值,225,post_unique_tours,18.055555555555557,16.59722222222222,20.36111111111111,8
三个固定 GP 表达式的均值,250,candidate_entropy,6.979386201424968,6.978638256841709,6.980151689503975,8
三个固定 GP 表达式的均值,250,candidate_effective_arcs,1074.2617616015166,1073.4607924479767,1075.0760780573314,8
三个固定 GP 表达式的均值,250,candidate_gini,0.8912379698177101,0.8911951573291906,0.8912801374273892,8
三个固定 GP 表达式的均值,250,top500_mass,0.4964734921147607,0.49624554782886693,0.49670981039648643,8
三个固定 GP 表达式的均值,250,top2500_mass,0.9925650688456797,0.9925629136365912,0.9925666557194928,8
三个固定 GP 表达式的均值,250,floor_fraction,0.8993111111111112,0.8989916666666666,0.8995972222222222,8
三个固定 GP 表达式的均值,250,source_edge_lift,9.939164698025504,9.898104018936941,9.998927475967808,8
三个固定 GP 表达式的均值,250,current_best_edge_lift,9.94344624898184,9.898220040659849,10.024754262335595,8
三个固定 GP 表达式的均值,250,global_best_edge_lift,9.939164698025504,9.89814300722415,9.998326866111203,8
三个固定 GP 表达式的均值,250,reference_edge_lift,8.736405690180833,8.523364678224581,8.962931509956663,8
三个固定 GP 表达式的均值,250,top500_persistence,0.6189778441434681,0.6084882158443613,0.6310715853831828,8
三个固定 GP 表达式的均值,250,source_age,34.19444444444444,25.958333333333332,42.625694444444434,8
三个固定 GP 表达式的均值,250,post_unique_tours,17.09722222222222,15.777777777777779,18.430555555555557,8
三个固定 GP 表达式的均值,275,candidate_entropy,6.9791498691134,6.978460083525611,6.979858811062866,8
三个固定 GP 表达式的均值,275,candidate_effective_arcs,1074.0073110269173,1073.258120920403,1074.7468371791988,8
三个固定 GP 表达式的均值,275,candidate_gini,0.8912256369803315,0.8911821320497733,0.8912820094339677,8
三个固定 GP 表达式的均值,275,top500_mass,0.4964040160286447,0.4961441260987936,0.4967196521455189,8
三个固定 GP 表达式的均值,275,top2500_mass,0.9925653480768117,0.9925634230568149,0.9925667642184226,8
三个固定 GP 表达式的均值,275,floor_fraction,0.8994444444444445,0.8991763541666666,0.8996999999999999,8
三个固定 GP 表达式的均值,275,source_edge_lift,9.928339001507474,9.90164277045801,9.963803257837359,8
三个固定 GP 表达式的均值,275,current_best_edge_lift,9.937619528331538,9.902218938042338,10.004601861733107,8
三个固定 GP 表达式的均值,275,global_best_edge_lift,9.928339001507474,9.902033721099308,9.963711165352146,8
三个固定 GP 表达式的均值,275,reference_edge_lift,8.749356931687528,8.536410433126592,8.975197052391378,8
三个固定 GP 表达式的均值,275,top500_persistence,0.6144945844764336,0.608323300498478,0.6202541278084415,8
三个固定 GP 表达式的均值,275,source_age,46.666666666666664,36.51354166666666,56.708333333333336,8
三个固定 GP 表达式的均值,275,post_unique_tours,16.125,14.444444444444445,18.13888888888889,8
三个固定 GP 表达式的均值,300,candidate_entropy,6.9785086020586995,6.978148053597438,6.978785032222775,8
三个固定 GP 表达式的均值,300,candidate_effective_arcs,1073.3170048198363,1072.9263090252496,1073.625625330435,8
三个固定 GP 表达式的均值,300,candidate_gini,0.8911850595336999,0.8911541674241411,0.8912221409432882,8
三个固定 GP 表达式的均值,300,top500_mass,0.49606671394049134,0.49572837441679374,0.49636045612083657,8
三个固定 GP 表达式的均值,300,top2500_mass,0.9925655978720875,0.9925639219290894,0.9925668118267992,8
三个固定 GP 表达式的均值,300,floor_fraction,0.8996194444444445,0.8994222222222223,0.8998013888888889,8
三个固定 GP 表达式的均值,300,source_edge_lift,9.937868725693871,9.908435021536228,9.980084416477613,8
三个固定 GP 表达式的均值,300,current_best_edge_lift,9.955326481205294,9.90849626488551,10.024681149476427,8
三个固定 GP 表达式的均值,300,global_best_edge_lift,9.937868725693871,9.908436118953048,9.96763312587676,8
三个固定 GP 表达式的均值,300,reference_edge_lift,8.767858650935185,8.567342308320052,8.977695971556345,8
三个固定 GP 表达式的均值,300,top500_persistence,0.6091116059743611,0.6006116474426871,0.6187215381562576,8
三个固定 GP 表达式的均值,300,source_age,64.70833333333334,53.93055555555556,76.79166666666667,8
三个固定 GP 表达式的均值,300,post_unique_tours,15.38888888888889,14.041666666666668,16.98611111111111,8
三个固定 GP 表达式的均值,325,candidate_entropy,6.979150090951819,6.978486379803294,6.979807589285752,8
三个固定 GP 表达式的均值,325,candidate_effective_arcs,1074.0080481770244,1073.2475203008676,1074.698576509006,8
三个固定 GP 表达式的均值,325,candidate_gini,0.8912153474120217,0.8911740791528879,0.8912611952971402,8
三个固定 GP 表达式的均值,325,top500_mass,0.4963536466454802,0.49613182963395414,0.4966212476890936,8
三个固定 GP 表达式的均值,325,top2500_mass,0.9925655128608226,0.9925638595921569,0.9925666897617201,8
三个固定 GP 表达式的均值,325,floor_fraction,0.8996041666666666,0.8993444444444445,0.8998375347222223,8
三个固定 GP 表达式的均值,325,source_edge_lift,9.937696171772188,9.903231355967245,9.981074753113942,8
三个固定 GP 表达式的均值,325,current_best_edge_lift,9.979155635095223,9.902804368691207,10.082702925930109,8
三个固定 GP 表达式的均值,325,global_best_edge_lift,9.937696171772188,9.902800314685868,9.982481557466638,8
三个固定 GP 表达式的均值,325,reference_edge_lift,8.78383536406744,8.582518583878507,8.996676468713428,8
三个固定 GP 表达式的均值,325,top500_persistence,0.6134998208858649,0.6060113036965231,0.6215687012880049,8
三个固定 GP 表达式的均值,325,source_age,73.06944444444446,54.08263888888889,92.30555555555556,8
三个固定 GP 表达式的均值,325,post_unique_tours,16.375,15.611111111111112,17.180555555555554,8
三个固定 GP 表达式的均值,350,candidate_entropy,6.978834495055738,6.978259306197232,6.979457958455651,8
三个固定 GP 表达式的均值,350,candidate_effective_arcs,1073.6683922986458,1073.049942479921,1074.3601444660146,8
三个固定 GP 表达式的均值,350,candidate_gini,0.8911958156114317,0.8911613045587016,0.8912340142389189,8
三个固定 GP 表达式的均值,350,top500_mass,0.49625191725440754,0.4960503574134295,0.4964704693871193,8
三个固定 GP 表达式的均值,350,top2500_mass,0.9925656324672829,0.9925639357210261,0.9925667833916216,8
三个固定 GP 表达式的均值,350,floor_fraction,0.8997416666666667,0.8994861111111111,0.8999541666666666,8
三个固定 GP 表达式的均值,350,source_edge_lift,9.941899076873064,9.901418454781362,9.996177778522442,8
三个固定 GP 表达式的均值,350,current_best_edge_lift,9.99596675421495,9.902627888511795,10.118469226568886,8
三个固定 GP 表达式的均值,350,global_best_edge_lift,9.941899076873064,9.90130519875753,9.995185618877152,8
三个固定 GP 表达式的均值,350,reference_edge_lift,8.794897881838288,8.590316891635464,9.008217381069759,8
三个固定 GP 表达式的均值,350,top500_persistence,0.6145454241047412,0.6086583257670556,0.6201371920502734,8
三个固定 GP 表达式的均值,350,source_age,85.66666666666666,66.36111111111111,106.52777777777777,8
三个固定 GP 表达式的均值,350,post_unique_tours,15.26388888888889,13.958333333333334,16.875,8
三个固定 GP 表达式的均值,375,candidate_entropy,6.978395272336314,6.978064297581261,6.978667425171325,8
三个固定 GP 表达式的均值,375,candidate_effective_arcs,1073.1950801444957,1072.838309946553,1073.4876827545759,8
三个固定 GP 表达式的均值,375,candidate_gini,0.891173090322527,0.8911484228181541,0.8912050671111951,8
三个固定 GP 表达式的均值,375,top500_mass,0.4961287545624833,0.49599136246464237,0.4963086556922123,8
三个固定 GP 表达式的均值,375,top2500_mass,0.9925658651352762,0.9925641800314213,0.9925668725266451,8
三个固定 GP 表达式的均值,375,floor_fraction,0.899775,0.8995875,0.8999402777777777,8
三个固定 GP 表达式的均值,375,source_edge_lift,9.950480982864851,9.910399005940263,10.00326912471586,8
三个固定 GP 表达式的均值,375,current_best_edge_lift,9.980795753281242,9.910407234321266,10.092370321352739,8
三个固定 GP 表达式的均值,375,global_best_edge_lift,9.950480982864851,9.910412001795995,10.003393589677971,8
三个固定 GP 表达式的均值,375,reference_edge_lift,8.80305421871584,8.603185635506868,9.011441391978348,8
三个固定 GP 表达式的均值,375,top500_persistence,0.6108850445271912,0.602671914555735,0.6186919680413263,8
三个固定 GP 表达式的均值,375,source_age,104.13888888888889,79.38888888888889,128.36111111111111,8
三个固定 GP 表达式的均值,375,post_unique_tours,14.38888888888889,13.097222222222223,16.125,8
三个固定 GP 表达式的均值,400,candidate_entropy,7.0095133758452315,6.978273845921637,7.071819879763318,8
三个固定 GP 表达式的均值,400,candidate_effective_arcs,1197.3065174681915,1073.0582784673602,1445.5956072577594,8
三个固定 GP 表达式的均值,400,candidate_gini,0.8788007188805761,0.8540361263240491,0.8912088025438073,8
三个固定 GP 表达式的均值,400,top500_mass,0.48996396296933065,0.47751478117460383,0.4963402848349686,8
三个固定 GP 表达式的均值,400,top2500_mass,0.9822524772095265,0.9616255748507565,0.9925667863928405,8
三个固定 GP 表达式的均值,400,floor_fraction,0.8872680555555555,0.8621361111111111,0.8998972222222222,8
三个固定 GP 表达式的均值,400,source_edge_lift,9.844184505517555,9.557794101332519,10.028159664060501,8
三个固定 GP 表达式的均值,400,current_best_edge_lift,9.850638307143548,9.538129604549962,10.103125648117723,8
三个固定 GP 表达式的均值,400,global_best_edge_lift,9.844184505517555,9.557869598269246,10.044335407026624,8
三个固定 GP 表达式的均值,400,reference_edge_lift,8.712390749385142,8.421167271008716,8.996705251467075,8
三个固定 GP 表达式的均值,400,top500_persistence,0.6084004699789421,0.5958503003234533,0.6179113435801384,8
三个固定 GP 表达式的均值,400,source_age,109.94444444444444,88.19444444444444,128.79166666666669,8
三个固定 GP 表达式的均值,400,post_unique_tours,14.541666666666668,13.180208333333333,16.52777777777778,8
三个固定 GP 表达式的均值,425,candidate_entropy,6.983853750155752,6.978346885135265,6.994492378547625,8
三个固定 GP 表达式的均值,425,candidate_effective_arcs,1080.2978237726102,1073.1399029609256,1094.1965505973735,8
三个固定 GP 表达式的均值,425,candidate_gini,0.8907876355313658,0.8899738092799445,0.8912285003393097,8
三个固定 GP 表达式的均值,425,top500_mass,0.4921764416012506,0.48424848447710467,0.49634879081225647,8
三个固定 GP 表达式的均值,425,top2500_mass,0.9922734857047368,0.9916887063851054,0.9925667839745277,8
三个固定 GP 表达式的均值,425,floor_fraction,0.8873944444444445,0.8623944444444446,0.8999333333333334,8
三个固定 GP 表达式的均值,425,source_edge_lift,9.947852007631592,9.859253227353564,10.05414883279726,8
三个固定 GP 表达式的均值,425,current_best_edge_lift,9.951466724545115,9.852684248956272,10.070685743209623,8
三个固定 GP 表达式的均值,425,global_best_edge_lift,9.945068882537909,9.852395313427657,10.054138938656582,8
三个固定 GP 表达式的均值,425,reference_edge_lift,8.81508111372843,8.609494956252714,9.035909301889422,8
三个固定 GP 表达式的均值,425,top500_persistence,0.6056094214716458,0.5903496524185349,0.6182699100823658,8
三个固定 GP 表达式的均值,425,source_age,120.875,99.25,140.89305555555552,8
三个固定 GP 表达式的均值,425,post_unique_tours,14.708333333333332,13.63888888888889,16.083333333333336,8
三个固定 GP 表达式的均值,450,candidate_entropy,6.980713284952627,6.978018634624038,6.985760063249609,8
三个固定 GP 表达式的均值,450,candidate_effective_arcs,1075.9281381877759,1072.7841583327781,1081.8357390472895,8
三个固定 GP 表达式的均值,450,candidate_gini,0.8911542532939783,0.8911257415004966,0.8911909757711562,8
三个固定 GP 表达式的均值,450,top500_mass,0.49647956393673637,0.4959755681341027,0.49731107726091006,8
三个固定 GP 表达式的均值,450,top2500_mass,0.9925627755425607,0.992556234582078,0.9925668890860412,8
三个固定 GP 表达式的均值,450,floor_fraction,0.8985430555555556,0.8958110763888889,0.8999555555555554,8
三个固定 GP 表达式的均值,450,source_edge_lift,9.94267866767754,9.867461044325793,10.049884428242912,8
三个固定 GP 表达式的均值,450,current_best_edge_lift,9.978518813835983,9.862905058944335,10.161965720677122,8
三个固定 GP 表达式的均值,450,global_best_edge_lift,9.9343545242548,9.842491610822414,10.049895189413302,8
三个固定 GP 表达式的均值,450,reference_edge_lift,8.82272693698373,8.608381626446977,9.049258923850514,8
三个固定 GP 表达式的均值,450,top500_persistence,0.6123883548609004,0.605582224909281,0.6195736378050856,8
三个固定 GP 表达式的均值,450,source_age,137.56944444444446,116.09340277777777,159.36180555555555,8
三个固定 GP 表达式的均值,450,post_unique_tours,14.291666666666668,13.069444444444445,15.680555555555555,8
三个固定 GP 表达式的均值,475,candidate_entropy,6.979587038166223,6.978123976698805,6.98209023054871,8
三个固定 GP 表达式的均值,475,candidate_effective_arcs,1074.533348503111,1072.8997221949503,1077.338413300068,8
三个固定 GP 表达式的均值,475,candidate_gini,0.891180728317346,0.8911482616862497,0.8912212836913151,8
三个固定 GP 表达式的均值,475,top500_mass,0.49628793130802196,0.49599048734736356,0.49670627926599364,8
三个固定 GP 表达式的均值,475,top2500_mass,0.9925646552174927,0.9925615687614953,0.9925668912375122,8
三个固定 GP 表达式的均值,475,floor_fraction,0.8989652777777778,0.897,0.8999888888888888,8
三个固定 GP 表达式的均值,475,source_edge_lift,9.95357443764411,9.889174794992556,10.06153839149979,8
三个固定 GP 表达式的均值,475,current_best_edge_lift,9.995181124879126,9.889132908263939,10.186521474897607,8
三个固定 GP 表达式的均值,475,global_best_edge_lift,9.941769854655753,9.853760114672523,10.061536362934898,8
三个固定 GP 表达式的均值,475,reference_edge_lift,8.823853887166377,8.616097568473279,9.048312716474497,8
三个固定 GP 表达式的均值,475,top500_persistence,0.6184008767043991,0.61326853325008,0.622638284615636,8
三个固定 GP 表达式的均值,475,source_age,156.01388888888889,134.19444444444446,175.88888888888889,8
三个固定 GP 表达式的均值,475,post_unique_tours,14.444444444444443,13.208333333333334,16.180902777777774,8
三个固定 GP 表达式的均值,500,candidate_entropy,7.505633360535086,7.289231270519941,7.691596093464654,8
三个固定 GP 表达式的均值,500,candidate_effective_arcs,3181.1843106655724,2313.7054916498428,3925.085591709606,8
三个固定 GP 表达式的均值,500,candidate_gini,0.6807604765183393,0.6064896413719283,0.7673852929946989,8
三个固定 GP 表达式的均值,500,top500_mass,0.3908185220290143,0.3535900145300026,0.42808696493152876,8
三个固定 GP 表达式的均值,500,top2500_mass,0.8172377270456822,0.7553565886153628,0.8894314411362289,8
三个固定 GP 表达式的均值,500,floor_fraction,0.6871361111111112,0.6119694444444445,0.7623445138888889,8
三个固定 GP 表达式的均值,500,source_edge_lift,7.85926327753058,7.115710869070272,8.655802690953784,8
三个固定 GP 表达式的均值,500,current_best_edge_lift,7.805878072187536,7.062751616753432,8.67107005606498,8
三个固定 GP 表达式的均值,500,global_best_edge_lift,7.842699120753787,7.082583009056816,8.603554317420144,8
三个固定 GP 表达式的均值,500,reference_edge_lift,6.976342851774326,6.324974443981337,7.697465220451111,8
三个固定 GP 表达式的均值,500,top500_persistence,0.4782079617691548,0.43034232724895927,0.5250750256031577,8
三个固定 GP 表达式的均值,500,source_age,169.75,149.66493055555557,188.08333333333331,8
三个固定 GP 表达式的均值,500,post_unique_tours,14.444444444444445,13.055555555555555,16.389236111111106,8
三个固定 GP 表达式的均值,525,candidate_entropy,7.066869254444258,7.033788751471017,7.099260612490548,8
三个固定 GP 表达式的均值,525,candidate_effective_arcs,1188.4359457373007,1142.4095015231035,1230.9550175101153,8
三个固定 GP 表达式的均值,525,candidate_gini,0.8846056891445525,0.8822098333804488,0.8872672063768592,8
三个固定 GP 表达式的均值,525,top500_mass,0.4390972813045837,0.4170486759427766,0.46102523932262174,8
三个固定 GP 表达式的均值,525,top2500_mass,0.9875710191823502,0.9857960279479351,0.9896214346062217,8
三个固定 GP 表达式的均值,525,floor_fraction,0.6874055555555556,0.6123833333333334,0.7748333333333333,8
三个固定 GP 表达式的均值,525,source_edge_lift,9.634914844048186,9.467234780618053,9.810484831145196,8
三个固定 GP 表达式的均值,525,current_best_edge_lift,9.486558888067938,9.321992831806684,9.657386133205643,8
三个固定 GP 表达式的均值,525,global_best_edge_lift,9.542067654827598,9.357336358598179,9.731682252367161,8
三个固定 GP 表达式的均值,525,reference_edge_lift,8.640396015641965,8.467398443654773,8.830308379634996,8
三个固定 GP 表达式的均值,525,top500_persistence,0.4786570874873766,0.4267573359077304,0.5307119255084314,8
三个固定 GP 表达式的均值,525,source_age,116.33333333333334,102.75,129.2361111111111,8
三个固定 GP 表达式的均值,525,post_unique_tours,18.84722222222222,16.84722222222222,21.02777777777778,8
三个固定 GP 表达式的均值,550,candidate_entropy,7.0120629157791186,6.998918844364258,7.024637318911416,8
三个固定 GP 表达式的均值,550,candidate_effective_arcs,1112.1182946613803,1097.3102738875336,1126.9598420788604,8
三个固定 GP 表达式的均值,550,candidate_gini,0.8913268371957053,0.8912532438910243,0.8913954437306478,8
三个固定 GP 表达式的均值,550,top500_mass,0.4713163250796377,0.4548860520903936,0.4860353491363328,8
三个固定 GP 表达式的均值,550,top2500_mass,0.9925176878145263,0.992498027285467,0.9925380562246867,8
三个固定 GP 表达式的均值,550,floor_fraction,0.8788291666666668,0.8708916666666666,0.8871541666666667,8
三个固定 GP 表达式的均值,550,source_edge_lift,9.813961722965265,9.686800756080153,9.98099750928132,8
三个固定 GP 表达式的均值,550,current_best_edge_lift,9.638415589481497,9.533128569613709,9.743630218657342,8
三个固定 GP 表达式的均值,550,global_best_edge_lift,9.64089634725979,9.475326123047719,9.831393460206748,8
三个固定 GP 表达式的均值,550,reference_edge_lift,8.736650503965823,8.54930805152446,8.934034659590383,8
三个固定 GP 表达式的均值,550,top500_persistence,0.6141336597350004,0.6017436951336126,0.6266895001715364,8
三个固定 GP 表达式的均值,550,source_age,135.05555555555554,120.34687500000001,149.77777777777777,8
三个固定 GP 表达式的均值,550,post_unique_tours,18.805555555555557,17.125,20.541666666666664,8
三个固定 GP 表达式的均值,575,candidate_entropy,6.998376858864409,6.989210854184725,7.007819717131884,8
三个固定 GP 表达式的均值,575,candidate_effective_arcs,1095.7643613912123,1085.4921776216836,1106.5230607044346,8
三个固定 GP 表达式的均值,575,candidate_gini,0.8914731994927879,0.8913655358056819,0.8915768328042565,8
三个固定 GP 表达式的均值,575,top500_mass,0.48561958740111344,0.47610959156843974,0.4943913146889433,8
三个固定 GP 表达式的均值,575,top2500_mass,0.992536094406335,0.9925218010473793,0.9925505445427945,8
三个固定 GP 表达式的均值,575,floor_fraction,0.8863208333333334,0.8802263888888889,0.8920236111111111,8
三个固定 GP 表达式的均值,575,source_edge_lift,9.895391470260765,9.775523065770841,10.07775888573706,8
三个固定 GP 表达式的均值,575,current_best_edge_lift,9.780587794838784,9.704808248882419,9.845236998327678,8
三个固定 GP 表达式的均值,575,global_best_edge_lift,9.672220547478172,9.508045236783614,9.871486986565687,8
三个固定 GP 表达式的均值,575,reference_edge_lift,8.771218157239264,8.58155642703274,8.97723451177136,8
三个固定 GP 表达式的均值,575,top500_persistence,0.6240420680380457,0.6083695786607861,0.6415862619333986,8
三个固定 GP 表达式的均值,575,source_age,140.72222222222223,125.97222222222223,157.70868055555556,8
三个固定 GP 表达式的均值,575,post_unique_tours,19.236111111111114,17.194444444444446,21.26388888888889,8
三个固定 GP 表达式的均值,600,candidate_entropy,7.66932541157342,7.5154524257973545,7.795947346804892,8
三个固定 GP 表达式的均值,600,candidate_effective_arcs,3810.770304608949,3192.555987832925,4309.958212395419,8
三个固定 GP 表达式的均值,600,candidate_gini,0.6190740765365819,0.5695589605226207,0.6809886352114651,8
三个固定 GP 表达式的均值,600,top500_mass,0.36121716417934346,0.33668160310583023,0.3924043029702833,8
三个固定 GP 表达式的均值,600,top2500_mass,0.7656550492152181,0.7243981848502258,0.8172186015576336,8
三个固定 GP 表达式的均值,600,floor_fraction,0.6182500000000001,0.5662194097222222,0.6798361111111111,8
三个固定 GP 表达式的均值,600,source_edge_lift,7.241266231483353,6.63377246795825,8.047671208064756,8
三个固定 GP 表达式的均值,600,current_best_edge_lift,7.134537478799659,6.593849278110541,7.7782092102169065,8
三个固定 GP 表达式的均值,600,global_best_edge_lift,6.976132649731678,6.353104440943188,7.75274292600665,8
三个固定 GP 表达式的均值,600,reference_edge_lift,6.40823121839932,5.884451033641643,7.053174896545312,8
三个固定 GP 表达式的均值,600,top500_persistence,0.4447549408718524,0.41569891023284944,0.4788824078025139,8
三个固定 GP 表达式的均值,600,source_age,157.33333333333331,142.68020833333333,174.37569444444443,8
三个固定 GP 表达式的均值,600,post_unique_tours,17.875,15.874999999999998,19.98645833333333,8
三个固定 GP 表达式的均值,625,candidate_entropy,7.097614661981895,7.0722251717735265,7.119860544443727,8
三个固定 GP 表达式的均值,625,candidate_effective_arcs,1228.1556193960926,1194.1594759580616,1257.755944160654,8
三个固定 GP 表达式的均值,625,candidate_gini,0.8827811822775568,0.881136073374904,0.8848221440722,8
三个固定 GP 表达式的均值,625,top500_mass,0.42267561679862686,0.4100209631071047,0.43703858675441964,8
三个固定 GP 表达式的均值,625,top2500_mass,0.9860953671511437,0.9849148645887813,0.9875627702038603,8
三个固定 GP 表达式的均值,625,floor_fraction,0.6223027777777779,0.571615138888889,0.6842389236111112,8
三个固定 GP 表达式的均值,625,source_edge_lift,9.494591968665375,9.325783633766363,9.747381024139619,8
三个固定 GP 表达式的均值,625,current_best_edge_lift,9.32244375408259,9.178660053201574,9.509843668556627,8
三个固定 GP 表达式的均值,625,global_best_edge_lift,9.137526010878812,8.921917132734913,9.421540581672934,8
三个固定 GP 表达式的均值,625,reference_edge_lift,8.569142530684207,8.369280500154481,8.806764728613821,8
三个固定 GP 表达式的均值,625,top500_persistence,0.42386041072499503,0.3867624704268199,0.4602589160517153,8
三个固定 GP 表达式的均值,625,source_age,71.61111111111111,49.23194444444445,93.16770833333332,8
三个固定 GP 表达式的均值,625,post_unique_tours,22.194444444444443,20.625,23.875,8
三个固定 GP 表达式的均值,650,candidate_entropy,7.028669457657893,7.0168055604862944,7.040187458584505,8
三个固定 GP 表达式的均值,650,candidate_effective_arcs,1131.7027710378122,1118.0164289376683,1145.2715122155387,8
三个固定 GP 表达式的均值,650,candidate_gini,0.8913817946106104,0.8912385523737341,0.8914949245466779,8
三个固定 GP 表达式的均值,650,top500_mass,0.4564725298517695,0.4400847192761016,0.470579761285717,8
三个固定 GP 表达式的均值,650,top2500_mass,0.9924940372270258,0.9924795972860987,0.9925078792769553,8
三个固定 GP 表达式的均值,650,floor_fraction,0.8699611111111112,0.8634486111111112,0.8765041666666668,8
三个固定 GP 表达式的均值,650,source_edge_lift,9.712736336903507,9.565970839504542,9.938981764199074,8
三个固定 GP 表达式的均值,650,current_best_edge_lift,9.53431333938298,9.40870976238654,9.682181882370065,8
三个固定 GP 表达式的均值,650,global_best_edge_lift,9.352936305973284,9.153509520962274,9.626807282953664,8
三个固定 GP 表达式的均值,650,reference_edge_lift,8.690099040908445,8.490715731459646,8.911935543787074,8
三个固定 GP 表达式的均值,650,top500_persistence,0.5975699266286258,0.5846161999234767,0.6100882560178515,8
三个固定 GP 表达式的均值,650,source_age,86.19444444444444,62.111111111111114,108.72222222222223,8
三个固定 GP 表达式的均值,650,post_unique_tours,21.875,20.34722222222222,23.638888888888886,8
三个固定 GP 表达式的均值,675,candidate_entropy,7.012701052121621,7.002769428130783,7.02217244627262,8
三个固定 GP 表达式的均值,675,candidate_effective_arcs,1112.305966880111,1100.8638743771576,1123.05105141555,8
三个固定 GP 表达式的均值,675,candidate_gini,0.8915953742237135,0.8914906618493891,0.8916965399787509,8
三个固定 GP 表达式的均值,675,top500_mass,0.4776342141344721,0.4682000456916357,0.48653072163420064,8
三个固定 GP 表达式的均值,675,top2500_mass,0.9925155972906299,0.9925049329954563,0.9925264784640051,8
三个固定 GP 表达式的均值,675,floor_fraction,0.8778375,0.8724736111111111,0.8831750347222223,8
三个固定 GP 表达式的均值,675,source_edge_lift,9.820151525927514,9.678536576588733,10.048089893456101,8
三个固定 GP 表达式的均值,675,current_best_edge_lift,9.697838083697874,9.55741510503432,9.88894428501543,8
三个固定 GP 表达式的均值,675,global_best_edge_lift,9.413125203800298,9.22455480418027,9.698129041518254,8
三个固定 GP 表达式的均值,675,reference_edge_lift,8.737328430750193,8.526019539237428,8.96794268630471,8
三个固定 GP 表达式的均值,675,top500_persistence,0.6065560576115885,0.5911298969159646,0.6244034895636972,8
三个固定 GP 表达式的均值,675,source_age,94.15277777777779,67.15104166666666,119.34826388888888,8
三个固定 GP 表达式的均值,675,post_unique_tours,20.875,19.36111111111111,22.5,8
三个固定 GP 表达式的均值,700,candidate_entropy,7.462774560832643,7.217181371100185,7.709103041949424,8
三个固定 GP 表达式的均值,700,candidate_effective_arcs,2954.638635039444,1965.215743652333,3947.6674961611016,8
三个固定 GP 表达式的均值,700,candidate_gini,0.705914329791404,0.6068525918801865,0.8049822866963264,8
三个固定 GP 表达式的均值,700,top500_mass,0.3980325562525516,0.3525857611604618,0.4444437618600091,8
三个固定 GP 表达式的均值,700,top2500_mass,0.8378335320708353,0.7553311373380198,0.9203369300551449,8
三个固定 GP 表达式的均值,700,floor_fraction,0.6987111111111111,0.5982295833333333,0.7968495833333333,8
三个固定 GP 表达式的均值,700,source_edge_lift,7.966685073780761,7.018248718828089,8.912176196919042,8
三个固定 GP 表达式的均值,700,current_best_edge_lift,7.9619400646332394,6.986695880755093,8.915222588707406,8
三个固定 GP 表达式的均值,700,global_best_edge_lift,7.547173206375281,6.592425521433253,8.461899378258517,8
三个固定 GP 表达式的均值,700,reference_edge_lift,7.103116469143149,6.214491375334783,7.9684775246504,8
三个固定 GP 表达式的均值,700,top500_persistence,0.484485587412667,0.4185847553441918,0.5479235276159261,8
三个固定 GP 表达式的均值,700,source_age,103.81944444444444,76.83333333333333,129.29166666666666,8
三个固定 GP 表达式的均值,700,post_unique_tours,20.583333333333332,19.430555555555557,21.65277777777778,8
三个固定 GP 表达式的均值,725,candidate_entropy,7.066966245978518,7.026341716945742,7.108331449228859,8
三个固定 GP 表达式的均值,725,candidate_effective_arcs,1186.6846124789845,1133.5032500621128,1241.6693319610333,8
三个固定 GP 表达式的均值,725,candidate_gini,0.8856660614555492,0.8826279823048075,0.8887488647701152,8
三个固定 GP 表达式的均值,725,top500_mass,0.44998518711029917,0.42173621087864765,0.4788290936491934,8
三个固定 GP 表达式的均值,725,top2500_mass,0.9881414525683305,0.9858016154544804,0.9904884775823843,8
三个固定 GP 表达式的均值,725,floor_fraction,0.7054402777777777,0.6060527777777778,0.8048277777777777,8
三个固定 GP 表达式的均值,725,source_edge_lift,9.564039073077556,9.376194853125234,9.730128357478945,8
三个固定 GP 表达式的均值,725,current_best_edge_lift,9.504135640684154,9.283599610053654,9.705711802601936,8
三个固定 GP 表达式的均值,725,global_best_edge_lift,9.07134556594802,8.862354524107408,9.241062355977588,8
三个固定 GP 表达式的均值,725,reference_edge_lift,8.587313098674478,8.39560520723265,8.787293593624272,8
三个固定 GP 表达式的均值,725,top500_persistence,0.485679341898533,0.4227897666510358,0.5472196459899479,8
三个固定 GP 表达式的均值,725,source_age,39.75,24.72222222222222,55.3892361111111,8
三个固定 GP 表达式的均值,725,post_unique_tours,22.486111111111107,20.59722222222222,24.72222222222222,8
三个固定 GP 表达式的均值,750,candidate_entropy,7.010573755687572,6.995146055350166,7.026676521581367,8
三个固定 GP 表达式的均值,750,candidate_effective_arcs,1110.0856362563527,1092.4601858039716,1128.463125437088,8
三个固定 GP 表达式的均值,750,candidate_gini,0.8914796319962651,0.8913402922176162,0.8916423445277976,8
三个固定 GP 表达式的均值,750,top500_mass,0.47688872078144967,0.4553588805858281,0.4949764782855887,8
三个固定 GP 表达式的均值,750,top2500_mass,0.9925130298112487,0.9924910505112483,0.992534889010927,8
三个固定 GP 表达式的均值,750,floor_fraction,0.8786208333333334,0.8685708333333333,0.8882267361111111,8
三个固定 GP 表达式的均值,750,source_edge_lift,9.780831281639594,9.681292351322872,9.872013398920721,8
三个固定 GP 表达式的均值,750,current_best_edge_lift,9.678134400323906,9.552519192763869,9.792227949927685,8
三个固定 GP 表达式的均值,750,global_best_edge_lift,9.224547917192137,9.004083326272536,9.409007078268457,8
三个固定 GP 表达式的均值,750,reference_edge_lift,8.696202252002363,8.496928490653982,8.896938614304059,8
三个固定 GP 表达式的均值,750,top500_persistence,0.6037532941221242,0.5901903219556257,0.6161252151588983,8
三个固定 GP 表达式的均值,750,source_age,61.333333333333336,43.66666666666667,77.90277777777777,8
三个固定 GP 表达式的均值,750,post_unique_tours,20.583333333333332,18.09722222222222,23.44479166666666,8
三个固定 GP 表达式的均值,775,candidate_entropy,6.999960725274651,6.989894319901743,7.009947314086914,8
三个固定 GP 表达式的均值,775,candidate_effective_arcs,1097.493674418905,1086.4046298449884,1108.997684192147,8
三个固定 GP 表达式的均值,775,candidate_gini,0.8915174694084096,0.8913634445671557,0.8916801667657065,8
三个固定 GP 表达式的均值,775,top500_mass,0.4880426703961775,0.4770995249847096,0.49765394238304056,8
三个固定 GP 表达式的均值,775,top2500_mass,0.9925311946221098,0.9925164205867844,0.9925457180916994,8
三个固定 GP 表达式的均值,775,floor_fraction,0.8855930555555556,0.8792625,0.8920544791666666,8
三个固定 GP 表达式的均值,775,source_edge_lift,9.826198364666322,9.751899857332134,9.900784843661324,8
三个固定 GP 表达式的均值,775,current_best_edge_lift,9.760808731325534,9.684709435730937,9.831468777990208,8
三个固定 GP 表达式的均值,775,global_best_edge_lift,9.330928980764519,9.114337404744886,9.528250408836483,8
三个固定 GP 表达式的均值,775,reference_edge_lift,8.72568201974012,8.527426576894854,8.928395580525164,8
三个固定 GP 表达式的均值,775,top500_persistence,0.6048516014988077,0.5851925634461775,0.6272173331702673,8
三个固定 GP 表达式的均值,775,source_age,64.15277777777779,39.77604166666667,87.26458333333332,8
三个固定 GP 表达式的均值,775,post_unique_tours,20.97222222222222,19.0,23.333333333333336,8
三个固定 GP 表达式的均值,800,candidate_entropy,7.205182643941085,7.113042557763176,7.298191413002424,8
三个固定 GP 表达式的均值,800,candidate_effective_arcs,1951.911888884124,1580.540431233444,2324.383505138899,8
三个固定 GP 表达式的均值,800,candidate_gini,0.8047980402479418,0.767564470777591,0.8420399017417756,8
三个固定 GP 表达式的均值,800,top500_mass,0.44997435431457006,0.426292193804475,0.4740200643309192,8
三个固定 GP 表达式的均值,800,top2500_mass,0.92035198852227,0.889409897721315,0.9512938084270588,8
三个固定 GP 表达式的均值,800,floor_fraction,0.8052486111111111,0.7673708333333333,0.8424324999999999,8
三个固定 GP 表达式的均值,800,source_edge_lift,9.016307081892254,8.626016157783742,9.377205840669454,8
三个固定 GP 表达式的均值,800,current_best_edge_lift,8.995045575837306,8.618605459364957,9.35726251548445,8
三个固定 GP 表达式的均值,800,global_best_edge_lift,8.538807958181163,8.084441536290294,8.900302099696132,8
三个固定 GP 表达式的均值,800,reference_edge_lift,7.989582154489198,7.632645615781387,8.322568019976462,8
三个固定 GP 表达式的均值,800,top500_persistence,0.5592674990462152,0.5255333468237231,0.5971614983069105,8
三个固定 GP 表达式的均值,800,source_age,81.90277777777777,60.513194444444444,102.69444444444443,8
三个固定 GP 表达式的均值,800,post_unique_tours,18.90277777777778,15.930555555555555,21.59722222222222,8
三个固定 GP 表达式的均值,825,candidate_entropy,7.018961936532266,7.002975548004738,7.035101847001025,8
三个固定 GP 表达式的均值,825,candidate_effective_arcs,1125.2480579387839,1104.6082364005651,1146.4624405898921,8
三个固定 GP 表达式的均值,825,candidate_gini,0.8886406794612283,0.8874222133331097,0.8898547042436542,8
三个固定 GP 表达式的均值,825,top500_mass,0.4716474051534091,0.45903496868795046,0.48363144283522425,8
三个固定 GP 表达式的均值,825,top2500_mass,0.9905001393471464,0.9896141519922038,0.9913832854014913,8
三个固定 GP 表达式的均值,825,floor_fraction,0.8093569444444444,0.7716444444444445,0.8468159375,8
三个固定 GP 表达式的均值,825,source_edge_lift,9.778742862937488,9.686352393353463,9.871326850298134,8
三个固定 GP 表达式的均值,825,current_best_edge_lift,9.735542932921184,9.611574967170542,9.861967833364467,8
三个固定 GP 表达式的均值,825,global_best_edge_lift,9.334246159381571,9.180785391848609,9.478396084451319,8
三个固定 GP 表达式的均值,825,reference_edge_lift,8.690807516796403,8.514042638432198,8.876091873305224,8
三个固定 GP 表达式的均值,825,top500_persistence,0.5570689544010774,0.5284703056346033,0.589260917067775,8
三个固定 GP 表达式的均值,825,source_age,73.90277777777777,53.15277777777777,94.66666666666666,8
三个固定 GP 表达式的均值,825,post_unique_tours,19.958333333333336,18.833333333333332,21.11111111111111,8
三个固定 GP 表达式的均值,850,candidate_entropy,6.994964625208036,6.987595980372917,7.0029709448263695,8
三个固定 GP 表达式的均值,850,candidate_effective_arcs,1092.2359516849117,1083.6326805369904,1101.6571298297158,8
三个固定 GP 表达式的均值,850,candidate_gini,0.8913320095257833,0.8912831249548616,0.8913853857642839,8
三个固定 GP 表达式的均值,850,top500_mass,0.4819548040105429,0.4722581285269255,0.4913588754480759,8
三个固定 GP 表达式的均值,850,top2500_mass,0.9925381700637085,0.9925263492026429,0.9925484090405263,8
三个固定 GP 表达式的均值,850,floor_fraction,0.8898458333333333,0.8851345833333334,0.8941527777777778,8
三个固定 GP 表达式的均值,850,source_edge_lift,9.86262885386001,9.782979191492984,9.965670770082347,8
三个固定 GP 表达式的均值,850,current_best_edge_lift,9.785049856391645,9.707784717605717,9.85415674443931,8
三个固定 GP 表达式的均值,850,global_best_edge_lift,9.459515428131994,9.283104984329466,9.629119003851097,8
三个固定 GP 表达式的均值,850,reference_edge_lift,8.766614018363093,8.573794072388191,8.97381300062067,8
三个固定 GP 表达式的均值,850,top500_persistence,0.6163768020509255,0.6038737669459878,0.6268131818559206,8
三个固定 GP 表达式的均值,850,source_age,108.73611111111111,72.86111111111111,149.5420138888889,8
三个固定 GP 表达式的均值,850,post_unique_tours,19.013888888888886,17.61111111111111,20.430555555555554,8
三个固定 GP 表达式的均值,875,candidate_entropy,6.989505661626469,6.984124412441731,6.99655226952525,8
三个固定 GP 表达式的均值,875,candidate_effective_arcs,1085.7571384459898,1079.4410854660448,1093.9234533374959,8
三个固定 GP 表达式的均值,875,candidate_gini,0.8913461807433328,0.891292126970658,0.8914060470374717,8
三个固定 GP 表达式的均值,875,top500_mass,0.48907508672392064,0.47726335662324154,0.49795176184714524,8
三个固定 GP 表达式的均值,875,top2500_mass,0.9925467435616313,0.9925354509961025,0.9925558198129134,8
三个固定 GP 表达式的均值,875,floor_fraction,0.8926319444444445,0.8888263541666667,0.8956680555555557,8
三个固定 GP 表达式的均值,875,source_edge_lift,9.898952228009748,9.840919769504731,9.989231574354717,8
三个固定 GP 表达式的均值,875,current_best_edge_lift,9.864270980749794,9.798703521750795,9.935970748018326,8
三个固定 GP 表达式的均值,875,global_best_edge_lift,9.518737357844678,9.349666554491098,9.683983602109567,8
三个固定 GP 表达式的均值,875,reference_edge_lift,8.796855611913704,8.595501640113824,9.01574893730709,8
三个固定 GP 表达式的均值,875,top500_persistence,0.6129206384942507,0.5979218214091462,0.6271332428699222,8
三个固定 GP 表达式的均值,875,source_age,113.98611111111111,80.16666666666667,152.22222222222223,8
三个固定 GP 表达式的均值,875,post_unique_tours,17.416666666666668,16.15277777777778,18.875,8
三个固定 GP 表达式的均值,900,candidate_entropy,7.139999629467701,7.047011713508787,7.211057823188946,8
三个固定 GP 表达式的均值,900,candidate_effective_arcs,1700.4641478558508,1329.1683330916035,1955.3735112206884,8
三个固定 GP 表达式的均值,900,candidate_gini,0.8294558096136821,0.8045753686428835,0.866579377741561,8
三个固定 GP 表达式的均值,900,top500_mass,0.46269596324220386,0.44479528062489354,0.4829062721709491,8
三个固定 GP 表达式的均值,900,top2500_mass,0.9409854742115416,0.9203453436259629,0.971924432862087,8
三个固定 GP 表达式的均值,900,floor_fraction,0.8328041666666666,0.8020333333333333,0.8703226041666666,8
三个固定 GP 表达式的均值,900,source_edge_lift,9.300981529213267,8.967853522027978,9.70755746322189,8
三个固定 GP 表达式的均值,900,current_best_edge_lift,9.271917881289363,8.925413226498833,9.661530764400146,8
三个固定 GP 表达式的均值,900,global_best_edge_lift,8.961222047470528,8.508875853161594,9.45729304956568,8
三个固定 GP 表达式的均值,900,reference_edge_lift,8.307063854022468,7.8878841961198765,8.748995964187852,8
三个固定 GP 表达式的均值,900,top500_persistence,0.5712399362622919,0.5447515900390045,0.5991287477455436,8
三个固定 GP 表达式的均值,900,source_age,146.40277777777777,103.41597222222221,192.43437499999996,8
三个固定 GP 表达式的均值,900,post_unique_tours,17.51388888888889,15.777430555555554,19.541666666666664,8
三个固定 GP 表达式的均值,925,candidate_entropy,7.0086005654346755,6.99184450207839,7.023488362865574,8
三个固定 GP 表达式的均值,925,candidate_effective_arcs,1111.841761699539,1090.3769796681345,1130.7760459206936,8
三个固定 GP 表达式的均值,925,candidate_gini,0.8893614579720129,0.8884644615316165,0.8904941175390468,8
三个固定 GP 表达式的均值,925,top500_mass,0.47984911607162894,0.47065773896392493,0.48955244070299825,8
三个固定 GP 表达式的均值,925,top2500_mass,0.9910862843289142,0.9904809421560739,0.9919695521769015,8
三个固定 GP 表达式的均值,925,floor_fraction,0.8346125,0.8041782638888889,0.8722072916666667,8
三个固定 GP 表达式的均值,925,source_edge_lift,9.827832427962722,9.734989319284642,9.955610410628502,8
三个固定 GP 表达式的均值,925,current_best_edge_lift,9.770053639331703,9.68020593279065,9.875632942575661,8
三个固定 GP 表达式的均值,925,global_best_edge_lift,9.508844634596208,9.279092984869111,9.747049014040119,8
三个固定 GP 表达式的均值,925,reference_edge_lift,8.830945595515441,8.598111594640034,9.079700763729768,8
三个固定 GP 表达式的均值,925,top500_persistence,0.5676553348255742,0.5414975950480123,0.597649981958875,8
三个固定 GP 表达式的均值,925,source_age,140.94444444444446,86.45833333333333,197.23611111111111,8
三个固定 GP 表达式的均值,925,post_unique_tours,18.166666666666668,16.944444444444443,19.375,8
三个固定 GP 表达式的均值,950,candidate_entropy,6.989803069771032,6.98352611801836,6.995697713186677,8
三个固定 GP 表达式的均值,950,candidate_effective_arcs,1086.362683317202,1078.9255816086988,1093.3653748368802,8
三个固定 GP 表达式的均值,950,candidate_gini,0.8912666035686982,0.8911930129284428,0.8913380908488873,8
三个固定 GP 表达式的均值,950,top500_mass,0.48818632328602213,0.48120078293554014,0.4947053251266652,8
三个固定 GP 表达式的均值,950,top2500_mass,0.9925445964334013,0.9925354320225255,0.9925539507987303,8
三个固定 GP 表达式的均值,950,floor_fraction,0.8926875000000001,0.8890916666666667,0.8966277777777778,8
三个固定 GP 表达式的均值,950,source_edge_lift,9.90881477820135,9.820300174368652,10.051688426326209,8
三个固定 GP 表达式的均值,950,current_best_edge_lift,9.877548086736194,9.765963058200265,10.045001918668046,8
三个固定 GP 表达式的均值,950,global_best_edge_lift,9.570493059625225,9.322439926258088,9.839344372717472,8
三个固定 GP 表达式的均值,950,reference_edge_lift,8.867101462715706,8.64158762743681,9.103984044639954,8
三个固定 GP 表达式的均值,950,top500_persistence,0.6048965937459148,0.5973551629288245,0.612393406700256,8
三个固定 GP 表达式的均值,950,source_age,172.91666666666666,123.62395833333333,224.028125,8
三个固定 GP 表达式的均值,950,post_unique_tours,16.583333333333332,15.472222222222221,17.61111111111111,8
三个固定 GP 表达式的均值,975,candidate_entropy,6.987982481409845,6.981988598299232,6.994025882851497,8
三个固定 GP 表达式的均值,975,candidate_effective_arcs,1084.034337022269,1077.2463760088908,1090.8301118408613,8
三个固定 GP 表达式的均值,975,candidate_gini,0.8913291739445284,0.8912316190306262,0.8914237911108339,8
三个固定 GP 表达式的均值,975,top500_mass,0.4873389756431785,0.48037744317122977,0.4943257036404134,8
三个固定 GP 表达式的均值,975,top2500_mass,0.9925517819111128,0.9925452389819195,0.9925579095665998,8
三个固定 GP 表达式的均值,975,floor_fraction,0.8935486111111111,0.8899069444444445,0.8971472222222221,8
三个固定 GP 表达式的均值,975,source_edge_lift,9.93249937312878,9.843986792375516,10.076562512435626,8
三个固定 GP 表达式的均值,975,current_best_edge_lift,9.855476996108617,9.806303206893775,9.90432278367425,8
三个固定 GP 表达式的均值,975,global_best_edge_lift,9.693825029897196,9.495902842284838,9.903669628802776,8
三个固定 GP 表达式的均值,975,reference_edge_lift,8.904032669775752,8.683237176574467,9.149935308877911,8
三个固定 GP 表达式的均值,975,top500_persistence,0.6051465022320663,0.5883758542914628,0.6168509234127679,8
三个固定 GP 表达式的均值,975,source_age,194.38888888888889,133.77777777777777,254.10208333333327,8
三个固定 GP 表达式的均值,975,post_unique_tours,18.194444444444443,16.069444444444443,20.069444444444443,8
三个固定 GP 表达式的均值,1000,candidate_entropy,7.200161101010678,7.1049985469491475,7.294668373243825,8
三个固定 GP 表达式的均值,1000,candidate_effective_arcs,1946.365762934633,1571.8106483123822,2320.6515183035203,8
三个固定 GP 表达式的均值,1000,candidate_gini,0.8046594618524714,0.7674638832672831,0.8418155638388328,8
三个固定 GP 表达式的均值,1000,top500_mass,0.4491679574505719,0.42903186508905405,0.46922229113168423,8
三个固定 GP 表达式的均值,1000,top2500_mass,0.9203642961422169,0.8894216609947765,0.9513076590713407,8
三个固定 GP 表达式的均值,1000,floor_fraction,0.8089666666666667,0.7704972222222223,0.8472876736111113,8
三个固定 GP 表达式的均值,1000,source_edge_lift,9.074025205748061,8.644754019270664,9.462277595329907,8
三个固定 GP 表达式的均值,1000,current_best_edge_lift,9.089726608797282,8.649768419256407,9.507178700763586,8
三个固定 GP 表达式的均值,1000,global_best_edge_lift,8.853399994877247,8.436250576807854,9.267598223002512,8
三个固定 GP 表达式的均值,1000,reference_edge_lift,8.147492994775074,7.771892124896201,8.479581231887897,8
三个固定 GP 表达式的均值,1000,top500_persistence,0.5532961629912083,0.5316895105854982,0.573339527979515,8
三个固定 GP 表达式的均值,1000,source_age,246.04166666666669,170.81944444444446,320.5906249999999,8
三个固定 GP 表达式的均值,1000,post_unique_tours,16.72222222222222,15.041666666666666,18.625,8
三个固定 GP 表达式的均值,1025,candidate_entropy,7.01785009341103,7.001169952389358,7.034081831351626,8
三个固定 GP 表达式的均值,1025,candidate_effective_arcs,1124.1224149941677,1102.6850599134448,1145.626709641637,8
三个固定 GP 表达式的均值,1025,candidate_gini,0.8885485640460323,0.8872887995591334,0.8897701644148268,8
三个固定 GP 表达式的均值,1025,top500_mass,0.47025058586330415,0.45798510982766366,0.48245493206696854,8
三个固定 GP 表达式的均值,1025,top2500_mass,0.990499172110588,0.9896172793024876,0.9913870025353263,8
三个固定 GP 表达式的均值,1025,floor_fraction,0.8105513888888889,0.7724208333333333,0.8488597222222222,8
三个固定 GP 表达式的均值,1025,source_edge_lift,9.813950967045272,9.699278888546353,9.959135318448698,8
三个固定 GP 表达式的均值,1025,current_best_edge_lift,9.758383400321598,9.64121733481653,9.890951344828432,8
三个固定 GP 表达式的均值,1025,global_best_edge_lift,9.61212678424403,9.442513664501282,9.784127111821054,8
三个固定 GP 表达式的均值,1025,reference_edge_lift,8.83374284783832,8.645553044463028,9.049359546032456,8
三个固定 GP 表达式的均值,1025,top500_persistence,0.5578706823203212,0.5350814665283246,0.5799020620201211,8
三个固定 GP 表达式的均值,1025,source_age,249.41666666666666,196.49895833333332,298.625,8
三个固定 GP 表达式的均值,1025,post_unique_tours,17.916666666666668,16.72222222222222,19.291666666666664,8
三个固定 GP 表达式的均值,1050,candidate_entropy,6.993429049168489,6.986282085694276,7.000425200653609,8
三个固定 GP 表达式的均值,1050,candidate_effective_arcs,1090.5460505446176,1082.4326177258984,1098.6936744221236,8
三个固定 GP 表达式的均值,1050,candidate_gini,0.8912669686493279,0.8911889671453466,0.8913494212263506,8
三个固定 GP 表达式的均值,1050,top500_mass,0.48058514824400844,0.4697288323199944,0.4912048419914662,8
三个固定 GP 表达式的均值,1050,top2500_mass,0.992541896980773,0.9925310461125822,0.9925534648893782,8
三个固定 GP 表达式的均值,1050,floor_fraction,0.8901666666666668,0.8860593402777779,0.8945461458333334,8
三个固定 GP 表达式的均值,1050,source_edge_lift,9.918124851504535,9.807853977211213,10.086868377162707,8
三个固定 GP 表达式的均值,1050,current_best_edge_lift,9.807349564831842,9.746444381820876,9.86832153915598,8
三个固定 GP 表达式的均值,1050,global_best_edge_lift,9.71945832196042,9.52199801337472,9.941064388996928,8
三个固定 GP 表达式的均值,1050,reference_edge_lift,8.88771455106303,8.68787528364944,9.126442695672491,8
三个固定 GP 表达式的均值,1050,top500_persistence,0.6071554796134644,0.5910643715303115,0.6211072300219904,8
三个固定 GP 表达式的均值,1050,source_age,293.41666666666663,231.38194444444446,356.47222222222223,8
三个固定 GP 表达式的均值,1050,post_unique_tours,17.291666666666668,15.527777777777779,19.055555555555557,8
三个固定 GP 表达式的均值,1075,candidate_entropy,6.988290851006819,6.983115339265554,6.993644421071278,8
三个固定 GP 表达式的均值,1075,candidate_effective_arcs,1084.3480429497838,1078.2625928358202,1090.342984019383,8
三个固定 GP 表达式的均值,1075,candidate_gini,0.8913534516124157,0.891268689078913,0.8914350682703734,8
三个固定 GP 表达式的均值,1075,top500_mass,0.4905571482463382,0.4834789033317026,0.49677941036807377,8
三个固定 GP 表达式的均值,1075,top2500_mass,0.9925493465560544,0.9925408296359505,0.9925576795527984,8
三个固定 GP 表达式的均值,1075,floor_fraction,0.8934694444444444,0.8902888194444445,0.8964833333333334,8
三个固定 GP 表达式的均值,1075,source_edge_lift,9.964403441056312,9.844989832610544,10.169683046369252,8
三个固定 GP 表达式的均值,1075,current_best_edge_lift,9.82275297784728,9.77654240914042,9.869702256399133,8
三个固定 GP 表达式的均值,1075,global_best_edge_lift,9.751589806076947,9.556646017813629,9.983092469443344,8
三个固定 GP 表达式的均值,1075,reference_edge_lift,8.916958450239957,8.714478039565597,9.156690815754276,8
三个固定 GP 表达式的均值,1075,top500_persistence,0.6061250049560007,0.5880038969602386,0.6259427910451008,8
三个固定 GP 表达式的均值,1075,source_age,311.2777777777778,226.7638888888889,393.2777777777778,8
三个固定 GP 表达式的均值,1075,post_unique_tours,17.166666666666668,15.26388888888889,19.319444444444443,8
三个固定 GP 表达式的均值,1100,candidate_entropy,7.324029400721763,7.199634441591976,7.477581518578228,8
三个固定 GP 表达式的均值,1100,candidate_effective_arcs,2442.1665811999055,1827.4619339444744,3060.3949718445524,8
三个固定 GP 表达式的均值,1100,candidate_gini,0.7551535366933897,0.6932348278503593,0.8048116051699211,8
三个固定 GP 表达式的均值,1100,top500_mass,0.42420251602246417,0.39742580862146826,0.44832263681060247,8
三个固定 GP 表达式的均值,1100,top2500_mass,0.8791087004203528,0.8275438976149941,0.9306666253651051,8
三个固定 GP 表达式的均值,1100,floor_fraction,0.7589527777777778,0.6971180555555556,0.818885,8
三个固定 GP 表达式的均值,1100,source_edge_lift,8.57117737961185,8.009183790632013,9.10093349622889,8
三个固定 GP 表达式的均值,1100,current_best_edge_lift,8.558755295305863,7.98117018401351,9.121359021489761,8
三个固定 GP 表达式的均值,1100,global_best_edge_lift,8.38710276678973,7.771142982741989,8.906968777668675,8
三个固定 GP 表达式的均值,1100,reference_edge_lift,7.710939961593121,7.183304958093024,8.210023093166173,8
三个固定 GP 表达式的均值,1100,top500_persistence,0.5190232113241219,0.4870096571041602,0.5505425808065798,8
三个固定 GP 表达式的均值,1100,source_age,316.40277777777777,240.66354166666667,393.6270833333333,8
三个固定 GP 表达式的均值,1100,post_unique_tours,16.23611111111111,15.027777777777779,17.51388888888889,8
三个固定 GP 表达式的均值,1125,candidate_entropy,7.039318977505162,7.018048228625315,7.065713757668787,8
三个固定 GP 表达式的均值,1125,candidate_effective_arcs,1152.4474426836612,1124.9159892627556,1187.4557125416402,8
三个固定 GP 表达式的均值,1125,candidate_gini,0.8869673639095643,0.884978156707594,0.8889089087703512,8
三个固定 GP 表达式的均值,1125,top500_mass,0.4693799134069912,0.45855273939140306,0.48042558670513563,8
三个固定 GP 表达式的均值,1125,top2500_mass,0.9893139533758909,0.98783576210242,0.9907742146301267,8
三个固定 GP 表达式的均值,1125,floor_fraction,0.7606513888888891,0.6992027083333334,0.8112088194444447,8
三个固定 GP 表达式的均值,1125,source_edge_lift,9.729030202582848,9.589797329442312,9.868187327661557,8
三个固定 GP 表达式的均值,1125,current_best_edge_lift,9.625778124000693,9.47704759748125,9.748273110629315,8
三个固定 GP 表达式的均值,1125,global_best_edge_lift,9.512244780082973,9.353379118219395,9.652164960912494,8
三个固定 GP 表达式的均值,1125,reference_edge_lift,8.798616549248914,8.630851912501106,8.97354918126677,8
三个固定 GP 表达式的均值,1125,top500_persistence,0.5296806084572427,0.4870902025517272,0.5686554430799468,8
三个固定 GP 表达式的均值,1125,source_age,252.875,215.05555555555554,286.4861111111111,8
三个固定 GP 表达式的均值,1125,post_unique_tours,18.388888888888886,16.555555555555554,20.36111111111111,8
三个固定 GP 表达式的均值,1150,candidate_entropy,7.002025284149439,6.993158106501747,7.013815317078725,8
三个固定 GP 表达式的均值,1150,candidate_effective_arcs,1100.5514018740446,1089.9177206940208,1114.202843552757,8
三个固定 GP 表达式的均值,1150,candidate_gini,0.8913335256346129,0.8912740100424617,0.8913962938664233,8
三个固定 GP 表达式的均值,1150,top500_mass,0.4862152832249152,0.47424762198203424,0.4976895319389151,8
三个固定 GP 表达式的均值,1150,top2500_mass,0.9925270541633939,0.9925100298240179,0.9925412523324559,8
三个固定 GP 表达式的均值,1150,floor_fraction,0.8850111111111111,0.8779430555555556,0.8908861111111112,8
三个固定 GP 表达式的均值,1150,source_edge_lift,9.83822439692243,9.734188988425604,9.961119153698434,8
三个固定 GP 表达式的均值,1150,current_best_edge_lift,9.760048262734479,9.638124662367508,9.871633721122492,8
三个固定 GP 表达式的均值,1150,global_best_edge_lift,9.588993243679443,9.452993575536954,9.734552882525943,8
三个固定 GP 表达式的均值,1150,reference_edge_lift,8.86879951582274,8.689530924147823,9.064168686874574,8
三个固定 GP 表达式的均值,1150,top500_persistence,0.6141859435673841,0.603990220355564,0.6232108229194804,8
三个固定 GP 表达式的均值,1150,source_age,280.9583333333333,234.45833333333334,325.32291666666663,8
三个固定 GP 表达式的均值,1150,post_unique_tours,17.27777777777778,15.958333333333336,18.917013888888885,8
三个固定 GP 表达式的均值,1175,candidate_entropy,6.996357742457715,6.988198955444157,7.006151579600358,8
三个固定 GP 表达式的均值,1175,candidate_effective_arcs,1093.6827394906823,1084.378999810401,1104.8698110927573,8
三个固定 GP 表达式的均值,1175,candidate_gini,0.8913814484774539,0.8913166177270194,0.8914439801093478,8
三个固定 GP 表达式的均值,1175,top500_mass,0.48146617529710095,0.46958855497102736,0.49125433900398807,8
三个固定 GP 表达式的均值,1175,top2500_mass,0.9925371526343745,0.9925224993370765,0.9925490524495653,8
三个固定 GP 表达式的均值,1175,floor_fraction,0.8885986111111112,0.8827583333333334,0.8935849305555557,8
三个固定 GP 表达式的均值,1175,source_edge_lift,9.868696040549498,9.768483577704297,9.993840437281833,8
三个固定 GP 表达式的均值,1175,current_best_edge_lift,9.789439712647969,9.707642803988389,9.87994290379045,8
三个固定 GP 表达式的均值,1175,global_best_edge_lift,9.650891611315133,9.529117459223075,9.790604526009052,8
三个固定 GP 表达式的均值,1175,reference_edge_lift,8.87353842442386,8.680256924386104,9.069293721815487,8
三个固定 GP 表达式的均值,1175,top500_persistence,0.6123603574300064,0.5942225885449253,0.6306570197377468,8
三个固定 GP 表达式的均值,1175,source_age,279.0277777777778,219.52708333333334,332.91666666666663,8
三个固定 GP 表达式的均值,1175,post_unique_tours,17.76388888888889,16.069444444444443,19.430555555555557,8
三个固定 GP 表达式的均值,1200,candidate_entropy,7.48455342015326,7.233319538397952,7.823219513331695,8
三个固定 GP 表达式的均值,1200,candidate_effective_arcs,3068.253810878319,2073.661722069117,4430.169684930219,8
三个固定 GP 表达式的均值,1200,candidate_gini,0.6933924443478618,0.5573026989004589,0.7924315483204638,8
三个固定 GP 表达式的均值,1200,top500_mass,0.394765847115307,0.33183879893514023,0.44301174609554106,8
三个固定 GP 表达式的均值,1200,top2500_mass,0.827531945682354,0.7243916222610602,0.9100428686500954,8
三个固定 GP 表达式的均值,1200,floor_fraction,0.6931527777777777,0.5570979166666667,0.7950786111111111,8
三个固定 GP 表达式的均值,1200,source_edge_lift,7.947003135784695,6.590633541363172,9.013995325701604,8
三个固定 GP 表达式的均值,1200,current_best_edge_lift,7.927114093568139,6.587561084487926,8.998339560619206,8
三个固定 GP 表达式的均值,1200,global_best_edge_lift,7.683760699095435,6.324860773544538,8.77015578286305,8
三个固定 GP 表达式的均值,1200,reference_edge_lift,7.094163610604374,5.927797214763388,8.002948903639554,8
三个固定 GP 表达式的均值,1200,top500_persistence,0.47830156213716774,0.39700698808168644,0.54446553973613,8
三个固定 GP 表达式的均值,1200,source_age,292.2777777777778,232.27152777777778,350.88958333333335,8
三个固定 GP 表达式的均值,1200,post_unique_tours,17.541666666666664,15.444444444444445,19.88888888888889,8
三个固定 GP 表达式的均值,1225,candidate_entropy,7.067817276673113,7.025396288995971,7.119442437764058,8
三个固定 GP 表达式的均值,1225,candidate_effective_arcs,1188.4623120493202,1133.4337330730139,1256.0805456150472,8
三个固定 GP 表达式的均值,1225,candidate_gini,0.8852013367782341,0.8810582539226001,0.8882839404453586,8
三个固定 GP 表达式的均值,1225,top500_mass,0.44269198455297354,0.4038435882853524,0.47451964238224226,8
三个固定 GP 表达式的均值,1225,top2500_mass,0.9878411302574064,0.9848857151978209,0.9902038422826938,8
三个固定 GP 表达式的均值,1225,floor_fraction,0.6957569444444445,0.5597259375,0.7971161805555557,8
三个固定 GP 表达式的均值,1225,source_edge_lift,9.601176681774472,9.358965329033737,9.849358252151347,8
三个固定 GP 表达式的均值,1225,current_best_edge_lift,9.465608178123468,9.155273188141168,9.720764462737346,8
三个固定 GP 表达式的均值,1225,global_best_edge_lift,9.283355852168466,8.96234015199171,9.595084123372393,8
三个固定 GP 表达式的均值,1225,reference_edge_lift,8.673831569876612,8.474950494314196,8.89404822625649,8
三个固定 GP 表达式的均值,1225,top500_persistence,0.48209412731756746,0.4023691786352301,0.5461832597522799,8
三个固定 GP 表达式的均值,1225,source_age,199.31944444444446,115.59652777777778,287.3888888888889,8
三个固定 GP 表达式的均值,1225,post_unique_tours,20.73611111111111,18.055555555555554,23.764236111111106,8
三个固定 GP 表达式的均值,1250,candidate_entropy,7.01244241392765,6.996779112300567,7.031055939642815,8
三个固定 GP 表达式的均值,1250,candidate_effective_arcs,1112.5480226786744,1094.4203740952607,1134.0111502312811,8
三个固定 GP 表达式的均值,1250,candidate_gini,0.8914024213518796,0.8912699476940185,0.8915646816572121,8
三个固定 GP 表达式的均值,1250,top500_mass,0.4747111953985762,0.464785761064875,0.4861320306709332,8
三个固定 GP 表达式的均值,1250,top2500_mass,0.9925110670554455,0.9924841954756028,0.992534188709477,8
三个固定 GP 表达式的均值,1250,floor_fraction,0.8785708333333334,0.8664875000000001,0.888438888888889,8
三个固定 GP 表达式的均值,1250,source_edge_lift,9.805153178038154,9.645670669025435,10.001706114598715,8
三个固定 GP 表达式的均值,1250,current_best_edge_lift,9.70617369084192,9.509220390294319,9.900218314941426,8
三个固定 GP 表达式的均值,1250,global_best_edge_lift,9.3880436600585,9.11855346712277,9.677151193890463,8
三个固定 GP 表达式的均值,1250,reference_edge_lift,8.77585724890464,8.58530238385033,8.993923408647564,8
三个固定 GP 表达式的均值,1250,top500_persistence,0.6074604864948001,0.5891264077234186,0.6215821906646274,8
三个固定 GP 表达式的均值,1250,source_age,222.79166666666669,151.52673611111112,300.9059027777777,8
三个固定 GP 表达式的均值,1250,post_unique_tours,20.208333333333332,18.166666666666664,22.52777777777778,8
三个固定 GP 表达式的均值,1275,candidate_entropy,6.999927241988518,6.990987891130708,7.008585924023464,8
三个固定 GP 表达式的均值,1275,candidate_effective_arcs,1097.490134378821,1087.3990220009575,1107.509840741779,8
三个固定 GP 表达式的均值,1275,candidate_gini,0.8915561702491233,0.891391957871734,0.891735293685814,8
三个固定 GP 表达式的均值,1275,top500_mass,0.4940014737491027,0.48495610910351344,0.5014990727679719,8
三个固定 GP 表达式的均值,1275,top2500_mass,0.9925298194427394,0.9925158757826336,0.992543216082196,8
三个固定 GP 表达式的均值,1275,floor_fraction,0.8855291666666667,0.8788125,0.8918279861111112,8
三个固定 GP 表达式的均值,1275,source_edge_lift,9.875954728141995,9.754349608629083,10.062447472278722,8
三个固定 GP 表达式的均值,1275,current_best_edge_lift,9.749166280773716,9.678783183031712,9.820606216713568,8
三个固定 GP 表达式的均值,1275,global_best_edge_lift,9.462351276523737,9.206068036421566,9.745257834638348,8
三个固定 GP 表达式的均值,1275,reference_edge_lift,8.814657682196527,8.603403160262733,9.04586562581671,8
三个固定 GP 表达式的均值,1275,top500_persistence,0.6159013106617366,0.6032053817095413,0.6317596447304464,8
三个固定 GP 表达式的均值,1275,source_age,240.52777777777777,160.3611111111111,330.02777777777777,8
三个固定 GP 表达式的均值,1275,post_unique_tours,20.458333333333332,18.13888888888889,22.694791666666664,8
三个固定 GP 表达式的均值,1300,candidate_entropy,7.453280733807009,7.23593328599803,7.698301698334534,8
三个固定 GP 表达式的均值,1300,candidate_effective_arcs,2943.9073052831545,1957.4233068830251,3931.2591350216962,8
三个固定 GP 表达式的均值,1300,candidate_gini,0.7057679558335086,0.60678666451023,0.8047867945327816,8
三个固定 GP 表达式的均值,1300,top500_mass,0.40207353880888125,0.3538036504789784,0.45304303304862925,8
三个固定 GP 表达式的均值,1300,top2500_mass,0.8378428475874906,0.7553475562846805,0.9203386028919219,8
三个固定 GP 表达式的均值,1300,floor_fraction,0.7049611111111111,0.6170123263888888,0.8017638888888889,8
三个固定 GP 表达式的均值,1300,source_edge_lift,8.016025976469473,7.135240748202093,8.945526869292635,8
三个固定 GP 表达式的均值,1300,current_best_edge_lift,8.020423304086954,7.138668573631684,8.888017566860103,8
三个固定 GP 表达式的均值,1300,global_best_edge_lift,7.583291223336919,6.759043443934245,8.362817353684154,8
三个固定 GP 表达式的均值,1300,reference_edge_lift,7.183330436483285,6.344514332487817,7.993878282631107,8
三个固定 GP 表达式的均值,1300,top500_persistence,0.5034739226712538,0.4344126363944495,0.5727992922103942,8
三个固定 GP 表达式的均值,1300,source_age,247.23611111111111,169.74791666666667,330.94444444444446,8
三个固定 GP 表达式的均值,1300,post_unique_tours,18.791666666666664,16.805555555555557,20.875,8
三个固定 GP 表达式的均值,1325,candidate_entropy,7.064921025646697,7.026742189340515,7.104051289904421,8
三个固定 GP 表达式的均值,1325,candidate_effective_arcs,1185.0305476483122,1136.5061948211799,1235.9142307861312,8
三个固定 GP 表达式的均值,1325,candidate_gini,0.8855022591110691,0.8826662068956245,0.8886328271416526,8
三个固定 GP 表达式的均值,1325,top500_mass,0.4552641066192508,0.42555278738543467,0.48473176511469657,8
三个固定 GP 表达式的均值,1325,top2500_mass,0.9881373350847433,0.9858162942516304,0.9904752301135192,8
三个固定 GP 表达式的均值,1325,floor_fraction,0.7085208333333333,0.6207472222222222,0.8061227083333333,8
三个固定 GP 表达式的均值,1325,source_edge_lift,9.579582403688416,9.42707614367544,9.717909974890809,8
三个固定 GP 表达式的均值,1325,current_best_edge_lift,9.528455804847567,9.306625970198333,9.736070827929975,8
三个固定 GP 表达式的均值,1325,global_best_edge_lift,9.084900875182647,8.942618602916639,9.217606589187211,8
三个固定 GP 表达式的均值,1325,reference_edge_lift,8.673960417784581,8.485713096990628,8.858031149500412,8
三个固定 GP 表达式的均值,1325,top500_persistence,0.48933432614446737,0.4301791471327791,0.5488782465441592,8
三个固定 GP 表达式的均值,1325,source_age,137.16666666666669,110.19375000000001,171.16875,8
三个固定 GP 表达式的均值,1325,post_unique_tours,21.5,19.416666666666668,23.666666666666664,8
三个固定 GP 表达式的均值,1350,candidate_entropy,7.011691918607301,6.997546394582578,7.025824378362181,8
三个固定 GP 表达式的均值,1350,candidate_effective_arcs,1111.6137097652354,1095.0924199801805,1128.1453941087454,8
三个固定 GP 表达式的均值,1350,candidate_gini,0.8914027811085193,0.8913015819423841,0.8914963840322574,8
三个固定 GP 表达式的均值,1350,top500_mass,0.46095661620459816,0.44192668163399895,0.48059998352887806,8
三个固定 GP 表达式的均值,1350,top2500_mass,0.9925124860997294,0.9924942589194123,0.9925301967008721,8
三个固定 GP 表达式的均值,1350,floor_fraction,0.8789708333333334,0.870517951388889,0.887358576388889,8
三个固定 GP 表达式的均值,1350,source_edge_lift,9.760459558534478,9.68454899651816,9.832447215977698,8
三个固定 GP 表达式的均值,1350,current_best_edge_lift,9.640152667666735,9.526308003544,9.758415762397078,8
三个固定 GP 表达式的均值,1350,global_best_edge_lift,9.238547097477353,9.112760977096585,9.369938967187531,8
三个固定 GP 表达式的均值,1350,reference_edge_lift,8.773740057974795,8.580617152224113,8.969078578939502,8
三个固定 GP 表达式的均值,1350,top500_persistence,0.6026527888415882,0.5872105896782345,0.619584416052014,8
三个固定 GP 表达式的均值,1350,source_age,141.83333333333334,128.22048611111111,157.2517361111111,8
三个固定 GP 表达式的均值,1350,post_unique_tours,20.361111111111114,17.791666666666664,23.041666666666664,8
三个固定 GP 表达式的均值,1375,candidate_entropy,7.001637761157594,6.991315644474261,7.011697468089443,8
三个固定 GP 表达式的均值,1375,candidate_effective_arcs,1099.608679866915,1087.777911666406,1111.171776208514,8
三个固定 GP 表达式的均值,1375,candidate_gini,0.8914598330341204,0.8913172028323917,0.8916115491467342,8
三个固定 GP 表达式的均值,1375,top500_mass,0.4904546447058781,0.4813882769622178,0.4985107495377944,8
三个固定 GP 表达式的均值,1375,top2500_mass,0.9925273131926678,0.992513976990503,0.9925399109596296,8
三个固定 GP 表达式的均值,1375,floor_fraction,0.8852027777777778,0.8789956597222223,0.8917597222222222,8
三个固定 GP 表达式的均值,1375,source_edge_lift,9.826941826569781,9.75330978418744,9.900998906551418,8
三个固定 GP 表达式的均值,1375,current_best_edge_lift,9.758995374425218,9.671446763092545,9.841728390459018,8
三个固定 GP 表达式的均值,1375,global_best_edge_lift,9.315244170974106,9.18132655481404,9.443547416262888,8
三个固定 GP 表达式的均值,1375,reference_edge_lift,8.804726341705237,8.596923794994574,9.008696912415783,8
三个固定 GP 表达式的均值,1375,top500_persistence,0.6044514782753513,0.5869045459907836,0.6270120237887383,8
三个固定 GP 表达式的均值,1375,source_age,165.7361111111111,144.6795138888889,191.8065972222222,8
三个固定 GP 表达式的均值,1375,post_unique_tours,19.375,16.708333333333332,22.0,8
三个固定 GP 表达式的均值,1400,candidate_entropy,7.39592151325116,7.205740653685394,7.583450752250152,8
三个固定 GP 表达式的均值,1400,candidate_effective_arcs,2701.1429657857016,1953.393712625997,3446.6335059340463,8
三个固定 GP 表达式的均值,1400,candidate_gini,0.7305752018871943,0.6563151524658802,0.8048423702144734,8
三个固定 GP 表达式的均值,1400,top500_mass,0.40891535575540383,0.3705677973305981,0.4472635941894588,8
三个固定 GP 表达式的均值,1400,top2500_mass,0.8584655764546909,0.7965828642455137,0.9203522641256354,8
三个固定 GP 表达式的均值,1400,floor_fraction,0.7279541666666667,0.6519166319444445,0.8056975347222223,8
三个固定 GP 表达式的均值,1400,source_edge_lift,8.212293826532886,7.457684984652137,8.979144227570892,8
三个固定 GP 表达式的均值,1400,current_best_edge_lift,8.22228007481867,7.4716893389350325,8.986181540737691,8
三个固定 GP 表达式的均值,1400,global_best_edge_lift,7.730683304440001,7.045998194366687,8.477669790588445,8
三个固定 GP 表达式的均值,1400,reference_edge_lift,7.373905718286576,6.772001702877148,7.99063990239874,8
三个固定 GP 表达式的均值,1400,top500_persistence,0.5045843611264098,0.4573473531368289,0.5522075843757722,8
三个固定 GP 表达式的均值,1400,source_age,174.875,123.77777777777777,222.18055555555554,8
三个固定 GP 表达式的均值,1400,post_unique_tours,19.34722222222222,17.84722222222222,21.166666666666664,8
三个固定 GP 表达式的均值,1425,candidate_entropy,7.054312785931447,7.020437822675927,7.087314911645562,8
三个固定 GP 表达式的均值,1425,candidate_effective_arcs,1170.639629998284,1127.2027313522813,1213.9909434229178,8
三个固定 GP 表达式的均值,1425,candidate_gini,0.8863605430467378,0.8840554799280798,0.8886907642227901,8
三个固定 GP 表达式的均值,1425,top500_mass,0.4489852878154507,0.4259032827711937,0.4713465690273775,8
三个固定 GP 表达式的均值,1425,top2500_mass,0.9887305748665969,0.9869711756669931,0.9904983455402735,8
三个固定 GP 表达式的均值,1425,floor_fraction,0.7322583333333335,0.6562930555555556,0.8087653819444445,8
三个固定 GP 表达式的均值,1425,source_edge_lift,9.612322274448164,9.48088139114252,9.742375748239757,8
三个固定 GP 表达式的均值,1425,current_best_edge_lift,9.526077562535448,9.340986258398086,9.701329345117347,8
三个固定 GP 表达式的均值,1425,global_best_edge_lift,9.072403632639597,8.909874310485803,9.238691920941907,8
三个固定 GP 表达式的均值,1425,reference_edge_lift,8.668503145090197,8.512276954314743,8.824586516344452,8
三个固定 GP 表达式的均值,1425,top500_persistence,0.5047412337470607,0.4572737214236421,0.5548267741691656,8
三个固定 GP 表达式的均值,1425,source_age,135.66666666666669,87.85972222222223,183.7642361111111,8
三个固定 GP 表达式的均值,1425,post_unique_tours,21.25,17.916666666666668,24.38888888888889,8
三个固定 GP 表达式的均值,1450,candidate_entropy,7.007607549532751,6.994178130203213,7.019558317389688,8
三个固定 GP 表达式的均值,1450,candidate_effective_arcs,1106.8726300247304,1091.1184882082384,1121.0540106748306,8
三个固定 GP 表达式的均值,1450,candidate_gini,0.8913626502768103,0.8912864850367594,0.8914375656258446,8
三个固定 GP 表达式的均值,1450,top500_mass,0.4772055050645496,0.4637489572187856,0.49069779023678034,8
三个固定 GP 表达式的均值,1450,top2500_mass,0.9925172118811048,0.9924996718124992,0.9925359859445942,8
三个固定 GP 表达式的均值,1450,floor_fraction,0.8818458333333334,0.8743152777777778,0.8898922569444445,8
三个固定 GP 表达式的均值,1450,source_edge_lift,9.767950009351836,9.708150489554843,9.832470158382595,8
三个固定 GP 表达式的均值,1450,current_best_edge_lift,9.699438547059383,9.602260149771423,9.801456303477025,8
三个固定 GP 表达式的均值,1450,global_best_edge_lift,9.184119295523608,9.029987237912746,9.347437278911706,8
三个固定 GP 表达式的均值,1450,reference_edge_lift,8.748987474841538,8.582421080312905,8.91265060275048,8
三个固定 GP 表达式的均值,1450,top500_persistence,0.6096219966451135,0.5989814639204026,0.6199894476804145,8
三个固定 GP 表达式的均值,1450,source_age,149.97222222222223,93.73368055555557,204.90277777777777,8
三个固定 GP 表达式的均值,1450,post_unique_tours,20.15277777777778,17.319444444444443,22.986111111111114,8
三个固定 GP 表达式的均值,1475,candidate_entropy,6.996657523997617,6.9883151748451695,7.005005742765696,8
三个固定 GP 表达式的均值,1475,candidate_effective_arcs,1093.782007307146,1084.1872514978024,1103.22858441251,8
三个固定 GP 表达式的均值,1475,candidate_gini,0.8914924844465353,0.8913658523776383,0.8916039346230863,8
三个固定 GP 表达式的均值,1475,top500_mass,0.47533379941707354,0.46117364857755655,0.4892063634870328,8
三个固定 GP 表达式的均值,1475,top2500_mass,0.9925342006197779,0.9925210099954173,0.9925475683073708,8
三个固定 GP 表达式的均值,1475,floor_fraction,0.8876263888888889,0.8827805555555557,0.8928750000000001,8
三个固定 GP 表达式的均值,1475,source_edge_lift,9.828329198867861,9.77521702743389,9.881320919929982,8
三个固定 GP 表达式的均值,1475,current_best_edge_lift,9.797274657254295,9.729245789846253,9.86382802467932,8
三个固定 GP 表达式的均值,1475,global_best_edge_lift,9.285368002135819,9.112455293856032,9.461587261950296,8
三个固定 GP 表达式的均值,1475,reference_edge_lift,8.788342128023828,8.609139176011828,8.968491501837095,8
三个固定 GP 表达式的均值,1475,top500_persistence,0.6248692338341284,0.6081222839228935,0.643571000466874,8
三个固定 GP 表达式的均值,1475,source_age,202.59722222222223,125.52777777777777,275.6527777777777,8
三个固定 GP 表达式的均值,1475,post_unique_tours,20.180555555555557,17.70798611111111,22.61111111111111,8
三个固定 GP 表达式的均值,1500,candidate_entropy,7.14267467023763,7.018620561677084,7.269203560662929,8
三个固定 GP 表达式的均值,1500,candidate_effective_arcs,1703.291950520164,1325.008297306412,2202.3385276181543,8
三个固定 GP 表达式的均值,1500,candidate_gini,0.8295869988511537,0.7800910819728811,0.8789642645707069,8
三个固定 GP 表达式的均值,1500,top500_mass,0.4634043616981399,0.43639043071424344,0.48894797738369833,8
三个固定 GP 表达式的均值,1500,top2500_mass,0.940979794212515,0.8997223906214449,0.9822307766737651,8
三个固定 GP 表达式的均值,1500,floor_fraction,0.8304930555555556,0.7791185416666667,0.8804651041666667,8
三个固定 GP 表达式的均值,1500,source_edge_lift,9.273192221491726,8.741745958496548,9.776312353215214,8
三个固定 GP 表达式的均值,1500,current_best_edge_lift,9.239225656124752,8.727146584395115,9.744467619038765,8
三个固定 GP 表达式的均值,1500,global_best_edge_lift,8.762565890316072,8.139531181456547,9.337527974501974,8
三个固定 GP 表达式的均值,1500,reference_edge_lift,8.279434106586914,7.67498680008045,8.821934964164917,8
三个固定 GP 表达式的均值,1500,top500_persistence,0.5799488069730323,0.5400416570057227,0.6160338644994413,8
三个固定 GP 表达式的均值,1500,source_age,231.36111111111111,167.86111111111111,288.6388888888889,8
三个固定 GP 表达式的均值,1500,post_unique_tours,19.819444444444446,17.097222222222225,22.51388888888889,8
三个固定 GP 表达式的均值,1525,candidate_entropy,7.009810500141229,6.989125170681549,7.032263491726237,8
三个固定 GP 表达式的均值,1525,candidate_effective_arcs,1113.205360462052,1085.974595963548,1142.1608374427265,8
三个固定 GP 表达式的均值,1525,candidate_gini,0.8894140249494048,0.8879150729703087,0.8908874880656015,8
三个固定 GP 表达式的均值,1525,top500_mass,0.47864321096220064,0.46168703348820506,0.49332538133323944,8
三个固定 GP 表达式的均值,1525,top2500_mass,0.9910833803655085,0.989905127251027,0.9922560479790186,8
三个固定 GP 表达式的均值,1525,floor_fraction,0.8343819444444446,0.7831041666666667,0.8849418055555556,8
三个固定 GP 表达式的均值,1525,source_edge_lift,9.784029769128011,9.675530659906785,9.884772466644037,8
三个固定 GP 表达式的均值,1525,current_best_edge_lift,9.735229583883708,9.616855162460958,9.842961991761513,8
三个固定 GP 表达式的均值,1525,global_best_edge_lift,9.295324281695894,9.012908047385174,9.563897251211586,8
三个固定 GP 表达式的均值,1525,reference_edge_lift,8.7876751959324,8.556010852461807,9.036598554133235,8
三个固定 GP 表达式的均值,1525,top500_persistence,0.5675178182092675,0.537217086331913,0.5979737711351996,8
三个固定 GP 表达式的均值,1525,source_age,274.69444444444446,136.2621527777778,419.7083333333333,8
三个固定 GP 表达式的均值,1525,post_unique_tours,19.36111111111111,16.875,22.000347222222217,8
三个固定 GP 表达式的均值,1550,candidate_entropy,6.990630982407952,6.982416963209024,7.0003304046720345,8
三个固定 GP 表达式的均值,1550,candidate_effective_arcs,1087.2171333442325,1077.8070417734145,1098.3012883575502,8
三个固定 GP 表达式的均值,1550,candidate_gini,0.8912982375708518,0.8912020996623886,0.8914031809090022,8
三个固定 GP 表达式的均值,1550,top500_mass,0.48740370193082627,0.47721782289452075,0.4958610228485374,8
三个固定 GP 表达式的均值,1550,top2500_mass,0.9925420732257384,0.9925299987381947,0.9925542817358476,8
三个固定 GP 表达式的均值,1550,floor_fraction,0.8919875,0.8863180555555557,0.8972139236111112,8
三个固定 GP 表达式的均值,1550,source_edge_lift,9.870884053006602,9.807350507322436,9.944926281634665,8
三个固定 GP 表达式的均值,1550,current_best_edge_lift,9.84957468745629,9.74544625240446,9.973315281887864,8
三个固定 GP 表达式的均值,1550,global_best_edge_lift,9.368169954567456,9.103356769046723,9.62415958847236,8
三个固定 GP 表达式的均值,1550,reference_edge_lift,8.827274095862215,8.600785493481776,9.064248915484237,8
三个固定 GP 表达式的均值,1550,top500_persistence,0.6065881396389595,0.5987146468900633,0.6152370961212411,8
三个固定 GP 表达式的均值,1550,source_age,273.7222222222222,143.59375,416.50902777777765,8
三个固定 GP 表达式的均值,1550,post_unique_tours,17.291666666666668,14.527777777777779,20.23611111111111,8
三个固定 GP 表达式的均值,1575,candidate_entropy,6.987444755636172,6.981342128611835,6.9933340934404535,8
三个固定 GP 表达式的均值,1575,candidate_effective_arcs,1083.3976241579257,1076.373857068967,1090.1705496868274,8
三个固定 GP 表达式的均值,1575,candidate_gini,0.8913175688489564,0.8912252254487707,0.8914139699013354,8
三个固定 GP 表达式的均值,1575,top500_mass,0.49362072081830155,0.4872898534822815,0.4976607980870194,8
三个固定 GP 表达式的均值,1575,top2500_mass,0.9925490521419926,0.9925398949448246,0.9925580309648196,8
三个固定 GP 表达式的均值,1575,floor_fraction,0.8939555555555556,0.8902623611111112,0.8976125,8
三个固定 GP 表达式的均值,1575,source_edge_lift,9.889490651736452,9.834170162383943,9.961976028344727,8
三个固定 GP 表达式的均值,1575,current_best_edge_lift,9.889224747301315,9.809303685857701,9.997400266860101,8
三个固定 GP 表达式的均值,1575,global_best_edge_lift,9.496920146441365,9.257669770231267,9.721355759857065,8
三个固定 GP 表达式的均值,1575,reference_edge_lift,8.845994667228648,8.601818222034343,9.10673792310238,8
三个固定 GP 表达式的均值,1575,top500_persistence,0.599345390340071,0.584566257637286,0.613978127718248,8
三个固定 GP 表达式的均值,1575,source_age,344.33333333333337,206.93055555555554,495.5993055555555,8
三个固定 GP 表达式的均值,1575,post_unique_tours,18.236111111111114,15.916666666666666,20.291666666666664,8
三个固定 GP 表达式的均值,1600,candidate_entropy,7.1701441166159405,7.042557340703185,7.32632559427871,8
三个固定 GP 表达式的均值,1600,candidate_effective_arcs,1823.519538983614,1323.080813534026,2444.8686754688256,8
三个固定 GP 表达式的均值,1600,candidate_gini,0.81704488816109,0.7552047662790122,0.866572329507482,8
三个固定 GP 表达式的均值,1600,top500_mass,0.45434350929770784,0.4192296891921408,0.48439906006764205,8
三个固定 GP 表达式的均值,1600,top2500_mass,0.9306735032707963,0.879105516199215,0.9719326026713233,8
三个固定 GP 表达式的均值,1600,floor_fraction,0.8212791666666668,0.7574430555555556,0.8734888888888889,8
三个固定 GP 表达式的均值,1600,source_edge_lift,9.185658906985145,8.524507087298726,9.77378308842967,8
三个固定 GP 表达式的均值,1600,current_best_edge_lift,9.162262921355541,8.510837858201787,9.736602248189499,8
三个固定 GP 表达式的均值,1600,global_best_edge_lift,8.829355922808647,8.172983698526249,9.466009572671187,8
三个固定 GP 表达式的均值,1600,reference_edge_lift,8.190093414850253,7.513983974082087,8.855762046177793,8
三个固定 GP 表达式的均值,1600,top500_persistence,0.5485338447119372,0.5061899944236061,0.5878559397280362,8
三个固定 GP 表达式的均值,1600,source_age,388.13888888888886,229.31805555555553,560.6805555555555,8
三个固定 GP 表达式的均值,1600,post_unique_tours,17.0,14.51388888888889,19.416666666666668,8
三个固定 GP 表达式的均值,1625,candidate_entropy,7.0141801634502725,6.990617434473982,7.041685630862765,8
三个固定 GP 表达式的均值,1625,candidate_effective_arcs,1119.1439395022762,1088.1015097498985,1153.4637271616234,8
三个固定 GP 表达式的均值,1625,candidate_gini,0.8889847934037481,0.8870880557468017,0.8905795891599076,8
三个固定 GP 表达式的均值,1625,top500_mass,0.4717673324611932,0.4509117115078811,0.489653726074768,8
三个固定 GP 表达式的均值,1625,top2500_mass,0.9907864950884078,0.989315422069088,0.9919730682854929,8
三个固定 GP 表达式的均值,1625,floor_fraction,0.8228027777777779,0.7597845833333334,0.8742793402777779,8
三个固定 GP 表达式的均值,1625,source_edge_lift,9.806382236665232,9.665561879571097,9.963111460057643,8
三个固定 GP 表达式的均值,1625,current_best_edge_lift,9.828299172014122,9.625859770555472,10.105412667147078,8
三个固定 GP 表达式的均值,1625,global_best_edge_lift,9.432674352728656,9.156268259166103,9.693085802248307,8
三个固定 GP 表达式的均值,1625,reference_edge_lift,8.786717252632181,8.513317941252714,9.085998520700533,8
三个固定 GP 表达式的均值,1625,top500_persistence,0.5502036923920606,0.5110560012234349,0.5856745887170314,8
三个固定 GP 表达式的均值,1625,source_age,447.125,305.93055555555554,584.3333333333334,8
三个固定 GP 表达式的均值,1625,post_unique_tours,18.958333333333332,16.930555555555557,20.930555555555557,8
三个固定 GP 表达式的均值,1650,candidate_entropy,6.99207063235908,6.982857166343447,7.002900008980952,8
三个固定 GP 表达式的均值,1650,candidate_effective_arcs,1088.956241942356,1078.1870317449502,1101.5669515207182,8
三个固定 GP 表达式的均值,1650,candidate_gini,0.8913063133282377,0.8912141515041897,0.8914144953565194,8
三个固定 GP 表达式的均值,1650,top500_mass,0.48280632695546705,0.4709127993802692,0.49271529124028873,8
三个固定 GP 表达式的均值,1650,top2500_mass,0.9925398235755992,0.9925220322243764,0.9925562235213099,8
三个固定 GP 表达式的均值,1650,floor_fraction,0.8910527777777777,0.8836180555555555,0.8972152777777778,8
三个固定 GP 表达式的均值,1650,source_edge_lift,9.87387697114254,9.79425821957607,9.971530187712784,8
三个固定 GP 表达式的均值,1650,current_best_edge_lift,9.857753218015613,9.731453130772692,10.013172503864288,8
三个固定 GP 表达式的均值,1650,global_best_edge_lift,9.487844566645938,9.22145943567778,9.722879228959048,8
三个固定 GP 表达式的均值,1650,reference_edge_lift,8.830295719860016,8.57935933497145,9.123498701985813,8
三个固定 GP 表达式的均值,1650,top500_persistence,0.5989068633293135,0.5880176912890559,0.6094754283845168,8
三个固定 GP 表达式的均值,1650,source_age,476.47222222222223,330.3833333333334,615.2437499999999,8
三个固定 GP 表达式的均值,1650,post_unique_tours,16.694444444444443,14.51388888888889,18.97222222222222,8
三个固定 GP 表达式的均值,1675,candidate_entropy,6.98939365910724,6.981410991083357,6.997632122229802,8
三个固定 GP 表达式的均值,1675,candidate_effective_arcs,1085.6458521073841,1076.59679778868,1095.0098944248348,8
三个固定 GP 表达式的均值,1675,candidate_gini,0.8913639015468222,0.8912364324216624,0.8914932647698555,8
三个固定 GP 表达式的均值,1675,top500_mass,0.48584399436862513,0.4737145481551459,0.49585917476932806,8
三个固定 GP 表达式的均值,1675,top2500_mass,0.9925464809655423,0.9925318005299266,0.99255969296365,8
三个固定 GP 表达式的均值,1675,floor_fraction,0.8927097222222222,0.8874944444444445,0.8973708333333332,8
三个固定 GP 表达式的均值,1675,source_edge_lift,9.89644688728958,9.826026267443991,9.99039336370377,8
三个固定 GP 表达式的均值,1675,current_best_edge_lift,9.876016455030825,9.77215364950962,10.013352989423394,8
三个固定 GP 表达式的均值,1675,global_best_edge_lift,9.59226343036844,9.325879435486236,9.832627073498895,8
三个固定 GP 表达式的均值,1675,reference_edge_lift,8.866651459267173,8.61550460507543,9.149183993228771,8
三个固定 GP 表达式的均值,1675,top500_persistence,0.6091168447044404,0.5967074684270149,0.6218945028706466,8
三个固定 GP 表达式的均值,1675,source_age,514.8055555555555,348.8857638888889,682.2638888888888,8
三个固定 GP 表达式的均值,1675,post_unique_tours,16.430555555555557,14.083333333333332,18.694791666666664,8
三个固定 GP 表达式的均值,1700,candidate_entropy,7.355910128428004,7.110011627293742,7.696907762853984,8
三个固定 GP 表达式的均值,1700,candidate_effective_arcs,2567.132484573193,1578.0065595507515,3932.0719199926384,8
三个固定 GP 表达式的均值,1700,candidate_gini,0.7427782917118337,0.6065513161618721,0.8417802609555756,8
三个固定 GP 表达式的均值,1700,top500_mass,0.4160011288250368,0.34769893163815985,0.4630358498624945,8
三个固定 GP 表达式的均值,1700,top2500_mass,0.8687909429974006,0.7553449295673553,0.9512950079303895,8
三个固定 GP 表达式的均值,1700,floor_fraction,0.7455375,0.6085734027777779,0.8434419791666666,8
三个固定 GP 表达式的均值,1700,source_edge_lift,8.431981006058194,7.038608253110696,9.399438751749283,8
三个固定 GP 表达式的均值,1700,current_best_edge_lift,8.436240389033701,7.033430784519059,9.404812898148347,8
三个固定 GP 表达式的均值,1700,global_best_edge_lift,8.153239252447285,6.811856370704006,9.09593931377138,8
三个固定 GP 表达式的均值,1700,reference_edge_lift,7.550988339627574,6.33909217097021,8.331723436485975,8
三个固定 GP 表达式的均值,1700,top500_persistence,0.5107075313586193,0.41575799113172274,0.5773935430772057,8
三个固定 GP 表达式的均值,1700,source_age,521.9444444444445,362.25,670.2281249999999,8
三个固定 GP 表达式的均值,1700,post_unique_tours,16.416666666666668,14.708333333333332,18.02777777777778,8
三个固定 GP 表达式的均值,1725,candidate_entropy,7.044284419338791,7.003577377724926,7.10212528002989,8
三个固定 GP 表达式的均值,1725,candidate_effective_arcs,1158.3113597997346,1104.8273595123524,1232.682338060818,8
三个固定 GP 表达式的均值,1725,candidate_gini,0.8866839736707055,0.8824057673173987,0.8897517633331962,8
三个固定 GP 表达式的均值,1725,top500_mass,0.47745614900694316,0.4666856823664449,0.48776188803051207,8
三个固定 GP 表达式的均值,1725,top2500_mass,0.9890234966452892,0.9857870025257639,0.9913751167554982,8
三个固定 GP 表达式的均值,1725,floor_fraction,0.7471986111111111,0.6089861111111112,0.8458819444444445,8
三个固定 GP 表达式的均值,1725,source_edge_lift,9.689222270399537,9.431789790703068,9.876630529168489,8
三个固定 GP 表达式的均值,1725,current_best_edge_lift,9.564209522866827,9.25017736792625,9.783026534469219,8
三个固定 GP 表达式的均值,1725,global_best_edge_lift,9.406176269306055,9.14408013374809,9.659091002200281,8
三个固定 GP 表达式的均值,1725,reference_edge_lift,8.759936504676734,8.522320063376661,9.026730536561681,8
三个固定 GP 表达式的均值,1725,top500_persistence,0.5146987906151357,0.42230520404314914,0.5816021679108924,8
三个固定 GP 表达式的均值,1725,source_age,382.6666666666667,246.67986111111114,508.14131944444443,8
三个固定 GP 表达式的均值,1725,post_unique_tours,19.666666666666664,17.38888888888889,22.236111111111107,8
三个固定 GP 表达式的均值,1750,candidate_entropy,7.00661347142773,6.99012777567954,7.029779880736128,8
三个固定 GP 表达式的均值,1750,candidate_effective_arcs,1105.9432469389196,1086.7506602053622,1132.5477780348224,8
三个固定 GP 表达式的均值,1750,candidate_gini,0.8913179532605569,0.891254739108074,0.8913973786524882,8
三个固定 GP 表达式的均值,1750,top500_mass,0.4779382180209636,0.46156134621920764,0.4912502294432047,8
三个固定 GP 表达式的均值,1750,top2500_mass,0.9925201631707323,0.9924857495093327,0.9925453753032503,8
三个固定 GP 表达式的均值,1750,floor_fraction,0.8830125,0.8685791666666667,0.8928680555555555,8
三个固定 GP 表达式的均值,1750,source_edge_lift,9.810961703046885,9.642907387003145,9.972666522037596,8
三个固定 GP 表达式的均值,1750,current_best_edge_lift,9.717538650562,9.506003942495562,9.876874442923837,8
三个固定 GP 表达式的均值,1750,global_best_edge_lift,9.508567056376377,9.2826046328534,9.737549426529661,8
三个固定 GP 表达式的均值,1750,reference_edge_lift,8.841008689941702,8.620623098073256,9.08333218246382,8
三个固定 GP 表达式的均值,1750,top500_persistence,0.6128841142389068,0.6030881018464584,0.6219932496180088,8
三个固定 GP 表达式的均值,1750,source_age,454.6666666666667,309.69444444444446,607.4166666666667,8
三个固定 GP 表达式的均值,1750,post_unique_tours,19.625,17.48611111111111,21.875,8
三个固定 GP 表达式的均值,1775,candidate_entropy,6.998992621924142,6.987517809858112,7.01524489118993,8
三个固定 GP 表达式的均值,1775,candidate_effective_arcs,1096.748123359536,1083.7318302048825,1115.378312948993,8
三个固定 GP 表达式的均值,1775,candidate_gini,0.8913966546959521,0.8913014804410808,0.8915174896587411,8
三个固定 GP 表达式的均值,1775,top500_mass,0.493025647302448,0.4869854845913754,0.4980328614148686,8
三个固定 GP 表达式的均值,1775,top2500_mass,0.9925323551070848,0.9925077963794496,0.9925511249224404,8
三个固定 GP 表达式的均值,1775,floor_fraction,0.8868097222222222,0.8767651041666666,0.8939166666666667,8
三个固定 GP 表达式的均值,1775,source_edge_lift,9.858703878524494,9.718884942236699,10.018259267529466,8
三个固定 GP 表达式的均值,1775,current_best_edge_lift,9.764646213425795,9.59476949620046,9.884216258705681,8
三个固定 GP 表达式的均值,1775,global_best_edge_lift,9.603557325106973,9.388241387010847,9.822905931125833,8
三个固定 GP 表达式的均值,1775,reference_edge_lift,8.889867681351301,8.68725604620631,9.126463046410938,8
三个固定 GP 表达式的均值,1775,top500_persistence,0.604485813493028,0.5927495427255389,0.6156894837009457,8
三个固定 GP 表达式的均值,1775,source_age,503.79166666666663,387.40277777777777,634.9166666666666,8
三个固定 GP 表达式的均值,1775,post_unique_tours,18.875,17.166666666666664,20.98611111111111,8
三个固定 GP 表达式的均值,1800,candidate_entropy,7.486918699072177,7.236865894451578,7.71898340173109,8
三个固定 GP 表达式的均值,1800,candidate_effective_arcs,3070.9607519961028,2077.095259999386,4061.283745892697,8
三个固定 GP 表达式的均值,1800,candidate_gini,0.6934124731111737,0.5945063901602399,0.792350443348336,8
三个固定 GP 表达式的均值,1800,top500_mass,0.39512063899176386,0.3512960021314473,0.4391335965405241,8
三个固定 GP 表达式的均值,1800,top2500_mass,0.8275287796313713,0.7450289869869492,0.9100415725582864,8
三个固定 GP 表达式的均值,1800,floor_fraction,0.6915833333333333,0.5947275694444444,0.7930637847222223,8
三个固定 GP 表达式的均值,1800,source_edge_lift,7.9137131502970846,6.971309172626125,8.90264289099889,8
三个固定 GP 表达式的均值,1800,current_best_edge_lift,7.886656228305323,6.926589710817329,8.885613796405014,8
三个固定 GP 表达式的均值,1800,global_best_edge_lift,7.630003211702945,6.722476203525192,8.56496786937977,8
三个固定 GP 表达式的均值,1800,reference_edge_lift,7.106494042969537,6.351015365789779,7.907608808563564,8
三个固定 GP 表达式的均值,1800,top500_persistence,0.4825461740168441,0.42287256787105654,0.5455554107134203,8
三个固定 GP 表达式的均值,1800,source_age,521.7638888888889,403.8309027777778,651.1003472222221,8
三个固定 GP 表达式的均值,1800,post_unique_tours,17.916666666666664,15.63888888888889,20.555902777777774,8
三个固定 GP 表达式的均值,1825,candidate_entropy,7.068227732543352,7.024140158583776,7.109247392254363,8
三个固定 GP 表达式的均值,1825,candidate_effective_arcs,1188.8913015113662,1133.4609718414881,1243.0444174959305,8
三个固定 GP 表达式的均值,1825,candidate_gini,0.8852453254742148,0.8823712426074748,0.8882691345712355,8
三个固定 GP 表达式的均值,1825,top500_mass,0.4448367769869833,0.4180442186021379,0.4710323670197555,8
三个固定 GP 表达式的均值,1825,top2500_mass,0.9878298560535855,0.9857465604168736,0.9901965172625391,8
三个固定 GP 表达式的均值,1825,floor_fraction,0.6950263888888889,0.5973555555555555,0.7957085069444446,8
三个固定 GP 表达式的均值,1825,source_edge_lift,9.590135925783837,9.393143198585138,9.771089061331892,8
三个固定 GP 表达式的均值,1825,current_best_edge_lift,9.478736706418578,9.244547097963526,9.715139529009605,8
三个固定 GP 表达式的均值,1825,global_best_edge_lift,9.262799946283423,9.001686056094629,9.484656210607502,8
三个固定 GP 表达式的均值,1825,reference_edge_lift,8.69339392186285,8.531715816261588,8.864438965680028,8
三个固定 GP 表达式的均值,1825,top500_persistence,0.47941017380737183,0.41912597836091686,0.5420477845877528,8
三个固定 GP 表达式的均值,1825,source_age,359.75,207.78819444444443,503.7225694444444,8
三个固定 GP 表达式的均值,1825,post_unique_tours,21.11111111111111,18.291666666666668,24.555555555555557,8
三个固定 GP 表达式的均值,1850,candidate_entropy,7.012905513064695,6.996957978124516,7.028234602232364,8
三个固定 GP 表达式的均值,1850,candidate_effective_arcs,1113.0737711263773,1094.511043825899,1130.7121097826996,8
三个固定 GP 表达式的均值,1850,candidate_gini,0.8914663798796897,0.8913415340481443,0.8915996000000844,8
三个固定 GP 表达式的均值,1850,top500_mass,0.47748678001794154,0.45865384776865353,0.4925371694890424,8
三个固定 GP 表达式的均值,1850,top2500_mass,0.99250786864473,0.9924822313476788,0.9925338469456415,8
三个固定 GP 表达式的均值,1850,floor_fraction,0.8776305555555557,0.8681527777777779,0.8876048611111111,8
三个固定 GP 表达式的均值,1850,source_edge_lift,9.794992469034362,9.668005815949124,9.930669129330111,8
三个固定 GP 表达式的均值,1850,current_best_edge_lift,9.658170765814207,9.53156493691165,9.792780894200598,8
三个固定 GP 表达式的均值,1850,global_best_edge_lift,9.395806796675878,9.150620658246265,9.596155109269155,8
三个固定 GP 表达式的均值,1850,reference_edge_lift,8.810750031625638,8.631262229011394,9.003931573527987,8
三个固定 GP 表达式的均值,1850,top500_persistence,0.6027003972673346,0.5897643703080355,0.6146973382782035,8
三个固定 GP 表达式的均值,1850,source_age,374.70833333333337,217.7361111111111,516.5482638888889,8
三个固定 GP 表达式的均值,1850,post_unique_tours,20.430555555555557,17.75,23.25,8
三个固定 GP 表达式的均值,1875,candidate_entropy,7.002778894206578,6.991228174281863,7.014450249873709,8
三个固定 GP 表达式的均值,1875,candidate_effective_arcs,1100.9132821324429,1086.9601456727887,1113.917101581629,8
三个固定 GP 表达式的均值,1875,candidate_gini,0.8915413219439027,0.8913900916073434,0.8916846876739374,8
三个固定 GP 表达式的均值,1875,top500_mass,0.48697323518292734,0.47553818116393975,0.49686815434816917,8
三个固定 GP 表达式的均值,1875,top2500_mass,0.9925247462626561,0.99250549833587,0.9925437827836598,8
三个固定 GP 表达式的均值,1875,floor_fraction,0.8841527777777778,0.8771416666666667,0.8915878819444445,8
三个固定 GP 表达式的均值,1875,source_edge_lift,9.830869113492923,9.73877078060296,9.929311172917648,8
三个固定 GP 表达式的均值,1875,current_best_edge_lift,9.774622135747487,9.661793692264075,9.888058045982392,8
三个固定 GP 表达式的均值,1875,global_best_edge_lift,9.463934942485977,9.21338973520076,9.676826972505685,8
三个固定 GP 表达式的均值,1875,reference_edge_lift,8.83175979462391,8.640087991728691,9.045965684555359,8
三个固定 GP 表达式的均值,1875,top500_persistence,0.6168053439724179,0.6004188305746196,0.6320550696584186,8
三个固定 GP 表达式的均值,1875,source_age,405.19444444444446,261.875,535.9861111111111,8
三个固定 GP 表达式的均值,1875,post_unique_tours,19.833333333333332,17.25,22.583333333333332,8
三个固定 GP 表达式的均值,1900,candidate_entropy,7.362608412229925,7.115259682338351,7.638421223330963,8
三个固定 GP 表达式的均值,1900,candidate_effective_arcs,2574.563380657135,1582.2038799201307,3690.0304243931646,8
三个固定 GP 表达式的均值,1900,candidate_gini,0.7429641172059147,0.6315107092048933,0.842058981109743,8
三个固定 GP 表达式的均值,1900,top500_mass,0.4219745315320458,0.36534605440971496,0.47236502872894304,8
三个固定 GP 表达式的均值,1900,top2500_mass,0.8687787718875422,0.7759606782744152,0.9512865724543548,8
三个固定 GP 表达式的均值,1900,floor_fraction,0.7409013888888888,0.6286611111111111,0.8406305555555555,8
三个固定 GP 表达式的均值,1900,source_edge_lift,8.405558305934795,7.237759243976687,9.433375628137219,8
三个固定 GP 表达式的均值,1900,current_best_edge_lift,8.380390908438851,7.258942396841256,9.378746829491318,8
三个固定 GP 表达式的均值,1900,global_best_edge_lift,8.01507788125479,6.93737355210185,8.990875747918288,8
三个固定 GP 表达式的均值,1900,reference_edge_lift,7.565569848297507,6.483232868446926,8.529544062638157,8
三个固定 GP 表达式的均值,1900,top500_persistence,0.5333413620518871,0.4636201060759036,0.5961073785461777,8
三个固定 GP 表达式的均值,1900,source_age,437.7638888888889,280.98611111111114,586.4194444444445,8
三个固定 GP 表达式的均值,1900,post_unique_tours,18.51388888888889,16.833333333333332,20.569444444444446,8
三个固定 GP 表达式的均值,1925,candidate_entropy,7.046333762640069,7.004161605172485,7.093100392413206,8
三个固定 GP 表达式的均值,1925,candidate_effective_arcs,1160.82825104049,1106.2837372653796,1222.1371545943698,8
三个固定 GP 表达式的均值,1925,candidate_gini,0.886663958782858,0.8831287951965254,0.8898088090976496,8
三个固定 GP 表达式的均值,1925,top500_mass,0.4549122912019529,0.42017514717263843,0.4848200100028405,8
三个固定 GP 表达式的均值,1925,top2500_mass,0.9890215962257534,0.9863853464793965,0.9913662004556442,8
三个固定 GP 表达式的均值,1925,floor_fraction,0.7461541666666667,0.6341722222222222,0.8458527777777778,8
三个固定 GP 表达式的均值,1925,source_edge_lift,9.68971070202996,9.462373154876785,9.93754097996171,8
三个固定 GP 表达式的均值,1925,current_best_edge_lift,9.589828401292989,9.329367057239839,9.845136486630157,8
三个固定 GP 表达式的均值,1925,global_best_edge_lift,9.223775436412993,8.944156514519522,9.544062078973933,8
三个固定 GP 表达式的均值,1925,reference_edge_lift,8.739181427513504,8.509068571260318,8.992496934568111,8
三个固定 GP 表达式的均值,1925,top500_persistence,0.5249523521559238,0.4520118038821145,0.5909222074748469,8
三个固定 GP 表达式的均值,1925,source_age,294.16666666666663,188.090625,393.7222222222222,8
三个固定 GP 表达式的均值,1925,post_unique_tours,21.38888888888889,18.63888888888889,23.97222222222222,8
三个固定 GP 表达式的均值,1950,candidate_entropy,7.008561344364978,6.989823217841297,7.029419174785789,8
三个固定 GP 表达式的均值,1950,candidate_effective_arcs,1108.307345181557,1086.8301454192801,1132.639458873828,8
三个固定 GP 表达式的均值,1950,candidate_gini,0.8912508288028143,0.89118098214418,0.8913218928998876,8
三个固定 GP 表达式的均值,1950,top500_mass,0.46969935250510064,0.45032336127835204,0.4867545082375099,8
三个固定 GP 表达式的均值,1950,top2500_mass,0.9925177130556173,0.9924928770813959,0.9925400235397841,8
三个固定 GP 表达式的均值,1950,floor_fraction,0.8825708333333333,0.8710930555555556,0.8929513888888889,8
三个固定 GP 表达式的均值,1950,source_edge_lift,9.81713110926177,9.648936289989535,10.018905077649283,8
三个固定 GP 表达式的均值,1950,current_best_edge_lift,9.702369684783957,9.512507713921082,9.875228510649226,8
三个固定 GP 表达式的均值,1950,global_best_edge_lift,9.337837985559288,9.074859877158563,9.631754742662183,8
三个固定 GP 表达式的均值,1950,reference_edge_lift,8.83112344702044,8.62562537448574,9.079893865628074,8
三个固定 GP 表达式的均值,1950,top500_persistence,0.6145292956929476,0.6058170164201245,0.6244791284712969,8
三个固定 GP 表达式的均值,1950,source_age,288.0277777777777,193.12118055555555,378.41666666666663,8
三个固定 GP 表达式的均值,1950,post_unique_tours,19.75,17.36111111111111,22.22222222222222,8
三个固定 GP 表达式的均值,1975,candidate_entropy,6.99976651785223,6.9860923956891545,7.015512405300565,8
三个固定 GP 表达式的均值,1975,candidate_effective_arcs,1097.5649676294656,1082.1395395179848,1115.2059434350297,8
三个固定 GP 表达式的均值,1975,candidate_gini,0.8914170903005819,0.8912740497563604,0.8915732164657909,8
三个固定 GP 表达式的均值,1975,top500_mass,0.48601936302234044,0.47138741222138425,0.497135031885768,8
三个固定 GP 表达式的均值,1975,top2500_mass,0.9925308181214298,0.9925136559613029,0.9925470020353855,8
三个固定 GP 表达式的均值,1975,floor_fraction,0.8870930555555556,0.8777555555555556,0.8951863194444445,8
三个固定 GP 表达式的均值,1975,source_edge_lift,9.855244921266138,9.718807672198217,10.029871953117274,8
三个固定 GP 表达式的均值,1975,current_best_edge_lift,9.821413265729936,9.60493784590205,10.084922833972964,8
三个固定 GP 表达式的均值,1975,global_best_edge_lift,9.388464201596985,9.121241278036523,9.682208214395695,8
三个固定 GP 表达式的均值,1975,reference_edge_lift,8.870918537184723,8.665593192689999,9.11584214674928,8
三个固定 GP 表达式的均值,1975,top500_persistence,0.6138848888574827,0.6004210608342451,0.6284288732957879,8
三个固定 GP 表达式的均值,1975,source_age,328.6388888888889,219.40277777777777,422.2361111111111,8
三个固定 GP 表达式的均值,1975,post_unique_tours,19.513888888888893,17.180555555555557,21.65277777777778,8
三个固定 GP 表达式的均值,2000,candidate_entropy,7.3949018320256865,7.161076694028126,7.609401311536942,8
三个固定 GP 表达式的均值,2000,candidate_effective_arcs,2699.9962528883116,1720.3507396264033,3564.192493834361,8
三个固定 GP 表达式的均值,2000,candidate_gini,0.7305801150038993,0.643847389907281,0.8174097809385522,8
三个固定 GP 表达式的均值,2000,top500_mass,0.4109960928252416,0.3733084452186105,0.45410552657317305,8
三个固定 GP 表达式的均值,2000,top2500_mass,0.8584691929683772,0.7862796140973292,0.9409638767702904,8
三个固定 GP 表达式的均值,2000,floor_fraction,0.7289458333333334,0.6435955902777778,0.8197810069444444,8
三个固定 GP 表达式的均值,2000,source_edge_lift,8.276764395776489,7.429660796525036,9.158744438068284,8
三个固定 GP 表达式的均值,2000,current_best_edge_lift,8.203345808340526,7.3474241685865085,9.130985148865973,8
三个固定 GP 表达式的均值,2000,global_best_edge_lift,7.839998385068316,7.062094004207068,8.627562718116964,8
三个固定 GP 表达式的均值,2000,reference_edge_lift,7.4276954194395906,6.706930304983537,8.1370531492538,8
三个固定 GP 表达式的均值,2000,top500_persistence,0.5085376452142936,0.44470715198580035,0.5782853547766065,8
三个固定 GP 表达式的均值,2000,source_age,398.63888888888886,242.75,552.4027777777778,8
三个固定 GP 表达式的均值,2000,post_unique_tours,19.52777777777778,17.59722222222222,21.403124999999996,8
三个固定 GP 表达式的均值,2025,candidate_entropy,7.052909177478906,7.014996468284494,7.090356058527173,8
三个固定 GP 表达式的均值,2025,candidate_effective_arcs,1169.5574969866082,1119.0146028238803,1219.4390311867276,8
三个固定 GP 表达式的均值,2025,candidate_gini,0.8862586730974549,0.8833586002473313,0.889410893350727,8
三个固定 GP 表达式的均值,2025,top500_mass,0.45049875409401946,0.4259947300876204,0.4760708712051652,8
三个固定 GP 表达式的均值,2025,top2500_mass,0.9887188324678043,0.9866581257273039,0.9907937077361433,8
三个固定 GP 表达式的均值,2025,floor_fraction,0.7331000000000001,0.6465416666666667,0.8225972569444425,8
三个固定 GP 表达式的均值,2025,source_edge_lift,9.677675430262454,9.483586863126419,9.878686359706682,8
三个固定 GP 表达式的均值,2025,current_best_edge_lift,9.597038840907754,9.381649577529554,9.823545741435666,8
三个固定 GP 表达式的均值,2025,global_best_edge_lift,9.13325428229615,8.886417964728379,9.41971093776123,8
三个固定 GP 表达式的均值,2025,reference_edge_lift,8.70493525084363,8.553502283926582,8.887871801345634,8
三个固定 GP 表达式的均值,2025,top500_persistence,0.5073090880695873,0.4475262253021695,0.5708338428087737,8
三个固定 GP 表达式的均值,2025,source_age,213.59722222222223,156.84722222222223,270.97222222222223,8
三个固定 GP 表达式的均值,2025,post_unique_tours,21.166666666666664,19.305555555555557,23.013888888888886,8
三个固定 GP 表达式的均值,2050,candidate_entropy,7.010391005869378,6.9949916401887275,7.026280323270462,8
三个固定 GP 表达式的均值,2050,candidate_effective_arcs,1110.2702600857626,1092.04877789098,1128.7480109096043,8
三个固定 GP 表达式的均值,2050,candidate_gini,0.8913630515205115,0.8912658538030037,0.891448831334611,8
三个固定 GP 表达式的均值,2050,top500_mass,0.47499760589368134,0.45796427737978,0.4899550721775852,8
三个固定 GP 表达式的均值,2050,top2500_mass,0.9925135214006758,0.9924907763674151,0.9925360618819564,8
三个固定 GP 表达式的均值,2050,floor_fraction,0.881101388888889,0.8721416666666667,0.8903125000000001,8
三个固定 GP 表达式的均值,2050,source_edge_lift,9.824423279666906,9.67800763469197,10.003332785290919,8
三个固定 GP 表达式的均值,2050,current_best_edge_lift,9.698054522950699,9.564704612571873,9.822692489314456,8
三个固定 GP 表达式的均值,2050,global_best_edge_lift,9.271691650128094,9.000362537843552,9.57132374718754,8
三个固定 GP 表达式的均值,2050,reference_edge_lift,8.794550368579058,8.637534604942415,8.986121719295078,8
三个固定 GP 表达式的均值,2050,top500_persistence,0.6040458642728506,0.5993353050499464,0.6085598382109424,8
三个固定 GP 表达式的均值,2050,source_age,242.51388888888889,213.83333333333334,275.77777777777777,8
三个固定 GP 表达式的均值,2050,post_unique_tours,19.916666666666668,18.375,21.652777777777775,8
三个固定 GP 表达式的均值,2075,candidate_entropy,6.999390785621616,6.987660859866914,7.0112453323631225,8
三个固定 GP 表达式的均值,2075,candidate_effective_arcs,1097.0342977090686,1083.8334019458487,1110.5837352196481,8
三个固定 GP 表达式的均值,2075,candidate_gini,0.8914699410628529,0.8913340783188541,0.8916044886727332,8
三个固定 GP 表达式的均值,2075,top500_mass,0.49015273446821217,0.47924163755011073,0.4994239337223802,8
三个固定 GP 表达式的均值,2075,top2500_mass,0.9925300701239972,0.9925117842733485,0.9925477539653775,8
三个固定 GP 表达式的均值,2075,floor_fraction,0.8852166666666668,0.8773833333333334,0.8925625694444446,8
三个固定 GP 表达式的均值,2075,source_edge_lift,9.90919557997471,9.776574820720874,10.109582763705156,8
三个固定 GP 表达式的均值,2075,current_best_edge_lift,9.820519870913063,9.683971546364411,9.976216744458092,8
三个固定 GP 表达式的均值,2075,global_best_edge_lift,9.440525098561658,9.174401638315963,9.732215121027606,8
三个固定 GP 表达式的均值,2075,reference_edge_lift,8.85666085703485,8.680023511986624,9.056826150924858,8
三个固定 GP 表达式的均值,2075,top500_persistence,0.6064103033983229,0.5927789909931158,0.6207483247428576,8
三个固定 GP 表达式的均值,2075,source_age,242.30555555555557,179.24756944444445,322.2086805555556,8
三个固定 GP 表达式的均值,2075,post_unique_tours,20.041666666666664,17.694444444444443,22.22222222222222,8
三个固定 GP 表达式的均值,2100,candidate_entropy,7.238163578744146,7.046297173566323,7.460204229281293,8
三个固定 GP 表达式的均值,2100,candidate_effective_arcs,2078.1613089341763,1329.2814985958305,2951.428616999524,8
三个固定 GP 表达式的均值,2100,candidate_gini,0.792432867636494,0.7057967243683759,0.8666980737101264,8
三个固定 GP 表达式的均值,2100,top500_mass,0.44217940294453495,0.39191407966850356,0.4835531189504033,8
三个固定 GP 表达式的均值,2100,top2500_mass,0.9100367676098776,0.837837621561114,0.9719257435839325,8
三个固定 GP 表达式的均值,2100,floor_fraction,0.7919833333333333,0.7015581597222222,0.8696035416666666,8
三个固定 GP 表达式的均值,2100,source_edge_lift,8.951482052179987,7.950795379028395,9.759415729016059,8
三个固定 GP 表达式的均值,2100,current_best_edge_lift,8.893325558609675,7.913551652052338,9.682259005058336,8
三个固定 GP 表达式的均值,2100,global_best_edge_lift,8.521004146678807,7.5151846918178205,9.394359406085112,8
三个固定 GP 表达式的均值,2100,reference_edge_lift,8.027902214287632,7.145174238489302,8.79078558044003,8
三个固定 GP 表达式的均值,2100,top500_persistence,0.550033440749631,0.4896007106224326,0.6014027469007152,8
三个固定 GP 表达式的均值,2100,source_age,291.2361111111111,213.25,386.311111111111,8
三个固定 GP 表达式的均值,2100,post_unique_tours,18.333333333333336,16.375,20.041666666666668,8
三个固定 GP 表达式的均值,2125,candidate_entropy,7.027074969955846,6.993221325889568,7.066042899401856,8
三个固定 GP 表达式的均值,2125,candidate_effective_arcs,1135.61461825795,1091.841051809145,1187.5459844918362,8
三个固定 GP 表达式的均值,2125,candidate_gini,0.8882046486551242,0.8853445091666134,0.8906284152832511,8
三个固定 GP 表达式的均值,2125,top500_mass,0.4737506703535935,0.4493670993393904,0.4930063480678428,8
三个固定 GP 表达式的均值,2125,top2500_mass,0.9902021416349207,0.98787417647083,0.9919680070916123,8
三个固定 GP 表达式的均值,2125,floor_fraction,0.7952208333333333,0.7073305555555556,0.8719280555555556,8
三个固定 GP 表达式的均值,2125,source_edge_lift,9.813573195559176,9.581372072197926,10.080661342717889,8
三个固定 GP 表达式的均值,2125,current_best_edge_lift,9.659161469413842,9.45630734662333,9.83026950895988,8
三个固定 GP 表达式的均值,2125,global_best_edge_lift,9.372262634518574,9.015927179489648,9.717817602524795,8
三个固定 GP 表达式的均值,2125,reference_edge_lift,8.822860137134363,8.619386426363436,9.041619125168522,8
三个固定 GP 表达式的均值,2125,top500_persistence,0.5439223721041422,0.48692536049176954,0.5904929490720064,8
三个固定 GP 表达式的均值,2125,source_age,366.05555555555554,170.1791666666667,600.7361111111111,8
三个固定 GP 表达式的均值,2125,post_unique_tours,19.26388888888889,16.708333333333336,22.111111111111114,8
三个固定 GP 表达式的均值,2150,candidate_entropy,6.998383006275846,6.983912935289168,7.015033207913617,8
三个固定 GP 表达式的均值,2150,candidate_effective_arcs,1096.345713513066,1079.7596550214384,1116.9674507110653,8
三个固定 GP 表达式的均值,2150,candidate_gini,0.891282232601729,0.8911594168959449,0.8914226454607983,8
三个固定 GP 表达式的均值,2150,top500_mass,0.4829376469341715,0.4634382754064845,0.4981466942077084,8
三个固定 GP 表达式的均值,2150,top2500_mass,0.9925321464155805,0.9925114448816409,0.9925511282296486,8
三个固定 GP 表达式的均值,2150,floor_fraction,0.8880444444444444,0.8785075347222223,0.8964056597222221,8
三个固定 GP 表达式的均值,2150,source_edge_lift,9.858732508715129,9.717419519011088,10.002158949054326,8
三个固定 GP 表达式的均值,2150,current_best_edge_lift,9.80253138456022,9.653673609522734,9.93304141415898,8
三个固定 GP 表达式的均值,2150,global_best_edge_lift,9.394680422094154,9.09327970399913,9.689712586921434,8
三个固定 GP 表达式的均值,2150,reference_edge_lift,8.875263437840562,8.687581649784198,9.086821099012054,8
三个固定 GP 表达式的均值,2150,top500_persistence,0.6091499202461841,0.5969583895571405,0.6188222287133832,8
三个固定 GP 表达式的均值,2150,source_age,455.47222222222223,255.4979166666667,681.7555555555555,8
三个固定 GP 表达式的均值,2150,post_unique_tours,17.84722222222222,14.75,21.23611111111111,8
三个固定 GP 表达式的均值,2175,candidate_entropy,6.991261568947371,6.981603697764665,7.00371741709189,8
三个固定 GP 表达式的均值,2175,candidate_effective_arcs,1087.7471541897619,1076.6942752524344,1102.4077388959818,8
三个固定 GP 表达式的均值,2175,candidate_gini,0.8913771554024256,0.8912391380513118,0.8915171066752907,8
三个固定 GP 表达式的均值,2175,top500_mass,0.49057040264592633,0.4793703724238416,0.4973589592751192,8
三个固定 GP 表达式的均值,2175,top2500_mass,0.9925431854827638,0.9925268788456104,0.9925566205435044,8
三个固定 GP 表达式的均值,2175,floor_fraction,0.8908777777777779,0.882738888888889,0.8973931944444444,8
三个固定 GP 表达式的均值,2175,source_edge_lift,9.910421736349882,9.786030042553136,10.078763782581909,8
三个固定 GP 表达式的均值,2175,current_best_edge_lift,9.836430794927672,9.7164289651196,9.931555629802554,8
三个固定 GP 表达式的均值,2175,global_best_edge_lift,9.506791871614666,9.253319751235388,9.75703400596353,8
三个固定 GP 表达式的均值,2175,reference_edge_lift,8.899874133713524,8.692161306798754,9.116302961130707,8
三个固定 GP 表达式的均值,2175,top500_persistence,0.6177848042411339,0.6070514968154361,0.6280811198426763,8
三个固定 GP 表达式的均值,2175,source_age,510.01388888888886,322.45833333333337,715.1868055555556,8
三个固定 GP 表达式的均值,2175,post_unique_tours,17.98611111111111,15.11111111111111,20.805555555555554,8
三个固定 GP 表达式的均值,2200,candidate_entropy,7.142034986918725,7.053141811549905,7.208417443706563,8
三个固定 GP 表达式的均值,2200,candidate_effective_arcs,1702.7435082152795,1335.5113572578532,1955.2233832444379,8
三个固定 GP 表达式的均值,2200,candidate_gini,0.8295019216562713,0.8045952742318442,0.8666905021598742,8
三个固定 GP 表达式的均值,2200,top500_mass,0.46634886836028805,0.4509027709891053,0.485466729162779,8
三个固定 GP 表达式的均值,2200,top2500_mass,0.9409838750782012,0.9203522058928713,0.9719192913048891,8
三个固定 GP 表达式的均值,2200,floor_fraction,0.8324888888888888,0.80555,0.867736111111111,8
三个固定 GP 表达式的均值,2200,source_edge_lift,9.31420543524513,8.967010296981014,9.730538388018656,8
三个固定 GP 表达式的均值,2200,current_best_edge_lift,9.254828751721055,8.951722998389815,9.604155912215397,8
三个固定 GP 表达式的均值,2200,global_best_edge_lift,8.946723308521321,8.48935267069326,9.462505023284068,8
三个固定 GP 表达式的均值,2200,reference_edge_lift,8.387591507874268,8.031527019862002,8.788132312690824,8
三个固定 GP 表达式的均值,2200,top500_persistence,0.5740565342578241,0.5547615595157811,0.5956973855797307,8
三个固定 GP 表达式的均值,2200,source_age,598.0416666666667,377.43055555555554,848.7638888888889,8
三个固定 GP 表达式的均值,2200,post_unique_tours,18.125,15.805555555555555,20.361111111111107,8
三个固定 GP 表达式的均值,2225,candidate_entropy,7.008588345888896,6.994724280134973,7.020515116156098,8
三个固定 GP 表达式的均值,2225,candidate_effective_arcs,1111.7404287462314,1094.0814402966353,1127.6110538606508,8
三个固定 GP 表达式的均值,2225,candidate_gini,0.8893923248505673,0.8885110264822651,0.8905954619060452,8
三个固定 GP 表达式的均值,2225,top500_mass,0.48315631578988794,0.47343763196548694,0.4926952643919995,8
三个固定 GP 表达式的均值,2225,top2500_mass,0.9910809885128387,0.990485059205445,0.9919631633869039,8
三个固定 GP 表达式的均值,2225,floor_fraction,0.8345583333333333,0.8086500000000001,0.8705416666666667,8
三个固定 GP 表达式的均值,2225,source_edge_lift,9.846970931545208,9.727659015044194,10.028741218373217,8
三个固定 GP 表达式的均值,2225,current_best_edge_lift,9.747582362747911,9.678618469239696,9.828435606144115,8
三个固定 GP 表达式的均值,2225,global_best_edge_lift,9.490654797517507,9.214640333619865,9.787707732616449,8
三个固定 GP 表达式的均值,2225,reference_edge_lift,8.902650689095875,8.683822323098127,9.138794402860745,8
三个固定 GP 表达式的均值,2225,top500_persistence,0.5655033322379225,0.542680761208591,0.5909130601759067,8
三个固定 GP 表达式的均值,2225,source_age,554.7083333333333,333.6527777777778,778.4249999999998,8
三个固定 GP 表达式的均值,2225,post_unique_tours,17.430555555555557,15.319444444444445,19.59722222222222,8
三个固定 GP 表达式的均值,2250,candidate_entropy,6.991243815315443,6.985195489679323,6.996799979524908,8
三个固定 GP 表达式的均值,2250,candidate_effective_arcs,1088.0185535986516,1080.8918938605398,1094.5223420582201,8
三个固定 GP 表达式的均值,2250,candidate_gini,0.8913042941753202,0.8912027882863645,0.8914104166022998,8
三个固定 GP 表达式的均值,2250,top500_mass,0.4856690180102634,0.4772709867728314,0.4940382109388335,8
三个固定 GP 表达式的均值,2250,top2500_mass,0.9925421038750235,0.9925337699352491,0.9925516016095266,8
三个固定 GP 表达式的均值,2250,floor_fraction,0.8918430555555555,0.8886388888888889,0.8953638888888888,8
三个固定 GP 表达式的均值,2250,source_edge_lift,9.91268046559722,9.819218758703665,10.06430720015624,8
三个固定 GP 表达式的均值,2250,current_best_edge_lift,9.877041900555959,9.759329592661889,10.052026212344364,8
三个固定 GP 表达式的均值,2250,global_best_edge_lift,9.599257319232752,9.386485467919664,9.859701180434124,8
三个固定 GP 表达式的均值,2250,reference_edge_lift,8.941364391844655,8.715558832038646,9.182748706463368,8
三个固定 GP 表达式的均值,2250,top500_persistence,0.606892793473587,0.6014439527875691,0.612865448109944,8
三个固定 GP 表达式的均值,2250,source_age,584.4722222222222,352.1527777777778,818.503472222222,8
三个固定 GP 表达式的均值,2250,post_unique_tours,16.86111111111111,14.902777777777777,18.861111111111114,8
三个固定 GP 表达式的均值,2275,candidate_entropy,6.989159649041927,6.983331462288013,6.99554211460406,8
三个固定 GP 表达式的均值,2275,candidate_effective_arcs,1085.3086413239273,1078.6475569127601,1092.6815306759963,8
三个固定 GP 表达式的均值,2275,candidate_gini,0.8913876849876577,0.8912925070290748,0.8914799772212797,8
三个固定 GP 表达式的均值,2275,top500_mass,0.4877596345567713,0.4809198776256711,0.4945728525448494,8
三个固定 GP 表达式的均值,2275,top2500_mass,0.9925485683938111,0.9925413136736625,0.9925559571716027,8
三个固定 GP 表达式的均值,2275,floor_fraction,0.8931305555555555,0.8901567361111111,0.8964361111111112,8
三个固定 GP 表达式的均值,2275,source_edge_lift,9.956739656724924,9.83469038410093,10.17498363578234,8
三个固定 GP 表达式的均值,2275,current_best_edge_lift,9.866674779187523,9.798607423614285,9.960646555727672,8
三个固定 GP 表达式的均值,2275,global_best_edge_lift,9.696813786359241,9.48193981982904,9.959694942940343,8
三个固定 GP 表达式的均值,2275,reference_edge_lift,8.990403519181484,8.756883816690305,9.238968399757027,8
三个固定 GP 表达式的均值,2275,top500_persistence,0.5997847654481445,0.5909044903506311,0.6074625777304228,8
三个固定 GP 表达式的均值,2275,source_age,631.5138888888889,403.9625,840.6395833333333,8
三个固定 GP 表达式的均值,2275,post_unique_tours,17.694444444444443,16.02777777777778,19.36111111111111,8
三个固定 GP 表达式的均值,2300,candidate_entropy,7.293876823199788,7.108803258014793,7.510893087715356,8
三个固定 GP 表达式的均值,2300,candidate_effective_arcs,2319.170204121329,1576.1380056979447,3186.3722232907007,8
三个固定 GP 表达式的均值,2300,candidate_gini,0.767532297390907,0.6808425204020893,0.8417803803781613,8
三个固定 GP 表达式的均值,2300,top500_mass,0.43256076611949684,0.38665934214574443,0.4694595613851635,8
三个固定 GP 表达式的均值,2300,top2500_mass,0.8894191625938337,0.817226490362601,0.951298094321366,8
三个固定 GP 表达式的均值,2300,floor_fraction,0.7711374999999999,0.6839417361111111,0.8456948958333333,8
三个固定 GP 表达式的均值,2300,source_edge_lift,8.669792329345704,7.801646199707257,9.373296402250723,8
三个固定 GP 表达式的均值,2300,current_best_edge_lift,8.652791760311786,7.786987623458504,9.37847755681178,8
三个固定 GP 表达式的均值,2300,global_best_edge_lift,8.419772242070671,7.574608729055673,9.085826891575381,8
三个固定 GP 表达式的均值,2300,reference_edge_lift,7.851911550776063,7.051050727949638,8.417186899301662,8
三个固定 GP 表达式的均值,2300,top500_persistence,0.522767657038555,0.4651511444846814,0.5680962892081964,8
三个固定 GP 表达式的均值,2300,source_age,630.875,394.70729166666666,859.5770833333332,8
三个固定 GP 表达式的均值,2300,post_unique_tours,16.63888888888889,14.76388888888889,18.458333333333336,8
三个固定 GP 表达式的均值,2325,candidate_entropy,7.033484033363296,7.002950343415517,7.071224520439421,8
三个固定 GP 表达式的均值,2325,candidate_effective_arcs,1144.3359055741864,1104.2067993722667,1191.834959985536,8
三个固定 GP 表达式的均值,2325,candidate_gini,0.8874362264665171,0.8846879463414559,0.8897259595073411,8
三个固定 GP 表达式的均值,2325,top500_mass,0.4729490555920678,0.4591806798037855,0.4858117965888333,8
三个固定 GP 表达式的均值,2325,top2500_mass,0.9896090681127291,0.9875497490740576,0.9913753452333215,8
三个固定 GP 表达式的均值,2325,floor_fraction,0.7726263888888889,0.6839525,0.847575,8
三个固定 GP 表达式的均值,2325,source_edge_lift,9.733160043886219,9.58753644922826,9.840987192045809,8
三个固定 GP 表达式的均值,2325,current_best_edge_lift,9.629277607312458,9.418369839057373,9.79247388761875,8
三个固定 GP 表达式的均值,2325,global_best_edge_lift,9.427000784247264,9.272915600935526,9.577432681665783,8
三个固定 GP 表达式的均值,2325,reference_edge_lift,8.85008885646867,8.663721457370894,9.054641132991346,8
三个固定 GP 表达式的均值,2325,top500_persistence,0.5283896894185289,0.4695617313806165,0.5786045006810446,8
三个固定 GP 表达式的均值,2325,source_age,639.5416666666667,409.4861111111111,854.375,8
三个固定 GP 表达式的均值,2325,post_unique_tours,17.72222222222222,15.541666666666668,19.76388888888889,8
三个固定 GP 表达式的均值,2350,candidate_entropy,7.000957966584427,6.988881697184718,7.015467157771031,8
三个固定 GP 表达式的均值,2350,candidate_effective_arcs,1099.171921251778,1085.1488878045016,1115.7030225729293,8
三个固定 GP 表达式的均值,2350,candidate_gini,0.8913750894090435,0.8912901197807549,0.8914655858422333,8
三个固定 GP 表达式的均值,2350,top500_mass,0.4793030558760946,0.4602491613711033,0.49482260916444754,8
三个固定 GP 表达式的均值,2350,top2500_mass,0.992526412114425,0.992503489277822,0.9925461002120644,8
三个固定 GP 表达式的均值,2350,floor_fraction,0.8856375000000001,0.8762817361111112,0.8933958680555556,8
三个固定 GP 表达式的均值,2350,source_edge_lift,9.84137468255459,9.748419370039347,9.930789904120974,8
三个固定 GP 表达式的均值,2350,current_best_edge_lift,9.827033646292172,9.661485555046061,10.01126523748722,8
三个固定 GP 表达式的均值,2350,global_best_edge_lift,9.51199510245489,9.38882781274341,9.640506649033105,8
三个固定 GP 表达式的均值,2350,reference_edge_lift,8.905799343145377,8.717664027101616,9.116742718623126,8
三个固定 GP 表达式的均值,2350,top500_persistence,0.6110689756529163,0.6039214969409605,0.6162240748695604,8
三个固定 GP 表达式的均值,2350,source_age,701.4583333333334,460.1444444444445,918.8732638888887,8
三个固定 GP 表达式的均值,2350,post_unique_tours,19.541666666666664,17.402777777777775,21.708333333333336,8
三个固定 GP 表达式的均值,2375,candidate_entropy,6.991601356854719,6.983815323625326,7.000997145890949,8
三个固定 GP 表达式的均值,2375,candidate_effective_arcs,1088.0385604691796,1079.3254687899284,1098.6095061391038,8
三个固定 GP 表达式的均值,2375,candidate_gini,0.8914252764526458,0.8912932396855284,0.891569867252882,8
三个固定 GP 表达式的均值,2375,top500_mass,0.48840641738520263,0.4827358952049038,0.4940385555006118,8
三个固定 GP 表达式的均值,2375,top2500_mass,0.9925407476796964,0.9925265154503103,0.9925531879829963,8
三个固定 GP 表达式的均值,2375,floor_fraction,0.8903277777777778,0.8834915972222223,0.8958153472222221,8
三个固定 GP 表达式的均值,2375,source_edge_lift,9.883158987388448,9.813136300968171,9.960200902205836,8
三个固定 GP 表达式的均值,2375,current_best_edge_lift,9.886273256859386,9.783544175997442,9.989009927014429,8
三个固定 GP 表达式的均值,2375,global_best_edge_lift,9.563645031243103,9.432613615380193,9.707015430621496,8
三个固定 GP 表达式的均值,2375,reference_edge_lift,8.937572891579093,8.724866452945868,9.19571679015075,8
三个固定 GP 表达式的均值,2375,top500_persistence,0.6193367076165134,0.6117534528674798,0.6278127358491141,8
三个固定 GP 表达式的均值,2375,source_age,715.8194444444445,473.8513888888889,934.5288194444445,8
三个固定 GP 表达式的均值,2375,post_unique_tours,17.98611111111111,15.833333333333332,20.541666666666664,8
三个固定 GP 表达式的均值,2400,candidate_entropy,7.574004075355214,7.324818927921377,7.826893501797142,8
三个固定 GP 表达式的均值,2400,candidate_effective_arcs,3436.2126771278463,2443.674144273162,4434.186017557446,8
三个固定 GP 表达式的均值,2400,candidate_gini,0.6562086632655962,0.5570987009498993,0.7552130703707558,8
三个固定 GP 表达式的均值,2400,top500_mass,0.37719627404758904,0.3251573897490641,0.4267813932222081,8
三个固定 GP 表达式的均值,2400,top2500_mass,0.7965953234606636,0.7037801702976064,0.8791064725568656,8
三个固定 GP 表达式的均值,2400,floor_fraction,0.6577638888888889,0.5535038541666666,0.7587513888888888,8
三个固定 GP 表达式的均值,2400,source_edge_lift,7.5704005390789275,6.537973755710526,8.5679425101785,8
三个固定 GP 表达式的均值,2400,current_best_edge_lift,7.56689500193387,6.511474362280453,8.55778042462718,8
三个固定 GP 表达式的均值,2400,global_best_edge_lift,7.272872793322496,6.209303829386049,8.267639646294139,8
三个固定 GP 表达式的均值,2400,reference_edge_lift,6.8101383353651315,5.892627822314502,7.67566641307784,8
三个固定 GP 表达式的均值,2400,top500_persistence,0.4624517824647044,0.3948333905186692,0.5251882222740905,8
三个固定 GP 表达式的均值,2400,source_age,779.5,541.4861111111111,980.4163194444442,8
三个固定 GP 表达式的均值,2400,post_unique_tours,16.180555555555557,13.833333333333332,18.805555555555557,8
三个固定 GP 表达式的均值,2425,candidate_entropy,7.082698724088104,7.0406085540150904,7.127157212297128,8
三个固定 GP 表达式的均值,2425,candidate_effective_arcs,1208.4978464764872,1152.4377875227406,1266.759743011382,8
三个固定 GP 表达式的均值,2425,candidate_gini,0.8840053783652062,0.8808064429729962,0.8871219016820392,8
三个固定 GP 表达式的均值,2425,top500_mass,0.43820449823119323,0.4111708443261342,0.4620822750491768,8
三个固定 GP 表达式的均值,2425,top2500_mass,0.9869518443906377,0.9845797328123139,0.9893189868098339,8
三个固定 GP 表达式的均值,2425,floor_fraction,0.6601222222222223,0.5589097222222222,0.7602958333333334,8
三个固定 GP 表达式的均值,2425,source_edge_lift,9.52198074139608,9.329103453884006,9.704182087781748,8
三个固定 GP 表达式的均值,2425,current_best_edge_lift,9.363278402325605,9.096035271908548,9.611518352347765,8
三个固定 GP 表达式的均值,2425,global_best_edge_lift,9.224322241495948,8.985566970466259,9.451415415269473,8
三个固定 GP 表达式的均值,2425,reference_edge_lift,8.699888704457534,8.530688991864745,8.913405078085725,8
三个固定 GP 表达式的均值,2425,top500_persistence,0.4552085594013383,0.3856667131206264,0.5243439545039974,8
三个固定 GP 表达式的均值,2425,source_age,432.5138888888889,238.88888888888889,619.2006944444444,8
三个固定 GP 表达式的均值,2425,post_unique_tours,21.416666666666664,19.51354166666667,23.833680555555553,8
三个固定 GP 表达式的均值,2450,candidate_entropy,7.020861697294831,7.003006549401738,7.040067188868407,8
三个固定 GP 表达式的均值,2450,candidate_effective_arcs,1122.5402842776891,1101.8639036116165,1144.9793885773138,8
三个固定 GP 表达式的均值,2450,candidate_gini,0.8913931976876625,0.8912914320796185,0.8915026567503468,8
三个固定 GP 表达式的均值,2450,top500_mass,0.4632947903486743,0.4483531364223593,0.47719764417020494,8
三个固定 GP 表达式的均值,2450,top2500_mass,0.9924968662508638,0.9924667162679394,0.9925251363991436,8
三个固定 GP 表达式的均值,2450,floor_fraction,0.8743875,0.8626888888888888,0.8851576041666667,8
三个固定 GP 表达式的均值,2450,source_edge_lift,9.708656150210592,9.58488169531732,9.824488069095628,8
三个固定 GP 表达式的均值,2450,current_best_edge_lift,9.591484939309327,9.404830709538327,9.757457844658536,8
三个固定 GP 表达式的均值,2450,global_best_edge_lift,9.380751316033233,9.172913840601407,9.575746803333791,8
三个固定 GP 表达式的均值,2450,reference_edge_lift,8.823463183148549,8.656184328378918,9.037990422675236,8
三个固定 GP 表达式的均值,2450,top500_persistence,0.6017829292122507,0.5899060132993776,0.6149056301597386,8
三个固定 GP 表达式的均值,2450,source_age,437.1388888888889,267.18402777777777,598.2527777777777,8
三个固定 GP 表达式的均值,2450,post_unique_tours,19.73611111111111,17.26388888888889,22.042013888888885,8
三个固定 GP 表达式的均值,2475,candidate_entropy,7.005710198710959,6.993473537912612,7.019229019983401,8
三个固定 GP 表达式的均值,2475,candidate_effective_arcs,1104.268702241688,1090.266500857485,1120.3355238321174,8
三个固定 GP 表达式的均值,2475,candidate_gini,0.891574404107796,0.8914098882226597,0.8917333377484249,8
三个固定 GP 表达式的均值,2475,top500_mass,0.48272284934364373,0.4639168704343136,0.49765424262306573,8
三个固定 GP 表达式的均值,2475,top2500_mass,0.9925177829165318,0.9924966056943655,0.9925379275879211,8
三个固定 GP 表达式的均值,2475,floor_fraction,0.8820597222222222,0.8731840625,0.8898807638888889,8
三个固定 GP 表达式的均值,2475,source_edge_lift,9.803589409464628,9.71205664327949,9.891843646794342,8
三个固定 GP 表达式的均值,2475,current_best_edge_lift,9.727772394626175,9.590596183324102,9.841773336138067,8
三个固定 GP 表达式的均值,2475,global_best_edge_lift,9.424421901004287,9.233575780107364,9.614137937377196,8
三个固定 GP 表达式的均值,2475,reference_edge_lift,8.843914999743486,8.666224902628349,9.073676160897033,8
三个固定 GP 表达式的均值,2475,top500_persistence,0.6230239998293939,0.6035187399228731,0.6409386640871155,8
三个固定 GP 表达式的均值,2475,source_age,469.9166666666667,293.58472222222224,625.6885416666665,8
三个固定 GP 表达式的均值,2475,post_unique_tours,19.958333333333336,17.680208333333336,22.23611111111111,8
三个固定 GP 表达式的均值,2500,candidate_entropy,7.396161232910851,7.1855871271218135,7.614803472283068,8
三个固定 GP 表达式的均值,2500,candidate_effective_arcs,2701.47058322989,1840.9627797271294,3683.499837899212,8
三个固定 GP 表达式的均值,2500,candidate_gini,0.7306181658559918,0.6437708515265353,0.8173598538948342,8
三个固定 GP 表达式的均值,2500,top500_mass,0.4095287274481696,0.3680140391834817,0.4495508398317339,8
三个固定 GP 表达式的均值,2500,top2500_mass,0.8584613081979915,0.786267955365662,0.9306420592936132,8
三个固定 GP 表达式的均值,2500,floor_fraction,0.7270694444444444,0.6389564236111112,0.8097583333333334,8
三个固定 GP 表达式的均值,2500,source_edge_lift,8.255671145954645,7.333485691710521,9.136728643505629,8
三个固定 GP 表达式的均值,2500,current_best_edge_lift,8.277917077799893,7.337562047755335,9.179733658062263,8
三个固定 GP 表达式的均值,2500,global_best_edge_lift,7.857515789065767,6.966375240572635,8.71464992030839,8
三个固定 GP 表达式的均值,2500,reference_edge_lift,7.454050055312367,6.5341362677041035,8.37505198108013,8
三个固定 GP 表达式的均值,2500,top500_persistence,0.5244421986057,0.47368248632323023,0.572889339138386,8
三个固定 GP 表达式的均值,2500,source_age,579.1527777777778,366.2222222222222,775.5694444444445,8
三个固定 GP 表达式的均值,2500,post_unique_tours,18.541666666666664,17.20798611111111,19.77777777777778,8
三个固定 GP 表达式的均值,2525,candidate_entropy,7.055508715559695,7.021127401943166,7.091363242974855,8
三个固定 GP 表达式的均值,2525,candidate_effective_arcs,1172.653699138586,1128.2191470939265,1222.494169166011,8
三个固定 GP 表达式的均值,2525,candidate_gini,0.886214268587276,0.8833255066209746,0.8890707884646984,8
三个固定 GP 表达式的均值,2525,top500_mass,0.4551365124312581,0.4289648252573448,0.47915153049391745,8
三个固定 GP 表达式的均值,2525,top2500_mass,0.9887275590226583,0.9864031896464487,0.990773050373356,8
三个固定 GP 表达式的均值,2525,floor_fraction,0.7318986111111111,0.6348652777777777,0.8172576041666666,8
三个固定 GP 表达式的均值,2525,source_edge_lift,9.614019841514768,9.43388614318424,9.806207189215657,8
三个固定 GP 表达式的均值,2525,current_best_edge_lift,9.568119884416685,9.389137244640354,9.756597060261136,8
三个固定 GP 表达式的均值,2525,global_best_edge_lift,9.150723259147554,8.934143091517294,9.420329327274986,8
三个固定 GP 表达式的均值,2525,reference_edge_lift,8.735381935832248,8.498481929880125,9.011351349239,8
三个固定 GP 表达式的均值,2525,top500_persistence,0.5087241487569325,0.4627219078682377,0.5536089143486151,8
三个固定 GP 表达式的均值,2525,source_age,348.33333333333337,226.13159722222224,449.91666666666663,8
三个固定 GP 表达式的均值,2525,post_unique_tours,21.944444444444446,20.63888888888889,23.444444444444443,8
三个固定 GP 表达式的均值,2550,candidate_entropy,7.008139896340142,6.995213716244821,7.022839490041325,8
三个固定 GP 表达式的均值,2550,candidate_effective_arcs,1107.4885003674603,1092.0016779205866,1124.583680715515,8
三个固定 GP 表达式的均值,2550,candidate_gini,0.8913595147188054,0.8912726179890061,0.8914307507405267,8
三个固定 GP 表达式的均值,2550,top500_mass,0.4789677622098481,0.46553582065106625,0.49227724142209406,8
三个固定 GP 表达式的均值,2550,top2500_mass,0.9925171242197952,0.9925033396568277,0.9925306306707529,8
三个固定 GP 表达式的均值,2550,floor_fraction,0.8818916666666667,0.8738874999999999,0.8893680555555555,8
三个固定 GP 表达式的均值,2550,source_edge_lift,9.779713775828995,9.668175593232116,9.906732322626608,8
三个固定 GP 表达式的均值,2550,current_best_edge_lift,9.679343673111838,9.56323910407841,9.788970445223447,8
三个固定 GP 表达式的均值,2550,global_best_edge_lift,9.265997560937043,9.084659660094687,9.511005545077722,8
三个固定 GP 表达式的均值,2550,reference_edge_lift,8.815276163541792,8.600757438575181,9.07922854164031,8
三个固定 GP 表达式的均值,2550,top500_persistence,0.6017745426192724,0.59060671134799,0.6141554810048128,8
三个固定 GP 表达式的均值,2550,source_age,398.8888888888889,281.1347222222222,480.6270833333333,8
三个固定 GP 表达式的均值,2550,post_unique_tours,20.583333333333332,18.75,22.76388888888889,8
三个固定 GP 表达式的均值,2575,candidate_entropy,6.997433472300955,6.987830725051584,7.0074457013513936,8
三个固定 GP 表达式的均值,2575,candidate_effective_arcs,1094.6998347205952,1083.5138476452416,1106.054298472726,8
三个固定 GP 表达式的均值,2575,candidate_gini,0.891443995918314,0.8913382531831308,0.8915673715225085,8
三个固定 GP 表达式的均值,2575,top500_mass,0.4809502760465899,0.46748225104560387,0.4932532891675683,8
三个固定 GP 表达式的均值,2575,top2500_mass,0.9925314752631085,0.9925200277272435,0.9925420222890592,8
三个固定 GP 表达式的均值,2575,floor_fraction,0.8877736111111112,0.8818638888888888,0.8933379166666665,8
三个固定 GP 表达式的均值,2575,source_edge_lift,9.865084141901118,9.755247329753992,10.018293412762766,8
三个固定 GP 表达式的均值,2575,current_best_edge_lift,9.84126228573223,9.691191741233927,10.04703996412263,8
三个固定 GP 表达式的均值,2575,global_best_edge_lift,9.33132138061619,9.151349966115099,9.575579986577026,8
三个固定 GP 表达式的均值,2575,reference_edge_lift,8.85241371571169,8.627804579342493,9.127391490555294,8
三个固定 GP 表达式的均值,2575,top500_persistence,0.6083398588826944,0.5856768086497933,0.6344269244903862,8
三个固定 GP 表达式的均值,2575,source_age,435.54166666666663,302.9027777777778,535.1527777777778,8
三个固定 GP 表达式的均值,2575,post_unique_tours,19.47222222222222,17.47222222222222,21.708333333333332,8
三个固定 GP 表达式的均值,2600,candidate_entropy,7.330157923816529,7.169245742165313,7.489399061329013,8
三个固定 GP 表达式的均值,2600,candidate_effective_arcs,2448.967225026524,1707.3942234993156,3072.8010400083917,8
三个固定 GP 表达式的均值,2600,candidate_gini,0.7552575150752594,0.6933393523449729,0.8172169468709023,8
三个固定 GP 表达式的均值,2600,top500_mass,0.42827469424333336,0.3940024147924148,0.46167256662656686,8
三个固定 GP 表达式的均值,2600,top2500_mass,0.8790960404671175,0.8275237319097063,0.9306683477305712,8
三个固定 GP 表达式的均值,2600,floor_fraction,0.7552888888888889,0.6882145833333335,0.8220981597222221,8
三个固定 GP 表达式的均值,2600,source_edge_lift,8.509573238550201,7.7746124134939425,9.216552950806609,8
三个固定 GP 表达式的均值,2600,current_best_edge_lift,8.52288884947238,7.8380373329228386,9.212468940419596,8
三个固定 GP 表达式的均值,2600,global_best_edge_lift,8.002317701024106,7.29203477200445,8.687111108505585,8
三个固定 GP 表达式的均值,2600,reference_edge_lift,7.621505822363659,6.916568396447158,8.301367688912825,8
三个固定 GP 表达式的均值,2600,top500_persistence,0.5201648630404909,0.46177738277247204,0.5841454185179193,8
三个固定 GP 表达式的均值,2600,source_age,413.69444444444446,293.2916666666667,500.6552083333333,8
三个固定 GP 表达式的均值,2600,post_unique_tours,19.319444444444443,17.346875,21.40277777777778,8
三个固定 GP 表达式的均值,2625,candidate_entropy,7.04006569083692,7.011244052745406,7.071812657430145,8
三个固定 GP 表达式的均值,2625,candidate_effective_arcs,1152.6021599799442,1113.9870365605102,1189.282304600532,8
三个固定 GP 表达式的均值,2625,candidate_gini,0.8870906706228396,0.8851038402014546,0.8893012961974553,8
三个固定 GP 表达式的均值,2625,top500_mass,0.4578551366335576,0.43938338006485245,0.4775924331670344,8
三个固定 GP 表达式的均值,2625,top2500_mass,0.98931360627182,0.9878276654799196,0.9907925581353643,8
三个固定 GP 表达式的均值,2625,floor_fraction,0.7594375,0.6957984027777778,0.8332661458333334,8
三个固定 GP 表达式的均值,2625,source_edge_lift,9.667691247208074,9.539022871376782,9.794621807726827,8
三个固定 GP 表达式的均值,2625,current_best_edge_lift,9.65598474777273,9.468778054552605,9.848953557402432,8
三个固定 GP 表达式的均值,2625,global_best_edge_lift,9.099835515723225,8.891420265811265,9.319680347042102,8
三个固定 GP 表达式的均值,2625,reference_edge_lift,8.688146120952355,8.44429486156912,8.972600547672883,8
三个固定 GP 表达式的均值,2625,top500_persistence,0.5133946348531706,0.46403580969146985,0.5588546018125509,8
三个固定 GP 表达式的均值,2625,source_age,238.2777777777778,123.7638888888889,350.19861111111106,8
三个固定 GP 表达式的均值,2625,post_unique_tours,21.833333333333332,19.61111111111111,23.72256944444444,8
三个固定 GP 表达式的均值,2650,candidate_entropy,7.003837320584639,6.992053991314936,7.01565833856461,8
三个固定 GP 表达式的均值,2650,candidate_effective_arcs,1102.5530274659814,1088.8837676698004,1116.1975043939444,8
三个固定 GP 表达式的均值,2650,candidate_gini,0.8913351185546712,0.8912296186774495,0.89146498364746,8
三个固定 GP 表达式的均值,2650,top500_mass,0.476757505060658,0.4625760964242125,0.4900879010859251,8
三个固定 GP 表达式的均值,2650,top2500_mass,0.9925195593870567,0.9925025298444154,0.9925375219776751,8
三个固定 GP 表达式的均值,2650,floor_fraction,0.8846347222222222,0.8774826736111112,0.8918125,8
三个固定 GP 表达式的均值,2650,source_edge_lift,9.800373831423187,9.72439067658376,9.867026076165171,8
三个固定 GP 表达式的均值,2650,current_best_edge_lift,9.75596419881714,9.658249283812342,9.85829161703064,8
三个固定 GP 表达式的均值,2650,global_best_edge_lift,9.201030618830337,9.02775036890315,9.411006778524671,8
三个固定 GP 表达式的均值,2650,reference_edge_lift,8.76842439800845,8.520253148042313,9.049711718780701,8
三个固定 GP 表达式的均值,2650,top500_persistence,0.6143971467769255,0.6079520416661095,0.6199500425140771,8
三个固定 GP 表达式的均值,2650,source_age,356.20833333333337,290.69444444444446,426.37638888888887,8
三个固定 GP 表达式的均值,2650,post_unique_tours,20.375,18.666666666666668,22.027777777777775,8
三个固定 GP 表达式的均值,2675,candidate_entropy,6.9962130470781085,6.988179306059929,7.004124847295783,8
三个固定 GP 表达式的均值,2675,candidate_effective_arcs,1093.2071606581067,1084.1380604269407,1102.479668202651,8
三个固定 GP 表达式的均值,2675,candidate_gini,0.8915139361468051,0.8913521468433575,0.8917015563881625,8
三个固定 GP 表达式的均值,2675,top500_mass,0.48595743382413237,0.4702514462750824,0.49864333320800436,8
三个固定 GP 表达式的均值,2675,top2500_mass,0.9925357775337516,0.9925239763005971,0.9925480469514968,8
三个固定 GP 表达式的均值,2675,floor_fraction,0.8880930555555555,0.8830972222222222,0.8929541666666666,8
三个固定 GP 表达式的均值,2675,source_edge_lift,9.835658982032644,9.776727048124702,9.896033479066112,8
三个固定 GP 表达式的均值,2675,current_best_edge_lift,9.797935735888924,9.718052232242348,9.879329232478316,8
三个固定 GP 表达式的均值,2675,global_best_edge_lift,9.384861221842087,9.189550005449153,9.604683950324217,8
三个固定 GP 表达式的均值,2675,reference_edge_lift,8.846228153868127,8.58792681921315,9.141853491717926,8
三个固定 GP 表达式的均值,2675,top500_persistence,0.6082520334503505,0.5856338447487656,0.6330265285106607,8
三个固定 GP 表达式的均值,2675,source_age,422.9027777777778,289.6666666666667,562.4447916666667,8
三个固定 GP 表达式的均值,2675,post_unique_tours,19.583333333333336,17.15277777777778,21.916666666666664,8
三个固定 GP 表达式的均值,2700,candidate_entropy,7.296046559144096,7.141811163665654,7.478501013179117,8
三个固定 GP 表达式的均值,2700,candidate_effective_arcs,2321.4276044539647,1702.066599990756,2942.793031842503,8
三个固定 GP 表达式的均值,2700,candidate_gini,0.7676504043390655,0.6934363305157543,0.8296095096765781,8
三个固定 GP 表达式的均值,2700,top500_mass,0.42842065367079024,0.39343824510082503,0.4617164307940841,8
三个固定 GP 表达式的均值,2700,top2500_mass,0.8894133917714111,0.8378417626223271,0.9409792385052957,8
三个固定 GP 表达式的均值,2700,floor_fraction,0.7690194444444445,0.7041314236111113,0.8315597222222222,8
三个固定 GP 表达式的均值,2700,source_edge_lift,8.668259366853391,8.046434366675765,9.25229089002541,8
三个固定 GP 表达式的均值,2700,current_best_edge_lift,8.62401409951389,8.003192857517751,9.232553601773553,8
三个固定 GP 表达式的均值,2700,global_best_edge_lift,8.23374815436691,7.607152454556813,8.788898373254067,8
三个固定 GP 表达式的均值,2700,reference_edge_lift,7.729602254084907,7.234603113653503,8.195403300726914,8
三个固定 GP 表达式的均值,2700,top500_persistence,0.5309358530688215,0.48518663216905883,0.5791912960905046,8
三个固定 GP 表达式的均值,2700,source_age,357.05555555555554,250.26388888888889,482.4902777777771,8
三个固定 GP 表达式的均值,2700,post_unique_tours,18.583333333333332,16.916666666666668,20.02777777777778,8
三个固定 GP 表达式的均值,2725,candidate_entropy,7.035515059543924,7.008005030769156,7.0646329114546695,8
三个固定 GP 表达式的均值,2725,candidate_effective_arcs,1147.1382568274062,1110.6049524562764,1186.1668437100104,8
三个固定 GP 表达式的均值,2725,candidate_gini,0.8873532275942271,0.8851712171780495,0.8893295446881964,8
三个固定 GP 表达式的均值,2725,top500_mass,0.46212538173107925,0.44417308819587487,0.47894288414817693,8
三个固定 GP 表达式的均值,2725,top2500_mass,0.9896009934403471,0.9881046029303903,0.9910833633504833,8
三个固定 GP 表达式的均值,2725,floor_fraction,0.7723263888888889,0.7084291666666667,0.8350095138888888,8
三个固定 GP 表达式的均值,2725,source_edge_lift,9.710177873569501,9.61229981626554,9.80161287799869,8
三个固定 GP 表达式的均值,2725,current_best_edge_lift,9.635424939785699,9.506047592883402,9.763911384161709,8
三个固定 GP 表达式的均值,2725,global_best_edge_lift,9.25206855470572,9.057028898596542,9.44333548578156,8
三个固定 GP 表达式的均值,2725,reference_edge_lift,8.718791646401256,8.52183476285827,8.92449102379528,8
三个固定 GP 表达式的均值,2725,top500_persistence,0.5297755647972302,0.4875758544379583,0.5732505137161769,8
三个固定 GP 表达式的均值,2725,source_age,315.6111111111111,197.06666666666666,441.6305555555555,8
三个固定 GP 表达式的均值,2725,post_unique_tours,18.84722222222222,16.611111111111107,21.666666666666668,8
三个固定 GP 表达式的均值,2750,candidate_entropy,7.002550291215805,6.990295650430937,7.015432847893196,8
三个固定 GP 表达式的均值,2750,candidate_effective_arcs,1101.0903089555127,1087.177236423647,1116.076139658107,8
三个固定 GP 表达式的均值,2750,candidate_gini,0.8913499736399861,0.8912188480728176,0.8915060973963475,8
三个固定 GP 表达式的均值,2750,top500_mass,0.4745144760017801,0.4567328638027024,0.48943554625109453,8
三个固定 GP 表达式的均值,2750,top2500_mass,0.9925233941343607,0.9925030240334829,0.9925414905303049,8
三个固定 GP 表达式的均值,2750,floor_fraction,0.8849208333333334,0.8767775694444445,0.892505625,8
三个固定 GP 表达式的均值,2750,source_edge_lift,9.834954534174475,9.785479338573628,9.889695759426782,8
三个固定 GP 表达式的均值,2750,current_best_edge_lift,9.780995932570088,9.68624013195711,9.86727054456711,8
三个固定 GP 表达式的均值,2750,global_best_edge_lift,9.37185004343592,9.182711030191586,9.55909011785866,8
三个固定 GP 表达式的均值,2750,reference_edge_lift,8.811623988605769,8.605148531399617,9.028887842885354,8
三个固定 GP 表达式的均值,2750,top500_persistence,0.6042691314156787,0.5947241515123793,0.6110580991186623,8
三个固定 GP 表达式的均值,2750,source_age,429.93055555555554,291.4027777777778,567.5416666666666,8
三个固定 GP 表达式的均值,2750,post_unique_tours,19.444444444444443,17.01388888888889,22.26423611111111,8
三个固定 GP 表达式的均值,2775,candidate_entropy,6.99521022057726,6.9872222302467435,7.002661853331448,8
三个固定 GP 表达式的均值,2775,candidate_effective_arcs,1092.231466329767,1083.3051836937611,1101.062266968955,8
三个固定 GP 表达式的均值,2775,candidate_gini,0.8914370245716964,0.8913138309469728,0.891573319137324,8
三个固定 GP 表达式的均值,2775,top500_mass,0.4860685635190407,0.47710461473306387,0.4946409273635015,8
三个固定 GP 表达式的均值,2775,top2500_mass,0.9925351008552321,0.9925194439969123,0.9925491933752886,8
三个固定 GP 表达式的均值,2775,floor_fraction,0.8890541666666667,0.8839180208333334,0.8940902777777778,8
三个固定 GP 表达式的均值,2775,source_edge_lift,9.868343906096303,9.810238764876216,9.943915912567082,8
三个固定 GP 表达式的均值,2775,current_best_edge_lift,9.796129531581736,9.743356495165138,9.852336606966755,8
三个固定 GP 表达式的均值,2775,global_best_edge_lift,9.499830149790526,9.32769977151748,9.662687168570464,8
三个固定 GP 表达式的均值,2775,reference_edge_lift,8.866665163332883,8.660245311014148,9.089498543578523,8
三个固定 GP 表达式的均值,2775,top500_persistence,0.6043939427724808,0.5900284007000207,0.6174600683070444,8
三个固定 GP 表达式的均值,2775,source_age,595.5416666666666,355.56944444444446,849.1531249999999,8
三个固定 GP 表达式的均值,2775,post_unique_tours,18.52777777777778,16.402430555555558,20.75,8
三个固定 GP 表达式的均值,2800,candidate_entropy,7.1138863701225645,7.01381943382303,7.241009105035904,8
三个固定 GP 表达式的均值,2800,candidate_effective_arcs,1582.0614640830267,1201.480866292682,2081.5647590912613,8
三个固定 GP 表达式的均值,2800,candidate_gini,0.8418513924379497,0.7922879586596103,0.879097504558014,8
三个固定 GP 表达式的均值,2800,top500_mass,0.4677388437061337,0.4408892408713097,0.4911598480073366,8
三个固定 GP 表达式的均值,2800,top2500_mass,0.9512885187581974,0.9100290535164393,0.9822401458684766,8
三个固定 GP 表达式的均值,2800,floor_fraction,0.8429513888888889,0.7906305555555556,0.8903701041666666,8
三个固定 GP 表达式的均值,2800,source_edge_lift,9.396125158147454,8.86974582981356,9.799917597047035,8
三个固定 GP 表达式的均值,2800,current_best_edge_lift,9.36766971812849,8.849111691241019,9.775378909319869,8
三个固定 GP 表达式的均值,2800,global_best_edge_lift,9.04621327729813,8.61918725780278,9.408169613001611,8
三个固定 GP 表达式的均值,2800,reference_edge_lift,8.423455266708922,7.975416322895104,8.738105501340128,8
三个固定 GP 表达式的均值,2800,top500_persistence,0.5688124446217866,0.5250000577823439,0.6050687140739889,8
三个固定 GP 表达式的均值,2800,source_age,653.875,456.52118055555553,874.3333333333333,8
三个固定 GP 表达式的均值,2800,post_unique_tours,17.51388888888889,15.680555555555555,19.555555555555557,8
三个固定 GP 表达式的均值,2825,candidate_entropy,7.006614937645809,6.987269260958955,7.0287173819390345,8
三个固定 GP 表达式的均值,2825,candidate_effective_arcs,1108.759951729573,1084.4110168139237,1138.5646226969138,8
三个固定 GP 表达式的均值,2825,candidate_gini,0.8898111972437874,0.8882268780232211,0.8910609816207506,8
三个固定 GP 表达式的均值,2825,top500_mass,0.48312602223982104,0.47010495206306846,0.4938818757928493,8
三个固定 GP 表达式的均值,2825,top2500_mass,0.9913659116061511,0.9901799418421491,0.9922602382558644,8
三个固定 GP 表达式的均值,2825,floor_fraction,0.8453833333333334,0.7939438888888889,0.8855583333333334,8
三个固定 GP 表达式的均值,2825,source_edge_lift,9.821610140727472,9.704227649706628,9.919734444058726,8
三个固定 GP 表达式的均值,2825,current_best_edge_lift,9.793812522805347,9.653598547687468,9.908655212331004,8
三个固定 GP 表达式的均值,2825,global_best_edge_lift,9.487635998778671,9.352314625315241,9.627815456883297,8
三个固定 GP 表达式的均值,2825,reference_edge_lift,8.851301395153897,8.67991908365601,9.033544614036416,8
三个固定 GP 表达式的均值,2825,top500_persistence,0.5689430034533984,0.5276326480804225,0.6053720553684158,8
三个固定 GP 表达式的均值,2825,source_age,690.7777777777778,504.046875,904.4340277777775,8
三个固定 GP 表达式的均值,2825,post_unique_tours,18.166666666666664,16.444444444444443,20.083333333333332,8
三个固定 GP 表达式的均值,2850,candidate_entropy,6.9893496377241835,6.980896950697369,6.999204345435167,8
三个固定 GP 表达式的均值,2850,candidate_effective_arcs,1085.776659765566,1076.5049572720427,1097.353430703808,8
三个固定 GP 表达式的均值,2850,candidate_gini,0.8912909430679248,0.8912079252792601,0.891377954264207,8
三个固定 GP 表达式的均值,2850,top500_mass,0.489804079559756,0.4824823465995166,0.4958380704732602,8
三个固定 GP 表达式的均值,2850,top2500_mass,0.9925417108742927,0.9925282443471893,0.9925543136401889,8
三个固定 GP 表达式的均值,2850,floor_fraction,0.8928930555555555,0.8869152777777778,0.8978822222222222,8
三个固定 GP 表达式的均值,2850,source_edge_lift,9.902856769870361,9.810570754515572,10.012980302159056,8
三个固定 GP 表达式的均值,2850,current_best_edge_lift,9.842227095335755,9.744531896800009,9.920957188842932,8
三个固定 GP 表达式的均值,2850,global_best_edge_lift,9.540058347027944,9.393182471592738,9.688042857398234,8
三个固定 GP 表达式的均值,2850,reference_edge_lift,8.897105800200329,8.718791692480718,9.095372857953873,8
三个固定 GP 表达式的均值,2850,top500_persistence,0.6058854001298748,0.5923742400142824,0.6187706810079134,8
三个固定 GP 表达式的均值,2850,source_age,817.7916666666667,596.375,1043.875,8
三个固定 GP 表达式的均值,2850,post_unique_tours,17.15277777777778,14.76388888888889,19.76388888888889,8
三个固定 GP 表达式的均值,2875,candidate_entropy,6.9874810666155724,6.980910749847136,6.995836063426897,8
三个固定 GP 表达式的均值,2875,candidate_effective_arcs,1083.5494301562617,1075.9473880769958,1093.3795786755318,8
三个固定 GP 表达式的均值,2875,candidate_gini,0.8913226327721983,0.8912274849070417,0.8914221123027547,8
三个固定 GP 表达式的均值,2875,top500_mass,0.4921302869136406,0.48102186027382543,0.4983301506202914,8
三个固定 GP 表达式的均值,2875,top2500_mass,0.9925476506240454,0.9925366922003138,0.9925579799319806,8
三个固定 GP 表达式的均值,2875,floor_fraction,0.8942194444444445,0.8895930555555556,0.8978930555555555,8
三个固定 GP 表达式的均值,2875,source_edge_lift,9.915970671462274,9.824365653652464,10.04141150696202,8
三个固定 GP 表达式的均值,2875,current_best_edge_lift,9.864412968276586,9.765585079623804,9.956304239672457,8
三个固定 GP 表达式的均值,2875,global_best_edge_lift,9.612753986559301,9.462407433636344,9.76504911322152,8
三个固定 GP 表达式的均值,2875,reference_edge_lift,8.95203890611165,8.756799334641157,9.156526825566981,8
三个固定 GP 表达式的均值,2875,top500_persistence,0.6045859465251251,0.592680841445637,0.6182856133321443,8
三个固定 GP 表达式的均值,2875,source_age,852.5277777777778,626.2638888888889,1075.4083333333333,8
三个固定 GP 表达式的均值,2875,post_unique_tours,17.319444444444443,15.097222222222223,19.708333333333336,8
三个固定 GP 表达式的均值,2900,candidate_entropy,7.138979250675154,7.023013283576556,7.259871285660885,8
三个固定 GP 表达式的均值,2900,candidate_effective_arcs,1699.4507700735821,1211.315611043217,2191.7197798483526,8
三个固定 GP 表达式的均值,2900,candidate_gini,0.829366025557817,0.7797949005456877,0.878911788479468,8
三个固定 GP 表达式的均值,2900,top500_mass,0.46360004888090944,0.43854195199733903,0.4851977716048171,8
三个固定 GP 表达式的均值,2900,top2500_mass,0.9409846075637791,0.8997337342950299,0.9822287485972885,8
三个固定 GP 表达式的均值,2900,floor_fraction,0.833763888888889,0.7852069444444445,0.8787444444444446,8
三个固定 GP 表达式的均值,2900,source_edge_lift,9.315071613137608,8.784298735666443,9.80187585183356,8
三个固定 GP 表达式的均值,2900,current_best_edge_lift,9.27565528888727,8.78444320695308,9.711933279234854,8
三个固定 GP 表达式的均值,2900,global_best_edge_lift,9.039227228884522,8.530356430567387,9.501120985457987,8
三个固定 GP 表达式的均值,2900,reference_edge_lift,8.427856925820972,7.863061915119802,8.975777571482945,8
三个固定 GP 表达式的均值,2900,top500_persistence,0.5691542367797381,0.5336020671130722,0.6028619561660125,8
三个固定 GP 表达式的均值,2900,source_age,881.875,646.0222222222222,1115.75,8
三个固定 GP 表达式的均值,2900,post_unique_tours,15.625,14.027777777777779,17.51388888888889,8
三个固定 GP 表达式的均值,2925,candidate_entropy,7.010448118057738,6.991913645638077,7.030544882648158,8
三个固定 GP 表达式的均值,2925,candidate_effective_arcs,1114.186595806506,1090.2141713469819,1140.8563378329125,8
三个固定 GP 表达式的均值,2925,candidate_gini,0.8893485726398882,0.8877197549055299,0.8909340109237738,8
三个固定 GP 表达式的均值,2925,top500_mass,0.48272906669347526,0.4720004828835563,0.49394638892987075,8
三个固定 GP 表达式的均值,2925,top2500_mass,0.9910854466312611,0.9899143496445886,0.9922535244749116,8
三个固定 GP 表达式的均值,2925,floor_fraction,0.8342666666666667,0.7852166666666668,0.8801456249999999,8
三个固定 GP 表达式的均值,2925,source_edge_lift,9.847693963076036,9.680837856961165,10.06122406746791,8
三个固定 GP 表达式的均值,2925,current_best_edge_lift,9.83129841131158,9.658096643986017,10.075506211655698,8
三个固定 GP 表达式的均值,2925,global_best_edge_lift,9.61287398338305,9.451940927675132,9.802711564224444,8
三个固定 GP 表达式的均值,2925,reference_edge_lift,8.959157166559384,8.728295345282486,9.21101535464991,8
三个固定 GP 表达式的均值,2925,top500_persistence,0.5650537798545918,0.5288986870012992,0.5963357692385794,8
三个固定 GP 表达式的均值,2925,source_age,864.8611111111111,590.6944444444445,1147.369097222222,8
三个固定 GP 表达式的均值,2925,post_unique_tours,17.72222222222222,16.291666666666668,19.26388888888889,8
三个固定 GP 表达式的均值,2950,candidate_entropy,6.989452316690738,6.982541194058887,6.9970279597417715,8
三个固定 GP 表达式的均值,2950,candidate_effective_arcs,1085.9546267731885,1077.609738255078,1094.990349977343,8
三个固定 GP 表达式的均值,2950,candidate_gini,0.8912636554936093,0.8911972088611306,0.8913384615306792,8
三个固定 GP 表达式的均值,2950,top500_mass,0.4911943022693829,0.48061936576390873,0.4978332060242916,8
三个固定 GP 表达式的均值,2950,top2500_mass,0.9925441180666107,0.9925336128671218,0.9925529690440784,8
三个固定 GP 表达式的均值,2950,floor_fraction,0.8922569444444445,0.8875055555555555,0.8965764236111111,8
三个固定 GP 表达式的均值,2950,source_edge_lift,9.929092472597565,9.81665664901127,10.104621330869378,8
三个固定 GP 表达式的均值,2950,current_best_edge_lift,9.880951985043533,9.774435562355638,10.014435701471033,8
三个固定 GP 表达式的均值,2950,global_best_edge_lift,9.667046681608028,9.494523246974406,9.856008003220477,8
三个固定 GP 表达式的均值,2950,reference_edge_lift,8.991480250203331,8.774385129289833,9.22753960516828,8
三个固定 GP 表达式的均值,2950,top500_persistence,0.608627950969649,0.6027770781120129,0.6155950265370497,8
三个固定 GP 表达式的均值,2950,source_age,901.4027777777778,631.3322916666666,1181.4795138888887,8
三个固定 GP 表达式的均值,2950,post_unique_tours,16.583333333333336,15.569444444444445,17.819444444444443,8
三个固定 GP 表达式的均值,2975,candidate_entropy,6.986010047000527,6.9812890953130005,6.991858393360614,8
三个固定 GP 表达式的均值,2975,candidate_effective_arcs,1081.8378000631733,1076.1598552564444,1088.6326485021975,8
三个固定 GP 表达式的均值,2975,candidate_gini,0.8912907627520621,0.8912228949399751,0.8913938445699734,8
三个固定 GP 表达式的均值,2975,top500_mass,0.4940929972788385,0.48944970986464675,0.49768637006524696,8
三个固定 GP 表达式的均值,2975,top2500_mass,0.9925505274510757,0.9925436283249819,0.9925570647399855,8
三个固定 GP 表达式的均值,2975,floor_fraction,0.8949277777777778,0.8914027777777778,0.8979931250000001,8
三个固定 GP 表达式的均值,2975,source_edge_lift,9.956359869021284,9.846018392731274,10.126701736888544,8
三个固定 GP 表达式的均值,2975,current_best_edge_lift,9.86248639384778,9.822333083496916,9.896537912902,8
三个固定 GP 表达式的均值,2975,global_best_edge_lift,9.714762848732136,9.57187489628227,9.908988367811844,8
三个固定 GP 表达式的均值,2975,reference_edge_lift,9.016149764212976,8.809998207646904,9.248306120099837,8
三个固定 GP 表达式的均值,2975,top500_persistence,0.6115855946227097,0.6015558538777008,0.6200902269503861,8
三个固定 GP 表达式的均值,2975,source_age,978.5416666666667,719.6944444444443,1231.453125,8
三个固定 GP 表达式的均值,2975,post_unique_tours,16.875,14.930555555555557,19.180555555555557,8
三个固定 GP 表达式的均值,3000,candidate_entropy,7.634215819638618,7.414479344635815,7.915745562833178,8
三个固定 GP 表达式的均值,3000,candidate_effective_arcs,3682.275703324915,2810.763057651849,4801.057146354644,8
三个固定 GP 表达式的均值,3000,candidate_gini,0.6313438393114575,0.5199451704919376,0.7180120214143428,8
三个固定 GP 表达式的均值,3000,top500_mass,0.3621527104853573,0.30891726460187113,0.40716315792614866,8
三个固定 GP 表达式的均值,3000,top2500_mass,0.7759731812361985,0.6831489754268264,0.8481702956763535,8
三个固定 GP 表达式的均值,3000,floor_fraction,0.6341722222222222,0.5202611111111111,0.7235666666666667,8
三个固定 GP 表达式的均值,3000,source_edge_lift,7.314970749650038,6.180530984421646,8.201608834517659,8
三个固定 GP 表达式的均值,3000,current_best_edge_lift,7.277752327711169,6.16604978900035,8.16464548961339,8
三个固定 GP 表达式的均值,3000,global_best_edge_lift,7.107496274117505,6.025384422782511,7.938566310860451,8
三个固定 GP 表达式的均值,3000,reference_edge_lift,6.6739173905006925,5.708297534888002,7.404093057458341,8
三个固定 GP 表达式的均值,3000,top500_persistence,0.43987738271015164,0.35998187418310573,0.5021262475761419,8
三个固定 GP 表达式的均值,3000,source_age,1031.6388888888887,767.8621527777777,1289.3611111111109,8
三个固定 GP 表达式的均值,3000,post_unique_tours,15.88888888888889,14.597222222222223,17.083333333333332,8
三个固定 GP 表达式的均值,3025,candidate_entropy,7.092444921482413,7.053997840567397,7.140722592276199,8
三个固定 GP 表达式的均值,3025,candidate_effective_arcs,1221.5249426617868,1170.6265026780316,1284.569087372296,8
三个固定 GP 表达式的均值,3025,candidate_gini,0.8831222075218765,0.8796857695389076,0.8859525766825194,8
三个固定 GP 表达式的均值,3025,top500_mass,0.42749530871802277,0.40476387423180815,0.45109025597062624,8
三个固定 GP 表达式的均值,3025,top2500_mass,0.9863713960033402,0.9837183633390565,0.9884505162892138,8
三个固定 GP 表达式的均值,3025,floor_fraction,0.6354458333333334,0.5219361111111112,0.7244825,8
三个固定 GP 表达式的均值,3025,source_edge_lift,9.477867261854499,9.275511166114825,9.632343323430407,8
三个固定 GP 表达式的均值,3025,current_best_edge_lift,9.340247499428838,9.05326292141545,9.549491818735344,8
三个固定 GP 表达式的均值,3025,global_best_edge_lift,9.205903552786012,9.020761806292128,9.327814706618813,8
三个固定 GP 表达式的均值,3025,reference_edge_lift,8.756566205727992,8.596304789939946,8.935355907475572,8
三个固定 GP 表达式的均值,3025,top500_persistence,0.4355093252096838,0.35797738324057216,0.49440957853048945,8
三个固定 GP 表达式的均值,3025,source_age,645.8611111111111,358.43472222222226,901.3888888888888,8
三个固定 GP 表达式的均值,3025,post_unique_tours,20.59722222222222,17.916666666666664,23.444444444444443,8
三个固定 GP 表达式的均值,3050,candidate_entropy,7.021347002143048,7.0066635593504385,7.040050603987204,8
三个固定 GP 表达式的均值,3050,candidate_effective_arcs,1122.832193035064,1105.984356957709,1144.1916550356127,8
三个固定 GP 表达式的均值,3050,candidate_gini,0.8914388390112147,0.8913362594582144,0.891552045893808,8
三个固定 GP 表达式的均值,3050,top500_mass,0.47820345062730735,0.46219776176453065,0.49435987549926497,8
三个固定 GP 表达式的均值,3050,top2500_mass,0.9924964220480424,0.9924679768388142,0.9925189205115833,8
三个固定 GP 表达式的均值,3050,floor_fraction,0.8725652777777778,0.8604611111111111,0.8817097222222223,8
三个固定 GP 表达式的均值,3050,source_edge_lift,9.715960980636464,9.616045963972638,9.807967450365796,8
三个固定 GP 表达式的均值,3050,current_best_edge_lift,9.60875250846846,9.411926368393045,9.762322792870334,8
三个固定 GP 表达式的均值,3050,global_best_edge_lift,9.367199927279408,9.234242791608398,9.467875308194218,8
三个固定 GP 表达式的均值,3050,reference_edge_lift,8.896658450430014,8.735473119320094,9.092255377866117,8
三个固定 GP 表达式的均值,3050,top500_persistence,0.597380176780423,0.5863490010486634,0.6061701873352097,8
三个固定 GP 表达式的均值,3050,source_age,667.9444444444445,391.41284722222224,916.2083333333333,8
三个固定 GP 表达式的均值,3050,post_unique_tours,20.47222222222222,18.055555555555557,23.180555555555557,8
三个固定 GP 表达式的均值,3075,candidate_entropy,7.0064707528201335,6.995261790669391,7.021069870447327,8
三个固定 GP 表达式的均值,3075,candidate_effective_arcs,1105.0812341312453,1092.180215300978,1121.575468829463,8
三个固定 GP 表达式的均值,3075,candidate_gini,0.8915670458279629,0.891472722965531,0.8916693490232257,8
三个固定 GP 表达式的均值,3075,top500_mass,0.48024420179900973,0.46654221050077305,0.49352312684968586,8
三个固定 GP 表达式的均值,3075,top2500_mass,0.9925192933922771,0.9924969037361305,0.9925358895786796,8
三个固定 GP 表达式的均值,3075,floor_fraction,0.881551388888889,0.8724275694444444,0.888534861111111,8
三个固定 GP 表达式的均值,3075,source_edge_lift,9.80700288092348,9.693098462029624,9.932044018050213,8
三个固定 GP 表达式的均值,3075,current_best_edge_lift,9.740107187774722,9.591630034602888,9.89852010573631,8
三个固定 GP 表达式的均值,3075,global_best_edge_lift,9.42415609517724,9.290811839469807,9.528520421489533,8
三个固定 GP 表达式的均值,3075,reference_edge_lift,8.93999399183209,8.755563698359321,9.145371409487286,8
三个固定 GP 表达式的均值,3075,top500_persistence,0.6287328860951195,0.6134566006912178,0.64717715252865,8
三个固定 GP 表达式的均值,3075,source_age,645.0416666666667,404.3145833333333,878.1423611111111,8
三个固定 GP 表达式的均值,3075,post_unique_tours,20.09722222222222,18.13888888888889,22.430555555555557,8
三个固定 GP 表达式的均值,3100,candidate_entropy,7.521408724957662,7.334959825405531,7.766568224842741,8
三个固定 GP 表达式的均值,3100,candidate_effective_arcs,3198.857043167346,2453.387807287191,4189.375504933963,8
三个固定 GP 表达式的均值,3100,candidate_gini,0.6810744992928495,0.5821213175139266,0.755377486604939,8
三个固定 GP 表达式的均值,3100,top500_mass,0.3858558201622838,0.33379635235620964,0.4295348856638652,8
三个固定 GP 表达式的均值,3100,top2500_mass,0.8172073482577948,0.7347103850005534,0.8790864175756021,8
三个固定 GP 表达式的均值,3100,floor_fraction,0.6766291666666667,0.5780458333333334,0.7514777777777778,8
三个固定 GP 表达式的均值,3100,source_edge_lift,7.740265714603949,6.7415384008676345,8.515744438281725,8
三个固定 GP 表达式的均值,3100,current_best_edge_lift,7.745729412400459,6.749570104511177,8.529141934351173,8
三个固定 GP 表达式的均值,3100,global_best_edge_lift,7.364724003224917,6.430200268125912,8.112633763461579,8
三个固定 GP 表达式的均值,3100,reference_edge_lift,7.054790157462075,6.165107268349358,7.802229014126535,8
三个固定 GP 表达式的均值,3100,top500_persistence,0.4767513723802669,0.4218688461584294,0.5192625687437047,8
三个固定 GP 表达式的均值,3100,source_age,728.3472222222222,434.15277777777777,1031.6666666666665,8
三个固定 GP 表达式的均值,3100,post_unique_tours,19.069444444444443,16.63888888888889,21.625347222222217,8
三个固定 GP 表达式的均值,3125,candidate_entropy,7.07721972519129,7.046499269832615,7.116058310446772,8
三个固定 GP 表达式的均值,3125,candidate_effective_arcs,1201.38763469959,1161.7064913651964,1252.0569983790897,8
三个固定 GP 表达式的均值,3125,candidate_gini,0.8846313480251908,0.8815231087757227,0.8870195862885397,8
三个固定 GP 表达式的均值,3125,top500_mass,0.43978603451098125,0.4107624479925023,0.4667884535256621,8
三个固定 GP 表达式的均值,3125,top2500_mass,0.9875301617376464,0.9851931829091322,0.9892898341710196,8
三个固定 GP 表达式的均值,3125,floor_fraction,0.6818111111111111,0.5837684027777778,0.7569604513888889,8
三个固定 GP 表达式的均值,3125,source_edge_lift,9.531952339454913,9.35778956010649,9.684457555999437,8
三个固定 GP 表达式的均值,3125,current_best_edge_lift,9.412646386224342,9.201175369214505,9.577328755372328,8
三个固定 GP 表达式的均值,3125,global_best_edge_lift,9.047414065514312,8.835046179620834,9.254630993562566,8
三个固定 GP 表达式的均值,3125,reference_edge_lift,8.713096420375454,8.492513548895468,8.962273052732076,8
三个固定 GP 表达式的均值,3125,top500_persistence,0.47059187647098355,0.4131565893845,0.5168717608259159,8
三个固定 GP 表达式的均值,3125,source_age,317.93055555555554,187.65277777777777,448.2083333333333,8
三个固定 GP 表达式的均值,3125,post_unique_tours,22.01388888888889,20.15277777777778,24.041666666666668,8
三个固定 GP 表达式的均值,3150,candidate_entropy,7.020769744061289,7.007489829376166,7.0383393126019245,8
三个固定 GP 表达式的均值,3150,candidate_effective_arcs,1122.4557864182057,1107.0108753508653,1142.7293262204837,8
三个固定 GP 表达式的均值,3150,candidate_gini,0.8913442622721964,0.8912497474171656,0.8914353448972967,8
三个固定 GP 表达式的均值,3150,top500_mass,0.4670331825348578,0.44163851686824496,0.48815287268697427,8
三个固定 GP 表达式的均值,3150,top2500_mass,0.9924979354289791,0.992480184968359,0.992512887223834,8
三个固定 GP 表达式的均值,3150,floor_fraction,0.8750902777777778,0.8655625,0.8825778124999999,8
三个固定 GP 表达式的均值,3150,source_edge_lift,9.699675900057684,9.57765823695852,9.807978195801846,8
三个固定 GP 表达式的均值,3150,current_best_edge_lift,9.613020280243179,9.487896887735115,9.726155449677659,8
三个固定 GP 表达式的均值,3150,global_best_edge_lift,9.202370038772104,9.041148493248395,9.386218177214776,8
三个固定 GP 表达式的均值,3150,reference_edge_lift,8.849031157123317,8.651891997827526,9.074583354728968,8
三个固定 GP 表达式的均值,3150,top500_persistence,0.5956129969477029,0.5834071120706069,0.6068740989051278,8
三个固定 GP 表达式的均值,3150,source_age,438.19444444444446,249.94444444444446,621.364583333333,8
三个固定 GP 表达式的均值,3150,post_unique_tours,21.958333333333336,19.819444444444443,24.361111111111114,8
三个固定 GP 表达式的均值,3175,candidate_entropy,7.007473523335452,6.9991856736003655,7.018981599298511,8
三个固定 GP 表达式的均值,3175,candidate_effective_arcs,1106.3912872405858,1096.9770772419647,1119.5714651659737,8
三个固定 GP 表达式的均值,3175,candidate_gini,0.8914851733614774,0.8913897516132813,0.8915995176796753,8
三个固定 GP 表达式的均值,3175,top500_mass,0.4724047743089239,0.45904878251130565,0.4858953679596171,8
三个固定 GP 表达式的均值,3175,top2500_mass,0.992515879578451,0.9925024949647211,0.9925262553537386,8
三个固定 GP 表达式的均值,3175,floor_fraction,0.8815652777777778,0.8747565625000001,0.8870377430555557,8
三个固定 GP 表达式的均值,3175,source_edge_lift,9.793194654716768,9.709187024237137,9.890514293846298,8
三个固定 GP 表达式的均值,3175,current_best_edge_lift,9.718051958746628,9.59457565209903,9.857638197810633,8
三个固定 GP 表达式的均值,3175,global_best_edge_lift,9.282986888937966,9.134100260127541,9.459965609811341,8
三个固定 GP 表达式的均值,3175,reference_edge_lift,8.880941335025554,8.666057393005884,9.119931101433515,8
三个固定 GP 表达式的均值,3175,top500_persistence,0.598945868830148,0.586421386129169,0.6120412959042484,8
三个固定 GP 表达式的均值,3175,source_age,452.19444444444446,258.0979166666667,634.0138888888889,8
三个固定 GP 表达式的均值,3175,post_unique_tours,20.875,19.09722222222222,23.042013888888885,8
三个固定 GP 表达式的均值,3200,candidate_entropy,7.335242997086713,7.149666804495886,7.5216154967901225,8
三个固定 GP 表达式的均值,3200,candidate_effective_arcs,2454.7630548883926,1595.2366467645388,3199.7858454461093,8
三个固定 GP 表达式的均值,3200,candidate_gini,0.7553313163457245,0.6810167845141208,0.8419610945841891,8
三个固定 GP 表达式的均值,3200,top500_mass,0.4260868817752315,0.3842389246717083,0.47244988723246606,8
三个固定 GP 表达式的均值,3200,top2500_mass,0.8790868967939414,0.8172055950037062,0.9409654553080814,8
三个固定 GP 表达式的均值,3200,floor_fraction,0.7515708333333333,0.6767957638888888,0.8273315277777774,8
三个固定 GP 表达式的均值,3200,source_edge_lift,8.508214883785163,7.686754156612148,9.350214776004123,8
三个固定 GP 表达式的均值,3200,current_best_edge_lift,8.511893803318682,7.696838085195582,9.353594383215961,8
三个固定 GP 表达式的均值,3200,global_best_edge_lift,7.987137666229239,7.211694712474131,8.851150494421985,8
三个固定 GP 表达式的均值,3200,reference_edge_lift,7.651925838674655,6.907906560690605,8.437980328260792,8
三个固定 GP 表达式的均值,3200,top500_persistence,0.5174759426686448,0.4602412600104323,0.584670916344568,8
三个固定 GP 表达式的均值,3200,source_age,452.30555555555554,265.3440972222222,623.6541666666667,8
三个固定 GP 表达式的均值,3200,post_unique_tours,19.305555555555557,17.291666666666668,21.569444444444443,8
三个固定 GP 表达式的均值,3225,candidate_entropy,7.044555917031696,7.013002383792727,7.075434205620246,8
三个固定 GP 表达式的均值,3225,candidate_effective_arcs,1158.0546784293483,1116.8072426503654,1198.5601504575247,8
三个固定 GP 表达式的均值,3225,candidate_gini,0.8870639634753135,0.8847342252519831,0.8897576526147833,8
三个固定 GP 表达式的均值,3225,top500_mass,0.45288369899870357,0.42746215832184775,0.4783748772440604,8
三个固定 GP 表达式的均值,3225,top2500_mass,0.9893065983191911,0.9875381682103187,0.9913617689520899,8
三个固定 GP 表达式的均值,3225,floor_fraction,0.7568694444444445,0.6815708333333333,0.8419656944444444,8
三个固定 GP 表达式的均值,3225,source_edge_lift,9.686468247365498,9.520004423620316,9.896232051766965,8
三个固定 GP 表达式的均值,3225,current_best_edge_lift,9.544395560834333,9.36567832921821,9.710323283685812,8
三个固定 GP 表达式的均值,3225,global_best_edge_lift,9.07603920011618,8.81088676114806,9.4175426631797,8
三个固定 GP 表达式的均值,3225,reference_edge_lift,8.729651048707245,8.488383317956558,9.02593365864415,8
三个固定 GP 表达式的均值,3225,top500_persistence,0.520558402913917,0.4676577571336761,0.5742268590085094,8
三个固定 GP 表达式的均值,3225,source_age,345.58333333333337,170.09722222222223,537.4045138888888,8
三个固定 GP 表达式的均值,3225,post_unique_tours,20.5,18.805555555555557,22.430555555555554,8
三个固定 GP 表达式的均值,3250,candidate_entropy,7.005467689929291,6.991944401009727,7.01952262719694,8
三个固定 GP 表达式的均值,3250,candidate_effective_arcs,1104.4083203641703,1088.1122513240641,1120.8563526364546,8
三个固定 GP 表达式的均值,3250,candidate_gini,0.8913469742710829,0.8912908941663666,0.8914040321598371,8
三个固定 GP 表达式的均值,3250,top500_mass,0.4729084686144946,0.4519285439514118,0.49238791274224686,8
三个固定 GP 表达式的均值,3250,top2500_mass,0.992516537440564,0.9924962442816677,0.9925350214249381,8
三个固定 GP 表达式的均值,3250,floor_fraction,0.8830458333333333,0.8751027777777778,0.891118125,8
三个固定 GP 表达式的均值,3250,source_edge_lift,9.846648367596348,9.712988825776499,10.043332052472294,8
三个固定 GP 表达式的均值,3250,current_best_edge_lift,9.737788616030771,9.616064356503557,9.875241961254021,8
三个固定 GP 表达式的均值,3250,global_best_edge_lift,9.148608287515703,8.900020902652518,9.488947929591827,8
三个固定 GP 表达式的均值,3250,reference_edge_lift,8.807454120908314,8.560326169132956,9.091920390638979,8
三个固定 GP 表达式的均值,3250,top500_persistence,0.6134126485715305,0.6045022911529652,0.6213098453017534,8
三个固定 GP 表达式的均值,3250,source_age,383.0416666666667,220.4260416666667,570.4493055555555,8
三个固定 GP 表达式的均值,3250,post_unique_tours,19.52777777777778,18.13888888888889,21.333333333333332,8
三个固定 GP 表达式的均值,3275,candidate_entropy,6.996198171527113,6.987504519170575,7.00574558573759,8
三个固定 GP 表达式的均值,3275,candidate_effective_arcs,1093.221632150207,1083.291609639228,1104.4220057332454,8
三个固定 GP 表达式的均值,3275,candidate_gini,0.8914934071030571,0.8913849168136774,0.8916259962825858,8
三个固定 GP 表达式的均值,3275,top500_mass,0.4884020161065368,0.47828745422730423,0.4976855587434403,8
三个固定 GP 表达式的均值,3275,top2500_mass,0.9925332873493315,0.992515777664169,0.9925474552138559,8
三个固定 GP 表达式的均值,3275,floor_fraction,0.8876125,0.8818972222222222,0.8932319444444443,8
三个固定 GP 表达式的均值,3275,source_edge_lift,9.882551951387962,9.755709165539754,10.070581063127037,8
三个固定 GP 表达式的均值,3275,current_best_edge_lift,9.775732505659358,9.687700528911012,9.857094506022165,8
三个固定 GP 表达式的均值,3275,global_best_edge_lift,9.315137391831797,9.036110615664267,9.657144263062383,8
三个固定 GP 表达式的均值,3275,reference_edge_lift,8.862355108854597,8.59247365754735,9.167353717040573,8
三个固定 GP 表达式的均值,3275,top500_persistence,0.6149464760269046,0.5949632073496287,0.6353720090011835,8
三个固定 GP 表达式的均值,3275,source_age,522.2916666666666,382.49930555555557,675.0531249999997,8
三个固定 GP 表达式的均值,3275,post_unique_tours,20.09722222222222,19.11111111111111,21.25,8
三个固定 GP 表达式的均值,3300,candidate_entropy,7.172259163923407,7.058384091294565,7.291754600128303,8
三个固定 GP 表达式的均值,3300,candidate_effective_arcs,1825.816672517085,1338.5883548928869,2316.5882575286964,8
三个固定 GP 表达式的均值,3300,candidate_gini,0.8170987172453903,0.767575992464739,0.8544045456046205,8
三个固定 GP 表达式的均值,3300,top500_mass,0.45612243417503645,0.4350173933040768,0.47525470307773104,8
三个固定 GP 表达式的均值,3300,top2500_mass,0.9306636718017413,0.8894174437731499,0.9718942715949295,8
三个固定 GP 表达式的均值,3300,floor_fraction,0.8189805555555556,0.77204125,0.8590597222222223,8
三个固定 GP 表达式的均值,3300,source_edge_lift,9.19066765202665,8.809557533842023,9.608748473679174,8
三个固定 GP 表达式的均值,3300,current_best_edge_lift,9.124321252403707,8.703724831173488,9.510569392241553,8
三个固定 GP 表达式的均值,3300,global_best_edge_lift,8.597056587090112,8.266311395843022,8.983484448003832,8
三个固定 GP 表达式的均值,3300,reference_edge_lift,8.17340316788208,7.87642162739545,8.507427682820289,8
三个固定 GP 表达式的均值,3300,top500_persistence,0.5641430094568474,0.5288583195250901,0.5985224302871462,8
三个固定 GP 表达式的均值,3300,source_age,436.31944444444446,280.0138888888889,611.375,8
三个固定 GP 表达式的均值,3300,post_unique_tours,18.111111111111114,16.416666666666664,20.028124999999996,8
三个固定 GP 表达式的均值,3325,candidate_entropy,7.014986869076588,6.997406153772436,7.033592939026134,8
三个固定 GP 表达式的均值,3325,candidate_effective_arcs,1120.4329324080177,1097.3476693555908,1145.012830472269,8
三个固定 GP 表达式的均值,3325,candidate_gini,0.8889203199382466,0.8873703900660147,0.8902504279133414,8
三个固定 GP 表达式的均值,3325,top500_mass,0.4764731039077189,0.46129542373190374,0.4904318896204126,8
三个固定 GP 表达式的均值,3325,top2500_mass,0.9907736845572259,0.9895929688806789,0.9919434878268756,8
三个固定 GP 表达式的均值,3325,floor_fraction,0.8220902777777778,0.7735962847222223,0.8610552777777777,8
三个固定 GP 表达式的均值,3325,source_edge_lift,9.808329270670551,9.738554539006996,9.880651185241875,8
三个固定 GP 表达式的均值,3325,current_best_edge_lift,9.761755259684223,9.70114029403257,9.830097823537107,8
三个固定 GP 表达式的均值,3325,global_best_edge_lift,9.236656803752595,9.04682704837922,9.448005224852137,8
三个固定 GP 表达式的均值,3325,reference_edge_lift,8.784267010904248,8.579934224020223,9.00584077138927,8
三个固定 GP 表达式的均值,3325,top500_persistence,0.5576316480749157,0.5262900457148258,0.5859316592491413,8
三个固定 GP 表达式的均值,3325,source_age,408.05555555555554,276.34722222222223,543.8472222222222,8
三个固定 GP 表达式的均值,3325,post_unique_tours,19.09722222222222,16.916319444444444,21.416666666666664,8
三个固定 GP 表达式的均值,3350,candidate_entropy,6.992598023625603,6.985483804505659,7.000029692267115,8
三个固定 GP 表达式的均值,3350,candidate_effective_arcs,1089.4779050309544,1081.326437866387,1098.0206291024865,8
三个固定 GP 表达式的均值,3350,candidate_gini,0.8913748074843442,0.8912202274611336,0.8916183931909215,8
三个固定 GP 表达式的均值,3350,top500_mass,0.49383818841086136,0.48642867585083305,0.5002267901420578,8
三个固定 GP 表达式的均值,3350,top2500_mass,0.9925354407927571,0.9925260915968401,0.9925460501520164,8
三个固定 GP 表达式的均值,3350,floor_fraction,0.8913388888888889,0.8868900000000001,0.8955213541666667,8
三个固定 GP 表达式的均值,3350,source_edge_lift,9.93512010207525,9.831252472265204,10.063695120395941,8
三个固定 GP 表达式的均值,3350,current_best_edge_lift,9.82431492694419,9.76741404268879,9.882111126140739,8
三个固定 GP 表达式的均值,3350,global_best_edge_lift,9.330894787523293,9.108504082944702,9.588290072088874,8
三个固定 GP 表达式的均值,3350,reference_edge_lift,8.840557643941157,8.613516898953659,9.094707244048573,8
三个固定 GP 表达式的均值,3350,top500_persistence,0.6016221752221957,0.5915796445678961,0.6109761253691249,8
三个固定 GP 表达式的均值,3350,source_age,608.5972222222223,442.77708333333334,787.7916666666666,8
三个固定 GP 表达式的均值,3350,post_unique_tours,18.375,16.22222222222222,20.486458333333328,8
三个固定 GP 表达式的均值,3375,candidate_entropy,6.990298667585796,6.985451310964452,6.994756595390549,8
三个固定 GP 表达式的均值,3375,candidate_effective_arcs,1086.5931957109185,1081.0524302835613,1091.8608288590171,8
三个固定 GP 表达式的均值,3375,candidate_gini,0.8914381425999205,0.8913338273328134,0.8915643799562407,8
三个固定 GP 表达式的均值,3375,top500_mass,0.4901653000049615,0.4790402164906136,0.4986481159083014,8
三个固定 GP 表达式的均值,3375,top2500_mass,0.9925433747985892,0.9925348460032171,0.9925521159217756,8
三个固定 GP 表达式的均值,3375,floor_fraction,0.8921208333333333,0.8889747916666666,0.8953725347222222,8
三个固定 GP 表达式的均值,3375,source_edge_lift,9.937463021485776,9.840843296733537,10.099871776837624,8
三个固定 GP 表达式的均值,3375,current_best_edge_lift,9.82186367307541,9.778660496277382,9.865553814352488,8
三个固定 GP 表达式的均值,3375,global_best_edge_lift,9.513609501180571,9.300071711027655,9.74960072126136,8
三个固定 GP 表达式的均值,3375,reference_edge_lift,8.902613220126739,8.660645577025655,9.16086012528649,8
三个固定 GP 表达式的均值,3375,top500_persistence,0.5936953573678634,0.5811114438219417,0.6067448155024051,8
三个固定 GP 表达式的均值,3375,source_age,611.9444444444445,426.6770833333333,794.5725694444442,8
三个固定 GP 表达式的均值,3375,post_unique_tours,18.11111111111111,16.791666666666668,19.694444444444443,8
三个固定 GP 表达式的均值,3400,candidate_entropy,7.231376066871019,7.13963144777008,7.322981584397489,8
三个固定 GP 表达式的均值,3400,candidate_effective_arcs,2070.563525153306,1700.0935979330484,2441.3040972384574,8
三个固定 GP 表达式的均值,3400,candidate_gini,0.7922985064775371,0.7551537299155542,0.8294308304831802,8
三个固定 GP 表达式的均值,3400,top500_mass,0.4464583514737932,0.4282833178850156,0.464961562350208,8
三个固定 GP 表达式的均值,3400,top2500_mass,0.9100427513442741,0.8791021778227025,0.9409821232966238,8
三个固定 GP 表达式的均值,3400,floor_fraction,0.7961736111111112,0.7599347222222224,0.8332057291666668,8
三个固定 GP 表达式的均值,3400,source_edge_lift,8.980674745789196,8.616609462027155,9.34818134422867,8
三个固定 GP 表达式的均值,3400,current_best_edge_lift,8.915135954995506,8.55111419980134,9.268562153673034,8
三个固定 GP 表达式的均值,3400,global_best_edge_lift,8.55677396143929,8.058601449016145,8.952724534831958,8
三个固定 GP 表达式的均值,3400,reference_edge_lift,8.028311419279422,7.629151680467161,8.407718142879334,8
三个固定 GP 表达式的均值,3400,top500_persistence,0.5481283117301156,0.5179643343308175,0.5835733485535229,8
三个固定 GP 表达式的均值,3400,source_age,672.625,536.8055555555557,803.0305555555556,8
三个固定 GP 表达式的均值,3400,post_unique_tours,16.458333333333332,14.38888888888889,18.583333333333332,8
三个固定 GP 表达式的均值,3425,candidate_entropy,7.023302022413983,7.008874122561666,7.038315175983235,8
三个固定 GP 表达式的均值,3425,candidate_effective_arcs,1131.150649822179,1112.1459968258669,1150.8348141826036,8
三个固定 GP 表达式的均值,3425,candidate_gini,0.888214375412923,0.8870336463561519,0.8893953996877035,8
三个固定 GP 表达式的均值,3425,top500_mass,0.4700181254662993,0.4594626765775657,0.4803649447868851,8
三个固定 GP 表达式的均值,3425,top2500_mass,0.9901973508194974,0.9893130835125523,0.9910802994344773,8
三个固定 GP 表达式的均值,3425,floor_fraction,0.7976472222222223,0.7603861111111112,0.8345833333333333,8
三个固定 GP 表达式的均值,3425,source_edge_lift,9.812333495325191,9.677109840041508,10.005471425168002,8
三个固定 GP 表达式的均值,3425,current_best_edge_lift,9.756612933501614,9.61355889766833,9.943804735816869,8
三个固定 GP 表达式的均值,3425,global_best_edge_lift,9.431642104954078,9.187687108313472,9.657728759554825,8
三个固定 GP 表达式的均值,3425,reference_edge_lift,8.875997215713618,8.700467947060234,9.082019258706577,8
三个固定 GP 表达式的均值,3425,top500_persistence,0.5461845281599289,0.5185681546773265,0.5744044712936294,8
三个固定 GP 表达式的均值,3425,source_age,801.7916666666667,565.0923611111111,1035.6527777777778,8
三个固定 GP 表达式的均值,3425,post_unique_tours,18.75,16.819444444444443,20.98611111111111,8
三个固定 GP 表达式的均值,3450,candidate_entropy,6.997304715982317,6.99029196921654,7.004547737732937,8
三个固定 GP 表达式的均值,3450,candidate_effective_arcs,1095.1266503879056,1087.020067681818,1103.5452241267506,8
三个固定 GP 表达式的均值,3450,candidate_gini,0.8912875376611651,0.8912101799554671,0.8913657434484006,8
三个固定 GP 表达式的均值,3450,top500_mass,0.48841252324513784,0.4767486922158117,0.4983153002295848,8
三个固定 GP 表达式的均值,3450,top2500_mass,0.9925328087860403,0.9925213968888695,0.9925431361715951,8
三个固定 GP 表达式的均值,3450,floor_fraction,0.8886180555555556,0.8841722222222222,0.8927569444444445,8
三个固定 GP 表达式的均值,3450,source_edge_lift,9.895241111171044,9.775313763280806,10.084803789925695,8
三个固定 GP 表达式的均值,3450,current_best_edge_lift,9.766970114018783,9.71994764993823,9.816313397996009,8
三个固定 GP 表达式的均值,3450,global_best_edge_lift,9.506653866624607,9.265916881487843,9.744643296566919,8
三个固定 GP 表达式的均值,3450,reference_edge_lift,8.9282360541035,8.74529421609897,9.138573436892429,8
三个固定 GP 表达式的均值,3450,top500_persistence,0.6093152895837858,0.6017154699438871,0.6180988170394902,8
三个固定 GP 表达式的均值,3450,source_age,950.6388888888889,658.1388888888889,1230.3489583333333,8
三个固定 GP 表达式的均值,3450,post_unique_tours,18.5,16.76388888888889,20.48611111111111,8
三个固定 GP 表达式的均值,3475,candidate_entropy,6.9935473986330035,6.987870450930618,7.000318922998867,8
三个固定 GP 表达式的均值,3475,candidate_effective_arcs,1090.4127768941253,1083.8125845269453,1098.053781738396,8
三个固定 GP 表达式的均值,3475,candidate_gini,0.8913995891426232,0.8912889440645216,0.8915165556572946,8
三个固定 GP 表达式的均值,3475,top500_mass,0.48745402069033406,0.47688225971482684,0.49622491294803706,8
三个固定 GP 表达式的均值,3475,top2500_mass,0.9925423991024859,0.9925312454817713,0.9925522499741533,8
三个固定 GP 表达式的均值,3475,floor_fraction,0.8899722222222223,0.8865858680555555,0.8928041666666667,8
三个固定 GP 表达式的均值,3475,source_edge_lift,9.912187806527754,9.807755980116564,10.079233370153554,8
三个固定 GP 表达式的均值,3475,current_best_edge_lift,9.839621406413706,9.736967208788332,9.971243474812125,8
三个固定 GP 表达式的均值,3475,global_best_edge_lift,9.654688847822062,9.439326982177125,9.858832132347317,8
三个固定 GP 表达式的均值,3475,reference_edge_lift,9.014495444422861,8.833817875703266,9.226447417183808,8
三个固定 GP 表达式的均值,3475,top500_persistence,0.6069291085651127,0.5970726027672394,0.6166965474613005,8
三个固定 GP 表达式的均值,3475,source_age,951.7083333333333,700.6666666666666,1188.9263888888888,8
三个固定 GP 表达式的均值,3475,post_unique_tours,17.958333333333332,16.096875,20.000694444444434,8
三个固定 GP 表达式的均值,3500,candidate_entropy,7.233241245999208,7.110676382297904,7.355948840925983,8
三个固定 GP 表达式的均值,3500,candidate_effective_arcs,2072.7248897945537,1578.5872443829471,2567.1136774442284,8
三个固定 GP 表达式的均值,3500,candidate_gini,0.7922944196083527,0.7427806890924283,0.8418162267005318,8
三个固定 GP 表达式的均值,3500,top500_mass,0.44387974825952153,0.421616856233029,0.46589264133365343,8
三个固定 GP 表达式的均值,3500,top2500_mass,0.910042509938443,0.8687894708715468,0.9512931043020132,8
三个固定 GP 表达式的均值,3500,floor_fraction,0.7946291666666667,0.7451815972222222,0.8440666666666667,8
三个固定 GP 表达式的均值,3500,source_edge_lift,8.92411758350873,8.49937040335787,9.359839930006283,8
三个固定 GP 表达式的均值,3500,current_best_edge_lift,8.885899716597287,8.412643524419252,9.359789290391415,8
三个固定 GP 表达式的均值,3500,global_best_edge_lift,8.67229675397692,8.219800783427921,9.112931114393891,8
三个固定 GP 表达式的均值,3500,reference_edge_lift,8.121148129159359,7.645131210558608,8.633088200594146,8
三个固定 GP 表达式的均值,3500,top500_persistence,0.5615610463423071,0.5305575048439308,0.5952672807492648,8
三个固定 GP 表达式的均值,3500,source_age,1031.2083333333333,757.9048611111111,1327.2083333333333,8
三个固定 GP 表达式的均值,3500,post_unique_tours,16.569444444444443,14.916666666666668,18.416666666666664,8
三个固定 GP 表达式的均值,3525,candidate_entropy,7.025191713637228,7.004851289536242,7.045538808538052,8
三个固定 GP 表达式的均值,3525,candidate_effective_arcs,1133.643070742344,1106.958611918001,1160.5051048383043,8
三个固定 GP 表达式的均值,3525,candidate_gini,0.8881281021125602,0.8865013119203823,0.8897525750838868,8
三个固定 GP 表达式的均值,3525,top500_mass,0.4678201224539643,0.4522548882528711,0.4829450284612633,8
三个固定 GP 表达式的均值,3525,top2500_mass,0.990195074718415,0.9890156422203642,0.9913755069294973,8
三个固定 GP 表达式的均值,3525,floor_fraction,0.7969833333333334,0.7478500000000001,0.8462570486111112,8
三个固定 GP 表达式的均值,3525,source_edge_lift,9.770386801896878,9.673490384796093,9.870809901288117,8
三个固定 GP 表达式的均值,3525,current_best_edge_lift,9.69620100239009,9.59604410218867,9.791349180067483,8
三个固定 GP 表达式的均值,3525,global_best_edge_lift,9.498399071285533,9.330224963034711,9.647906866741257,8
三个固定 GP 表达式的均值,3525,reference_edge_lift,8.916461970248712,8.739473598941503,9.127097304324328,8
三个固定 GP 表达式的均值,3525,top500_persistence,0.5471067648831764,0.5199758106913926,0.5762665643586184,8
三个固定 GP 表达式的均值,3525,source_age,967.9861111111111,699.9583333333333,1258.5027777777777,8
三个固定 GP 表达式的均值,3525,post_unique_tours,17.944444444444443,15.708333333333336,20.27777777777778,8
三个固定 GP 表达式的均值,3550,candidate_entropy,6.997562416946613,6.989921926934605,7.005131452474028,8
三个固定 GP 表达式的均值,3550,candidate_effective_arcs,1095.2403419103089,1086.3938963159628,1104.0880284317805,8
三个固定 GP 表达式的均值,3550,candidate_gini,0.8913232230820235,0.891233798789788,0.8914086908834937,8
三个固定 GP 表达式的均值,3550,top500_mass,0.4810951722077446,0.46939176284498674,0.4915024594832813,8
三个固定 GP 表达式的均值,3550,top2500_mass,0.992534373334958,0.9925198123940256,0.9925472796548376,8
三个固定 GP 表达式的均值,3550,floor_fraction,0.8883291666666667,0.8835177430555556,0.8930388888888889,8
三个固定 GP 表达式的均值,3550,source_edge_lift,9.889730777240999,9.796791200653573,10.011230610173865,8
三个固定 GP 表达式的均值,3550,current_best_edge_lift,9.800960171042625,9.746046787314361,9.849712747517334,8
三个固定 GP 表达式的均值,3550,global_best_edge_lift,9.597114626683679,9.47629004203694,9.713355220125237,8
三个固定 GP 表达式的均值,3550,reference_edge_lift,8.986078928248967,8.817209976177223,9.186054163600657,8
三个固定 GP 表达式的均值,3550,top500_persistence,0.5970242321894589,0.5932261249312987,0.601071716053991,8
三个固定 GP 表达式的均值,3550,source_age,1071.5277777777778,778.6805555555555,1376.861111111111,8
三个固定 GP 表达式的均值,3550,post_unique_tours,17.36111111111111,14.833333333333336,19.986111111111114,8
三个固定 GP 表达式的均值,3575,candidate_entropy,6.9900391623432405,6.985076532256699,6.994936354941177,8
三个固定 GP 表达式的均值,3575,candidate_effective_arcs,1086.2624952944936,1080.6853337419004,1091.8075834567574,8
三个固定 GP 表达式的均值,3575,candidate_gini,0.8913970945160565,0.8912663258761092,0.8915534346597526,8
三个固定 GP 表达式的均值,3575,top500_mass,0.4934174375143306,0.48756523732608903,0.4981309720094842,8
三个固定 GP 表达式的均值,3575,top2500_mass,0.9925461506932991,0.9925368925439466,0.9925539900043175,8
三个固定 GP 表达式的均值,3575,floor_fraction,0.8921958333333333,0.8891736111111112,0.89521125,8
三个固定 GP 表达式的均值,3575,source_edge_lift,9.90844273704096,9.84196766503822,10.005139940493052,8
三个固定 GP 表达式的均值,3575,current_best_edge_lift,9.874916136003563,9.820770537311386,9.938275044598285,8
三个固定 GP 表达式的均值,3575,global_best_edge_lift,9.68100144359649,9.56335916400356,9.803968739805777,8
三个固定 GP 表达式的均值,3575,reference_edge_lift,9.038769014698403,8.856550908165849,9.23626469579215,8
三个固定 GP 表达式的均值,3575,top500_persistence,0.607660502390898,0.5989890838300841,0.6171435041155521,8
三个固定 GP 表达式的均值,3575,source_age,1093.0416666666667,801.125,1397.625,8
三个固定 GP 表达式的均值,3575,post_unique_tours,17.930555555555557,15.625,20.583333333333332,8
三个固定 GP 表达式的均值,3600,candidate_entropy,7.417256188138387,7.291517134874944,7.5706477878440195,8
三个固定 GP 表达式的均值,3600,candidate_effective_arcs,2814.354915502815,2316.9068631558184,3432.995629273544,8
三个固定 GP 表达式的均值,3600,candidate_gini,0.7180134714775801,0.6561208004465804,0.767574732098457,8
三个固定 GP 表达式的均值,3600,top500_mass,0.41043819163804535,0.3794441378391347,0.43582559290701683,8
三个固定 GP 表达式的均值,3600,top2500_mass,0.8481652669081374,0.796602919599986,0.8894196442271758,8
三个固定 GP 表达式的均值,3600,floor_fraction,0.7213013888888888,0.6597791666666668,0.7724527777777778,8
三个固定 GP 表达式的均值,3600,source_edge_lift,8.206476898861238,7.558779055974145,8.77364015021735,8
三个固定 GP 表达式的均值,3600,current_best_edge_lift,8.188270359682324,7.551725737958299,8.76173344485491,8
三个固定 GP 表达式的均值,3600,global_best_edge_lift,7.9636812429351425,7.402878795602378,8.47704254701135,8
三个固定 GP 表达式的均值,3600,reference_edge_lift,7.475079710820896,6.9508427415311935,7.988297542826906,8
三个固定 GP 表达式的均值,3600,top500_persistence,0.4932434325316952,0.4530179920545646,0.5319819392004745,8
三个固定 GP 表达式的均值,3600,source_age,1124.4027777777778,831.2493055555556,1423.7777777777778,8
三个固定 GP 表达式的均值,3600,post_unique_tours,16.805555555555557,15.027777777777779,18.75,8
三个固定 GP 表达式的均值,3625,candidate_entropy,7.054966015578287,7.033488191462207,7.081439454141476,8
三个固定 GP 表达式的均值,3625,candidate_effective_arcs,1172.8091146209053,1144.6158568229118,1207.4763719088276,8
三个固定 GP 表达式的均值,3625,candidate_gini,0.8857836964277886,0.8837743437524841,0.8875085149128196,8
三个固定 GP 表达式的均值,3625,top500_mass,0.4497766758032432,0.43737856301348,0.46199289181175224,8
三个固定 GP 表达式的均值,3625,top2500_mass,0.9884308552439474,0.9869641273342576,0.9896104018378468,8
三个固定 GP 表达式的均值,3625,floor_fraction,0.7231166666666667,0.661163888888889,0.7734655555555556,8
三个固定 GP 表达式的均值,3625,source_edge_lift,9.645704632152253,9.4984824748092,9.82023228264756,8
三个固定 GP 表达式的均值,3625,current_best_edge_lift,9.544520285605692,9.39829442137641,9.687227154825838,8
三个固定 GP 表达式的均值,3625,global_best_edge_lift,9.364980116103613,9.25927615254419,9.48298170252164,8
三个固定 GP 表达式的均值,3625,reference_edge_lift,8.86336750590563,8.717339341148486,9.02531907430464,8
三个固定 GP 表达式的均值,3625,top500_persistence,0.49975279994413746,0.4558477776146098,0.5402498995607216,8
三个固定 GP 表达式的均值,3625,source_age,851.6805555555555,565.9166666666666,1118.435763888889,8
三个固定 GP 表达式的均值,3625,post_unique_tours,20.0,18.625,21.569791666666664,8
三个固定 GP 表达式的均值,3650,candidate_entropy,7.010029250412003,7.001903787248001,7.019171486967173,8
三个固定 GP 表达式的均值,3650,candidate_effective_arcs,1110.0349925884489,1100.6131693548957,1120.5683034835793,8
三个固定 GP 表达式的均值,3650,candidate_gini,0.8912591561014345,0.891210914193574,0.891303031100349,8
三个固定 GP 表达式的均值,3650,top500_mass,0.4744938236955578,0.46950898504426103,0.4794495141824964,8
三个固定 GP 表达式的均值,3650,top2500_mass,0.9925143406507525,0.9925016892371279,0.9925255224396198,8
三个固定 GP 表达式的均值,3650,floor_fraction,0.8811027777777778,0.875213888888889,0.8861904166666666,8
三个固定 GP 表达式的均值,3650,source_edge_lift,9.802010401996327,9.698839977590708,9.94574414217014,8
三个固定 GP 表达式的均值,3650,current_best_edge_lift,9.770857906055522,9.598731857393606,10.019728969052071,8
三个固定 GP 表达式的均值,3650,global_best_edge_lift,9.479448928471395,9.394129126574965,9.588478184903682,8
三个固定 GP 表达式的均值,3650,reference_edge_lift,8.957950467816458,8.80003588535637,9.130186017880472,8
三个固定 GP 表达式的均值,3650,top500_persistence,0.6062461740556495,0.600251772187522,0.6131090699632964,8
三个固定 GP 表达式的均值,3650,source_age,986.375,663.7583333333333,1294.1527777777776,8
三个固定 GP 表达式的均值,3650,post_unique_tours,18.055555555555557,16.59722222222222,19.680902777777774,8
三个固定 GP 表达式的均值,3675,candidate_entropy,6.99776091929506,6.992912215283368,7.002828605646253,8
三个固定 GP 表达式的均值,3675,candidate_effective_arcs,1095.2852707846544,1089.6947343747543,1101.0436379395512,8
三个固定 GP 表达式的均值,3675,candidate_gini,0.8914297892427083,0.8913368645662967,0.8915028650544483,8
三个固定 GP 表达式的均值,3675,top500_mass,0.4874125445751469,0.4777304519159679,0.4968471332391163,8
三个固定 GP 表达式的均值,3675,top2500_mass,0.9925318566060864,0.9925250018792066,0.9925378718753842,8
三个固定 GP 表达式的均值,3675,floor_fraction,0.8875194444444445,0.8839986111111112,0.8906472222222221,8
三个固定 GP 表达式的均值,3675,source_edge_lift,9.868143995358125,9.776112193997974,10.021208677235606,8
三个固定 GP 表达式的均值,3675,current_best_edge_lift,9.810280123196186,9.710566615572255,9.956707654848211,8
三个固定 GP 表达式的均值,3675,global_best_edge_lift,9.528704042064696,9.440685042369749,9.64614787080001,8
三个固定 GP 表达式的均值,3675,reference_edge_lift,8.98878987077772,8.820944861801681,9.175573644018879,8
三个固定 GP 表达式的均值,3675,top500_persistence,0.6281109131573205,0.6156483463459872,0.6418151955529122,8
三个固定 GP 表达式的均值,3675,source_age,1032.4722222222222,703.8715277777778,1348.6961805555552,8
三个固定 GP 表达式的均值,3675,post_unique_tours,18.77777777777778,17.23611111111111,20.52777777777778,8
三个固定 GP 表达式的均值,3700,candidate_entropy,7.577493730456297,7.422886401871544,7.70388314243243,8
三个固定 GP 表达式的均值,3700,candidate_effective_arcs,3440.179041746081,2819.9646128561444,3938.7124989181943,8
三个固定 GP 表达式的均值,3700,candidate_gini,0.656237474682692,0.606698720249655,0.7181225456205951,8
三个固定 GP 表达式的均值,3700,top500_mass,0.37380636183025345,0.3460373274814785,0.40612681608906204,8
三个固定 GP 表达式的均值,3700,top2500_mass,0.796589174744775,0.7553316263451529,0.8481563823429089,8
三个固定 GP 表达式的均值,3700,floor_fraction,0.655375,0.6036609374999999,0.7182248611111112,8
三个固定 GP 表达式的均值,3700,source_edge_lift,7.5229315747056615,7.0025836674664825,8.135093610904537,8
三个固定 GP 表达式的均值,3700,current_best_edge_lift,7.526807913544411,6.9932745114535155,8.154697761637474,8
三个固定 GP 表达式的均值,3700,global_best_edge_lift,7.1785330237659055,6.655225836592046,7.776685847955579,8
三个固定 GP 表达式的均值,3700,reference_edge_lift,6.874389423423123,6.355773643868405,7.466223136057865,8
三个固定 GP 表达式的均值,3700,top500_persistence,0.4672361256640789,0.4363540571308265,0.5036915591813259,8
三个固定 GP 表达式的均值,3700,source_age,986.1944444444443,689.7347222222221,1235.3361111111112,8
三个固定 GP 表达式的均值,3700,post_unique_tours,18.23611111111111,16.694444444444443,19.72222222222222,8
三个固定 GP 表达式的均值,3725,candidate_entropy,7.08354928236263,7.058687411805783,7.106210045046792,8
三个固定 GP 表达式的均值,3725,candidate_effective_arcs,1209.382557053731,1176.4104659301072,1238.1310431693196,8
三个固定 GP 表达式的均值,3725,candidate_gini,0.8839833723910324,0.8823294921701001,0.8859451882503834,8
三个固定 GP 表达式的均值,3725,top500_mass,0.4333583235881169,0.4173745092689028,0.44978610926628404,8
三个固定 GP 表达式的均值,3725,top2500_mass,0.9869464038427221,0.9857376209224186,0.9884175558456363,8
三个固定 GP 表达式的均值,3725,floor_fraction,0.6587625,0.6077152777777778,0.7209945138888889,8
三个固定 GP 表达式的均值,3725,source_edge_lift,9.544190149308388,9.433399269260812,9.659943374914697,8
三个固定 GP 表达式的均值,3725,current_best_edge_lift,9.40017975718354,9.253215056401864,9.550834069124193,8
三个固定 GP 表达式的均值,3725,global_best_edge_lift,9.064798855200497,8.92005119687443,9.206813642525217,8
三个固定 GP 表达式的均值,3725,reference_edge_lift,8.737048597039882,8.572449932063284,8.90841743085763,8
三个固定 GP 表达式的均值,3725,top500_persistence,0.4580919186967609,0.42254187021460127,0.4989600660521599,8
三个固定 GP 表达式的均值,3725,source_age,494.19444444444446,292.63888888888886,693.2538194444444,8
三个固定 GP 表达式的均值,3725,post_unique_tours,21.805555555555557,20.09722222222222,23.5,8
三个固定 GP 表达式的均值,3750,candidate_entropy,7.021393107406277,7.011095307136075,7.030648907506452,8
三个固定 GP 表达式的均值,3750,candidate_effective_arcs,1123.0950169981927,1110.9672986436808,1133.8912376406624,8
三个固定 GP 表达式的均值,3750,candidate_gini,0.891381395136325,0.891326661238434,0.8914391675334301,8
三个固定 GP 表达式的均值,3750,top500_mass,0.4722196149047354,0.4539239813831454,0.4911254955096327,8
三个固定 GP 表达式的均值,3750,top2500_mass,0.9924964833089628,0.9924819274050354,0.9925118395398211,8
三个固定 GP 表达式的均值,3750,floor_fraction,0.8741583333333334,0.8689221180555555,0.8800587847222222,8
三个固定 GP 表达式的均值,3750,source_edge_lift,9.704874147901531,9.63412234852954,9.780051243319214,8
三个固定 GP 表达式的均值,3750,current_best_edge_lift,9.571058344547694,9.500835530683776,9.647935859687452,8
三个固定 GP 表达式的均值,3750,global_best_edge_lift,9.207749570205568,9.061671175186017,9.345494312707777,8
三个固定 GP 表达式的均值,3750,reference_edge_lift,8.86498684329636,8.704303211320292,9.037393708130589,8
三个固定 GP 表达式的均值,3750,top500_persistence,0.5949924566026494,0.5835058898616554,0.6090206022640227,8
三个固定 GP 表达式的均值,3750,source_age,508.6111111111111,304.97222222222223,706.7916666666666,8
三个固定 GP 表达式的均值,3750,post_unique_tours,20.361111111111114,18.333333333333336,22.319444444444443,8
三个固定 GP 表达式的均值,3775,candidate_entropy,7.011189147787605,7.002888113225588,7.018696448172616,8
三个固定 GP 表达式的均值,3775,candidate_effective_arcs,1110.4609268283461,1100.70947956028,1119.0800208341198,8
三个固定 GP 表达式的均值,3775,candidate_gini,0.8916593141458604,0.891506023829654,0.8918232276345104,8
三个固定 GP 表达式的均值,3775,top500_mass,0.476557526027046,0.4666638057563231,0.48715327660486485,8
三个固定 GP 表达式的均值,3775,top2500_mass,0.9925146577777524,0.9925041634546498,0.9925257222470145,8
三个固定 GP 表达式的均值,3775,floor_fraction,0.8802444444444446,0.87615,0.8847111111111112,8
三个固定 GP 表达式的均值,3775,source_edge_lift,9.783685995970618,9.708046386090334,9.879259138814547,8
三个固定 GP 表达式的均值,3775,current_best_edge_lift,9.648096411343385,9.564673564958332,9.733760431642628,8
三个固定 GP 表达式的均值,3775,global_best_edge_lift,9.327524981351093,9.20776133012898,9.45223784729047,8
三个固定 GP 表达式的均值,3775,reference_edge_lift,8.906154595389799,8.735643097044896,9.097087920442538,8
三个固定 GP 表达式的均值,3775,top500_persistence,0.5988869450197241,0.5822268089278936,0.6198470656772759,8
三个固定 GP 表达式的均值,3775,source_age,605.4305555555557,386.40069444444447,806.4420138888887,8
三个固定 GP 表达式的均值,3775,post_unique_tours,20.625,18.430555555555557,22.861111111111114,8
三个固定 GP 表达式的均值,3800,candidate_entropy,7.3991638055721225,7.243800226003467,7.528386890857434,8
三个固定 GP 表达式的均值,3800,candidate_effective_arcs,2704.8407898862697,2083.7814984913507,3206.4480768942867,8
三个固定 GP 表达式的均值,3800,candidate_gini,0.7306556266096402,0.6688656732617235,0.792526246561162,8
三个固定 GP 表达式的均值,3800,top500_mass,0.41389884069033256,0.38503110459476125,0.445563896603688,8
三个固定 GP 表达式的均值,3800,top2500_mass,0.858459273872962,0.8069002308963809,0.9100200277949106,8
三个固定 GP 表达式的均值,3800,floor_fraction,0.7251902777777778,0.6660375000000001,0.7871460416666668,8
三个固定 GP 表达式的均值,3800,source_edge_lift,8.228147971511433,7.592315466518043,8.919675884690287,8
三个固定 GP 表达式的均值,3800,current_best_edge_lift,8.195760216621757,7.622907497711563,8.851287359557722,8
三个固定 GP 表达式的均值,3800,global_best_edge_lift,7.8065743709915285,7.248825974599278,8.481526089249728,8
三个固定 GP 表达式的均值,3800,reference_edge_lift,7.462628835606733,6.922219583140574,8.10241959037675,8
三个固定 GP 表达式的均值,3800,top500_persistence,0.5057589158946404,0.4723355032197692,0.5374827487756773,8
三个固定 GP 表达式的均值,3800,source_age,582.7777777777778,359.5545138888889,822.6111111111111,8
三个固定 GP 表达式的均值,3800,post_unique_tours,19.76388888888889,17.916666666666668,21.5,8
三个固定 GP 表达式的均值,3825,candidate_entropy,7.056409095621448,7.029870448306473,7.081113105237398,8
三个固定 GP 表达式的均值,3825,candidate_effective_arcs,1173.7725177899579,1138.9418063577473,1207.0616253648263,8
三个固定 GP 表达式的均值,3825,candidate_gini,0.8862661191415637,0.8843175518637952,0.8882485369491794,8
三个固定 GP 表达式的均值,3825,top500_mass,0.45732910394599047,0.4381857242088615,0.4789526428433395,8
三个固定 GP 表达式的均值,3825,top2500_mass,0.9887088418033719,0.9872456269540665,0.9901802898847397,8
三个固定 GP 表达式的均值,3825,floor_fraction,0.7314194444444444,0.6704159722222223,0.7936888888888889,8
三个固定 GP 表达式的均值,3825,source_edge_lift,9.622890095201615,9.487366829068515,9.80669285959416,8
三个固定 GP 表达式的均值,3825,current_best_edge_lift,9.482311712649638,9.362174865452687,9.619569218245584,8
三个固定 GP 表达式的均值,3825,global_best_edge_lift,9.093853278024184,8.918093996538088,9.32992086844807,8
三个固定 GP 表达式的均值,3825,reference_edge_lift,8.732671300920252,8.51711005404906,8.982721881896271,8
三个固定 GP 表达式的均值,3825,top500_persistence,0.5118728291688066,0.4761262496858157,0.5471981013640643,8
三个固定 GP 表达式的均值,3825,source_age,275.72222222222223,126.55555555555556,430.5972222222222,8
三个固定 GP 表达式的均值,3825,post_unique_tours,21.625,20.541666666666668,22.680555555555557,8
三个固定 GP 表达式的均值,3850,candidate_entropy,7.007562566725845,6.996906623788683,7.017950396973518,8
三个固定 GP 表达式的均值,3850,candidate_effective_arcs,1106.8618422118252,1094.4028654729286,1118.8761240804547,8
三个固定 GP 表达式的均值,3850,candidate_gini,0.8913629859810174,0.8913134794108092,0.891417345884481,8
三个固定 GP 表达式的均值,3850,top500_mass,0.47945911909233313,0.46497662982958365,0.493987191079455,8
三个固定 GP 表达式的均值,3850,top2500_mass,0.9925121992939772,0.9924962476979132,0.9925258316612018,8
三个固定 GP 表达式的均值,3850,floor_fraction,0.8812625000000001,0.8749591666666667,0.8875861458333333,8
三个固定 GP 表达式的均值,3850,source_edge_lift,9.80925797574945,9.715218788168196,9.95319553555423,8
三个固定 GP 表达式的均值,3850,current_best_edge_lift,9.739296741547367,9.602466979631,9.935999030503945,8
三个固定 GP 表达式的均值,3850,global_best_edge_lift,9.214350155688994,9.047592656394663,9.449686963097957,8
三个固定 GP 表达式的均值,3850,reference_edge_lift,8.824255476573425,8.610641446167415,9.076711421023285,8
三个固定 GP 表达式的均值,3850,top500_persistence,0.6022013629641401,0.5959399413125195,0.6093320938227629,8
三个固定 GP 表达式的均值,3850,source_age,362.7083333333333,202.51597222222222,517.2128472222222,8
三个固定 GP 表达式的均值,3850,post_unique_tours,19.77777777777778,18.555555555555557,20.97222222222222,8
三个固定 GP 表达式的均值,3875,candidate_entropy,6.998579102507037,6.989710375974629,7.006903177432214,8
三个固定 GP 表达式的均值,3875,candidate_effective_arcs,1096.095601061756,1086.1323823428538,1105.7021576254554,8
三个固定 GP 表达式的均值,3875,candidate_gini,0.8914437512129263,0.8913321818754966,0.8915565745778509,8
三个固定 GP 表达式的均值,3875,top500_mass,0.48915643010278165,0.4787364811963498,0.4981375154853797,8
三个固定 GP 表达式的均值,3875,top2500_mass,0.9925282952896868,0.992515359562327,0.9925393169756676,8
三个固定 GP 表达式的均值,3875,floor_fraction,0.887026388888889,0.8822888541666667,0.8920754513888889,8
三个固定 GP 表达式的均值,3875,source_edge_lift,9.862022455258074,9.754914492404884,10.025539190599945,8
三个固定 GP 表达式的均值,3875,current_best_edge_lift,9.862797168415522,9.702663795623037,10.121633395184968,8
三个固定 GP 表达式的均值,3875,global_best_edge_lift,9.344481881010562,9.20397098554782,9.575573757206039,8
三个固定 GP 表达式的均值,3875,reference_edge_lift,8.887649183244683,8.645259524124011,9.163508884780018,8
三个固定 GP 表达式的均值,3875,top500_persistence,0.6161301975206783,0.600232614922824,0.6316986615448296,8
三个固定 GP 表达式的均值,3875,source_age,539.25,368.33854166666674,674.5020833333333,8
三个固定 GP 表达式的均值,3875,post_unique_tours,19.305555555555557,18.069444444444443,20.75,8
三个固定 GP 表达式的均值,3900,candidate_entropy,7.236322210772417,7.0837606632836465,7.387617207207737,8
三个固定 GP 表达式的均值,3900,candidate_effective_arcs,2076.1404123339353,1460.2180167598638,2691.6577846964096,8
三个固定 GP 表达式的均值,3900,candidate_gini,0.7923684049531426,0.7304578298647615,0.8542733714293481,8
三个固定 GP 表达式的均值,3900,top500_mass,0.44500119242989256,0.4144483555458124,0.474365642028737,8
三个固定 GP 表达式的均值,3900,top2500_mass,0.9100340759782319,0.8584715463026424,0.9615985631248974,8
三个固定 GP 表达式的均值,3900,floor_fraction,0.7928152777777777,0.7329590277777779,0.8528348611111112,8
三个固定 GP 表达式的均值,3900,source_edge_lift,8.917421683226369,8.3678146905055,9.478680760724268,8
三个固定 GP 表达式的均值,3900,current_best_edge_lift,8.871150192131338,8.312421674751747,9.45618897480515,8
三个固定 GP 表达式的均值,3900,global_best_edge_lift,8.371439145543526,7.834183729872798,8.896301805995668,8
三个固定 GP 表达式的均值,3900,reference_edge_lift,7.95764863043023,7.419388734232574,8.448224494821947,8
三个固定 GP 表达式的均值,3900,top500_persistence,0.5380880355333884,0.4962034866653218,0.576099473778936,8
三个固定 GP 表达式的均值,3900,source_age,513.0138888888888,315.73125,751.9482638888888,8
三个固定 GP 表达式的均值,3900,post_unique_tours,18.65277777777778,16.833333333333332,20.61111111111111,8
三个固定 GP 表达式的均值,3925,candidate_entropy,7.028561260316048,7.001429413475844,7.054735558557485,8
三个固定 GP 表达式的均值,3925,candidate_effective_arcs,1137.6094246239227,1103.4160585298098,1172.301544118999,8
三个固定 GP 表达式的均值,3925,candidate_gini,0.8882128061136496,0.886320389678781,0.8901095438645253,8
三个固定 GP 表达式的均值,3925,top500_mass,0.4689358623947797,0.4536447511440968,0.4852118311497325,8
三个固定 GP 表达式的均值,3925,top2500_mass,0.9901801301061466,0.9887069940272322,0.9916572149501475,8
三个固定 GP 表达式的均值,3925,floor_fraction,0.7956958333333334,0.7341991319444444,0.8576805555555556,8
三个固定 GP 表达式的均值,3925,source_edge_lift,9.739035677099707,9.614509201709307,9.857293114883507,8
三个固定 GP 表达式的均值,3925,current_best_edge_lift,9.673766278158496,9.536944879274873,9.807698714430828,8
三个固定 GP 表达式的均值,3925,global_best_edge_lift,9.192328666283196,9.042849531071827,9.353374907358239,8
三个固定 GP 表达式的均值,3925,reference_edge_lift,8.76206155510871,8.543606158331555,8.993264186628126,8
三个固定 GP 表达式的均值,3925,top500_persistence,0.5416183097354046,0.49940589197123914,0.5836027808766595,8
三个固定 GP 表达式的均值,3925,source_age,373.94444444444446,255.02777777777777,483.51388888888886,8
三个固定 GP 表达式的均值,3925,post_unique_tours,19.65277777777778,18.055208333333333,21.38888888888889,8
三个固定 GP 表达式的均值,3950,candidate_entropy,7.000006489160007,6.988377198887031,7.011018759733301,8
三个固定 GP 表达式的均值,3950,candidate_effective_arcs,1098.2993666835778,1084.8679254933534,1111.1972462104845,8
三个固定 GP 表达式的均值,3950,candidate_gini,0.8912927475467523,0.8911812915669256,0.8914003167908664,8
三个固定 GP 表达式的均值,3950,top500_mass,0.4798607254656476,0.4650998784069729,0.49241062237911293,8
三个固定 GP 表达式的均值,3950,top2500_mass,0.992524104320804,0.9925058617796527,0.9925424386937881,8
三个固定 GP 表达式的均值,3950,floor_fraction,0.886538888888889,0.8795138194444445,0.8937320138888889,8
三个固定 GP 表达式的均值,3950,source_edge_lift,9.83735454871874,9.762755349153009,9.915743664657429,8
三个固定 GP 表达式的均值,3950,current_best_edge_lift,9.770592859213398,9.661815497561514,9.874500621437043,8
三个固定 GP 表达式的均值,3950,global_best_edge_lift,9.266871924675673,9.12576112457314,9.440038276767634,8
三个固定 GP 表达式的均值,3950,reference_edge_lift,8.827169350866136,8.600315519888085,9.063457309607397,8
三个固定 GP 表达式的均值,3950,top500_persistence,0.6067305333396692,0.595273357878982,0.6178012507284125,8
三个固定 GP 表达式的均值,3950,source_age,439.7916666666667,287.0972222222222,601.9861111111111,8
三个固定 GP 表达式的均值,3950,post_unique_tours,17.944444444444443,15.819444444444443,20.36111111111111,8
三个固定 GP 表达式的均值,3975,candidate_entropy,6.9956341101743025,6.988409825653784,7.0024443026788825,8
三个固定 GP 表达式的均值,3975,candidate_effective_arcs,1092.6846514418023,1084.5703190434233,1100.5124431308398,8
三个固定 GP 表达式的均值,3975,candidate_gini,0.891480560005709,0.8913692169121331,0.8915914985012895,8
三个固定 GP 表达式的均值,3975,top500_mass,0.4890257674519858,0.479783478209729,0.49679940348810764,8
三个固定 GP 表达式的均值,3975,top2500_mass,0.9925362105984146,0.9925213723202637,0.9925500881508464,8
三个固定 GP 表达式的均值,3975,floor_fraction,0.8895527777777777,0.8847888888888888,0.8942930555555556,8
三个固定 GP 表达式的均值,3975,source_edge_lift,9.876497666266847,9.790789206089302,9.997473481405418,8
三个固定 GP 表达式的均值,3975,current_best_edge_lift,9.838395486965416,9.753574505909526,9.949844489592586,8
三个固定 GP 表达式的均值,3975,global_best_edge_lift,9.382898920109032,9.225023425181526,9.55424007023394,8
三个固定 GP 表达式的均值,3975,reference_edge_lift,8.895107383519917,8.674629927837904,9.125199998291663,8
三个固定 GP 表达式的均值,3975,top500_persistence,0.585262935042095,0.5672425694552939,0.6026341124735205,8
三个固定 GP 表达式的均值,3975,source_age,567.7916666666667,390.58333333333337,754.1982638888888,8
三个固定 GP 表达式的均值,3975,post_unique_tours,18.930555555555557,17.305555555555557,20.59756944444444,8
三个固定 GP 表达式的均值,4000,candidate_entropy,7.1414572939979735,7.049883496869723,7.206868133539662,8
三个固定 GP 表达式的均值,4000,candidate_effective_arcs,1702.0217129536734,1332.1578186985498,1954.053941672122,8
三个固定 GP 表达式的均值,4000,candidate_gini,0.8295176760445652,0.8046329694634399,0.8666919243501034,8
三个固定 GP 表达式的均值,4000,top500_mass,0.46369183491686977,0.4491005133558835,0.48026946975758605,8
三个固定 GP 表达式的均值,4000,top2500_mass,0.9409793029977958,0.9203470625048691,0.9719152730176872,8
三个固定 GP 表达式的均值,4000,floor_fraction,0.8313430555555555,0.8054111111111111,0.8672527777777779,8
三个固定 GP 表达式的均值,4000,source_edge_lift,9.32364807707135,8.978170854343025,9.737795086269825,8
三个固定 GP 表达式的均值,4000,current_best_edge_lift,9.246028239975665,8.965939271974655,9.60043185556012,8
三个固定 GP 表达式的均值,4000,global_best_edge_lift,8.852954226574163,8.441400803769296,9.300299927315216,8
三个固定 GP 表达式的均值,4000,reference_edge_lift,8.372959075258757,7.983811390461045,8.802832651124046,8
三个固定 GP 表达式的均值,4000,top500_persistence,0.5640775079718883,0.5286004957083101,0.60263315650824,8
三个固定 GP 表达式的均值,4000,source_age,569.5833333333334,408.96701388888886,724.2249999999999,8
三个固定 GP 表达式的均值,4000,post_unique_tours,18.430555555555557,16.236111111111114,20.583333333333336,8
三个固定 GP 表达式的均值,4025,candidate_entropy,7.009617181238307,6.99485070619382,7.02100965692033,8
三个固定 GP 表达式的均值,4025,candidate_effective_arcs,1113.1246694390388,1093.2772502120056,1128.3594355659457,8
三个固定 GP 表达式的均值,4025,candidate_gini,0.8893568759591275,0.8882473801758574,0.8905715812573796,8
三个固定 GP 表达式的均值,4025,top500_mass,0.4817743402100864,0.4739843365292064,0.49112947538853935,8
三个固定 GP 表达式的均值,4025,top2500_mass,0.9910777642422959,0.9904814443195535,0.9919591655990407,8
三个固定 GP 表达式的均值,4025,floor_fraction,0.8346916666666667,0.8088234375,0.8715666666666666,8
三个固定 GP 表达式的均值,4025,source_edge_lift,9.82957090128848,9.72627511573393,9.984152144824181,8
三个固定 GP 表达式的均值,4025,current_best_edge_lift,9.777945315723866,9.677131600266105,9.898275475978947,8
三个固定 GP 表达式的均值,4025,global_best_edge_lift,9.41469652316338,9.19786627249688,9.64998456147271,8
三个固定 GP 表达式的均值,4025,reference_edge_lift,8.873370712865515,8.65961482305561,9.118870054985978,8
三个固定 GP 表达式的均值,4025,top500_persistence,0.5668199271787516,0.5367232647445136,0.6010119997174102,8
三个固定 GP 表达式的均值,4025,source_age,708.25,419.19444444444446,1071.2072916666664,8
三个固定 GP 表达式的均值,4025,post_unique_tours,18.416666666666664,16.694444444444446,20.319444444444443,8
三个固定 GP 表达式的均值,4050,candidate_entropy,6.990320291534722,6.9847868096290275,6.995231650884861,8
三个固定 GP 表达式的均值,4050,candidate_effective_arcs,1086.830108643212,1080.4093647057687,1092.4329323168197,8
三个固定 GP 表达式的均值,4050,candidate_gini,0.8912919742960576,0.8912195627599181,0.8913669547555494,8
三个固定 GP 表达式的均值,4050,top500_mass,0.4820932044649963,0.4743446456948743,0.4907932898383068,8
三个固定 GP 表达式的均值,4050,top2500_mass,0.9925403964947515,0.9925305665860734,0.992550931306879,8
三个固定 GP 表达式的均值,4050,floor_fraction,0.8919805555555556,0.8890597222222223,0.8953903125,8
三个固定 GP 表达式的均值,4050,source_edge_lift,9.914952731316458,9.811553298829729,10.064109668710302,8
三个固定 GP 表达式的均值,4050,current_best_edge_lift,9.85524390790873,9.802143143441835,9.914167564538277,8
三个固定 GP 表达式的均值,4050,global_best_edge_lift,9.510136799591594,9.294141202895098,9.741442131579884,8
三个固定 GP 表达式的均值,4050,reference_edge_lift,8.922161322876585,8.700976709694096,9.176918192334618,8
三个固定 GP 表达式的均值,4050,top500_persistence,0.6089507347089944,0.5978972893373972,0.6193462346787574,8
三个固定 GP 表达式的均值,4050,source_age,879.8194444444443,662.401388888889,1109.1718749999998,8
三个固定 GP 表达式的均值,4050,post_unique_tours,17.40277777777778,15.305555555555554,19.72222222222222,8
三个固定 GP 表达式的均值,4075,candidate_entropy,6.985371697438669,6.98138760812031,6.989513149557123,8
三个固定 GP 表达式的均值,4075,candidate_effective_arcs,1080.990916247235,1076.5371057375764,1085.6664270891188,8
三个固定 GP 表达式的均值,4075,candidate_gini,0.891315791245612,0.8912472587609391,0.8913821793332118,8
三个固定 GP 表达式的均值,4075,top500_mass,0.48680063197941964,0.4814375406763709,0.49231946140720295,8
三个固定 GP 表达式的均值,4075,top2500_mass,0.9925500332174524,0.992542388458326,0.9925573378723861,8
三个固定 GP 表达式的均值,4075,floor_fraction,0.8941125000000001,0.8916512152777778,0.8966528125,8
三个固定 GP 表达式的均值,4075,source_edge_lift,9.963466056904059,9.8642832546626,10.123379438358352,8
三个固定 GP 表达式的均值,4075,current_best_edge_lift,9.936857586883978,9.847378794042031,10.083248468325777,8
三个固定 GP 表达式的均值,4075,global_best_edge_lift,9.65666406584672,9.436756115956717,9.88210307740955,8
三个固定 GP 表达式的均值,4075,reference_edge_lift,9.023339582330362,8.820087482978943,9.249295741150917,8
三个固定 GP 表达式的均值,4075,top500_persistence,0.5973494886623504,0.5816832968246421,0.6103661213394991,8
三个固定 GP 表达式的均值,4075,source_age,954.1527777777778,639.5875,1262.034375,8
三个固定 GP 表达式的均值,4075,post_unique_tours,16.86111111111111,14.805208333333331,18.791666666666664,8
三个固定 GP 表达式的均值,4100,candidate_entropy,7.229963551886948,7.104949149909256,7.3537536454320485,8
三个固定 GP 表达式的均值,4100,candidate_effective_arcs,2068.9960490745298,1572.3954570320006,2564.182696623194,8
三个固定 GP 表达式的均值,4100,candidate_gini,0.7922566356806094,0.7427643654668111,0.8417197131920877,8
三个固定 GP 表达式的均值,4100,top500_mass,0.444942338355394,0.42112607563967663,0.46946382888710164,8
三个固定 GP 表达式的均值,4100,top2500_mass,0.9100487563598629,0.8687921718094613,0.9513065784962854,8
三个固定 GP 表达式的均值,4100,floor_fraction,0.7976208333333333,0.7476680555555557,0.8481194444444444,8
三个固定 GP 表达式的均值,4100,source_edge_lift,8.946654302215276,8.503279337343258,9.404784237037934,8
三个固定 GP 表达式的均值,4100,current_best_edge_lift,8.967989372029539,8.538349275008613,9.404784470663381,8
三个固定 GP 表达式的均值,4100,global_best_edge_lift,8.66843370309247,8.130310799316637,9.22216957465844,8
三个固定 GP 表达式的均值,4100,reference_edge_lift,8.135976594686074,7.683115516882776,8.568805506790794,8
三个固定 GP 表达式的均值,4100,top500_persistence,0.5432733861319935,0.5148367591144809,0.5705906444671844,8
三个固定 GP 表达式的均值,4100,source_age,1089.375,784.4722222222222,1421.0847222222224,8
三个固定 GP 表达式的均值,4100,post_unique_tours,16.09722222222222,14.11111111111111,18.15277777777778,8
三个固定 GP 表达式的均值,4125,candidate_entropy,7.02217582499406,7.001176650351228,7.042473979352122,8
三个固定 GP 表达式的均值,4125,candidate_effective_arcs,1129.964805602609,1102.55124050548,1156.215716098813,8
三个固定 GP 表达式的均值,4125,candidate_gini,0.8881103294045121,0.8865774217410485,0.8896368522054958,8
三个固定 GP 表达式的均值,4125,top500_mass,0.4728795133614653,0.4587013862284341,0.48527818697135267,8
三个固定 GP 表达式的均值,4125,top2500_mass,0.9902040802723824,0.989029947996268,0.9913824998556445,8
三个固定 GP 表达式的均值,4125,floor_fraction,0.7987666666666666,0.7490610069444446,0.8490612152777777,8
三个固定 GP 表达式的均值,4125,source_edge_lift,9.801477310602532,9.70097844163891,9.917601951863372,8
三个固定 GP 表达式的均值,4125,current_best_edge_lift,9.716369435290089,9.618009532720759,9.808280158974007,8
三个固定 GP 表达式的均值,4125,global_best_edge_lift,9.491477726184554,9.259152670682639,9.698555305235484,8
三个固定 GP 表达式的均值,4125,reference_edge_lift,8.946960058541537,8.736723673772776,9.148213305396201,8
三个固定 GP 表达式的均值,4125,top500_persistence,0.5505080782382843,0.5202197850029376,0.5807639450299025,8
三个固定 GP 表达式的均值,4125,source_age,1110.888888888889,731.9166666666667,1495.611111111111,8
三个固定 GP 表达式的均值,4125,post_unique_tours,17.5,15.180555555555555,19.583333333333336,8
三个固定 GP 表达式的均值,4150,candidate_entropy,6.995041450105757,6.9873402099738495,7.002355234610287,8
三个固定 GP 表达式的均值,4150,candidate_effective_arcs,1092.4056686216315,1083.2510696369905,1101.0465065807944,8
三个固定 GP 表达式的均值,4150,candidate_gini,0.891251394854695,0.8911911041637726,0.8913325368708792,8
三个固定 GP 表达式的均值,4150,top500_mass,0.48550999491036384,0.4739055871649843,0.49509766174363523,8
三个固定 GP 表达式的均值,4150,top2500_mass,0.9925368809910344,0.9925235466087649,0.9925509798662263,8
三个固定 GP 表达式的均值,4150,floor_fraction,0.8897222222222223,0.8851458333333333,0.8945945833333333,8
三个固定 GP 表达式的均值,4150,source_edge_lift,9.89169424899665,9.804221505329446,10.017775343000151,8
三个固定 GP 表达式的均值,4150,current_best_edge_lift,9.773826984828148,9.709508212653978,9.838087381782449,8
三个固定 GP 表达式的均值,4150,global_best_edge_lift,9.566102789265958,9.335154738549141,9.76934910902504,8
三个固定 GP 表达式的均值,4150,reference_edge_lift,9.001538230279461,8.792074963559095,9.213121138437533,8
三个固定 GP 表达式的均值,4150,top500_persistence,0.6110159500915995,0.6045410831144642,0.6180400731862196,8
三个固定 GP 表达式的均值,4150,source_age,1167.7222222222222,840.3322916666666,1529.1225694444443,8
三个固定 GP 表达式的均值,4150,post_unique_tours,17.0,15.208333333333334,19.055555555555557,8
三个固定 GP 表达式的均值,4175,candidate_entropy,6.988697422039873,6.983710138513306,6.9932297520860605,8
三个固定 GP 表达式的均值,4175,candidate_effective_arcs,1084.7805961449449,1079.0118001424266,1089.8933828316262,8
三个固定 GP 表达式的均值,4175,candidate_gini,0.8913341494684761,0.8912297082580452,0.8914536078618688,8
三个固定 GP 表达式的均值,4175,top500_mass,0.4944961085547537,0.4899261253449294,0.4981042632443792,8
三个固定 GP 表达式的均值,4175,top2500_mass,0.9925474391731051,0.992539284111582,0.9925565462975354,8
三个固定 GP 表达式的均值,4175,floor_fraction,0.8927944444444444,0.8893375000000001,0.8963319444444444,8
三个固定 GP 表达式的均值,4175,source_edge_lift,9.906916923228504,9.841914448648826,10.006120321690242,8
三个固定 GP 表达式的均值,4175,current_best_edge_lift,9.876176680838721,9.815468389238665,9.953248740062122,8
三个固定 GP 表达式的均值,4175,global_best_edge_lift,9.652747551413297,9.460556794769586,9.845843757076423,8
三个固定 GP 表达式的均值,4175,reference_edge_lift,9.066468344447273,8.853656170866724,9.297994256009208,8
三个固定 GP 表达式的均值,4175,top500_persistence,0.6102894981778648,0.6056878795268109,0.6144373485761517,8
三个固定 GP 表达式的均值,4175,source_age,1218.236111111111,889.375,1579.1215277777778,8
三个固定 GP 表达式的均值,4175,post_unique_tours,17.083333333333332,15.0,19.375,8
三个固定 GP 表达式的均值,4200,candidate_entropy,7.385216596442314,7.197994516505011,7.5705609185592415,8
三个固定 GP 表达式的均值,4200,candidate_effective_arcs,2689.2095169759323,1944.381859544673,3432.0784560712136,8
三个固定 GP 表达式的均值,4200,candidate_gini,0.730370629467386,0.6560940776039434,0.8046552456364092,8
三个固定 GP 表达式的均值,4200,top500_mass,0.4115076751601443,0.37382600451174813,0.4512772841694834,8
三个固定 GP 表达式的均值,4200,top2500_mass,0.8584805886590523,0.7966033828400236,0.9203614151326945,8
三个固定 GP 表达式的均值,4200,floor_fraction,0.7342819444444445,0.6598959722222223,0.8098152777777778,8
三个固定 GP 表达式的均值,4200,source_edge_lift,8.316317630634883,7.568648687171572,9.065233385775823,8
三个固定 GP 表达式的均值,4200,current_best_edge_lift,8.292583625902868,7.549790088836876,9.0531127203841,8
三个固定 GP 表达式的均值,4200,global_best_edge_lift,8.037168969035127,7.411012505060231,8.681186743344977,8
三个固定 GP 表达式的均值,4200,reference_edge_lift,7.591593394141212,6.941716302186916,8.241695921372468,8
三个固定 GP 表达式的均值,4200,top500_persistence,0.5109984430388362,0.45790590366400724,0.5689864335345369,8
三个固定 GP 表达式的均值,4200,source_age,1322.8194444444446,929.7916666666667,1746.90625,8
三个固定 GP 表达式的均值,4200,post_unique_tours,16.430555555555557,13.958333333333334,19.041666666666664,8
三个固定 GP 表达式的均值,4225,candidate_entropy,7.049581440271225,7.01734845125266,7.080155039078615,8
三个固定 GP 表达式的均值,4225,candidate_effective_arcs,1165.5824393923808,1123.3859049803002,1205.7742668628584,8
三个固定 GP 表达式的均值,4225,candidate_gini,0.8862015282985155,0.8838831641867628,0.8885833352890611,8
三个固定 GP 表达式的均值,4225,top500_mass,0.45442686228302,0.42839919648313496,0.4779413540029592,8
三个固定 GP 表达式的均值,4225,top2500_mass,0.9887288545818704,0.9869675174728417,0.9904954154025469,8
三个固定 GP 表达式的均值,4225,floor_fraction,0.7357430555555555,0.6612347222222222,0.8112152777777779,8
三个固定 GP 表达式的均值,4225,source_edge_lift,9.65959377194838,9.508895667528243,9.805933263957003,8
三个固定 GP 表达式的均值,4225,current_best_edge_lift,9.5233277241379,9.359952379278393,9.699469510021464,8
三个固定 GP 表达式的均值,4225,global_best_edge_lift,9.347055181698153,9.229537468845102,9.474839081285934,8
三个固定 GP 表达式的均值,4225,reference_edge_lift,8.889161178269722,8.714542988552854,9.076112203881303,8
三个固定 GP 表达式的均值,4225,top500_persistence,0.5076096628114939,0.4576689620624579,0.5614876198303027,8
三个固定 GP 表达式的均值,4225,source_age,1088.6527777777778,714.4986111111111,1530.1666666666667,8
三个固定 GP 表达式的均值,4225,post_unique_tours,18.944444444444443,17.26388888888889,20.569444444444443,8
三个固定 GP 表达式的均值,4250,candidate_entropy,7.008203082544734,6.993880911733815,7.021630497249605,8
三个固定 GP 表达式的均值,4250,candidate_effective_arcs,1107.820047297401,1090.9901989419864,1123.585089947105,8
三个固定 GP 表达式的均值,4250,candidate_gini,0.8913025504443415,0.8911969106382106,0.8914151157918178,8
三个固定 GP 表达式的均值,4250,top500_mass,0.47985804669111765,0.46121472551562737,0.4952598356112215,8
三个固定 GP 表达式的均值,4250,top2500_mass,0.9925182487372063,0.9924997323076794,0.9925385280650191,8
三个固定 GP 表达式的均值,4250,floor_fraction,0.8822013888888889,0.8743527430555555,0.8907458333333333,8
三个固定 GP 表达式的均值,4250,source_edge_lift,9.789080111689316,9.680105712884686,9.905386845838489,8
三个固定 GP 表达式的均值,4250,current_best_edge_lift,9.697889267572283,9.58473238426599,9.81272812533864,8
三个固定 GP 表达式的均值,4250,global_best_edge_lift,9.46170967323975,9.320448161245308,9.613951968325658,8
三个固定 GP 表达式的均值,4250,reference_edge_lift,8.972778888485099,8.789324568441035,9.169601518296302,8
三个固定 GP 表达式的均值,4250,top500_persistence,0.6100410999959786,0.5983207465405919,0.6227043497206963,8
三个固定 GP 表达式的均值,4250,source_age,1197.4583333333335,841.0809027777777,1582.2100694444446,8
三个固定 GP 表达式的均值,4250,post_unique_tours,18.125,15.680555555555555,20.916666666666664,8
三个固定 GP 表达式的均值,4275,candidate_entropy,7.000953105147142,6.988439105378252,7.012554199412354,8
三个固定 GP 表达式的均值,4275,candidate_effective_arcs,1098.917452024261,1085.064074719099,1112.0582759913339,8
三个固定 GP 表达式的均值,4275,candidate_gini,0.89144567051919,0.8912815597446871,0.8916264297324634,8
三个固定 GP 表达式的均值,4275,top500_mass,0.47541266026640006,0.4602246874825283,0.4892541504351997,8
三个固定 GP 表达式的均值,4275,top2500_mass,0.9925285373549539,0.992512778182337,0.9925462149307573,8
三个固定 GP 表达式的均值,4275,floor_fraction,0.8858291666666667,0.8792125000000001,0.8927799305555556,8
三个固定 GP 表达式的均值,4275,source_edge_lift,9.825327931745669,9.742645221388965,9.917610010953014,8
三个固定 GP 表达式的均值,4275,current_best_edge_lift,9.738797418330336,9.640325857192172,9.837831146162285,8
三个固定 GP 表达式的均值,4275,global_best_edge_lift,9.529796681920589,9.404734465219008,9.661505196099684,8
三个固定 GP 表达式的均值,4275,reference_edge_lift,8.987057935638495,8.814755877393686,9.17482714995648,8
三个固定 GP 表达式的均值,4275,top500_persistence,0.6099358055969462,0.5918769330478408,0.6278644882375095,8
三个固定 GP 表达式的均值,4275,source_age,1187.6527777777778,801.9305555555555,1608.6982638888887,8
三个固定 GP 表达式的均值,4275,post_unique_tours,18.375,15.680555555555557,20.916666666666664,8
三个固定 GP 表达式的均值,4300,candidate_entropy,7.549739182943634,7.301091680954599,7.828199160890371,8
三个固定 GP 表达式的均值,4300,candidate_effective_arcs,3319.859756911792,2329.328522854625,4433.916556095543,8
三个固定 GP 表达式的均值,4300,candidate_gini,0.6686555342252412,0.5572279058113078,0.7677834663698805,8
三个固定 GP 表达式的均值,4300,top500_mass,0.37762250252783486,0.32832163895678557,0.4217474729159694,8
三个固定 GP 表达式的均值,4300,top2500_mass,0.8068986206788379,0.7140851692818522,0.889405502923178,8
三个固定 GP 表达式的均值,4300,floor_fraction,0.6660166666666667,0.5552967013888889,0.7679053472222223,8
三个固定 GP 表达式的均值,4300,source_edge_lift,7.634901827316418,6.514204025141044,8.656061267170532,8
三个固定 GP 表达式的均值,4300,current_best_edge_lift,7.634767297322018,6.523172000955423,8.657276667118516,8
三个固定 GP 表达式的均值,4300,global_best_edge_lift,7.3346432356317095,6.280952434391264,8.333930784110924,8
三个固定 GP 表达式的均值,4300,reference_edge_lift,6.966547602576432,5.957507065474421,7.943863016944071,8
三个固定 GP 表达式的均值,4300,top500_persistence,0.47524813290024326,0.408234678515378,0.5356229116337765,8
三个固定 GP 表达式的均值,4300,source_age,1149.5694444444443,772.0315972222222,1590.8194444444443,8
三个固定 GP 表达式的均值,4300,post_unique_tours,17.763888888888886,15.041666666666668,20.56979166666666,8
三个固定 GP 表达式的均值,4325,candidate_entropy,7.080603497995606,7.040689968032003,7.125104891036905,8
三个固定 GP 表达式的均值,4325,candidate_effective_arcs,1204.8822816636673,1151.050297531673,1262.6996388964717,8
三个固定 GP 表达式的均值,4325,candidate_gini,0.8844033161900695,0.8809459472889348,0.8875624211159499,8
三个固定 GP 表达式的均值,4325,top500_mass,0.4376184029548358,0.42267099236976813,0.4533679852198593,8
三个固定 GP 表达式的均值,4325,top2500_mass,0.9872464154600882,0.9845982893029203,0.9896135714550669,8
三个固定 GP 表达式的均值,4325,floor_fraction,0.6696027777777778,0.5585930555555556,0.7707065625,8
三个固定 GP 表达式的均值,4325,source_edge_lift,9.56708904860655,9.333313374196344,9.827201395473502,8
三个固定 GP 表达式的均值,4325,current_best_edge_lift,9.411874581498157,9.151156016726079,9.660701120837171,8
三个固定 GP 表达式的均值,4325,global_best_edge_lift,9.144046036301322,8.918998391994828,9.377437099449445,8
三个固定 GP 表达式的均值,4325,reference_edge_lift,8.74603261020925,8.550273576351609,8.972311827503509,8
三个固定 GP 表达式的均值,4325,top500_persistence,0.470811299124138,0.3993866122671156,0.5363047037025532,8
三个固定 GP 表达式的均值,4325,source_age,741.8333333333334,427.01909722222223,1033.263888888889,8
三个固定 GP 表达式的均值,4325,post_unique_tours,22.125,19.48576388888889,24.88888888888889,8
三个固定 GP 表达式的均值,4350,candidate_entropy,7.017983919364814,7.002433121247355,7.036448230924382,8
三个固定 GP 表达式的均值,4350,candidate_effective_arcs,1118.9356977309653,1100.4323591784835,1140.7180153757886,8
三个固定 GP 表达式的均值,4350,candidate_gini,0.8914472816118886,0.891342925676859,0.8915461706867246,8
三个固定 GP 表达式的均值,4350,top500_mass,0.47571054308137006,0.4633097874258312,0.48950764929532886,8
三个固定 GP 表达式的均值,4350,top2500_mass,0.9924982552489856,0.9924683655523107,0.9925217100121091,8
三个固定 GP 表达式的均值,4350,floor_fraction,0.8749861111111111,0.8634490972222223,0.8847166666666667,8
三个固定 GP 表达式的均值,4350,source_edge_lift,9.763752634001829,9.607215286612606,9.950660218021945,8
三个固定 GP 表达式的均值,4350,current_best_edge_lift,9.59107434705237,9.414575998889152,9.74124695097368,8
三个固定 GP 表达式的均值,4350,global_best_edge_lift,9.286568651394884,9.097963574692184,9.49263292873939,8
三个固定 GP 表达式的均值,4350,reference_edge_lift,8.865475589623102,8.671564364151582,9.079343497740847,8
三个固定 GP 表达式的均值,4350,top500_persistence,0.6096011128694667,0.5914503827840986,0.6266801385471018,8
三个固定 GP 表达式的均值,4350,source_age,783.1805555555555,467.52118055555553,1066.9982638888887,8
三个固定 GP 表达式的均值,4350,post_unique_tours,20.458333333333336,18.47222222222222,22.38888888888889,8
三个固定 GP 表达式的均值,4375,candidate_entropy,7.003666089226747,6.993136487733057,7.016116576950233,8
三个固定 GP 表达式的均值,4375,candidate_effective_arcs,1101.8056900014967,1089.604905432067,1116.5779837829737,8
三个固定 GP 表达式的均值,4375,candidate_gini,0.891561335294678,0.8914240836376359,0.8917134149062753,8
三个固定 GP 表达式的均值,4375,top500_mass,0.48715657054465833,0.4754908765604773,0.49586065656158845,8
三个固定 GP 表达式的均值,4375,top2500_mass,0.9925215708459089,0.9925001031538956,0.9925375578415797,8
三个固定 GP 表达式的均值,4375,floor_fraction,0.8826763888888889,0.8740901736111111,0.8896959027777778,8
三个固定 GP 表达式的均值,4375,source_edge_lift,9.845159721278023,9.706898929994606,10.033329483084712,8
三个固定 GP 表达式的均值,4375,current_best_edge_lift,9.843861606235834,9.60910376127444,10.172125391673903,8
三个固定 GP 表达式的均值,4375,global_best_edge_lift,9.405537958342947,9.210127053493508,9.615541894939453,8
三个固定 GP 表达式的均值,4375,reference_edge_lift,8.940790948384993,8.732422853231744,9.161013791063052,8
三个固定 GP 表达式的均值,4375,top500_persistence,0.6156331881794033,0.5938646522473601,0.6383259904510017,8
三个固定 GP 表达式的均值,4375,source_age,838.0416666666667,551.7083333333334,1085.9722222222222,8
三个固定 GP 表达式的均值,4375,post_unique_tours,19.944444444444443,18.041666666666664,21.736111111111114,8
三个固定 GP 表达式的均值,4400,candidate_entropy,7.454643209523624,7.330454424589082,7.577338480489179,8
三个固定 GP 表达式的均值,4400,candidate_effective_arcs,2945.4409643260756,2449.474407129307,3440.432164334051,8
三个固定 GP 表达式的均值,4400,candidate_gini,0.7057788046136753,0.6561618056937433,0.7553842037609766,8
三个固定 GP 表达式的均值,4400,top500_mass,0.4015308295156659,0.3746152368453117,0.4266614512389738,8
三个固定 GP 表达式的均值,4400,top2500_mass,0.8378377987412085,0.7965852107264084,0.8790887105550835,8
三个固定 GP 表达式的均值,4400,floor_fraction,0.7039180555555556,0.6544666666666668,0.7533777777777777,8
三个固定 GP 表达式的均值,4400,source_edge_lift,8.048163107018034,7.498015944552671,8.624743670675413,8
三个固定 GP 表达式的均值,4400,current_best_edge_lift,7.9942272902726135,7.501532801159295,8.481869156782356,8
三个固定 GP 表达式的均值,4400,global_best_edge_lift,7.591852022234251,6.982402980035204,8.201267502329555,8
三个固定 GP 表达式的均值,4400,reference_edge_lift,7.241375629406647,6.690790896694486,7.819450703892178,8
三个固定 GP 表达式的均值,4400,top500_persistence,0.48985460789100466,0.4563552972699827,0.5230079024161293,8
三个固定 GP 表达式的均值,4400,source_age,872.8750000000001,586.6829861111111,1122.5694444444446,8
三个固定 GP 表达式的均值,4400,post_unique_tours,18.34722222222222,17.138888888888886,19.72222222222222,8
三个固定 GP 表达式的均值,4425,candidate_entropy,7.063011669706496,7.040957923680695,7.0856066826983835,8
三个固定 GP 表达式的均值,4425,candidate_effective_arcs,1183.1328861316076,1153.8343401037362,1213.5553207843247,8
三个固定 GP 表达式的均值,4425,candidate_gini,0.8854003333735119,0.8836807157805158,0.887075783083186,8
三个固定 GP 表达式的均值,4425,top500_mass,0.4499431201835492,0.43174800004474667,0.46778278320209254,8
三个固定 GP 表达式的均值,4425,top2500_mass,0.9881255083570966,0.9869320338973411,0.9893035475659807,8
三个固定 GP 表达式的均值,4425,floor_fraction,0.7089291666666667,0.6591430555555555,0.7590430555555556,8
三个固定 GP 表达式的均值,4425,source_edge_lift,9.613710603263623,9.461757318920752,9.800968677426853,8
三个固定 GP 表达式的均值,4425,current_best_edge_lift,9.502680945285277,9.344435395484453,9.696473144903143,8
三个固定 GP 表达式的均值,4425,global_best_edge_lift,9.092327221808553,8.867325522767882,9.362864511037051,8
三个固定 GP 表达式的均值,4425,reference_edge_lift,8.726354386785061,8.527619580004831,8.960741168441597,8
三个固定 GP 表达式的均值,4425,top500_persistence,0.4863297939330534,0.4524357767233013,0.5199514514528102,8
三个固定 GP 表达式的均值,4425,source_age,502.4861111111111,222.540625,779.778125,8
三个固定 GP 表达式的均值,4425,post_unique_tours,21.430555555555557,20.09722222222222,22.88888888888889,8
三个固定 GP 表达式的均值,4450,candidate_entropy,7.012691346448184,7.002199716887608,7.02457995237228,8
三个固定 GP 表达式的均值,4450,candidate_effective_arcs,1113.0118729413748,1100.5632287117505,1127.3639995355975,8
三个固定 GP 表达式的均值,4450,candidate_gini,0.8913447941567418,0.8912293554939597,0.8914447234641323,8
三个固定 GP 表达式的均值,4450,top500_mass,0.4662001337061177,0.45293977014040887,0.4764616086320607,8
三个固定 GP 表达式的均值,4450,top2500_mass,0.9925059225992374,0.9924894813436674,0.9925195309607796,8
三个固定 GP 表达式的均值,4450,floor_fraction,0.8792555555555556,0.873013576388889,0.884925,8
三个固定 GP 表达式的均值,4450,source_edge_lift,9.792284260591913,9.65727357412794,9.977494445387597,8
三个固定 GP 表达式的均值,4450,current_best_edge_lift,9.638433812748652,9.546704069083003,9.723148562727694,8
三个固定 GP 表达式的均值,4450,global_best_edge_lift,9.201503970854874,8.982897948188661,9.468791905207723,8
三个固定 GP 表达式的均值,4450,reference_edge_lift,8.81753961758752,8.609877690055413,9.053149345644693,8
三个固定 GP 表达式的均值,4450,top500_persistence,0.6061969313374014,0.5959614850906175,0.6165606528364636,8
三个固定 GP 表达式的均值,4450,source_age,586.1111111111111,303.0072916666667,856.9590277777777,8
三个固定 GP 表达式的均值,4450,post_unique_tours,20.875,19.583333333333336,22.0,8
三个固定 GP 表达式的均值,4475,candidate_entropy,7.005028805668362,6.995932173617531,7.0152807141815465,8
三个固定 GP 表达式的均值,4475,candidate_effective_arcs,1103.5716033318856,1093.021910284895,1115.6074966056494,8
三个固定 GP 表达式的均值,4475,candidate_gini,0.8915230393911702,0.8913928882820634,0.8916501126546078,8
三个固定 GP 表达式的均值,4475,top500_mass,0.4885789511738023,0.47775135532320795,0.497155464623503,8
三个固定 GP 表达式的均值,4475,top2500_mass,0.9925204378588288,0.9925052548259717,0.9925329553556311,8
三个固定 GP 表达式的均值,4475,floor_fraction,0.8838166666666667,0.8782039583333333,0.8887792361111111,8
三个固定 GP 表达式的均值,4475,source_edge_lift,9.861535750901108,9.725635067501898,10.070724794470001,8
三个固定 GP 表达式的均值,4475,current_best_edge_lift,9.7056141758057,9.601249759773943,9.798962496016447,8
三个固定 GP 表达式的均值,4475,global_best_edge_lift,9.327604318082988,9.060129933846625,9.645777336797963,8
三个固定 GP 表达式的均值,4475,reference_edge_lift,8.867720195272236,8.638721419151604,9.13489566172019,8
三个固定 GP 表达式的均值,4475,top500_persistence,0.6018202893193518,0.5885264759823824,0.6142868637439057,8
三个固定 GP 表达式的均值,4475,source_age,649.0972222222222,339.25937500000003,947.5555555555555,8
三个固定 GP 表达式的均值,4475,post_unique_tours,20.041666666666664,18.09722222222222,21.72222222222222,8
三个固定 GP 表达式的均值,4500,candidate_entropy,7.209710491153679,7.0845579730904715,7.336430770355905,8
三个固定 GP 表达式的均值,4500,candidate_effective_arcs,1957.1165058786105,1458.4657709441592,2458.6503966096952,8
三个固定 GP 表达式的均值,4500,candidate_gini,0.8048481887875898,0.7552256637639093,0.854419979805553,8
三个固定 GP 表达式的均值,4500,top500_mass,0.44711995830699,0.41831068305169783,0.4763432122908081,8
三个固定 GP 表达式的均值,4500,top2500_mass,0.9203406177670965,0.8790792143726553,0.9615967879572384,8
三个固定 GP 表达式的均值,4500,floor_fraction,0.8032180555555557,0.7513649305555555,0.8540291666666668,8
三个固定 GP 表达式的均值,4500,source_edge_lift,9.022605491485784,8.475395544314711,9.521212829569178,8
三个固定 GP 表达式的均值,4500,current_best_edge_lift,8.99086607494466,8.442234329462387,9.49816791998739,8
三个固定 GP 表达式的均值,4500,global_best_edge_lift,8.469618495168957,7.987816060093655,8.939065875666564,8
三个固定 GP 表达式的均值,4500,reference_edge_lift,8.057007917339677,7.627064998789788,8.453036280994382,8
三个固定 GP 表达式的均值,4500,top500_persistence,0.5462875981293782,0.5115087906530145,0.5787268951564231,8
三个固定 GP 表达式的均值,4500,source_age,675.4861111111111,410.05555555555554,931.1527777777778,8
三个固定 GP 表达式的均值,4500,post_unique_tours,18.75,17.22222222222222,20.15277777777778,8
三个固定 GP 表达式的均值,4525,candidate_entropy,7.026656510607815,7.002248632505286,7.050930872239133,8
三个固定 GP 表达式的均值,4525,candidate_effective_arcs,1134.7210166264017,1102.9790332607179,1166.587472285929,8
三个固定 GP 表达式的均值,4525,candidate_gini,0.8885728551929228,0.8867895647817043,0.8902462811951971,8
三个固定 GP 表达式的均值,4525,top500_mass,0.47227312265770677,0.4570876729148383,0.4867438806961135,8
三个固定 GP 表达式的均值,4525,top2500_mass,0.990475490473137,0.9892895296588037,0.9916604926641064,8
三个固定 GP 表达式的均值,4525,floor_fraction,0.805975,0.7548320833333334,0.8568176388888887,8
三个固定 GP 表达式的均值,4525,source_edge_lift,9.742253695157299,9.600504569858861,9.886006311450014,8
三个固定 GP 表达式的均值,4525,current_best_edge_lift,9.667666110225827,9.546699208022494,9.78925037742542,8
三个固定 GP 表达式的均值,4525,global_best_edge_lift,9.209886339610424,9.01498206376875,9.462747598806018,8
三个固定 GP 表达式的均值,4525,reference_edge_lift,8.767654128492087,8.560619766412987,9.015780337169119,8
三个固定 GP 表达式的均值,4525,top500_persistence,0.556277588320859,0.5157951178172114,0.5955268131772649,8
三个固定 GP 表达式的均值,4525,source_age,572.3472222222222,310.78125,871.0416666666666,8
三个固定 GP 表达式的均值,4525,post_unique_tours,20.319444444444446,18.15277777777778,22.291666666666664,8
三个固定 GP 表达式的均值,4550,candidate_entropy,6.999119262522839,6.9884715487832025,7.010102843247825,8
三个固定 GP 表达式的均值,4550,candidate_effective_arcs,1097.2526024973813,1084.888148109589,1110.3374275610167,8
三个固定 GP 表达式的均值,4550,candidate_gini,0.8912679818746185,0.8911242997750142,0.8913949554658975,8
三个固定 GP 表达式的均值,4550,top500_mass,0.4888030936482602,0.47880303165137,0.49752327444089434,8
三个固定 GP 表达式的均值,4550,top2500_mass,0.9925251325011596,0.9925082586603446,0.9925424307717882,8
三个固定 GP 表达式的均值,4550,floor_fraction,0.8875972222222223,0.8815620138888889,0.8938139236111112,8
三个固定 GP 表达式的均值,4550,source_edge_lift,9.872000129733937,9.756728683863011,10.030287025330695,8
三个固定 GP 表达式的均值,4550,current_best_edge_lift,9.771648061567753,9.66741396654945,9.871702579051131,8
三个固定 GP 表达式的均值,4550,global_best_edge_lift,9.32240142763646,9.12988840452707,9.605892901567312,8
三个固定 GP 表达式的均值,4550,reference_edge_lift,8.842218866147933,8.624286320042573,9.114146500308795,8
三个固定 GP 表达式的均值,4550,top500_persistence,0.6029449750319682,0.5955454570459742,0.6108562708945462,8
三个固定 GP 表达式的均值,4550,source_age,611.5138888888889,375.11111111111114,843.1527777777778,8
三个固定 GP 表达式的均值,4550,post_unique_tours,19.40277777777778,18.069444444444443,20.75,8
三个固定 GP 表达式的均值,4575,candidate_entropy,6.993059205915648,6.985169772359292,7.001472214794973,8
三个固定 GP 表达式的均值,4575,candidate_effective_arcs,1089.9131744730964,1080.7226655496208,1099.5678552530935,8
三个固定 GP 表达式的均值,4575,candidate_gini,0.89132127335438,0.8912564755793912,0.8913760490449013,8
三个固定 GP 表达式的均值,4575,top500_mass,0.4879143774740397,0.4802735532973345,0.49483353113891465,8
三个固定 GP 表达式的均值,4575,top2500_mass,0.9925350972559338,0.9925213904744078,0.9925483484941511,8
三个固定 GP 表达式的均值,4575,floor_fraction,0.8904875,0.8855500000000001,0.8952125,8
三个固定 GP 表达式的均值,4575,source_edge_lift,9.903440533216664,9.808273416086951,10.040206984796882,8
三个固定 GP 表达式的均值,4575,current_best_edge_lift,9.84332687281142,9.761585248299415,9.927363323407887,8
三个固定 GP 表达式的均值,4575,global_best_edge_lift,9.42953196393025,9.197473137998127,9.720534104639079,8
三个固定 GP 表达式的均值,4575,reference_edge_lift,8.88503937013327,8.645024831211067,9.1765202578256,8
三个固定 GP 表达式的均值,4575,top500_persistence,0.600006567251882,0.5887132061537235,0.610821059998786,8
三个固定 GP 表达式的均值,4575,source_age,591.125,374.7638888888889,827.5833333333333,8
三个固定 GP 表达式的均值,4575,post_unique_tours,18.236111111111114,16.583333333333336,19.694444444444443,8
三个固定 GP 表达式的均值,4600,candidate_entropy,7.266789868046267,7.1391544051225475,7.394049760027107,8
三个固定 GP 表达式的均值,4600,candidate_effective_arcs,2199.475021095045,1699.729267208305,2698.731484080902,8
三个固定 GP 表达式的均值,4600,candidate_gini,0.7799683079889403,0.7304648948030776,0.8294731835461752,8
三个固定 GP 表达式的均值,4600,top500_mass,0.4371623859252445,0.4094306888108441,0.46648765794364466,8
三个固定 GP 表达式的均值,4600,top2500_mass,0.8997235635038809,0.8584605906303578,0.9409864461598254,8
三个固定 GP 表达式的均值,4600,floor_fraction,0.7810027777777777,0.7288486111111111,0.8337503819444444,8
三个固定 GP 表达式的均值,4600,source_edge_lift,8.76952853869865,8.24011573814054,9.299454619680127,8
三个固定 GP 表达式的均值,4600,current_best_edge_lift,8.845476698967406,8.238942644846151,9.449092772112506,8
三个固定 GP 表达式的均值,4600,global_best_edge_lift,8.383098171842702,7.754995049675172,9.00866844519454,8
三个固定 GP 表达式的均值,4600,reference_edge_lift,7.931312038671074,7.362029599611639,8.493383417520493,8
三个固定 GP 表达式的均值,4600,top500_persistence,0.5244992153648538,0.4787829827925757,0.5701908188922543,8
三个固定 GP 表达式的均值,4600,source_age,754.0138888888889,459.80555555555554,1088.8965277777777,8
三个固定 GP 表达式的均值,4600,post_unique_tours,17.319444444444446,15.402777777777779,19.27777777777778,8
三个固定 GP 表达式的均值,4625,candidate_entropy,7.030259333851177,7.007014762378931,7.05395976817743,8
三个固定 GP 表达式的均值,4625,candidate_effective_arcs,1140.2552788742748,1109.4504958656578,1171.0556194802443,8
三个固定 GP 表达式的均值,4625,candidate_gini,0.8877700979468468,0.8861418545650124,0.8893821176006292,8
三个固定 GP 表达式的均值,4625,top500_mass,0.4674539228667015,0.4517022471304468,0.4821945246585203,8
三个固定 GP 表达式的均值,4625,top2500_mass,0.9898913097873633,0.9887040818624522,0.9910833586486592,8
三个固定 GP 表达式的均值,4625,floor_fraction,0.7843458333333333,0.7335277777777778,0.8352972222222222,8
三个固定 GP 表达式的均值,4625,source_edge_lift,9.747947613066453,9.612902279560636,9.898656589840655,8
三个固定 GP 表达式的均值,4625,current_best_edge_lift,9.714493452081172,9.562141994964135,9.889584346302964,8
三个固定 GP 表达式的均值,4625,global_best_edge_lift,9.313825305416955,9.027476704963213,9.605213893440757,8
三个固定 GP 表达式的均值,4625,reference_edge_lift,8.820041418757686,8.570381944301452,9.101804469837049,8
三个固定 GP 表达式的均值,4625,top500_persistence,0.5411908897214892,0.5014399910042837,0.5826091416010051,8
三个固定 GP 表达式的均值,4625,source_age,721.3472222222223,440.98611111111114,1011.2083333333334,8
三个固定 GP 表达式的均值,4625,post_unique_tours,19.208333333333336,16.944444444444443,21.333680555555553,8
三个固定 GP 表达式的均值,4650,candidate_entropy,6.998802751029151,6.988079657430984,7.0098580765811045,8
三个固定 GP 表达式的均值,4650,candidate_effective_arcs,1096.7300824933845,1084.5213092141375,1109.3713082352058,8
三个固定 GP 表达式的均值,4650,candidate_gini,0.8913241871002241,0.8912282583752837,0.8914256370589482,8
三个固定 GP 表达式的均值,4650,top500_mass,0.4798196122587802,0.46433268450269205,0.49354866731764,8
三个固定 GP 表达式的均值,4650,top2500_mass,0.992525944576647,0.9925052967311847,0.9925450302420666,8
三个固定 GP 表达式的均值,4650,floor_fraction,0.8866930555555557,0.8803430208333334,0.8928347222222222,8
三个固定 GP 表达式的均值,4650,source_edge_lift,9.871223120738243,9.764085718430932,10.02709456084254,8
三个固定 GP 表达式的均值,4650,current_best_edge_lift,9.79193129833142,9.659083534992606,9.94439939848792,8
三个固定 GP 表达式的均值,4650,global_best_edge_lift,9.40248384620272,9.1278806774189,9.683259948590681,8
三个固定 GP 表达式的均值,4650,reference_edge_lift,8.89157594383336,8.644615804065449,9.174852643455322,8
三个固定 GP 表达式的均值,4650,top500_persistence,0.6046524443309691,0.5910642419382937,0.6185253246785729,8
三个固定 GP 表达式的均值,4650,source_age,995.4444444444443,753.5663194444445,1235.117013888889,8
三个固定 GP 表达式的均值,4650,post_unique_tours,18.166666666666668,15.944444444444445,20.416666666666668,8
三个固定 GP 表达式的均值,4675,candidate_entropy,6.992443527439942,6.984813634645258,7.000714739968173,8
三个固定 GP 表达式的均值,4675,candidate_effective_arcs,1089.0641469833708,1080.4737941402163,1098.2596356789925,8
三个固定 GP 表达式的均值,4675,candidate_gini,0.8914092947964709,0.8912942673925897,0.8915150938353683,8
三个固定 GP 表达式的均值,4675,top500_mass,0.4879744682544528,0.4773997415445157,0.4967651439062884,8
三个固定 GP 表达式的均值,4675,top2500_mass,0.992538452180906,0.9925216766182159,0.9925531463191696,8
三个固定 GP 表达式的均值,4675,floor_fraction,0.8904222222222222,0.8856097222222222,0.8950140625,8
三个固定 GP 表达式的均值,4675,source_edge_lift,9.882243319886872,9.81400104093456,9.9751630574568,8
三个固定 GP 表达式的均值,4675,current_best_edge_lift,9.909141510878886,9.773871207715127,10.125085116438171,8
三个固定 GP 表达式的均值,4675,global_best_edge_lift,9.509663264170698,9.243570091978846,9.762604361387412,8
三个固定 GP 表达式的均值,4675,reference_edge_lift,8.96136144143492,8.711055512828587,9.249068946410524,8
三个固定 GP 表达式的均值,4675,top500_persistence,0.5956880551214223,0.5824080784453343,0.607556955959092,8
三个固定 GP 表达式的均值,4675,source_age,1110.875,739.3194444444445,1461.8055555555557,8
三个固定 GP 表达式的均值,4675,post_unique_tours,18.444444444444443,16.75,20.375347222222217,8
三个固定 GP 表达式的均值,4700,candidate_entropy,7.204408441619979,7.078591817523853,7.330656487698947,8
三个固定 GP 表达式的均值,4700,candidate_effective_arcs,1951.075575502939,1453.9532902541064,2449.3084886722,8
三个固定 GP 表达式的均值,4700,candidate_gini,0.8047825327639806,0.7551746965927217,0.8543547096946398,8
三个固定 GP 表达式的均值,4700,top500_mass,0.44783386739591874,0.42207129643450253,0.47321782768742293,8
三个固定 GP 表达式的均值,4700,top2500_mass,0.9203536771767633,0.8790949357202986,0.9616110681469807,8
三个固定 GP 表达式的均值,4700,floor_fraction,0.8064194444444444,0.7540818402777778,0.8578569444444444,8
三个固定 GP 表达式的均值,4700,source_edge_lift,9.055187982986238,8.568835177282708,9.510643919715672,8
三个固定 GP 表达式的均值,4700,current_best_edge_lift,9.002819977678165,8.511115706042421,9.50078272643161,8
三个固定 GP 表达式的均值,4700,global_best_edge_lift,8.73622842080115,8.27490773670366,9.24010178249443,8
三个固定 GP 表达式的均值,4700,reference_edge_lift,8.225659819573949,7.760871137438421,8.643402752367694,8
三个固定 GP 表达式的均值,4700,top500_persistence,0.5558893939425505,0.5241922277968887,0.5852999148970669,8
三个固定 GP 表达式的均值,4700,source_age,1125.125,764.8888888888889,1441.0972222222224,8
三个固定 GP 表达式的均值,4700,post_unique_tours,18.27777777777778,16.52777777777778,19.98611111111111,8
三个固定 GP 表达式的均值,4725,candidate_entropy,7.018795561312848,6.997827033814559,7.039698785482081,8
三个固定 GP 表达式的均值,4725,candidate_effective_arcs,1125.262552635092,1097.7506684777754,1152.8877269593497,8
三个固定 GP 表达式的均值,4725,candidate_gini,0.8885420215502818,0.8868922303511481,0.8901528225235198,8
三个固定 GP 表达式的均值,4725,top500_mass,0.46755082130976744,0.4502734523910603,0.48359061235159306,8
三个固定 GP 表达式的均值,4725,top2500_mass,0.9904876456980956,0.989299512035428,0.9916706600505505,8
三个固定 GP 表达式的均值,4725,floor_fraction,0.8099013888888889,0.7595388888888889,0.8599102083333333,8
三个固定 GP 表达式的均值,4725,source_edge_lift,9.816268347023218,9.724607486532394,9.9167623185316,8
三个固定 GP 表达式的均值,4725,current_best_edge_lift,9.696298693064286,9.588736443063485,9.80424912694783,8
三个固定 GP 表达式的均值,4725,global_best_edge_lift,9.43856854238362,9.221820518011683,9.655616012520733,8
三个固定 GP 表达式的均值,4725,reference_edge_lift,8.91908522693022,8.737500977649642,9.111861124545523,8
三个固定 GP 表达式的均值,4725,top500_persistence,0.5584595768082901,0.521292591990739,0.595767099424126,8
三个固定 GP 表达式的均值,4725,source_age,994.0,723.7902777777778,1272.9583333333335,8
三个固定 GP 表达式的均值,4725,post_unique_tours,18.555555555555557,16.22222222222222,20.819791666666664,8
三个固定 GP 表达式的均值,4750,candidate_entropy,6.9960818248837455,6.987285786857852,7.005229899869099,8
三个固定 GP 表达式的均值,4750,candidate_effective_arcs,1093.6069903001548,1083.1854805411933,1104.5733535755016,8
三个固定 GP 表达式的均值,4750,candidate_gini,0.8912760530308839,0.8912020050854669,0.8913557272817745,8
三个固定 GP 表达式的均值,4750,top500_mass,0.4845046795849456,0.47396478582425255,0.4937421261228733,8
三个固定 GP 表达式的均值,4750,top2500_mass,0.9925335005245892,0.9925162329932637,0.992550060569362,8
三个固定 GP 表达式的均值,4750,floor_fraction,0.8893097222222223,0.8837065277777779,0.8947749999999999,8
三个固定 GP 表达式的均值,4750,source_edge_lift,9.910414433760756,9.806044861159904,10.058447249167157,8
三个固定 GP 表达式的均值,4750,current_best_edge_lift,9.787512471309647,9.715974379171518,9.852600791016604,8
三个固定 GP 表达式的均值,4750,global_best_edge_lift,9.521758712165486,9.296340779224456,9.734436212278997,8
三个固定 GP 表达式的均值,4750,reference_edge_lift,8.973310455366796,8.79700543555747,9.174150249658904,8
三个固定 GP 表达式的均值,4750,top500_persistence,0.6101858314963378,0.5961493299525441,0.6225934466543184,8
三个固定 GP 表达式的均值,4750,source_age,1114.5555555555557,838.0930555555556,1372.052083333333,8
三个固定 GP 表达式的均值,4750,post_unique_tours,17.34722222222222,15.319444444444446,19.430555555555557,8
三个固定 GP 表达式的均值,4775,candidate_entropy,6.9910164500882335,6.983759944744929,6.998892303607978,8
三个固定 GP 表达式的均值,4775,candidate_effective_arcs,1087.449201629314,1078.9946002104775,1096.3932041478113,8
三个固定 GP 表达式的均值,4775,candidate_gini,0.8913654802209221,0.8912231453991809,0.8915384954520662,8
三个固定 GP 表达式的均值,4775,top500_mass,0.49312180961646107,0.48716928720597513,0.4980856207283364,8
三个固定 GP 表达式的均值,4775,top2500_mass,0.9925436834241681,0.9925309964645693,0.992555537346223,8
三个固定 GP 表达式的均值,4775,floor_fraction,0.8924013888888889,0.8880722222222223,0.8967291666666666,8
三个固定 GP 表达式的均值,4775,source_edge_lift,9.921122138065556,9.82122512054974,10.06844654437933,8
三个固定 GP 表达式的均值,4775,current_best_edge_lift,9.895781517054992,9.79791251141912,10.016319277537757,8
三个固定 GP 表达式的均值,4775,global_best_edge_lift,9.598956960053409,9.417929750745001,9.780691904717473,8
三个固定 GP 表达式的均值,4775,reference_edge_lift,9.036277795529896,8.839071470504788,9.247301539523459,8
三个固定 GP 表达式的均值,4775,top500_persistence,0.6060041677564927,0.5872190178655371,0.6209537463014948,8
三个固定 GP 表达式的均值,4775,source_age,1317.7777777777778,1030.6805555555557,1616.75,8
三个固定 GP 表达式的均值,4775,post_unique_tours,18.125,15.972222222222221,20.513888888888886,8
三个固定 GP 表达式的均值,4800,candidate_entropy,7.294302971995087,7.1094852289960375,7.479328133649066,8
三个固定 GP 表达式的均值,4800,candidate_effective_arcs,2319.597259668736,1576.5835806364237,3061.698336158799,8
三个固定 GP 表达式的均值,4800,candidate_gini,0.7675387134291666,0.6932483531054522,0.8418109448356595,8
三个固定 GP 表达式的均值,4800,top500_mass,0.43541979020054156,0.3978128805046488,0.47273226740304236,8
三个固定 GP 表达式的均值,4800,top2500_mass,0.8894173986457247,0.8275379050678682,0.9512988102735834,8
三个固定 GP 表达式的均值,4800,floor_fraction,0.7706944444444445,0.6967958333333334,0.8450347569444444,8
三个固定 GP 表达式的均值,4800,source_edge_lift,8.670960555357377,7.939231372708897,9.38495718652746,8
三个固定 GP 表达式的均值,4800,current_best_edge_lift,8.655204052754424,7.9297755983095275,9.381510873825356,8
三个固定 GP 表达式的均值,4800,global_best_edge_lift,8.370208369039885,7.633954493300338,9.100314893892385,8
三个固定 GP 表达式的均值,4800,reference_edge_lift,7.922489955576097,7.247159759390111,8.581256882536952,8
三个固定 GP 表达式的均值,4800,top500_persistence,0.5411587100116491,0.4932757841533377,0.5871045482492171,8
三个固定 GP 表达式的均值,4800,source_age,1400.0555555555554,1028.9347222222223,1791.4722222222222,8
三个固定 GP 表达式的均值,4800,post_unique_tours,16.069444444444446,14.097222222222221,18.347569444444442,8
三个固定 GP 表达式的均值,4825,candidate_entropy,7.033608034853367,7.00250560644972,7.064869274716734,8
三个固定 GP 表达式的均值,4825,candidate_effective_arcs,1144.7426306330099,1104.2857775838525,1185.6390793066366,8
三个固定 GP 表达式的均值,4825,candidate_gini,0.8873509402545067,0.8849880567303556,0.8896877819230535,8
三个固定 GP 表达式的均值,4825,top500_mass,0.4584278771809503,0.4349558888848078,0.48119949937434164,8
三个固定 GP 表达式的均值,4825,top2500_mass,0.9896126946679231,0.9878463757532263,0.9913790852103221,8
三个固定 GP 表达式的均值,4825,floor_fraction,0.7726236111111111,0.6981208333333333,0.8472138888888889,8
三个固定 GP 表达式的均值,4825,source_edge_lift,9.733112531904338,9.608513155326065,9.848295681813642,8
三个固定 GP 表达式的均值,4825,current_best_edge_lift,9.64677508259907,9.49339251767382,9.800243984872639,8
三个固定 GP 表达式的均值,4825,global_best_edge_lift,9.398160701268043,9.221553836146084,9.588211300770848,8
三个固定 GP 表达式的均值,4825,reference_edge_lift,8.931343733762006,8.76199141801111,9.099978409645928,8
三个固定 GP 表达式的均值,4825,top500_persistence,0.5374068600340981,0.4898041660994477,0.5821246493718052,8
三个固定 GP 表达式的均值,4825,source_age,1239.75,764.2427083333333,1761.1069444444443,8
三个固定 GP 表达式的均值,4825,post_unique_tours,19.22222222222222,16.625,22.26388888888889,8
三个固定 GP 表达式的均值,4850,candidate_entropy,6.99994244071793,6.9880689941989305,7.011661923278673,8
三个固定 GP 表达式的均值,4850,candidate_effective_arcs,1098.0913371525448,1084.4892172690206,1111.6585418718234,8
三个固定 GP 表达式的均值,4850,candidate_gini,0.8912876017809356,0.8912014137721518,0.8913845101846177,8
三个固定 GP 表达式的均值,4850,top500_mass,0.4858131594637858,0.47350204381533545,0.49685440098174083,8
三个固定 GP 表达式的均值,4850,top2500_mass,0.9925272051068094,0.9925081672591043,0.9925466628384181,8
三个固定 GP 表达式的均值,4850,floor_fraction,0.8864805555555555,0.8791873263888889,0.8935708333333333,8
三个固定 GP 表达式的均值,4850,source_edge_lift,9.85456904605365,9.757479351216212,9.956268065669436,8
三个固定 GP 表达式的均值,4850,current_best_edge_lift,9.815607140593652,9.690118815159606,9.94194542257893,8
三个固定 GP 表达式的均值,4850,global_best_edge_lift,9.480327470776178,9.316518213750525,9.65735276639024,8
三个固定 GP 表达式的均值,4850,reference_edge_lift,8.998313586421812,8.824596232744414,9.171271405519155,8
三个固定 GP 表达式的均值,4850,top500_persistence,0.6222568162096942,0.6162519086163707,0.6296972547877406,8
三个固定 GP 表达式的均值,4850,source_age,1400.5416666666665,976.9048611111111,1847.8180555555546,8
三个固定 GP 表达式的均值,4850,post_unique_tours,17.708333333333336,15.041666666666666,20.666666666666664,8
三个固定 GP 表达式的均值,4875,candidate_entropy,6.992237401971699,6.985579912305836,6.999086561716343,8
三个固定 GP 表达式的均值,4875,candidate_effective_arcs,1088.5830052082083,1081.1559202451488,1096.1738829424942,8
三个固定 GP 表达式的均值,4875,candidate_gini,0.8914868034191893,0.8913180997936176,0.8916906774341758,8
三个固定 GP 表达式的均值,4875,top500_mass,0.4895717566309988,0.4814027238849664,0.4967837565335421,8
三个固定 GP 表达式的均值,4875,top2500_mass,0.9925434052690649,0.992532030120916,0.9925546692777203,8
三个固定 GP 表达式的均值,4875,floor_fraction,0.8909347222222221,0.886458125,0.8956237847222223,8
三个固定 GP 表达式的均值,4875,source_edge_lift,9.883567156715024,9.80779118804237,9.984602132750368,8
三个固定 GP 表达式的均值,4875,current_best_edge_lift,9.860542393268798,9.778432649131561,9.951975113484949,8
三个固定 GP 表达式的均值,4875,global_best_edge_lift,9.596019606892874,9.47675369981293,9.726204955677694,8
三个固定 GP 表达式的均值,4875,reference_edge_lift,9.054369384920275,8.858746087705018,9.254782468481089,8
三个固定 GP 表达式的均值,4875,top500_persistence,0.6254850958502336,0.6122905591861811,0.6400972739055591,8
三个固定 GP 表达式的均值,4875,source_age,1549.4583333333333,1103.4097222222222,2022.3194444444443,8
三个固定 GP 表达式的均值,4875,post_unique_tours,19.01388888888889,16.569444444444443,21.47256944444444,8
三个固定 GP 表达式的均值,4900,candidate_entropy,7.602255546041341,7.26082584731877,8.065954371884292,8
三个固定 GP 表达式的均值,4900,candidate_effective_arcs,3557.088517098123,2189.027605886486,5414.657089880919,8
三个固定 GP 表达式的均值,4900,candidate_gini,0.6437482833179375,0.4704001896786865,0.779969270727614,8
三个固定 GP 表达式的均值,4900,top500_mass,0.37069879483203083,0.28011589461367076,0.4410320809947648,8
三个固定 GP 表达式的均值,4900,top2500_mass,0.786283930279264,0.6315883350073118,0.8997313204351479,8
三个固定 GP 表达式的均值,4900,floor_fraction,0.6466138888888889,0.4606558333333334,0.7837372222222223,8
三个固定 GP 表达式的均值,4900,source_edge_lift,7.439567360894742,5.5881647072322185,8.831916556450267,8
三个固定 GP 表达式的均值,4900,current_best_edge_lift,7.426754440404343,5.588336314559071,8.894642326370986,8
三个固定 GP 表达式的均值,4900,global_best_edge_lift,7.127024742367884,5.381101249260881,8.439864403998282,8
三个固定 GP 表达式的均值,4900,reference_edge_lift,6.824427211561468,5.172711699771752,8.113610261654191,8
三个固定 GP 表达式的均值,4900,top500_persistence,0.4640892234133136,0.3400979130103463,0.5638385594356328,8
三个固定 GP 表达式的均值,4900,source_age,1470.1666666666665,1039.6274305555553,1917.5965277777777,8
三个固定 GP 表达式的均值,4900,post_unique_tours,16.77777777777778,14.48611111111111,19.638888888888886,8
三个固定 GP 表达式的均值,4925,candidate_entropy,7.088204914446118,7.028164464518615,7.165210805813176,8
三个固定 GP 表达式的均值,4925,candidate_effective_arcs,1216.6866552449867,1136.5847749255895,1319.60332172568,8
三个固定 GP 表达式的均值,4925,candidate_gini,0.8832950054292437,0.8775327934933959,0.8877638934193928,8
三个固定 GP 表达式的均值,4925,top500_mass,0.4384991068183993,0.4001095855920459,0.47315506017366316,8
三个固定 GP 表达式的均值,4925,top2500_mass,0.9866585316833196,0.9822490146762587,0.9899100649292639,8
三个固定 GP 表达式的均值,4925,floor_fraction,0.6485180555555555,0.47304937500000005,0.7863041666666666,8
三个固定 GP 表达式的均值,4925,source_edge_lift,9.46412249495078,9.139189003239146,9.716974547822407,8
三个固定 GP 表达式的均值,4925,current_best_edge_lift,9.381521397135586,8.937153955853777,9.738058205400696,8
三个固定 GP 表达式的均值,4925,global_best_edge_lift,9.114935161808681,8.818239179843617,9.36018080128514,8
三个固定 GP 表达式的均值,4925,reference_edge_lift,8.788549538157143,8.536417067964246,9.03995976264029,8
三个固定 GP 表达式的均值,4925,top500_persistence,0.45367460541225596,0.33598517129936933,0.545643847310218,8
三个固定 GP 表达式的均值,4925,source_age,905.6388888888889,588.1041666666666,1187.8611111111109,8
三个固定 GP 表达式的均值,4925,post_unique_tours,21.208333333333336,18.569097222222222,24.5,8
三个固定 GP 表达式的均值,4950,candidate_entropy,7.023610329344097,6.998094576831031,7.055996319605409,8
三个固定 GP 表达式的均值,4950,candidate_effective_arcs,1125.8334514462622,1096.0899416530215,1164.3418528630948,8
三个固定 GP 表达式的均值,4950,candidate_gini,0.8912347877940068,0.8911347979838771,0.891340739766018,8
三个固定 GP 表达式的均值,4950,top500_mass,0.4787571355995948,0.4706360764966065,0.4873814255615305,8
三个固定 GP 表达式的均值,4950,top2500_mass,0.9924919855564511,0.9924434216164504,0.9925285093636348,8
三个固定 GP 表达式的均值,4950,floor_fraction,0.8730875,0.8539152777777778,0.8880958333333333,8
三个固定 GP 表达式的均值,4950,source_edge_lift,9.706333208543452,9.504413771571613,9.889121927003211,8
三个固定 GP 表达式的均值,4950,current_best_edge_lift,9.580158143672708,9.323606361858692,9.784460266712637,8
三个固定 GP 表达式的均值,4950,global_best_edge_lift,9.264538614546122,9.027448707517584,9.477717816078002,8
三个固定 GP 表达式的均值,4950,reference_edge_lift,8.904560773286592,8.680503659333723,9.13853128689053,8
三个固定 GP 表达式的均值,4950,top500_persistence,0.6014255453769357,0.5921432970988735,0.6115720387966174,8
三个固定 GP 表达式的均值,4950,source_age,974.9444444444443,690.7222222222222,1220.7093750000001,8
三个固定 GP 表达式的均值,4950,post_unique_tours,21.097222222222225,18.5,24.250694444444434,8
三个固定 GP 表达式的均值,4975,candidate_entropy,7.009107486508155,6.992159837272138,7.031992724058132,8
三个固定 GP 表达式的均值,4975,candidate_effective_arcs,1108.2044449684126,1088.8850373453245,1134.4574899151073,8
三个固定 GP 表达式的均值,4975,candidate_gini,0.8914635891536438,0.891293534630304,0.8916727545740477,8
三个固定 GP 表达式的均值,4975,top500_mass,0.4783301478665873,0.46493730444308845,0.49029147040865007,8
三个固定 GP 表达式的均值,4975,top2500_mass,0.9925165303236749,0.9924856583395201,0.9925392235796049,8
三个固定 GP 表达式的均值,4975,floor_fraction,0.8805166666666666,0.8668527777777778,0.8911680555555556,8
三个固定 GP 表达式的均值,4975,source_edge_lift,9.804118600803346,9.649028452337845,9.976171646326925,8
三个固定 GP 表达式的均值,4975,current_best_edge_lift,9.690094406524958,9.524833931602071,9.821413368389639,8
三个固定 GP 表达式的均值,4975,global_best_edge_lift,9.348344026264535,9.097810762835515,9.573320428912854,8
三个固定 GP 表达式的均值,4975,reference_edge_lift,8.962996286292146,8.725173838994486,9.223410840874076,8
三个固定 GP 表达式的均值,4975,top500_persistence,0.6135491335252461,0.5976591423005112,0.6303825281872277,8
三个固定 GP 表达式的均值,4975,source_age,1075.5416666666665,772.7590277777778,1321.4722222222222,8
三个固定 GP 表达式的均值,4975,post_unique_tours,20.986111111111114,17.833333333333336,24.5,8
三个固定 GP 表达式的均值,5000,candidate_entropy,7.489681860652029,7.368683125530469,7.611298185781539,8
三个固定 GP 表达式的均值,5000,candidate_effective_arcs,3073.919433682907,2581.6849594789237,3568.570419071733,8
三个固定 GP 表达式的均值,5000,candidate_gini,0.6934604100774138,0.6438800889329394,0.7430876167545898,8
三个固定 GP 表达式的均值,5000,top500_mass,0.39173543001607164,0.3642153769333805,0.41906276173041057,8
三个固定 GP 表达式的均值,5000,top2500_mass,0.8275205306476539,0.7862717945450659,0.8687665477752871,8
三个固定 GP 表达式的均值,5000,floor_fraction,0.6892333333333334,0.6409666666666667,0.7366083333333333,8
三个固定 GP 表达式的均值,5000,source_edge_lift,7.88323960462545,7.372730985537421,8.351824869269896,8
三个固定 GP 表达式的均值,5000,current_best_edge_lift,7.8278881897054955,7.339662187852363,8.297207622137106,8
三个固定 GP 表达式的均值,5000,global_best_edge_lift,7.4067823766525,6.856330692679176,7.87725672003334,8
三个固定 GP 表达式的均值,5000,reference_edge_lift,7.11886512398274,6.591192620465286,7.577721225809227,8
三个固定 GP 表达式的均值,5000,top500_persistence,0.48198440335529547,0.4558984710053747,0.5119636991799079,8
三个固定 GP 表达式的均值,5000,source_age,1113.236111111111,786.6631944444443,1360.1527777777778,8
三个固定 GP 表达式的均值,5000,post_unique_tours,20.15277777777778,17.90277777777778,23.208333333333332,8
不使用 GP,1,candidate_entropy,9.207837616418363,9.20782020022713,9.207855762056218,8
不使用 GP,1,candidate_effective_arcs,9975.00375068959,9974.83061999841,9975.181338954122,8
不使用 GP,1,candidate_gini,0.021860635498664453,0.02177920439229213,0.021942240742810346,8
不使用 GP,1,top500_mass,0.060944434940294154,0.060905101588214536,0.060981805124911234,8
不使用 GP,1,top2500_mass,0.26821459087220845,0.2681460598278705,0.2682832990121419,8
不使用 GP,1,floor_fraction,0.0,0.0,0.0,8
不使用 GP,1,source_edge_lift,1.2192343000471921,1.2185410923153397,1.2198998543233628,8
不使用 GP,1,current_best_edge_lift,1.2192343000471921,1.218563107760452,1.219905331971474,8
不使用 GP,1,global_best_edge_lift,1.2192343000471921,1.2185486456588983,1.2199013180791785,8
不使用 GP,1,reference_edge_lift,1.14960431628068,1.147588631679502,1.1514360789373326,8
不使用 GP,1,source_age,0.0,0.0,0.0,8
不使用 GP,1,post_unique_tours,32.0,32.0,32.0,8
不使用 GP,25,candidate_entropy,7.494270103123608,7.486301147916316,7.502372455785415,8
不使用 GP,25,candidate_effective_arcs,1797.972815172,1783.54471623848,1813.4879301396468,8
不使用 GP,25,candidate_gini,0.8503670841494516,0.8495818895516575,0.8511025367471158,8
不使用 GP,25,top500_mass,0.27506394465231176,0.24203247734407665,0.312708321920526,8
不使用 GP,25,top2500_mass,0.9729072742997753,0.9728192167721991,0.9729957993600367,8
不使用 GP,25,floor_fraction,0.0,0.0,0.0,8
不使用 GP,25,source_edge_lift,7.7728492490098375,7.712718727287262,7.828245187555488,8
不使用 GP,25,current_best_edge_lift,7.341126156427244,7.269402468118611,7.401616598565943,8
不使用 GP,25,global_best_edge_lift,7.7728492490098375,7.713901423142229,7.827622677458991,8
不使用 GP,25,reference_edge_lift,7.359666061267461,7.319656373135341,7.3887785700812145,8
不使用 GP,25,top500_persistence,0.28251887525844094,0.2754758442525281,0.2898076115634355,8
不使用 GP,25,source_age,3.083333333333333,1.9583333333333333,4.5,8
不使用 GP,25,post_unique_tours,32.0,32.0,32.0,8
不使用 GP,50,candidate_entropy,7.275419624713219,7.262196625446286,7.2883506549961155,8
不使用 GP,50,candidate_effective_arcs,1444.8129711077252,1426.1567911586508,1463.843014976946,8
不使用 GP,50,candidate_gini,0.8808294007273894,0.879950232899926,0.8817203101964493,8
不使用 GP,50,top500_mass,0.3073163673561846,0.2830703090272599,0.33585152622302267,8
不使用 GP,50,top2500_mass,0.9925030058178677,0.9924953083796524,0.9925109306283746,8
不使用 GP,50,floor_fraction,0.7834708333333333,0.7796791666666667,0.7872208333333333,8
不使用 GP,50,source_edge_lift,8.483275035983315,8.400631038562246,8.56787515282273,8
不使用 GP,50,current_best_edge_lift,7.835858996264486,7.749721622407242,7.928370798174908,8
不使用 GP,50,global_best_edge_lift,8.483275035983315,8.398020963166392,8.566893871458369,8
不使用 GP,50,reference_edge_lift,7.82531322842513,7.734855635282963,7.919279047094277,8
不使用 GP,50,top500_persistence,0.6007657379679865,0.5803327778501624,0.6200311735537825,8
不使用 GP,50,source_age,7.374999999999999,4.708333333333334,10.375,8
不使用 GP,50,post_unique_tours,32.0,32.0,32.0,8
不使用 GP,75,candidate_entropy,7.238555363274926,7.222569344905859,7.255109314853947,8
不使用 GP,75,candidate_effective_arcs,1392.8072590445604,1370.474833681933,1416.4097904298833,8
不使用 GP,75,candidate_gini,0.8831169579251869,0.8820976203773401,0.8840932335727603,8
不使用 GP,75,top500_mass,0.34469958165156955,0.30483054015290556,0.38676536631507585,8
不使用 GP,75,top2500_mass,0.9925060648934436,0.9925002067358328,0.9925113892586838,8
不使用 GP,75,floor_fraction,0.7988291666666667,0.792874375,0.8047,8
不使用 GP,75,source_edge_lift,8.67846926000982,8.598662839039918,8.759347176340794,8
不使用 GP,75,current_best_edge_lift,8.103901229395841,7.988754452637109,8.221381258982236,8
不使用 GP,75,global_best_edge_lift,8.67846926000982,8.598950283994125,8.759156150423145,8
不使用 GP,75,reference_edge_lift,7.919437315086195,7.806058522611997,8.032544054362313,8
不使用 GP,75,top500_persistence,0.6233071191381352,0.607145026130785,0.6402409393618782,8
不使用 GP,75,source_age,8.958333333333334,5.666666666666666,12.583333333333334,8
不使用 GP,75,post_unique_tours,32.0,32.0,32.0,8
不使用 GP,100,candidate_entropy,7.183431396246895,7.166216965109115,7.200386145544366,8
不使用 GP,100,candidate_effective_arcs,1318.1713636965878,1296.11943167257,1340.2747360203657,8
不使用 GP,100,candidate_gini,0.886050167176749,0.8852928388050845,0.8868218385575356,8
不使用 GP,100,top500_mass,0.3979157513494707,0.356306405703232,0.4386554396726599,8
不使用 GP,100,top2500_mass,0.9925117194716422,0.992504953978837,0.9925180383771438,8
不使用 GP,100,floor_fraction,0.8180875000000001,0.8122207291666668,0.8241334374999999,8
不使用 GP,100,source_edge_lift,8.749003685198288,8.62608394500685,8.86512551612616,8
不使用 GP,100,current_best_edge_lift,8.749003685198288,8.622384588926318,8.862274058564134,8
不使用 GP,100,global_best_edge_lift,8.96165918627085,8.874141754372806,9.045720710263375,8
不使用 GP,100,reference_edge_lift,8.004868030868199,7.883802586069645,8.133945771929104,8
不使用 GP,100,top500_persistence,0.6768908107305622,0.6493280237513572,0.7069769531976278,8
不使用 GP,100,source_age,0.0,0.0,0.0,8
不使用 GP,100,post_unique_tours,32.0,32.0,32.0,8
不使用 GP,125,candidate_entropy,7.14568577641763,7.117942377086127,7.170351109888925,8
不使用 GP,125,candidate_effective_arcs,1270.0833707257075,1235.3253680688747,1301.5970561346235,8
不使用 GP,125,candidate_gini,0.8875517779866827,0.8866214492300746,0.8885006381952343,8
不使用 GP,125,top500_mass,0.41696241966624104,0.3665922462549326,0.46084054914090167,8
不使用 GP,125,top2500_mass,0.9925192497097516,0.9925124573970142,0.992526910572985,8
不使用 GP,125,floor_fraction,0.8309875000000001,0.8222373958333334,0.8408752083333334,8
不使用 GP,125,source_edge_lift,8.974162767263136,8.835688606065103,9.129084393901644,8
不使用 GP,125,current_best_edge_lift,8.974162767263136,8.835734705158995,9.133216919881082,8
不使用 GP,125,global_best_edge_lift,9.108597658183172,8.997637986748234,9.23819965445516,8
不使用 GP,125,reference_edge_lift,8.083113846526565,7.940161384101938,8.235990698171626,8
不使用 GP,125,top500_persistence,0.7057836758722711,0.6533670055476813,0.770933559007521,8
不使用 GP,125,source_age,0.0,0.0,0.0,8
不使用 GP,125,post_unique_tours,32.0,32.0,32.0,8
不使用 GP,150,candidate_entropy,7.0652560637217,7.037938035776427,7.091268778832828,8
不使用 GP,150,candidate_effective_arcs,1172.1187627122563,1140.2256416172331,1202.664859222714,8
不使用 GP,150,candidate_gini,0.8898976414770258,0.8893027183675041,0.8904791301708835,8
不使用 GP,150,top500_mass,0.45066298419355355,0.42438195586998945,0.47540609423451374,8
不使用 GP,150,top2500_mass,0.9925417279935617,0.9925343431433593,0.9925492385609451,8
不使用 GP,150,floor_fraction,0.8563458333333334,0.8465833333333334,0.8670208333333334,8
不使用 GP,150,source_edge_lift,9.54343819695729,9.418042422026067,9.66992271859171,8
不使用 GP,150,current_best_edge_lift,9.277963782271549,9.076609036949542,9.488771187409792,8
不使用 GP,150,global_best_edge_lift,9.54343819695729,9.41677951001187,9.667985082565721,8
不使用 GP,150,reference_edge_lift,8.258007651368533,8.071883511262136,8.452932267137868,8
不使用 GP,150,top500_persistence,0.8152873842624467,0.7668612787516075,0.8629600963149886,8
不使用 GP,150,source_age,4.875,2.1666666666666665,8.375,8
不使用 GP,150,post_unique_tours,31.833333333333336,31.5,32.0,8
不使用 GP,175,candidate_entropy,7.02546727994397,7.006240484882727,7.04476656227415,8
不使用 GP,175,candidate_effective_arcs,1126.0026506269596,1104.102822078838,1148.1038042828095,8
不使用 GP,175,candidate_gini,0.8906089701650127,0.8902873223517163,0.8908765173829714,8
不使用 GP,175,top500_mass,0.4798884657018308,0.46555937213549026,0.4923199899502384,8
不使用 GP,175,top2500_mass,0.9925508493365185,0.9925424107732898,0.9925579141173675,8
不使用 GP,175,floor_fraction,0.8759750000000001,0.867374375,0.8848250000000001,8
不使用 GP,175,source_edge_lift,9.692389831630967,9.558690790385638,9.809512799927559,8
不使用 GP,175,current_best_edge_lift,9.692389831630967,9.557001801148918,9.810404662928606,8
不使用 GP,175,global_best_edge_lift,9.685356399333624,9.5735518544944,9.779763871891204,8
不使用 GP,175,reference_edge_lift,8.348755394048688,8.152284966579623,8.563177706193922,8
不使用 GP,175,top500_persistence,0.8017274795555561,0.7284280973732097,0.8627700605447015,8
不使用 GP,175,source_age,0.0,0.0,0.0,8
不使用 GP,175,post_unique_tours,29.208333333333332,27.290625,30.916666666666664,8
不使用 GP,200,candidate_entropy,6.996527917075453,6.98966469665973,7.004392045088111,8
不使用 GP,200,candidate_effective_arcs,1093.032612717378,1085.2317755013207,1101.6235524392414,8
不使用 GP,200,candidate_gini,0.8910158398774906,0.8909415505655632,0.8910722513383993,8
不使用 GP,200,top500_mass,0.4914349894350831,0.4829192731087524,0.4957709359054205,8
不使用 GP,200,top2500_mass,0.9925593748245372,0.9925551437822591,0.9925630747397985,8
不使用 GP,200,floor_fraction,0.8878166666666667,0.8821083333333333,0.8930251041666666,8
不使用 GP,200,source_edge_lift,9.86409827130188,9.81714412252479,9.923636656075924,8
不使用 GP,200,current_best_edge_lift,9.885815299671075,9.797977732669814,9.982635105617831,8
不使用 GP,200,global_best_edge_lift,9.86409827130188,9.816981829119413,9.922172048891944,8
不使用 GP,200,reference_edge_lift,8.479421417265904,8.26582419306793,8.717637917576706,8
不使用 GP,200,top500_persistence,0.6531156933599441,0.573230359249346,0.7320587043260731,8
不使用 GP,200,source_age,5.083333333333334,3.125,7.375,8
不使用 GP,200,post_unique_tours,26.666666666666664,24.5,28.875,8
不使用 GP,225,candidate_entropy,6.985283457835557,6.981814880413324,6.989414611966617,8
不使用 GP,225,candidate_effective_arcs,1080.6452572661656,1076.864135672231,1085.1414667208003,8
不使用 GP,225,candidate_gini,0.8910884749548522,0.8910663216609584,0.8911143698064914,8
不使用 GP,225,top500_mass,0.4956827067739803,0.49555570644199903,0.4958641322972526,8
不使用 GP,225,top2500_mass,0.9925629996114899,0.9925596616679978,0.9925657174778695,8
不使用 GP,225,floor_fraction,0.8965583333333333,0.8952333333333333,0.8977168750000001,8
不使用 GP,225,source_edge_lift,9.906946053331598,9.85949482453415,9.963861656116741,8
不使用 GP,225,current_best_edge_lift,9.906946053331598,9.85980184516316,9.964579501074551,8
不使用 GP,225,global_best_edge_lift,9.92051884933469,9.867533240305303,9.98031751353231,8
不使用 GP,225,reference_edge_lift,8.55891341476839,8.332535329354581,8.809435245538259,8
不使用 GP,225,top500_persistence,0.6089354994116158,0.5507274347738556,0.6746415060706009,8
不使用 GP,225,source_age,0.0,0.0,0.0,8
不使用 GP,225,post_unique_tours,23.416666666666668,20.625,26.208333333333336,8
不使用 GP,250,candidate_entropy,6.9838781330129045,6.981786035613145,6.985773198791065,8
不使用 GP,250,candidate_effective_arcs,1079.1121473934154,1076.816061270697,1081.2035233770844,8
不使用 GP,250,candidate_gini,0.8910940968888403,0.8910683645725429,0.8911277023352931,8
不使用 GP,250,top500_mass,0.49567471911697564,0.4955496879700292,0.49585659994286996,8
不使用 GP,250,top2500_mass,0.9925635944037647,0.9925606860535622,0.9925659460768754,8
不使用 GP,250,floor_fraction,0.8973958333333334,0.8967625,0.8981083333333333,8
不使用 GP,250,source_edge_lift,9.881080026716056,9.868588642318093,9.894826814094731,8
不使用 GP,250,current_best_edge_lift,9.935839831045865,9.871626526504683,10.019983140022909,8
不使用 GP,250,global_best_edge_lift,9.881080026716056,9.86840322942229,9.894337953889988,8
不使用 GP,250,reference_edge_lift,8.634588663820377,8.412158452092275,8.883737889910337,8
不使用 GP,250,top500_persistence,0.6387629158953305,0.5595021448053874,0.7346324831997633,8
不使用 GP,250,source_age,11.75,5.958333333333334,18.458333333333332,8
不使用 GP,250,post_unique_tours,23.041666666666668,20.541666666666668,25.166666666666668,8
不使用 GP,275,candidate_entropy,6.979933961436835,6.978783536391155,6.9816479689721085,8
不使用 GP,275,candidate_effective_arcs,1074.8523081265532,1073.6170208110698,1076.6981252736077,8
不使用 GP,275,candidate_gini,0.8910984681965883,0.8910788846389229,0.8911242963068362,8
不使用 GP,275,top500_mass,0.49565099092511666,0.4955483073137936,0.49579260013481735,8
不使用 GP,275,top2500_mass,0.9925650819755406,0.9925630519844058,0.9925666605679196,8
不使用 GP,275,floor_fraction,0.8986416666666668,0.8980041666666667,0.8991875,8
不使用 GP,275,source_edge_lift,9.952544347868237,9.901785391703312,10.021486179338451,8
不使用 GP,275,current_best_edge_lift,9.946373424644491,9.899524726833524,10.030365116172538,8
不使用 GP,275,global_best_edge_lift,9.952544347868237,9.90221589691859,10.022067870674693,8
不使用 GP,275,reference_edge_lift,8.693933873542667,8.449415019188459,8.966579931493092,8
不使用 GP,275,top500_persistence,0.6269428175576864,0.5269433302595601,0.742231352117117,8
不使用 GP,275,source_age,22.0,14.416666666666666,31.041666666666668,8
不使用 GP,275,post_unique_tours,18.166666666666668,15.541666666666668,20.958333333333332,8
不使用 GP,300,candidate_entropy,6.979539172271177,6.978480102684113,6.980717204291929,8
不使用 GP,300,candidate_effective_arcs,1074.4274293029482,1073.3215504164157,1075.7045078194203,8
不使用 GP,300,candidate_gini,0.891097812795486,0.8910790991444995,0.8911232262893076,8
不使用 GP,300,top500_mass,0.4956457173922443,0.49554345918626513,0.49578771736034616,8
不使用 GP,300,top2500_mass,0.9925651681775509,0.9925630921466289,0.9925667656523591,8
不使用 GP,300,floor_fraction,0.8993875,0.8989958333333334,0.8997041666666666,8
不使用 GP,300,source_edge_lift,9.996918607547158,9.906173967694802,10.130969590165893,8
不使用 GP,300,current_best_edge_lift,9.90554348307263,9.89707608943693,9.912391355473106,8
不使用 GP,300,global_best_edge_lift,9.996918607547158,9.906167654231364,10.13158707447236,8
不使用 GP,300,reference_edge_lift,8.721717621523077,8.476269355265284,8.99890384122316,8
不使用 GP,300,top500_persistence,0.7383906492523046,0.6321869844073966,0.8441613598844767,8
不使用 GP,300,source_age,30.75,22.166666666666668,41.125,8
不使用 GP,300,post_unique_tours,17.75,16.333333333333332,19.083333333333332,8
不使用 GP,325,candidate_entropy,6.979236767155246,6.978357641704427,6.980217024662337,8
不使用 GP,325,candidate_effective_arcs,1074.1021816099503,1073.1312472664256,1075.1928289553439,8
不使用 GP,325,candidate_gini,0.8910976186675093,0.8910775571830917,0.8911239190230817,8
不使用 GP,325,top500_mass,0.4956444245938492,0.4955415406807381,0.4957873957486932,8
不使用 GP,325,top2500_mass,0.9925649088063986,0.9925628777429625,0.9925665106350763,8
不使用 GP,325,floor_fraction,0.8995958333333334,0.8993291666666667,0.8998416666666667,8
不使用 GP,325,source_edge_lift,9.96941253591275,9.901695198650893,10.066012879426566,8
不使用 GP,325,current_best_edge_lift,9.973890080026957,9.901596322077319,10.074552395400787,8
不使用 GP,325,global_best_edge_lift,9.96941253591275,9.901239010101524,10.06651943183709,8
不使用 GP,325,reference_edge_lift,8.738930556138051,8.50348031288007,9.002555768390774,8
不使用 GP,325,top500_persistence,0.8167266962745312,0.7037318017677305,0.9155098566790536,8
不使用 GP,325,source_age,45.125,37.125,55.41666666666667,8
不使用 GP,325,post_unique_tours,17.916666666666664,16.208333333333332,19.416666666666664,8
不使用 GP,350,candidate_entropy,6.979971515920844,6.978790999634711,6.9812435502238035,8
不使用 GP,350,candidate_effective_arcs,1074.893288688465,1073.608633611342,1076.2620035993646,8
不使用 GP,350,candidate_gini,0.891093206159614,0.8910775422239163,0.8911156762686107,8
不使用 GP,350,top500_mass,0.49562498430097757,0.4955423329451392,0.49574831331752167,8
不使用 GP,350,top2500_mass,0.9925654018761855,0.9925634208244758,0.9925667193290346,8
不使用 GP,350,floor_fraction,0.8993875,0.8990916666666666,0.8997083333333333,8
不使用 GP,350,source_edge_lift,9.984031705717147,9.902364726735446,10.09385665664383,8
不使用 GP,350,current_best_edge_lift,10.021148686856991,9.902364726532902,10.18530225401662,8
不使用 GP,350,global_best_edge_lift,9.984031705717147,9.902363781870756,10.091158214355183,8
不使用 GP,350,reference_edge_lift,8.755505546012056,8.516442602969256,9.035346537561052,8
不使用 GP,350,top500_persistence,0.8177050783276232,0.7478760559155365,0.8916209840550431,8
不使用 GP,350,source_age,56.20833333333333,42.748958333333334,71.29166666666667,8
不使用 GP,350,post_unique_tours,18.041666666666664,16.291666666666668,19.958333333333336,8
不使用 GP,375,candidate_entropy,6.980120804164134,6.978068813009504,6.982941963796465,8
不使用 GP,375,candidate_effective_arcs,1075.0583824112073,1072.8445911384556,1078.0758655460236,8
不使用 GP,375,candidate_gini,0.8910922382717876,0.8910741139799917,0.8911165447339259,8
不使用 GP,375,top500_mass,0.49562522457066077,0.49554248979424204,0.49574875146919994,8
不使用 GP,375,top2500_mass,0.9925653919185808,0.992563502056454,0.9925666896344969,8
不使用 GP,375,floor_fraction,0.8993583333333334,0.898525,0.8999833333333334,8
不使用 GP,375,source_edge_lift,9.992122888917043,9.895240403053899,10.114308756961442,8
不使用 GP,375,current_best_edge_lift,9.986953672959842,9.895240360543575,10.105792537233809,8
不使用 GP,375,global_best_edge_lift,9.992122888917043,9.895046190863631,10.114308710207084,8
不使用 GP,375,reference_edge_lift,8.771112814606564,8.531922697907579,9.043491827834453,8
不使用 GP,375,top500_persistence,0.8075458419326813,0.6871022618329062,0.9178764749794319,8
不使用 GP,375,source_age,65.75,38.5,90.625,8
不使用 GP,375,post_unique_tours,17.416666666666664,14.5,20.541666666666664,8
不使用 GP,400,candidate_entropy,6.979042198448502,6.978288454222316,6.980176072856951,8
不使用 GP,400,candidate_effective_arcs,1073.8938947388601,1073.0801800765494,1075.1210939920509,8
不使用 GP,400,candidate_gini,0.8910942754261015,0.8910786540873834,0.8911170349497477,8
不使用 GP,400,top500_mass,0.4956248932448154,0.49554175177711624,0.49574815753595874,8
不使用 GP,400,top2500_mass,0.9925655654887162,0.9925636544081766,0.9925668451764491,8
不使用 GP,400,floor_fraction,0.8996,0.8990666666666667,0.8999458333333334,8
不使用 GP,400,source_edge_lift,9.963387776824936,9.906021379958233,10.07258807455306,8
不使用 GP,400,current_best_edge_lift,9.958205048495099,9.906021380294403,10.057413685918076,8
不使用 GP,400,global_best_edge_lift,9.963387776824936,9.90639870154891,10.072965395732119,8
不使用 GP,400,reference_edge_lift,8.78322119753927,8.537184319795397,9.046644827322748,8
不使用 GP,400,top500_persistence,0.8637553708599957,0.7592572023236417,0.9552737991498124,8
不使用 GP,400,source_age,79.75,50.415625000000006,109.83333333333334,8
不使用 GP,400,post_unique_tours,16.333333333333336,14.416666666666668,18.5,8
不使用 GP,425,candidate_entropy,6.979626296823187,6.978270451950313,6.981335902437765,8
不使用 GP,425,candidate_effective_arcs,1074.5259243159117,1073.0588569278334,1076.3693815917843,8
不使用 GP,425,candidate_gini,0.891091909066239,0.8910735787033699,0.8911171200843012,8
不使用 GP,425,top500_mass,0.4956242692971641,0.4955416221281801,0.49574712900167367,8
不使用 GP,425,top2500_mass,0.9925652457386928,0.9925634657454159,0.9925664887796186,8
不使用 GP,425,floor_fraction,0.8994666666666666,0.8991541666666667,0.8997875,8
不使用 GP,425,source_edge_lift,10.013139244939572,9.889816931303994,10.243807990628918,8
不使用 GP,425,current_best_edge_lift,9.950850058616707,9.88974525744912,10.056257125289742,8
不使用 GP,425,global_best_edge_lift,10.013139244939572,9.890118069056347,10.243536291011978,8
不使用 GP,425,reference_edge_lift,8.81501330992596,8.568250878116137,9.079839752289203,8
不使用 GP,425,top500_persistence,0.8969712522876856,0.817104362578814,0.9659522321118915,8
不使用 GP,425,source_age,84.125,52.75,117.83333333333333,8
不使用 GP,425,post_unique_tours,18.375,16.333333333333332,20.333333333333332,8
不使用 GP,450,candidate_entropy,6.979088755806982,6.978417396712259,6.979984245890321,8
不使用 GP,450,candidate_effective_arcs,1073.942625766153,1073.2205532333373,1074.8741382144835,8
不使用 GP,450,candidate_gini,0.8910945589741228,0.8910801274843727,0.8911172787794497,8
不使用 GP,450,top500_mass,0.4956246992441614,0.4955415322344728,0.4957494433245823,8
不使用 GP,450,top2500_mass,0.992565520513359,0.9925635980231691,0.9925668699851897,8
不使用 GP,450,floor_fraction,0.8994500000000001,0.8990666666666667,0.8997916666666668,8
不使用 GP,450,source_edge_lift,9.965856175526618,9.905130508714535,10.082910430573246,8
不使用 GP,450,current_best_edge_lift,9.965856175526618,9.90513050766295,10.082910428811434,8
不使用 GP,450,global_best_edge_lift,9.965856175526618,9.905119331006066,10.082910429521663,8
不使用 GP,450,reference_edge_lift,8.836478010977663,8.567564730751023,9.117725619290908,8
不使用 GP,450,top500_persistence,0.9302665456505779,0.8717444641453757,0.9786575734823952,8
不使用 GP,450,source_age,98.20833333333333,59.75,138.04374999999996,8
不使用 GP,450,post_unique_tours,17.083333333333332,14.999999999999998,19.375,8
不使用 GP,475,candidate_entropy,6.978176862646347,6.977946190575938,6.978330346292493,8
不使用 GP,475,candidate_effective_arcs,1072.960491974422,1072.7130682510256,1073.125122251347,8
不使用 GP,475,candidate_gini,0.8910954181144968,0.8910803138712137,0.8911179845126338,8
不使用 GP,475,top500_mass,0.49562262583792716,0.49554034650923234,0.4957455327751866,8
不使用 GP,475,top2500_mass,0.9925656588537359,0.9925638148926147,0.9925668934015406,8
不使用 GP,475,floor_fraction,0.9,0.8999625,0.9000375,8
不使用 GP,475,source_edge_lift,9.973436573958825,9.91080268027505,10.0978867085494,8
不使用 GP,475,current_best_edge_lift,10.029926014709424,9.910802680614106,10.267355033610963,8
不使用 GP,475,global_best_edge_lift,9.973436573958825,9.910802680364904,10.097886711602138,8
不使用 GP,475,reference_edge_lift,8.838102341238349,8.57088946785062,9.126355904214497,8
不使用 GP,475,top500_persistence,0.928618241992325,0.8420513409697847,0.995146241164701,8
不使用 GP,475,source_age,122.08333333333331,82.87083333333334,162.8770833333333,8
不使用 GP,475,post_unique_tours,16.458333333333332,14.5,18.833333333333332,8
不使用 GP,500,candidate_entropy,7.164273216621523,6.978195488946975,7.536313340566954,8
不使用 GP,500,candidate_effective_arcs,1816.9692584747872,1072.9805419451354,3304.8229837341105,8
不使用 GP,500,candidate_gini,0.8168385928163725,0.6683139641119132,0.8911140461947159,8
不使用 GP,500,top500_mass,0.45849374970948253,0.384175567863912,0.49572461386111777,8
不使用 GP,500,top2500_mass,0.9306850918625591,0.8069239424623662,0.9925665896636717,8
不使用 GP,500,floor_fraction,0.8249916666666667,0.6749875000000001,0.9000083333333333,8
不使用 GP,500,source_edge_lift,9.234672849206289,7.683511331196248,10.108885933101465,8
不使用 GP,500,current_best_edge_lift,9.228950849700492,7.683999434799693,10.090255623579848,8
不使用 GP,500,global_best_edge_lift,9.234672849206289,7.683511331345968,10.10888593330556,8
不使用 GP,500,reference_edge_lift,8.21979112797382,6.8093272589521625,9.100970512264208,8
不使用 GP,500,top500_persistence,0.883564148450362,0.7182195821845904,0.9904504938448147,8
不使用 GP,500,source_age,143.54166666666666,100.20833333333333,186.08541666666662,8
不使用 GP,500,post_unique_tours,15.291666666666668,13.583333333333334,17.5,8
不使用 GP,525,candidate_entropy,7.021969323748788,6.977984318048879,7.1096424553011355,8
不使用 GP,525,candidate_effective_arcs,1134.640245378644,1072.7539629603345,1258.0767817543606,8
不使用 GP,525,candidate_gini,0.8875568140255052,0.8804684285549701,0.8911141899811865,8
不使用 GP,525,top500_mass,0.4818302809304174,0.45418455840852223,0.4957249777067174,8
不使用 GP,525,top2500_mass,0.9907808095220629,0.9872111012327793,0.9925665896276836,8
不使用 GP,525,floor_fraction,0.824925,0.6748291666666666,0.9000291666666667,8
不使用 GP,525,source_edge_lift,9.80200202550185,9.372189029264408,10.122277346678176,8
不使用 GP,525,current_best_edge_lift,9.866758600310167,9.37218902987387,10.316547071712586,8
不使用 GP,525,global_best_edge_lift,9.768369841492698,9.271292477846897,10.122277347288122,8
不使用 GP,525,reference_edge_lift,8.751954965291787,8.395308951116995,9.105760076869377,8
不使用 GP,525,top500_persistence,0.8472116935571844,0.6606411810899601,0.9886759403948483,8
不使用 GP,525,source_age,124.75,77.33333333333334,172.79375,8
不使用 GP,525,post_unique_tours,18.166666666666668,15.375,21.875,8
不使用 GP,550,candidate_entropy,7.0012889958140505,6.978061183473942,7.0471984700881105,8
不使用 GP,550,candidate_effective_arcs,1101.4976595705746,1072.8364109913007,1158.2212616550157,8
不使用 GP,550,candidate_gini,0.8903497464524085,0.8888475821442148,0.8911141300640708,8
不使用 GP,550,top500_mass,0.4760046960871372,0.4367066002281634,0.4957253812524244,8
不使用 GP,550,top2500_mass,0.992543131026143,0.9924980962977141,0.9925665819462601,8
不使用 GP,550,floor_fraction,0.8907708333333333,0.8725958333333333,0.8999916666666667,8
不使用 GP,550,source_edge_lift,9.872801635372328,9.573333549477143,10.134119699875766,8
不使用 GP,550,current_best_edge_lift,9.956689131124982,9.482881141703164,10.407814702722158,8
不使用 GP,550,global_best_edge_lift,9.832449237174071,9.452276354485114,10.134101671971237,8
不使用 GP,550,reference_edge_lift,8.790079816565143,8.480272147852801,9.10993723864022,8
不使用 GP,550,top500_persistence,0.8995856556668184,0.7991713113336367,0.978578504210005,8
不使用 GP,550,source_age,136.58333333333334,86.74895833333333,188.66666666666669,8
不使用 GP,550,post_unique_tours,18.375,15.833333333333332,21.166666666666664,8
不使用 GP,575,candidate_entropy,6.997731202030154,6.978176552825445,7.035689245952497,8
不使用 GP,575,candidate_effective_arcs,1096.5540449156042,1072.9938869727573,1142.5419434005266,8
不使用 GP,575,candidate_gini,0.8905658464904151,0.8894972565281656,0.8911141071666381,8
不使用 GP,575,top500_mass,0.4887715188244385,0.47500740421858134,0.4957256132059476,8
不使用 GP,575,top2500_mass,0.9925481605333231,0.9925133537644518,0.9925665866266,8
不使用 GP,575,floor_fraction,0.8922625,0.8771333333333333,0.8999583333333334,8
不使用 GP,575,source_edge_lift,9.897417606532233,9.639475540542783,10.144764309996084,8
不使用 GP,575,current_best_edge_lift,9.843161951386762,9.46158165855951,10.159899801367299,8
不使用 GP,575,global_best_edge_lift,9.845195297227434,9.482808631199296,10.142991938392738,8
不使用 GP,575,reference_edge_lift,8.806910832061131,8.509785897729078,9.12155290984437,8
不使用 GP,575,top500_persistence,0.9404877571918883,0.8735192036612516,0.9927202804599785,8
不使用 GP,575,source_age,145.875,100.16666666666666,195.79479166666664,8
不使用 GP,575,post_unique_tours,18.625,16.25,21.5,8
不使用 GP,600,candidate_entropy,7.549742815241703,7.1119015820771425,8.094298603387289,8
不使用 GP,600,candidate_effective_arcs,3320.618278568484,1492.8497017209743,5536.521319099762,8
不使用 GP,600,candidate_gini,0.6680385660071506,0.445272109220963,0.8531067442449383,8
不使用 GP,600,top500_mass,0.3842786707006023,0.2728322465486263,0.4770990432570652,8
不使用 GP,600,top2500_mass,0.8069123425357652,0.621281285994597,0.9615905931831936,8
不使用 GP,600,floor_fraction,0.6697541666666667,0.4499082291666667,0.8468374999999999,8
不使用 GP,600,source_edge_lift,7.6994443639788495,5.456217354926943,9.421541663619637,8
不使用 GP,600,current_best_edge_lift,7.606688513018762,5.456217242889495,9.308240027951776,8
不使用 GP,600,global_best_edge_lift,7.647170049072218,5.455808076145997,9.347608397045393,8
不使用 GP,600,reference_edge_lift,6.887262237190669,4.952106785711047,8.36922044519784,8
不使用 GP,600,top500_persistence,0.7089126582601458,0.4589126582601458,0.9166666666666666,8
不使用 GP,600,source_age,168.04166666666669,116.74791666666667,220.04166666666669,8
不使用 GP,600,post_unique_tours,17.125,14.208333333333334,20.584374999999987,8
不使用 GP,625,candidate_entropy,7.11566959985337,7.021690876236216,7.237316965312513,8
不使用 GP,625,candidate_effective_arcs,1263.8918824382672,1132.6590884445209,1437.4121282062365,8
不使用 GP,625,candidate_gini,0.8805238989112748,0.8703476431225919,0.8888655666438725,8
不使用 GP,625,top500_mass,0.4383271524675263,0.3737677551590639,0.48383224827654836,8
不使用 GP,625,top2500_mass,0.9872123432621236,0.9819024945519507,0.9916424710115338,8
不使用 GP,625,floor_fraction,0.6712458333333333,0.4499623958333333,0.8513,8
不使用 GP,625,source_edge_lift,9.451296700434796,8.91608674811803,9.920651098327305,8
不使用 GP,625,current_best_edge_lift,9.192537235600584,8.564539322197538,9.679339488446995,8
不使用 GP,625,global_best_edge_lift,9.273515940640802,8.661456241364862,9.858100776185525,8
不使用 GP,625,reference_edge_lift,8.498172843592982,8.107553878987371,8.848243530510679,8
不使用 GP,625,top500_persistence,0.7394635052240803,0.5055752498828778,0.9156864029738954,8
不使用 GP,625,source_age,107.25,60.37291666666667,153.2927083333333,8
不使用 GP,625,post_unique_tours,21.5,18.5,25.166666666666668,8
不使用 GP,650,candidate_entropy,7.055902315872959,7.000165523875912,7.1287138937508905,8
不使用 GP,650,candidate_effective_arcs,1169.9182055543424,1098.744721004673,1261.6615622107254,8
不使用 GP,650,candidate_gini,0.8884186201087176,0.8857270444597637,0.8905156592204597,8
不使用 GP,650,top500_mass,0.43847632189148356,0.3881598414887473,0.4844420650401147,8
不使用 GP,650,top2500_mass,0.9924902497903425,0.9924226237760985,0.9925449217475812,8
不使用 GP,650,floor_fraction,0.8697541666666666,0.8425708333333333,0.8905503125,8
不使用 GP,650,source_edge_lift,9.623768423828219,9.220614313211426,10.015406852509654,8
不使用 GP,650,current_best_edge_lift,9.55735097365851,8.885368131427654,10.22057447355758,8
不使用 GP,650,global_best_edge_lift,9.378437826890217,8.825168117694338,9.899171916249392,8
不使用 GP,650,reference_edge_lift,8.625286533069472,8.328600831530757,8.92737867995675,8
不使用 GP,650,top500_persistence,0.8744334996863414,0.7838916668848526,0.9446108179305035,8
不使用 GP,650,source_age,122.70833333333334,72.0,173.375,8
不使用 GP,650,post_unique_tours,22.416666666666668,18.958333333333332,25.916666666666668,8
不使用 GP,675,candidate_entropy,7.0477087366455695,6.99996236544872,7.112182199198034,8
不使用 GP,675,candidate_effective_arcs,1158.9909237620145,1091.9181691324857,1235.977927678246,8
不使用 GP,675,candidate_gini,0.8888250904176592,0.8868301638256512,0.8905914024352137,8
不使用 GP,675,top500_mass,0.44265843958683093,0.3871563471526196,0.48630143132628784,8
不使用 GP,675,top2500_mass,0.9924980984753385,0.9924369142541861,0.9925439470391774,8
不使用 GP,675,floor_fraction,0.8739416666666666,0.8499000000000001,0.8943251041666667,8
不使用 GP,675,source_edge_lift,9.678720966949328,9.302976277805405,10.044486932596577,8
不使用 GP,675,current_best_edge_lift,9.398688607204022,8.899107007220374,9.810632129849834,8
不使用 GP,675,global_best_edge_lift,9.395293866596337,8.847677854554233,9.907886069689349,8
不使用 GP,675,reference_edge_lift,8.636828042225698,8.352794363741976,8.937457359089771,8
不使用 GP,675,top500_persistence,0.8721676460973178,0.7817102947379264,0.9514097683516871,8
不使用 GP,675,source_age,140.66666666666666,84.66666666666667,195.54166666666666,8
不使用 GP,675,post_unique_tours,21.083333333333332,18.125,24.625,8
不使用 GP,700,candidate_entropy,7.590377763168171,7.280489976850223,7.928751453165265,8
不使用 GP,700,candidate_effective_arcs,3369.560968382506,2210.767971401517,4817.742134053034,8
不使用 GP,700,candidate_gini,0.6669374708878317,0.5192604746203535,0.7791334112255852,8
不使用 GP,700,top500_mass,0.3556489628898385,0.2907226072341318,0.4210092224013961,8
不使用 GP,700,top2500_mass,0.8068690424637914,0.683137556693572,0.8997224405037868,8
不使用 GP,700,floor_fraction,0.6531583333333333,0.5140833333333333,0.7756307291666665,8
不使用 GP,700,source_edge_lift,7.457829929212545,6.133727714468252,8.62862702970231,8
不使用 GP,700,current_best_edge_lift,7.359631403697977,6.089382476737713,8.572188335558428,8
不使用 GP,700,global_best_edge_lift,7.21377580899367,6.057429242520003,8.267316694551909,8
不使用 GP,700,reference_edge_lift,6.700270235663679,5.54288829786446,7.697093786510943,8
不使用 GP,700,top500_persistence,0.5474531525753814,0.40586052854684457,0.6833999744381547,8
不使用 GP,700,source_age,117.04166666666667,72.11875,160.5427083333333,8
不使用 GP,700,post_unique_tours,21.083333333333332,18.333333333333336,24.666666666666664,8
不使用 GP,725,candidate_entropy,7.158215217984715,7.089588507509542,7.22260507398311,8
不使用 GP,725,candidate_effective_arcs,1316.570882412002,1222.0845025973827,1410.192362219394,8
不使用 GP,725,candidate_gini,0.8792020869283963,0.8728895224263186,0.8849285422604858,8
不使用 GP,725,top500_mass,0.4119737024600962,0.3757773873437397,0.44969804171079614,8
不使用 GP,725,top2500_mass,0.9871733335757933,0.983674131954208,0.9898558818024401,8
不使用 GP,725,floor_fraction,0.6565875000000001,0.5184302083333333,0.7760041666666667,8
不使用 GP,725,source_edge_lift,9.307660417576923,8.89827206645915,9.811999012631667,8
不使用 GP,725,current_best_edge_lift,9.1472140437598,8.669425676765353,9.671807038314407,8
不使用 GP,725,global_best_edge_lift,8.951542357799557,8.469608840578317,9.547612931600355,8
不使用 GP,725,reference_edge_lift,8.33091820674386,8.088831757194182,8.553142983069023,8
不使用 GP,725,top500_persistence,0.5534797365206534,0.4065930065749894,0.6889272250986408,8
不使用 GP,725,source_age,52.75,24.416666666666668,82.375,8
不使用 GP,725,post_unique_tours,24.541666666666668,21.333333333333336,27.666666666666668,8
不使用 GP,750,candidate_entropy,7.075767042065902,7.037997509515737,7.11572864208219,8
不使用 GP,750,candidate_effective_arcs,1192.5675115196043,1145.6474953356787,1242.2784602944657,8
不使用 GP,750,candidate_gini,0.8881396711624772,0.8865741019377489,0.8895718489067225,8
不使用 GP,750,top500_mass,0.4351429145918586,0.40784232493545,0.4643609754927351,8
不使用 GP,750,top2500_mass,0.9924697244490481,0.9924381290050691,0.9925023453859119,8
不使用 GP,750,floor_fraction,0.8592916666666667,0.8443913541666667,0.8739625,8
不使用 GP,750,source_edge_lift,9.553809889767248,9.290273323579047,9.832001931486456,8
不使用 GP,750,current_best_edge_lift,9.37767609039266,9.066984310960294,9.71712926271448,8
不使用 GP,750,global_best_edge_lift,9.032899050556374,8.643658907790385,9.446351091073906,8
不使用 GP,750,reference_edge_lift,8.501337325925824,8.276591445164474,8.7407005777644,8
不使用 GP,750,top500_persistence,0.821379588502493,0.7379252605538484,0.8790198537554533,8
不使用 GP,750,source_age,68.95833333333334,35.70729166666666,102.21041666666665,8
不使用 GP,750,post_unique_tours,23.916666666666664,20.416666666666664,27.125,8
不使用 GP,775,candidate_entropy,7.057474842757205,7.02172817871031,7.095816806404164,8
不使用 GP,775,candidate_effective_arcs,1168.9421399465432,1125.2220873198687,1215.7058901566156,8
不使用 GP,775,candidate_gini,0.8888900008001857,0.8876639162225264,0.8900635357458183,8
不使用 GP,775,top500_mass,0.463062010260349,0.4339613295330703,0.48845596352322607,8
不使用 GP,775,top2500_mass,0.99248829700755,0.9924575800754377,0.9925181017635556,8
不使用 GP,775,floor_fraction,0.8685041666666666,0.8552625,0.8805458333333334,8
不使用 GP,775,source_edge_lift,9.65031249344824,9.38651199580207,9.96206208104849,8
不使用 GP,775,current_best_edge_lift,9.361226694957491,9.077610547855139,9.630076108765344,8
不使用 GP,775,global_best_edge_lift,9.141407216845504,8.734642238041626,9.574803717081124,8
不使用 GP,775,reference_edge_lift,8.550573766766874,8.337711718848904,8.783104750181332,8
不使用 GP,775,top500_persistence,0.808698383792019,0.7777430257992489,0.8440580519714632,8
不使用 GP,775,source_age,77.91666666666667,42.123958333333334,114.33333333333334,8
不使用 GP,775,post_unique_tours,22.791666666666664,19.333333333333332,25.75,8
不使用 GP,800,candidate_entropy,7.414274567247762,7.152205541061532,7.675270818537101,8
不使用 GP,800,candidate_effective_arcs,2637.212550176982,1539.3208923809832,3734.3393459056224,8
不使用 GP,800,candidate_gini,0.7409865356032055,0.6299061609130858,0.8518865607352086,8
不使用 GP,800,top500_mass,0.3982148342416611,0.35702988867251745,0.4402636132185299,8
不使用 GP,800,top2500_mass,0.8687392827899194,0.7759356823243881,0.9615355850845969,8
不使用 GP,800,floor_fraction,0.7247041666666667,0.6185791666666667,0.8300834374999999,8
不使用 GP,800,source_edge_lift,8.082479293519118,7.037789084913903,9.098068615011178,8
不使用 GP,800,current_best_edge_lift,8.062407206252772,6.996960539282816,9.094558294980839,8
不使用 GP,800,global_best_edge_lift,7.580739314261308,6.717318722919218,8.434427023715148,8
不使用 GP,800,reference_edge_lift,7.276032936047546,6.341781437858898,8.176885721504586,8
不使用 GP,800,top500_persistence,0.6197830790922115,0.5531678621086019,0.6965048282983453,8
不使用 GP,800,source_age,85.29166666666666,45.165625,126.75,8
不使用 GP,800,post_unique_tours,22.0,19.208333333333336,24.833333333333332,8
不使用 GP,825,candidate_entropy,7.1184610474468215,7.0594389594129865,7.174547345010167,8
不使用 GP,825,candidate_effective_arcs,1258.0445070180742,1175.2292950294905,1339.6886949570157,8
不使用 GP,825,candidate_gini,0.8828964578160934,0.8780456726473276,0.8876892615657269,8
不使用 GP,825,top500_mass,0.4284009488635808,0.3873484279027099,0.4676910885255282,8
不使用 GP,825,top2500_mass,0.9889431176661232,0.9862801402827289,0.991606362485393,8
不使用 GP,825,floor_fraction,0.7276125,0.6205916666666667,0.8331333333333333,8
不使用 GP,825,source_edge_lift,9.3250084741533,9.076152009379271,9.577792880861132,8
不使用 GP,825,current_best_edge_lift,9.132728696990291,8.830159083632461,9.425807159519433,8
不使用 GP,825,global_best_edge_lift,8.701033460128919,8.480404562899118,8.993462631758327,8
不使用 GP,825,reference_edge_lift,8.385911467383144,8.159850239900674,8.665326007629506,8
不使用 GP,825,top500_persistence,0.5959603185093617,0.4976516438500077,0.7045491962063762,8
不使用 GP,825,source_age,50.08333333333333,15.083333333333334,101.0,8
不使用 GP,825,post_unique_tours,25.0,21.832291666666666,27.708333333333332,8
不使用 GP,850,candidate_entropy,7.051825042496301,7.019563700326283,7.083917601825269,8
不使用 GP,850,candidate_effective_arcs,1161.3294530708752,1121.2212939808162,1200.6848069329283,8
不使用 GP,850,candidate_gini,0.8891831809012172,0.8881034679583782,0.8902268231763272,8
不使用 GP,850,top500_mass,0.45294811198422125,0.4306345794701824,0.4776425270209088,8
不使用 GP,850,top2500_mass,0.992483373673559,0.9924502372049697,0.9925177239826145,8
不使用 GP,850,floor_fraction,0.8674000000000001,0.8546916666666666,0.8803416666666668,8
不使用 GP,850,source_edge_lift,9.624385592338477,9.457689442548041,9.793421174230032,8
不使用 GP,850,current_best_edge_lift,9.381354514619563,9.112610391907632,9.633672252776218,8
不使用 GP,850,global_best_edge_lift,8.921130347837476,8.674355407142269,9.20497482611436,8
不使用 GP,850,reference_edge_lift,8.55442873252625,8.350207118226043,8.79762596195373,8
不使用 GP,850,top500_persistence,0.7460693902073827,0.644296967894106,0.850046259838533,8
不使用 GP,850,source_age,59.95833333333333,21.583333333333336,116.12499999999999,8
不使用 GP,850,post_unique_tours,24.5,22.375,26.5,8
不使用 GP,875,candidate_entropy,7.033593114407163,7.002270982226186,7.068489423257146,8
不使用 GP,875,candidate_effective_arcs,1138.6280710685032,1099.883826773319,1180.941472420251,8
不使用 GP,875,candidate_gini,0.889803583803721,0.8888452941392645,0.89072396150318,8
不使用 GP,875,top500_mass,0.489199218663692,0.4763223428909329,0.49570134577424946,8
不使用 GP,875,top2500_mass,0.9925024775718783,0.9924717347061032,0.9925333741526349,8
不使用 GP,875,floor_fraction,0.8761958333333334,0.8635995833333333,0.8884375,8
不使用 GP,875,source_edge_lift,9.66931921365538,9.482652767172242,9.840826295188105,8
不使用 GP,875,current_best_edge_lift,9.5530772647766,9.298293260059845,9.800422605821192,8
不使用 GP,875,global_best_edge_lift,8.976394941590227,8.71868411751821,9.264237487796441,8
不使用 GP,875,reference_edge_lift,8.64390114743965,8.449280814194541,8.860999723600415,8
不使用 GP,875,top500_persistence,0.7866148035603723,0.6953253001419216,0.8500991419705816,8
不使用 GP,875,source_age,94.20833333333333,31.790625,199.54375,8
不使用 GP,875,post_unique_tours,22.5,19.833333333333336,25.083333333333336,8
不使用 GP,900,candidate_entropy,7.11024910793104,7.007587672865187,7.289707880204439,8
不使用 GP,900,candidate_effective_arcs,1489.6439314997847,1107.1777194635256,2228.0587272726793,8
不使用 GP,900,candidate_gini,0.853338578692965,0.7791306913467114,0.8906792228344708,8
不使用 GP,900,top500_mass,0.4738303291071462,0.43658104823397237,0.49580151940819894,8
不使用 GP,900,top2500_mass,0.9615872728384212,0.8997107155601504,0.9925383242374699,8
不使用 GP,900,floor_fraction,0.8451791666666666,0.7721529166666666,0.8866458333333334,8
不使用 GP,900,source_edge_lift,9.400630862600543,8.66880916299661,9.836710046232739,8
不使用 GP,900,current_best_edge_lift,9.253241864275722,8.55187615603013,9.705215790068515,8
不使用 GP,900,global_best_edge_lift,8.864071293164805,8.209048550672161,9.300644854642606,8
不使用 GP,900,reference_edge_lift,8.342647273839333,7.765592906899538,8.723755030129897,8
不使用 GP,900,top500_persistence,0.7354689574946237,0.6492383819733015,0.81571442449175,8
不使用 GP,900,source_age,126.66666666666666,50.62291666666667,233.75,8
不使用 GP,900,post_unique_tours,24.041666666666664,20.791666666666668,26.916666666666664,8
不使用 GP,925,candidate_entropy,7.029309866878492,6.999390966941082,7.070240564714998,8
不使用 GP,925,candidate_effective_arcs,1137.0592304088368,1097.7886141387596,1193.599842962926,8
不使用 GP,925,candidate_gini,0.8888993138425457,0.8853428148066297,0.8908413225534667,8
不使用 GP,925,top500_mass,0.48525170557115815,0.4642380538317356,0.4958387593797768,8
不使用 GP,925,top2500_mass,0.9916452456021306,0.9898610656884861,0.9925460472795631,8
不使用 GP,925,floor_fraction,0.8504208333333334,0.7767000000000001,0.891216875,8
不使用 GP,925,source_edge_lift,9.684842931204976,9.515973408462727,9.826646358881645,8
不使用 GP,925,current_best_edge_lift,9.642429860017867,9.420144821314587,9.81409591406349,8
不使用 GP,925,global_best_edge_lift,9.269964535833392,9.0398311213586,9.51259615189836,8
不使用 GP,925,reference_edge_lift,8.614791065824477,8.457778963375985,8.790544643135464,8
不使用 GP,925,top500_persistence,0.727101771240153,0.6120976009892862,0.8383548330752796,8
不使用 GP,925,source_age,124.33333333333334,43.25,236.37500000000003,8
不使用 GP,925,post_unique_tours,22.625,20.666666666666668,24.916666666666668,8
不使用 GP,950,candidate_entropy,7.002480474768183,6.984562000977326,7.029206310298528,8
不使用 GP,950,candidate_effective_arcs,1102.1324425706812,1080.2471998153294,1136.6745368934887,8
不使用 GP,950,candidate_gini,0.8904737268533673,0.8893753076009792,0.8910637289109765,8
不使用 GP,950,top500_mass,0.48503231884347153,0.4636827790033309,0.49579012034769787,8
不使用 GP,950,top2500_mass,0.9925353950544377,0.9925072781175189,0.9925544906826688,8
不使用 GP,950,floor_fraction,0.88935,0.8792666666666666,0.8961833333333333,8
不使用 GP,950,source_edge_lift,9.844075841340484,9.68349348093454,9.976828508093117,8
不使用 GP,950,current_best_edge_lift,9.767637020106125,9.543849657406094,9.905618782961577,8
不使用 GP,950,global_best_edge_lift,9.339216697821602,9.119451577029567,9.570238314728849,8
不使用 GP,950,reference_edge_lift,8.664451385528139,8.488163563186927,8.842567788303326,8
不使用 GP,950,top500_persistence,0.8551503686815722,0.8072474187635179,0.9060235124190215,8
不使用 GP,950,source_age,113.41666666666669,50.41666666666667,225.375,8
不使用 GP,950,post_unique_tours,20.75,18.291666666666668,23.5,8
不使用 GP,975,candidate_entropy,6.994012847380027,6.980120934998373,7.019342645626045,8
不使用 GP,975,candidate_effective_arcs,1091.9035624858204,1075.1161501699146,1122.7318648561536,8
不使用 GP,975,candidate_gini,0.8906917030716,0.8899022010198683,0.8911019895812233,8
不使用 GP,975,top500_mass,0.48665755895880136,0.46863876761870066,0.4957447084133285,8
不使用 GP,975,top2500_mass,0.9925444975132679,0.9925208940789667,0.9925595019802473,8
不使用 GP,975,floor_fraction,0.8930499999999999,0.8836999999999999,0.8984958333333333,8
不使用 GP,975,source_edge_lift,9.910729498973591,9.739681253127218,10.076425784640632,8
不使用 GP,975,current_best_edge_lift,9.793531332151176,9.59044715085634,9.905434372298544,8
不使用 GP,975,global_best_edge_lift,9.415410649320982,9.182822520635591,9.649163082796198,8
不使用 GP,975,reference_edge_lift,8.707786061600341,8.522181854891342,8.894772188936727,8
不使用 GP,975,top500_persistence,0.813462790171047,0.7545136117154435,0.8763547700065727,8
不使用 GP,975,source_age,174.91666666666669,68.54166666666666,318.6718749999999,8
不使用 GP,975,post_unique_tours,19.625,17.166666666666664,22.208333333333332,8
不使用 GP,1000,candidate_entropy,7.175007849844096,6.988354005197333,7.444101437694846,8
不使用 GP,1000,candidate_effective_arcs,1829.7644612066406,1075.8787532216172,2933.3744581571113,8
不使用 GP,1000,candidate_gini,0.8165667071091021,0.7054657805683171,0.8908220630913604,8
不使用 GP,1000,top500_mass,0.4584993637589525,0.40291066264061076,0.4956217385155585,8
不使用 GP,1000,top2500_mass,0.9306683094712208,0.837859017858733,0.9925519810764827,8
不使用 GP,1000,floor_fraction,0.8200875,0.7115494791666667,0.8955588541666667,8
不使用 GP,1000,source_edge_lift,9.139516104078655,8.149037226924197,9.852738126174582,8
不使用 GP,1000,current_best_edge_lift,9.139516104078655,8.148983903242192,9.85209698251498,8
不使用 GP,1000,global_best_edge_lift,8.790794139069764,7.755206984690518,9.623456737893946,8
不使用 GP,1000,reference_edge_lift,8.094279320952547,7.23480354840785,8.773620292990177,8
不使用 GP,1000,top500_persistence,0.6784929139854412,0.5179890935512712,0.8315781438546638,8
不使用 GP,1000,source_age,217.70833333333331,79.54166666666666,399.37604166666665,8
不使用 GP,1000,post_unique_tours,18.916666666666664,17.5,20.375,8
不使用 GP,1025,candidate_entropy,7.033094179589382,6.989332055591,7.08763840883545,8
不使用 GP,1025,candidate_effective_arcs,1147.7809097521938,1086.3846414785635,1226.213904328979,8
不使用 GP,1025,candidate_gini,0.8872735602112282,0.8823375671430019,0.8907759212434475,8
不使用 GP,1025,top500_mass,0.46317137230425204,0.43203391935503077,0.4874573811533539,8
不使用 GP,1025,top2500_mass,0.9907681334300127,0.9881138824591061,0.9925567479789074,8
不使用 GP,1025,floor_fraction,0.8206833333333333,0.7118666666666666,0.8959209375,8
不使用 GP,1025,source_edge_lift,9.701282609821206,9.506370494865998,9.851080852023571,8
不使用 GP,1025,current_best_edge_lift,9.640047693632138,9.385123176755927,9.846835223124012,8
不使用 GP,1025,global_best_edge_lift,9.350742026352727,8.954041230062508,9.650356865921896,8
不使用 GP,1025,reference_edge_lift,8.662196120827204,8.45961560801383,8.850569365668004,8
不使用 GP,1025,top500_persistence,0.6794615490287572,0.5403585266822144,0.810641017737814,8
不使用 GP,1025,source_age,166.16666666666669,41.958333333333336,328.45833333333337,8
不使用 GP,1025,post_unique_tours,20.125,17.583333333333332,23.041666666666668,8
不使用 GP,1050,candidate_entropy,7.0070051589956694,6.982975620288099,7.034799263421135,8
不使用 GP,1050,candidate_effective_arcs,1107.8353339711985,1078.530464114786,1142.8887565041243,8
不使用 GP,1050,candidate_gini,0.8902890555808103,0.8893045282514875,0.8910135424250119,8
不使用 GP,1050,top500_mass,0.4813925855940433,0.46216554271146265,0.49533432391712184,8
不使用 GP,1050,top2500_mass,0.9925337787899072,0.9925047487506491,0.992558911979861,8
不使用 GP,1050,floor_fraction,0.8877166666666667,0.8760538541666667,0.8971958333333334,8
不使用 GP,1050,source_edge_lift,9.852175191755546,9.749075900583897,9.92770246638613,8
不使用 GP,1050,current_best_edge_lift,9.710861682480587,9.517517753786635,9.889123888085422,8
不使用 GP,1050,global_best_edge_lift,9.443507925050124,9.11016837556137,9.691611760969794,8
不使用 GP,1050,reference_edge_lift,8.729604041801537,8.524743323323356,8.910988233001188,8
不使用 GP,1050,top500_persistence,0.7634184830608807,0.6650314909752152,0.8549007614479965,8
不使用 GP,1050,source_age,200.58333333333334,67.58333333333333,356.6270833333333,8
不使用 GP,1050,post_unique_tours,18.916666666666668,17.041666666666664,20.875,8
不使用 GP,1075,candidate_entropy,7.008516229271892,6.983405837966641,7.039779201624352,8
不使用 GP,1075,candidate_effective_arcs,1108.7411525905295,1078.7446847106994,1146.0719690223616,8
不使用 GP,1075,candidate_gini,0.8903979372130858,0.8896023518078944,0.8910374773021053,8
不使用 GP,1075,top500_mass,0.4791573203926338,0.45577407364720546,0.4955507953870836,8
不使用 GP,1075,top2500_mass,0.9925397717294548,0.9925145724952871,0.9925606166475468,8
不使用 GP,1075,floor_fraction,0.8893041666666667,0.8778041666666667,0.8983916666666667,8
不使用 GP,1075,source_edge_lift,9.767064353904583,9.64470104467788,9.872021158156194,8
不使用 GP,1075,current_best_edge_lift,9.712515367150244,9.514003698507397,9.878046611106486,8
不使用 GP,1075,global_best_edge_lift,9.536009090277553,9.33715162217063,9.719404582934036,8
不使用 GP,1075,reference_edge_lift,8.78092690052164,8.564334765348784,8.979727881879716,8
不使用 GP,1075,top500_persistence,0.801847228426989,0.6727691428436819,0.9260145410256964,8
不使用 GP,1075,source_age,263.3333333333333,142.85208333333335,397.2177083333331,8
不使用 GP,1075,post_unique_tours,19.416666666666668,15.916666666666668,23.334374999999984,8
不使用 GP,1100,candidate_entropy,7.4620623907528145,7.118961243594696,7.828382992198813,8
不使用 GP,1100,candidate_effective_arcs,2954.4657857661023,1491.6806447781428,4434.114978427018,8
不使用 GP,1100,candidate_gini,0.7051186930768965,0.5567251860960494,0.8531353311530477,8
不使用 GP,1100,top500_mass,0.4028137802308621,0.3284769766704873,0.4770550099921249,8
不使用 GP,1100,top2500_mass,0.8378448781506689,0.7140892752429225,0.961587161011382,8
不使用 GP,1100,floor_fraction,0.7038291666666667,0.5569365625,0.8443713541666666,8
不使用 GP,1100,source_edge_lift,8.028548979753534,6.5493178583449705,9.37441300369247,8
不使用 GP,1100,current_best_edge_lift,7.9872890756957,6.500457714972965,9.355220976001824,8
不使用 GP,1100,global_best_edge_lift,7.878590920701873,6.364339046064673,9.214772831893042,8
不使用 GP,1100,reference_edge_lift,7.222178843509689,5.9030946023134785,8.390301525621751,8
不使用 GP,1100,top500_persistence,0.6277837620645663,0.431898267934438,0.815564454475998,8
不使用 GP,1100,source_age,251.45833333333331,114.375,404.8333333333333,8
不使用 GP,1100,post_unique_tours,19.375,16.666666666666668,22.208333333333332,8
不使用 GP,1125,candidate_entropy,7.101244824880821,7.0280618065595135,7.183943567666025,8
不使用 GP,1125,candidate_effective_arcs,1243.029412415553,1141.203931992291,1361.6644323611083,8
不使用 GP,1125,candidate_gini,0.8819706863031539,0.8748664689822966,0.8886224745918113,8
不使用 GP,1125,top500_mass,0.43372932870142894,0.39659383245207674,0.47046614719607216,8
不使用 GP,1125,top2500_mass,0.988089196056654,0.9845251348052492,0.9916414641493747,8
不使用 GP,1125,floor_fraction,0.7061541666666666,0.5584875,0.8475291666666667,8
不使用 GP,1125,source_edge_lift,9.508634226703666,9.084730602451828,9.911812427511242,8
不使用 GP,1125,current_best_edge_lift,9.245556666292162,8.871910057443406,9.596667862625432,8
不使用 GP,1125,global_best_edge_lift,9.297557427001838,8.82334582434156,9.74589967442066,8
不使用 GP,1125,reference_edge_lift,8.561270065434755,8.260693910928277,8.868770626637595,8
不使用 GP,1125,top500_persistence,0.7008665353426531,0.5539803411201649,0.8400894166053894,8
不使用 GP,1125,source_age,158.04166666666666,48.45729166666666,298.4583333333333,8
不使用 GP,1125,post_unique_tours,22.041666666666668,18.625,25.083333333333332,8
不使用 GP,1150,candidate_entropy,7.04496371604222,7.003170556853376,7.092382162963849,8
不使用 GP,1150,candidate_effective_arcs,1155.8378006285093,1101.3346432025419,1214.5343612658514,8
不使用 GP,1150,candidate_gini,0.8888742528246572,0.887217135669236,0.8905382998145832,8
不使用 GP,1150,top500_mass,0.4499109367919949,0.41012271257128163,0.4843225546875286,8
不使用 GP,1150,top2500_mass,0.9924964282910453,0.9924481769200949,0.9925403854775714,8
不使用 GP,1150,floor_fraction,0.8729083333333334,0.8555363541666667,0.8888670833333333,8
不使用 GP,1150,source_edge_lift,9.708996947879811,9.398492555981287,10.06413737855393,8
不使用 GP,1150,current_best_edge_lift,9.435434759252418,9.091937311573401,9.75580561448847,8
不使用 GP,1150,global_best_edge_lift,9.447277783889508,9.060471809752414,9.836521441065923,8
不使用 GP,1150,reference_edge_lift,8.689899566695267,8.43313320223109,8.965939862515599,8
不使用 GP,1150,top500_persistence,0.8001457056212996,0.7545105704806593,0.8638484253745039,8
不使用 GP,1150,source_age,223.29166666666669,111.54166666666669,361.5833333333333,8
不使用 GP,1150,post_unique_tours,21.083333333333336,18.791666666666668,23.25,8
不使用 GP,1175,candidate_entropy,7.036692631150947,6.999471613825417,7.081076096244954,8
不使用 GP,1175,candidate_effective_arcs,1145.1097596251138,1090.9296388889143,1195.953680138893,8
不使用 GP,1175,candidate_gini,0.8892210119235815,0.8878266971513976,0.8906555113740289,8
不使用 GP,1175,top500_mass,0.46203938826851054,0.4242174655749864,0.48883895250683423,8
不使用 GP,1175,top2500_mass,0.9925070259007052,0.9924647202796822,0.9925476489360138,8
不使用 GP,1175,floor_fraction,0.8774916666666666,0.8612083333333334,0.8937880208333334,8
不使用 GP,1175,source_edge_lift,9.748758912487734,9.44779851989501,10.08997639170661,8
不使用 GP,1175,current_best_edge_lift,9.547379806475238,9.190078188847771,9.881317700691191,8
不使用 GP,1175,global_best_edge_lift,9.491318809278674,9.110131096683904,9.895068905020054,8
不使用 GP,1175,reference_edge_lift,8.722008117188501,8.473401389668584,8.99746258350319,8
不使用 GP,1175,top500_persistence,0.8475433758458453,0.8013958351611599,0.9004484642338799,8
不使用 GP,1175,source_age,301.0,169.5,437.7083333333333,8
不使用 GP,1175,post_unique_tours,20.125,17.5,22.458333333333332,8
不使用 GP,1200,candidate_entropy,7.205786387600989,7.004801088507925,7.574679157050671,8
不使用 GP,1200,candidate_effective_arcs,1866.115997200273,1104.2074285050362,3349.3063705413683,8
不使用 GP,1200,candidate_gini,0.8158704917577608,0.6674896426981727,0.8905465065687892,8
不使用 GP,1200,top500_mass,0.44165942439117856,0.3673621486727672,0.48789292745837987,8
不使用 GP,1200,top2500_mass,0.9306394564715728,0.8068821809115664,0.9925349326093752,8
不使用 GP,1200,floor_fraction,0.8076166666666666,0.6585624999999999,0.8890041666666667,8
不使用 GP,1200,source_edge_lift,9.121258847239218,7.536885912584655,10.107036525830422,8
不使用 GP,1200,current_best_edge_lift,8.889557988286938,7.389010015328875,9.814849344912682,8
不使用 GP,1200,global_best_edge_lift,8.788199930065193,7.275680889683027,9.798234206234007,8
不使用 GP,1200,reference_edge_lift,8.152022196960498,6.7467681044032775,9.022045628596802,8
不使用 GP,1200,top500_persistence,0.7829884524575653,0.6304985312880991,0.8993582936010022,8
不使用 GP,1200,source_age,341.7916666666667,232.41666666666669,463.8812499999999,8
不使用 GP,1200,post_unique_tours,19.583333333333332,16.666666666666664,23.208333333333336,8
不使用 GP,1225,candidate_entropy,7.051017607820003,6.9982508604805265,7.131811940062857,8
不使用 GP,1225,candidate_effective_arcs,1167.348280043775,1096.1561196923662,1281.9512676277072,8
不使用 GP,1225,candidate_gini,0.8870918543704266,0.8804168479801006,0.8907321532401679,8
不使用 GP,1225,top500_mass,0.46262981467582404,0.41531895148606685,0.4957175289396834,8
不使用 GP,1225,top2500_mass,0.9907599076746394,0.98721884432733,0.9925429625933673,8
不使用 GP,1225,floor_fraction,0.8109958333333332,0.6609875,0.8906749999999999,8
不使用 GP,1225,source_edge_lift,9.67850824620854,9.263155674905327,10.112543515818816,8
不使用 GP,1225,current_best_edge_lift,9.500883863512826,9.08797510729924,9.78705409023385,8
不使用 GP,1225,global_best_edge_lift,9.355384067454427,8.920115203729853,9.844006644436888,8
不使用 GP,1225,reference_edge_lift,8.717542465577768,8.373623995143795,9.039496204152638,8
不使用 GP,1225,top500_persistence,0.8093756706623785,0.6686289895665448,0.9033530497855763,8
不使用 GP,1225,source_age,249.45833333333331,132.29166666666666,367.16666666666663,8
不使用 GP,1225,post_unique_tours,20.25,17.208333333333336,23.708333333333336,8
不使用 GP,1250,candidate_entropy,7.0200499250508255,6.989357425706649,7.063101002882904,8
不使用 GP,1250,candidate_effective_arcs,1122.6114052120893,1085.790631183506,1176.5630466743924,8
不使用 GP,1250,candidate_gini,0.8901091020787484,0.8886833266865022,0.89095203222639,8
不使用 GP,1250,top500_mass,0.4761353622899469,0.44959841381606425,0.4956533445110516,8
不使用 GP,1250,top2500_mass,0.9925189771994638,0.9924733052859056,0.9925514006656808,8
不使用 GP,1250,floor_fraction,0.8817375000000001,0.8647039583333334,0.8942625000000001,8
不使用 GP,1250,source_edge_lift,9.862454291063951,9.549714913940214,10.244994290383808,8
不使用 GP,1250,current_best_edge_lift,9.603025325215214,9.283841699420556,9.825437728257459,8
不使用 GP,1250,global_best_edge_lift,9.44046626861968,9.033466281641324,9.922630559332024,8
不使用 GP,1250,reference_edge_lift,8.784936895478381,8.451316172840151,9.086709361043951,8
不使用 GP,1250,top500_persistence,0.87911912946918,0.8048600696092917,0.9472569313956111,8
不使用 GP,1250,source_age,267.25,148.66666666666669,385.4604166666667,8
不使用 GP,1250,post_unique_tours,22.083333333333336,19.623958333333334,24.375,8
不使用 GP,1275,candidate_entropy,7.011861476613417,6.984649006480135,7.054561186556613,8
不使用 GP,1275,candidate_effective_arcs,1113.0913546884383,1079.9118597270533,1165.2852424617956,8
不使用 GP,1275,candidate_gini,0.8902748157999256,0.8889167766433484,0.8910515368776917,8
不使用 GP,1275,top500_mass,0.46882147673159297,0.4292464834764635,0.49567961359318424,8
不使用 GP,1275,top2500_mass,0.9925312832385793,0.9924926626614519,0.9925567848774908,8
不使用 GP,1275,floor_fraction,0.8863291666666666,0.8699833333333333,0.8969416666666666,8
不使用 GP,1275,source_edge_lift,9.878913642220313,9.553403100651202,10.280050186060748,8
不使用 GP,1275,current_best_edge_lift,9.696559732672503,9.404951518629332,9.883594304678356,8
不使用 GP,1275,global_best_edge_lift,9.51983132703635,9.086809015472225,10.043120261696819,8
不使用 GP,1275,reference_edge_lift,8.848904558202987,8.534016007294255,9.16558551576098,8
不使用 GP,1275,top500_persistence,0.8934089412038015,0.8216527667051275,0.9554703067516679,8
不使用 GP,1275,source_age,308.125,208.25,414.91666666666663,8
不使用 GP,1275,post_unique_tours,21.375,18.75,24.041666666666668,8
不使用 GP,1300,candidate_entropy,7.372636434540791,7.086318622890007,7.651555949808486,8
不使用 GP,1300,candidate_effective_arcs,2586.5421688807737,1461.6757694131757,3701.960373766815,8
不使用 GP,1300,candidate_gini,0.7422154950619568,0.6307761980999028,0.8538254236049717,8
不使用 GP,1300,top500_mass,0.40207777706308656,0.3343013098322151,0.4620431606809012,8
不使用 GP,1300,top2500_mass,0.8687826206001754,0.77596194243737,0.9616161053582247,8
不使用 GP,1300,floor_fraction,0.7408583333333334,0.6277117708333332,0.8545025,8
不使用 GP,1300,source_edge_lift,8.44927380698039,7.2110318825987285,9.692624443242678,8
不使用 GP,1300,current_best_edge_lift,8.312564915573141,7.193719142288025,9.464889095937401,8
不使用 GP,1300,global_best_edge_lift,8.122746743352312,6.914518616970637,9.397148762331808,8
不使用 GP,1300,reference_edge_lift,7.5810723044202355,6.575782958860378,8.581040973544804,8
不使用 GP,1300,top500_persistence,0.6964667826937194,0.5990584254909092,0.7889385056203958,8
不使用 GP,1300,source_age,365.95833333333337,229.66666666666669,518.7083333333334,8
不使用 GP,1300,post_unique_tours,20.25,18.083333333333332,22.375,8
不使用 GP,1325,candidate_entropy,7.0756241477479715,7.0025378878082645,7.143280673697727,8
不使用 GP,1325,candidate_effective_arcs,1207.5554922022134,1106.197676200971,1299.4950402073443,8
不使用 GP,1325,candidate_gini,0.883855547673079,0.8785832523879592,0.8892957241409468,8
不使用 GP,1325,top500_mass,0.4644526931476878,0.4268019521378884,0.4929018109572554,8
不使用 GP,1325,top2500_mass,0.9889861368527084,0.9863073878317014,0.99166704666265,8
不使用 GP,1325,floor_fraction,0.7449666666666667,0.632799375,0.85995,8
不使用 GP,1325,source_edge_lift,9.698717862797526,9.254178118425004,10.252790361864259,8
不使用 GP,1325,current_best_edge_lift,9.575764507409021,9.092363310136827,10.16074451457633,8
不使用 GP,1325,global_best_edge_lift,9.293441135404624,8.68691230870865,9.998375121732309,8
不使用 GP,1325,reference_edge_lift,8.673030356646425,8.365651210139907,9.048188230662854,8
不使用 GP,1325,top500_persistence,0.6839160339197361,0.5881163543711314,0.7703653239631973,8
不使用 GP,1325,source_age,281.45833333333337,171.45833333333334,397.66770833333334,8
不使用 GP,1325,post_unique_tours,22.291666666666664,19.75,25.12604166666665,8
不使用 GP,1350,candidate_entropy,7.03291005522141,6.993269958583114,7.070905667912702,8
不使用 GP,1350,candidate_effective_arcs,1140.5341678849863,1092.213013465143,1187.7633543747513,8
不使用 GP,1350,candidate_gini,0.8893296031946668,0.8880547397328555,0.8906331947410516,8
不使用 GP,1350,top500_mass,0.4605144141021955,0.4250091796019798,0.4953714557758415,8
不使用 GP,1350,top2500_mass,0.9925111425258295,0.992473085940815,0.9925496294933281,8
不使用 GP,1350,floor_fraction,0.8778791666666668,0.8626916666666666,0.8943000000000001,8
不使用 GP,1350,source_edge_lift,9.850905738740579,9.493383945069688,10.350985750928263,8
不使用 GP,1350,current_best_edge_lift,9.608391396603679,9.237292660248814,9.990050823775087,8
不使用 GP,1350,global_best_edge_lift,9.402423241805401,8.810490514995053,10.116770090835601,8
不使用 GP,1350,reference_edge_lift,8.77263027363534,8.517762620381108,9.088177744271016,8
不使用 GP,1350,top500_persistence,0.8105080884920206,0.7417894223113561,0.8754846865835466,8
不使用 GP,1350,source_age,299.25,187.37395833333335,418.0416666666667,8
不使用 GP,1350,post_unique_tours,21.041666666666664,18.125,24.041666666666664,8
不使用 GP,1375,candidate_entropy,7.025375189973443,6.990750674953442,7.058215732302686,8
不使用 GP,1375,candidate_effective_arcs,1130.8035975307987,1087.9513766409782,1170.9086590590593,8
不使用 GP,1375,candidate_gini,0.8896607383323275,0.8885083394033905,0.8907280025984056,8
不使用 GP,1375,top500_mass,0.46968807185745787,0.4454502721810141,0.4903918315086748,8
不使用 GP,1375,top2500_mass,0.9925199487673919,0.9924872215154593,0.9925525755309496,8
不使用 GP,1375,floor_fraction,0.8821416666666666,0.8695125,0.8952,8
不使用 GP,1375,source_edge_lift,9.885827452690446,9.535945305411733,10.409337674891285,8
不使用 GP,1375,current_best_edge_lift,9.6307699534056,9.39793382839159,9.86286488280371,8
不使用 GP,1375,global_best_edge_lift,9.44807225825516,8.865208061024859,10.157862347915726,8
不使用 GP,1375,reference_edge_lift,8.81771792075913,8.597115143335756,9.113767086916187,8
不使用 GP,1375,top500_persistence,0.8043308061161506,0.7311298977813826,0.877813232229592,8
不使用 GP,1375,source_age,311.1666666666667,196.915625,431.1666666666667,8
不使用 GP,1375,post_unique_tours,19.875,17.375,22.25,8
不使用 GP,1400,candidate_entropy,7.670031727848677,7.303728807640647,8.04029627888682,8
不使用 GP,1400,candidate_effective_arcs,3725.7670572054253,2237.9599548267524,5214.84477152299,8
不使用 GP,1400,candidate_gini,0.6300979026470379,0.48151479304816147,0.778561550122797,8
不使用 GP,1400,top500_mass,0.3429448669403471,0.2636232243228422,0.4255833676470875,8
不使用 GP,1400,top2500_mass,0.7759412668224146,0.6521822697260325,0.8997007525565532,8
不使用 GP,1400,floor_fraction,0.6217208333333333,0.47212916666666666,0.7708897916666667,8
不使用 GP,1400,source_edge_lift,7.11424118923969,5.591465862760991,8.599892328677,8
不使用 GP,1400,current_best_edge_lift,7.172222941551476,5.642942576666523,8.63521654224709,8
不使用 GP,1400,global_best_edge_lift,6.754211430098577,5.34484205621427,8.120863116043763,8
不使用 GP,1400,reference_edge_lift,6.4966311557768215,5.086784103985931,7.830942641549714,8
不使用 GP,1400,top500_persistence,0.5680876302843916,0.40108235833879846,0.7234481238761306,8
不使用 GP,1400,source_age,322.125,209.87395833333332,443.125,8
不使用 GP,1400,post_unique_tours,21.166666666666668,18.333333333333336,23.916666666666668,8
不使用 GP,1425,candidate_entropy,7.162015902487413,7.0736205842590785,7.251574314478529,8
不使用 GP,1425,candidate_effective_arcs,1325.7544906915837,1200.8892640791582,1449.8453684557921,8
不使用 GP,1425,candidate_gini,0.8778805104575237,0.8705548972142196,0.8851737594259078,8
不使用 GP,1425,top500_mass,0.4256800491684084,0.38213872596101617,0.4665502874073685,8
不使用 GP,1425,top2500_mass,0.9862843083607986,0.9827141176121048,0.9898544962483304,8
不使用 GP,1425,floor_fraction,0.62425,0.47472499999999995,0.7738009375,8
不使用 GP,1425,source_edge_lift,9.19868936227275,8.811615197714673,9.566747092092337,8
不使用 GP,1425,current_best_edge_lift,8.974882123933247,8.468011398407944,9.490413513561576,8
不使用 GP,1425,global_best_edge_lift,8.69064092414682,8.259006954106006,9.173795804361498,8
不使用 GP,1425,reference_edge_lift,8.321583807166128,8.000559145926495,8.646188273681094,8
不使用 GP,1425,top500_persistence,0.597292958705159,0.47660804715246485,0.7161619825034272,8
不使用 GP,1425,source_age,100.16666666666667,24.915625,191.95833333333334,8
不使用 GP,1425,post_unique_tours,23.375,19.958333333333332,26.416666666666664,8
不使用 GP,1450,candidate_entropy,7.080338212726815,7.0301296532703255,7.128507959395716,8
不使用 GP,1450,candidate_effective_arcs,1198.7145681539291,1136.1840180663444,1260.6068027558858,8
不使用 GP,1450,candidate_gini,0.8878825751838906,0.8861048651198231,0.8896462100825018,8
不使用 GP,1450,top500_mass,0.4302574296736406,0.39299502551935156,0.46770476073163664,8
不使用 GP,1450,top2500_mass,0.9924590245225721,0.9924158911002121,0.992507308822945,8
不使用 GP,1450,floor_fraction,0.8588250000000001,0.8399196874999999,0.8785166666666667,8
不使用 GP,1450,source_edge_lift,9.477046062379284,9.233386213725266,9.703056383428073,8
不使用 GP,1450,current_best_edge_lift,9.24270274277539,8.866463579931175,9.596864488388672,8
不使用 GP,1450,global_best_edge_lift,8.960284060520404,8.629381344503981,9.326813996904601,8
不使用 GP,1450,reference_edge_lift,8.519700890292171,8.302231184443151,8.757539353480565,8
不使用 GP,1450,top500_persistence,0.8121653422222859,0.7563970158389778,0.862871606045698,8
不使用 GP,1450,source_age,190.29166666666663,62.12500000000001,362.625,8
不使用 GP,1450,post_unique_tours,23.25,20.041666666666664,26.041666666666668,8
不使用 GP,1475,candidate_entropy,7.069463866316655,7.025452150306094,7.112438623058905,8
不使用 GP,1475,candidate_effective_arcs,1184.191947051233,1129.4207461947212,1238.262604118174,8
不使用 GP,1475,candidate_gini,0.8884050334230944,0.8869281343997656,0.8898348902313493,8
不使用 GP,1475,top500_mass,0.46119777135841666,0.43664432758249244,0.486194664605352,8
不使用 GP,1475,top2500_mass,0.992476639080769,0.992435737534531,0.9925192528573158,8
不使用 GP,1475,floor_fraction,0.8650625,0.8492374999999999,0.8815270833333333,8
不使用 GP,1475,source_edge_lift,9.518346363974754,9.295452870493197,9.738466070415848,8
不使用 GP,1475,current_best_edge_lift,9.278531959681175,8.97492091357394,9.589182727263747,8
不使用 GP,1475,global_best_edge_lift,9.087062466433826,8.738153337714678,9.441428543762335,8
不使用 GP,1475,reference_edge_lift,8.54918209230421,8.322698876498254,8.796952881336592,8
不使用 GP,1475,top500_persistence,0.786047063221024,0.7049888270578193,0.845273202079119,8
不使用 GP,1475,source_age,250.375,66.62395833333333,525.6291666666666,8
不使用 GP,1475,post_unique_tours,23.791666666666668,20.5,26.125,8
不使用 GP,1500,candidate_entropy,7.325017927371844,7.106604643114224,7.581954425875816,8
不使用 GP,1500,candidate_effective_arcs,2269.3547301705194,1505.1950606219941,3354.8195308810905,8
不使用 GP,1500,candidate_gini,0.7780913025439018,0.6673893707563541,0.8528179590380033,8
不使用 GP,1500,top500_mass,0.4030371559564121,0.3634523772548973,0.441349564475854,8
不使用 GP,1500,top2500_mass,0.8996703488299423,0.806878467130647,0.9615829668900665,8
不使用 GP,1500,floor_fraction,0.7591875,0.6557747916666666,0.8441222916666667,8
不使用 GP,1500,source_edge_lift,8.560216103538401,7.498188153370623,9.447291660303005,8
不使用 GP,1500,current_best_edge_lift,8.427503038457466,7.393369596493304,9.426232316444281,8
不使用 GP,1500,global_best_edge_lift,7.990824898276946,7.0096422483993255,8.894887057530143,8
不使用 GP,1500,reference_edge_lift,7.546232756142888,6.600687022430007,8.399813164492105,8
不使用 GP,1500,top500_persistence,0.7008634494912864,0.6109808784593173,0.7806718089028519,8
不使用 GP,1500,source_age,259.5416666666667,72.875,544.1322916666666,8
不使用 GP,1500,post_unique_tours,22.0,19.125,24.583333333333332,8
不使用 GP,1525,candidate_entropy,7.1017182378766375,7.052019867657694,7.149262293392518,8
不使用 GP,1525,candidate_effective_arcs,1233.144661484358,1164.8491478901865,1301.0414974812384,8
不使用 GP,1525,candidate_gini,0.8845530399233955,0.879828855371402,0.8885081483533924,8
不使用 GP,1525,top500_mass,0.44124679327032096,0.4116537597146914,0.47290682926107047,8
不使用 GP,1525,top2500_mass,0.9898301030183762,0.9871804495327828,0.9924494237423559,8
不使用 GP,1525,floor_fraction,0.7631458333333334,0.6592958333333334,0.8457870833333333,8
不使用 GP,1525,source_edge_lift,9.362335585546086,9.117772276720364,9.632452790814455,8
不使用 GP,1525,current_best_edge_lift,9.256970696274024,8.99076767641382,9.5286787648978,8
不使用 GP,1525,global_best_edge_lift,8.817221833290114,8.44379549568984,9.206917557147372,8
不使用 GP,1525,reference_edge_lift,8.366780600603532,8.108947646182049,8.664463911764164,8
不使用 GP,1525,top500_persistence,0.7052799867910136,0.611101708113269,0.78858273969561,8
不使用 GP,1525,source_age,221.375,56.119791666666664,438.25,8
不使用 GP,1525,post_unique_tours,24.416666666666668,22.5,26.333333333333332,8
不使用 GP,1550,candidate_entropy,7.0491527795144275,7.024358163187867,7.07374663193923,8
不使用 GP,1550,candidate_effective_arcs,1157.8391380907508,1126.0569110486772,1189.7199497235397,8
不使用 GP,1550,candidate_gini,0.8893090825634948,0.8882050783879258,0.8903237158877855,8
不使用 GP,1550,top500_mass,0.4683118123547978,0.44733055228617014,0.4889769644228308,8
不使用 GP,1550,top2500_mass,0.9924827123029373,0.9924591020587554,0.9925113194516887,8
不使用 GP,1550,floor_fraction,0.8694583333333333,0.8599916666666667,0.8802333333333333,8
不使用 GP,1550,source_edge_lift,9.649801895891091,9.477713813870889,9.837464510318199,8
不使用 GP,1550,current_best_edge_lift,9.565610745524653,9.223595707210146,10.025392381883698,8
不使用 GP,1550,global_best_edge_lift,8.99961208777809,8.666810604796467,9.3358644020383,8
不使用 GP,1550,reference_edge_lift,8.500300573341361,8.241548497613255,8.778439360477826,8
不使用 GP,1550,top500_persistence,0.7612990809804205,0.6545324964306753,0.8565465745265364,8
不使用 GP,1550,source_age,231.0,61.83229166666666,451.1260416666666,8
不使用 GP,1550,post_unique_tours,25.25,22.666666666666664,27.625,8
不使用 GP,1575,candidate_entropy,7.032013310741706,7.007023024803861,7.058725036267195,8
不使用 GP,1575,candidate_effective_arcs,1137.6167200291584,1106.7633401329917,1170.338175368615,8
不使用 GP,1575,candidate_gini,0.8896896836957953,0.8886180447410627,0.890611506669501,8
不使用 GP,1575,top500_mass,0.4689480064739547,0.44236730025057625,0.487531487895643,8
不使用 GP,1575,top2500_mass,0.9925016435520044,0.9924762681380129,0.9925286491274875,8
不使用 GP,1575,floor_fraction,0.8768458333333333,0.8684581249999999,0.8857792708333333,8
不使用 GP,1575,source_edge_lift,9.749367754839334,9.559203892391889,9.944491480172085,8
不使用 GP,1575,current_best_edge_lift,9.575740852342662,9.368782095413955,9.754546268637181,8
不使用 GP,1575,global_best_edge_lift,9.11697948395979,8.75642740321517,9.478897419909037,8
不使用 GP,1575,reference_edge_lift,8.580097297524041,8.322751141620413,8.866245476358817,8
不使用 GP,1575,top500_persistence,0.8279956519825704,0.7466512095838734,0.9029330578290806,8
不使用 GP,1575,source_age,239.375,67.54166666666667,462.75520833333326,8
不使用 GP,1575,post_unique_tours,23.666666666666664,21.5,25.208333333333332,8
不使用 GP,1600,candidate_entropy,7.107330141999713,7.000357760927496,7.2935898925411475,8
不使用 GP,1600,candidate_effective_arcs,1487.2566737994925,1098.6476605592536,2232.705614130364,8
不使用 GP,1600,candidate_gini,0.8531896055935466,0.7789533159219174,0.8906455412580594,8
不使用 GP,1600,top500_mass,0.45332091864665186,0.41619340312258485,0.48594550394527514,8
不使用 GP,1600,top2500_mass,0.9615798584673891,0.8996982039844429,0.992533132970332,8
不使用 GP,1600,floor_fraction,0.8471291666666667,0.7717236458333333,0.8901752083333333,8
不使用 GP,1600,source_edge_lift,9.382594084520598,8.608665123958627,9.859996128569811,8
不使用 GP,1600,current_best_edge_lift,9.33334620258944,8.563378105187766,9.792557334005336,8
不使用 GP,1600,global_best_edge_lift,8.794790941198329,8.062175854993955,9.316699580997797,8
不使用 GP,1600,reference_edge_lift,8.302797560591246,7.75509951608632,8.665950064871284,8
不使用 GP,1600,top500_persistence,0.7484943534598925,0.6509263023521098,0.8310707267039704,8
不使用 GP,1600,source_age,311.5,152.91666666666666,509.83333333333337,8
不使用 GP,1600,post_unique_tours,21.75,18.958333333333332,24.5,8
不使用 GP,1625,candidate_entropy,7.028435835763769,6.99687978410059,7.069885274635647,8
不使用 GP,1625,candidate_effective_arcs,1136.2778892150695,1093.6436069747776,1193.635305116129,8
不使用 GP,1625,candidate_gini,0.8888209276499344,0.8854927005001136,0.8907540487304221,8
不使用 GP,1625,top500_mass,0.4700015870376244,0.44428628337506115,0.4901186784414409,8
不使用 GP,1625,top2500_mass,0.9916358872813061,0.9898508401793779,0.9925391333795425,8
不使用 GP,1625,floor_fraction,0.8500916666666667,0.7757041666666666,0.8922252083333333,8
不使用 GP,1625,source_edge_lift,9.706962324216928,9.537842997295014,9.866274916735792,8
不使用 GP,1625,current_best_edge_lift,9.674406963778175,9.448852268449064,9.863657879941597,8
不使用 GP,1625,global_best_edge_lift,9.171617409069391,8.960577419496653,9.42895772357576,8
不使用 GP,1625,reference_edge_lift,8.649061813665213,8.503392335463614,8.793956046819032,8
不使用 GP,1625,top500_persistence,0.7330230051277686,0.6302055732152204,0.8368778998241416,8
不使用 GP,1625,source_age,307.2916666666667,138.4875,523.8354166666667,8
不使用 GP,1625,post_unique_tours,21.375,18.208333333333336,24.625,8
不使用 GP,1650,candidate_entropy,7.006502409431921,6.988785939555281,7.028317385946252,8
不使用 GP,1650,candidate_effective_arcs,1105.9722678993442,1084.8740034273756,1132.7090771382216,8
不使用 GP,1650,candidate_gini,0.8905406543441536,0.8898096800904722,0.8910052827128703,8
不使用 GP,1650,top500_mass,0.4916082203418636,0.4834821871292789,0.4957278245362058,8
不使用 GP,1650,top2500_mass,0.9925276557833411,0.9924992201584274,0.9925486130433927,8
不使用 GP,1650,floor_fraction,0.8874833333333334,0.8788122916666666,0.8950462499999999,8
不使用 GP,1650,source_edge_lift,9.835536840412061,9.74199356453914,9.937264183937955,8
不使用 GP,1650,current_best_edge_lift,9.793502468928581,9.604723126317124,10.014104273516914,8
不使用 GP,1650,global_best_edge_lift,9.247103599296942,9.026620906800142,9.495014590268534,8
不使用 GP,1650,reference_edge_lift,8.739606602632078,8.55477441407249,8.944134900898312,8
不使用 GP,1650,top500_persistence,0.8293783114747235,0.7371372239107447,0.9201696730422554,8
不使用 GP,1650,source_age,324.875,157.91458333333335,537.5,8
不使用 GP,1650,post_unique_tours,21.375,18.416666666666664,23.958333333333336,8
不使用 GP,1675,candidate_entropy,6.9974623764673485,6.983294598283964,7.01747052550491,8
不使用 GP,1675,candidate_effective_arcs,1095.4444451058255,1078.4442890536477,1119.6920194286593,8
不使用 GP,1675,candidate_gini,0.8907198195960586,0.8901424899274166,0.8910551847337567,8
不使用 GP,1675,top500_mass,0.48642710005069273,0.4680358134689267,0.4956726406151601,8
不使用 GP,1675,top2500_mass,0.9925395047092551,0.9925146774870626,0.9925570186614782,8
不使用 GP,1675,floor_fraction,0.8913,0.8834124999999999,0.8971750000000001,8
不使用 GP,1675,source_edge_lift,9.85233012898152,9.741377867757608,9.967106747020924,8
不使用 GP,1675,current_best_edge_lift,9.797762063078803,9.69316405670723,9.87704879461929,8
不使用 GP,1675,global_best_edge_lift,9.334893072837016,9.096052687238785,9.578482783414588,8
不使用 GP,1675,reference_edge_lift,8.795504146280635,8.601942845117843,9.028560582686268,8
不使用 GP,1675,top500_persistence,0.8393499170585483,0.766907074397332,0.9118521800611641,8
不使用 GP,1675,source_age,355.0416666666667,202.41458333333333,555.5,8
不使用 GP,1675,post_unique_tours,20.625,18.791666666666664,22.416666666666668,8
不使用 GP,1700,candidate_entropy,7.4520419982899755,7.080600269524884,7.8264788901030515,8
不使用 GP,1700,candidate_effective_arcs,2942.8611342619397,1455.3149366801028,4432.294059455084,8
不使用 GP,1700,candidate_gini,0.7053069170805413,0.5566689385716792,0.8538198479654819,8
不使用 GP,1700,top500_mass,0.4028202346847942,0.3285257160073745,0.4770198932254276,8
不使用 GP,1700,top2500_mass,0.8378463092435573,0.7140840840096325,0.9616059091469058,8
不使用 GP,1700,floor_fraction,0.7081999999999999,0.5562889583333332,0.8567583333333333,8
不使用 GP,1700,source_edge_lift,8.061982890263138,6.535856605258723,9.531687798580354,8
不使用 GP,1700,current_best_edge_lift,8.076102239593661,6.533925800644104,9.559330424792368,8
不使用 GP,1700,global_best_edge_lift,7.548051362663212,5.999749260094865,8.987974467498148,8
不使用 GP,1700,reference_edge_lift,7.205021387702439,5.848806481825866,8.451466353990355,8
不使用 GP,1700,top500_persistence,0.6188394218173319,0.4374276948554601,0.7944792622101557,8
不使用 GP,1700,source_age,373.125,220.66666666666666,578.0833333333333,8
不使用 GP,1700,post_unique_tours,18.208333333333336,15.333333333333332,21.208333333333332,8
不使用 GP,1725,candidate_entropy,7.089956179743439,7.004892058933714,7.177116892911494,8
不使用 GP,1725,candidate_effective_arcs,1229.0717243491267,1133.5090429241745,1351.0155950878134,8
不使用 GP,1725,candidate_gini,0.8822865285810058,0.8753001671706854,0.8892802407319564,8
不使用 GP,1725,top500_mass,0.45397062343824024,0.40908100783482015,0.4879970898336035,8
不使用 GP,1725,top2500_mass,0.9880944304639219,0.9845314207844673,0.9916531767146687,8
不使用 GP,1725,floor_fraction,0.7093166666666666,0.5585916666666667,0.8574139583333331,8
不使用 GP,1725,source_edge_lift,9.489502470524776,9.148642753510536,9.810746222932206,8
不使用 GP,1725,current_best_edge_lift,9.344655131228151,8.87589699874285,9.722766230058433,8
不使用 GP,1725,global_best_edge_lift,9.031014508217535,8.529184238961067,9.509568143772984,8
不使用 GP,1725,reference_edge_lift,8.635473018099447,8.339906607547313,8.955154018559384,8
不使用 GP,1725,top500_persistence,0.6264133990455218,0.44884052788040796,0.8063278841261545,8
不使用 GP,1725,source_age,261.54166666666663,102.02395833333334,441.29166666666663,8
不使用 GP,1725,post_unique_tours,22.041666666666668,18.833333333333332,25.583333333333336,8
不使用 GP,1750,candidate_entropy,7.04423564180059,6.992487853977865,7.093993215406793,8
不使用 GP,1750,candidate_effective_arcs,1155.6249556712019,1090.9499962239668,1216.8998941352056,8
不使用 GP,1750,candidate_gini,0.8887788573872718,0.8871135740037355,0.8905820428514702,8
不使用 GP,1750,top500_mass,0.46589992014183124,0.4370419983205242,0.49501559322106486,8
不使用 GP,1750,top2500_mass,0.9924944270692508,0.9924430246383549,0.9925399004672533,8
不使用 GP,1750,floor_fraction,0.8737583333333333,0.8539583333333334,0.8937166666666667,8
不使用 GP,1750,source_edge_lift,9.614323464746906,9.365516229989574,9.847070438456562,8
不使用 GP,1750,current_best_edge_lift,9.47861711680713,9.146940980352873,9.814854550203579,8
不使用 GP,1750,global_best_edge_lift,9.244933706881987,8.857969356227223,9.594425086386345,8
不使用 GP,1750,reference_edge_lift,8.741782066863436,8.525799777485517,9.00502567027867,8
不使用 GP,1750,top500_persistence,0.7649803341347274,0.6468864550363708,0.8794134153678499,8
不使用 GP,1750,source_age,274.6666666666667,109.01562500000006,460.25937499999986,8
不使用 GP,1750,post_unique_tours,21.0,16.916666666666668,25.541666666666668,8
不使用 GP,1775,candidate_entropy,7.033837102812341,6.991219070416279,7.080104278308484,8
不使用 GP,1775,candidate_effective_arcs,1141.208630607879,1089.3457531183712,1198.8175153259615,8
不使用 GP,1775,candidate_gini,0.8893856466925913,0.8879071075702382,0.8906376536336021,8
不使用 GP,1775,top500_mass,0.4833131247753334,0.46516997992469156,0.495708395510582,8
不使用 GP,1775,top2500_mass,0.9925081477013731,0.9924637460762815,0.9925460209107344,8
不使用 GP,1775,floor_fraction,0.8784625,0.8613833333333333,0.8954083333333334,8
不使用 GP,1775,source_edge_lift,9.646921542085288,9.433459032266665,9.822059529125903,8
不使用 GP,1775,current_best_edge_lift,9.573302065135268,9.185333693895664,9.933434651723209,8
不使用 GP,1775,global_best_edge_lift,9.29584819515946,8.944174389597352,9.618438477155244,8
不使用 GP,1775,reference_edge_lift,8.763977994773624,8.553496312946852,9.017558369260602,8
不使用 GP,1775,top500_persistence,0.810847039203469,0.7136479319264656,0.9135847291442953,8
不使用 GP,1775,source_age,315.45833333333337,134.20729166666666,514.2083333333334,8
不使用 GP,1775,post_unique_tours,20.125,16.708333333333332,24.041666666666668,8
不使用 GP,1800,candidate_entropy,7.300382642630453,7.101303816444596,7.552419299528968,8
不使用 GP,1800,candidate_effective_arcs,2239.770173875533,1483.026284434442,3322.370026710121,8
不使用 GP,1800,candidate_gini,0.7787396747553037,0.6679957672469992,0.8889413674406957,8
不使用 GP,1800,top500_mass,0.4172211183839678,0.3769208614061413,0.4583325177587033,8
不使用 GP,1800,top2500_mass,0.899702576843492,0.8069046518363907,0.9615906215270066,8
不使用 GP,1800,floor_fraction,0.7699041666666667,0.6686664583333333,0.8518798958333329,8
不使用 GP,1800,source_edge_lift,8.635366139357837,7.647678209208809,9.47706534205694,8
不使用 GP,1800,current_best_edge_lift,8.548837970257729,7.717559130971439,9.29253846546328,8
不使用 GP,1800,global_best_edge_lift,8.337803037532813,7.4507801887140275,9.161274215137563,8
不使用 GP,1800,reference_edge_lift,7.8080330709378725,6.954881027920202,8.537431995033248,8
不使用 GP,1800,top500_persistence,0.7109724076857702,0.6589745235060721,0.7703284618719229,8
不使用 GP,1800,source_age,440.7916666666667,289.29166666666663,586.296875,8
不使用 GP,1800,post_unique_tours,19.375,15.791666666666666,23.791666666666664,8
不使用 GP,1825,candidate_entropy,7.079123819208692,7.029936513196531,7.130572327816655,8
不使用 GP,1825,candidate_effective_arcs,1206.9466997014497,1138.9474194987338,1282.8865522449662,8
不使用 GP,1825,candidate_gini,0.8849882196439444,0.8799074250459155,0.8889063476058552,8
不使用 GP,1825,top500_mass,0.45978933703335145,0.42385976680126547,0.48487062388408986,8
不使用 GP,1825,top2500_mass,0.9898530039493815,0.9871904512133178,0.9916476763264395,8
不使用 GP,1825,floor_fraction,0.7740750000000001,0.6690833333333333,0.8527625,8
不使用 GP,1825,source_edge_lift,9.503832850118322,9.240254469200504,9.782739260718486,8
不使用 GP,1825,current_best_edge_lift,9.386068766757202,9.04134689011523,9.685520905649325,8
不使用 GP,1825,global_best_edge_lift,9.211089882977092,8.998360267019722,9.457961220996173,8
不使用 GP,1825,reference_edge_lift,8.646667826609583,8.4856744370373,8.821670448337173,8
不使用 GP,1825,top500_persistence,0.7639170133961466,0.6889737642696475,0.8292758196268437,8
不使用 GP,1825,source_age,371.0,173.5,583.0416666666666,8
不使用 GP,1825,post_unique_tours,21.5,18.75,24.041666666666664,8
不使用 GP,1850,candidate_entropy,7.02756896547511,7.002423871957947,7.054736953299581,8
不使用 GP,1850,candidate_effective_arcs,1132.6246340003768,1101.061649518042,1167.2261093497727,8
不使用 GP,1850,candidate_gini,0.889745626491689,0.8886584416837559,0.8907093514207365,8
不使用 GP,1850,top500_mass,0.4641311666450145,0.4327663308903552,0.4857555417227467,8
不使用 GP,1850,top2500_mass,0.9925095660022984,0.9924846829147169,0.9925347194402491,8
不使用 GP,1850,floor_fraction,0.8775833333333334,0.8666666666666667,0.8879125,8
不使用 GP,1850,source_edge_lift,9.728653605066821,9.56700979699936,9.892143183565215,8
不使用 GP,1850,current_best_edge_lift,9.606679256439548,9.38989209923758,9.821500209657948,8
不使用 GP,1850,global_best_edge_lift,9.388495209784246,9.191177685943687,9.630474927361856,8
不使用 GP,1850,reference_edge_lift,8.792269302971778,8.592568579545741,8.998687837145265,8
不使用 GP,1850,top500_persistence,0.860626533307355,0.7927698482005939,0.9096901376826989,8
不使用 GP,1850,source_age,314.2916666666667,112.41562499999999,545.2187499999999,8
不使用 GP,1850,post_unique_tours,22.416666666666664,19.5,25.291666666666664,8
不使用 GP,1875,candidate_entropy,7.019433718913115,6.994054709733674,7.046112998363133,8
不使用 GP,1875,candidate_effective_arcs,1122.6979557043978,1091.2461695072093,1156.5327005899908,8
不使用 GP,1875,candidate_gini,0.8899717789546202,0.8890685551514899,0.8907913764999917,8
不使用 GP,1875,top500_mass,0.4685072126913338,0.4416674944473583,0.48711870843597926,8
不使用 GP,1875,top2500_mass,0.9925201051049073,0.992495537905653,0.9925445804402802,8
不使用 GP,1875,floor_fraction,0.8831791666666666,0.8728916666666667,0.8926130208333334,8
不使用 GP,1875,source_edge_lift,9.701343733523746,9.570013717439721,9.831567642169835,8
不使用 GP,1875,current_best_edge_lift,9.695844485050866,9.437775795486683,9.992320088274864,8
不使用 GP,1875,global_best_edge_lift,9.450700218149656,9.240524923356842,9.696129537450851,8
不使用 GP,1875,reference_edge_lift,8.842223857661727,8.632992701512372,9.05756524926908,8
不使用 GP,1875,top500_persistence,0.8527022816819658,0.7513770871724293,0.9340741253482392,8
不使用 GP,1875,source_age,400.41666666666663,197.34895833333337,625.5104166666665,8
不使用 GP,1875,post_unique_tours,20.458333333333336,17.666666666666664,23.125,8
不使用 GP,1900,candidate_entropy,7.194449473536687,7.000415439217087,7.4015821897790675,8
不使用 GP,1900,candidate_effective_arcs,1852.579593321713,1099.9976691698143,2951.28323683874,8
不使用 GP,1900,candidate_gini,0.8161494713440821,0.7053965193276849,0.8906630349814197,8
不使用 GP,1900,top500_mass,0.4432715535757418,0.3901493807840031,0.4858728000643049,8
不使用 GP,1900,top2500_mass,0.9306484205619682,0.8378374033814836,0.9925346890675856,8
不使用 GP,1900,floor_fraction,0.8124833333333333,0.7058947916666667,0.8906132291666666,8
不使用 GP,1900,source_edge_lift,9.066521868316716,8.016491612716862,9.915510174039694,8
不使用 GP,1900,current_best_edge_lift,8.983657428069108,7.937651535121257,9.765765338204114,8
不使用 GP,1900,global_best_edge_lift,8.767701974564778,7.820731606293592,9.55321605185177,8
不使用 GP,1900,reference_edge_lift,8.215724659193716,7.267700986161883,9.001551991442359,8
不使用 GP,1900,top500_persistence,0.7429779893282041,0.6508136572061193,0.8388154984719435,8
不使用 GP,1900,source_age,464.75,280.49375,653.5885416666666,8
不使用 GP,1900,post_unique_tours,19.083333333333336,16.583333333333336,21.041666666666668,8
不使用 GP,1925,candidate_entropy,7.049718335514971,6.997893871101306,7.11010097919503,8
不使用 GP,1925,candidate_effective_arcs,1167.4887447895412,1095.6706063734405,1249.2752942813306,8
不使用 GP,1925,candidate_gini,0.886903747433965,0.8819226283211768,0.8907003184686669,8
不使用 GP,1925,top500_mass,0.45934280099468516,0.4229760449638708,0.48778425323713104,8
不使用 GP,1925,top2500_mass,0.9907608388144706,0.9881181276778329,0.9925398458831647,8
不使用 GP,1925,floor_fraction,0.8140041666666666,0.7062119791666666,0.8924375,8
不使用 GP,1925,source_edge_lift,9.679261926587444,9.330791775995769,10.087652250981389,8
不使用 GP,1925,current_best_edge_lift,9.628019780622038,9.214757299970072,10.070072367056316,8
不使用 GP,1925,global_best_edge_lift,9.328142734889786,8.99459788303135,9.690646160204365,8
不使用 GP,1925,reference_edge_lift,8.757091581683618,8.429200633697107,9.060660223720637,8
不使用 GP,1925,top500_persistence,0.7724817104031638,0.6864342500315354,0.8558848330207687,8
不使用 GP,1925,source_age,451.75,246.45833333333331,661.9583333333334,8
不使用 GP,1925,post_unique_tours,21.125,19.166666666666664,23.041666666666668,8
不使用 GP,1950,candidate_entropy,7.017368897141586,6.988068487915352,7.0511851138050545,8
不使用 GP,1950,candidate_effective_arcs,1120.493503892266,1086.5913526298643,1161.8829974481723,8
不使用 GP,1950,candidate_gini,0.8899797864598062,0.8888446490384443,0.8909478356317615,8
不使用 GP,1950,top500_mass,0.47093469493601303,0.44468078956386264,0.4915578702662199,8
不使用 GP,1950,top2500_mass,0.9925220598297123,0.9924926632134012,0.9925486014773862,8
不使用 GP,1950,floor_fraction,0.8833125,0.8712916666666667,0.8943377083333334,8
不使用 GP,1950,source_edge_lift,9.841391306206237,9.6005254942712,10.13635484514297,8
不使用 GP,1950,current_best_edge_lift,9.661696043227131,9.392692518699072,9.927858965037512,8
不使用 GP,1950,global_best_edge_lift,9.406044316854704,9.121747221874653,9.746380586703488,8
不使用 GP,1950,reference_edge_lift,8.829636395319984,8.573780710135154,9.094230461310396,8
不使用 GP,1950,top500_persistence,0.827691706865899,0.7667409900119497,0.8818978869557773,8
不使用 GP,1950,source_age,442.125,249.79166666666666,647.375,8
不使用 GP,1950,post_unique_tours,19.375,17.041666666666664,21.791666666666668,8
不使用 GP,1975,candidate_entropy,7.008641060267868,6.984339794644862,7.037809374683876,8
不使用 GP,1975,candidate_effective_arcs,1109.6962622068108,1079.5817469846686,1145.9226972514011,8
不使用 GP,1975,candidate_gini,0.8902582323564154,0.8892651187692471,0.8910268788218065,8
不使用 GP,1975,top500_mass,0.4810223806625459,0.46084183429597336,0.49568244861485433,8
不使用 GP,1975,top2500_mass,0.9925293132433419,0.9925042265810293,0.9925523897860501,8
不使用 GP,1975,floor_fraction,0.8871125,0.8765081249999999,0.8968916666666666,8
不使用 GP,1975,source_edge_lift,9.868398778552502,9.630298693104411,10.178419796396064,8
不使用 GP,1975,current_best_edge_lift,9.77214627484016,9.534478387286235,10.01842146550991,8
不使用 GP,1975,global_best_edge_lift,9.442208517268728,9.17892570358764,9.799796434823438,8
不使用 GP,1975,reference_edge_lift,8.844602311238225,8.59510878101838,9.115161576880178,8
不使用 GP,1975,top500_persistence,0.8229053401471456,0.7458933127796699,0.8917279048497468,8
不使用 GP,1975,source_age,461.0,265.25,669.5458333333333,8
不使用 GP,1975,post_unique_tours,20.541666666666668,17.708333333333336,23.541666666666668,8
不使用 GP,2000,candidate_entropy,7.469552866683895,7.106762343464404,7.84563647519334,8
不使用 GP,2000,candidate_effective_arcs,2963.8134264635223,1488.5561894461118,4455.241568993981,8
不使用 GP,2000,candidate_gini,0.7048617660554143,0.55610457979102,0.8532111955262397,8
不使用 GP,2000,top500_mass,0.38580452819325395,0.3112524000592486,0.45426807616576326,8
不使用 GP,2000,top2500_mass,0.8378359758545098,0.7140768969745396,0.9615865360307058,8
不使用 GP,2000,floor_fraction,0.7020500000000001,0.5523666666666667,0.8492171874999999,8
不使用 GP,2000,source_edge_lift,8.040239696548218,6.466137623246678,9.490954786163451,8
不使用 GP,2000,current_best_edge_lift,7.900239012443505,6.4045431257686065,9.31459302623433,8
不使用 GP,2000,global_best_edge_lift,7.74096921538954,6.232467792528221,9.141556774050063,8
不使用 GP,2000,reference_edge_lift,7.175611005394673,5.814087539685971,8.424935308154891,8
不使用 GP,2000,top500_persistence,0.6293749208056342,0.46226449333922326,0.7731605334384337,8
不使用 GP,2000,source_age,491.7083333333333,273.5,721.6260416666667,8
不使用 GP,2000,post_unique_tours,21.666666666666664,19.875,23.416666666666664,8
不使用 GP,2025,candidate_entropy,7.100290256401285,7.022263987497633,7.187840775043351,8
不使用 GP,2025,candidate_effective_arcs,1240.3856460858724,1127.7268282243197,1365.7111163498673,8
不使用 GP,2025,candidate_gini,0.8821457654774789,0.8750391020775747,0.8889695926148188,8
不使用 GP,2025,top500_mass,0.43746947593359425,0.3894890000034339,0.4793968747868567,8
不使用 GP,2025,top2500_mass,0.9881074281203928,0.9845553342102921,0.991641852930209,8
不使用 GP,2025,floor_fraction,0.7054333333333334,0.556,0.8509097916666667,8
不使用 GP,2025,source_edge_lift,9.552460375159349,9.086130043725152,10.05615021464793,8
不使用 GP,2025,current_best_edge_lift,9.421591926799836,8.815882253217252,10.087058211431492,8
不使用 GP,2025,global_best_edge_lift,9.13841345149176,8.641856694445737,9.737809787480732,8
不使用 GP,2025,reference_edge_lift,8.56086336322334,8.191909639324965,8.98205627787456,8
不使用 GP,2025,top500_persistence,0.6799477998151291,0.528958248615223,0.8165606229221974,8
不使用 GP,2025,source_age,256.75,103.41666666666667,412.3791666666666,8
不使用 GP,2025,post_unique_tours,22.375,19.958333333333332,24.583333333333332,8
不使用 GP,2050,candidate_entropy,7.046964499355264,7.001133833551943,7.09545427635255,8
不使用 GP,2050,candidate_effective_arcs,1157.4107650815386,1101.1146128051191,1220.4357600033488,8
不使用 GP,2050,candidate_gini,0.8889696842039738,0.8873018690543091,0.8905109042841152,8
不使用 GP,2050,top500_mass,0.46410089209383487,0.43771550951857724,0.4884479042274554,8
不使用 GP,2050,top2500_mass,0.9924951402659564,0.9924489157478255,0.9925378278817725,8
不使用 GP,2050,floor_fraction,0.8716708333333333,0.8511319791666666,0.88985,8
不使用 GP,2050,source_edge_lift,9.729889630813064,9.381134645270894,10.153600066631562,8
不使用 GP,2050,current_best_edge_lift,9.431493565696451,9.085296691830209,9.751897155298208,8
不使用 GP,2050,global_best_edge_lift,9.297924238529816,8.84581715808158,9.854378035716433,8
不使用 GP,2050,reference_edge_lift,8.69706695376199,8.371154341701157,9.067445650853085,8
不使用 GP,2050,top500_persistence,0.7891960772172624,0.7109073535307081,0.8577799136686031,8
不使用 GP,2050,source_age,420.125,122.58333333333334,839.5979166666665,8
不使用 GP,2050,post_unique_tours,21.875,19.666666666666664,23.833333333333332,8
不使用 GP,2075,candidate_entropy,7.036908540572348,6.996488245658569,7.082344646180084,8
不使用 GP,2075,candidate_effective_arcs,1144.3041183814455,1096.2673875941919,1200.591449067368,8
不使用 GP,2075,candidate_gini,0.8894098878859187,0.8879177694701881,0.8906984684425775,8
不使用 GP,2075,top500_mass,0.46898925596014807,0.44244639351119497,0.4869863840382824,8
不使用 GP,2075,top2500_mass,0.9925077327886715,0.9924656654954815,0.9925450222413394,8
不使用 GP,2075,floor_fraction,0.87635,0.8590083333333333,0.891725,8
不使用 GP,2075,source_edge_lift,9.830193698872964,9.448103841496271,10.355176896840613,8
不使用 GP,2075,current_best_edge_lift,9.588233294769088,9.134868093750123,10.052434534043392,8
不使用 GP,2075,global_best_edge_lift,9.386539545697328,8.930760173697362,9.94098729795994,8
不使用 GP,2075,reference_edge_lift,8.729600964741666,8.399647379585154,9.1137615270914,8
不使用 GP,2075,top500_persistence,0.7915912873864798,0.7120412007866289,0.863007181460784,8
不使用 GP,2075,source_age,458.45833333333337,171.24895833333335,877.4166666666666,8
不使用 GP,2075,post_unique_tours,21.916666666666668,18.833333333333336,24.625,8
不使用 GP,2100,candidate_entropy,7.394239487844907,7.133060299207503,7.661148362636916,8
不使用 GP,2100,candidate_effective_arcs,2613.1143656276226,1518.2785383084877,3714.3796194241713,8
不使用 GP,2100,candidate_gini,0.7415150381179657,0.6304763840612356,0.8524236135460032,8
不使用 GP,2100,top500_mass,0.4039827910197576,0.34872955191782223,0.4592214678702349,8
不使用 GP,2100,top2500_mass,0.8687584588286124,0.7759573662366163,0.9615657914511261,8
不使用 GP,2100,floor_fraction,0.732425,0.62415,0.8377124999999999,8
不使用 GP,2100,source_edge_lift,8.35178811408215,7.408587302111462,9.309955613831285,8
不使用 GP,2100,current_best_edge_lift,8.163636566315857,7.181778326380578,9.143767279499242,8
不使用 GP,2100,global_best_edge_lift,7.8619269498114726,6.894634744244333,8.773915443626603,8
不使用 GP,2100,reference_edge_lift,7.41119136106594,6.422002898520367,8.410614106002612,8
不使用 GP,2100,top500_persistence,0.6694141333383979,0.5548874196357917,0.7842172746605616,8
不使用 GP,2100,source_age,531.5416666666667,196.875,952.0843750000001,8
不使用 GP,2100,post_unique_tours,19.958333333333332,17.166666666666668,22.75,8
不使用 GP,2125,candidate_entropy,7.1031589752751465,7.036815511152733,7.167520546410938,8
不使用 GP,2125,candidate_effective_arcs,1241.0687523758281,1148.480039568222,1330.576155846199,8
不使用 GP,2125,candidate_gini,0.8830947298005956,0.8780351891874997,0.8881230327689882,8
不使用 GP,2125,top500_mass,0.44732848704602346,0.4187974896427383,0.47571918146189845,8
不使用 GP,2125,top2500_mass,0.9889491529798747,0.9862780675018756,0.9916190816828837,8
不使用 GP,2125,floor_fraction,0.7347458333333333,0.6263873958333332,0.84184125,8
不使用 GP,2125,source_edge_lift,9.43382116003141,9.122224297886378,9.736841719430021,8
不使用 GP,2125,current_best_edge_lift,9.28328632364891,8.987373874037596,9.620042923251068,8
不使用 GP,2125,global_best_edge_lift,8.970066221910912,8.561204534258387,9.332222376240836,8
不使用 GP,2125,reference_edge_lift,8.502972005456137,8.132598737444466,8.877484293571998,8
不使用 GP,2125,top500_persistence,0.694014583413082,0.5901663916928263,0.7944044558970771,8
不使用 GP,2125,source_age,404.375,170.08333333333331,700.128125,8
不使用 GP,2125,post_unique_tours,23.375,20.416666666666664,26.583333333333332,8
不使用 GP,2150,candidate_entropy,7.049519584433469,7.009104940154846,7.089692321785281,8
不使用 GP,2150,candidate_effective_arcs,1159.745946061248,1110.8286317053903,1210.0716911266168,8
不使用 GP,2150,candidate_gini,0.8890351506874392,0.8876982008288239,0.890295215669122,8
不使用 GP,2150,top500_mass,0.4629442117591652,0.43812276089777863,0.48733827387441403,8
不使用 GP,2150,top2500_mass,0.992493835239937,0.9924576430722886,0.9925323113435485,8
不使用 GP,2150,floor_fraction,0.8710500000000001,0.8564208333333333,0.8858132291666667,8
不使用 GP,2150,source_edge_lift,9.647552458395028,9.410599581331594,9.872050432540902,8
不使用 GP,2150,current_best_edge_lift,9.462532267466187,9.240442945211623,9.700182597881849,8
不使用 GP,2150,global_best_edge_lift,9.127569468535501,8.708083349919741,9.505045266921941,8
不使用 GP,2150,reference_edge_lift,8.578520115472958,8.228873054945723,8.956330346887427,8
不使用 GP,2150,top500_persistence,0.8110059098397163,0.7432253040364666,0.878999228697118,8
不使用 GP,2150,source_age,416.375,176.95833333333334,714.0989583333331,8
不使用 GP,2150,post_unique_tours,23.333333333333332,20.290625,26.459374999999987,8
不使用 GP,2175,candidate_entropy,7.02825392890633,6.999080997443483,7.056827707290539,8
不使用 GP,2175,candidate_effective_arcs,1132.488455841455,1097.4528681848544,1167.821943012438,8
不使用 GP,2175,candidate_gini,0.8898946420939161,0.8891121069663699,0.8906730614524164,8
不使用 GP,2175,top500_mass,0.46094743912053504,0.43543315464404075,0.486460489277131,8
不使用 GP,2175,top2500_mass,0.9925151254944664,0.9924884861878656,0.9925420025861844,8
不使用 GP,2175,floor_fraction,0.8788583333333333,0.8673625,0.8910625000000001,8
不使用 GP,2175,source_edge_lift,9.746782126350805,9.54582996730233,9.952388642043195,8
不使用 GP,2175,current_best_edge_lift,9.543111099372041,9.310556316227961,9.768853774385683,8
不使用 GP,2175,global_best_edge_lift,9.196151752695185,8.771422747455413,9.585272922034347,8
不使用 GP,2175,reference_edge_lift,8.654151522825568,8.299751199117601,9.0259891526856,8
不使用 GP,2175,top500_persistence,0.8209106992270874,0.7513991737233185,0.8889979945570958,8
不使用 GP,2175,source_age,350.41666666666663,187.87291666666667,522.2802083333329,8
不使用 GP,2175,post_unique_tours,21.666666666666668,18.541666666666668,24.708333333333332,8
不使用 GP,2200,candidate_entropy,7.386150879451103,7.1307528798751925,7.643009505845841,8
不使用 GP,2200,candidate_effective_arcs,2603.4511342529804,1520.43491531458,3692.883594397292,8
不使用 GP,2200,candidate_gini,0.7417168736379126,0.630871153581664,0.8524504582813024,8
不使用 GP,2200,top500_mass,0.39805318103625376,0.3596072476445118,0.43650330958788003,8
不使用 GP,2200,top2500_mass,0.8687687149324941,0.7759681045528615,0.961569759060797,8
不使用 GP,2200,floor_fraction,0.7343958333333334,0.6298682291666666,0.839075,8
不使用 GP,2200,source_edge_lift,8.220911895561473,7.216109558013562,9.178696722670173,8
不使用 GP,2200,current_best_edge_lift,8.221937708348271,7.244251586235891,9.196350116527597,8
不使用 GP,2200,global_best_edge_lift,7.76167058698831,6.978185535230995,8.551412969773786,8
不使用 GP,2200,reference_edge_lift,7.35644180497179,6.657494526604884,8.03887042086586,8
不使用 GP,2200,top500_persistence,0.6448130568487382,0.5669692608389509,0.7308425362318932,8
不使用 GP,2200,source_age,380.54166666666663,196.25,564.6666666666666,8
不使用 GP,2200,post_unique_tours,21.375,18.25,24.084374999999987,8
不使用 GP,2225,candidate_entropy,7.09427519182879,7.045076271865581,7.145342126787982,8
不使用 GP,2225,candidate_effective_arcs,1229.421008116368,1157.957926797572,1304.438871195291,8
不使用 GP,2225,candidate_gini,0.8834344014630096,0.8785704862452279,0.8882925129430657,8
不使用 GP,2225,top500_mass,0.4475142081482955,0.41818205024063626,0.47717947872385946,8
不使用 GP,2225,top2500_mass,0.9889614434327989,0.9862982584887992,0.9916240848779565,8
不使用 GP,2225,floor_fraction,0.739075,0.6328625000000001,0.8446628125,8
不使用 GP,2225,source_edge_lift,9.401330648084121,9.220308563837815,9.595095931400786,8
不使用 GP,2225,current_best_edge_lift,9.280188535106454,9.00501940043058,9.557232075602593,8
不使用 GP,2225,global_best_edge_lift,8.893827913895016,8.659181383146649,9.076805171384752,8
不使用 GP,2225,reference_edge_lift,8.476735707438548,8.29588401177788,8.662122943640242,8
不使用 GP,2225,top500_persistence,0.6056839293391326,0.5469176734212311,0.6723913818944063,8
不使用 GP,2225,source_age,364.79166666666663,159.16458333333335,579.7916666666667,8
不使用 GP,2225,post_unique_tours,22.458333333333336,19.541666666666668,25.083333333333336,8
不使用 GP,2250,candidate_entropy,7.040493554178625,7.014617397024558,7.064818464920473,8
不使用 GP,2250,candidate_effective_arcs,1148.771047067681,1115.5242917704338,1179.8422990759786,8
不使用 GP,2250,candidate_gini,0.8893019332597654,0.8882696166472293,0.8903183857551613,8
不使用 GP,2250,top500_mass,0.4713277687124351,0.44639598877596487,0.49101449757113774,8
不使用 GP,2250,top2500_mass,0.992498813985056,0.9924708360494157,0.9925278654756039,8
不使用 GP,2250,floor_fraction,0.8738333333333332,0.8643577083333334,0.8841379166666666,8
不使用 GP,2250,source_edge_lift,9.620071094525876,9.501978028317202,9.74390983084189,8
不使用 GP,2250,current_best_edge_lift,9.534715235304386,9.333938648926155,9.731010432290457,8
不使用 GP,2250,global_best_edge_lift,9.11539010181716,8.934758132430787,9.292045075692434,8
不使用 GP,2250,reference_edge_lift,8.597859438941637,8.41711997488752,8.78186878555993,8
不使用 GP,2250,top500_persistence,0.7874139842824099,0.701345917884195,0.8702100895317167,8
不使用 GP,2250,source_age,405.5833333333333,222.16666666666669,571.7083333333333,8
不使用 GP,2250,post_unique_tours,21.666666666666664,18.833333333333332,24.333333333333332,8
不使用 GP,2275,candidate_entropy,7.027759120789893,7.0008578937895,7.0550693575779775,8
不使用 GP,2275,candidate_effective_arcs,1132.8868161037526,1098.4001173898819,1166.4244977708336,8
不使用 GP,2275,candidate_gini,0.8897339141863183,0.8888173259938076,0.8906344582702896,8
不使用 GP,2275,top500_mass,0.4769086713529079,0.44965167678032025,0.4956237787829652,8
不使用 GP,2275,top2500_mass,0.9925134919229686,0.9924843518801387,0.9925413849350765,8
不使用 GP,2275,floor_fraction,0.8801125,0.8702791666666667,0.8902424999999999,8
不使用 GP,2275,source_edge_lift,9.69182299815332,9.574995422150334,9.808055970228493,8
不使用 GP,2275,current_best_edge_lift,9.611647977149282,9.420949352080484,9.785528828072405,8
不使用 GP,2275,global_best_edge_lift,9.20060370544623,9.047546017773097,9.349006223598035,8
不使用 GP,2275,reference_edge_lift,8.671355191950985,8.483021536904308,8.862027109763465,8
不使用 GP,2275,top500_persistence,0.8497410162527551,0.8184455199399222,0.8792875643500004,8
不使用 GP,2275,source_age,417.58333333333337,228.78854166666667,586.7083333333334,8
不使用 GP,2275,post_unique_tours,21.375,19.583333333333336,23.541666666666668,8
不使用 GP,2300,candidate_entropy,7.294058748443813,7.091145308018884,7.562804142032249,8
不使用 GP,2300,candidate_effective_arcs,2232.4514995655254,1460.7229048112597,3337.408127112129,8
不使用 GP,2300,candidate_gini,0.7788555620908293,0.6677160126802999,0.8535565151830713,8
不使用 GP,2300,top500_mass,0.42993058666940787,0.37120227864164845,0.481703546424836,8
不使用 GP,2300,top2500_mass,0.8997032617750484,0.8068949017294755,0.9616044748204595,8
不使用 GP,2300,floor_fraction,0.7723208333333333,0.6632125,0.8542291666666667,8
不使用 GP,2300,source_edge_lift,8.603481069426449,7.549278617533078,9.421510953461294,8
不使用 GP,2300,current_best_edge_lift,8.58632927884533,7.558124400200011,9.426360091722087,8
不使用 GP,2300,global_best_edge_lift,8.199358542352753,7.118643064463438,9.048689173406087,8
不使用 GP,2300,reference_edge_lift,7.771237084655918,6.726182672189779,8.665814577092531,8
不使用 GP,2300,top500_persistence,0.6822069211169379,0.5597968304546801,0.7927868896305129,8
不使用 GP,2300,source_age,456.29166666666663,246.11979166666669,655.875,8
不使用 GP,2300,post_unique_tours,20.291666666666664,17.833333333333332,22.666666666666664,8
不使用 GP,2325,candidate_entropy,7.07466212469598,7.020828717769932,7.133881670220774,8
不使用 GP,2325,candidate_effective_arcs,1200.8735565382517,1126.563806265506,1286.2616368613624,8
不使用 GP,2325,candidate_gini,0.885212899224737,0.8802123931275666,0.8892983687994074,8
不使用 GP,2325,top500_mass,0.4596027054958588,0.429313045869957,0.4860705738043982,8
不使用 GP,2325,top2500_mass,0.9898546300640241,0.9871921448893983,0.9916595600720901,8
不使用 GP,2325,floor_fraction,0.774525,0.6647072916666666,0.8552420833333333,8
不使用 GP,2325,source_edge_lift,9.5386064891315,9.32990394456638,9.730486738506944,8
不使用 GP,2325,current_best_edge_lift,9.337276221012564,9.0506740155452,9.590695370028904,8
不使用 GP,2325,global_best_edge_lift,9.125104306325714,8.770143631813808,9.458475098019928,8
不使用 GP,2325,reference_edge_lift,8.600891285420207,8.292248202769288,8.890757832655263,8
不使用 GP,2325,top500_persistence,0.6996917550059327,0.5834290913556499,0.8187042268513433,8
不使用 GP,2325,source_age,355.375,150.125,566.9583333333333,8
不使用 GP,2325,post_unique_tours,22.5,20.333333333333332,24.958333333333332,8
不使用 GP,2350,candidate_entropy,7.027999102458703,6.998390834640354,7.061355474103301,8
不使用 GP,2350,candidate_effective_arcs,1132.7188096590653,1096.0299594890357,1173.2986338508572,8
不使用 GP,2350,candidate_gini,0.8898072718362395,0.8887412361362459,0.8907497950464162,8
不使用 GP,2350,top500_mass,0.46400482417434685,0.4299992658237496,0.49115221740764325,8
不使用 GP,2350,top2500_mass,0.9925072014682699,0.9924715611019084,0.9925402530528217,8
不使用 GP,2350,floor_fraction,0.8782041666666667,0.8649951041666666,0.8900252083333334,8
不使用 GP,2350,source_edge_lift,9.738926414066986,9.59919840040245,9.873257321022427,8
不使用 GP,2350,current_best_edge_lift,9.541812965362489,9.256216090931877,9.78895092308399,8
不使用 GP,2350,global_best_edge_lift,9.254768379357936,8.945049717963272,9.544006869328037,8
不使用 GP,2350,reference_edge_lift,8.719386320993607,8.476306901308142,8.95640701201248,8
不使用 GP,2350,top500_persistence,0.8144598921866312,0.7143365319057539,0.9098866662304737,8
不使用 GP,2350,source_age,394.8333333333333,132.08333333333334,693.79375,8
不使用 GP,2350,post_unique_tours,21.458333333333336,19.0,23.958333333333336,8
不使用 GP,2375,candidate_entropy,7.018269285372044,6.991852866679175,7.046972325831088,8
不使用 GP,2375,candidate_effective_arcs,1120.9721103129418,1088.533414530144,1156.6689838015068,8
不使用 GP,2375,candidate_gini,0.8900717323703498,0.8891600344324642,0.890837171241329,8
不使用 GP,2375,top500_mass,0.4797301789179781,0.4561350918057683,0.4957342087412498,8
不使用 GP,2375,top2500_mass,0.9925178699484645,0.9924841453973138,0.9925479628519189,8
不使用 GP,2375,floor_fraction,0.8831458333333333,0.87187875,0.8930750000000001,8
不使用 GP,2375,source_edge_lift,9.780126377574415,9.649406547279064,9.904422581897334,8
不使用 GP,2375,current_best_edge_lift,9.709120330531267,9.50591665176213,9.894885568352821,8
不使用 GP,2375,global_best_edge_lift,9.356210240834855,9.02118246817317,9.676164335296923,8
不使用 GP,2375,reference_edge_lift,8.748691764054382,8.49922374700881,8.99693406617273,8
不使用 GP,2375,top500_persistence,0.8029602706694632,0.6974431097392022,0.8930504334599043,8
不使用 GP,2375,source_age,406.625,138.25,714.1666666666667,8
不使用 GP,2375,post_unique_tours,21.5,19.0,23.833333333333332,8
不使用 GP,2400,candidate_entropy,7.285894833746674,7.039711083344415,7.55074725457712,8
不使用 GP,2400,candidate_effective_arcs,2222.292368308773,1461.4879022684913,3323.572002134658,8
不使用 GP,2400,candidate_gini,0.7791355660699841,0.6680048435960843,0.8537215416307767,8
不使用 GP,2400,top500_mass,0.4399773972317501,0.3842893112775565,0.4772329697722755,8
不使用 GP,2400,top2500_mass,0.8997079045449949,0.8068955678361729,0.9924789949667994,8
不使用 GP,2400,floor_fraction,0.7747541666666666,0.6674291666666667,0.8565677083333334,8
不使用 GP,2400,source_edge_lift,8.735973527413961,7.701818546874694,9.515052195791672,8
不使用 GP,2400,current_best_edge_lift,8.582919517564086,7.5753795505371375,9.486113533245039,8
不使用 GP,2400,global_best_edge_lift,8.309692804152707,7.3457638685740685,9.195143793403801,8
不使用 GP,2400,reference_edge_lift,7.7527450652041106,6.879024788419034,8.525646485316283,8
不使用 GP,2400,top500_persistence,0.6787713305176325,0.5886715231916112,0.7655109252838105,8
不使用 GP,2400,source_age,472.7916666666667,211.60520833333337,763.4833333333329,8
不使用 GP,2400,post_unique_tours,19.791666666666664,16.583333333333336,23.291666666666668,8
不使用 GP,2425,candidate_entropy,7.067990896639266,7.015999393178267,7.120899469467626,8
不使用 GP,2425,candidate_effective_arcs,1192.4908465977355,1121.6219123277153,1266.506392904731,8
不使用 GP,2425,candidate_gini,0.8854051488304752,0.8805985469589741,0.8892806779624722,8
不使用 GP,2425,top500_mass,0.45333724618221666,0.4227011784926203,0.4836049877200024,8
不使用 GP,2425,top2500_mass,0.9898579506490006,0.9871897182818995,0.9916710630799437,8
不使用 GP,2425,floor_fraction,0.7763708333333333,0.66759125,0.8577691666666667,8
不使用 GP,2425,source_edge_lift,9.52700888795917,9.320719862308643,9.738897850979306,8
不使用 GP,2425,current_best_edge_lift,9.466870093091377,9.214053571085094,9.716378718065902,8
不使用 GP,2425,global_best_edge_lift,9.159267633061097,8.84009269765731,9.505408306050656,8
不使用 GP,2425,reference_edge_lift,8.606047622059197,8.464075237223003,8.765010697291817,8
不使用 GP,2425,top500_persistence,0.6846960655743549,0.596302714134824,0.7780115741373732,8
不使用 GP,2425,source_age,275.5833333333333,104.20833333333333,455.375,8
不使用 GP,2425,post_unique_tours,22.541666666666664,20.0,24.958333333333332,8
不使用 GP,2450,candidate_entropy,7.029008455242101,6.9982389629642805,7.060295881586661,8
不使用 GP,2450,candidate_effective_arcs,1134.7544514664328,1096.0540941458048,1173.1560802094596,8
不使用 GP,2450,candidate_gini,0.8896350965851867,0.8885271282704846,0.8905652303779245,8
不使用 GP,2450,top500_mass,0.4591034877182777,0.4324283612953882,0.4858313489799719,8
不使用 GP,2450,top2500_mass,0.9925034201041547,0.9924669712288525,0.9925390725673464,8
不使用 GP,2450,floor_fraction,0.878475,0.8662708333333333,0.8908001041666667,8
不使用 GP,2450,source_edge_lift,9.705326486318356,9.552146209712653,9.847252726163632,8
不使用 GP,2450,current_best_edge_lift,9.592618815996104,9.412054597208204,9.771491717593303,8
不使用 GP,2450,global_best_edge_lift,9.22404645555375,8.941054910228234,9.54536978544558,8
不使用 GP,2450,reference_edge_lift,8.678006531456207,8.533681609791119,8.814864297358806,8
不使用 GP,2450,top500_persistence,0.7845967875746109,0.7309623254278321,0.855623507608769,8
不使用 GP,2450,source_age,290.5,118.575,474.75,8
不使用 GP,2450,post_unique_tours,21.708333333333336,18.833333333333336,24.708333333333336,8
不使用 GP,2475,candidate_entropy,7.02255126615805,6.996128912023303,7.051480823502305,8
不使用 GP,2475,candidate_effective_arcs,1126.4629411968372,1094.052170866403,1162.1776628284622,8
不使用 GP,2475,candidate_gini,0.8898844008551405,0.8888831703541634,0.8907703057594027,8
不使用 GP,2475,top500_mass,0.47513028758565795,0.4462930798057969,0.4956406477438197,8
不使用 GP,2475,top2500_mass,0.9925124173185876,0.9924812349666532,0.9925432263735029,8
不使用 GP,2475,floor_fraction,0.8824,0.8718583333333333,0.893125,8
不使用 GP,2475,source_edge_lift,9.674451215925192,9.552134085603422,9.807841585787633,8
不使用 GP,2475,current_best_edge_lift,9.677292644242895,9.48497660645537,9.840907927139423,8
不使用 GP,2475,global_best_edge_lift,9.285442253901895,9.020372954439607,9.574839289292012,8
不使用 GP,2475,reference_edge_lift,8.70401809778392,8.558240711226617,8.8361857305061,8
不使用 GP,2475,top500_persistence,0.76841624119313,0.683029482489262,0.8530759413289445,8
不使用 GP,2475,source_age,427.375,204.5,629.1322916666666,8
不使用 GP,2475,post_unique_tours,20.333333333333332,17.083333333333336,23.5,8
不使用 GP,2500,candidate_entropy,7.285577318281092,7.080196422906717,7.551207104751578,8
不使用 GP,2500,candidate_effective_arcs,2221.9707192353135,1455.8574588028237,3321.089109107633,8
不使用 GP,2500,candidate_gini,0.779130140772418,0.6680344195603204,0.85374537011175,8
不使用 GP,2500,top500_mass,0.4346176511316785,0.3841585397787228,0.4762034545992824,8
不使用 GP,2500,top2500_mass,0.8997060448861889,0.8069014887567124,0.9616048164174452,8
不使用 GP,2500,floor_fraction,0.7754375,0.6673041666666666,0.8553477083333333,8
不使用 GP,2500,source_edge_lift,8.67663566619793,7.663991354563061,9.52909038308593,8
不使用 GP,2500,current_best_edge_lift,8.651083682230041,7.5945561829235375,9.634028908655084,8
不使用 GP,2500,global_best_edge_lift,8.275469090829239,7.232837810016418,9.231653800348699,8
不使用 GP,2500,reference_edge_lift,7.7920088454849425,6.836454042877131,8.572320810794661,8
不使用 GP,2500,top500_persistence,0.6994436270298743,0.6062145926970107,0.8021724358381165,8
不使用 GP,2500,source_age,408.75,181.828125,607.9677083333332,8
不使用 GP,2500,post_unique_tours,19.541666666666664,17.375,21.625,8
不使用 GP,2525,candidate_entropy,7.066712927856008,7.016075630994981,7.119787005864644,8
不使用 GP,2525,candidate_effective_arcs,1191.8237320779585,1120.0890438153954,1266.8120710386281,8
不使用 GP,2525,candidate_gini,0.8853698080359296,0.880334002143816,0.8891693225170403,8
不使用 GP,2525,top500_mass,0.4628153277793808,0.440368040455106,0.4836981276033438,8
不使用 GP,2525,top2500_mass,0.9898601640054033,0.9871988207976591,0.9916611656167881,8
不使用 GP,2525,floor_fraction,0.7780875,0.6699291666666667,0.8578083333333333,8
不使用 GP,2525,source_edge_lift,9.577504092595667,9.392272753586319,9.753809513002803,8
不使用 GP,2525,current_best_edge_lift,9.480486430398463,9.204029341586047,9.738305195606932,8
不使用 GP,2525,global_best_edge_lift,9.156494320342512,8.735565346797031,9.510340508281615,8
不使用 GP,2525,reference_edge_lift,8.665840984932712,8.379858931864842,8.94192280507022,8
不使用 GP,2525,top500_persistence,0.737251577397755,0.6493376620991181,0.8373668325869149,8
不使用 GP,2525,source_age,346.70833333333337,152.7822916666667,544.8333333333334,8
不使用 GP,2525,post_unique_tours,21.375,18.833333333333332,23.833333333333332,8
不使用 GP,2550,candidate_entropy,7.026259301011419,6.995668378352956,7.0602611250888545,8
不使用 GP,2550,candidate_effective_arcs,1132.0555676955496,1093.2435152997375,1174.5036093481694,8
不使用 GP,2550,candidate_gini,0.8895949661651613,0.8882991114639665,0.8906546083008312,8
不使用 GP,2550,top500_mass,0.46770356106144206,0.44119909954927,0.48916170389789576,8
不使用 GP,2550,top2500_mass,0.9925060079800521,0.9924662335674852,0.992540970264117,8
不使用 GP,2550,floor_fraction,0.8796333333333333,0.8669416666666667,0.8915466666666666,8
不使用 GP,2550,source_edge_lift,9.721299552506105,9.538533358604138,9.888283300751368,8
不使用 GP,2550,current_best_edge_lift,9.619485224512957,9.377859798137676,9.83294272863171,8
不使用 GP,2550,global_best_edge_lift,9.240269405071755,8.876883345346764,9.55441810519637,8
不使用 GP,2550,reference_edge_lift,8.758739926809612,8.51400761230334,9.009160782506362,8
不使用 GP,2550,top500_persistence,0.8507713712405849,0.7782169646702476,0.9228230757790067,8
不使用 GP,2550,source_age,364.25,169.58333333333334,562.753125,8
不使用 GP,2550,post_unique_tours,20.541666666666668,17.958333333333336,23.583333333333332,8
不使用 GP,2575,candidate_entropy,7.017931335578144,6.990460375631886,7.047941785248766,8
不使用 GP,2575,candidate_effective_arcs,1121.1166570254998,1087.672123219502,1159.0338282718353,8
不使用 GP,2575,candidate_gini,0.8899730644466084,0.8889225342943046,0.8908340447275792,8
不使用 GP,2575,top500_mass,0.46706987208372885,0.4410165744644396,0.48781503509081775,8
不使用 GP,2575,top2500_mass,0.9925195969433867,0.9924842724431104,0.992549739727529,8
不使用 GP,2575,floor_fraction,0.8837375000000001,0.8716250000000001,0.8944208333333333,8
不使用 GP,2575,source_edge_lift,9.757977017046993,9.6440561959149,9.861791453623214,8
不使用 GP,2575,current_best_edge_lift,9.744316429204817,9.536553522167672,9.938253436688147,8
不使用 GP,2575,global_best_edge_lift,9.379764632271426,9.024077003008493,9.662934793959217,8
不使用 GP,2575,reference_edge_lift,8.806566906233343,8.52732538337333,9.117911470182678,8
不使用 GP,2575,top500_persistence,0.8302414352036254,0.7710633096861075,0.8918273589485796,8
不使用 GP,2575,source_age,460.125,248.41458333333333,647.9583333333333,8
不使用 GP,2575,post_unique_tours,20.791666666666668,17.458333333333336,24.208333333333336,8
不使用 GP,2600,candidate_entropy,7.284232656776622,7.0792370885406015,7.55676709803789,8
不使用 GP,2600,candidate_effective_arcs,2220.501658263064,1448.469548126444,3328.1982429734935,8
不使用 GP,2600,candidate_gini,0.7791464103001227,0.668008886297708,0.8539511914806954,8
不使用 GP,2600,top500_mass,0.42489130528652913,0.3714681024375079,0.47711205764899606,8
不使用 GP,2600,top2500_mass,0.899712215364983,0.8069033631794879,0.9924916354494225,8
不使用 GP,2600,floor_fraction,0.7759875,0.6672666666666667,0.8585964583333334,8
不使用 GP,2600,source_edge_lift,8.723226256045072,7.618208664605926,9.568482527655018,8
不使用 GP,2600,current_best_edge_lift,8.637014958950424,7.603567836903103,9.49976659889184,8
不使用 GP,2600,global_best_edge_lift,8.372761617687296,7.4022966393365275,9.262177762968093,8
不使用 GP,2600,reference_edge_lift,7.868420051248894,7.0128172933982995,8.685049366403025,8
不使用 GP,2600,top500_persistence,0.7240711885647177,0.6313068509879023,0.820298721358385,8
不使用 GP,2600,source_age,531.3333333333334,329.0791666666667,722.0,8
不使用 GP,2600,post_unique_tours,20.125,16.75,24.208333333333332,8
不使用 GP,2625,candidate_entropy,7.061574695562484,7.0043937363319495,7.124019245442518,8
不使用 GP,2625,candidate_effective_arcs,1185.7535509351148,1108.1264279344666,1273.5849597572815,8
不使用 GP,2625,candidate_gini,0.8854753893304905,0.8802287249748351,0.8893337075568138,8
不使用 GP,2625,top500_mass,0.4689299305228717,0.44180900299307535,0.49127568362868357,8
不使用 GP,2625,top2500_mass,0.989854530584132,0.9871736664202926,0.9916656727204456,8
不使用 GP,2625,floor_fraction,0.7791083333333333,0.6674541666666667,0.8603132291666666,8
不使用 GP,2625,source_edge_lift,9.684050366168133,9.381618688634322,9.971908352508194,8
不使用 GP,2625,current_best_edge_lift,9.440861293236479,9.06882612367072,9.788522959997396,8
不使用 GP,2625,global_best_edge_lift,9.21858774857937,8.88539681666976,9.549470862084975,8
不使用 GP,2625,reference_edge_lift,8.694248985321689,8.443300362295282,9.02036748471704,8
不使用 GP,2625,top500_persistence,0.7134418682033595,0.5910282372251635,0.828716956567283,8
不使用 GP,2625,source_age,443.2083333333333,158.66666666666669,807.1666666666666,8
不使用 GP,2625,post_unique_tours,22.125,20.166666666666664,24.291666666666664,8
不使用 GP,2650,candidate_entropy,7.023694788763431,6.991569752769337,7.0606595944784525,8
不使用 GP,2650,candidate_effective_arcs,1128.780097506266,1089.5441725927628,1174.9714882174908,8
不使用 GP,2650,candidate_gini,0.8896903839846028,0.8883738626903235,0.8908690239370858,8
不使用 GP,2650,top500_mass,0.4718893617422511,0.4474446205775316,0.4913742208551,8
不使用 GP,2650,top2500_mass,0.9925097772904293,0.9924728497804562,0.9925452145394928,8
不使用 GP,2650,floor_fraction,0.8812041666666667,0.8667327083333334,0.8942835416666667,8
不使用 GP,2650,source_edge_lift,9.819567934208482,9.572317569670652,10.070764521926439,8
不使用 GP,2650,current_best_edge_lift,9.645920657338305,9.298400205460272,9.953861176046974,8
不使用 GP,2650,global_best_edge_lift,9.307926933268767,8.99359860705264,9.62860164752672,8
不使用 GP,2650,reference_edge_lift,8.790454481042863,8.559116761961263,9.109172116840194,8
不使用 GP,2650,top500_persistence,0.8517217722247075,0.8034560919543244,0.9005978857149495,8
不使用 GP,2650,source_age,461.7083333333333,173.58333333333334,825.7208333333331,8
不使用 GP,2650,post_unique_tours,20.291666666666668,17.875,22.833333333333336,8
不使用 GP,2675,candidate_entropy,7.018096570014595,6.990040602079368,7.0498866991355476,8
不使用 GP,2675,candidate_effective_arcs,1121.6525089199943,1087.582513230722,1161.4069729472662,8
不使用 GP,2675,candidate_gini,0.8899148421723679,0.8888250345258448,0.8907403086311032,8
不使用 GP,2675,top500_mass,0.4661472344012579,0.4367843518145913,0.4863411032172078,8
不使用 GP,2675,top2500_mass,0.9925184877981539,0.9924887973895962,0.9925479804649255,8
不使用 GP,2675,floor_fraction,0.8839874999999999,0.8708831249999999,0.8953875,8
不使用 GP,2675,source_edge_lift,9.832762893609905,9.619989635839705,10.045536151380105,8
不使用 GP,2675,current_best_edge_lift,9.615726898693978,9.33545858538817,9.816890193931883,8
不使用 GP,2675,global_best_edge_lift,9.350493576210983,9.047816808510355,9.665007797597314,8
不使用 GP,2675,reference_edge_lift,8.817783868207364,8.582082387125771,9.130101010138988,8
不使用 GP,2675,top500_persistence,0.8484476831990129,0.7978625023493697,0.8940722143783559,8
不使用 GP,2675,source_age,532.5,278.95833333333337,871.125,8
不使用 GP,2675,post_unique_tours,19.666666666666668,17.458333333333332,21.791666666666668,8
不使用 GP,2700,candidate_entropy,7.377945741865753,7.074879406231532,7.76479132708765,8
不使用 GP,2700,candidate_effective_arcs,2593.4738505663313,1448.8038782891508,4101.525265396318,8
不使用 GP,2700,candidate_gini,0.7419605435645751,0.5931514317829542,0.8539521585459018,8
不使用 GP,2700,top500_mass,0.41559291737320647,0.3296441972342938,0.4772550184086293,8
不使用 GP,2700,top2500_mass,0.8687691151758992,0.744995549786206,0.9616135372391055,8
不使用 GP,2700,floor_fraction,0.7381416666666667,0.5801580208333333,0.8605394791666666,8
不使用 GP,2700,source_edge_lift,8.341003527568148,6.734439358422787,9.661837681553763,8
不使用 GP,2700,current_best_edge_lift,8.305060709732782,6.668623915884549,9.673539292386602,8
不使用 GP,2700,global_best_edge_lift,7.936676702913336,6.265359671466073,9.355852221871277,8
不使用 GP,2700,reference_edge_lift,7.53934577447756,5.973640723196886,8.872480032088106,8
不使用 GP,2700,top500_persistence,0.6837162088563302,0.500399801595028,0.8562262199895347,8
不使用 GP,2700,source_age,501.70833333333337,226.74895833333335,846.8749999999999,8
不使用 GP,2700,post_unique_tours,20.5,18.208333333333336,22.791666666666668,8
不使用 GP,2725,candidate_entropy,7.0895475863816815,7.001734891178822,7.195170237748133,8
不使用 GP,2725,candidate_effective_arcs,1224.810780513355,1107.171486096534,1375.3891017606252,8
不使用 GP,2725,candidate_gini,0.883433203341387,0.8757969055229312,0.889363708699289,8
不使用 GP,2725,top500_mass,0.44387789514001197,0.3962906370719715,0.4842168661144911,8
不使用 GP,2725,top2500_mass,0.988968640976749,0.9853930674620356,0.9916643717291721,8
不使用 GP,2725,floor_fraction,0.7405124999999999,0.5852124999999999,0.8844044791666666,8
不使用 GP,2725,source_edge_lift,9.44449474448544,8.956312542372508,9.853674020389818,8
不使用 GP,2725,current_best_edge_lift,9.403655645610193,8.834283358046484,9.928386455598313,8
不使用 GP,2725,global_best_edge_lift,9.0003362929152,8.387282107736485,9.510092247509652,8
不使用 GP,2725,reference_edge_lift,8.596046195729548,8.121998752114704,9.080305347598516,8
不使用 GP,2725,top500_persistence,0.6557570414044136,0.50586496493441,0.7971493170363877,8
不使用 GP,2725,source_age,297.91666666666663,96.41666666666666,531.6666666666667,8
不使用 GP,2725,post_unique_tours,23.791666666666664,19.957291666666666,27.625,8
不使用 GP,2750,candidate_entropy,7.040846000601272,6.991372037445965,7.1002759359376455,8
不使用 GP,2750,candidate_effective_arcs,1149.8909433843733,1092.3328244862012,1224.1477278513357,8
不使用 GP,2750,candidate_gini,0.8891556518551299,0.8872061395467781,0.8907400421149448,8
不使用 GP,2750,top500_mass,0.4657779464960257,0.4368286569574443,0.48797241577354433,8
不使用 GP,2750,top2500_mass,0.9924973734479903,0.9924457604869578,0.9925406991347364,8
不使用 GP,2750,floor_fraction,0.8747333333333334,0.8528458333333333,0.8932877083333334,8
不使用 GP,2750,source_edge_lift,9.679057770922402,9.362161135787831,9.952720504492031,8
不使用 GP,2750,current_best_edge_lift,9.565458721104989,9.066665242098939,10.020196998338111,8
不使用 GP,2750,global_best_edge_lift,9.154971391449482,8.628414307486297,9.619095961717454,8
不使用 GP,2750,reference_edge_lift,8.68689049156418,8.309562509998635,9.108028171554146,8
不使用 GP,2750,top500_persistence,0.7888929940593863,0.7241631072538978,0.8529859860926671,8
不使用 GP,2750,source_age,311.625,97.29166666666666,539.5968749999997,8
不使用 GP,2750,post_unique_tours,21.125,17.75,25.0,8
不使用 GP,2775,candidate_entropy,7.026564816315302,6.9866227195705575,7.078500650976316,8
不使用 GP,2775,candidate_effective_arcs,1131.551753958512,1082.399193183194,1194.7253478181758,8
不使用 GP,2775,candidate_gini,0.8897378564286595,0.888083111896489,0.8909335047359603,8
不使用 GP,2775,top500_mass,0.4662325647277368,0.4207088714989982,0.49568276764465924,8
不使用 GP,2775,top2500_mass,0.9925092876902395,0.9924606511179543,0.9925489427103015,8
不使用 GP,2775,floor_fraction,0.8806791666666667,0.8606828125,0.8962334374999998,8
不使用 GP,2775,source_edge_lift,9.718284833294977,9.440643193735035,9.938952215381143,8
不使用 GP,2775,current_best_edge_lift,9.720123661649916,9.272004508421864,10.131501396337356,8
不使用 GP,2775,global_best_edge_lift,9.209085113368282,8.698508335674202,9.659515641632114,8
不使用 GP,2775,reference_edge_lift,8.738613472396068,8.371703197273717,9.144377871294951,8
不使用 GP,2775,top500_persistence,0.8170479573414193,0.7325130023003077,0.8939903236064985,8
不使用 GP,2775,source_age,486.7083333333333,149.66354166666667,870.7562499999999,8
不使用 GP,2775,post_unique_tours,20.583333333333336,17.665625,24.375,8
不使用 GP,2800,candidate_entropy,7.477567807756473,7.147811080019543,7.831573843122131,8
不使用 GP,2800,candidate_effective_arcs,2973.269629261385,1539.00988236889,4442.2388382845775,8
不使用 GP,2800,candidate_gini,0.704681690794725,0.5565373850488923,0.8520636740537411,8
不使用 GP,2800,top500_mass,0.394141495362227,0.32848135310712623,0.45850166762845973,8
不使用 GP,2800,top2500_mass,0.8378232496043976,0.7140771668912822,0.9615426122601876,8
不使用 GP,2800,floor_fraction,0.6980958333333334,0.5549216666666666,0.825103958333333,8
不使用 GP,2800,source_edge_lift,7.868836587048048,6.468323594636718,9.09929510093287,8
不使用 GP,2800,current_best_edge_lift,7.864505673417225,6.450742171899382,9.078999440566939,8
不使用 GP,2800,global_best_edge_lift,7.448458411422619,6.221080508066675,8.533038955357197,8
不使用 GP,2800,reference_edge_lift,7.0835260438693,5.806533099203616,8.145300775721571,8
不使用 GP,2800,top500_persistence,0.6248640084529578,0.4501454447135588,0.7872700419940482,8
不使用 GP,2800,source_age,601.3333333333333,200.90833333333333,1002.0416666666665,8
不使用 GP,2800,post_unique_tours,21.375,17.458333333333332,26.0,8
不使用 GP,2825,candidate_entropy,7.106552742384771,7.040369668546506,7.179251877079312,8
不使用 GP,2825,candidate_effective_arcs,1247.2847565661355,1152.5236790789793,1351.2763639652942,8
不使用 GP,2825,candidate_gini,0.8820717812095145,0.8754448827371482,0.8880094833521142,8
不使用 GP,2825,top500_mass,0.42362200223903507,0.3863071055774496,0.4592584491342973,8
不使用 GP,2825,top2500_mass,0.9880796461978509,0.9845343035262989,0.9916065982974782,8
不使用 GP,2825,floor_fraction,0.7027958333333334,0.5569416666666667,0.8369139583333334,8
不使用 GP,2825,source_edge_lift,9.420072026515694,9.11654838969652,9.746141074849637,8
不使用 GP,2825,current_best_edge_lift,9.281265835520589,8.882271061181473,9.608359065082745,8
不使用 GP,2825,global_best_edge_lift,8.840568785943635,8.550680428087125,9.118850201236024,8
不使用 GP,2825,reference_edge_lift,8.462392576662857,8.167899554220398,8.751147957137785,8
不使用 GP,2825,top500_persistence,0.6671258108139195,0.5320918255791001,0.8081136235398914,8
不使用 GP,2825,source_age,407.66666666666663,125.87500000000001,679.0416666666667,8
不使用 GP,2825,post_unique_tours,23.125,20.416666666666664,25.833333333333332,8
不使用 GP,2850,candidate_entropy,7.052267641879832,7.012854962274353,7.0971955250552,8
不使用 GP,2850,candidate_effective_arcs,1164.5133511466765,1114.6913932776079,1221.4298953286186,8
不使用 GP,2850,candidate_gini,0.8887015313370787,0.8869906294857793,0.8903937150473006,8
不使用 GP,2850,top500_mass,0.45208393661120283,0.4106447806521466,0.4862642436855703,8
不使用 GP,2850,top2500_mass,0.9924831198441464,0.9924395586903806,0.9925234971409864,8
不使用 GP,2850,floor_fraction,0.8708208333333333,0.8549782291666667,0.8851541666666667,8
不使用 GP,2850,source_edge_lift,9.612843485129634,9.35820058174031,9.883161258254916,8
不使用 GP,2850,current_best_edge_lift,9.495082354607506,9.13786185887514,9.823040447110762,8
不使用 GP,2850,global_best_edge_lift,8.981612275580673,8.689761484755472,9.244857310496984,8
不使用 GP,2850,reference_edge_lift,8.597581142276159,8.321029264290754,8.915194602270855,8
不使用 GP,2850,top500_persistence,0.8075931175026151,0.7351636860529466,0.8764302961601846,8
不使用 GP,2850,source_age,418.41666666666674,136.75,709.0572916666665,8
不使用 GP,2850,post_unique_tours,23.291666666666668,20.583333333333336,25.916666666666664,8
不使用 GP,2875,candidate_entropy,7.038666418383231,6.999351452862422,7.080841092959211,8
不使用 GP,2875,candidate_effective_arcs,1147.2210643637718,1099.30681507687,1200.8651202174624,8
不使用 GP,2875,candidate_gini,0.8892019295877559,0.8877532891459319,0.8904775898952578,8
不使用 GP,2875,top500_mass,0.4627598346886108,0.426892234232547,0.49546753694811974,8
不使用 GP,2875,top2500_mass,0.9924956775351119,0.9924567683234258,0.9925332692226452,8
不使用 GP,2875,floor_fraction,0.8763625,0.8602708333333333,0.8905020833333334,8
不使用 GP,2875,source_edge_lift,9.621212494512712,9.427194949044793,9.797842016043113,8
不使用 GP,2875,current_best_edge_lift,9.538392552417955,9.20938000066849,9.809866449026126,8
不使用 GP,2875,global_best_edge_lift,9.011455373773149,8.73506613939626,9.27393036871652,8
不使用 GP,2875,reference_edge_lift,8.63279616651291,8.333861794636578,8.963209721314216,8
不使用 GP,2875,top500_persistence,0.8080655148160263,0.729223530557522,0.882841712776872,8
不使用 GP,2875,source_age,490.375,217.20833333333331,739.003125,8
不使用 GP,2875,post_unique_tours,22.166666666666668,18.791666666666668,25.041666666666668,8
不使用 GP,2900,candidate_entropy,7.119461061520717,7.007583956312258,7.301200683870305,8
不使用 GP,2900,candidate_effective_arcs,1503.2568951431067,1107.7120378625268,2243.7604905084368,8
不使用 GP,2900,candidate_gini,0.8526086525707504,0.7784414652726293,0.8903433993507507,8
不使用 GP,2900,top500_mass,0.45786698911640855,0.4207381164613571,0.48771950119660246,8
不使用 GP,2900,top2500_mass,0.9615652251209067,0.8996900985448384,0.9925224240277135,8
不使用 GP,2900,floor_fraction,0.8452041666666666,0.7715791666666667,0.8893171875,8
不使用 GP,2900,source_edge_lift,9.273722365988931,8.549280197987304,9.749414961426815,8
不使用 GP,2900,current_best_edge_lift,9.273722365988931,8.534827496595128,9.757642016268301,8
不使用 GP,2900,global_best_edge_lift,8.683147857051,8.01196847924089,9.157039954642071,8
不使用 GP,2900,reference_edge_lift,8.380858837248773,7.61962527385414,8.959884066829751,8
不使用 GP,2900,top500_persistence,0.7559981584130309,0.6304315971011976,0.873195237541379,8
不使用 GP,2900,source_age,529.2083333333334,288.3677083333333,757.4177083333334,8
不使用 GP,2900,post_unique_tours,21.375,18.708333333333336,23.875,8
不使用 GP,2925,candidate_entropy,7.046533503790612,7.012690979172653,7.08675617243655,8
不使用 GP,2925,candidate_effective_arcs,1157.811496608856,1112.0251950842166,1214.087943880431,8
不使用 GP,2925,candidate_gini,0.8883956559133632,0.8849287260763805,0.8905073512020956,8
不使用 GP,2925,top500_mass,0.4596951636239839,0.42373988350033914,0.4860730978244395,8
不使用 GP,2925,top2500_mass,0.9916302533736597,0.9898564741949056,0.9925333360757265,8
不使用 GP,2925,floor_fraction,0.8457166666666667,0.7716833333333334,0.8887378125000001,8
不使用 GP,2925,source_edge_lift,9.594146190243842,9.441306305987581,9.730169461512467,8
不使用 GP,2925,current_best_edge_lift,9.42406267446125,9.192669073834708,9.653994357944075,8
不使用 GP,2925,global_best_edge_lift,9.04188246693569,8.774021604154012,9.331146187146995,8
不使用 GP,2925,reference_edge_lift,8.695409891241248,8.368304685404313,9.02707705736622,8
不使用 GP,2925,top500_persistence,0.7668170615268892,0.6754887875764148,0.8472598808287419,8
不使用 GP,2925,source_age,731.9166666666667,387.375,1052.0249999999996,8
不使用 GP,2925,post_unique_tours,23.875,21.875,25.416666666666668,8
不使用 GP,2950,candidate_entropy,7.0105519976859005,6.990727933196277,7.0333926298096845,8
不使用 GP,2950,candidate_effective_arcs,1110.6065816298267,1086.523235064516,1138.2822045894625,8
不使用 GP,2950,candidate_gini,0.8904702308352902,0.8897395784788433,0.8909588523450197,8
不使用 GP,2950,top500_mass,0.4778944118922207,0.45386050054963145,0.495710968246159,8
不使用 GP,2950,top2500_mass,0.9925203176524675,0.9924937738942302,0.99254384961151,8
不使用 GP,2950,floor_fraction,0.8828583333333334,0.8735666666666667,0.8916586458333334,8
不使用 GP,2950,source_edge_lift,9.765991869742345,9.659864094253397,9.860888025921858,8
不使用 GP,2950,current_best_edge_lift,9.65359578110745,9.458081994090552,9.821695921776865,8
不使用 GP,2950,global_best_edge_lift,9.15093133105568,8.853424916031319,9.459084472380178,8
不使用 GP,2950,reference_edge_lift,8.775907425256978,8.461718417469125,9.100471071625549,8
不使用 GP,2950,top500_persistence,0.865034376165239,0.7818134123583927,0.9304591300754024,8
不使用 GP,2950,source_age,473.25,250.625,686.5510416666666,8
不使用 GP,2950,post_unique_tours,22.375,20.208333333333336,24.5,8
不使用 GP,2975,candidate_entropy,6.994177589800336,6.983114983864698,7.010547290078604,8
不使用 GP,2975,candidate_effective_arcs,1091.2122761537594,1078.196755846515,1110.5114182631107,8
不使用 GP,2975,candidate_gini,0.8908457759559667,0.890450822843033,0.8910650858668034,8
不使用 GP,2975,top500_mass,0.49563452657889473,0.495553772839988,0.49576044305010714,8
不使用 GP,2975,top2500_mass,0.9925385824045272,0.9925218528272088,0.9925531181465276,8
不使用 GP,2975,floor_fraction,0.8919166666666667,0.8853867708333333,0.8970711458333332,8
不使用 GP,2975,source_edge_lift,9.839480792675497,9.771744756903987,9.889066170802021,8
不使用 GP,2975,current_best_edge_lift,9.815086668215681,9.690830042400098,9.890380324410494,8
不使用 GP,2975,global_best_edge_lift,9.189687316201782,8.883385751536965,9.48571778124429,8
不使用 GP,2975,reference_edge_lift,8.817296532331547,8.487217773001161,9.14737529166193,8
不使用 GP,2975,top500_persistence,0.8598785021757309,0.802445564153225,0.914173456977175,8
不使用 GP,2975,source_age,477.37500000000006,265.5416666666667,680.9687499999999,8
不使用 GP,2975,post_unique_tours,20.5,17.916666666666668,23.25,8
不使用 GP,3000,candidate_entropy,7.5445600402203645,7.2687731406376885,7.7357131509147825,8
不使用 GP,3000,candidate_effective_arcs,3314.146517709674,2199.803080253033,4064.024558734442,8
不使用 GP,3000,candidate_gini,0.6681991505585716,0.5938441165398631,0.7795775591297177,8
不使用 GP,3000,top500_mass,0.38422163380772356,0.3470748218759848,0.4398519558205476,8
不使用 GP,3000,top2500_mass,0.8069049736994873,0.7450165958578348,0.8997262674272625,8
不使用 GP,3000,floor_fraction,0.670375,0.5933666666666666,0.7818508333333333,8
不使用 GP,3000,source_edge_lift,7.644579524666479,6.875044287377857,8.753880656770207,8
不使用 GP,3000,current_best_edge_lift,7.69798216036857,6.87984651284463,8.682915818351187,8
不使用 GP,3000,global_best_edge_lift,7.112356979564664,6.288351288683095,8.12787137613332,8
不使用 GP,3000,reference_edge_lift,6.859319561790212,6.134212096419006,7.712332532842312,8
不使用 GP,3000,top500_persistence,0.5184936698613778,0.45183950924527916,0.6052285901205896,8
不使用 GP,3000,source_age,655.625,374.41666666666663,892.9583333333334,8
不使用 GP,3000,post_unique_tours,19.416666666666664,17.291666666666668,21.375,8
不使用 GP,3025,candidate_entropy,7.118104952462974,7.052940371395745,7.169047531715291,8
不使用 GP,3025,candidate_effective_arcs,1268.648024699247,1176.4949212279928,1339.4162523388088,8
不使用 GP,3025,candidate_gini,0.8802060618149812,0.8764248499756173,0.8842862626200768,8
不使用 GP,3025,top500_mass,0.4282424319396016,0.40462604147965703,0.46060353792259784,8
不使用 GP,3025,top2500_mass,0.987200812180179,0.9854084239895421,0.9898784145381551,8
不使用 GP,3025,floor_fraction,0.6716375,0.5949916666666667,0.782680625,8
不使用 GP,3025,source_edge_lift,9.31294253662048,9.079697611909076,9.57015356213151,8
不使用 GP,3025,current_best_edge_lift,9.24253343720468,8.999827076764184,9.548536464387615,8
不使用 GP,3025,global_best_edge_lift,8.76385839912664,8.338307875886287,9.200332701378803,8
不使用 GP,3025,reference_edge_lift,8.476484091928072,8.19519217941296,8.729606131391106,8
不使用 GP,3025,top500_persistence,0.5359419469425618,0.42475954650580944,0.6582256974973965,8
不使用 GP,3025,source_age,435.625,129.621875,745.25,8
不使用 GP,3025,post_unique_tours,22.375,20.125,24.666666666666668,8
不使用 GP,3050,candidate_entropy,7.057709912352277,7.023262706743908,7.085038953159957,8
不使用 GP,3050,candidate_effective_arcs,1171.5063936498432,1132.5381951359439,1205.3071210970895,8
不使用 GP,3050,candidate_gini,0.8884672071170622,0.8875128843229412,0.8896699496008295,8
不使用 GP,3050,top500_mass,0.4672842590903811,0.4421253355798368,0.4880939376031975,8
不使用 GP,3050,top2500_mass,0.9924776912598077,0.992445483331688,0.9925175003000726,8
不使用 GP,3050,floor_fraction,0.8689916666666666,0.8586041666666666,0.8813598958333332,8
不使用 GP,3050,source_edge_lift,9.564317189904804,9.424184320871928,9.721711390697394,8
不使用 GP,3050,current_best_edge_lift,9.375975196928268,9.169403414106016,9.610417089003704,8
不使用 GP,3050,global_best_edge_lift,8.948015814447988,8.530772020096855,9.36347796240848,8
不使用 GP,3050,reference_edge_lift,8.62724326129188,8.338585484911372,8.86847678013069,8
不使用 GP,3050,top500_persistence,0.7433509574980528,0.6708359340223514,0.8084726902263654,8
不使用 GP,3050,source_age,580.9583333333334,295.0,852.9708333333332,8
不使用 GP,3050,post_unique_tours,22.625,19.583333333333336,25.375,8
不使用 GP,3075,candidate_entropy,7.050146087925812,7.016421452013648,7.075590769802027,8
不使用 GP,3075,candidate_effective_arcs,1161.5310817385052,1120.7013187591554,1193.4261463918892,8
不使用 GP,3075,candidate_gini,0.8888137865018678,0.8878622438912297,0.8898726708142523,8
不使用 GP,3075,top500_mass,0.46392261302102333,0.4403065390390712,0.48575207515120034,8
不使用 GP,3075,top2500_mass,0.9924882143157272,0.9924582643994543,0.9925242609754024,8
不使用 GP,3075,floor_fraction,0.8727958333333333,0.8634290625000001,0.8857547916666666,8
不使用 GP,3075,source_edge_lift,9.54740158709236,9.410698004661016,9.702521126397448,8
不使用 GP,3075,current_best_edge_lift,9.530388840986028,9.30015002413618,9.81471563862814,8
不使用 GP,3075,global_best_edge_lift,9.015558844147478,8.61649724994454,9.409322716741146,8
不使用 GP,3075,reference_edge_lift,8.687836767784557,8.403173073647228,8.920738636275589,8
不使用 GP,3075,top500_persistence,0.7695616355946782,0.696498997929536,0.8417067652784815,8
不使用 GP,3075,source_age,647.0416666666666,341.74583333333334,933.8479166666664,8
不使用 GP,3075,post_unique_tours,19.916666666666664,17.666666666666664,22.375,8
不使用 GP,3100,candidate_entropy,7.226473040831376,7.043784871587125,7.471975748404445,8
不使用 GP,3100,candidate_effective_arcs,1891.3987098806037,1150.7710029983455,2973.1879363161647,8
不使用 GP,3100,candidate_gini,0.8152156027922803,0.7407230308485278,0.8893856443606488,8
不使用 GP,3100,top500_mass,0.4330613229706846,0.39390249639357755,0.4698101169722013,8
不使用 GP,3100,top2500_mass,0.9306221628299469,0.8378398161838951,0.9925005193312894,8
不使用 GP,3100,floor_fraction,0.8005666666666666,0.70085,0.8749083333333334,8
不使用 GP,3100,source_edge_lift,8.77870506749747,7.855078187757966,9.508468578376075,8
不使用 GP,3100,current_best_edge_lift,8.824048580777664,7.86898627548666,9.547314425526054,8
不使用 GP,3100,global_best_edge_lift,8.416335138387531,7.5553514781066555,9.16715345484679,8
不使用 GP,3100,reference_edge_lift,8.033720416736342,7.274580615101953,8.685495807305728,8
不使用 GP,3100,top500_persistence,0.7069495573407398,0.5881144830210217,0.8193625641090685,8
不使用 GP,3100,source_age,652.7916666666666,370.7083333333333,934.9583333333333,8
不使用 GP,3100,post_unique_tours,21.833333333333336,18.708333333333336,24.875,8
不使用 GP,3125,candidate_entropy,7.075220875984389,7.034035563218432,7.11776583136672,8
不使用 GP,3125,candidate_effective_arcs,1197.8182456205072,1140.4017848275246,1261.2684336090495,8
不使用 GP,3125,candidate_gini,0.8862441297022758,0.881864264477918,0.8896620922267711,8
不使用 GP,3125,top500_mass,0.46891948440743286,0.442163921907407,0.490488632341446,8
不使用 GP,3125,top2500_mass,0.9907219810620422,0.9880628836195875,0.9925083240163958,8
不使用 GP,3125,floor_fraction,0.8044833333333334,0.7242709375,0.8781212499999999,8
不使用 GP,3125,source_edge_lift,9.37587774901442,9.164396759705097,9.58981183146733,8
不使用 GP,3125,current_best_edge_lift,9.384367002388405,9.149797959314885,9.60091049909844,8
不使用 GP,3125,global_best_edge_lift,9.068254211724195,8.826849262632415,9.359908411220855,8
不使用 GP,3125,reference_edge_lift,8.666308152637368,8.541658092581425,8.788387773191232,8
不使用 GP,3125,top500_persistence,0.7303070859128715,0.6281267525981674,0.8275536074743867,8
不使用 GP,3125,source_age,660.25,364.54166666666663,921.2083333333333,8
不使用 GP,3125,post_unique_tours,21.625,19.416666666666668,24.083333333333332,8
不使用 GP,3150,candidate_entropy,7.035843867225649,7.010937384889545,7.059839526132489,8
不使用 GP,3150,candidate_effective_arcs,1141.6798474654827,1111.3555163792805,1173.5327341077407,8
不使用 GP,3150,candidate_gini,0.8896715837797959,0.8887107720620369,0.8905008736419541,8
不使用 GP,3150,top500_mass,0.49135974352352263,0.48296284662273475,0.49565937287758777,8
不使用 GP,3150,top2500_mass,0.9925019682534604,0.9924745315222019,0.9925293519843519,8
不使用 GP,3150,floor_fraction,0.8764125,0.8672124999999999,0.8858917708333334,8
不使用 GP,3150,source_edge_lift,9.64258819375656,9.522559207973156,9.759806743757906,8
不使用 GP,3150,current_best_edge_lift,9.52782716679393,9.377311418378802,9.685099451653938,8
不使用 GP,3150,global_best_edge_lift,9.219961694163453,9.035530772358392,9.44448698005054,8
不使用 GP,3150,reference_edge_lift,8.772111409939175,8.655573443292488,8.903519673159611,8
不使用 GP,3150,top500_persistence,0.8237534585846429,0.7323657597110808,0.9047204216191996,8
不使用 GP,3150,source_age,702.7916666666666,308.725,1053.25,8
不使用 GP,3150,post_unique_tours,22.708333333333336,20.0,25.25,8
不使用 GP,3175,candidate_entropy,7.022153086789384,6.996974326469101,7.048108367922798,8
不使用 GP,3175,candidate_effective_arcs,1125.8712827786796,1094.308025209843,1158.6429100398204,8
不使用 GP,3175,candidate_gini,0.8899216618968662,0.8890099844495727,0.8907348463049393,8
不使用 GP,3175,top500_mass,0.4699911736891268,0.44693497111796965,0.4905447478346124,8
不使用 GP,3175,top2500_mass,0.9925154903524773,0.9924877217368566,0.9925420243913433,8
不使用 GP,3175,floor_fraction,0.8818083333333333,0.872481875,0.8911211458333334,8
不使用 GP,3175,source_edge_lift,9.737812925718519,9.608701896374704,9.854672907453194,8
不使用 GP,3175,current_best_edge_lift,9.623885319721207,9.42325296450537,9.804203497704737,8
不使用 GP,3175,global_best_edge_lift,9.289805055023404,9.114037438659807,9.50295218301991,8
不使用 GP,3175,reference_edge_lift,8.842206305225876,8.701522768753449,9.006675635157706,8
不使用 GP,3175,top500_persistence,0.843055374735219,0.7540455282298365,0.9182663377761069,8
不使用 GP,3175,source_age,769.5833333333333,425.5416666666667,1053.253125,8
不使用 GP,3175,post_unique_tours,21.583333333333336,19.666666666666664,23.75,8
不使用 GP,3200,candidate_entropy,7.286977945506155,6.990481291674281,7.6804336616945275,8
不使用 GP,3200,candidate_effective_arcs,2223.7865752194166,1086.741594281017,3734.29023424481,8
不使用 GP,3200,candidate_gini,0.7790656456247065,0.6299858989002266,0.8908831839500566,8
不使用 GP,3200,top500_mass,0.4286925453679142,0.3421102386517544,0.4935842989390332,8
不使用 GP,3200,top2500_mass,0.8997038418846084,0.7759161298357081,0.9925451637694004,8
不使用 GP,3200,floor_fraction,0.7744624999999999,0.6164499999999999,0.8939125,8
不使用 GP,3200,source_edge_lift,8.706030881794577,7.121787021299532,9.923524966009609,8
不使用 GP,3200,current_best_edge_lift,8.655015260774945,6.986795100265802,9.91567309467871,8
不使用 GP,3200,global_best_edge_lift,8.206796815880672,6.573438096028632,9.454519014525044,8
不使用 GP,3200,reference_edge_lift,7.803925989508406,6.293341032323321,8.95638357569918,8
不使用 GP,3200,top500_persistence,0.6984077468187966,0.5219596156609062,0.8589065891533592,8
不使用 GP,3200,source_age,811.125,502.1802083333334,1070.753125,8
不使用 GP,3200,post_unique_tours,19.458333333333336,16.583333333333336,22.458333333333336,8
不使用 GP,3225,candidate_entropy,7.066566551514342,6.985500174195906,7.173427466228793,8
不使用 GP,3225,candidate_effective_arcs,1191.0172714735277,1082.1484254994898,1335.4118530591,8
不使用 GP,3225,candidate_gini,0.8854211389456039,0.8780234221410466,0.8909545173185757,8
不使用 GP,3225,top500_mass,0.45823846597494955,0.40640814757620125,0.49566607886336456,8
不使用 GP,3225,top2500_mass,0.9898509456238982,0.9862482520449576,0.9925499395738369,8
不使用 GP,3225,floor_fraction,0.7769250000000001,0.6199041666666667,0.8959791666666667,8
不使用 GP,3225,source_edge_lift,9.600168402599131,9.152714150167688,9.936025535701265,8
不使用 GP,3225,current_best_edge_lift,9.402963686117932,8.833095153594384,9.851616199638787,8
不使用 GP,3225,global_best_edge_lift,9.069755797888579,8.512951596352817,9.514656511056456,8
不使用 GP,3225,reference_edge_lift,8.58111538851681,8.157185081898565,8.953505001822451,8
不使用 GP,3225,top500_persistence,0.6991198362616942,0.5325477547373313,0.8486005904013351,8
不使用 GP,3225,source_age,583.1666666666666,263.2083333333333,904.4999999999999,8
不使用 GP,3225,post_unique_tours,21.291666666666668,16.833333333333332,25.75,8
不使用 GP,3250,candidate_entropy,7.032779468923199,6.981148058115355,7.101316124899878,8
不使用 GP,3250,candidate_effective_arcs,1139.7950371961483,1080.1861657979007,1218.2938227725913,8
不使用 GP,3250,candidate_gini,0.8894493935839984,0.887409432677157,0.8909809619394412,8
不使用 GP,3250,top500_mass,0.4756100548857466,0.4356407024697382,0.4957052445518364,8
不使用 GP,3250,top2500_mass,0.9924994172912708,0.9924278270781839,0.9925534530392623,8
不使用 GP,3250,floor_fraction,0.8780916666666667,0.8523666666666667,0.8975208333333333,8
不使用 GP,3250,source_edge_lift,9.672972735007463,9.391153726417809,9.886568370595505,8
不使用 GP,3250,current_best_edge_lift,9.556694150192959,9.113813411392513,9.894214693160565,8
不使用 GP,3250,global_best_edge_lift,9.14709886671345,8.670314765516283,9.534250606884347,8
不使用 GP,3250,reference_edge_lift,8.660857899091694,8.335951270792421,8.980472689433054,8
不使用 GP,3250,top500_persistence,0.860509733700163,0.7831085485150923,0.9270084443492634,8
不使用 GP,3250,source_age,683.5416666666667,338.0822916666667,1032.125,8
不使用 GP,3250,post_unique_tours,21.0,17.375,25.208333333333332,8
不使用 GP,3275,candidate_entropy,7.02067282300513,6.982651718199014,7.072587109774103,8
不使用 GP,3275,candidate_effective_arcs,1124.773541343343,1077.8858946155583,1184.5430996493048,8
不使用 GP,3275,candidate_gini,0.8898531966691414,0.8882063042447643,0.8910601557657838,8
不使用 GP,3275,top500_mass,0.4790828750190387,0.44608122612913476,0.49568182202439726,8
不使用 GP,3275,top2500_mass,0.9925146947801835,0.9924533085133476,0.9925580519501074,8
不使用 GP,3275,floor_fraction,0.8821291666666666,0.8602666666666667,0.8980460416666668,8
不使用 GP,3275,source_edge_lift,9.70417438855545,9.491936712397047,9.867114755335649,8
不使用 GP,3275,current_best_edge_lift,9.649269350630819,9.334006843552954,9.888201300115352,8
不使用 GP,3275,global_best_edge_lift,9.236635203279032,8.751340607565389,9.629930217781885,8
不使用 GP,3275,reference_edge_lift,8.712988650061064,8.379771359738628,9.042271989441002,8
不使用 GP,3275,top500_persistence,0.8000722083527796,0.7488608593420956,0.8667268574721142,8
不使用 GP,3275,source_age,842.2083333333333,418.14479166666666,1300.6322916666666,8
不使用 GP,3275,post_unique_tours,20.833333333333332,17.208333333333332,24.958333333333332,8
不使用 GP,3300,candidate_entropy,7.472026658518201,7.212796895182019,7.684125333305266,8
不使用 GP,3300,candidate_effective_arcs,2966.888581737854,1873.8810080258522,3731.21973222635,8
不使用 GP,3300,candidate_gini,0.7047745758992211,0.6297886205464974,0.8155625925953843,8
不使用 GP,3300,top500_mass,0.38517491159914286,0.3366293559901996,0.4400253453581693,8
不使用 GP,3300,top2500_mass,0.8378226668957225,0.7759130487059118,0.930612276583599,8
不使用 GP,3300,floor_fraction,0.7000583333333334,0.6177250000000001,0.8025208333333333,8
不使用 GP,3300,source_edge_lift,7.942992051827522,7.126625821012455,8.98073967969165,8
不使用 GP,3300,current_best_edge_lift,7.841024018166599,6.939974588567391,8.872464925485227,8
不使用 GP,3300,global_best_edge_lift,7.432005377881918,6.580975852454203,8.38865925637236,8
不使用 GP,3300,reference_edge_lift,7.10002689886165,6.22484419257787,8.077448972959482,8
不使用 GP,3300,top500_persistence,0.6561997651433704,0.5496012540762795,0.7674328130196217,8
不使用 GP,3300,source_age,836.0,393.19375,1312.5072916666666,8
不使用 GP,3300,post_unique_tours,20.166666666666664,16.748958333333334,24.166666666666668,8
不使用 GP,3325,candidate_entropy,7.115359875995699,7.055376212920695,7.167948696945233,8
不使用 GP,3325,candidate_effective_arcs,1259.6456922147652,1175.6620496103649,1333.3904157527595,8
不使用 GP,3325,candidate_gini,0.88163318196966,0.8775854334026558,0.8866430418155262,8
不使用 GP,3325,top500_mass,0.4303133449203442,0.3999024160731544,0.46269531585116774,8
不使用 GP,3325,top2500_mass,0.9880702150085143,0.9862710511826224,0.9907195628751335,8
不使用 GP,3325,floor_fraction,0.7014374999999999,0.6119803125000002,0.8074125000000001,8
不使用 GP,3325,source_edge_lift,9.322397141798852,9.102815142558624,9.596988792310459,8
不使用 GP,3325,current_best_edge_lift,9.205355344054428,8.919607533467072,9.523877300346989,8
不使用 GP,3325,global_best_edge_lift,8.837293161638476,8.420610979808965,9.234100342554243,8
不使用 GP,3325,reference_edge_lift,8.461037856093387,8.119978489028943,8.873709143300006,8
不使用 GP,3325,top500_persistence,0.5940799666149217,0.5224639891628905,0.6603103862695068,8
不使用 GP,3325,source_age,638.8333333333333,274.45833333333337,993.7083333333333,8
不使用 GP,3325,post_unique_tours,23.25,20.125,26.458333333333332,8
不使用 GP,3350,candidate_entropy,7.064975847898502,7.0289707584451335,7.099439409132323,8
不使用 GP,3350,candidate_effective_arcs,1179.360281176234,1134.5500631882937,1222.273921089805,8
不使用 GP,3350,candidate_gini,0.8884272362881984,0.8872969282112643,0.8896663684470946,8
不使用 GP,3350,top500_mass,0.4598347581947982,0.43425755246793424,0.48559133809566607,8
不使用 GP,3350,top2500_mass,0.9924725352177769,0.9924348928087663,0.9925131310940362,8
不使用 GP,3350,floor_fraction,0.8659958333333333,0.8523541666666667,0.8804960416666666,8
不使用 GP,3350,source_edge_lift,9.568693685543737,9.372617016146503,9.771245181385558,8
不使用 GP,3350,current_best_edge_lift,9.32350547926286,9.089448446113904,9.581179505379517,8
不使用 GP,3350,global_best_edge_lift,9.050810769436088,8.617441006157973,9.411554633846407,8
不使用 GP,3350,reference_edge_lift,8.62086445256234,8.300288951741251,9.015349852994454,8
不使用 GP,3350,top500_persistence,0.7763514729874775,0.7130486090683249,0.8357470025100768,8
不使用 GP,3350,source_age,760.625,340.16666666666663,1188.125,8
不使用 GP,3350,post_unique_tours,24.083333333333336,21.625,26.791666666666668,8
不使用 GP,3375,candidate_entropy,7.0494125981295035,7.018951612974238,7.078051815594316,8
不使用 GP,3375,candidate_effective_arcs,1159.233048601212,1121.624161885689,1193.2795997799512,8
不使用 GP,3375,candidate_gini,0.8891004602943391,0.8881554049272472,0.890093547940139,8
不使用 GP,3375,top500_mass,0.4632656937093123,0.43989925732766016,0.4872204007934676,8
不使用 GP,3375,top2500_mass,0.9924905204880903,0.9924608415107636,0.9925217550359948,8
不使用 GP,3375,floor_fraction,0.8719458333333334,0.8610290625000001,0.8840916666666667,8
不使用 GP,3375,source_edge_lift,9.55510965894884,9.404726152021398,9.722677296342518,8
不使用 GP,3375,current_best_edge_lift,9.456877545072693,9.256623884363442,9.698129699247222,8
不使用 GP,3375,global_best_edge_lift,9.101907034003307,8.700965376182818,9.449420266143958,8
不使用 GP,3375,reference_edge_lift,8.679253737645912,8.379213017455958,9.065732978967457,8
不使用 GP,3375,top500_persistence,0.810976798459241,0.7536769100332742,0.8570945997738961,8
不使用 GP,3375,source_age,721.4583333333333,391.5729166666667,1029.4583333333333,8
不使用 GP,3375,post_unique_tours,22.125,19.291666666666664,25.5,8
不使用 GP,3400,candidate_entropy,7.401760579141554,7.093879909534582,7.779884381788034,8
不使用 GP,3400,candidate_effective_arcs,2621.8434717304563,1480.5209383242372,4121.85558041115,8
不使用 GP,3400,candidate_gini,0.7413812312975621,0.5925657036295682,0.8532391367529963,8
不使用 GP,3400,top500_mass,0.41499238064208555,0.32774160287311555,0.4773555085204739,8
不使用 GP,3400,top2500_mass,0.868743459877541,0.744977584607535,0.9615843204739976,8
不使用 GP,3400,floor_fraction,0.7279583333333334,0.5745416666666667,0.8515125,8
不使用 GP,3400,source_edge_lift,8.140464068101249,6.594619962948401,9.377828633895561,8
不使用 GP,3400,current_best_edge_lift,8.129793198067677,6.580353355722485,9.442358085082022,8
不使用 GP,3400,global_best_edge_lift,7.666433306698504,6.168097477764199,8.940568435468137,8
不使用 GP,3400,reference_edge_lift,7.3712499968689436,5.865033073012206,8.661298672649433,8
不使用 GP,3400,top500_persistence,0.6451713204905032,0.47473094139842,0.7958263531436699,8
不使用 GP,3400,source_age,761.2083333333335,406.45625,1088.0,8
不使用 GP,3400,post_unique_tours,21.541666666666664,19.291666666666664,23.916666666666664,8
不使用 GP,3425,candidate_entropy,7.107257739467044,7.024918156551853,7.208799569861351,8
不使用 GP,3425,candidate_effective_arcs,1245.5264391793758,1129.410006396233,1386.0944069961972,8
不使用 GP,3425,candidate_gini,0.8830882588670843,0.8755162682547843,0.8891880199462749,8
不使用 GP,3425,top500_mass,0.45629307881628167,0.4087387552803937,0.48960923510978815,8
不使用 GP,3425,top2500_mass,0.9889542912555764,0.9853793720960695,0.9916476511230055,8
不使用 GP,3425,floor_fraction,0.7331416666666667,0.5791625,0.8544993749999996,8
不使用 GP,3425,source_edge_lift,9.3286705280869,8.902788944195148,9.684318447151679,8
不使用 GP,3425,current_best_edge_lift,9.381035499282895,8.757029334402862,9.982130819016664,8
不使用 GP,3425,global_best_edge_lift,8.797585362513123,8.293434388888617,9.27393573608762,8
不使用 GP,3425,reference_edge_lift,8.44529440903476,7.989575811546161,8.952696817639426,8
不使用 GP,3425,top500_persistence,0.6830258351063943,0.4990920692429465,0.8594620888917558,8
不使用 GP,3425,source_age,586.0416666666667,237.57916666666668,955.5833333333333,8
不使用 GP,3425,post_unique_tours,25.458333333333332,22.5,28.375,8
不使用 GP,3450,candidate_entropy,7.0479596452894935,7.000957224445165,7.104168123083627,8
不使用 GP,3450,candidate_effective_arcs,1157.569510618917,1099.614761812156,1226.2561407387416,8
不使用 GP,3450,candidate_gini,0.8891274578353846,0.8872994867122183,0.890635003166274,8
不使用 GP,3450,top500_mass,0.45148184365975924,0.406894245104953,0.48575009216715676,8
不使用 GP,3450,top2500_mass,0.9924901980047702,0.9924448372214212,0.9925306285622048,8
不使用 GP,3450,floor_fraction,0.8711583333333334,0.8489375,0.8894166666666665,8
不使用 GP,3450,source_edge_lift,9.581971660982266,9.305834033774996,9.81689730609172,8
不使用 GP,3450,current_best_edge_lift,9.50727338900301,9.072260891685492,9.875303388359248,8
不使用 GP,3450,global_best_edge_lift,8.922784478213423,8.502367316748172,9.360193912821849,8
不使用 GP,3450,reference_edge_lift,8.57721051226455,8.195521008298382,9.060901197557708,8
不使用 GP,3450,top500_persistence,0.7828501707741611,0.6946813385025942,0.8701429323743586,8
不使用 GP,3450,source_age,599.25,248.57916666666668,980.1072916666664,8
不使用 GP,3450,post_unique_tours,24.791666666666668,22.208333333333336,27.541666666666664,8
不使用 GP,3475,candidate_entropy,7.035779362790372,6.995405670427841,7.081897202739362,8
不使用 GP,3475,candidate_effective_arcs,1142.4490585064314,1092.7597636518651,1201.7734667599216,8
不使用 GP,3475,candidate_gini,0.889516897389451,0.8880224948634549,0.8907092979779446,8
不使用 GP,3475,top500_mass,0.46340262488009026,0.43109756771004304,0.48589551118407204,8
不使用 GP,3475,top2500_mass,0.9925012337595565,0.9924630328542912,0.9925351292606186,8
不使用 GP,3475,floor_fraction,0.8777083333333333,0.8601000000000001,0.8928083333333333,8
不使用 GP,3475,source_edge_lift,9.640751334080251,9.39029555523032,9.877035815931066,8
不使用 GP,3475,current_best_edge_lift,9.621446745619096,9.207872533384522,10.044026667570316,8
不使用 GP,3475,global_best_edge_lift,8.989763041129537,8.585574857743538,9.401980467602506,8
不使用 GP,3475,reference_edge_lift,8.628190311585453,8.269043450611452,9.073390941447723,8
不使用 GP,3475,top500_persistence,0.777110203476804,0.7095330901447737,0.838781754144583,8
不使用 GP,3475,source_age,608.2916666666667,246.62499999999997,988.9166666666667,8
不使用 GP,3475,post_unique_tours,22.416666666666664,19.375,25.875,8
不使用 GP,3500,candidate_entropy,7.30256543708615,7.101663049491283,7.551793597808131,8
不使用 GP,3500,candidate_effective_arcs,2242.7347456391526,1478.3043836465185,3323.612343809138,8
不使用 GP,3500,candidate_gini,0.7786164889334777,0.6679993862483945,0.8533307629146417,8
不使用 GP,3500,top500_mass,0.4151671044078503,0.37494176056574785,0.4564276519030264,8
不使用 GP,3500,top2500_mass,0.8996900006202064,0.8068985414668808,0.9924480963703115,8
不使用 GP,3500,floor_fraction,0.7690208333333334,0.66795,0.8509545833333333,8
不使用 GP,3500,source_edge_lift,8.56399443991372,7.627261386799277,9.38311390065169,8
不使用 GP,3500,current_best_edge_lift,8.525804214428767,7.600451271822184,9.333139076783626,8
不使用 GP,3500,global_best_edge_lift,7.948720325575549,7.232857873369429,8.619720550072007,8
不使用 GP,3500,reference_edge_lift,7.605582023612969,6.930032494976766,8.208685217966638,8
不使用 GP,3500,top500_persistence,0.662777822680084,0.5835108415179052,0.7403825132443764,8
不使用 GP,3500,source_age,757.875,365.871875,1126.975,8
不使用 GP,3500,post_unique_tours,22.958333333333332,19.291666666666668,26.41770833333332,8
不使用 GP,3525,candidate_entropy,7.076247857392595,7.027360671459263,7.1240803507423,8
不使用 GP,3525,candidate_effective_arcs,1202.9706476748952,1135.3471322253213,1270.1493535228512,8
不使用 GP,3525,candidate_gini,0.8851387418359136,0.8804122750417087,0.8891132738559857,8
不使用 GP,3525,top500_mass,0.45841448577081645,0.43294758144240214,0.4833559800917834,8
不使用 GP,3525,top2500_mass,0.9898344541070166,0.9871735798876613,0.991634611214044,8
不使用 GP,3525,floor_fraction,0.7728041666666667,0.6700999999999999,0.8550038541666662,8
不使用 GP,3525,source_edge_lift,9.50521564095434,9.321438832091527,9.688364083547345,8
不使用 GP,3525,current_best_edge_lift,9.441279314343005,9.151267513518214,9.746786721063932,8
不使用 GP,3525,global_best_edge_lift,8.808076075643532,8.631464539380836,8.98696829172296,8
不使用 GP,3525,reference_edge_lift,8.418276025719559,8.249214728829827,8.627329470060385,8
不使用 GP,3525,top500_persistence,0.7117240294025851,0.6310133409247436,0.7981231427503381,8
不使用 GP,3525,source_age,521.375,262.70104166666664,775.8364583333333,8
不使用 GP,3525,post_unique_tours,21.75,19.666666666666664,24.291666666666668,8
不使用 GP,3550,candidate_entropy,7.035967751005469,7.010603910229015,7.060907598923318,8
不使用 GP,3550,candidate_effective_arcs,1142.3237959193368,1109.8311642581828,1174.515786794783,8
不使用 GP,3550,candidate_gini,0.8895814245372101,0.8885671306045674,0.8905233193553185,8
不使用 GP,3550,top500_mass,0.4579923403584072,0.43544690693969457,0.4812598162577947,8
不使用 GP,3550,top2500_mass,0.9924966093886953,0.9924678047417471,0.992525921161044,8
不使用 GP,3550,floor_fraction,0.8764833333333333,0.8666041666666666,0.88625,8
不使用 GP,3550,source_edge_lift,9.632041861161023,9.50978234214106,9.762917423212096,8
不使用 GP,3550,current_best_edge_lift,9.49550083719825,9.315711716547797,9.689597274317546,8
不使用 GP,3550,global_best_edge_lift,9.01784865409467,8.829794843062258,9.164695000889878,8
不使用 GP,3550,reference_edge_lift,8.565729313338005,8.343342540224315,8.807651410937865,8
不使用 GP,3550,top500_persistence,0.8121436561439228,0.7759678018035024,0.8410452476755722,8
不使用 GP,3550,source_age,765.25,393.05,1136.0864583333334,8
不使用 GP,3550,post_unique_tours,23.333333333333336,20.958333333333332,25.458333333333336,8
不使用 GP,3575,candidate_entropy,7.01957062217726,6.993029252430775,7.046686230282873,8
不使用 GP,3575,candidate_effective_arcs,1122.7299484722514,1090.3281532355375,1155.8577823559692,8
不使用 GP,3575,candidate_gini,0.8899983742806095,0.8891115794957443,0.8907913610402403,8
不使用 GP,3575,top500_mass,0.48100166307735115,0.4616178581301519,0.4956467593723739,8
不使用 GP,3575,top2500_mass,0.9925142702201106,0.9924886204122652,0.9925375096839542,8
不使用 GP,3575,floor_fraction,0.8812583333333333,0.8714416666666667,0.8911093749999999,8
不使用 GP,3575,source_edge_lift,9.70656644287187,9.578494435847919,9.837229521571402,8
不使用 GP,3575,current_best_edge_lift,9.640310277824627,9.44133007953284,9.816717552339364,8
不使用 GP,3575,global_best_edge_lift,9.218572865641823,8.989274335914168,9.378410421657957,8
不使用 GP,3575,reference_edge_lift,8.660851174849284,8.409447333948288,8.932730685222635,8
不使用 GP,3575,top500_persistence,0.8237317583709511,0.7717666447541871,0.8705290352907584,8
不使用 GP,3575,source_age,670.625,317.08333333333337,1041.3333333333335,8
不使用 GP,3575,post_unique_tours,21.708333333333332,19.583333333333336,24.0,8
不使用 GP,3600,candidate_entropy,7.377561442369192,7.087017875496349,7.664810343325264,8
不使用 GP,3600,candidate_effective_arcs,2592.616742301083,1462.1648682772861,3719.447737221618,8
不使用 GP,3600,candidate_gini,0.7420450209071142,0.6304447603335527,0.8537356273534239,8
不使用 GP,3600,top500_mass,0.4130835263532785,0.35737811377321227,0.4769836927872471,8
不使用 GP,3600,top2500_mass,0.8687682129158525,0.7759386611022109,0.9615990758214047,8
不使用 GP,3600,floor_fraction,0.7380833333333334,0.6234829166666668,0.8549298958333333,8
不使用 GP,3600,source_edge_lift,8.306160798349897,7.144597175711395,9.478141952678907,8
不使用 GP,3600,current_best_edge_lift,8.20897329264929,7.010859718183562,9.422044308691245,8
不使用 GP,3600,global_best_edge_lift,7.825588208734997,6.791179550036386,8.832361294333614,8
不使用 GP,3600,reference_edge_lift,7.388490541139371,6.45777187216326,8.331149801118158,8
不使用 GP,3600,top500_persistence,0.6208187865236838,0.5519240114649049,0.6943231076501759,8
不使用 GP,3600,source_age,713.8333333333334,376.0,1082.0,8
不使用 GP,3600,post_unique_tours,21.125,19.0,23.5,8
不使用 GP,3625,candidate_entropy,7.08135698729938,7.010563973960426,7.1526316906853635,8
不使用 GP,3625,candidate_effective_arcs,1212.2836352044833,1115.091409386851,1306.831514879149,8
不使用 GP,3625,candidate_gini,0.8839333492495105,0.87875274178095,0.8892160072506543,8
不使用 GP,3625,top500_mass,0.45077087781628655,0.4104651536588846,0.4867099950878639,8
不使用 GP,3625,top2500_mass,0.9889727965883588,0.9862936695250408,0.9916528675609215,8
不使用 GP,3625,floor_fraction,0.7423875,0.6279583333333334,0.858425,8
不使用 GP,3625,source_edge_lift,9.483234849196755,9.184301915257223,9.76512940500017,8
不使用 GP,3625,current_best_edge_lift,9.375198790053606,8.999369059879115,9.763322700892303,8
不使用 GP,3625,global_best_edge_lift,8.951281889971384,8.639177670357844,9.296153383507587,8
不使用 GP,3625,reference_edge_lift,8.511297771229795,8.267535295995065,8.839460479809096,8
不使用 GP,3625,top500_persistence,0.6488875408955349,0.5753716861068884,0.7285632925699707,8
不使用 GP,3625,source_age,809.1666666666667,439.62083333333334,1113.939583333333,8
不使用 GP,3625,post_unique_tours,21.916666666666664,19.458333333333336,24.541666666666664,8
不使用 GP,3650,candidate_entropy,7.0353908234712845,6.993650394548681,7.0735454520074335,8
不使用 GP,3650,candidate_effective_arcs,1142.848582304667,1091.4426542039657,1193.9769404570081,8
不使用 GP,3650,candidate_gini,0.8893623136886615,0.8881368385021053,0.8906280724030315,8
不使用 GP,3650,top500_mass,0.4740281121242984,0.4533961523076395,0.48945636638581774,8
不使用 GP,3650,top2500_mass,0.9924941526193279,0.992446292610585,0.9925391078069059,8
不使用 GP,3650,floor_fraction,0.8772041666666667,0.8610488541666668,0.8932708333333333,8
不使用 GP,3650,source_edge_lift,9.615045838012023,9.398025111760894,9.824074269524644,8
不使用 GP,3650,current_best_edge_lift,9.60979075895187,9.354695459710722,9.829586826765494,8
不使用 GP,3650,global_best_edge_lift,9.116314845173736,8.844055865195669,9.414360333173578,8
不使用 GP,3650,reference_edge_lift,8.622298724212985,8.405569454729314,8.916113848731168,8
不使用 GP,3650,top500_persistence,0.8017358459939629,0.7346413837143838,0.8770349753417734,8
不使用 GP,3650,source_age,955.9166666666666,657.2916666666667,1182.084375,8
不使用 GP,3650,post_unique_tours,22.291666666666664,19.583333333333332,24.833333333333332,8
不使用 GP,3675,candidate_entropy,7.026329481387714,6.9928973708892945,7.059461909599916,8
不使用 GP,3675,candidate_effective_arcs,1130.914082174471,1090.7309181144635,1170.969527662719,8
不使用 GP,3675,candidate_gini,0.8898062216482625,0.8888859403612493,0.8907436014840118,8
不使用 GP,3675,top500_mass,0.4615502741066495,0.4372525995029408,0.4867267412731934,8
不使用 GP,3675,top2500_mass,0.9925097341672716,0.9924737549976735,0.9925433590960681,8
不使用 GP,3675,floor_fraction,0.8800458333333334,0.8665154166666666,0.8940418750000001,8
不使用 GP,3675,source_edge_lift,9.693758223218525,9.546961810544143,9.844317176968042,8
不使用 GP,3675,current_best_edge_lift,9.639764158857119,9.395129330123188,9.823747137521915,8
不使用 GP,3675,global_best_edge_lift,9.23978447959627,9.00186182547367,9.498705462195751,8
不使用 GP,3675,reference_edge_lift,8.730375030511896,8.557789512746666,8.987897832190884,8
不使用 GP,3675,top500_persistence,0.7722854252794301,0.6992362289597563,0.8465077581987092,8
不使用 GP,3675,source_age,901.2916666666667,493.5729166666667,1297.7916666666667,8
不使用 GP,3675,post_unique_tours,21.833333333333336,18.541666666666664,25.125,8
不使用 GP,3700,candidate_entropy,7.292867837276992,7.090409097806032,7.565014693213364,8
不使用 GP,3700,candidate_effective_arcs,2230.750431920388,1465.8770218946547,3337.0213961052173,8
不使用 GP,3700,candidate_gini,0.7789292699142435,0.667706507038824,0.8535959051841302,8
不使用 GP,3700,top500_mass,0.41836030864447393,0.36265055512828903,0.4686965690744778,8
不使用 GP,3700,top2500_mass,0.899702904805753,0.8068911624378612,0.9616054383648881,8
不使用 GP,3700,floor_fraction,0.7728250000000001,0.6635458333333333,0.8614421874999957,8
不使用 GP,3700,source_edge_lift,8.608070528178642,7.5645019196919545,9.476639621934806,8
不使用 GP,3700,current_best_edge_lift,8.583319073421775,7.519479257813455,9.438006817126823,8
不使用 GP,3700,global_best_edge_lift,8.262316860070701,7.173399566393456,9.269291313783276,8
不使用 GP,3700,reference_edge_lift,7.799361531044203,6.73881062621204,8.69865804202347,8
不使用 GP,3700,top500_persistence,0.6857781462951151,0.5368185459471343,0.8174373436672766,8
不使用 GP,3700,source_age,911.7083333333334,500.04687500000006,1315.9249999999997,8
不使用 GP,3700,post_unique_tours,20.25,17.125,23.25,8
不使用 GP,3725,candidate_entropy,7.068219570742315,7.012388894886888,7.128665653408599,8
不使用 GP,3725,candidate_effective_arcs,1193.8912179251452,1116.142502307199,1279.5656698926277,8
不使用 GP,3725,candidate_gini,0.8853107465856054,0.8801212579365996,0.8891901943012657,8
不使用 GP,3725,top500_mass,0.4564192773675264,0.42270811186512963,0.48458385724842656,8
不使用 GP,3725,top2500_mass,0.9898554260762165,0.9871847184698619,0.9916657514589438,8
不使用 GP,3725,floor_fraction,0.7763791666666666,0.6655666666666666,0.8590137499999999,8
不使用 GP,3725,source_edge_lift,9.531123173699733,9.306788874409557,9.74471207513143,8
不使用 GP,3725,current_best_edge_lift,9.474259310059999,9.19905190573119,9.733544814550276,8
不使用 GP,3725,global_best_edge_lift,9.18980682572563,8.819730459369975,9.49820760194431,8
不使用 GP,3725,reference_edge_lift,8.671793963226243,8.417070494072433,8.97911537489565,8
不使用 GP,3725,top500_persistence,0.653883643311269,0.5229709784131156,0.7927612558791065,8
不使用 GP,3725,source_age,769.8333333333334,346.0531250000001,1226.5416666666665,8
不使用 GP,3725,post_unique_tours,21.458333333333336,18.582291666666666,24.333333333333332,8
不使用 GP,3750,candidate_entropy,7.027063446711868,6.994967886986416,7.0639729156013695,8
不使用 GP,3750,candidate_effective_arcs,1132.7390735191677,1093.1412491345134,1178.7917890418644,8
不使用 GP,3750,candidate_gini,0.889622520795793,0.888280128756252,0.8907224000577652,8
不使用 GP,3750,top500_mass,0.4729965538011134,0.4469563356761952,0.4931396668267161,8
不使用 GP,3750,top2500_mass,0.9925102264269087,0.9924651109209683,0.9925462264437135,8
不使用 GP,3750,floor_fraction,0.8798958333333333,0.8662208333333334,0.8923208333333333,8
不使用 GP,3750,source_edge_lift,9.679237384846239,9.495187996067134,9.835271261201667,8
不使用 GP,3750,current_best_edge_lift,9.616266381524156,9.42048639673883,9.80005238342028,8
不使用 GP,3750,global_best_edge_lift,9.278313895931133,8.96494032599319,9.539303281527094,8
不使用 GP,3750,reference_edge_lift,8.776561998660327,8.560647685671354,9.033063940202931,8
不使用 GP,3750,top500_persistence,0.8370404496707698,0.7646097912928437,0.9108959772621312,8
不使用 GP,3750,source_age,786.75,318.58333333333337,1229.303125,8
不使用 GP,3750,post_unique_tours,21.708333333333332,19.083333333333332,24.958333333333332,8
不使用 GP,3775,candidate_entropy,7.014842976596479,6.9906464674239706,7.044920583812581,8
不使用 GP,3775,candidate_effective_arcs,1117.0292037748247,1088.8529417252605,1153.5354982881004,8
不使用 GP,3775,candidate_gini,0.890124900694117,0.8892420029938837,0.890815473613146,8
不使用 GP,3775,top500_mass,0.4876806902870291,0.47170854440273713,0.49576910950937764,8
不使用 GP,3775,top2500_mass,0.992524150054553,0.9924893591218722,0.9925544388704587,8
不使用 GP,3775,floor_fraction,0.8847708333333333,0.8731125,0.89435875,8
不使用 GP,3775,source_edge_lift,9.774398515667976,9.651394629674467,9.875860437295366,8
不使用 GP,3775,current_best_edge_lift,9.68882798628097,9.500922611998408,9.853520705241712,8
不使用 GP,3775,global_best_edge_lift,9.384554974798956,9.096522604094668,9.641984164988058,8
不使用 GP,3775,reference_edge_lift,8.85510448339279,8.669935951676571,9.085578831547306,8
不使用 GP,3775,top500_persistence,0.8283957616711995,0.7698891937247183,0.8900029123038966,8
不使用 GP,3775,source_age,885.5833333333333,443.0395833333334,1331.375,8
不使用 GP,3775,post_unique_tours,21.208333333333332,18.708333333333332,24.625,8
不使用 GP,3800,candidate_entropy,7.1943162965331044,7.008855692367368,7.448292638385082,8
不使用 GP,3800,candidate_effective_arcs,1852.6160400025847,1110.4718139306929,2938.272603465364,8
不使用 GP,3800,candidate_gini,0.8161101060593673,0.7052465826652187,0.8903679090524651,8
不使用 GP,3800,top500_mass,0.4513372266517036,0.402786169844613,0.4955503347071542,8
不使用 GP,3800,top2500_mass,0.9306523288842179,0.8378613860756898,0.9925335274286256,8
不使用 GP,3800,floor_fraction,0.8141166666666666,0.7110270833333333,0.8885,8
不使用 GP,3800,source_edge_lift,8.999097543370937,8.038580947361059,9.73563226414375,8
不使用 GP,3800,current_best_edge_lift,9.034434490221539,8.038948293191929,9.78522535436614,8
不使用 GP,3800,global_best_edge_lift,8.712883734646246,7.82383909934711,9.469377679864184,8
不使用 GP,3800,reference_edge_lift,8.257481814362105,7.49647636136442,8.87842502174218,8
不使用 GP,3800,top500_persistence,0.7468325126969166,0.6445155285493102,0.8404945866783042,8
不使用 GP,3800,source_age,951.4166666666667,481.87500000000006,1426.6677083333332,8
不使用 GP,3800,post_unique_tours,19.458333333333336,16.375,22.625,8
不使用 GP,3825,candidate_entropy,7.04099199778694,6.996465390277042,7.093241165543743,8
不使用 GP,3825,candidate_effective_arcs,1156.8566067423922,1093.654219820703,1231.4310450014586,8
不使用 GP,3825,candidate_gini,0.8871660684392926,0.8822506535199696,0.8907856327328643,8
不使用 GP,3825,top500_mass,0.47394124171878893,0.4443592554503923,0.49573278487344896,8
不使用 GP,3825,top2500_mass,0.9907551048274199,0.9881103566075042,0.9925388637073024,8
不使用 GP,3825,floor_fraction,0.8164083333333334,0.7102333333333334,0.8914,8
不使用 GP,3825,source_edge_lift,9.668823724923936,9.442688188367242,9.860022551703072,8
不使用 GP,3825,current_best_edge_lift,9.581731272942239,9.293362333252215,9.842916937790296,8
不使用 GP,3825,global_best_edge_lift,9.272136588352783,8.986969280635709,9.546735765788943,8
不使用 GP,3825,reference_edge_lift,8.815977286252068,8.650651255969114,9.021944421504642,8
不使用 GP,3825,top500_persistence,0.8137456837920544,0.7038339527484039,0.9090898041365681,8
不使用 GP,3825,source_age,779.2499999999999,389.6177083333333,1168.6791666666663,8
不使用 GP,3825,post_unique_tours,18.958333333333336,15.457291666666666,22.333333333333336,8
不使用 GP,3850,candidate_entropy,7.013298452103984,6.985291949572451,7.045613842217198,8
不使用 GP,3850,candidate_effective_arcs,1115.9748590536178,1080.4069740175967,1157.6310217128023,8
不使用 GP,3850,candidate_gini,0.890009285089427,0.888698114736014,0.8909745470906477,8
不使用 GP,3850,top500_mass,0.4763646125838172,0.44824920571218807,0.49568828000635085,8
不使用 GP,3850,top2500_mass,0.9925210961677859,0.9924906649361697,0.9925502574971938,8
不使用 GP,3850,floor_fraction,0.8854083333333334,0.8739250000000001,0.8956208333333333,8
不使用 GP,3850,source_edge_lift,9.747523064146144,9.587280869131124,9.885335975362851,8
不使用 GP,3850,current_best_edge_lift,9.706234692515842,9.452503549053889,9.94016988715095,8
不使用 GP,3850,global_best_edge_lift,9.33324351824051,9.066978590391907,9.584321592315444,8
不使用 GP,3850,reference_edge_lift,8.861943415522125,8.704044092764695,9.055745705122728,8
不使用 GP,3850,top500_persistence,0.8400351210771175,0.758253936852316,0.9129292938025058,8
不使用 GP,3850,source_age,850.9583333333333,482.91666666666663,1213.6260416666667,8
不使用 GP,3850,post_unique_tours,19.875,17.375,22.583333333333336,8
不使用 GP,3875,candidate_entropy,7.009604820533287,6.983959483072668,7.040567957481342,8
不使用 GP,3875,candidate_effective_arcs,1111.1751123840718,1079.671419444619,1150.68960853577,8
不使用 GP,3875,candidate_gini,0.8901886807802283,0.8891048716143675,0.8910339632940771,8
不使用 GP,3875,top500_mass,0.4740899823317577,0.44943414569341944,0.4956771007602737,8
不使用 GP,3875,top2500_mass,0.9925292692806229,0.9925014571814104,0.9925542074078278,8
不使用 GP,3875,floor_fraction,0.8869916666666666,0.8755207291666667,0.8967708333333333,8
不使用 GP,3875,source_edge_lift,9.816641336186002,9.650172558974026,9.981123420539001,8
不使用 GP,3875,current_best_edge_lift,9.769478866476522,9.511761637807254,10.027649045244983,8
不使用 GP,3875,global_best_edge_lift,9.430076606487399,9.163863054040482,9.689297301474289,8
不使用 GP,3875,reference_edge_lift,8.938134464890396,8.786990252195952,9.130451797435805,8
不使用 GP,3875,top500_persistence,0.8761822836930288,0.8177668566394776,0.9292550309620045,8
不使用 GP,3875,source_age,861.1666666666667,482.70833333333337,1234.0,8
不使用 GP,3875,post_unique_tours,19.916666666666668,17.458333333333336,22.708333333333336,8
不使用 GP,3900,candidate_entropy,7.466109583148976,7.100684029376501,7.850319014433922,8
不使用 GP,3900,candidate_effective_arcs,2960.046012897515,1482.3030094153569,4464.688945206499,8
不使用 GP,3900,candidate_gini,0.7048843089742491,0.5557479684466444,0.8532660086593028,8
不使用 GP,3900,top500_mass,0.383670730892874,0.2904956940065269,0.4580957092828082,8
不使用 GP,3900,top2500_mass,0.8378342784626144,0.7140645696771686,0.9615828443891765,8
不使用 GP,3900,floor_fraction,0.7029208333333332,0.5470879166666667,0.8464493749999997,8
不使用 GP,3900,source_edge_lift,8.033560497147908,6.471632583208153,9.466185898918965,8
不使用 GP,3900,current_best_edge_lift,7.94059136128658,6.336651620306296,9.350292034478278,8
不使用 GP,3900,global_best_edge_lift,7.601131487975522,6.079892216382473,8.890272858309043,8
不使用 GP,3900,reference_edge_lift,7.260385627578273,5.801751927662798,8.554425667896997,8
不使用 GP,3900,top500_persistence,0.6761994097522028,0.5221455333955044,0.8102332837096538,8
不使用 GP,3900,source_age,963.0416666666667,531.0625,1392.5,8
不使用 GP,3900,post_unique_tours,18.0,15.083333333333332,21.0,8
不使用 GP,3925,candidate_entropy,7.108924165148376,7.024946190890146,7.2159136962944945,8
不使用 GP,3925,candidate_effective_arcs,1252.1143732141268,1138.256371202492,1394.2242712956906,8
不使用 GP,3925,candidate_gini,0.881728889928227,0.8741676540030665,0.8886820549971375,8
不使用 GP,3925,top500_mass,0.43169354605078614,0.36570633615704096,0.4824929375034575,8
不使用 GP,3925,top2500_mass,0.9880646504176203,0.984454323218376,0.9916359999854699,8
不使用 GP,3925,floor_fraction,0.7041166666666667,0.5489605208333334,0.8523625,8
不使用 GP,3925,source_edge_lift,9.450150023923666,9.042460778515819,9.820252528577385,8
不使用 GP,3925,current_best_edge_lift,9.234363005248428,8.684333266805496,9.65801441279946,8
不使用 GP,3925,global_best_edge_lift,8.94080342492548,8.440755498384448,9.373827252772944,8
不使用 GP,3925,reference_edge_lift,8.595950891422582,8.159140346204882,9.01048380589237,8
不使用 GP,3925,top500_persistence,0.6494754907010716,0.49145836886981287,0.8002442557495952,8
不使用 GP,3925,source_age,665.2499999999999,236.62395833333332,1332.2510416666667,8
不使用 GP,3925,post_unique_tours,22.333333333333336,19.458333333333336,25.666666666666668,8
不使用 GP,3950,candidate_entropy,7.050991559787851,7.003424007260962,7.107167940417114,8
不使用 GP,3950,candidate_effective_arcs,1162.9729607641957,1104.0954351102146,1232.94436601899,8
不使用 GP,3950,candidate_gini,0.8887276071862484,0.8868957009737444,0.890436990304372,8
不使用 GP,3950,top500_mass,0.4488290339900282,0.40540835715497375,0.48283085417058313,8
不使用 GP,3950,top2500_mass,0.9924847024920789,0.9924237752590213,0.9925339169185073,8
不使用 GP,3950,floor_fraction,0.8701416666666667,0.8461833333333334,0.88965,8
不使用 GP,3950,source_edge_lift,9.62117590368859,9.364566166203009,9.86989587468755,8
不使用 GP,3950,current_best_edge_lift,9.482717929560243,9.051421192906158,9.886510999987731,8
不使用 GP,3950,global_best_edge_lift,9.097676174698751,8.683431793608335,9.472612363574468,8
不使用 GP,3950,reference_edge_lift,8.740061850693017,8.418257416551576,9.075849429340037,8
不使用 GP,3950,top500_persistence,0.8005626097337579,0.6970486444152184,0.8938365820142362,8
不使用 GP,3950,source_age,548.375,243.45833333333337,966.8187499999997,8
不使用 GP,3950,post_unique_tours,21.333333333333336,18.0,25.083333333333336,8
不使用 GP,3975,candidate_entropy,7.044939572870442,6.994795184546112,7.102834665718741,8
不使用 GP,3975,candidate_effective_arcs,1155.4053757325141,1094.1937547109399,1226.361494838717,8
不使用 GP,3975,candidate_gini,0.8889407996480571,0.8870726528041999,0.8905901630021065,8
不使用 GP,3975,top500_mass,0.45406624177817995,0.4128477257065145,0.48752528336098255,8
不使用 GP,3975,top2500_mass,0.9924988875697058,0.9924435172519941,0.9925423197534733,8
不使用 GP,3975,floor_fraction,0.8740208333333334,0.8521208333333333,0.8915710416666668,8
不使用 GP,3975,source_edge_lift,9.64850749695546,9.383741848066435,9.89611186023265,8
不使用 GP,3975,current_best_edge_lift,9.592979064196093,9.158981536570197,10.031683517271372,8
不使用 GP,3975,global_best_edge_lift,9.208831662559167,8.780502609149208,9.567146728104891,8
不使用 GP,3975,reference_edge_lift,8.780618675491048,8.476688728978582,9.09026471559555,8
不使用 GP,3975,top500_persistence,0.8034945393666101,0.7096295573152274,0.8888950293475083,8
不使用 GP,3975,source_age,560.2083333333334,252.08333333333331,981.3333333333334,8
不使用 GP,3975,post_unique_tours,21.083333333333332,17.416666666666664,25.041666666666664,8
不使用 GP,4000,candidate_entropy,7.585935783864047,7.290288423802292,7.931005846894079,8
不使用 GP,4000,candidate_effective_arcs,3363.4724270014526,1947.510984519924,4815.60250397177,8
不使用 GP,4000,candidate_gini,0.6671841330206298,0.5193878006525587,0.7790401049540724,8
不使用 GP,4000,top500_mass,0.35234060728284916,0.2965858345662539,0.40804073902207544,8
不使用 GP,4000,top2500_mass,0.8068721099443567,0.6831422608705751,0.8997088830469216,8
不使用 GP,4000,floor_fraction,0.6542875,0.5151625,0.7792333333333332,8
不使用 GP,4000,source_edge_lift,7.494782760222217,6.12285453666284,8.746944345646929,8
不使用 GP,4000,current_best_edge_lift,7.4175844945922425,6.082055338201473,8.632880140956502,8
不使用 GP,4000,global_best_edge_lift,7.084122076626343,5.847639258633003,8.259971776853657,8
不使用 GP,4000,reference_edge_lift,6.839267596344178,5.604284471049236,8.007622702346303,8
不使用 GP,4000,top500_persistence,0.5652123320720591,0.4653726510588256,0.6574116086515848,8
不使用 GP,4000,source_age,774.75,350.121875,1444.7135416666665,8
不使用 GP,4000,post_unique_tours,20.708333333333332,16.833333333333332,24.958333333333332,8
不使用 GP,4025,candidate_entropy,7.141242921734297,7.073330354759158,7.210249743703858,8
不使用 GP,4025,candidate_effective_arcs,1292.9553273567335,1197.4141983050445,1393.2330311392966,8
不使用 GP,4025,candidate_gini,0.8800463797133977,0.8737140635595914,0.8857018093993385,8
不使用 GP,4025,top500_mass,0.42364664689422316,0.3848069344773201,0.45955884850261297,8
不使用 GP,4025,top2500_mass,0.9871794190682035,0.9836410954221677,0.9906538998546413,8
不使用 GP,4025,floor_fraction,0.6612041666666667,0.5206912499999999,0.7824530208333331,8
不使用 GP,4025,source_edge_lift,9.290352235136922,8.979892312984594,9.643451528546516,8
不使用 GP,4025,current_best_edge_lift,9.122926346058975,8.684570153831991,9.560930852078844,8
不使用 GP,4025,global_best_edge_lift,8.751861867675863,8.442218342362324,9.06596664437857,8
不使用 GP,4025,reference_edge_lift,8.464606967657216,8.142205748627763,8.815202388927775,8
不使用 GP,4025,top500_persistence,0.6048258592875951,0.48401019485612135,0.7089987962963005,8
不使用 GP,4025,source_age,503.58333333333337,184.95833333333337,929.0416666666665,8
不使用 GP,4025,post_unique_tours,25.0,21.791666666666664,28.416666666666664,8
不使用 GP,4050,candidate_entropy,7.062736948001415,7.025647248208239,7.102982595832176,8
不使用 GP,4050,candidate_effective_arcs,1176.4193096001786,1129.3572477473242,1226.6989387103613,8
不使用 GP,4050,candidate_gini,0.8885546661901196,0.8869987942825236,0.8899589611451257,8
不使用 GP,4050,top500_mass,0.43857703390750047,0.4037089464352191,0.46926266550814894,8
不使用 GP,4050,top2500_mass,0.9924708151835968,0.9924345032967274,0.9925058017473044,8
不使用 GP,4050,floor_fraction,0.8633375,0.8478375,0.8781252083333334,8
不使用 GP,4050,source_edge_lift,9.560091778780805,9.343908330467075,9.766762843442033,8
不使用 GP,4050,current_best_edge_lift,9.369940041386169,9.0406803359625,9.69365012207349,8
不使用 GP,4050,global_best_edge_lift,8.931776311679641,8.670041247985967,9.219128608518815,8
不使用 GP,4050,reference_edge_lift,8.640084157652169,8.3486190478676,8.95958151161836,8
不使用 GP,4050,top500_persistence,0.7988125111827589,0.7382854656548006,0.8578213004958728,8
不使用 GP,4050,source_age,517.3333333333333,196.94479166666667,949.3114583333329,8
不使用 GP,4050,post_unique_tours,23.166666666666664,20.707291666666666,25.75,8
不使用 GP,4075,candidate_entropy,7.0555326785541155,7.0207538334780075,7.093497190536922,8
不使用 GP,4075,candidate_effective_arcs,1166.8799244907673,1122.1441598235738,1214.6789726603624,8
不使用 GP,4075,candidate_gini,0.8888926464378981,0.8874973035076668,0.8901359917429744,8
不使用 GP,4075,top500_mass,0.4701439523763887,0.44564127173429346,0.48969770755849656,8
不使用 GP,4075,top2500_mass,0.992489131408403,0.9924565470302851,0.9925208685378213,8
不使用 GP,4075,floor_fraction,0.8698041666666667,0.8563541666666667,0.8827426041666667,8
不使用 GP,4075,source_edge_lift,9.546304143404265,9.368167685826187,9.719796744909807,8
不使用 GP,4075,current_best_edge_lift,9.448373190452156,9.112182225738024,9.759264715780505,8
不使用 GP,4075,global_best_edge_lift,9.05109139284686,8.770356880759511,9.373522426734844,8
不使用 GP,4075,reference_edge_lift,8.753468598209848,8.403783189037208,9.140069118745933,8
不使用 GP,4075,top500_persistence,0.8029723500863275,0.7492122399015477,0.8531460390176643,8
不使用 GP,4075,source_age,739.4583333333333,420.9,1103.8354166666666,8
不使用 GP,4075,post_unique_tours,23.708333333333332,20.208333333333332,27.041666666666664,8
不使用 GP,4100,candidate_entropy,7.2202576563543746,7.015520399203339,7.4926218068088835,8
不使用 GP,4100,candidate_effective_arcs,1883.7475049838508,1117.2585379353388,3000.255052691075,8
不使用 GP,4100,candidate_gini,0.8154512209873067,0.7040094286004871,0.8902287523412576,8
不使用 GP,4100,top500_mass,0.4248491982491779,0.3675530911343931,0.4744463093664797,8
不使用 GP,4100,top2500_mass,0.930622809447643,0.8378071718043724,0.9925210555972902,8
不使用 GP,4100,floor_fraction,0.8028041666666668,0.6920166666666666,0.8847833333333334,8
不使用 GP,4100,source_edge_lift,8.931401944819386,7.834857399238656,9.827466138093879,8
不使用 GP,4100,current_best_edge_lift,8.94694541332215,7.826694825394143,9.853627220360034,8
不使用 GP,4100,global_best_edge_lift,8.395093857486795,7.40406420848177,9.238492251397913,8
不使用 GP,4100,reference_edge_lift,8.106639756477211,7.1016082499460165,9.000059838118144,8
不使用 GP,4100,top500_persistence,0.7154779425705737,0.5842541831948038,0.8227909791890584,8
不使用 GP,4100,source_age,664.5,316.2916666666667,1062.102083333333,8
不使用 GP,4100,post_unique_tours,22.416666666666668,20.208333333333336,24.75,8
不使用 GP,4125,candidate_entropy,7.069166705685197,7.005067829150661,7.141662684137989,8
不使用 GP,4125,candidate_effective_arcs,1190.8568169665034,1105.0771982539127,1291.832858103759,8
不使用 GP,4125,candidate_gini,0.886455728884197,0.8810544120548132,0.8905929705985716,8
不使用 GP,4125,top500_mass,0.46024367671265554,0.43071015125979417,0.4878579818239217,8
不使用 GP,4125,top2500_mass,0.9907378266359981,0.9880640563378448,0.9925363248607294,8
不使用 GP,4125,floor_fraction,0.8057166666666667,0.6943416666666666,0.8876666666666666,8
不使用 GP,4125,source_edge_lift,9.520618183108393,9.22399371982101,9.784534271460352,8
不使用 GP,4125,current_best_edge_lift,9.432443080820358,8.940455501949558,9.920384057410022,8
不使用 GP,4125,global_best_edge_lift,9.034550115746931,8.64782769550235,9.410291198105133,8
不使用 GP,4125,reference_edge_lift,8.669611389512426,8.245108615217799,9.112436617594806,8
不使用 GP,4125,top500_persistence,0.7023147460541783,0.5853167365230568,0.8063492833570718,8
不使用 GP,4125,source_age,623.4166666666667,216.375,1088.5833333333335,8
不使用 GP,4125,post_unique_tours,23.291666666666664,20.166666666666664,25.958333333333336,8
不使用 GP,4150,candidate_entropy,7.0269485111766095,6.9883638988509915,7.072478081680535,8
不使用 GP,4150,candidate_effective_arcs,1131.7380289229977,1085.7480954715138,1188.5885028821742,8
不使用 GP,4150,candidate_gini,0.8897765694113734,0.8882265232242876,0.8909822455092653,8
不使用 GP,4150,top500_mass,0.45536766719944743,0.4179598198434493,0.4870975056676009,8
不使用 GP,4150,top2500_mass,0.9925084589136679,0.9924651674603452,0.9925470734057404,8
不使用 GP,4150,floor_fraction,0.8792291666666667,0.8622705208333333,0.8937375,8
不使用 GP,4150,source_edge_lift,9.690962650466485,9.470577508558431,9.875656460796165,8
不使用 GP,4150,current_best_edge_lift,9.57093791356353,9.211003270482252,9.88073250545452,8
不使用 GP,4150,global_best_edge_lift,9.120131864357255,8.786215536972975,9.455944201781145,8
不使用 GP,4150,reference_edge_lift,8.742329063488079,8.348290031252029,9.185822763870206,8
不使用 GP,4150,top500_persistence,0.8374111683294595,0.7756436428185249,0.8988646211794644,8
不使用 GP,4150,source_age,783.1666666666667,384.64270833333336,1217.8395833333334,8
不使用 GP,4150,post_unique_tours,22.25,18.625,25.458333333333336,8
不使用 GP,4175,candidate_entropy,7.018880359085381,6.986975983100369,7.056298907911959,8
不使用 GP,4175,candidate_effective_arcs,1121.6603630250193,1082.7102953105023,1168.0786165940065,8
不使用 GP,4175,candidate_gini,0.8900619192882521,0.8887336730252001,0.891031365203823,8
不使用 GP,4175,top500_mass,0.4768125569069106,0.4520621970479155,0.49571474385527775,8
不使用 GP,4175,top2500_mass,0.9925197854271449,0.9924826030387806,0.992551749463287,8
不使用 GP,4175,floor_fraction,0.883275,0.8690871875,0.8951334375,8
不使用 GP,4175,source_edge_lift,9.69850378638041,9.502965808818152,9.862263526990256,8
不使用 GP,4175,current_best_edge_lift,9.711094085416562,9.374722419744277,10.020162785025478,8
不使用 GP,4175,global_best_edge_lift,9.224452005884448,8.86969095790096,9.550142913437966,8
不使用 GP,4175,reference_edge_lift,8.787519820208542,8.400566481218322,9.209075589463437,8
不使用 GP,4175,top500_persistence,0.8535275533966258,0.805930744398462,0.9070868312191729,8
不使用 GP,4175,source_age,946.8333333333333,441.8041666666667,1465.0416666666665,8
不使用 GP,4175,post_unique_tours,23.125,21.0,25.083333333333336,8
不使用 GP,4200,candidate_entropy,7.375465607534277,7.103406813892517,7.640752224262881,8
不使用 GP,4200,candidate_effective_arcs,2590.333254378405,1485.6226905310114,3693.6835389345,8
不使用 GP,4200,candidate_gini,0.7420575906735148,0.6307185284397198,0.8533227635428332,8
不使用 GP,4200,top500_mass,0.4044744191591546,0.3526634354744942,0.4584485103966242,8
不使用 GP,4200,top2500_mass,0.868770274730536,0.775966482913005,0.9615758291310436,8
不使用 GP,4200,floor_fraction,0.737875,0.6306652083333333,0.8452291666666666,8
不使用 GP,4200,source_edge_lift,8.321559773681212,7.231071455653837,9.396777016109647,8
不使用 GP,4200,current_best_edge_lift,8.244221616711632,7.204878407132461,9.325844256373335,8
不使用 GP,4200,global_best_edge_lift,7.795783177085362,6.965000172881512,8.640594801263564,8
不使用 GP,4200,reference_edge_lift,7.462466768274432,6.666581912082157,8.287234644736252,8
不使用 GP,4200,top500_persistence,0.6609753875413886,0.5275214332910582,0.790119415662445,8
不使用 GP,4200,source_age,960.2500000000001,453.1781250000001,1478.6666666666665,8
不使用 GP,4200,post_unique_tours,21.375,18.583333333333336,24.166666666666668,8
不使用 GP,4225,candidate_entropy,7.083739404650219,7.022384039001503,7.148044362521006,8
不使用 GP,4225,candidate_effective_arcs,1216.2763930597985,1131.4007164430288,1303.4063423949945,8
不使用 GP,4225,candidate_gini,0.8837480398613208,0.8786870415037553,0.8889405617908199,8
不使用 GP,4225,top500_mass,0.4589321331432376,0.43268781055382316,0.48333177574523245,8
不使用 GP,4225,top2500_mass,0.9889632827314232,0.986294987485572,0.9916407621372337,8
不使用 GP,4225,floor_fraction,0.7415083333333333,0.6304791666666667,0.8517625,8
不使用 GP,4225,source_edge_lift,9.457925627345197,9.19327279399908,9.7112745105476,8
不使用 GP,4225,current_best_edge_lift,9.341675098011741,8.988152059979155,9.676111982478432,8
不使用 GP,4225,global_best_edge_lift,8.952034885594747,8.714576798225258,9.19475398476477,8
不使用 GP,4225,reference_edge_lift,8.589995687716273,8.316175078560804,8.907613952063382,8
不使用 GP,4225,top500_persistence,0.667801946865739,0.5383593284217758,0.78617075063641,8
不使用 GP,4225,source_age,743.7916666666667,266.20625,1263.125,8
不使用 GP,4225,post_unique_tours,22.875,21.041666666666664,25.083333333333336,8
不使用 GP,4250,candidate_entropy,7.040950073636907,7.005091406635053,7.077193415015504,8
不使用 GP,4250,candidate_effective_arcs,1150.1498830292903,1105.5943598113008,1195.1236536568526,8
不使用 GP,4250,candidate_gini,0.8891180140308381,0.887859567704993,0.8904198029871162,8
不使用 GP,4250,top500_mass,0.46695161337081126,0.4360453555801954,0.4898898694540673,8
不使用 GP,4250,top2500_mass,0.9924947279793228,0.9924562820368398,0.9925303460641111,8
不使用 GP,4250,floor_fraction,0.8753791666666667,0.8611125,0.8895133333333334,8
不使用 GP,4250,source_edge_lift,9.614734722036289,9.445009762622039,9.778493468004392,8
不使用 GP,4250,current_best_edge_lift,9.457378321971543,9.176998665275928,9.728513221723846,8
不使用 GP,4250,global_best_edge_lift,9.07111887064601,8.862704563768627,9.275155149980403,8
不使用 GP,4250,reference_edge_lift,8.693529854050166,8.435261923188541,8.988325384620921,8
不使用 GP,4250,top500_persistence,0.7950384849489278,0.7322975671319523,0.8569693952099695,8
不使用 GP,4250,source_age,697.3333333333334,203.94375,1257.5145833333331,8
不使用 GP,4250,post_unique_tours,20.583333333333332,16.791666666666668,24.125,8
不使用 GP,4275,candidate_entropy,7.034397593893337,7.001776771620367,7.066943246311402,8
不使用 GP,4275,candidate_effective_arcs,1140.8022506131554,1100.8238763246686,1180.431263391333,8
不使用 GP,4275,candidate_gini,0.8895646999497641,0.8885284493566865,0.8906060274329508,8
不使用 GP,4275,top500_mass,0.4772761367332002,0.45075552698021276,0.49558346147270693,8
不使用 GP,4275,top2500_mass,0.9925068676497408,0.9924753192863801,0.9925381615884497,8
不使用 GP,4275,floor_fraction,0.8777166666666667,0.8651323958333333,0.8901510416666667,8
不使用 GP,4275,source_edge_lift,9.64166554652753,9.486975128210888,9.79952915366861,8
不使用 GP,4275,current_best_edge_lift,9.552837101938845,9.337238960766657,9.75897702592753,8
不使用 GP,4275,global_best_edge_lift,9.214749562860327,8.989891726497316,9.451874166595735,8
不使用 GP,4275,reference_edge_lift,8.773045505012593,8.49969578987577,9.08145238675078,8
不使用 GP,4275,top500_persistence,0.7925568916268746,0.7415408251610254,0.8396060260230735,8
不使用 GP,4275,source_age,699.9166666666667,192.44895833333334,1267.5,8
不使用 GP,4275,post_unique_tours,21.875,18.832291666666666,24.791666666666668,8
不使用 GP,4300,candidate_entropy,7.295389296181343,7.077029346676393,7.573219810640848,8
不使用 GP,4300,candidate_effective_arcs,2233.8110819401268,1453.12100548243,3347.496581787273,8
不使用 GP,4300,candidate_gini,0.7788482098987066,0.6673990167365823,0.853750549637817,8
不使用 GP,4300,top500_mass,0.4240214017137828,0.3683073242633764,0.47702812078707124,8
不使用 GP,4300,top2500_mass,0.8996973638898257,0.8068736244702994,0.9616091742656259,8
不使用 GP,4300,floor_fraction,0.7709583333333333,0.6585916666666667,0.8729688541666665,8
不使用 GP,4300,source_edge_lift,8.587311794201616,7.491896623336911,9.483420515625593,8
不使用 GP,4300,current_best_edge_lift,8.572193888296951,7.466501647825022,9.484430869818661,8
不使用 GP,4300,global_best_edge_lift,8.147221603153998,7.1064909623248305,9.09529231727934,8
不使用 GP,4300,reference_edge_lift,7.816311322803237,6.823964919748562,8.706751569585464,8
不使用 GP,4300,top500_persistence,0.7170315158252901,0.606185703887051,0.8250218112288725,8
不使用 GP,4300,source_age,777.625,292.171875,1322.0416666666667,8
不使用 GP,4300,post_unique_tours,19.708333333333336,16.0,23.291666666666664,8
不使用 GP,4325,candidate_entropy,7.07198142588374,7.010502187196891,7.138031120290648,8
不使用 GP,4325,candidate_effective_arcs,1197.6213281814867,1114.9517994471003,1289.420866167749,8
不使用 GP,4325,candidate_gini,0.8853020444069573,0.8800137769340246,0.8893274863933702,8
不使用 GP,4325,top500_mass,0.44733850362112126,0.40532705280118325,0.48315020835135847,8
不使用 GP,4325,top2500_mass,0.989859548199323,0.9871869200867857,0.9925146893493466,8
不使用 GP,4325,floor_fraction,0.7750916666666667,0.6611916666666666,0.8580385416666667,8
不使用 GP,4325,source_edge_lift,9.493187762121902,9.204558741718284,9.749764833495487,8
不使用 GP,4325,current_best_edge_lift,9.453377384893233,9.120521019502206,9.751989919036355,8
不使用 GP,4325,global_best_edge_lift,9.071300563469633,8.773320613758273,9.384978269419854,8
不使用 GP,4325,reference_edge_lift,8.733271252713637,8.500224268675229,9.021243593896871,8
不使用 GP,4325,top500_persistence,0.7260153835100936,0.6115717257846083,0.8425042109536391,8
不使用 GP,4325,source_age,805.9583333333333,427.83333333333337,1139.5,8
不使用 GP,4325,post_unique_tours,24.0,21.125,26.708333333333332,8
不使用 GP,4350,candidate_entropy,7.026099673325367,6.993545530194874,7.064253068165453,8
不使用 GP,4350,candidate_effective_arcs,1131.1904173960356,1089.8934328779108,1179.5830979976079,8
不使用 GP,4350,candidate_gini,0.8897037544018563,0.8884603533344866,0.8906690819794796,8
不使用 GP,4350,top500_mass,0.47760076207278956,0.45299929980994325,0.495545618024408,8
不使用 GP,4350,top2500_mass,0.9925030231950647,0.9924604828335974,0.9925415673107987,8
不使用 GP,4350,floor_fraction,0.8793333333333333,0.8640372916666667,0.8929541666666666,8
不使用 GP,4350,source_edge_lift,9.687972886273595,9.504528052319598,9.842244037698558,8
不使用 GP,4350,current_best_edge_lift,9.563203455087304,9.280140434334148,9.810430151843331,8
不使用 GP,4350,global_best_edge_lift,9.157607900669852,8.90274544834005,9.43597881316225,8
不使用 GP,4350,reference_edge_lift,8.801846878852523,8.588165399068206,9.063702955988878,8
不使用 GP,4350,top500_persistence,0.7908389875865351,0.7296432188548042,0.8603735431833618,8
不使用 GP,4350,source_age,823.2916666666666,457.90937499999995,1160.5447916666665,8
不使用 GP,4350,post_unique_tours,21.875,18.708333333333336,24.916666666666664,8
不使用 GP,4375,candidate_entropy,7.017804339717394,6.993552999670333,7.044685220690186,8
不使用 GP,4375,candidate_effective_arcs,1120.0831037632247,1090.4929122225665,1151.8540965743075,8
不使用 GP,4375,candidate_gini,0.8901215318204408,0.8893452462319573,0.8908208579992271,8
不使用 GP,4375,top500_mass,0.4741728723823274,0.4518292493973556,0.49143720389320455,8
不使用 GP,4375,top2500_mass,0.992519021789159,0.9924862689923503,0.9925479488154243,8
不使用 GP,4375,floor_fraction,0.8845666666666667,0.872508125,0.89585,8
不使用 GP,4375,source_edge_lift,9.705025245204059,9.589764767627031,9.820613189260591,8
不使用 GP,4375,current_best_edge_lift,9.726674931063645,9.557539428042968,9.87440567897628,8
不使用 GP,4375,global_best_edge_lift,9.28021106173632,9.050202994516958,9.529879514508034,8
不使用 GP,4375,reference_edge_lift,8.840306096198374,8.637021250173806,9.088623115068621,8
不使用 GP,4375,top500_persistence,0.7892876679822318,0.7145739842895743,0.8695008502054938,8
不使用 GP,4375,source_age,1130.2083333333333,778.1666666666667,1481.0166666666664,8
不使用 GP,4375,post_unique_tours,20.75,18.748958333333334,23.125,8
不使用 GP,4400,candidate_entropy,7.289277311488686,7.072932319484817,7.581041773345176,8
不使用 GP,4400,candidate_effective_arcs,2227.479202468011,1446.0014846613585,3358.8988250366533,8
不使用 GP,4400,candidate_gini,0.7788229995712517,0.6670060527636206,0.8539427185436456,8
不使用 GP,4400,top500_mass,0.42075571103644177,0.3466966818668394,0.4955393588821131,8
不使用 GP,4400,top2500_mass,0.8997059825359923,0.8068763544451262,0.9616150655847617,8
不使用 GP,4400,floor_fraction,0.7756041666666667,0.6590739583333334,0.860525,8
不使用 GP,4400,source_edge_lift,8.629993695999087,7.456529596954351,9.6802249035899,8
不使用 GP,4400,current_best_edge_lift,8.63078014329524,7.447311511785532,9.534684724480272,8
不使用 GP,4400,global_best_edge_lift,8.29507328862099,7.221563234193694,9.24930810489159,8
不使用 GP,4400,reference_edge_lift,7.896014417475775,6.8650485598499875,8.824324592192756,8
不使用 GP,4400,top500_persistence,0.7112704291246744,0.5596657751927402,0.8579937302496246,8
不使用 GP,4400,source_age,1084.875,721.6447916666667,1444.5833333333335,8
不使用 GP,4400,post_unique_tours,19.666666666666664,17.125,22.833333333333332,8
不使用 GP,4425,candidate_entropy,7.062555153286874,7.000546827966921,7.135388592996677,8
不使用 GP,4425,candidate_effective_arcs,1186.2015722666445,1103.9782332887503,1286.4226058494855,8
不使用 GP,4425,candidate_gini,0.885523284521788,0.8801702746849569,0.889311942995166,8
不使用 GP,4425,top500_mass,0.44414557758483686,0.39413388490931295,0.48335979514664035,8
不使用 GP,4425,top2500_mass,0.9898689986918497,0.9871966229705684,0.9916681555112818,8
不使用 GP,4425,floor_fraction,0.7782666666666667,0.6617083333333333,0.8622768749999999,8
不使用 GP,4425,source_edge_lift,9.585845402276107,9.310061332093456,9.821537152436465,8
不使用 GP,4425,current_best_edge_lift,9.453405532244199,9.083867248239875,9.786711172668031,8
不使用 GP,4425,global_best_edge_lift,9.133108834324517,8.772204040878451,9.478958896899343,8
不使用 GP,4425,reference_edge_lift,8.729083010929429,8.450802661665943,9.051344791470626,8
不使用 GP,4425,top500_persistence,0.7273512043896044,0.5864451884687417,0.8650833621007036,8
不使用 GP,4425,source_age,650.3333333333333,286.625,1027.7083333333333,8
不使用 GP,4425,post_unique_tours,20.666666666666668,16.541666666666664,24.916666666666664,8
不使用 GP,4450,candidate_entropy,7.023768677523001,6.985695637332242,7.065690145010364,8
不使用 GP,4450,candidate_effective_arcs,1128.6304865139819,1088.114234809866,1179.6891187566773,8
不使用 GP,4450,candidate_gini,0.8897252523323522,0.8883993900830838,0.8907641425589415,8
不使用 GP,4450,top500_mass,0.46481011396953414,0.43407622724977923,0.4853997993737533,8
不使用 GP,4450,top2500_mass,0.9925110492398243,0.9924643615709005,0.9925494207335016,8
不使用 GP,4450,floor_fraction,0.8810916666666666,0.8652916666666667,0.8945916666666667,8
不使用 GP,4450,source_edge_lift,9.71840995301754,9.54486512524788,9.882021006548623,8
不使用 GP,4450,current_best_edge_lift,9.614675065718917,9.344717536955596,9.872258183865585,8
不使用 GP,4450,global_best_edge_lift,9.263698777025619,8.943053037286823,9.56480081876627,8
不使用 GP,4450,reference_edge_lift,8.852277061706804,8.594127262385856,9.161035958453166,8
不使用 GP,4450,top500_persistence,0.8261296071296655,0.7570673926543761,0.8942053152835465,8
不使用 GP,4450,source_age,751.8333333333333,431.2916666666667,1084.7927083333332,8
不使用 GP,4450,post_unique_tours,20.708333333333332,17.791666666666664,23.791666666666664,8
不使用 GP,4475,candidate_entropy,7.01521354942566,6.988802469786727,7.046691532193567,8
不使用 GP,4475,candidate_effective_arcs,1117.1686909598066,1084.5796748999521,1155.0331250163772,8
不使用 GP,4475,candidate_gini,0.890163832209433,0.8892689631000669,0.8908609929110511,8
不使用 GP,4475,top500_mass,0.4698653956818174,0.4445933158249199,0.48761801216561973,8
不使用 GP,4475,top2500_mass,0.9925243292884642,0.9924865149460609,0.9925553595159615,8
不使用 GP,4475,floor_fraction,0.8846208333333334,0.8713741666666667,0.8957583333333333,8
不使用 GP,4475,source_edge_lift,9.737906538287774,9.58566986099397,9.863217157251452,8
不使用 GP,4475,current_best_edge_lift,9.649735808874043,9.424425914582834,9.846292966835776,8
不使用 GP,4475,global_best_edge_lift,9.390215050276375,9.10109464599569,9.657557219143744,8
不使用 GP,4475,reference_edge_lift,8.937743330867022,8.688497392355199,9.223189627473703,8
不使用 GP,4475,top500_persistence,0.8739138045634802,0.7961037034859785,0.9425565610775284,8
不使用 GP,4475,source_age,862.5,546.375,1165.625,8
不使用 GP,4475,post_unique_tours,20.958333333333336,18.458333333333336,23.75,8
不使用 GP,4500,candidate_entropy,7.188522271515838,7.002297941672744,7.443907543998333,8
不使用 GP,4500,candidate_effective_arcs,1845.5987161371727,1100.4940331653702,2933.7681700936814,8
不使用 GP,4500,candidate_gini,0.8162787470889739,0.7054347976808468,0.8905475428133864,8
不使用 GP,4500,top500_mass,0.4452334698940335,0.39728725588715436,0.4845974894920633,8
不使用 GP,4500,top2500_mass,0.9306518801271808,0.8378607093084524,0.9925314312398388,8
不使用 GP,4500,floor_fraction,0.8144333333333333,0.70865,0.8898585416666667,8
不使用 GP,4500,source_edge_lift,9.071932328673894,8.050729801889677,9.815628394374958,8
不使用 GP,4500,current_best_edge_lift,8.993177261466464,8.011298570647224,9.736881151107667,8
不使用 GP,4500,global_best_edge_lift,8.676892527236285,7.893999795230333,9.334282247831252,8
不使用 GP,4500,reference_edge_lift,8.271033117439726,7.487537975462805,8.963141233058614,8
不使用 GP,4500,top500_persistence,0.7736802799647351,0.6634690440742361,0.8817648337052343,8
不使用 GP,4500,source_age,916.1249999999999,488.41666666666663,1395.3010416666664,8
不使用 GP,4500,post_unique_tours,18.541666666666664,15.166666666666666,22.458333333333336,8
不使用 GP,4525,candidate_entropy,7.040227570694139,6.99787614875685,7.088630274313427,8
不使用 GP,4525,candidate_effective_arcs,1154.8035016540568,1096.3455719405997,1226.8161852001576,8
不使用 GP,4525,candidate_gini,0.8873271847130242,0.8824903190473531,0.890800814736277,8
不使用 GP,4525,top500_mass,0.4636819970572491,0.4376291125604415,0.4873136247831066,8
不使用 GP,4525,top2500_mass,0.9907467727818706,0.9880778984275539,0.9925398355029902,8
不使用 GP,4525,floor_fraction,0.8167083333333334,0.7118583333333333,0.8911416666666667,8
不使用 GP,4525,source_edge_lift,9.673260265854326,9.489572035456675,9.841267645345308,8
不使用 GP,4525,current_best_edge_lift,9.601765947090414,9.325874366282155,9.843049212812115,8
不使用 GP,4525,global_best_edge_lift,9.309956090196643,9.09329848524838,9.537743462125778,8
不使用 GP,4525,reference_edge_lift,8.827581020970122,8.592998376144513,9.095288704372797,8
不使用 GP,4525,top500_persistence,0.7762898225223765,0.6687694008601066,0.8728978049382371,8
不使用 GP,4525,source_age,859.0833333333334,456.7895833333333,1338.0052083333333,8
不使用 GP,4525,post_unique_tours,20.25,17.166666666666664,24.083333333333332,8
不使用 GP,4550,candidate_entropy,7.013199140195718,6.984959246344237,7.048699888236067,8
不使用 GP,4550,candidate_effective_arcs,1116.3551766677474,1080.4465067110573,1161.9122824149767,8
不使用 GP,4550,candidate_gini,0.8899507974559296,0.8884333021053736,0.8910290071739977,8
不使用 GP,4550,top500_mass,0.4772225781721697,0.45293027205838776,0.4955436486170466,8
不使用 GP,4550,top2500_mass,0.9925205783982005,0.9924875645746203,0.9925494233302739,8
不使用 GP,4550,floor_fraction,0.8854166666666666,0.8737159374999999,0.8955875,8
不使用 GP,4550,source_edge_lift,9.80315582963328,9.589575113054302,10.014321207448408,8
不使用 GP,4550,current_best_edge_lift,9.741478016206944,9.517419861296904,9.927360887505502,8
不使用 GP,4550,global_best_edge_lift,9.410089322673496,9.19834661688164,9.643780135728798,8
不使用 GP,4550,reference_edge_lift,8.88143026834776,8.67043521290622,9.110291819198938,8
不使用 GP,4550,top500_persistence,0.8373851665788309,0.7509694507587233,0.9111020136163043,8
不使用 GP,4550,source_age,837.5833333333334,538.9552083333334,1106.0,8
不使用 GP,4550,post_unique_tours,20.416666666666668,18.208333333333332,22.458333333333332,8
不使用 GP,4575,candidate_entropy,7.005358785074296,6.981556632999954,7.033279208545452,8
不使用 GP,4575,candidate_effective_arcs,1105.9452174339274,1076.717936514728,1141.0046331334122,8
不使用 GP,4575,candidate_gini,0.8903215280198047,0.8894600771177692,0.8910549136608051,8
不使用 GP,4575,top500_mass,0.4783853080065279,0.4533515047354519,0.4956682096234181,8
不使用 GP,4575,top2500_mass,0.9925311763199022,0.9925056069992211,0.9925541827452609,8
不使用 GP,4575,floor_fraction,0.8890916666666666,0.8780444791666666,0.8984208333333333,8
不使用 GP,4575,source_edge_lift,9.794009239775793,9.65599156035302,9.910617732187252,8
不使用 GP,4575,current_best_edge_lift,9.722373972867032,9.493229358512938,9.910558743577692,8
不使用 GP,4575,global_best_edge_lift,9.47161342587253,9.294913638485024,9.672534724175549,8
不使用 GP,4575,reference_edge_lift,8.930728048172812,8.717968798434947,9.152886921110616,8
不使用 GP,4575,top500_persistence,0.8765866194157143,0.797096897677814,0.9466410293136599,8
不使用 GP,4575,source_age,854.9166666666667,548.9822916666667,1132.1666666666667,8
不使用 GP,4575,post_unique_tours,18.583333333333332,15.583333333333332,22.0,8
不使用 GP,4600,candidate_entropy,7.65382971987807,7.358124554208133,7.952467882406883,8
不使用 GP,4600,candidate_effective_arcs,3705.342582965187,2570.7462307648225,4842.52517372368,8
不使用 GP,4600,candidate_gini,0.6306966491655173,0.5188805680417926,0.7424979690034917,8
不使用 GP,4600,top500_mass,0.36570766980637626,0.30998968955441014,0.42149112220574486,8
不使用 GP,4600,top2500_mass,0.7759577093085626,0.683116889447565,0.8687901727467509,8
不使用 GP,4600,floor_fraction,0.6284708333333333,0.5070916666666667,0.7470583333333334,8
不使用 GP,4600,source_edge_lift,7.179104622209861,5.949040325754559,8.378732981888932,8
不使用 GP,4600,current_best_edge_lift,7.220376959647043,5.932740279924675,8.535581115438713,8
不使用 GP,4600,global_best_edge_lift,6.9498395264470965,5.716341388806915,8.09536319990957,8
不使用 GP,4600,reference_edge_lift,6.5086637938651055,5.385348590318772,7.656643776215287,8
不使用 GP,4600,top500_persistence,0.5445304021062745,0.4107108561714966,0.6763114058146814,8
不使用 GP,4600,source_age,1321.1666666666665,698.5833333333333,2061.628125,8
不使用 GP,4600,post_unique_tours,19.166666666666664,15.958333333333332,22.041666666666664,8
不使用 GP,4625,candidate_entropy,7.143635476910003,7.06705159535406,7.226754869848495,8
不使用 GP,4625,candidate_effective_arcs,1302.3013347152787,1197.5756407310932,1414.6238161782978,8
不使用 GP,4625,candidate_gini,0.8785427350435491,0.8728021728274526,0.8841444103824467,8
不使用 GP,4625,top500_mass,0.41855861250830734,0.3797617053247022,0.4556570414319678,8
不使用 GP,4625,top2500_mass,0.9862814676196088,0.9835728995896602,0.9889814749829737,8
不使用 GP,4625,floor_fraction,0.6303458333333334,0.5101166666666667,0.7481166666666668,8
不使用 GP,4625,source_edge_lift,9.258877163687119,8.937535840811123,9.561358721836317,8
不使用 GP,4625,current_best_edge_lift,9.150321216262254,8.623755760515241,9.69961097642226,8
不使用 GP,4625,global_best_edge_lift,8.842776578624079,8.385947199705424,9.18004270004483,8
不使用 GP,4625,reference_edge_lift,8.369138388867619,8.021795174080117,8.705206273071935,8
不使用 GP,4625,top500_persistence,0.5841184446208487,0.4338446681310222,0.718336514148194,8
不使用 GP,4625,source_age,707.7083333333333,302.8520833333334,1211.1666666666665,8
不使用 GP,4625,post_unique_tours,23.75,20.875,26.958333333333332,8
不使用 GP,4650,candidate_entropy,7.071182211338105,7.028762849741657,7.117352084337119,8
不使用 GP,4650,candidate_effective_arcs,1188.460851918851,1133.4493939245724,1245.5797445906446,8
不使用 GP,4650,candidate_gini,0.8879745906232307,0.8864564779979225,0.8894170238563601,8
不使用 GP,4650,top500_mass,0.44304794322222363,0.4031709531898495,0.47625645945225137,8
不使用 GP,4650,top2500_mass,0.9924647473612043,0.9924185231363134,0.9925060576210611,8
不使用 GP,4650,floor_fraction,0.8638791666666666,0.8447703124999999,0.8808125,8
不使用 GP,4650,source_edge_lift,9.493495490941426,9.299522340360117,9.697314274919261,8
不使用 GP,4650,current_best_edge_lift,9.31728882140355,8.959139118725739,9.701739912207994,8
不使用 GP,4650,global_best_edge_lift,9.013766684148878,8.60971369843385,9.286113713626307,8
不使用 GP,4650,reference_edge_lift,8.517939557186914,8.238018523460358,8.817891081084776,8
不使用 GP,4650,top500_persistence,0.7759051366017258,0.688950259926367,0.846162488428827,8
不使用 GP,4650,source_age,722.5416666666667,301.95833333333337,1222.0249999999996,8
不使用 GP,4650,post_unique_tours,22.625,19.416666666666664,26.125,8
不使用 GP,4675,candidate_entropy,7.059806381706148,7.021548923798658,7.100726103782603,8
不使用 GP,4675,candidate_effective_arcs,1173.0878002411378,1125.6645510616354,1222.6849450546758,8
不使用 GP,4675,candidate_gini,0.8885748000459505,0.8872883988989431,0.8898425819371952,8
不使用 GP,4675,top500_mass,0.4408641512804365,0.406726827208461,0.4695823772094765,8
不使用 GP,4675,top2500_mass,0.9924770130537544,0.9924307726352092,0.9925145387836611,8
不使用 GP,4675,floor_fraction,0.8681749999999999,0.8516333333333334,0.8828750000000001,8
不使用 GP,4675,source_edge_lift,9.56707613607562,9.424314611620643,9.71621905404614,8
不使用 GP,4675,current_best_edge_lift,9.434233601604515,9.123951013651782,9.798449628283738,8
不使用 GP,4675,global_best_edge_lift,9.049062665937205,8.656533393661034,9.323537156023352,8
不使用 GP,4675,reference_edge_lift,8.544004746055563,8.255163267766802,8.856709943325026,8
不使用 GP,4675,top500_persistence,0.8114229958156691,0.7430629945620746,0.8719840144292943,8
不使用 GP,4675,source_age,835.6666666666666,411.79166666666663,1302.6666666666665,8
不使用 GP,4675,post_unique_tours,22.333333333333332,20.332291666666666,25.333333333333336,8
不使用 GP,4700,candidate_entropy,7.31943486762865,7.033277629853496,7.692141911868481,8
不使用 GP,4700,candidate_effective_arcs,2263.275652634845,1134.2023104768691,3744.7387433954827,8
不使用 GP,4700,candidate_gini,0.7781221868215848,0.629270250350134,0.8898342248154495,8
不使用 GP,4700,top500_mass,0.41843169963950844,0.34077305467325303,0.48308033887082336,8
不使用 GP,4700,top2500_mass,0.8996738539126166,0.7759103095424615,0.9924971695904752,8
不使用 GP,4700,floor_fraction,0.7622625000000001,0.6135875,0.8770130208333333,8
不使用 GP,4700,source_edge_lift,8.450087090033588,6.99400737985408,9.608436666440353,8
不使用 GP,4700,current_best_edge_lift,8.448998221764166,6.9433217277759205,9.605561691417197,8
不使用 GP,4700,global_best_edge_lift,8.007003659243722,6.578536857769193,9.164763880332561,8
不使用 GP,4700,reference_edge_lift,7.631926364064014,6.248935149518625,8.760239384530411,8
不使用 GP,4700,top500_persistence,0.6588085450803267,0.494208383729002,0.791748226596239,8
不使用 GP,4700,source_age,845.0416666666667,419.94166666666666,1317.0,8
不使用 GP,4700,post_unique_tours,21.75,19.875,24.833333333333336,8
不使用 GP,4725,candidate_entropy,7.09485922048977,7.020766286308839,7.183028671148015,8
不使用 GP,4725,candidate_effective_arcs,1226.4908443338727,1120.8567382478248,1353.2453298468047,8
不使用 GP,4725,candidate_gini,0.8845511468896314,0.8771474733312407,0.8903204291903037,8
不使用 GP,4725,top500_mass,0.437728170301126,0.3834633943072775,0.4828620445699935,8
不使用 GP,4725,top2500_mass,0.9898372930237486,0.9862686593902651,0.9925172558490923,8
不使用 GP,4725,floor_fraction,0.7658291666666667,0.6176285416666667,0.8806041666666666,8
不使用 GP,4725,source_edge_lift,9.46324444041646,9.078948638581299,9.761762625338138,8
不使用 GP,4725,current_best_edge_lift,9.218900424333201,8.762662099005027,9.620484641493341,8
不使用 GP,4725,global_best_edge_lift,8.929760528107924,8.426091350931049,9.385933533305757,8
不使用 GP,4725,reference_edge_lift,8.536286162399772,8.102685205338245,9.030342106958223,8
不使用 GP,4725,top500_persistence,0.7007060950537924,0.5217190921168557,0.8437203344296006,8
不使用 GP,4725,source_age,705.5,279.70833333333337,1231.1499999999996,8
不使用 GP,4725,post_unique_tours,23.916666666666668,21.416666666666668,26.75,8
不使用 GP,4750,candidate_entropy,7.048191369559478,7.000158412848575,7.104391420548791,8
不使用 GP,4750,candidate_effective_arcs,1157.152283327454,1098.1550573526335,1227.2812212381705,8
不使用 GP,4750,candidate_gini,0.8892416544393265,0.8873519712599292,0.8908031338122202,8
不使用 GP,4750,top500_mass,0.44601799899337596,0.4038314336408915,0.4852813201384648,8
不使用 GP,4750,top2500_mass,0.9924913187449589,0.9924429132520057,0.9925344297065865,8
不使用 GP,4750,floor_fraction,0.8716041666666667,0.8511495833333335,0.8893633333333334,8
不使用 GP,4750,source_edge_lift,9.594034404433431,9.328968603259938,9.816942747548177,8
不使用 GP,4750,current_best_edge_lift,9.389693300748183,8.95749877016267,9.750407425589968,8
不使用 GP,4750,global_best_edge_lift,9.074844830332395,8.661267147882514,9.467900670336991,8
不使用 GP,4750,reference_edge_lift,8.64414923667178,8.264940983901424,9.096925800785026,8
不使用 GP,4750,top500_persistence,0.7951495699954042,0.7143629915521581,0.8798937378718918,8
不使用 GP,4750,source_age,962.8333333333333,494.3572916666667,1461.2260416666666,8
不使用 GP,4750,post_unique_tours,23.791666666666668,20.25,27.625,8
不使用 GP,4775,candidate_entropy,7.029132906618496,6.989923266065741,7.076387429001873,8
不使用 GP,4775,candidate_effective_arcs,1133.8468460392487,1086.462961315125,1192.0720556086326,8
不使用 GP,4775,candidate_gini,0.8898216066580229,0.8883504239150374,0.8909236113920499,8
不使用 GP,4775,top500_mass,0.4743148024470264,0.4450443385849167,0.49575041997171576,8
不使用 GP,4775,top2500_mass,0.9925106001361181,0.9924676000654628,0.9925449198938517,8
不使用 GP,4775,floor_fraction,0.8787791666666667,0.861375,0.8937388541666668,8
不使用 GP,4775,source_edge_lift,9.691516016867393,9.458353727436034,9.877722786061687,8
不使用 GP,4775,current_best_edge_lift,9.671635354592404,9.280991483407323,10.000175048416803,8
不使用 GP,4775,global_best_edge_lift,9.161534599992606,8.76743955459963,9.528104145054677,8
不使用 GP,4775,reference_edge_lift,8.680211234426848,8.298566371445892,9.148038415775039,8
不使用 GP,4775,top500_persistence,0.8007926282480338,0.7158586487637498,0.8796391312389115,8
不使用 GP,4775,source_age,804.0,304.24583333333334,1354.1333333333328,8
不使用 GP,4775,post_unique_tours,22.208333333333336,18.25,26.041666666666664,8
不使用 GP,4800,candidate_entropy,7.476992864061567,7.1378290076346005,7.8373470269990095,8
不使用 GP,4800,candidate_effective_arcs,2972.1771738612306,1524.3544817383222,4449.614645456635,8
不使用 GP,4800,candidate_gini,0.7047807220519366,0.5564645831861781,0.8524327527655322,8
不使用 GP,4800,top500_mass,0.39610756607042785,0.31499716804106437,0.470472081926561,8
不使用 GP,4800,top2500_mass,0.837823256679987,0.7140725166491463,0.9615536605990243,8
不使用 GP,4800,floor_fraction,0.6977791666666666,0.5517577083333334,0.8309669791666666,8
不使用 GP,4800,source_edge_lift,7.920369102798649,6.456915313017046,9.23931780813148,8
不使用 GP,4800,current_best_edge_lift,7.866354032716181,6.3765777121321605,9.222734143754142,8
不使用 GP,4800,global_best_edge_lift,7.409013877506327,6.0190987528122895,8.693577373662082,8
不使用 GP,4800,reference_edge_lift,7.0602001608296705,5.716491207905837,8.358815091463308,8
不使用 GP,4800,top500_persistence,0.591244922212726,0.43752551185311195,0.7438760722088489,8
不使用 GP,4800,source_age,956.9583333333333,338.4166666666667,1657.583333333333,8
不使用 GP,4800,post_unique_tours,20.5,17.416666666666668,23.583333333333332,8
不使用 GP,4825,candidate_entropy,7.114842089413645,7.039893709023367,7.198096461957077,8
不使用 GP,4825,candidate_effective_arcs,1257.9298289540066,1149.8729648930337,1377.850047598889,8
不使用 GP,4825,candidate_gini,0.8817923443389323,0.8745962631847943,0.8877191230877767,8
不使用 GP,4825,top500_mass,0.4254013481278334,0.3772398506767395,0.4678165922840822,8
不使用 GP,4825,top2500_mass,0.9880680784609979,0.9844921424056139,0.9916126350439064,8
不使用 GP,4825,floor_fraction,0.7011125,0.5531277083333334,0.8391500000000001,8
不使用 GP,4825,source_edge_lift,9.350694552818224,8.982942423781576,9.675357161829773,8
不使用 GP,4825,current_best_edge_lift,9.339204541700056,8.80366067358327,9.922519008453431,8
不使用 GP,4825,global_best_edge_lift,8.775314968550482,8.370812116340314,9.227372263153502,8
不使用 GP,4825,reference_edge_lift,8.428452079283275,8.132809712998425,8.88626284592836,8
不使用 GP,4825,top500_persistence,0.5760787510622949,0.3955660738392135,0.7413191624289325,8
不使用 GP,4825,source_age,810.1666666666666,200.75,1489.2979166666664,8
不使用 GP,4825,post_unique_tours,25.125,21.416666666666668,28.541666666666668,8
不使用 GP,4850,candidate_entropy,7.054305001142895,7.010508299119511,7.09986259845775,8
不使用 GP,4850,candidate_effective_arcs,1166.4945356531016,1111.529912495411,1225.4824603781178,8
不使用 GP,4850,candidate_gini,0.8887299853598265,0.8870767933259271,0.8903199394433439,8
不使用 GP,4850,top500_mass,0.45468820471946764,0.41260815392101113,0.4860491285176158,8
不使用 GP,4850,top2500_mass,0.992476499719974,0.9924294050869852,0.9925210566399909,8
不使用 GP,4850,floor_fraction,0.8686166666666666,0.850275,0.8861625,8
不使用 GP,4850,source_edge_lift,9.577284439568782,9.354602492342849,9.795044045300745,8
不使用 GP,4850,current_best_edge_lift,9.458475140526534,9.059876188374501,9.862581088045513,8
不使用 GP,4850,global_best_edge_lift,8.919990635666393,8.566789280396815,9.313812061993767,8
不使用 GP,4850,reference_edge_lift,8.560465386384099,8.321394518119567,8.969201384261797,8
不使用 GP,4850,top500_persistence,0.8178405792676449,0.7381282243792591,0.8952509633153323,8
不使用 GP,4850,source_age,850.25,264.9583333333333,1520.1187499999983,8
不使用 GP,4850,post_unique_tours,22.625,18.75,25.833333333333332,8
不使用 GP,4875,candidate_entropy,7.037322541588923,6.99907034835521,7.080835004805542,8
不使用 GP,4875,candidate_effective_arcs,1144.2451558336973,1097.0672572627377,1195.4452103739025,8
不使用 GP,4875,candidate_gini,0.8894929435619885,0.8882968666610123,0.8906499035640445,8
不使用 GP,4875,top500_mass,0.47552130147685545,0.4460520557533667,0.4957156655320155,8
不使用 GP,4875,top2500_mass,0.9925023771810025,0.9924660014187021,0.9925363248224454,8
不使用 GP,4875,floor_fraction,0.8755416666666668,0.860025,0.8901135416666668,8
不使用 GP,4875,source_edge_lift,9.670524352916333,9.408894425878557,9.937387301033882,8
不使用 GP,4875,current_best_edge_lift,9.60925163438039,9.225862709571071,9.993315018449268,8
不使用 GP,4875,global_best_edge_lift,9.033626712844466,8.661892719639003,9.452046549132742,8
不使用 GP,4875,reference_edge_lift,8.662850792436522,8.412440750547121,9.044460455072441,8
不使用 GP,4875,top500_persistence,0.8046616814069769,0.7226091914627017,0.8879015401194232,8
不使用 GP,4875,source_age,1044.0416666666665,465.04166666666663,1680.808333333333,8
不使用 GP,4875,post_unique_tours,22.708333333333336,20.708333333333336,24.87604166666665,8
不使用 GP,4900,candidate_entropy,7.303160411127566,7.0964340662407,7.5615931508855345,8
不使用 GP,4900,candidate_effective_arcs,2243.197684056541,1475.8703925497384,3336.0111776905624,8
不使用 GP,4900,candidate_gini,0.7786445716137123,0.6677401250211122,0.8535105592204908,8
不使用 GP,4900,top500_mass,0.43171256675927333,0.38432049210831526,0.47722878469074315,8
不使用 GP,4900,top2500_mass,0.8996927324008183,0.8068928419167745,0.9615903985589133,8
不使用 GP,4900,floor_fraction,0.7693166666666666,0.6653958333333333,0.85185,8
不使用 GP,4900,source_edge_lift,8.598150785971109,7.575527855343259,9.550126226425919,8
不使用 GP,4900,current_best_edge_lift,8.610096457960383,7.660643967727941,9.46062414184738,8
不使用 GP,4900,global_best_edge_lift,8.070970573496874,7.1668215166373574,8.863944639763648,8
不使用 GP,4900,reference_edge_lift,7.736030630434174,6.945673670568075,8.484576243056818,8
不使用 GP,4900,top500_persistence,0.6426787413635663,0.5552486733103533,0.7184111459800459,8
不使用 GP,4900,source_age,868.5416666666666,266.9083333333333,1542.75,8
不使用 GP,4900,post_unique_tours,22.291666666666664,19.458333333333336,24.708333333333332,8
不使用 GP,4925,candidate_entropy,7.076479431845575,7.025395520107989,7.131062134685115,8
不使用 GP,4925,candidate_effective_arcs,1202.3689648434997,1132.0440330748813,1280.6566209726207,8
不使用 GP,4925,candidate_gini,0.8853107336752968,0.8804788601624527,0.8891087044013046,8
不使用 GP,4925,top500_mass,0.4695956604364482,0.4405910513404299,0.4932277736055216,8
不使用 GP,4925,top2500_mass,0.9898550414247317,0.9871982963433359,0.9916630707751315,8
不使用 GP,4925,floor_fraction,0.7728333333333333,0.6654,0.8543166666666666,8
不使用 GP,4925,source_edge_lift,9.514420540271214,9.266198374614772,9.771191938267716,8
不使用 GP,4925,current_best_edge_lift,9.562386337031935,9.259295439697457,9.879785217844471,8
不使用 GP,4925,global_best_edge_lift,9.053040108630292,8.827553575953006,9.24647162938492,8
不使用 GP,4925,reference_edge_lift,8.674055873012932,8.493326586706516,8.856229424527497,8
不使用 GP,4925,top500_persistence,0.6813711493855451,0.610015426098991,0.753785212396901,8
不使用 GP,4925,source_age,746.7083333333333,179.99583333333334,1400.3458333333333,8
不使用 GP,4925,post_unique_tours,23.958333333333332,21.208333333333336,26.916666666666668,8
不使用 GP,4950,candidate_entropy,7.028741476071016,6.999590677337048,7.060756983156586,8
不使用 GP,4950,candidate_effective_arcs,1133.881818099057,1098.1089790077115,1173.7051113784294,8
不使用 GP,4950,candidate_gini,0.8897413878580097,0.888569334187347,0.8906631070429353,8
不使用 GP,4950,top500_mass,0.4764338180891472,0.45616601753830166,0.4915600286323852,8
不使用 GP,4950,top2500_mass,0.9925113902440088,0.9924787131615114,0.9925405260881024,8
不使用 GP,4950,floor_fraction,0.8789041666666666,0.8664036458333333,0.8899791666666668,8
不使用 GP,4950,source_edge_lift,9.675937829256988,9.526600714108357,9.815595816167829,8
不使用 GP,4950,current_best_edge_lift,9.574787058600778,9.320547267740816,9.818962913048543,8
不使用 GP,4950,global_best_edge_lift,9.196213585414839,8.970358782173312,9.38333252598865,8
不使用 GP,4950,reference_edge_lift,8.795088693677776,8.598166665147309,9.000659672696184,8
不使用 GP,4950,top500_persistence,0.8273391804550618,0.78172452353921,0.8678891795196004,8
不使用 GP,4950,source_age,1089.5416666666667,539.7916666666667,1651.5,8
不使用 GP,4950,post_unique_tours,23.333333333333336,21.5,25.041666666666668,8
不使用 GP,4975,candidate_entropy,7.015149281409791,6.988346733734283,7.046524346345483,8
不使用 GP,4975,candidate_effective_arcs,1117.1818947739414,1084.323532397257,1154.6141175316745,8
不使用 GP,4975,candidate_gini,0.8901531085663436,0.8892496264122227,0.8909038655157084,8
不使用 GP,4975,top500_mass,0.48409950661172985,0.4637132693930779,0.49551430251578404,8
不使用 GP,4975,top2500_mass,0.9925228519114269,0.9924916804455868,0.9925502888824144,8
不使用 GP,4975,floor_fraction,0.8847625000000001,0.8726666666666667,0.8948378125,8
不使用 GP,4975,source_edge_lift,9.732092953909415,9.590560207893606,9.85681725525355,8
不使用 GP,4975,current_best_edge_lift,9.650997731966449,9.433440174041557,9.842158944093946,8
不使用 GP,4975,global_best_edge_lift,9.247431949825323,9.02371292669374,9.44279185754823,8
不使用 GP,4975,reference_edge_lift,8.87842715503595,8.695773722690676,9.079296720100855,8
不使用 GP,4975,top500_persistence,0.7674464495921602,0.695428985035617,0.8392780432646824,8
不使用 GP,4975,source_age,1208.625,688.4541666666667,1735.375,8
不使用 GP,4975,post_unique_tours,21.125,18.666666666666664,23.458333333333336,8
不使用 GP,5000,candidate_entropy,7.190017458511846,6.983915513016049,7.580596074542243,8
不使用 GP,5000,candidate_effective_arcs,1847.5093245161588,1079.588620599361,3357.6338218475535,8
不使用 GP,5000,candidate_gini,0.8162078117276412,0.6671922018756122,0.890989079175182,8
不使用 GP,5000,top500_mass,0.4515355959394195,0.3773528561120153,0.4955686443092067,8
不使用 GP,5000,top2500_mass,0.9306533466563296,0.8068718979774938,0.9925555172037706,8
不使用 GP,5000,floor_fraction,0.8144625,0.6583791666666667,0.8973791666666666,8
不使用 GP,5000,source_edge_lift,9.029398039738323,7.444795344320326,9.880288711785859,8
不使用 GP,5000,current_best_edge_lift,9.029398039738323,7.444673820731641,9.880321209766645,8
不使用 GP,5000,global_best_edge_lift,8.579186702661978,7.0322347378244086,9.455790848549572,8
不使用 GP,5000,reference_edge_lift,8.194645189423703,6.769969865513,9.008319798522123,8
不使用 GP,5000,top500_persistence,0.6693109491881136,0.5196525363006192,0.7979053265197608,8
不使用 GP,5000,source_age,1221.4166666666665,691.9072916666667,1731.9166666666665,8
不使用 GP,5000,post_unique_tours,18.958333333333332,16.666666666666664,21.334374999999987,8
