behavior,iteration,instance,candidate_entropy,candidate_effective_arcs,candidate_gini,top500_mass,top2500_mass,floor_fraction,source_edge_lift,current_best_edge_lift,global_best_edge_lift,reference_edge_lift,top500_persistence,source_age,post_unique_tours
三个固定 GP 表达式的均值,1,0,9.207684761087089,9973.47913976081,0.02223950928427887,0.06295809665355562,0.2683052178440193,0.0,1.220137910433469,1.220137910433469,1.220137910433469,1.1680616716703018,nan,0.0,32.0
三个固定 GP 表达式的均值,1,1,9.207689000314224,9973.521416683412,0.022199327840865916,0.06287960356084137,0.26826326494758074,0.0,1.2195298804191557,1.2195298804191557,1.2195298804191557,1.1636780040395014,nan,0.0,32.0
三个固定 GP 表达式的均值,1,2,9.207663800299919,9973.270084736745,0.0223297651173849,0.06303430374892888,0.268378345036044,0.0,1.220791847870048,1.220791847870048,1.220791847870048,1.170042121027903,nan,0.0,32.0
三个固定 GP 表达式的均值,1,3,9.20767464850107,9973.37827929455,0.022266917253078625,0.06307792408363373,0.2683199110867729,0.0,1.2202453740736816,1.2202453740736816,1.2202453740736816,1.1640008198462624,nan,0.0,32.0
三个固定 GP 表达式的均值,1,4,9.207714605047634,9973.77679145515,0.02207955802941466,0.06301355021099816,0.2681619275326013,0.0,1.2187650922855497,1.2187650922855497,1.2187650922855497,1.1659469041597572,nan,0.0,32.0
三个固定 GP 表达式的均值,1,5,9.207719108059045,9973.821745078989,0.0220799896690617,0.06291528449807895,0.2681700976676862,0.0,1.218460544077157,1.218460544077157,1.218460544077157,1.1670295823120274,nan,0.0,32.0
三个固定 GP 表达式的均值,1,6,9.207744594535326,9974.075898994104,0.021962677144042528,0.06285571059261116,0.268072221102438,0.0,1.2178954716411097,1.2178954716411097,1.2178954716411097,1.1657385466251777,nan,0.0,32.0
三个固定 GP 表达式的均值,1,7,9.207712180099486,9973.752598031708,0.022120030645074965,0.06290315107265951,0.26820611333680877,0.0,1.218772484616741,1.218772484616741,1.218772484616741,1.1625720948547764,nan,0.0,32.0
三个固定 GP 表达式的均值,25,0,7.335393668667972,1533.8514219812064,0.8660074476701234,0.272125454726107,0.9731256475640507,0.0,8.425396671138442,7.990919557303109,8.425396671138442,8.06028085801702,0.4441654295078029,4.333333333333333,32.0
三个固定 GP 表达式的均值,25,1,7.349589562942537,1555.8235842033805,0.8653621136558152,0.23662915403139292,0.973208567139338,0.0,8.403278406723533,7.848442464954364,8.403278406723533,7.904259796083142,0.4459267880687925,2.7777777777777777,32.0
三个固定 GP 表达式的均值,25,2,7.3525040616498485,1560.1604557477904,0.8651820550157248,0.25348646393413454,0.9733386057661207,0.0,8.275532955855873,7.857482877456182,8.275532955855873,8.135832896505903,0.41920045016306534,4.444444444444445,32.0
三个固定 GP 表达式的均值,25,3,7.347551919569812,1552.5280765654393,0.8654930269623623,0.24447445133342066,0.9732116888881978,0.0,8.397647655549848,7.9253079602693095,8.397647655549848,7.941807404898948,0.44966502132792097,3.4444444444444446,32.0
三个固定 GP 表达式的均值,25,4,7.339154255423809,1539.5654346634426,0.8658157757054341,0.2651687222536788,0.9730928130619727,0.0,8.461192782407462,8.007590002706364,8.461192782407462,8.109173161797493,0.4692030333130077,2.3333333333333335,32.0
三个固定 GP 表达式的均值,25,5,7.345600171137203,1549.527993798781,0.8654315704351956,0.28765737748416476,0.9730400822530496,0.0,8.38835020222023,7.8628806124134485,8.38835020222023,8.049934684565363,0.450590264803503,4.0,32.0
三个固定 GP 表达式的均值,25,6,7.346292071332998,1550.5181675834178,0.8652174159399345,0.26606433730359513,0.972978741378539,0.0,8.371188088130376,8.143669450765135,8.371188088130376,8.064530656926879,0.4357882263790571,1.3333333333333333,32.0
三个固定 GP 表达式的均值,25,7,7.354128028003509,1562.685182269934,0.864931319843748,0.28121796821432343,0.9730590034304529,0.0,8.349047006581616,7.863186470629515,8.349047006581616,7.947503506783818,0.4228732244033314,3.2222222222222223,32.0
三个固定 GP 表达式的均值,50,0,7.114865630635121,1230.769987146015,0.8920778370960877,0.3370256339945603,0.9925159595438132,0.8108333333333335,9.215475031034629,8.764581531711432,9.215475031034629,8.280641382245939,0.6141356849225555,7.0,32.0
三个固定 GP 表达式的均值,50,1,7.122670621835541,1239.9547014309217,0.8922858817006463,0.35199953693087277,0.9925233320904676,0.8100555555555555,9.137004364688343,8.687094635433892,9.137004364688343,8.1732176991079,0.5940249550921753,4.222222222222222,32.0
三个固定 GP 表达式的均值,50,2,7.129013957224927,1247.8578316472117,0.8919967704347975,0.4723929905808811,0.992519947990347,0.8050333333333334,9.054901775101449,8.681881326214512,9.054901775101449,8.621623853059909,0.5612985200990322,3.4444444444444446,32.0
三个固定 GP 表达式的均值,50,3,7.137160544264698,1258.2878468456365,0.891759860247599,0.38930915463594534,0.9925227037632445,0.8068777777777778,9.029015228111584,8.672273971654196,9.029015228111584,8.270459672949638,0.6054186814059301,8.333333333333334,32.0
三个固定 GP 表达式的均值,50,4,7.102415680012714,1215.3729122173172,0.8924958149922154,0.3687380345700034,0.9925135806776808,0.8156777777777777,9.237948914615874,8.922505316732872,9.237948914615874,8.531930376398485,0.5809226144277156,3.7777777777777777,32.0
三个固定 GP 表达式的均值,50,5,7.138076623975825,1259.3192528588354,0.8917338973459602,0.4325932038275113,0.9925175307384322,0.8039222222222222,9.03430163111115,8.636459998713923,9.03430163111115,8.419333425982321,0.5918552664803981,6.222222222222222,32.0
三个固定 GP 表达式的均值,50,6,7.12051570851849,1237.4946419051773,0.8922123341150225,0.37148886400107956,0.9925154747390117,0.8100111111111111,9.156811452915191,8.787067764592969,9.156811452915191,8.522385016927892,0.5609547124325945,6.0,32.0
三个固定 GP 表达式的均值,50,7,7.150519703751008,1275.01649968831,0.891404777650431,0.3258569969935738,0.9925049475163438,0.7978333333333334,9.011590851947474,8.520252134808972,9.011590851947474,8.271790278259836,0.5903733242273029,4.888888888888889,32.0
三个固定 GP 表达式的均值,75,0,7.061718565494747,1167.1669711627555,0.8925649816221429,0.3886095625014391,0.9925290976181067,0.8409333333333333,9.474423920002636,9.240304184724945,9.474423920002636,8.295280435816853,0.620493711130188,3.888888888888889,31.666666666666668
三个固定 GP 表达式的均值,75,1,7.068150551165376,1174.4914324492943,0.8926518971121179,0.41706301255482775,0.9925332632375513,0.8389444444444445,9.432459840228097,9.285024017252445,9.432459840228097,8.183965111699822,0.6307180652983849,4.888888888888889,32.0
三个固定 GP 表达式的均值,75,2,7.076219705672661,1184.3216088846928,0.8925317451511593,0.43299660112231597,0.9925311682231024,0.8333888888888888,9.39451718825017,9.124854822911104,9.39451718825017,8.69588022774297,0.6271747649067011,6.333333333333333,31.555555555555557
三个固定 GP 表达式的均值,75,3,7.092151707845467,1203.387933204564,0.8924430313500262,0.4581814187599279,0.9925223070061625,0.8294555555555555,9.28540958038463,8.950591869121206,9.28540958038463,8.204743152896015,0.6071096244681676,6.888888888888889,32.0
三个固定 GP 表达式的均值,75,4,7.038483955821906,1140.1785919342951,0.8926047421274013,0.4752083103922422,0.9925414415535619,0.8549666666666667,9.602563692904555,9.491748844119071,9.602563692904555,8.595543462676517,0.6235593083920157,6.666666666666667,30.0
三个固定 GP 表达式的均值,75,5,7.0977682718791915,1209.9416979230245,0.8924184335421637,0.46072272591984464,0.9925255706384006,0.8233555555555556,9.25770715037601,8.978782975862366,9.25770715037601,8.441343189190512,0.6130347764340782,8.0,32.0
三个固定 GP 表达式的均值,75,6,7.051232579281634,1155.0161870661827,0.8927829151287897,0.5122184393084636,0.992527205162576,0.8473,9.509623612695652,9.393502254739698,9.509623612695652,8.712683723594012,0.6221877325427464,5.555555555555555,31.22222222222222
三个固定 GP 表达式的均值,75,7,7.1145808038023794,1230.4204358100692,0.8921691833858897,0.34916162179185317,0.9925047005118487,0.8128888888888888,9.289014740127005,8.886959570819533,9.289014740127005,8.391722840533456,0.6090911710906604,11.555555555555555,32.0
三个固定 GP 表达式的均值,100,0,7.018846242176418,1117.8408167398384,0.8923421375577882,0.4661799981047923,0.9925487063192414,0.8711444444444445,9.668377468120658,9.668377468120658,9.666395739225528,8.26017318493225,0.6417137648575858,0.0,30.11111111111111
三个固定 GP 表达式的均值,100,1,7.018497740410367,1117.546842832389,0.8922848360084051,0.47674243602332805,0.9925528198505921,0.8698666666666666,9.62463248785619,9.62463248785619,9.700050622374352,8.120362470300812,0.6175275866555783,0.0,29.77777777777778
三个固定 GP 表达式的均值,100,2,7.018207371521909,1117.1407818354867,0.8923632472258815,0.47343965084906514,0.9925433233528071,0.8673444444444445,9.674555102759273,9.674555102759273,9.698138240530744,8.801516848708847,0.6318100672393466,0.0,28.22222222222222
三个固定 GP 表达式的均值,100,3,7.04476518126968,1147.7619839642857,0.8924197770226304,0.48970147931732405,0.9925425390157974,0.8550666666666666,9.49710741681555,9.49710741681555,9.537666686443476,8.173880917308399,0.6454014423601963,0.0,30.0
三个固定 GP 表达式的均值,100,4,7.003961221181935,1101.2629112336037,0.8920495732266072,0.5021939331842141,0.9925556091132616,0.8812333333333333,9.757280729518802,9.757280729518802,9.772409018462584,8.613750684484138,0.6103848789552608,0.0,28.0
三个固定 GP 表达式的均值,100,5,7.0432046820177225,1145.8928316030322,0.8925209569189995,0.4832752975176715,0.9925360132957136,0.8527666666666666,9.458773429587476,9.458773429587476,9.543784098037182,8.510565497885327,0.6175231695588014,0.0,30.444444444444443
三个固定 GP 表达式的均值,100,6,7.010584844064556,1108.58830573129,0.8922514779027357,0.4897650916001365,0.9925481588708374,0.8738222222222222,9.716881111221344,9.716881111221344,9.768201333318082,8.828884416275933,0.6116292335623188,0.0,30.11111111111111
三个固定 GP 表达式的均值,100,7,7.0710159890663355,1178.4424267429995,0.8927055927760542,0.4033020158474826,0.9925234611713785,0.8384222222222222,9.476256079045074,9.476256079045074,9.595231439625742,8.44127294370073,0.6238795281446674,0.0,31.333333333333332
三个固定 GP 表达式的均值,125,0,6.994084229716887,1090.2674920570917,0.8917756340692358,0.4836100966622045,0.9925592220131855,0.8884666666666666,9.811512611815472,9.811512611815472,9.813979270939466,8.233161675543355,0.6118459984799771,0.0,25.22222222222222
三个固定 GP 表达式的均值,125,1,7.003871537911361,1101.5343143141017,0.8918101470415625,0.48002676072580613,0.9925560609194611,0.8846111111111111,9.744999341472505,9.744999341472505,9.746017480292247,8.181631062384625,0.5942975037993903,0.0,28.88888888888889
三个固定 GP 表达式的均值,125,2,6.994249581667399,1090.4966842076492,0.8916660021099835,0.49930414426559977,0.992559031441306,0.8869444444444444,9.824603546785065,9.824603546785065,9.794027718011181,8.92956619379357,0.5838579385269191,0.0,24.333333333333332
三个固定 GP 表达式的均值,125,3,7.011804168816822,1110.2375582078828,0.8919948561424254,0.48507585036433415,0.9925529879697534,0.8743333333333333,9.68517598500371,9.68517598500371,9.723083666463056,8.242631333528113,0.6228918435276909,0.0,28.444444444444443
三个固定 GP 表达式的均值,125,4,6.989222573575904,1085.0686707839434,0.8915566842273598,0.498739943568112,0.9925620494972954,0.8911444444444443,9.834280992784162,9.834280992784162,9.837652668771119,8.624122992805123,0.6465398282073402,0.0,18.333333333333332
三个固定 GP 表达式的均值,125,5,7.009584829815099,1107.6212780834203,0.8921208871572737,0.5032604285812855,0.9925512447311652,0.8758777777777778,9.700421286121435,9.700421286121435,9.724496179499168,8.559420374019531,0.5738437550694301,0.0,28.444444444444443
三个固定 GP 表达式的均值,125,6,6.986798237080674,1082.2744739659784,0.8916477299011193,0.49885458120407644,0.99255601464809,0.8904555555555554,9.903164157722204,9.903164157722204,9.93129212633903,8.993409045608173,0.60118559920025,0.0,27.0
三个固定 GP 表达式的均值,125,7,7.035665472307134,1137.761188992271,0.8923463934981812,0.4866252820918145,0.9925324778183702,0.8595555555555556,9.66498408192808,9.66498408192808,9.791667431864973,8.476213747851325,0.584499925196807,0.0,30.666666666666668
三个固定 GP 表达式的均值,150,0,6.98271183930811,1077.8453621668277,0.8913827126074096,0.49708316317384926,0.9925656305738991,0.8957777777777777,9.888642027109029,9.884453533298176,9.888642027109029,8.226111082873498,0.6220023818467283,6.222222222222222,21.88888888888889
三个固定 GP 表达式的均值,150,1,6.98714106066576,1082.7026077357493,0.8915737096599599,0.498564749305231,0.9925632043522802,0.8927111111111111,9.846356797072152,9.844779927659337,9.846356797072152,8.241464930809418,0.583355060345426,8.555555555555555,22.0
三个固定 GP 表达式的均值,150,2,6.98485786770614,1080.167368929243,0.8914039321605904,0.49745676198945366,0.9925650649942135,0.8947555555555555,9.86508956784851,9.865759223486883,9.86508956784851,9.00706128568238,0.5988905180422285,7.888888888888889,22.666666666666668
三个固定 GP 表达式的均值,150,3,6.9942624178504325,1090.5131619250767,0.8916453353349179,0.49918397762298305,0.9925615341516895,0.8886000000000001,9.826680999247381,9.801083678382465,9.826680999247381,8.27864566434785,0.5840856800027637,5.555555555555555,24.88888888888889
三个固定 GP 表达式的均值,150,4,6.982489781774479,1077.63024565729,0.8913262344977301,0.4970237381463398,0.9925651065648621,0.8965555555555554,9.890863882215454,9.876912641380262,9.890863882215454,8.64917929003781,0.634020212054972,19.0,18.88888888888889
三个固定 GP 表达式的均值,150,5,6.989713546798375,1085.4482559037042,0.8916388836249136,0.49887513068977973,0.9925618261684546,0.890288888888889,9.837460399571787,9.839318287988107,9.837460399571787,8.623385657604471,0.5761401992622552,4.111111111111111,27.0
三个固定 GP 表达式的均值,150,6,6.9822735600547645,1077.3757087034346,0.8914413604036712,0.49761584652149465,0.9925592623267521,0.8973888888888888,9.977507955003542,10.00040387595304,9.977507955003542,9.108162791925436,0.6147031250206225,3.5555555555555554,21.22222222222222
三个固定 GP 表达式的均值,150,7,7.001942914008809,1099.0174147350936,0.8921478416581132,0.46926080291002253,0.9925429798291621,0.8793333333333333,9.849279867009024,9.781838770934918,9.849279867009024,8.513111940582396,0.5579944756058802,1.6666666666666667,27.88888888888889
三个固定 GP 表达式的均值,175,0,6.982383391383626,1077.4878141320332,0.8913485174400384,0.4969132964970639,0.9925657490730292,0.8980000000000001,9.886748995194646,9.886748995194646,9.874060230442582,8.276486174919889,0.6032645905212289,0.0,20.88888888888889
三个固定 GP 表达式的均值,175,1,6.9848539581589755,1080.1640330122282,0.8914481316615761,0.49767395508819035,0.9925654756251993,0.8960666666666666,9.862324870445299,9.862324870445299,9.842448625926245,8.293561990190963,0.5901507111745325,0.0,22.88888888888889
三个固定 GP 表达式的均值,175,2,6.982666075131256,1077.7933296304354,0.8913569146591455,0.49711984787445895,0.9925658481109889,0.8973999999999999,9.880229100403486,9.880229100403486,9.880229100403486,9.036540579489952,0.5818465724343573,0.0,21.333333333333332
三个固定 GP 表达式的均值,175,3,6.983693760655191,1078.9078619389484,0.8914084952063005,0.49746395430450757,0.9925650646697615,0.8958666666666668,9.88323501410608,9.88323501410608,9.88531956563118,8.304088649461114,0.5962535459223155,0.0,20.22222222222222
三个固定 GP 表达式的均值,175,4,6.980240338143132,1075.1793243179864,0.8912329413502822,0.49643788709281345,0.9925662161225097,0.8985333333333334,9.896505421448932,9.896505421448932,9.896505421448932,8.686348425529966,0.6198090204824884,0.0,16.11111111111111
三个固定 GP 表达式的均值,175,5,6.984083638324226,1079.3595802988636,0.8914090578015481,0.49753325404722987,0.992564399896338,0.8957444444444445,9.882102075794547,9.882102075794547,9.8679143402947,8.654263977297466,0.6039787801847509,0.0,18.555555555555557
三个固定 GP 表达式的均值,175,6,6.979444529642141,1074.3243020384043,0.8913665660363126,0.49718215353122097,0.9925596389113266,0.8983888888888889,10.005243794392323,10.005243794392323,10.054536611733592,9.185201763046656,0.6273787622989355,0.0,21.666666666666668
三个固定 GP 表达式的均值,175,7,6.984102418934591,1079.3512750721789,0.8915712652001238,0.49356205343956083,0.992557467270659,0.8935555555555555,9.993198655354878,9.993198655354878,10.073636778870403,8.620041113214775,0.5997543957934721,0.0,25.444444444444443
三个固定 GP 表达式的均值,200,0,6.980705868919525,1075.6806813798257,0.8912664418179662,0.4964715942608378,0.9925651049931266,0.8982222222222221,9.891488004036617,9.891488004036617,9.891488004036617,8.290717129762783,0.6133741553658959,14.11111111111111,19.444444444444443
三个固定 GP 表达式的均值,200,1,6.981041595422274,1076.0410206628026,0.8912887877421151,0.49675623958438186,0.9925662429674781,0.8976666666666667,9.892363669819293,9.892363669819293,9.892363669819293,8.390915029153128,0.6153298559185538,12.444444444444445,19.555555555555557
三个固定 GP 表达式的均值,200,2,6.980114254265508,1075.0441226357232,0.8912296182634718,0.49642506728294816,0.9925662426361169,0.8986222222222222,9.89511651053514,9.896898651219189,9.89511651053514,9.03909097213603,0.5939115752707826,13.444444444444445,16.88888888888889
三个固定 GP 表达式的均值,200,3,6.982306512078529,1077.4134215551474,0.8913150104100266,0.4969309111750298,0.9925652822236314,0.8977999999999999,9.872820808463706,9.882065363064008,9.872820808463706,8.318427604866047,0.6056322739375277,12.555555555555555,18.444444444444443
三个固定 GP 表达式的均值,200,4,6.983271281542284,1078.4523622227764,0.891362562403239,0.4971502329007267,0.9925656598990878,0.8980888888888889,9.879296363835586,9.877726851167429,9.879296363835586,8.719971907329725,0.6182227256011238,16.555555555555557,21.0
三个固定 GP 表达式的均值,200,5,6.983367734979273,1078.5712946978383,0.8913242544019518,0.4970472594752516,0.992565668131729,0.896988888888889,9.88032092727268,9.885362542485332,9.88032092727268,8.706077892480177,0.5880282942321435,16.444444444444443,20.11111111111111
三个固定 GP 表达式的均值,200,6,6.979948001011196,1074.8647417500024,0.8913981565562926,0.4973703753659331,0.9925591001963586,0.8987222222222222,9.914094834046677,10.028768742263722,9.914094834046677,9.251952385299578,0.629947587314225,16.0,20.88888888888889
三个固定 GP 表达式的均值,200,7,6.981321112119186,1076.3421691268104,0.8914848652565937,0.4978631551536862,0.9925604036097345,0.8976666666666667,10.155953467035046,9.899248437674894,10.155953467035046,8.676709828843208,0.6213119511815931,8.333333333333334,24.444444444444443
三个固定 GP 表达式的均值,225,0,6.979338724837397,1074.2093133055994,0.8911916818442113,0.49614195272130446,0.9925662426503106,0.8991555555555555,9.898977678177964,9.898977678177964,9.898977678177964,8.308164527935865,0.6355490541878857,0.0,16.444444444444443
三个固定 GP 表达式的均值,225,1,6.9802481339126325,1075.1886843632064,0.8912420925450717,0.4965444110680333,0.992566605755861,0.8986444444444444,9.90466131864452,9.90466131864452,9.90466131864452,8.405882531134232,0.6138479824761857,0.0,17.22222222222222
三个固定 GP 表达式的均值,225,2,6.980182733016428,1075.1179711458647,0.8912247430411213,0.4964025144240666,0.9925662420690373,0.8986666666666667,9.898930010082266,9.898930010082266,9.898569428669962,9.063565527329452,0.6047261380412001,0.0,17.444444444444443
三个固定 GP 表达式的均值,225,3,6.980440293899331,1075.3942689752548,0.8912672763730293,0.49665216171610727,0.992566411598752,0.8983111111111111,9.90073053252565,9.90073053252565,9.90073053252565,8.37489227481154,0.6112159602520001,0.0,16.88888888888889
三个固定 GP 表达式的均值,225,4,6.979033222680263,1073.880146129116,0.8911752896564474,0.4961414469180652,0.9925666804207961,0.8988888888888888,9.908969539552768,9.908969539552768,9.908969539552768,8.740060568464477,0.6221523915375214,0.0,15.666666666666666
三个固定 GP 表达式的均值,225,5,6.979530416257066,1074.4156206012065,0.891194581137522,0.49625727276429543,0.9925663082863634,0.8987555555555556,9.906772373178999,9.906772373178999,9.906772373178999,8.758917940577415,0.5879940126883665,0.0,16.88888888888889
三个固定 GP 表达式的均值,225,6,6.978785233488796,1073.615303747301,0.8913321223826944,0.49698858910712473,0.9925599265249949,0.8993111111111111,9.987837512341835,9.987837512341835,9.948724401411647,9.296918304440787,0.6265439039686546,0.0,18.333333333333332
三个固定 GP 表达式的均值,225,7,6.983142189361427,1078.3113858322808,0.8915656842270637,0.49833165873531765,0.9925599455685532,0.8971666666666667,10.265077149141442,10.265077149141442,10.175435117756933,8.780895292525114,0.6236790561206714,0.0,25.555555555555557
三个固定 GP 表达式的均值,250,0,6.980278680323813,1075.2221492173762,0.8912811010435444,0.49660664061221965,0.992566341964262,0.8991333333333333,9.89501870032151,9.896442003702617,9.89501870032151,8.315043446259972,0.6482024297418295,35.77777777777778,18.444444444444443
三个固定 GP 表达式的均值,250,1,6.979333395827535,1074.2030841450226,0.891196509946393,0.496262483655918,0.9925667767269183,0.8994444444444443,9.907936665102227,9.907936665102227,9.907936665102227,8.441083797642245,0.610916847136365,35.0,16.0
三个固定 GP 表达式的均值,250,2,6.978471617255482,1073.2767767603411,0.8911440133935413,0.4959619373216507,0.992566850550169,0.8996444444444445,9.910468664977682,9.910468664977682,9.910468664977682,9.06397951653097,0.6012950285432365,32.111111111111114,14.444444444444445
三个固定 GP 表达式的均值,250,3,6.981426075104653,1076.458572879926,0.8913020509255536,0.4968277900402202,0.9925662359359736,0.8988222222222222,9.881782588372563,9.882910982578,9.881782588372563,8.413668668259412,0.6080490599067667,18.11111111111111,18.77777777777778
三个固定 GP 表达式的均值,250,4,6.979384496322112,1074.2591652988622,0.8911852532097095,0.4961886598606626,0.9925666678301935,0.8993555555555557,9.903717384896503,9.903717384896503,9.903717384896503,8.744400510800977,0.6193911173106579,44.888888888888886,14.88888888888889
三个固定 GP 表达式的均值,250,5,6.97936089142558,1074.234878491091,0.8911993737548934,0.4962683424979208,0.992566713266301,0.8996666666666666,9.904887578925251,9.904887578925251,9.904887578925251,8.783002672387404,0.6077288927346813,35.0,15.777777777777779
三个固定 GP 表达式的均值,250,6,6.977399759581321,1072.126951898314,0.8912658247454937,0.4966432597869075,0.9925599883861371,0.8999222222222222,9.980788245554328,9.919965737402915,9.980788245554328,9.309037633225408,0.6448697162549988,55.888888888888886,18.444444444444443
三个固定 GP 表达式的均值,250,7,6.979434695559253,1074.3125141212,0.8913296315225518,0.49702882314258634,0.9925609761054831,0.8985000000000001,10.128717756053973,10.221240974269513,10.128717756053973,8.82102927634028,0.6113696615192089,16.77777777777778,20.0
三个固定 GP 表达式的均值,275,0,6.978371253870719,1073.16902615394,0.8911477153590981,0.49590906481649594,0.992566843212347,0.8996,9.910731299631882,9.910731299631882,9.910731299631882,8.312428377751012,0.6246158477109464,59.55555555555556,13.777777777777779
三个固定 GP 表达式的均值,275,1,6.979012237524634,1073.8575232365,0.8911821793636894,0.4961823508489235,0.9925667016766463,0.8994222222222221,9.908483057947437,9.908483057947437,9.908483057947437,8.455937234217314,0.6038535299807576,47.22222222222222,14.444444444444445
三个固定 GP 表达式的均值,275,2,6.9793482359379375,1074.2205272277179,0.8912089253000405,0.496314742942791,0.9925666955109532,0.8997333333333333,9.903636254851818,9.903929460545688,9.903636254851818,9.062415818113305,0.6043550330483077,40.333333333333336,14.88888888888889
三个固定 GP 表达式的均值,275,3,6.9788465847417305,1073.6797172225986,0.8911764725065942,0.4961492223435292,0.9925667952415917,0.8992444444444444,9.907604636553828,9.907604636553828,9.907604636553828,8.436764305828824,0.6153756409072395,33.44444444444444,15.555555555555555
三个固定 GP 表达式的均值,275,4,6.9809037822923905,1075.896601296164,0.8912466441827713,0.49649792148366134,0.9925665347180058,0.8990000000000001,9.886143870948708,9.897690592466413,9.886143870948708,8.74545844987167,0.6221691898599742,50.22222222222222,16.11111111111111
三个固定 GP 表达式的均值,275,5,6.979111086917306,1073.9659021944544,0.8911799433182832,0.4961477137259085,0.9925668512699694,0.8997555555555555,9.905043719964644,9.903923129441544,9.905043719964644,8.796931380194895,0.6042176868031037,49.888888888888886,13.333333333333334
三个固定 GP 表达式的均值,275,6,6.977416323087321,1072.1447150729648,0.8912666851305183,0.49664738515253287,0.9925600446310062,0.8999888888888888,10.002166216139887,10.168739360112317,10.002166216139887,9.320049319322004,0.6175834873268315,72.0,19.444444444444443
三个固定 GP 表达式的均值,275,7,6.980189448535163,1075.1244758109983,0.8913965306816574,0.49738372691531496,0.9925623183539738,0.8988111111111111,10.00290295602158,9.899854689953205,10.00290295602158,8.864870568201193,0.6237862601743087,20.666666666666668,21.444444444444443
三个固定 GP 表达式的均值,300,0,6.97883640724204,1073.668623084947,0.8911636749899361,0.49505557876714446,0.992566812040557,0.8991111111111112,9.909788789578995,9.909788789578995,9.909788789578995,8.390423577414758,0.6050162833421946,66.55555555555556,14.222222222222221
三个固定 GP 表达式的均值,300,1,6.978741429400261,1073.5666862474563,0.8911762521600911,0.4961446977299306,0.9925668504508098,0.8997111111111111,9.909031299984017,9.909031299984017,9.909031299984017,8.476699294828464,0.5934254731082271,65.66666666666667,14.222222222222221
三个固定 GP 表达式的均值,300,2,6.9784497231304945,1073.2532953724344,0.8911416498389659,0.4959467681423058,0.9925668702365947,0.8997777777777777,9.91055981836138,9.91055981836138,9.91055981836138,9.055174537672148,0.6012765079391054,54.0,13.555555555555555
三个固定 GP 表达式的均值,300,3,6.979111459933588,1073.9650806059797,0.8911732433443039,0.4961191399632045,0.9925665437801106,0.8996444444444445,9.90373608984035,9.90373608984035,9.90373608984035,8.436910664719072,0.6045588382057364,48.44444444444444,14.777777777777779
三个固定 GP 表达式的均值,300,4,6.978462623641102,1073.267123135928,0.8911459564093241,0.49597704549902516,0.9925668160802675,0.8993555555555557,9.910551039026808,9.910551039026808,9.910551039026808,8.761535696943355,0.6057642833669646,73.11111111111111,13.333333333333334
三个固定 GP 表达式的均值,300,5,6.978537678072014,1073.3478206807918,0.8911449564022175,0.4959663935446974,0.9925668558851706,0.8996,9.91028349622609,9.91028349622609,9.91028349622609,8.818079065008924,0.6001498125319364,71.66666666666667,15.11111111111111
三个固定 GP 表达式的均值,300,6,6.977383181464443,1072.109178156207,0.8912707720759209,0.4966731759939389,0.9925601764741613,0.9000999999999999,10.02407816168588,10.184045272154815,10.02407816168588,9.319747077317189,0.632498682991581,97.0,18.88888888888889
三个固定 GP 表达式的均值,300,7,6.978546313585656,1073.3582312749463,0.8912639710488387,0.49665091188368393,0.9925638580290281,0.8996555555555555,10.02492111084745,10.004616044469895,10.02492111084745,8.88429929357758,0.6302029663091434,41.22222222222222,19.0
三个固定 GP 表达式的均值,325,0,6.978447067137368,1073.2504479605761,0.8911517311087871,0.49599662603920575,0.992566844325113,0.8997333333333333,9.910566987619191,9.910566987619191,9.910566987619191,8.40879022929548,0.6089248989504116,85.11111111111111,17.0
三个固定 GP 表达式的均值,325,1,6.979265280960537,1074.1305549640285,0.891206783473064,0.4963013979267152,0.9925667830709796,0.8996888888888888,9.905049156530222,9.905049156530222,9.905049156530222,8.483886558608246,0.6000294221582448,62.22222222222222,15.88888888888889
三个固定 GP 表达式的均值,325,2,6.979584536511642,1074.4786751575532,0.8911818596278694,0.4961747042602769,0.992566632671501,0.8996000000000001,9.90531735027373,9.90531735027373,9.90531735027373,9.066858345952204,0.6064045983332153,67.77777777777777,15.777777777777779
三个固定 GP 表达式的均值,325,3,6.980414389295681,1075.3682991448234,0.891252510974737,0.49655838966260724,0.9925658116145455,0.8991555555555555,9.889505494664641,9.889505494664641,9.889505494664641,8.453169525460256,0.6136727778497346,49.22222222222222,16.88888888888889
三个固定 GP 表达式的均值,325,4,6.979441511946335,1074.3206393099524,0.8911859007806472,0.4961868702162795,0.9925667115852514,0.8995777777777777,9.90660612788431,9.90660612788431,9.90660612788431,8.773478586650292,0.625246109210542,81.0,15.444444444444445
三个固定 GP 表达式的均值,325,5,6.978328933365135,1073.1236067780696,0.8911366049434544,0.4959233271113116,0.9925668957766661,0.8999999999999999,9.910802749319991,9.910802749319991,9.910802749319991,8.818569991072623,0.601021958270067,94.44444444444444,14.555555555555555
三个固定 GP 表达式的均值,325,6,6.977382883120075,1072.1088583714618,0.8912624452093176,0.49661971529432897,0.9925602006233833,0.9000999999999999,10.045372209782686,10.275795438731555,10.045372209782686,9.319875790412697,0.634951932701875,122.0,17.0
三个固定 GP 表达式的均值,325,7,6.980336125277784,1075.2833037297303,0.8913449431782969,0.4970681426531164,0.9925642232191407,0.8989777777777778,10.028349298102743,10.129601775738145,10.028349298102743,8.946053885087723,0.617746869612829,22.77777777777778,18.444444444444443
三个固定 GP 表达式的均值,350,0,6.979226254974403,1074.0904508761114,0.8911660832818993,0.49607215805757654,0.9925667583133845,0.8997111111111111,9.887926048700116,9.887926048700116,9.887926048700116,8.413381306351928,0.6236753079775057,88.11111111111111,14.777777777777779
三个固定 GP 表达式的均值,350,1,6.978328366533399,1073.1229984999861,0.891146733217053,0.49598603385951695,0.9925668749199777,0.8999999999999999,9.910802499039736,9.910802499039736,9.910802499039736,8.481533672654479,0.6062657153381811,87.22222222222223,14.777777777777779
三个固定 GP 表达式的均值,350,2,6.978328928729577,1073.1236018043194,0.8911351653660626,0.49591457145367124,0.9925668840045895,0.8999999999999999,9.910802608055073,9.910802608055073,9.910802608055073,9.070122857684611,0.6180387503908131,91.55555555555556,12.555555555555555
三个固定 GP 表达式的均值,350,3,6.9805779042673315,1075.5453153937463,0.8912666372316997,0.4966261985194479,0.9925662898976516,0.8989777777777778,9.894437008711012,9.901043536747997,9.894437008711012,8.482057360856468,0.6150213207154823,57.333333333333336,16.88888888888889
三个固定 GP 表达式的均值,350,4,6.978596201890834,1073.4107641162354,0.8911480873507117,0.4959793553209294,0.9925668445380447,0.8999111111111111,9.90986563286833,9.90986563286833,9.90986563286833,8.780184955961069,0.608423063459172,97.22222222222223,13.777777777777779
三个固定 GP 表达式的均值,350,5,6.979437914046822,1074.317016889571,0.8911845040177807,0.496199613618618,0.9925667703100982,0.8994888888888889,9.906796800077196,9.906796800077196,9.906796800077196,8.83523797522921,0.6003311915132693,77.0,14.222222222222221
三个固定 GP 表达式的均值,350,6,6.977385411753847,1072.1115692177145,0.8912719997084105,0.49668706475763524,0.9925600984756132,0.9000999999999999,10.067429489885807,10.372572130458797,10.067429489885807,9.319875885306075,0.6188050896537391,147.0,19.88888888888889
三个固定 GP 表达式的均值,350,7,6.978794978249681,1073.6254215914805,0.8912473147178362,0.49655034244786544,0.992564539278904,0.8997444444444445,10.047132527647241,10.167924777772347,10.047132527647241,8.976789040662476,0.625802953789767,39.888888888888886,15.222222222222221
三个固定 GP 表达式的均值,375,0,6.978408074341325,1073.2085664675053,0.8911557356766584,0.4960261718204389,0.992566863769285,0.8996222222222223,9.910659168082653,9.910659168082653,9.910659168082653,8.435150883595021,0.6018665438544737,112.0,15.333333333333334
三个固定 GP 表达式的均值,375,1,6.978327869543084,1073.122465168969,0.891151250531534,0.4960131890930806,0.9925668929533484,0.8999999999999999,9.910802715440182,9.910802715440182,9.910802715440182,8.481373990098323,0.6101889353012059,112.22222222222223,12.333333333333334
三个固定 GP 表达式的均值,375,2,6.978454441661451,1073.2583695164305,0.8911437520579644,0.4959607407707597,0.9925668783036835,0.8997111111111111,9.910567089230085,9.910567089230085,9.910567089230085,9.070186324902046,0.611273375536685,108.55555555555556,13.222222222222221
三个固定 GP 表达式的均值,375,3,6.978843823556604,1073.676709534525,0.891175004448486,0.49614029075993393,0.9925667993110285,0.8992444444444444,9.909572996149869,9.909572996149869,9.909572996149869,8.495267849946945,0.6063756521160257,74.22222222222223,13.333333333333334
三个固定 GP 表达式的均值,375,4,6.9784371992367955,1073.2398463967297,0.8911423979114197,0.4959569916989291,0.9925668725244622,0.8998,9.910594103415805,9.910594103415805,9.910594103415805,8.787712537725945,0.621047173548483,114.11111111111111,14.11111111111111
三个固定 GP 表达式的均值,375,5,6.97832875636926,1073.1234168400092,0.8911405940405799,0.4959498374276594,0.9925668853194415,0.8999999999999999,9.910802623833298,9.910802623833298,9.910802623833298,8.833901355824064,0.5894607507368363,102.0,12.333333333333334
三个固定 GP 表达式的均值,375,6,6.977379898435667,1072.1056586122536,0.8912694182849806,0.49666744582970995,0.9925601458313644,0.9000999999999999,10.089356645663043,10.356427861495105,10.089356645663043,9.319890989247204,0.6180636658609862,172.0,19.666666666666668
三个固定 GP 表达式的均值,375,7,6.978982115546327,1073.8256086195433,0.8912065696285923,0.4963153690993548,0.9925655830695967,0.8997222222222222,10.05149252110388,10.02693946860294,10.05149252110388,9.000949818387179,0.6288042592628342,38.0,14.777777777777779
三个固定 GP 表达式的均值,400,0,6.978552620069124,1073.363894154761,0.8911556890343917,0.49603451478555005,0.9925668857456511,0.899888888888889,9.910203324883799,9.910203324883799,9.910203324883799,8.439700958324257,0.6212156267850379,125.88888888888889,13.666666666666666
三个固定 GP 表达式的均值,400,1,6.978328382509165,1073.1230156425777,0.8911447548590675,0.49597384213361395,0.9925668954540655,0.8999999999999999,9.910802745448787,9.910802745448787,9.910802745448787,8.481806622539546,0.6200186787201143,137.22222222222223,13.11111111111111
三个固定 GP 表达式的均值,400,2,6.978750336950035,1073.5766854997503,0.8911660185418666,0.4960823667952457,0.9925667979918162,0.8998222222222222,9.909243339363195,9.909243339363195,9.909243339363195,9.080263237825735,0.6084518048349907,130.33333333333334,13.88888888888889
三个固定 GP 表达式的均值,400,3,6.978423949532544,1073.2256159096532,0.8911595280300872,0.4960582564707927,0.9925668742129514,0.8997777777777779,9.9106214549194,9.9106214549194,9.9106214549194,8.512053220794138,0.5965328847423312,75.66666666666667,14.0
三个固定 GP 表达式的均值,400,4,7.227438405710823,2066.1920590148416,0.7921707362848154,0.44666401560866714,0.9100592753984286,0.7994222222222223,8.917404776240524,8.917404776240524,8.917404776240524,7.979594744021617,0.5710215682430673,105.55555555555556,14.11111111111111
三个固定 GP 表达式的均值,400,5,6.978328769647191,1073.12343108893,0.8911384441582714,0.4959361278109935,0.9925668963984656,0.8999999999999999,9.910802756781587,9.910802756781587,9.910802756781587,8.833936848161088,0.6127402977334859,127.0,11.777777777777779
三个固定 GP 表达式的均值,400,6,6.9779904278942695,1072.7611811795414,0.8913090076609121,0.49688697078959865,0.992560141329725,0.8995,10.21470736688093,10.424261523426017,10.21470736688093,9.35879573012528,0.614797083762579,130.0,20.77777777777778
三个固定 GP 表达式的均值,400,7,6.978294114448699,1073.086257255477,0.8911615724751967,0.49607560936018325,0.9925660511451082,0.8997333333333333,10.069690279622225,9.911766536085068,10.069690279622225,9.012974633289467,0.6224258150099309,47.888888888888886,15.0
三个固定 GP 表达式的均值,425,0,6.9784054876388435,1073.2057879961249,0.8911461581755797,0.49518713837243133,0.9925668716931474,0.8998222222222222,9.910658104184238,9.910658104184238,9.910658104184238,8.455388984904943,0.6182491250736322,134.0,14.777777777777779
三个固定 GP 表达式的均值,425,1,6.978327976118169,1073.122579536416,0.8911521645710619,0.4960215343942573,0.9925668942874624,0.8999999999999999,9.910802731449545,9.910802731449545,9.910802731449545,8.481589433002364,0.6046012877474799,162.22222222222223,13.0
三个固定 GP 表达式的均值,425,2,6.979738326754015,1074.6456938068325,0.8911937358758455,0.49624856294994985,0.9925665216609533,0.8997111111111111,9.896119713794336,9.90261499303318,9.896119713794336,9.092300976850686,0.6128476826747123,134.0,14.666666666666666
三个固定 GP 表达式的均值,425,3,6.978366404955384,1073.1638256338888,0.8911515446978667,0.4960106591713921,0.9925668868144231,0.8998222222222222,9.910737257309677,9.910737257309677,9.910737257309677,8.516774760800173,0.5825039858497852,95.55555555555556,12.777777777777779
三个固定 GP 表达式的均值,425,4,7.0208305736800645,1128.683656336517,0.8880022867786729,0.46481710399995674,0.9902277262762303,0.8000000000000002,9.721567637296864,9.699349330020828,9.699302636547394,8.74920610640268,0.5649359018262472,96.11111111111111,14.444444444444445
三个固定 GP 表达式的均值,425,5,6.978328662889864,1073.1233165252784,0.8911400105831839,0.49594560006131577,0.9925668961421267,0.8999999999999999,9.91080275370552,9.91080275370552,9.91080275370552,8.833935703227755,0.6261126320545661,152.0,13.666666666666666
三个固定 GP 表达式的均值,425,6,6.978607465204905,1073.425493251792,0.8913537745280214,0.49710327842969776,0.9925600129103298,0.899788888888889,10.24133290847316,10.285973671818534,10.24133290847316,9.378436655939863,0.6262785414193703,126.33333333333333,19.11111111111111
三个固定 GP 表达式的均值,425,7,6.978225104004768,1073.0122370940308,0.8911614090406937,0.49607765543100435,0.992566075853222,0.9000111111111112,10.0807949548394,10.0807949548394,10.0807949548394,9.01301628869898,0.6093462151273727,66.77777777777777,15.222222222222221
三个固定 GP 表达式的均值,450,0,6.978417445986673,1073.2186301333452,0.8911409478116235,0.4959462298271582,0.992566882592314,0.8998,9.910637633893021,9.910637633893021,9.910637633893021,8.455588611757383,0.603417780997126,133.44444444444446,14.222222222222221
三个固定 GP 表达式的均值,450,1,6.978328091687444,1073.1227035561383,0.8911471263506121,0.49598514950542355,0.9925668950511414,0.8999999999999999,9.910802740613697,9.910802740613697,9.910802740613697,8.481790949436325,0.6061047072161094,187.22222222222223,13.333333333333334
三个固定 GP 表达式的均值,450,2,6.978369844130964,1073.1675172147313,0.891139100617271,0.4959414289362538,0.9925668776956902,0.8996666666666668,9.910732224801546,9.910732224801546,9.910732224801546,9.109479082727127,0.5965282390113216,157.88888888888889,12.0
三个固定 GP 表达式的均值,450,3,6.978327204894068,1073.1217519225922,0.8911563796711296,0.4960453154896437,0.9925669034659431,0.8999999999999999,9.910802841591318,9.910802841591318,9.910802841591318,8.516654767619793,0.6102243918346444,120.55555555555556,14.11111111111111
三个固定 GP 表达式的均值,450,4,6.998070369827602,1096.2746175797552,0.8910878403187961,0.4992713967786413,0.9925407291745858,0.8890555555555556,9.795334921434758,9.783169776703385,9.728741774052832,8.771640090229727,0.6298261197491659,111.44444444444444,15.222222222222221
三个固定 GP 表达式的均值,450,5,6.978328861317056,1073.1235294617084,0.891138050382485,0.49593579562898743,0.9925668950259171,0.8999999999999999,9.910802740311006,9.910802740311006,9.910802740311006,8.833957580872351,0.6163542328644808,177.0,11.88888888888889
三个固定 GP 表达式的均值,450,6,6.977395012725397,1072.1218627022174,0.8912657084560007,0.4966356216676224,0.9925601646756065,0.8999222222222222,10.281852314118117,10.580738628117022,10.281852314118117,9.39030543423901,0.624154494516482,125.66666666666667,18.0
三个固定 GP 表达式的均值,450,7,6.978469449051818,1073.2744929317198,0.8911588727439087,0.4960755736601609,0.9925668566592871,0.8999,9.910463924656877,9.910463924656877,9.910463924656877,9.022398978988122,0.6124968726978731,87.33333333333333,15.555555555555555
三个固定 GP 表达式的均值,475,0,6.978423229414497,1073.2248415992044,0.8911440342478189,0.49596514724419927,0.9925668874784976,0.8999333333333335,9.910577255891996,9.910577255891996,9.910577255891996,8.451165617627023,0.6204880198660573,155.33333333333334,13.0
三个固定 GP 表达式的均值,475,1,6.978894921462151,1073.7325334041502,0.8911679597748134,0.49610835967848615,0.9925668812941546,0.8998222222222222,9.908915267886293,9.908915267886293,9.908915267886293,8.489669235636832,0.6031335665321644,196.0,12.777777777777779
三个固定 GP 表达式的均值,475,2,6.978328586742189,1073.123234810207,0.891137693973985,0.4959290062581449,0.9925669005278075,0.8999999999999999,9.910802806333688,9.910802806333688,9.910802806333688,9.109678146985985,0.6215299065037362,182.88888888888889,12.666666666666666
三个固定 GP 表达式的均值,475,3,6.978327858548291,1073.1224533700613,0.8911491599261628,0.4960003535590556,0.9925669028984933,0.8999999999999999,9.910802834781922,9.910802834781922,9.910802834781922,8.516909670825516,0.6159425524705635,145.55555555555554,13.333333333333334
三个固定 GP 表达式的均值,475,4,6.98808784885372,1084.0697961882368,0.8912758034137593,0.4976381484016478,0.9925558302409967,0.8921555555555556,9.853829970045394,9.853829970045394,9.759393306138527,8.767079219049647,0.6214088701869956,133.33333333333334,14.666666666666666
三个固定 GP 表达式的均值,475,5,6.9788593203602245,1073.6941396851716,0.891163019564734,0.49606329399023263,0.9925668765869755,0.8998222222222222,9.908929267026638,9.908929267026638,9.908929267026638,8.842436785147992,0.6159715242634054,186.88888888888889,14.666666666666666
三个固定 GP 表达式的均值,475,6,6.977386217154154,1072.1124327090067,0.8912643000777933,0.4966347754370866,0.9925600778655971,0.9000999999999999,10.314051328355957,10.646904826236069,10.314051328355957,9.39056801278759,0.6274820670126188,150.66666666666666,20.0
三个固定 GP 表达式的均值,475,7,6.978388322794552,1073.1873562588514,0.8911438555597011,0.49596436589532256,0.9925668848474197,0.899888888888889,9.91068677083101,9.91068677083101,9.91068677083101,9.023324409270437,0.6212505067996512,97.44444444444444,14.444444444444445
三个固定 GP 表达式的均值,500,0,7.474330581104003,3056.872956826906,0.6931205134364001,0.3969272685793957,0.8275520294153487,0.7000000000000001,7.930624352984186,7.930624352984186,7.930624352984186,6.79632367254269,0.4914312247175763,180.33333333333334,12.222222222222221
三个固定 GP 表达式的均值,500,1,7.4744082076338145,3056.956288980591,0.693130062762285,0.3969933910623844,0.827552011504393,0.6998222222222223,7.930479220142201,7.930479220142201,7.930479220142201,6.8027082263696235,0.48834166685154035,186.44444444444446,14.11111111111111
三个固定 GP 表达式的均值,500,2,7.722589552902702,4049.024976120397,0.5941018658686849,0.3473432338843381,0.7450445420259102,0.5998444444444444,6.939876283375699,6.939876283375699,6.939876283375699,6.375611121827243,0.4177710139651155,184.22222222222223,12.555555555555555
三个固定 GP 表达式的均值,500,3,7.226916111893193,2065.629176755243,0.7921693180304388,0.44665645308728164,0.9100594176580881,0.7997777777777778,8.918840421186726,8.918840421186726,8.918840421186726,7.705286285621544,0.5347709440569234,147.66666666666666,13.555555555555555
三个固定 GP 表达式的均值,500,4,7.476067864287302,3058.751912476029,0.6931813670765554,0.3972554627118441,0.8275497290606775,0.698,7.920388693694836,7.920388693694836,7.787875439480492,7.035317659477119,0.5027063724333333,155.55555555555554,15.666666666666666
三个固定 GP 表达式的均值,500,5,7.9703340913032195,5040.624305518035,0.49507804245624965,0.2977537768181595,0.6625371590449639,0.5,5.950445908539567,5.950445908539567,5.950445908539567,5.382372386088347,0.3580302654182807,211.88888888888889,13.444444444444445
三个固定 GP 表达式的均值,500,6,7.721706364904561,4048.077202465998,0.594152805940772,0.34760675731901824,0.7450400800311946,0.6000666666666666,7.37364445667883,6.946562813934469,7.37364445667883,6.682141878459711,0.434028673080068,175.66666666666666,20.555555555555557
三个固定 GP 表达式的均值,500,7,6.978714110251889,1073.5376661813802,0.8911498365753278,0.4960118327696928,0.9925668476248821,0.8995777777777777,9.909806883642599,9.909806883642599,9.909806883642599,9.030981583808323,0.598583533630401,116.22222222222223,13.444444444444445
三个固定 GP 表达式的均值,525,0,7.056464301371201,1173.607403666299,0.8852767182521154,0.45207073569643774,0.9879123900551741,0.7000000000000001,9.619145967655207,9.469915451454273,9.469927203120646,8.319931588990231,0.5065778190973836,132.44444444444446,18.555555555555557
三个固定 GP 表达式的均值,525,1,7.063251991879891,1184.060912036367,0.8848858072050123,0.4344084574372333,0.9879070675819873,0.6997111111111112,9.558540047112734,9.480228950032384,9.469753591832523,8.363218281420849,0.48535433161320135,113.11111111111111,19.0
三个固定 GP 表达式的均值,525,2,7.105527512080646,1239.3372255555917,0.881735389655508,0.4227537027574216,0.985476449729558,0.6000000000000001,9.396821551484532,9.239423201102872,9.297970140922823,8.754823768687025,0.4147285298887672,109.33333333333333,17.77777777777778
三个固定 GP 表达式的均值,525,3,7.0202822266931255,1127.8239911185244,0.8881268111887681,0.4647758947664316,0.9902145680468375,0.8,9.738576918543806,9.683837554927635,9.712832731970316,8.471255390510327,0.5543951413336556,139.66666666666666,16.77777777777778
三个固定 GP 表达式的均值,525,4,7.061352081429785,1180.9836424362793,0.8851088674265731,0.4500220252953414,0.9878313956946029,0.6996222222222223,9.571170033121032,9.44966711013219,9.384810035619799,8.63257639033743,0.47689233459591107,113.44444444444444,17.666666666666668
三个固定 GP 表达式的均值,525,5,7.146042146072722,1291.800133252611,0.8788052506073668,0.3945466498323695,0.9831788415033829,0.5,9.235559282603697,9.07219328996697,9.13679024082295,8.500021989621123,0.35816966363856956,99.22222222222223,22.444444444444443
三个固定 GP 表达式的均值,525,6,7.103704911087508,1236.750724484072,0.8817689644235267,0.3982686254778956,0.9854805465944667,0.5999111111111112,10.048702220830965,9.586402815893669,9.953654563298228,9.049485402404757,0.4206613023848559,82.22222222222223,24.444444444444443
三个固定 GP 表达式的均值,525,7,6.978328864939185,1073.123533348661,0.8911377043975498,0.4959321591735388,0.9925668942527925,0.8999999999999999,9.910802731033511,9.910802731033511,9.910802731033511,9.03185531316398,0.6124775773466685,141.22222222222223,14.11111111111111
三个固定 GP 表达式的均值,550,0,7.010418893647684,1110.2413841288644,0.8912448171864676,0.45223812298136523,0.9925275978427012,0.8802111111111112,9.754327840574184,9.647361143978346,9.507361013921034,8.39951468418402,0.6446091515487171,151.88888888888889,18.666666666666668
三个固定 GP 表达式的均值,550,1,7.003462189726187,1101.6758453578109,0.8913817830729072,0.5005165426844438,0.9925348001850774,0.8831777777777778,9.781759905183138,9.720437249904286,9.526776347241018,8.429221028822115,0.6329446613037092,128.77777777777777,18.333333333333332
三个固定 GP 表达式的均值,550,2,7.026672596785431,1129.1178403739716,0.8914025260271203,0.4320649293549408,0.9924888411594844,0.8696888888888891,9.639594058720654,9.581471986010042,9.461361511546995,8.927073961042192,0.6153406787463765,126.11111111111111,20.666666666666668
三个固定 GP 表达式的均值,550,3,6.997245439488193,1095.2540040723761,0.8912438252889276,0.47267439119716353,0.9925408673272016,0.8884444444444445,9.815228027544823,9.721016375439802,9.751264235503697,8.520733551664467,0.6239939762566005,161.22222222222223,17.333333333333332
三个固定 GP 表达式的均值,550,4,7.010800322512559,1110.6223710470274,0.8913819706982034,0.48196792144321104,0.9925196996387216,0.8790333333333334,9.725530305077621,9.659092151411645,9.487880598494739,8.695116521778074,0.5960610284743901,130.0,17.11111111111111
三个固定 GP 表达式的均值,550,5,7.041777063687677,1146.3616916851731,0.8914854389358706,0.4809466909674129,0.9924771670198902,0.8590666666666666,9.566850632977518,9.356613273559269,9.322749757436775,8.675147134347387,0.6088690978221656,116.0,20.333333333333332
三个固定 GP 表达式的均值,550,6,7.027798139066407,1130.5498843239518,0.8913325798702937,0.4541629277631686,0.9924856365427703,0.8710111111111112,10.317600300039821,9.510529821944209,10.158974600329698,9.214591679890477,0.5854272551060634,100.22222222222223,23.333333333333332
三个固定 GP 表达式的均值,550,7,6.978328681318812,1073.1233363018664,0.891141756485851,0.49595907424539604,0.9925668928003637,0.8999999999999999,9.910802713604365,9.910802713604365,9.910802713604365,9.031805469997865,0.6058234286219815,166.22222222222223,14.666666666666666
三个固定 GP 表达式的均值,575,0,6.988921713931441,1084.807478782611,0.8914124421588286,0.47605955579340165,0.9925510600453021,0.8906666666666667,9.868432679139055,9.848458645902435,9.489364545092426,8.422319742118171,0.6673066232980347,139.33333333333334,18.666666666666668
三个固定 GP 表达式的均值,575,1,6.98713585539083,1082.735052104624,0.8914602552729423,0.49051387688233233,0.9925495190975996,0.8925000000000001,9.869099760254404,9.8330116904575,9.54719642786719,8.458235548518878,0.6616641028157427,119.0,20.555555555555557
三个固定 GP 表达式的均值,575,2,7.011763320785571,1110.8346938106781,0.8917164051290203,0.47701554980729355,0.9925198107630906,0.8803111111111112,9.724262013687527,9.668748751744143,9.519274258672564,9.026575596342715,0.6057404691236976,123.22222222222223,21.77777777777778
三个固定 GP 表达式的均值,575,3,6.991343470739722,1087.940873130626,0.8913878321478383,0.4991851138927482,0.9925496602399454,0.8914111111111112,9.833415197280159,9.804813404680996,9.74714015699345,8.533856111665092,0.6117677381991219,183.66666666666666,16.666666666666668
三个固定 GP 表达式的均值,575,4,6.998839365505393,1096.2155169529906,0.8914468513697099,0.48292407011019417,0.9925363490646792,0.8863666666666667,9.792745859053651,9.75654536316985,9.523122886463502,8.711897906831567,0.5954469948274367,146.33333333333334,16.444444444444443
三个固定 GP 表达式的均值,575,5,7.019911526131778,1120.315873647917,0.8916479124704948,0.46084938379073137,0.9925074679872312,0.8706666666666667,9.694040971928146,9.570492285695412,9.391978203533249,8.701606726169853,0.6241437540299738,127.0,21.444444444444443
三个固定 GP 表达式的均值,575,6,7.010184834214355,1109.511443681679,0.8915323868418158,0.5022503669514023,0.9925080950972462,0.8788444444444444,10.473099471253176,9.862345525894726,10.251652091712996,9.268852303926282,0.6097253807061837,117.66666666666667,23.77777777777778
三个固定 GP 表达式的均值,575,7,6.978914784216183,1073.7539590185715,0.8911815105516534,0.4961587819808041,0.9925667929555853,0.8998,9.908035809490004,9.900286691165206,9.908035809490004,9.046401322341573,0.6165414813041751,169.55555555555554,14.555555555555555
三个固定 GP 表达式的均值,600,0,7.476478191091069,3059.1897474995335,0.6932024150530165,0.39420640177040245,0.8275457770525102,0.6975,7.922308894383846,7.922308894383846,7.515339162649354,6.735807495711722,0.5056471697916284,158.11111111111111,16.444444444444443
三个固定 GP 表达式的均值,600,1,7.724652300249027,4051.252776374632,0.5941936866742108,0.3478920261474984,0.74503491641505,0.5983333333333333,6.930127418656952,6.930127418656952,6.60159058329395,5.941075694402824,0.428385942669029,137.0,18.444444444444443
三个固定 GP 表达式的均值,600,2,7.735887939543478,4063.6893592637207,0.5944415725282762,0.34995324911804965,0.745020451661588,0.5887666666666667,6.870644235869323,6.825642423665473,6.595628750437659,6.378011891596017,0.41469412302595837,138.55555555555554,18.666666666666668
三个固定 GP 表达式的均值,600,3,7.726778870089861,4053.6170796286005,0.5942688830644175,0.3484788153422712,0.7450368312175095,0.5957777777777777,6.921258977037045,6.902619709359262,6.768493221594264,6.037974618930175,0.41869691554606864,205.77777777777777,15.0
三个固定 GP 表达式的均值,600,4,7.731692996294934,4059.1205879173494,0.5943301813886696,0.34928494697851914,0.7450298899732894,0.5927777777777777,6.893012758815145,6.877018857713052,6.584761193509491,6.118516251774256,0.43405930726794667,169.55555555555554,17.666666666666668
三个固定 GP 表达式的均值,600,5,7.991562725231485,5064.300747904797,0.4955059255089959,0.3018728433632045,0.6625040175665634,0.4855333333333334,5.838000063039307,5.764358973701917,5.47151544078394,5.229211984372046,0.39250844806521656,141.88888888888889,19.77777777777778
三个固定 GP 表达式的均值,600,6,7.245037687878025,2086.0499252356026,0.7925441423543468,0.4506637153912382,0.9100239498683709,0.7875111111111112,9.614672459918577,8.914118508770152,9.331627801438147,8.383189525709748,0.5350772029092487,134.77777777777777,23.77777777777778
三个固定 GP 表达式的均值,600,7,7.722512582209483,4048.942213047356,0.5941058057207224,0.34738531532356437,0.7450445599668633,0.5998,6.940105044146621,6.940105044146621,6.940105044146621,6.442062284697771,0.42897041769972344,173.0,13.222222222222221
三个固定 GP 表达式的均值,625,0,7.061487668413825,1181.0719114819901,0.8851246667088806,0.4344370762826929,0.9878758633255134,0.6993777777777779,9.570281039842211,9.48277083586936,9.07021448685779,8.271511757072352,0.47410588179322555,104.0,19.333333333333332
三个固定 GP 表达式的均值,625,1,7.1106222937023755,1247.0630738128095,0.8817304526723886,0.4315018345583334,0.9855251316864106,0.5994,9.337318816575054,9.285829054261054,8.92055166223851,8.23317536919298,0.40842506400090417,40.77777777777778,20.88888888888889
三个固定 GP 表达式的均值,625,2,7.110187828427461,1244.0693715939408,0.8821364834861037,0.42123934080511305,0.9854617773889393,0.5960666666666667,9.369479549661182,9.226228581296557,9.022467357974447,8.796311353849799,0.38826448613291137,42.111111111111114,22.333333333333332
三个固定 GP 表达式的均值,625,3,7.107315467928903,1241.696572591774,0.8818776038473327,0.39854982149104234,0.9855181065644304,0.5991333333333333,9.386318692880705,9.252250828531409,9.10034138701774,8.360731188604753,0.41905176481086825,110.33333333333333,20.11111111111111
三个固定 GP 表达式的均值,625,4,7.104439954004543,1235.8134466177532,0.8822152634550631,0.412275208179763,0.985517305105209,0.5969444444444445,9.367940893599293,9.269745419275525,9.010006380524622,8.526324108298493,0.4316861625822859,74.66666666666667,23.11111111111111
三个固定 GP 表达式的均值,625,5,7.154491757563928,1302.1719737983913,0.8788339390967832,0.41638310710784354,0.9831569882996541,0.4941888888888889,9.180416844375552,9.01826484649191,8.689486630558099,8.382332856348208,0.3249913678768869,18.77777777777778,26.666666666666668
三个固定 GP 表达式的均值,625,6,7.028581216215396,1136.7270392337546,0.8885135387506911,0.46528975296273306,0.99018692286198,0.7933111111111111,10.295133541425022,9.873841700727873,10.015908841884434,9.247392008291136,0.5171040646467451,88.22222222222223,24.77777777777778
三个固定 GP 表达式的均值,625,7,7.103791109598728,1236.631566038327,0.8818175102032106,0.4017287930014936,0.9855208419770128,0.6000000000000001,9.449846370963991,9.170618766207035,9.271231339974854,8.73536160381594,0.4272544939561332,94.0,20.333333333333332
三个固定 GP 表达式的均值,650,0,7.0070413504808124,1106.0211408256082,0.8914533628632118,0.4580824097580536,0.9925224828334159,0.8800333333333334,9.76129803237715,9.670195911122867,9.36816783636727,8.33511742709221,0.6014058965254224,120.22222222222223,18.444444444444443
三个固定 GP 表达式的均值,650,1,7.031861363791563,1135.4006841568307,0.8914853923820762,0.418368657853839,0.9924956045673395,0.8677666666666668,9.608964001028953,9.532698845258436,9.106250231597311,8.347290259814635,0.6012539111756662,54.77777777777778,22.333333333333332
三个固定 GP 表达式的均值,650,2,7.028940833067238,1131.3735885578906,0.8915708736758289,0.4599954331964671,0.9924832204115073,0.868,9.62753974884507,9.465356142357756,9.185448256162548,8.930346846891172,0.569144050524208,52.77777777777778,22.0
三个固定 GP 表达式的均值,650,3,7.037246859465206,1142.3340667556074,0.891206900791742,0.4245507402557721,0.9924888597399478,0.8675222222222223,9.566685684947107,9.463070274901817,9.252345752727972,8.51553126151268,0.5987116041016823,126.22222222222223,19.88888888888889
三个固定 GP 表达式的均值,650,4,7.026232664589399,1128.35745559545,0.891496712800224,0.47676492309275154,0.9924974706081555,0.8716222222222222,9.63424436588736,9.531775060038282,9.339227742939064,8.650158595175705,0.6258426202472251,86.55555555555556,22.22222222222222
三个固定 GP 表达式的均值,650,5,7.057917076329662,1165.7325599313465,0.8914909509658077,0.4824324456024888,0.9924559634831086,0.8522555555555555,9.473794733995184,9.24833423883258,8.979256001975887,8.576851250130753,0.5709467376231596,30.0,26.88888888888889
三个固定 GP 表达式的均值,650,6,7.001501730963441,1100.2163002834302,0.8914002739633707,0.4751501200232876,0.9925236319770077,0.8864777777777779,10.44660045108574,9.954655496132425,10.222382506746648,9.324145933803525,0.5976517662327543,104.33333333333333,23.333333333333332
三个固定 GP 表达式的均值,650,7,7.038613782575819,1144.186372196335,0.8909498894426223,0.4564355090314961,0.9924850641957241,0.8660111111111112,9.5827636770615,9.408420746419681,9.370412119269568,8.841350752846873,0.6156028265988885,114.66666666666667,19.88888888888889
三个固定 GP 表达式的均值,675,0,6.9953927094366595,1092.2779976701158,0.8913906226806056,0.474267759842286,0.9925399900048117,0.8873333333333334,9.834022219578458,9.787385142494891,9.398066011908165,8.341097760683253,0.6139513343390032,133.88888888888889,17.0
三个固定 GP 表达式的均值,675,1,7.02046969967182,1121.4902131614413,0.8917410464254433,0.45194540856722426,0.9925101872579251,0.8749777777777779,9.66115867833083,9.600234712342914,9.102184867869779,8.401230686756396,0.6065755459220329,63.22222222222222,20.444444444444443
三个固定 GP 表达式的均值,675,2,7.015554935295191,1115.2300102723345,0.8918104911456728,0.46701951062806746,0.99250507267084,0.8775000000000001,9.706952691942078,9.609844021463317,9.199496634666477,8.986412406596592,0.5890942981179574,62.55555555555556,20.22222222222222
三个固定 GP 表达式的均值,675,3,7.0272456763805815,1129.6489176581774,0.8914547957833425,0.4773954132487733,0.9925048629556803,0.8715777777777779,9.658045018463396,9.473961285928638,9.28228899896191,8.532152408786105,0.5786927933062219,141.66666666666666,20.88888888888889
三个固定 GP 表达式的均值,675,4,7.000319079462679,1097.5653023465284,0.8916782915533984,0.48171814750139663,0.992530671314636,0.8816111111111111,9.796121665120118,9.715854023588324,9.375199519577022,8.68723853840152,0.6556741407271983,93.88888888888889,19.77777777777778
三个固定 GP 表达式的均值,675,5,7.0309260094630535,1133.0426688796506,0.8917308150774647,0.4815388386205902,0.9924922782499159,0.865288888888889,9.650666700925022,9.466105026956917,9.207788112438157,8.667928162833569,0.5866442594097224,25.0,25.22222222222222
三个固定 GP 表达式的均值,675,6,6.991787369240261,1088.3910262063623,0.8914930068217125,0.4998645887157251,0.9925343549505323,0.8899222222222222,10.571606450048549,10.29759467492014,10.323114431475283,9.38914856998932,0.5936696412255698,116.22222222222223,20.22222222222222
三个固定 GP 表达式的均值,675,7,7.019912938022723,1120.8015988462776,0.8914639243020677,0.487324045951714,0.9925073609206976,0.8744888888888889,9.682638783011651,9.631725781887853,9.416863053505603,8.893418911954786,0.6281464478450023,116.77777777777777,23.22222222222222
三个固定 GP 表达式的均值,700,0,7.728090237967008,4055.0160546965108,0.5942937244646314,0.3464839685430767,0.745033691120238,0.5949777777777778,6.913837529076581,6.913837529076581,6.434688646562134,5.859109453115398,0.39171404771217655,150.55555555555554,17.555555555555557
三个固定 GP 表达式的均值,700,1,7.005261947363594,1103.5849814253602,0.8916270818632781,0.47101244072345594,0.9925311221706637,0.8817444444444446,9.743440283988978,9.743440283988978,9.100706070071402,8.388655960024714,0.6125273901931897,80.0,22.333333333333332
三个固定 GP 表达式的均值,700,2,7.246922460371364,2087.890011363623,0.7926012915240418,0.4506851606817794,0.9100276994203268,0.7851333333333333,8.782802784275354,8.782802784275354,8.299748131378303,8.091307300450056,0.5319132750758384,74.33333333333333,19.444444444444443
三个固定 GP 表达式的均值,700,3,8.004803031887336,5079.6237754333515,0.49568562875914146,0.3054528805801946,0.6624848169579582,0.47756666666666664,5.71236149936241,5.71236149936241,5.348100684408006,5.184566304889277,0.33000693678033793,151.66666666666666,19.444444444444443
三个固定 GP 表达式的均值,700,4,7.729623354851098,4056.656510868493,0.5943696685928622,0.3489690066999851,0.7450281471072343,0.5935777777777778,6.902053492871566,6.902053492871566,6.430037771058878,6.059930195092188,0.45893258601277787,106.11111111111111,22.22222222222222
三个固定 GP 表达式的均值,700,5,7.004904132501223,1102.6023569152687,0.8917659305987594,0.501467601313787,0.9925157045942145,0.8801888888888888,9.734434347510957,9.734434347510957,9.311757601317817,8.71216451987039,0.5733208930229193,33.0,21.0
三个固定 GP 表达式的均值,700,6,7.732466521622531,4060.1083051196338,0.5944327049376931,0.350346975070634,0.7450246661626331,0.5929333333333333,7.147471192254735,7.1026685389848065,7.040167754398825,6.5696762188785245,0.40828785795757105,134.44444444444446,20.22222222222222
三个固定 GP 表达式的均值,700,7,7.250124800096992,2091.627084493313,0.7925386075908245,0.40984241640749963,0.9100224090334144,0.7835666666666667,8.797079460905502,8.803922040995271,8.412178991806886,7.959521800824651,0.5691817125465249,100.44444444444444,22.444444444444443
三个固定 GP 表达式的均值,725,0,7.110721278642362,1246.1526725578683,0.881842576055736,0.40984032547786653,0.9855204246311676,0.5980444444444444,9.330514713981877,9.220119484927153,8.970353277238967,8.18473539150079,0.4128291100899288,47.0,21.333333333333332
三个固定 GP 表达式的均值,725,1,6.987589465960912,1083.2144553638773,0.8913960676294685,0.4936143259143152,0.9925504459273754,0.8912444444444445,9.867944336632116,9.867944336632116,9.13919117731731,8.406508422852298,0.5850549644541497,64.44444444444444,18.444444444444443
三个固定 GP 表达式的均值,725,2,7.032599439558688,1142.1145483257533,0.8882700015378086,0.5008026497928069,0.99018356333264,0.7928222222222222,9.670267864780978,9.606191700973042,9.116104888934316,8.938478803704712,0.5515827063256433,41.888888888888886,20.666666666666668
三个固定 GP 表达式的均值,725,3,7.166399142061197,1313.427297472825,0.8794472969196967,0.3962909218249619,0.983190685741984,0.4853666666666667,9.07384311913247,8.96126960926396,8.461561899296736,8.268792428342495,0.3361728354243792,11.88888888888889,28.77777777777778
三个固定 GP 表达式的均值,725,4,7.108021944955443,1241.8111064529844,0.8820304393498565,0.4367207071259178,0.9854848562080368,0.5984444444444444,9.390923096952152,9.219343737781866,8.942678150847213,8.411359783871161,0.4276828472308194,8.777777777777779,23.0
三个固定 GP 表达式的均值,725,5,6.9934743870485745,1089.7788370471287,0.8915902689423117,0.49936343025856406,0.9925350110632044,0.8894333333333333,9.821732711614414,9.821732711614414,9.369001903067922,8.766948197100394,0.5874927473892909,28.77777777777778,20.88888888888889
三个固定 GP 表达式的均值,725,6,7.1054322886446055,1236.1149062020354,0.8825095997943473,0.40239227693149526,0.9854721198285125,0.5957555555555555,9.658924845581717,9.69729663027491,9.392972467312577,8.959617130351473,0.42476828624552376,37.44444444444444,25.333333333333332
三个固定 GP 表达式的均值,725,7,7.031492020956358,1140.863076409403,0.8882422414151682,0.4608568595564657,0.9901945138137229,0.7924111111111112,9.698161895944725,9.639186914005784,9.178900763569123,8.762064631672507,0.559851238028529,77.77777777777777,21.444444444444443
三个固定 GP 表达式的均值,750,0,7.032138798846477,1135.4950149674967,0.8913622828945922,0.42469154322624864,0.9924824453264333,0.8668555555555556,9.624056495723103,9.515925135720945,9.072450180052337,8.274992903559502,0.618478211479788,64.22222222222223,22.555555555555557
三个固定 GP 表达式的均值,750,1,6.980172759803795,1075.1081752711423,0.8912109815451372,0.49637477780922673,0.9925590537468459,0.8982666666666668,9.903739700288684,9.904088106038204,9.492360482093455,8.453391892903177,0.594107442621999,92.22222222222223,16.333333333333332
三个固定 GP 表达式的均值,750,2,6.997615948224629,1095.3019686188168,0.8913281172687699,0.49971307399781995,0.9925307640369838,0.8874444444444445,9.80433182144481,9.757957545068303,9.331513223927617,9.042439335424152,0.6042102651137974,70.88888888888889,18.444444444444443
三个固定 GP 表达式的均值,750,3,7.050292119242063,1155.7249391938353,0.8918799358542336,0.4348639726831456,0.9924624154077348,0.8542777777777778,9.53782057929967,9.338829621155536,8.594681468784858,8.462191966612945,0.6349523239700178,24.88888888888889,28.333333333333332
三个固定 GP 表达式的均值,750,4,7.020135495517669,1120.9177789830371,0.891500649507399,0.4766449517938816,0.9925013608289238,0.8706444444444444,9.696364599838859,9.61428407613787,9.094873795380536,8.551835063656442,0.566719014532045,25.11111111111111,17.444444444444443
三个固定 GP 表达式的均值,750,5,6.9853804494450165,1080.7695558635403,0.8914081571585063,0.49764320600336176,0.9925504669086076,0.8935777777777777,9.866227247486215,9.839499484614342,9.405151210402806,8.815320111977483,0.6101406646706041,58.333333333333336,17.0
三个固定 GP 表达式的均值,750,6,7.018719908537332,1119.0997844362114,0.8917867824981511,0.4847186008609565,0.9924901999540694,0.8714333333333334,9.95386412979693,9.642576391467898,9.585599182174017,9.143783240094152,0.6010590828692529,60.22222222222222,24.0
三个固定 GP 表达式的均值,750,7,7.000134565883597,1098.2678727167406,0.8913601492433316,0.5004596398769566,0.9925275322803908,0.8864666666666667,9.860245679238485,9.811914842388148,9.219753794721479,8.825663501791052,0.6003593477194888,94.77777777777777,20.555555555555557
三个固定 GP 表达式的均值,775,0,7.020007599996253,1120.893396683878,0.8915008130929886,0.4601841073573948,0.9925030109995426,0.8744555555555555,9.690140902118294,9.59206505842782,9.07393562220624,8.286608800576913,0.6204105419401897,75.77777777777777,19.555555555555557
三个固定 GP 表达式的均值,775,1,6.980742527342629,1075.723092728769,0.8912441171838107,0.49657022512274157,0.9925591244294414,0.8976888888888889,9.897582918674342,9.897582918674342,9.62051798166358,8.46068650363205,0.5892252414955327,64.33333333333333,17.77777777777778
三个固定 GP 表达式的均值,775,2,6.996045333972448,1093.1995099737821,0.8913379062689715,0.49896116894531517,0.992536225993488,0.8892111111111112,9.801285455945763,9.76285435638009,9.507308254668951,9.039982641231466,0.588064989185296,64.55555555555556,18.444444444444443
三个固定 GP 表达式的均值,775,3,7.01807364008673,1117.8686054108778,0.8918326716000055,0.4691161683294998,0.9925021790074557,0.8721111111111111,9.692333569079583,9.635554860731121,8.807538858443827,8.507951488796294,0.6693177156366921,18.77777777777778,27.555555555555557
三个固定 GP 表达式的均值,775,4,7.007513088144912,1105.5852113860683,0.8917870725738207,0.5016387376844545,0.9925288096925592,0.8824222222222222,9.747880332486664,9.695873775242461,9.113627087531423,8.594854008728374,0.5643870538325705,7.111111111111111,24.0
三个固定 GP 表达式的均值,775,5,6.981102786044619,1076.1089387253135,0.8912631930784628,0.4966952508441338,0.9925599836262603,0.8973999999999999,9.895312289302964,9.895312289302964,9.656131632927982,8.861998207755894,0.5832185694472137,109.22222222222223,19.444444444444443
三个固定 GP 表达式的均值,775,6,7.007059260776605,1105.3843509387768,0.8917630064629355,0.5022857957961633,0.9925170979436726,0.8797666666666667,10.025952450148022,9.795694722253081,9.65893016289558,9.206181022616562,0.6240197566457476,66.88888888888889,22.333333333333332
三个固定 GP 表达式的均值,775,7,6.989141565833006,1085.1862895037743,0.891410975006282,0.47888990908971685,0.9925431252844589,0.8916888888888889,9.859098999574933,9.81153186959239,9.209442245778561,8.8471934845834,0.6001689438072186,106.55555555555556,18.666666666666668
三个固定 GP 表达式的均值,800,0,7.245382587137227,2086.3647231386153,0.7924538001681666,0.4102109456546989,0.9100191107232829,0.7866444444444444,8.802482222014827,8.802482222014827,8.089621742039075,7.481513838462116,0.561987028566818,80.88888888888889,19.22222222222222
三个固定 GP 表达式的均值,800,1,7.228260534154832,2067.0763721223047,0.7922437026793592,0.44710608428321374,0.910052547911596,0.7986222222222222,8.913097392871613,8.910426146574107,8.659845970739784,7.748372665015978,0.5455531025584761,87.55555555555556,17.22222222222222
三个固定 GP 表达式的均值,800,2,7.232417548160337,2071.7030134454644,0.7922709595678703,0.4476061466253308,0.9100447908123456,0.7943888888888889,8.891247642958977,8.891247642958977,8.554133164100515,8.19492049397803,0.5304237310195913,79.66666666666667,14.777777777777779
三个固定 GP 表达式的均值,800,3,6.998235779145121,1095.3070178369185,0.8916896053769415,0.5009424431291821,0.9925308855401818,0.8869,9.781752224912458,9.781752224912458,9.006214881082935,8.533836021530133,0.6648564402486916,24.88888888888889,24.11111111111111
三个固定 GP 表达式的均值,800,4,6.992264956416285,1088.38156901624,0.8916068128121155,0.4991453749294201,0.9925470094441118,0.8900777777777777,9.811436121868333,9.811436121868333,9.300712995818706,8.597598940473402,0.6087968492210829,77.0,19.333333333333332
三个固定 GP 表达式的均值,800,5,7.226583726341782,2065.270956442445,0.7921274454095809,0.4464350787284936,0.9100547150809246,0.7994222222222223,8.920182871912536,8.920182871912536,8.713035037115018,8.01964595005866,0.5387884137769805,128.77777777777777,11.333333333333334
三个固定 GP 表达式的均值,800,6,7.237753990138692,2077.5454421946324,0.7926249956223131,0.4498703606880434,0.9100289853299616,0.7905888888888889,9.113071646162815,8.955695313255449,8.763891335639565,8.306972901163874,0.5453824136375302,56.111111111111114,22.88888888888889
三个固定 GP 表达式的均值,800,7,7.480562030034402,3063.646016876371,0.6933670003471879,0.3984784004781775,0.8275378633357554,0.6953444444444444,7.8971865324364785,7.887142063201758,7.223008538913699,7.033796425231388,0.4783520133405508,120.33333333333333,22.333333333333332
三个固定 GP 表达式的均值,825,0,7.0270240988135395,1134.971525878962,0.8883588280129947,0.4648444774759644,0.9901955409998264,0.7928666666666666,9.717142629826965,9.635748986455226,9.154873172186317,8.262780718243134,0.5435781984089526,33.77777777777778,21.11111111111111
三个固定 GP 表达式的均值,825,1,7.019705692896604,1126.6554021498412,0.888150318888272,0.4718735231423893,0.9902387916442115,0.7995777777777778,9.75502852278875,9.685030300660104,9.466752206872608,8.528041225205076,0.5485748829009882,115.22222222222223,18.555555555555557
三个固定 GP 表达式的均值,825,2,7.023512416917637,1131.2277104890181,0.888161609118383,0.47107232573994395,0.9902037432838912,0.7984000000000001,9.729301722600237,9.675564504654837,9.374568218235659,8.999336497151564,0.5380898398804512,110.77777777777777,19.444444444444443
三个固定 GP 表达式的均值,825,3,6.985674526521357,1081.1341990423305,0.8914580809107646,0.49810084111781244,0.9925440197478618,0.8938999999999999,9.87277971391158,9.8399694917312,9.040339044511521,8.567381416476529,0.6352476623909916,89.66666666666667,19.444444444444443
三个固定 GP 表达式的均值,825,4,6.9828784782392574,1078.0361268187237,0.8913619325436009,0.4972890085120149,0.9925563243490695,0.8962222222222223,9.88789950582978,9.88649267468134,9.520246693239422,8.65522666031115,0.6130172317133685,70.33333333333333,19.555555555555557
三个固定 GP 表达式的均值,825,5,7.022454527480326,1130.2437087349017,0.888252095774972,0.46513892645905014,0.990206990835734,0.7993111111111111,9.704341969806206,9.668692341034001,9.508146739227186,8.802963118304952,0.5248232992342408,83.77777777777777,17.333333333333332
三个固定 GP 表达式的均值,825,6,7.024785247544758,1132.5916286842248,0.8883289257669892,0.4690665058940652,0.99020274884685,0.7960555555555556,10.014642757738653,10.059936290784625,9.59531056631657,9.136548397759396,0.5627022335117692,31.444444444444443,22.77777777777778
三个固定 GP 表达式的均值,825,7,7.0656605038446445,1187.1241617122694,0.88505364467385,0.43579363288603223,0.9878529550697268,0.6985222222222223,9.54880608099774,9.432908873368135,9.013732634463295,8.574182100919417,0.49051828716785756,56.22222222222222,21.444444444444443
三个固定 GP 表达式的均值,850,0,7.000637751844124,1098.8196481041145,0.8912720870919265,0.48477701501006926,0.9925278070490235,0.8870999999999999,9.78402758574138,9.737649625182922,9.226616666847372,8.307636917945384,0.6287293749945119,53.333333333333336,20.666666666666668
三个固定 GP 表达式的均值,850,1,7.001416659035251,1099.5967378785504,0.8914022341896983,0.4745344446148769,0.9925455280695026,0.8883,9.787350212092303,9.715967896749373,9.657106237840772,8.595539924358157,0.621082113057429,203.11111111111111,18.22222222222222
三个固定 GP 表达式的均值,850,2,6.989380630605277,1085.522990456567,0.891329486558275,0.49814910486972447,0.992548155661027,0.8914666666666666,9.856640567694829,9.83057813898869,9.48848042553282,9.116735269666513,0.6243153309707054,193.33333333333334,18.77777777777778
三个固定 GP 表达式的均值,850,3,6.982022202749868,1077.1107303229458,0.8913149333722035,0.49701152632459306,0.9925514563705418,0.8984666666666666,9.883167195877737,9.882422982724444,9.206821026035229,8.582982349957526,0.6139292519323443,103.55555555555556,18.77777777777778
三个固定 GP 表达式的均值,850,4,6.979765173160169,1074.6683917159937,0.891212784726764,0.49638147997174425,0.9925589358981814,0.8988666666666667,9.902075806854057,9.902075806854057,9.538658645010974,8.672907326032718,0.6283170309995121,99.0,15.11111111111111
三个固定 GP 表达式的均值,850,5,6.997915766554912,1095.766851836991,0.8913359147754976,0.4755015625922316,0.992537175357746,0.8880888888888889,9.801605911836033,9.752071341082907,9.666873401373067,8.870305133291831,0.596866099690781,101.88888888888889,18.666666666666668
三个固定 GP 表达式的均值,850,6,6.991913772651745,1088.4465060874945,0.8914737141963656,0.4744603269573698,0.9925315891785326,0.8901555555555556,10.182266794098446,9.894141331671134,9.83590935290281,9.274970695997522,0.6347014889491752,45.44444444444444,22.666666666666668
三个固定 GP 表达式的均值,850,7,7.016665045062943,1117.9557570766376,0.8913149212955351,0.45482297174373404,0.9925047129251126,0.8763222222222223,9.703896756685284,9.565491727879628,9.055657669512911,8.711834529655091,0.5830737258129447,70.22222222222223,19.22222222222222
三个固定 GP 表达式的均值,875,0,6.992162719329482,1088.676995348017,0.8913574907359434,0.47500705433840934,0.9925418239532261,0.8909333333333334,9.833573345818785,9.821240362126765,9.27264023781061,8.332564331749621,0.5952403914327609,63.333333333333336,19.444444444444443
三个固定 GP 表达式的均值,875,1,6.9843838632229565,1079.7617223593636,0.8913425530714812,0.497381598203035,0.9925564608501202,0.894888888888889,9.880615291719648,9.873094955344135,9.675768436891353,8.575884616958437,0.6408747269693511,143.88888888888889,16.555555555555557
三个固定 GP 表达式的均值,875,2,6.984588015509611,1079.9328829021051,0.8913120827704285,0.49711683910766497,0.9925580848983296,0.8954444444444444,9.881282513237291,9.885331405267355,9.535412042088364,9.152622089454093,0.6326251083215149,201.11111111111111,17.555555555555557
三个固定 GP 表达式的均值,875,3,6.9808318978537915,1075.820825952468,0.8912524013155783,0.4966345614171623,0.9925567762417293,0.8981555555555557,9.887554109935921,9.887554109935921,9.26501556619,8.64253542642921,0.6145265251508825,105.11111111111111,16.666666666666668
三个固定 GP 表达式的均值,875,4,6.9808738750027235,1075.8639827368338,0.8912406975669531,0.4965171365761111,0.9925630733913948,0.8965333333333335,9.889353275973791,9.902263542513133,9.675274615760033,8.717892271588774,0.6177393996261061,82.44444444444444,15.666666666666666
三个固定 GP 表达式的均值,875,5,6.9934277153959785,1090.4727400110228,0.891325626730332,0.4994881793815267,0.9925459986852874,0.8903555555555555,9.819201852311293,9.759537601942842,9.703960706502816,8.869996559525466,0.5900764190729504,182.88888888888889,15.0
三个固定 GP 表达式的均值,875,6,6.9889619059892425,1084.9858442647978,0.8915025717548721,0.49891113728334346,0.9925387373276207,0.8936333333333333,10.188067295523323,10.069833334820332,9.872145816481321,9.350799481540454,0.6328360239770463,52.888888888888886,21.555555555555557
三个固定 GP 表达式的均值,875,7,7.010815300707964,1110.5421139933105,0.8914360220010741,0.45154418748411246,0.9925129931453426,0.8811111111111113,9.811970139557916,9.715312534047852,9.149681441032923,8.732550118063578,0.5794465134033939,80.22222222222223,16.88888888888889
三个固定 GP 表达式的均值,900,0,7.233697187934589,2073.081912961835,0.7923820003155642,0.4415974072275619,0.9100424801163192,0.795611111111111,8.88394570267052,8.866407426987099,8.314924226757661,7.506629779909308,0.5235276388433326,80.77777777777777,16.11111111111111
三个固定 GP 表达式的均值,900,1,7.227755767891207,2066.5334079943714,0.7922121284894684,0.4469032783311999,0.910053009639637,0.7990222222222223,8.907950472774095,8.904685074077227,8.70067661401079,7.729841984154774,0.5587853925104276,163.55555555555554,16.666666666666668
三个固定 GP 表达式的均值,900,2,7.228779599767718,2067.640671242028,0.7922285633316781,0.4470226877689827,0.910055619506267,0.7976222222222221,8.908867487469486,8.908867487469486,8.71859851633119,8.40017303761967,0.546918818871,214.44444444444446,17.0
三个固定 GP 表达式的均值,900,3,7.226821951532393,2065.5270445407336,0.7921379159322193,0.44650821592616574,0.9100514279206712,0.7994888888888889,8.919542629944827,8.919542629944827,8.292947683104472,7.762823966779861,0.5592508834669102,133.88888888888889,15.333333333333334
三个固定 GP 表达式的均值,900,4,6.9791238122968435,1073.9785052836387,0.891184417867842,0.4961904881556487,0.9925638680779021,0.8989555555555556,9.907387079066362,9.907387079066362,9.722434430487509,8.766711331586595,0.6310140160078076,165.77777777777777,13.88888888888889
三个固定 GP 表达式的均值,900,5,6.992578721100773,1088.9933027699963,0.8914681050043273,0.4990907143635614,0.9925507775866724,0.8920111111111111,9.807059552611001,9.84746593916225,9.731818412176553,8.866136628194324,0.5944329589334783,260.0,17.666666666666668
三个固定 GP 表达式的均值,900,6,6.9808402812093835,1075.8466742582655,0.8913854489842716,0.497409070911971,0.9925480983990812,0.8967222222222221,10.251741925730723,10.112606317570906,9.97917819986008,9.402981351387554,0.6289546915786481,66.55555555555556,23.11111111111111
三个固定 GP 表达式的均值,900,7,7.2503997140087,2092.1116637959367,0.7926478969840864,0.42684584325253966,0.9100185124457822,0.783,8.821357383439116,8.708381096036755,8.22919829703597,8.021212752547669,0.5270350898867302,86.22222222222223,20.333333333333332
三个固定 GP 表达式的均值,925,0,7.021196670399479,1127.5257787470025,0.8884189156364322,0.4678879968757669,0.9902108501263694,0.7972444444444444,9.737445453649137,9.678394635019657,9.13542942423358,8.306515557770972,0.5377792045269132,39.44444444444444,19.77777777777778
三个固定 GP 表达式的均值,925,1,7.023422211547199,1131.5524862630355,0.8882511328722477,0.46284087905570437,0.990208990607743,0.7984,9.72987082964901,9.665034531469853,9.558785235550056,8.524549475229426,0.535195678493694,216.44444444444446,19.0
三个固定 GP 表达式的均值,925,2,7.021825962510037,1129.9367843157586,0.8879631448003793,0.47820291933459036,0.9902113328927881,0.7992888888888889,9.729412625386576,9.666724608529401,9.504567325383956,9.22121050898001,0.5465078542668014,188.22222222222223,16.333333333333332
三个固定 GP 表达式的均值,925,3,7.022172774389639,1130.6354972682536,0.8879466852754798,0.46759181181055326,0.9902114971253186,0.7996444444444445,9.732816943257365,9.732816943257365,9.059765951569705,8.562137256209654,0.527623939712132,94.77777777777777,16.22222222222222
三个固定 GP 表达式的均值,925,4,6.980344572764468,1075.2963295291818,0.891246874579681,0.49652274916236305,0.9925643969073492,0.8991333333333333,9.903401115980841,9.903401115980841,9.791254548978985,8.830459166213938,0.6062211763472026,166.77777777777777,17.333333333333332
三个固定 GP 表达式的均值,925,5,6.982593936540745,1077.7858922482349,0.8912957578419536,0.4970102107630654,0.9925583951265724,0.8958777777777777,9.860363667155886,9.860363667155886,9.820214821568861,8.889282498933106,0.6249198954453788,284.6666666666667,16.0
三个固定 GP 表达式的均值,925,6,6.978140182109815,1072.92306398275,0.8912876237148859,0.4968012567167955,0.9925526532272624,0.8994777777777778,10.224494373481532,10.047985969008899,10.04224817450892,9.438542325068445,0.628294212674822,79.55555555555556,20.11111111111111
三个固定 GP 表达式的均值,925,7,7.039108213216018,1149.0782612420944,0.8884815290550439,0.4719351048541929,0.9901721586179106,0.7878333333333334,9.704854415141433,9.605707644231714,9.158491594975608,8.874867975717978,0.5347007171376491,57.666666666666664,20.555555555555557
三个固定 GP 表达式的均值,950,0,6.993774817064993,1090.7660218142573,0.8913908697424056,0.48198487046002586,0.9925329098284463,0.889411111111111,9.825777866137397,9.78307919019563,9.204318328139648,8.368249003649144,0.6098585841422438,66.22222222222223,17.22222222222222
三个固定 GP 表达式的均值,950,1,6.993605835126318,1090.6299792961945,0.8914161554257191,0.4847805562040494,0.9925447774301968,0.8892555555555555,9.829634703133436,9.768536572195348,9.609955255812842,8.575427610981407,0.5980938671066052,237.22222222222223,17.11111111111111
三个固定 GP 表达式的均值,950,2,6.994376590964794,1091.53587667455,0.8912441177661843,0.4988526154732692,0.9925395292564451,0.8912444444444445,9.822670537071325,9.761838172323596,9.534092843421654,9.263529027903894,0.5977668128126278,209.55555555555554,16.22222222222222
三个固定 GP 表达式的均值,950,3,6.998253798932923,1096.492768342601,0.8910961228839879,0.4707568035224259,0.9925340242229191,0.8885777777777779,9.81257374250662,9.775061761531946,9.103179097654468,8.622374768799645,0.5954527482996193,120.33333333333333,16.666666666666668
三个固定 GP 表达式的均值,950,4,6.978638959216471,1073.4567668043246,0.891148940039341,0.4959976038645679,0.9925648078486891,0.8998,9.909866016133389,9.909866016133389,9.811728016259105,8.851591565198717,0.6179238548582378,197.77777777777777,13.555555555555555
三个固定 GP 表达式的均值,950,5,6.980138028184804,1075.0747477616674,0.8912324661610795,0.49648049611425393,0.9925610747805865,0.8990444444444444,9.901852357013944,9.901852357013944,9.822595991430134,8.893877237597678,0.6201327431900802,303.55555555555554,15.11111111111111
三个固定 GP 表达式的均值,950,6,6.9780272397996805,1072.801153448524,0.8912730529759073,0.49671325268313826,0.9925550103600149,0.8988222222222222,10.377582043088697,10.409878960312598,10.267048040330703,9.463985050120872,0.6124819545518222,102.88888888888889,17.666666666666668
三个固定 GP 表达式的均值,950,7,7.001609288878267,1100.1441523954975,0.8913311035549619,0.4799243879664465,0.9925246377399127,0.8853444444444444,9.790560960525987,9.7102716641831,9.211026903953233,8.89777743747429,0.5874621850060826,145.77777777777777,19.11111111111111
三个固定 GP 表达式的均值,975,0,6.991048436096873,1087.3486318042937,0.8914579266798712,0.47576873871721975,0.9925484467743991,0.8899333333333332,9.844653002423014,9.824839318059528,9.483461165074562,8.400931188463487,0.6197133905143906,64.22222222222223,18.0
三个固定 GP 表达式的均值,975,1,6.985596623351849,1081.1169060389107,0.8913979519096791,0.47983681417379426,0.9925567793698509,0.8937555555555554,9.881146902486897,9.867583713251294,9.622149677757392,8.629068166271404,0.6085330628924095,250.44444444444446,19.88888888888889
三个固定 GP 表达式的均值,975,2,6.99318592132578,1089.9978987409838,0.8913168946105077,0.4987837692355634,0.9925432291794674,0.8924555555555556,9.831757040385684,9.791411103841169,9.58307824824608,9.304068223097111,0.6208736351592417,219.22222222222223,18.0
三个固定 GP 表达式的均值,975,3,7.001394942076107,1098.9799961816398,0.8915723904712611,0.47933642362997086,0.9925476150715217,0.8848111111111111,9.791741617470073,9.740371503763566,9.714547671441991,8.657407303366865,0.5541935031782983,103.66666666666667,21.88888888888889
三个固定 GP 表达式的均值,975,4,6.978345645468367,1073.1415423240608,0.8911353838045901,0.4959221223353303,0.9925648634148622,0.8999999999999999,9.910778360978346,9.910778360978346,9.811802384782887,8.851584930992162,0.6228387993670338,287.1111111111111,13.555555555555555
三个固定 GP 表达式的均值,975,5,6.978375070525767,1073.1731279560784,0.8911309335452233,0.4959283447256809,0.9925614505213568,0.8999333333333333,9.91073592727043,9.91073592727043,9.831587827048361,8.900549298490565,0.6112145269586775,325.3333333333333,13.666666666666666
三个固定 GP 表达式的均值,975,6,6.9780188425980825,1072.7916174872103,0.891283288844402,0.4967514924644849,0.9925565487386074,0.8988111111111111,10.410394544771448,9.97639713742844,10.293026556564774,9.512779802323815,0.6087229954967184,109.66666666666667,20.333333333333332
三个固定 GP 表达式的均值,975,7,6.9978943698359375,1095.7249756449762,0.8913386216906927,0.4763840998633835,0.9925353222188372,0.888688888888889,9.878787589244343,9.821698904276154,9.210946708261524,8.975872445200602,0.5950821042897606,195.44444444444446,20.22222222222222
三个固定 GP 表达式的均值,1000,0,7.231116939984101,2070.2468915888476,0.7923443914254009,0.44789106033679604,0.910047750067557,0.7966222222222223,8.8990977723389,8.8990977723389,8.472458234525288,7.63319328897599,0.5544411125720968,85.22222222222223,14.777777777777779
三个固定 GP 表达式的均值,1000,1,6.979942066628215,1074.8643805663053,0.891221425653208,0.49642579328193814,0.9925629458367236,0.8980000000000001,9.89379129392338,9.89379129392338,9.603411599956939,8.641607290380193,0.6000286389715126,240.33333333333334,15.444444444444445
三个固定 GP 表达式的均值,1000,2,7.234624829697432,2074.0840627415755,0.7922897934907744,0.4477019390414183,0.9100514947063183,0.7938333333333334,8.819844688704524,8.875024431618053,8.678705352011978,8.427729879435345,0.5570799767067334,396.22222222222223,16.22222222222222
三个固定 GP 表达式的均值,1000,3,6.981760492170434,1076.8380104155372,0.8912880860295304,0.48528913308871235,0.9925609204324921,0.8954777777777778,9.887717333741847,9.889066781570088,9.742802292645877,8.646073289651387,0.5743927100326988,121.66666666666667,17.77777777777778
三个固定 GP 表达式的均值,1000,4,7.228172343843941,2066.992085569148,0.7922025032833871,0.4468300341044962,0.9100578873479959,0.7989555555555556,8.911616937257495,8.913892548596092,8.843250259332374,7.998367638716449,0.5526580251776323,373.1111111111111,14.555555555555555
三个固定 GP 表达式的均值,1000,5,7.474417138178869,3056.965879055503,0.6931131217341209,0.39691285663517906,0.8275475974401562,0.6998666666666666,7.930482188514442,7.930482188514442,7.853712020105127,7.120600626376115,0.49328227216801934,350.0,13.666666666666666
三个固定 GP 表达式的均值,1000,6,7.226486044731341,2065.167044682409,0.7923015246414358,0.44738148512080694,0.9100506078068314,0.7996222222222222,9.411832252532077,9.498121760935346,9.247529654470984,8.591704780955872,0.5694291688524824,197.66666666666666,20.11111111111111
三个固定 GP 表达式的均值,1000,7,7.244768952851091,2085.7677488577388,0.7925148485619133,0.4249113579952285,0.910035165499661,0.7893555555555556,8.837819178971817,8.81833609288196,8.38533054596941,8.120667163709244,0.5250573994484915,204.11111111111111,21.22222222222222
三个固定 GP 表达式的均值,1025,0,7.02177339645607,1128.9903075554653,0.8883394034848273,0.4673419347583489,0.9902009027805025,0.7976333333333334,9.76243194726218,9.709426421974317,9.413692183830644,8.415090252515268,0.5710029893828641,133.11111111111111,17.0
三个固定 GP 表达式的均值,1025,1,6.982282456742263,1077.4068245442766,0.8913134439517008,0.4969424852411692,0.9925657147832757,0.8981777777777776,9.876537593006049,9.876537593006049,9.735447125065546,8.674770806366164,0.5871922005373202,333.0,17.444444444444443
三个固定 GP 表达式的均值,1025,2,7.023922226229335,1133.0669452568798,0.8879395508246086,0.4645975982678024,0.990191569384362,0.7982666666666667,9.70064294225322,9.645123964293534,9.616293917840327,9.144987185262718,0.5450057329422577,288.44444444444446,15.88888888888889
三个固定 GP 表达式的均值,1025,3,6.979900206566914,1074.8216562391333,0.8912452223441699,0.4965885262472751,0.9925635089862708,0.8991555555555555,9.904693090962603,9.904693090962603,9.766368363094713,8.666020769279802,0.6106128859292197,337.77777777777777,17.88888888888889
三个固定 GP 表达式的均值,1025,4,7.02123757017441,1128.7760168878294,0.8880596671436018,0.4708297884434713,0.9902000180033141,0.7996000000000001,9.747701518610139,9.665247800334186,9.628559991779873,8.761218189189727,0.5591711825686093,306.44444444444446,15.666666666666666
三个固定 GP 表达式的均值,1025,5,7.061351640478004,1181.1550531260802,0.8849147629544595,0.43478649727644975,0.9878840288650194,0.7000000000000001,9.593704360385892,9.512923545395768,9.463292022731158,8.693740079592423,0.49502389278863546,242.77777777777777,17.666666666666668
三个固定 GP 表达式的均值,1025,6,7.020122625101823,1127.613150810742,0.888141912517418,0.46431930836283747,0.990198501970235,0.7994222222222223,10.25144034511171,10.127388813031217,10.074998208128394,9.405543583839098,0.5587324525028553,170.55555555555554,21.333333333333332
三个固定 GP 表达式的均值,1025,7,7.03221062553942,1141.149365532935,0.8884345491474726,0.4665985483090793,0.9901891321117245,0.7921555555555556,9.674455938770397,9.625725973575117,9.198362461481587,8.908571916661366,0.5362241219108077,183.22222222222223,20.444444444444443
三个固定 GP 表达式的均值,1050,0,6.9961456139013505,1093.6363088451526,0.8913549224143925,0.5002164286814801,0.9925386002824467,0.887488888888889,9.814960179687079,9.759321260097295,9.594244000429951,8.482919399361736,0.634924104957852,215.33333333333334,18.444444444444443
三个固定 GP 表达式的均值,1050,1,6.979302443524048,1074.1717288013194,0.8912052585467699,0.496301963842803,0.99256667116692,0.8988888888888888,9.902508424263232,9.902508424263232,9.902508424263232,8.675701485160047,0.6110953033895606,353.77777777777777,17.22222222222222
三个固定 GP 表达式的均值,1050,2,6.9929263427729715,1089.8558767042587,0.8912240224161325,0.4754649645290494,0.9925449432420513,0.8907444444444444,9.830911196513426,9.791891926059705,9.676330131463041,9.222415690542512,0.5638347348526166,385.22222222222223,13.88888888888889
三个固定 GP 表达式的均值,1050,3,6.978441161935737,1073.2441044672528,0.8911696279517078,0.4961366254469692,0.9925642114804563,0.8999333333333335,9.910552579102868,9.910552579102868,9.775849772946096,8.675932533739294,0.6069237015494917,430.6666666666667,14.666666666666666
三个固定 GP 表达式的均值,1050,4,6.9982133914023965,1096.4892418819297,0.8911045009535439,0.4725084550624436,0.9925365883806145,0.8888333333333335,9.797910169780769,9.74803997647249,9.663143675142887,8.802365472931697,0.6102329430148252,328.55555555555554,14.444444444444445
三个固定 GP 表达式的均值,1050,5,7.011548702164204,1111.5711317838773,0.8912073384633891,0.45333540983092135,0.9925185636229816,0.8804222222222222,9.734528500377598,9.668899863706761,9.535025881462476,8.749816910402748,0.6256420078380835,269.77777777777777,18.444444444444443
三个固定 GP 表达式的均值,1050,6,6.99012711262615,1086.5255808943327,0.8914276569722863,0.47481729039710885,0.9925425144169482,0.8904111111111112,10.457693951078205,9.917138565664796,10.366399408569269,9.535150381867242,0.6218306713728334,163.77777777777777,21.444444444444443
三个固定 GP 表达式的均值,1050,7,7.000727625021049,1098.8744309788185,0.8914424214764005,0.47590004816129206,0.9925230832537655,0.8846111111111112,9.895933811233098,9.760443923287587,9.24216528140641,8.957414534498973,0.5827603699324522,200.22222222222223,19.77777777777778
三个固定 GP 表达式的均值,1075,0,6.992210107794716,1088.9446420147156,0.8913271072469071,0.4858773772436203,0.9925447465153927,0.8916222222222222,9.838781926390247,9.799484128254482,9.611681567667354,8.512518758746364,0.6276520757029376,232.33333333333334,16.333333333333332
三个固定 GP 表达式的均值,1075,1,6.978999378174557,1073.8442820169494,0.8912040192930019,0.496299508845001,0.9925668087854578,0.8994,9.906760676081696,9.906227335957661,9.906760676081696,8.693124787453986,0.5898445353767134,338.8888888888889,14.88888888888889
三个固定 GP 表达式的均值,1075,2,6.983967030064859,1079.30444091829,0.891276254945775,0.49697448555842044,0.9925567638155148,0.8948222222222222,9.888197400407954,9.855662217367414,9.683249023313909,9.247528247554126,0.5753421247848162,466.6666666666667,15.88888888888889
三个固定 GP 表达式的均值,1075,3,6.978426057588601,1073.227880053912,0.8911669743817794,0.4961138015266571,0.9925644802800827,0.8999333333333335,9.910594079366389,9.910594079366389,9.774122423433084,8.676291268025413,0.6167502952303092,451.22222222222223,12.666666666666666
三个固定 GP 表达式的均值,1075,4,6.993176214323166,1089.7120487863183,0.8914110244400588,0.47559641120629453,0.9925483776089538,0.8909555555555555,9.81485239701877,9.741219665125776,9.74281434101239,8.851477966760555,0.5724002967219021,415.77777777777777,17.0
三个固定 GP 表达式的均值,1075,5,6.999794415917061,1097.2795777302208,0.8914907079369604,0.5002218819342006,0.9925329638082199,0.8856333333333334,9.808220570330256,9.743693783156209,9.609365364700826,8.802461082593005,0.6287841156777572,277.22222222222223,18.11111111111111
三个固定 GP 表达式的均值,1075,6,6.983407152573935,1078.7125463484374,0.891479185673609,0.4981187566499456,0.9925496495506615,0.8954777777777778,10.652012939735215,9.870320137302327,10.423131403478559,9.560094653887527,0.6530190175856295,181.77777777777777,23.11111111111111
三个固定 GP 表达式的均值,1075,7,6.996346451617655,1093.758925729427,0.8914723389812345,0.47525496300656667,0.992530982084152,0.8899111111111111,9.895807539119978,9.75482247624799,9.261593648927759,8.992170836898671,0.5852075785679401,126.33333333333333,19.333333333333332
三个固定 GP 表达式的均值,1100,0,7.2363710223851605,2076.163674923919,0.7924521929813054,0.43455063813528494,0.9100450581965607,0.7933222222222223,8.859701317976405,8.866868591747096,8.63676308095014,7.73164273779831,0.5641974989003326,322.1111111111111,17.11111111111111
三个固定 GP 表达式的均值,1100,1,7.227318955698507,2066.0614009685423,0.7921732834511405,0.446627308805322,0.9100593916895396,0.7993999999999999,8.91731426404452,8.91731426404452,8.91731426404452,7.8235513119145095,0.5241952777513439,262.3333333333333,15.777777777777779
三个固定 GP 表达式的均值,1100,2,7.477023120340178,3059.797350689738,0.6932156714536198,0.39752308765693634,0.8275485466387268,0.6985555555555556,7.90624481844723,7.90624481844723,7.714392677130765,7.449037771045251,0.455719108637141,488.8888888888889,14.555555555555555
三个固定 GP 表达式的均值,1100,3,7.2265852350759205,2065.2726916533816,0.7921663694852116,0.44665503619158936,0.9100572647515652,0.7998222222222222,8.919926853710173,8.919926853710173,8.789669490038916,7.85453471687378,0.5515325012931838,456.6666666666667,13.555555555555555
三个固定 GP 表达式的均值,1100,4,7.231966925225766,2071.200402151124,0.792257100174028,0.44742371070615644,0.9100496347712367,0.7956333333333334,8.881709314490912,8.881709314490912,8.809134394002525,8.035913281083724,0.5314089463040405,366.1111111111111,15.11111111111111
三个固定 GP 表达式的均值,1100,5,7.725782339175343,4052.4800377854317,0.5942011890577492,0.34797269594485364,0.7450340742206385,0.5958444444444445,6.928164848355349,6.928164848355349,6.660548643939361,6.169897993778203,0.459103700384101,294.77777777777777,16.11111111111111
三个固定 GP 表达式的均值,1100,6,7.47502920460958,3057.631440639136,0.6932419243493205,0.3976094691143184,0.8275413335228481,0.6987333333333334,8.344950372471496,8.209989613967739,8.109893513989883,7.603041458458983,0.47893294060603214,201.44444444444446,19.0
三个固定 GP 表达式的均值,1100,7,6.992158403263646,1088.7256507879697,0.891520562594743,0.47525818162525213,0.9925342995717066,0.8903111111111112,9.81140724739871,9.839824057683881,9.459106070221733,9.019900421792208,0.5870957167168005,138.88888888888889,18.666666666666668
三个固定 GP 表达式的均值,1125,0,7.0241821282068395,1132.2996249653283,0.8881700657646739,0.46214522290547333,0.9902275467687855,0.7965666666666666,9.705688121768933,9.667620501089267,9.476465145035327,8.53053583473818,0.5717043601751182,303.8888888888889,18.444444444444443
三个固定 GP 表达式的均值,1125,1,7.022401426308048,1131.1723364983814,0.8879308635708223,0.46353566883428143,0.9902175313556055,0.8000000000000002,9.72764307947653,9.68022631058205,9.688625402772372,8.57837414758505,0.5375314875615964,250.88888888888889,14.666666666666666
三个固定 GP 表达式的均值,1125,2,7.061646619170155,1181.0726513705242,0.8851507391073786,0.48583819450923865,0.9878415046340228,0.6990222222222222,9.57815776244045,9.450932147822254,9.375949088075675,9.042350742566182,0.5013007584077309,300.3333333333333,18.0
三个固定 GP 表达式的均值,1125,3,7.022092073555515,1130.6068474575404,0.8880555686898212,0.4657887986040957,0.9902132891348854,0.7998444444444446,9.706694686020901,9.706694686020901,9.57887894825664,8.644563292294336,0.5594950926377629,294.22222222222223,16.333333333333332
三个固定 GP 表达式的均值,1125,4,7.021527107400494,1129.2480042771344,0.888170195169886,0.47082092569639106,0.990192670928811,0.798888888888889,9.72037008872788,9.675239491792517,9.60937917327071,8.825521060895918,0.5363920663101438,290.3333333333333,15.222222222222221
三个固定 GP 表达式的均值,1125,5,7.1119036982746495,1248.8996584015467,0.8815750602691693,0.4674612119211208,0.9854694907384189,0.5992666666666667,9.35083356733168,9.184001286417185,9.063797669047055,8.538774341526722,0.4156502773230071,152.88888888888889,21.555555555555557
三个固定 GP 表达式的均值,1125,6,7.06109882868175,1180.5130594482969,0.8852073463512817,0.4405611835035175,0.9878075186856989,0.6994222222222223,10.015403499499975,9.772766548781304,9.839948633757835,9.210836144055357,0.48759523667287064,206.11111111111111,22.88888888888889
三个固定 GP 表达式的均值,1125,7,6.989699938443847,1085.7673590505374,0.8914790723534812,0.49888810128181127,0.9925420747608992,0.8922,10.027450815396428,9.868744019500074,9.464914180448165,9.017976830329566,0.6277755885697123,224.33333333333334,20.0
三个固定 GP 表达式的均值,1150,0,6.994363970735213,1091.5398497499446,0.8912657734715077,0.46722417304716335,0.9925438968215291,0.8902222222222222,9.829197726798832,9.756428500427482,9.498750950117996,8.533486077614128,0.6275996643210784,326.3333333333333,17.333333333333332
三个固定 GP 表达式的均值,1150,1,6.995614722170636,1093.1942253210723,0.8912239627733958,0.4843410597073905,0.9925429064294113,0.8889333333333335,9.821768383723516,9.772082047332816,9.737033684657588,8.615612780230908,0.6156260974167854,276.0,14.88888888888889
三个固定 GP 表达式的均值,1150,2,7.007116697376897,1106.0873166126655,0.8914150909945653,0.5018396660998429,0.992519055569089,0.8804888888888889,9.755318552875767,9.648117662003566,9.473367698812714,9.177274295394998,0.6173670937089095,317.77777777777777,16.666666666666668
三个固定 GP 表达式的均值,1150,3,6.995865516804364,1093.506062819147,0.8913368363786129,0.5005190536879074,0.992538584171742,0.8892777777777778,9.80359019475703,9.73374311535237,9.600840133102757,8.681350293952418,0.6090344949946229,320.44444444444446,16.88888888888889
三个固定 GP 表达式的均值,1150,4,6.995148233831616,1092.5473133926025,0.8913345366163866,0.4731782529741856,0.9925357379085019,0.8896222222222223,9.821619435549838,9.784792953628418,9.678368636585487,8.898666003984069,0.6195933114913388,382.77777777777777,15.777777777777779
三个固定 GP 表达式的均值,1150,5,7.0363144620322124,1140.964973984361,0.8912359504474929,0.5069632491508317,0.992480321064208,0.8647111111111112,9.585589066232323,9.423681567316613,9.25170914802655,8.676839427669229,0.5850539391668633,159.33333333333334,19.0
三个固定 GP 表达式的均值,1150,6,7.009632027029976,1109.2976048390035,0.8914985256657,0.4583063344008454,0.992505256915979,0.8800888888888889,10.198897949532753,10.018310603391903,9.974107500582125,9.321875945669776,0.6058282603445557,223.55555555555554,22.0
三个固定 GP 表达式的均值,1150,7,6.982146643214595,1077.2738682735599,0.891357528729242,0.49735047673115457,0.9925506744266905,0.8967444444444445,9.889813865909376,9.94322965242266,9.49776819755032,9.04529130206641,0.6333846870949187,241.44444444444446,15.666666666666666
三个固定 GP 表达式的均值,1175,0,6.987767592036803,1083.594115842575,0.8913560936002993,0.48847999945523607,0.9925549214107539,0.8927888888888889,9.861379794084373,9.849262700965367,9.640372169848147,8.48577980139209,0.6454568154104521,337.44444444444446,18.555555555555557
三个固定 GP 表达式的均值,1175,1,6.99233430684328,1088.9557954607628,0.8913515447278108,0.47548184956442086,0.9925468969892491,0.8922222222222224,9.831937593602401,9.771379489744461,9.69953999280532,8.603334503921278,0.5817574354727625,157.33333333333334,18.333333333333332
三个固定 GP 表达式的均值,1175,2,6.997219465409959,1094.3006503316653,0.8915257525435769,0.5001608123148716,0.9925359623311607,0.8868777777777779,9.823271614552151,9.799540656823908,9.497109012589068,9.196169153689826,0.6461179546041336,331.6666666666667,17.666666666666668
三个固定 GP 表达式的均值,1175,3,6.994628685340761,1091.926814206272,0.8913601056403608,0.47513660045628847,0.9925456989716884,0.889511111111111,9.806232624966167,9.733923076307569,9.739210224021626,8.726593650950019,0.5864021121767995,336.22222222222223,15.666666666666666
三个固定 GP 表达式的均值,1175,4,6.99083969881153,1087.324101222609,0.8913724377203152,0.4793405785926184,0.9925455377105199,0.892,9.840889473763832,9.807566496013106,9.707162367934496,8.902559727148308,0.6192607025646584,401.0,13.333333333333334
三个固定 GP 表达式的均值,1175,5,7.025572237284158,1127.5349675054406,0.8913976531447881,0.4474311252152078,0.9924963952900456,0.8711777777777778,9.625344962014582,9.588364443727691,9.38532607478557,8.6705330980088,0.577624910370245,165.66666666666666,20.22222222222222
三个固定 GP 表达式的均值,1175,6,7.003835613149423,1102.3414214486827,0.8914912765119953,0.4893766592602183,0.9925168897312068,0.8846444444444445,10.24963473925117,9.708846595178649,10.03947059920111,9.350131400831764,0.6099202352671389,241.33333333333334,21.666666666666668
三个固定 GP 表达式的均值,1175,7,6.978664340785801,1073.484049907451,0.8911967239304845,0.49632177751794615,0.9925549186403715,0.8995666666666666,9.9108775221613,10.056634242423009,9.498942449335727,9.053206059448788,0.6323426935738616,261.55555555555554,16.666666666666668
三个固定 GP 表达式的均值,1200,0,7.4757802058175145,3058.4343750087637,0.6931876990765927,0.39210022708993836,0.8275477642344325,0.6982222222222223,7.918406101686028,7.918406101686028,7.633101424494096,6.815557746359736,0.5047668159303419,356.1111111111111,15.333333333333334
三个固定 GP 表达式的均值,1200,1,6.986077841619086,1081.7346315191191,0.891308765877784,0.48540788636347965,0.9925542154329139,0.8951222222222223,9.869251233852752,9.850388743915492,9.711055440447588,8.582598127126605,0.5829036409486741,179.44444444444446,13.555555555555555
三个固定 GP 表达式的均值,1200,2,7.483085290980357,3066.5992143443696,0.6933867842879023,0.3992481120305251,0.827528967690527,0.6929333333333333,7.891419649042082,7.866410006763234,7.50805990877406,7.273535740042876,0.502367792409617,353.22222222222223,16.11111111111111
三个固定 GP 表达式的均值,1200,3,7.239754139247481,2080.310958816839,0.7923918864765603,0.43084619323604323,0.9100397929562214,0.7919111111111112,8.850448268023452,8.817198566251209,8.75216122940455,7.764099500255481,0.532103740664222,357.77777777777777,15.444444444444445
三个固定 GP 表达式的均值,1200,4,8.47392422522877,7032.756198888153,0.29728168734635013,0.2005026790110767,0.4975090397784256,0.2947888888888889,3.934371373252012,3.9046572962335753,3.7569939861795913,3.6369052919487257,0.23826941014832023,421.8888888888889,15.666666666666666
三个固定 GP 表达式的均值,1200,5,7.750544285048473,4080.1946327029477,0.59466255255231,0.35274782066849214,0.7450020924271556,0.5826333333333333,6.778308429229432,6.6923013305813965,6.43791146200553,6.067172884543191,0.37088912622344994,173.77777777777777,22.22222222222222
三个固定 GP 表达式的均值,1200,6,7.236836928113681,2076.5821713319765,0.7925565729247511,0.4494971171833754,0.9100249328785073,0.7911444444444444,9.379366087963955,9.41808255691155,9.107924440864785,8.448096641407586,0.526756770439298,256.44444444444446,22.666666666666668
三个固定 GP 表达式的均值,1200,7,7.230424445170716,2069.418304414384,0.7923636062406446,0.4477767413395253,0.9100487600606484,0.7984666666666667,8.954453943227845,8.94946814620263,8.562877700593283,8.165342953150786,0.5683552003334188,239.55555555555554,19.333333333333332
三个固定 GP 表达式的均值,1225,0,7.063696421609858,1184.456770877633,0.8849245578926233,0.43650332512549117,0.9878626888066031,0.6995111111111112,9.563276602715593,9.502317681831158,9.200599637749388,8.363561211616606,0.4891708197756639,372.8888888888889,20.11111111111111
三个固定 GP 表达式的均值,1225,1,6.983205500923742,1078.473303876007,0.891270038746091,0.4969265410872846,0.992557525465964,0.8967333333333334,9.872803459676975,9.872803459676975,9.712905983771138,8.581264874069852,0.6001793616825073,200.33333333333334,16.11111111111111
三个固定 GP 表达式的均值,1225,2,7.071098927971409,1193.1657268585316,0.8851732556870026,0.4756139753405495,0.987817630629508,0.6951222222222222,9.48049564276031,9.48049564276031,9.103451151066356,8.869489714315726,0.4964062840201369,216.66666666666666,18.333333333333332
三个固定 GP 表达式的均值,1225,3,7.030657110055071,1139.6928758455851,0.8883872496115708,0.4800429054860806,0.9901931440126835,0.7939555555555556,9.64375946803556,9.64375946803556,9.53449854085278,8.559875514038161,0.5572873739064766,397.8888888888889,16.22222222222222
三个固定 GP 表达式的均值,1225,4,7.2260443453701395,1393.982679614426,0.8729862365520796,0.33277031659145817,0.9784346292056614,0.29706666666666665,8.98293236436404,8.587666088289229,8.518713553852836,8.369686144932704,0.2453687471056695,89.11111111111111,28.444444444444443
三个固定 GP 表达式的均值,1225,5,7.119942885259434,1254.3862369737667,0.8822589202629654,0.38826774654945456,0.9854712042380565,0.5884555555555555,9.266402375011646,9.082908385893834,8.800475341979354,8.41554741883089,0.3899618074601703,4.777777777777778,23.444444444444443
三个固定 GP 表达式的均值,1225,6,7.025470293568211,1133.8739214468799,0.8883790457250904,0.46699141962977564,0.9901676797667025,0.7965888888888889,10.268288214578485,9.895849881324333,10.05060314756167,9.258416580309266,0.5276111566714909,164.0,24.666666666666668
三个固定 GP 表达式的均值,1225,7,7.022422728627039,1129.666980901734,0.8882313897484497,0.4644196466136942,0.9902245399340723,0.7986222222222223,9.73145532705316,9.659064817176338,9.345599460514203,8.972811100899692,0.5507674679184241,148.88888888888889,18.555555555555557
三个固定 GP 表达式的均值,1250,0,7.013892778681384,1114.4632765976596,0.8912340398064126,0.4602679668770622,0.9925167477272642,0.8791444444444445,9.707402827563925,9.616410560906258,9.249310334841134,8.448607709789128,0.6163399773606364,371.22222222222223,18.0
三个固定 GP 表达式的均值,1250,1,6.980231169717592,1075.1740839366007,0.8912161636529073,0.49641651345712146,0.9925611771508122,0.898688888888889,9.891725753793441,9.902082205833944,9.703250497653737,8.591137262296796,0.6121635064934305,205.66666666666666,16.88888888888889
三个固定 GP 表达式的均值,1250,2,7.017082744129096,1118.4009622909614,0.8913518976571226,0.4736021402448872,0.9925026502923884,0.8758888888888889,9.668669948813227,9.669490015718337,9.233155534853065,9.005245442190821,0.6100381127031852,240.33333333333334,19.0
三个固定 GP 表达式的均值,1250,3,7.000639277551873,1099.2563635456786,0.891303612242714,0.5013987619010751,0.9925342763855269,0.8860444444444444,9.779654792675338,9.779654792675338,9.575092338408442,8.592996104354146,0.6299658686023298,417.6666666666667,18.77777777777778
三个固定 GP 表达式的均值,1250,4,7.065432436945649,1173.067733951567,0.8918529080193885,0.46362823782973295,0.9924349646118219,0.8433666666666667,9.46956365850155,9.205554524627747,8.791927213929435,8.596904848343323,0.607637415006335,94.88888888888889,25.77777777777778
三个固定 GP 表达式的均值,1250,5,7.031914134883246,1134.8663921350153,0.8916135960731439,0.45493641995712575,0.9924808896794544,0.8681666666666668,9.599264116240356,9.464945283302315,8.968198647037704,8.557997622455852,0.5516478353779617,100.0,24.555555555555557
三个固定 GP 表达式的均值,1250,6,6.996148781372253,1093.7373514175176,0.8914436590863821,0.47399023977498966,0.9925241782225088,0.8879666666666668,10.39551360042282,10.208741383822526,10.180752358971871,9.37657907168483,0.5977109661649308,182.11111111111111,21.444444444444443
三个固定 GP 表达式的均值,1250,7,6.994197988140111,1091.418017554395,0.8912034942769664,0.47344928314661544,0.9925336523737867,0.8893,9.929430726294576,9.802510759848893,9.40266235477261,9.037389930122206,0.6341802102495921,170.44444444444446,17.22222222222222
三个固定 GP 表达式的均值,1275,0,7.008632015749559,1107.5360741667505,0.8915828338911782,0.4730027137032438,0.9925319876978546,0.8830666666666668,9.759534345945717,9.70056658071956,9.373817070266538,8.42607959871907,0.6185762279207921,437.55555555555554,20.444444444444443
三个固定 GP 表达式的均值,1275,1,6.978839693727789,1073.6728408801835,0.8911603846434899,0.4961075500158842,0.9925619178984785,0.8993555555555555,9.909545023132171,9.909545023132171,9.708057159019681,8.598397888250807,0.5933145850498173,227.0,14.333333333333334
三个固定 GP 表达式的均值,1275,2,7.004352306934021,1102.5169966444087,0.8916277501344931,0.5019427646251452,0.9925253866425334,0.8813,9.76614671241841,9.720577159341083,9.431634207626818,9.158614542886621,0.6131376018001556,241.22222222222223,18.88888888888889
三个固定 GP 表达式的均值,1275,3,6.993701414875872,1090.7100437078282,0.8914098437439392,0.47463056742661563,0.9925429645237307,0.8913222222222222,9.810013459755627,9.796772059107253,9.59525535452489,8.59732468493574,0.6044749234975728,437.3333333333333,18.0
三个固定 GP 表达式的均值,1275,4,7.018763422480838,1118.132198228459,0.8920447254266768,0.5043584908265398,0.9924928101992752,0.8682333333333333,9.716792611061372,9.611001543292762,8.83288510273406,8.624778221643183,0.6638679454638515,99.0,26.11111111111111
三个固定 GP 表达式的均值,1275,5,7.014709445468102,1114.2074113205433,0.8917317721683937,0.5034855480706725,0.9925100182605302,0.8769111111111112,9.700547995623559,9.606792549007269,9.11775979428573,8.648032139841506,0.5947697100348317,102.44444444444444,23.11111111111111
三个固定 GP 表达式的均值,1275,6,6.992029931655344,1088.8208573076158,0.8914961636259279,0.5001947802433443,0.9925292589929554,0.8912555555555556,10.482520128337278,9.823818849145239,10.229417251524154,9.40696879013281,0.6130899494548774,198.88888888888889,22.11111111111111
三个固定 GP 表达式的均值,1275,7,6.988389705016618,1084.3246527747797,0.8913958883588877,0.498289375081376,0.9925442113265573,0.8927888888888889,9.86253754886183,9.82425648244439,9.409984272208014,9.057065591162486,0.6259795420719948,180.77777777777777,20.666666666666668
三个固定 GP 表达式的均值,1300,0,7.729803643159723,4056.982594600439,0.5942419824054355,0.34109061277164765,0.7450283273004771,0.5928111111111112,6.913145119771035,6.913145119771035,6.425525089642087,5.902810754120687,0.39647370804624205,397.77777777777777,17.22222222222222
三个固定 GP 表达式的均值,1300,1,7.4753578962964395,3057.980496452246,0.6931430444905309,0.3970547046348929,0.8275482062424774,0.6995111111111112,7.922526069536632,7.922526069536632,7.729010280731499,6.933907879140866,0.48013719240392266,246.11111111111111,15.88888888888889
三个固定 GP 表达式的均值,1300,2,7.4863236938079405,3070.1680272808017,0.6934399181541556,0.3995898864183737,0.8275311454127046,0.6905111111111111,7.850444435971228,7.850444435971228,7.510773948306233,7.3889200341647205,0.5033655652003937,256.3333333333333,18.88888888888889
三个固定 GP 表达式的均值,1300,3,7.980203705320071,5051.6957554808,0.49536678900935904,0.300520827196135,0.6625197660023526,0.4930555555555556,5.89214045935873,5.89214045935873,5.6471670792397965,5.257934912737984,0.37880512141197714,458.55555555555554,14.555555555555555
三个固定 GP 表达式的均值,1300,4,6.9961690906254965,1092.6418379968475,0.8916947022333961,0.49983202867284454,0.992528913835383,0.8871888888888889,9.806477687120207,9.803749817831886,8.921763258914938,8.651200137810447,0.6400450711747896,100.88888888888889,23.666666666666668
三个固定 GP 表达式的均值,1300,5,6.997150490985884,1094.1614002235053,0.8915307852898976,0.49988489748327,0.9925246480696338,0.8856333333333334,9.786309378341034,9.786309378341034,9.154450605829883,8.663996813782768,0.6354413215009462,112.77777777777777,18.666666666666668
三个固定 GP 表达式的均值,1300,6,7.73053945115886,4057.8735345922087,0.5944081731303882,0.3309689741341743,0.745017294703025,0.5938666666666667,7.060797511929757,7.09870400215792,6.850664584421669,6.531432348021366,0.40623457329460005,215.44444444444446,22.88888888888889
三个固定 GP 表达式的均值,1300,7,7.230697899101658,2069.754795638389,0.7923182519549058,0.447646379159712,0.9100444791338709,0.7971111111111111,8.89636714972716,8.89636714972716,8.426974939609236,8.13644061208744,0.587288828337159,190.0,18.555555555555557
三个固定 GP 表达式的均值,1325,0,7.105731347630797,1238.2819764602846,0.8821183349373564,0.41277576557025947,0.9855171708069883,0.5982888888888889,9.392427120654048,9.268178897308355,8.802777632400938,8.240247660954093,0.41270436022740054,97.11111111111111,24.333333333333332
三个固定 GP 表达式的均值,1325,1,7.064465054712163,1185.8344083153424,0.884985322885099,0.43799896997871113,0.9878697357231991,0.6997333333333333,9.579617254684841,9.409883464083624,9.281955145123867,8.478606270626733,0.4819366968865802,116.66666666666667,19.0
三个固定 GP 表达式的均值,1325,2,7.068504799800208,1189.6966191519398,0.8850391420367243,0.49405575083716957,0.9878139217518884,0.6965333333333334,9.533493866851204,9.439038738868106,9.076430596412894,8.973883077313353,0.4742711455803181,114.22222222222223,20.666666666666668
三个固定 GP 表达式的均值,1325,3,7.159065767989102,1308.457715840694,0.8786780142108565,0.39088359052934274,0.9831892676731374,0.49497777777777785,9.144102876998787,8.947788534672014,8.794279524575892,8.383335076038717,0.3717422799856879,127.88888888888889,25.333333333333332
三个固定 GP 表达式的均值,1325,4,6.98382966938018,1079.0607463356482,0.8913372805585836,0.49721451563081775,0.9925413610217377,0.8949888888888888,9.874816522581362,9.874816522581362,8.948616939379454,8.652548281739502,0.6064751954248653,100.11111111111111,19.666666666666668
三个固定 GP 表达式的均值,1325,5,6.998568404066513,1095.7715856014738,0.8915545351141431,0.5001762785424134,0.9925316851610386,0.8892666666666665,9.768334044690626,9.768334044690626,9.172387699625652,8.694643163624484,0.6128971920318095,180.66666666666666,17.11111111111111
三个固定 GP 表达式的均值,1325,6,7.109813016456211,1244.7458072240938,0.8819248357271426,0.4165714614621591,0.9854402265737199,0.5968222222222221,9.679562699353664,9.944490519309658,9.27721293099489,8.93898806434742,0.4061323704309961,124.22222222222223,26.0
三个固定 GP 表达式的均值,1325,7,7.029390145138401,1138.3955222570219,0.8883806074186466,0.49243652040313335,0.9901953119662374,0.7975555555555557,9.664304843692795,9.5751157172668,9.325546532947579,9.029431747632348,0.5485153685880819,236.44444444444446,19.88888888888889
三个固定 GP 表达式的均值,1350,0,7.02030965801287,1121.0704278452688,0.8915626883929809,0.42780367914539336,0.9925030225728686,0.8706666666666668,9.670422308544392,9.588649650824628,9.02481491349878,8.33401504279888,0.606264088390777,175.88888888888889,22.666666666666668
三个固定 GP 表达式的均值,1350,1,7.013018090296509,1113.3445249259603,0.8914125183390911,0.45032842332181666,0.9925176858925501,0.8789333333333333,9.724485118205074,9.577950920212015,9.368735937379974,8.5528170404912,0.5803555303617284,133.44444444444446,18.333333333333332
三个固定 GP 表达式的均值,1350,2,7.016023194195942,1117.0567523991858,0.8911637812221938,0.4737507975595247,0.9925027626274056,0.8776777777777778,9.713012935468416,9.605127281886794,9.20662880128112,9.09058280036316,0.5950499347682512,135.44444444444446,18.22222222222222
三个固定 GP 表达式的均值,1350,3,7.047525676344777,1153.175738014413,0.8914791249152965,0.4329589775969219,0.99247904477962,0.8585444444444444,9.56735726389448,9.36522893482568,9.14778464215676,8.590242950850884,0.6517084926066941,136.44444444444446,25.88888888888889
三个固定 GP 表达式的均值,1350,4,6.980580483608884,1075.5451072197657,0.8912200282643374,0.49649931283903725,0.992545810851856,0.8980333333333334,9.904080218974817,9.904080218974817,8.97123212450637,8.650948343158086,0.615079262382268,114.44444444444444,14.444444444444445
三个固定 GP 表达式的均值,1350,5,6.9850426289834955,1080.4362183097958,0.8913886566753746,0.4975805400285209,0.9925473818764421,0.893688888888889,9.876661432552247,9.874191465854384,9.200844181059267,8.737028315158405,0.6076489990041857,125.55555555555556,18.11111111111111
三个固定 GP 表达式的均值,1350,6,7.026870650469712,1129.1242076000622,0.8916014080558552,0.4261561142585508,0.9924728873820582,0.869611111111111,9.854833188780647,9.496826745281211,9.477717269549789,9.111855439737676,0.5678297405187406,135.66666666666666,25.666666666666668
三个固定 GP 表达式的均值,1350,7,7.004164966946222,1103.156701807433,0.8913940430030254,0.4825750848870197,0.9925312928150345,0.8846111111111112,9.772824001855746,9.70916612347435,9.510618910386768,9.122430531240072,0.5972862627000611,177.77777777777777,19.555555555555557
三个固定 GP 表达式的均值,1375,0,7.009304653826524,1107.8761501380534,0.8917841469511151,0.4677061831679576,0.9925230224799516,0.8777,9.74026738318457,9.664593235083935,9.262984711686642,8.348517870772191,0.6010199216664579,178.33333333333334,23.333333333333332
三个固定 GP 表达式的均值,1375,1,7.004911145589429,1103.398462164215,0.8914769066585385,0.47946328376859426,0.9925287204582115,0.8840666666666668,9.78445169454582,9.72408153417885,9.403588112811287,8.553333493878723,0.604591393870145,152.88888888888889,18.444444444444443
三个固定 GP 表达式的均值,1375,2,7.005874491311071,1104.5635091441172,0.8913689796017478,0.5005725845785706,0.992522601755831,0.8829666666666667,9.776224439016241,9.688555367282003,9.395030102797952,9.14294416518056,0.5694866120452081,133.88888888888889,18.444444444444443
三个固定 GP 表达式的均值,1375,3,7.025464719096901,1127.025450658445,0.8915216818565787,0.5041910982768658,0.9925076455555946,0.8716555555555556,9.647171196554387,9.536623421153452,9.162229925721721,8.630956958811309,0.6747572884968123,146.22222222222223,24.11111111111111
三个固定 GP 表达式的均值,1375,4,6.979612423633812,1074.5042228338657,0.8911875037018245,0.4963193206405512,0.9925486941792744,0.8993777777777778,9.906473285913721,9.906473285913721,8.976532831300242,8.667456098849824,0.6117396275094806,236.66666666666666,14.444444444444445
三个固定 GP 表达式的均值,1375,5,6.98025597864394,1075.1993451855305,0.891222914958911,0.49649538030392903,0.9925539430826942,0.8985333333333334,9.902688613951412,9.902688613951412,9.196492390725664,8.759878526143199,0.6049866028852411,130.55555555555554,14.555555555555555
三个固定 GP 表达式的均值,1375,6,7.0125592324979955,1111.8649850418626,0.8917904569705188,0.4790382415134886,0.9924951257141282,0.8782222222222222,10.014495659559511,9.867446405187108,9.58655601406578,9.18593612278796,0.5802129916057044,150.33333333333334,24.22222222222222
三个固定 GP 表达式的均值,1375,7,6.995119444661087,1092.4373137692314,0.8913260735737286,0.4998510653970679,0.9925387523156574,0.8890999999999999,9.84376233983259,9.781501132651265,9.538539278683562,9.148787497218127,0.5888173881237608,197.0,17.444444444444443
三个固定 GP 表达式的均值,1400,0,6.994800985020825,1091.45238759127,0.891512405408769,0.46933385188076365,0.9925387856822595,0.8889111111111112,9.79923324447406,9.79923324447406,9.283120622767864,8.367895630735346,0.6089550845151385,190.88888888888889,19.22222222222222
三个固定 GP 表达式的均值,1400,1,7.73810466601078,4066.289921799732,0.5944415755028327,0.32189349959787517,0.7450200197360987,0.5893,6.846043111813317,6.846043111813317,6.421221043711748,5.995928870624166,0.4130188706088872,169.88888888888889,16.555555555555557
三个固定 GP 表达式的均值,1400,2,7.490211956954896,3074.5380364955145,0.6933896984269097,0.3818721457289489,0.8275240708007713,0.6894000000000001,7.822900437277768,7.822900437277768,7.4208114486411985,7.339234221732921,0.4597277771965235,157.22222222222223,18.22222222222222
三个固定 GP 表达式的均值,1400,3,7.497631672086486,3082.8799554584675,0.693475442119052,0.4008032980916773,0.8275120978531472,0.6847333333333334,7.773913173569566,7.773913173569566,7.219876172612168,6.921335417708719,0.5316728338220624,157.55555555555554,18.77777777777778
三个固定 GP 表达式的均值,1400,4,7.232924743657268,2072.1318805028836,0.7924192518494885,0.4481723210748283,0.9100447350559097,0.7972888888888889,8.891583245759675,8.87162978267499,8.07620215450418,7.798575913628745,0.5418507665673482,247.77777777777777,20.22222222222222
三个固定 GP 表达式的均值,1400,5,6.9821188075505205,1077.203134821442,0.8913132032135541,0.4969331759706857,0.992558310700267,0.8972888888888888,9.886843440730978,9.883922226512505,9.37950125962822,8.858914205891823,0.5880990035440017,31.333333333333332,20.333333333333332
三个固定 GP 表达式的均值,1400,6,7.496688518104175,3081.6441453676252,0.693746400827972,0.40207995331482294,0.8275044299537901,0.6854333333333334,7.827338417620137,7.930103081209577,7.4817490515858305,7.293712643243312,0.48594806755803455,154.66666666666666,24.666666666666668
三个固定 GP 表达式的均值,1400,7,7.734890756624329,4063.0042642486806,0.594303637748977,0.35023460038362897,0.7450221618552846,0.5912777777777778,6.850495541017575,6.850495541017575,6.562984682068798,6.415648842727577,0.4074024851992821,289.6666666666667,16.77777777777778
三个固定 GP 表达式的均值,1425,0,6.984654273247577,1080.0399368642022,0.8913958875898531,0.4841103769041384,0.9925517196422753,0.8951333333333332,9.869350188487058,9.852496130016462,9.325176446645594,8.397262072602187,0.6219566231917543,261.77777777777777,15.11111111111111
三个固定 GP 表达式的均值,1425,1,7.119889222550234,1255.9540620916641,0.8821517910919493,0.4073748821174112,0.985536421152248,0.5928777777777778,9.31576930006517,9.116764816520174,8.89623668335884,8.367834489366293,0.41429100774570676,138.66666666666666,26.0
三个固定 GP 表达式的均值,1425,2,7.071207740021427,1192.0405327425392,0.885171686682968,0.4477900626960614,0.9878414127371266,0.6920666666666667,9.537548540820962,9.43001891796976,9.177809707584363,8.984082651196594,0.4714616092339489,134.55555555555554,24.333333333333332
三个固定 GP 表达式的均值,1425,3,7.073058347624901,1195.8423633053142,0.8850833858570863,0.45584276797102036,0.987829891426514,0.6949000000000001,9.486446302273926,9.479522808628921,8.79439787140224,8.48597853326519,0.4710539979730915,100.88888888888889,23.22222222222222
三个固定 GP 表达式的均值,1425,4,7.021369451014104,1129.0354988960705,0.8881702253528343,0.4679024892764985,0.9901942825895053,0.7993555555555555,9.73554043494309,9.679039415014318,8.878041605533916,8.595822989254454,0.5432709144891678,136.44444444444446,15.444444444444445
三个固定 GP 表达式的均值,1425,5,6.985819594223617,1081.4138219061788,0.8913253565224569,0.4976941242429299,0.9925604375326971,0.8979333333333334,9.836797583297994,9.845441724485466,9.490956290226983,8.889195009076648,0.5919260372157205,81.77777777777777,15.88888888888889
三个固定 GP 表达式的均值,1425,6,7.06689886657386,1185.2691236138928,0.885545364031541,0.4350550707370629,0.9878416893737718,0.6916555555555556,9.69029642836618,9.624329514573041,9.167521830230818,8.919836424816662,0.4949502654690521,18.88888888888889,27.22222222222222
三个固定 GP 表达式的均值,1425,7,7.1116047921958625,1245.5217005664101,0.8820406472452141,0.396112528578483,0.9854887444786367,0.5941444444444445,9.426829417330934,9.181007173075448,8.849088626134026,8.708012991143551,0.42901941465804344,212.33333333333334,22.77777777777778
三个固定 GP 表达式的均值,1450,0,6.981699268945363,1076.7753087992487,0.8913324634908663,0.49700313405545377,0.9925556215228486,0.896988888888889,9.893559694167967,9.888174483863684,9.35699115812273,8.39096780880946,0.6144171320830232,282.6666666666667,16.555555555555557
三个固定 GP 表达式的均值,1450,1,7.027884691029285,1130.2072880990281,0.8914057971439351,0.44710241779956383,0.992502824281539,0.8688666666666668,9.643782281364476,9.522763301193905,9.054460498004211,8.522407119156762,0.582967825823046,83.44444444444444,23.666666666666668
三个固定 GP 表达式的均值,1450,2,7.011685626258511,1111.6030022701366,0.8913117122948118,0.4732274095559635,0.9925094211476646,0.8787,9.724128269046506,9.66207432104231,9.352871662929825,9.079149159806557,0.6045034980834278,157.66666666666666,20.444444444444443
三个固定 GP 表达式的均值,1450,3,7.020885723403074,1122.7328207961361,0.8913545082157405,0.5048402968462109,0.992498309907638,0.8751555555555556,9.682518665977351,9.542974984896537,8.911934732957747,8.568564227290109,0.5975260991558848,112.44444444444444,23.11111111111111
三个固定 GP 表达式的均值,1450,4,6.994887119951729,1092.1373658190278,0.8913159559081539,0.4720229887194146,0.992531271927966,0.8895111111111113,9.813667032083643,9.813667032083643,8.92925083906324,8.649676376861983,0.6098940431265689,162.11111111111111,16.333333333333332
三个固定 GP 表达式的均值,1450,5,6.978880415793816,1073.7163860669025,0.89116150928897,0.49610638357328773,0.9925614313974775,0.8984666666666666,9.906266012153994,9.906266012153994,9.56882489471624,8.858253201629191,0.6052179611551785,172.33333333333334,13.666666666666666
三个固定 GP 表达式的均值,1450,6,7.01566662716888,1116.031267292392,0.8915638021331779,0.47628083348083117,0.9924891605915074,0.8799111111111111,9.76329446882634,9.71354337293263,9.331478371174157,9.085644774816862,0.6284768624334706,5.555555555555555,26.666666666666668
三个固定 GP 表达式的均值,1450,7,7.02927092371135,1131.777601054971,0.8914554537388266,0.45106057648567155,0.9924896542721977,0.8671666666666668,9.716383651194413,9.546044868308364,8.967142207220716,8.83723713036138,0.6339725513003085,223.55555555555554,20.77777777777778
三个固定 GP 表达式的均值,1475,0,6.979808835226958,1074.7158464487234,0.8912323685253014,0.496149327807351,0.9925570165251857,0.8989777777777778,9.910378454754614,9.910378454754614,9.389672385589819,8.403820739501178,0.6178301076713678,290.0,16.88888888888889
三个固定 GP 表达式的均值,1475,1,7.004559732516231,1102.5746382200114,0.8915843577655662,0.455791227783357,0.9925284313140005,0.8830111111111112,9.771257599763977,9.732943521629604,9.095345617460586,8.49064053940635,0.6333189163102602,93.77777777777777,23.555555555555557
三个固定 GP 表达式的均值,1475,2,6.9922895865455805,1088.7173153749218,0.8914099301166982,0.47468896902615043,0.9925382315243838,0.8881000000000001,9.840769935926069,9.799944726211569,9.415182765469726,9.15877323421218,0.6346049315880812,291.1111111111111,16.555555555555557
三个固定 GP 表达式的均值,1475,3,7.010971583232106,1110.449209267583,0.891572216726354,0.45595458661357124,0.9925161836301221,0.8803777777777779,9.728073854292397,9.701571203105056,8.932332192579977,8.640203305572767,0.5864184333547371,99.33333333333333,23.333333333333332
三个固定 GP 表达式的均值,1475,4,6.994863132771247,1091.530164427696,0.8916916428792003,0.5006557312036494,0.9925431558412348,0.8889888888888888,9.818826989227425,9.774798118226208,9.284561247040452,8.702668932034078,0.6106832376353547,350.55555555555554,19.22222222222222
三个固定 GP 表达式的均值,1475,5,6.9801640718515685,1075.1040238152655,0.8912192081639841,0.49642023910716215,0.9925654536913426,0.8980000000000001,9.906246673018092,9.906246673018092,9.749628404293748,8.880856083121648,0.6021389080778593,242.55555555555554,14.88888888888889
三个固定 GP 表达式的均值,1475,6,6.996482892220994,1093.4608251180443,0.8916174430487008,0.47897161100738966,0.9925135270263963,0.8869111111111112,9.925117623621466,9.909321557659688,9.411652710341992,9.140680342375203,0.6777386906742747,15.666666666666666,25.333333333333332
三个固定 GP 表达式的均值,1475,7,7.014120357616246,1113.7040357849223,0.8916127083464774,0.44403870278795743,0.9925116054055576,0.8766444444444444,9.725962460338842,9.64299300342953,9.00456869431025,8.889093847967228,0.6362206453610916,237.77777777777777,21.666666666666668
三个固定 GP 表达式的均值,1500,0,7.2288965090323085,2067.7648163280155,0.7922527539293542,0.4412590776979777,0.9100544732122449,0.7974000000000001,8.910281657309636,8.910281657309636,8.610366576304468,7.632055017431889,0.5451878623496185,303.8888888888889,17.88888888888889
三个固定 GP 表达式的均值,1500,1,7.4883317955130515,3072.250657656334,0.6935198284173724,0.39561201116497924,0.8275276991176792,0.6916,7.8347744581116245,7.837948687609174,7.241389573902089,6.731571818417714,0.5097614385374066,172.22222222222223,21.666666666666668
三个固定 GP 表达式的均值,1500,2,6.986638272291997,1082.2149163644788,0.8914059065267129,0.49781206579692555,0.9925483197894354,0.8941888888888889,9.868242493696664,9.868242493696664,9.506593045196034,9.24788706621798,0.6411120682774947,300.1111111111111,17.666666666666668
三个固定 GP 表达式的均值,1500,3,7.244566183900013,2085.066569949488,0.7926724537978109,0.4505770055495925,0.9100256865236855,0.7863444444444444,8.830062616763794,8.79022001862041,7.983509339500121,7.790030747785153,0.4945825330761759,108.66666666666667,22.11111111111111
三个固定 GP 表达式的均值,1500,4,6.982184222986495,1077.2882082469946,0.8913097774420363,0.49699247705004557,0.9925566802979277,0.8949888888888888,9.89614852056905,9.89614852056905,9.437585468430324,8.703697464660852,0.6107475088400589,296.6666666666667,18.77777777777778
三个固定 GP 表达式的均值,1500,5,6.978338905402103,1073.1343084819912,0.8911434250602829,0.49596975816541317,0.9925656399582263,0.8999999999999999,9.910787679498718,9.910787679498718,9.754060351773257,8.87410331158663,0.6104825194206476,335.55555555555554,12.444444444444445
三个固定 GP 表达式的均值,1500,6,6.992265316529842,1088.351812223195,0.8918392736629129,0.500459790469768,0.992529511633444,0.8913333333333333,10.057984848301452,9.857708731962909,9.534518068852385,9.26661392477393,0.6509200408028231,88.55555555555556,26.88888888888889
三个固定 GP 表达式的均值,1500,7,7.2401761562452345,2080.264314910815,0.7925525719727475,0.4285527076904176,0.9100303431674767,0.788088888888889,8.877255497682883,8.842467459731461,8.032504698569888,7.989513501821161,0.5767964844800326,245.22222222222223,21.11111111111111
三个固定 GP 表达式的均值,1525,0,7.019326567255678,1125.7475949562768,0.8883656401926079,0.4723668255689547,0.9902146500169722,0.799088888888889,9.76264357761634,9.706169583661818,9.474096604008711,8.445912660097623,0.5405478174120127,204.44444444444446,17.77777777777778
三个固定 GP 表达式的均值,1525,1,7.069571951525883,1190.4308210375957,0.885333349087382,0.4295148596158561,0.9878586679802321,0.6947222222222222,9.488821075080166,9.419309284817736,8.895383350449453,8.294255431142732,0.4997401680230655,105.44444444444444,25.444444444444443
三个固定 GP 表达式的均值,1525,2,6.980474163332886,1075.4388888653416,0.8912476425974545,0.4965945305123628,0.9925551776070934,0.8983444444444445,9.898454325437676,9.898454325437676,9.492198828209123,9.26058336572467,0.6100273132760266,444.55555555555554,16.77777777777778
三个固定 GP 表达式的均值,1525,3,7.027781328913002,1136.0752003974262,0.8883316390075002,0.4720622115842391,0.9902092499793138,0.7940666666666668,9.69154670897899,9.629747279535087,8.763354170612677,8.595358816361037,0.5271709774104856,8.666666666666666,21.11111111111111
三个固定 GP 表达式的均值,1525,4,6.979045807038818,1073.8940576409223,0.8911854675500588,0.4962319484023985,0.9925589430501147,0.8996222222222223,9.907893774146359,9.907893774146359,9.446531940002552,8.699061057254148,0.6301284887289866,499.77777777777777,14.88888888888889
三个固定 GP 表达式的均值,1525,5,6.986079115130519,1081.737432984838,0.8913565294003519,0.4981425766365634,0.9925663285825254,0.8984222222222223,9.846827820199868,9.799561644349854,9.846827820199868,8.917699551469717,0.5925552147052262,619.1111111111111,14.666666666666666
三个固定 GP 表达式的均值,1525,6,6.980795791475996,1075.7831084713932,0.8913852230695506,0.49740318679219314,0.9925424585391577,0.8969111111111112,9.998807203730268,9.909629992540872,9.680519875892445,9.351843420669697,0.6011551377662787,90.44444444444444,21.11111111111111
三个固定 GP 表达式的均值,1525,7,7.035409276457048,1146.5357793426233,0.8881067086903327,0.46682954858503756,0.9901615671686584,0.7938777777777779,9.677243667834425,9.611070786580248,8.763681664192328,8.736687264739569,0.5388174283520581,225.11111111111111,23.11111111111111
三个固定 GP 表达式的均值,1550,0,6.995070861376509,1092.3864462533436,0.8913612166388383,0.4693862563727009,0.9925379314729794,0.8896000000000002,9.823718926161119,9.748573964259405,9.516660744237297,8.494693014356505,0.6135024851782849,212.33333333333334,15.777777777777779
三个固定 GP 表达式的均值,1550,1,7.010392469683023,1109.6865010320425,0.8915722563632055,0.4621231768013335,0.9925167751702391,0.8784111111111111,9.743981676698306,9.65925909889387,9.005849049335543,8.367831955540249,0.6191765285596911,115.22222222222223,22.0
三个固定 GP 表达式的均值,1550,2,6.978763982495445,1073.5911249059639,0.8911420127127229,0.4960139183512754,0.9925562092517433,0.8997555555555555,9.901863115479697,9.901863115479697,9.479666050862825,9.257871635909574,0.6064299689046183,330.77777777777777,13.222222222222221
三个固定 GP 表达式的均值,1550,3,6.995920484469258,1093.2243741466482,0.8913281470560163,0.4991685249082085,0.9925339245189567,0.8881555555555556,9.821710042977971,9.777498790778957,8.797033261797756,8.615790833752309,0.5929373255685446,28.333333333333332,20.22222222222222
三个固定 GP 表达式的均值,1550,4,6.9784703511284265,1073.2754222659435,0.8911354746064286,0.495955666316132,0.9925596544370497,0.8999333333333335,9.910527407607054,9.910527407607054,9.450204261990116,8.706906603610365,0.6284606570552436,588.1111111111111,12.333333333333334
三个固定 GP 表达式的均值,1550,5,6.978412065134041,1073.2128508563007,0.8911445860337055,0.4959798827197032,0.9925667599275046,0.8983777777777777,9.910668796749912,9.910668796749912,9.910668796749912,8.924768908271405,0.5970056925220358,578.5555555555555,13.222222222222221
三个固定 GP 表达式的均值,1550,6,6.978437328313497,1073.2404810437413,0.8912759210066729,0.4967866170154384,0.9925456750735737,0.8993888888888889,10.084420289212787,10.205965276531542,9.80190321101148,9.393570388475032,0.5995647419368981,105.11111111111111,17.333333333333332
三个固定 GP 表达式的均值,1550,7,7.009580316663417,1109.119866249876,0.8914262861492244,0.48381557296181804,0.9925196559538604,0.8822777777777778,9.770182169165965,9.682241049349882,8.983374260554724,8.856759426982286,0.5956277173863593,231.33333333333334,24.22222222222222
三个固定 GP 表达式的均值,1575,0,6.994540767224112,1091.3440839963637,0.8915011363748222,0.47257937037089753,0.992550494938501,0.8893111111111112,9.829366142623606,9.8097334231878,9.779136978828761,8.448065844248482,0.5956189730167673,208.55555555555554,20.11111111111111
三个固定 GP 表达式的均值,1575,1,6.996512920825398,1093.3658770687684,0.891535540857916,0.4925652238595797,0.9925332624648008,0.8880222222222223,9.811924339817116,9.776179767661894,9.016943560368913,8.37232993984901,0.6334995837953777,118.22222222222223,21.666666666666668
三个固定 GP 表达式的均值,1575,2,6.980156455943434,1075.0928183401822,0.8911871125880572,0.4962624785721847,0.9925631769541862,0.8979111111111112,9.903836211046215,9.903836211046215,9.651651239101675,9.371967002969182,0.570362063225625,410.22222222222223,15.88888888888889
三个固定 GP 表达式的均值,1575,3,6.993440233985244,1090.2736683916353,0.8912983652264906,0.4985727852411913,0.9925411172464655,0.8902111111111112,9.820276037500527,9.820276037500527,9.08346788686027,8.578946000410829,0.5694895901021788,100.11111111111111,19.77777777777778
三个固定 GP 表达式的均值,1575,4,6.979304007366392,1074.174119256556,0.8911829815896493,0.4962118109854619,0.9925611004608156,0.8985333333333334,9.908211081891341,9.908211081891341,9.47376490232816,8.731743555717983,0.6140926377768059,733.2222222222222,14.555555555555555
三个固定 GP 表达式的均值,1575,5,6.978328502454388,1073.1231443580882,0.891146616268737,0.49598611350862665,0.9925668925102382,0.8999999999999999,9.910802710122859,9.910802710122859,9.910802710122859,8.924743589010628,0.6048257401485643,603.5555555555555,12.333333333333334
三个固定 GP 表达式的均值,1575,6,6.978646176540852,1073.4660731584058,0.8913118881657067,0.49696841808714165,0.9925470444997239,0.8995666666666666,10.109524944630248,10.230038359509557,9.859095954957846,9.42343166266724,0.6162508371463544,339.1111111111111,20.555555555555557
三个固定 GP 表达式的均值,1575,7,6.9986289807495545,1096.3412086934075,0.8913769097202725,0.49981956592132865,0.9925293280612105,0.8880888888888889,9.821983746259697,9.754720387490321,9.200497938962432,8.916729742955829,0.5906236975088937,241.66666666666666,21.0
三个固定 GP 表达式的均值,1600,0,7.4778701580536655,3060.7325225386644,0.6932827939283339,0.38725693995938393,0.8275440648143049,0.6964777777777778,7.910463284639543,7.910463284639543,7.83180163265417,6.83155931583607,0.4669980270587158,230.11111111111111,17.333333333333332
三个固定 GP 表达式的均值,1600,1,7.235868986464224,2075.4454780081683,0.7924531422695036,0.4381310936644642,0.9100360627986519,0.7946666666666666,8.858558278664743,8.85382524201359,8.050079934013878,7.495237123268939,0.5586626607188303,129.44444444444446,20.22222222222222
三个固定 GP 表达式的均值,1600,2,6.978559520664651,1073.3712789732383,0.8911446727971971,0.4959756040508464,0.9925638514313528,0.8998666666666667,9.910056931610592,9.910056931610592,9.663658200226052,9.38248915395708,0.5775480020960876,581.3333333333334,11.444444444444445
三个固定 GP 表达式的均值,1600,3,6.988895107641511,1084.7637218793384,0.8914723308898628,0.49842788130936166,0.992552128796655,0.8914666666666667,9.858782327403526,9.858782327403526,9.276895596897909,8.554041041488059,0.575651080692425,106.88888888888889,20.77777777777778
三个固定 GP 表达式的均值,1600,4,7.231173143717454,2070.309316959444,0.7922811164040299,0.4475969465037824,0.9100549598930705,0.7980222222222223,8.899921189214014,8.891121221130534,8.652070682478287,7.88499162817298,0.5265127099970841,753.5555555555555,15.0
三个固定 GP 表达式的均值,1600,5,6.978328860318437,1073.1235283898282,0.8911380391223397,0.4959230197546376,0.9925668916308806,0.8999999999999999,9.910802699570567,9.910802699570567,9.910802699570567,8.925020140055272,0.6048784208322474,694.1111111111111,12.777777777777779
三个固定 GP 表达式的均值,1600,6,6.9783747931082125,1073.173799378089,0.891294591673451,0.4968745313320443,0.9925490092980209,0.8994222222222223,10.26474353274017,10.155827931942405,9.946417455981745,9.468343999247539,0.6285411564370215,357.44444444444446,21.555555555555557
三个固定 GP 表达式的均值,1600,7,7.492082362959366,3077.2366657421426,0.6932924182040019,0.37456205780714263,0.8275210575034341,0.6903111111111111,7.871943012038006,7.807223732533576,7.303121180646563,6.979064916776077,0.44947869986308603,252.22222222222223,16.88888888888889
三个固定 GP 表达式的均值,1625,0,7.062349191519567,1181.9999182226256,0.8851960765249246,0.430734109062749,0.9878665575413687,0.6991555555555556,9.592825419614137,9.538468829479541,9.38763508412595,8.387284984520592,0.49452167038428946,506.77777777777777,20.333333333333332
三个固定 GP 表达式的均值,1625,1,7.027531373327118,1136.0655178038496,0.8883533669038528,0.4634891765780284,0.9901967113010358,0.7960666666666667,9.675217995055181,9.675217995055181,8.85107647091886,8.304298056815265,0.5583883879502756,97.0,23.333333333333332
三个固定 GP 表达式的均值,1625,2,6.9786662532166694,1073.4860670973776,0.8911500395503733,0.4960229434543899,0.9925638270075918,0.8998444444444446,9.909935297818565,9.909935297818565,9.66362853414487,9.39766577509342,0.6032436997387808,696.0,14.444444444444445
三个固定 GP 表达式的均值,1625,3,6.987753250750149,1083.5460945293871,0.8915362945818333,0.49912634344007234,0.9925613324684824,0.8968000000000002,9.855361385156398,9.793879818674887,9.417473567081087,8.580388700412557,0.5586098701656921,317.44444444444446,19.555555555555557
三个固定 GP 表达式的均值,1625,4,7.024287200632472,1132.756163361971,0.8880527992220699,0.46766263935555785,0.9901865635876563,0.7986888888888889,9.734854437296129,9.678546938184226,9.50151745364932,8.68855649531806,0.5195633677639409,608.7777777777778,18.11111111111111
三个固定 GP 表达式的均值,1625,5,6.978328795180588,1073.123458488959,0.8911394876053096,0.4959344316791045,0.992566891073381,0.8999999999999999,9.910802692880573,9.910802692880573,9.910802692880573,8.92499226868317,0.5921666975560149,719.1111111111111,14.555555555555555
三个固定 GP 表达式的均值,1625,6,6.977897637685085,1072.6613195041832,0.8912709810272637,0.49674158721084577,0.992549142088968,0.8998777777777778,10.253293831624761,10.66452680606097,9.888216092592192,9.488013946232499,0.6215005629147708,361.3333333333333,19.88888888888889
三个固定 GP 表达式的均值,1625,7,7.0766276052905335,1199.5129770098565,0.885179301814358,0.4244274289087973,0.9878009356387777,0.6919888888888889,9.518766833876121,9.455014997959026,8.841044926436394,8.522537793981888,0.45363528266272063,270.55555555555554,21.444444444444443
三个固定 GP 表达式的均值,1650,0,7.013201031464218,1113.4763281649657,0.8914107914328702,0.462773807037248,0.9925133199411804,0.8778999999999999,9.725551009178263,9.661546430788016,9.487462883600614,8.474987596375408,0.6140279933754058,525.2222222222222,18.77777777777778
三个固定 GP 表达式的均值,1650,1,6.997737852097541,1095.695028196099,0.8913077339898263,0.47923865206113525,0.9925286046167421,0.8878333333333334,9.807151953347194,9.754993912312864,8.932547573714423,8.374382307100838,0.6139436769867337,114.33333333333333,15.11111111111111
三个固定 GP 表达式的均值,1650,2,6.978353723196565,1073.1502110063657,0.8911354348107885,0.4959242624361966,0.9925638789825562,0.8999999999999999,9.910766547790677,9.910766547790677,9.664458341002268,9.398676227977633,0.5837030080417659,732.3333333333334,11.777777777777779
三个固定 GP 表达式的均值,1650,3,6.97996611843388,1074.8858634294252,0.8912518420917274,0.49660312380841387,0.9925646507734174,0.8990444444444444,9.89511344160443,9.892695987369741,9.599403889330002,8.59343724141652,0.6025178492487916,401.22222222222223,17.555555555555557
三个固定 GP 表达式的均值,1650,4,6.993619347554911,1090.7077355662846,0.8912501773648154,0.48272231097790996,0.992535273318405,0.890788888888889,9.84189960432001,9.802749589032583,9.538173941876789,8.727786999757367,0.5896705185136264,632.0,14.222222222222221
三个固定 GP 表达式的均值,1650,5,6.978328777770765,1073.1234398060346,0.891140631511273,0.4959417286581943,0.9925668919739294,0.8999999999999999,9.910802703687155,9.910802703687155,9.910802703687155,8.92496192464344,0.5944846456909753,744.1111111111111,13.88888888888889
三个固定 GP 表达式的均值,1650,6,6.979067564580228,1073.9229376719584,0.8913349201849071,0.497059127846583,0.9925514444526429,0.8990333333333334,10.16159342672751,10.318846380181325,9.898224359301652,9.519327122126258,0.6205062670309245,376.0,21.333333333333332
三个固定 GP 表达式的均值,1650,7,7.0162906437745285,1116.6883916977151,0.8916189752396946,0.45218760281805537,0.99249452454592,0.8738222222222222,9.738137082485085,9.609624192962553,8.871682840654602,8.628806339482662,0.5724009477462858,286.55555555555554,20.88888888888889
三个固定 GP 表达式的均值,1675,0,7.0017549438805355,1099.5866034560822,0.891479515036814,0.45449703323059487,0.9925270923809661,0.8838111111111111,9.772234893850447,9.74365095543524,9.507692828795033,8.491347907576174,0.6177579815179741,529.6666666666666,18.22222222222222
三个固定 GP 表达式的均值,1675,1,6.996602840967258,1093.5561600534154,0.8915934091941398,0.48287156933945735,0.9925407004761786,0.8904222222222222,9.812831833545111,9.784012711909709,9.081779196196724,8.421263009474163,0.5938346426717911,120.66666666666667,19.333333333333332
三个固定 GP 表达式的均值,1675,2,6.97878582981327,1073.6144190758337,0.8911747819546849,0.4961462128832354,0.9925666938640791,0.8973555555555556,9.910041392971783,9.910041392971783,9.910041392971783,9.419908280391978,0.5801697273398321,733.3333333333334,12.444444444444445
三个固定 GP 表达式的均值,1675,3,6.978360352491219,1073.1573253203408,0.8911615635198259,0.4960784446441627,0.9925656703718604,0.8998,9.910751036230486,9.910751036230486,9.615190586882706,8.599780328520644,0.6269733220287378,423.44444444444446,13.555555555555555
三个固定 GP 表达式的均值,1675,4,6.994701441311868,1091.6072944702346,0.8914581887700349,0.49938752087885696,0.9925457789677247,0.8908111111111112,9.82613990868593,9.78512719953963,9.693051899528287,8.84160304385115,0.613044168263037,864.2222222222222,15.222222222222221
三个固定 GP 表达式的均值,1675,5,6.978328912234426,1073.123584101984,0.8911367149516861,0.4959146512830989,0.9925668931760482,0.8999999999999999,9.910802718112576,9.910802718112576,9.910802718112576,8.92494290312903,0.604329211622421,769.1111111111111,11.777777777777779
三个固定 GP 表达式的均值,1675,6,6.9781573183864385,1072.9400281015494,0.8912954571329218,0.49684034134214705,0.9925533374087147,0.8993333333333333,10.197725222577299,10.282538496854134,10.0563365592237,9.554245276638575,0.6413467139575536,386.44444444444446,20.0
三个固定 GP 表达式的均值,1675,7,7.0084576337729025,1107.5814022796326,0.8916115818144699,0.4650161813474479,0.9925056810787662,0.8801444444444445,9.831048092343002,9.681207129193044,8.963212261236722,8.680120924555665,0.5954789902341768,291.55555555555554,20.88888888888889
三个固定 GP 表达式的均值,1700,0,6.990328411155998,1086.383788499657,0.8914495523596185,0.47660045593513956,0.9925410279248238,0.8907444444444444,9.823402355411027,9.823402355411027,9.53920033179093,8.541580231393574,0.5982900857288608,544.7777777777778,18.11111111111111
三个固定 GP 表达式的均值,1700,1,7.232799431700024,2072.0419264877182,0.7923234897809621,0.4477884489973345,0.9100431883749357,0.7931555555555555,8.887500555143044,8.887500555143044,8.291359911096293,7.563241600331186,0.5385407556735307,119.44444444444444,18.444444444444443
三个固定 GP 表达式的均值,1700,2,7.47433028874484,3056.8726430872634,0.6931312484872921,0.3969797016358618,0.8275520310861254,0.7000000000000001,7.930624373033506,7.930624373033506,7.930624373033506,7.616732247084416,0.4622480136390996,754.7777777777778,12.11111111111111
三个固定 GP 表达式的均值,1700,3,6.978718832360327,1073.542514797882,0.8911845930068468,0.4962007414349788,0.9925658219163643,0.8998222222222222,9.908480499510917,9.908480499510917,9.630363163011998,8.60398143623341,0.6184874108977859,512.3333333333334,14.555555555555555
三个固定 GP 表达式的均值,1700,4,7.232453895524624,2071.7383365729106,0.7922785477733659,0.4475896198835547,0.9100484510645764,0.7948888888888889,8.890009793515018,8.890009793515018,8.779847441901314,8.020699945124798,0.5322398277544163,740.8888888888889,14.444444444444445
三个固定 GP 表达式的均值,1700,5,8.466336174906141,7024.374123299338,0.2970531891984518,0.1986863919117588,0.49752229929115227,0.30000000000000004,3.9702675914938266,3.9702675914938266,3.9702675914938266,3.6511147787385116,0.21004149154796375,794.1111111111111,15.444444444444445
三个固定 GP 表达式的均值,1700,6,7.22562690586871,2064.2443605321473,0.7922163900387745,0.4469309650690584,0.9100468841063019,0.7999555555555555,9.231798462552437,9.265873526356495,9.097326017212724,8.59298072628896,0.5710119331541675,404.77777777777777,19.555555555555557
三个固定 GP 表达式的均值,1700,7,7.246687087163366,2087.862183308626,0.7925893230493583,0.4172327057326081,0.9100078402149249,0.7857333333333333,8.813764417805778,8.813764417805778,7.986925190037697,7.8175757518257365,0.55480073247313,304.44444444444446,18.666666666666668
三个固定 GP 表达式的均值,1725,0,6.985715220231771,1081.1884972232992,0.8914093677380167,0.4977846537120254,0.9925485593710026,0.8942777777777778,9.887777147438298,9.827869627431458,9.531063698932863,8.538082821534736,0.6105129953985565,556.8888888888889,18.88888888888889
三个固定 GP 表达式的均值,1725,1,7.020847769668595,1128.2756107256134,0.8880676809034844,0.46852219047328014,0.9902054291956293,0.7992888888888889,9.754171345953075,9.659789259545953,9.082283005260003,8.307788639385006,0.5509401255074544,32.888888888888886,17.333333333333332
三个固定 GP 表达式的均值,1725,2,7.060887419160716,1180.4263510052676,0.8850267656303523,0.4505341959694122,0.9878562562863089,0.7000000000000001,9.60161457506726,9.47777749960326,9.525047821976232,9.214395414116565,0.47768857700406336,506.44444444444446,18.22222222222222
三个固定 GP 表达式的均值,1725,3,6.978336682899188,1073.1319231644798,0.8911643198090226,0.49609316635785394,0.9925658582068413,0.8999333333333335,9.910788720682582,9.910788720682582,9.632926249608406,8.606260792403361,0.6263452340054834,534.1111111111111,14.777777777777779
三个固定 GP 表达式的均值,1725,4,7.021454475794388,1128.5049745360507,0.8883265519555454,0.4724554295802774,0.9901989679338699,0.7981333333333334,9.733905875839046,9.66244803787398,9.58837428099072,8.829812520396915,0.522463058783114,598.3333333333334,17.0
三个固定 GP 表达式的均值,1725,5,7.228820816881158,1399.4454577479883,0.8727782906751185,0.4846004582843957,0.9784399370474723,0.30000000000000004,8.884359944051143,8.564585151695205,8.737271853880534,8.367040554431417,0.21424787190298822,345.8888888888889,26.333333333333332
三个固定 GP 表达式的均值,1725,6,7.0229790111409365,1130.5943181753005,0.888340110297034,0.46511727111461465,0.9901937045714789,0.7990444444444444,10.049682305763236,9.823335021024217,10.004273390578025,9.429488690927405,0.5607649693977089,306.77777777777777,23.333333333333332
三个固定 GP 表达式的均值,1725,7,7.035233958933572,1144.9237458198777,0.8883587023570703,0.48454182656368594,0.9901792605497105,0.7869111111111111,9.691478248401644,9.587082865077964,9.148169853221658,8.786622604218458,0.554627492921717,180.0,21.444444444444443
三个固定 GP 表达式的均值,1750,0,6.9819717658122125,1077.0557668327124,0.8913531115504294,0.49716724011647134,0.9925579907516404,0.897811111111111,9.882965071139846,9.882965071139846,9.51008945298667,8.57297338255824,0.6303141574575073,576.7777777777778,20.11111111111111
三个固定 GP 表达式的均值,1750,1,7.000082951306894,1098.0776308356299,0.8913751086313089,0.47196348389188153,0.9925331362729044,0.8879888888888889,9.799000635091708,9.714367677998888,9.266135213694913,8.431007109690299,0.6112488950488897,122.55555555555556,19.77777777777778
三个固定 GP 表达式的均值,1750,2,7.012611653501459,1112.904793982118,0.8912937705429196,0.48749971272785914,0.9925154901664998,0.8803333333333333,9.70362444595573,9.6467199771842,9.640833388555917,9.31354845899808,0.610362391727386,591.0,17.11111111111111
三个固定 GP 表达式的均值,1750,3,6.979527548372226,1074.4168129382008,0.8912015262265179,0.49635323403932674,0.9925664299243994,0.8987333333333333,9.908033390646823,9.908033390646823,9.751412087284983,8.685014209131417,0.6048673756206164,555.2222222222222,14.777777777777779
三个固定 GP 表达式的均值,1750,4,6.998735529431914,1096.963897609086,0.8912869349204203,0.4707894046264658,0.9925336261583744,0.8878,9.786605289923575,9.739583817263924,9.630944064637132,8.860631077453847,0.6122027722982586,849.5555555555555,16.77777777777778
三个固定 GP 表达式的均值,1750,5,7.0807730010193,1192.108479657254,0.8915528891054838,0.4295553443201776,0.9924153704753311,0.8364444444444445,9.352293157836536,9.060483013228112,9.008953815977463,8.594385410202321,0.5864766577847154,354.55555555555554,25.77777777777778
三个固定 GP 表达式的均值,1750,6,6.996687179199193,1094.6983760327182,0.8912525906289029,0.5000051766906274,0.9925245393713998,0.8896222222222223,10.262415554099412,10.031738573275005,10.077112850548104,9.45351676819804,0.6339029589806414,328.0,22.555555555555557
三个固定 GP 表达式的均值,1750,7,7.002518142778649,1101.3202176236384,0.8912276944784718,0.4701721477548991,0.9925147222453096,0.8853666666666666,9.792756079681446,9.756417683759203,9.183055577325831,8.816993103301389,0.6136977049932391,259.6666666666667,20.11111111111111
三个固定 GP 表达式的均值,1775,0,6.981553069961091,1076.6076733093344,0.8912954457587688,0.4968373221656791,0.9925631638377149,0.8979000000000001,9.895480770460836,9.895480770460836,9.546117092794049,8.603240744412144,0.611088439037407,583.2222222222222,19.0
三个固定 GP 表达式的均值,1775,1,6.993995101411608,1090.9765673876757,0.8913176867969111,0.4884730924510126,0.9925446464506498,0.8884777777777778,9.823514005748711,9.796147459526752,9.609075374081893,8.581231975518433,0.5794703245495799,278.6666666666667,17.22222222222222
三个固定 GP 表达式的均值,1775,2,7.000667608233668,1098.3425823041903,0.8915151409137194,0.5007731958674272,0.9925303946894193,0.8848777777777779,9.790285307281303,9.750440329198296,9.65747455377618,9.36021863919426,0.6131336888953354,609.8888888888889,17.0
三个固定 GP 表达式的均值,1775,3,6.979480740026935,1074.3638017859641,0.8912237834813417,0.4964343642537604,0.9925666713172677,0.8982222222222221,9.900245003671309,9.905352844736534,9.900245003671309,8.745889948575458,0.5797908559375435,557.1111111111111,16.11111111111111
三个固定 GP 表达式的均值,1775,4,6.992569069191753,1089.2962708782984,0.8914225180026139,0.4995621353219003,0.9925438932400683,0.8911,9.829290297230123,9.800071136504329,9.657151627172404,8.876965162221357,0.6088583896997392,868.1111111111111,16.555555555555557
三个固定 GP 表达式的均值,1775,5,7.0510266326289175,1156.6059295067582,0.8917628272219223,0.4867839721987972,0.9924555881730297,0.8544555555555555,9.509502189823007,9.239644671622393,9.099162824155943,8.651308538693858,0.6226528936595942,364.0,25.22222222222222
三个固定 GP 表达式的均值,1775,6,6.993312631824604,1090.4662977540784,0.8913172303266824,0.4992507461454932,0.9925305630188797,0.8910333333333332,10.32253500544951,9.992524814214704,10.140077404649327,9.4743774478732,0.6262330285038765,349.3333333333333,20.444444444444443
三个固定 GP 表达式的均值,1775,7,6.99933612211456,1097.3258639499877,0.8913186050656575,0.4760903500155141,0.9925239201296496,0.8884111111111112,9.798778448531145,9.737507681142525,9.219154720554684,8.825708994321701,0.5946588876611487,420.0,19.444444444444443
三个固定 GP 表达式的均值,1800,0,7.227237059213255,2065.9747888989655,0.792173386296714,0.4466703858482534,0.9100570778934942,0.7995333333333333,8.916731995500536,8.916731995500536,8.560076930731316,7.764177556086951,0.5498484292837892,605.3333333333334,15.444444444444445
三个固定 GP 表达式的均值,1800,1,6.990066729598788,1086.2928924663559,0.8913920760998665,0.483013040008921,0.9925500051882119,0.8934333333333334,9.848307258827692,9.810547628016492,9.634499741006358,8.628324335928081,0.616414416842328,298.22222222222223,16.444444444444443
三个固定 GP 表达式的均值,1800,2,7.732564546054094,4060.0066472164744,0.594430908261489,0.34979106042286756,0.7450304167420092,0.5923555555555555,6.890133562983424,6.869567868959099,6.7414622901924695,6.511681593569261,0.43592503029798085,630.4444444444445,16.11111111111111
三个固定 GP 表达式的均值,1800,3,7.474386978380829,3056.9334945020787,0.693148200409117,0.39708128789161473,0.8275520082382929,0.6997555555555556,7.9305155152535995,7.9305155152535995,7.9305155152535995,6.938185776391226,0.4813549123495133,581.1111111111111,12.88888888888889
三个固定 GP 表达式的均值,1800,4,7.977633473261564,5048.668473551974,0.495366047063374,0.2998497146692974,0.6625241091172323,0.4944777777777778,5.905973372511054,5.881832998483792,5.699765079799456,5.4167837380385615,0.38154386732037726,887.2222222222222,17.22222222222222
三个固定 GP 表达式的均值,1800,5,7.768290811851167,4100.412657024031,0.5949491734479584,0.35699235712049304,0.7449619224314089,0.5689444444444445,6.706877073073618,6.547715000191442,6.151644778588703,6.026786592069107,0.40443745941699416,375.3333333333333,24.88888888888889
三个固定 GP 表达式的均值,1800,6,7.7333458895319,4060.936958844103,0.5945201037711827,0.3504313667780086,0.745024364935833,0.592288888888889,7.183878558441742,7.227337514803297,7.1113855029777255,6.7220020146821975,0.3907860172250089,357.55555555555554,22.0
三个固定 GP 表达式的均值,1800,7,6.991824104685817,1088.460103464838,0.8913198895396879,0.47713589919465477,0.9925303325044881,0.8918777777777779,9.927287865785011,9.909001305234332,9.210675855073939,8.844010736990912,0.6000592593987608,438.8888888888889,18.333333333333332
三个固定 GP 表达式的均值,1825,0,7.018865600721315,1124.643281668278,0.8883155291979554,0.47917032551345096,0.9902455272184787,0.7990444444444446,9.763091703550812,9.695027576013795,9.521281286866955,8.592647780970125,0.5464952536422478,521.0,17.11111111111111
三个固定 GP 表达式的均值,1825,1,6.983985177967176,1079.3228534515465,0.891281561845665,0.48845251344602236,0.9925555058044357,0.8956,9.861699376537144,9.861699376537144,9.649269156586316,8.6280987170032,0.598141463768221,494.0,16.88888888888889
三个固定 GP 表达式的均值,1825,2,7.110493485018116,1245.344700132185,0.8819523343415554,0.40868000457836917,0.9854252119440099,0.5969777777777777,9.372480282256213,9.21319038637502,9.249527115948746,8.933903649953638,0.4219474086609669,331.1111111111111,21.22222222222222
三个固定 GP 表达式的均值,1825,3,7.06070138118449,1180.1311129548085,0.8853023469814552,0.4435825868047327,0.9878509351848529,0.7000000000000001,9.595382481936348,9.454738192059555,9.499578414085166,8.502541869461664,0.4897489040302552,660.2222222222222,17.555555555555557
三个固定 GP 表达式的均值,1825,4,7.14775469316743,1293.6645032481586,0.8788439041261183,0.38616445228218066,0.9831380767574464,0.4978777777777778,9.23965535589721,9.046022891867517,8.884044577993045,8.54372425637438,0.376737786279313,367.3333333333333,22.666666666666668
三个固定 GP 表达式的均值,1825,5,7.135745518874106,1273.0318565303571,0.8825753075079579,0.4457573248548671,0.9854450131243367,0.5796444444444444,9.169621741543876,8.997176636661568,8.529968224580562,8.350323658399995,0.3873818257625484,0.8888888888888888,30.666666666666668
三个固定 GP 表达式的均值,1825,6,7.102006565948425,1233.0428507667837,0.8823296953507196,0.4089709866916137,0.9854434278869911,0.5975444444444444,9.866400085440722,9.585573903798302,9.53589079283166,9.127982491905925,0.40115501141148563,52.111111111111114,25.0
三个固定 GP 表达式的均值,1825,7,6.986269437465759,1081.9492533388138,0.8913619244422915,0.49791602172463,0.9925351505081328,0.8935222222222223,9.852756379108364,9.976464688035719,9.232840001374935,8.867928950833864,0.6136737369039368,451.3333333333333,17.77777777777778
三个固定 GP 表达式的均值,1850,0,6.993998051695666,1091.1022977480422,0.8912751485577736,0.47031912793010594,0.9925487145613743,0.8903111111111112,9.823241901140566,9.786114872359295,9.614537794518627,8.66490085540692,0.6158924456983537,537.0,16.22222222222222
三个固定 GP 表达式的均值,1850,1,6.981527950046586,1076.6063374794505,0.8912702709020053,0.49025863253575225,0.992560029849055,0.8981777777777779,9.89274160328244,9.8892530175172,9.648239720678962,8.627267120483484,0.6109760846322367,514.2222222222222,15.555555555555555
三个固定 GP 表达式的均值,1850,2,7.035307843409715,1139.860831618873,0.8913017429588782,0.48121487879887437,0.9924721497865785,0.865488888888889,9.597612444770565,9.49496324965774,9.452846164658588,9.1287843882751,0.6040948146928771,345.8888888888889,18.22222222222222
三个固定 GP 表达式的均值,1850,3,7.012764013282015,1113.1329053121765,0.8914914380269008,0.4735167191807059,0.9925138521382072,0.8781333333333334,9.724468698962848,9.664292820084746,9.557169657784067,8.55755145809434,0.6048605832111075,680.4444444444445,18.0
三个固定 GP 表达式的均值,1850,4,7.030360277229651,1132.6906231656872,0.891712160049209,0.47829736817678203,0.9924857308215316,0.8640444444444444,9.630112904096183,9.483325186089305,9.097226526084153,8.73354296584504,0.6301061796013191,385.6666666666667,22.77777777777778
三个固定 GP 表达式的均值,1850,5,7.042287149038662,1147.1491043230462,0.891591270514875,0.5089025120665798,0.9924565232990652,0.8589444444444445,9.555394392750234,9.411748386680454,8.676342271966382,8.48920420163845,0.57125520481264,6.777777777777778,27.333333333333332
三个固定 GP 表达式的均值,1850,6,7.025638035108453,1127.6498055375914,0.8917680499108628,0.4202632241885324,0.9924786140902522,0.8700444444444445,10.113797782678242,9.574912223031069,9.723268422749197,9.285212114484299,0.6083276255139701,65.33333333333333,24.88888888888889
三个固定 GP 表达式的均值,1850,7,6.981360784706802,1076.3982638261525,0.8913209581170128,0.49712177726619955,0.9925473346117756,0.8959,10.022570024593822,9.960756371093842,9.396823814967052,8.999537148777474,0.5760902399761728,462.3333333333333,20.444444444444443
三个固定 GP 表达式的均值,1875,0,6.988337257589379,1084.2453853488498,0.891352214180019,0.48052132154371446,0.9925576105562999,0.8922111111111111,9.863536854420097,9.829054767976073,9.783744469467212,8.567542401588732,0.6256273483687251,550.5555555555555,16.0
三个固定 GP 表达式的均值,1875,1,6.9789607245607055,1073.8031905899356,0.8911745664048225,0.49617466151224865,0.9925621735640154,0.8993333333333334,9.906852781071791,9.906852781071791,9.668531604238064,8.647417915456732,0.6084419134439797,534.7777777777778,14.777777777777779
三个固定 GP 表达式的均值,1875,2,7.0225980834478525,1123.8622593318619,0.8916818288820431,0.48487584809650497,0.9924982877396756,0.8726444444444446,9.671344306829987,9.561017213215761,9.503117909110907,9.154434865248327,0.5872571328996377,356.77777777777777,19.666666666666668
三个固定 GP 表达式的均值,1875,3,7.003466991181216,1101.7118259533559,0.8916168488001007,0.4761425268359949,0.9925269437434096,0.8844444444444446,9.775819789413845,9.683000935725342,9.56789171576908,8.55732463180085,0.631282951715471,701.6666666666666,18.333333333333332
三个固定 GP 表达式的均值,1875,4,7.0068470242989305,1105.0123455220566,0.8917670247254255,0.5020586615448316,0.9925232889815481,0.8788,9.732571325785543,9.689293615498649,9.163274245170342,8.793402426164429,0.6497709269486287,384.0,23.666666666666668
三个固定 GP 表达式的均值,1875,5,7.022312546465804,1123.4317157348908,0.8915292940216157,0.5041574104099075,0.9924851844075501,0.8709222222222223,9.662261405508133,9.567809172365815,8.754438813217924,8.546743629387858,0.5774630815026582,1.3333333333333333,23.22222222222222
三个固定 GP 表达式的均值,1875,6,7.0183502798119255,1118.8389460580534,0.891835217707775,0.4544258198851279,0.9924948334453515,0.8762666666666666,10.083766627165444,10.009148782377927,9.868030732262664,9.382123590176075,0.6339364400551205,237.66666666666666,26.22222222222222
三个固定 GP 表达式的均值,1875,7,6.981358246296818,1076.4005885205374,0.8913735808294196,0.4974296316350887,0.9925496476633986,0.8986000000000001,9.95079981774854,9.95079981774854,9.402450050651625,9.005088897168282,0.6206629568451225,474.77777777777777,16.77777777777778
三个固定 GP 表达式的均值,1900,0,7.972098153598608,5042.529887248338,0.49517077779768726,0.29407065494071183,0.6625341395121936,0.4978111111111111,5.941458906236615,5.941458906236615,5.8267409156403875,5.250658751414196,0.3758597283937097,707.7777777777778,16.333333333333332
三个固定 GP 表达式的均值,1900,1,6.978947735107283,1073.7894975760698,0.8911811826108799,0.496213792796025,0.9925629731878042,0.8996000000000001,9.908992180173302,9.908992180173302,9.689057685648542,8.674113299135204,0.6138428138979253,557.7777777777778,16.333333333333332
三个固定 GP 表达式的均值,1900,2,7.250668241952043,2092.164761468097,0.7926507937489176,0.45152285716466195,0.9100202451373236,0.7827222222222222,8.779077285221616,8.779077285221616,8.587319728437317,8.284554852172498,0.5486996994298877,369.77777777777777,17.0
三个固定 GP 表达式的均值,1900,3,7.985089394464465,5056.997042655576,0.49552007221227484,0.3015275994283318,0.6625091096207829,0.4887555555555556,5.8639131425002855,5.8639131425002855,5.618175558647715,5.222082291963119,0.39449254302513986,718.2222222222222,17.666666666666668
三个固定 GP 表达式的均值,1900,4,7.239137589781202,2079.057302833071,0.7924731862906226,0.4489503666005026,0.9100351085246311,0.789911111111111,8.849561397915863,8.849561397915863,8.213341251410336,7.9261938681682755,0.5647880669710851,395.8888888888889,18.444444444444443
三个固定 GP 表达式的均值,1900,5,7.000282472814409,1097.5830225274583,0.891644708606706,0.5006473612541903,0.9925123020185393,0.8847333333333334,9.746712220210593,9.746712220210593,8.789998023574519,8.581531104688226,0.6170331244112114,10.88888888888889,22.22222222222222
三个固定 GP 表达式的均值,1900,6,6.999449973823198,1096.5828213802479,0.8918678398890594,0.48535689352185835,0.9925173778740045,0.8847999999999999,10.22576413103205,9.95355703166877,9.966249769733214,9.417839264520332,0.6522569684486768,246.77777777777777,23.77777777777778
三个固定 GP 表达式的均值,1900,7,7.475193736298187,3057.802709568223,0.6932043764911704,0.39750672655008473,0.827538919225058,0.6988777777777777,7.928987184188036,7.999855103583761,7.4297401169462916,7.1675853543182075,0.49975795183746097,495.0,16.333333333333332
三个固定 GP 表达式的均值,1925,0,7.146904784623519,1292.644018030595,0.8788774801020138,0.37991062572380385,0.9831571895422913,0.49953333333333333,9.229686694131074,9.084533538752973,8.990105306979652,8.356858877777299,0.35217345723685917,304.3333333333333,23.333333333333332
三个固定 GP 表达式的均值,1925,1,6.9792831822243375,1074.1509563198865,0.8911722804941413,0.496156819612371,0.9925634863702828,0.8989333333333334,9.908772195890432,9.908772195890432,9.772059488484677,8.675123431558472,0.6268713582036654,491.0,14.666666666666666
三个固定 GP 表达式的均值,1925,2,7.033512789388666,1142.9729060626087,0.8883200525488866,0.4728217932822061,0.9901670663950244,0.7914777777777778,9.655462311849446,9.565150049996486,9.41703527493256,9.094762802179531,0.5392212383129729,209.0,20.444444444444443
三个固定 GP 表达式的均值,1925,3,7.1505275549248815,1296.8520499616147,0.8788666538644965,0.37907146457150204,0.9831905964857413,0.49496666666666667,9.230338901268633,9.018750040414334,8.73333583488769,8.276702644297426,0.39520531728978564,252.88888888888889,27.666666666666668
三个固定 GP 表达式的均值,1925,4,7.025373964020225,1133.8842552870626,0.8880283098622036,0.46690150652934054,0.990169402795193,0.7976444444444444,9.66963024290702,9.644701943405684,9.025190707603675,8.702204882879615,0.5348107308547961,473.77777777777777,16.666666666666668
三个固定 GP 表达式的均值,1925,5,6.985899463910647,1081.3096128613813,0.891416979982561,0.4977302698890527,0.9925341662736299,0.8931555555555557,9.873954088229162,9.873954088229162,8.82168754689959,8.604657511990627,0.6090683430380642,0.0,22.77777777777778
三个固定 GP 表达式的均值,1925,6,6.98573005315164,1081.175203584019,0.8916263734066082,0.4989071311737947,0.9925380745849574,0.8942555555555557,10.350221954244839,10.167684851615507,10.019915268450363,9.45016748948853,0.6516339656466568,260.1111111111111,24.11111111111111
三个固定 GP 表达式的均值,1925,7,7.063438308876636,1183.637006216751,0.8850035400019526,0.44779871883355227,0.9878527873589067,0.6992666666666667,9.599619227719073,9.45508050203933,9.010874063065723,8.752973779936532,0.4906344066645904,362.22222222222223,21.444444444444443
三个固定 GP 表达式的均值,1950,0,7.054767587769011,1162.5745939532478,0.8912592830810344,0.41772225162566845,0.9924638206746449,0.8570888888888889,9.499937720574799,9.27682728106705,9.226703519088046,8.524292425418999,0.5994214557280608,317.22222222222223,22.88888888888889
三个固定 GP 表达式的均值,1950,1,6.978507414889218,1073.3152947081444,0.8911645242501467,0.4961082858743008,0.9925635806676729,0.8999333333333335,9.910290689388724,9.910290689388724,9.780016831362744,8.679633573328859,0.6139395185568413,512.8888888888889,14.555555555555555
三个固定 GP 表达式的均值,1950,2,7.003025000685538,1101.731385251077,0.8912853964758986,0.4701302220195412,0.99252486052074,0.8848777777777779,9.773797114323528,9.739269263201967,9.529819382827476,9.20801280295247,0.6018915531480339,227.44444444444446,17.333333333333332
三个固定 GP 表达式的均值,1950,3,7.053932959538961,1161.0331850961918,0.8912936123206227,0.44161787127729774,0.9924686078232673,0.8576888888888888,9.507608785422654,9.318152205617588,8.927968530975768,8.506531845129135,0.6420724216610272,263.1111111111111,25.88888888888889
三个固定 GP 表达式的均值,1950,4,7.001573874637726,1100.4712626512512,0.8910820185056719,0.47352322207305964,0.9925236607952049,0.8867777777777778,9.774038803270928,9.707806123485557,9.133377772187698,8.722317848896273,0.6097357396655718,301.3333333333333,16.11111111111111
三个固定 GP 表达式的均值,1950,5,6.982029933834525,1077.1155366943376,0.8913231007007713,0.4971290932927134,0.9925439193891046,0.8978888888888888,9.89124638780713,9.89124638780713,8.890935351671532,8.651884537431739,0.6027778360763674,21.11111111111111,19.666666666666668
三个固定 GP 表达式的均值,1950,6,6.98091448583796,1075.915515202359,0.8914345355319208,0.49762248419178096,0.9925484228653821,0.8977777777777778,10.433974621201822,10.070428902800662,10.127904329175855,9.525510453798914,0.6243770106234953,280.8888888888889,22.11111111111111
三个固定 GP 表达式的均值,1950,7,7.01373949772688,1114.301987895846,0.8911641595564475,0.46374138968644285,0.9925048317089215,0.8785333333333334,9.746154752104564,9.704936624902972,9.085978167185184,8.830804089207128,0.6220188300841825,380.22222222222223,19.444444444444443
三个固定 GP 表达式的均值,1975,0,7.038366711488589,1142.1599047638729,0.8916456190852343,0.4440388142902465,0.9924885103276614,0.8642777777777778,9.579251563070333,9.38850290806112,9.273381752240002,8.548582379486001,0.5880557438650258,330.0,22.555555555555557
三个固定 GP 表达式的均值,1975,1,6.978355428147172,1073.152042509168,0.8911476716125358,0.49601189192401446,0.9925635930219445,0.8999999999999999,9.910763116263334,9.910763116263334,9.780629240691738,8.680318280886276,0.6081666286218392,531.4444444444445,14.555555555555555
三个固定 GP 表达式的均值,1975,2,6.993184610442471,1090.0101166512368,0.8913012839500642,0.49859726023219825,0.9925375951817974,0.8909666666666666,9.822337259495143,9.801212979342449,9.602270678436957,9.233104211574593,0.586287652068789,424.3333333333333,15.333333333333334
三个固定 GP 表达式的均值,1975,3,7.02861135374851,1130.2309496006515,0.8917359264173425,0.4926223897568305,0.9924983015185972,0.8697555555555556,9.648453792771916,9.500866089486793,8.954533308721782,8.579648940651586,0.6543886352837521,276.0,24.0
三个固定 GP 表达式的均值,1975,4,6.995290639900714,1092.592705235038,0.8912563649441206,0.4988840135977445,0.9925331493570675,0.8901999999999999,9.815580519133096,9.787731404311831,9.182139871052444,8.752437863633332,0.6073115985864228,303.8888888888889,17.11111111111111
三个固定 GP 表达式的均值,1975,5,6.981245422261647,1076.2644907778886,0.8912741841087163,0.49676876477117915,0.9925490562688447,0.8975777777777778,9.888920104201336,9.888920104201336,8.924289724390096,8.677278342117182,0.6203895302365023,12.0,20.444444444444443
三个固定 GP 表达式的均值,1975,6,6.978448009667093,1073.2527983797108,0.8913032355564012,0.4968848487478464,0.9925510171583919,0.8995000000000002,10.399273810682919,10.631295848962804,10.198803132102274,9.557159805701144,0.6223955876556903,290.22222222222223,20.88888888888889
三个固定 GP 表达式的均值,1975,7,7.0046299671616445,1102.856733118157,0.8916724367302401,0.46434692085866414,0.9925253221371343,0.8844666666666667,9.77737920451103,9.662013675209813,9.191665905140592,8.938818473427672,0.6240837345418403,461.22222222222223,21.22222222222222
三个固定 GP 表达式的均值,2000,0,7.01708424950329,1116.6474862777363,0.8917396058025341,0.44354491766840126,0.9925110978423448,0.8741888888888889,9.647627409033518,9.647627409033518,9.306591410274164,8.55697003336575,0.6064202491164336,340.22222222222223,21.22222222222222
三个固定 GP 表达式的均值,2000,1,7.728746782279795,4055.8346927371313,0.594311174829379,0.34917333586762594,0.7450432009098713,0.5986888888888889,6.887366094748164,6.864969230607962,6.887366094748164,6.182722799439157,0.40291201975516716,752.8888888888889,15.333333333333334
三个固定 GP 表达式的均值,2000,2,7.730816769359827,4058.1279827935195,0.594259859335234,0.34871998845769014,0.7450299570990686,0.5945222222222222,6.88928941631402,6.88928941631402,6.674149537186735,6.46359739150466,0.40084097765065707,437.8888888888889,16.555555555555557
三个固定 GP 表达式的均值,2000,3,6.997758370443832,1094.5074229078664,0.8917028449639626,0.5002281967520665,0.9925281845274918,0.8852222222222222,9.808317426623693,9.808317426623693,8.927393561337503,8.583861433437553,0.6719179504929308,279.22222222222223,23.88888888888889
三个固定 GP 表达式的均值,2000,4,7.490323672542644,3074.5790805903935,0.6935628876565113,0.4007722781219419,0.8275327752731826,0.6916444444444445,7.827997921867444,7.765376012570538,7.309101363946311,6.9602385941667615,0.4669222693733864,709.1111111111111,17.666666666666668
三个固定 GP 表达式的均值,2000,5,6.98412184988612,1079.393560036899,0.8914143974198024,0.4976761848774405,0.9925567963802551,0.8971111111111111,9.883951861890555,9.869713832993142,9.099209987840117,8.79997895433511,0.6018340375964786,18.555555555555557,18.11111111111111
三个固定 GP 表达式的均值,2000,6,7.475293901177005,3057.9089550283275,0.6932518518954542,0.3976475314700655,0.8275406511963448,0.6990888888888889,8.433219274041544,7.951392596939881,8.299932528253617,7.661681681855047,0.47596772493427725,253.66666666666666,21.333333333333332
三个固定 GP 表达式的均值,2000,7,7.735069061012982,4062.9708427346177,0.5943982981283177,0.3502063093867007,0.7450108805184584,0.5911000000000001,6.836345761692966,6.830080541641454,6.2162425969599155,6.212512467412684,0.44148593279501824,397.55555555555554,22.11111111111111
三个固定 GP 表达式的均值,2025,0,6.996510312723272,1093.147174160172,0.89173789006183,0.48685195283837424,0.9925319892433486,0.8859555555555555,9.821315798649458,9.746272576308199,9.256527897403005,8.545015695982647,0.6208349599490912,189.33333333333334,22.333333333333332
三个固定 GP 表达式的均值,2025,1,7.109630607625807,1245.8255716728454,0.8816336952120035,0.41646312577403166,0.9855222599139959,0.5984777777777778,9.351589481543026,9.258763805947531,9.230387883767976,8.476679934166846,0.3982788390911126,312.8888888888889,18.88888888888889
三个固定 GP 表达式的均值,2025,2,7.108342307246383,1243.1328205842074,0.8815877921600793,0.40480821529868394,0.9854705654509868,0.5986444444444445,9.364089983383337,9.292937197064836,9.02913801024399,8.83154770517238,0.4056065387427335,207.44444444444446,21.444444444444443
三个固定 GP 表达式的均值,2025,3,6.984054978004499,1079.3105339879194,0.8913428588682812,0.4972464716157976,0.9925427455755469,0.8948666666666666,9.87732091072493,9.87732091072493,8.929339966205017,8.60511959475897,0.6371589081016561,286.0,20.77777777777778
三个固定 GP 表达式的均值,2025,4,7.062483446216738,1180.3760434839783,0.8854669863705578,0.45325529249858615,0.9878574885913856,0.6946777777777778,9.604028638493627,9.476880849490193,8.929126439908881,8.532128337612214,0.4928611681934151,202.44444444444446,20.444444444444443
三个固定 GP 表达式的均值,2025,5,6.9839515833452275,1079.2999936275655,0.8913633598062236,0.4976208335921501,0.9925589684448382,0.8976888888888889,9.87883068346147,9.835278526184997,9.260011302339223,8.88524479607152,0.5884176844215736,85.77777777777777,16.22222222222222
三个固定 GP 表达式的均值,2025,6,7.06116116284779,1180.996506231945,0.8851856674286728,0.43037717374890483,0.9878128984010384,0.6997000000000001,10.165468454926984,10.104735105682089,9.91626842312404,9.246826779634704,0.477061949835629,325.8888888888889,23.333333333333332
三个固定 GP 表达式的均值,2025,7,7.117139021821528,1254.3713321442322,0.881751134871991,0.41736696738562723,0.9854537441212945,0.5947888888888889,9.358759490916807,9.184121755859255,8.515234335377073,8.516919163349753,0.4382526562214876,99.0,25.88888888888889
三个固定 GP 表达式的均值,2050,0,6.985627507358869,1081.06125108092,0.8914209774833657,0.4978005042538165,0.9925479153772291,0.8941111111111112,9.877084334778793,9.862865700396016,9.266281690408706,8.569488610658484,0.6128420182998806,209.55555555555554,18.666666666666668
三个固定 GP 表达式的均值,2050,1,7.032913310613515,1137.0335091513673,0.8913004357411631,0.4295713831144617,0.9924907313593567,0.8689777777777778,9.608042860552274,9.430656473032078,9.38864252862879,8.595573128286027,0.5982944064958411,331.3333333333333,19.11111111111111
三个固定 GP 表达式的均值,2050,2,7.033487261889862,1137.511559628347,0.8911062531719932,0.480939875713414,0.9924817887879429,0.868,9.60690799710561,9.496845714129146,9.231357371338174,9.057869377682799,0.6008894941888047,229.77777777777777,19.666666666666668
三个固定 GP 表达式的均值,2050,3,6.981143549029656,1076.1524502252403,0.8912390092748956,0.49659575860299604,0.9925480500868257,0.8982888888888889,9.88210651047086,9.88210651047086,8.965117741673748,8.63778502068119,0.6025654033929483,296.44444444444446,18.666666666666668
三个固定 GP 表达式的均值,2050,4,7.002231189979737,1100.0967105368502,0.8915452581932937,0.48084245150063076,0.992521193842033,0.8825222222222222,9.772548433317526,9.707729972780784,9.065279109113296,8.615863014914128,0.6110723091180665,240.66666666666666,19.11111111111111
三个固定 GP 表达式的均值,2050,5,6.988472907916367,1084.2879001169135,0.89148624276639,0.4987002817755394,0.9925598307068442,0.8968222222222223,9.859632512301632,9.7964739728438,9.532595505903267,8.905299175317927,0.5918173829708754,239.55555555555554,16.555555555555557
三个固定 GP 表达式的均值,2050,6,7.015957931010178,1117.1757804128813,0.8913834009282624,0.45438972146397716,0.9924957007813826,0.8775222222222223,10.389759735167432,9.934484104800894,10.121864854691731,9.315311946960248,0.6036690729993714,205.22222222222223,23.22222222222222
三个固定 GP 表达式的均值,2050,7,7.043294389156849,1148.8429195335814,0.8914228346047286,0.4611408707246155,0.9924629602637923,0.8625666666666667,9.59930385364112,9.473273735152015,8.602394399267048,8.659212674131657,0.6112168267170159,187.55555555555554,24.333333333333332
三个固定 GP 表达式的均值,2075,0,6.983458411657662,1078.68026774083,0.8913352914759254,0.49715911019928627,0.9925543240488852,0.8966444444444446,9.879672084106609,9.879672084106609,9.308051786892612,8.581464673344929,0.6016826491791872,211.44444444444446,17.555555555555557
三个固定 GP 表达式的均值,2075,1,7.018391859062389,1118.995370535526,0.891575957434936,0.4670917066913271,0.9925128215795405,0.8757111111111112,9.696723006677571,9.518995488224002,9.387621550775819,8.5865651561271,0.6093927242372605,482.22222222222223,18.88888888888889
三个固定 GP 表达式的均值,2075,2,7.010510339468813,1109.7838838944745,0.8914931326436535,0.501833593649377,0.9925169322230738,0.8776777777777778,9.747809960045409,9.689206364229044,9.39871750551291,9.213260782441274,0.6349714349065153,226.22222222222223,20.77777777777778
三个固定 GP 表达式的均值,2075,3,6.980025116076679,1074.950522175439,0.8912056476693976,0.4964261570772399,0.9925501759773672,0.8991111111111112,9.904312959917496,9.904312959917496,8.972550203531092,8.649322621404405,0.6125732499481855,308.55555555555554,20.22222222222222
三个固定 GP 表达式的均值,2075,4,6.992670429379654,1088.8787379207647,0.8916678014070738,0.49966939784281283,0.9925477206008413,0.8873777777777777,9.823488701985298,9.794363502644737,9.434856741125607,8.737747212010099,0.6375496746792576,212.22222222222223,21.333333333333332
三个固定 GP 表达式的均值,2075,5,6.979054068428513,1073.9027366575617,0.8911771057655358,0.496176242146958,0.9925661973574198,0.8965111111111111,9.909515799277463,9.909515799277463,9.89153831966697,8.933433906440861,0.5831858035736527,98.22222222222223,13.555555555555555
三个固定 GP 表达式的均值,2075,6,7.004739972549956,1103.308279812983,0.8915491179075951,0.5019858368681315,0.9925042946612989,0.8823555555555556,10.554508329023909,10.25585664465954,10.209282944615703,9.354131320689985,0.5927506876114694,215.11111111111111,22.666666666666668
三个固定 GP 表达式的均值,2075,7,7.0262760883492525,1127.77458293497,0.8917554741987063,0.46087983127056503,0.9924880945435507,0.8663444444444445,9.757533798763932,9.612236124245621,8.921581736372554,8.79736118382015,0.5791762030510549,184.44444444444446,25.333333333333332
三个固定 GP 表达式的均值,2100,0,7.228458661751891,2067.292348889217,0.7922202859306022,0.4469919358605108,0.9100510614510379,0.7982666666666667,8.908658140779295,8.909654601077929,8.342008090690719,7.777923326771224,0.5612418061902416,231.66666666666666,18.0
三个固定 GP 表达式的均值,2100,1,7.74543046294308,4074.702112144916,0.5944986297160356,0.31407254637618087,0.7450082570687866,0.5843666666666666,6.812238578648159,6.740926412583709,6.429603503942166,6.073780359222693,0.4297963324644329,494.8888888888889,20.555555555555557
三个固定 GP 表达式的均值,2100,2,6.989830355205069,1085.8294897487397,0.891428361576405,0.49823647170484175,0.9925462793811053,0.8906888888888889,9.840179219844089,9.821462711305031,9.55983849040062,9.264366417685022,0.6108055854941516,230.44444444444446,18.444444444444443
三个固定 GP 表达式的均值,2100,3,7.736387551813444,4064.2563588638172,0.5944971079492783,0.3507177603715841,0.7450318006104703,0.5965333333333334,6.767743253878915,6.826097622130973,6.149664342355466,6.151401440281494,0.4047135940931775,527.5555555555555,19.666666666666668
三个固定 GP 表达式的均值,2100,4,6.981045664874748,1076.055065999074,0.8912743417285189,0.49671150288573784,0.9925592110825525,0.8965666666666667,9.89596752740595,9.89076845723715,9.462232240196077,8.73324980796564,0.6361701804011227,229.33333333333334,15.333333333333334
三个固定 GP 表达式的均值,2100,5,6.978330477037968,1073.1252633522624,0.8911527590272388,0.4960156314658971,0.9925666200219604,0.8999999999999999,9.910799440263522,9.910799440263522,9.891187645121473,8.931893505100966,0.6014545830483643,197.77777777777777,13.0
三个固定 GP 表达式的均值,2100,6,7.241732136231058,2082.1375786370586,0.7926699933393013,0.4508562571133257,0.9100161514024562,0.7877222222222221,9.69331928581925,9.345614503456723,9.347148454170096,8.441028742427985,0.5524934873527299,228.66666666666666,21.22222222222222
三个固定 GP 表达式的均值,2100,7,7.004093320095908,1101.8922538383233,0.8917214618245727,0.48383311777820154,0.9925147598606521,0.8817222222222223,9.78295097080072,9.701280720822364,8.98635040655384,8.849574114846043,0.6035919569528279,189.55555555555554,20.444444444444443
三个固定 GP 表达式的均值,2125,0,7.020008628252632,1127.2529041131902,0.8880713940364124,0.4689815997282641,0.9902173591607765,0.7994,9.733940171135105,9.733940171135105,9.266677408395978,8.570114871290366,0.5653749718860506,199.11111111111111,16.555555555555557
三个固定 GP 表达式的均值,2125,1,7.115962699384543,1250.7107477808884,0.8821056360599212,0.39908525681993323,0.9855428824071204,0.5922777777777779,9.3775003115733,9.161715022657303,8.776973997102926,8.378017299592145,0.41952808381285706,256.77777777777777,25.666666666666668
三个固定 GP 表达式的均值,2125,2,6.985488060389101,1081.0202904333096,0.8913030575051284,0.4972981600054776,0.9925500359886583,0.8950888888888888,9.850828081428759,9.850828081428759,9.566939108352035,9.273896625171552,0.5890617996373041,239.33333333333334,16.0
三个固定 GP 表达式的均值,2125,3,7.112603450596126,1250.2252428423499,0.8814882203587904,0.46288919136373763,0.9854662675448663,0.5964888888888888,9.331351502133051,9.272568032516062,8.638408597727711,8.545123110171168,0.4199141470516398,3.0,19.22222222222222
三个固定 GP 表达式的均值,2125,4,6.981379760787308,1076.4314868179576,0.8912571782259501,0.4967363012234196,0.9925614717864875,0.8981777777777779,9.901573685770838,9.901573685770838,9.600144253295147,8.711335296983188,0.6108449941060264,957.8888888888889,15.777777777777779
三个固定 GP 表达式的均值,2125,5,6.978728757226468,1073.5534425195,0.8911774704906588,0.4961446012202784,0.9925668567380852,0.8997777777777779,9.909552846434021,9.909552846434021,9.909552846434021,8.949817222868361,0.5986751157497385,816.2222222222222,15.0
三个固定 GP 表达式的均值,2125,6,7.027288725155396,1133.957222331658,0.888587430352223,0.4686286429690415,0.9901832262964727,0.7915333333333332,10.602661021915045,9.641935971285342,10.217947989252801,9.266418561794449,0.5490140923038436,257.0,24.666666666666668
三个固定 GP 表达式的均值,2125,7,6.995139677855194,1091.7656092247464,0.8916468022119091,0.500241609498596,0.9925290331568988,0.8890222222222223,9.801177944083298,9.801177944083298,9.001456875587968,8.888158109203681,0.5989657722856777,199.11111111111111,21.22222222222222
三个固定 GP 表达式的均值,2150,0,6.997012921238666,1094.830296216277,0.8911509233981761,0.49917099980426705,0.9925364138770504,0.8900999999999999,9.803772623662143,9.74113472273502,9.310498211723628,8.631464129762767,0.6310369030616005,223.33333333333334,15.88888888888889
三个固定 GP 表达式的均值,2150,1,7.029101841889915,1131.6151247379407,0.8914554743662703,0.43303943693231817,0.9924974377248882,0.8681777777777779,9.630837053225928,9.490280624671005,8.931044986746441,8.529375332776986,0.61053492246024,266.55555555555554,24.22222222222222
三个固定 GP 表达式的均值,2150,2,6.98038314707618,1075.3459441108355,0.8912148741729514,0.4964597761275178,0.9925546266376047,0.8987333333333333,9.895309366096521,9.895309366096521,9.565809955439322,9.279546664151605,0.5736004105172446,527.3333333333334,13.555555555555555
三个固定 GP 表达式的均值,2150,3,7.042336284483046,1148.7954788909838,0.8910352661685871,0.4441863459741099,0.9924788537307376,0.8647777777777779,9.52426569710015,9.482799084349288,8.759081089773524,8.626533081436465,0.6013096620365231,25.77777777777778,20.77777777777778
三个固定 GP 表达式的均值,2150,4,6.97901446119403,1073.8610678479529,0.8911691527536393,0.49611276377630087,0.992562750228668,0.8996444444444445,9.905650646574735,9.905650646574735,9.639069173619486,8.725771535792374,0.6165371728728701,977.6666666666666,12.555555555555555
三个固定 GP 表达式的均值,2150,5,6.978328458102414,1073.1230967628317,0.8911470523890779,0.4959814702400071,0.9925668918380107,0.8999999999999999,9.910802702056127,9.910802702056127,9.910802702056127,8.951263159195882,0.6142561688933593,839.7777777777778,12.88888888888889
三个固定 GP 表达式的均值,2150,6,6.995873001726762,1092.7649129798342,0.8916471321210201,0.5005170724346056,0.9925217546144953,0.8882333333333333,10.249856216370551,10.105185896843826,10.02023534477425,9.370675192291207,0.6152493868171306,244.88888888888889,25.11111111111111
三个固定 GP 表达式的均值,2150,7,6.985013934495751,1080.429786557872,0.8914379854441099,0.49803331018424557,0.9925384426731889,0.894688888888889,9.949365764634866,9.88908803315524,9.02090191262046,8.88747840731721,0.6106747353105036,538.4444444444445,17.77777777777778
三个固定 GP 表达式的均值,2175,0,6.986748371501767,1082.4530486855854,0.8913320154411698,0.49766837198206026,0.9925528686876682,0.8913000000000001,9.875221961736452,9.875221961736452,9.550757974994205,8.666540048698112,0.6289361929687678,230.11111111111111,16.555555555555557
三个固定 GP 表达式的均值,2175,1,7.0058616558085,1103.800411406137,0.8917050368079086,0.4890218661773253,0.9925272780433129,0.8801444444444445,9.770530101958151,9.71157962585243,8.986397800749259,8.582885889943418,0.635294871581756,275.1111111111111,22.88888888888889
三个固定 GP 表达式的均值,2175,2,6.979005841900922,1073.8514141021387,0.891148705165626,0.496062907447529,0.992556124609464,0.8992666666666668,9.908419874946652,9.908419874946652,9.569815730629266,9.28374985783166,0.6101365195772547,678.3333333333334,15.0
三个固定 GP 表达式的均值,2175,3,7.0287824741293,1131.4661054197823,0.8914904895982276,0.45285613853557233,0.9924967828027245,0.8672,9.631209834214648,9.47691069565183,9.104573237678835,8.526287704804199,0.5910164883930625,232.11111111111111,22.11111111111111
三个固定 GP 表达式的均值,2175,4,6.9783753185752335,1073.1733879941232,0.8911417582672697,0.4959736974239044,0.9925631305284104,0.8998222222222222,9.910732377794817,9.910732377794817,9.651012961139756,8.73095254548626,0.6190175278801262,994.5555555555555,13.0
三个固定 GP 表达式的均值,2175,5,6.978328238363161,1073.1228609557247,0.8911510656024512,0.49600527785845316,0.9925668979305038,0.8999999999999999,9.910802775166044,9.910802775166044,9.910802775166044,8.95132680310758,0.6114211730632884,864.7777777777778,12.11111111111111
三个固定 GP 表达式的均值,2175,6,6.987335565130693,1083.0342251754748,0.8915598537877766,0.4988529180748076,0.9925365711808549,0.8944888888888889,10.417362382112145,10.038684465403001,10.089769789366706,9.407004438506705,0.6392327429614626,259.3333333333333,22.333333333333332
三个固定 GP 表达式的均值,2175,7,6.985655086169392,1081.0757797791293,0.8914883185489751,0.4981220436677583,0.9925458300791712,0.8948,9.859094582870142,9.859094582870142,9.191204703193256,9.050245781330252,0.6072229175033533,545.7777777777778,19.88888888888889
三个固定 GP 表达式的均值,2200,0,7.229521274368813,2068.43953557213,0.7923214817596899,0.447500582904467,0.9100531919324814,0.7980444444444443,8.89461277127592,8.89461277127592,8.59863913026594,7.913156561433149,0.5700003341987143,207.66666666666666,18.333333333333332
三个固定 GP 表达式的均值,2200,1,7.239699364050646,2079.820283748529,0.7924512989592899,0.4428991637725804,0.9100336384284324,0.7915888888888889,8.812455828422422,8.821214955736236,8.029577001049763,7.722183845833066,0.5591442772912679,281.8888888888889,21.22222222222222
三个固定 GP 表达式的均值,2200,2,7.2285079242993,2067.3529754055176,0.7922003582919033,0.44693915052763816,0.9100516660893914,0.799,8.913807866135322,8.913807866135322,8.667519609792372,8.46487304447651,0.5410171440469113,700.4444444444445,15.444444444444445
三个固定 GP 表达式的均值,2200,3,7.015481149972459,1114.8994315856116,0.8918906042780714,0.504026067046536,0.9925207984100174,0.8783777777777778,9.656044255568244,9.607009681365234,9.175463372119557,8.524042729200781,0.5748793067648932,374.6666666666667,20.666666666666668
三个固定 GP 表达式的均值,2200,4,7.226494293628638,2065.1749474066246,0.7921167384760665,0.44635646157511055,0.9100566770421749,0.7993555555555556,8.920442131466048,8.920442131466048,8.724710753063983,7.908565915379323,0.5393240151464366,1154.888888888889,13.444444444444445
三个固定 GP 表达式的均值,2200,5,6.978328389752315,1073.1230234147467,0.8911478232928958,0.49598364926042,0.9925668972150758,0.8999999999999999,9.910802766580908,9.910802766580908,9.910802766580908,8.951172565905168,0.6014543342217434,1095.111111111111,13.555555555555555
三个固定 GP 表达式的均值,2200,6,6.982207721427515,1077.3300813703,0.8914660544079562,0.4978884211032704,0.9925443118591593,0.8973777777777777,10.48885754998124,10.041938100518715,10.162863124346982,9.447001453799755,0.6349534998928744,347.8888888888889,22.0
三个固定 GP 表达式的均值,2200,7,7.236039777850113,2075.807787218776,0.7924210137842983,0.44919745069228184,0.9100438196488773,0.7961666666666667,8.916620312530942,8.928801740690059,8.30421071095106,8.169735946966385,0.5716793624997515,621.7777777777778,20.333333333333332
三个固定 GP 表达式的均值,2225,0,7.019031586733906,1125.771280124935,0.8882604756498896,0.4773770702737491,0.9902084792111226,0.7996000000000001,9.75503844687478,9.676652356477195,9.40287434006758,8.720940728423273,0.552256881364398,258.22222222222223,15.444444444444445
三个固定 GP 表达式的均值,2225,1,7.028659007994282,1137.5692234262867,0.8882783963465404,0.47480487421115847,0.9901988179746558,0.7956666666666666,9.656857955127215,9.656857955127215,8.81495450940887,8.518752588575646,0.5273434957265573,28.77777777777778,18.0
三个固定 GP 表达式的均值,2225,2,7.021208767650909,1128.8626999367948,0.888149497335378,0.46362340052847756,0.9901930519626944,0.7996000000000001,9.717820441228696,9.647067563994913,9.491254511578758,9.277021753409828,0.5291221288214144,480.77777777777777,15.444444444444445
三个固定 GP 表达式的均值,2225,3,6.999712322217487,1096.7160814604617,0.8917449630952172,0.5010271189868257,0.9925421209767141,0.8863222222222222,9.766578568516936,9.75172437818987,9.313607918819528,8.522649201607733,0.5779832897311716,720.1111111111111,21.11111111111111
三个固定 GP 表达式的均值,2225,4,7.0189949351518015,1125.7369087140303,0.8881482941590249,0.4649559558672068,0.9902022979949291,0.7994888888888889,9.761095816154127,9.697554005077313,9.520671276941444,8.728424595346489,0.5417993014547071,796.5555555555555,16.555555555555557
三个固定 GP 表达式的均值,2225,5,6.978328335956689,1073.122965685402,0.8911490699785792,0.49599394369896405,0.9925669005489475,0.8999999999999999,9.91080280658737,9.91080280658737,9.91080280658737,8.951334043878765,0.6154522621443876,1120.111111111111,12.444444444444445
三个固定 GP 表达式的均值,2225,6,6.979910442880986,1074.8336479705185,0.8913649222973246,0.49726083195887466,0.9925497931095705,0.8982666666666668,10.436058032952701,9.946797214881478,10.276940847529003,9.522490831678748,0.6235939306382355,358.77777777777777,22.77777777777778
三个固定 GP 表达式的均值,2225,7,7.0228613685251045,1131.310622651421,0.8880429799425842,0.4902073307938475,0.9901864463240755,0.7975222222222222,9.771515384919844,9.693202621647934,9.1941321692075,8.979591769846529,0.5564753680225081,674.3333333333334,17.666666666666668
三个固定 GP 表达式的均值,2250,0,6.993678200961967,1090.6845434288034,0.8913682878069255,0.48276189049362794,0.9925390232325876,0.8901111111111112,9.821192504967424,9.787840289798458,9.46464134873463,8.756715555115498,0.6105882702286995,269.6666666666667,15.0
三个固定 GP 表达式的均值,2250,1,7.000418745997443,1098.2844288593149,0.8915754365810903,0.47183828390308746,0.9925314028283305,0.8866999999999999,9.79076500634559,9.705372716295406,9.290655447222447,8.621837085833102,0.5932009152380036,43.55555555555556,20.77777777777778
三个固定 GP 表达式的均值,2250,2,6.997120851536282,1094.9062609011357,0.8913215219182311,0.47191718941815025,0.9925348197568121,0.8885555555555555,9.7922440044661,9.716359184951553,9.561765081876983,9.356741309370273,0.6029498465158664,510.77777777777777,14.666666666666666
三个固定 GP 表达式的均值,2250,3,6.984729039864598,1080.091443899997,0.8914230345615471,0.4977867422857733,0.992550092205449,0.8940555555555556,9.873057636240652,9.882621563001996,9.412374145089224,8.496731448780132,0.6035541294153579,666.4444444444445,19.555555555555557
三个固定 GP 表达式的均值,2250,4,6.997137322229546,1095.1124475566967,0.89110363814514,0.4988232820304892,0.9925356881141147,0.8887555555555556,9.810373650429243,9.752414410491715,9.54811155104978,8.752060446642625,0.6121943005420744,967.8888888888889,14.333333333333334
三个固定 GP 表达式的均值,2250,5,6.978328392543086,1073.1230264095732,0.8911473662249764,0.4959808919580706,0.9925668984146461,0.8999999999999999,9.910802780975752,9.910802780975752,9.910802780975752,8.951273506371699,0.6025196221233587,1145.111111111111,12.88888888888889
三个固定 GP 表达式的均值,2250,6,6.979113902036137,1073.9704008946267,0.8913393363686607,0.497089616760182,0.9925537919894174,0.8990333333333334,10.407797278207243,10.433178079330652,10.37176225481353,9.576154775902946,0.6238492134822344,376.6666666666667,20.444444444444443
三个固定 GP 表达式的均值,2250,7,6.999424067354486,1097.975876839065,0.8911557317959898,0.46915424723272625,0.9925251144588305,0.8875333333333333,9.895210863145751,9.827746179602137,9.233945944099652,9.019401006740967,0.6062860502431018,695.6666666666666,17.22222222222222
三个固定 GP 表达式的均值,2275,0,6.992406068169064,1088.96087745145,0.891418023143977,0.47442630978503453,0.9925443310464023,0.8900555555555556,9.826892734835095,9.81624128088719,9.657669259213865,8.75680675062486,0.6059631786184678,485.1111111111111,17.77777777777778
三个固定 GP 表达式的均值,2275,1,6.994267915854516,1091.1213693822112,0.8914628680055434,0.48072996049401495,0.992537820580004,0.8891444444444444,9.819952422335383,9.772560186943698,9.322012512775167,8.675600818511828,0.5861318627633451,45.44444444444444,18.555555555555557
三个固定 GP 表达式的均值,2275,2,6.990901121531751,1087.0271815318815,0.891522745615202,0.4991126172416995,0.9925489605850406,0.8911666666666667,9.84635105826205,9.825686232461033,9.726215914090194,9.408566976251192,0.6074056346947456,720.5555555555555,17.333333333333332
三个固定 GP 表达式的均值,2275,3,6.981775083559528,1076.8509542419354,0.8913131303098449,0.49706292109612993,0.9925549965187158,0.8971777777777779,9.886497811394621,9.886497811394621,9.446198386516157,8.507171859057664,0.6053329929269041,816.3333333333334,16.444444444444443
三个固定 GP 表达式的均值,2275,4,6.992333820249549,1088.8461785607615,0.8913479754077019,0.47475976902020595,0.9925497546837495,0.8899333333333335,9.821828265507756,9.782640119785944,9.72696743093539,8.906728999292117,0.5960811732009954,749.6666666666666,16.11111111111111
三个固定 GP 表达式的均值,2275,5,6.978328269059716,1073.1228938968677,0.8911490320889285,0.4959937040251901,0.9925669005187534,0.8999999999999999,9.910802806225043,9.910802806225043,9.910802806225043,8.95134763266795,0.6065568204319894,1170.111111111111,13.444444444444445
三个固定 GP 表达式的均值,2275,6,6.977668389288137,1072.4150939980443,0.8912810857253779,0.49674880877678146,0.9925546587014578,0.8996333333333334,10.696386894815975,10.164041748584824,10.451420034663379,9.612802497255394,0.6150496212832112,390.55555555555554,19.77777777777778
三个固定 GP 表达式的均值,2275,7,7.00559652462315,1104.1245815282662,0.8916066196046865,0.48324298601511384,0.9925311245163658,0.8879333333333334,9.845205260423464,9.774928047217822,9.333223946454734,9.104202619790861,0.5757568396654982,674.3333333333334,22.11111111111111
三个固定 GP 表达式的均值,2300,0,7.236013607273279,2075.787440186647,0.792385481362479,0.44690282485995514,0.9100413618511836,0.7934666666666667,8.864264897464334,8.864264897464334,8.669473910645952,7.940389391582439,0.5402904236819325,504.6666666666667,17.22222222222222
三个固定 GP 表达式的均值,2300,1,7.240602377493455,2081.0909654162683,0.7924561207711738,0.44997936012502215,0.9100338996394777,0.792611111111111,8.802694385307266,8.802694385307266,8.369889482903039,7.79195990126691,0.5372950336036822,58.888888888888886,18.555555555555557
三个固定 GP 表达式的均值,2300,2,7.228410429133613,2067.251470929361,0.792210378559304,0.4469509899730284,0.9100516504215688,0.7978555555555557,8.902164054332085,8.902164054332085,8.75971289083884,8.4521860411069,0.5600075848442413,742.0,12.88888888888889
三个固定 GP 表达式的均值,2300,3,6.980716400629509,1075.6974300318138,0.8912864240824465,0.49683623360118456,0.9925586776561077,0.8984444444444445,9.89991009022533,9.89991009022533,9.478282739461125,8.54213738474136,0.610774870887504,906.4444444444445,18.444444444444443
三个固定 GP 表达式的均值,2300,4,6.9802122933931035,1075.1609346523376,0.8912039178040683,0.49636568865289,0.9925591915603614,0.8973999999999999,9.904881135123167,9.904881135123167,9.753107512917317,8.89767188702572,0.5810428524825406,768.7777777777778,14.555555555555555
三个固定 GP 表达式的均值,2300,5,7.970334087833745,5040.624301794653,0.49507641105074346,0.29774128197656174,0.6625371675901501,0.5,5.950446011081803,5.950446011081803,5.950446011081803,5.366940956526003,0.3477767994418495,1195.111111111111,12.88888888888889
三个固定 GP 表达式的均值,2300,6,7.475264459827449,3057.878169195917,0.6932651413294795,0.3977136570763075,0.8275422994986079,0.6994333333333334,8.194839860077288,8.05883530780595,7.977397176423278,7.6715623781355555,0.48843133373546826,315.44444444444446,20.666666666666668
三个固定 GP 表达式的均值,2300,7,7.239460930014155,2079.870920763635,0.7923745041675612,0.4279960926910254,0.9100290525332126,0.7898888888888889,8.839138201154348,8.839138201154348,8.399868212294024,8.152444465823615,0.5165223576312215,555.6666666666666,17.88888888888889
三个固定 GP 表达式的均值,2325,0,7.02081035167758,1127.4994409512874,0.8883922431432509,0.46012346668855714,0.9901993638329389,0.7970444444444446,9.74933442740823,9.664273252388686,9.441933182875218,8.715565731023256,0.5485445104517301,482.77777777777777,16.0
三个固定 GP 表达式的均值,2325,1,7.030780101189728,1139.923230996098,0.8883783447631581,0.48697257194294497,0.9901884883424965,0.7931,9.690777739253555,9.599173723917716,9.16613731652963,8.600728192562245,0.5502884168462625,29.333333333333332,18.333333333333332
三个固定 GP 表达式的均值,2325,2,7.020856627171658,1128.1977244352372,0.8880671782319328,0.4652733255973105,0.9902118312378675,0.799,9.726442369796455,9.726442369796455,9.607495112056592,9.285305203931786,0.5391112488726431,851.7777777777778,17.11111111111111
三个固定 GP 表达式的均值,2325,3,6.979168504276245,1074.0259121511763,0.8912322474796786,0.4965082786170732,0.9925598731673073,0.8994,9.907945406597836,9.907945406597836,9.489120707817007,8.557440472570981,0.618809239830603,920.8888888888889,15.11111111111111
三个固定 GP 表达式的均值,2325,4,6.978741941553459,1073.5676411573836,0.8911757010846022,0.49617401657413246,0.992562008474731,0.899688888888889,9.909567999007939,9.909567999007939,9.75490636230459,8.8924418742174,0.6146149270557596,995.5555555555555,12.333333333333334
三个固定 GP 表达式的均值,2325,5,7.144440466754858,1289.2943354741876,0.878875391079894,0.4817845169958844,0.9831659297124931,0.5,9.278398127883722,9.002153634482303,9.13972839016207,8.514652171860776,0.3483650429895167,944.8888888888889,20.333333333333332
三个固定 GP 表达式的均值,2325,6,7.059826692260732,1179.0865984969803,0.8850673047845434,0.4388421063743324,0.987825788347492,0.6995888888888889,9.764988973089567,9.503209581309054,9.628775579595327,9.288530589227726,0.47811649584953564,431.0,22.22222222222222
三个固定 GP 表达式的均值,2325,7,7.033247582022101,1143.0923609311405,0.8883014011650765,0.45791416194630713,0.9901592617865068,0.7931888888888889,9.83782530805245,9.72145489099968,9.187909622637685,8.946046616355188,0.5292676334521813,460.1111111111111,20.333333333333332
三个固定 GP 表达式的均值,2350,0,6.998382815837577,1096.5258618465466,0.89128673392617,0.4682786402009404,0.9925282420087991,0.8879222222222222,9.810901272107257,9.738695587776226,9.454524311659233,8.722528699220138,0.6148438411650943,723.5555555555555,17.333333333333332
三个固定 GP 表达式的均值,2350,1,7.000365687825306,1098.124999128678,0.8915874179162101,0.501520434605633,0.9925269828230778,0.8850777777777777,9.78332864456017,9.744601940357391,9.246565894400513,8.66695976105124,0.610443506004186,35.44444444444444,20.11111111111111
三个固定 GP 表达式的均值,2350,2,6.989340864081984,1085.4546980692996,0.8913490310757967,0.48422877850788976,0.9925478304729017,0.8922666666666667,9.857469250606778,9.831501699807127,9.668985427678681,9.347632996549448,0.621469571242737,734.4444444444445,16.444444444444443
三个固定 GP 表达式的均值,2350,3,6.9796296093663415,1074.5236492532833,0.8912324693391894,0.4965074698579952,0.9925603291051157,0.8996000000000001,9.902342355366422,9.900227564543046,9.49272791520314,8.56329649280484,0.6129540972971221,942.0,18.333333333333332
三个固定 GP 表达式的均值,2350,4,6.980076532377728,1075.0138314796682,0.8912186930117305,0.49641963093188274,0.9925624861904994,0.8994666666666666,9.893838356365194,9.901321464616128,9.773871238261442,8.89854133063603,0.6174193893069742,1174.5555555555557,14.88888888888889
三个固定 GP 表达式的均值,2350,5,7.043306064879566,1148.3655568543318,0.8913914342711161,0.42837706737029474,0.9924644437407513,0.8578222222222222,9.572035015106605,9.394195790114196,9.370292952627574,8.704035980937508,0.6124783068140154,958.0,22.444444444444443
三个固定 GP 表达式的均值,2350,6,7.013009427616133,1113.3561914568313,0.8913698047682188,0.4569139487110425,0.9924971021327368,0.8793000000000001,10.076811258227893,10.347856140030595,9.733666764964804,9.369959390464667,0.6098486887128576,446.22222222222223,24.77777777777778
三个固定 GP 表达式的均值,2350,7,7.003552730690778,1102.010581925586,0.8915651309639165,0.5021784768230786,0.9925238804415185,0.8836444444444446,9.834271308096405,9.757868983092663,9.35532631484373,8.973440093499145,0.5890944046803437,597.4444444444445,22.0
三个固定 GP 表达式的均值,2375,0,6.993679312060579,1090.6253319463665,0.8914274942567137,0.4953546990669403,0.9925369247150455,0.8895444444444445,9.832751759542868,9.776140562437046,9.551716035087995,8.675558544345899,0.6118869948278904,729.3333333333334,16.88888888888889
三个固定 GP 表达式的均值,2375,1,6.989539978328132,1085.6021082811412,0.8913853797567121,0.47969966076433745,0.9925426239665671,0.8903444444444444,9.854626845377762,9.832578245978434,9.301438787792172,8.702483359813318,0.6055095216539232,51.44444444444444,16.555555555555557
三个固定 GP 表达式的均值,2375,2,6.981955764289231,1077.045964372024,0.8912827607735058,0.49680398891800615,0.9925566822126284,0.8974666666666666,9.881509423407639,9.887475174726596,9.67059832939498,9.343058484608859,0.6433746303580551,748.3333333333334,16.11111111111111
三个固定 GP 表达式的均值,2375,3,6.979046564418392,1073.8953764371877,0.8912144774962112,0.49641527577539357,0.9925612114134239,0.8996000000000001,9.907712497484098,9.907712497484098,9.496653163625629,8.57373664188353,0.6269245790395157,959.6666666666666,15.88888888888889
三个固定 GP 表达式的均值,2375,4,6.978694001222291,1073.5160155415897,0.8911700050110939,0.49613083033972916,0.9925626981135203,0.8995777777777777,9.909184902591178,9.909184902591178,9.78522241896192,8.910313582137979,0.6211316537832661,1196.6666666666667,13.555555555555555
三个固定 GP 表达式的均值,2375,5,7.019744972192748,1119.8133381763155,0.8917914928179251,0.4837807047791187,0.9924991448256733,0.8707777777777779,9.697209833386097,9.619975753542228,9.425121186816092,8.749228434206342,0.6077587955461444,974.7777777777778,21.88888888888889
三个固定 GP 表达式的均值,2375,6,6.99772722260834,1094.6843447758604,0.8916750033754668,0.4774529578405299,0.9925320664789585,0.8850444444444444,10.107335013596916,10.164653739690749,9.913086426068979,9.602474596151934,0.6119841308875187,450.8888888888889,24.88888888888889
三个固定 GP 表达式的均值,2375,7,6.992423039718041,1089.1260042229517,0.8914555981335379,0.4816132215975656,0.9925346297117533,0.8902666666666667,9.874941623721018,9.992465178424753,9.365323902197062,8.943729489484877,0.6261233548357935,615.4444444444445,18.11111111111111
三个固定 GP 表达式的均值,2400,0,7.235599648895148,2075.3678612468707,0.7923793017289076,0.44669598192381227,0.9100365670227865,0.7939777777777778,8.861186969581203,8.83571386605639,8.582476538240352,7.827777786756695,0.5700596094938675,750.8888888888889,12.777777777777779
三个固定 GP 表达式的均值,2400,1,6.981903751822924,1076.978808468997,0.8912968302932427,0.4968848695963664,0.9925585494058647,0.8957666666666666,9.893639613021714,9.893136568969801,9.532939036725622,8.73546371357682,0.5933956159181082,130.88888888888889,17.0
三个固定 GP 表达式的均值,2400,2,7.9707524069331726,5041.073591925021,0.49508518117139666,0.2978445944158432,0.6625285596893816,0.49931111111111115,5.949599590378925,5.949599590378925,5.730222518304467,5.5612433569412705,0.3367125105857131,907.1111111111111,13.777777777777779
三个固定 GP 表达式的均值,2400,3,7.474522681636036,3057.0792193524394,0.693152310502774,0.3971402542990224,0.8275466567690646,0.6999111111111112,7.930181874791369,7.930181874791369,7.516220545631929,6.754575302539813,0.4746482245484548,979.8888888888889,13.444444444444445
三个固定 GP 表达式的均值,2400,4,7.722366531086108,4048.7853320763284,0.5941004946486134,0.3473760201258742,0.7450404486032242,0.6000000000000001,6.9404853832386895,6.9404853832386895,6.81694556907644,6.272943914067401,0.43209407383993065,1222.0,12.222222222222221
三个固定 GP 表达式的均值,2400,5,8.235643827175453,6051.5813406283205,0.39659864733540856,0.2523477899937175,0.5799935165930435,0.3863888888888889,4.883582620190243,4.797832202174446,4.504114972734425,4.40295555910206,0.3067120507206455,986.5555555555555,21.555555555555557
三个固定 GP 表达式的均值,2400,6,7.479621485086899,3062.6794740031705,0.6933704392006783,0.3985692470027166,0.827533979286707,0.6953111111111111,8.20926037294198,8.244637704635569,7.994345035835697,7.754325469672813,0.49559451770231416,471.0,22.11111111111111
三个固定 GP 表达式的均值,2400,7,7.491622270205969,3076.155789321622,0.6936861012437487,0.38071143502335975,0.8275243103152369,0.6914444444444444,7.895267888487293,7.94357282522577,7.505718130031038,7.171821580264178,0.49039765690860126,787.6666666666666,16.555555555555557
三个固定 GP 表达式的均值,2425,0,7.024545347742415,1131.5420539073016,0.8884278113300437,0.47100489828509695,0.9902280239879752,0.7963777777777779,9.708674684480489,9.662187033443777,9.407722414777002,8.61520140846085,0.5671733536122271,719.7777777777778,20.666666666666668
三个固定 GP 表达式的均值,2425,1,6.981270815010457,1076.3059204583533,0.8912432141362634,0.49659276532907753,0.9925602710697476,0.8983333333333334,9.899858101308395,9.894498264741534,9.66921880218558,8.751284023951083,0.6068012666246679,142.77777777777777,17.0
三个固定 GP 表达式的均值,2425,2,7.147027230315462,1293.2874143858699,0.8787954463938882,0.4327939476810252,0.9831080237896064,0.4998666666666667,9.23218061440546,8.990714879767529,8.903842826304215,8.754725174897382,0.33189926721018614,373.22222222222223,21.11111111111111
三个固定 GP 表达式的均值,2425,3,7.0728226979797535,1194.4341783495006,0.8855678618960549,0.4365591950136525,0.9878534054060337,0.697088888888889,9.497879879197638,9.349060375432288,9.289131707709462,8.420223995594155,0.44379018020151456,860.3333333333334,20.77777777777778
三个固定 GP 表达式的均值,2425,4,7.103958410052224,1236.8412563541262,0.8818999850424295,0.4374748041582627,0.9855022713466837,0.5998222222222223,9.416819213985145,9.235546759030393,9.194301031128685,8.601926287848302,0.4270673429703353,606.1111111111111,20.22222222222222
三个固定 GP 表达式的均值,2425,5,7.197319325221695,1357.9504073620683,0.8759597458957157,0.35802201240736165,0.9807482777529108,0.39545555555555556,9.025848969060142,8.658516068380791,8.591486735688651,8.382295274651376,0.2902130939985211,1.8888888888888888,28.77777777777778
三个固定 GP 表达式的均值,2425,6,7.0638583618349085,1184.5427048079432,0.8850826577926076,0.43719752778582066,0.9878085634438464,0.6986,9.799295349794559,9.688178212235963,9.646070434307369,9.36681819732032,0.46428108487266584,504.0,22.77777777777778
三个固定 GP 表达式的均值,2425,7,7.070787604547915,1193.0788361867353,0.8850663044346465,0.4359908351892485,0.987805918328297,0.6954333333333333,9.595289118936815,9.427525625572574,9.09280397986661,8.7066352729368,0.5104428857205886,252.0,20.0
三个固定 GP 表达式的均值,2450,0,6.995997463079004,1093.4316310931779,0.8912875884484804,0.4848281026412471,0.9925377394749564,0.8897444444444444,9.814030216307334,9.760380848760107,9.47327156040643,8.651349926103807,0.6365081259079381,737.4444444444445,18.11111111111111
三个固定 GP 表达式的均值,2450,1,6.978758363902049,1073.5851991356421,0.8911640139583148,0.4961013068693916,0.9925618186815728,0.899688888888889,9.908341676497802,9.908341676497802,9.69930224874267,8.770046032327937,0.6000845015267955,229.0,12.777777777777779
三个固定 GP 表达式的均值,2450,2,7.039225124101592,1143.2913123373091,0.8916174638664162,0.45551965607459777,0.992459856725422,0.8616777777777778,9.584088801686821,9.409033116617614,9.185245648580839,9.000572345067932,0.5843136122472886,388.1111111111111,19.88888888888889
三个固定 GP 表达式的均值,2450,3,7.014019395953307,1114.176393441043,0.8916493701840218,0.45519993262402075,0.9925197582645677,0.8781222222222222,9.731699792687195,9.621774995013606,9.554918753878573,8.544115417851877,0.5814054618365389,722.2222222222222,18.11111111111111
三个固定 GP 表达式的均值,2450,4,7.030916774854971,1134.0558539490985,0.8914085563451669,0.42389097135220416,0.9924852768030736,0.8692777777777777,9.570540350390623,9.570540350390623,9.308406221419887,8.719876954420313,0.62131456772573,618.7777777777778,20.666666666666668
三个固定 GP 表达式的均值,2450,5,7.073516860787385,1184.3790291742855,0.8913828847630848,0.4645256713184265,0.9924196382410962,0.8430111111111112,9.388273534291503,9.060282032336012,8.845426628356968,8.59758003498802,0.5837210319886836,11.444444444444445,24.666666666666668
三个固定 GP 表达式的均值,2450,6,7.014631425084115,1115.6600248159311,0.8913197228437704,0.473474389372874,0.9924964883836098,0.8779888888888889,9.940731454851514,9.837522070626504,9.789204889005015,9.48532114040218,0.5966244220992807,519.6666666666666,24.0
三个固定 GP 表达式的均值,2450,7,7.019828170596225,1121.7428302750263,0.8913159810920447,0.45281829253663275,0.992494353432612,0.8755888888888889,9.731543374971938,9.564004424232348,9.19023457787548,8.81884361402633,0.61029171036575,270.44444444444446,19.666666666666668
三个固定 GP 表达式的均值,2475,0,6.985426817079511,1080.9186545611376,0.8913303455980572,0.4879749680429296,0.9925516328936355,0.8934555555555556,9.88207410679446,9.878011914212358,9.491973060169787,8.66209798965476,0.6452889647856846,755.6666666666666,18.77777777777778
三个固定 GP 表达式的均值,2475,1,6.979325760065276,1074.1974583930983,0.8912058117819,0.49631119105957733,0.9925623685243035,0.8995555555555556,9.90129831094109,9.90129831094109,9.727382344373371,8.77593002114408,0.5960434505382961,246.44444444444446,14.0
三个固定 GP 表达式的均值,2475,2,7.015406325478072,1114.7327125440754,0.8919174200915037,0.5040945834198622,0.9924948821113175,0.874588888888889,9.725184767891271,9.62750921441188,9.234960774205943,9.068682365118928,0.638548114012936,395.22222222222223,20.666666666666668
三个固定 GP 表达式的均值,2475,3,6.99958127240388,1097.0603677130885,0.8916632835139916,0.5014926081864685,0.9925344927358982,0.8867333333333334,9.798654910955696,9.707449858228308,9.557474096078534,8.52658135549755,0.6346207512888433,742.4444444444445,18.0
三个固定 GP 表达式的均值,2475,4,7.001626264487971,1099.0361605803914,0.8917012655762971,0.5011545987292229,0.9925220266025625,0.8813222222222222,9.788874283947571,9.740312395999998,9.32952556329574,8.711938336364803,0.6620218790458157,636.2222222222222,19.88888888888889
三个固定 GP 表达式的均值,2475,5,7.044648823299135,1149.0370178620701,0.8918323846378805,0.4271023957498526,0.9924625555503369,0.8571,9.569992014651762,9.346929042764295,8.957452843411973,8.636475795797528,0.5717941360881633,5.555555555555555,25.555555555555557
三个固定 GP 表达式的均值,2475,6,7.005487277552621,1104.3759470694085,0.8915858222811155,0.4846187999401348,0.9925110313999644,0.8846,10.030822521582943,9.949183020276688,9.860010686183614,9.525679836042825,0.6225049366650105,534.4444444444445,23.555555555555557
三个固定 GP 表达式的均值,2475,7,7.01417904932121,1114.7912992102335,0.8913588993816224,0.4590336496211021,0.9925032735142357,0.8791222222222222,9.731814358952233,9.671485400174781,9.236595840315346,8.843934298327405,0.6133697662104018,443.3333333333333,19.22222222222222
三个固定 GP 表达式的均值,2500,0,7.7249304077377055,4051.548262399504,0.5942141833051813,0.34797925869409807,0.7450361854663778,0.5976444444444444,6.929873089521971,6.929873089521971,6.53335958752718,5.998301167348117,0.44647670780288057,844.3333333333334,18.11111111111111
三个固定 GP 表达式的均值,2500,1,7.474642358244647,3057.2079126671433,0.693113298199,0.3968619323616511,0.8275476967698453,0.6998444444444445,7.92840122542138,7.92840122542138,7.761229851934833,7.008322778990128,0.4753968523083257,505.6666666666667,15.0
三个固定 GP 表达式的均值,2500,2,7.244034124716986,2084.4121244834846,0.7927332252825677,0.45071448603315084,0.9100199238428258,0.7866888888888889,8.806823229973128,8.806823229973128,8.34756527641155,8.190940365042367,0.5758729812256296,399.0,20.555555555555557
三个固定 GP 表达式的均值,2500,3,7.980466880258133,5051.751526105651,0.49545355190989976,0.30044467725066304,0.6625177882896093,0.4914666666666667,5.882274794562862,5.882274794562862,5.5789060875062555,5.2153491825051885,0.39977546623423826,959.2222222222222,16.88888888888889
三个固定 GP 表达式的均值,2500,4,7.4849037279770965,3068.468114255968,0.6933992771176501,0.3991170560720199,0.8275336014378925,0.6940444444444445,7.8305657336920085,7.825800530114585,7.418449230775006,7.046145192941645,0.529204703858897,899.5555555555555,18.0
三个固定 GP 表达式的均值,2500,5,7.018345902850381,1118.47177080211,0.8916855976346132,0.48765728677538334,0.9924901003611917,0.8730555555555556,9.665374618629818,9.665374618629818,8.993536220031693,8.659704280036685,0.5992121198085969,20.22222222222222,21.0
三个固定 GP 表达式的均值,2500,6,6.9930484212616575,1089.5593129302865,0.89165634946448,0.48094156905860225,0.9925312660349301,0.888688888888889,10.12781213340389,10.308186660576585,9.925989850846342,9.561461726321546,0.6197213471564628,550.6666666666666,19.666666666666668
三个固定 GP 表达式的均值,2500,7,7.248918040240202,2090.345642194973,0.7926898439345424,0.41251355333978823,0.9100139033812602,0.7851222222222222,8.874244342432114,8.876602473598819,8.301090207493274,7.95217574931326,0.5498774104505694,454.55555555555554,19.11111111111111
三个固定 GP 表达式的均值,2525,0,7.103387055603359,1235.3029194952826,0.8820339120993298,0.4103749209251101,0.9855223638361872,0.5990444444444445,9.402879768655206,9.270556871027747,8.868672785509297,8.339719850774836,0.41083104387689057,348.55555555555554,20.77777777777778
三个固定 GP 表达式的均值,2525,1,7.067671445218327,1190.929791155847,0.8846409275118591,0.4460955044001277,0.9878766757705311,0.6995777777777777,9.547022841677459,9.499547538000451,9.326623042702545,8.540752754940703,0.4805034026021145,457.55555555555554,18.555555555555557
三个固定 GP 表达式的均值,2525,2,7.031352087873288,1141.3987202213134,0.8880969306248321,0.46859383493615464,0.9901546734634713,0.7937888888888889,9.670500386281319,9.670500386281319,9.144074923181973,8.997236404076597,0.5496419894967141,176.11111111111111,21.88888888888889
三个固定 GP 表达式的均值,2525,3,7.1525162895985535,1300.6830031515055,0.8785489804737039,0.3912030602570488,0.9831947746732479,0.4970555555555556,9.164389826219677,9.164389826219677,8.700363491803024,8.331794948286767,0.4113290342951651,452.3333333333333,26.22222222222222
三个固定 GP 表达式的均值,2525,4,7.066955640902235,1188.3893905673312,0.8849483980171201,0.47383072620038735,0.9878254293194089,0.6966222222222221,9.549088367764856,9.47869248880794,9.067524472557833,8.634141649548297,0.48875805572280506,444.55555555555554,22.444444444444443
三个固定 GP 表达式的均值,2525,5,7.000377898623522,1097.9000155081333,0.891544413798806,0.5003714631097994,0.9925176409737095,0.8843555555555557,9.75627859756652,9.75627859756652,9.031880244049807,8.708645329246902,0.5786902331721384,0.0,21.444444444444443
三个固定 GP 表达式的均值,2525,6,6.985104490431793,1080.5342510823284,0.8915051826453649,0.4982664299882551,0.9925431776238671,0.8952555555555555,10.13266245337135,10.079719660407402,9.969859606406203,9.577403345090053,0.595013313928416,536.6666666666666,22.77777777777778
三个固定 GP 表达式的均值,2525,7,7.036704816226479,1146.091501926946,0.8883954035271928,0.4523561596331812,0.9901857365208436,0.7894888888888888,9.68933649058177,9.62527370702243,9.09678750696975,8.75336120469381,0.5550261169612154,370.8888888888889,21.444444444444443
三个固定 GP 表达式的均值,2550,0,7.0237491119614734,1125.433023404313,0.8914299214996504,0.4537777015109294,0.9925015887740497,0.8714,9.656914851449695,9.53331320268867,8.989640169660428,8.422982154837666,0.5962293095713075,367.0,21.11111111111111
三个固定 GP 表达式的均值,2550,1,7.0121914235557945,1112.5561445719113,0.8911984098997051,0.44824376242881026,0.9925175867594663,0.8787666666666668,9.725984476401253,9.655521194465022,9.419050349907753,8.625128290319715,0.5849364898604962,478.55555555555554,17.0
三个固定 GP 表达式的均值,2550,2,6.996531437528619,1093.8747459493454,0.891400925149283,0.47643453524081497,0.9925212467324231,0.8887444444444444,9.816793343216986,9.771412515658442,9.225406639525579,9.056228715285991,0.5953872929840625,450.8888888888889,19.22222222222222
三个固定 GP 表达式的均值,2550,3,7.0477082569830305,1153.4322743236528,0.8914345854564907,0.5084609974357545,0.9924806282745477,0.8606888888888888,9.522097635938001,9.373682632932882,8.965449720002491,8.5104975878206,0.6344387844818034,464.1111111111111,26.555555555555557
三个固定 GP 表达式的均值,2550,4,7.017885105834138,1119.3088845889492,0.8911377958716878,0.47593818113804454,0.9925044281389318,0.8781444444444445,9.693604772211392,9.596474157294306,9.1771913151564,8.724349263204509,0.5978241517335654,460.6666666666667,18.666666666666668
三个固定 GP 表达式的均值,2550,5,6.987672262577798,1083.3782686735103,0.8913691498741735,0.497759180047037,0.9925386278894268,0.8937666666666667,9.859409605866794,9.839974827598798,9.182254690217473,8.75066255353668,0.5788920163289835,32.0,17.666666666666668
三个固定 GP 表达式的均值,2550,6,6.981678018935422,1076.7605735604463,0.8914500984037732,0.49778266982971275,0.9925490124531352,0.8975777777777778,10.159683759035278,9.904789302474764,10.030278209527857,9.612376867734978,0.6215140231123686,555.1111111111111,22.22222222222222
三个固定 GP 表达式的均值,2550,7,6.997703553344861,1095.1640878675555,0.8914552315956796,0.47334507004768145,0.9925238747363809,0.8860444444444445,9.803221762512543,9.759581551781828,9.138709393498358,8.8199838755942,0.6049742728815924,382.77777777777777,22.22222222222222
三个固定 GP 表达式的均值,2575,0,7.0080123538172385,1106.641557376467,0.891659811104677,0.4615568371185417,0.9925285993338958,0.8829888888888889,9.67694125891095,9.679531197847274,9.083973425221025,8.436963454505454,0.6273970349915875,572.6666666666666,21.77777777777778
三个固定 GP 表达式的均值,2575,1,6.999717457260787,1097.2236646674855,0.8913837824561285,0.46167225276662116,0.992532392816736,0.8857666666666666,9.802324869803348,9.740404839393593,9.458387787609967,8.63283900047424,0.5733334779644995,471.6666666666667,16.88888888888889
三个固定 GP 表达式的均值,2575,2,6.9918214349349626,1088.2424349451871,0.8913541792074301,0.4983785956630709,0.9925353933825717,0.8911,9.834077479780632,9.80140264807075,9.309645204409684,9.130966919478428,0.5881967608752386,448.0,16.333333333333332
三个固定 GP 表达式的均值,2575,3,7.022984702961776,1123.5634177633779,0.8917875572598041,0.48413692715370416,0.9925008228046036,0.8716111111111111,9.710200068326937,9.558103062110249,9.008678831575308,8.53988644412015,0.6818363330485391,473.55555555555554,25.88888888888889
三个固定 GP 表达式的均值,2575,4,7.009188763616452,1108.5488181289008,0.8913810532457798,0.449921067793064,0.9925163031326765,0.8822333333333333,9.751267506485814,9.675854589624882,9.209210055413669,8.745822518814418,0.5810689510833015,463.55555555555554,18.77777777777778
三个固定 GP 表达式的均值,2575,5,6.9808201663525535,1075.807875302232,0.891231596519585,0.496590800005927,0.9925519086468297,0.896711111111111,9.897601141544305,9.897601141544305,9.321198069714638,8.845040795735342,0.5688166715261587,25.555555555555557,17.77777777777778
三个固定 GP 表达式的均值,2575,6,6.9799532628829155,1074.8874856790403,0.8913725591737784,0.49732739108536095,0.9925512238857888,0.8990777777777778,10.336482072893297,10.472364664313524,10.085978867337836,9.646795535812752,0.617710320132452,631.7777777777778,21.555555555555557
三个固定 GP 表达式的均值,2575,7,6.986969636580955,1082.6834239020707,0.8913814283793298,0.49801833678642915,0.9925351581017655,0.8927,9.911778737463655,9.904836142953261,9.173498803647389,8.84099505675273,0.6283593214397778,397.55555555555554,16.77777777777778
三个固定 GP 表达式的均值,2600,0,7.491815795516459,3076.6444685495717,0.6932687867274402,0.38526923745417085,0.8275260807492287,0.6880333333333333,7.82661241842116,7.823140810959704,7.256718101359144,6.645380932111633,0.4872043124774746,383.6666666666667,19.11111111111111
三个固定 GP 表达式的均值,2600,1,7.4848437756295585,3068.4347182095535,0.6933940284364792,0.3990505035260846,0.8275303697813857,0.6931444444444446,7.857495710801008,7.857495710801008,7.472957536817617,6.910894841578815,0.45282260723464574,487.22222222222223,18.0
三个固定 GP 表达式的均值,2600,2,7.233642137126605,2073.001413629342,0.7923605375976895,0.4480864173393129,0.9100358987036332,0.7954222222222221,8.881108631068491,8.881108631068491,8.335112715246186,8.238397017199524,0.5167033936459314,459.0,17.555555555555557
三个固定 GP 表达式的均值,2600,3,6.999426945853823,1096.6325314434262,0.891567143270565,0.4999121636361353,0.9925261215606311,0.8859111111111111,9.788432553045011,9.792888866178778,9.111292013281975,8.537527202653042,0.6881089441806253,477.77777777777777,23.88888888888889
三个固定 GP 表达式的均值,2600,4,7.739186469558691,4067.536813079841,0.5943631887839274,0.3500928771462105,0.7450141372211483,0.5882111111111112,6.841548156934339,6.841548156934339,6.229294530891589,6.00399424302049,0.37209690229176473,482.1111111111111,15.222222222222221
三个固定 GP 表达式的均值,2600,5,6.981074896500055,1076.0797402924306,0.8912256599841746,0.49646008864187874,0.9925578998039918,0.8983777777777777,9.898983736332097,9.898983736332097,9.375426027099039,8.881744555086279,0.6039104074899364,36.44444444444444,16.444444444444443
三个固定 GP 表达式的均值,2600,6,7.227219658574597,2065.957284107556,0.7923183401659781,0.4475424968906779,0.9100452225194096,0.7993777777777777,9.043246047892328,9.134845394496637,8.847739002780028,8.665983792199777,0.5481858240207134,581.5555555555555,23.333333333333332
三个固定 GP 表达式的均值,2600,7,7.484053711772439,3067.45083090047,0.6935624356358215,0.3997837693121962,0.8275325933975115,0.6938333333333334,7.939158653907182,7.953099489007997,7.390001680717268,7.08812399505971,0.49228651298283627,401.77777777777777,21.0
三个固定 GP 表达式的均值,2625,0,7.068472324607041,1190.3809615430175,0.8849157169464248,0.4325509003423509,0.9878385471428959,0.696288888888889,9.5217387473348,9.519772317749597,8.814151537204824,8.160033990180594,0.4592116807764674,107.11111111111111,21.444444444444443
三个固定 GP 表达式的均值,2625,1,7.067552834834686,1187.564028734952,0.885270894743075,0.44764573715498557,0.9878854252145474,0.6955111111111111,9.53530068174945,9.476357952441468,9.116822207029344,8.443821233281152,0.4899694740710512,361.44444444444446,23.77777777777778
三个固定 GP 表达式的均值,2625,2,7.021653857029425,1128.5137781526073,0.8882099452991112,0.4664136982630694,0.990189052713186,0.7977777777777777,9.741170755028223,9.685192087490273,9.112804598103015,9.029491567191169,0.5445869626489741,298.44444444444446,19.333333333333332
三个固定 GP 表达式的均值,2625,3,6.987547475770375,1083.1311301150145,0.8914540219502212,0.49798124150583056,0.9925439866400766,0.8938777777777778,9.863808420413507,9.863186849759868,9.123793266763991,8.557635742253321,0.6005475124675494,486.3333333333333,23.444444444444443
三个固定 GP 表达式的均值,2625,4,7.111504035625369,1244.8637822133037,0.882284749861938,0.4160259590562911,0.9854593848941519,0.594988888888889,9.365032138910822,9.219941399941867,8.626308489796859,8.363293484741616,0.38173308025033575,7.555555555555555,25.11111111111111
三个固定 GP 表达式的均值,2625,5,6.978890769708766,1073.7271875580577,0.8911501981670167,0.4960447604710097,0.9925595493072183,0.8996666666666666,9.908929726144187,9.908929726144187,9.392044451958226,8.87527139164518,0.6056310305544667,33.22222222222222,15.333333333333334
三个固定 GP 表达式的均值,2625,6,7.019032660313109,1125.8865667522596,0.8883445325320797,0.4673053051635699,0.9901887139886976,0.7994222222222223,9.852539217038663,10.125560682389144,9.692292640991525,9.476134412321434,0.5342325484650046,396.6666666666667,21.88888888888889
三个固定 GP 表达式的均值,2625,7,7.065871568806589,1186.749844770341,0.8850953054828505,0.43887349111135365,0.9878441902737861,0.6979666666666667,9.55301029104494,9.448936966265423,8.920466933938018,8.59948714600438,0.4912447895915165,215.44444444444446,24.333333333333332
三个固定 GP 表达式的均值,2650,0,7.018438147124893,1120.0196017939143,0.891127036053507,0.44490633934673796,0.9925008180274495,0.8769444444444444,9.705289068881996,9.586697214318562,8.938384284137198,8.24032341059904,0.6224360845534709,341.22222222222223,20.444444444444443
三个固定 GP 表达式的均值,2650,1,7.009230659371611,1108.2808167404266,0.8914781416667764,0.4636468119173359,0.9925163540890287,0.8805888888888889,9.748331966324413,9.63928046211381,9.201153829645953,8.50221155809286,0.6232181538201405,443.44444444444446,21.333333333333332
三个固定 GP 表达式的均值,2650,2,6.9943736297215615,1091.4603826179534,0.8912640829515848,0.49896811594314067,0.9925241220045344,0.8902333333333333,9.825881059346985,9.797240508297918,9.136487146992144,9.087658769867824,0.6122911470451734,321.8888888888889,17.77777777777778
三个固定 GP 表达式的均值,2650,3,6.981191280923812,1076.208273839583,0.8912646243697058,0.4967221205781228,0.9925528607039945,0.8978444444444444,9.89160958038056,9.881914786470212,9.19063794369304,8.599376329263078,0.5965658631020331,501.44444444444446,17.666666666666668
三个固定 GP 表达式的均值,2650,4,7.031888017801497,1134.7822628653857,0.8916963507178072,0.4810051375496383,0.9924811539188371,0.8667666666666667,9.592860478424562,9.552314654421565,8.846025806948843,8.534840483067292,0.6236545929268023,277.77777777777777,23.88888888888889
三个固定 GP 表达式的均值,2650,5,6.981623252671771,1076.696287159567,0.8913079067927505,0.49696949407104374,0.9925606412132117,0.8991777777777776,9.882819492104435,9.87213705641137,9.437983220522012,8.904321853635855,0.610899971177046,265.1111111111111,17.0
三个固定 GP 表达式的均值,2650,6,6.997224098592682,1095.1338556116757,0.8913464978172452,0.47922084384259567,0.992524927262589,0.8886666666666667,9.926639261939675,9.998302414091842,9.797284593630275,9.555793751317792,0.6099382998940286,472.6666666666667,22.555555555555557
三个固定 GP 表达式的均值,2650,7,7.016729478469276,1117.8427390993445,0.8911963080679928,0.45262117723664885,0.9924955978768085,0.8768555555555556,9.82955974398286,9.719826494411832,9.060288125073217,8.722869028223862,0.6161730616967093,226.11111111111111,22.333333333333332
三个固定 GP 表达式的均值,2675,0,7.007971835034198,1107.0100994486313,0.891372131534448,0.45681442115213294,0.9925208423870961,0.8802444444444444,9.761033119441532,9.703910540428684,9.199979215302731,8.325726452638257,0.5605562434863453,320.22222222222223,19.666666666666668
三个固定 GP 表达式的均值,2675,1,6.992650367159944,1088.9587842972187,0.8915086859531078,0.48618149101295427,0.992537684709473,0.8896888888888888,9.837947538618337,9.800761095460057,9.232455104978909,8.546732332271992,0.6697884510674194,455.44444444444446,19.0
三个固定 GP 表达式的均值,2675,2,6.996237941139841,1093.0921003145215,0.8915930334879979,0.5001106041017557,0.9925359340389672,0.8898444444444445,9.804265412766592,9.780226122781139,9.436769943716815,9.314837432858763,0.6019370145594929,318.1111111111111,18.88888888888889
三个固定 GP 表达式的均值,2675,3,6.983220403983224,1078.4174582179867,0.8913595569754672,0.497353065554552,0.9925566738086117,0.897,9.893884187365018,9.893884187365018,9.406179961896227,8.651958049354437,0.6025126393906152,506.0,18.11111111111111
三个固定 GP 表达式的均值,2675,4,7.0132793590108005,1111.995393548907,0.8920564342147428,0.5041393280434812,0.9925164759840394,0.8775333333333334,9.691522321762724,9.646003724352456,9.006490381470352,8.553332062862324,0.6578388649884372,734.7777777777778,25.333333333333332
三个固定 GP 表达式的均值,2675,5,6.9788421367233715,1073.6748518889226,0.8911554274292881,0.4960709292470009,0.992564037877849,0.8971777777777776,9.909881042823153,9.909881042823153,9.77599691552711,8.981409502138485,0.593624870911598,125.44444444444444,12.666666666666666
三个固定 GP 表达式的均值,2675,6,6.989431510658807,1085.4188582893573,0.89168095185995,0.4999924781016707,0.9925425841858212,0.8923333333333334,9.985162093004057,9.984128936242822,9.916882712923169,9.621147515513936,0.5964571775153733,689.8888888888889,22.88888888888889
三个固定 GP 表达式的均值,2675,7,7.008070822914682,1107.0897392593083,0.8913852677194387,0.4469971533795114,0.9925119872781551,0.8809222222222222,9.801576140479748,9.664690237658057,9.104135538921389,8.774681883306824,0.5833010056835226,233.33333333333334,20.11111111111111
三个固定 GP 表达式的均值,2700,0,6.99253004401539,1088.8108383203353,0.891497217927648,0.47866230663202824,0.9925367199550712,0.8893666666666667,9.835578707067862,9.806971206879469,9.227601006274561,8.346159528857866,0.5681802622668983,243.0,20.444444444444443
三个固定 GP 表达式的均值,2700,1,7.479871747626313,3062.892178946456,0.6932970163346079,0.3857084484076704,0.8275319410519172,0.6953222222222223,7.903601297154811,7.905415377301935,7.305039498093034,6.894184283690645,0.508978914763732,465.8888888888889,18.333333333333332
三个固定 GP 表达式的均值,2700,2,7.232875260298948,2072.1281677366683,0.7923088720740199,0.4476993336598299,0.9100433028021576,0.7935777777777778,8.891573166728662,8.892079618953835,8.67382578073968,8.456380165691122,0.540309301675023,321.1111111111111,17.22222222222222
三个固定 GP 表达式的均值,2700,3,7.231230085133883,2070.329416726217,0.7923941450276444,0.4480479017822769,0.9100538173596839,0.7984444444444444,8.894639213225274,8.88543310791065,8.527699464118593,7.839127733587617,0.5222944589163219,723.1111111111111,19.88888888888889
三个固定 GP 表达式的均值,2700,4,6.989506183367732,1085.3092705923912,0.8916746699529858,0.49938890850569984,0.9925360812779134,0.8915888888888889,9.847588643674653,9.798160316898562,9.019756681716688,8.51180815716936,0.6608694119545936,289.8888888888889,21.444444444444443
三个固定 GP 表达式的均值,2700,5,7.228084936664909,2066.8879327567647,0.7921922922065296,0.44678567774049,0.9100592443626376,0.7983555555555556,8.915369702910244,8.915369702910244,8.915369702910244,8.073880848466807,0.5600789242014143,134.88888888888889,13.777777777777779
三个固定 GP 表达式的均值,2700,6,7.724803665883152,4051.4357869421924,0.59429459068795,0.34850868768158,0.7450312477995751,0.596311111111111,7.1958376512579845,6.928818602367925,7.026042482770906,6.675644250280329,0.41847004555058503,431.8888888888889,19.77777777777778
三个固定 GP 表达式的均值,2700,7,7.489470550162439,3073.6272436106947,0.6935444305011391,0.3725639649567466,0.8275147795623327,0.6891888888888889,7.861886552807639,7.859864862888496,7.174650618311587,7.039633064935508,0.46830550522200404,246.66666666666666,17.77777777777778
三个固定 GP 表达式的均值,2725,0,6.984724451112609,1080.08351537714,0.8913247409700387,0.49125855394852963,0.9925475093207338,0.8946888888888888,9.871532753002047,9.871532753002047,9.250633072377898,8.3348819839632,0.5956515116439701,377.3333333333333,16.444444444444443
三个固定 GP 表达式的均值,2725,1,7.066281396767909,1188.2663587935099,0.884927230661694,0.4556814855916495,0.9878503219536865,0.6989111111111111,9.538427772239732,9.408454174019973,8.862835466834134,8.394246854504228,0.4691353874507817,108.0,18.22222222222222
三个固定 GP 表达式的均值,2725,2,7.021627154350113,1129.1067308179943,0.8880718676868751,0.46606253512310075,0.9901803538035472,0.798888888888889,9.735621147669498,9.642776387684366,9.483353244428885,9.255268839863879,0.5478854116984745,570.5555555555555,17.0
三个固定 GP 表达式的均值,2725,3,7.024491317905689,1134.373751193855,0.8877896536200625,0.47140647542048075,0.9902040446601421,0.7996666666666666,9.708324298146948,9.708324298146948,9.318227695408865,8.63321983141389,0.5345967385498309,293.44444444444446,15.666666666666666
三个固定 GP 表达式的均值,2725,4,6.981310998610561,1076.3324261516866,0.8912674799098065,0.4967712608298744,0.9925465844322433,0.8960333333333335,9.901329146528282,9.901329146528282,9.14747482770233,8.573157838923452,0.6294842402345272,289.0,16.555555555555557
三个固定 GP 表达式的均值,2725,5,7.020118766629669,1127.0869091614222,0.8881492886751858,0.4623329474933764,0.9902318573778017,0.7996222222222222,9.74118424068113,9.707250931020436,9.71868124412648,8.85102862635221,0.5452044314064804,599.1111111111111,16.88888888888889
三个固定 GP 表达式的均值,2725,6,7.1046081533328,1237.965739311047,0.8819117145266294,0.4137030321567114,0.9854287914737699,0.5995777777777778,9.707303568546422,9.454552627817682,9.383076857431572,9.002639158922262,0.43435980563766224,113.33333333333333,25.666666666666668
三个固定 GP 表达式的均值,2725,7,7.080958237642038,1203.8906238125944,0.8853838447035248,0.43978676328491145,0.9878184845008524,0.6912222222222222,9.477700061741952,9.389179200065856,8.8522660293356,8.705890037266919,0.4818869917561147,174.11111111111111,24.333333333333332
三个固定 GP 表达式的均值,2750,0,6.982069233982341,1077.161442731571,0.891296673144591,0.4969495487258664,0.9925519819910646,0.8984444444444445,9.87900642244888,9.888973743958582,9.275500328777737,8.333713567373106,0.6036709300523242,409.8888888888889,17.333333333333332
三个固定 GP 表达式的均值,2750,1,7.010163630857819,1109.876249274911,0.8914132359589735,0.4661577228700874,0.9925102095505053,0.8794,9.735770875191317,9.6988217095778,8.956640506684225,8.503119060788944,0.5751633326139792,124.44444444444444,19.555555555555557
三个固定 GP 表达式的均值,2750,2,7.000884846257167,1099.77028699752,0.8910766007876022,0.46835391362735224,0.9925285281732259,0.8877222222222223,9.771295467952113,9.711228226055105,9.538157922452966,9.315503379518262,0.6124391074720505,783.1111111111111,18.11111111111111
三个固定 GP 表达式的均值,2750,3,6.9997147714594625,1098.1796134714143,0.8911927767683575,0.4702378399267416,0.9925347237431983,0.8881555555555556,9.787704738569907,9.740950588472888,9.54262065446023,8.728029636732101,0.6025647642394703,454.1111111111111,16.77777777777778
三个固定 GP 表达式的均值,2750,4,6.9802325844529,1075.1720341602788,0.8912316323784714,0.4965290365572397,0.9925495199196016,0.8987333333333333,9.898203420485803,9.900479782305625,9.20950369916084,8.61888644446288,0.615879944736951,502.55555555555554,16.0
三个固定 GP 表达式的均值,2750,5,6.988835207209808,1084.9289223644926,0.8912854284797737,0.49789562076687144,0.9925492622179691,0.8914444444444444,9.855859937748429,9.823187434270501,9.784014182710676,8.894961160101467,0.6142473969823032,597.6666666666666,16.333333333333332
三个固定 GP 表达式的均值,2750,6,7.0323650564477695,1135.8135163291854,0.8914787979838837,0.4209540599873863,0.9924691417010058,0.8663555555555555,9.972888396802277,9.961917032650497,9.62582463877723,9.199359056350797,0.6043296173607575,386.22222222222223,26.333333333333332
三个固定 GP 表达式的均值,2750,7,7.0261369990591716,1127.8204063147296,0.8918246436182358,0.4790380655526957,0.9924937857783149,0.8691111111111112,9.778907014197076,9.522408943269706,9.04253841446346,8.899419603518593,0.6058579578675946,181.44444444444446,25.11111111111111
三个固定 GP 表达式的均值,2775,0,6.979673184652364,1074.5687180076009,0.8912107395816528,0.4964092276856774,0.9925553914319184,0.8972,9.905685449137192,9.905685449137192,9.471408812067688,8.388866400737,0.6244192732287822,402.8888888888889,14.555555555555555
三个固定 GP 表达式的均值,2775,1,7.003756825349587,1101.7926268114772,0.8915805432716881,0.4665805154257123,0.9925250318614078,0.8853222222222222,9.77015548156965,9.741051743396199,9.121648436418198,8.579574219098554,0.5830028835368949,121.22222222222223,20.88888888888889
三个固定 GP 表达式的均值,2775,2,7.00159783749848,1099.8923735652638,0.8913258837565328,0.47281276021376417,0.9925327139218041,0.8882222222222222,9.771805812069742,9.689173149618417,9.603100160270223,9.357919929766288,0.5729466137356991,1056.0,17.444444444444443
三个固定 GP 表达式的均值,2775,3,6.99345667402396,1090.4087209016143,0.8913080735125322,0.47862906265453703,0.992544139055279,0.8899666666666667,9.831976384112103,9.787905464863305,9.706467801943354,8.766603128443508,0.5837693616057578,665.2222222222222,16.88888888888889
三个固定 GP 表达式的均值,2775,4,6.983964340294,1079.2207286544717,0.8913735329180006,0.4973789757606778,0.9925545504884765,0.8971777777777779,9.884135733499285,9.884135733499285,9.371246500967395,8.676620391787152,0.6157673113623923,774.4444444444445,17.666666666666668
三个固定 GP 表达式的均值,2775,5,6.981898479488856,1077.0163635857834,0.8912671173759984,0.4967659364145165,0.9925602886335909,0.897388888888889,9.881877094718327,9.879726875280248,9.79946262515595,8.902405777761405,0.6262965088757877,1163.3333333333333,14.777777777777779
三个固定 GP 表达式的均值,2775,6,7.010696699502836,1109.8965679598816,0.8917118555599737,0.4773786903710969,0.9924933894353551,0.8771333333333334,10.086302169302718,9.722685780701951,9.75088545925433,9.303179851589501,0.6141143119554919,399.22222222222223,23.444444444444443
三个固定 GP 表达式的均值,2775,7,7.006637723807996,1105.0556311520438,0.8917184505971929,0.5025933396263434,0.9925153020140248,0.8800222222222222,9.814813124361416,9.758672056157287,9.174421402247061,8.958151607479644,0.6148352778790411,182.0,22.555555555555557
三个固定 GP 表达式的均值,2800,0,6.979271784701968,1074.1392487993771,0.8911949941923404,0.4963142472714048,0.9925563692754695,0.8997111111111111,9.904871944528303,9.904871944528303,9.47387241949206,8.385204109862242,0.612276628740331,425.3333333333333,14.88888888888889
三个固定 GP 表达式的均值,2800,1,6.992185997554084,1088.6446879117473,0.8913948355910382,0.49863742903141905,0.9925336344556778,0.8921777777777778,9.812800587755538,9.812800587755538,9.148294951224111,8.59153126205667,0.5994840518443931,294.77777777777777,17.22222222222222
三个固定 GP 表达式的均值,2800,2,7.243144214478949,2084.237880751569,0.792259583954032,0.4261372133886978,0.9100319413686628,0.7899777777777779,8.800553658930209,8.77702666331882,8.665074637330724,8.473244324501689,0.5107256654479668,738.6666666666666,17.555555555555557
三个固定 GP 表达式的均值,2800,3,7.483295793128668,3066.8627815809564,0.693255988592754,0.3983804483386163,0.8275391941422355,0.6932333333333334,7.870950716877554,7.870950716877554,7.795791143750658,7.028534703956465,0.44239013472387395,679.5555555555555,16.88888888888889
三个固定 GP 表达式的均值,2800,4,6.980596244912181,1075.5792296141717,0.8912450858560267,0.49664222405251734,0.9925568412303171,0.8985777777777777,9.903698916313308,9.889013914155749,9.457417003476118,8.699459303967668,0.5937788071271274,1059.111111111111,15.555555555555555
三个固定 GP 表达式的均值,2800,5,6.979075344534844,1073.927294110066,0.8911695728106559,0.4961164034457403,0.9925633803516346,0.8989222222222223,9.908363647959517,9.908363647959517,9.821895925648667,8.911506324478674,0.6092971903745468,1185.0,13.88888888888889
三个固定 GP 表达式的均值,2800,6,7.251880948211128,2093.762221826383,0.7926614751432913,0.4521676287068365,0.9100042955747565,0.7845333333333334,9.106159065678991,8.985731673516284,8.821902702348126,8.34207249143719,0.561470890197079,499.0,22.555555555555557
三个固定 GP 表达式的均值,2800,7,7.001640633458688,1099.3383680699444,0.8916296033634592,0.4775151554138378,0.992522493666825,0.8864777777777779,9.861602727136209,9.792598596916152,9.18545743511457,8.956089613410779,0.6210761885189747,349.55555555555554,21.555555555555557
三个固定 GP 表达式的均值,2825,0,6.981617195556966,1076.7028072138107,0.8912757253600184,0.4968815574601402,0.9925594381552951,0.8980666666666668,9.895765208985546,9.889332373810875,9.615135279853508,8.52674619550695,0.5911297094163555,695.8888888888889,16.666666666666668
三个固定 GP 表达式的均值,2825,1,6.987683586194167,1083.3422525241,0.8914778900627236,0.49832171383237156,0.9925475508199675,0.8945444444444445,9.865763550903033,9.865763550903033,9.285523696231115,8.673595643531257,0.5711466743449758,299.3333333333333,19.0
三个固定 GP 表达式的均值,2825,2,7.0331216190530945,1143.1487039004526,0.8882015210419252,0.4728465560763534,0.9901514532165889,0.7934333333333333,9.640601684857128,9.567847214596322,9.455388557787808,9.274904085950183,0.5124463277575994,467.8888888888889,15.88888888888889
三个固定 GP 表达式的均值,2825,3,7.067754492389266,1189.4866053276064,0.8850689006250398,0.44682908204574073,0.9878461084612249,0.6966000000000001,9.512417146851407,9.40630299110555,9.35686354873472,8.577610419855471,0.45603869528157304,711.1111111111111,19.333333333333332
三个固定 GP 表达式的均值,2825,4,6.97945861920449,1074.3416708983505,0.8912020953014428,0.49632157822563067,0.9925575829304177,0.8997111111111111,9.904704094207338,9.904704094207338,9.474288230242166,8.712639901175464,0.6210326070722805,1067.6666666666667,15.666666666666666
三个固定 GP 表达式的均值,2825,5,6.97923081122824,1074.0953726721243,0.8911780283108565,0.4961571314817835,0.9925644235384359,0.8996666666666668,9.906789543522386,9.906789543522386,9.833202815514648,8.91939150407786,0.5975422967501143,1207.2222222222222,15.11111111111111
三个固定 GP 表达式的均值,2825,6,7.033084334521816,1141.886948556754,0.8885212968777076,0.46768064998202746,0.9901709516961229,0.7906,10.025619335778039,9.98853985358239,9.683017768928394,9.170808250285258,0.5586998372526853,473.44444444444446,23.333333333333332
三个固定 GP 表达式的均值,2825,7,6.990968843018434,1087.075252743385,0.8915641203705859,0.48996990881452096,0.9925297840311552,0.8904444444444444,9.82122056071489,9.82122056071489,9.197668092937024,8.954715160848739,0.643507879751604,603.6666666666666,20.333333333333332
三个固定 GP 表达式的均值,2850,0,6.979228057144707,1074.0900135600218,0.8911917804335935,0.4962599501824221,0.9925613816508443,0.8987555555555556,9.907911375216594,9.907911375216594,9.711276619441316,8.569000042653217,0.5876884502806942,716.3333333333334,14.555555555555555
三个固定 GP 表达式的均值,2850,1,6.9808448879374545,1075.831289782687,0.8912251914986385,0.49650988747365216,0.9925518838883899,0.898688888888889,9.892543196612845,9.89788079411615,9.320122060666362,8.689748371598316,0.5815605442734206,315.8888888888889,16.77777777777778
三个固定 GP 表达式的均值,2850,2,7.002881118812321,1101.5423898159554,0.8913913895984478,0.47528038041500803,0.9925250956952429,0.8855666666666667,9.76168122425981,9.684344931993866,9.509926192519453,9.33311530290829,0.5788613917100937,1027.111111111111,17.11111111111111
三个固定 GP 表达式的均值,2850,3,7.016172526303203,1117.1376388692759,0.8913964197959527,0.48873340475583393,0.9925138545525125,0.8773333333333334,9.705370076058584,9.56862023713945,9.416867865177403,8.662052817068071,0.6115216676994536,927.4444444444445,18.555555555555557
三个固定 GP 表达式的均值,2850,4,6.978628952949382,1073.4458995065775,0.8911492539013428,0.4960356858242003,0.9925585110523785,0.8999111111111111,9.90983304683916,9.90983304683916,9.472262940083832,8.719029300060388,0.620276648446224,1376.0,13.777777777777779
三个固定 GP 表达式的均值,2850,5,6.978544295133971,1073.3549025155064,0.8911395609684833,0.4959522559644124,0.9925644926370814,0.8997333333333333,9.910346953408194,9.910346953408194,9.831249454853987,8.918434732889203,0.6182707868871699,1074.0,12.0
三个固定 GP 表达式的均值,2850,6,6.996185321800406,1093.3771654889579,0.8914817587677167,0.4723707036464721,0.992517762043733,0.8865888888888889,10.241617958643696,9.973473929256388,9.845278234618867,9.311137984368088,0.6144311579271121,478.1111111111111,24.11111111111111
三个固定 GP 表达式的均值,2850,7,6.982311941712023,1077.4339785855452,0.8913521895792227,0.4972903682160468,0.9925407054741591,0.8965666666666667,9.893550327923997,9.88540549471623,9.213483408862329,8.974327850057051,0.63447255381483,627.4444444444445,20.333333333333332
三个固定 GP 表达式的均值,2875,0,6.979050936592279,1073.9006262136054,0.8911833358072422,0.4962095162653586,0.9925626464551017,0.8993555555555555,9.903909787727018,9.906953692180807,9.722271450714594,8.569852342776793,0.6180673499028966,728.3333333333334,13.555555555555555
三个固定 GP 表达式的均值,2875,1,6.980425091295072,1075.3817141972993,0.8912252899291837,0.49649400221276696,0.9925532046915557,0.8989555555555556,9.893777523856635,9.901769759960741,9.346401123286402,8.71168560805094,0.5982326842280083,325.1111111111111,16.333333333333332
三个固定 GP 表达式的均值,2875,2,6.995297442798569,1092.57972023929,0.8913955592698211,0.5001879338830518,0.9925333494595898,0.8894333333333334,9.813071444706745,9.759680441666124,9.527819368022156,9.367056651458428,0.5816927922749078,821.5555555555555,16.555555555555557
三个固定 GP 表达式的均值,2875,3,7.0128067542435994,1113.1029842785786,0.89141547803395,0.45441767136104855,0.9925229486230095,0.8811888888888889,9.716904245425436,9.603619372409566,9.395306649721997,8.674135239271884,0.5877059786401865,1163.5555555555557,18.11111111111111
三个固定 GP 表达式的均值,2875,4,6.979533727461645,1074.420235832353,0.8912122753356285,0.49635928675184854,0.992563083472377,0.8965777777777778,9.907785858643669,9.907785858643669,9.751930252111338,8.92809518431913,0.6001733288292346,1380.0,16.555555555555557
三个固定 GP 表达式的均值,2875,5,6.978348442701525,1073.1445445706408,0.8911365762379465,0.4959403226298954,0.9925645247912587,0.8999999999999999,9.910774297495106,9.910774297495106,9.831652457140214,8.917902812916928,0.6161336384808076,1092.2222222222222,13.0
三个固定 GP 表达式的均值,2875,6,6.988662480158107,1084.6600550402704,0.8914501852095899,0.4986719547941094,0.9925317297725977,0.8921,10.304029032116546,10.101891473971087,9.951748892807956,9.385345530716869,0.642637523725749,489.6666666666667,24.0
三个固定 GP 表达式的均值,2875,7,6.985723657673778,1081.2055608780547,0.891562362354224,0.4987616074110455,0.9925497177268734,0.8961444444444445,9.877513181727036,9.822828849885587,9.374901698669747,9.062237879382224,0.5920442761192102,819.7777777777778,20.444444444444443
三个固定 GP 表达式的均值,2900,0,7.2274368776807165,2066.191861988056,0.7921976685362407,0.4468217182679668,0.9100550337344002,0.7995555555555556,8.914618717950722,8.909730253127995,8.718111007523788,7.770315930324788,0.5436910695807398,1006.7777777777778,14.333333333333334
三个固定 GP 表达式的均值,2900,1,7.474963941472364,3057.553577811654,0.6931116320801927,0.39694001777015225,0.8275403718070916,0.6991333333333334,7.92884336566362,7.92884336566362,7.579393382891112,6.978240784744618,0.4779593026326826,345.1111111111111,13.777777777777779
三个固定 GP 表达式的均值,2900,2,6.993069487930647,1090.0352415481093,0.8913287673845655,0.49944370722815074,0.9925400601236551,0.8908666666666666,9.82541101674817,9.82541101674817,9.559491382725533,9.402812671032148,0.6038748346743061,843.0,14.88888888888889
三个固定 GP 表达式的均值,2900,3,7.004049460824835,1102.3443524012755,0.8914755746329686,0.4791318667794893,0.9925342234579415,0.8838333333333335,9.722167296492835,9.722167296492835,9.404813824130823,8.701534754109488,0.5935833327350712,1175.2222222222222,17.0
三个固定 GP 表达式的均值,2900,4,7.226356581996121,2065.027071752217,0.7921373066200009,0.44647914655467413,0.910056144796455,0.8000000000000002,8.920673737557458,8.920673737557458,8.76455292753041,8.051920049162838,0.5362381876716787,1405.0,13.333333333333334
三个固定 GP 表达式的均值,2900,5,7.226350112916909,2065.020127825617,0.7921109149088253,0.44632008831732173,0.91005709080443,0.8000000000000002,8.920685089653158,8.920685089653158,8.841562717372728,8.00286930335785,0.5571395277635592,1124.0,13.11111111111111
三个固定 GP 表达式的均值,2900,6,6.979847378411546,1074.7692984554005,0.8913199699898416,0.497086878100643,0.9925418314871417,0.8974111111111109,10.384137866847247,10.072982972727855,10.042144218375007,9.443132929769597,0.6508433260828084,510.3333333333333,21.11111111111111
三个固定 GP 表达式的均值,2900,7,6.979760164168102,1074.6646288063282,0.8912463703099007,0.49657696802887735,0.9925521042991183,0.8993111111111111,9.90403581418766,9.904748579127071,9.403748370526776,9.072028984066456,0.5899043130970582,645.5555555555555,17.444444444444443
三个固定 GP 表达式的均值,2925,0,7.02858700808544,1136.9719890949757,0.8882748181027845,0.4664443081178735,0.9902187974901838,0.797888888888889,9.60276784622017,9.664212568220794,9.600149859854621,8.632647033969766,0.5273589870640919,844.5555555555555,18.333333333333332
三个固定 GP 表达式的均值,2925,1,7.065889292962996,1187.5756953543282,0.8850051927183311,0.46274828629139997,0.9878734831923944,0.6984444444444445,9.544061409005671,9.493383795685354,9.223473355893603,8.535394669259823,0.4683376365980215,205.0,19.555555555555557
三个固定 GP 表达式的均值,2925,2,6.991901598471716,1088.2753398973173,0.8915280542587252,0.49946853145075143,0.9925486119442346,0.8924666666666666,9.849294497103152,9.759200622260366,9.661481374179859,9.405667333297629,0.6153280859315667,854.0,15.333333333333334
三个固定 GP 表达式的均值,2925,3,6.991052513408511,1087.1416258718828,0.8914962429511915,0.49866686312132075,0.9925441737150176,0.8904666666666667,9.850854694733897,9.781708328485838,9.397841669783261,8.690409736431658,0.5900427267712888,1194.0,18.666666666666668
三个固定 GP 表达式的均值,2925,4,7.023066452242825,1131.4874579387085,0.8880309279707571,0.4751146824645518,0.9901980203297032,0.7982666666666667,9.741047700660694,9.689550314240488,9.69014913156101,8.872762906693303,0.5546134322301772,1616.111111111111,15.88888888888889
三个固定 GP 表达式的均值,2925,5,7.022961545454922,1132.0577309188411,0.88785236465937,0.4656142071170984,0.9901953540255115,0.8000000000000002,9.719121159089148,9.719121159089148,9.632365180107492,8.788433170483064,0.5457440372545128,1036.7777777777778,15.11111111111111
三个固定 GP 表达式的均值,2925,6,6.9798488190954835,1074.76082577034,0.8913518794020621,0.4971814252019219,0.992547591430561,0.8985555555555556,10.515657218448311,10.584463323163403,10.157298825453973,9.526908478655571,0.6274084828280184,511.77777777777777,21.77777777777778
三个固定 GP 表达式的均值,2925,7,6.980277714740009,1075.2221016056542,0.8912491010558833,0.49659422978288464,0.9925575409224824,0.8980444444444444,9.958747179347254,9.958747179347254,9.540232470230585,9.22103400368425,0.5915968501590575,656.6666666666666,17.11111111111111
三个固定 GP 表达式的均值,2950,0,6.992615795748817,1089.3530621148343,0.8914546909386112,0.4876072335344208,0.9925445863205202,0.8879888888888889,9.8504655803516,9.77993494291802,9.765507988879937,8.768594662808624,0.6046022630620645,794.8888888888889,16.22222222222222
三个固定 GP 表达式的均值,2950,1,7.00904728841618,1108.4964126190566,0.8913857925267256,0.45688437879005434,0.9925123471501212,0.8798666666666667,9.74477722189576,9.695821539517308,9.28788616130508,8.585754828325971,0.598461917609405,228.44444444444446,17.0
三个固定 GP 表达式的均值,2950,2,6.981706770012179,1076.801265248105,0.8912725480547581,0.4968008207209666,0.9925591397022995,0.8963777777777777,9.89552271279952,9.89552271279952,9.697281617910871,9.38057625572033,0.6147445399034285,873.1111111111111,14.88888888888889
三个固定 GP 表达式的均值,2950,3,6.9805743432648075,1075.546455756758,0.8912301694561755,0.4965466619236769,0.992553592099906,0.8969666666666668,9.899733145043273,9.893229040479108,9.40388573550801,8.672436970960442,0.5983303796038928,1212.0,17.333333333333332
三个固定 GP 表达式的均值,2950,4,6.997955544657119,1096.1602214194477,0.8911582800566075,0.49955829076030867,0.9925374624811584,0.8888888888888888,9.815847141816786,9.7542802017198,9.73373357537951,8.912715997894955,0.6026364596529281,1637.111111111111,14.555555555555555
三个固定 GP 表达式的均值,2950,5,6.997183810841128,1095.163608689774,0.8911439802901653,0.4991494769671565,0.9925380624869251,0.8886333333333334,9.808268456033717,9.754346247499189,9.67595231320518,8.815853553038474,0.6106920100348598,1058.888888888889,16.555555555555557
三个固定 GP 表达式的均值,2950,6,6.9781409335554,1072.9224777067006,0.8912801977624655,0.4967844574169471,0.9925494295152839,0.8997111111111111,10.50595534873948,10.271166507712078,10.219538544970607,9.556842960715647,0.6279359974727767,533.3333333333334,20.22222222222222
三个固定 GP 表达式的均值,2950,7,6.978394047030273,1073.1935106308306,0.8911835848633659,0.4962230980415321,0.9925583247766716,0.8996222222222223,9.912170174100387,10.003314687703236,9.552587515705024,9.23906677216221,0.611620040417836,873.4444444444445,15.88888888888889
三个固定 GP 表达式的均值,2975,0,6.980524969287163,1075.5036851918112,0.8912221041480571,0.48174632687140956,0.9925593989148239,0.8959444444444445,9.904426424764932,9.904426424764932,9.761610721486512,8.762462815576258,0.6230957139590987,1098.0,15.0
三个固定 GP 表达式的均值,2975,1,6.997980313349767,1095.0848929975682,0.8916262273542355,0.4865441263412527,0.9925365636227017,0.8860777777777779,9.808763781974319,9.807261249089386,9.549875925886548,8.71132514108163,0.6174167036708172,365.0,20.88888888888889
三个固定 GP 表达式的均值,2975,2,6.981014838374438,1076.040693536224,0.8912648095409232,0.4966912638099428,0.9925618955863048,0.8983333333333334,9.899866473320053,9.899866473320053,9.709747423513974,9.38601063442499,0.5909514041347399,895.3333333333334,14.666666666666666
三个固定 GP 表达式的均值,2975,3,6.981126807715136,1076.142299509972,0.89127686585469,0.4967433657967435,0.992557419497686,0.8988,9.895418751519534,9.895418751519534,9.436341775562406,8.705892854335765,0.617044345397341,1225.7777777777778,17.11111111111111
三个固定 GP 表达式的均值,2975,4,6.994592703277628,1091.9156510728158,0.891224903886982,0.49885116051763095,0.9925396937244475,0.8910555555555556,9.813912634615228,9.788820399012854,9.74678562415275,8.912435164442265,0.5881784226509242,1658.111111111111,13.88888888888889
三个固定 GP 表达式的均值,2975,5,6.995415123442701,1092.9407802642413,0.891195288989706,0.4988978810857511,0.9925391737530868,0.8903777777777778,9.818148484291264,9.77852985258049,9.655120893161094,8.80706851567471,0.6103898776201824,1083.888888888889,15.222222222222221
三个固定 GP 表达式的均值,2975,6,6.978839141362727,1073.6738292509358,0.8913102062247794,0.49694196995108864,0.9925510379530231,0.8989888888888888,10.497398030922284,9.914724893469373,10.306039747209773,9.604264270923615,0.6249178382430061,539.5555555555555,22.88888888888889
三个固定 GP 表达式的均值,2975,7,6.978586479194658,1073.400568681819,0.8912056960171229,0.4963278838568883,0.992559036556532,0.8998444444444446,10.012944370762662,9.910843107025615,9.552580678884032,9.239738717244572,0.6206904513055684,962.6666666666666,15.333333333333334
三个固定 GP 表达式的均值,3000,0,7.474518749653072,3057.0750559571625,0.6931215528632458,0.39695494374189777,0.8275464374905934,0.6999111111111112,7.930159269463279,7.930159269463279,7.780789328131888,7.0831468115082155,0.4862192254932814,1193.5555555555557,15.0
三个固定 GP 表达式的均值,3000,1,7.233097708218285,2072.455312155816,0.7923823597501803,0.4301419107914755,0.9100415503192758,0.7941777777777779,8.889419412941598,8.875811076442561,8.597200495629787,7.833961619187357,0.5530137650688304,386.3333333333333,17.333333333333332
三个固定 GP 表达式的均值,3000,2,7.725708851764614,4052.4026354910675,0.5942397175513243,0.34823638975692917,0.7450430849478665,0.5978666666666668,6.926341452433923,6.922480573355789,6.892934136786162,6.66517887193835,0.4169171406006194,1113.3333333333333,16.88888888888889
三个固定 GP 表达式的均值,3000,3,7.226878145557161,2065.587497414568,0.7921589647531295,0.44663660422997786,0.9100511636102164,0.7996000000000001,8.919044335040345,8.919044335040345,8.446494630266601,7.86521131698964,0.5452720165264384,1246.0,12.777777777777779
三个固定 GP 表达式的均值,3000,4,7.736226233393107,4064.6307941159457,0.5942140846737374,0.3289310265459315,0.7450204271738856,0.5918888888888889,6.869476668297832,6.796259381140547,6.776310694838576,6.26557737926235,0.4100154101992037,1679.3333333333333,13.88888888888889
三个固定 GP 表达式的均值,3000,5,8.478201206190143,7037.777135163678,0.29720431980677525,0.20078174878191163,0.4975037749245144,0.29215555555555556,3.9075614288055283,3.9075614288055283,3.8206172048545364,3.623585185813137,0.1980212010105351,1096.4444444444443,15.333333333333334
三个固定 GP 表达式的均值,3000,6,7.72179756423298,4048.1749934676172,0.5941626714905307,0.3477203522869774,0.7450324160483296,0.5998222222222223,7.047176780217344,6.9698222381738955,6.856171298211224,6.71987757649786,0.42313991413544993,559.0,18.555555555555557
三个固定 GP 表达式的均值,3000,7,7.477298098099579,3060.102202833466,0.6932670436027373,0.3978187077477575,0.8275465953749056,0.6979555555555556,8.030586650000451,7.900880319267411,7.689452404221267,7.334800362808628,0.4864203886468547,979.1111111111111,17.333333333333332
三个固定 GP 表达式的均值,3025,0,7.057481851541984,1175.1187397778199,0.8853494454822917,0.45726114914276383,0.9878940438706435,0.6999333333333334,9.618217774527796,9.481665692063187,9.358643540323948,8.659925444345506,0.48515521722643334,1065.3333333333333,17.88888888888889
三个固定 GP 表达式的均值,3025,1,7.02577541073197,1134.0067028623346,0.8883300513844541,0.4701511979265464,0.9901977174017433,0.7972444444444444,9.706326563157013,9.63662881885739,9.375570928650406,8.619899965728123,0.5395544033711974,574.4444444444445,19.555555555555557
三个固定 GP 表达式的均值,3025,2,7.105368800455956,1239.0176198532006,0.881672205830373,0.40414646194700377,0.9854775360682824,0.5997333333333335,9.408594650608224,9.259070125857201,9.275222780531907,9.056157438454555,0.41890214646128116,828.2222222222222,19.444444444444443
三个固定 GP 表达式的均值,3025,3,7.021441847821723,1129.3989926012532,0.888130367149393,0.4644809090592784,0.9902090206250455,0.7997555555555557,9.718219021318127,9.672845319435044,9.234800251643765,8.637539208462131,0.525210271191662,1092.111111111111,14.222222222222221
三个固定 GP 表达式的均值,3025,4,7.112882140981619,1246.5759818186225,0.8821285956110541,0.39259947522191013,0.9854919995865248,0.5940333333333334,9.345554239961373,9.232465146678244,9.183072354236696,8.630788518441797,0.4169103866470645,938.3333333333334,21.22222222222222
三个固定 GP 表达式的均值,3025,5,7.23625847200071,1408.1410797084563,0.8728528566435708,0.38137517754674927,0.9784394410943964,0.29516666666666663,8.869464171518926,8.440550052385666,8.604669210973018,8.381808235278344,0.20004805222707006,26.444444444444443,27.444444444444443
三个固定 GP 表达式的均值,3025,6,7.112751819213448,1248.9455310882363,0.8818453362857699,0.4032599933162351,0.9854440876290987,0.5981333333333334,9.60511237473662,9.523912768356555,9.363743221309084,9.198505162952578,0.4145441660706838,33.22222222222222,26.11111111111111
三个固定 GP 表达式的均值,3025,7,7.067599029111891,1190.9948935843706,0.8846688017881056,0.44668810558369515,0.9878173217509875,0.6995666666666667,9.551449299007906,9.474842071797404,9.25150613461927,8.867905672160909,0.48374995848207836,608.7777777777778,18.88888888888889
三个固定 GP 表达式的均值,3050,0,7.0124311326193585,1112.551915442501,0.8913641112357801,0.4515176924749897,0.992517188534683,0.8793666666666667,9.70685851496897,9.650486698145373,9.426766203369082,8.749208552978962,0.6055393889213206,1082.2222222222222,16.88888888888889
三个固定 GP 表达式的均值,3050,1,6.992678940512221,1089.4172536848669,0.8914061061459017,0.49944809235626686,0.9925382311402375,0.8893333333333335,9.83427047140093,9.81535061995235,9.404999856911054,8.636459158139676,0.5896563466845257,593.8888888888889,15.88888888888889
三个固定 GP 表达式的均值,3050,2,7.0277512455690925,1130.3354763500229,0.891273206558759,0.5044468038573746,0.992486670739004,0.8715333333333333,9.655994351517506,9.539258959712612,9.418828365017482,9.188597843139252,0.6115466516259481,845.5555555555555,20.88888888888889
三个固定 GP 表达式的均值,3050,3,6.998150332514452,1096.2507421123048,0.8913076227757506,0.46886696154405055,0.9925336399979532,0.8874888888888888,9.799299653599357,9.739699962499033,9.38325206054052,8.71691440903571,0.593572726675943,1104.4444444444443,16.555555555555557
三个固定 GP 表达式的均值,3050,4,7.019658752285633,1120.1715954143149,0.8916573930621055,0.4587056470763147,0.9925030231364027,0.8707555555555556,9.700769968094093,9.598508022357379,9.385964751815981,8.795654580931014,0.612862512917897,952.6666666666666,21.88888888888889
三个固定 GP 表达式的均值,3050,5,7.077369443942415,1187.6525280055291,0.8917021480550075,0.5150490974271702,0.9924109609681236,0.8356888888888889,9.416665124352864,9.014185556071235,8.964977515588725,8.687206846823559,0.5664255436062815,97.11111111111111,27.88888888888889
三个固定 GP 表达式的均值,3050,6,7.024518501701034,1126.4518473575718,0.8915134629004812,0.4492152655032353,0.9924821729879962,0.8690444444444444,9.925791867047367,9.925341639002678,9.594594765106303,9.421964228972243,0.5938007823621931,41.77777777777778,22.555555555555557
三个固定 GP 表达式的均值,3050,7,7.018217668000179,1119.826185913401,0.8912866613559323,0.4783780447790568,0.9924994888799391,0.877311111111111,9.688037894110627,9.587188610007015,9.358215899886106,8.9772619834197,0.6056374614492747,625.8888888888889,21.22222222222222
三个固定 GP 表达式的均值,3075,0,6.997731790256315,1094.8597992585785,0.8915818194878603,0.45987057535826675,0.9925355551288403,0.8864333333333333,9.821529005712074,9.75484618840732,9.435025805257249,8.770530857225063,0.6404427391493027,800.8888888888889,20.22222222222222
三个固定 GP 表达式的均值,3075,1,6.984974610232347,1080.3649867862541,0.8914223158382532,0.4852621757696307,0.99255012505637,0.8952000000000001,9.883296802216549,9.862815950641023,9.416138217204336,8.646011627661153,0.6135825348658872,301.55555555555554,17.77777777777778
三个固定 GP 表达式的均值,3075,2,7.012085394270318,1111.575299481818,0.8914983650229102,0.5020080379424077,0.992513627738967,0.8794,9.7216293995504,9.649749672047184,9.467264959715115,9.244189950223154,0.6510358972364831,931.1111111111111,19.0
三个固定 GP 表达式的均值,3075,3,6.994861161754743,1092.0706864359274,0.8914004701300704,0.4828184158570131,0.9925361107344608,0.8906555555555555,9.812606966734325,9.760132070348748,9.41219742540924,8.725819314236468,0.6184594543586065,1124.5555555555557,16.11111111111111
三个固定 GP 表达式的均值,3075,4,6.994701702610403,1091.2383384100606,0.8916187315667072,0.499823969918328,0.9925380700726554,0.8871555555555556,9.810718358179727,9.786441978720852,9.407521083889252,8.805426668000445,0.6812548700371949,966.0,19.444444444444443
三个固定 GP 表达式的均值,3075,5,7.0501094510718065,1155.1519375554817,0.8918196686647697,0.45213960361100775,0.9924521582236776,0.8539222222222222,9.515599469079568,9.336756060342285,9.033441124845922,8.715348300249552,0.6092933306517996,100.44444444444444,26.666666666666668
三个固定 GP 表达式的均值,3075,6,7.0013259658738995,1098.8548479012686,0.8917380884007061,0.5016987032980758,0.9925154770173807,0.8825333333333334,10.165220190212654,10.169370248405933,9.672118914187234,9.48745630148649,0.6101296311267915,299.8888888888889,23.333333333333332
三个固定 GP 表达式的均值,3075,7,7.0159759464912375,1116.5339772205741,0.8914569075124257,0.4583321326373485,0.9925132231658645,0.8771111111111112,9.725422855702542,9.600745333284436,9.549541230909572,9.125168915574402,0.6056646313348898,635.8888888888889,18.22222222222222
三个固定 GP 表达式的均值,3100,0,7.730989609065012,4058.2911259204266,0.5943772567985239,0.32991029382205656,0.7450250604751871,0.5932000000000001,6.896660364218318,6.896660364218318,6.475899874658147,6.102010823266694,0.4514994116612143,822.1111111111111,18.0
三个固定 GP 表达式的均值,3100,1,7.2277829436486485,2066.563392032664,0.792178563863151,0.446744599577459,0.910048301083466,0.7985111111111112,8.910607264289132,8.910607264289132,8.463156204209518,7.777384295897455,0.5288381929082084,318.0,13.0
三个固定 GP 表达式的均值,3100,2,7.4885029228365045,3072.706432196972,0.6933713212931942,0.39948654856343474,0.8275219642005839,0.6892999999999999,7.856535328488917,7.856535328488917,7.542612906309362,7.392195238696792,0.49756795608062593,939.7777777777778,19.11111111111111
三个固定 GP 表达式的均值,3100,3,8.2363245507722,6052.601947258213,0.3965352359779517,0.23250100655857026,0.5800100679756504,0.3912111111111111,4.806715008217143,4.832433496166434,4.553485389545716,4.3970748108765285,0.30758811914057194,1550.5555555555557,17.11111111111111
三个固定 GP 表达式的均值,3100,4,7.4805375792028785,3063.590499487321,0.6933424924805396,0.3982525505115758,0.8275356268026954,0.6950333333333334,7.887428257611243,7.887428257611243,7.413776662839049,7.057978831444692,0.5113444589290245,979.8888888888889,18.666666666666668
三个固定 GP 表达式的均值,3100,5,7.265935106262038,2109.4903484479,0.7927379220967548,0.4536561705155023,0.9099869030706818,0.7716999999999999,8.640086732976402,8.640086732976402,8.124901927830804,7.878159204263239,0.5253760086031111,31.666666666666668,25.22222222222222
三个固定 GP 表达式的均值,3100,6,7.240489061975834,2080.681784645234,0.7925984691764372,0.45013411554199906,0.9100241882572442,0.7904222222222221,9.120111961600795,9.138103056023583,8.758925174796042,8.548980035717413,0.5479190106337077,530.8888888888889,23.88888888888889
三个固定 GP 表达式的均值,3100,7,7.500708025898179,3086.9308153500374,0.6934547326562438,0.3761612762076727,0.8275066741968495,0.6836555555555557,7.803980799429646,7.803980799429646,7.585033885610697,7.284538019533788,0.4438778210856711,653.8888888888889,17.555555555555557
三个固定 GP 表达式的均值,3125,0,7.105576400311636,1238.7727239075148,0.8819789442951443,0.4064368527489598,0.9854920509691354,0.5980333333333334,9.44034819576444,9.235343434719491,8.79078344990856,8.416380721410171,0.41679125007012124,118.0,22.555555555555557
三个固定 GP 表达式的均值,3125,1,7.0235135385366805,1132.324893852347,0.8880327463264149,0.47136848386568325,0.9902043724440929,0.7992,9.74013664108032,9.64062299322794,9.246132455757895,8.570171278691964,0.5422955313817491,296.22222222222223,17.88888888888889
三个固定 GP 表达式的均值,3125,2,7.068522583655909,1190.691762894915,0.8848928678530542,0.4394200809189074,0.9878003127491866,0.696288888888889,9.54214242536449,9.498846254729992,9.183662305710676,9.020974746648685,0.45050256368715225,338.77777777777777,19.666666666666668
三个固定 GP 表达式的均值,3125,3,7.195077871130577,1355.9750833970288,0.8756001000475216,0.35810061645149777,0.9808072240104683,0.39487777777777777,9.020601444017537,8.778748193061837,8.492953011759925,8.207701504720136,0.3091531496619619,284.1111111111111,28.0
三个固定 GP 表达式的均值,3125,4,7.069323597562808,1192.314187333529,0.8847658614331677,0.4390710517290598,0.9878271732017527,0.6983333333333334,9.538947642494358,9.461467442753786,9.007330132898472,8.629528532744077,0.49854899618486226,643.3333333333334,20.444444444444443
三个固定 GP 表达式的均值,3125,5,7.043400754299405,1154.48067087179,0.8883978656544064,0.5038385882932788,0.990156284131078,0.7862888888888889,9.56928180417775,9.533747740810629,8.951677242333822,8.693853041981734,0.5352649636581103,3.6666666666666665,24.11111111111111
三个固定 GP 表达式的均值,3125,6,7.0313770900361305,1141.8317979470908,0.8881600783751648,0.4655056109643884,0.9901510443224589,0.7932,9.898218047804848,9.715323744601726,9.579009284522213,9.337090044215778,0.5468573754661546,507.77777777777777,22.77777777777778
三个固定 GP 表达式的均值,3125,7,7.080965965997174,1204.7099573925059,0.8852223202166523,0.43454699111607487,0.987802832072999,0.6882666666666667,9.505942514935562,9.437071285889338,9.127764641222935,8.829071492591076,0.4653211816577563,351.55555555555554,20.666666666666668
三个固定 GP 表达式的均值,3150,0,7.031943786674916,1135.66823588076,0.891233036887315,0.4533984821763727,0.9924821939247777,0.8689444444444444,9.622869847754705,9.545496856869782,8.926748600305066,8.542782414299275,0.5953312546281723,142.0,20.77777777777778
三个固定 GP 表达式的均值,3150,1,6.999310406813247,1097.7287592714506,0.8911364857761147,0.4861308696865194,0.9925311111094994,0.8883222222222222,9.789052515243373,9.736874963345446,9.273020662455913,8.595118598949876,0.6056512641513944,316.77777777777777,16.333333333333332
三个固定 GP 表达式的均值,3150,2,7.015735387966237,1116.2541230666243,0.8914622129286806,0.47768408041158344,0.9925005472023708,0.8771777777777777,9.698648984204782,9.59763965440773,9.331089619065144,9.185327552435032,0.5744809661934985,674.2222222222222,21.88888888888889
三个固定 GP 表达式的均值,3150,3,7.073654386508687,1184.1083059570997,0.8914624805029656,0.3925551475419779,0.9924448273134546,0.8463555555555556,9.354657006418815,9.243185209420705,8.885859265579668,8.506883233779181,0.6111410605982861,285.6666666666667,28.77777777777778
三个固定 GP 表达式的均值,3150,4,7.0181577788994804,1119.5552572837587,0.8911949674597577,0.5027256596819015,0.9925057738942209,0.8769444444444444,9.70122976857893,9.585106897959989,9.195038647224969,8.807862862077695,0.6164094329832603,654.3333333333334,21.666666666666668
三个固定 GP 表达式的均值,3150,5,7.005836660349778,1104.5762086880034,0.8915382780814523,0.502437074722966,0.9925101598592528,0.8822888888888889,9.756131643176062,9.693156665121732,9.037541539331299,8.754799979479609,0.56773269972556,11.222222222222221,22.555555555555557
三个固定 GP 表达式的均值,3150,6,7.0009168748369515,1099.413563471006,0.8913684576923429,0.4773765417949833,0.992514335198718,0.8866444444444443,9.986789248396095,9.888545880540132,9.717537623588877,9.441451370009739,0.6101044438576844,820.3333333333334,23.555555555555557
三个固定 GP 表达式的均值,3150,7,7.020602670441018,1122.3418377269434,0.8913581788489431,0.44395760426255815,0.9924945349295385,0.8740444444444445,9.688028186688715,9.614156114279908,9.25212435262589,8.958023245956122,0.5840528534437663,601.0,20.11111111111111
三个固定 GP 表达式的均值,3175,0,7.005637947263839,1103.8640309760217,0.8915600729534644,0.4441923112251327,0.9925203013716981,0.8772,9.77040350992535,9.703199535169496,9.13041078363406,8.54080765710166,0.6087294750861946,136.0,19.11111111111111
三个固定 GP 表达式的均值,3175,1,7.000132630474166,1098.1585326972697,0.8913606171723024,0.4740602405431338,0.992536888391817,0.888977777777778,9.804544430206997,9.743341963242349,9.375497135997607,8.648600597858959,0.5859124380516442,233.22222222222223,20.555555555555557
三个固定 GP 表达式的均值,3175,2,7.001612395847608,1099.257335516307,0.8916141550043688,0.5009622874715449,0.9925268906269604,0.8854666666666667,9.787908549723761,9.714742279641946,9.416011717857852,9.268193515973495,0.5849064974396684,682.3333333333334,20.22222222222222
三个固定 GP 表达式的均值,3175,3,7.043419140220138,1147.4868162764672,0.8918014888396623,0.4522899738530987,0.9924752933965283,0.8604888888888889,9.574868985867665,9.384988090585392,8.95607861835943,8.50476338730007,0.6306516746402828,444.3333333333333,26.88888888888889
三个固定 GP 表达式的均值,3175,4,7.0066511288388025,1105.5315823821006,0.8913214463293789,0.4793965711598267,0.9925196146288555,0.8820666666666666,9.770126207893462,9.678173357764516,9.21965515371575,8.815212201917753,0.5739337330066911,665.5555555555555,17.555555555555557
三个固定 GP 表达式的均值,3175,5,6.996224011954673,1093.6524943760649,0.891372194657365,0.5003524331631687,0.9925205614417977,0.888788888888889,9.815906538544521,9.750531130851895,9.111902010161742,8.804058342188661,0.5826038340931844,13.333333333333334,18.22222222222222
三个固定 GP 表达式的均值,3175,6,6.993501631234581,1090.5251592179413,0.8914229970411373,0.47237338674206675,0.9925244489884817,0.8901666666666667,10.076348378482606,10.108210141369685,9.787879911975079,9.484828530814786,0.6087270488422073,825.3333333333334,24.11111111111111
三个固定 GP 表达式的均值,3175,7,7.012609300849809,1112.654346482514,0.8914284148941398,0.4556109903134191,0.9925030377814701,0.8793666666666666,9.74545063708977,9.661229171347754,9.266459779802204,8.981066447049049,0.6161022494813113,617.4444444444445,20.333333333333332
三个固定 GP 表达式的均值,3200,0,7.484894466631175,3068.443603482554,0.6934237244306013,0.38348613671806653,0.8275281683289959,0.6923888888888889,7.8718400027172635,7.8718400027172635,7.1422804176189665,6.752875294286953,0.48749365150886426,151.0,20.555555555555557
三个固定 GP 表达式的均值,3200,1,7.48649034877399,3070.654367623919,0.6932297043997848,0.3988871260728441,0.8275256314749945,0.6926111111111112,7.842977689553491,7.842977689553491,7.41753066775861,6.936341183500346,0.47868505371371267,251.44444444444446,15.444444444444445
三个固定 GP 表达式的均值,3200,2,7.483361567880229,3066.740487583856,0.6934107876554576,0.3989384991148131,0.8275336990462883,0.6925888888888889,7.877783620597961,7.877783620597961,7.492838921285138,7.402537092682603,0.4576403704586311,697.7777777777778,16.88888888888889
三个固定 GP 表达式的均值,3200,3,7.014231628436245,1113.5303109061044,0.8917833915912686,0.5031485209450653,0.9925086353386006,0.8771222222222222,9.691835751730558,9.691835751730558,8.980454546688957,8.502207001503361,0.6949139404699541,446.8888888888889,24.555555555555557
三个固定 GP 表达式的均值,3200,4,7.486433093753957,3070.145440850872,0.6934386042707842,0.3992905143152097,0.8275274323831961,0.6905888888888889,7.841848965541061,7.841848965541061,7.289274105037123,7.015764481911315,0.4256413620669378,673.7777777777778,17.444444444444443
三个固定 GP 表达式的均值,3200,5,6.991762977762689,1088.2067289984677,0.8914236998995277,0.49918687205062384,0.9925369931475121,0.8901666666666667,9.812616563981686,9.818029693573564,9.250764672953231,8.894638702519137,0.5843880786941935,21.22222222222222,17.11111111111111
三个固定 GP 表达式的均值,3200,6,6.986553632013363,1082.1830694549772,0.8915415261284058,0.49870976725779,0.9925382759768289,0.8935666666666666,10.37820391399485,10.402222140671116,10.031102340426784,9.540908953968163,0.594407727572864,748.6666666666666,23.333333333333332
三个固定 GP 表达式的均值,3200,7,7.748216261442059,4078.2004302063933,0.5943990923899656,0.32704761772743945,0.7449963386551148,0.5835333333333332,6.74861256216443,6.74861256216443,6.292855658065096,6.170133999025364,0.41663735686400094,627.6666666666666,19.11111111111111
三个固定 GP 表达式的均值,3225,0,7.065851796488563,1187.488558234562,0.8848279216473158,0.4333416456048945,0.9878497078749121,0.6978444444444444,9.519902494876327,9.519902494876327,8.695146928725011,8.299940847969772,0.48616625830949445,292.0,17.88888888888889
三个固定 GP 表达式的均值,3225,1,7.078614149314619,1203.1228819725934,0.8848326561735185,0.4206783110392807,0.9878421557098727,0.6931444444444446,9.465922902773332,9.408758445000993,8.987786695771192,8.498188668268579,0.47958991848612853,120.66666666666667,21.22222222222222
三个固定 GP 表达式的均值,3225,2,7.062565523966657,1182.0125751776259,0.8851817781054618,0.4356315122008982,0.9878467316645829,0.6979555555555556,9.58349361613751,9.471991959188925,9.127894138971218,9.023853957520823,0.48842492975915697,431.6666666666667,17.22222222222222
三个固定 GP 表达式的均值,3225,3,6.996005166890562,1092.9207456945887,0.8914744020771632,0.49936548846329426,0.9925326560952388,0.8886777777777778,9.806055932539897,9.738523864255924,8.94947975536279,8.467183139297951,0.6388244566397555,688.7777777777778,21.11111111111111
三个固定 GP 表达式的均值,3225,4,7.066430410898494,1187.0190387941877,0.8851764885922111,0.43937552984148553,0.9878354909253013,0.6970888888888889,9.540293718739598,9.449049026129002,8.873019828655922,8.59408802384997,0.47558873659059586,108.22222222222223,20.444444444444443
三个固定 GP 表达式的均值,3225,5,6.990303070044806,1086.5668775708973,0.8914231294668207,0.4989797119926108,0.9925389636895233,0.892488888888889,9.857348118016642,9.789865161617053,9.287240545612917,8.921979131891138,0.6018786601364757,18.666666666666668,18.22222222222222
三个固定 GP 表达式的均值,3225,6,6.979720638623009,1074.6330010019817,0.8913536493018783,0.497219201668431,0.992547274101354,0.8984222222222221,10.308784551695647,9.904417921139752,10.108161875188818,9.584195197866784,0.5982452675036831,833.5555555555555,21.666666666666668
三个固定 GP 表达式的均值,3225,7,7.1169565800268515,1250.6737489883487,0.882241682438138,0.39847819117873323,0.9854598064927428,0.5893333333333334,9.409944644145034,9.07265561446669,8.579583832641568,8.447779422992951,0.39574899588604623,271.1111111111111,26.22222222222222
三个固定 GP 表达式的均值,3250,0,7.016197401407793,1117.1678147661783,0.8912178833829844,0.4540280706448909,0.9925020107068906,0.8784444444444444,9.711542853072668,9.641354242912003,8.793086271448846,8.382197985703582,0.6258634201410973,313.55555555555554,19.666666666666668
三个固定 GP 表达式的均值,3250,1,7.021816910930038,1123.4567065673652,0.8912833642272423,0.43542537307211215,0.9925004923739436,0.8743222222222222,9.682981120905685,9.579765114781251,9.055401532541326,8.612806156087712,0.5912631779499171,139.11111111111111,20.444444444444443
三个固定 GP 表达式的均值,3250,2,7.007960006160172,1107.0584396375439,0.8914488491207219,0.4780009249343332,0.9925175984822189,0.8800555555555556,9.753983941530883,9.677089908891372,9.267370027552401,9.178964463653605,0.6243591777528636,458.6666666666667,19.11111111111111
三个固定 GP 表达式的均值,3250,3,6.986016905960276,1081.5223114676114,0.8913781503744624,0.4976496121823079,0.9925449584097463,0.8942444444444444,9.863028618041831,9.848661229257582,8.962385600789016,8.45952769713438,0.6030730180384801,698.0,16.77777777777778
三个固定 GP 表达式的均值,3250,4,7.00815541332608,1107.2539284844997,0.8914661262059601,0.5022885485157033,0.9925127769864149,0.8790444444444445,9.743665114164886,9.701072875480513,8.932300964278316,8.702519093373615,0.6221713527575323,127.44444444444444,18.22222222222222
三个固定 GP 表达式的均值,3250,5,6.984060368915849,1079.3878137830477,0.8913777323692822,0.4976127894604129,0.992545762562904,0.8956111111111112,9.881966546679438,9.86856236573857,9.303370291636863,8.922159064164022,0.6176401974069301,183.11111111111111,17.88888888888889
三个固定 GP 表达式的均值,3250,6,6.978373883117356,1073.1748001032383,0.8912718380045965,0.4967394639112921,0.9925489441049488,0.8994888888888889,10.491031990147741,10.116594640612826,10.171285196066567,9.608766777005538,0.6218178166731576,861.7777777777778,19.0
三个固定 GP 表达式的均值,3250,7,7.041160629616759,1146.244748103879,0.8913318504834135,0.42152296619490454,0.992459755897445,0.8631555555555556,9.644986756227654,9.469208550572056,8.703666415812283,8.59269173014406,0.6011130278522657,282.6666666666667,25.11111111111111
三个固定 GP 表达式的均值,3275,0,6.998297360046832,1095.7606512527711,0.8914215836162094,0.4653401495831831,0.9925247587579312,0.883511111111111,9.81435680507061,9.768794489111032,9.110703537310307,8.316383847378907,0.6282440683373138,304.1111111111111,21.22222222222222
三个固定 GP 表达式的均值,3275,1,7.009599045607766,1108.3529185290088,0.8915819853743001,0.4679854397457988,0.9925249216331449,0.8823555555555556,9.657800365728837,9.682014483837296,9.083549641442064,8.644597212498839,0.5626174614841081,368.1111111111111,19.0
三个固定 GP 表达式的均值,3275,2,6.996553827498927,1093.559045469441,0.89149316147317,0.49989189504434633,0.9925360898593742,0.8848444444444444,9.825710731820296,9.768568801901838,9.512943799328283,9.305872253064438,0.6251017197565707,444.0,18.444444444444443
三个固定 GP 表达式的均值,3275,3,6.981727616752513,1076.788195842276,0.8912792875117118,0.4968434255881755,0.9925510244267571,0.8976444444444446,9.898288406254723,9.898288406254723,9.032109329121457,8.521865533314823,0.6069855798340009,707.6666666666666,18.555555555555557
三个固定 GP 表达式的均值,3275,4,6.99814223404588,1094.971339048076,0.8918798112540238,0.5014752235977226,0.9925381847032377,0.8865,9.800831493347955,9.744681307752465,9.24202511870708,8.79295113891037,0.670910413490013,777.6666666666666,20.666666666666668
三个固定 GP 表达式的均值,3275,5,6.985040656274776,1080.408247749914,0.8914038741373719,0.49768989235326067,0.9925582660760072,0.8956222222222221,9.880848748516188,9.858380655172578,9.56330090583932,9.011356655239169,0.6004627771543674,421.1111111111111,19.22222222222222
三个固定 GP 表达式的均值,3275,6,6.97953082052421,1074.42417611014,0.8913383005044204,0.497129697473235,0.9925528219631309,0.8973666666666666,10.472712547625424,9.947309960711348,10.275188899783227,9.669835618010065,0.5960745189738409,868.3333333333334,20.22222222222222
三个固定 GP 表达式的均值,3275,7,7.020693811466002,1121.5084832000277,0.8915492529532499,0.4808604054665724,0.9924802313750687,0.8730555555555556,9.709866512739662,9.537821940533572,8.70127790312264,8.63597861242016,0.6291752691850222,287.3333333333333,23.444444444444443
三个固定 GP 表达式的均值,3300,0,6.989520077767811,1085.5850093822219,0.8913286685155914,0.47836815926867415,0.9925327146640175,0.8932444444444444,9.845989639031279,9.843663078479878,9.119751916859236,8.321027789586445,0.6157398903939703,325.44444444444446,17.555555555555557
三个固定 GP 表达式的均值,3300,1,7.241798866231701,2082.0785416608855,0.7925899013925284,0.44998738124949167,0.9100345112524842,0.7888444444444445,8.828354702886314,8.799309776255434,8.196760832892247,7.807257840682455,0.5683989151701205,160.44444444444446,20.666666666666668
三个固定 GP 表达式的均值,3300,2,7.232141812070569,2071.3401853578102,0.7923359473090578,0.44779556363990014,0.9100450571917398,0.7948333333333335,8.8909229337687,8.88333401965336,8.524205926010543,8.325779549601032,0.5551692463963779,465.8888888888889,18.666666666666668
三个固定 GP 表达式的均值,3300,3,7.2277015693055695,2066.4732260293295,0.7921673115785325,0.44669340653317224,0.9100479817770482,0.7982222222222223,8.914453483424248,8.914453483424248,8.172134800112032,7.6560421814244295,0.5266250179227923,717.8888888888889,14.666666666666666
三个固定 GP 表达式的均值,3300,4,7.228245642790559,2067.059408997605,0.7922102276333887,0.44693989636609693,0.9100426565101221,0.797,8.91087081273286,8.91087081273286,8.23656464784051,7.8881385803637505,0.5565837564483842,463.8888888888889,15.666666666666666
三个固定 GP 表达式的均值,3300,5,6.9810806472992875,1076.0908600949858,0.8912347257835038,0.49648528357113214,0.9925629016334329,0.8986444444444444,9.893282937518325,9.889527468379548,9.673019580012765,9.018174621907242,0.5747089670057399,178.66666666666666,16.444444444444443
三个固定 GP 表达式的均值,3300,6,7.474356087776245,3056.9014386323583,0.6932300507539202,0.3975613682882352,0.8275420152167806,0.6993444444444444,8.344351692371939,8.068982240732067,8.093321323797827,7.703359182869796,0.46974898442332425,884.6666666666666,17.88888888888889
三个固定 GP 表达式的均值,3300,7,7.003228608145513,1101.004709981481,0.8916929049965994,0.48514841448358914,0.9925015361683044,0.8817111111111112,9.897115014479555,9.68442913957227,8.76069366919574,8.66744559662149,0.6461692978940695,293.6666666666667,23.333333333333332
三个固定 GP 表达式的均值,3325,0,6.98660795967275,1082.2344539618816,0.8913497997932522,0.4827710375136256,0.992540389360556,0.8943333333333334,9.860914172696406,9.860914172696406,9.15867390160362,8.361989890490937,0.5888959824410159,527.5555555555555,19.22222222222222
三个固定 GP 表达式的均值,3325,1,7.029914332417818,1140.0454643914245,0.8880543151213638,0.4675578182478854,0.9901934526237164,0.7951111111111112,9.69317333303167,9.69317333303167,9.091095737089242,8.63054464144141,0.5392805487744695,133.55555555555554,20.444444444444443
三个固定 GP 表达式的均值,3325,2,7.0244885620071145,1133.6728309500475,0.8879452448325618,0.4630253719868992,0.9901803300026037,0.7982666666666667,9.704619103812144,9.704619103812144,9.322758325361546,9.139547699172281,0.5387152257536195,753.4444444444445,17.333333333333332
三个固定 GP 表达式的均值,3325,3,7.023954125253564,1133.1596801944766,0.8879027272438998,0.4683538383470521,0.9902002996691337,0.7996000000000001,9.724996567074298,9.724996567074298,8.956120479260157,8.442911816273641,0.5462239163056274,422.6666666666667,17.11111111111111
三个固定 GP 表达式的均值,3325,4,7.023672736877286,1131.9689117040593,0.8881737532214784,0.49967945576777495,0.9901740145620271,0.7982666666666666,9.724166732464104,9.664058424269431,9.080121517884631,8.690322781894379,0.5562461003138127,351.44444444444446,18.333333333333332
三个固定 GP 表达式的均值,3325,5,6.979079629701429,1073.9306783991483,0.8911563668116654,0.49605228566051224,0.9925646857661022,0.8993555555555555,9.908830764365778,9.908830764365778,9.682646775014053,9.02286388858011,0.6153553761349309,198.33333333333334,13.555555555555555
三个固定 GP 表达式的均值,3325,6,7.0618484194016595,1182.2692719029806,0.8851464606469818,0.43506010805284556,0.9878096646690104,0.7000777777777778,9.962612782858953,9.665419233788363,9.719123060564431,9.293035809954505,0.47253880465359543,583.8888888888889,21.444444444444443
三个固定 GP 表达式的均值,3325,7,6.990329187281083,1086.1821677601247,0.8916338918347696,0.49928491568515615,0.9925266398046575,0.8917111111111112,9.887320709061061,9.872030478435695,8.882714633243078,8.69291955942672,0.6037972302222543,293.55555555555554,25.333333333333332
三个固定 GP 表达式的均值,3350,0,6.980088228096465,1075.018647072968,0.8912293925408847,0.4965595673293015,0.9925464664405782,0.8983777777777777,9.903066686914757,9.903066686914757,9.151775414411441,8.35446556309757,0.5773544981556479,561.3333333333334,18.88888888888889
三个固定 GP 表达式的均值,3350,1,7.000569188263342,1098.9553470892563,0.891245222939965,0.47594060225823104,0.9925302234594839,0.8876222222222222,9.79693209263133,9.738248408962054,9.31805818931287,8.683814960657832,0.6118777977526517,369.77777777777777,20.333333333333332
三个固定 GP 表达式的均值,3350,2,6.995551478250396,1092.7867771309916,0.89136463510712,0.4994281241277213,0.9925349525790613,0.8899111111111111,9.815715460266954,9.74409003484384,9.387311625131275,9.202818336887832,0.5852721958026764,705.3333333333334,17.0
三个固定 GP 表达式的均值,3350,3,6.995926708373323,1093.5581382942348,0.8911827606870248,0.4786398711941924,0.9925316611215901,0.8893,9.820399317377685,9.76529922759662,8.994597651959195,8.497101608410809,0.6053267963549274,657.6666666666666,17.11111111111111
三个固定 GP 表达式的均值,3350,4,6.9977542554746925,1095.7025131344797,0.8913070274841471,0.5006124151015474,0.9925252898615872,0.8880222222222223,9.80938753577501,9.735138854646863,9.147107108266605,8.737175320103908,0.5958528810361601,368.22222222222223,16.666666666666668
三个固定 GP 表达式的均值,3350,5,6.9783930197375,1073.1923970495275,0.8911353160271474,0.4959242970895878,0.9925649578442007,0.8999111111111111,9.910686804726215,9.910686804726215,9.690448493952942,9.030436637905979,0.6236659423530683,814.4444444444445,13.0
三个固定 GP 表达式的均值,3350,6,7.010927826946911,1109.989953373801,0.8921591240772627,0.5061991643601601,0.9925131946512207,0.8802222222222222,10.281767275293337,9.883646208709502,10.027453965190517,9.499889293961791,0.6078485506553919,1085.7777777777778,24.22222222222222
三个固定 GP 表达式的均值,3350,7,6.981573483862192,1076.6194671023766,0.8913749810112007,0.4974014658261494,0.9925367803843348,0.8973444444444445,10.14300564361672,9.914343189153675,8.930405851961503,8.718759430503528,0.6057787396670425,306.22222222222223,19.77777777777778
三个固定 GP 表达式的均值,3375,0,6.980517592834496,1075.47904163269,0.8912423234260898,0.4966077392384711,0.9925528750056729,0.8960666666666667,9.898760241057525,9.898760241057525,9.455646012283047,8.396657700094933,0.6069030623166655,553.8888888888889,17.11111111111111
三个固定 GP 表达式的均值,3375,1,6.99517935043608,1092.294363181057,0.8913208221948161,0.4764043867957348,0.9925389971734592,0.8906555555555555,9.824253588925451,9.784182064402101,9.389295038143398,8.757482770192459,0.5905090100175713,154.66666666666666,16.555555555555557
三个固定 GP 表达式的均值,3375,2,6.993089787409092,1089.4917394858965,0.8916104790489788,0.4997145701398355,0.9925477975713481,0.8921111111111111,9.829642500678885,9.720618587117,9.516893614493503,9.325520409829391,0.5723749863038272,1032.888888888889,18.0
三个固定 GP 表达式的均值,3375,3,6.994118218455608,1091.1024200796392,0.891339531007222,0.4990155951159735,0.9925419454209321,0.8864555555555556,9.8255683433784,9.768358388102783,9.462014915703953,8.561475864790127,0.5892127377709695,649.0,17.333333333333332
三个固定 GP 表达式的均值,3375,4,6.99326053055224,1089.9790829895692,0.8914373342950862,0.4995169710281476,0.9925393301242563,0.8891444444444444,9.841717581731922,9.800854966504437,9.33096756528624,8.815562981965556,0.5690220487902352,696.4444444444445,17.77777777777778
三个固定 GP 表达式的均值,3375,5,6.984582636911382,1079.9987853552618,0.891427945819172,0.4980757169591207,0.9925663097391316,0.8979777777777778,9.87032131649409,9.819903690868607,9.87032131649409,9.07653671237805,0.5813914833169019,889.3333333333334,15.333333333333334
三个固定 GP 表达式的均值,3375,6,7.000658106517901,1098.419240899874,0.8917882898883523,0.4547670280338413,0.9925200917046636,0.8859999999999999,10.484655427901991,9.857446274832869,10.119146856176203,9.539821295069158,0.6181431021852861,607.0,22.555555555555557
三个固定 GP 表达式的均值,3375,7,6.98098311756956,1075.9808920633593,0.8913384151196462,0.4972203927285672,0.9925396516492491,0.8985555555555556,9.924785171717952,9.924785171717952,8.964590690864132,8.747848026694236,0.6220064282414497,312.3333333333333,20.22222222222222
三个固定 GP 表达式的均值,3400,0,7.226552177288519,2065.237063356242,0.7921250804850278,0.44647053204356446,0.9100467013914761,0.7996000000000001,8.920341758471631,8.920341758471631,8.490259532668848,7.600795348585972,0.5512167139407343,575.0,13.88888888888889
三个固定 GP 表达式的均值,3400,1,7.234702712426156,2074.2597957448934,0.7923415988503909,0.4379376236806741,0.9100412220986526,0.794911111111111,8.864279535302854,8.864279535302854,8.42918352807516,7.9462732684526305,0.5194427493112097,322.44444444444446,18.22222222222222
三个固定 GP 表达式的均值,3400,2,7.231477939182515,2070.6508361442093,0.792262589397172,0.44745030551352927,0.9100470483371014,0.7952777777777779,8.892825493252424,8.892825493252424,8.562322651272286,8.452447862651916,0.521249513961243,801.5555555555555,15.444444444444445
三个固定 GP 表达式的均值,3400,3,7.2337502220738354,2073.186830746678,0.7923331920297012,0.44804310120465257,0.9100435208285952,0.7948333333333334,8.870884663378419,8.870884663378419,8.49806639027607,7.715147255494909,0.5312277219110375,666.4444444444445,17.555555555555557
三个固定 GP 表达式的均值,3400,4,6.98516744677447,1080.6882646739814,0.8913708653133587,0.4977734681052264,0.9925484280245147,0.8953666666666668,9.86715460332817,9.86715460332817,9.32657216111346,8.824702348029703,0.6488499213711698,992.4444444444445,15.666666666666666
三个固定 GP 表达式的均值,3400,5,7.226339216541697,2065.008433159452,0.79212967736161,0.4464333493113492,0.9100593572479136,0.7999333333333334,8.920698915951647,8.920698915951647,8.920698915951647,8.143747049234037,0.5495705808064254,841.3333333333334,11.222222222222221
三个固定 GP 表达式的均值,3400,6,7.236661670974767,2076.4228567231826,0.7925874272757021,0.4498397516543806,0.9100273821690382,0.7907555555555555,9.585484083386286,9.061173757036764,9.178539162753667,8.560463222775114,0.5849952668053621,624.8888888888889,22.22222222222222
三个固定 GP 表达式的均值,3400,7,7.476357149706195,3059.05412067781,0.6932376211073339,0.397718680276969,0.8275283506569016,0.6987111111111113,7.923728913242133,7.923728913242133,7.048549349403189,6.982914999011102,0.4784740257337429,556.8888888888889,17.444444444444443
三个固定 GP 表达式的均值,3425,0,7.0271647392537835,1136.6019667964056,0.8880204176574193,0.47914589058035517,0.9902046816623401,0.7976444444444445,9.698134427126256,9.698134427126256,9.44798040057983,8.570026998134502,0.5285637693660786,1213.111111111111,17.11111111111111
三个固定 GP 表达式的均值,3425,1,7.022666091183962,1130.594881838346,0.8881865403487303,0.46617789053708475,0.9902004126930238,0.7977555555555556,9.724978156752947,9.724978156752947,9.234345305033186,8.734555473408212,0.5371315707751831,525.7777777777778,18.333333333333332
三个固定 GP 表达式的均值,3425,2,7.021347039988245,1128.476540136031,0.888283639679226,0.470062938620897,0.9901910861048387,0.7992000000000001,9.739898938737007,9.674831330463796,9.383386407585434,9.26925241791563,0.5244861687092186,451.6666666666667,16.77777777777778
三个固定 GP 表达式的均值,3425,3,7.024321643737971,1132.2182690295065,0.8883091234854449,0.46935734904507587,0.990194772274265,0.7965777777777778,9.740048388911575,9.65751332620954,9.444905457048758,8.646040949696133,0.5406393391566785,1232.7777777777778,19.444444444444443
三个固定 GP 表达式的均值,3425,4,6.985478143430239,1080.9187735693638,0.891391869991008,0.4976534911647039,0.9925532557717465,0.8959555555555555,9.882672482759968,9.872316316995986,9.456445296759203,8.764223660691707,0.6244884455633678,1123.7777777777778,15.666666666666666
三个固定 GP 表达式的均值,3425,5,7.019326491870725,1126.067062352819,0.8881669944654704,0.4718220144852312,0.9902173583739591,0.7998222222222222,9.754891640166857,9.678287673614056,9.698930126664434,8.942887179002437,0.5579983583173639,822.6666666666666,15.777777777777779
三个固定 GP 表达式的均值,3425,6,7.020714588592656,1127.5942921079372,0.8883044315259228,0.46653991585141863,0.9901824293652387,0.7970000000000002,10.420187166399316,10.31792521590672,10.027007402666547,9.36654787085828,0.579404759343939,795.2222222222222,24.666666666666668
三个固定 GP 表达式的均值,3425,7,7.0653974412542855,1186.7334127470235,0.8850519861501631,0.43938551344562793,0.9878348103105673,0.6972222222222223,9.537856761747614,9.428917020943613,8.760136443295234,8.714443176002028,0.47676381404760143,249.33333333333334,22.22222222222222
三个固定 GP 表达式的均值,3450,0,6.997779863670364,1095.9042123548468,0.8911393597821774,0.4671554598154667,0.9925301734863248,0.8885000000000001,9.813406670151457,9.757354107837072,9.510978309490897,8.619957767952933,0.5936331104474883,1236.4444444444443,18.0
三个固定 GP 表达式的均值,3450,1,6.996227149699363,1093.6971206274827,0.8913769667762045,0.4849172415219287,0.992536950941606,0.8887777777777779,9.810392453274691,9.767298115776427,9.288393459920634,8.761043711996345,0.6079460682188881,547.5555555555555,17.22222222222222
三个固定 GP 表达式的均值,3450,2,6.9911345676630665,1087.620550679074,0.8914179775545479,0.4992178328313012,0.992541556386344,0.8906999999999999,9.83498498434206,9.801862517283876,9.483534989221598,9.34520535449405,0.6071459370646862,814.6666666666666,16.77777777777778
三个固定 GP 表达式的均值,3450,3,7.0032563293078764,1102.0822125306427,0.8914180640953552,0.50214192597376,0.9925344717934566,0.8874555555555556,9.751981234169865,9.649536825540604,9.538624267080547,8.725341637388963,0.6025980658219057,1519.3333333333333,19.0
三个固定 GP 表达式的均值,3450,4,6.978825874370518,1073.6578125602439,0.8911708480937575,0.4961614622224657,0.9925564051963214,0.8994888888888889,9.907949542968,9.907949542968,9.476648851081851,8.748082948257812,0.6119084755134285,1496.111111111111,15.333333333333334
三个固定 GP 表达式的均值,3450,5,6.9960407846251575,1093.7293682043664,0.8911668681414109,0.4990837420984633,0.9925433229547362,0.8890333333333333,9.81797792117566,9.761956193829818,9.761486281089173,8.973868890016501,0.6172298796230817,917.0,16.11111111111111
三个固定 GP 表达式的均值,3450,6,6.997801640013059,1095.8830075817673,0.8912400368854839,0.4999670890362704,0.9925187617703293,0.8888,10.518356276017792,9.790186516301121,10.133923319129714,9.430622222441507,0.6355236335789054,815.2222222222222,23.11111111111111
三个固定 GP 表达式的均值,3450,7,7.0173715185091226,1118.43891856482,0.8913701799603833,0.45865543246144697,0.9925008277592047,0.8761888888888889,9.706879807268832,9.699617092613352,8.859641455982436,8.8217659002799,0.5985371464019018,258.77777777777777,22.444444444444443
三个固定 GP 表达式的均值,3475,0,6.99763707020502,1095.601768036094,0.8911300245857081,0.47163802812874256,0.9925425249960416,0.8882333333333334,9.812578545598356,9.758238912154212,9.686889717050715,8.727635105634098,0.5811442354551972,1253.0,16.666666666666668
三个固定 GP 表达式的均值,3475,1,6.996653970586497,1093.729529069853,0.8915840925781348,0.47397007263188873,0.9925433162737165,0.8897444444444444,9.814470816410209,9.763863852154268,9.406230164544118,8.78438190276249,0.6055803957230185,627.8888888888889,18.444444444444443
三个固定 GP 表达式的均值,3475,2,6.986005472471934,1081.58717218551,0.8913958728395007,0.4979022619785668,0.9925549337925413,0.8920555555555557,9.868592296462044,9.868592296462044,9.781253976716009,9.495148687285766,0.6003743490244603,810.3333333333334,16.666666666666668
三个固定 GP 表达式的均值,3475,3,6.994599799619447,1091.9086888852255,0.891364776533549,0.5002091353608084,0.9925404721900853,0.8896777777777777,9.819045479429647,9.750764584203852,9.579586470854782,8.7415783597123,0.6113909334655884,1265.6666666666667,16.22222222222222
三个固定 GP 表达式的均值,3475,4,6.981586447630899,1076.6574874463045,0.8912852574849082,0.4968160548362164,0.9925623600755925,0.8959555555555555,9.89494414518608,9.891389174800034,9.728997250514132,8.96939252536805,0.614010724010916,1495.0,15.555555555555555
三个固定 GP 表达式的均值,3475,5,6.986358017710356,1082.0587585807125,0.891324492393192,0.4976783972072593,0.9925539945562496,0.8935000000000001,9.877294470522934,9.819925312998791,9.77205707740721,8.958843058701916,0.6078925588748392,939.8888888888889,14.777777777777779
三个固定 GP 表达式的均值,3475,6,6.9926587360635,1089.371826189108,0.8914100057317378,0.4991881655520407,0.9925306955208231,0.8911,10.465488682271435,10.245725611009151,10.212050149005922,9.465682658279654,0.6346480031328442,893.7777777777778,22.0
三个固定 GP 表达式的均值,3475,7,7.012879674776371,1112.386984760195,0.8917021909942545,0.46223004982714966,0.992510895414837,0.8795111111111111,9.745088016341334,9.618471507527294,9.070445976483601,8.973301257638619,0.6003916688340384,328.1111111111111,23.333333333333332
三个固定 GP 表达式的均值,3500,0,7.238502225479981,2078.7726760251053,0.7922933696003593,0.43743856901915407,0.9100388922812834,0.7915777777777778,8.854743885840636,8.854743885840636,8.797050381330166,7.940045686847624,0.5204676703637082,1404.5555555555557,14.777777777777779
三个固定 GP 表达式的均值,3500,1,7.478741278029422,3061.6493722438454,0.6932765233865177,0.39794841330149106,0.8275389913637415,0.6949555555555555,7.910312558606756,7.913016391420582,7.494666119653997,7.040535257444386,0.49393490703387233,560.7777777777778,18.0
三个固定 GP 表达式的均值,3500,2,6.979063662493142,1073.9145579160406,0.8911802196246943,0.4961914140455596,0.9925624571988109,0.8984888888888888,9.908563948684042,9.908563948684042,9.8070063000325,9.493497402116883,0.6174098629107378,829.0,16.22222222222222
三个固定 GP 表达式的均值,3500,3,7.238905112712716,2079.1970328173766,0.7923745499178236,0.44937982602673476,0.9100364793432855,0.7922777777777779,8.833357201761185,8.83862304050978,8.589114097595079,7.866384523202841,0.5493915696301532,1276.3333333333333,14.555555555555555
三个固定 GP 表达式的均值,3500,4,7.2268885960742795,2065.598757640831,0.7921401563637182,0.4464800158558819,0.9100567103935491,0.7992,8.913123926812107,8.913123926812107,8.794525610577109,8.090155146949911,0.570304772662757,1796.888888888889,13.555555555555555
三个固定 GP 表达式的均值,3500,5,7.227417196094198,2066.170960827277,0.7921566509858303,0.4465974752261619,0.910052566893278,0.7980333333333334,8.917806146619945,8.917806146619945,8.7798540962782,8.044585722151743,0.5762740727899703,961.3333333333334,14.666666666666666
三个固定 GP 表达式的均值,3500,6,7.479087303127959,3062.0857322925194,0.6933315632443108,0.3983635168116028,0.8275286438929189,0.6952666666666666,8.285736257217449,7.9720236503634805,8.03031312357822,7.537596745751363,0.5230607196821633,910.8888888888889,21.444444444444443
三个固定 GP 表达式的均值,3500,7,6.997324593981969,1094.4100285934362,0.8916023237435672,0.4786387557895859,0.9925253381406774,0.8872333333333334,9.769296742527725,9.769296742527725,9.085844302770077,8.956384548810108,0.641644795665094,509.8888888888889,19.333333333333332
三个固定 GP 表达式的均值,3525,0,7.029432683327098,1137.770653501847,0.8883383663409359,0.4643472137434281,0.9901938310185098,0.7944888888888889,9.68836028086285,9.66475627304193,9.623000990232507,8.729106822675153,0.5338200181600852,1246.7777777777778,15.777777777777779
三个固定 GP 表达式的均值,3525,1,7.066542582684166,1188.8214426488712,0.8847783933621542,0.4359703023784392,0.9878638546845342,0.6992666666666667,9.522586299753675,9.441405762041159,9.061827288741155,8.578925714955082,0.495852964906657,433.3333333333333,20.22222222222222
三个固定 GP 表达式的均值,3525,2,6.979218375327089,1074.0803338683993,0.8911885331581979,0.49622283340071305,0.992564055876152,0.8996222222222223,9.905804892496455,9.905804892496455,9.832662212701472,9.516530860151613,0.5990783676175099,911.1111111111111,12.777777777777779
三个固定 GP 表达式的均值,3525,3,7.02984507299512,1139.457663529456,0.8881629564918657,0.4768570343134557,0.9901933694347158,0.7938555555555555,9.693477304306874,9.584372751118694,9.370730207978026,8.628527472121617,0.5432038112929451,1301.888888888889,17.0
三个固定 GP 表达式的均值,3525,4,7.0193466326458225,1126.295353343429,0.8881008094928462,0.47082982984765565,0.9902022853740848,0.7998444444444446,9.76035746249847,9.664559063275817,9.590581022352707,8.893509833844618,0.5463751753438725,1740.2222222222222,15.555555555555555
三个固定 GP 表达式的均值,3525,5,7.022979379992305,1131.538498438747,0.8879478066964848,0.4619068481016177,0.9902001484728186,0.7994,9.722724181829983,9.722724181829983,9.595646616455914,8.847461753432835,0.5414562485502318,817.4444444444445,17.0
三个固定 GP 表达式的均值,3525,6,7.064810457072923,1185.9772058686997,0.884949966405393,0.4375707415359323,0.9878030626916845,0.6983000000000001,10.01846947971262,9.704716448571913,9.644450369261547,9.11629891879462,0.49864290639120795,777.2222222222222,23.0
三个固定 GP 表达式的均值,3525,7,6.989358525053299,1085.2034147393033,0.8915579849526042,0.49885617631047285,0.9925399901948205,0.8910888888888889,9.851314513714101,9.881268646744779,9.268293862560935,9.021334386014162,0.6184246268029017,515.8888888888889,22.22222222222222
三个固定 GP 表达式的均值,3550,0,6.996236701354084,1093.7414874412102,0.8914014712053862,0.4765636598585485,0.992537545171632,0.8879222222222223,9.807347424780264,9.779327548112287,9.68163725768562,8.763183976716055,0.6015653653845209,1268.4444444444443,17.11111111111111
三个固定 GP 表达式的均值,3550,1,7.015328697318909,1115.460371310796,0.8914561579330511,0.44958800992932013,0.9925193475452971,0.8776555555555556,9.707818513772033,9.643073948271761,9.336930753269504,8.753387295344734,0.5986042753042329,521.0,22.666666666666668
三个固定 GP 表达式的均值,3550,2,6.978353259169271,1073.1497129541854,0.8911592230099092,0.49607345525786467,0.9925641840435409,0.8999333333333335,9.91076472685015,9.91076472685015,9.837789668491531,9.521662728792458,0.6072271881351928,1201.4444444444443,11.666666666666666
三个固定 GP 表达式的均值,3550,3,7.000267155956055,1098.4161588919983,0.8913838572571697,0.4753579985946699,0.9925349217855806,0.8861888888888889,9.791188553726276,9.796217546803527,9.440942809537129,8.682098039330363,0.5972892595288806,1611.2222222222222,16.666666666666668
三个固定 GP 表达式的均值,3550,4,6.995149203827231,1092.6082466447433,0.8911972746916332,0.49884269184402175,0.9925401193676091,0.8900333333333335,9.822440925437103,9.788651911246069,9.644935963018225,8.913348894036554,0.5937890931686889,1766.5555555555557,14.11111111111111
三个固定 GP 表达式的均值,3550,5,6.996447360022369,1094.188164784479,0.8911543540275222,0.47044005540761014,0.9925376254597729,0.8889666666666667,9.824557283569264,9.76259234220837,9.66217440730041,8.915107335311582,0.5914415513330841,548.8888888888889,14.666666666666666
三个固定 GP 表达式的均值,3550,6,7.010783454578205,1110.6197907567393,0.8913435304113668,0.4829190552786836,0.9924926615766372,0.8799555555555556,10.25112905133603,9.881110129702577,9.783205664836196,9.220233779349039,0.5980301437028313,797.3333333333334,22.444444444444443
三个固定 GP 表达式的均值,3550,7,6.987933503346777,1083.7388024983184,0.8914899161201496,0.49897645149123804,0.9925485817295941,0.8959777777777779,10.002599738456873,9.845943215146272,9.389300489330822,9.119609377110953,0.5882469809582395,857.3333333333334,19.555555555555557
三个固定 GP 表达式的均值,3575,0,6.9904503844157375,1086.6312053175538,0.8914641426307965,0.4773517868462041,0.9925493129543239,0.8921777777777778,9.83776080333899,9.829367534107638,9.696784479040558,8.766182770445463,0.6331668451488004,1285.7777777777778,18.555555555555557
三个固定 GP 表达式的均值,3575,1,6.992237699336573,1088.3464926300612,0.8916058469043227,0.4993107734214739,0.9925450902454936,0.8886111111111111,9.841066231308751,9.82839686540217,9.559930476231564,8.899779716856829,0.6195313501336729,530.5555555555555,22.444444444444443
三个固定 GP 表达式的均值,3575,2,6.9784209013374685,1073.2223332252165,0.8911583462976501,0.49606020717319715,0.9925645468119603,0.899888888888889,9.91062623950035,9.91062623950035,9.842170574733004,9.526142280772955,0.6106796744541739,1216.2222222222222,14.666666666666666
三个固定 GP 表达式的均值,3575,3,6.993335475191586,1090.2926812973146,0.8912891071083789,0.4987385703571346,0.9925443696065259,0.8909444444444445,9.823549008012142,9.781135803868937,9.430662570611872,8.681876205015223,0.5954057083609489,1631.5555555555557,15.444444444444445
三个固定 GP 表达式的均值,3575,4,6.990616377522956,1086.9827038291205,0.8913167826722442,0.49816139345495647,0.9925515079061308,0.8916333333333335,9.845246136596714,9.825969382471953,9.779572968710236,8.932907521233403,0.5912220971046187,1780.7777777777778,16.444444444444443
三个固定 GP 表达式的均值,3575,5,6.991652134166461,1088.3108152751781,0.8912430044723677,0.49817111248500745,0.9925430529177139,0.8921222222222221,9.837880218782253,9.816755229207795,9.665366522414521,8.917328364518852,0.5967375461741429,568.5555555555555,13.88888888888889
三个固定 GP 表达式的均值,3575,6,7.003382617233831,1101.1558269581706,0.8918260359597932,0.48280617154216304,0.9925174256118336,0.8848888888888888,10.215976998030744,10.051641772711916,9.985868116513204,9.386308600230844,0.6133467160499657,800.3333333333334,24.77777777777778
三个固定 GP 表达式的均值,3575,7,6.98021770954131,1075.1579038233333,0.8912734900828985,0.49673948483450814,0.9925538994924099,0.8973,9.955436260757738,9.955436260757738,9.487655840516945,9.199626658513653,0.6011940817008607,930.5555555555555,17.22222222222222
三个固定 GP 表达式的均值,3600,0,7.479663181002135,3062.7037725419823,0.6933265454053839,0.39830775076892805,0.827543993152601,0.6958111111111112,7.906391944715823,7.875556589282179,7.73046933010581,7.083848441289968,0.48861156851954834,1305.888888888889,18.444444444444443
三个固定 GP 表达式的均值,3600,1,7.228082853991761,2066.8867796976447,0.7921969698395056,0.44685788295436296,0.9100476503563902,0.7980444444444444,8.914482110825865,8.914482110825865,8.628730812210867,8.056707413858275,0.5480574314271589,550.3333333333334,16.11111111111111
三个固定 GP 表达式的均值,3600,2,7.722351351374595,4048.7690376535998,0.5940998022101245,0.34735130201276454,0.7450422615403026,0.6000000000000001,6.940507138483633,6.940507138483633,6.871955127301572,6.665728656708605,0.41371018587232405,1247.0,12.777777777777779
三个固定 GP 表达式的均值,3600,3,7.239793310164361,2080.206407920099,0.7922905332585112,0.44878820012176934,0.9100410623471045,0.7912777777777777,8.822792415443057,8.822792415443057,8.602491247450702,7.8979494384111035,0.5020530038558013,1643.6666666666667,18.666666666666668
三个固定 GP 表达式的均值,3600,4,7.477432706520158,3060.248808233447,0.6932387214442995,0.3977135883094176,0.8275461659888906,0.6972777777777779,7.916374127322545,7.91162523911914,7.804895794578338,7.160182617408558,0.4772478435594328,1802.2222222222222,14.777777777777779
三个固定 GP 表达式的均值,3600,5,7.730214751067681,4057.454469797878,0.5942833213047893,0.3488680813974552,0.7450274291162554,0.5949777777777778,6.8999851640985606,6.8652507849837745,6.699429694236346,6.231264862594372,0.402779438813148,587.1111111111111,15.555555555555555
三个固定 GP 表达式的均值,3600,6,7.233378613492257,2072.7083822098807,0.7924832756687957,0.44882814779232294,0.910025065841734,0.7936444444444444,9.272028942968134,9.260592100792081,8.855144450201056,8.432892722711836,0.5806520167516442,822.6666666666666,22.22222222222222
三个固定 GP 表达式的均值,3600,7,7.227132737494145,2065.861665967987,0.7921886026892313,0.446790579747342,0.9100485069218208,0.7993777777777777,8.979253347032289,8.915356498528872,8.516333487396446,8.272063533584458,0.5328359714545045,1036.3333333333333,15.88888888888889
三个固定 GP 表达式的均值,3625,0,7.065164886983613,1186.1735589033556,0.8850472912764591,0.4363012257416623,0.9878633528823304,0.6984888888888889,9.540722717880863,9.49383913655712,9.281190663701116,8.649537660945457,0.49094775568881527,1042.4444444444443,19.22222222222222
三个固定 GP 表达式的均值,3625,1,7.022083000656919,1130.2177962460746,0.8881152197486251,0.4678702612061774,0.9901996080616838,0.7993111111111112,9.707809693983057,9.67315614019499,9.421542489376309,8.826708023521551,0.5447984898533597,456.3333333333333,16.333333333333332
三个固定 GP 表达式的均值,3625,2,7.109326495450925,1245.214621626114,0.8814296161395447,0.433469085702467,0.9854529200470993,0.5995555555555556,9.364292830638425,9.275090665329115,9.263619757044538,9.077620709310098,0.40269075887716954,748.0,20.333333333333332
三个固定 GP 表达式的均值,3625,3,7.024349972426604,1131.5113215820095,0.888486481273307,0.4685287323267748,0.9902055343607168,0.7949888888888889,9.714007273310804,9.64946558409727,9.41110325589667,8.667410344109095,0.5184582623694576,1422.888888888889,19.555555555555557
三个固定 GP 表达式的均值,3625,4,7.0638335674717245,1184.0112039160992,0.885022657720434,0.4393936195204346,0.9878664953097744,0.6990222222222223,9.58005296546563,9.454383175776478,9.368479748747058,8.732990543786132,0.49424376836343753,1283.0,20.0
三个固定 GP 表达式的均值,3625,5,7.107396774330152,1240.7533056495713,0.8819991239113754,0.4230196064677122,0.9855071847218717,0.5976666666666667,9.383517651434753,9.221370408384674,9.097621386874245,8.620511411510087,0.40580452465902084,157.66666666666666,20.88888888888889
三个固定 GP 表达式的均值,3625,6,7.024148995707396,1132.3664236329193,0.8882200296446805,0.4639811642979683,0.9901757064822273,0.7970333333333334,10.158652148917307,9.872275398918728,9.705972568469143,9.250028340470335,0.5818477412687264,650.5555555555555,24.555555555555557
三个固定 GP 表达式的均值,3625,7,7.0234244315989685,1132.2246854110979,0.8879491517078832,0.4656497111627492,0.9901760400858751,0.7988666666666667,9.71658177558717,9.71658177558717,9.370311058719833,9.082133013592292,0.5592310984731129,1052.5555555555557,19.11111111111111
三个固定 GP 表达式的均值,3650,0,7.012495397164304,1112.7644299117653,0.8913345096908853,0.46165843200602236,0.9925150197694601,0.8794888888888889,9.713448451737545,9.665959186485832,9.379964261019728,8.788891452855943,0.6028719741153389,1064.4444444444443,15.777777777777779
三个固定 GP 表达式的均值,3650,1,6.998577388424424,1096.8845639335598,0.8912306320318366,0.4699482605127839,0.99253223100227,0.8885777777777778,9.794688029470489,9.748983919558189,9.454986552304888,8.858986080729524,0.5970651454672021,544.4444444444445,15.88888888888889
三个固定 GP 表达式的均值,3650,2,7.02871463287549,1131.6235310267466,0.8912503596405809,0.4862391830080422,0.9924896854892895,0.869788888888889,9.668887573943131,9.480240540029971,9.489555489206893,9.301281715294706,0.5947938858736308,776.1111111111111,19.88888888888889
三个固定 GP 表达式的均值,3650,3,6.999343321866673,1097.6909498067894,0.8913454187339018,0.470815318291763,0.9925343357810541,0.8882555555555555,9.788096275002282,9.705519209118258,9.450367695078643,8.683447388812834,0.5997474258808633,1770.111111111111,16.555555555555557
三个固定 GP 表达式的均值,3650,4,7.01061940046331,1110.4188029281488,0.8911957031010862,0.4813409764389258,0.9925200952210231,0.8804111111111111,9.740769512995252,9.689297241156561,9.529366466379456,8.829447475012836,0.624011315640018,1299.888888888889,17.11111111111111
三个固定 GP 表达式的均值,3650,5,7.030494556663909,1133.787977796207,0.8913058852829171,0.4759423560490328,0.9924842651702408,0.8673333333333334,9.606797671897816,9.499951587600012,9.29580448061702,8.753066000053227,0.6052842266663521,176.33333333333334,21.22222222222222
三个固定 GP 表达式的均值,3650,6,6.996309441618664,1093.9901264610405,0.8912738384922524,0.4706036994206006,0.992512675845613,0.888688888888889,10.248718553141781,10.575135955404873,9.822670291262538,9.32891782159583,0.6098278675180931,1186.3333333333333,21.666666666666668
三个固定 GP 表达式的均值,3650,7,7.003679864219256,1103.1195588433336,0.8911369018380151,0.4794023638372922,0.9925264169270694,0.8862777777777778,9.854677147782331,9.801775609090463,9.412876191901987,9.119565808176766,0.6163675512836978,1073.3333333333333,16.333333333333332
三个固定 GP 表达式的均值,3675,0,7.000808160933303,1098.641092861183,0.8915064796591202,0.4693606116474833,0.9925303286469129,0.8843777777777778,9.80461805051522,9.758955696568286,9.413658774178868,8.811465295931198,0.6114886273253779,1074.4444444444443,16.11111111111111
三个固定 GP 表达式的均值,3675,1,6.9939578703621255,1090.9552693089568,0.891420631061784,0.4742395913629115,0.9925390470035649,0.8907222222222223,9.826865772315822,9.792739826665121,9.466845431769231,8.869010578478306,0.6002201568694655,548.0,17.333333333333332
三个固定 GP 表达式的均值,3675,2,7.004246056740141,1102.2954633659415,0.8915464149506307,0.5008241956637538,0.9925277948777826,0.8827777777777778,9.775888453934463,9.688837707754764,9.586877741786461,9.39010942433973,0.6281207955500138,915.5555555555555,17.444444444444443
三个固定 GP 表达式的均值,3675,3,6.996994113369767,1094.8574454146071,0.891351443611835,0.5009276193628462,0.9925378542081356,0.89,9.797267316074945,9.743039812324584,9.458690571641448,8.699950379143749,0.6150001142502957,1791.2222222222222,16.555555555555557
三个固定 GP 表达式的均值,3675,4,6.991788738303094,1087.9623440673352,0.8915000304510257,0.48332977865664467,0.9925456104131705,0.8906666666666667,9.833610349292357,9.834095467590041,9.566594736145044,8.801831509651784,0.6368329926920445,1314.888888888889,20.88888888888889
三个固定 GP 表达式的均值,3675,5,7.0102839026535415,1109.7421342915954,0.89153067985055,0.5030664361058164,0.9925120840542667,0.8784111111111111,9.722629239628638,9.625475347472115,9.41162668542596,8.83723192287241,0.6639659989372285,181.77777777777777,21.0
三个固定 GP 表达式的均值,3675,6,6.985916549287198,1081.5536831475974,0.8914311103615395,0.498302073832184,0.9925295919842091,0.8942666666666665,10.38336445812032,10.2779256486283,9.905924586742008,9.371120626775799,0.6452154984151103,1201.111111111111,23.22222222222222
三个固定 GP 表达式的均值,3675,7,6.99809196271131,1096.274733820019,0.8911515239951816,0.4692500499695354,0.9925325416606494,0.8889333333333335,9.800908322983233,9.76117147856628,9.419413808828542,9.12959922902879,0.6240431212190273,1232.7777777777778,17.666666666666668
三个固定 GP 表达式的均值,3700,0,7.730370768054381,4057.620825889357,0.5944082451108113,0.33597905494065716,0.7450291768597495,0.5933111111111111,6.8999840682722064,6.8999840682722064,6.450699141676682,6.167892790577913,0.44444715821789493,1089.4444444444443,17.77777777777778
三个固定 GP 表达式的均值,3700,1,7.236161875148683,2076.0181092932903,0.7923341518291536,0.4304784778043671,0.9100384525133111,0.7937333333333334,8.841727739519676,8.841727739519676,8.488446619677838,7.985623216915272,0.5706610617062724,572.3333333333334,14.11111111111111
三个固定 GP 表达式的均值,3700,2,7.48549316665967,3069.2889643854505,0.6933737203492992,0.39916165459058034,0.8275321619160022,0.6923666666666667,7.857160508890151,7.857160508890151,7.648811351415178,7.539437707344234,0.4894234779359038,930.7777777777778,17.444444444444443
三个固定 GP 表达式的均值,3700,3,7.735508643162054,4063.5262112256914,0.5944244239244596,0.32730159774197515,0.7450190173436778,0.5919111111111112,6.855616558475648,6.837056487275063,6.480139919988691,6.157558743821674,0.4252361056822745,1461.6666666666667,18.333333333333332
三个固定 GP 表达式的均值,3700,4,7.72616562850781,4052.908558491112,0.5942007522141636,0.347978354915187,0.745034586250145,0.5961666666666666,6.9207759606515795,6.9207759606515795,6.629437600037366,6.212527659540938,0.43255699652060475,1334.3333333333333,16.77777777777778
三个固定 GP 表达式的均值,3700,5,7.740613715487863,4069.430283260071,0.5944661594723175,0.3518604649534023,0.7450098979469095,0.5869222222222222,6.822823799125171,6.822823799125171,6.501486866480602,6.203750811939894,0.4252412041340926,194.33333333333334,21.333333333333332
三个固定 GP 表达式的均值,3700,6,7.726579894216574,4053.3522813429363,0.5943149564978611,0.34867784960884957,0.7450185458542277,0.5963333333333334,7.140803173666504,7.080354564973058,6.7703858403382675,6.543327824516113,0.4335797703645251,1212.3333333333333,21.11111111111111
三个固定 GP 表达式的均值,3700,7,7.239056152413336,2079.2871000807395,0.7923773880634705,0.4490134400870091,0.9100315592741767,0.7922555555555556,8.844560789044355,8.954580179648378,8.458856850512623,8.184996632728948,0.5167432307510629,1094.3333333333333,19.0
三个固定 GP 表达式的均值,3725,0,7.106601986181578,1239.1111092229553,0.88213561847538,0.4177827669161179,0.9855155512418015,0.5967888888888889,9.410660979979438,9.221688792452698,8.820864383010285,8.518126173092623,0.412931845106382,188.11111111111111,23.77777777777778
三个固定 GP 表达式的均值,3725,1,7.024610997580108,1132.4298538372473,0.8883432351588826,0.46977248949700584,0.9901970086632558,0.7972222222222223,9.732999239405862,9.619340962065811,9.295652486610075,8.769428448600799,0.5601410679937087,303.1111111111111,21.22222222222222
三个固定 GP 表达式的均值,3725,2,7.066704236934678,1188.2605564431667,0.8849486817108074,0.4573893265623845,0.9878031331203897,0.6971777777777778,9.551391487308571,9.496170959884633,9.304466374444193,9.137704913003798,0.4728383151947592,924.6666666666666,19.444444444444443
三个固定 GP 表达式的均值,3725,3,7.106295720546403,1238.5642622260093,0.8820397854611881,0.4122882689753717,0.9855561764157331,0.5955,9.412355129843139,9.212381719217309,8.765899188303438,8.418973084544843,0.432095603056992,626.5555555555555,23.444444444444443
三个固定 GP 表达式的均值,3725,4,7.107640032780404,1242.2688278121752,0.8818107602636831,0.4043534225250594,0.9854544705314063,0.5996,9.389579568091168,9.222541130606341,9.009796369776982,8.549105985631218,0.4127498883317505,489.6666666666667,18.77777777777778
三个固定 GP 表达式的均值,3725,5,7.115628961476722,1249.4743934482797,0.8824074159465224,0.4456655195198774,0.985448226750418,0.5915888888888889,9.349880803621305,9.116598491673665,8.885752098886922,8.57763007971734,0.41192780990708133,21.555555555555557,23.555555555555557
三个固定 GP 表达式的均值,3725,6,7.107562570804785,1241.756601527849,0.8819641631909032,0.40926376898436145,0.985428784002949,0.5987777777777779,9.735006599186026,9.717669664732963,9.192361539188495,8.931714626100987,0.42989815940063053,554.0,25.666666666666668
三个固定 GP 表达式的均值,3725,7,7.033349752596359,1143.1948519121656,0.8882173189208923,0.4503510257247572,0.9901678800158239,0.7934444444444444,9.771647387031601,9.595046336834905,9.243598401383576,8.993705465627446,0.5321526605827829,845.8888888888889,18.555555555555557
三个固定 GP 表达式的均值,3750,0,7.030223492996241,1133.5459334457257,0.8913316727935938,0.433663802042104,0.9924906156711795,0.8699666666666667,9.612137532359997,9.542577005609495,8.907499723603742,8.636100588818401,0.6014606467052744,203.77777777777777,20.88888888888889
三个固定 GP 表达式的均值,3750,1,6.993976617278928,1090.9723160531928,0.8914041756256295,0.47269125237720566,0.9925344032183749,0.8898666666666666,9.830416334977688,9.780460618694825,9.346882564777738,8.8099246549754,0.5963295837681704,326.44444444444446,15.444444444444445
三个固定 GP 表达式的均值,3750,2,7.014431647623923,1115.108238063448,0.89132789976416,0.5034517850249468,0.9925089156098177,0.8785444444444445,9.710158494649276,9.59008970146045,9.462113654351546,9.285098143697777,0.5827435965361203,940.6666666666666,16.555555555555557
三个固定 GP 表达式的均值,3750,3,7.033914479166963,1137.6001380642251,0.891266294037853,0.4519476425683948,0.9924923771320826,0.8695555555555555,9.604520605715763,9.496415570600309,8.92484849802064,8.583073010467979,0.6388928126360516,639.5555555555555,24.444444444444443
三个固定 GP 表达式的均值,3750,4,7.026113117896538,1128.2019525136511,0.8914867134185904,0.4495883565961287,0.9924913270291397,0.8702555555555556,9.655513909340925,9.499834439121836,9.163602888717348,8.641293275254272,0.5701105372334752,501.0,20.666666666666668
三个固定 GP 表达式的均值,3750,5,7.038152976854028,1142.9420405509604,0.8913184493073584,0.5078816012597147,0.9924722420360301,0.8632777777777778,9.575166566788049,9.406748794748365,9.0988272682985,8.782929779132942,0.5853224772545186,32.111111111111114,21.77777777777778
三个固定 GP 表达式的均值,3750,6,7.028473596949856,1131.341167275216,0.8915148817424163,0.45613202310716605,0.9924638498630015,0.8688444444444444,9.889745764406062,9.593468220871474,9.44541649789139,9.13674248715998,0.5896185245477781,567.5555555555555,23.555555555555557
三个固定 GP 表达式的均值,3750,7,7.005858930483738,1105.0483500191217,0.8914010744009985,0.5024004562622223,0.9925181359120762,0.8829555555555556,9.761333974974491,9.658872405274797,9.312805465983631,9.04473280686414,0.5954614741398077,857.7777777777778,19.555555555555557
三个固定 GP 表达式的均值,3775,0,7.020322747439864,1120.4536158931649,0.8920828327237957,0.4673712235417162,0.9925155477935225,0.8763555555555556,9.681832534844338,9.486471189024465,9.277415320519218,8.65186388876104,0.6019280601804694,543.0,23.666666666666668
三个固定 GP 表达式的均值,3775,1,6.990357170170043,1086.6139911630996,0.8913991729130731,0.4861188337472126,0.9925442464694635,0.8911555555555556,9.853932717794644,9.814509010395902,9.478455058286507,8.813860365442672,0.601667906875365,337.55555555555554,18.0
三个固定 GP 表达式的均值,3775,2,7.009225491258805,1108.6271350113097,0.891449842864281,0.4768021580702268,0.9925123466737283,0.8820222222222223,9.733238879749265,9.643916810940874,9.466551176482035,9.295669660647,0.5952196996648988,951.0,16.77777777777778
三个固定 GP 表达式的均值,3775,3,7.023323594654146,1124.2300693350444,0.8917337459303574,0.46245869921863697,0.9925147056222021,0.8760222222222223,9.681035345741472,9.523261456250456,9.06782989229661,8.65814644240849,0.6609026804585729,946.2222222222222,24.0
三个固定 GP 表达式的均值,3775,4,7.009526774520065,1108.2675879295543,0.891623560569195,0.48048732884471007,0.9925116562181666,0.8795666666666667,9.760240988345952,9.638541967262428,9.218466918477036,8.642985679847488,0.5771043567103319,513.0,18.333333333333332
三个固定 GP 表达式的均值,3775,5,7.023312861277276,1124.5627487797308,0.891684432389074,0.4537277853154248,0.9924917083992786,0.8719555555555556,9.670428384265682,9.524703688802086,9.139777064098958,8.82314079602416,0.56656216495818,34.333333333333336,21.22222222222222
三个固定 GP 表达式的均值,3775,6,7.016932842080533,1116.92968293369,0.8919021200684641,0.5048322215528501,0.9924966396877212,0.8763,10.07192408522907,9.787000627276715,9.628312705843797,9.30368511209968,0.5767598856412955,640.4444444444445,25.555555555555557
三个固定 GP 表达式的均值,3775,7,6.996511700900111,1094.0025835811762,0.8913988057086435,0.4806619579255902,0.9925304113579357,0.8885777777777779,9.816855031794523,9.766366540794145,9.343391714804596,9.059884817887857,0.6109508056686789,877.8888888888889,17.444444444444443
三个固定 GP 表达式的均值,3800,0,7.490156640079369,3074.3349547163966,0.6935090288921523,0.3758461707680305,0.8275224139153701,0.6870333333333334,7.829547517224872,7.8289121505144,7.358971598560308,6.82996767293043,0.49145460035466915,281.6666666666667,20.88888888888889
三个固定 GP 表达式的均值,3800,1,7.479796002022939,3062.8587377652902,0.6932969509197208,0.3832032679795792,0.8275373972617575,0.6945333333333333,7.8981455184588025,7.8981455184588025,7.578946835808391,6.998708402250124,0.4913736523869223,421.3333333333333,15.333333333333334
三个固定 GP 表达式的均值,3800,2,7.499066408977636,3084.962444875431,0.6934513088140299,0.4020182755128815,0.8275117440626132,0.6857444444444445,7.771807014170818,7.771807014170818,7.52556215502505,7.427428278452065,0.4723383441526591,967.6666666666666,16.444444444444443
三个固定 GP 表达式的均值,3800,3,7.493533238138775,3078.1583265025974,0.6935359929714165,0.4005100783798454,0.8275264770706272,0.6864777777777777,7.79455266938206,7.8065240735896975,7.139410395387324,6.891764783990639,0.5422443638532577,653.5555555555555,22.77777777777778
三个固定 GP 表达式的均值,3800,4,7.237731319180788,2077.43363534307,0.7924741150632008,0.44881286107710555,0.9100356275440961,0.7898000000000001,8.86240683847776,8.86240683847776,8.324700260397599,7.7932311014333955,0.5157642467426897,520.8888888888889,23.0
三个固定 GP 表达式的均值,3800,5,7.252954791722118,2094.86866833364,0.79268685357605,0.4526063535110023,0.9100000580786456,0.7809444444444444,8.743829251329242,8.743829251329242,8.128517758645367,7.917635946727324,0.5353813234436906,46.333333333333336,19.666666666666668
三个固定 GP 表达式的均值,3800,6,6.993446429462207,1090.0392877904187,0.8915175577241486,0.4937978226079955,0.9925213005626444,0.8877,10.130025092542411,9.946578552399634,9.754876878092396,9.420029247540603,0.5824537309694825,574.3333333333334,21.333333333333332
三个固定 GP 表达式的均值,3800,7,7.746625614993154,4076.0702637633126,0.5947732049164037,0.3543958956862205,0.7450191724879421,0.589288888888889,6.794869870505499,6.707878334033702,6.641609086015794,6.422265251529282,0.4150610652537522,1196.4444444444443,18.666666666666668
三个固定 GP 表达式的均值,3825,0,7.0740765297081145,1197.1321236962112,0.8850051714304576,0.4257000013130044,0.987849760425454,0.6941555555555556,9.48650443480115,9.396263682392142,8.927105803828145,8.359681497088953,0.4978637192357739,86.22222222222223,22.77777777777778
三个固定 GP 表达式的均值,3825,1,7.064250983899616,1185.3435515408337,0.8848715208462072,0.4323375939082508,0.9878546149177381,0.6988,9.575239367516566,9.436025180728016,9.09809760151946,8.523217773680724,0.4912416751442221,426.55555555555554,19.88888888888889
三个固定 GP 表达式的均值,3825,2,7.0763250854056245,1198.4630367549846,0.885246844072575,0.46821716964141935,0.9878038167009576,0.6900555555555555,9.506871226163499,9.33931208251299,9.053269725019014,9.02199990093836,0.4758253360807735,563.3333333333334,19.77777777777778
三个固定 GP 表达式的均值,3825,3,7.0699123959113335,1191.6912550168913,0.8851658545023243,0.4370801951527814,0.9878476096924437,0.6955555555555556,9.539730071695539,9.384133043763008,8.727772337541959,8.391495883547794,0.524311502798894,15.11111111111111,23.333333333333332
三个固定 GP 表达式的均值,3825,4,7.026204088553132,1135.5148045998785,0.887963906854806,0.466834215926329,0.9901837782745958,0.7971999999999999,9.69365914314043,9.68822948952012,9.144864430099789,8.588361652733711,0.53415142934973,194.77777777777777,19.555555555555557
三个固定 GP 表达式的均值,3825,5,7.038447234531972,1147.9589542841038,0.8886061154624282,0.5033231132422663,0.9901679297690502,0.7873666666666667,9.653633071031035,9.499979581837003,8.964301147277615,8.756185934251414,0.5455292348514699,13.777777777777779,23.444444444444443
三个固定 GP 表达式的均值,3825,6,6.984824326358405,1080.2580921699691,0.8914313667920128,0.49802494470070713,0.9925326480977803,0.8946333333333334,10.192366081430851,9.871959056277792,9.832815531539625,9.458853893636697,0.6059192279796642,586.4444444444445,22.444444444444443
三个固定 GP 表达式的均值,3825,7,7.1172321206033855,1253.8183242567911,0.8818381731716984,0.42711559768316554,0.9854305765489557,0.5935888888888888,9.335117365833854,9.242591584166036,9.002599647367882,8.761573871484366,0.420140507909925,319.55555555555554,21.77777777777778
三个固定 GP 表达式的均值,3850,0,7.012051784925316,1112.0408217445656,0.8912750183773004,0.45412226666633543,0.9925077623437255,0.8783555555555557,9.742568565501296,9.65643497269451,9.058536425187537,8.479244350556034,0.5888923241784677,441.1111111111111,19.666666666666668
三个固定 GP 表达式的均值,3850,1,7.010298526436937,1110.0431509372556,0.891338057779138,0.46576513121568447,0.9925179884078253,0.8809111111111112,9.736432457467707,9.64918110654711,9.194304040623814,8.604297402789712,0.6220701330231388,512.3333333333334,17.0
三个固定 GP 表达式的均值,3850,2,7.013143698416659,1113.2790465938428,0.8914194978106303,0.5032755899772565,0.9925027375067729,0.8765111111111111,9.734026720407046,9.61681383817921,9.19810549621468,9.15969512914509,0.6065126112430735,595.2222222222222,20.444444444444443
三个固定 GP 表达式的均值,3850,3,7.017709085692998,1119.0993767195969,0.8912734908768888,0.4507202408989673,0.9925077692243622,0.8775666666666667,9.685890209222558,9.657554976983057,8.87891570010705,8.480671146812504,0.6027234100730018,30.444444444444443,19.11111111111111
三个固定 GP 表达式的均值,3850,4,6.991898352455589,1088.3771510048477,0.8913452131664853,0.49855275591101783,0.9925361516719106,0.8900999999999999,9.854391328590241,9.818501188328698,9.22340886650629,8.638651125369872,0.6079150609752489,209.55555555555554,17.77777777777778
三个固定 GP 表达式的均值,3850,5,7.002085083232824,1100.226197430513,0.8914129690572538,0.5003931111780827,0.9925180428721823,0.8845777777777778,9.78241267683501,9.689673215295088,9.069138167071102,8.833594816605432,0.5937167797376658,29.666666666666668,20.22222222222222
三个固定 GP 表达式的均值,3850,6,6.979818966359139,1074.7326670324574,0.8913279117714377,0.49712250299143373,0.9925413390187718,0.8973555555555556,10.271858882322086,10.35914408977431,9.95116290127111,9.5354654884247,0.5955609728008258,669.5555555555555,21.11111111111111
三个固定 GP 表达式的均值,3850,7,7.033495036287304,1137.0963262315233,0.891511729009005,0.46572135389988706,0.9924658033062668,0.8647222222222222,9.666482965649655,9.467070544576941,9.141229648530363,8.862424352884055,0.6002196116816979,413.77777777777777,22.88888888888889
三个固定 GP 表达式的均值,3875,0,6.9992158904190545,1096.5120874996894,0.8914683477577143,0.48073553352399856,0.9925282984158419,0.8859888888888889,9.805632289856446,9.737591020242913,9.194273937123269,8.48572828492138,0.6143979203999665,443.0,19.11111111111111
三个固定 GP 表达式的均值,3875,1,7.004176388564081,1102.684184950129,0.8913609533419238,0.47380736608742385,0.9925231589185205,0.8851333333333334,9.778409790263938,9.73082310858068,9.250350544229114,8.643198939326274,0.6280269315034948,526.7777777777778,17.88888888888889
三个固定 GP 表达式的均值,3875,2,6.998896929620294,1096.2019300491597,0.8915182086904004,0.5001928613640878,0.9925308128622533,0.8856666666666667,9.797293714420736,9.753071272335369,9.361057582609455,9.281532418773592,0.6288710435371656,592.0,16.88888888888889
三个固定 GP 表达式的均值,3875,3,7.0113722268589065,1110.6588126050638,0.8916969121864309,0.503252287174874,0.9925208543902073,0.8802,9.718172756807276,9.666407267483827,9.155160408885399,8.551689965908768,0.5834975254753738,560.4444444444445,19.11111111111111
三个固定 GP 表达式的均值,3875,4,6.981109664300453,1076.12510245415,0.891210273870511,0.4964494556418651,0.9925485933827809,0.8973777777777777,9.898807636800315,9.893563694361058,9.244768692102944,8.63009115588396,0.6556509725330499,614.2222222222222,19.22222222222222
三个固定 GP 表达式的均值,3875,5,6.998211886484797,1095.859660766772,0.8912870350842456,0.4992342696323855,0.9925357088409592,0.8871777777777777,9.80621845225972,9.76318917191539,9.234837256757297,8.946115669699353,0.584025164198804,21.88888888888889,17.555555555555557
三个固定 GP 表达式的均值,3875,6,6.979135571476261,1073.9956844230849,0.891354881840633,0.4972325922098577,0.9925485273045012,0.8982888888888889,10.394401579639766,10.722004215601139,10.119470084241229,9.662071888888129,0.6036912740905007,815.3333333333334,21.555555555555557
三个固定 GP 表达式的均值,3875,7,7.016514262332443,1116.7273457460008,0.8916533969315515,0.4623470751877606,0.9924904082024304,0.8763777777777778,9.697243422016411,9.635727596803788,9.195936542135794,8.900765142556013,0.6308807484270709,740.3333333333334,23.11111111111111
三个固定 GP 表达式的均值,3900,0,6.984313824823252,1079.5799120864626,0.8914220158836549,0.48305685897467754,0.9925508342583933,0.8944666666666667,9.878736608819422,9.876053785010193,9.222025415442268,8.48990692317731,0.6008812245422818,96.66666666666667,22.666666666666668
三个固定 GP 表达式的均值,3900,1,7.4866083798915435,3070.4844728597623,0.6933388091784356,0.3843695779177695,0.8275249383907641,0.692188888888889,7.870997322228289,7.788714741427926,7.3355443391029915,6.877433265677497,0.4642376331831296,540.2222222222222,16.444444444444443
三个固定 GP 表达式的均值,3900,2,7.230319810686238,2069.316806364582,0.7922478472414124,0.44718528570416577,0.9100446926039572,0.7950777777777778,8.901133160631499,8.895778343302794,8.433848549832739,8.310456772405843,0.5727234786995606,605.0,15.555555555555555
三个固定 GP 表达式的均值,3900,3,6.993901680340601,1090.4214938524958,0.891548554415123,0.4996036537844993,0.9925333020662789,0.8883222222222223,9.823600149221901,9.797847213304342,9.176517792719006,8.534372154747809,0.5902366488061151,346.44444444444446,18.22222222222222
三个固定 GP 表达式的均值,3900,4,7.476801300430015,3059.5360869449146,0.6931922593368711,0.3973943896203251,0.8275389189982162,0.6983777777777777,7.919700903310996,7.919700903310996,7.304219548556219,6.761858700873963,0.46628504739222837,628.3333333333334,16.555555555555557
三个固定 GP 表达式的均值,3900,5,6.989255092567959,1085.347562979079,0.8913001720867162,0.49776524207494827,0.9925455637890411,0.8924333333333334,9.853889273224619,9.853889273224619,9.379980019077163,8.970392966805097,0.5894771779579187,235.55555555555554,16.444444444444443
三个固定 GP 表达式的均值,3900,6,7.475073339465066,3057.672981563254,0.6932563572784239,0.3977261448114201,0.8275378500735326,0.6995777777777777,8.278697529013309,8.128330486420847,7.968196483295624,7.694626942854787,0.46463107222469524,1221.3333333333333,20.22222222222222
三个固定 GP 表达式的均值,3900,7,7.254304257974661,2096.763982020931,0.7926412242045043,0.4529083865513348,0.9099965076456729,0.7820777777777778,8.81261851936092,8.708886791049002,8.151181016322203,8.022141316899539,0.5562320014611772,430.55555555555554,23.11111111111111
三个固定 GP 表达式的均值,3925,0,6.981592599593578,1076.6462876137182,0.8912676853149496,0.49673372382643727,0.9925538932633496,0.8982666666666668,9.894319489169668,9.894319489169668,9.24896381680272,8.50114627676959,0.6120394923089116,102.88888888888889,17.0
三个固定 GP 表达式的均值,3925,1,7.078791487490782,1202.3255895607306,0.8852387157226448,0.45194330255990944,0.9878473829594961,0.6932333333333334,9.499328855351244,9.347144304823253,9.004708403333252,8.47038711071507,0.46185138882590987,330.77777777777777,22.444444444444443
三个固定 GP 表达式的均值,3925,2,7.024061233096417,1132.8645728512306,0.8879857133543712,0.4638484542731949,0.9901783168904773,0.7980666666666667,9.735000431923426,9.624852571689349,9.309133580139177,9.151045752879156,0.5446717045744509,437.77777777777777,18.666666666666668
三个固定 GP 表达式的均值,3925,3,6.984042613642466,1079.3255568398924,0.8913052319076935,0.49708676200810437,0.9925495358531303,0.8942555555555555,9.87439322747547,9.87439322747547,9.1657251191166,8.532839347589722,0.616483474244234,615.3333333333334,17.444444444444443
三个固定 GP 表达式的均值,3925,4,7.065223126073706,1186.5241242391542,0.8850903580809039,0.44462424065324047,0.9878141673090151,0.6993555555555555,9.54254526377226,9.484568031031243,8.905221927120344,8.346765658664838,0.48661212554267386,414.77777777777777,18.77777777777778
三个固定 GP 表达式的均值,3925,5,6.980638588936342,1075.6198022359467,0.8912655128549317,0.4967680635128509,0.9925558381741227,0.8976444444444446,9.901316912811424,9.901316912811424,9.379169281105352,8.991134440300165,0.6035709358855206,502.55555555555554,17.22222222222222
三个固定 GP 表达式的均值,3925,6,7.062925870355712,1183.4166585741566,0.885211550635164,0.4412033841759222,0.9878081937776412,0.6996333333333333,9.934233543768032,9.732387995741425,9.6018354727722,9.290644666782264,0.46996813664726883,457.77777777777777,23.0
三个固定 GP 表达式的均值,3925,7,7.051214563339381,1164.152805076551,0.8883376810385377,0.4592789681485784,0.9901337126219407,0.7851111111111111,9.531147692526128,9.531147692526128,8.92387172987592,8.81252918716888,0.5377492198542673,129.66666666666666,22.666666666666668
三个固定 GP 表达式的均值,3950,0,6.979219087766035,1074.0808199634585,0.8911872195547059,0.49627464599947607,0.9925556484211131,0.8994444444444445,9.90737148262077,9.90737148262077,9.249278320925315,8.507330572458557,0.6164379575172161,124.11111111111111,14.333333333333334
三个固定 GP 表达式的均值,3950,1,7.019022495165583,1120.3970241777602,0.891246280409493,0.4563805078509561,0.992502793625345,0.8753555555555557,9.700440994826174,9.556133652339128,9.07761618925598,8.519311881411065,0.5901249669663556,344.8888888888889,20.444444444444443
三个固定 GP 表达式的均值,3950,2,7.000941171385151,1099.9084332070129,0.8910298781863291,0.4996361704836707,0.9925261004976191,0.8873222222222223,9.789422652510934,9.724444687831026,9.367645695782231,9.20345141969932,0.5797869149042433,593.0,16.22222222222222
三个固定 GP 表达式的均值,3950,3,6.9799386748225105,1074.85753262563,0.8912472039035584,0.49664035782540417,0.9925549649989056,0.8989333333333334,9.899731468799931,9.899731468799931,9.172608837506173,8.54402965657506,0.6275786755594825,876.7777777777778,16.0
三个固定 GP 表达式的均值,3950,4,7.014264069493277,1114.8981435772262,0.8914556473557096,0.47917872898749686,0.9925015860314037,0.8776,9.710504422092665,9.579810420123342,9.02661648905332,8.463216186500608,0.6253114178400817,441.44444444444446,16.11111111111111
三个固定 GP 表达式的均值,3950,5,6.980088120140832,1075.0200121601024,0.8911892580531826,0.49626990442282626,0.9925581402656617,0.8992,9.892110421773102,9.899827934303639,9.40247576027965,9.016717848999969,0.6164733395301425,529.2222222222222,14.666666666666666
三个固定 GP 表达式的均值,3950,6,7.016355376978282,1117.5392092843413,0.8914968670722144,0.4428583696345905,0.9924904524724817,0.876411111111111,10.047035150208137,9.958145203051009,9.769628733831958,9.420617264953316,0.601977854163692,473.0,22.77777777777778
三个固定 GP 表达式的均值,3950,7,7.010222917528385,1109.6937584730904,0.8914896258388247,0.47164711852076,0.9925031482539013,0.8780444444444444,9.752219796918208,9.63927802463833,9.069105370770764,8.942679976331204,0.5961531402361395,135.88888888888889,23.0
三个固定 GP 表达式的均值,3975,0,6.983576056733543,1078.8431533827368,0.8913455316246233,0.4973411399038982,0.9925565596601618,0.8987555555555556,9.854941829572986,9.875190715039183,9.30061798066491,8.535893415791913,0.6096671119633646,536.2222222222222,16.11111111111111
三个固定 GP 表达式的均值,3975,1,7.004208799320628,1102.4598055258748,0.8914559401570964,0.4660969495356433,0.9925204906113253,0.8841888888888889,9.744464679366715,9.732566043823937,9.08762441169883,8.552985040394631,0.5474908080437058,355.0,19.88888888888889
三个固定 GP 表达式的均值,3975,2,6.99996984187807,1097.6058357855288,0.8915419723358295,0.5006372590459061,0.992542013246897,0.8891222222222223,9.798326181093016,9.725110479335832,9.589401190713437,9.324039325617813,0.5597095698099828,657.5555555555555,17.88888888888889
三个固定 GP 表达式的均值,3975,3,6.9882070761629125,1084.0801197159135,0.8914127613177167,0.49852357163831384,0.9925580134588144,0.8972222222222224,9.815014319293049,9.807475413541244,9.319211528584205,8.627860944530765,0.6179774330742658,1009.7777777777778,18.77777777777778
三个固定 GP 表达式的均值,3975,4,7.00874290167856,1107.6180596146144,0.891700091795191,0.4796009656383124,0.9925212447366041,0.8796333333333333,9.746610646119391,9.691962100125126,9.256859683946494,8.644318119547526,0.5983649311491058,423.3333333333333,20.555555555555557
三个固定 GP 表达式的均值,3975,5,6.980175617358981,1075.111697301569,0.8912088830282402,0.49636946446000213,0.9925627486306356,0.8967555555555555,9.899144090858258,9.899144090858258,9.585673742619612,9.04734440875181,0.582082831636724,534.1111111111111,15.444444444444445
三个固定 GP 表达式的均值,3975,6,7.005904714768092,1104.730516980646,0.8917185629876295,0.47444679819005814,0.99250068065074,0.8815000000000001,10.256261888595226,10.168812309354596,9.825077452950072,9.437309835632309,0.6085614640746859,879.8888888888889,23.444444444444443
三个固定 GP 表达式的均值,3975,7,6.994287873493632,1091.0280232275352,0.891460736799345,0.4991899912037522,0.9925279337921383,0.8892444444444444,9.897217695236124,9.806902743645153,9.098725369694678,8.991107977892574,0.5582493305849255,146.44444444444446,19.333333333333332
三个固定 GP 表达式的均值,4000,0,7.233206500189392,2072.514118384945,0.7924110624000478,0.4483898548698251,0.9100529601964445,0.7949333333333333,8.891620226960821,8.856505356351677,8.692797674634198,7.86067445112954,0.5354874720964671,140.55555555555554,17.11111111111111
三个固定 GP 表达式的均值,4000,1,7.241557087173766,2081.932586648191,0.7924258909125855,0.4398845730608668,0.9100256055853888,0.7915555555555556,8.798197110120682,8.806695763936427,8.123717322014556,7.718708740084095,0.5053846187288541,581.5555555555555,21.555555555555557
三个固定 GP 表达式的均值,4000,2,7.23455715397648,2074.159277925114,0.7922356451274754,0.44764011676019916,0.9100407040924762,0.7944666666666668,8.871183679805691,8.871183679805691,8.63560288318947,8.45108600315121,0.510075874223679,617.0,15.0
三个固定 GP 表达式的均值,4000,3,7.227700986491907,2066.473975964728,0.7921962613609425,0.44682719787546915,0.9100520187494943,0.7976222222222223,8.906845841290139,8.906845841290139,8.442426596564767,7.75576914937833,0.5626693110487072,889.5555555555555,17.666666666666668
三个固定 GP 表达式的均值,4000,4,6.991653215844771,1087.8199151068234,0.8916226990173113,0.48223002482613275,0.9925382533716189,0.8896777777777777,9.814683845416035,9.814683845416035,9.214391997063599,8.65269497187806,0.6489001038198213,436.8888888888889,18.0
三个固定 GP 表达式的均值,4000,5,6.978379607451052,1073.1779944751643,0.8911423638231106,0.4959814826263656,0.9925635387615139,0.8999111111111111,9.910722427790644,9.910722427790644,9.591362959444858,9.050193846621605,0.6188776380200248,553.1111111111111,13.333333333333334
三个固定 GP 表达式的均值,4000,6,6.9933922505343515,1089.8188768499715,0.891718892627448,0.5005182359832581,0.9925255812115784,0.8875,10.356008209708492,9.828522394250527,9.974757451188758,9.461087926214285,0.6207114027437982,880.3333333333334,22.666666666666668
三个固定 GP 表达式的均值,4000,7,7.231211550322072,2070.2769582744495,0.7923885930876001,0.4480631933328416,0.91003576201385,0.7950777777777778,9.039923275478298,8.973066610964175,8.148576928493094,8.033457513612937,0.510513643093754,457.6666666666667,22.11111111111111
三个固定 GP 表达式的均值,4025,0,7.021135761562364,1129.1382985164669,0.8879835152285336,0.4772064216877046,0.9902148460250564,0.7998,9.74166574339353,9.670471833108856,9.516293217782225,8.653470670785111,0.522364691392071,56.22222222222222,15.11111111111111
三个固定 GP 表达式的均值,4025,1,7.028442603797587,1136.6355381801152,0.8884241135505714,0.47323638272949275,0.9901886192150218,0.7945888888888889,9.70418430360666,9.627454071898397,8.947998605261102,8.53201578582565,0.5177382105510284,490.44444444444446,18.666666666666668
三个固定 GP 表达式的均值,4025,2,7.024751227603905,1132.8592330998313,0.8881973390623866,0.4709486296037353,0.9901860066498647,0.7971333333333335,9.723687385110633,9.653033060754876,9.426597484327475,9.252251434204187,0.5306371332241189,591.1111111111111,16.22222222222222
三个固定 GP 表达式的均值,4025,3,7.023779469977743,1132.7117670879213,0.8879012143180881,0.468848585950959,0.9901982889227295,0.7982222222222224,9.712609935509125,9.717495355950694,9.365606027532271,8.552206803428577,0.5484256627883559,864.0,17.555555555555557
三个固定 GP 表达式的均值,4025,4,6.985270343225192,1080.6685969477023,0.8913489840173541,0.4973455538458383,0.9925493926975837,0.8959333333333332,9.815500647431517,9.876035600709383,9.208905226963871,8.647352244024615,0.6356646475034696,1798.5555555555557,15.88888888888889
三个固定 GP 表达式的均值,4025,5,6.982898871793775,1078.0641942325726,0.8913372250058509,0.49707163687301176,0.9925645271107162,0.8982888888888889,9.888927052958003,9.89382709658296,9.712386738012908,9.059034379745551,0.6120116114796562,532.5555555555555,19.11111111111111
三个固定 GP 表达式的均值,4025,6,6.985490238760595,1080.9734587879611,0.8915423412823552,0.49859442468772425,0.9925368527308644,0.8953666666666668,10.332570474361445,10.130459955283747,10.053506934450029,9.498770438387318,0.6299415141129462,899.2222222222222,22.88888888888889
三个固定 GP 表达式的均值,4025,7,7.025168933185296,1133.9462686597399,0.8881202752078802,0.4709430863022254,0.9901835805865306,0.7982,9.717421667936927,9.654785551502023,9.086277950977163,8.791863946523105,0.5377759463783671,433.8888888888889,21.88888888888889
三个固定 GP 表达式的均值,4050,0,6.9932945474385075,1090.310218116724,0.8912190108937954,0.4708337771501339,0.9925439216879349,0.8896222222222223,9.835877451967555,9.774766035366339,9.591998958210825,8.705388114986956,0.5869932349483866,886.8888888888889,14.666666666666666
三个固定 GP 表达式的均值,4050,1,6.996204015660731,1093.1284812847007,0.8914712596113478,0.47651947368626923,0.9925276876878506,0.8876555555555555,9.736074540698391,9.809848466191688,8.991204137067264,8.543524667140415,0.5857437686470558,581.8888888888889,17.444444444444443
三个固定 GP 表达式的均值,4050,2,6.996508574669148,1094.212095021612,0.8912764711960348,0.47803996553517336,0.9925271412700464,0.8881444444444445,9.80050811043904,9.80050811043904,9.501095713549317,9.30588564776148,0.5988148711957442,689.1111111111111,16.88888888888889
三个固定 GP 表达式的均值,4050,3,6.998074738671079,1096.1130432787306,0.8911856236761886,0.46895610107470187,0.9925364042077955,0.8888777777777779,9.808014183003628,9.756357079386293,9.428449069954034,8.581538270728174,0.6124406354592282,1024.888888888889,17.0
三个固定 GP 表达式的均值,4050,4,6.983274690661549,1078.495457293985,0.891265707130156,0.49687899795404433,0.9925562038354605,0.896711111111111,9.888141183183414,9.878265599239356,9.43442186172723,8.715813872454854,0.6149983799893619,1402.2222222222222,14.666666666666666
三个固定 GP 表达式的均值,4050,5,6.9785100212822595,1073.3180502326225,0.8911451748259201,0.49597794985540766,0.9925647669920123,0.8996444444444445,9.910427773212094,9.910427773212094,9.73404983113382,9.057023145416144,0.6174115684139251,679.2222222222222,13.666666666666666
三个固定 GP 表达式的均值,4050,6,6.980225432845709,1075.1714751404077,0.8913893293444042,0.4973749127769438,0.992547733020148,0.8971777777777779,10.391024517349226,10.022383204591817,10.171371253261448,9.581558946766425,0.6275628418810353,1326.2222222222222,21.77777777777778
三个固定 GP 表达式的均值,4050,7,6.99647031104879,1093.8920487769146,0.8913832176906131,0.47216445768729653,0.992519313256763,0.8880111111111111,9.94955409067832,9.889394994843219,9.228503571828814,8.886557917758232,0.6276405771372188,448.1111111111111,23.11111111111111
三个固定 GP 表达式的均值,4075,0,6.986914712422467,1082.6553866016498,0.8913120458160021,0.48111304761316603,0.9925577639478578,0.8920222222222223,9.86973140155106,9.854949257892278,9.783581137299095,8.859783180141827,0.5531665839610577,1094.2222222222222,14.88888888888889
三个固定 GP 表达式的均值,4075,1,6.9832999648037655,1078.5009460363294,0.8913073901260922,0.483026764427889,0.9925427868289929,0.8934222222222221,9.89395484885023,9.874255260567372,9.14410556352508,8.616615839906329,0.6199662245356342,282.44444444444446,19.22222222222222
三个固定 GP 表达式的均值,4075,2,6.989676238914097,1085.7785613354686,0.8914407943935032,0.4775567493155439,0.9925444609017124,0.8920777777777779,9.836419727155167,9.810816364532062,9.586085306627451,9.389248877482181,0.5980165650519313,690.7777777777778,17.11111111111111
三个固定 GP 表达式的均值,4075,3,6.99567243188295,1092.6695092590123,0.8914546890105185,0.4765029691837316,0.9925489149716543,0.8893222222222222,9.827965691740783,9.814350403910609,9.667491706431967,8.757408867263756,0.6018462818099571,1436.3333333333333,19.666666666666668
三个固定 GP 表达式的均值,4075,4,6.979520745753703,1074.4068563109456,0.8912015818321442,0.4963156955270221,0.99255941540449,0.8983555555555556,9.903904696267604,9.903904696267604,9.569040157589,8.813591410369753,0.586468922853361,1413.111111111111,13.444444444444445
三个固定 GP 表达式的均值,4075,5,6.9786275876501165,1073.4445314403158,0.8911496133161361,0.49602046849457054,0.9925667565663109,0.8982222222222221,9.910311837746272,9.910311837746272,9.910311837746272,9.127422952097511,0.5894907225118623,696.3333333333334,11.88888888888889
三个固定 GP 表达式的均值,4075,6,6.978703475148342,1073.5280754720104,0.8913044391119899,0.4968874325768302,0.992550765146321,0.8990111111111112,10.496680566911115,10.418446336979372,10.252173871324597,9.620727954882147,0.6232441202867179,1561.111111111111,20.444444444444443
三个固定 GP 表达式的均值,4075,7,6.9905584229339155,1086.9434635221492,0.8913557763585099,0.4869819286966038,0.9925294019722801,0.8904666666666667,9.96875968501024,9.907826537176255,9.340522946230289,9.001917576499388,0.6065964882882817,458.8888888888889,18.22222222222222
三个固定 GP 表达式的均值,4100,0,6.979919966392038,1074.8432618109161,0.8912087218873128,0.4917459290723921,0.9925631704969256,0.8987777777777778,9.903591001463482,9.903591001463482,9.775965659367309,8.863140698443601,0.5728419403114776,1115.888888888889,15.777777777777779
三个固定 GP 表达式的均值,4100,1,7.478086335946998,3060.939722701839,0.6932870847980294,0.3980138638499741,0.8275338583684673,0.6971111111111111,7.911108821323436,7.911108821323436,7.277054787075063,6.895770137845751,0.4747262233715188,523.5555555555555,17.22222222222222
三个固定 GP 表达式的均值,4100,2,7.230425928944218,2069.463739260652,0.7923118722817546,0.44765474443467757,0.9100458704641556,0.7963666666666668,8.903119328107781,8.903119328107781,8.629939639715657,8.443780064331037,0.5445139677420757,710.3333333333334,15.0
三个固定 GP 表达式的均值,4100,3,7.229771503288664,2068.7494458012206,0.7922231412322349,0.44707674628042654,0.9100529998591315,0.7963444444444444,8.898953750443258,8.898953750443258,8.70360513151732,7.89625367837876,0.5309451843023751,1458.2222222222222,16.555555555555557
三个固定 GP 表达式的均值,4100,4,7.227004077866869,2065.7239066893635,0.7921393435093955,0.4464888846744469,0.9100525843527877,0.7994888888888889,8.918717483790722,8.918717483790722,8.578794255819847,7.94028977290397,0.5550848184322394,1850.4444444444443,12.11111111111111
三个固定 GP 表达式的均值,4100,5,6.978328619574261,1073.123270041962,0.891145310569624,0.4959777601135258,0.9925668958932179,0.8999999999999999,9.910802750718613,9.910802750718613,9.910802750718613,9.127516900042286,0.6081827300122498,863.1111111111111,12.11111111111111
三个固定 GP 表达式的均值,4100,6,7.474260499210391,3056.7985101535805,0.6932079353732752,0.39743352653463604,0.8275384742300581,0.6995666666666668,8.340687056199576,8.453604473582017,8.104730392804207,7.661320560159883,0.4947752433204457,1583.5555555555557,18.666666666666668
三个固定 GP 表达式的均值,4100,7,7.24191148387215,2082.3265361367053,0.7925296757932493,0.4351472518830726,0.9100361972141601,0.7933111111111111,8.786254225675329,8.844017366807007,8.366577007721743,8.259740945383308,0.5651169815635656,609.8888888888889,21.333333333333332
三个固定 GP 表达式的均值,4125,0,6.978637999420598,1073.4557345446183,0.8911775915368779,0.49616964580399375,0.9925644065744614,0.8996444444444445,9.909227260589724,9.909227260589724,9.77350585604787,8.871771290269585,0.6113886772002917,1399.3333333333333,14.444444444444445
三个固定 GP 表达式的均值,4125,1,7.0622118703284285,1182.1047950339932,0.8849964423049937,0.43274681524943237,0.9878758563252181,0.6992444444444446,9.593213716311475,9.436558045980906,8.825713321995943,8.449282313646293,0.4819822080414606,253.11111111111111,18.333333333333332
三个固定 GP 表达式的均值,4125,2,7.027388823331742,1136.2338114320837,0.8881606629029904,0.4665322431715136,0.9901928856461103,0.7964222222222223,9.694523077024185,9.66190758346751,9.515201079656531,9.338475622949279,0.557659872791056,675.4444444444445,18.77777777777778
三个固定 GP 表达式的均值,4125,3,7.025791376407531,1134.259376123252,0.8882307418277624,0.47089370513074397,0.9902139587500248,0.7985333333333334,9.720430334804005,9.658146143745215,9.538191289984645,8.643248229305106,0.5478224153117368,1495.3333333333333,18.88888888888889
三个固定 GP 表达式的均值,4125,4,7.022217405450452,1130.4518179714246,0.887983359741061,0.48423369028841073,0.9901825433625928,0.7998222222222222,9.723460996446542,9.723460996446542,9.371877163877413,8.726897647513065,0.5534644711976193,2138.6666666666665,16.0
三个固定 GP 表达式的均值,4125,5,6.978328640967977,1073.1232930001731,0.891143464428548,0.49595951468959343,0.992566894726,0.8999999999999999,9.910802736711998,9.910802736711998,9.910802736711998,9.12747289797031,0.6093179028089262,946.4444444444445,11.444444444444445
三个固定 GP 表达式的均值,4125,6,7.0605633023565435,1179.9750742860585,0.885078304144232,0.4711742010837601,0.9878359672891782,0.6997,10.12362365948351,9.720497955295233,9.742548267074328,9.262805054586984,0.496656581264845,1311.2222222222222,22.333333333333332
三个固定 GP 表达式的均值,4125,7,7.022267181689207,1130.114542429268,0.8881120683496312,0.4653262914742738,0.9902001295054733,0.7967666666666667,9.736536703448813,9.710354760083577,9.253982094127704,9.155727412091672,0.5457724972903395,667.5555555555555,19.77777777777778
三个固定 GP 表达式的均值,4150,0,6.979472565581305,1074.3572080097488,0.8912295047606871,0.4964571276278039,0.9925656064687873,0.8995111111111113,9.904988190209018,9.904988190209018,9.791296397276016,8.869336722200165,0.628664414810203,1421.111111111111,15.777777777777779
三个固定 GP 表达式的均值,4150,1,7.012414632523116,1112.5430475774115,0.8912652517434735,0.4913571692889895,0.9925121609648476,0.8807555555555555,9.735486662957028,9.611867193481862,8.939153905991502,8.546824141868138,0.605767858435621,585.2222222222222,18.666666666666668
三个固定 GP 表达式的均值,4150,2,6.99641216676489,1093.9840724370276,0.891222088650179,0.4991291597861698,0.992535122511698,0.8891222222222223,9.806557795613493,9.77439550843298,9.584835687454241,9.400676249616037,0.6191992239511049,697.6666666666666,17.0
三个固定 GP 表达式的均值,4150,3,6.999992707949498,1098.6428312213345,0.8911454042315982,0.49997902592876947,0.9925359781024725,0.8879333333333334,9.798718689974082,9.705906139920806,9.608486427698379,8.673007186677518,0.603147257655104,1490.888888888889,15.88888888888889
三个固定 GP 表达式的均值,4150,4,6.992510930763318,1089.3130259212396,0.8912246462317134,0.47650772443941947,0.9925387548481284,0.8906888888888889,9.840072667725284,9.78953538161029,9.46191034578229,8.792243204723091,0.6070325904945385,2159.1111111111113,15.666666666666666
三个固定 GP 表达式的均值,4150,5,6.978328447107467,1073.1230849642304,0.8911480541743635,0.4959971694409851,0.9925668971402258,0.8999999999999999,9.91080276568271,9.91080276568271,9.91080276568271,9.127387510714097,0.6075346198843904,971.4444444444445,12.777777777777779
三个固定 GP 表达式的均值,4150,6,7.005379613166317,1104.0638594798554,0.8915083216519442,0.4541204458727665,0.9925093424315359,0.8809222222222222,10.298238771969908,9.720579746638842,9.931503871189916,9.417767695215472,0.6197727975970206,1330.5555555555557,23.11111111111111
三个固定 GP 表达式的均值,4150,7,6.995820536990143,1093.2182193622043,0.8912678873936015,0.470532136898007,0.9925311854605803,0.8888444444444444,9.838688447841683,9.77254095264866,9.300832913052606,9.185063131221165,0.5970088379048126,685.7777777777778,17.11111111111111
三个固定 GP 表达式的均值,4175,0,6.978519941499036,1073.3287584844963,0.8911636427238603,0.4960907088995515,0.9925662387129756,0.8998,9.910328114677922,9.910328114677922,9.79765650491494,8.868099546930447,0.6185564182595567,1443.111111111111,14.88888888888889
三个固定 GP 表达式的均值,4175,1,6.997498255456906,1094.3772166361614,0.8915418821673333,0.486031112296086,0.9925339473619434,0.8841222222222223,9.811377527342126,9.811377527342126,9.155810622170867,8.719198476519033,0.6135834553807515,579.8888888888889,21.666666666666668
三个固定 GP 表达式的均值,4175,2,6.991205140757291,1087.7266985700219,0.8912647122988953,0.4982131250610374,0.9925455276215026,0.8913111111111112,9.837127475817008,9.837127475817008,9.682697115519987,9.502333762204147,0.6119711107013269,702.3333333333334,15.88888888888889
三个固定 GP 表达式的均值,4175,3,6.9944609112003455,1091.7307048129396,0.8912705443717813,0.49909407944075745,0.9925438670246503,0.8912555555555556,9.827247719325857,9.750882048132866,9.617035802589601,8.690310665319236,0.5991239000301034,1509.888888888889,16.444444444444443
三个固定 GP 表达式的均值,4175,4,6.984503740509139,1079.9343274308862,0.8912816997670698,0.4971188580553246,0.9925512754522177,0.8959,9.88106400698192,9.865531591439694,9.47439938026909,8.81549527118146,0.6001317520173672,2179.3333333333335,14.88888888888889
三个固定 GP 表达式的均值,4175,5,6.978328580270917,1073.1232278647549,0.8911457934740658,0.4959766215538367,0.9925668961894372,0.8999999999999999,9.910802754273247,9.910802754273247,9.910802754273247,9.127390259809081,0.6142508657058169,996.4444444444445,12.555555555555555
三个固定 GP 表达式的均值,4175,6,6.994925214975295,1091.6195687868467,0.8916388130988016,0.5001051692823683,0.9925320783757413,0.8881888888888888,10.226288825744993,10.105016067283383,10.111140590517733,9.563805163658659,0.6114838566788525,1487.111111111111,22.0
三个固定 GP 表达式的均值,4175,7,6.990137591650057,1086.4042665734514,0.8913661078460018,0.4833391938490673,0.9925396826463716,0.8917777777777778,9.851098961664967,9.818347867743528,9.472437641050911,9.245113609956135,0.6132146266491437,847.7777777777778,18.333333333333332
三个固定 GP 表达式的均值,4200,0,7.722336699061206,4048.753313152363,0.5941151715003404,0.3474385365812504,0.7450439898376512,0.6000000000000001,6.940527878051814,6.940527878051814,6.827929811317843,6.276154506786366,0.4173074487645308,1469.5555555555557,13.333333333333334
三个固定 GP 表达式的均值,4200,1,6.980035667543889,1074.9626252157348,0.8912277575500451,0.49653459807533973,0.9925487974195928,0.897488888888889,9.905526458713673,9.905526458713673,9.158959780492214,8.706824588110909,0.6555800230089802,601.8888888888889,19.0
三个固定 GP 表达式的均值,4200,2,7.229153161453676,2068.0634615198665,0.7922249428968482,0.44705063842754594,0.9100527615953834,0.7962444444444444,8.902622176724963,8.902622176724963,8.709903020959125,8.543361858718502,0.5554325640413295,861.4444444444445,16.555555555555557
三个固定 GP 表达式的均值,4200,3,7.486391882234914,3070.5137135585237,0.6933449208487432,0.3769582117476541,0.827533521672049,0.6929222222222222,7.8683053534401335,7.82331264355582,7.649081703853773,6.9883837454836835,0.45292891349664277,2313.3333333333335,13.666666666666666
三个固定 GP 表达式的均值,4200,4,6.981380339499365,1076.4408547351372,0.8912124667899936,0.4964941403239951,0.99255465588587,0.8975777777777778,9.895551965292636,9.895551965292636,9.460303581342146,8.807183692605975,0.6120042335911955,2195.222222222222,15.0
三个固定 GP 表达式的均值,4200,5,7.722332755049608,4048.749080644223,0.5940926503756365,0.34729857912147183,0.7450445964073039,0.6000000000000001,6.940535156887647,6.940535156887647,6.940535156887647,6.401269781588143,0.43258741872037443,1021.4444444444445,11.11111111111111
三个固定 GP 表达式的均值,4200,6,7.477485448630132,3060.2823399592344,0.6933423872805609,0.3982802196562891,0.827531500196597,0.6959888888888889,8.16396351327119,8.086947176979484,7.960210831326281,7.6204317173913205,0.48823699948053434,1258.7777777777778,23.333333333333332
三个固定 GP 表达式的均值,4200,7,7.482616818065726,3065.9107470223776,0.6934047384969195,0.3820064773476084,0.8275348862579712,0.6940333333333334,7.913508542697004,7.8456455510168945,7.590427866101986,7.389137262444793,0.47390994320710256,860.8888888888889,19.444444444444443
三个固定 GP 表达式的均值,4225,0,7.102809767466171,1235.067922049987,0.8821502124544488,0.4069775553667805,0.9855193676040963,0.6000000000000001,9.364998651420617,9.26112440464734,9.189522254892987,8.59728394905751,0.4024142978964828,1377.111111111111,20.77777777777778
三个固定 GP 表达式的均值,4225,1,6.981409966741972,1076.4461596460335,0.891261994834699,0.4967041455296752,0.9925520544823693,0.8986000000000001,9.887628752566151,9.887628752566151,9.20438853689176,8.744967396534099,0.6146272475984251,730.4444444444445,15.88888888888889
三个固定 GP 表达式的均值,4225,2,7.022255200597956,1130.2844321879452,0.8880205329961028,0.4647065988136973,0.9902036162669167,0.7992888888888889,9.739231087524365,9.66001271384434,9.502185818662426,9.345165372860405,0.559399273880661,906.7777777777778,16.333333333333332
三个固定 GP 表达式的均值,4225,3,7.072862871303607,1194.2970912237054,0.8854188412318691,0.4381692170782054,0.9878634966022337,0.6937777777777777,9.494883082720362,9.394746882246983,9.213211373560576,8.55316247254215,0.45908526890654777,1753.111111111111,19.666666666666668
三个固定 GP 表达式的均值,4225,4,6.9821962568067955,1077.3363791425588,0.8912803126860059,0.49693706362610146,0.9925581594651288,0.8974666666666669,9.895766719636422,9.895766719636422,9.634344092145584,8.966633140367755,0.6177874260046637,2210.1111111111113,15.666666666666666
三个固定 GP 表达式的均值,4225,5,7.106109174009019,1240.249236502427,0.8816005695827172,0.4032093458800274,0.9855044283513467,0.6000000000000001,9.43520124273778,9.219326626788943,9.318261159222365,8.759565568505563,0.43102479708871283,467.55555555555554,19.88888888888889
三个固定 GP 表达式的均值,4225,6,7.060169297653991,1179.149655187407,0.8850621875958996,0.43585674433357846,0.9878244660078982,0.699011111111111,9.93348981213193,9.477327129235826,9.563151739752916,9.198351562184099,0.502450902936487,607.8888888888889,22.0
三个固定 GP 表达式的均值,4225,7,7.068838987590282,1191.8286391989832,0.8848175750063815,0.4928542276360938,0.9878052478749737,0.6978000000000001,9.52555082684942,9.390688564137205,9.1513764784566,8.948159964106193,0.47408808817997095,656.2222222222222,21.333333333333332
三个固定 GP 表达式的均值,4250,0,7.0319520431884595,1135.567235065477,0.8914352822243791,0.4254373810477982,0.9924874646444665,0.8688777777777779,9.57347071257633,9.550369341433788,9.286243752301912,8.697518668376752,0.6180289533696496,1394.111111111111,17.88888888888889
三个固定 GP 表达式的均值,4250,1,6.979619156029978,1074.514328362169,0.8911941821309374,0.49632447072683344,0.9925534706740758,0.8993333333333333,9.904053323611446,9.904053323611446,9.236629472655007,8.770900533021692,0.5982221346489721,759.7777777777778,14.333333333333334
三个固定 GP 表达式的均值,4250,2,6.9901752728268525,1086.5083182929238,0.8913023595652818,0.49820107364772986,0.9925475811701355,0.8922333333333334,9.852622542922601,9.852622542922601,9.598641689243589,9.439309350257552,0.6042676965757009,1270.7777777777778,14.666666666666666
三个固定 GP 表达式的均值,4250,3,7.022510112667775,1124.337978553909,0.8915872192575675,0.5065954603522052,0.9925071914125735,0.8739666666666668,9.649549421876502,9.543624035861209,9.295498184624744,8.625547556593004,0.5897478010204042,1771.4444444444443,19.333333333333332
三个固定 GP 表达式的均值,4250,4,6.979736504445353,1074.643243316831,0.8911816702905795,0.49625827168230635,0.9925624257184064,0.8982888888888889,9.907876621124622,9.907876621124622,9.81287380737421,8.99230084673004,0.6283538011743501,2228.5555555555557,13.444444444444445
三个固定 GP 表达式的均值,4250,5,7.028983595198054,1131.994003128809,0.8911877875573855,0.47589131036855054,0.9924957493895685,0.8698444444444444,9.623501131883295,9.472504556170286,9.48112474376476,8.88025719920163,0.6087577417514405,485.8888888888889,20.77777777777778
三个固定 GP 表达式的均值,4250,6,7.011930025605606,1111.8224181417988,0.8914405172596259,0.47657800194958927,0.9925003645536198,0.8797,10.083913544377005,9.734059251113521,9.72257456805941,9.33175821512553,0.6430000040003397,996.6666666666666,25.666666666666668
三个固定 GP 表达式的均值,4250,7,7.02071795039579,1123.172853517291,0.8910913852689752,0.4635784037539286,0.9924917423348047,0.8753666666666667,9.71765359514272,9.618004468340795,9.260091167894362,9.044638738574596,0.5899506674269713,672.4444444444445,18.88888888888889
三个固定 GP 表达式的均值,4275,0,7.025551294397466,1127.1038006209671,0.8917984877112907,0.44663067824705904,0.9925018808627022,0.8727,9.674002498040679,9.537815276463498,9.409984844010808,8.731141477442414,0.6136172704700121,1407.3333333333333,22.0
三个固定 GP 表达式的均值,4275,1,6.979814716364383,1074.721614087836,0.8911916249527927,0.49629091911042056,0.9925550202858887,0.8976222222222222,9.904530609702029,9.904530609702029,9.450108042597561,8.80799941885591,0.5881211124281494,917.5555555555555,14.88888888888889
三个固定 GP 表达式的均值,4275,2,6.981709976147737,1076.8049180589585,0.8912163456543544,0.49654357842320646,0.9925581469172184,0.8952777777777778,9.901351903285668,9.901351903285668,9.641530727552867,9.398137051986888,0.6214527079944774,1282.7777777777778,14.666666666666666
三个固定 GP 表达式的均值,4275,3,7.011194447272901,1110.374163052608,0.8918467604727083,0.4829159302655056,0.9925215271699831,0.8805333333333335,9.70719836010614,9.600753263086569,9.317314237285924,8.63991019639454,0.595739130333868,1844.0,20.555555555555557
三个固定 GP 表达式的均值,4275,4,6.978364142318638,1073.1613962292186,0.891138852815183,0.4959648334879566,0.9925626341129621,0.8999999999999999,9.910751609355547,9.910751609355547,9.81579926410103,8.99023892073039,0.6252014457420538,2246.3333333333335,12.222222222222221
三个固定 GP 表达式的均值,4275,5,7.013869972727365,1113.503954403447,0.8914772671798471,0.45351861117292497,0.9925131658435318,0.8778444444444445,9.711742997033827,9.636566163468146,9.524581020955248,8.875115194341136,0.6138998042432919,500.8888888888889,21.0
三个固定 GP 表达式的均值,4275,6,7.003893027231404,1102.1784812840451,0.8915001036614092,0.4841164731889308,0.9925099826885587,0.8841,10.057169697312876,9.77639605406771,9.784242287184835,9.365688260940292,0.6566960826062354,623.5555555555555,23.22222222222222
三个固定 GP 表达式的均值,4275,7,7.013227264717238,1113.4912884570058,0.8913959217059352,0.4473202582351965,0.9925059409587865,0.8785555555555555,9.735875779128584,9.642214467213527,9.294813031676439,9.088232964416392,0.5647588909574811,678.7777777777778,18.444444444444443
三个固定 GP 表达式的均值,4300,0,7.497615333260192,3082.8272022934134,0.6937282463393345,0.3883094638586042,0.827513268345339,0.6827000000000001,7.78672315748852,7.78672315748852,7.473814298143822,6.91595378818457,0.5177445659461083,980.1111111111111,20.666666666666668
三个固定 GP 表达式的均值,4300,1,7.226759755770958,2065.4603664648675,0.7921334272815437,0.44650732144312016,0.9100493149527691,0.7995777777777778,8.916236398031204,8.916236398031204,8.484451856640577,7.94294549136414,0.5401382905896697,939.6666666666666,12.777777777777779
三个固定 GP 表达式的均值,4300,2,7.723671407512867,4050.1935194209923,0.5941270853832908,0.34748005657658376,0.745039816759542,0.5994444444444444,6.929901361615493,6.929901361615493,6.674669095897154,6.507547453497515,0.41136014197397325,1304.3333333333333,15.0
三个固定 GP 表达式的均值,4300,3,7.493020284916024,3077.7476225120326,0.6935503147174856,0.40116495811036,0.827525612349746,0.6869666666666667,7.792753552386914,7.792753552386914,7.40641349452666,6.921160952318812,0.4976828588394622,1795.888888888889,18.22222222222222
三个固定 GP 表达式的均值,4300,4,7.970890581072717,5041.222985566355,0.4951227830322495,0.2980284048255045,0.6625342644205878,0.4996444444444445,5.9472721004824605,5.9472721004824605,5.847723532990021,5.477842995779849,0.36431068902274905,2335.4444444444443,12.555555555555555
三个固定 GP 表达式的均值,4300,5,8.23787864153007,6054.35740418729,0.3963671918830041,0.2515802492834667,0.5799951826725999,0.3872555555555556,4.828608582852255,4.828608582852255,4.613471422949469,4.415188172845966,0.31483307392534304,516.8888888888889,19.11111111111111
三个固定 GP 表达式的均值,4300,6,7.240987012090754,2081.1409928730977,0.7926670589771574,0.4354639819555117,0.9100212641266455,0.7901888888888888,9.171156280598195,9.170080040642992,8.874927979713668,8.489223064978152,0.5912569326750883,631.4444444444445,25.444444444444443
三个固定 GP 表达式的均值,4300,7,7.00709044739549,1105.9279619762847,0.8915481661878643,0.4524455841695281,0.9925102418034738,0.8823555555555556,9.706563185076302,9.706563185076302,9.301674204192302,9.062518901642445,0.564658510229552,692.7777777777778,18.333333333333332
三个固定 GP 表达式的均值,4325,0,7.07341895322598,1195.570684672744,0.8850702740177034,0.43042789731379494,0.9878406493222612,0.6919111111111111,9.525161790223013,9.459704400045155,9.03821132648472,8.482837048694815,0.5133121828224656,324.22222222222223,24.555555555555557
三个固定 GP 表达式的均值,4325,1,7.023827455630138,1131.0256459944526,0.8884142295945866,0.4691161257645377,0.9902170700286477,0.798,9.730229212232063,9.634526191037251,9.417726115433043,8.784161954283352,0.5320362351816411,819.4444444444445,17.22222222222222
三个固定 GP 表达式的均值,4325,2,7.108173740792187,1243.1908868486262,0.8816386287797211,0.41635808718697753,0.9854470819773845,0.5996888888888888,9.383038414731745,9.306684882622852,9.052737377363144,8.877204566435925,0.40630423133113247,1191.7777777777778,18.88888888888889
三个固定 GP 表达式的均值,4325,3,7.073371282172638,1194.4335457295751,0.88530369854999,0.4336203475644028,0.9878940152223126,0.6926777777777777,9.497162657026397,9.356957351959219,8.98451433380993,8.47329306187007,0.5068657336921635,1197.888888888889,23.666666666666668
三个固定 GP 表达式的均值,4325,4,7.144860430481867,1289.9898440926556,0.8786769895567699,0.41386691478723797,0.9831390963805199,0.49991111111111114,9.297459783999145,9.024934590408272,9.002091906730257,8.596395377741722,0.3663730802887904,1071.4444444444443,21.333333333333332
三个固定 GP 表达式的均值,4325,5,7.1966091229101075,1355.0441950893269,0.8762908123409383,0.4125599074376343,0.9807514362282963,0.3926,9.013472508986446,8.756448094501815,8.591741743861355,8.357510182201509,0.2872562127544788,88.55555555555556,29.22222222222222
三个固定 GP 表达式的均值,4325,6,7.021583585497993,1128.7048493161196,0.888394701058384,0.46348477991964604,0.9901666307875368,0.7968888888888889,10.266977221706243,9.932530341463346,9.757329574225698,9.334785077534782,0.578433561629951,185.11111111111111,24.77777777777778
三个固定 GP 表达式的均值,4325,7,7.00298341325394,1101.0986015658384,0.891437195622462,0.46151316366445516,0.9925153437337468,0.8851444444444445,9.82321079994734,9.82321079994734,9.308015912502421,9.062073612911822,0.5759091552924815,1056.2222222222222,17.333333333333332
三个固定 GP 表达式的均值,4350,0,7.016024418732104,1116.9205119409116,0.8911881164566672,0.45928590000284797,0.9925055149680223,0.878088888888889,9.7012454377974,9.651939702483867,9.143709953953396,8.552154189642119,0.6391348189158959,469.55555555555554,21.11111111111111
三个固定 GP 表达式的均值,4350,1,6.994133617425373,1091.336233915211,0.8913292969101521,0.4838538680633983,0.9925366448120424,0.8896666666666666,9.829461057618788,9.762136681142984,9.472805939514602,8.82502476365796,0.5959284222387375,848.3333333333334,15.555555555555555
三个固定 GP 表达式的均值,4350,2,7.0296496374927,1132.6642973044943,0.8913713116396159,0.4790873156041529,0.9924833884564576,0.8681666666666668,9.624294376783904,9.490394225217711,9.216864677560872,9.04307742108032,0.564357130763334,1213.2222222222222,19.0
三个固定 GP 表达式的均值,4350,3,7.010728439546373,1110.3209815280065,0.8913928095085717,0.4562676221757025,0.9925218478068127,0.8795555555555556,9.72785085662361,9.634617134336422,9.078705812284616,8.569158259851854,0.6429267634131749,1273.4444444444443,22.666666666666668
三个固定 GP 表达式的均值,4350,4,7.037080216893331,1140.7542686414938,0.8915673976669621,0.45305729091984426,0.9924740377256822,0.8638444444444444,9.595125809702672,9.43774378037427,9.224330721756159,8.757282256139012,0.6199148353595122,1089.111111111111,22.11111111111111
三个固定 GP 表达式的均值,4350,5,7.070254858392846,1180.08598561911,0.8916436827266081,0.5158104079818172,0.9924116137934145,0.8423333333333333,9.420199727849555,9.079636436890286,8.836508591118385,8.569222419834457,0.581072246144656,94.44444444444444,25.333333333333332
三个固定 GP 表达式的均值,4350,6,6.994112334766117,1091.317120596849,0.8914765954786981,0.473387338449893,0.9925198984960968,0.8890555555555556,10.320682488894791,9.863355902168827,9.854676765815299,9.390790718554657,0.6220221560066003,205.33333333333334,20.11111111111111
三个固定 GP 表达式的均值,4350,7,6.9918878316696675,1088.086182301646,0.8916090425078329,0.4849346014533047,0.9925330959333559,0.8891777777777778,9.8911613167439,9.808770913804596,9.464946749155734,9.217094688224448,0.6114525301138228,1072.0,17.77777777777778
三个固定 GP 表达式的均值,4375,0,7.002618633293938,1100.6730977936725,0.8913851775876775,0.48898369344648024,0.992524446002822,0.8845000000000001,9.789088644441852,9.784422257016907,9.229243473264601,8.57393134096408,0.6132129656706127,477.77777777777777,19.0
三个固定 GP 表达式的均值,4375,1,6.990695547719596,1087.0176207425134,0.8914291885250074,0.482072474307128,0.9925482592226142,0.8905222222222222,9.851733788539807,9.83216909418322,9.650574542132876,8.918286311476164,0.5960539032658135,853.6666666666666,14.777777777777779
三个固定 GP 表达式的均值,4375,2,7.013837081749783,1113.3772699611777,0.891610265204359,0.4880225400208086,0.9925097709587727,0.8769333333333332,9.720088757664415,9.606653137884912,9.429466725816681,9.237295489709837,0.5671402469875527,1215.6666666666667,18.444444444444443
三个固定 GP 表达式的均值,4375,3,6.9945663945882535,1091.6233598050208,0.8912515558536194,0.49848905451711556,0.9925406461716177,0.8897111111111111,9.823996482516193,9.780534042474306,9.122681759627541,8.61539968503886,0.6652078393197595,1284.888888888889,19.555555555555557
三个固定 GP 表达式的均值,4375,4,7.011249397152228,1110.3688591202772,0.8916417682889625,0.502640822141368,0.9925151460720623,0.8772111111111112,9.726916262505853,9.628044797290361,9.338637868105423,8.823560494688197,0.656623980818316,1094.6666666666667,21.77777777777778
三个固定 GP 表达式的均值,4375,5,7.04131028787979,1144.8840884629979,0.8920033676119417,0.45209586201447816,0.9924590562901865,0.8560333333333333,9.55807150656236,9.380843373161012,8.965967709624872,8.645270147434083,0.5823783555880472,96.11111111111111,24.666666666666668
三个固定 GP 表达式的均值,4375,6,6.98686329530441,1082.6304104656233,0.891567098537844,0.49926157347747335,0.9925322933483156,0.8933888888888889,10.428601155517304,10.880692151344494,9.941996814528386,9.440689950264971,0.6361177139586909,599.3333333333334,20.555555555555557
三个固定 GP 表达式的均值,4375,7,6.988188076125976,1083.8708136606892,0.8916022607480115,0.48568654443241477,0.9925429487008797,0.8931111111111112,9.86278117247641,9.857533996531448,9.56573477364321,9.271894167503746,0.6083304998264337,1082.2222222222222,20.77777777777778
三个固定 GP 表达式的均值,4400,0,7.48490857901452,3068.591898251181,0.6932861328610728,0.39035315117344194,0.8275280230422805,0.6921222222222223,7.861900775426829,7.861900775426829,7.322310057088245,6.811052573821385,0.4867625398850005,495.1111111111111,18.11111111111111
三个固定 GP 表达式的均值,4400,1,7.47962659759472,3062.6934668969243,0.6933057310247137,0.39825828508129263,0.8275399270575011,0.695911111111111,7.893053988537667,7.893053988537667,7.67577890909763,7.093763619319685,0.4743541370459343,1038.5555555555557,15.555555555555555
三个固定 GP 表达式的均值,4400,2,7.2390402725398735,2079.0527350524453,0.792416663730578,0.4489135412509568,0.9100316228486586,0.7894777777777777,8.850431116759886,8.850431116759886,8.498628247184927,8.310884261398845,0.5034433559207714,1227.6666666666667,17.22222222222222
三个固定 GP 表达式的均值,4400,3,7.728454691371152,4055.4621968173597,0.5942297784143212,0.3483817094877818,0.7450291791260344,0.5947666666666667,6.89974032290257,6.89974032290257,6.1668849035026785,6.00376359558349,0.4553839466010199,1229.5555555555557,18.444444444444443
三个固定 GP 表达式的均值,4400,4,7.491363574637423,3075.871791730069,0.6935155079121308,0.4007598736454351,0.8275180899025704,0.6874888888888889,7.826192185351654,7.826192185351654,7.3627603020844,7.032162372322666,0.47696593465452225,1106.111111111111,17.88888888888889
三个固定 GP 表达式的均值,4400,5,7.2571212686188,2099.4363606158536,0.7927495094064625,0.42861960965291585,0.9099937258478796,0.7774222222222222,8.734853055521846,8.734853055521846,8.038947742028975,7.777190043158606,0.5637035223826992,100.55555555555556,22.11111111111111
三个固定 GP 表达式的均值,4400,6,7.232285695242372,2071.5007262117115,0.792456264968235,0.4485600666058345,0.9100350500444611,0.7956666666666667,9.385935418843326,8.885614606357537,9.047847567967843,8.5154733171887,0.5540508652970542,610.8888888888889,20.22222222222222
三个固定 GP 表达式的均值,4400,7,7.724344997170132,4050.9185390330604,0.5942708485918878,0.34840039922766847,0.7450267720602826,0.5984888888888888,6.933197992800491,7.00203227132292,6.62165844891931,6.386715252459798,0.4041725613410356,1174.5555555555557,17.22222222222222
三个固定 GP 表达式的均值,4425,0,7.063649409188326,1182.8903654572155,0.8851830207775481,0.43978654684986823,0.9878566354393116,0.6973444444444445,9.57798022054122,9.453069970543346,8.89779772479736,8.392029423027209,0.4809730903374407,160.44444444444446,21.0
三个固定 GP 表达式的均值,4425,1,7.064943820868113,1185.622466282998,0.8851307762185969,0.44178907725781014,0.9878638499208825,0.6971777777777777,9.566173345092025,9.420677297106065,9.204641145664588,8.649908935408613,0.47401879447028733,869.7777777777778,20.11111111111111
三个固定 GP 表达式的均值,4425,2,7.024781596271461,1132.1695025527931,0.8883203786033369,0.48393157096508627,0.9901844965316998,0.7960111111111111,9.7092061569559,9.660611592458023,9.340230985258602,9.165088790167408,0.5286345544205265,1068.0,18.444444444444443
三个固定 GP 表达式的均值,4425,3,7.111930793189667,1248.1891074753976,0.8816680872577445,0.40266562614797274,0.9855132175746211,0.5976888888888889,9.350892188504114,9.194020490191356,8.650340109296355,8.38284018054896,0.41868349804413524,12.333333333333334,25.333333333333332
三个固定 GP 表达式的均值,4425,4,7.070228329985184,1192.385438335258,0.8848687364078052,0.4430836925398462,0.9878342621749512,0.6946666666666667,9.535608221960118,9.389419168977165,8.966052779257543,8.610080176611863,0.47986194782976965,335.6666666666667,20.555555555555557
三个固定 GP 表达式的均值,4425,5,7.032722134709182,1141.9013766864746,0.8883652078662316,0.4702577881312569,0.9901612018256686,0.7903777777777778,9.674415981397331,9.57602148720947,8.842091918696319,8.572388190397632,0.5470247430034628,2.0,23.88888888888889
三个固定 GP 表达式的均值,4425,6,7.022894891382925,1131.7680344811786,0.888044994809161,0.4861204671406684,0.9901683453818931,0.7989222222222223,10.176360508974744,10.06648138967944,9.891741074669572,9.332885237685883,0.5492058421945866,946.6666666666666,20.555555555555557
三个固定 GP 表达式的均值,4425,7,7.112942382057109,1250.1367977815457,0.8816214650476714,0.43191019243588447,0.9854220580077444,0.5992444444444445,9.319048202683543,9.261146166117342,8.94572203682809,8.705614160432916,0.4122358811642187,625.0,21.555555555555557
三个固定 GP 表达式的均值,4450,0,7.010078196120647,1109.8141630495422,0.8913021821092458,0.47505048157078317,0.9925055315774052,0.8800555555555556,9.746593422292976,9.610440043581113,9.028968489584338,8.459386647097638,0.6338893984977751,186.11111111111111,19.11111111111111
三个固定 GP 表达式的均值,4450,1,7.010518280628659,1110.2208869885192,0.891553965548357,0.45039500213826966,0.9925205115977769,0.8796555555555555,9.720076430371556,9.642570110362657,9.310652933865274,8.742946936668394,0.6084787754513273,676.4444444444445,22.444444444444443
三个固定 GP 表达式的均值,4450,2,6.996163081953769,1093.5038536459151,0.8914912133824104,0.47384078666928914,0.9925315957652227,0.8885111111111113,9.816459655792292,9.750570366258659,9.432326314180017,9.261202561708963,0.6043875452935652,1159.3333333333333,17.333333333333332
三个固定 GP 表达式的均值,4450,3,7.043298871303215,1149.7472850634601,0.8909909177285,0.4270983177835077,0.9924809601135419,0.8665777777777778,9.519767765890583,9.485905790401851,8.77718165349604,8.497090144512223,0.5951810674495039,95.0,23.11111111111111
三个固定 GP 表达式的均值,4450,4,7.014464178643493,1114.7512741667897,0.8913347134154613,0.47564614372896724,0.9925055199260276,0.8778333333333332,9.720208884295737,9.619436787098016,9.043844224556425,8.6629346521714,0.6155574236175604,805.0,21.666666666666668
三个固定 GP 表达式的均值,4450,5,6.996245634495442,1093.5366251966414,0.8913441463932865,0.48200041015897926,0.9925184490445038,0.8876444444444443,9.813967911718468,9.76429904453953,8.940682133853139,8.67742685895454,0.5796090219549653,19.666666666666668,20.333333333333332
三个固定 GP 表达式的均值,4450,6,6.997719646809638,1095.7040909054936,0.8913188479046847,0.4787145318660852,0.9925225173241105,0.8882777777777778,10.373955106312422,9.818166496196223,10.006882606749446,9.419147929076379,0.6122464822648175,963.5555555555555,21.555555555555557
三个固定 GP 表达式的均值,4450,7,7.033042881630603,1136.8168045146356,0.8914223667719884,0.46685539573306045,0.9924622954453104,0.865488888888889,9.627244908061272,9.416081863551176,9.07149341055431,8.820181210510619,0.6002257361696959,783.7777777777778,21.444444444444443
三个固定 GP 表达式的均值,4475,0,7.005882733949008,1104.064136766315,0.891774641858729,0.48900208595126643,0.9925263814845514,0.8833444444444445,9.7659925916677,9.698170754656012,9.303714641557693,8.495660163178577,0.6169156368189269,240.33333333333334,22.333333333333332
三个固定 GP 表达式的均值,4475,1,7.005633653941711,1104.1902627792724,0.8916663982295034,0.4742490141415161,0.9925282286705581,0.884488888888889,9.741249298056797,9.716819160691424,9.466965437954904,8.763509934632616,0.6273143557796584,829.7777777777778,22.0
三个固定 GP 表达式的均值,4475,2,6.988094599736275,1083.9894542847144,0.8914063659586596,0.49843043355910754,0.9925445648403092,0.8914222222222222,9.859765923536315,9.847561770543459,9.537689129242837,9.348305287998002,0.6074814963852212,1162.888888888889,16.0
三个固定 GP 表达式的均值,4475,3,7.029852257274133,1133.1288089836496,0.8912043276658788,0.49025177286423877,0.9924958110409953,0.8708222222222223,9.64430079097755,9.454190061043803,8.798716735872326,8.479343908152352,0.616733282785434,97.22222222222223,22.333333333333332
三个固定 GP 表达式的均值,4475,4,6.998392565965061,1095.491295115732,0.8914801729082426,0.4994708091963285,0.9925281737128722,0.8873,9.813194403137572,9.736504883696732,9.039316732946903,8.67362394450303,0.6094730076358681,810.7777777777778,18.77777777777778
三个固定 GP 表达式的均值,4475,5,6.9931759197948,1089.9441915565578,0.8913249914762537,0.4987403869295475,0.9925280673730291,0.8899555555555556,9.836676953317047,9.783856398471707,9.062631334668563,8.743591864293716,0.5845853604230781,8.444444444444445,15.666666666666666
三个固定 GP 表达式的均值,4475,6,6.994776555087075,1091.6366515105606,0.8916254127554544,0.5003788003864722,0.9925338524196735,0.8911666666666667,10.540782373882957,9.897390233786805,10.276888617070103,9.561255334300089,0.5721274418230206,1246.6666666666667,21.555555555555557
三个固定 GP 表达式的均值,4475,7,7.024422159598831,1126.1280256582836,0.8917020042766407,0.4581083063619412,0.9924784233286414,0.8720333333333333,9.690323672632935,9.510420143555654,9.13491191535058,8.876471125119506,0.5799317329036081,796.6666666666666,21.666666666666668
三个固定 GP 表达式的均值,4500,0,6.985290318463466,1080.7469123812164,0.8913706100895185,0.48472387025072305,0.9925444712844421,0.8938666666666667,9.877519228445383,9.837742834186457,9.349513056064104,8.49251662988996,0.61049354091672,191.66666666666666,16.444444444444443
三个固定 GP 表达式的均值,4500,1,7.489833963188993,3074.4228850652216,0.6934108670157868,0.38513201811971665,0.8275235476384173,0.6898666666666666,7.848868368307644,7.81621808693695,7.531333734290462,6.94755073610687,0.47001938074529903,700.5555555555555,18.0
三个固定 GP 表达式的均值,4500,2,7.477478623297306,3060.2896773740786,0.6932397183868589,0.3976991919867635,0.8275401128663572,0.6969111111111111,7.917570010379454,7.90906345749361,7.565407460319089,7.469208778691028,0.4785848202082332,1188.6666666666667,15.222222222222221
三个固定 GP 表达式的均值,4500,3,7.008131793751458,1106.6770202885814,0.8916082848032781,0.501543828114047,0.9925171296446658,0.8820222222222223,9.738602205835564,9.663544243217924,8.851018348754932,8.452237799659535,0.5998948846903687,470.77777777777777,20.88888888888889
三个固定 GP 表达式的均值,4500,4,7.230223495770285,2069.203629335528,0.7922163803177387,0.44707449170257896,0.910037299240238,0.7957111111111111,8.901320328068323,8.904110469880825,8.047301772345042,7.679048425207447,0.5626705701078929,828.0,18.666666666666668
三个固定 GP 表达式的均值,4500,5,6.989806472966589,1085.7183954355278,0.8915318412119562,0.49885330044077786,0.9925404213552809,0.894077777777778,9.841367016929915,9.814683528565178,9.156362235484425,8.79543237304762,0.5530308118301224,82.77777777777777,18.333333333333332
三个固定 GP 表达式的均值,4500,6,7.234849941283646,2074.3782427043375,0.7925296238441215,0.4491651749347251,0.9100380368610799,0.7947444444444445,9.282848409921417,9.38596675734351,9.091595524891492,8.650289710415711,0.523672473139476,1131.111111111111,21.444444444444443
三个固定 GP 表达式的均值,4500,7,7.262069320507687,2105.4952844443915,0.7928781846314603,0.41276779090658744,0.9099839232462913,0.7785444444444444,8.772748363998566,8.595599221932831,8.164415829202108,7.9697788856992435,0.5719343033969133,810.3333333333334,21.0
三个固定 GP 表达式的均值,4525,0,6.9845845546667435,1079.9172938600032,0.8913442294333355,0.48802705370572536,0.9925532746645751,0.8961444444444445,9.875359037749341,9.875359037749341,9.46249305357634,8.550753559168632,0.6311541772524037,188.77777777777777,16.0
三个固定 GP 表达式的均值,4525,1,7.076707047239104,1201.0396006866379,0.8849586550117576,0.43277519125391617,0.9878499169852749,0.6937555555555556,9.46588642090299,9.434890098243676,9.055042331900967,8.457375530702013,0.4903446665792662,358.0,22.0
三个固定 GP 表达式的均值,4525,2,7.06918632321005,1193.445851106177,0.8844205954662976,0.44898212276657884,0.987807344619517,0.6996222222222223,9.497512475754801,9.469235130386041,9.127919495246838,9.037490738051485,0.4579698890742942,771.0,15.555555555555555
三个固定 GP 表达式的均值,4525,3,6.990328423988156,1086.2378584633286,0.891423848719654,0.49806535687146614,0.9925390510933167,0.8888555555555556,9.843445436744208,9.843445436744208,8.867471615811514,8.469740614655285,0.6269967951780054,477.22222222222223,21.666666666666668
三个固定 GP 表达式的均值,4525,4,7.028072744908275,1137.5260534788317,0.8881680152625748,0.48273890827556776,0.9901727205290715,0.7975111111111111,9.688008542863217,9.688008542863217,9.011837382147425,8.514543710093152,0.553443002265744,726.4444444444445,21.77777777777778
三个固定 GP 表达式的均值,4525,5,6.983939637550146,1079.20964842204,0.8913260258194323,0.4971914457759923,0.9925480493532847,0.8948888888888887,9.891441223770592,9.891441223770592,9.213462497940121,8.832559729573727,0.6001286310773928,6.444444444444445,18.555555555555557
三个固定 GP 表达式的均值,4525,6,7.0286757325979075,1137.260206059376,0.8883693436782365,0.46515771609013495,0.9901799074829045,0.7962222222222223,10.101740129505638,9.63837649739669,9.963349597759695,9.489595392262194,0.5323802442029519,1414.3333333333333,24.555555555555557
三个固定 GP 表达式的均值,4525,7,7.0517576207021335,1163.1316209348201,0.8885721281520943,0.46524718652227254,0.9901536590571511,0.7808,9.574636293967615,9.500572914652846,8.9775147425005,8.78917375343021,0.5578033009368135,636.5555555555555,22.444444444444443
三个固定 GP 表达式的均值,4550,0,6.980074145147791,1075.0022431126736,0.8912300475698637,0.4965078196598932,0.9925566733317395,0.8987555555555556,9.893126072881778,9.893126072881778,9.473000797857823,8.559782792269935,0.6236730192791435,282.44444444444446,18.0
三个固定 GP 表达式的均值,4550,1,7.020440981247979,1122.51360533015,0.8911438084074574,0.4727864149864296,0.9925032986863874,0.8753777777777779,9.672155806308005,9.580335526426607,9.180211703990906,8.584336046817693,0.606234636715411,519.6666666666666,19.11111111111111
三个固定 GP 表达式的均值,4550,2,7.0221781763609545,1125.1141239378367,0.8908781285844688,0.5031346543408398,0.9924939221871484,0.8766333333333334,9.67927962837068,9.54176478261219,9.193766697166028,9.124218398138986,0.6034447733817769,593.8888888888889,17.88888888888889
三个固定 GP 表达式的均值,4550,3,6.985696720843761,1081.1407192270249,0.8915340249398054,0.49854909166654315,0.9925489720082733,0.8959111111111111,9.872215682886427,9.843975322157924,9.112545706827142,8.521142310727571,0.591524806524832,824.0,21.333333333333332
三个固定 GP 表达式的均值,4550,4,6.997304320209749,1094.9114203992644,0.891363715636466,0.5003358269370045,0.9925241667605617,0.887888888888889,9.794186234563005,9.792706228764326,9.097957432709359,8.588668299092848,0.613368210076169,743.7777777777778,19.11111111111111
三个固定 GP 表达式的均值,4550,5,6.981064055704086,1076.0780746027888,0.8911998981397178,0.4963590117585587,0.9925548255123454,0.8988555555555556,9.89754877659548,9.89754877659548,9.278725349524308,8.875018128123916,0.601640055129333,29.444444444444443,16.11111111111111
三个固定 GP 表达式的均值,4550,6,6.996823117143187,1094.6116316781377,0.891290530936816,0.47153418059348795,0.9925268339257458,0.8874444444444445,10.359399492354424,9.968026535093305,10.20782707709669,9.635779293833448,0.587527611066863,1252.6666666666667,22.11111111111111
三个固定 GP 表达式的均值,4550,7,7.009372583525209,1108.6490016911737,0.8915037007823532,0.4712177492433246,0.9924923675970754,0.8799111111111111,9.808089343911703,9.65570124801041,9.035176655919443,8.848805660179067,0.5961466880822168,646.2222222222222,21.555555555555557
三个固定 GP 表达式的均值,4575,0,6.97884419736127,1073.6769581938618,0.8911610004012461,0.4961270349530713,0.9925585337108586,0.8987777777777778,9.90962418406821,9.90962418406821,9.55227527545069,8.562390663868014,0.6172567416554569,424.3333333333333,13.88888888888889
三个固定 GP 表达式的均值,4575,1,7.009975496768673,1109.3197427292855,0.891386720682801,0.4713761420407724,0.9925189592595394,0.8805999999999999,9.745531751412308,9.69884268690625,9.173224444526772,8.595282749466552,0.5762499352271254,529.5555555555555,20.11111111111111
三个固定 GP 表达式的均值,4575,2,7.010828366404711,1110.3245881882413,0.8913447156603378,0.4827117658144506,0.9925120126627598,0.8798666666666666,9.750625641593142,9.663447508854118,9.488348893966586,9.300054748196155,0.582539966567797,590.3333333333334,19.0
三个固定 GP 表达式的均值,4575,3,6.980020018511203,1074.9437092149094,0.8911993864543992,0.4963644064045267,0.9925519997966441,0.8986000000000001,9.902254514717612,9.902254514717612,9.14876156724009,8.538334179104783,0.6111468395692686,493.8888888888889,17.555555555555557
三个固定 GP 表达式的均值,4575,4,6.989609942555263,1085.7337134061293,0.891409748783537,0.49871371324269,0.9925389605560218,0.8907222222222223,9.855879501971701,9.828084590335362,9.23558987013212,8.629035324727287,0.6177269032743822,751.2222222222222,15.666666666666666
三个固定 GP 表达式的均值,4575,5,6.982811398483097,1077.973302038332,0.8913620741150053,0.49729112635864886,0.9925600835447875,0.8970222222222222,9.892411640273131,9.885405717884035,9.539801896732001,8.95860633849974,0.5836963188849107,14.11111111111111,18.666666666666668
三个固定 GP 表达式的均值,4575,6,6.9938487462973615,1091.0492047857965,0.8913120297374886,0.4724884210824399,0.9925346671759533,0.8913000000000001,10.33802727153046,10.064898297783873,10.304392079170821,9.686020852600754,0.5966886089867866,1265.2222222222222,21.11111111111111
三个固定 GP 表达式的均值,4575,7,6.998535480943605,1096.2841772282159,0.8913945110002248,0.4882424098957179,0.9925055613409063,0.8870111111111112,9.833169760166744,9.794057481941897,8.99386168422292,8.810590104602879,0.6147472238493289,660.3333333333334,19.88888888888889
三个固定 GP 表达式的均值,4600,0,7.474399195097027,3056.946595805699,0.6930993160960288,0.3968327932446972,0.8275438022123269,0.7000000000000001,7.930525626547923,7.930525626547923,7.573063572180358,6.913329731695481,0.48924125691270615,452.6666666666667,12.777777777777779
三个固定 GP 表达式的均值,4600,1,7.48945497270471,3073.595905753799,0.6934786886801646,0.39993300484836136,0.8275182802038386,0.6896555555555556,7.838739432999546,7.845397130448238,7.193557981830755,6.869045869478187,0.4051577934440702,537.6666666666666,17.77777777777778
三个固定 GP 表达式的均值,4600,2,7.240813883427547,2081.05937446618,0.7923996152783531,0.44897929241203777,0.9100337128265645,0.7893666666666667,8.83186431474618,8.83186431474618,8.55500063309462,8.451629956095042,0.5204918942947041,877.6666666666666,16.0
三个固定 GP 表达式的均值,4600,3,6.985434474675708,1080.9011585049532,0.8912961885087343,0.4972550657148634,0.9925565289086491,0.896311111111111,9.77518917708293,9.886469788002206,9.335022775067417,8.634101703381717,0.6219053708325916,971.5555555555555,17.555555555555557
三个固定 GP 表达式的均值,4600,4,7.237523377401203,2077.3520169996364,0.7924111338521647,0.4488570816117755,0.9100386010711549,0.7915666666666668,8.874451554111879,8.874451554111879,8.486432342921464,7.886204083227794,0.5666305548612267,762.1111111111111,17.333333333333332
三个固定 GP 表达式的均值,4600,5,6.980186195278658,1075.1303578059067,0.8912120956799097,0.49639766468687996,0.9925623689945672,0.8988888888888888,9.90564920387613,9.90564920387613,9.626434371092893,8.98615036108488,0.6046231183974213,29.0,14.444444444444445
三个固定 GP 表达式的均值,4600,6,7.234656942884732,2074.3274449802693,0.7923794661460875,0.42711285940918303,0.9100321344357619,0.7936333333333333,9.13675021982389,9.66794051283404,9.122326942879987,8.707501555051001,0.5111364198503761,1741.6666666666667,21.555555555555557
三个固定 GP 表达式的均值,4600,7,7.491849902900545,3076.487314443918,0.6934699596700801,0.381931325474158,0.8275030793781838,0.6886,7.863058780400711,7.821515461172655,7.172946755674129,7.002533049354486,0.47680731432573353,659.7777777777778,21.11111111111111
三个固定 GP 表达式的均值,4625,0,7.063344787027059,1184.1695617034516,0.8849693669474958,0.4360200863809987,0.9878444924605715,0.6998666666666666,9.539955628078932,9.465964165994233,9.114060031952233,8.434810468292344,0.4833050358558131,716.7777777777778,18.0
三个固定 GP 表达式的均值,4625,1,7.071171123861867,1194.2865058470875,0.8848844523029328,0.46939657337487734,0.9878324979965262,0.6956,9.505997290769297,9.442336015572712,8.765201749682364,8.3959068404452,0.4531354812998679,183.33333333333334,21.88888888888889
三个固定 GP 表达式的均值,4625,2,7.024745316568432,1133.062288796181,0.8881911345459037,0.4695688149379769,0.9901786609144596,0.7962888888888889,9.699933837662723,9.629374167424835,9.335648459493084,9.243871623084027,0.534022279697842,993.4444444444445,18.77777777777778
三个固定 GP 表达式的均值,4625,3,6.980692501416941,1075.6689815951265,0.8912265829005506,0.496467371276868,0.9925602947100047,0.897488888888889,9.89832076196032,9.89832076196032,9.486913779040536,8.631292004460137,0.6119674365622926,855.0,17.444444444444443
三个固定 GP 表达式的均值,4625,4,7.026705873468123,1134.6563551903482,0.8883994994919645,0.47442400135324625,0.990185826212358,0.7962111111111112,9.706504228036042,9.66431046986729,9.321810203240265,8.699683287948151,0.5651796575169284,505.22222222222223,17.666666666666668
三个固定 GP 表达式的均值,4625,5,6.978977574637057,1073.8216080751272,0.89115815342935,0.49607422835704806,0.9925646364190401,0.8985555555555556,9.90960236666809,9.90960236666809,9.772837319181047,9.050396738575417,0.6364226281954032,858.4444444444445,13.444444444444445
三个固定 GP 表达式的均值,4625,6,7.022008293846013,1128.9163810801774,0.8884011706619966,0.46388802827191966,0.9901710383460097,0.7969333333333333,10.138924227741715,10.160154470024523,9.986634461419094,9.545142687164736,0.5390810038968405,1477.888888888889,23.0
三个固定 GP 表达式的均值,4625,7,7.07442919998392,1197.4605487066995,0.8849304232945809,0.4337922789806769,0.9877930312399368,0.6938222222222221,9.584342563614504,9.545885199137384,8.727496439327012,8.559227700091464,0.5064135947469262,180.66666666666666,23.444444444444443
三个固定 GP 表达式的均值,4650,0,7.011576863302512,1111.6289978370035,0.891282703416511,0.4614430683958716,0.992510890206359,0.8787444444444444,9.726055991605454,9.613738323906798,9.203989957850082,8.51817788208882,0.6003020404778497,745.1111111111111,16.333333333333332
三个固定 GP 表达式的均值,4650,1,7.016103621974785,1116.6399028890332,0.8915101083662419,0.4771084298415204,0.9925033240269701,0.8774222222222222,9.691582422097197,9.601874101223464,8.883892145427298,8.50667423852663,0.5849434863647439,491.55555555555554,21.22222222222222
三个固定 GP 表达式的均值,4650,2,6.99579951120025,1093.198635904571,0.8913205398617667,0.499853396451767,0.9925292593462708,0.8878555555555556,9.822462483228513,9.75675344203688,9.46097804534131,9.319859101207884,0.5732057524044719,1016.7777777777778,17.666666666666668
三个固定 GP 表达式的均值,4650,3,6.979647133578188,1074.543696627589,0.8911837359053316,0.4962066058450628,0.992562824288759,0.8991111111111112,9.896082160042251,9.90545932822614,9.536654092533759,8.668547913649919,0.6042051459276575,1079.111111111111,16.555555555555557
三个固定 GP 表达式的均值,4650,4,6.993534447636688,1090.2581025693498,0.8914402234251114,0.4995005465125472,0.9925334223447462,0.8880444444444445,9.83347876154669,9.791559202253545,9.359171846309938,8.731735720956221,0.6308903333444307,1417.7777777777778,16.22222222222222
三个固定 GP 表达式的均值,4650,5,6.97834608075984,1073.1420094841958,0.8911428535356788,0.4959758395209455,0.9925647748281343,0.8999999999999999,9.910777297937614,9.910777297937614,9.77397097733862,9.04989428659883,0.6167001287572098,1151.0,12.777777777777779
三个固定 GP 表达式的均值,4650,6,6.991969375216213,1088.6429876674438,0.8915293548096008,0.4725719198673823,0.992531951679176,0.889188888888889,10.343828893489189,10.21865070284888,10.141760594191158,9.654464827819922,0.5937394703423144,1496.4444444444443,21.77777777777778
三个固定 GP 表达式的均值,4650,7,7.023444974564731,1125.7863269678903,0.891183977481551,0.4358970916351448,0.9924711098927609,0.8731777777777778,9.745516955959033,9.536637988218045,8.859453110629607,8.683253579818647,0.6332331970290744,565.7777777777778,22.77777777777778
三个固定 GP 表达式的均值,4675,0,7.00299598997708,1100.879795207474,0.891607078048144,0.4597281758528571,0.9925314698861735,0.8840666666666667,9.77780139114664,9.742970014367025,9.443753842480172,8.678817872457909,0.5638499577921269,744.0,19.77777777777778
三个固定 GP 表达式的均值,4675,1,6.999443001907146,1096.7540083877602,0.8915885370817773,0.46948050812246156,0.9925204154217013,0.8854111111111111,9.80337514457709,9.732735719868325,8.961975403212486,8.5311086981363,0.5747056958544304,199.88888888888889,20.11111111111111
三个固定 GP 表达式的均值,4675,2,6.992418233512435,1089.074521601701,0.8913733518488475,0.49909940534448133,0.9925405899101523,0.8899111111111111,9.840707035518296,9.803909960468626,9.635068301972792,9.439139482365746,0.5922367452348553,1023.5555555555555,17.333333333333332
三个固定 GP 表达式的均值,4675,3,6.978378132162592,1073.1764097696334,0.8911572659266986,0.4960802082276438,0.9925631760913033,0.8997777777777779,9.910726799249328,9.910726799249328,9.55158244534369,8.67984828402582,0.6183860255183834,1576.6666666666667,16.77777777777778
三个固定 GP 表达式的均值,4675,4,6.98767359051516,1083.4235702906292,0.8914450015358442,0.4982601465590931,0.9925517161987868,0.8921777777777778,9.865573414682038,9.83523296050955,9.559650286665487,8.787524749511492,0.5932017584404707,1691.2222222222222,16.88888888888889
三个固定 GP 表达式的均值,4675,5,6.979125141248521,1073.981107739908,0.8911616645319117,0.4961241623777105,0.9925667536424909,0.8985777777777779,9.909261325132498,9.909261325132498,9.909261325132498,9.126260580563487,0.5973006092299754,1371.888888888889,14.444444444444445
三个固定 GP 表达式的均值,4675,6,6.9861947120329635,1081.8233940565933,0.8915201743847437,0.4986989832601437,0.9925411296626115,0.8944555555555554,10.174382949408624,10.600932004099278,10.08383768983973,9.69191938868105,0.6160656734493379,1711.7777777777778,18.444444444444443
三个固定 GP 表达式的均值,4675,7,7.0133194181636345,1113.4003688132684,0.8914212850138001,0.4863241562912309,0.9924923666340274,0.879,9.776118499380466,9.737363303336453,8.932176818718712,8.756272475737553,0.6097579754517982,568.0,23.77777777777778
三个固定 GP 表达式的均值,4700,0,6.990519528519772,1086.5754292355477,0.8915510476883265,0.48993170477457465,0.9925466617789704,0.8905,9.82656226734894,9.82656226734894,9.56190669031072,8.816835780354381,0.5819982483687861,754.0,18.555555555555557
三个固定 GP 表达式的均值,4700,1,6.990245859383144,1086.1407544757433,0.8915608546720869,0.4839087213560067,0.9925386091173363,0.8904666666666665,9.845268510592415,9.845268510592415,9.165597017429768,8.651611997535479,0.6009445780913243,202.66666666666666,19.88888888888889
三个固定 GP 表达式的均值,4700,2,7.232656788909919,2071.9815978726233,0.7923369098614811,0.44807919845144323,0.9100419779519421,0.7948555555555556,8.875649669043435,8.875649669043435,8.632942077547005,8.476062666373151,0.5551816028144277,1041.5555555555557,15.222222222222221
三个固定 GP 表达式的均值,4700,3,7.479487674241623,3062.492987368745,0.6932197186336774,0.3976124796894702,0.8275497503178987,0.6978444444444445,7.913870604298329,7.913870604298329,7.746243157078581,7.00187052755901,0.4794088039088477,1585.5555555555557,17.77777777777778
三个固定 GP 表达式的均值,4700,4,7.232026877245327,2071.2262785744238,0.792331877946567,0.44776114415882934,0.9100498536785984,0.7966888888888889,8.874945408896146,8.874945408896146,8.585552629522576,7.941193287798776,0.5618056317047267,1706.5555555555557,17.666666666666668
三个固定 GP 表达式的均值,4700,5,6.978328896420113,1073.123567131466,0.8911374932951605,0.4959243250730021,0.9925668918715217,0.8999999999999999,9.910802702458259,9.910802702458259,9.910802702458259,9.127398383372126,0.6167646962026905,1395.6666666666667,14.333333333333334
三个固定 GP 表达式的均值,4700,6,7.478250202556443,3061.164252889119,0.6933482984114973,0.3984216118132468,0.8275341890266127,0.6965333333333333,8.371393698529108,7.929336979222581,8.19501828974617,7.761342887338458,0.5030163027490361,1525.6666666666667,20.333333333333332
三个固定 GP 表达式的均值,4700,7,7.253751705683486,2095.8997364758457,0.7927740616030484,0.42103175385077685,0.9100014836712267,0.7844666666666666,8.823011002723273,8.846123679565215,8.091764802316114,8.028963026260213,0.5479952877005648,789.3333333333334,22.444444444444443
三个固定 GP 表达式的均值,4725,0,6.989547838043398,1085.5089667451825,0.8915120353406556,0.4851270673485381,0.9925519991934162,0.8932111111111111,9.85074538220977,9.816230804882233,9.582015513669258,8.841361671516859,0.6155103124507186,767.2222222222222,17.555555555555557
三个固定 GP 表达式的均值,4725,1,6.982025365089243,1077.1080579872678,0.8913166197476924,0.49707212635621123,0.9925497226850868,0.897,9.885971418157027,9.890312447500584,9.211442644787702,8.660027831662225,0.6154056319632397,517.0,19.666666666666668
三个固定 GP 表达式的均值,4725,2,7.021729570844165,1128.7358813141675,0.8881984318466988,0.47338117077328484,0.9902084475648584,0.7981222222222222,9.746974409759453,9.676408326461349,9.418282622269755,9.28320238187871,0.5541752690729322,1146.7777777777778,20.0
三个固定 GP 表达式的均值,4725,3,7.06246197221,1182.9061963985687,0.8849235749475004,0.43579756664344,0.987858807044244,0.6999111111111112,9.59544266933748,9.437114855324932,9.308830148517295,8.559417045208562,0.47649292665575416,1094.2222222222222,16.77777777777778
三个固定 GP 表达式的均值,4725,4,7.023967429719932,1133.1957874749328,0.8878732412667006,0.47261092630480306,0.9901833201109892,0.7988222222222222,9.713928699057263,9.669555922410872,9.389976278799232,8.720401120565093,0.5558511562095592,1645.5555555555557,16.666666666666668
三个固定 GP 表达式的均值,4725,5,6.978328595074993,1073.1232437514611,0.8911431867851507,0.49596299646156805,0.9925668966799983,0.8999999999999999,9.91080276015998,9.91080276015998,9.91080276015998,9.12729613040184,0.6308908469530886,1420.6666666666667,12.11111111111111
三个固定 GP 表达式的均值,4725,6,7.0626709473211715,1183.004084076585,0.8851013501524968,0.43006279295691985,0.9878108900155154,0.6990444444444445,10.083502406970753,9.532279645368797,9.814142869329725,9.338943846202787,0.48823914389128276,963.8888888888889,21.88888888888889
三个固定 GP 表达式的均值,4725,7,7.0296327721998715,1138.5182033325698,0.8882677323153594,0.4503919236333744,0.9901710822906566,0.7931,9.74277903053402,9.637684782405538,8.873055501536008,8.822031788005681,0.5311113272697452,396.6666666666667,23.77777777777778
三个固定 GP 表达式的均值,4750,0,6.980580321076197,1075.561891189511,0.8912410779770212,0.4965666852629036,0.992559983540019,0.8975333333333333,9.89581847911336,9.89581847911336,9.58987786842803,8.832701735775679,0.625624330471425,1330.4444444444443,15.11111111111111
三个固定 GP 表达式的均值,4750,1,6.985468285590155,1080.9025623879752,0.8914442082801443,0.4979335391378012,0.9925538159709595,0.8972777777777777,9.873457613165819,9.8575454127683,9.350172163932067,8.738260625557352,0.60419652738265,598.0,17.77777777777778
三个固定 GP 表达式的均值,4750,2,6.996045448640735,1093.5343023941934,0.8912387813183427,0.47908506538407747,0.9925327886083832,0.8893555555555557,9.813958055699445,9.813958055699445,9.463664910355577,9.348456490288207,0.6206977958814848,1172.0,17.11111111111111
三个固定 GP 表达式的均值,4750,3,7.016958933279279,1118.207650662323,0.8912033190402622,0.45688216344689675,0.9925148121042334,0.8775666666666668,9.69983656978769,9.598058438521427,9.549940406596747,8.634955094947308,0.571057422939004,1108.5555555555557,18.555555555555557
三个固定 GP 表达式的均值,4750,4,6.996847954916294,1094.6166019781049,0.891166365386275,0.4989411151415423,0.9925354223427694,0.8890333333333333,9.797225315729989,9.802150954321803,9.463935350423714,8.784531002157173,0.6108632065388516,1663.111111111111,14.222222222222221
三个固定 GP 表达式的均值,4750,5,6.978328743052613,1073.1234025494273,0.8911408438077143,0.49594862924958744,0.9925668964484604,0.8999999999999999,9.910802757381525,9.910802757381525,9.910802757381525,9.12731022815162,0.6394460859399929,1571.4444444444443,12.88888888888889
三个固定 GP 表达式的均值,4750,6,7.01148230028769,1111.4112325082233,0.8914534221321774,0.4806481967585526,0.9924930995171297,0.8787111111111111,10.361158506109867,9.694663723235164,9.954506243994508,9.436087322012334,0.6134823444257609,972.7777777777778,22.11111111111111
三个固定 GP 表达式的均值,4750,7,7.002942612226996,1101.49827873148,0.8913204063051343,0.47003204229820317,0.9925111856647584,0.885,9.931058173098354,9.72710194943614,8.891169996211723,8.884181144044696,0.5961189383915335,500.1111111111111,21.0
三个固定 GP 表达式的均值,4775,0,6.979431868533358,1074.311387503594,0.8911908140193714,0.49625680125823657,0.9925614388953051,0.8994,9.902843334440153,9.902843334440153,9.614288599015964,8.853974929789024,0.6186612513643894,1347.888888888889,16.22222222222222
三个固定 GP 表达式的均值,4775,1,6.979322926569853,1074.1929593528712,0.8911884171893081,0.49626814638476735,0.9925572182771991,0.8988,9.906063239101902,9.906063239101902,9.433924240280149,8.80071990877742,0.6113849763199576,610.1111111111111,15.222222222222221
三个固定 GP 表达式的均值,4775,2,6.987537497725489,1083.2047868726218,0.891399637179052,0.49795362487268086,0.9925490656592234,0.8932777777777778,9.87310352931843,9.839118044963493,9.615413158746405,9.48950129874816,0.6194788087820203,1184.888888888889,17.0
三个固定 GP 表达式的均值,4775,3,7.009050390737095,1108.5329207818932,0.8913088172639149,0.50124903714536,0.9925257664535108,0.8824444444444445,9.73436009739788,9.65058592508655,9.543522728615761,8.662903673996123,0.5524558084332617,2037.5555555555557,19.22222222222222
三个固定 GP 表达式的均值,4775,4,6.992132057959569,1088.8709972951142,0.8912181264019975,0.4980059059574134,0.9925464601505638,0.8920777777777779,9.835972098655109,9.818302017030286,9.49463566073522,8.812287155072685,0.6189105025912046,1675.4444444444443,16.0
三个固定 GP 表达式的均值,4775,5,6.978328526470645,1073.1231701307472,0.8911456129989277,0.49598232674511356,0.9925668964247628,0.8999999999999999,9.910802757097153,9.910802757097153,9.910802757097153,9.127271349059185,0.6217166545847014,1596.4444444444443,14.666666666666666
三个固定 GP 表达式的均值,4775,6,7.000051903967082,1097.6733706898694,0.8916638399481829,0.48007159124262,0.9925115938070773,0.8853555555555555,10.394223279478688,10.256495912696787,10.04296043238686,9.481397765421947,0.6284377321677163,988.8888888888889,22.333333333333332
三个固定 GP 表达式的均值,4775,7,7.002276428742775,1099.6840204078012,0.8918085767666226,0.47918704332549694,0.9925310277257028,0.8878555555555555,9.811608769035141,9.882040906023612,9.136108103549759,9.062166283374633,0.5769876078086904,1101.0,24.333333333333332
三个固定 GP 表达式的均值,4800,0,7.722718213620338,4049.1633773180147,0.5941232002240323,0.3474977124433271,0.7450399705193271,0.5994222222222222,6.939717140386321,6.939717140386321,6.670710331902898,6.292327273664352,0.41875022436992243,1510.5555555555557,13.88888888888889
三个固定 GP 表达式的均值,4800,1,7.475066434071416,3057.6638348301476,0.6931780478291115,0.39729534112076414,0.8275429195526782,0.6997111111111112,7.9262871369006325,7.925010587242974,7.475863372996372,7.038695684433272,0.4985552598278596,627.2222222222222,13.666666666666666
三个固定 GP 表达式的均值,4800,2,7.475920587383428,3058.5903817786266,0.6931519712202622,0.39713957362202623,0.8275418423977562,0.6981555555555556,7.912679672855861,7.912679672855861,7.634788333176374,7.555551717728775,0.5014201874675505,1206.3333333333333,14.666666666666666
三个固定 GP 表达式的均值,4800,3,6.996650071562126,1093.8642908460565,0.8913601168333974,0.4991766621884006,0.9925380652225247,0.8881444444444444,9.822465011885065,9.784390100643517,9.579558307423333,8.662962768420478,0.5921182685027703,2470.4444444444443,17.666666666666668
三个固定 GP 表达式的均值,4800,4,7.236811765630762,2076.4611211344113,0.7923699290568161,0.44818347660952895,0.9100492875293078,0.7942333333333333,8.777521748980707,8.867684741252491,8.54143327211686,7.981846356173453,0.5328901186483811,1818.888888888889,16.666666666666668
三个固定 GP 表达式的均值,4800,5,6.978328639323547,1073.1232912355863,0.8911444091794132,0.4959755093918026,0.9925668941729511,0.8999999999999999,9.910802730075412,9.910802730075412,9.910802730075412,9.127270994254397,0.6336380325091686,1621.4444444444443,11.88888888888889
三个固定 GP 表达式的均值,4800,6,7.48690904482849,3070.7932156200236,0.6936295330260605,0.40080734076085656,0.8275123090476116,0.6910333333333334,8.181593809284797,8.014107905206565,7.893697700952948,7.518990923726652,0.5214750699473424,1217.3333333333333,22.333333333333332
三个固定 GP 表达式的均值,4800,7,6.982019019540594,1077.1185645870244,0.8913525000642394,0.49728270546762626,0.992547900723641,0.8948555555555556,9.896617192490218,9.887239544372255,9.254812903674882,9.20227392620739,0.6304225188201982,728.2222222222222,17.77777777777778
三个固定 GP 表达式的均值,4825,0,7.101055207142643,1232.0950626118617,0.8822264335261031,0.40971420407619696,0.9855077133888623,0.5998222222222221,9.435072490990056,9.319609071011792,9.025218144853735,8.627954069765583,0.4245029808875355,1213.2222222222222,21.666666666666668
三个固定 GP 表达式的均值,4825,1,7.066586874395824,1188.5381781810247,0.8848221665860624,0.4403180913677988,0.9878707546573067,0.6980888888888889,9.555985835809226,9.405765015667697,9.155987191105055,8.632787601050218,0.4814260974224234,406.8888888888889,20.88888888888889
三个固定 GP 表达式的均值,4825,2,7.0655052523785775,1187.554898061528,0.8847049772262338,0.43227666890210115,0.987823779268241,0.6996222222222223,9.56714184593323,9.424798165650776,9.211257881115325,9.137945226702202,0.4851252442770028,889.8888888888889,16.0
三个固定 GP 表达式的均值,4825,3,6.988164094038556,1084.0253281107482,0.8913774543020622,0.49801489720051884,0.9925462837255634,0.8925000000000001,9.84862237894136,9.84862237894136,9.587703620740164,8.671936145065274,0.5914427503803763,2488.222222222222,19.333333333333332
三个固定 GP 表达式的均值,4825,4,7.018719779851072,1124.8684742479154,0.8883411103991514,0.4696474664009499,0.9902145648101707,0.7973111111111111,9.75990954873444,9.684875152561377,9.448269906799728,8.86557960280527,0.5503205027198792,2108.777777777778,16.77777777777778
三个固定 GP 表达式的均值,4825,5,6.978328803778018,1073.1234677151995,0.8911399673834265,0.49594363412896025,0.9925668962075898,0.8999999999999999,9.91080275449108,9.91080275449108,9.91080275449108,9.127370576481772,0.6347996236444043,1646.4444444444443,13.222222222222221
三个固定 GP 表达式的均值,4825,6,7.069823554419916,1192.0755336050452,0.8849026555041557,0.4246454770439255,0.9878188808391423,0.6949,9.888291689101294,9.680654411234485,9.552488456192062,9.14368259436538,0.5329106444787138,425.22222222222223,27.555555555555557
三个固定 GP 表达式的均值,4825,7,6.9806807128223305,1075.660102530754,0.8912927571088581,0.49686257832715075,0.9925526844465078,0.8987444444444443,9.899073711234012,9.899073711234012,9.293557654847193,9.24349405386035,0.598727036462449,739.3333333333334,18.333333333333332
三个固定 GP 表达式的均值,4850,0,7.02279423627736,1124.3933385065798,0.8915607186080052,0.45671304164623155,0.9924988697463009,0.8705555555555556,9.67373298825165,9.573288247545044,9.173505679953452,8.7008311803668,0.6116133709344015,1232.2222222222222,20.77777777777778
三个固定 GP 表达式的均值,4850,1,7.012101846104002,1112.2509205280064,0.8912029016704351,0.4638951735349532,0.992513952012298,0.8793777777777778,9.739583005486807,9.64013561190914,9.231911979498422,8.702646273579953,0.6221263198897844,825.8888888888889,17.444444444444443
三个固定 GP 表达式的均值,4850,2,7.015145008562732,1116.062855334002,0.8911849182715651,0.47403445563025315,0.9925012784827515,0.8782333333333334,9.694284434797428,9.631776852643974,9.310566466861316,9.238339568308524,0.6145018342063904,1177.0,17.555555555555557
三个固定 GP 表达式的均值,4850,3,6.9821846719697795,1077.3075792625086,0.8913123915790712,0.4970779756098046,0.9925548502576524,0.8963555555555556,9.889214901805268,9.889596271490873,9.595037665574628,8.706086253835558,0.6199225853396918,2508.5555555555557,16.333333333333332
三个固定 GP 表达式的均值,4850,4,6.995771706171986,1093.2414251006699,0.8913309456179811,0.5000854208301052,0.9925373911084553,0.8890888888888888,9.810341513813556,9.743256517838098,9.53706986678409,8.928126634047269,0.619312208345947,2129.6666666666665,16.333333333333332
三个固定 GP 表达式的均值,4850,5,6.978328852316384,1073.1235198028337,0.8911389624135911,0.49593144506710857,0.9925668937013806,0.8999999999999999,9.910802724416568,9.910802724416568,9.910802724416568,9.12738659708015,0.6313439669236813,1671.4444444444443,11.0
三个固定 GP 表达式的均值,4850,6,7.01409512386788,1114.378456053645,0.8913887227547311,0.5025376745977923,0.9924901033720016,0.8788444444444444,10.084291280710678,10.10169937975828,9.76711739234252,9.32559536797064,0.6434976990475076,433.6666666666667,26.11111111111111
三个固定 GP 表达式的均值,4850,7,6.979118080473313,1073.972602632114,0.8911812533321049,0.49623008879403785,0.9925543021736346,0.8993888888888889,10.034301519147242,10.034301519147242,9.316607990778426,9.257496816185611,0.6157365449901498,1225.888888888889,16.11111111111111
三个固定 GP 表达式的均值,4875,0,7.009008141805484,1107.1090611611667,0.8920872473806697,0.4738236696934845,0.9925282674085373,0.8819444444444444,9.749724209221064,9.657750277476879,9.384600412392647,8.72561424464799,0.6472535430760895,1494.0,22.88888888888889
三个固定 GP 表达式的均值,4875,1,6.99845026222749,1095.382208187627,0.8915522214920794,0.47060919768233955,0.9925327090406029,0.885388888888889,9.751405752424676,9.809776379574469,9.36723970188145,8.733777953131437,0.6075112143307687,1254.5555555555557,19.333333333333332
三个固定 GP 表达式的均值,4875,2,6.995413597029188,1092.2722496180259,0.891444885584309,0.49920865117830715,0.9925375170569473,0.8856555555555556,9.832094000987674,9.785979470494821,9.51621780121164,9.349635402342189,0.6117016156847623,1183.2222222222222,19.11111111111111
三个固定 GP 表达式的均值,4875,3,6.979894534160446,1074.810013515749,0.8912245675090777,0.49652108043585486,0.9925577391797736,0.8990444444444444,9.904262592494751,9.904262592494751,9.61474569895081,8.732406694111441,0.6204590704471706,2527.1111111111113,17.11111111111111
三个固定 GP 表达式的均值,4875,4,6.9924509926980605,1088.8395077427872,0.8915596374251087,0.4995480545753954,0.9925501291460268,0.8914555555555554,9.844121950745182,9.801806617953861,9.640106232705653,8.960492439894946,0.6297301118011579,2560.4444444444443,17.77777777777778
三个固定 GP 表达式的均值,4875,5,6.978328720028356,1073.1233778415985,0.8911413881477552,0.49595034480520617,0.9925668964845844,0.8999999999999999,9.910802757815013,9.910802757815013,9.910802757815013,9.127455642133844,0.6267072746167942,1696.4444444444443,12.222222222222221
三个固定 GP 表达式的均值,4875,6,6.999435990435279,1096.8015865937145,0.8915210013729661,0.4834069112927628,0.9925154162308818,0.8866444444444446,10.190749220242672,10.12858428055143,9.842633985861518,9.36710760382081,0.6636715424900796,446.22222222222223,24.77777777777778
三个固定 GP 表达式的均值,4875,7,6.984916977389289,1080.3260370049968,0.8913634784415486,0.49750614338463983,0.9925585676051656,0.8973444444444445,9.88537676978916,9.88537676978916,9.491810264324249,9.438465099279547,0.596846394355045,1233.6666666666667,18.88888888888889
三个固定 GP 表达式的均值,4900,0,7.231330766651565,2070.4145288866594,0.7923567754889471,0.4289087869606354,0.9100376599198279,0.7932333333333335,8.923067055302498,8.923067055302498,8.467048366821386,7.846009544304002,0.5708933804726518,1249.3333333333333,18.88888888888889
三个固定 GP 表达式的均值,4900,1,6.983758519055966,1079.0262464650666,0.891310466333512,0.497116839492837,0.9925478591078658,0.8950888888888888,9.868332553783159,9.868332553783159,9.478178547609382,8.780557842381295,0.6399250284329034,1035.2222222222222,16.22222222222222
三个固定 GP 表达式的均值,4900,2,7.481936552403283,3065.2681715200065,0.6932854709127897,0.3983018688686896,0.8275344674711592,0.6950555555555556,7.878845099885824,7.878845099885824,7.5379259280914415,7.423686897949079,0.4819663678844669,1205.5555555555557,15.444444444444445
三个固定 GP 表达式的均值,4900,3,7.972147977323896,5042.581171255272,0.49517654678248746,0.29837832322527963,0.6625295201576031,0.49937777777777786,5.931244866017182,5.935205527620514,5.667966009152604,5.3414775433490425,0.3650746505071269,2546.777777777778,15.88888888888889
三个固定 GP 表达式的均值,4900,4,7.72629729966965,4053.062243560934,0.5942616727444119,0.3483747184140155,0.7450380897568285,0.5963222222222222,6.920041530693179,6.920041530693179,6.676314438513713,6.345566467294109,0.4336192689304576,2292.3333333333335,16.444444444444443
三个固定 GP 表达式的均值,4900,5,8.962338658991918,9008.12437084825,0.09902629383132901,0.0996255139467539,0.3325074324910613,0.1,1.9900891898927355,1.9900891898927355,1.9900891898927355,1.9061737406717565,0.09256602496007281,1721.4444444444443,13.0
三个固定 GP 表达式的均值,4900,6,7.233761914372699,2073.079702588397,0.7924535830416998,0.4485142303847549,0.9100234759759177,0.7941222222222222,9.084467943827423,8.978003918300901,8.676742096465118,8.421335072809342,0.6018979192325873,454.3333333333333,25.555555555555557
三个固定 GP 表达式的均值,4900,7,7.226472679861748,2065.1517016603943,0.7921154574083232,0.4463700773632804,0.9100529373538487,0.7997111111111113,8.920450647755931,8.920450647755931,8.521933362396688,8.530610583733113,0.5267711468862419,1256.3333333333333,12.777777777777779
三个固定 GP 表达式的均值,4925,0,7.0223996782899825,1130.2113760279933,0.8879748355088691,0.4687821597202585,0.9902155124994434,0.7984444444444444,9.74983701106131,9.66635134673043,9.258208749670965,8.643098376217816,0.566077829250898,761.7777777777778,18.333333333333332
三个固定 GP 表达式的均值,4925,1,6.979498551226751,1074.3819782919722,0.8911845495287819,0.4962635077658181,0.9925516723977899,0.8987333333333333,9.906931292755937,9.906931292755937,9.500270935804929,8.777094306361214,0.6125956657760214,1277.3333333333333,15.666666666666666
三个固定 GP 表达式的均值,4925,2,7.072927315251963,1197.0970344107545,0.8847576704903373,0.4338043693985989,0.9877962193319806,0.6954666666666667,9.492014965653158,9.410596590873437,9.120678653867456,9.025550911495118,0.449429811940142,1064.0,19.22222222222222
三个固定 GP 表达式的均值,4925,3,7.146511380194091,1292.173481569826,0.8788505175372598,0.3757654492133904,0.9831863535864512,0.4992666666666667,9.244771075981157,9.0608984810327,8.774571815272111,8.408109465539535,0.3695833941461497,1393.4444444444443,23.333333333333332
三个固定 GP 表达式的均值,4925,4,7.11225131291206,1249.7509524401712,0.8811175904331107,0.4274414562421831,0.9854713905229724,0.5993333333333333,9.359443883650263,9.19581031866921,9.010175170758066,8.687855436191779,0.4413569733714884,1052.0,19.444444444444443
三个固定 GP 表达式的均值,4925,5,7.320250212701422,1520.7811132384404,0.8660557987140938,0.3402029686470671,0.973685369133272,0.1,8.499495289317666,8.11716490660079,8.306597182276901,8.173648274023485,0.09636085473341494,155.77777777777777,30.555555555555557
三个固定 GP 表达式的均值,4925,6,7.022592807255657,1130.4400477329973,0.8881702742065198,0.4977081837986294,0.990164123434586,0.7986777777777777,9.75942373180238,10.122917996725635,9.542863177555754,9.254761856495392,0.5723507974860317,266.3333333333333,23.666666666666668
三个固定 GP 表达式的均值,4925,7,7.029208057737012,1138.6572582477395,0.8882488070149764,0.468024759761249,0.9901976125600616,0.7982222222222223,9.701062709384376,9.571500243696558,9.406115609263273,9.33827767893281,0.5216415165939018,1274.4444444444443,19.444444444444443
三个固定 GP 表达式的均值,4950,0,6.999533558259332,1097.8818426036078,0.8910534615974792,0.4708817366253038,0.9925310914885291,0.8895,9.787443623829013,9.703096739020614,9.331918818317973,8.704578869610662,0.6203076569931312,842.0,18.666666666666668
三个固定 GP 表达式的均值,4950,1,6.980828645288171,1075.8174925357457,0.8912729498038507,0.4967117399075178,0.9925562069606855,0.8986444444444446,9.900135784191082,9.900129496731644,9.574017287139313,8.794554621761675,0.5938921433370408,1290.3333333333333,17.11111111111111
三个固定 GP 表达式的均值,4950,2,7.015555008564984,1116.573116141042,0.8912708087898911,0.4756479112559442,0.9924984690449941,0.8774444444444445,9.721429376336854,9.62130166855653,9.301827032980373,9.19862975714486,0.5840515348820702,1087.5555555555557,18.0
三个固定 GP 表达式的均值,4950,3,7.056999061253165,1165.2571723495976,0.8911814077879979,0.45982031553485814,0.9924572492309279,0.8568444444444444,9.473622433661646,9.319666413490166,8.922363369146204,8.546268335778102,0.5916443053351615,1404.3333333333333,24.666666666666668
三个固定 GP 表达式的均值,4950,4,7.026577193822949,1129.1284311458378,0.8910973939469837,0.47847494078431585,0.9924960890053802,0.8706777777777778,9.657308856249534,9.563937807389415,9.18049010145132,8.82293967501563,0.6226735339458863,1359.5555555555557,19.555555555555557
三个固定 GP 表达式的均值,4950,5,7.119315334770592,1237.197960176415,0.8915139786631548,0.47905429038075464,0.9923444097058471,0.8142555555555556,9.159860826390165,8.837973940076028,8.638810191107092,8.45114796124275,0.5984862299892463,163.22222222222223,30.0
三个固定 GP 表达式的均值,4950,6,6.991359730631064,1087.8096578292925,0.8913967138708355,0.49880251828296707,0.9925191945702311,0.889611111111111,10.147633524726029,9.891927841153977,9.69258988536901,9.375409800223695,0.6128455973886681,741.6666666666666,23.0
三个固定 GP 表达式的均值,4950,7,6.998714102162508,1097.0019387885595,0.8910915878918608,0.4706636320250971,0.992533174445014,0.8877222222222223,9.803231242963294,9.803231242963294,9.474292230857694,9.342957165515365,0.5875033611442819,910.8888888888889,17.77777777777778
三个固定 GP 表达式的均值,4975,0,6.9960340701993795,1093.3592632669997,0.8911972120589685,0.4762093342517562,0.9925361575246099,0.8905555555555557,9.813019774342946,9.785019690502708,9.35860205190125,8.720123071447427,0.6364160412666442,1052.4444444444443,18.88888888888889
三个固定 GP 表达式的均值,4975,1,6.979194786673729,1074.0562216424823,0.8911677805885516,0.49614120428304304,0.9925578378221321,0.899511111111111,9.906444512831628,9.906444512831628,9.56923368664199,8.784211260980548,0.5961415101421553,1541.4444444444443,15.666666666666666
三个固定 GP 表达式的均值,4975,2,7.002836627557094,1100.8309654034783,0.8914958869418924,0.5007841515681228,0.9925234651303187,0.8818111111111111,9.7667223149473,9.747580204860904,9.535917786792233,9.36237971551617,0.5880509736594721,1084.3333333333333,16.444444444444443
三个固定 GP 表达式的均值,4975,3,7.030392003115804,1133.1263795961195,0.891550634139661,0.4609190903784282,0.9924922638138162,0.8687444444444445,9.646541980976801,9.468641246166461,8.931941928541141,8.587437645077216,0.6523886826487959,1415.2222222222222,25.555555555555557
三个固定 GP 表达式的均值,4975,4,7.002043951760195,1099.7351483550983,0.8914383229889781,0.4749601066589688,0.992529763392947,0.883311111111111,9.785854817243042,9.726191475545244,9.324118945865708,8.852183814968463,0.6207790747338348,1360.3333333333333,23.555555555555557
三个固定 GP 表达式的均值,4975,5,7.076795236248068,1185.4116785015076,0.8921033179199918,0.4441012248110145,0.9924203126709205,0.837611111111111,9.409252040194492,9.219969784201158,8.69866253426385,8.520151492629527,0.6328761869539797,162.22222222222223,30.22222222222222
三个固定 GP 表达式的均值,4975,6,6.987142076148156,1082.8812065930524,0.8915023162506248,0.49861850146945674,0.9925329285324397,0.8928444444444446,10.29692992342456,9.891546427410896,9.846769743333713,9.500512126381079,0.5879157490201892,827.0,21.0
三个固定 GP 表达式的均值,4975,7,6.998421140362818,1096.234696388562,0.8912532423404816,0.47490756951190805,0.9925395137022149,0.8897444444444444,9.808183442465996,9.77536191068066,9.521505532776382,9.376971163336734,0.5938248497768982,1161.3333333333333,16.555555555555557
三个固定 GP 表达式的均值,5000,0,7.7284115133484015,4055.447578291538,0.5941463843063101,0.3338267832221225,0.7450259685049194,0.5946111111111111,6.905320805734931,6.905320805734931,6.4071865850101135,5.9572310627695195,0.44745250836506123,1074.6666666666667,15.88888888888889
三个固定 GP 表达式的均值,5000,1,7.476338149906253,3059.037258206342,0.6932122985163903,0.3974567270501462,0.8275436671729928,0.6994222222222223,7.915977782151106,7.913003304420548,7.596592184832048,6.982108533235943,0.46493954173470947,1561.3333333333333,17.77777777777778
三个固定 GP 表达式的均值,5000,2,7.484386022595249,3067.8915049218194,0.6934400228523443,0.3992282549338182,0.8275302527741042,0.6925555555555556,7.876691122155459,7.876691122155459,7.579737499367543,7.461121737561584,0.4727405165914672,1100.888888888889,18.444444444444443
三个固定 GP 表达式的均值,5000,3,7.749086540994387,4078.6587079808637,0.594633759008914,0.3341241809120606,0.7450001826538045,0.5820888888888889,6.757242010757539,6.757242010757539,5.988697105001009,5.970357809933231,0.45430588137352707,1425.888888888889,20.666666666666668
三个固定 GP 表达式的均值,5000,4,7.23305752976276,2072.2973048205627,0.7922748333047936,0.4474125278151817,0.9100417211826672,0.7938222222222222,8.89040790573209,8.89040790573209,8.341361020284271,7.981788328744636,0.5376393006346142,1374.2222222222222,19.22222222222222
三个固定 GP 表达式的均值,5000,5,7.271509923543941,2115.0789411044966,0.7931669824193721,0.44069886098053035,0.9099691187772903,0.7654444444444445,8.636818040187686,8.636818040187686,7.721300457853139,7.616649358570005,0.5637992289434628,161.55555555555554,29.555555555555557
三个固定 GP 表达式的均值,5000,6,7.48127886996986,3064.5748264525505,0.6933357123109402,0.3986528634621152,0.8275251296677543,0.6961222222222223,8.283462400405428,7.867830831188875,7.913121648974275,7.54221466424816,0.47216264351673587,844.8888888888889,21.444444444444443
三个固定 GP 表达式的均值,5000,7,7.493386335095376,3078.3693476850835,0.6934732879002462,0.3824832417525985,0.8275282044476979,0.6898000000000001,7.799996769879365,7.775791497466833,7.706262511897602,7.439449496798848,0.4428356056827855,1362.4444444444443,18.22222222222222
不使用 GP,1,0,9.207816182141952,9974.789942870566,0.021953570735901762,0.060995062594964976,0.26829127040745543,0.0,1.2202264818182111,1.2202264818182111,1.2202264818182111,1.151798134996332,nan,0.0,32.0
不使用 GP,1,1,9.207835983514656,9974.987457642004,0.021868084229473988,0.06094852235907038,0.26822073391043527,0.0,1.2192957717371278,1.2192957717371278,1.2192957717371278,1.1443635112476065,nan,0.0,32.0
不使用 GP,1,2,9.207798814238199,9974.616698003361,0.02204713526352971,0.061023567631764856,0.26837261271960805,0.0,1.220471352635297,1.220471352635297,1.220471352635297,1.1530543643083029,nan,0.0,32.0
不使用 GP,1,3,9.207814134952743,9974.76951492235,0.021963214220135807,0.06100009642564438,0.26829927358081856,0.0,1.2203270900653487,1.2203270900653487,1.2203270900653487,1.1476538464811894,nan,0.0,32.0
不使用 GP,1,4,9.207856130866443,9975.188433010173,0.02177080355517269,0.06090721621000637,0.26813830556140805,0.0,1.2187948176296617,1.2187948176296617,1.2187948176296617,1.1506565052722073,nan,0.0,32.0
不使用 GP,1,5,9.207855101167459,9975.1781899654,0.02178540337809613,0.06089988567405317,0.2681531739255086,0.0,1.2183230734669435,1.2183230734669435,1.2183230734669435,1.1516161328016865,nan,0.0,32.0
不使用 GP,1,6,9.207882574271446,9975.452202291208,0.021652313158496545,0.06084788593619359,0.268039583752471,0.0,1.217608342994975,1.217608342994975,1.217608342994975,1.1510789328973356,nan,0.0,32.0
不使用 GP,1,7,9.207842010194009,9975.047566811649,0.021844559448508976,0.06093324269065555,0.2682017731199628,0.0,1.2188274700299733,1.2188274700299733,1.2188274700299733,1.146613102240779,nan,0.0,32.0
不使用 GP,25,0,7.476239103770291,1765.6584124679136,0.8519915583528004,0.2362601790511303,0.973039177971879,0.0,7.891259054195115,7.431623933475945,7.891259054195115,7.3787429903886625,0.3015423727477744,2.6666666666666665,32.0
不使用 GP,25,1,7.503620259832606,1814.6953674837368,0.8494885140131516,0.2700962470088858,0.9729491122734566,0.0,7.6779190781927396,7.393456755328664,7.6779190781927396,7.340834285965006,0.27660176183802015,0.6666666666666666,32.0
不使用 GP,25,2,7.492314134686428,1794.3130473266426,0.850703568434357,0.2358950093802302,0.9731100045306788,0.0,7.830103078770077,7.151630405515225,7.830103078770077,7.414592050527055,0.28317234719928835,7.333333333333333,32.0
不使用 GP,25,3,7.484159922783969,1779.6297633061931,0.8513515921248427,0.26044558923514755,0.9729849171716402,0.0,7.81228461240934,7.380739123636116,7.81228461240934,7.3589927058955,0.2706767006144035,2.6666666666666665,32.0
不使用 GP,25,4,7.486306102828259,1783.5906544860243,0.8510807284410257,0.27259321180672563,0.9728844476341187,0.0,7.84141530514538,7.388384846927387,7.84141530514538,7.374832774601202,0.29201266882859517,3.0,32.0
不使用 GP,25,5,7.506148706657828,1819.195102597231,0.8492743550719176,0.20819377518381135,0.972771772876107,0.0,7.667521338986066,7.423028754198344,7.667521338986066,7.39394121340969,0.26639017154239636,1.6666666666666667,32.0
不使用 GP,25,6,7.491419518888684,1792.7495795551465,0.8505983489898581,0.3509270025517684,0.9727361144793859,0.0,7.790462263341023,7.35559898951045,7.790462263341023,7.379586236140653,0.2859436862327118,2.6666666666666665,32.0
不使用 GP,25,7,7.513953075540791,1833.9505941531131,0.8484480077676597,0.36610054300079525,0.9727826474609368,0.0,7.671829261038958,7.204546442825813,7.671829261038958,7.2358062332119175,0.2838112930643378,4.0,32.0
不使用 GP,50,0,7.265349785509496,1430.242898037436,0.8814910781946462,0.269579726097205,0.9925132131516164,0.7904666666666667,8.533505497939828,7.76023568639894,8.533505497939828,7.714891286171727,0.6379093235874639,13.666666666666666,32.0
不使用 GP,50,1,7.289833162266639,1465.4133203758,0.879833679157176,0.2865388694955511,0.9925225842013004,0.7808333333333334,8.378581553072458,7.696107907752275,8.378581553072458,7.7062418977445155,0.5807837229367198,8.333333333333334,32.0
不使用 GP,50,2,7.254820196101311,1415.1399955380393,0.8822239514252456,0.3738416540427658,0.9924991333016076,0.7885,8.60510100384546,8.023042457025074,8.60510100384546,8.057265303000273,0.5735952103532361,7.333333333333333,32.0
不使用 GP,50,3,7.294765686474466,1472.708708401169,0.8794096226823175,0.2829560990230932,0.9925091318343423,0.7818666666666666,8.28893553738405,7.785985048592578,8.28893553738405,7.653503370509642,0.6169369486306525,4.0,32.0
不使用 GP,50,4,7.252651948356887,1411.8940575533934,0.8823952939964844,0.3075198002944714,0.9925063086609814,0.7898666666666667,8.563332548121151,8.05091996671229,8.563332548121151,7.95948510476115,0.6000513677178777,4.333333333333333,32.0
不使用 GP,50,5,7.296042018154438,1474.9486481535341,0.8794004503793783,0.29482752582064725,0.9924981824821325,0.7796,8.37742147508847,7.810717095000434,8.37742147508847,7.880622050335902,0.6269479543393279,2.3333333333333335,32.0
不使用 GP,50,6,7.256522708608819,1417.4301421209182,0.8821826676923542,0.2753105122194511,0.9924889511269411,0.7832,8.67685058399949,7.876895756410842,8.67685058399949,7.88368083872911,0.6217857032374526,5.333333333333333,32.0
不使用 GP,50,7,7.293371492233695,1470.7259986815113,0.8796984622915124,0.367956751856292,0.9924865417840193,0.7734333333333333,8.442472088415604,7.682968052223455,8.442472088415604,7.74681597614872,0.5481156729411616,13.666666666666666,32.0
不使用 GP,75,0,7.2297620793459645,1380.12534350666,0.8837115150102738,0.32540236808891915,0.9925062908946538,0.8037333333333333,8.704651524925787,8.372984462259495,8.704651524925787,7.782010139003851,0.6254832839687801,5.0,32.0
不使用 GP,75,1,7.254169134771722,1414.473281073502,0.8820966573774859,0.299330752813282,0.9925147663557833,0.7939666666666666,8.564307727736551,7.966530218930726,8.564307727736551,7.628869160679834,0.6043693463048302,10.0,32.0
不使用 GP,75,2,7.214285758742775,1358.769529980081,0.8845559152618012,0.31607643030100974,0.9925039092978528,0.8093666666666666,8.813046984242725,8.133037082576406,8.813046984242725,8.171278752481811,0.6648455361383666,18.0,32.0
不使用 GP,75,3,7.256565461257035,1417.4087551954756,0.8821255470574988,0.2620959299409437,0.9925130840182824,0.7921666666666667,8.626343384265434,7.966024546034099,8.626343384265434,7.843883544126064,0.6061748119017383,4.666666666666667,32.0
不使用 GP,75,4,7.204963703249432,1347.0192824020469,0.8849861433561337,0.4151822820528506,0.9925167691149509,0.8071666666666667,8.824508306069736,8.328055982898269,8.824508306069736,7.9315949921718145,0.6520586484877996,5.333333333333333,32.0
不使用 GP,75,5,7.250688358047853,1409.7225972308672,0.8824239576197309,0.41364566510143036,0.9925001957371752,0.7917000000000001,8.597037629703776,8.109927673171057,8.597037629703776,7.981839180521878,0.6112752087905062,11.333333333333334,32.0
不使用 GP,75,6,7.218395445473419,1364.4007543008483,0.8844283741420739,0.42064955820492506,0.992502754697646,0.8071333333333334,8.797156782041101,8.123771286584649,8.797156782041101,8.120645539643485,0.6323989533311019,14.333333333333334,32.0
不使用 GP,75,7,7.2796129653112045,1450.5385286670025,0.8806075535764973,0.30521366670919603,0.9924907490312048,0.7854000000000001,8.500701741093447,7.830878582712035,8.500701741093447,7.895377212060822,0.589851164181958,3.0,32.0
不使用 GP,100,0,7.170382847190726,1300.4515666079308,0.8868014581495309,0.40055825965395075,0.9925065409425682,0.8212333333333333,8.876967509673849,8.876967509673849,9.045527878716944,7.932156417060423,0.6816185719988853,0.0,32.0
不使用 GP,100,1,7.219426878867608,1365.723644025754,0.884319401559781,0.35386074820786306,0.9925195380546074,0.8102,8.452405098344482,8.452405098344482,8.77418320788012,7.735336582309678,0.6816945348018795,0.0,32.0
不使用 GP,100,2,7.160495819376621,1287.5816776485347,0.8871444665605527,0.49614452053710517,0.9925079505957655,0.8281333333333333,8.83419539532099,8.83419539532099,9.041837562446135,8.336537249896958,0.7067385181791961,0.0,32.0
不使用 GP,100,3,7.20226943216656,1342.4908244075607,0.8852305883116102,0.3654039890226901,0.992512973410411,0.8117666666666666,8.59231199779362,8.59231199779362,8.818129579534252,7.839253155727303,0.666752722723508,0.0,32.0
不使用 GP,100,4,7.142057415945115,1265.1704863790671,0.8877464187429357,0.43021986166313303,0.9925221892749921,0.8305999999999999,8.99304414197627,8.99304414197627,9.136084726998938,7.976652974921784,0.7637090031835183,0.0,32.0
不使用 GP,100,5,7.200436710136818,1341.0327849245245,0.8851149557497852,0.4549676677981795,0.9924929900800343,0.8132,8.579768883466679,8.579768883466679,8.844238193863745,8.02895722521709,0.6235256204173948,0.0,32.0
不使用 GP,100,6,7.171045375224445,1301.3796643752912,0.8867208507545974,0.38812050969681317,0.9925244502499875,0.8243666666666667,8.883508273460686,8.883508273460686,8.958768147017397,8.222263270943747,0.6621088413003768,0.0,32.0
不使用 GP,100,7,7.201336691067269,1341.540261204041,0.8853231975851991,0.2940504542160311,0.9925071231647715,0.8052,8.779828181549723,8.779828181549723,9.074504193709265,7.967787370868599,0.6289786732397386,0.0,32.0
不使用 GP,125,0,7.129010668800924,1248.3291358598299,0.8883155748903945,0.41299802068288755,0.9925145213788387,0.8366666666666668,9.04241764360655,9.04241764360655,9.189080173768179,7.912666440367571,0.7111271329007449,0.0,32.0
不使用 GP,125,1,7.187162983501007,1322.7169295503984,0.8859186094534056,0.3328489374466179,0.9925284990344885,0.8165666666666667,8.686574978902202,8.686574978902202,8.856905019542802,7.81997598906414,0.6510495958144821,0.0,32.0
不使用 GP,125,2,7.125702976127937,1243.9845012305723,0.8884440234911958,0.49592707458975954,0.9925180501332692,0.8374,9.0751994210451,9.0751994210451,9.182638246120618,8.447089779954482,0.7630457628336688,0.0,32.0
不使用 GP,125,3,7.153496037470582,1278.697039753851,0.8874698278379344,0.42866389962938545,0.9925276494601997,0.8287333333333334,8.90668134074582,8.90668134074582,9.025182927329308,7.883245572969049,0.6689382248805086,0.0,32.0
不使用 GP,125,4,7.067293320521981,1174.0115826484619,0.8899457695618622,0.49579815177234837,0.9925383316097088,0.8578,9.4163839446851,9.4163839446851,9.486523733007623,8.226686546959158,0.8967366430404541,0.0,32.0
不使用 GP,125,5,7.176917481491086,1309.974075981865,0.8863037283698044,0.4168809152093224,0.9925074244372375,0.8200333333333334,8.80807182374055,8.80807182374055,8.984255146771556,8.033997891353076,0.6242310084010894,0.0,32.0
不使用 GP,125,6,7.135866012222345,1256.2996697119554,0.8882071561903456,0.45764897653587067,0.992509898143671,0.836,9.069462360383447,9.069462360383447,9.099323570788734,8.357815144253687,0.7153756929407921,0.0,32.0
不使用 GP,125,7,7.190036731205178,1326.654031068726,0.8858095340985189,0.2949333814637363,0.9925096234805993,0.8147000000000001,8.788510624996318,8.788510624996318,9.044872448136543,7.983433407291366,0.6157653461664286,0.0,32.0
不使用 GP,150,0,7.0444276706531,1146.9441765825156,0.8904504646709647,0.3895725790709674,0.992542698045284,0.8623,9.612285415262361,9.47829754824007,9.612285415262361,7.895451522763086,0.8772347351247314,2.6666666666666665,32.0
不使用 GP,150,1,7.100146949956323,1213.0397996730105,0.8891592941584113,0.46121972252095406,0.992533255020741,0.8442666666666666,9.291232933786453,8.976018463103976,9.291232933786453,7.981916080338642,0.7697489319641715,1.3333333333333333,32.0
不使用 GP,150,2,7.023398110129709,1122.8733157638428,0.8908058049134814,0.4575496571810869,0.9925489789466925,0.8693666666666667,9.738283847035968,9.587807215822007,9.738283847035968,8.723429723819928,0.9085637766323349,4.0,30.666666666666668
不使用 GP,150,3,7.078156411414245,1186.4579957788465,0.8897382411261262,0.44179740792932204,0.9925499576158644,0.8498,9.456805476041724,9.159735854692793,9.456805476041724,7.996850967174443,0.8062528222700348,8.0,32.0
不使用 GP,150,4,7.003216033840111,1100.295597303117,0.8909809189930445,0.495634797376516,0.9925603653468521,0.8843333333333333,9.783292187413762,9.783292187413762,9.783292187413762,8.367640851986344,0.8359524256775517,0.0,32.0
不使用 GP,150,5,7.11140740347057,1228.0941694491833,0.8885523756733401,0.49589890451722884,0.992533583009929,0.8438333333333333,9.31184586301373,8.888701709115244,9.31184586301373,8.297897668034699,0.7280328981220109,2.6666666666666665,32.0
不使用 GP,150,6,7.049996215449134,1153.0963919148305,0.8905058318658862,0.4635487349378371,0.9925414255987538,0.8611,9.709330028860819,9.336240941585002,9.709330028860819,8.588122703017135,0.8868641044235992,4.666666666666667,32.0
不使用 GP,150,7,7.111299714860408,1226.148655232704,0.888988200414952,0.4000820700145158,0.9925235603643766,0.8357666666666667,9.44442982424349,9.013616338199535,9.44442982424349,8.212751693813992,0.7096493798851395,15.666666666666666,32.0
不使用 GP,175,0,7.01483851948193,1113.333341296511,0.890859136493397,0.483023809935172,0.9925560205103646,0.8828,9.691070842195758,9.691070842195758,9.702979849281384,7.962704364288082,0.847501933509545,0.0,30.333333333333332
不使用 GP,175,1,7.0281846640720325,1129.270945277508,0.8905177511176933,0.43839209751404756,0.9925532632228974,0.8739,9.56964445429165,9.56964445429165,9.65370788049249,8.123652443371446,0.9145443058721022,0.0,30.333333333333332
不使用 GP,175,2,6.992248109056611,1088.2252172476858,0.8910468728655937,0.49560164589709504,0.9925615765701664,0.8911666666666668,9.847521055901964,9.847521055901964,9.825358064397316,8.888458906359459,0.7222225162720278,0.0,26.0
不使用 GP,175,3,7.041719255900021,1143.7138197873483,0.8905352657792532,0.4670280654624155,0.9925490037209933,0.8656,9.54274423797447,9.54274423797447,9.607107042741099,8.070919205817532,0.8671111888539046,0.0,32.0
不使用 GP,175,4,6.9845140240384715,1079.781545855741,0.8910781851249947,0.49556948733170514,0.9925656184782289,0.8954,9.888584817800693,9.888584817800693,9.888584817800693,8.41065840048856,0.5952151315385478,0.0,24.666666666666668
不使用 GP,175,5,7.073370336125066,1181.758407014656,0.88968206955601,0.4958086268787701,0.9925508529817355,0.8605,9.333276751394616,9.333276751394616,9.371864573059836,8.31578950329914,0.7548760750465423,0.0,31.333333333333332
不使用 GP,175,6,7.016538703566778,1115.659108974023,0.890820403807942,0.4961629378015279,0.9925447718660384,0.8793666666666667,9.822219201552842,9.822219201552842,9.769869201096336,8.735827794048186,0.8480741042960546,0.0,27.0
不使用 GP,175,7,7.05232462731085,1156.2788195622027,0.890332076575218,0.4675210547939131,0.9925256873417229,0.8590666666666666,9.844057291935744,9.844057291935744,9.663379765799851,8.282032534717098,0.8642745810557253,0.0,32.0
不使用 GP,200,0,6.988466324250775,1084.068026648605,0.8910696510275781,0.49558181698477793,0.9925650232126951,0.8929333333333332,9.85342072983943,9.85342072983943,9.85342072983943,8.05465707908234,0.5937171213277082,3.6666666666666665,27.0
不使用 GP,200,1,6.993428048320511,1089.5452372798652,0.891029653271643,0.4956014381729807,0.992561417838069,0.8887333333333333,9.841401418567939,9.841401418567939,9.841401418567939,8.219722054624217,0.758149818028763,4.0,26.0
不使用 GP,200,2,6.986319173521207,1081.7437893391552,0.8910695015790283,0.4955594855507295,0.9925649711181772,0.8964,9.874089383879383,9.874089383879383,9.874089383879383,9.093650042466336,0.5348377728205386,3.6666666666666665,24.333333333333332
不使用 GP,200,3,7.008038500370586,1105.6388370988536,0.8909416637729571,0.49563749726012474,0.9925606458941303,0.8825666666666666,9.777918438655982,9.728446411748585,9.777918438655982,8.19769396985414,0.7878625152223134,4.0,31.0
不使用 GP,200,4,6.984915451097852,1080.22501536475,0.8910706878449712,0.4955489880664272,0.9925645420030346,0.8982,9.875391245553603,9.875391245553603,9.875391245553603,8.455961613494923,0.48227934256246924,3.0,22.0
不使用 GP,200,5,7.016115656666784,1114.9553800178403,0.890786216118812,0.49569503674345233,0.9925553109887391,0.8742333333333333,9.774352014732642,9.72971460279361,9.774352014732642,8.448752285411977,0.7378060896692874,9.333333333333334,27.666666666666668
不使用 GP,200,6,6.991079195793755,1087.0728135161173,0.891106626620665,0.4960839962871398,0.9925552563770691,0.8900666666666667,9.8744264165483,10.046456368055427,9.8744264165483,8.867478800053926,0.5640378270910129,11.333333333333334,23.666666666666668
不使用 GP,200,7,7.003860986582157,1101.0118024738376,0.89105271878427,0.4617716564150327,0.9925478311643822,0.8794000000000001,10.041786522637759,10.137602236930613,10.041786522637759,8.497455493139364,0.7662350601574603,1.6666666666666667,31.666666666666668
不使用 GP,225,0,6.979677905790871,1074.573232326345,0.891081144446774,0.49555191420087846,0.9925665919604048,0.8982,9.907667985648212,9.907667985648212,9.907667985648212,8.082437540906438,0.5999688076023099,0.0,17.666666666666668
不使用 GP,225,1,6.995467569190342,1091.7009209904916,0.8910309332260079,0.49555940517875574,0.9925625688499862,0.8954,9.788708250255857,9.788708250255857,9.804877044361854,8.317841491871159,0.5048858888867118,0.0,28.333333333333332
不使用 GP,225,2,6.981745177743357,1076.7996595091752,0.8910777298499845,0.49554802144614835,0.9925657590372071,0.8983333333333333,9.876709462663149,9.876709462663149,9.876709462663149,9.188964450011595,0.5422182220405206,0.0,19.0
不使用 GP,225,3,6.982880890268511,1078.0247557982761,0.8910790970447735,0.4955654313195786,0.9925655512805432,0.8964,9.886501442695248,9.886501442695248,9.886501442695248,8.287970027372772,0.5308629027349603,0.0,23.666666666666668
不使用 GP,225,4,6.98165488162936,1076.7096556524914,0.8910765470099671,0.4955471911719731,0.9925660718629222,0.8986000000000001,9.88241587311906,9.88241587311906,9.88241587311906,8.472350902357398,0.6758936571123976,0.0,20.333333333333332
不使用 GP,225,5,6.982369534347267,1077.4718722624657,0.8910803951806819,0.4955774098530237,0.9925657000732446,0.8955333333333333,9.90050760692989,9.90050760692989,9.90050760692989,8.515271764971539,0.7775780060354908,0.0,22.666666666666668
不使用 GP,225,6,6.984557046430349,1079.8416887760948,0.8911592436099021,0.4960414202763716,0.9925575706841947,0.8971333333333332,9.93339142398551,9.93339142398551,10.025804997904249,8.9924678015781,0.551716460495476,0.0,26.0
不使用 GP,225,7,6.993914657284397,1090.0402728139866,0.891122709270726,0.4960708607451128,0.9925541831434156,0.8928666666666666,10.079666381355848,10.079666381355848,10.079666381355848,8.614003339078122,0.6883600503850601,0.0,29.666666666666668
不使用 GP,250,0,6.988004840850016,1083.581372205096,0.891061346420651,0.4955479880034544,0.9925654218768742,0.8974666666666667,9.858136608681734,9.858136608681734,9.858136608681734,8.132532210467692,0.68991886963679,7.0,23.666666666666668
不使用 GP,250,1,6.984941373023104,1080.2448116525181,0.8910757097925744,0.4955604818347945,0.9925655894841584,0.8961333333333333,9.876264483994824,9.876264483994824,9.876264483994824,8.455806491360635,0.5424749770100813,2.6666666666666665,25.666666666666668
不使用 GP,250,2,6.978408002744938,1073.2084670342388,0.8910809310774188,0.49554397621583407,0.992566830116608,0.8992666666666667,9.910676747359203,9.910676747359203,9.910676747359203,9.237411950514534,0.9105571737150685,27.333333333333332,16.0
不使用 GP,250,3,6.9856123501642,1080.9735381467174,0.8910735056534728,0.49555581477897365,0.9925663576036184,0.8964666666666666,9.874670560820642,9.874670560820642,9.874670560820642,8.425230850732207,0.5748800266875499,5.333333333333333,27.0
不使用 GP,250,4,6.9842360682390705,1079.5184739618205,0.8910622424354274,0.49554599995454957,0.9925642138224452,0.8981333333333333,9.857160071554532,9.855798193437655,9.857160071554532,8.51075959390893,0.7499727811378093,25.666666666666668,20.0
不使用 GP,250,5,6.986478067702172,1081.9239129980003,0.8910670165690705,0.4955532668022437,0.9925660789937037,0.8972000000000001,9.88119240037993,9.88119240037993,9.88119240037993,8.464570803100912,0.513230872289862,7.0,25.333333333333332
不使用 GP,250,6,6.9821122436699214,1077.2028038737596,0.8911618369546025,0.4960382480064906,0.9925558157342173,0.898,9.880873025416209,10.036458940764733,9.880873025416209,9.08865381072165,0.5912687422293444,14.333333333333334,22.0
不使用 GP,250,7,6.9812321177098156,1076.2437992751723,0.8911701862075052,0.4960519773394647,0.9925584475984932,0.8965,9.909666315521369,10.19352071292819,9.909666315521369,8.761743599756462,0.5377998844561388,4.666666666666667,24.666666666666668
不使用 GP,275,0,6.980169977196169,1075.101925253531,0.8910813467011391,0.4955550904522887,0.9925665710124713,0.8974000000000001,9.906328984118616,9.906328984118616,9.906328984118616,8.17321110381676,0.5060623267310197,12.0,17.0
不使用 GP,275,1,6.978795743038858,1073.624864174996,0.8910813553999667,0.495547631451245,0.9925667766192193,0.899,9.909835751153294,9.909835751153294,9.909835751153294,8.485282073935041,0.503919944473964,23.0,15.333333333333334
不使用 GP,275,2,6.985443396953124,1080.7961979126644,0.8910718189644253,0.4955524258238999,0.9925658315606499,0.8970666666666668,9.881825910237467,9.881825910237467,9.881825910237467,9.375105238935534,0.9405323178594456,8.0,23.0
不使用 GP,275,3,6.9798728564971775,1074.7820281961633,0.8910810132935788,0.49554842691587014,0.9925667439842295,0.899,9.906558728491875,9.906558728491875,9.906558728491875,8.46929603996732,0.47279711726794577,10.666666666666666,18.0
不使用 GP,275,4,6.978448713622645,1073.2521685481488,0.8910810010670289,0.4955447862002178,0.992566814242517,0.8990666666666667,9.910611835135493,9.910611835135493,9.910611835135493,8.564080461200366,0.7938302083764467,47.333333333333336,13.0
不使用 GP,275,5,6.978406937997735,1073.20732406101,0.8910814874612966,0.49554707028479966,0.9925667881543762,0.8995333333333333,9.910674560447951,9.910674560447951,9.910674560447951,8.452166513338787,0.4838168597184455,28.0,14.333333333333334
不使用 GP,275,6,6.979861736849233,1074.7760429817315,0.8911686511822344,0.49603925522476716,0.9925592715125119,0.8986333333333333,10.10172769753401,9.913207795920806,10.10172769753401,9.200320722852135,0.6582977255485746,26.666666666666668,25.333333333333332
不使用 GP,275,7,6.978472329339742,1073.2779138841809,0.8911410715030375,0.4958732410478451,0.9925618587183499,0.8994333333333332,10.092791315827192,10.231943831650428,10.092791315827192,8.832008834295396,0.65628604048565,20.333333333333332,19.333333333333332
不使用 GP,300,0,6.980723600973047,1075.7026263668977,0.8910778780045933,0.49554453322315717,0.9925665285701187,0.8991333333333333,9.903349661223348,9.903349661223348,9.903349661223348,8.205507517488408,0.6325383983133253,27.0,17.333333333333332
不使用 GP,300,1,6.978592948947349,1073.4070080870158,0.8910806888542201,0.4955429244806271,0.9925668454391268,0.8994666666666666,9.910279157745451,9.910279157745451,9.910279157745451,8.537350582403858,0.6240424957611683,30.333333333333332,14.0
不使用 GP,300,2,6.978339762058272,1073.1352273950754,0.8910811401699306,0.4955449604587406,0.9925668219509575,0.8994,9.910788838897028,9.910788838897028,9.910788838897028,9.389367402435267,0.9385429385429385,33.0,17.333333333333332
不使用 GP,300,3,6.978330394534853,1073.1251747939573,0.8910804254722892,0.4955409603639498,0.9925668841386429,0.9,9.910802609663715,9.910802609663715,9.910802609663715,8.471874858958328,0.6545677014311572,35.666666666666664,16.666666666666668
不使用 GP,300,4,6.978792052458499,1073.6209348638133,0.8910804043286795,0.4955424156270123,0.992566858056264,0.8995333333333333,9.909807155507528,9.909807155507528,9.909807155507528,8.590116406245253,0.9045682116960512,62.0,16.666666666666668
不使用 GP,300,5,6.982423434710806,1077.5354141716534,0.8910762622040126,0.49554791465647025,0.9925664160306722,0.8982,9.898137940285414,9.898137940285414,9.898137940285414,8.511844561529161,0.49112369717720794,21.0,20.0
不使用 GP,300,6,6.977694778994075,1072.443384758073,0.8911707227078249,0.49603358026815697,0.9925594399603193,0.8999,10.440169592988068,9.919946197867993,10.440169592988068,9.226196037247401,0.9069686028501197,25.666666666666668,20.333333333333332
不使用 GP,300,7,6.981416405492513,1076.4496639870997,0.891134980622339,0.4958684500598401,0.9925615512743063,0.8994666666666666,10.09201390406671,9.881236303390558,10.09201390406671,8.84148360587694,0.7547731482464682,11.333333333333334,19.666666666666668
不使用 GP,325,0,6.9792000960511436,1074.0596916737682,0.8910801426141761,0.49554659807906204,0.9925666752948882,0.8989333333333334,9.909006598806164,9.909006598806164,9.909006598806164,8.279231868173955,0.640715758322646,33.666666666666664,14.333333333333334
不使用 GP,325,1,6.979571209152499,1074.4592057997272,0.8910792567841769,0.49554064136275205,0.9925665798821898,0.8997999999999999,9.904325286785244,9.904325286785244,9.904325286785244,8.53343895384709,0.910116543173102,40.333333333333336,18.0
不使用 GP,325,2,6.97833029480623,1073.125067772663,0.8910802790417206,0.4955401560257449,0.9925668961956232,0.9,9.910802754347479,9.910802754347479,9.910802754347479,9.38935585608152,0.9751705292570677,58.0,13.666666666666666
不使用 GP,325,3,6.978330292767538,1073.125065584893,0.8910802761868387,0.4955401401687843,0.9925668964415734,0.9,9.91080275729888,9.91080275729888,9.91080275729888,8.471873130556638,0.9573646364537773,42.0,18.0
不使用 GP,325,4,6.9814490545493335,1076.4875928854601,0.8910761447404201,0.49554303385163107,0.9925663092616119,0.8992,9.89393475889089,9.89393475889089,9.89393475889089,8.606439158347833,0.8095238095238094,75.33333333333333,19.0
不使用 GP,325,5,6.981358590976543,1076.389612482547,0.8910736623360501,0.495542146164946,0.9925646173437922,0.8994666666666666,9.891374248409031,9.892127222899678,9.891374248409031,8.525076161560976,0.5105968131240616,34.666666666666664,20.333333333333332
不使用 GP,325,6,6.977889742109173,1072.6526531112004,0.8911702800282427,0.49603219187743947,0.9925593554143205,0.8999,10.173934729468359,10.209002107891358,10.173934729468359,9.245351088712923,0.7920635460423259,41.333333333333336,19.666666666666668
不使用 GP,325,7,6.97776485682951,1072.5185635693433,0.8911409076084481,0.4958704892204338,0.9925619406171888,0.8994666666666666,10.161119153295957,10.161119153295957,10.161119153295957,8.860678231823465,0.9382619342994603,35.666666666666664,20.333333333333332
不使用 GP,350,0,6.978330337298078,1073.125113371734,0.8910803394374921,0.4955404969611716,0.9925668910666898,0.9,9.910802692800276,9.910802692800276,9.910802692800276,8.280456066884568,0.8126875350872099,58.666666666666664,15.666666666666666
不使用 GP,350,1,6.980251360362959,1075.1925633373542,0.8910787950404765,0.49554401166933637,0.992566404113839,0.8990666666666667,9.904237669934354,9.904237669934354,9.904237669934354,8.508509900380304,0.8205598337611538,57.0,17.0
不使用 GP,350,2,6.9783302925501465,1073.1250653516036,0.8910802757613592,0.4955401378806796,0.9925668964677992,0.9,9.91080275761359,9.91080275761359,9.91080275761359,9.389355781387982,0.9599398897644512,83.0,15.0
不使用 GP,350,3,6.983003878310218,1078.1642220391204,0.8910726119997587,0.49554468544779035,0.9925662846038419,0.8987333333333334,9.889119844264444,9.889119844264444,9.889119844264444,8.549524558705194,0.6944431502360328,33.666666666666664,21.0
不使用 GP,350,4,6.98127189955203,1076.2957473355812,0.8910764508727641,0.4955444347602667,0.9925666596240692,0.8990666666666667,9.899794577458508,9.899794577458508,9.899794577458508,8.564369105586781,0.8330834582708646,92.66666666666667,19.333333333333332
不使用 GP,350,5,6.978484719324473,1073.2908141628184,0.8910807740241969,0.4955432075436183,0.9925668310865214,0.8994666666666666,9.910505456352078,9.910505456352078,9.910505456352078,8.563976103236321,0.6800719548557206,45.666666666666664,15.666666666666666
不使用 GP,350,6,6.98183168865526,1076.8943694762088,0.8911653694544596,0.49603464915828527,0.9925588771419714,0.8990333333333332,10.256505826439733,10.553441675558497,10.256505826439733,9.297662185688155,0.7579336291899955,29.666666666666668,23.0
不使用 GP,350,7,6.97826795131359,1073.0584144332986,0.8911110326864051,0.49570825098667215,0.9925643709047519,0.8997333333333334,10.19048482087419,10.19048482087419,10.19048482087419,8.890190666227136,0.9829211754555566,49.333333333333336,17.666666666666668
不使用 GP,375,0,6.978330292672564,1073.1250654829748,0.8910802757436369,0.49554013787181844,0.9925668964530306,0.9,9.91080275743637,9.91080275743637,9.91080275743637,8.280455882525066,0.9524376332886971,83.66666666666667,14.333333333333334
不使用 GP,375,1,6.986433270337298,1081.8641485962332,0.8910672339636966,0.4955464309168674,0.9925653062860141,0.8982666666666667,9.869303285772117,9.869303285772117,9.869303285772117,8.521310009472277,0.48588628811930296,5.333333333333333,24.666666666666668
不使用 GP,375,2,6.9783302925501465,1073.1250653516036,0.8910802757613592,0.4955401378806796,0.9925668964677992,0.9,9.91080275761359,9.91080275761359,9.91080275761359,9.389355781387982,1.0,108.0,11.666666666666666
不使用 GP,375,3,6.985750957727134,1081.1392055626343,0.8910678589020349,0.49555447255060553,0.9925663530579115,0.8967999999999999,9.882618412080783,9.882618412080783,9.882618412080783,8.639156029327141,0.7109898558427648,11.666666666666666,22.333333333333332
不使用 GP,375,4,6.9783305496349755,1073.1253412358844,0.8910806489658821,0.4955422142987022,0.9925668652978578,0.9,9.910802383574293,9.910802383574293,9.910802383574293,8.557709311555191,0.836098541980895,117.66666666666667,13.0
不使用 GP,375,5,6.978330301375213,1073.1250748220045,0.8910802877300442,0.49554020395215276,0.9925668954028083,0.9,9.910802744833699,9.910802744833699,9.910802744833699,8.564281236130418,0.657264815734761,70.66666666666667,16.0
不使用 GP,375,6,6.977438014860536,1072.1679678329083,0.8911709734987108,0.4960342454704057,0.992559483361545,0.8997666666666667,10.31779049294491,10.276436765287302,10.31779049294491,9.32593104420123,0.836098541980895,54.666666666666664,21.0
不使用 GP,375,7,6.9780227541552025,1072.7951904054141,0.891110351608936,0.4957039536240544,0.9925644390216796,0.9000333333333334,10.224060277080588,10.224060277080588,10.224060277080588,8.890703222253206,0.9815910585141353,74.33333333333333,16.333333333333332
不使用 GP,400,0,6.978330292672564,1073.1250654829748,0.8910802757436369,0.49554013787181844,0.9925668964530306,0.9,9.91080275743637,9.91080275743637,9.91080275743637,8.280455882525066,1.0,108.66666666666667,15.333333333333334
不使用 GP,400,1,6.978348348455017,1073.1444421025296,0.8910814299614692,0.4955465861830841,0.9925667952754792,0.8997999999999999,9.910774559878915,9.910774559878915,9.910774559878915,8.544470921165095,0.6454973285498282,30.0,13.0
不使用 GP,400,2,6.9783302925501465,1073.1250653516036,0.8910802757613592,0.4955401378806796,0.9925668964677992,0.9,9.91080275761359,9.91080275761359,9.91080275761359,9.389355781387982,1.0,133.0,15.333333333333334
不使用 GP,400,3,6.982777599739198,1077.9295593839595,0.8910732104804145,0.495552681084714,0.9925664859711634,0.8978666666666667,9.897036827108238,9.897036827108238,9.897036827108238,8.664465452742318,0.6328539327956803,29.0,20.0
不使用 GP,400,4,6.97833029167917,1073.1250644169377,0.8910802773080236,0.49554014519054085,0.9925668965728697,0.9,9.910802758874434,9.910802758874434,9.910802758874434,8.55768095835286,0.9895013123359581,142.66666666666666,14.0
不使用 GP,400,5,6.978330293157415,1073.1250660032792,0.8910802756734477,0.4955401378367239,0.9925668963945397,0.9,9.910802756734478,9.910802756734478,9.910802756734478,8.564281451168023,0.8771911473723665,95.66666666666667,13.666666666666666
不使用 GP,400,6,6.979736558281111,1074.6410591521778,0.8911677812154716,0.496033198678095,0.9925592521907918,0.8995666666666667,10.342230268531459,10.300768441892755,10.342230268531459,9.328336387124187,0.9496265712524098,37.0,22.0
不使用 GP,400,7,6.978153911053397,1072.9358360174192,0.8911106772649893,0.49570612123286734,0.9925644045840561,0.8995666666666667,9.913849528422015,9.913849528422015,9.913849528422015,8.936722745848625,0.8153726745737223,62.0,17.333333333333332
不使用 GP,425,0,6.978330292672564,1073.1250654829748,0.8910802757436369,0.49554013787181844,0.9925668964530306,0.9,9.91080275743637,9.91080275743637,9.91080275743637,8.280455882525066,1.0,133.66666666666666,18.333333333333332
不使用 GP,425,1,6.978480042076792,1073.2858014257433,0.8910806595854203,0.4955427626105962,0.9925668505188739,0.8994666666666666,9.910543201425929,9.910543201425929,9.910543201425929,8.597021196584262,0.9561621422086538,46.0,15.666666666666666
不使用 GP,425,2,6.9847074901098045,1080.0344791901077,0.8910571078075747,0.4955409776642097,0.9925657175913828,0.899,9.861209374569485,9.861209374569485,9.861209374569485,9.425569367428862,0.9780786589297228,106.66666666666667,22.0
不使用 GP,425,3,6.98121982514306,1076.2342117584349,0.8910770676545026,0.4955455801255471,0.9925656048779476,0.8988666666666667,9.887884715811632,9.887884715811632,9.887884715811632,8.719119687824458,0.6817774481629121,22.333333333333332,18.333333333333332
不使用 GP,425,4,6.978330290786157,1073.1250634586231,0.8910802760167229,0.49554013800836133,0.9925668966806023,0.9,9.910802760167227,9.910802760167227,9.910802760167227,8.557680859674129,0.9882121807465619,167.66666666666666,13.0
不使用 GP,425,5,6.980207023575285,1075.144712610544,0.891078259290112,0.49554325600536303,0.9925661507539077,0.8992,9.904520918918285,9.904520918918285,9.904520918918285,8.611750707511666,0.8068181818181818,92.33333333333333,18.333333333333332
不使用 GP,425,6,6.977407844516829,1072.1356196718855,0.8911707361286378,0.4960328847309823,0.9925595038487586,0.9001,10.805818045272765,10.307504554689848,10.805818045272765,9.332596981411385,0.9545474699164967,57.0,19.0
不使用 GP,425,7,6.978327565705004,1073.1224409289805,0.8911108903033048,0.4957084173604342,0.9925643451850386,0.8991000000000001,9.913532185914876,9.913532185914876,9.913532185914876,8.995911796447855,0.8101739365189555,47.333333333333336,22.333333333333332
不使用 GP,450,0,6.978330292672564,1073.1250654829748,0.8910802757436369,0.49554013787181844,0.9925668964530306,0.9,9.91080275743637,9.91080275743637,9.91080275743637,8.280455882525066,1.0,158.66666666666666,14.666666666666666
不使用 GP,450,1,6.9783302965961616,1073.1250696934846,0.8910802866553885,0.49554019592072357,0.9925668959795456,0.9,9.910802751754549,9.910802751754549,9.910802751754549,8.597284335327968,0.9370709489457537,71.0,16.333333333333332
不使用 GP,450,2,6.978388459632335,1073.1874913519466,0.8910811023438114,0.4955450344752453,0.9925668191220719,0.899,9.91071334424956,9.91071334424956,9.91071334424956,9.475069206862521,1.0,131.0,13.0
不使用 GP,450,3,6.980235247596049,1075.1749901726596,0.8910790732636332,0.49554321455679345,0.9925668258022254,0.8993333333333333,9.902130296353597,9.902130296353597,9.902130296353597,8.701514878218406,0.8060535955272797,36.0,19.333333333333332
不使用 GP,450,4,6.978330290786157,1073.1250634586231,0.8910802760167229,0.49554013800836133,0.9925668966806023,0.9,9.910802760167227,9.910802760167227,9.910802760167227,8.557680859674129,1.0,192.66666666666666,14.0
不使用 GP,450,5,6.978656971524082,1073.4758045853966,0.8910806565714325,0.4955432377914555,0.9925668377147231,0.8996,9.910127729144246,9.910127729144246,9.910127729144246,8.623600570821509,0.8068181818181818,112.0,16.0
不使用 GP,450,6,6.978678705874532,1073.4994686158195,0.891170749594716,0.4960391316006236,0.9925592095956056,0.8984333333333333,10.372677176291527,10.372677176291527,10.372677176291527,9.4025433448357,0.9285061110275455,22.0,21.333333333333332
不使用 GP,450,7,6.981759781773981,1076.828052768319,0.8911040516036414,0.49570650372827024,0.9925637827590671,0.8992333333333334,9.898792588815871,9.898792588815871,9.898792588815871,9.053675009556,0.9636835278858625,62.333333333333336,22.0
不使用 GP,475,0,6.978330292672564,1073.1250654829748,0.8910802757436369,0.49554013787181844,0.9925668964530306,0.9,9.91080275743637,9.91080275743637,9.91080275743637,8.280455882525066,1.0,183.66666666666666,15.666666666666666
不使用 GP,475,1,6.978330289409022,1073.1250619807852,0.8910802762160834,0.4955401381080416,0.992566896846736,0.9,9.910802762160833,9.910802762160833,9.910802762160833,8.597284428901263,0.9793281653746769,96.0,14.666666666666666
不使用 GP,475,2,6.978330297042345,1073.1250701722954,0.8910802818544004,0.49554017214841045,0.9925668959258401,0.9,9.910802751110081,9.910802751110081,9.910802751110081,9.475163470929628,1.0,156.0,14.666666666666666
不使用 GP,475,3,6.978330493104177,1073.125280571226,0.8910805728911795,0.4955417717152744,0.9925668720805092,0.9,9.91080246496611,9.91080246496611,9.91080246496611,8.696322109555688,0.6669172921046984,52.0,16.333333333333332
不使用 GP,475,4,6.978330290786157,1073.1250634586231,0.8910802760167229,0.49554013800836133,0.9925668966806023,0.9,9.910802760167227,9.910802760167227,9.910802760167227,8.557680859674129,1.0,217.66666666666666,12.0
不使用 GP,475,5,6.978330311420031,1073.1250856013505,0.8910803003593936,0.49554027493551933,0.9925668941903,0.9,9.910802730283601,9.910802730283601,9.910802730283601,8.623688633244862,0.9818417639429313,137.0,16.0
不使用 GP,475,6,6.977407708681317,1072.1354740377594,0.8911705442918864,0.4960318170826821,0.9925595203470271,0.9001,10.408603149563534,10.860518675568324,10.408603149563534,9.405267922995778,0.8008587145162934,47.0,23.0
不使用 GP,475,7,6.978025218055156,1072.7978344903622,0.8911108175426715,0.4957065568333097,0.9925643983058418,0.8999,9.914073215982848,9.914073215982848,9.914073215982848,9.068955422080377,1.0,87.33333333333333,19.333333333333332
不使用 GP,500,0,6.978330292672564,1073.1250654829748,0.8910802757436369,0.49554013787181844,0.9925668964530306,0.9,9.91080275743637,9.91080275743637,9.91080275743637,8.280455882525066,1.0,208.66666666666666,14.333333333333334
不使用 GP,500,1,6.978330289409022,1073.1250619807852,0.8910802762160834,0.4955401381080416,0.992566896846736,0.9,9.910802762160833,9.910802762160833,9.910802762160833,8.597284428901263,1.0,121.0,16.0
不使用 GP,500,2,6.978330292779709,1073.1250655979532,0.8910802757281265,0.4955401378640632,0.9925668964401053,0.9,9.910802757281266,9.910802757281266,9.910802757281266,9.475163511350873,0.9780786589297228,181.0,12.333333333333334
不使用 GP,500,3,6.978330292250258,1073.1250650297866,0.891080276910059,0.49554014348465447,0.9925668965039746,0.9,9.910802758047694,9.910802758047694,9.910802758047694,8.696293443762935,0.9894231967928403,77.0,13.0
不使用 GP,500,4,8.466337010866525,7024.375020387739,0.2970267587754554,0.19851337938772773,0.4975222989795462,0.3,3.9702675877545546,3.9702675877545546,3.9702675877545546,3.594033693305644,0.3333333333333333,242.66666666666666,14.666666666666666
不使用 GP,500,5,6.978330294371297,1073.1250673059258,0.8910802754977204,0.4955401377488602,0.9925668962481003,0.9,9.910802754977203,9.910802754977203,9.910802754977203,8.623686801449205,0.9818417639429313,162.0,13.333333333333334
不使用 GP,500,6,6.978174521340804,1072.9585475662893,0.8911702700458292,0.4960320701858852,0.9925595126121664,0.8999,10.439024558039915,9.917981686780022,10.439024558039915,9.422446040223866,0.8039944706611374,43.666666666666664,22.0
不使用 GP,500,7,6.978022739282003,1072.7951744468453,0.8911103336140688,0.49570385302480974,0.9925644408168129,0.9000333333333334,9.914076857952471,10.389343733165992,9.914076857952471,9.068965222271713,0.9818417639429313,112.33333333333333,16.666666666666668
不使用 GP,525,0,6.978330292672564,1073.1250654829748,0.8910802757436369,0.49554013787181844,0.9925668964530306,0.9,9.91080275743637,9.91080275743637,9.91080275743637,8.280455882525066,1.0,233.66666666666666,16.666666666666668
不使用 GP,525,1,6.978330289409022,1073.1250619807852,0.8910802762160834,0.4955401381080416,0.992566896846736,0.9,9.910802762160833,9.910802762160833,9.910802762160833,8.597284428901263,1.0,146.0,15.333333333333334
不使用 GP,525,2,6.978330292779709,1073.1250655979532,0.8910802757281265,0.4955401378640632,0.9925668964401053,0.9,9.910802757281266,9.910802757281266,9.910802757281266,9.475163511350873,1.0,206.0,13.0
不使用 GP,525,3,6.978330291562371,1073.1250642915975,0.8910802759043541,0.49554013795217705,0.9925668965869617,0.9,9.91080275904354,9.91080275904354,9.91080275904354,8.6962933459359,0.9920948616600791,102.0,16.0
不使用 GP,525,4,7.328496063667814,1566.3764069070296,0.8627719975763884,0.38520402415878907,0.9782880633563988,0.2996666666666667,8.473516893646957,8.473516893646957,8.204459421573738,7.855226506589982,0.32253924166578624,2.3333333333333335,29.333333333333332
不使用 GP,525,5,6.978506926723322,1073.314666139985,0.89108054521299,0.49554207744233075,0.9925668635677835,0.8996000000000001,9.91047641965412,9.91047641965412,9.91047641965412,8.617161302495745,0.8249754178957719,102.0,16.333333333333332
不使用 GP,525,6,6.977407695141448,1072.1354595211876,0.8911705340157979,0.49603175105816383,0.9925595219581217,0.9001,10.474734995032609,10.992787593499138,10.474734995032609,9.42508949759597,0.658755861861161,68.66666666666667,21.666666666666668
不使用 GP,525,7,6.978022738034055,1072.795173107641,0.8911103318066647,0.4957038429879553,0.9925644409673658,0.9000333333333334,9.914076859759106,9.914076859759106,9.914076859759106,9.068965246939491,0.9793281653746769,137.33333333333334,17.0
不使用 GP,550,0,6.978330292672564,1073.1250654829748,0.8910802757436369,0.49554013787181844,0.9925668964530306,0.9,9.91080275743637,9.91080275743637,9.91080275743637,8.280455882525066,1.0,258.6666666666667,15.0
不使用 GP,550,1,6.979965730325429,1074.8844070404502,0.8910792251568083,0.4955444364644818,0.9925667646406073,0.8990666666666667,9.906487201420132,9.906487201420132,9.906487201420132,8.59130504041434,0.8286280336800397,111.66666666666667,20.333333333333332
不使用 GP,550,2,6.978330292779709,1073.1250655979532,0.8910802757281265,0.4955401378640632,0.9925668964401053,0.9,9.910802757281266,9.910802757281266,9.910802757281266,9.475163511350873,1.0,231.0,15.0
不使用 GP,550,3,6.978330291562371,1073.1250642915975,0.8910802759043541,0.49554013795217705,0.9925668965869617,0.9,9.91080275904354,9.91080275904354,9.91080275904354,8.6962933459359,1.0,127.0,16.666666666666668
不使用 GP,550,4,7.161506860307397,1299.571772137718,0.8851165368247713,0.33859546200550605,0.9923867575998176,0.8273666666666667,9.010983483727266,8.58955745207111,8.688164298141205,8.172834506690391,0.7151778279499217,15.0,25.666666666666668
不使用 GP,550,5,6.978418127185591,1073.219335317296,0.8910806069057885,0.4955421590524162,0.9925668661147405,0.8996,9.910654834651645,9.910654834651645,9.910654834651645,8.610531163656931,0.6528793837045855,93.33333333333333,13.0
不使用 GP,550,6,6.977407633645282,1072.1353935889667,0.8911704435491176,0.49603125449867963,0.9925595294065156,0.9001,10.507802429659298,11.058923986472273,10.507802429659298,9.425089835008158,1.0,93.66666666666667,21.0
不使用 GP,550,7,6.978022738034055,1072.795173107641,0.8911103318066647,0.4957038429879553,0.9925644409673658,0.9000333333333334,9.914076859759106,10.455481300623513,9.914076859759106,9.068965246939491,1.0,162.33333333333334,20.333333333333332
不使用 GP,575,0,6.978330292672564,1073.1250654829748,0.8910802757436369,0.49554013787181844,0.9925668964530306,0.9,9.91080275743637,9.91080275743637,9.91080275743637,8.280455882525066,1.0,283.6666666666667,14.666666666666666
不使用 GP,575,1,6.978330391776069,1073.1251718334452,0.8910804242655569,0.49554096191705965,0.9925668844742176,0.9,9.910802613690613,9.910802613690613,9.910802613690613,8.590689725092828,0.8353413654618475,136.66666666666666,16.333333333333332
不使用 GP,575,2,6.979808288381238,1074.7146612422243,0.8910791867737203,0.49554375233886266,0.9925667669896745,0.8992,9.906998372831673,9.906998372831673,9.906998372831673,9.51204160159527,0.9793281653746769,158.0,15.666666666666666
不使用 GP,575,3,6.978330291562371,1073.1250642915975,0.8910802759043541,0.49554013795217705,0.9925668965869617,0.9,9.91080275904354,9.91080275904354,9.91080275904354,8.6962933459359,1.0,152.0,15.666666666666666
不使用 GP,575,4,7.129854965604782,1256.5818227720677,0.8868509997302855,0.44072964901527373,0.9924275985894956,0.8395,9.192166644815964,8.716691592086322,8.774388170377577,8.271849580976015,0.7560029191363627,26.0,27.0
不使用 GP,575,5,6.981765014766154,1076.8300072217253,0.8910748344448894,0.49554241563237467,0.9925662707750424,0.8992666666666667,9.892819401571904,9.892819401571904,9.892819401571904,8.609901437316426,0.9624340783051513,104.66666666666667,21.0
不使用 GP,575,6,6.977407633443996,1072.13539337316,0.8911704432542127,0.49603125287998634,0.9925595294307961,0.9001,10.540871443108694,10.582301254674569,10.540871443108694,9.425089836108059,0.9907955292570677,118.66666666666667,20.333333333333332
不使用 GP,575,7,6.978022738034055,1072.795173107641,0.8911103318066647,0.4957038429879553,0.9925644409673658,0.9000333333333334,9.914076859759106,9.914076859759106,9.914076859759106,9.068965246939491,1.0,187.33333333333334,18.333333333333332
不使用 GP,600,0,9.21034037197618,9999.999999999973,0.0,0.05000000000000001,0.25,0.0,1.0,1.0,1.0,1.0,0.0,308.6666666666667,15.333333333333334
不使用 GP,600,1,6.978330289813524,1073.125062414867,0.8910802766008118,0.4955401403358217,0.9925668967979376,0.9,9.910802761575253,9.910802761575253,9.910802761575253,8.590683851207688,1.0,161.66666666666666,12.666666666666666
不使用 GP,600,2,7.72233374124296,4048.7501389515346,0.5940536475246471,0.3470274842868198,0.7450445869057907,0.6,6.940535042869488,6.940535042869488,6.940535042869488,6.643510444137729,0.6666666666666666,183.0,12.333333333333334
不使用 GP,600,3,6.978330291562371,1073.1250642915975,0.8910802759043541,0.49554013795217705,0.9925668965869617,0.9,9.91080275904354,9.91080275904354,9.91080275904354,8.6962933459359,1.0,177.0,14.333333333333334
不使用 GP,600,4,7.086826803594829,1200.625736794442,0.8887863696333808,0.4958707429828455,0.9924741279237961,0.8583,9.37514984061537,9.286418437382393,8.956955321362317,8.369945744940019,0.8359599006193195,28.333333333333332,26.666666666666668
不使用 GP,600,5,7.722347293673387,4048.7646827038375,0.5940539417441683,0.3470291433847296,0.7450445603493351,0.5996,6.9405147700309255,6.9405147700309255,6.9405147700309255,6.042856200269331,0.5020080321285141,129.66666666666666,17.333333333333332
不使用 GP,600,6,6.977407633443996,1072.13539337316,0.8911704432542127,0.49603125287998634,0.9925595294307961,0.9001,10.573940462047451,9.920625057599727,10.573940462047451,9.425089836108059,1.0,143.66666666666666,22.666666666666668
不使用 GP,600,7,7.722026096626375,4048.4201500184604,0.5940835733956308,0.3471904637824384,0.7450421422915042,0.6000333333333333,6.943809275648768,6.943809275648768,6.943809275648768,6.329718474926623,0.6666666666666666,212.33333333333334,15.666666666666666
不使用 GP,625,0,7.485703081407888,1782.7323662082101,0.850074855451885,0.2394590776909897,0.9713047134579887,0.0,7.920552108997221,7.367346662087383,7.475509640209611,7.42663770761317,0.022501301670548025,2.0,32.0
不使用 GP,625,1,6.978726151523595,1073.5501238851427,0.8910803782158715,0.49554202746773485,0.9925668351407261,0.8996000000000001,9.909949495272912,9.909949495272912,9.909949495272912,8.62297646926136,0.9743589743589745,163.66666666666666,16.666666666666668
不使用 GP,625,2,7.153776632548889,1320.9182010079792,0.8768045727220901,0.4002220152228972,0.9853709552258619,0.6,9.239365650045904,8.936298522384698,9.083092138789413,8.772662192444427,0.6762688614540466,87.33333333333333,18.333333333333332
不使用 GP,625,3,6.978330291562371,1073.1250642915975,0.8910802759043541,0.49554013795217705,0.9925668965869617,0.9,9.91080275904354,9.91080275904354,9.91080275904354,8.6962933459359,1.0,202.0,17.0
不使用 GP,625,4,7.04573249618259,1149.971412370859,0.8901060758068408,0.4957217984929992,0.9925111739824383,0.8702333333333333,9.514921296527111,9.514921296527111,9.055857311994307,8.439232459159241,0.914356345759019,35.666666666666664,26.0
不使用 GP,625,5,7.150426364319688,1314.862904227851,0.8771690302376617,0.39640645599657187,0.985409471637065,0.6,9.28322302309176,8.998619702765914,9.10092361572214,8.171246676609222,0.6533591705719125,56.666666666666664,20.666666666666668
不使用 GP,625,6,6.977407633443996,1072.13539337316,0.8911704432542127,0.49603125287998634,0.9925595294307961,0.9001,10.607009276230823,9.920625057599727,10.607009276230823,9.425089836108059,1.0,168.66666666666666,19.333333333333332
不使用 GP,625,7,7.155254147837945,1323.8395941413385,0.8767055596972825,0.48769445403685396,0.9854091706351511,0.6000333333333333,9.224549994269083,8.981734389123387,9.044983287863667,8.431244061612478,0.6748633879781419,142.0,22.0
不使用 GP,650,0,7.2795567435274435,1450.3569243857016,0.8803464282116188,0.29452068280595056,0.9922858980171125,0.7902999999999999,8.470796411031815,7.696655687952249,7.770668558761348,7.857442643894632,0.6202109259004148,13.333333333333334,32.0
不使用 GP,650,1,6.978330312360235,1073.1250866103085,0.8910803060850517,0.49554030442922875,0.9925668940762651,0.9,9.910802728915181,9.910802728915181,9.910802728915181,8.623686842398929,0.9882121807465619,188.66666666666666,15.666666666666666
不使用 GP,650,2,7.07078374984421,1187.4132046262896,0.8880625541241915,0.4155899207611169,0.9924656891895244,0.8603999999999999,9.46047250572913,9.241950528675458,9.368137152747892,9.067725015057798,0.8536140139335476,82.0,21.666666666666668
不使用 GP,650,3,6.978330291562371,1073.1250642915975,0.8910802759043541,0.49554013795217705,0.9925668965869617,0.9,9.91080275904354,9.91080275904354,9.91080275904354,8.6962933459359,1.0,227.0,15.0
不使用 GP,650,4,6.999265556541705,1096.0233445077013,0.8909713155951552,0.4956065318893179,0.9925470100614967,0.8877666666666667,9.813376366096813,9.795079433166846,9.094042498964363,8.499727599774317,0.8474731564697283,45.0,26.0
不使用 GP,650,5,7.071492609929977,1188.468538968663,0.8880367704591894,0.40648981243006316,0.9924719538454075,0.8611,9.449705798133225,9.449705798133225,9.197966724962981,8.334690688164297,0.8301583473997267,72.66666666666667,21.333333333333332
不使用 GP,650,6,6.977407633443996,1072.13539337316,0.8911704432542127,0.49603125287998634,0.9925595294307961,0.9001,10.64007727139264,11.32347462060232,10.64007727139264,9.425089836108059,1.0,193.66666666666666,24.0
不使用 GP,650,7,7.092051629773729,1218.6980876713187,0.8866008672359671,0.40849193198402767,0.9924581271151754,0.8583666666666666,9.334113550283414,9.130336232779262,9.135004920333785,8.49763629322185,0.8557993730407523,159.33333333333334,23.666666666666668
不使用 GP,675,0,7.235886043610862,1388.9345132058954,0.8831456532210886,0.2737714307018639,0.9923164860816777,0.8022666666666667,8.719270838604928,7.899151546547851,7.794535900520187,7.875134576884425,0.6306250312551347,16.666666666666668,32.0
不使用 GP,675,1,6.978330291698136,1073.125064437291,0.8910802759240289,0.49554013814138237,0.9925668965705833,0.9,9.910802758847,9.910802758847,9.910802758847,8.623686804769102,1.0,213.66666666666666,15.0
不使用 GP,675,2,7.065792778383041,1180.4483548517337,0.8883613190419942,0.42869853430986055,0.9924752039757617,0.8671333333333333,9.516248626404801,9.24350564263622,9.328313688671626,9.03627514881048,0.8574423480083858,105.0,22.666666666666668
不使用 GP,675,3,6.978330291562371,1073.1250642915975,0.8910802759043541,0.49554013795217705,0.9925668965869617,0.9,9.91080275904354,9.91080275904354,9.91080275904354,8.6962933459359,1.0,252.0,17.333333333333332
不使用 GP,675,4,6.982795644080869,1077.9485838728585,0.8910622396438651,0.4955519280961275,0.9925553024539718,0.8968666666666666,9.893742000502094,9.893742000502094,9.123947964155567,8.535055720782736,0.752182458064811,52.333333333333336,19.0
不使用 GP,675,5,7.076224509036148,1195.2317300974792,0.8876935266594014,0.42112728474602473,0.9924749928814007,0.8638333333333333,9.429524648561722,9.177680760052757,9.220123463843011,8.37730035253164,0.8590956887486856,91.0,18.333333333333332
不使用 GP,675,6,6.977407633443996,1072.13539337316,0.8911704432542127,0.49603125287998634,0.9925595294307961,0.9001,10.673145266554458,9.920625057599727,10.673145266554458,9.425089836108059,1.0,218.66666666666666,21.666666666666668
不使用 GP,675,7,7.0869027013491355,1210.9786859661008,0.8870069896923285,0.43500680986722484,0.9924694798215552,0.8613333333333334,9.376230837076077,9.233198332402994,9.200679131135315,8.525788551983235,0.8779956427015251,176.0,22.666666666666668
不使用 GP,700,0,7.190452150118941,1327.2397184786514,0.8856470684530721,0.3439346286170249,0.9923532367818924,0.8166333333333333,8.640873651993724,8.640873651993724,8.019079293934702,8.030619299213758,0.7169083418243606,0.0,32.0
不使用 GP,700,1,8.468401505827215,7026.59735656754,0.2970247218092125,0.19851431877703832,0.4975222392363543,0.2996666666666667,3.9594750158995597,3.9594750158995597,3.9594750158995597,3.4907124227321304,0.1717171717171717,210.66666666666666,20.333333333333332
不使用 GP,700,2,7.781173564596711,4117.808493604386,0.5927877665754362,0.3471466670080224,0.7449827416800359,0.5736333333333333,6.567232733649707,6.567232733649707,6.459417093284145,6.311408825527988,0.535949399767652,114.33333333333333,21.666666666666668
不使用 GP,700,3,7.722844907403662,4049.299105127402,0.5940538162084165,0.34702995023171423,0.7450445107695036,0.5993333333333334,6.939360023931132,6.939360023931132,6.939360023931132,6.142383068292887,0.5042864346949067,188.0,16.333333333333332
不使用 GP,700,4,6.980160890209317,1075.0936582546924,0.8910718636243459,0.49554480064283907,0.9925594928837692,0.8984666666666666,9.905511268169576,9.905511268169576,9.141275416449325,8.560294452610272,0.6817971283001389,68.66666666666667,16.0
不使用 GP,700,5,7.057753528982478,1169.367007206215,0.8888146963771639,0.4955941854494504,0.9924886481819871,0.8701333333333333,9.43460470292819,9.43460470292819,9.20952350921597,8.404947877341135,0.8797814207650273,106.0,19.333333333333332
不使用 GP,700,6,7.722674076947975,4049.1161902457916,0.5941131894299446,0.3473572557007713,0.7450395572031754,0.5994,7.730411320606998,6.944823116490447,7.730411320606998,6.7008205180292935,0.5020080321285141,160.33333333333334,20.333333333333332
不使用 GP,700,7,7.799561481259065,4141.9662175753665,0.5919866446250622,0.2700698966918475,0.7449619129736137,0.568,6.4851707165214725,6.4851707165214725,6.251664798627526,5.96097542156197,0.3871772914052802,88.33333333333333,22.666666666666668
不使用 GP,725,0,7.158588789554138,1286.033487717974,0.8870287163949141,0.3543619335634555,0.9923870214754977,0.8312666666666667,8.913655285831256,8.913655285831256,8.058555453947795,8.217925784687301,0.736403813329078,0.0,32.0
不使用 GP,725,1,7.322931354921576,1557.1375048005673,0.8632343676134807,0.3392489752450689,0.9784608430617894,0.29933333333333334,8.614490695205157,8.059073695484605,8.239582473517364,7.698519540863264,0.15911557870633608,7.0,28.666666666666668
不使用 GP,725,2,7.195071939041523,1368.0893410057797,0.8761981369229886,0.4182238311017527,0.9853561563741199,0.5813,8.944265795189425,8.944265795189425,8.79722771465216,8.6566527058473,0.5978261658237859,31.666666666666668,24.666666666666668
不使用 GP,725,3,7.152735964898091,1319.0307503892457,0.876913094325492,0.396196313685713,0.9854216489299557,0.6,9.231550541714807,8.944675440551714,9.06573990579348,8.2456802091533,0.5071541186954488,95.66666666666667,22.0
不使用 GP,725,4,6.979395581839903,1074.2699960190394,0.8910752719713023,0.49554195849477733,0.9925624930906718,0.8992666666666667,9.907615577791757,9.907615577791757,9.214555544264142,8.57736960463843,0.6841999053096451,69.0,16.666666666666668
不使用 GP,725,5,7.068906158447007,1184.8121660377767,0.8880992862688076,0.49555438848691086,0.9924777034635378,0.8685666666666667,9.353164328009678,9.353164328009678,9.214919195275002,8.287710864328004,0.8509316770186336,122.66666666666667,20.333333333333332
不使用 GP,725,6,7.156043860152198,1324.5781978503169,0.8767288945969729,0.40051801951028265,0.9853922241179095,0.5998666666666667,10.765988289389815,10.537206621689428,10.695237081068797,8.8680922586088,0.5175311470654826,80.66666666666667,27.0
不使用 GP,725,7,7.232048095023289,1418.6156154753153,0.8743389273332122,0.3961441995928083,0.9853285780928651,0.5731,8.73055282748348,8.518055605530543,8.326521493877715,8.09539468582448,0.3746754862168164,15.333333333333334,25.0
不使用 GP,750,0,7.056811814961589,1161.6120197497164,0.8901638064987134,0.46453921634364476,0.992471266240877,0.8610000000000001,9.537388122117424,9.313541039151682,8.212004164316399,8.474436845555498,0.9014339303141798,1.6666666666666667,32.0
不使用 GP,750,1,7.177833174798493,1322.764116228009,0.8841444147778406,0.37342204341362945,0.992414984724573,0.8232666666666666,8.946391987797648,8.671255989637402,8.52996938720809,8.027061419937718,0.549016579137061,16.0,24.666666666666668
不使用 GP,750,2,7.066430945917425,1178.0082564700724,0.8889707144435713,0.4104095090480377,0.9924789954345555,0.8546999999999999,9.529659574156883,9.304594191366279,9.253123345994473,8.992419623319607,0.8384778703250041,40.666666666666664,26.0
不使用 GP,750,3,7.078949425596357,1199.1701737090796,0.8875113488228544,0.41558036818747124,0.9924862756998277,0.8617,9.44741911219606,9.129019303175026,9.138571096157827,8.347127597729113,0.8683163600314145,112.0,22.333333333333332
不使用 GP,750,4,6.978365412667586,1073.162754843527,0.891075311648131,0.49553820394431386,0.9925626593153439,0.9,9.910751911784127,9.910751911784127,9.217695332765546,8.57744590557028,0.8700905043616042,110.0,14.0
不使用 GP,750,5,7.039682780224808,1145.412521572917,0.8897109090939578,0.49576002365961963,0.9924877279937131,0.8728333333333333,9.657133736899494,9.334797277124508,9.278586990362326,8.297039843636243,0.8870431893687707,142.33333333333334,22.0
不使用 GP,750,6,7.078153103758851,1198.2462116112101,0.8876373090341324,0.4174456329105218,0.992461802598927,0.8616666666666667,10.291115543120823,10.291115543120823,10.134326801617414,9.058674288065774,0.8788870703764321,92.0,24.0
不使用 GP,750,7,7.129909678602103,1262.1640379723033,0.8859035549806166,0.4084483192276305,0.9923940835845676,0.8391666666666667,9.110619130065524,9.066333467781435,8.498915286028913,8.236493083592363,0.7777712041054774,37.0,26.333333333333332
不使用 GP,775,0,7.004751466340658,1102.0269583138029,0.8909224066505854,0.4751192773184975,0.9925209647313616,0.8840333333333333,9.768739019977218,9.768739019977218,8.355299549530846,8.601425465461809,0.8237044819717899,0.0,29.0
不使用 GP,775,1,7.146246623398217,1278.184402118846,0.8860968387541481,0.3897864230059271,0.9924442776860686,0.8341666666666666,9.10667893349371,8.606688619223847,8.555878374246094,8.116721312343223,0.7675346129930718,30.0,26.333333333333332
不使用 GP,775,2,7.052474025141078,1162.1244440174569,0.889129162664756,0.4957202274175609,0.9924944785574747,0.8717333333333332,9.55584161401294,9.39401798927919,9.422980809816407,9.056412610983218,0.7517671510329204,53.0,19.333333333333332
不使用 GP,775,3,7.075179381424797,1193.72968227348,0.8877893476962067,0.49538342913806455,0.9924850174755134,0.8653333333333334,9.442506566775995,9.227556726079168,9.1848208934514,8.365996739673475,0.7607841025364855,137.0,20.666666666666668
不使用 GP,775,4,6.97985836871646,1074.7667629506702,0.8910799474789858,0.4955646698555774,0.9925662938122718,0.8949333333333334,9.907743172633879,9.907743172633879,9.697211107869046,8.510848020806625,0.7998434052245712,94.66666666666667,13.0
不使用 GP,775,5,7.024874536251876,1126.7281693202847,0.8902704036812507,0.49567072093229864,0.9925056714873549,0.8816666666666667,9.657906904122406,9.657906904122406,9.246352302422748,8.40609931108356,0.9100346020761245,156.0,23.0
不使用 GP,775,6,7.053567064132035,1163.8695289553832,0.8891207074390307,0.4179386410869003,0.9924792876733527,0.868,10.538480357588789,9.390975822531756,10.2013049528879,9.07519007441939,0.8420659006483753,117.0,25.0
不使用 GP,775,7,7.122847276652526,1250.1071716224214,0.8867111920365224,0.4393126933279656,0.992410384637003,0.8481666666666666,9.22460337898098,8.936185305812476,8.467409744539593,8.271896599363695,0.8138528138528138,35.666666666666664,26.0
不使用 GP,800,0,6.9824902687200066,1077.6043613282595,0.891050327437208,0.4955241205280097,0.9925423005889531,0.8942666666666667,9.90123297787571,9.90123297787571,8.443052153861274,8.687527114580346,0.5340075804917771,12.0,16.666666666666668
不使用 GP,800,1,7.104025150194583,1221.8115889487506,0.8882017569504872,0.3864992065089002,0.9924742431135555,0.8515333333333333,9.188205501164656,9.188205501164656,8.579465251230435,8.1810348703395,0.8101754407476979,30.333333333333332,27.333333333333332
不使用 GP,800,2,7.034087226166029,1138.203231221695,0.8899287138822677,0.495655557369372,0.9925037724193847,0.8784333333333333,9.584726109772099,9.584726109772099,9.49455037738081,9.103288804658986,0.7623819427563046,60.333333333333336,21.333333333333332
不使用 GP,800,3,7.809799514896881,4156.078047081087,0.5913506473037066,0.3471625049868627,0.7449702238903289,0.5682999999999999,6.435993466816186,6.435993466816186,6.232901809790834,5.895711282662776,0.5555555555555555,145.0,20.333333333333332
不使用 GP,800,4,7.72233530613813,4048.751818283949,0.5940534009511781,0.34702730315906677,0.7450443981305434,0.6,6.940532777566521,6.940532777566521,6.729315218472553,5.917444931050329,0.5146074886755599,119.66666666666667,16.666666666666668
不使用 GP,800,5,7.768242872465618,4101.5703160495905,0.5932432754097278,0.3471025359426627,0.7449888948626366,0.5805,6.756156318398325,6.547224129109256,6.314731004790964,5.893373273767165,0.584795321637427,175.33333333333334,21.666666666666668
不使用 GP,800,6,7.791603264290951,4131.449314490182,0.5923471090031849,0.3473617181281265,0.744972438149516,0.5738,6.489765611663223,6.489765611663223,6.316847355405969,6.215565714356045,0.5465853743999439,125.33333333333333,23.666666666666668
不使用 GP,800,7,7.101612935109903,1222.2317240123423,0.8877170538878832,0.4193857273102884,0.9924179911644367,0.8508,9.363221584896221,9.411577076054519,8.535051343157619,8.314317496965222,0.6501559284734261,14.333333333333334,28.333333333333332
不使用 GP,825,0,6.980441810398932,1075.395016121772,0.8910519479949629,0.495529599820238,0.9925438360675977,0.8996,9.899507250701499,9.899507250701499,8.456402396952807,8.712010396734213,0.5410452791780848,0.0,16.666666666666668
不使用 GP,825,1,7.081189970138522,1192.010544794216,0.8892557693233648,0.4006528316507469,0.9924943127693817,0.8591333333333333,9.451720606084466,9.175985480810715,8.568763528170864,8.267012695024121,0.826845585082426,15.666666666666666,30.333333333333332
不使用 GP,825,2,7.021704005645589,1122.8344874326565,0.8903837919872123,0.4956420993244326,0.9925217020180727,0.8816999999999999,9.704014441394955,9.457238068851986,9.5755311664812,9.177094417613661,0.8311508154440092,66.0,19.333333333333332
不使用 GP,825,3,7.239012255639916,1427.2183232333875,0.8740347466126215,0.33054341240040636,0.9853929257808759,0.5696666666666667,8.808394141654334,8.34193512258379,8.401825293521973,7.993924746445316,0.5546176818364376,49.0,26.333333333333332
不使用 GP,825,4,7.1548642535712945,1320.221163137053,0.8770239681642265,0.4026960777599781,0.9853806925032597,0.5978666666666667,9.191779321676835,8.980679362398613,9.057930579767381,8.106366573257203,0.394414944134313,212.33333333333334,25.333333333333332
不使用 GP,825,5,7.186040404504046,1355.8195440537877,0.8765704170126382,0.3839848786714261,0.9854014768409552,0.5816666666666667,8.904383352703698,8.904383352703698,8.52271434737151,8.092036320130372,0.42781570636428007,7.0,26.333333333333332
不使用 GP,825,6,7.189924126407462,1358.8731834546031,0.8766644505114115,0.4222505520088396,0.9853723457057383,0.5787333333333333,9.064664466099039,8.942678822596282,8.457239874604758,8.354045995936678,0.5782745515496167,45.333333333333336,28.333333333333332
不使用 GP,825,7,7.094511553268817,1211.9837939171189,0.8881865709223096,0.49590813927257865,0.9924376496431043,0.8525333333333333,9.575604212911566,9.35942211527574,8.567860494160863,8.384800593923591,0.6135179844857265,5.333333333333333,27.333333333333332
不使用 GP,850,0,6.9801817790191025,1075.1145304910522,0.8910615078215217,0.4955398750841044,0.9925504316086617,0.8980666666666667,9.905602034975656,9.905602034975656,8.47958641212916,8.842911211708007,0.5145877174760584,9.0,19.0
不使用 GP,850,1,7.010038183871036,1108.2623559515553,0.8908145131270532,0.49566155577926435,0.9925390112189891,0.8795666666666667,9.794728293492229,9.71368728711128,9.264799101476283,8.452832795953244,0.9601151181667408,15.0,24.333333333333332
不使用 GP,850,2,6.997703066355112,1094.4894934361157,0.8909421794846555,0.49564971975080896,0.9925396461797366,0.8879333333333332,9.839105975439276,9.727762374558695,9.63696990833803,9.233958993766029,0.9653022773541723,77.33333333333333,23.666666666666668
不使用 GP,850,3,7.125771600412626,1252.6766318665086,0.8867335110108966,0.416411802663543,0.9924170692737476,0.8378333333333333,9.250021456398233,8.70981725739558,8.693925214740633,8.200056311558413,0.7656354103299442,69.0,26.333333333333332
不使用 GP,850,4,7.070083857094372,1186.4734447286598,0.8881150849345326,0.43102611227537196,0.9924656090599772,0.8630333333333334,9.471380676428547,9.221223227073297,9.265211281369018,8.282990956780239,0.6835728282673621,235.0,21.333333333333332
不使用 GP,850,5,7.085306045476827,1204.6448393206274,0.8877672488667606,0.4156739151513702,0.9924568324135198,0.8546666666666667,9.413626572158575,9.0791319978698,8.722712838098463,8.273257953529525,0.6758883086493525,17.0,27.0
不使用 GP,850,6,7.083022381127012,1197.4455446650552,0.888656517559503,0.42765225578138616,0.9924324912608934,0.8549666666666668,9.43628822255143,9.100044583990277,8.720490071437242,8.63916061433746,0.8041313025617177,43.333333333333336,29.0
不使用 GP,850,7,7.062493426614322,1171.5287841074269,0.8893748844048147,0.44596965938792094,0.992465898372947,0.8631333333333333,9.88433150726386,9.593567353981923,8.585347955110976,8.510261022577078,0.5993221588537138,14.0,25.333333333333332
不使用 GP,875,0,6.978727945945614,1073.551944184679,0.891061879514521,0.4955336444089771,0.992551192790566,0.8996,9.910082801912703,9.910082801912703,8.452313070512856,8.887006144303344,0.5036588638617586,27.333333333333332,17.0
不使用 GP,875,1,6.99554613142834,1092.0323326705145,0.8909740272226859,0.4955809185170816,0.9925508387418599,0.8918333333333334,9.825286952489206,9.825286952489206,9.297975109601689,8.539701010682629,0.8825156028723539,17.333333333333332,21.333333333333332
不使用 GP,875,2,6.980680493398322,1075.6560363647222,0.8910626134919385,0.4955500854818524,0.9925522180278108,0.8974666666666667,9.905156484712423,9.905156484712423,9.664531893739081,9.26187365992297,0.8815424634822628,92.0,17.0
不使用 GP,875,3,7.123443919509643,1247.561985017678,0.8871880682342012,0.495508579946135,0.9924399122849871,0.8450666666666667,9.162121993168846,8.952337342580709,8.746151198153866,8.326619543526569,0.7836052836052835,61.0,26.666666666666668
不使用 GP,875,4,7.05534056103125,1166.092769508111,0.888991737448721,0.4955524301515934,0.9924887303049118,0.8647,9.575242404240345,9.371974263922878,9.435790004053445,8.334060267695216,0.8641188959660298,446.6666666666667,23.0
不使用 GP,875,5,7.054934225946563,1165.2928809060943,0.8890409589781662,0.4956497231132034,0.9924749892930061,0.8663666666666666,9.56405730626499,9.205905396362086,8.76483661049477,8.413422111344602,0.7598607881279852,37.0,21.666666666666668
不使用 GP,875,6,7.073616689881788,1184.6002425364698,0.8892200890865102,0.44425950381777163,0.9924445921843131,0.8633333333333333,9.456176617190932,9.297445726969203,8.813443663120927,8.757487812632595,0.8249678249678248,50.0,28.0
不使用 GP,875,7,7.0064549481157785,1104.2363773597563,0.8908892964530252,0.49595886387292104,0.9925173469475715,0.8812000000000001,9.956429149263592,9.956429149263592,8.636117983045182,8.63103862940927,0.7926487055994796,22.333333333333332,25.333333333333332
不使用 GP,900,0,7.007815567613775,1105.667707014027,0.8907826383572178,0.49557688494129404,0.9925620715749037,0.8907333333333334,9.809437923813997,9.724731191271315,9.268195895497863,8.636171617166914,0.6940106343032357,209.66666666666666,25.333333333333332
不使用 GP,900,1,6.981882085605203,1076.9546276318672,0.8910703104830526,0.4955616080552237,0.9925586216252772,0.8953333333333333,9.898975211916984,9.898975211916984,9.37569192871218,8.661500527356493,0.6297512603245582,33.333333333333336,19.666666666666668
不使用 GP,900,2,7.723368479199571,4049.8622677348526,0.5940452279269536,0.34703034726236953,0.7450371751358563,0.5985333333333333,6.938374098448716,6.938374098448716,6.760289103607842,6.45665911578732,0.5159958720330238,112.33333333333333,15.333333333333334
不使用 GP,900,3,7.072599114530296,1182.0746691322695,0.8893672770630167,0.4957173161237405,0.9924852820154575,0.8592666666666666,9.491695815205796,9.098829577084356,8.775624564491354,8.401886525154367,0.8459954910466857,73.66666666666667,28.333333333333332
不使用 GP,900,4,7.034502232046041,1138.7813425203065,0.8899294928548788,0.4956268840778417,0.9925078574316805,0.8766333333333334,9.66922859789428,9.491493687872518,9.456692292938962,8.31062871679697,0.8445962480454249,461.0,22.333333333333332
不使用 GP,900,5,7.034529124809548,1138.2910331721262,0.8900189755958879,0.4690746508865707,0.9925030574831214,0.8731666666666666,9.679016730100757,9.47606111718892,8.811776997292567,8.510153201116324,0.6609214265227252,35.333333333333336,24.333333333333332
不使用 GP,900,6,7.036115670667026,1138.4679239408201,0.8904084463344627,0.4961568967135798,0.9925030068985509,0.8753000000000001,9.69865102671693,9.612093657515045,9.00789493556303,8.959448756049868,0.8222999297438846,58.0,29.0
不使用 GP,900,7,6.9911805889768575,1087.051880852009,0.8910862609282503,0.4958980447965495,0.9925411105425215,0.8924666666666666,10.019667496706878,9.785376372907928,9.45640462721464,8.804729731286415,0.870180797937452,30.0,28.0
不使用 GP,925,0,6.996395594634745,1093.0450868528144,0.8908976597323743,0.4955833502438678,0.9925659971384556,0.8942,9.853170474594368,9.772489084523324,9.853170474594368,8.314673185978661,0.5821901416532334,230.33333333333334,21.666666666666668
不使用 GP,925,1,6.982312815692317,1077.42354582402,0.8910682642208408,0.4955429399309665,0.9925612507698962,0.8989333333333334,9.881068063070982,9.881068063070982,9.407215962494687,8.712501179127544,0.6349133742414054,34.0,20.0
不使用 GP,925,2,7.1562841761376745,1323.544943586328,0.8767365789628393,0.41183402374525735,0.9854191375529564,0.5994,9.195761283420154,8.937138103994327,8.919408378111022,8.610273423228094,0.43634979459411105,28.0,24.333333333333332
不使用 GP,925,3,7.041239200701476,1143.9568966303216,0.89032144893894,0.4956645203485894,0.9925145957752818,0.8731,9.525564388037536,9.525564388037536,8.876713271808852,8.464325745502379,0.9186769366776701,77.33333333333333,26.0
不使用 GP,925,4,7.027391375076495,1129.845537193536,0.8902311935840724,0.49566182197522385,0.9925283954869567,0.8811666666666667,9.64852097595273,9.64852097595273,9.530234940136728,8.34407573645323,0.9460784313725491,475.0,19.666666666666668
不使用 GP,925,5,7.0299062670344155,1132.9507089264434,0.8900968209849106,0.4957496747704864,0.9925022396202099,0.8776999999999999,9.632179515785738,9.632179515785738,8.888574748860142,8.553928632488079,0.727203915829843,46.333333333333336,20.333333333333332
不使用 GP,925,6,7.017768521233262,1117.356006148608,0.8907249946208428,0.49610123679048296,0.9925243077784263,0.8822666666666666,9.878752775853707,9.878752775853707,9.139378885872642,9.064424266129599,0.8605692356891589,65.66666666666667,28.666666666666668
不使用 GP,925,7,6.983180984517553,1078.3511181086233,0.8911175496955451,0.49587607676439077,0.992546040694862,0.8966,9.863725972924593,9.863725972924593,9.545019624788699,8.854126357688239,0.7108323398632527,38.0,20.333333333333332
不使用 GP,950,0,6.97837467780938,1073.1726994557273,0.8910820583129309,0.49555191468751314,0.9925667175980287,0.8997999999999999,9.910728467922475,9.910728467922475,9.910728467922475,8.280600218659192,0.7872699467383852,30.666666666666668,15.666666666666666
不使用 GP,950,1,6.980961175565146,1075.9595026961306,0.8910725474087449,0.4955410132306071,0.9925628082020136,0.8992,9.88537171024793,9.88537171024793,9.449736217037307,8.7303450257226,0.9224444862248742,58.0,19.333333333333332
不使用 GP,950,2,7.089940604598543,1215.3651996698297,0.8866738457728838,0.410433907520239,0.9924445494855826,0.8586,9.362483065186483,9.029276125406842,9.097951462296841,8.7924681835803,0.8057136221112531,47.0,19.333333333333332
不使用 GP,950,3,6.998410963408596,1095.0361822332995,0.8909767712351685,0.4956017203165379,0.9925402691207151,0.8879333333333334,9.827251810052276,9.81790914833582,8.889813302591701,8.460548301759244,0.859306860561373,87.33333333333333,25.666666666666668
不使用 GP,950,4,6.993018198833845,1089.239448346955,0.8909857423361399,0.4955896643733226,0.9925460247662047,0.8896000000000001,9.859820095643526,9.857111875937967,9.561446820938187,8.381833552216696,0.9793281653746769,493.6666666666667,19.666666666666668
不使用 GP,950,5,7.004761297608119,1102.6183796091168,0.8908133552186572,0.4956152187141563,0.9925323996343162,0.8889333333333332,9.753784302373765,9.753784302373765,8.987249865600122,8.693636920562355,0.8033189095422243,55.0,21.333333333333332
不使用 GP,950,6,6.99649887500333,1093.028245739382,0.8910619583529137,0.4960624134450656,0.992543089868032,0.8911333333333333,9.986952673990297,9.969804568247234,9.20555648403345,9.109302705079857,0.7660158266499956,74.66666666666667,27.666666666666668
不使用 GP,950,7,6.977878005318504,1072.6398828150084,0.8911235361895007,0.49586269846033093,0.9925473017606085,0.8996,10.166214605307125,9.91710996237698,9.61125096215274,8.866876176644856,0.9178051322497959,61.0,17.333333333333332
不使用 GP,975,0,6.978330299029618,1073.1250723048877,0.8910802839529787,0.49554018900110813,0.9925668956860912,0.9,9.910802748233095,9.910802748233095,9.910802748233095,8.280456469489478,0.7277443403335521,459.0,13.666666666666666
不使用 GP,975,1,6.979343653062316,1074.2141825697026,0.8910778912014695,0.49554272816294215,0.9925648599443884,0.8992,9.908039176298672,9.908039176298672,9.505850154712105,8.786385516684938,0.9301894686510072,77.33333333333333,17.0
不使用 GP,975,2,7.080251431159255,1197.9155104572485,0.8879542636868071,0.42371944066581185,0.9924656460583131,0.8618333333333332,9.413113985238008,9.097140311917231,9.178022192267747,8.875520139065685,0.8161665506350274,50.333333333333336,26.666666666666668
不使用 GP,975,3,6.986870834838686,1082.350895477354,0.8910538318954725,0.49555689626972005,0.9925557944892401,0.8960666666666667,9.838874324427278,9.838874324427278,8.874289732207467,8.522497266447312,0.7043863644439275,94.0,21.0
不使用 GP,975,4,6.982430470227279,1077.55224128704,0.8910603808525385,0.4955500490835382,0.9925532134980776,0.8969999999999999,9.88885091206196,9.88885091206196,9.632431169626635,8.418403124999724,0.8861249309010503,508.3333333333333,18.333333333333332
不使用 GP,975,5,6.985421648213247,1080.8157137520677,0.8910420954657315,0.4955629842963563,0.9925471553916928,0.8940666666666667,9.8828255381436,9.8828255381436,9.070289349349913,8.726033946200163,0.9245686049036815,64.66666666666667,18.333333333333332
不使用 GP,975,6,6.979390405697646,1074.2644646561346,0.8911641629349288,0.49604722407004376,0.9925523163808196,0.8967666666666667,10.137566282201073,9.915636665334866,9.800057962408014,9.170171881516175,0.7127587129211648,85.66666666666667,22.666666666666668
不使用 GP,975,7,6.980064036812173,1074.9904193821274,0.891100714582873,0.49574096012089014,0.9925500986575204,0.8994666666666666,10.305763025185042,9.906080980792703,9.351541885762892,8.882820148399247,0.8057633485789649,60.0,19.333333333333332
不使用 GP,1000,0,6.978330292672564,1073.1250654829748,0.8910802757436369,0.49554013787181844,0.9925668964530306,0.9,9.91080275743637,9.91080275743637,9.91080275743637,8.280455882525066,0.9031339031339032,708.6666666666666,15.666666666666666
不使用 GP,1000,1,6.978520752928251,1073.3295115579315,0.8910788276882148,0.49554109266016094,0.9925654361145732,0.8997333333333333,9.910430868918167,9.910430868918167,9.534196732351525,8.814731919844577,0.8286280336800397,97.0,17.0
不使用 GP,1000,2,7.055186533036479,1165.779012556105,0.8889879471987822,0.4957360381240224,0.9924734122431452,0.8676666666666667,9.446038435992934,9.446038435992934,9.29371302600316,8.963879720832876,0.577155449008996,56.333333333333336,21.666666666666668
不使用 GP,1000,3,7.723880517628559,4050.4132142943113,0.5940458789249872,0.34703194648473285,0.7450374933737308,0.5981333333333333,6.933547733692514,6.933547733692514,5.970020675053763,6.068886342207041,0.3108525415141084,110.33333333333333,17.333333333333332
不使用 GP,1000,4,6.981093054952962,1076.1021754687756,0.8910698554457985,0.4955437550488604,0.992559764906125,0.8984,9.902660470035812,9.902660470035812,9.707263470708373,8.492750820570516,0.8383838383838383,527.3333333333334,18.666666666666668
不使用 GP,1000,5,6.981832292903572,1076.8946583362335,0.8910656615701091,0.49554504118516124,0.9925557445631137,0.8979333333333334,9.90007499640793,9.90007499640793,9.585535039038676,8.808066751222906,0.6526423638949389,71.0,18.666666666666668
不使用 GP,1000,6,7.722699268251621,4049.1432771154286,0.5941102220206459,0.3473571547488085,0.7450366182416953,0.5992666666666667,7.199582775195421,7.199582775195421,6.953299057135354,6.396196950681923,0.35809768475666964,102.33333333333333,21.333333333333332
不使用 GP,1000,7,6.978520086378769,1073.328774841365,0.8910949882806417,0.49569974394805544,0.9925511098743525,0.8995666666666667,9.912990794950105,9.912990794950105,9.371522354830889,8.929266179735462,0.9590494975110359,68.66666666666667,21.0
不使用 GP,1025,0,6.981058698711585,1076.0650020114138,0.891075665533946,0.4948088112207789,0.9925654943510489,0.8989333333333334,9.885195184138382,9.89624807319399,9.885195184138382,8.300804963793611,0.8271604938271605,495.6666666666667,19.333333333333332
不使用 GP,1025,1,6.9809137809609965,1075.904922770392,0.8910791759644606,0.4955484308549209,0.9925665250206471,0.8982000000000001,9.90268424069285,9.90268424069285,9.586028143027784,8.913133193420904,0.6647802618554005,46.0,17.333333333333332
不使用 GP,1025,2,7.060009121153743,1172.449197756654,0.888673477866129,0.43075358468039626,0.9924866880586017,0.8710333333333334,9.415807183768488,9.415807183768488,9.294980808666534,8.95983805514613,0.6026395196440001,73.0,21.333333333333332
不使用 GP,1025,3,7.151292282567046,1315.5267017439128,0.8771956502057717,0.394558110356936,0.9854589502403094,0.5996,9.223306185975199,9.010288469446163,8.12203760420286,8.212298863482866,0.32065631183005877,6.333333333333333,24.333333333333332
不使用 GP,1025,4,6.9783856515465805,1073.1844774117042,0.8910725644115501,0.49553768096176926,0.9925602167057884,0.9,9.91072260046946,9.91072260046946,9.712718147433703,8.498212918254481,0.8641188959660298,541.6666666666666,15.0
不使用 GP,1025,5,6.978758944630967,1073.5853582448133,0.8910712138004276,0.4955403818160231,0.9925586760785299,0.8993333333333333,9.909996043441218,9.909996043441218,9.659176398995008,8.83442411293431,0.6526423638949389,83.33333333333333,16.666666666666668
不使用 GP,1025,6,7.153706802538061,1319.9336363350478,0.8769459741723918,0.40302220780877845,0.9853957910338478,0.599,9.464511990232738,9.17659748819361,9.156189071651886,8.598489486911125,0.523397703619444,5.0,28.0
不使用 GP,1025,7,6.980628154606076,1075.5979817436128,0.8910747597351483,0.49560177073441336,0.9925527259513282,0.8993666666666668,9.898037449851314,9.898037449851314,9.38961085270565,8.980367372674216,0.9802968415930257,78.33333333333333,19.0
不使用 GP,1050,0,6.978366505308199,1073.1639282812064,0.8910806231688998,0.49355990096259467,0.9925668617558241,0.8996000000000001,9.910746214223005,9.910746214223005,9.910746214223005,8.31343156262088,0.8338338338338338,515.6666666666666,16.666666666666668
不使用 GP,1050,1,6.978712005461433,1073.5349247036213,0.8910806511520174,0.4955438834488351,0.9925667642789401,0.8995333333333333,9.910014309452496,9.910014309452496,9.593183700983781,8.914244074619349,0.5077018771374447,27.0,16.333333333333332
不使用 GP,1050,2,7.014486573330951,1114.1077762508464,0.8905737167015498,0.49565097302069855,0.9925224597607342,0.8805000000000001,9.77346594508001,9.619215699146794,9.379441277731134,9.080490839981529,0.8649490568635549,279.0,17.333333333333332
不使用 GP,1050,3,7.065948370617317,1180.3983322380716,0.8884360367502305,0.4196221757095075,0.9924842216898778,0.8606666666666668,9.537621892885682,9.254239598153868,8.414811813898325,8.37110471901257,0.6402537957527026,14.0,21.666666666666668
不使用 GP,1050,4,6.982904475450982,1078.0675700038855,0.8910664249585768,0.4955424823845433,0.9925614348833262,0.8986000000000001,9.894630156004828,9.894630156004828,9.78241873686445,8.47151309693725,0.836098541980895,560.3333333333334,18.666666666666668
不使用 GP,1050,5,6.984442215710582,1079.7168612983512,0.8910598133615624,0.4955376871258605,0.9925585075865585,0.8990666666666667,9.875616981387966,9.875616981387966,9.635604283258848,8.839827504059164,0.7717330467683077,84.33333333333333,23.0
不使用 GP,1050,6,7.072731909780084,1190.4405708126023,0.8879502085906464,0.4601494411457121,0.9924561391534139,0.8640666666666666,10.004676054369211,9.311800520834575,9.429451751506305,8.853051329489391,0.6763078504902275,24.0,22.333333333333332
不使用 GP,1050,7,6.978449216305806,1073.2527081810024,0.8910649699629989,0.4955341409545946,0.9925538412105827,0.8997,9.910629980641156,9.910629980641156,9.402405621935147,8.993169207692167,0.9764698616600791,100.33333333333333,15.333333333333334
不使用 GP,1075,0,6.97833029500412,1073.1250679850248,0.8910802788890392,0.4955401553293184,0.9925668961717395,0.9,9.910802754060875,9.910802754060875,9.910802754060875,8.313458858722301,0.9743589743589745,540.6666666666666,14.333333333333334
不使用 GP,1075,1,6.998829570215776,1095.8138581964056,0.8908616684983226,0.49554341304494337,0.9925668009172912,0.8967999999999999,9.70814384358202,9.74417255701903,9.70814384358202,8.942675321729277,0.6351757637606991,253.66666666666666,21.0
不使用 GP,1075,2,6.997396415700429,1094.1818668166961,0.890929505986071,0.49558315938397574,0.9925397180455325,0.89,9.803881788372024,9.803881788372024,9.441960873833231,9.161339746955662,0.9719029374201789,293.0,21.0
不使用 GP,1075,3,7.0665434741317155,1178.3738258212572,0.8888813400889136,0.4331997721027627,0.9924950978454034,0.8649333333333334,9.521548295432707,9.276228279299886,8.982151239608635,8.4615126105428,0.5137681066884606,18.0,25.0
不使用 GP,1075,4,6.979351264978649,1074.2223760853265,0.8910744242622913,0.4955401955911139,0.9925619282802113,0.8996666666666666,9.894905869677345,9.894905869677345,9.797211064723252,8.466583999916251,0.9622641509433962,575.0,14.0
不使用 GP,1075,5,6.9785445595878395,1073.3550381316197,0.8910726107476593,0.49554197455187615,0.992559519707088,0.8987333333333334,9.910442526916983,9.910442526916983,9.653128749435451,8.86776145554618,0.6183799543775415,104.66666666666667,16.666666666666668
不使用 GP,1075,6,7.0906960106650985,1207.616258283488,0.8882190252112615,0.4267775628840362,0.992474344360211,0.8643000000000001,9.476143331096752,9.249042739757856,9.392246837764015,9.04089202538062,0.7637876545449358,196.33333333333334,29.333333333333332
不使用 GP,1075,7,6.978438243891509,1073.2409294044191,0.8910646440211281,0.4955323302530441,0.9925538685081624,0.9,9.91064642209795,9.91064642209795,9.402427359212943,8.993191185380029,0.9751402853217254,125.33333333333333,14.0
不使用 GP,1100,0,6.978330292832179,1073.1250656542607,0.8910802757205305,0.49554013786026524,0.9925668964337753,0.9,9.910802757205305,9.910802757205305,9.910802757205305,8.313458855467237,0.9907955292570677,565.6666666666666,13.666666666666666
不使用 GP,1100,1,6.978620049500296,1073.4361459834347,0.8910819884016831,0.4955558058506541,0.9925666612624253,0.8967999999999999,9.910350249066996,9.910350249066996,9.910350249066996,8.993300888336796,0.9738612348887666,52.666666666666664,16.666666666666668
不使用 GP,1100,2,7.728934367313994,4055.9040346536835,0.5940203352900532,0.3470456187164479,0.7450267119327744,0.5946666666666667,6.911761862591064,6.908967584062181,6.493151752942549,6.387448292658102,0.5574136008918618,310.3333333333333,20.0
不使用 GP,1100,3,7.060030510581426,1167.7209548314165,0.8895434945047075,0.4957341357900054,0.9925045381454395,0.8727,9.337368965300145,9.424017077435296,9.130626036717489,8.457102314823814,0.708758259982181,218.0,25.0
不使用 GP,1100,4,8.467713755175838,7025.855494455654,0.2970216911182084,0.19851381557759182,0.4975184944090553,0.2994,3.9659662721299074,3.9659662721299074,3.8514605400070874,3.508196145680374,0.17402333840690007,594.6666666666666,17.0
不使用 GP,1100,5,7.722393956784853,4048.8147636110275,0.5940447999505093,0.34702246648441243,0.7450373211195678,0.6,6.940447853434812,6.940447853434812,6.683032442131805,6.3596057947236675,0.2884921832290253,129.66666666666666,15.333333333333334
不使用 GP,1100,6,7.030945780691439,1134.3127845475865,0.890135627023119,0.49604598570322017,0.9924979077129125,0.8729333333333334,10.334046286662824,9.947157775270664,10.158450124589313,9.280391931182706,0.7649101574185398,13.0,23.0
不使用 GP,1100,7,7.729530413142495,4056.557042391758,0.5940213326063606,0.3470522758642996,0.745040494189401,0.5941333333333333,6.917647591637221,6.890603036960442,6.89085346295444,6.4779265252048175,0.5640157924421884,127.66666666666667,24.333333333333332
不使用 GP,1125,0,6.978330292832179,1073.1250656542607,0.8910802757205305,0.49554013786026524,0.9925668964337753,0.9,9.910802757205305,9.910802757205305,9.910802757205305,8.313458855467237,1.0,590.6666666666666,17.0
不使用 GP,1125,1,6.978330311523457,1073.1250857123396,0.8910802986140265,0.4955402780974243,0.9925668941787711,0.9,9.910802730145251,9.910802730145251,9.910802730145251,8.993320936185375,0.861595351294242,77.66666666666667,13.0
不使用 GP,1125,2,7.163234673885824,1334.1793319758488,0.876432895287722,0.4146478932619921,0.9853672068373408,0.5981333333333333,9.145847496277,8.930823270766956,8.697139405459934,8.602122973900697,0.5600731010024246,235.0,26.666666666666668
不使用 GP,1125,3,7.0391068448693686,1144.6045041105397,0.8897576258964973,0.49579742651706926,0.9925142185420516,0.8732333333333333,9.678085106178616,9.471410017985955,9.38100746310858,8.503968600701432,0.8531467055122764,256.6666666666667,20.666666666666668
不使用 GP,1125,4,7.333307234840052,1575.375184026391,0.862220506618932,0.34228195283029805,0.9782931668669073,0.2996666666666667,8.396063157737494,8.233868235332666,8.156432820000923,7.7371549380067295,0.3177962865488187,5.666666666666667,27.666666666666668
不使用 GP,1125,5,7.152880055253988,1318.0566461898056,0.8770565783821382,0.3929567518982002,0.9854546092186895,0.5970666666666666,9.212925845221328,9.005426138103926,8.989612568185875,8.387477016199542,0.5317841706616097,25.333333333333332,24.0
不使用 GP,1125,6,7.019302946734915,1119.997654958751,0.8905233437420347,0.43543293872724603,0.9925211636851804,0.8817333333333334,10.496497586037814,9.534102242023982,10.292185343295394,9.341040322114376,0.8062678062678064,32.666666666666664,24.0
不使用 GP,1125,7,7.145466239106781,1305.7718266964885,0.8776139661633501,0.3976372504189361,0.985429412690516,0.5994,9.318049134826522,8.967217938773254,9.042476328613441,8.611616880902659,0.6762688614540466,40.666666666666664,23.333333333333332
不使用 GP,1150,0,6.978330292832179,1073.1250656542607,0.8910802757205305,0.49554013786026524,0.9925668964337753,0.9,9.910802757205305,9.910802757205305,9.910802757205305,8.313458855467237,1.0,615.6666666666666,16.333333333333332
不使用 GP,1150,1,6.981100437357386,1076.1101637138302,0.891076735412265,0.49554408150062085,0.9925667207060375,0.8990666666666667,9.9022400203169,9.9022400203169,9.9022400203169,8.98604114658387,0.7542343102115399,296.0,16.666666666666668
不使用 GP,1150,2,7.08235057013905,1203.7075612213314,0.8873448205825308,0.4300426348342934,0.9924529728877621,0.8590666666666666,9.414929614127956,9.158117462437684,8.919961342139246,8.830251960806786,0.7885123007074227,248.0,22.333333333333332
不使用 GP,1150,3,7.00147070598242,1098.839872009363,0.890874971929884,0.4956168744394968,0.9925456496549309,0.8870333333333335,9.825659171316708,9.781526510472,9.421792006288985,8.501313479270188,0.761045915957963,270.6666666666667,22.0
不使用 GP,1150,4,7.170590621247247,1312.4325946745187,0.8845603218986057,0.3409991248064667,0.9923664664887872,0.8248666666666667,9.03353863119744,8.517684740999128,8.527119736565576,8.099955630644592,0.711528175389969,7.666666666666667,25.666666666666668
不使用 GP,1150,5,7.082783300876353,1204.7662046163564,0.8872727191360458,0.4051156832020659,0.9924600454279497,0.8599666666666667,9.397386551374451,9.156177608375605,9.249473865146316,8.568897238504237,0.7638933968047893,42.0,20.666666666666668
不使用 GP,1150,6,6.986635959201394,1082.1676385960384,0.8910955418376698,0.49590909353893414,0.9925462361440078,0.8918666666666667,10.716886531426818,9.870603867741176,10.431481914478626,9.433652757761493,0.8403767521287969,245.66666666666666,25.0
不使用 GP,1150,7,7.0764478407017295,1195.5533045423742,0.887688636079726,0.4405198641538161,0.9924664385851125,0.8614,9.470532306072903,9.186325106471543,9.215350628975111,8.785625464523749,0.7815747937699157,60.666666666666664,20.0
不使用 GP,1175,0,6.978330292832179,1073.1250656542607,0.8910802757205305,0.49554013786026524,0.9925668964337753,0.9,9.910802757205305,9.910802757205305,9.910802757205305,8.313458855467237,1.0,640.6666666666666,14.0
不使用 GP,1175,1,6.978330495130659,1073.125282745895,0.8910805651066288,0.4955417550829515,0.9925668719524624,0.9,9.910802463429551,9.910802463429551,9.910802463429551,8.986731157165854,0.8338338338338338,321.0,14.666666666666666
不使用 GP,1175,2,7.076842191089063,1195.4350415326564,0.8877057764018407,0.4952140868873605,0.9924648751771036,0.8633666666666667,9.41116614348137,9.175946500082807,8.997049868568753,8.841939702955559,0.8384856493147317,252.66666666666666,22.333333333333332
不使用 GP,1175,3,6.981606006060647,1076.6576447651066,0.8910681786077707,0.4955603503431228,0.9925571448690969,0.8964,9.900815905019025,9.900815905019025,9.444929280311632,8.510927483579264,0.8346647300895667,502.3333333333333,20.666666666666668
不使用 GP,1175,4,7.144184748010109,1275.2248846406058,0.8862490335035954,0.35203510961263357,0.9924014603728469,0.8346,9.112200592619642,8.690002303236449,8.64584235570449,8.227279516672276,0.7327422023060416,21.333333333333332,25.0
不使用 GP,1175,5,7.07717254323147,1196.5983132032532,0.8876536705159399,0.42533813888254773,0.9924691169984623,0.8628333333333332,9.457325520229581,9.235917066523626,9.227780482341409,8.627857967303266,0.8052756515373636,63.0,21.0
不使用 GP,1175,6,6.981887496525445,1076.9708335631042,0.8911279385954388,0.4958746482615594,0.9925552903085783,0.8985333333333334,10.788184592484441,10.302090020360984,10.545020890415053,9.493140712790696,0.8870431893687707,259.3333333333333,22.666666666666668
不使用 GP,1175,7,7.075187276328001,1193.7410108960282,0.8878026569369073,0.4412108792176435,0.9924745510933161,0.8642,9.498773325432943,9.252661435944157,9.2483223762532,8.77472954157386,0.8483017503164537,347.6666666666667,20.666666666666668
不使用 GP,1200,0,8.4663370149148,7024.375024732042,0.2970267581894077,0.19851337909470382,0.4975222984911731,0.3,3.9702675818940762,3.9702675818940762,3.9702675818940762,3.475222984911731,0.3333333333333333,665.6666666666666,14.333333333333334
不使用 GP,1200,1,6.97833029530792,1073.125068311041,0.8910802763834639,0.4955401429069406,0.9925668961351076,0.9,9.910802753621292,9.910802753621292,9.910802753621292,8.98671954163458,1.0,332.0,16.333333333333332
不使用 GP,1200,2,7.044941294289841,1152.2419279832668,0.8894950055527197,0.4958648210297581,0.9924892248195455,0.8715,9.632259481510607,9.338590133427196,9.093037792749675,8.90800020319514,0.8719456150391065,262.0,16.333333333333332
不使用 GP,1200,3,6.980287185377468,1075.2312323547178,0.8910697290358073,0.49554011022907724,0.9925585922020947,0.8993333333333333,9.903882009809466,9.903882009809466,9.46923757425567,8.51756207484186,0.8301043219076005,521.3333333333334,18.666666666666668
不使用 GP,1200,4,7.093626129017363,1207.0893221784247,0.8889005122831981,0.43273672756869647,0.9924576850740804,0.8500333333333333,9.400778717827071,9.069394530508191,8.696838300194004,8.307441401798071,0.6090930674264007,230.0,31.0
不使用 GP,1200,5,7.0545093630104025,1164.9703649285427,0.8889741545634561,0.4955329056022854,0.992480371948886,0.8696333333333333,9.5878709087745,9.19962871453009,9.283936984407488,8.632961844461272,0.8447447428908904,88.0,21.0
不使用 GP,1200,6,6.978593470228753,1073.4090351250868,0.891135376730842,0.4958695902499213,0.9925574446752957,0.8994,10.875039387521952,10.355875879801742,10.65726244321475,9.551879634948685,0.904109589041096,279.6666666666667,17.666666666666668
不使用 GP,1200,7,7.049666348661371,1158.4860019890612,0.8892821213231921,0.42367771844804536,0.9924831384263985,0.8710333333333334,9.68916993695478,9.36802230270345,9.22421601018458,8.836389889892653,0.870576950022095,355.6666666666667,21.333333333333332
不使用 GP,1225,0,7.310465061746029,1535.2592028147612,0.8642184913545062,0.3065487507991503,0.9783883761005026,0.3,8.553468330014331,8.158576360746514,8.279311468873042,7.724536137134638,0.3486787803181421,65.33333333333333,29.666666666666668
不使用 GP,1225,1,6.978330294663941,1073.1250676199697,0.891080275455356,0.49554013772767797,0.9925668962127966,0.9,9.91080275455356,9.91080275455356,9.91080275455356,8.986719505988894,0.9768339768339769,357.0,14.0
不使用 GP,1225,2,7.028669259461073,1131.4322006554046,0.8901360111140187,0.49573989860457907,0.9925017775087633,0.8777666666666667,9.596586993695,9.596586993695,9.133650457159126,8.930127759892196,0.846441947565543,277.3333333333333,20.0
不使用 GP,1225,3,6.978443904384594,1073.2470058381841,0.8910730858950279,0.4955404390878142,0.9925602245056968,0.8995333333333333,9.910628432448606,9.910628432448606,9.494855296233306,8.544355307407395,0.8220918866080157,535.6666666666666,15.666666666666666
不使用 GP,1225,4,7.038752623577095,1141.0170311839677,0.8904130381081193,0.4957304039480757,0.9925129985964246,0.8683333333333333,9.56659498759433,9.56659498759433,8.83847407742523,8.494892123198717,0.922912408206526,8.0,24.666666666666668
不使用 GP,1225,5,7.049257475426494,1157.9428561492712,0.8892750984194162,0.4957187655017054,0.9925002740757765,0.8706666666666667,9.486526035440603,9.486526035440603,9.27534047229509,8.67356800696917,0.8557993730407523,90.66666666666667,17.666666666666668
不使用 GP,1225,6,6.9777517173390295,1072.5044883650862,0.8911351847008827,0.4958653402545164,0.9925575775397433,0.9000666666666667,10.943401159066092,9.917298066768184,10.725584968877016,9.55410483397601,0.824251350024546,292.6666666666667,18.666666666666668
不使用 GP,1225,7,7.046470525961769,1154.2583877235568,0.8894036499160857,0.4203547814830732,0.992491136857411,0.8715999999999999,9.460057276855801,9.460057276855801,9.185053044219037,8.832036050055128,0.8779956427015251,369.0,21.666666666666668
不使用 GP,1250,0,7.159191860059579,1296.1307942190053,0.8852985404625441,0.3958553956970603,0.9923730151144637,0.8289,9.102573035846214,8.577255162264489,8.547020094389405,7.8668479063361,0.7265527583998921,77.33333333333333,27.0
不使用 GP,1250,1,6.978330294663941,1073.1250676199697,0.891080275455356,0.49554013772767797,0.9925668962127966,0.9,9.91080275455356,9.91080275455356,9.91080275455356,8.986719505988894,1.0,382.0,17.333333333333332
不使用 GP,1250,2,7.026785615109017,1127.7653199620954,0.8904689554525183,0.495626589766788,0.992521512057935,0.8795000000000001,9.712578581055194,9.5986540471007,9.411190723009264,9.124031243573294,0.8735255570117956,276.0,25.333333333333332
不使用 GP,1250,3,6.979621975782308,1074.5138921493244,0.8910718951789643,0.49553689456450895,0.9925604575338993,0.8997999999999999,9.90425079729743,9.90425079729743,9.508224143207997,8.557741840615137,0.9646464646464646,552.6666666666666,20.333333333333332
不使用 GP,1250,4,7.000643095333664,1097.6476673653374,0.8909293767301332,0.4956035580660656,0.9925401387659596,0.8859333333333334,9.812692689067346,9.648060588943663,8.850951370604292,8.602780287471392,0.7069571223428416,17.0,25.0
不使用 GP,1250,5,7.016287573233289,1116.2677331089028,0.8905385347509024,0.49561670949974873,0.9925351745431849,0.8821666666666667,9.697521897204684,9.697521897204684,9.27618622846297,8.737616276952709,0.9021615472127418,107.33333333333333,23.0
不使用 GP,1250,6,6.977751663650861,1072.5044307446572,0.8911351063549171,0.495864908384092,0.9925575840294124,0.9000666666666667,11.009539191477634,9.917298144644214,10.791723440239542,9.554105418058532,0.9793281653746769,329.6666666666667,17.0
不使用 GP,1250,7,7.021787322573946,1122.9363365274226,0.8903501322446515,0.43943870461363366,0.9924970393380589,0.8775333333333334,9.749675382009542,9.570359209712962,9.227631394490425,8.849652684830987,0.8797814207650273,396.0,21.666666666666668
不使用 GP,1275,0,7.150532525178355,1284.9726694037222,0.8856526100728844,0.33749375822652977,0.9924049911875915,0.8329,9.089829729816035,8.746646042852436,8.628150817034934,8.016774285857473,0.74367540105091,83.33333333333333,26.0
不使用 GP,1275,1,6.978330294663941,1073.1250676199697,0.891080275455356,0.49554013772767797,0.9925668962127966,0.9,9.91080275455356,9.91080275455356,9.91080275455356,8.986719505988894,1.0,407.0,15.0
不使用 GP,1275,2,6.996762169434077,1093.4618114010038,0.8909367011003146,0.49558246538726697,0.9925434904918418,0.8919333333333334,9.802048224742649,9.802048224742649,9.560471419508552,9.19119930392669,0.9460784313725491,291.3333333333333,20.666666666666668
不使用 GP,1275,3,6.978386180776475,1073.185045436103,0.8910728388197505,0.49553731304247467,0.992560535149169,0.8997999999999999,9.910721759262364,9.910721759262364,9.514693878394729,8.564211240026179,0.9634530560806552,577.6666666666666,17.333333333333332
不使用 GP,1275,4,6.98533804012058,1080.6861437222592,0.8910575904045338,0.4955562232990062,0.9925527985428427,0.8960666666666667,9.878147259982912,9.878147259982912,8.88595539125012,8.679076699528572,0.7135983229081625,252.33333333333334,23.666666666666668
不使用 GP,1275,5,7.002083964519081,1099.5459349655166,0.8908598676648615,0.4955783564763552,0.9925461091951234,0.8905333333333334,9.720085664698752,9.720085664698752,9.309030141895473,8.724025492115814,0.9598997493734336,124.0,21.666666666666668
不使用 GP,1275,6,6.981081190034668,1076.0957261226938,0.8911660913784836,0.49604308977889805,0.9925583926696121,0.8974333333333333,11.063658127486212,9.948010538067322,11.063658127486212,9.68063225833725,0.9222614840989399,327.0,27.0
不使用 GP,1275,7,7.022377448180158,1123.6584388362378,0.8903725515032207,0.4392404699145347,0.992517052459657,0.8819666666666667,9.656015617220019,9.656015617220019,9.285888086167214,8.948597679843024,0.8983050847457626,402.3333333333333,19.666666666666668
不使用 GP,1300,0,7.828914535167841,4174.290912973666,0.5917155787453959,0.22444254878115877,0.7449309876696425,0.5555,6.357587213649885,6.357587213649885,5.830269531529443,5.67794748649792,0.4740872025683481,87.0,25.0
不使用 GP,1300,1,7.7223336526761,4048.7500439082037,0.594053517128309,0.3470267585641545,0.7450445976069241,0.6,6.9405351712830905,6.9405351712830905,6.9405351712830905,6.392685816599351,0.6666666666666666,432.0,15.666666666666666
不使用 GP,1300,2,7.725969191052049,4052.6727842550317,0.5940381560471916,0.34703959403235624,0.7450336068963764,0.5967333333333333,6.918386035118665,6.918386035118665,6.7269704355362805,6.463684086596259,0.5455537370430987,514.3333333333334,18.0
不使用 GP,1300,3,6.997981944371265,1094.8477850079278,0.8908835096106523,0.4955370971999416,0.9925618218142694,0.896,9.594163113698619,9.83129303650542,9.594163113698619,8.59071471263581,0.8122605363984675,788.0,16.333333333333332
不使用 GP,1300,4,6.984726072991429,1080.0223331309783,0.8910624414927627,0.49554690274114543,0.9925582713328693,0.8981333333333333,9.886149851606463,9.886149851606463,8.911665857606687,8.743378161991798,0.7125731502262731,267.0,23.0
不使用 GP,1300,5,6.998844440200401,1095.83082912944,0.8909196610437112,0.4637592772931504,0.9925571435549813,0.8915333333333333,9.829387319210868,9.722548799725706,9.393695434142558,8.788385440703053,0.9171044950379451,143.33333333333334,21.666666666666668
不使用 GP,1300,6,6.977859705328868,1072.6202689850973,0.8911713906107132,0.49603810675297244,0.9925593997770532,0.8988999999999999,11.225078807433057,10.001116272853418,11.225078807433057,9.742016343033606,0.8121753422958243,277.0,20.333333333333332
不使用 GP,1300,7,7.744461934538379,4073.3023936558434,0.5938797058169184,0.3472319311398128,0.7450151361492865,0.5900666666666666,6.842902943842475,6.842902943842475,6.359595595588765,6.249766387304086,0.6313131313131314,419.0,22.0
不使用 GP,1325,0,7.222396092737877,1401.447898471523,0.8752985560799008,0.34692746359233956,0.9853989858430071,0.5706666666666667,8.809810289150127,8.646546330570619,7.9872004227985265,7.887838751338886,0.5652703536139119,2.6666666666666665,30.666666666666668
不使用 GP,1325,1,7.150064941521852,1314.2132958077677,0.8772208002009728,0.4179985324481355,0.9854689468879337,0.6,9.279269636324,9.060841783415674,9.0235898899829,8.489764301686103,0.6773305813553492,352.6666666666667,21.0
不使用 GP,1325,2,7.154663500873397,1322.43148942094,0.876738536582855,0.48620982976505384,0.985349528515339,0.5995333333333334,9.250939925364387,8.982300015231994,8.880851821847406,8.595367724885604,0.4240398913028643,232.0,21.0
不使用 GP,1325,3,6.979570528746681,1074.4584729697774,0.8910797707185019,0.49556176721796197,0.9925656959051397,0.8954666666666666,9.908351745611318,9.908351745611318,9.837975916315669,8.682240698028023,0.8293650793650794,605.3333333333334,17.333333333333332
不使用 GP,1325,4,6.9805677914148845,1075.530788162893,0.8910747709861461,0.49554519128722524,0.9925621087585066,0.8991333333333333,9.903525333681236,9.903525333681236,8.910490018499111,8.760769744552805,0.6631989131989132,269.0,20.0
不使用 GP,1325,5,6.982399618653574,1077.51872541019,0.8910741506095837,0.4955595143427686,0.9925652962611564,0.8979333333333334,9.874153266463034,9.874153266463034,9.874153266463034,8.796143078258629,0.8345864661654135,157.33333333333334,19.0
不使用 GP,1325,6,6.977407654590735,1072.1354160453282,0.8911704767834042,0.49603143754591467,0.9925595268790506,0.9001,11.325131101701446,11.210713325236526,11.325131101701446,9.742233723252342,0.8124709922955536,302.0,24.0
不使用 GP,1325,7,7.1579230534447715,1322.707851329288,0.8771873194232667,0.4817878089821028,0.9854190057715347,0.5969000000000001,9.238561604084664,9.01968425906177,8.508136645628907,8.42988483116901,0.665065994060804,330.6666666666667,25.333333333333332
不使用 GP,1350,0,7.111750104855065,1234.4140283564252,0.8874251355057696,0.35376681133949545,0.9924274976704096,0.8422999999999999,9.339385247877834,8.73426489837418,8.13554692145902,8.192417404814172,0.6506461689652371,5.666666666666667,28.333333333333332
不使用 GP,1350,1,7.069681138018335,1185.9047507624325,0.8881270877916917,0.42609660405641997,0.992485991974235,0.8631666666666667,9.48443323036213,9.284490903881835,9.202985274511802,8.621187268400858,0.8658146964856229,370.0,20.333333333333332
不使用 GP,1350,2,7.073929205304051,1191.890528931348,0.8878125346933728,0.495200694916959,0.9924665142866296,0.8602666666666666,9.439894855470364,9.25115308660753,9.13472188103728,8.844480969715795,0.7765599397723749,254.33333333333334,22.0
不使用 GP,1350,3,6.978337070202887,1073.1323386945687,0.8910793955532347,0.49554019070112165,0.9925660788054179,0.9,9.910792945665015,9.910792945665015,9.838190802390256,8.683086585918169,0.872707659115426,630.3333333333334,15.333333333333334
不使用 GP,1350,4,6.981797418490205,1076.8627303568883,0.8910730439649948,0.49554423946584364,0.9925644689792431,0.899,9.898208253782007,9.898208253782007,8.947011774951209,8.75781427658835,0.8133663520543252,283.0,18.333333333333332
不使用 GP,1350,5,6.979968269054911,1074.8871447892325,0.8910793847803239,0.4955444876644583,0.9925664611342087,0.899,9.902051266025662,9.902051266025662,9.902051266025662,8.839455821317207,0.8501291989664083,175.0,15.666666666666666
不使用 GP,1350,6,6.97740763165086,1072.1353914506751,0.8911704435137957,0.49603125300990775,0.9925595296470912,0.9001,11.424338354571153,10.55984080387289,11.424338354571153,9.742232380413464,0.9650067635048862,327.0,22.0
不使用 GP,1350,7,7.090409604194964,1215.0464297383196,0.8868697997541514,0.4263910316633586,0.9924525977094012,0.8592,9.40814175617046,9.32632901462031,8.634539659496818,8.500367481914704,0.6898339290718848,348.6666666666667,26.333333333333332
不使用 GP,1375,0,7.064766920220623,1174.1058962469144,0.8893703871965144,0.47445259824976777,0.992479260395284,0.8633333333333333,9.51210923694852,9.35650688116926,8.199841473553418,8.360076036886529,0.6571795066122875,2.6666666666666665,26.0
不使用 GP,1375,1,7.06732789269649,1182.5949264135213,0.888287106503137,0.4689143058476841,0.9924861110551279,0.8673000000000001,9.48868016840305,9.273462174310005,9.207940043145854,8.641879890511296,0.8888888888888888,387.6666666666667,20.0
不使用 GP,1375,2,7.06751655841586,1182.7751752874838,0.8882443931219806,0.4130508280536143,0.9924721897619108,0.8673333333333333,9.492611954879676,9.24533791395377,9.159375341993716,8.88049269204051,0.8256253067684387,256.0,22.0
不使用 GP,1375,3,6.981139727256186,1076.1526810563876,0.8910764244666041,0.49554307134913317,0.9925667430602146,0.8992666666666667,9.901121383931935,9.901121383931935,9.901121383931935,8.69455172155971,0.7995337995337995,637.3333333333334,19.0
不使用 GP,1375,4,6.978348161269708,1073.144241020922,0.8910781570637546,0.49554123769781766,0.9925647405807739,0.9,9.910776886969288,9.910776886969288,8.953705088597822,8.755705510419531,0.6438499733690703,308.0,15.666666666666666
不使用 GP,1375,5,6.978381601583222,1073.1801305981237,0.8910806328811881,0.49554222651680196,0.9925668574516054,0.8996,9.910717737795176,9.910717737795176,9.910717737795176,8.867818978631973,0.824251350024546,198.0,14.0
不使用 GP,1375,6,6.97740763165086,1072.1353914506751,0.8911704435137957,0.49603125300990775,0.9925595296470912,0.9001,11.523545767348159,10.101180163867609,11.523545767348159,9.742232380413464,1.0,352.0,20.666666666666668
不使用 GP,1375,7,7.088113026694593,1212.3403381723617,0.8869783619116456,0.4184290541349365,0.9924641581871274,0.8602,9.347056485247768,9.347056485247768,8.728331229675197,8.598986155610023,0.7953176237321742,347.6666666666667,21.666666666666668
不使用 GP,1400,0,7.048679510541565,1155.1185125425648,0.8896876246905526,0.458585876320401,0.9924833384441131,0.8728000000000001,9.525756628350594,9.420199565012208,8.284089116731707,8.459353090481764,0.6853054093898335,13.333333333333334,25.666666666666668
不使用 GP,1400,1,7.7953138358879555,4136.301765544984,0.5921436269756709,0.2796584172750842,0.7449808508160203,0.5704,6.486313978364049,6.486313978364049,6.339220968783908,5.928891172441475,0.5611672278338945,402.0,21.666666666666668
不使用 GP,1400,2,7.062982466650958,1176.5259809176914,0.8885166844273259,0.49551351037146224,0.9924708829220555,0.8694000000000001,9.441692925095053,9.441692925095053,9.151540348008359,8.898282534302146,0.8641564207650273,269.0,20.333333333333332
不使用 GP,1400,3,8.466337235601705,7024.375261556773,0.29702708596089616,0.19851520278446325,0.4975222717581607,0.3,3.970267261097929,3.970267261097929,3.970267261097929,3.554441933239954,0.14150047483380818,658.0,14.333333333333334
不使用 GP,1400,4,6.9831860917050745,1078.3740050140184,0.8910553720870663,0.49556186318193723,0.99256588423468,0.8953333333333333,9.900098102302627,9.900098102302627,9.39185360200206,8.793566301826253,0.8301913174095247,312.3333333333333,21.0
不使用 GP,1400,5,8.466337017791652,7024.3750278192665,0.2970267623941043,0.19851340220612737,0.49752229814407656,0.3,3.970267577728919,3.970267577728919,3.970267577728919,3.567631249181199,0.29559748427672955,223.0,16.0
不使用 GP,1400,6,7.7226615471875,4049.1027183350598,0.5941132898343012,0.3473556110218658,0.7450396283905164,0.5997333333333333,7.157899228023449,7.727310309856125,7.157899228023449,6.884811387076559,0.6435006435006435,344.0,23.666666666666668
不使用 GP,1400,7,7.814756117423001,4161.963185913043,0.5912127748063856,0.26985505236143537,0.7449449798696947,0.5660999999999999,6.461633812954901,6.461633812954901,5.768553338412285,5.88607157766522,0.5232820642656709,355.3333333333333,26.666666666666668
不使用 GP,1425,0,7.007268127860098,1105.4378512274895,0.8907625651488948,0.49270747726312286,0.9925178091033926,0.8840333333333333,9.790315899856289,9.727690697655701,8.333824476667077,8.508585834723148,0.7534947251388132,2.0,23.0
不使用 GP,1425,1,7.220794356132282,1404.323625193162,0.874875791220917,0.33452792630982947,0.9854168323736429,0.5753666666666667,8.855611147211851,8.485516870835577,8.388130679735868,7.9942674736641015,0.5798474976259649,87.66666666666667,27.333333333333332
不使用 GP,1425,2,7.052925041191831,1162.720639562349,0.8890898045811175,0.49568888474250167,0.9924713176639668,0.8704666666666667,9.592594840951397,9.25368724160687,9.159305974411202,8.877043760887013,0.8690373929760882,287.6666666666667,17.0
不使用 GP,1425,3,7.338728162385244,1586.109701478088,0.8616058399902374,0.3296448028534019,0.9783079095206185,0.3,8.361729489292472,8.138070127392504,8.13691554158069,7.754696235976883,0.3507797977075014,15.0,26.0
不使用 GP,1425,4,6.979195298452802,1074.0545296150167,0.8910800842042527,0.49556731753745603,0.992566487278832,0.8948666666666667,9.909384842851113,9.909384842851113,9.909384842851113,8.558651741189186,0.7104398536922151,316.0,14.666666666666666
不使用 GP,1425,5,7.324908263827883,1560.9211706513481,0.8628830201889232,0.40584310022633896,0.9782640665765845,0.3,8.548765198429404,8.061883882949155,8.211658361518683,7.761871454152854,0.34052230521335186,26.0,25.333333333333332
不使用 GP,1425,6,7.149596897397729,1313.8177065962275,0.8771965035872012,0.42650167296231434,0.9853938132416088,0.6000666666666666,9.55515078003547,9.828344058941298,9.392737280923818,9.059849020643817,0.6571516463000678,59.666666666666664,24.333333333333332
不使用 GP,1425,7,7.2227110726514345,1398.6507012089878,0.8755504747386454,0.42495921145230203,0.9853362311277429,0.5692,8.975962699554003,8.394479269233758,7.993170235486104,8.057704936092028,0.5170704509872692,7.333333333333333,29.333333333333332
不使用 GP,1450,0,6.986477989451483,1081.9311115304301,0.8910690775195192,0.49567744932749186,0.9925451068874255,0.8949666666666668,9.903011113407016,9.878858246558762,9.013034495192736,8.608486518304543,0.8854764532833043,31.666666666666668,22.333333333333332
不使用 GP,1450,1,7.103456013939471,1224.1706920385814,0.8876708302827684,0.4180092840303849,0.9924450347991788,0.8469666666666668,9.32159279306586,9.016658070357412,8.604527534950252,8.229245318791852,0.8221510337600657,94.0,25.666666666666668
不使用 GP,1450,2,7.029007800684243,1131.852436544618,0.8900827544045541,0.49561973499394213,0.9924958173740702,0.8791666666666668,9.632060335729848,9.490484718413372,9.155091186668487,8.909073448392554,0.896866548730149,284.3333333333333,18.666666666666668
不使用 GP,1450,3,7.173126992164633,1315.9823952917975,0.8844199454392871,0.35456468842577005,0.9923980231987484,0.8252333333333334,8.975050275281948,8.516672291705667,8.553806671279867,8.216909804371292,0.6963118944043375,259.0,27.0
不使用 GP,1450,4,6.978330337213234,1073.1251132806867,0.8910803299664752,0.4955404930665261,0.9925668910792539,0.9,9.910802692951046,9.910802692951046,9.910802692951046,8.557685044623149,0.8815789473684211,730.6666666666666,14.666666666666666
不使用 GP,1450,5,7.177039307851284,1321.5933687868653,0.8841618105587661,0.41191862742174673,0.9923731150531808,0.8226999999999999,8.98019904180648,8.447073990904899,8.636651328124957,8.123701269026744,0.7335545632075601,36.666666666666664,25.666666666666668
不使用 GP,1450,6,7.0787871246166985,1199.1679769174434,0.8875572232051857,0.41345485231646056,0.9924479406570518,0.8609666666666667,9.67476334782168,9.538322836217555,9.512897743688926,9.132829312536806,0.8607594936708861,77.33333333333333,23.333333333333332
不使用 GP,1450,7,7.116480135893475,1241.8934508410102,0.8870186300945683,0.35727430780680236,0.9924002671316673,0.8406000000000001,9.418888898970373,9.142749095094393,8.295460831306952,8.37967640629042,0.7206238033535635,8.666666666666666,28.666666666666668
不使用 GP,1475,0,6.983641033988683,1078.849352472669,0.8910695519907986,0.4942848521299786,0.9925603881360443,0.8939666666666667,9.888629060663296,9.888629060663296,9.48916941779951,8.532025682163303,0.5329109274946648,9.0,22.0
不使用 GP,1475,1,7.082626758760774,1199.4537131131692,0.8881458579729454,0.4465224374022469,0.992465750985656,0.8590333333333332,9.40847697365052,9.215457922576336,8.670438058686964,8.193345498177727,0.8498561776707473,110.33333333333333,27.0
不使用 GP,1475,2,7.039659142919952,1143.3012853342086,0.8900435644290381,0.4955923838392984,0.9925005761946776,0.8818,9.511786065153816,9.456106209216616,9.226142149665982,9.025966488061355,0.8756817136474145,282.3333333333333,26.0
不使用 GP,1475,3,7.144338181127878,1275.4324135026197,0.8861679270565784,0.42501050260268824,0.992426042124717,0.8381666666666666,9.081998869252887,8.689771531223435,8.740154609102374,8.278200359114448,0.7560959979493095,274.0,25.0
不使用 GP,1475,4,6.978330293049281,1073.1250658872386,0.8910802756891019,0.4955401378445509,0.9925668964075848,0.9,9.910802756891018,9.910802756891018,9.910802756891018,8.557680856812906,0.838606030647553,1160.6666666666667,13.666666666666666
不使用 GP,1475,5,7.164200889310147,1303.2506179365707,0.884958873415762,0.49525144254441483,0.992380322809133,0.8306666666666667,9.025780855548964,8.658672134599508,8.708265304420012,8.182927819143586,0.7599859481587429,55.333333333333336,26.666666666666668
不使用 GP,1475,6,7.0659163125369995,1180.820192109378,0.8884205238366553,0.42405150121996965,0.9924656221084551,0.8638666666666667,9.882668946852077,9.249747977025917,9.596995358506186,9.187827730357215,0.867496955037483,100.66666666666667,23.333333333333332
不使用 GP,1475,7,7.096998318839521,1219.302936054011,0.8873536929938753,0.413328913284186,0.9924475138798844,0.8530000000000001,9.43662738378545,9.15906808525328,8.354532076398565,8.435482304603147,0.8077427551622772,10.666666666666666,26.666666666666668
不使用 GP,1500,0,6.984707473865671,1080.0344596122195,0.8910512234896647,0.4905887495871181,0.9925621160385178,0.8986000000000001,9.862312310800922,9.866812925208905,9.491831760570014,8.509313384612364,0.6868148022127999,27.333333333333332,19.0
不使用 GP,1500,1,7.788222085985964,4125.958921355696,0.5926595572493172,0.3080544848009868,0.7449676075650205,0.5722666666666667,6.596791279663644,6.370988471702671,5.725006144679138,5.549062220280711,0.47391015884166565,104.66666666666667,24.0
不使用 GP,1500,2,7.763367065244086,4095.5626151594624,0.5934447511404771,0.3472191955565189,0.7449933907231245,0.5799666666666666,6.760090231305447,6.619563477004772,6.353432369109666,6.18489417967859,0.5656318082788672,296.3333333333333,20.0
不使用 GP,1500,3,7.109329838642096,1228.487247702942,0.8879986321005191,0.42497041029903526,0.9924420507170465,0.8478666666666667,9.256799935017828,8.975954913341793,8.667505701471303,8.284021937207909,0.7798840321141838,284.3333333333333,27.333333333333332
不使用 GP,1500,4,7.722333651895812,4048.750043070857,0.5940535172412674,0.34702675862063365,0.7450445977010561,0.6,6.940535172412673,6.940535172412673,6.940535172412673,5.963647166368484,0.6666666666666666,1185.6666666666667,14.333333333333334
不使用 GP,1500,5,7.124393502586309,1248.3749344607083,0.887222601313065,0.4303352561674918,0.9924065274633117,0.8383333333333334,9.34317793737824,8.81624708337622,8.662725083931504,8.224637498235365,0.75599128540305,57.666666666666664,24.333333333333332
不使用 GP,1500,6,7.043876218785916,1151.0006591285162,0.8895742164604968,0.4436492625256614,0.9924820152382292,0.8728333333333333,9.985629988371196,10.557402621666506,9.65304970003313,9.185651548549124,0.8692390139335476,112.0,21.0
不使用 GP,1500,7,7.063913581968893,1176.6689608737559,0.8887259213564066,0.43245313009385056,0.9924644851932324,0.8636333333333334,9.736391973357264,9.2725196429462,8.432513254008144,8.46863411421055,0.8087698284795103,8.333333333333334,26.0
不使用 GP,1525,0,6.982924176752774,1078.081428125646,0.8910727036999475,0.4955499235927707,0.9925658109698722,0.8977333333333334,9.892897807733624,9.892897807733624,9.479059213040841,8.509107613799642,0.713745171415486,407.6666666666667,21.0
不使用 GP,1525,1,7.203833742041468,1373.9278862117253,0.8764593551192318,0.3864051475362036,0.9854459769883267,0.5733333333333334,8.928389333536465,8.642736955194806,7.895411522283662,7.752573011638499,0.4346137868255508,0.3333333333333333,27.666666666666668
不使用 GP,1525,2,7.175247311777784,1345.1155326380187,0.8765025165504872,0.39905201119356337,0.9853611522488853,0.5908,9.048575801235266,8.870275253642339,8.495257550601254,8.32924797764145,0.6433157562575954,14.666666666666666,26.333333333333332
不使用 GP,1525,3,7.113749803279773,1234.4266236673254,0.8877827276056441,0.4380826220219765,0.9924573440725619,0.8466666666666667,9.123763948190222,9.123763948190222,8.669139970302258,8.256582280191095,0.766824610133798,277.3333333333333,28.333333333333332
不使用 GP,1525,4,7.1514457462243515,1316.6989044547788,0.8770350707301416,0.404397457651843,0.9854191656362755,0.6,9.198550860660706,9.198550860660706,9.058787273060252,8.113945695889758,0.6738168198842356,875.0,20.0
不使用 GP,1525,5,7.106837909261503,1225.3628314949428,0.8880880532794121,0.49589297362261586,0.9924314140967642,0.8483666666666667,9.175224900113705,9.175224900113705,8.68833432897731,8.228381647351954,0.7872699467383852,57.333333333333336,25.333333333333332
不使用 GP,1525,6,7.028404456454055,1131.2150114143553,0.8901868817838231,0.4959584871919749,0.9924955317538279,0.8793333333333333,10.013817347163508,9.634851158921608,9.745619213849018,9.245744055702074,0.9140534262485481,126.0,23.0
不使用 GP,1525,7,7.0513027572213955,1160.3290738680723,0.8892970106184764,0.41463572335161986,0.9924644283804959,0.8689333333333332,9.517464685735185,9.517464685735185,8.506165594206323,8.498662522613783,0.7086003768245098,12.666666666666666,23.666666666666668
不使用 GP,1550,0,6.985273386921019,1080.6171929537722,0.8910698952166847,0.4955485080931918,0.9925661857847778,0.8982666666666667,9.852129916367408,9.852129916367408,9.467824031346314,8.581196007268419,0.47502041098195086,416.0,18.333333333333332
不使用 GP,1550,1,7.100819160408967,1224.0934400862186,0.8871548651739479,0.44438163863231533,0.9924429383441148,0.8498999999999999,9.320184654295973,9.023096078060194,8.091626683502122,7.9105707556258436,0.6747269034439487,16.0,26.333333333333332
不使用 GP,1550,2,7.083130373018181,1201.3551535546674,0.8879485238468684,0.41825122734908055,0.9924522136184842,0.8541333333333334,9.44419827714013,9.143248852393764,8.976341629593898,8.814964606815288,0.733235635989718,4.0,29.333333333333332
不使用 GP,1550,3,7.04459426055945,1147.8904571358341,0.8902447835612383,0.4957164028759939,0.9924888231615974,0.8668999999999999,9.61990818057747,9.315602529062074,8.760966561638567,8.33193385681126,0.8722161181743665,286.3333333333333,27.0
不使用 GP,1550,4,7.085730162375202,1209.1115602173675,0.8870061606438245,0.4951556981656638,0.9924465272635126,0.8620666666666666,9.390119909812737,9.205404885266905,9.160132492219038,8.184812151761756,0.8675213675213675,892.6666666666666,22.333333333333332
不使用 GP,1550,5,7.044574642963987,1148.0683103725785,0.8901944001325249,0.49580955170707935,0.9924827300719871,0.8665666666666666,9.619476142803983,9.323244014744004,8.838399107449085,8.358242105554849,0.8562961457698299,68.33333333333333,26.666666666666668
不使用 GP,1550,6,7.020165852316911,1121.048071186616,0.8904709463929041,0.4430717965747823,0.9925043271851416,0.8841,10.167809551184861,11.009632671425548,9.81002215251644,9.27460270973309,0.9575530586766542,145.0,22.333333333333332
不使用 GP,1550,7,7.028934397551697,1130.5289192189518,0.8903830855399661,0.45855967544027537,0.9924779529938824,0.8737333333333334,9.784588534946174,9.65252701687733,8.891584043959261,8.546082393160384,0.6538230072855279,19.666666666666668,29.666666666666668
不使用 GP,1575,0,6.978754468870228,1073.5804495382545,0.8910816166321496,0.49554899990509815,0.9925667244263058,0.8985333333333334,9.909939841090996,9.909939841090996,9.909939841090996,8.675642742732544,0.8109176023452799,434.0,16.666666666666668
不使用 GP,1575,1,7.090450458507196,1213.0437235092097,0.8871928214150916,0.43008580389485956,0.9924597233474381,0.8594333333333334,9.380819827199078,9.173358379312706,8.161075820067877,8.00117322874262,0.6576688584873172,16.0,25.333333333333332
不使用 GP,1575,2,7.060233098640791,1171.3622419897167,0.8889772039175062,0.4212785481618806,0.9924688024460305,0.8683666666666666,9.518994829509582,9.273973704134178,9.023884297741139,8.871077713163068,0.7943716615181812,11.0,25.0
不使用 GP,1575,3,7.007416848238051,1105.5193176101777,0.8907904317237335,0.49561350984133384,0.9925274091975669,0.8828666666666667,9.710278940962914,9.710278940962914,8.908794358803332,8.470205384493424,0.9519946110335127,294.0,24.666666666666668
不使用 GP,1575,4,7.074001180092361,1192.0420194104229,0.887835319677384,0.49538120826660775,0.9924576809013087,0.8628333333333332,9.443290994408096,9.227388065493672,9.185876534244752,8.2334289069224,0.9021615472127418,912.0,23.0
不使用 GP,1575,5,7.007011652133447,1104.6039940311728,0.8908853309082735,0.49563755754977823,0.9925216007120912,0.8797999999999999,9.800408232715261,9.800408232715261,8.97024413797,8.438874728232825,0.9030424699098901,74.0,26.333333333333332
不使用 GP,1575,6,6.999646106718527,1096.7913701400705,0.8909561204961105,0.4960027567410665,0.9925303359353621,0.8892333333333333,10.21652983234003,9.771426622719948,9.926266676550313,9.380281916168736,0.9552238805970149,159.33333333333334,24.666666666666668
不使用 GP,1575,7,7.038592672733053,1143.990644004243,0.8897986247961128,0.4220356674310128,0.9924808714499322,0.8737,10.014679540488707,9.739153032311616,8.849754205209907,8.570093759736718,0.648584584756626,14.666666666666666,23.666666666666668
不使用 GP,1600,0,6.978330320348621,1073.1250951828445,0.891080310035278,0.49554033008907394,0.9925668931127817,0.9,9.91080271735338,9.91080271735338,9.91080271735338,8.67649110790486,0.8116926331819224,459.0,14.0
不使用 GP,1600,1,7.062358200101944,1173.394938116808,0.8889576067419492,0.4183236211190023,0.99248414470612,0.8663666666666666,9.43781449822963,9.43781449822963,8.669693439566045,8.231534117694059,0.5217679186734309,2.0,29.0
不使用 GP,1600,2,7.039692255419989,1145.2507347084736,0.8897222898694727,0.4327443692039663,0.9924920951385993,0.8734999999999999,9.539997042691548,9.539997042691548,9.10184170193528,8.945157560613149,0.7824338102654312,255.0,21.333333333333332
不使用 GP,1600,3,6.986421594475594,1081.9090093798284,0.8910320440011503,0.49555710587301166,0.9925423889500414,0.8948666666666667,9.871959835816435,9.871959835816435,8.95317823797184,8.5660326852595,0.7737231642155242,309.0,22.0
不使用 GP,1600,4,7.047693352201157,1155.871225548435,0.8892973359283213,0.4456751125404171,0.9924879922894053,0.8728333333333333,9.48958251157899,9.48958251157899,9.224971940487695,8.34108534625821,0.8833883388338833,925.0,19.333333333333332
不使用 GP,1600,5,6.983662226988193,1078.8734254815997,0.8910497062266295,0.49555429022301983,0.9925424854047037,0.8962666666666667,9.882939566873747,9.889867782553553,9.091881533312757,8.564264174458883,0.794601699130463,85.33333333333333,21.333333333333332
不使用 GP,1600,6,7.739852856627029,4068.0712834326027,0.593949984851251,0.34723556205173584,0.7450211727625641,0.5926666666666667,6.868751350716529,6.765237039123034,6.554454782998254,6.508689478193626,0.546448087431694,178.0,25.0
不使用 GP,1600,7,7.02063032983517,1121.5576785453495,0.8904275670943207,0.495936958072988,0.9925016953748974,0.8805333333333333,10.058905152904524,9.761508193368947,8.851503175961374,8.589126014347684,0.8738991759467903,278.6666666666667,22.0
不使用 GP,1625,0,6.978330296447005,1073.125069533422,0.8910802752295335,0.4955401377617606,0.9925668959976922,0.9,9.910802751972307,9.910802751972307,9.910802751972307,8.676491555033936,0.9599106896465216,484.0,13.666666666666666
不使用 GP,1625,1,7.046393977393964,1153.821119117824,0.8894774434130518,0.4484764758810893,0.992494108415328,0.8733,9.52134551361271,9.52134551361271,8.782313035975271,8.309560875541107,0.5238722478115799,8.0,22.666666666666668
不使用 GP,1625,2,7.035385621913098,1139.8855503163734,0.8899110545176588,0.43207216229966483,0.9924996686611328,0.8770000000000001,9.59584338903455,9.59584338903455,9.137391109545268,9.043433519527868,0.8276380351203283,271.6666666666667,20.333333333333332
不使用 GP,1625,3,6.981000740518059,1075.9965675240185,0.8910593046312508,0.4955472489369619,0.9925488588409012,0.8967333333333333,9.90477647451254,9.90477647451254,9.081660919862333,8.666651004267836,0.6841999053096451,310.6666666666667,22.666666666666668
不使用 GP,1625,4,7.038154277484428,1143.4452858940865,0.8897852685096348,0.4958041501721162,0.9925056311879477,0.8762666666666666,9.573435050734387,9.573435050734387,9.342132220176024,8.422060600756469,0.8992642897566497,941.6666666666666,19.333333333333332
不使用 GP,1625,5,6.980061917914827,1074.9876999252986,0.8910543333176854,0.4955324615244394,0.9925455191598833,0.8993333333333333,9.905232569119335,9.905232569119335,9.101328486139641,8.596163805096005,0.6977752278957099,90.66666666666667,16.666666666666668
不使用 GP,1625,6,7.149896542744863,1310.945655688699,0.8775513998705425,0.4010528979230959,0.9854077544041183,0.5963333333333334,9.26601941661861,9.005576533108579,8.775828841287634,8.72097091280338,0.5127744157716555,79.0,29.0
不使用 GP,1625,7,7.018263311693912,1118.0161657208348,0.8906483417101176,0.495987161801867,0.9925186615834459,0.8817666666666666,9.978243428130979,9.978243428130979,9.241481907596645,8.757162236295118,0.7587492297100585,272.6666666666667,26.666666666666668
不使用 GP,1650,0,6.978330296426901,1073.1250695118476,0.8910802752001411,0.49554013760007054,0.9925668960001176,0.9,9.91080275200141,9.91080275200141,9.91080275200141,8.676491555579931,0.9907955292570677,509.0,13.333333333333334
不使用 GP,1650,1,7.012050582484886,1111.110212324785,0.8906497998111913,0.49569345752297433,0.9925158989437054,0.8839666666666667,9.784093553519162,9.546326780232782,8.775825199709102,8.31607232007485,0.6764693795950004,36.0,21.333333333333332
不使用 GP,1650,2,7.021679930306601,1121.4052765509173,0.8906549883604176,0.49562351962978285,0.9925385594157268,0.8824333333333333,9.743127079574466,9.660147861584074,9.563031745115408,9.306689950767263,0.9137529137529139,269.3333333333333,25.666666666666668
不使用 GP,1650,3,6.986209008366273,1081.640219297003,0.8910506338750678,0.4955400352980148,0.9925531809654761,0.8979333333333334,9.853688437080564,9.853688437080564,9.029371697082627,8.715771705701064,0.7128205128205128,320.0,24.0
不使用 GP,1650,4,7.0124621461055705,1111.6937510557275,0.890635847397457,0.4632789424512018,0.9925255803250331,0.8837666666666667,9.766568262619478,9.672095516803745,9.356155621090005,8.495816982530622,0.9575530586766542,959.0,19.333333333333332
不使用 GP,1650,5,6.980283095308844,1075.2263062004338,0.8910552162412179,0.4955302681692287,0.9925467867572145,0.8996,9.902477300390771,9.902477300390771,9.110449852631106,8.60880454158383,0.6514107640160699,119.33333333333333,18.333333333333332
不使用 GP,1650,6,7.070505957894889,1187.162374729062,0.8881389632482652,0.495751789633454,0.9924389864051167,0.8617,9.600124503728262,9.377070348356563,8.942049773662161,8.916169846318821,0.7763007274472877,97.66666666666667,26.333333333333332
不使用 GP,1650,7,6.990498258561398,1086.4149335249765,0.8910595106194714,0.4959076124301815,0.9925353574543393,0.8904666666666666,10.123412834382384,10.42541075497875,9.289142153083722,8.881035918500245,0.9559236062322806,288.6666666666667,22.666666666666668
不使用 GP,1675,0,6.979007796219306,1073.8528508805919,0.8910801860815454,0.4955416572605585,0.9925668651070043,0.8996666666666666,9.909019332593404,9.909019332593404,9.909019332593404,8.688986725304785,0.9793281653746769,498.6666666666667,17.0
不使用 GP,1675,1,7.006396449194692,1104.5378063466378,0.8907660525994497,0.4955974063616612,0.9925311894249703,0.8871333333333333,9.738177843031727,9.738177843031727,8.82481421682671,8.380382107955038,0.7736989867808841,228.66666666666666,23.666666666666668
不使用 GP,1675,2,6.988538919765134,1084.2496418626176,0.8910418492805601,0.49558061973909534,0.9925631520295615,0.8948,9.862257085670347,9.862257085670347,9.723652232302365,9.450805447276942,0.9275627117353736,284.6666666666667,19.333333333333332
不使用 GP,1675,3,6.980306260619194,1075.2514659612405,0.8910640107071472,0.49553909315980854,0.9925540327074628,0.8990666666666667,9.89705188630615,9.89705188630615,9.0031525067452,8.71924332625391,0.7019032921810698,334.3333333333333,20.0
不使用 GP,1675,4,7.002444161623411,1099.961246469801,0.8908546161128387,0.49558359826934356,0.9925404254390049,0.8898333333333334,9.75344631960598,9.75344631960598,9.352996016586388,8.537162585764264,0.9768339768339769,975.0,21.0
不使用 GP,1675,5,6.979114474872159,1073.9674005510985,0.8910697428153919,0.4955563996775038,0.9925573015232025,0.8956,9.909533045097378,9.909533045097378,9.533310300194021,8.676361952625706,0.7980936825350015,117.66666666666667,17.0
不使用 GP,1675,6,7.0605872503985525,1173.2277146361282,0.8887758241765159,0.42214989550221715,0.9924609178876116,0.8660333333333333,9.57660281846534,9.480875482970973,9.049607030643509,9.00285779105029,0.6991108044919704,99.33333333333333,24.0
不使用 GP,1675,7,6.983303699046338,1078.507434138487,0.8911062749950197,0.49586813043535355,0.9925421535552229,0.8982666666666667,10.172552701081834,9.83173550935448,9.282592946804533,8.90823323401415,0.858267716535433,302.0,23.0
不使用 GP,1700,0,6.978330340711825,1073.1251170351118,0.8910803365139701,0.495540476484918,0.9925668906492383,0.9,9.910802687790857,9.910802687790857,9.910802687790857,8.68969436118722,0.9818417639429313,523.6666666666666,12.333333333333334
不使用 GP,1700,1,6.986159783476402,1081.6262157068252,0.8910312731322477,0.4955578254399196,0.9925411740425517,0.8943333333333333,9.864475057492102,9.864475057492102,8.876626195916115,8.429141561651283,0.7492607366703422,245.33333333333334,22.333333333333332
不使用 GP,1700,2,6.979590680531849,1074.4801796137835,0.8910806953108533,0.49554778724570464,0.9925666406584132,0.8988,9.90539829178007,9.90539829178007,9.90539829178007,9.515964267461728,0.8788870703764321,303.0,12.666666666666666
不使用 GP,1700,3,7.722650263732571,4049.0899094932624,0.5940430027800047,0.34702751016990846,0.7450348994133514,0.5988666666666667,6.940015591443756,6.940015591443756,6.101832223631983,6.214139026126692,0.4657166436577027,349.0,16.0
不使用 GP,1700,4,8.473067016645595,7031.670558950246,0.2969968958286903,0.19853162983397635,0.4975080887626839,0.29573333333333335,3.9319066858970353,3.93468079139221,3.47336422006528,3.607025262556997,0.18995290423861852,992.3333333333334,19.333333333333332
不使用 GP,1700,5,7.722410155208203,4048.832150105494,0.5940424910800052,0.3470215154407195,0.7450353660364953,0.6,6.940424392437944,6.940424392437944,6.564204511135834,6.108767677822932,0.36786804113136906,142.66666666666666,17.333333333333332
不使用 GP,1700,6,7.77548224952196,4110.600847699244,0.5930573514948286,0.34746963973820594,0.7449703256381969,0.5790000000000001,6.770324486554242,6.770324486554242,6.268841623739149,6.1619006520778115,0.5195879770347855,108.66666666666667,25.666666666666668
不使用 GP,1700,7,6.978645496491396,1073.4640954915494,0.8911232905037304,0.4958654931250011,0.9925470887475281,0.8988666666666667,10.232515928709093,10.3426966178581,9.28334114724641,8.913538292734847,0.7976002374864738,320.3333333333333,20.0
不使用 GP,1725,0,6.978330298745992,1073.1250720005214,0.891080275058223,0.4955401384110208,0.9925668957203486,0.9,9.910802748644182,9.910802748644182,9.910802748644182,8.689692746843804,1.0,548.6666666666666,18.333333333333332
不使用 GP,1725,1,6.985693465808686,1081.0791303668314,0.8910397894424609,0.49556231619541435,0.99254669484871,0.8928666666666666,9.867689867582746,9.88054211620685,9.405502169413987,8.807124159436604,0.7013896916220347,238.66666666666666,20.666666666666668
不使用 GP,1725,2,6.9784643562733075,1073.2689614283875,0.891080601371247,0.4955421398892638,0.9925668617643534,0.8997999999999999,9.910536551226492,9.910536551226492,9.910536551226492,9.514867455206636,0.8188205681838516,726.3333333333334,15.0
不使用 GP,1725,3,7.149936422881928,1313.9250706309106,0.8771562876424791,0.4089449142939796,0.9854323524177011,0.6,9.269512846325215,9.025279935701596,8.230885273839132,8.298271374888701,0.4811774670564996,30.666666666666668,21.0
不使用 GP,1725,4,7.322110305095602,1555.6290310367938,0.8632506205360156,0.3226163328125211,0.9783148400245327,0.29886666666666667,8.541640909045826,8.065847566758515,7.8097301860561315,7.938384646085434,0.2416922081665185,3.6666666666666665,28.0
不使用 GP,1725,5,7.157021280871615,1325.6376636142948,0.8766940979400326,0.48303211920602757,0.9854431569255554,0.5957333333333333,9.180738977634991,9.180738977634991,9.082676944784565,8.474732966214637,0.3900405984994762,203.33333333333334,23.666666666666668
不使用 GP,1725,6,7.16867622195166,1335.6142485683179,0.8768972506939665,0.43482643534389415,0.9853346467674599,0.5877333333333333,9.337666694489473,8.886061984403309,8.581386932914887,8.413865419894732,0.4560405441552982,6.0,31.0
不使用 GP,1725,7,6.9794170863187235,1074.2946171469566,0.8910933059636208,0.49570059135380046,0.9925499952427135,0.8995333333333333,9.89743116924928,9.89743116924928,9.316595258860902,8.946845376225028,0.9221461146804959,335.0,18.666666666666668
不使用 GP,1750,0,6.978330298625373,1073.1250718710824,0.8910802748818797,0.4955401374409399,0.9925668957349,0.9,9.910802748818798,9.910802748818798,9.910802748818798,8.68969274221155,0.9895013123359581,573.6666666666666,15.333333333333334
不使用 GP,1750,1,6.978604492386151,1073.4194055794662,0.8910584821349691,0.4955343599551279,0.9925478638429072,0.8990666666666667,9.910376710899188,9.910376710899188,9.428780644842371,8.82144327407205,0.7411491343630385,260.3333333333333,16.666666666666668
不使用 GP,1750,2,6.978330300254423,1073.1250736192558,0.8910802860195327,0.4955401945776388,0.9925668955380248,0.9,9.910802746456298,9.910802746456298,9.910802746456298,9.514767762641004,0.9253996447602132,756.3333333333334,14.333333333333334
不使用 GP,1750,3,7.0890633890475785,1211.6741252866634,0.8871962613445709,0.41567494182807646,0.992468864289358,0.8520333333333333,9.396065649566081,9.143632553897106,9.191423699281879,8.38010536562618,0.4820128568191054,6.333333333333333,24.666666666666668
不使用 GP,1750,4,7.175280601690112,1318.019750802845,0.8844531913847836,0.4131110568361372,0.9923699442503363,0.824,8.938796526033224,8.60566725778372,8.143953576635807,8.338905763223254,0.6577321066632947,9.0,31.0
不使用 GP,1750,5,7.084752987071279,1207.666365296988,0.8871281724081258,0.4947001189476987,0.9924647268971563,0.8598666666666667,9.40136390104119,9.18566702223883,9.172051823504766,8.59017593125551,0.6871894739470202,225.66666666666666,18.666666666666668
不使用 GP,1750,6,7.091316542838107,1214.9774017194507,0.8871379752652434,0.42139953917950174,0.9924179231913124,0.8555333333333334,9.532586297838755,9.248194757041377,8.881720882604428,8.648981633485045,0.6649552067690103,6.666666666666667,30.0
不使用 GP,1750,7,6.9782065224917,1072.992451193864,0.8910962156590694,0.4956990123695291,0.992552302810012,0.8995666666666667,9.913793137321722,9.913793137321722,9.31993353291155,8.9501840623929,0.9719029374201789,359.3333333333333,17.333333333333332
不使用 GP,1775,0,6.978330298625373,1073.1250718710824,0.8910802748818797,0.4955401374409399,0.9925668957349,0.9,9.910802748818798,9.910802748818798,9.910802748818798,8.68969274221155,1.0,598.6666666666666,16.0
不使用 GP,1775,1,6.978487262824167,1073.293553752267,0.8910575499425969,0.49552882333660914,0.9925479494340501,0.9,9.910575393208601,9.910575393208601,9.428769252327909,8.821513376791698,0.6528621186425224,285.3333333333333,15.333333333333334
不使用 GP,1775,2,6.978330293201789,1073.125066050897,0.8910802756670243,0.4955401378335122,0.9925668963891869,0.9,9.910802756670243,9.910802756670243,9.910802756670243,9.51476707855508,0.9933993399339934,781.3333333333334,14.333333333333334
不使用 GP,1775,3,7.077732007904758,1197.406490450681,0.887576622214386,0.44511364593344643,0.9924809665905677,0.8648333333333333,9.411521810933797,9.19630948876564,9.253932402909243,8.407346663891065,0.6556396208804091,12.0,20.333333333333332
不使用 GP,1775,4,7.160702723910448,1298.2408377299148,0.8852599603898658,0.4474092737132563,0.9923864735475476,0.8320333333333333,9.056906982273057,8.618178225029569,8.232971957334355,8.357802497339094,0.7119225610368977,15.0,26.666666666666668
不使用 GP,1775,5,7.054054223420142,1164.3569547997085,0.8890649762484335,0.4955766630640494,0.9924978178269561,0.8665666666666666,9.55605437213141,9.386977438504617,9.22332513339604,8.60233419306153,0.8046167708901342,460.3333333333333,21.666666666666668
不使用 GP,1775,6,7.063032445661541,1175.167982050977,0.8888699037070813,0.49609710835049664,0.9924647836167649,0.8647666666666667,9.515838505796063,9.223242443317309,9.09150054859362,8.792932664143258,0.6864941383008646,1.6666666666666667,30.0
不使用 GP,1775,7,6.980027566950511,1074.9530881575054,0.891095610489464,0.49569920853035754,0.9925533984710116,0.8995000000000001,9.902869766850321,10.42952802676736,9.31468076122547,8.925434742195717,0.9818417639429313,369.3333333333333,16.666666666666668
不使用 GP,1800,0,7.722333659544809,4048.750051279188,0.5940535161339614,0.34702675806698063,0.7450445967783011,0.6,6.940535161339613,6.940535161339613,6.940535161339613,6.240872131200934,0.6666666666666666,623.6666666666666,14.333333333333334
不使用 GP,1800,1,6.981454021334531,1076.4929729649102,0.8910703468562465,0.49556466127641235,0.992566018153485,0.8948666666666667,9.903750273488784,9.903750273488784,9.903750273488784,8.97922213047712,0.7979095905406722,288.3333333333333,17.333333333333332
不使用 GP,1800,2,7.722333653217369,4048.7500444890525,0.5940535170499524,0.3470267585249762,0.7450445975416269,0.6,6.9405351704995235,6.9405351704995235,6.9405351704995235,6.709514358282733,0.6666666666666666,806.3333333333334,13.0
不使用 GP,1800,3,7.060998493655845,1173.8077444770167,0.8886435066634641,0.43572506699300256,0.9924892940299793,0.8692666666666667,9.54755169029252,9.316678240997126,9.242411067789222,8.442791282469967,0.7550543662928985,490.0,17.666666666666668
不使用 GP,1800,4,7.117382783918768,1234.7081197102877,0.8884153872515675,0.43211731996272107,0.9924635755390416,0.8456,9.217430507414532,8.9253524440675,8.814820083364848,8.455946734565218,0.6380863999867445,428.0,32.0
不使用 GP,1800,5,7.042780698727012,1149.4274239017175,0.8895881673310679,0.43700712402171465,0.9925046373157141,0.8746,9.608189759709663,9.377123556073814,9.269670180431755,8.607760587223863,0.871080259704379,475.0,19.333333333333332
不使用 GP,1800,6,7.033653110925659,1137.699033596463,0.8900220082963496,0.49611586088617327,0.9924765002820055,0.8751333333333333,9.981270582962974,9.483335822596038,9.24105415415237,8.876604153607166,0.648814668127491,20.666666666666668,25.0
不使用 GP,1800,7,7.722124719719633,4048.5260005856308,0.5940709484598197,0.34718539733976167,0.7450313951077822,0.5997666666666667,6.943665969155077,7.503393092999438,6.3496482091963955,6.15155318967597,0.6435006435006435,394.3333333333333,16.333333333333332
不使用 GP,1825,0,7.152843028398074,1319.2246716111856,0.876840479276833,0.40783839856702114,0.985448207395479,0.6,9.1751766521753,8.989616867505758,9.046158574052088,8.363075609547007,0.6738168198842356,145.0,20.0
不使用 GP,1825,1,6.978330484510271,1073.1252713488814,0.8910805058076541,0.4955415505446223,0.992566873277804,0.9,9.910802479333649,9.910802479333649,9.910802479333649,8.98012833851677,0.842239185750636,308.0,14.0
不使用 GP,1825,2,7.1549939311363415,1323.1334704910398,0.8767055272527369,0.3957068948329687,0.9854045205376991,0.6,9.1688573092156,9.1688573092156,9.06079703771195,8.827360508418963,0.675564681724846,504.3333333333333,19.333333333333332
不使用 GP,1825,3,7.055548845961032,1166.374464360743,0.8889201079448853,0.4957151496245478,0.9924928007911976,0.8719666666666667,9.459085090710627,9.459085090710627,9.273118085625253,8.43936370164271,0.8295092338013091,935.6666666666666,22.0
不使用 GP,1825,4,7.039743699956632,1142.1649020698387,0.8903800023611809,0.4957261552802632,0.9925182222000334,0.8708333333333332,9.53725159977733,9.53725159977733,8.950349079504909,8.442800593401417,0.7936647804554982,6.666666666666667,26.666666666666668
不使用 GP,1825,5,7.037085297536606,1142.0748214968414,0.8898366713451606,0.49571224862240554,0.9925058835224382,0.8750666666666667,9.631724463181857,9.631724463181857,9.263326777002643,8.635684945964785,0.8658146964856229,490.6666666666667,20.333333333333332
不使用 GP,1825,6,7.018074817055035,1118.487822143479,0.8905435312324007,0.4960869301186918,0.9925042180111857,0.8807,10.221239578555045,9.927675139282774,9.450128834637063,9.019613521262919,0.8606614661749509,16.333333333333332,23.0
不使用 GP,1825,7,7.196370449115548,1370.9881740895892,0.8755989319307034,0.395987368676291,0.9853833058592145,0.5940333333333333,8.92652562799716,8.463537185050024,8.734038195949173,8.465315394122088,0.5700652428920737,561.3333333333334,26.666666666666668
不使用 GP,1850,0,7.059919312678876,1172.3260818148601,0.8887297973101985,0.4123839830375367,0.9924750606200675,0.8651666666666666,9.523244692738915,9.379091973680291,9.226880190533565,8.456927320053346,0.8574423480083858,160.66666666666666,20.333333333333332
不使用 GP,1850,1,6.978330296989815,1073.1250701159245,0.891080275499306,0.49554013947768477,0.9925668959322088,0.9,9.910802751186505,9.910802751186505,9.910802751186505,8.980118927156013,0.9070567986230637,333.0,15.0
不使用 GP,1850,2,7.080097474104046,1200.8391627236842,0.8874374955089962,0.4102114312445173,0.9924606611120611,0.8599666666666667,9.434247648234598,9.222501578236162,9.269533161498522,9.080246884812007,0.8779956427015251,521.3333333333334,18.666666666666668
不使用 GP,1850,3,7.01421305111194,1113.7807576832884,0.890561825167262,0.4956259527250146,0.9925071562273025,0.8833333333333333,9.771379658988836,9.616909564239007,9.288497740215483,8.414370253819824,0.9160839160839161,954.0,25.666666666666668
不使用 GP,1850,4,6.998039244049806,1094.6153183165145,0.8909886371715091,0.4955955820038425,0.9925448101358952,0.8891333333333332,9.8116145078902,9.8116145078902,9.003849135737706,8.51783889186297,0.9391492326726912,15.0,27.333333333333332
不使用 GP,1850,5,7.010033730215253,1108.8172647338663,0.8906601661250882,0.49560772620221877,0.9925279072939585,0.8843333333333333,9.802142081690857,9.636181927278349,9.310596732872497,8.692515786586332,0.9140534262485481,512.3333333333334,20.333333333333332
不使用 GP,1850,6,6.997263935984784,1093.7600214166791,0.8910556175810173,0.49608334632707834,0.9925246995062035,0.8865333333333334,10.14808569583135,10.097958662641568,9.920527133107514,9.253195967592488,0.6436419307391881,6.333333333333333,27.666666666666668
不使用 GP,1850,7,7.0826546786663656,1203.7333951981975,0.8874511975701346,0.41200117214222276,0.9924693371906903,0.8522,9.427711803973303,9.178373086364308,9.177274833122167,8.942940391891254,0.8295889713815211,11.666666666666666,24.333333333333332
不使用 GP,1875,0,7.058011749691929,1169.4855838462026,0.8888462617382881,0.4227501450331525,0.9924842235547207,0.8696666666666667,9.523762372382274,9.300776808515993,9.256151277398239,8.427060633322972,0.8841496784028041,111.66666666666667,20.0
不使用 GP,1875,1,6.978330296753417,1073.1250698622405,0.891080275152873,0.49554013757643656,0.9925668959607274,0.9,9.91080275152873,9.91080275152873,9.91080275152873,8.9801189085779,0.984375,564.6666666666666,12.666666666666666
不使用 GP,1875,2,7.06169868835214,1174.7716455175912,0.8885855487166863,0.42046183596642583,0.9924788947921277,0.8670666666666667,9.500509957770278,9.325012365809329,9.32340788119724,9.130540989182537,0.8870431893687707,538.0,20.333333333333332
不使用 GP,1875,3,7.0241007092974,1125.7744247641451,0.890298215932161,0.49561162935804176,0.9925169358523817,0.8828333333333335,9.603080715515938,9.603080715515938,9.374198099142918,8.518923339446454,0.9371980676328503,969.0,21.333333333333332
不使用 GP,1875,4,6.984718283380757,1080.0235169539228,0.8910614484263939,0.49555758306368475,0.9925560654952846,0.8959333333333332,9.874463496971615,9.874463496971615,9.101139390687747,8.581426982870163,0.5892836767103541,452.3333333333333,22.0
不使用 GP,1875,5,6.987570207887411,1083.179357368863,0.891031108263476,0.49557543457514747,0.9925490616114522,0.8926333333333334,9.871685028614385,9.871685028614385,9.356183222823,8.758364543986294,0.9719029374201789,524.0,22.666666666666668
不使用 GP,1875,6,6.985133972704969,1080.4764768518298,0.8911317661803541,0.49603432497901584,0.9925363759060609,0.8960666666666667,9.874638814748977,10.498797000058653,10.105169040361178,9.379333040993924,0.696697961985285,12.666666666666666,27.333333333333332
不使用 GP,1875,7,7.075905843236893,1194.7475704703877,0.8877396072267293,0.4265266109787653,0.9924723876665035,0.8612333333333333,9.451806730657765,9.182137713392288,9.178550082058193,8.962022422913567,0.8709677419354839,31.0,17.333333333333332
不使用 GP,1900,0,7.7826886386137595,4119.752648154854,0.5927276113105698,0.3044405412592716,0.7449686221311541,0.5751000000000001,6.59076918140445,6.59076918140445,6.343701488343183,5.742854689924649,0.5636293733179546,128.0,20.0
不使用 GP,1900,1,7.722333654765578,4048.7500461504746,0.5940535168258261,0.34702675841291303,0.7450445973548551,0.6,6.94053516825826,6.94053516825826,6.94053516825826,6.386085219188357,0.6666666666666666,589.6666666666666,18.0
不使用 GP,1900,2,7.0393605298717965,1144.997023081872,0.8897164989342009,0.4956742969704903,0.9925073435100593,0.8759666666666667,9.575565088636116,9.575565088636116,9.38141305624969,9.166236167846783,0.8833883388338833,491.6666666666667,19.666666666666668
不使用 GP,1900,3,7.009713749855256,1108.4398050411298,0.8906857790252761,0.49559227589927923,0.9925234169300975,0.8850000000000001,9.776606209155812,9.658859056905575,9.421409242505865,8.552224779079106,0.9438339438339439,987.3333333333334,21.0
不使用 GP,1900,4,6.9809779368709135,1075.975637446968,0.8910692303821738,0.4955429236684911,0.99255852756716,0.8986,9.886492182218186,9.886492182218186,9.155329700166627,8.614286121639909,0.6350415268957854,465.6666666666667,11.666666666666666
不使用 GP,1900,5,6.981311355704228,1076.3384665038504,0.8910651185218534,0.4955448200424654,0.9925560536815423,0.8980666666666667,9.892590329360317,9.892590329360317,9.450624998794906,8.827404995845953,0.8815789473684211,541.3333333333334,18.666666666666668
不使用 GP,1900,6,6.97964342918893,1074.5404014243256,0.8911496638814066,0.49603076706016885,0.9925426684958154,0.8983666666666666,10.459592495635093,9.91442412590448,10.254236256166445,9.462441273461401,0.5954887206761269,479.6666666666667,23.666666666666668
不使用 GP,1900,7,7.059566493423035,1171.842718770229,0.8887283518713502,0.4163200452928543,0.9924861348250616,0.8687666666666667,9.410024291865492,9.410024291865492,9.194365886033252,8.974264026563574,0.7741963970328506,34.666666666666664,20.0
不使用 GP,1925,0,7.200082306597239,1370.0576191365683,0.8764542349022463,0.3660906729221358,0.9853975422739419,0.5762999999999999,8.98920087629208,8.714620181673077,8.460554909962502,7.883031618008201,0.5759783670969774,21.0,25.666666666666668
不使用 GP,1925,1,7.158791358979542,1330.0963371020036,0.8763480126984904,0.39842817880895415,0.9854897716517441,0.6,9.110432165713938,8.947348984660481,9.055013247905555,8.471147891866751,0.6752136752136751,314.0,24.0
不使用 GP,1925,2,7.0365702039815226,1141.4160250208943,0.8898375602429454,0.4956945151760323,0.9925071151646647,0.8787333333333334,9.571290118715597,9.571290118715597,9.425113110263023,9.207405587720466,0.9080459770114943,508.3333333333333,21.333333333333332
不使用 GP,1925,3,6.993945970735545,1090.2813642939602,0.8909712224683558,0.4955768379309841,0.9925417578462187,0.8915333333333333,9.811490862332844,9.811490862332844,9.480280492684635,8.571034575622003,0.9472068753836709,1002.3333333333334,21.0
不使用 GP,1925,4,6.982580350574666,1077.70136880442,0.8910699311845858,0.4955416401596535,0.9925613338762395,0.8984,9.85989581210101,9.85989581210101,9.18282706481447,8.644379899369094,0.6392554127294913,469.0,20.333333333333332
不使用 GP,1925,5,6.9798105718016705,1074.7171225126656,0.8910694920362549,0.4955382067084375,0.9925580365989988,0.8992666666666667,9.905506573304235,9.905506573304235,9.476846591416797,8.830051228203642,0.8228095937347039,557.3333333333334,15.333333333333334
不使用 GP,1925,6,6.979917125198308,1074.8344585280627,0.8911519216353291,0.4960252348353284,0.9925459273641414,0.8994333333333332,10.827680665271501,10.855407373220729,10.351369590998013,9.484199987502835,0.7645534343353658,690.6666666666666,21.0
不使用 GP,1925,7,7.06604879625127,1180.8056629177559,0.8883276043035128,0.43184712141595577,0.9924852257398161,0.8683666666666667,9.358598338968335,9.358598338968335,9.193136871073289,8.965481865175946,0.8467903477199316,51.333333333333336,20.333333333333332
不使用 GP,1950,0,7.089713402833092,1208.8164307479412,0.8878479252295932,0.41099250945435845,0.9924442498066398,0.8541666666666666,9.385064747051226,9.08662076066751,8.769360929830265,8.185079407222217,0.8278456887486856,30.666666666666668,26.0
不使用 GP,1950,1,7.08567562007826,1209.0307839025882,0.8869979383941698,0.4162280755843428,0.9924795180738023,0.8610666666666668,9.381783527903321,9.173912215306927,9.187902049871747,8.594387848886463,0.872707659115426,329.6666666666667,18.666666666666668
不使用 GP,1950,2,7.013054248028109,1112.3982856488885,0.8906241817503299,0.49568968700480703,0.99252150821441,0.8825,9.788821845769444,9.62687829445129,9.402410915833242,9.200519915703525,0.9552238805970149,527.0,20.333333333333332
不使用 GP,1950,3,6.980066151092202,1074.9927174068955,0.8910654694214926,0.49554902432251774,0.9925532993242684,0.8978,9.906230101512454,9.906230101512454,9.596280468362366,8.626735273679612,0.848531684698609,1021.6666666666666,19.333333333333332
不使用 GP,1950,4,6.97965208875933,1074.5456441300328,0.8910775857448202,0.4955463320766704,0.9925641954449321,0.8984,9.907342636389949,9.907342636389949,9.209372089264683,8.708742281004389,0.643766340132259,487.6666666666667,15.666666666666666
不使用 GP,1950,5,6.978849495006231,1073.682668663292,0.8910744846641213,0.49554369192217423,0.9925613182267973,0.8988,9.90984184394274,9.90984184394274,9.435916830737103,8.867579036492716,0.8293650793650794,577.3333333333334,14.0
不使用 GP,1950,6,6.979902760658317,1074.8191673215565,0.8911561905114933,0.49603131637610987,0.9925483564033565,0.8985666666666666,10.730796794927857,10.272241357556299,10.447231002226884,9.516957432615289,0.7765719547487503,491.3333333333333,19.0
不使用 GP,1950,7,7.032037410677153,1135.662333316933,0.8899945159624297,0.46189692274712324,0.9925040331434917,0.8752,9.7212489521529,9.410501135989891,9.199880248711347,8.937089966955659,0.8675213675213675,71.66666666666667,22.0
不使用 GP,1975,0,7.064041837933014,1175.8733088625927,0.8888800691249493,0.4233949807003538,0.9924720783785194,0.8645999999999999,9.519153991981147,9.338473490301169,8.915398327531316,8.239254334701807,0.8709304930803302,41.666666666666664,28.666666666666668
不使用 GP,1975,1,7.079060879868977,1199.331948560909,0.8874700771285058,0.4509324319359955,0.9924766024699002,0.8644,9.420900687834633,9.23084414455629,9.18938356783771,8.574700986897051,0.8963963963963963,354.6666666666667,21.666666666666668
不使用 GP,1975,2,6.9877218274520105,1083.3466755886259,0.8910251450145305,0.49558357903869604,0.9925416665607275,0.8908999999999999,9.875415159061033,9.875415159061033,9.456140090269214,9.276230990901022,0.9670468948035488,541.6666666666666,23.333333333333332
不使用 GP,1975,3,6.981372983104223,1076.4052007223138,0.8910643775784486,0.49553726731287556,0.9925562013101225,0.8990666666666667,9.87886366797685,9.87886366797685,9.661049587054066,8.630704257167414,0.8323353293413174,1035.6666666666667,19.666666666666668
不使用 GP,1975,4,6.978351600404518,1073.1479317507683,0.8910773241466904,0.49553927102749507,0.9925643258175016,0.9,9.910771909810022,9.910771909810022,9.211115924112038,8.709473055891877,0.6421595472800292,512.6666666666666,14.666666666666666
不使用 GP,1975,5,6.978375314680187,1073.1733829900625,0.8910737949002838,0.4955370725674599,0.9925614642469589,0.9,9.910737570963507,9.910737570963507,9.435507584200957,8.867853259168102,0.8220918866080157,602.3333333333334,15.0
不使用 GP,1975,6,6.97750915787348,1072.244257882601,0.8911583122055755,0.49602657567615677,0.9925491696863523,0.8999,10.811383788271206,10.412100803530803,10.507528102774224,9.5109070440025,0.6707032262991047,514.6666666666666,20.333333333333332
不使用 GP,1975,7,7.022694880826534,1124.0473912966138,0.8903167587523401,0.4956278670413339,0.9925129974766526,0.8780333333333333,9.61996345252161,9.61996345252161,9.161544954370303,8.947694561176032,0.8815789473684211,84.66666666666667,21.0
不使用 GP,2000,0,7.034976271885991,1139.0161588913456,0.8899907923176772,0.4634782438215808,0.9924961954108685,0.8768666666666666,9.602651522006367,9.602651522006367,8.933028107704077,8.258610757483128,0.7560028623858411,47.333333333333336,24.666666666666668
不使用 GP,2000,1,7.816475801260331,4165.486095678022,0.5909113944737884,0.2778988740729195,0.7449610811921795,0.5665333333333333,6.42165137803293,6.42165137803293,6.205042969631975,5.869938729237918,0.5500550055005501,359.6666666666667,21.333333333333332
不使用 GP,2000,2,7.7306407432449165,4057.776600461241,0.5940041530245194,0.34702835441721464,0.7450247373303895,0.5976666666666667,6.884277261000986,6.877842940214599,6.540300215026896,6.539905801706376,0.5473453749315819,558.6666666666666,20.333333333333332
不使用 GP,2000,3,7.722461237324659,4048.886984397785,0.5940420747049496,0.3470232397209472,0.7450346767369797,0.5995333333333334,6.94034439002932,6.94034439002932,6.722530287527699,6.0757801394023785,0.4775549188156638,1059.0,17.666666666666668
不使用 GP,2000,4,6.988888864985601,1084.562569637047,0.8910366075825421,0.49557395454530145,0.9925662580788238,0.8927333333333333,9.881828791904114,9.881828791904114,9.881828791904114,8.557494258327795,0.8031271054526868,495.3333333333333,24.333333333333332
不使用 GP,2000,5,8.482170962506304,7041.776868704142,0.2968837523910497,0.19853344760417158,0.49752141090200785,0.2952,3.919747346977267,3.8570048129714958,3.919747346977267,3.5677892896389474,0.17248356095093575,823.0,18.666666666666668
不使用 GP,2000,6,6.977493284131117,1072.2272343056936,0.8911580421640654,0.49602505471485614,0.9925491947649538,0.9001,10.877545784618556,9.920500903866763,10.573630356696311,9.510871295324842,0.8139146315400905,539.6666666666666,21.333333333333332
不使用 GP,2000,7,7.003315768132238,1100.7748996329,0.8908673117847226,0.46087505664904027,0.9925342524198757,0.8877666666666667,9.793871097816208,9.700087360522454,9.151645647647976,9.024497772035998,0.9145159068677233,51.0,25.0
不使用 GP,2025,0,7.01184737323657,1110.933961528523,0.8906504022049558,0.4883334202744525,0.9925165367701339,0.8842666666666666,9.740423367161208,9.664811773311149,8.987435940895566,8.293694575635492,0.8392808241037583,55.0,20.333333333333332
不使用 GP,2025,1,7.2258628876630935,1405.2269997720625,0.8751199651409124,0.3797541089096133,0.9854083453402298,0.5717666666666666,8.91626517681986,8.468342972618752,8.320415197657269,7.930342708339175,0.5521448248720976,283.6666666666667,26.0
不使用 GP,2025,2,7.1423287796019865,1299.549661960114,0.8779071526471552,0.41865625483884855,0.985415036215565,0.5981333333333333,9.304949594223055,9.061274625410867,8.67771348335272,8.751168317660317,0.5576546532820973,43.333333333333336,22.0
不使用 GP,2025,3,7.150010309968784,1314.0559843962321,0.877219963941303,0.42530836707846226,0.9854978045125451,0.6,9.234723967168511,9.044297976786064,8.842892113921463,8.213186016910505,0.5700652428920737,533.6666666666666,22.333333333333332
不使用 GP,2025,4,6.978330981021685,1073.1258041681551,0.8910812002492973,0.4955456826550428,0.9925668132354145,0.9,9.910801758824974,9.910801758824974,9.910801758824974,8.557726631666958,0.881193200421213,520.3333333333334,15.333333333333334
不使用 GP,2025,5,7.323937275365844,1559.3958074632458,0.8630138630671919,0.30055401801047926,0.9783539747374984,0.2998,8.508988370756732,8.106648873200294,8.322589917645617,7.929875393181615,0.2900040626058215,11.0,27.0
不使用 GP,2025,6,6.980025818997323,1074.9534957723176,0.8911626856002401,0.4960400819435142,0.9925577202485045,0.8963000000000001,10.937970398771284,11.250997066697435,10.880247629643222,9.75135094278612,0.8185346918971373,543.6666666666666,24.0
不使用 GP,2025,7,6.989978625354998,1085.8434536263292,0.8910108909687762,0.49556387375834104,0.9925431939032512,0.8931999999999999,9.865560367549163,9.865560367549163,9.165211569993247,9.059562319606535,0.9307048984468339,63.333333333333336,22.0
不使用 GP,2050,0,6.993983423815024,1090.3183840983704,0.8909547201501701,0.47601712832553483,0.9925297580692779,0.8925,9.841123358303312,9.829521088089821,9.02453999462866,8.325620714667787,0.893293611835201,77.0,20.0
不使用 GP,2050,1,7.1247848582875415,1251.5758029596157,0.8868109155866559,0.408438853522427,0.9924239817060218,0.8411,9.239822465158554,8.863793932287573,8.499053560424924,8.16565224699061,0.7554920851450819,294.3333333333333,25.333333333333332
不使用 GP,2050,2,7.0751178089547375,1192.9045723889546,0.8879021548244427,0.40644508706001287,0.9924547548991726,0.8603999999999999,9.454778344027268,9.273666346542706,8.97189857362289,9.032173085726997,0.7582762557077626,55.0,24.333333333333332
不使用 GP,2050,3,7.069426716973599,1185.0005366360926,0.8882481511344098,0.4401974029676039,0.9925011309842829,0.8616999999999999,9.47530240564902,9.21771916994667,9.205213938895492,8.396287409240292,0.7375550055005501,528.3333333333334,22.333333333333332
不使用 GP,2050,4,6.9783302949236266,1073.1250678986453,0.8910802782343726,0.4955401529190812,0.9925668961814669,0.9,9.910802754177602,9.910802754177602,9.910802754177602,8.557680972162208,0.9275103980986333,1735.6666666666667,15.333333333333334
不使用 GP,2050,5,7.171833991665033,1314.0567270174981,0.8845469738538809,0.4945896678961386,0.9923781278835339,0.8208333333333333,9.019145221739217,8.547622868800756,8.629766335251185,8.24671241103511,0.5613535811416498,20.333333333333332,24.666666666666668
不使用 GP,2050,6,6.977419472428152,1072.1480865925816,0.8911689349496795,0.496031498898162,0.9925581012925253,0.9001,11.009927400459775,9.920607268736712,10.950466523633702,9.755432211290962,0.8391502276176025,568.6666666666666,22.666666666666668
不使用 GP,2050,7,6.9848194277943945,1080.1569430605489,0.8910453448981794,0.49554734516171867,0.9925483711113698,0.8967333333333333,9.888215096989768,9.888215096989768,9.191652227604072,9.096976578981943,0.8409374526916169,81.66666666666667,20.333333333333332
不使用 GP,2075,0,6.995183384760956,1091.4529558543747,0.891007825932847,0.4956078960076302,0.9925479751392583,0.8912333333333332,9.839194928669006,9.839194928669006,9.399962914142518,8.328534387227378,0.6897550933117748,71.0,24.666666666666668
不使用 GP,2075,1,7.083057834892938,1200.0284427379277,0.8881307184378221,0.4248019683274042,0.9924699920889695,0.8559333333333333,9.401871723576384,9.101935298264479,8.558335359448597,8.158257784041629,0.8164319804362403,295.6666666666667,28.0
不使用 GP,2075,2,7.060579020771471,1172.8376657194838,0.8887457052779907,0.4256237369161679,0.9924657028244238,0.8647666666666667,9.53680433604573,9.313810764406186,9.021193091379107,9.064047185579186,0.790815505109337,61.666666666666664,20.0
不使用 GP,2075,3,7.056401435864314,1167.52936285476,0.8889007485616084,0.42359020218061744,0.9925063148314534,0.8709333333333333,9.5411361787989,9.33605999968985,9.245317633927398,8.417840155352758,0.7870342149525325,553.3333333333334,22.0
不使用 GP,2075,4,6.978330293049281,1073.1250658872386,0.8910802756891019,0.4955401378445509,0.9925668964075848,0.9,9.910802756891018,9.910802756891018,9.910802756891018,8.557680856812906,0.940977985299214,1760.6666666666667,13.0
不使用 GP,2075,5,7.161231217346807,1299.0872703568114,0.8851831105394631,0.49517447121705255,0.9923920255926945,0.8298333333333333,9.062882141255068,8.479105616549903,8.687887129761593,8.379617157865077,0.5696292012081486,252.0,25.0
不使用 GP,2075,6,6.9806432967824525,1075.621354301966,0.8911655271987744,0.49603416213195256,0.9925592627155151,0.8993000000000001,11.443103690731215,10.819203158665864,11.064508236778721,9.803336298950345,0.8383838383838383,574.6666666666666,22.666666666666668
不使用 GP,2075,7,6.979841841110571,1074.7508293390028,0.8910651914497425,0.4955414730558088,0.9925536927094729,0.8988,9.905753835016398,9.905753835016398,9.204309243249684,9.127493892104042,0.899702480390753,98.66666666666667,20.0
不使用 GP,2100,0,6.983953190462578,1079.2101671420319,0.8910606858754649,0.495554484080621,0.9925566900006069,0.8968333333333334,9.887599483280143,9.854460422342141,9.406836533347395,8.311167103517876,0.7557123781380074,88.66666666666667,21.0
不使用 GP,2100,1,7.7957227538141325,4134.972955757835,0.5924718323172337,0.27902420126881017,0.7449675895475564,0.5696,6.6081936489208575,6.393887066137047,5.615979908089884,5.566027064891091,0.4318724753507362,312.6666666666667,25.333333333333332
不使用 GP,2100,2,7.029790679699411,1132.827564901775,0.8901052439566683,0.4957133886015402,0.9924948145224257,0.8765333333333333,9.716371927073668,9.489477990806694,9.161635419622526,9.147604454433248,0.7578076705876485,78.0,18.666666666666668
不使用 GP,2100,3,7.787784264357399,4126.356659778391,0.5925006659351982,0.347137726026165,0.7449933494646657,0.5746666666666667,6.65998794297105,6.478835310800296,6.3022169071458025,5.8088902466292724,0.5248420533489792,1018.3333333333334,20.666666666666668
不使用 GP,2100,4,7.722333651895812,4048.750043070857,0.5940535172412674,0.34702675862063365,0.7450445977010561,0.6,6.940535172412673,6.940535172412673,6.940535172412673,5.963647166368484,0.6666666666666666,1785.6666666666667,15.0
不使用 GP,2100,5,7.133823428351764,1261.089201297011,0.8867477749425939,0.42451315952698915,0.9924159196116481,0.8421666666666666,9.16842509174163,8.730333668305962,8.719806989328971,8.387727128867366,0.7816061094206789,251.33333333333334,26.333333333333332
不使用 GP,2100,6,7.721718817537681,4048.0905530652058,0.5941140184835467,0.3473563480258459,0.745039653421494,0.6000666666666666,7.923337599115055,7.5117088525799005,7.5117088525799005,6.9272616120135195,0.4873294346978558,599.6666666666666,18.333333333333332
不使用 GP,2100,7,6.97878911664048,1073.617780007875,0.8910665661917525,0.49553626200745565,0.992555056359446,0.8995333333333333,9.909854047142138,9.909854047142138,9.236695815964625,9.17720611180667,0.9494762784966112,118.0,14.333333333333334
不使用 GP,2125,0,6.982518163618271,1077.64752450672,0.8910642094834295,0.4955447561116342,0.9925579843314392,0.8980666666666667,9.89598179654156,9.89598179654156,9.469705350598154,8.343894945367792,0.7208785375402277,693.0,19.333333333333332
不使用 GP,2125,1,7.227102600636421,1410.7098682389205,0.8748458977412836,0.398962196447032,0.9853345420630584,0.5734,8.766672521891133,8.766672521891133,7.810781567473325,7.738118335343614,0.4147818013818419,0.0,31.333333333333332
不使用 GP,2125,2,7.0036107614966845,1101.3060119596523,0.8908188692154447,0.4539135659259115,0.9925303664367706,0.8852333333333333,9.767849154746772,9.767849154746772,9.240976926995616,9.214666908210125,0.7658638216857948,92.0,20.333333333333332
不使用 GP,2125,3,7.210467833312585,1390.3255423842165,0.8753555847996916,0.41069359444026193,0.9853781687078538,0.5762333333333333,8.89651825878712,8.89651825878712,8.44004561515658,7.9615697145659965,0.5721208604305343,477.3333333333333,26.666666666666668
不使用 GP,2125,4,7.15023045170985,1314.5106910056559,0.8771657575715234,0.4334186294130203,0.9854251729015083,0.6,9.301566049304645,9.00415109204168,9.110527636389167,8.092801125302381,0.6759164097293594,1275.3333333333333,18.666666666666668
不使用 GP,2125,5,7.1220468199145275,1245.8215995346088,0.8872676883504389,0.49567131129860625,0.992428737341835,0.8456999999999999,9.083972924828757,9.083972924828757,8.752269264336102,8.415425827620007,0.7871939736346515,257.3333333333333,27.0
不使用 GP,2125,6,7.14933933055408,1313.3550389163306,0.8771727204948466,0.39488663822400055,0.9853819775160533,0.6000666666666666,9.85322299567824,8.946359261881206,9.675172968473793,9.049094802514736,0.6748633879781419,310.0,25.333333333333332
不使用 GP,2125,7,6.979955840958751,1074.8737424605215,0.8910671107481063,0.4955372045077211,0.9925562745404793,0.8992666666666667,9.904785578473064,9.904785578473064,9.261050445864557,9.208204384724436,0.9404978749241044,130.0,18.333333333333332
不使用 GP,2150,0,6.984426299527976,1079.7270276987142,0.8910605709373159,0.495546492481954,0.9925609456851424,0.8980666666666667,9.878254129773731,9.878254129773731,9.478326105045163,8.349715705920929,0.6694663689157708,709.6666666666666,22.0
不使用 GP,2150,1,7.150300137958695,1285.418458644771,0.8855827400660338,0.454280182346855,0.9924164225215621,0.8377333333333333,8.99075450376728,8.972054330052826,8.002191578262105,7.861118683077339,0.6876358886561998,1.3333333333333333,31.666666666666668
不使用 GP,2150,2,6.9901955919882885,1086.0553447644918,0.891024346087954,0.49557624202282047,0.9925546965392567,0.8927333333333333,9.845322232588327,9.845322232588327,9.593726690942198,9.234382205065906,0.7220855141525403,86.66666666666667,20.333333333333332
不使用 GP,2150,3,7.087547048978819,1207.0866246214414,0.8877538707604801,0.4296981966950721,0.992460822346323,0.8523999999999999,9.414607786600275,9.236410714290605,8.653180048324394,8.038293496583416,0.845042537505074,487.0,26.0
不使用 GP,2150,4,7.071573209912581,1188.5829364130911,0.88799573182555,0.4298252904776092,0.9924684648017049,0.8629666666666668,9.491038798126693,9.294875436023139,9.290086813230568,8.265853921895161,0.8675213675213675,1293.6666666666667,19.333333333333332
不使用 GP,2150,5,7.062060230057756,1168.9909304351718,0.8897507035210452,0.49568948172717314,0.9924758829549839,0.8627333333333334,9.530686339513109,9.29165064483008,8.808976656016066,8.434579082377686,0.8730998132537481,267.6666666666667,26.0
不使用 GP,2150,6,7.071637349300192,1188.8883268892366,0.8880452719159496,0.4074028092399314,0.992456990874754,0.8617666666666667,10.119078402441579,9.27101317782156,9.936805093364,9.239763471687366,0.8463618118790532,330.0,25.0
不使用 GP,2150,7,6.978416807743443,1073.2179190230672,0.8910679703851848,0.4955349990819065,0.9925564561957686,0.9,9.910677474349223,9.910677474349223,9.257262763099519,9.204454357175864,0.9768339768339769,155.0,16.333333333333332
不使用 GP,2175,0,6.979889107664742,1074.8017864276285,0.8910748352590224,0.49554376197815914,0.992562213393443,0.8987333333333334,9.904862979404765,9.904862979404765,9.493665929518215,8.344085807934258,0.8293650793650794,728.3333333333334,20.0
不使用 GP,2175,1,7.096943004948597,1215.540189671189,0.8879848699419254,0.42269461487686416,0.9924552738430625,0.8519333333333333,9.285346160137632,9.022993524506914,8.047182400239983,7.957768793668948,0.6696603026454372,10.666666666666666,27.333333333333332
不使用 GP,2175,2,6.97879189960205,1073.6207705353324,0.8910755670560385,0.49554656182754137,0.992561672376612,0.8986666666666667,9.909844453076225,9.909844453076225,9.639431320078474,9.270234420519772,0.818522071799974,103.33333333333333,15.333333333333334
不使用 GP,2175,3,7.065899744445955,1178.7898393846651,0.8887129106685038,0.4269550831405788,0.9924860588600891,0.8667666666666666,9.471321372865567,9.245338628176677,8.829698115442374,8.150828024396247,0.8008327470271391,499.3333333333333,26.333333333333332
不使用 GP,2175,4,7.053665477074779,1163.147493769399,0.8892056953933801,0.4149745300937697,0.9924868258759293,0.8672333333333334,9.54502481756892,9.276077827872369,9.262495366108285,8.318147440176125,0.68772551947244,661.0,19.666666666666668
不使用 GP,2175,5,7.024463608564209,1124.4091488331096,0.8906623912477701,0.49564231943449766,0.992522586696947,0.8779333333333333,9.68288115091382,9.68288115091382,8.90748651869637,8.572996488185721,0.9202424208150127,274.0,26.333333333333332
不使用 GP,2175,6,7.047961919109895,1156.380647112832,0.8893730989299214,0.4406887541938959,0.9924898999681496,0.8696,10.264298401541529,9.392212555727562,10.132007988758374,9.414713749134163,0.8590956887486856,346.6666666666667,22.666666666666668
不使用 GP,2175,7,6.9784166698404135,1073.217770997486,0.891067768254767,0.49553388741897325,0.9925564729414988,0.9,9.910677675297988,9.910677675297988,9.2572463827194,9.204437458589306,0.9818417639429313,180.0,15.666666666666666
不使用 GP,2200,0,7.722371702175374,4048.7908781103106,0.5940482326772152,0.3470251380936788,0.745040006695442,0.6,6.9404800803453055,6.9404800803453055,6.5246589421291645,5.897614139194374,0.6242197253433209,753.3333333333334,17.333333333333332
不使用 GP,2200,1,7.0620815357272235,1173.6331302656336,0.8888456878612491,0.42442255639930293,0.9924806973613602,0.8682333333333333,9.389647208450643,9.389647208450643,8.141892747261513,8.043750018027014,0.6784257382831016,7.0,25.333333333333332
不使用 GP,2200,2,7.722569199177188,4049.0029040929444,0.5940482195528171,0.3470251899472691,0.7450400326923844,0.5998,6.940054000406103,6.940054000406103,6.663420420909102,6.359795540165455,0.4694506379288988,558.0,14.333333333333334
不使用 GP,2200,3,7.066440228896645,1179.6539858533424,0.8886215733881757,0.4468885823672452,0.9924961273801367,0.8703666666666666,9.404206165235555,9.412412667529946,8.920758959195764,8.199983147333112,0.7269331184258023,502.6666666666667,25.333333333333332
不使用 GP,2200,4,7.040619505453989,1146.607792657526,0.8896964473524035,0.4290482512822656,0.992499565775161,0.8735333333333334,9.578765478023515,9.578765478023515,9.306559067308116,8.33092292433743,0.8888888888888888,673.3333333333334,23.0
不使用 GP,2200,5,6.985171299668639,1080.5142434517031,0.891058666092826,0.49558554451269443,0.992552100798819,0.8917,9.89143560294656,9.89143560294656,9.009461789750405,8.714832850100988,0.6698888742546801,6.666666666666667,23.0
不使用 GP,2200,6,7.766337327836964,4099.277071276266,0.5933654195891419,0.3473705765747721,0.7449971596442779,0.5782666666666666,6.684364754870567,6.684364754870567,6.588270895138883,6.569948995950196,0.563063063063063,359.3333333333333,25.666666666666668
不使用 GP,2200,7,7.723616236672801,4050.1290683161155,0.5940507425894722,0.34705960911280204,0.7450440291123712,0.5932666666666667,6.938341874213532,6.938341874213532,6.938341874213532,6.734686824665748,0.5376344086021505,184.0,17.0
不使用 GP,2225,0,7.170548818312923,1334.8732470062412,0.8771244641470878,0.4665626175807569,0.9854394406190271,0.5958,9.190446772282066,8.683597182189745,8.958255109567038,8.250279246360227,0.579253584578275,863.3333333333334,26.333333333333332
不使用 GP,2225,1,7.051487745689298,1160.240446888648,0.8892859743024987,0.4212701345432072,0.9924877324900159,0.8716666666666666,9.530689393696573,9.530689393696573,8.194746298881691,8.121928923788245,0.5426004666930538,15.333333333333334,25.666666666666668
不使用 GP,2225,2,7.160124533226539,1331.522135180015,0.8762975643272161,0.39878095535657226,0.9853839479782255,0.5997333333333333,9.10080122203856,9.10080122203856,8.820440365107606,8.518523246003612,0.5983934101232004,460.3333333333333,20.666666666666668
不使用 GP,2225,3,7.03580741813142,1140.301600680444,0.8899294181366765,0.49570151282357644,0.9925106066097179,0.8787333333333334,9.580851019779136,9.580851019779136,9.000981265001032,8.232897671187239,0.7700382897829766,510.6666666666667,22.666666666666668
不使用 GP,2225,4,7.035039833366717,1139.46469665979,0.8899064120913099,0.49569085787789396,0.9925144442562789,0.8788333333333332,9.57814079955238,9.57814079955238,9.308409734183305,8.315984570543167,0.7168904848574287,690.0,21.0
不使用 GP,2225,5,6.978924831588125,1073.7633895696501,0.8910737946779625,0.4955451835560704,0.99256023193908,0.8989333333333334,9.909630339251494,9.909630339251494,9.097845032797649,8.800825670439076,0.49197543996038656,11.666666666666666,14.333333333333334
不使用 GP,2225,6,7.168028600481864,1333.442548316613,0.8770685768885013,0.40613699893785676,0.9853882641835843,0.5889000000000001,9.100475608751742,8.937864434717303,8.769273549962428,8.763577018411267,0.6354644310982795,280.3333333333333,28.0
不使用 GP,2225,7,7.154239753833434,1321.7600006295424,0.8767890071328234,0.40042540451043,0.9854068793864617,0.6,9.21961002932102,8.919933889626444,9.00067195565939,8.809869312775556,0.5108553276194602,86.66666666666667,21.0
不使用 GP,2250,0,7.0711547099572165,1187.9883705139698,0.8880624966726182,0.42055067140796004,0.9924792088782408,0.8628333333333332,9.468529065833993,9.204348318314238,9.228609114898548,8.471489682559886,0.8103616813294233,654.6666666666666,21.333333333333332
不使用 GP,2250,1,7.022106228744559,1122.570505404424,0.8904948586665679,0.457894430126059,0.9925181557200186,0.8769333333333332,9.713131377484652,9.614010950518988,8.660262254006291,8.416679317773232,0.5915926632448415,1.6666666666666667,27.333333333333332
不使用 GP,2250,2,7.07683577034171,1196.0865232345484,0.8876716484835502,0.4951565248948943,0.992457099343074,0.8609,9.41451684133836,9.18186817926314,8.973063760539679,8.671839965230049,0.8661069990494195,477.3333333333333,20.333333333333332
不使用 GP,2250,3,7.0188306586520115,1118.9256459735855,0.8905573183611777,0.49560834019131955,0.9925300433718838,0.8836666666666666,9.718314189346017,9.583026330679612,9.002662274526402,8.208303529231676,0.927018707531616,520.0,26.333333333333332
不使用 GP,2250,4,7.00484361353801,1102.7393215469701,0.8908167721601363,0.4956011800876506,0.9925416635259913,0.8873666666666667,9.804445017797923,9.719008162842348,9.410676198810853,8.327191260093654,0.9600080285011791,708.3333333333334,19.333333333333332
不使用 GP,2250,5,6.978600181237006,1073.4147509000436,0.8910750794873662,0.4955404438936353,0.9925620972951368,0.8994,9.910298120651612,9.910298120651612,9.514463141465919,8.782145786983987,0.6409093021837348,32.333333333333336,14.333333333333334
不使用 GP,2250,6,7.068645100364983,1183.458415669207,0.8884573102912787,0.4959808056410677,0.9924487791272335,0.8622000000000001,9.492468666117086,9.885955692439074,9.004448467397767,8.987990506385735,0.7718832891246684,288.6666666666667,25.0
不使用 GP,2250,7,7.082932170593504,1204.984843298699,0.887279981955427,0.41428975345689456,0.9924534646188691,0.8573666666666666,9.438865477637375,9.179206127726072,9.128935602891827,8.91723546327488,0.7314312032943967,561.6666666666666,19.333333333333332
不使用 GP,2275,0,7.051335170675396,1160.7097720700342,0.8892070897087949,0.41878568871259514,0.9924959044998444,0.8699333333333333,9.57871650672958,9.407835329185097,9.340803581956003,8.511670061401583,0.8815789473684211,670.6666666666666,20.666666666666668
不使用 GP,2275,1,6.98708475199041,1082.6101075464105,0.8910412614706469,0.4955779061507284,0.9925492142333425,0.8920666666666667,9.866913111143525,9.866913111143525,8.798379159900525,8.555824940433437,0.8215547511099887,10.333333333333334,24.333333333333332
不使用 GP,2275,2,7.0569129474971355,1168.2132431471753,0.8888910098760775,0.49563076654999133,0.9924727211320018,0.8683,9.537062468674959,9.4568563065669,9.063704335895014,8.777404993443279,0.860919839861988,497.3333333333333,18.333333333333332
不使用 GP,2275,3,7.005916802737379,1103.8664805118835,0.8908074479132324,0.495584074226805,0.9925390341529057,0.8885333333333333,9.75894289464438,9.75894289464438,9.020265866937041,8.251043393065473,0.8852993941336468,527.3333333333334,21.333333333333332
不使用 GP,2275,4,6.9850609414330735,1080.4213081378496,0.8910576733718255,0.4955623305092732,0.9925583013110465,0.8962,9.883846980184579,9.883846980184579,9.46421742137837,8.385783994390126,0.9140534262485481,723.3333333333334,19.0
不使用 GP,2275,5,6.980089561004689,1075.0179711720937,0.8910768326875669,0.495542450160519,0.9925646185003786,0.8992,9.904711825188135,9.904711825188135,9.506140365587779,8.79091950870022,0.7974720049785793,37.0,19.666666666666668
不使用 GP,2275,6,7.080603700809617,1198.6841979412663,0.887968666307105,0.49574900538962585,0.9924564914183143,0.8654000000000001,9.48256274689775,9.48256274689775,9.192034896047124,9.102039747561063,0.7739001633743698,295.0,27.666666666666668
不使用 GP,2275,7,7.075069090171443,1193.5714483033064,0.8878213321552981,0.42283714912372533,0.9924716501359147,0.8612666666666667,9.521827451763665,9.131514623383879,9.219284015867991,8.996154896612703,0.8631496029464989,579.6666666666666,20.0
不使用 GP,2300,0,7.040191980974335,1146.0698852468252,0.8897013661754923,0.46785759100671925,0.992503680993913,0.8749333333333333,9.516966437151094,9.516966437151094,9.321295811786163,8.536396686843183,0.8128052430916596,913.0,20.666666666666668
不使用 GP,2300,1,6.989193688356715,1084.8733494327155,0.8910489623775647,0.49555265595290715,0.9925575085850905,0.8961333333333333,9.832916823716133,9.832916823716133,8.962663436480732,8.725682685307873,0.8595530969951871,6.333333333333333,22.333333333333332
不使用 GP,2300,2,7.048104227105412,1156.0218391847263,0.889386527936738,0.49569980017774995,0.9924967404640999,0.8714333333333334,9.480006536626396,9.480006536626396,9.351789364639691,9.031329100137567,0.8200554422052794,486.6666666666667,19.333333333333332
不使用 GP,2300,3,7.7272542924203185,4054.051018144339,0.594032126544356,0.34704574455883974,0.7450274242526066,0.5952000000000001,6.924042415054174,6.924042415054174,6.166504491163281,5.733025585989154,0.38739584165269014,540.6666666666666,23.333333333333332
不使用 GP,2300,4,7.724506767597521,4051.089686185657,0.5940466523845569,0.34703086470058647,0.7450393297677244,0.5991333333333334,6.931136938878812,6.931136938878812,6.557061795290338,6.0159058931982985,0.49900199600798406,741.3333333333334,17.0
不使用 GP,2300,5,6.978347662948053,1073.143706446612,0.8910779899353797,0.4955400395130896,0.9925648007396864,0.9,9.910777608876238,9.910777608876238,9.501563923605055,8.78869501807705,0.8035155590873911,62.0,13.666666666666666
不使用 GP,2300,6,7.055065038949903,1165.3571206409636,0.8891148742847603,0.4961540008710301,0.9924572247209169,0.8689333333333334,9.610595723488593,9.473381398839644,9.402174273073738,9.154601354143425,0.7306658805271201,306.0,26.0
不使用 GP,2300,7,7.789806329198247,4129.005391242367,0.5924359970877859,0.29456399657434046,0.7449793846763493,0.5728,6.621406071620151,6.621406071620151,6.331815242783025,6.184260353550794,0.5446623093681917,594.3333333333334,20.0
不使用 GP,2325,0,7.0168897790884115,1116.9925724923066,0.8905058443551006,0.48369181884504237,0.9925189395609001,0.8804666666666666,9.760177018382231,9.632974338508154,9.443509810680085,8.53819106793499,0.9222614840989399,930.0,20.0
不使用 GP,2325,1,6.980979653737079,1075.9777232886001,0.8910721784841426,0.49555127968121443,0.9925609049811586,0.8976000000000001,9.903805007282442,9.903805007282442,9.501168312557427,8.870682729496545,0.6541727459193806,17.0,21.333333333333332
不使用 GP,2325,2,7.022020461815823,1123.2214491425,0.8903629493259245,0.4956201525383794,0.9925108509082731,0.8792,9.715517045830582,9.488961432613133,9.392330717546729,9.07313802652188,0.9264531435349941,504.3333333333333,20.0
不使用 GP,2325,3,7.160552793593847,1330.6085222883648,0.8765217069433145,0.3957085065148413,0.985403642953385,0.5991333333333334,9.181644224181346,9.181644224181346,8.366006760378589,7.923090318892068,0.48997480638637425,11.666666666666666,24.0
不使用 GP,2325,4,7.145443492524368,1304.776636862218,0.8777533058677741,0.39601461929191134,0.9854691554151622,0.5994666666666667,9.302790174201746,9.060498642358118,8.733824157619635,8.182380876322052,0.49625684911653645,48.333333333333336,22.333333333333332
不使用 GP,2325,5,7.005745366226631,1103.78854765151,0.8906659071773001,0.4955495412223388,0.9925658967167753,0.8958666666666666,9.743483691042442,9.57065831025624,9.743483691042442,8.909695610908052,0.8406900050735667,492.0,18.0
不使用 GP,2325,6,7.044157449179124,1151.3688314861502,0.8895257035438999,0.49605195840032024,0.9924653369104224,0.8732666666666667,9.633155796016498,9.309693414822759,9.41769580576158,9.132717644181797,0.7073607220666044,328.3333333333333,25.0
不使用 GP,2325,7,7.2215080014025546,1400.2541690943644,0.8752955981004403,0.4186337674728227,0.9853423130661163,0.5712,9.068278956114716,8.549974398078326,8.402815195019224,8.17723400910428,0.5603642838510655,511.3333333333333,29.333333333333332
不使用 GP,2350,0,7.008412190053423,1106.908167906283,0.8907522118498252,0.47811431489796385,0.9925415569896626,0.8877666666666667,9.77704872169803,9.703810078073865,9.5200555276783,8.611994405724646,0.9694656488549618,947.0,19.666666666666668
不使用 GP,2350,1,6.978377795259431,1073.1760453073746,0.8910736624091458,0.49553805936828627,0.992561164867039,0.9,9.910733978404467,9.910733978404467,9.50810679640272,8.874453551875616,0.700276306468998,47.666666666666664,17.666666666666668
不使用 GP,2350,2,6.9968598679342024,1093.572680429548,0.8909303615028188,0.49558840073658433,0.9925324138755673,0.8902000000000001,9.837989943594254,9.786320323093147,9.386769969682332,9.076528890996757,0.9206679206679208,1145.3333333333333,20.666666666666668
不使用 GP,2350,3,7.056458173277691,1167.0447891804417,0.8890455811178245,0.4956681546913834,0.9924888740655193,0.8659,9.55748393922923,9.328953338397387,8.66885114988872,8.20266344195921,0.5781537450748496,8.333333333333334,25.333333333333332
不使用 GP,2350,4,7.071394872191424,1188.3191340051364,0.8879879489990704,0.4228513603106299,0.9924716754300221,0.8642666666666666,9.464159618810047,9.219306994399892,8.863028822852414,8.352278932744413,0.665912940948202,66.66666666666667,20.666666666666668
不使用 GP,2350,5,6.978482122591089,1073.288035086229,0.8910829340774643,0.4955603992342767,0.9925665890438992,0.8958666666666666,9.910575326142443,9.910575326142443,9.910575326142443,8.993286708791251,1.0,91.33333333333333,16.0
不使用 GP,2350,6,7.017422004103596,1117.7173943958624,0.8905195380407847,0.4601591876617949,0.9924855065623506,0.8797333333333334,9.98400812502859,9.75509598187323,9.54469276789535,9.215793216546286,0.8636240781497356,335.0,25.0
不使用 GP,2350,7,7.1165857942587705,1241.7242309616483,0.8870659366929834,0.3685587164938553,0.9924098309120987,0.8419,9.469411659628827,8.71970770251547,8.636066674321215,8.428091419310668,0.8175784973283816,517.3333333333334,26.666666666666668
不使用 GP,2375,0,6.985366848339289,1080.7564341235047,0.8910601948652938,0.495575484858652,0.9925608178133308,0.8942666666666668,9.878267716021817,9.878267716021817,9.646114843087,8.67926512521021,0.9031339031339032,963.0,19.333333333333332
不使用 GP,2375,1,6.985623030049008,1081.0322947537654,0.8910535478100982,0.49556257643228635,0.992565766668211,0.8951333333333333,9.88104123084034,9.88104123084034,9.860760803141853,8.86259860817633,0.7109865227172255,37.0,23.666666666666668
不使用 GP,2375,2,6.980901650686177,1075.8951247083296,0.8910562933041722,0.49554751607047104,0.9925460188371117,0.8974666666666667,9.902662021265934,9.902662021265934,9.403828849928207,9.093601561908743,0.9842103070449527,1159.6666666666667,19.0
不使用 GP,2375,3,7.050138224598277,1159.0888324017837,0.8892367397369932,0.4957046514607792,0.9924888413187073,0.8734333333333334,9.587618498525162,9.46674233783991,8.663155200929966,8.181682256582818,0.5073598551711309,33.333333333333336,21.333333333333332
不使用 GP,2375,4,7.052935866454455,1162.8204222670063,0.8891150671080954,0.4330834184377988,0.9924895179797583,0.8700333333333333,9.565111102896411,9.339139867669752,9.01448962184414,8.425196802836142,0.7013356927954657,72.66666666666667,22.333333333333332
不使用 GP,2375,5,6.978330311857461,1073.1250860707678,0.8910802931092485,0.49554025145454245,0.9925668941385473,0.9,9.910802729662569,9.910802729662569,9.910802729662569,8.993320538041665,0.884297520661157,116.33333333333333,14.666666666666666
不使用 GP,2375,6,7.019486921448848,1120.2213824128173,0.8904992174718841,0.496187484705272,0.9924952513954238,0.8805666666666667,10.019483264866992,10.019483264866992,9.696788844321853,9.315882431490905,0.8872155019715703,346.6666666666667,25.0
不使用 GP,2375,7,7.093371429542837,1214.8373057655583,0.8874725055570131,0.43064004792402305,0.9924298514366257,0.8542666666666666,9.496024456516102,9.274823476082819,8.653741033763247,8.437986788188232,0.8451428618603,524.3333333333334,26.666666666666668
不使用 GP,2400,0,7.72276482740494,4049.213047701245,0.5940495681654293,0.34703121853310126,0.7450404097720554,0.5988,6.939725970892876,6.939725970892876,6.748304410286553,6.24054656586742,0.5249343832020997,984.6666666666666,14.0
不使用 GP,2400,1,6.978352385022023,1073.1487741216868,0.8910807104290347,0.4955441165215524,0.9925666176720845,0.8997999999999999,9.910768267656612,9.910768267656612,9.86463275201744,8.861348450987007,0.8321962313190383,61.333333333333336,15.0
不使用 GP,2400,2,7.722502664603844,4048.931460833044,0.5940293426556515,0.34701608390839217,0.745024196102829,0.6,6.940290353233948,6.940290353233948,6.432107008337774,6.286892482169427,0.48661800486618007,1186.0,15.0
不使用 GP,2400,3,7.040522487304242,1145.9561683727604,0.8897746062663449,0.4957157085947685,0.9924926440088454,0.8717,9.656738024587403,9.357389384470146,8.935172842123682,8.259481411427872,0.59678907410537,27.666666666666668,23.666666666666668
不使用 GP,2400,4,7.016332309924927,1116.317832445312,0.8905667841855515,0.4956507767373097,0.9925376939167792,0.8831666666666668,9.697356730992304,9.697356730992304,9.08418433254135,8.521929822647095,0.7934768750796829,88.66666666666667,18.666666666666668
不使用 GP,2400,5,6.979414408015718,1074.2903507456883,0.8910797219700433,0.49554253618821503,0.9925667917990535,0.8994666666666666,9.90794982962149,9.90794982962149,9.90794982962149,8.999589729318354,0.8287029023575773,522.0,18.666666666666668
不使用 GP,2400,6,7.760059641388499,4091.654540078202,0.5935101940189645,0.3473586117785883,0.7449807996405425,0.5853333333333334,7.094957003449312,6.618566406544292,6.733827761759689,6.310145617377873,0.6289308176100629,370.3333333333333,27.333333333333332
不使用 GP,2400,7,7.067209946309206,1178.826772172244,0.8889936008688534,0.4959601255920733,0.9924540834477701,0.8597666666666667,9.740002038877742,9.291309197101016,8.77136349653368,8.542026441837834,0.7385223556010491,541.6666666666666,26.0
不使用 GP,2425,0,7.145678546542382,1306.2713684549826,0.8775417249979055,0.39977301263224124,0.985443998576213,0.5996666666666667,9.303087755584002,8.983505932644018,8.939745970560912,8.434654932893721,0.49882428876371393,291.0,22.0
不使用 GP,2425,1,6.983169232475487,1078.355699442385,0.8910703169233143,0.49554270495931246,0.9925662689174356,0.8990666666666667,9.888473831683543,9.876232862389097,9.842269910551407,8.877908831949682,0.7035534302597046,64.33333333333333,22.0
不使用 GP,2425,2,7.14860475374014,1311.4382039617287,0.8772308432137036,0.3970471692069464,0.9854038234006515,0.5998,9.215170618761318,9.03028437612482,8.598644706239655,8.45877163957229,0.5442669485525359,667.6666666666666,20.666666666666668
不使用 GP,2425,3,7.044644172897208,1150.473117398463,0.8897587556892618,0.4956461060747556,0.9924997451106239,0.8754666666666667,9.548287146278794,9.548287146278794,9.05665004302923,8.320018338468467,0.6283546360405009,6.0,24.333333333333332
不使用 GP,2425,4,6.9902939702128135,1086.1304603099604,0.8910300684508412,0.49560988208262713,0.9925552765862075,0.8862,9.868154754934872,9.868154754934872,9.43404850522517,8.668569122493704,0.805371175707637,84.66666666666667,22.333333333333332
不使用 GP,2425,5,6.978330364456685,1073.1251425163207,0.8910803730051637,0.49554067976885524,0.992566887779737,0.9,9.910802653356845,9.910802653356845,9.910802653356845,8.999926523020015,0.9080459770114943,547.0,15.0
不使用 GP,2425,6,7.18080006519196,1347.8182905753808,0.8769126901105654,0.42032496800730573,0.9853679256025772,0.5847,9.094565295309009,9.130163971237591,8.63039539166223,8.495452124096259,0.5924026562270718,6.0,28.333333333333332
不使用 GP,2425,7,7.072406067597453,1186.3144901226622,0.8886164182530453,0.42721344672568956,0.9924596792185599,0.8660666666666667,9.38752904776497,9.38752904776497,8.861583883863323,8.593079463979441,0.7967494120321811,538.0,25.666666666666668
不使用 GP,2450,0,7.074555034582235,1192.8250141767755,0.8878532591441367,0.4177573644446058,0.9924594726427852,0.8625333333333334,9.44409972728537,9.26669419831123,9.018731961403635,8.541380613064087,0.8053451019383698,314.6666666666667,21.666666666666668
不使用 GP,2450,1,6.978517893040187,1073.3264169344086,0.891081618880404,0.4955481584866039,0.992566768352415,0.8991333333333333,9.910483148813341,9.910483148813341,9.910483148813341,8.861469109871662,0.6881347023820696,64.0,17.666666666666668
不使用 GP,2450,2,7.081224988584303,1200.2672811089694,0.8877623691934761,0.4198564058751824,0.9924498342117505,0.8605666666666666,9.356288995455069,9.354604152365374,8.785527322616558,8.674701392639316,0.713365539452496,675.0,25.666666666666668
不使用 GP,2450,3,7.025234191321924,1127.1621262222914,0.8902454983791875,0.49563117226205505,0.9925112985040752,0.8775333333333334,9.732814054991556,9.433849426526825,8.956468690180179,8.285377813384747,0.7546946707577642,28.666666666666668,20.666666666666668
不使用 GP,2450,4,6.9787617782346265,1073.5884031317044,0.8910729097738197,0.4955434893942537,0.9925597593441319,0.8992666666666667,9.909986525567245,9.909986525567245,9.442131509372535,8.709064581155195,0.7355748740673796,102.0,17.666666666666668
不使用 GP,2450,5,6.9783302973377985,1073.125070489354,0.8910802753704333,0.4955401390694955,0.9925668958902292,0.9,9.91080275068275,9.91080275068275,9.91080275068275,8.999920708241783,1.0,572.0,16.0
不使用 GP,2450,6,7.084436104226799,1203.7608412722213,0.8878053930849236,0.4172464003406564,0.9924330588136879,0.8541,9.52982106979564,9.340942974507309,8.918061732913698,8.752922255453266,0.757160136267297,17.666666666666668,28.0
不使用 GP,2450,7,7.031007354608938,1133.9804583957364,0.8901794488551121,0.43570477187336915,0.9924802730741634,0.8746666666666667,9.848315617955882,9.61358735119475,8.85016452844732,8.599215777839603,0.8224992757315112,550.0,26.333333333333332
不使用 GP,2475,0,7.073074106172638,1189.681622622797,0.8880702073823313,0.4087088067818107,0.9924778280638703,0.863,9.480738411678747,9.282277700890262,9.25797883403508,8.57266137122989,0.5344364809446004,9.0,24.666666666666668
不使用 GP,2475,1,6.978330306513793,1073.125080336343,0.8910802912364941,0.49554022587077357,0.9925668947830797,0.9,9.910802737396956,9.910802737396956,9.910802737396956,8.861309073549075,0.8198016177171649,89.0,13.333333333333334
不使用 GP,2475,2,7.055097123354642,1165.716923210339,0.8889880499237203,0.4955408553166756,0.9924693424741885,0.8679333333333332,9.565915352808313,9.383276259568477,8.86068990524885,8.749189282222304,0.68773656084953,693.0,20.0
不使用 GP,2475,3,7.010920257836951,1108.9736766941885,0.8908006785433648,0.49560061549415096,0.9925209956042568,0.8842,9.552789822978744,9.766213604961523,9.00278096519685,8.287803434739821,0.7581872710311702,690.0,20.0
不使用 GP,2475,4,6.98041094024078,1075.3648435475877,0.8910718765802219,0.4955388291836105,0.9925609237943273,0.8992666666666667,9.892996737468183,9.892996737468183,9.436764704361876,8.705942560301262,0.7837007422214818,750.3333333333334,16.0
不使用 GP,2475,5,6.978330297148596,1073.1250702863163,0.891080275095665,0.4955401375478325,0.992566895913054,0.9,9.91080275095665,9.91080275095665,9.91080275095665,8.999920691877543,0.9895013123359581,597.0,16.0
不使用 GP,2475,6,7.081887307685078,1202.453455057759,0.8875381465488088,0.4186606399955686,0.9924442185865239,0.8628,9.451345507808727,9.365930817067726,9.03482874963417,8.837270166467945,0.7306968573392031,35.0,27.333333333333332
不使用 GP,2475,7,7.022359790311929,1123.2628578193678,0.8904456815305183,0.4959121904948411,0.9924922393294003,0.882,9.63021840630521,9.906040545633381,8.868889384384714,8.618048201883527,0.8432690871059316,555.6666666666666,25.333333333333332
不使用 GP,2500,0,7.029926880537675,1133.0098862638617,0.8901203891139341,0.48659275508309313,0.9925129076749655,0.8788999999999999,9.633162464951269,9.633162464951269,9.358016087166547,8.586850465615775,0.5611901203909715,24.333333333333332,21.333333333333332
不使用 GP,2500,1,6.978330295547669,1073.1250685683217,0.8910802753274231,0.49554013766371147,0.9925668961061858,0.9,9.91080275327423,9.91080275327423,9.91080275327423,8.861308206814714,0.9455488035156384,532.3333333333334,17.666666666666668
不使用 GP,2500,2,7.044653499428267,1151.848319737241,0.889493193523958,0.46171672003334696,0.9924861390041716,0.8768333333333334,9.544695556441413,9.544695556441413,8.921135840093909,8.774684123382714,0.7103286887132166,707.3333333333334,19.0
不使用 GP,2500,3,6.983216976836378,1078.4005144991881,0.8910494904674087,0.4955648775792245,0.992542483713723,0.8930000000000001,9.88859034575554,9.88859034575554,9.355790162889008,8.470658013431088,0.886124635941217,35.666666666666664,21.0
不使用 GP,2500,4,7.723400930643968,4049.8972021700824,0.5940491666195071,0.34702787291792525,0.7450408786153963,0.5994,6.937250241737973,6.937250241737973,6.495263360177058,6.218364495101717,0.5452591217979933,769.6666666666666,16.333333333333332
不使用 GP,2500,5,7.722333656485694,4048.7500479963746,0.5940535165768136,0.3470267582884068,0.7450445971473446,0.6,6.940535165768137,6.940535165768137,6.940535165768137,6.419088190080413,0.6666666666666666,622.0,14.333333333333334
不使用 GP,2500,6,7.044632999915225,1151.7543569064273,0.8895755034850034,0.4962243962137965,0.992474583947435,0.8714666666666667,9.544030120292312,9.714918957827853,9.291673111245329,9.120784273709788,0.7305364293187409,11.0,22.333333333333332
不使用 GP,2500,7,7.758123306853858,4088.9803577410125,0.593619591065297,0.34724769127392374,0.7449798728802891,0.5839,7.014018681362567,6.6387139720839174,5.930536246019687,5.884332995743333,0.5498945498945499,567.6666666666666,24.333333333333332
不使用 GP,2525,0,7.022040640694132,1123.2461508126532,0.8903658809367408,0.4543861758519055,0.9925245371397367,0.8845333333333333,9.688694621944762,9.688694621944762,9.389354950274985,8.665827174439015,0.9025071871170213,241.33333333333334,20.0
不使用 GP,2525,1,6.978330295547669,1073.1250685683217,0.8910802753274231,0.49554013766371147,0.9925668961061858,0.9,9.91080275327423,9.91080275327423,9.91080275327423,8.861308206814714,1.0,557.3333333333334,14.666666666666666
不使用 GP,2525,2,7.029216331646199,1131.7675896755036,0.8902005962736682,0.4956487225302071,0.9925163094747816,0.8758333333333334,9.62934883964887,9.62934883964887,9.484229422156963,9.255212370902287,0.7382709109221652,701.6666666666666,20.333333333333332
不使用 GP,2525,3,6.980049627035354,1074.9748927416713,0.8910577578569502,0.49553568043862933,0.9925486126394226,0.8990666666666667,9.906483333872101,9.906483333872101,9.412914687704806,8.541225419494658,0.7451359900121709,39.333333333333336,19.333333333333332
不使用 GP,2525,4,7.148571627172726,1311.5164730290755,0.8772822175553331,0.4366961932483437,0.985442253853351,0.6,9.240203217792432,8.99052178129432,8.63172597902637,8.35963195538794,0.5741276777347918,670.3333333333334,21.333333333333332
不使用 GP,2525,5,7.151966407814925,1317.6388286046958,0.8770266845706479,0.4765720960388405,0.9854339979506069,0.6,9.221981414317836,8.94418648214125,9.070782494571851,8.526141973846647,0.6741649625085208,536.6666666666666,22.666666666666668
不使用 GP,2525,6,7.047193794922683,1154.7749113197767,0.8895132569571294,0.44631798448847054,0.9924782223415924,0.8748999999999999,9.715360865289586,9.715360865289586,9.382756480123122,9.178888208372085,0.6891809484781516,15.333333333333334,25.666666666666668
不使用 GP,2525,7,7.176334698014379,1347.5459418719702,0.8764317948095431,0.40182563197493826,0.9853704825375494,0.5903666666666667,9.307157694625511,9.058492765722582,7.969387795607761,7.938492570204357,0.5746249424092195,11.666666666666666,27.0
不使用 GP,2550,0,6.9969450922870005,1093.669377233245,0.8909419271756299,0.4905929144047218,0.9925446747628172,0.8910999999999999,9.83130713878104,9.784078829041048,9.435306159490178,8.745813662150454,0.9635728605237951,260.6666666666667,19.333333333333332
不使用 GP,2550,1,6.978330295547669,1073.1250685683217,0.8910802753274231,0.49554013766371147,0.9925668961061858,0.9,9.91080275327423,9.91080275327423,9.91080275327423,8.861308206814714,1.0,582.3333333333334,15.666666666666666
不使用 GP,2550,2,6.994269068262042,1090.6448879991115,0.8909747713101472,0.49559103935149346,0.9925470659094313,0.8896000000000001,9.840557654268878,9.840557654268878,9.608712190670742,9.377789728577351,0.9396631231493617,708.0,18.666666666666668
不使用 GP,2550,3,6.979371117382577,1074.2437461859456,0.8910619861933228,0.49553595451107463,0.9925515300705486,0.8991333333333333,9.908520880128071,9.908520880128071,9.41547426256578,8.56393618963771,0.6946855308524551,59.0,16.666666666666668
不使用 GP,2550,4,7.069826161387038,1186.0999235345798,0.8881275044540082,0.41205969323278485,0.9924820765929084,0.8609333333333334,9.479313827935153,9.33813108731976,8.822098536189337,8.536888666478212,0.8465618331365116,698.6666666666666,20.333333333333332
不使用 GP,2550,5,7.081891565537905,1203.4588819351866,0.8872718013590043,0.4432705014829495,0.9924614942373161,0.8614333333333333,9.432471330178055,9.156188349505937,9.160629193912902,8.700058324903637,0.8744588744588745,556.6666666666666,19.666666666666668
不使用 GP,2550,6,7.006495453685786,1104.7172177272184,0.8908062771884384,0.496116541442595,0.9924972622975562,0.8838333333333334,10.047577597988413,9.937682575124647,9.393931835806022,9.157010908982551,0.7467218771566598,35.666666666666664,25.0
不使用 GP,2550,7,7.102945654001331,1230.4854383807879,0.8864951863133168,0.4129217064022055,0.9923970638636527,0.8510333333333332,9.319845237494988,9.079919667441072,8.175200308664852,8.127113726932269,0.7405068706470216,13.0,29.0
不使用 GP,2575,0,6.98714054689112,1082.7056231907325,0.8910348041701018,0.48625429652689284,0.9925514017309528,0.8957333333333333,9.863814535876408,9.863814535876408,9.461194809439702,8.758985058930861,0.8658146964856229,274.6666666666667,21.666666666666668
不使用 GP,2575,1,6.978330295547669,1073.1250685683217,0.8910802753274231,0.49554013766371147,0.9925668961061858,0.9,9.91080275327423,9.91080275327423,9.91080275327423,8.861308206814714,1.0,607.3333333333334,16.666666666666668
不使用 GP,2575,2,6.980682729140608,1075.6584529500676,0.8910748191526556,0.49555490620130943,0.9925617270998378,0.8974000000000001,9.903386765615222,9.903386765615222,9.744999416802942,9.520562230187954,0.8011485544753719,724.6666666666666,16.333333333333332
不使用 GP,2575,3,6.978456390478155,1073.2604097972971,0.8910620942020301,0.4955314207259298,0.9925516775275335,0.9,9.910620130330402,9.910620130330402,9.415608511669843,8.56413482004332,0.8122605363984675,768.0,13.666666666666666
不使用 GP,2575,4,7.052915395413067,1162.6256026287103,0.889150436353135,0.43294979661736166,0.9925062884223056,0.8652666666666667,9.555335198178753,9.407629285820029,9.35060899309593,8.390363900983822,0.7223845548306181,690.6666666666666,22.333333333333332
不使用 GP,2575,5,7.070066369956085,1186.4488048462165,0.8880837361676771,0.4168056069602131,0.9924759130932442,0.8648333333333333,9.472802620300795,9.287139276101955,9.208397033514585,8.755339371907745,0.8590956887486856,571.0,20.0
不使用 GP,2575,6,7.009809002791928,1107.744873243322,0.8908892323508928,0.4959362305642942,0.9925238494333651,0.8881333333333333,9.753780702426974,10.19686234391771,9.669093080615623,9.39523251487662,0.8777397849896137,30.666666666666668,29.0
不使用 GP,2575,7,7.086049954406519,1207.3644209793292,0.8874091178489518,0.41798658141011874,0.9924190221336681,0.8585333333333334,9.693273430373166,9.474276342702579,8.277412459758553,8.206609146121716,0.7034876657006232,14.0,26.666666666666668
不使用 GP,2600,0,6.979817809567778,1074.7249242322537,0.8910699117974871,0.49554563209422314,0.9925576368314704,0.8978666666666667,9.907115262613129,9.907115262613129,9.538201735333155,8.78291349392525,0.836858006042296,294.3333333333333,17.0
不使用 GP,2600,1,7.722333651791502,4048.75004295892,0.5940535172563675,0.3470267586281837,0.7450445977136395,0.6,6.940535172563675,6.940535172563675,6.940535172563675,6.267274519660828,0.6666666666666666,632.3333333333334,15.666666666666666
不使用 GP,2600,2,7.723028908485497,4049.4969189756043,0.594048638302883,0.3470265341271503,0.7450403656520855,0.5998,6.93837614169044,6.93837614169044,6.799764225790017,6.740358794423081,0.5412046096977604,961.3333333333334,16.0
不使用 GP,2600,3,6.978853181935204,1073.6866313977225,0.8910629204860392,0.49553425414367874,0.9925521918059061,0.8994,9.909829363200428,9.909829363200428,9.474208254919562,8.577177451950194,0.9634530560806552,779.3333333333334,15.0
不使用 GP,2600,4,7.0248861715273305,1126.7425200981272,0.8902976077702652,0.4956938025910083,0.9925301907197851,0.8786999999999999,9.675841701653852,9.675841701653852,9.431809658209035,8.46318161489093,0.8068543456411392,705.6666666666666,19.333333333333332
不使用 GP,2600,5,7.779836155143292,4116.099638215991,0.5928694129665609,0.2962847534067652,0.7449763239016033,0.5729333333333333,6.660076588791033,6.660076588791033,6.306968378230155,6.105211658688883,0.5537098560354374,585.3333333333334,20.333333333333332
不使用 GP,2600,6,6.9885524647996675,1084.2482996974784,0.8911161542447945,0.4960079243303675,0.9925488704192548,0.8946000000000001,10.050956871749705,9.840737525934097,9.871327944588566,9.579759876411694,0.7666435375686477,42.333333333333336,26.666666666666668
不使用 GP,2600,7,7.0765529109626994,1190.2642905284176,0.8886531195765838,0.42601078297085637,0.99244754587612,0.8645999999999999,9.703078946098307,9.223607915156729,8.619277571864197,8.431483000040295,0.6571794307851399,250.0,31.0
不使用 GP,2625,0,6.980846250221717,1075.8352176905423,0.8910677681601511,0.4953667038876537,0.9925581512918509,0.8994,9.900971401605796,9.900971401605796,9.535901964770028,8.752697138493682,0.9755940912010276,308.0,18.333333333333332
不使用 GP,2625,1,7.151326666216938,1316.4841408296975,0.877072245570496,0.3996244105151372,0.9854348505296481,0.6,9.25912441197787,8.981078248523007,9.04451951717431,8.371408252700915,0.6759164097293594,544.0,20.333333333333332
不使用 GP,2625,2,7.151088435246305,1316.0295151578466,0.8770252070156701,0.4599766455598811,0.9853761640438403,0.6,9.274745879632741,9.006326478429623,8.92201302314779,8.862397775177321,0.40772784661303496,242.66666666666666,19.666666666666668
不使用 GP,2625,3,6.980262404064827,1075.2044833276368,0.8910608385966596,0.4955320267947993,0.9925523121262664,0.8997333333333334,9.897123874573024,9.897123874573024,9.478241527526857,8.580565146970553,0.8399189463019251,790.6666666666666,20.0
不使用 GP,2625,4,6.99973084089671,1096.843773588508,0.8909121637603296,0.49560296527062775,0.9925564521336478,0.8875666666666667,9.807647737352594,9.807647737352594,9.596523676386996,8.518508464050882,0.8945572929021822,1511.0,21.333333333333332
不使用 GP,2625,5,7.210176763461298,1386.1617881524417,0.8757266821803874,0.4882604932088992,0.9853374859647884,0.5761666666666666,8.99036431515568,8.509451871760197,8.4661278738487,8.195139417154264,0.5496725496725497,89.33333333333333,27.666666666666668
不使用 GP,2625,6,6.980951451595732,1075.94819775959,0.8911629587355744,0.4960413874152929,0.9925542298796476,0.8981666666666667,10.301443462691726,10.0221995519643,9.988735667969403,9.689670823415137,0.6676766948031648,49.0,24.333333333333332
不使用 GP,2625,7,7.03821475279635,1143.521290974656,0.8897752506246563,0.4210348115306826,0.9924665987033662,0.8718333333333333,10.04098184635562,9.402091181683288,8.716638737810884,8.583604864610756,0.6964711144036322,11.0,25.333333333333332
不使用 GP,2650,0,6.979979519514764,1074.8992776589762,0.8910710344438146,0.4942073856817379,0.9925595913928098,0.8992666666666667,9.904799395029478,9.904799395029478,9.551976205606927,8.766510610640914,0.9150668993600931,326.6666666666667,16.666666666666668
不使用 GP,2650,1,7.077954772181236,1197.7288239008851,0.8875335502474835,0.4215219317195131,0.9924754984000069,0.8635333333333334,9.402198235447678,9.079308280524799,9.15031396720338,8.467027425032143,0.8641188959660298,566.3333333333334,21.0
不使用 GP,2650,2,7.079428901808967,1199.8533921318167,0.8874677655340341,0.4606728564138552,0.9924503242635795,0.8603333333333333,9.422251414065071,9.229110946897508,9.084575867252541,9.032310361776405,0.8434706887486856,271.3333333333333,18.666666666666668
不使用 GP,2650,3,6.97871249480788,1073.5354514054395,0.8910702327118275,0.4955412275653929,0.9925577155246287,0.8986666666666667,9.91016126626455,9.91016126626455,9.521110577673587,8.649513258265765,0.9622641509433962,812.6666666666666,15.333333333333334
不使用 GP,2650,4,6.9794639833900645,1074.343728607889,0.8910806241701487,0.49555796482969966,0.992565279050086,0.8973333333333334,9.908050989291963,9.908050989291963,9.69042424824245,8.607969053687798,0.9130434782608695,1530.3333333333333,17.666666666666668
不使用 GP,2650,5,7.105730426810131,1228.0634444461868,0.8874235014019553,0.4156580176243299,0.9924236957754541,0.8456,9.349314159489706,8.878204523991322,8.6526839556221,8.397405542338198,0.7843066893932598,93.0,26.0
不使用 GP,2650,6,6.978753542608381,1073.5813071231717,0.8911668865949735,0.4960353899318859,0.9925564832860019,0.8990666666666667,10.379099591922234,10.228452079206237,10.096306616886823,9.764888427778546,0.7656461856847213,68.33333333333333,24.666666666666668
不使用 GP,2650,7,7.009534668986028,1108.235354775762,0.8907094767725848,0.49592012017159437,0.9924896306308683,0.8858333333333334,10.280668422157172,10.029277777500571,8.716024027662332,8.638011168823128,0.7658571894406044,25.0,22.333333333333332
不使用 GP,2675,0,6.979671206976867,1074.5669324312134,0.8910710151339947,0.49553713564121465,0.9925596751622825,0.8997999999999999,9.898050445960566,9.903584369899525,9.549547456257464,8.764079775701388,0.9670468948035488,341.6666666666667,18.666666666666668
不使用 GP,2675,1,7.0699993067693825,1186.3540492341501,0.8881411569542111,0.41465505854988954,0.9924896759273635,0.8643333333333333,9.508371262809446,9.134527732622322,9.195773962767325,8.467647523808925,0.8815789473684211,577.0,21.0
不使用 GP,2675,2,7.070647427700277,1187.2184290312343,0.8880644354579603,0.4200275314017699,0.9924610042719079,0.8620666666666666,9.460315085021493,9.156690487101498,9.180505558413374,9.080545892216355,0.8433896221492055,267.6666666666667,19.0
不使用 GP,2675,3,6.978405257646045,1073.2055213218393,0.8910694447377016,0.49553483480542493,0.9925578504670541,0.9,9.91069420560465,9.91069420560465,9.52127399978996,8.649997349347284,0.8414634146341463,837.6666666666666,13.666666666666666
不使用 GP,2675,4,6.978636193575958,1073.4534860814122,0.8910793047368036,0.4955410925773133,0.9925659055961166,0.8997999999999999,9.910078497717393,9.910078497717393,9.692983618245817,8.623205408861097,0.8806787082649151,1544.3333333333333,17.666666666666668
不使用 GP,2675,5,7.0803793364615295,1198.1033975570344,0.8879841960527592,0.4159988522399612,0.9924577439479497,0.8581333333333333,9.427349103850498,9.140699036221045,8.788995192470738,8.45587179965453,0.8586605473397926,99.66666666666667,25.333333333333332
不使用 GP,2675,6,6.978755283854866,1073.5831817835315,0.8911667843637714,0.4960310008022026,0.992557093441802,0.8999,10.257151977750118,9.912490193400792,10.14483094383526,9.780347750437018,0.8043263381995134,312.0,20.666666666666668
不使用 GP,2675,7,7.008278547131841,1106.7350739195392,0.8907423999417411,0.495852369192287,0.9924989535707551,0.8878666666666666,10.290092570165081,9.857050666984613,8.730037877907924,8.720575445632326,0.7104369928325598,280.0,21.333333333333332
不使用 GP,2700,0,6.978407874807385,1073.20833050662,0.8910718350928866,0.49553681503195485,0.9925597006092803,0.8997999999999999,9.910688362366285,9.910688362366285,9.541130168941315,8.755662753360953,0.9706819630337794,366.0,16.333333333333332
不使用 GP,2700,1,8.520731740061956,7087.780079924864,0.29594862898278795,0.15202679613465356,0.49746843056856477,0.2766,3.731765590423871,3.5438530266235557,3.2575213549178486,3.281520698830029,0.23940435280641467,598.0,21.0
不使用 GP,2700,2,7.050263697080378,1159.27595044369,0.8891966204762859,0.4956590940574513,0.9924798272568051,0.8719666666666667,9.58966636241534,9.358655579722178,9.199700675486639,9.154841888047244,0.890746934225195,286.3333333333333,18.333333333333332
不使用 GP,2700,3,6.985437776343116,1080.79348913958,0.8910603114522931,0.4955624730639672,0.9925656836453948,0.895,9.880627085192117,9.880627085192117,9.880627085192117,8.687846691405404,0.6495345129195012,744.6666666666666,23.333333333333332
不使用 GP,2700,4,7.722428674305135,4048.8520285353275,0.5940527301563129,0.3470273840029652,0.7450437727824465,0.5998,6.940362290233561,6.940362290233561,6.735805855359442,6.029656018569303,0.49382716049382713,1567.0,15.333333333333334
不使用 GP,2700,5,7.795113121370527,4135.852028113867,0.59218316911256,0.3471715799804609,0.7449649977198348,0.5710333333333333,6.542566267057661,6.542566267057661,5.930567015284896,5.838946953511176,0.4228441216264331,108.0,22.0
不使用 GP,2700,6,6.9774324114740764,1072.1619597637693,0.8911680985753619,0.49603097607369473,0.9925574123801537,0.8999,10.298319188925442,10.298319188925442,10.18599815638845,9.788446367921,0.9601151181667408,337.0,21.666666666666668
不使用 GP,2700,7,6.9937506394834505,1089.866938102935,0.8910029546681125,0.49572822064050376,0.9925130964447133,0.8910333333333332,9.834033073930913,9.965413877741462,8.76206331173598,8.777844824175371,0.842575507578751,6.666666666666667,26.0
不使用 GP,2725,0,6.978389806807237,1073.1889372949192,0.8910716601389033,0.49553583809449203,0.9925597153062018,0.9,9.910716583674422,9.910716583674422,9.541094166709328,8.755627609971716,0.984375,391.0,14.0
不使用 GP,2725,1,7.389474122354355,1647.0057551002712,0.8604706901485453,0.30544085992516534,0.9782803711517641,0.28143333333333337,8.062358512823709,7.864517589563152,7.351741819192338,7.369183283764266,0.27548573874122406,4.0,32.0
不使用 GP,2725,2,7.055233915524037,1165.8440005872478,0.8889723913312974,0.44984976066408766,0.992484222457153,0.8703666666666666,9.448856399866603,9.448856399866603,9.271039028466529,9.079721073315918,0.8665537361189535,280.6666666666667,22.0
不使用 GP,2725,3,6.978352716752373,1073.1491301229526,0.8910809628926376,0.4955441485769436,0.992566834451691,0.8997999999999999,9.910767298633338,9.910767298633338,9.910767298633338,8.702880199356635,0.6768047800959938,762.6666666666666,18.666666666666668
不使用 GP,2725,4,7.15134792459844,1315.118075920834,0.8771956312527571,0.4111494539458047,0.9854255132221722,0.5983333333333333,9.197798372808759,8.964373444036713,9.076630031418174,8.122566054413946,0.6309001106445122,844.0,23.0
不使用 GP,2725,5,7.200698821134295,1371.2147119290967,0.8764583275057752,0.4017773591655183,0.9853559007740271,0.5774333333333334,8.974508012271407,8.67425681485012,8.183767277862161,8.088842664296616,0.43636850540012456,0.3333333333333333,31.0
不使用 GP,2725,6,6.977555208429872,1072.2936341150241,0.8911685660697852,0.49603210643640344,0.9925576624981484,0.8996999999999998,10.170115255158201,10.580911607598667,9.827865917090643,9.827865917090643,0.6557885275072001,94.33333333333333,24.333333333333332
不使用 GP,2725,7,6.985328175452838,1080.6719990364952,0.8910473973913947,0.49569363431168045,0.9925189079528339,0.8970333333333333,9.880837520647079,9.874845426658531,8.83978480394909,8.82168276362664,0.7197799327273012,6.333333333333333,25.333333333333332
不使用 GP,2750,0,6.98159179328589,1076.642242423437,0.8910768423475449,0.49556103987911176,0.992566379540849,0.8956666666666666,9.89456040707574,9.89456040707574,9.89456040707574,8.751020903585768,0.8954468802698144,391.6666666666667,17.666666666666668
不使用 GP,2750,1,7.215596314640751,1365.3331807364054,0.8835897556784434,0.40150441453568336,0.9923529284917483,0.8105666666666668,8.811965142246157,8.155789403687509,7.766366498178207,7.793014896271134,0.6870282579558383,6.666666666666667,32.0
不使用 GP,2750,2,7.025895562575457,1127.9899770120633,0.8902314752440391,0.49563905641097783,0.9925064548435453,0.8779333333333333,9.668689725314787,9.668689725314787,9.352878567947986,9.072972609995427,0.8852097130242825,297.3333333333333,21.333333333333332
不使用 GP,2750,3,6.978330291511111,1073.1250642365903,0.8910802789960967,0.49554015362332643,0.9925668965931314,0.9,9.910802759117576,9.910802759117576,9.910802759117576,8.70289396155824,0.679139221510852,787.6666666666666,14.333333333333334
不使用 GP,2750,4,7.06803579818602,1183.5694932376766,0.8882522319993095,0.43291631891826304,0.9924726447942432,0.8631666666666667,9.488418079286875,9.269822642567739,9.30186109065974,8.264547730272621,0.845140837492654,859.6666666666666,20.0
不使用 GP,2750,5,7.099316136885832,1224.7712495548997,0.886788376415744,0.41334829628907926,0.9924342592005445,0.8514666666666667,9.330856947949483,9.080050706127574,8.31509799648838,8.22554772511554,0.7838325140556378,10.333333333333334,26.0
不使用 GP,2750,6,6.97742285507941,1072.1517133998348,0.8911682498540198,0.4960302017358447,0.9925576932374566,0.9001,10.203419504926103,10.652815648961512,9.828103758738246,9.828103758738246,0.6639515455304928,119.33333333333333,22.0
不使用 GP,2750,7,6.9805792526457076,1075.5446264740774,0.8910580043058417,0.4956840905759194,0.9925217308824035,0.8989666666666666,10.123749601462492,9.891138475987466,8.870100053389981,8.857022346976459,0.8713949826355184,20.333333333333332,15.666666666666666
不使用 GP,2775,0,6.978346517573225,1073.1424772544567,0.891080606656601,0.49554202638117606,0.9925668683602523,0.8997999999999999,9.910777609256236,9.910777609256236,9.910777609256236,8.749118499033097,0.8709677419354839,416.6666666666667,14.666666666666666
不使用 GP,2775,1,7.186081742220932,1326.0777275404898,0.8850475837269961,0.31366119483992455,0.9923691640470668,0.8209666666666667,8.924610171535047,8.44998048551452,7.843684299117669,7.877918878233809,0.6631537411383368,4.333333333333333,32.0
不使用 GP,2775,2,6.992111104894889,1088.223554161924,0.8909737691264992,0.4955843626203733,0.9925333135929555,0.8902,9.866760268643384,9.866760268643384,9.423952393737878,9.154918506599605,0.9331471498776818,936.0,19.666666666666668
不使用 GP,2775,3,6.978330289580522,1073.1250621648262,0.8910802761912562,0.4955401380956281,0.9925668968260468,0.9,9.910802761912562,9.910802761912562,9.910802761912562,8.702893943044048,0.9755940912010276,1484.3333333333333,17.0
不使用 GP,2775,4,7.041278991646924,1147.4765508717226,0.8896626934733788,0.442334949440265,0.9925074022005912,0.874,9.627116820642513,9.504328107581756,9.377464136508559,8.306299468066962,0.7378598110305427,877.3333333333334,17.666666666666668
不使用 GP,2775,5,7.075808876275642,1193.9036230572735,0.887832550836058,0.49547699806589746,0.9924473616903816,0.8625333333333334,9.425587643925665,9.244940501641368,8.43705370103337,8.361866231111069,0.631529629963284,19.0,23.0
不使用 GP,2775,6,6.977788142279756,1072.5435833010795,0.8911692417456792,0.49603493744386,0.992558054926123,0.8991666666666666,9.919931773476106,10.712707941681218,9.861180057875421,9.861180057875421,0.8194235629371073,126.66666666666667,19.666666666666668
不使用 GP,2775,7,6.982772866050529,1077.9214533163245,0.891056129672808,0.4956859109347693,0.9925252398784993,0.8987666666666666,10.160691616968293,10.160691616968293,8.907765947504554,8.894712195204532,0.9047079306478899,29.333333333333332,21.0
不使用 GP,2800,0,8.466337012279922,7024.37502190449,0.2970267605374772,0.19851338921190329,0.4975222988090295,0.3,3.970267585708354,3.970267585708354,3.970267585708354,3.4488206927443774,0.16122650840751732,1255.3333333333333,15.666666666666666
不使用 GP,2800,1,7.124312718444237,1244.9113983543602,0.887870564110472,0.42627686446317226,0.9924223033273835,0.8408000000000001,9.100241083050905,9.089031656501321,8.056605582415829,8.10756699714792,0.6698607619712416,0.6666666666666666,32.0
不使用 GP,2800,2,7.723827419699038,4050.3566398763046,0.5940267323451283,0.3470265624385913,0.7450211827997516,0.5986,6.937140565087347,6.937140565087347,6.470479199355515,6.303767151080599,0.604960677555959,956.0,14.666666666666666
不使用 GP,2800,3,7.722333648276916,4048.750039187329,0.5940535177651564,0.34702675888257817,0.7450445981376302,0.6,6.9405351776515625,6.9405351776515625,6.9405351776515625,6.115460847421136,0.6666666666666666,1509.3333333333333,19.333333333333332
不使用 GP,2800,4,7.006334114276403,1104.4751132200854,0.890785548907168,0.4956022004795038,0.9925411716386515,0.8867333333333334,9.781360814245668,9.781360814245668,9.441775330050111,8.39957376597998,0.9511929511929512,891.0,20.0
不使用 GP,2800,5,7.0768798965449,1191.5696833453987,0.8885069781058866,0.49564081597861165,0.9924651710873631,0.8598,9.361349937989374,9.33791205549237,8.832125192808022,8.43019310532342,0.49871416165687066,3.0,31.666666666666668
不使用 GP,2800,6,7.721730256580746,4048.102817488592,0.594111961952068,0.3473534660222211,0.745038273686006,0.6000666666666666,6.947066404584096,6.947066404584096,6.887603936839409,6.887603936839409,0.49900199600798406,151.66666666666666,19.333333333333332
不使用 GP,2800,7,6.978787395949621,1073.6163207145194,0.8910714626344433,0.4956919054212345,0.9925309973493647,0.8987666666666666,9.912731128067085,9.912731128067085,8.98827528655215,8.975221854417567,0.947288344164471,43.666666666666664,18.333333333333332
不使用 GP,2825,0,7.312870289413344,1539.4069025520737,0.864072783862872,0.3218063349325386,0.9783558070507495,0.3,8.662002758424071,8.13370188244195,8.312327433766475,7.710998514853938,0.33397969183606174,840.3333333333334,25.333333333333332
不使用 GP,2825,1,7.075859411408186,1185.2223507397882,0.8894454098905668,0.43273580308586496,0.9924624979216518,0.8574666666666667,9.36312400169268,9.36312400169268,8.151035717812375,8.187571430414602,0.7223130753333437,0.0,29.333333333333332
不使用 GP,2825,2,7.157987925399632,1328.369831892476,0.8764152705057654,0.3968583116446562,0.9853637998069246,0.5995333333333334,9.17371237326118,9.17371237326118,8.659639305001738,8.486638568235792,0.5082114761055153,660.3333333333334,19.333333333333332
不使用 GP,2825,3,7.140334649435967,1296.9865568206023,0.8779629258091269,0.41067902919498495,0.9854932462890552,0.6,9.314722582271672,9.063494190610074,9.083131166591976,8.258823616482209,0.6776859504132231,750.3333333333334,23.0
不使用 GP,2825,4,6.9859933808621095,1081.443771545455,0.8910482854469186,0.4955753225215671,0.9925545709342009,0.8940666666666667,9.881131803076462,9.881131803076462,9.487451737881006,8.467467921364998,0.9882121807465619,907.6666666666666,18.666666666666668
不使用 GP,2825,5,7.049089560931384,1156.820211915124,0.8894242147619167,0.433390023828647,0.992484922110008,0.8724666666666666,9.522746990188207,9.522746990188207,8.900868088446037,8.470596777358116,0.5310455538247377,3.0,25.333333333333332
不使用 GP,2825,6,7.150951952337405,1315.824309544747,0.877132971794817,0.4022430254255254,0.9853895252421453,0.5994666666666667,9.201373489059588,9.201373489059588,9.110753191362143,9.110753191362143,0.6509989393424976,45.333333333333336,26.333333333333332
不使用 GP,2825,7,6.979334769290136,1074.204117518819,0.8910723876041319,0.49568816727849646,0.9925328002280724,0.8993666666666668,10.241762214151704,9.910841953834577,9.019343646687338,9.00629059323106,0.9245596189094151,54.333333333333336,17.666666666666668
不使用 GP,2850,0,7.172660229122317,1315.351435778498,0.8844264196732978,0.32983246101573765,0.9923674870865783,0.8267666666666665,9.0026125067866,8.548898892851394,8.56619970043488,7.973571666726415,0.7489633846370088,853.0,26.666666666666668
不使用 GP,2850,1,7.017075497614232,1115.8993707352647,0.890761239163158,0.4956327156718528,0.9925068121679427,0.8805333333333333,9.71613860748681,9.615680298108785,8.234237819887772,8.290634001185174,0.76177424975777,4.333333333333333,30.0
不使用 GP,2850,2,7.090514255681454,1215.212517352737,0.886816518680447,0.49464802808346736,0.9924380458335964,0.8603,9.348099901302136,9.154838878428214,8.782525869863694,8.604183627317765,0.7932292260344238,675.3333333333334,22.333333333333332
不使用 GP,2850,3,7.086113536226699,1209.6796974387305,0.8869996037380529,0.40834595822341013,0.9924607193016578,0.8603333333333333,9.400403286264865,9.127622255879439,9.225136072278373,8.354024322302516,0.8461538461538461,772.0,19.0
不使用 GP,2850,4,6.980583787012528,1075.5515395563848,0.8910688115466305,0.4955413011499557,0.9925581576059305,0.899,9.890352870076878,9.890352870076878,9.498901013628513,8.466655366136164,0.9793281653746769,924.3333333333334,16.666666666666668
不使用 GP,2850,5,7.000906119731798,1097.9841789897275,0.8909004197037911,0.4592794944164302,0.9925275556722463,0.8843,9.805229010937694,9.814447069927654,9.008036295661935,8.56287156773311,0.6102255737228724,4.666666666666667,23.666666666666668
不使用 GP,2850,6,7.078082038648859,1198.144394107863,0.8875989695186881,0.4375927033722553,0.9924562435779429,0.8613666666666667,9.436711840701628,9.598654725894031,9.132958237486868,9.132958237486868,0.8486776057353045,65.33333333333333,24.333333333333332
不使用 GP,2850,7,6.992205671000761,1088.2836752142064,0.8910402686725648,0.4957988309565133,0.9925499375072757,0.8939666666666666,10.303199857480466,10.210163845693645,9.404903195403348,9.395750349321252,0.8723928886050182,48.333333333333336,23.666666666666668
不使用 GP,2875,0,7.148396032810883,1281.4089648305858,0.8858469486844495,0.3567502552232366,0.9923963601602653,0.8321999999999999,9.128408507407373,8.607583585753007,8.511912182513335,7.940440534876061,0.7596685874831571,860.3333333333334,25.666666666666668
不使用 GP,2875,1,6.994600536885673,1090.755953545079,0.8910025097072708,0.49557664695680703,0.9925306485389886,0.8900666666666668,9.833333047048475,9.833333047048475,8.348483458742999,8.414995549660373,0.6541083898028964,3.3333333333333335,27.666666666666668
不使用 GP,2875,2,7.06910173200752,1184.8469059357406,0.8881969429468805,0.49538292280699786,0.992449281690639,0.8638333333333333,9.51133989100765,9.264741816573876,8.883942702176313,8.723778253333908,0.8690373929760882,686.6666666666666,21.333333333333332
不使用 GP,2875,3,7.090173905815887,1215.7371872698711,0.8866526362906962,0.42909771591239504,0.9924635110044385,0.8621333333333333,9.353646044932656,9.134632453031019,9.177596065517237,8.354716340744396,0.8658146964856229,791.0,23.666666666666668
不使用 GP,2875,4,6.978909919214104,1073.7476183649915,0.8910709847831023,0.49553873482098654,0.9925588052145565,0.8994666666666666,9.909517890822718,9.909517890822718,9.521021330838735,8.452280931359821,0.8171262699564587,941.0,13.0
不使用 GP,2875,5,6.9894102632236255,1085.1530870962026,0.8910178445724918,0.4955476283647786,0.9925395724694708,0.8954,9.807706103711554,9.807706103711554,9.02579182049361,8.559870077537393,0.6329251443778706,13.0,22.666666666666668
不使用 GP,2875,6,7.059779050603183,1172.3176489840387,0.8887534084640212,0.438631114759622,0.9924681345387297,0.8688000000000001,9.516296352923954,9.840173404155673,9.135879206465491,9.135879206465491,0.8945005611672278,564.3333333333334,25.666666666666668
不使用 GP,2875,7,6.978959906504971,1073.8011488836648,0.891074161253135,0.4955536586640627,0.9925591066638066,0.899,9.90945211824731,9.90945211824731,9.48701622343747,9.480408438125822,0.9713430762788892,63.333333333333336,17.666666666666668
不使用 GP,2900,0,7.114050188546533,1235.7436771321884,0.8875865700729667,0.4369418935269129,0.9924172367864313,0.8489333333333334,9.167195749130148,9.167195749130148,8.58091552250305,7.981898771535917,0.7926903245374582,864.0,26.333333333333332
不使用 GP,2900,1,6.9856329063682585,1080.9945308686147,0.8910416607556749,0.4955431618887715,0.992538579566009,0.8967999999999999,9.876865775170073,9.876865775170073,8.473816855941509,8.553363524341277,0.4970666498574973,3.6666666666666665,23.666666666666668
不使用 GP,2900,2,7.054545522786531,1164.9775046434625,0.8889591441682434,0.49575803310949135,0.9924608083391958,0.8746666666666667,9.466014044380456,9.466014044380456,8.89165874765582,8.731451641208578,0.8685070519435846,695.3333333333334,22.666666666666668
不使用 GP,2900,3,7.078635962117539,1198.7154714971841,0.8874634908590734,0.4641467503901439,0.9924767838289799,0.8662,9.338611821137087,9.338611821137087,9.218725712230198,8.443886388512903,0.872707659115426,800.0,23.333333333333332
不使用 GP,2900,4,7.723195670692938,4049.6762941968736,0.5940445198924885,0.3470240619609836,0.7450371845034454,0.5996666666666667,6.938209819160472,6.938209819160472,6.563339798598811,6.061697741207877,0.4982561036372695,961.3333333333334,16.666666666666668
不使用 GP,2900,5,6.978769811658839,1073.5969641344798,0.8910568761440435,0.4955374422500855,0.9925459833887397,0.8987999999999999,9.91008693579111,9.91008693579111,9.072267853152942,8.616719476885455,0.636696387033769,251.66666666666666,17.666666666666668
不使用 GP,2900,6,7.0424660233083545,1149.1589908748801,0.8896456173675334,0.4324486265312724,0.9924858230293445,0.8765666666666667,9.582081964840802,9.582081964840802,9.176171353254533,9.176171353254533,0.8976860911792418,569.3333333333334,24.666666666666668
不使用 GP,2900,7,6.9783924066867415,1073.1917277971695,0.8910713413059795,0.4955359432736072,0.9925594015251078,0.9,9.910712818301294,9.910712818301294,9.488287013071135,9.481681801043644,0.984375,88.33333333333333,16.0
不使用 GP,2925,0,7.0924799777856125,1207.7841371923546,0.888485043054226,0.3735477210948693,0.992428868805554,0.8521000000000001,9.431965279087956,9.001399395903812,8.531303959344418,8.013622933798818,0.8064370815663979,898.3333333333334,25.666666666666668
不使用 GP,2925,1,6.989589675043412,1085.27698420494,0.891035887350221,0.4955400988610799,0.9925438643871695,0.8972000000000001,9.860962197400342,9.860962197400342,8.548414485949259,8.61337108693356,0.5187499628265013,1.3333333333333333,26.333333333333332
不使用 GP,2925,2,7.066461396302714,1175.5470596578243,0.8893020060619682,0.49571755581553734,0.9924881444570341,0.8708,9.53401302294766,9.167285914324948,9.170245803894149,8.905658805221789,0.828798185941043,1530.3333333333333,24.666666666666668
不使用 GP,2925,3,7.050058408209438,1159.0074380952303,0.889219827773131,0.41792328260800576,0.9925053247139936,0.8725333333333333,9.553479849022786,9.32310240789835,9.222232830006636,8.445969291529321,0.8852097130242825,817.6666666666666,23.333333333333332
不使用 GP,2925,4,7.1556549651472,1322.2800048933511,0.876886895235574,0.4077009816771919,0.9854585731932529,0.5996,9.166826375935742,8.955726200136247,8.696214570057352,8.164221886264992,0.6623771432550827,68.33333333333333,25.333333333333332
不使用 GP,2925,5,6.9969083694618135,1093.5239866322506,0.8909200845639922,0.49553333732671456,0.9925487500858124,0.8957333333333333,9.635571785747644,9.83716890584621,9.174460830419692,8.679307157227903,0.716495361546556,868.0,18.0
不使用 GP,2925,6,7.016362662477128,1116.4388090727214,0.8905891446030183,0.4960472751914448,0.992504239777889,0.8820333333333333,9.797445147854454,9.640215807771625,9.21928139185984,9.21928139185984,0.9393939393939394,588.3333333333334,25.666666666666668
不使用 GP,2925,7,7.004752575897581,1102.633553122176,0.8907263586647757,0.4955510564170271,0.9925642615685725,0.8957333333333333,9.772905863954156,9.606640566408462,9.772905863954156,9.521846577093768,0.7770751046613116,1083.0,22.0
不使用 GP,2950,0,7.042565279696608,1145.487411886487,0.8902443477742016,0.43703518962624344,0.9924652691618913,0.8656666666666667,9.607885664052127,9.34630600742392,8.574084570959457,8.053914617298167,0.860376520431871,885.0,25.333333333333332
不使用 GP,2950,1,6.981683578926092,1076.739588938705,0.8910572355161653,0.49554283545288574,0.9925491072441859,0.8983333333333334,9.895791029896614,9.895791029896614,8.598349571785084,8.604897595436823,0.6169449656318172,16.666666666666668,20.666666666666668
不使用 GP,2950,2,7.024505116834214,1125.3968216519518,0.8904701910624896,0.4956649509726622,0.9925163800773081,0.8749333333333333,9.689472833396183,9.689472833396183,9.302032891601975,8.980678337144667,0.8921734272287778,703.0,26.666666666666668
不使用 GP,2950,3,7.007877610329178,1106.2808215778969,0.8907316233364485,0.49564394451560245,0.9925279641824781,0.8816,9.770593830944884,9.55013780156496,9.231570794281751,8.468787423875506,0.92018779342723,833.6666666666666,23.333333333333332
不使用 GP,2950,4,7.070254402532764,1186.679251169581,0.8881377830742533,0.41211537442050367,0.9924635342497691,0.8616333333333334,9.490848694937368,9.141736470000637,8.790610015092705,8.410461310280818,0.8636446968437298,84.0,20.666666666666668
不使用 GP,2950,5,6.9806774559269895,1075.6501051391174,0.8910640742807686,0.49555049100113785,0.9925534941112756,0.8963333333333333,9.89645980358762,9.897073902272055,9.460841184660493,8.8078634746821,0.8107468674565811,258.6666666666667,20.333333333333332
不使用 GP,2950,6,6.998348782539796,1095.3073922988824,0.8909729733893474,0.4960388688007178,0.9925202771647023,0.8891666666666667,9.866352437870779,9.797717541052045,9.339430956810778,9.339430956810778,0.9743589743589745,603.6666666666666,25.333333333333332
不使用 GP,2950,7,6.978503754701563,1073.3112603759914,0.8910836182486476,0.4955636403480124,0.9925665150281299,0.8952,9.91053066325319,9.91053066325319,9.91053066325319,9.541225686526957,0.9818417639429313,401.3333333333333,16.666666666666668
不使用 GP,2975,0,6.996408402289312,1092.8781559954539,0.8909487421026716,0.49558487899755965,0.9925118728027701,0.8875333333333334,9.841802445316471,9.841802445316471,8.584414532270559,8.066152376074516,0.9233528054540888,889.0,22.666666666666668
不使用 GP,2975,1,6.981759491572444,1076.8215915207518,0.8910548923426562,0.4955348310707623,0.9925502816011528,0.8988,9.886757151423609,9.886757151423609,8.652484803655765,8.620259058997265,0.9206729066330531,23.333333333333332,20.333333333333332
不使用 GP,2975,2,6.988821426823084,1084.5623410685419,0.8910209893851442,0.49558415840077524,0.9925449842121729,0.8912666666666667,9.870071500919305,9.870071500919305,9.401804032781742,9.106836933366496,0.9768339768339769,718.3333333333334,18.666666666666668
不使用 GP,2975,3,6.998590121938263,1095.21991711521,0.8909784164145327,0.4955771097806411,0.9925508480065909,0.8903333333333333,9.791702785441853,9.824904782540349,9.208810413313119,8.517427412189777,0.814088598402324,761.0,26.666666666666668
不使用 GP,2975,4,7.044952555594776,1152.2518389598715,0.8894999687964577,0.4956774272213769,0.9924937894926305,0.8724333333333334,9.625859728678053,9.39750473590103,8.833744663687556,8.414546166619912,0.6995957756155234,99.0,18.0
不使用 GP,2975,5,6.9784829743400225,1073.2889495241811,0.8910674835224487,0.49553631464790954,0.9925557930053356,0.8994666666666666,9.91057177955618,9.91057177955618,9.501346699593585,8.847889310916294,0.857956847649919,282.6666666666667,16.666666666666668
不使用 GP,2975,6,6.986075439197546,1081.5503345665147,0.8911154167089174,0.49604121845086485,0.9925341953485507,0.8955000000000001,9.878278212864329,9.878278212864329,9.424090647107752,9.424090647107752,0.870101986044015,619.3333333333334,25.666666666666668
不使用 GP,2975,7,6.9783303066472415,1073.125080479551,0.8910802983749054,0.495540274061268,0.9925668947670149,0.9,9.910802737204179,9.910802737204179,9.910802737204179,9.54117035338035,0.8164251207729469,426.3333333333333,15.333333333333334
不使用 GP,3000,0,7.726260930621204,4052.980751888454,0.5939995851442404,0.3470181629039007,0.7450001313385428,0.5978,6.915510388318057,6.915510388318057,5.569520517867325,5.6283622199817955,0.4079607151502576,900.3333333333334,20.0
不使用 GP,3000,1,6.986332309784545,1081.7801143327276,0.8910561782021705,0.4955691955864741,0.9925592306754026,0.8930000000000001,9.879570386820388,9.873682164749495,9.178865741428586,8.73074864908045,0.5055425011145366,8.666666666666666,24.0
不使用 GP,3000,2,7.723310924241609,4049.800317369085,0.5940402592906443,0.3470293162419964,0.7450324729473016,0.5987333333333333,6.938195771964149,6.938195771964149,6.463994726702787,6.338571658734247,0.4630984837614196,736.3333333333334,16.0
不使用 GP,3000,3,7.726499037746397,4053.2466702547194,0.59403961593185,0.34704033002332374,0.7450360192127706,0.5969333333333333,6.914335056302054,6.914335056302054,6.385550624515344,6.094323284983754,0.5333333333333333,773.0,21.333333333333332
不使用 GP,3000,4,7.769928997392245,4103.501302892684,0.5932462464410756,0.3472016356391853,0.7449914511349801,0.5782666666666666,6.7149483156287575,6.534808421548791,6.330794209666261,5.970497086705123,0.3991332056058546,97.66666666666667,21.0
不使用 GP,3000,5,6.978421895245044,1073.2233800065435,0.8910670161000369,0.4955335331867691,0.9925558421641907,0.9,9.910670105970288,9.910670105970288,9.501451445043157,8.84799345763564,0.7691259086041441,934.3333333333334,14.333333333333334
不使用 GP,3000,6,7.723392578566536,4049.8895658655892,0.5940907855772461,0.3473541379894844,0.7450200439716195,0.5982666666666666,6.942870994515046,7.5561201962826345,6.528143393480758,6.528143393480758,0.49603174603174605,636.6666666666666,21.0
不使用 GP,3000,7,7.722333648165335,4048.750039067588,0.594053517781309,0.34702675889065454,0.7450445981510909,0.6,6.94053517781309,6.94053517781309,6.94053517781309,6.735916743719929,0.5737234652897304,1158.0,17.666666666666668
不使用 GP,3025,0,7.156774133016395,1324.3543841307874,0.8766852202659611,0.40873363375358457,0.9854125781740742,0.5988666666666668,9.145012081430613,8.98535492811063,7.653803845460307,7.708435884807025,0.308892378019577,2.6666666666666665,23.0
不使用 GP,3025,1,6.980117178660298,1075.0475151327382,0.8910732811067209,0.49554565767434844,0.9925610677604443,0.8986000000000001,9.905470373873833,9.905470373873833,9.29161242083696,8.716788845382647,0.6703304933532364,26.0,19.666666666666668
不使用 GP,3025,2,7.159787891574912,1331.0396246000626,0.8763002219745649,0.40086193024147043,0.9853952312104383,0.5992000000000001,9.131865890847463,9.131865890847463,8.592942295392243,8.492860499794963,0.5022174227485169,866.0,21.666666666666668
不使用 GP,3025,3,7.160781344978633,1331.07645227145,0.8765058916139806,0.4133683885176489,0.9854352198580884,0.5987333333333333,9.1176030139705,9.1176030139705,8.536100421820352,8.310681232651858,0.3288476639768968,12.333333333333334,22.666666666666668
不使用 GP,3025,4,7.2069671132096955,1384.529823548676,0.875602777417478,0.40331059427946797,0.985381165542675,0.5821666666666667,8.830487004430347,8.830487004430347,8.445047583577171,8.115229926037806,0.45315881998688773,13.333333333333334,26.0
不使用 GP,3025,5,6.979529107876625,1074.4138602626756,0.8910794130002323,0.495560537725795,0.9925664272275313,0.8958,9.908579042218248,9.908579042218248,9.908579042218248,8.998767749904511,0.836098541980895,938.6666666666666,16.666666666666668
不使用 GP,3025,6,7.144673666105348,1303.3694305585623,0.8777906610493865,0.4004087199906197,0.9854175148520959,0.5997333333333333,9.306059852045863,9.041911528137762,8.662210486779133,8.662210486779133,0.5117213940204381,545.3333333333334,28.0
不使用 GP,3025,7,7.156209184281889,1325.3531070890233,0.8766110280915246,0.4081499933338779,0.985437292816084,0.6,9.158463034146962,9.018995716048655,9.020571096928707,8.806898110066628,0.6762688614540466,1080.6666666666667,21.333333333333332
不使用 GP,3050,0,7.087966426476581,1209.0351525733724,0.8874581432474851,0.4100378426610134,0.9924307025933463,0.8589666666666668,9.402552428188258,9.167836842330695,7.845157320714853,7.790685142898357,0.5377340708338479,5.666666666666667,29.333333333333332
不使用 GP,3050,1,6.988700322427602,1084.4282318055093,0.8910203460391323,0.4955592204169273,0.9925643588920922,0.8956,9.878613372491165,9.85953404574577,9.656116308792312,8.890710015681917,0.6848436690375334,262.0,21.0
不使用 GP,3050,2,7.076526338757103,1195.2810565762022,0.8877117143967236,0.46652974868719693,0.9924492000917926,0.8600666666666666,9.457017850005792,9.251850565718183,8.828060532966367,8.705158053976602,0.7511970098824435,876.3333333333334,24.666666666666668
不使用 GP,3050,3,7.078120200663868,1197.9134030761836,0.8875888065812987,0.49536233950857683,0.9924636729524513,0.8633666666666667,9.42802743065063,9.157509583454322,8.64636014444635,8.439740276287926,0.7038293332246557,27.666666666666668,20.333333333333332
不使用 GP,3050,4,7.101811054267066,1224.558771724979,0.8873044116259686,0.4950615770025286,0.9924462844914549,0.852,9.321410176897055,9.02267296930607,8.652880263202029,8.333807422579651,0.7430929395142303,848.6666666666666,25.666666666666668
不使用 GP,3050,5,6.9783303585534115,1073.1251361813697,0.8910803566358917,0.4955406315825585,0.9925668885025316,0.9,9.91080266203038,9.91080266203038,9.91080266203038,8.999922481158867,0.8666666666666667,963.6666666666666,14.0
不使用 GP,3050,6,7.066796184267811,1181.995177160541,0.888356402370546,0.4150636358159709,0.9924378960338643,0.8624,9.71710248512588,9.45863759374632,8.908908993593933,8.908908993593933,0.7970101083911826,562.6666666666666,24.0
不使用 GP,3050,7,7.083428413404778,1205.7142201005893,0.8872174760394516,0.46511907704827665,0.9924625265209285,0.8595333333333333,9.39901111384927,9.178957313094395,9.135840289837695,8.949013704157794,0.8624338624338624,1101.0,22.0
不使用 GP,3075,0,7.073747006161658,1191.3446997396934,0.8879024967544572,0.4171718997571168,0.992429969966197,0.8645666666666667,9.47835253932689,9.26090237894872,7.916858078625562,7.848166483386123,0.5799730999551386,22.333333333333332,24.0
不使用 GP,3075,1,6.978349949729633,1073.1461604553067,0.8910808629520598,0.495545655959168,0.9925665223529654,0.8997999999999999,9.91077252135564,9.91077252135564,9.692953142096627,8.914100447935136,0.7924496360250549,284.3333333333333,15.666666666666666
不使用 GP,3075,2,7.07556029064375,1194.2559452089197,0.8877171736236557,0.4157146782716182,0.9924683273422051,0.8650333333333333,9.432139915859509,9.193472842110161,8.840640714721381,8.772690006879806,0.8246980133772587,893.6666666666666,19.0
不使用 GP,3075,3,7.075284318142482,1193.8739065855607,0.8877725772624903,0.49529659904563533,0.9924745619090712,0.8644333333333334,9.462865770838825,9.29458983422784,8.728647576362876,8.478411555955544,0.6961494012014072,47.666666666666664,18.333333333333332
不使用 GP,3075,4,7.067609715152321,1180.7371185305692,0.8886593571104401,0.4418681302068916,0.9924694287447693,0.8626666666666667,9.504599195343742,9.274387941587763,8.794133917462945,8.460067071084621,0.7680162974280621,858.0,26.0
不使用 GP,3075,5,6.978330297164362,1073.1250703032356,0.8910802751187671,0.4955401376746377,0.992566895911152,0.9,9.910802750933826,9.910802750933826,9.910802750933826,8.999920691641899,0.9371980676328503,1197.0,16.333333333333332
不使用 GP,3075,6,7.066225175351079,1176.1625395966776,0.8892806025002047,0.4960854343781338,0.9924677929123851,0.8653,9.28044373497176,10.215519200611954,9.059542071935743,9.059542071935743,0.6879065830936386,759.0,22.0
不使用 GP,3075,7,7.086061951061208,1209.6032134880782,0.8870169466928678,0.45415836887498523,0.9924622153870729,0.8605666666666667,9.399236268108675,9.182663258112308,9.180892501040862,8.969795813457587,0.870101986044015,1114.3333333333333,18.0
不使用 GP,3100,0,7.087253681957513,1202.2862978744324,0.8883431923393411,0.4904232120480972,0.9924431836566036,0.8638666666666667,8.972013754765852,9.3347618610074,7.993916380226942,7.9212755438532625,0.5463592092238215,221.0,19.666666666666668
不使用 GP,3100,1,6.980955351919701,1075.953203734075,0.891074234799416,0.4955505816117513,0.9925667320053885,0.8978,9.904881918493265,9.904881918493265,9.904881918493265,8.86285851693174,0.9254138931558287,288.6666666666667,17.0
不使用 GP,3100,2,7.046892606119879,1154.6475283815125,0.8893838142138719,0.49565717428073136,0.9924929779620073,0.8746333333333333,9.455282957348127,9.455282957348127,8.890216953012859,8.820541250015175,0.875121934225195,893.0,22.666666666666668
不使用 GP,3100,3,7.069679436757944,1183.7858395586597,0.8885066552584747,0.4273273858897318,0.9924900067489798,0.8623333333333333,9.434162015342752,9.434162015342752,9.327696429974736,8.546136809978146,0.687794908223081,38.333333333333336,27.333333333333332
不使用 GP,3100,4,7.0506146280795585,1159.0974554931847,0.8893513802414607,0.4317743941437251,0.9924824968261724,0.8689666666666667,9.507081089874456,9.507081089874456,8.864933602173684,8.541949241416297,0.7297904901203971,861.6666666666666,26.0
不使用 GP,3100,5,7.722333656485694,4048.7500479963746,0.5940535165768136,0.3470267582884068,0.7450445971473446,0.6,6.940535165768137,6.940535165768137,6.940535165768137,6.419088190080413,0.6574621959237343,1222.0,14.333333333333334
不使用 GP,3100,6,7.785221944535576,4121.960119150327,0.5928568247958642,0.34733089726826266,0.744980633634685,0.5705,6.622907027790273,6.622907027790273,6.286383193993724,6.286383193993724,0.3827221508352278,570.0,27.0
不使用 GP,3100,7,7.06883302079514,1184.7091868562636,0.8881552041129996,0.4294001802347707,0.9924766746583936,0.8664333333333333,9.392776610596897,9.392776610596897,9.122117463456899,8.871530587621985,0.8509316770186336,1127.6666666666667,20.666666666666668
不使用 GP,3125,0,7.085296670032029,1198.5510021638913,0.8886141007690146,0.49489436962435396,0.9924666154565126,0.8588333333333334,8.925013398416533,9.354637050313931,8.647332463591685,8.379197096430639,0.5644968820051275,425.3333333333333,22.666666666666668
不使用 GP,3125,1,6.97833043785725,1073.1252212843322,0.8910804706041332,0.495541283107978,0.9925668789245191,0.9,9.91080254709423,9.91080254709423,9.91080254709423,8.861320893220858,0.8798145427755942,935.0,17.0
不使用 GP,3125,2,7.036070592214894,1140.7672511049825,0.8898715820045501,0.4957736894578045,0.9924936603363926,0.8774000000000001,9.568712448138262,9.568712448138262,8.917914379287389,8.853615837697363,0.9169704788079347,909.6666666666666,19.0
不使用 GP,3125,3,7.056595823995795,1167.7930164248107,0.8888785095597603,0.4957004789731929,0.9924906965957061,0.8717333333333334,9.459033872624483,9.459033872624483,9.315101972823376,8.565655471126007,0.7235118748534486,53.0,21.0
不使用 GP,3125,4,7.036483596341511,1140.3932445222083,0.8900418238162663,0.49566335564042524,0.9925119895846642,0.8764,9.606982027307945,9.606982027307945,8.969429043527121,8.639471867213798,0.7135627217016257,869.0,26.0
不使用 GP,3125,5,7.162675863481002,1337.3014137382063,0.8759021068626348,0.453823197798151,0.9853998521040582,0.6,9.075470309799648,8.91631420011219,9.026424321592886,8.505525018187475,0.6741649625085208,938.0,19.0
不使用 GP,3125,6,7.177360496464158,1339.7359395428373,0.8774418367593401,0.40469092930201894,0.985373757327547,0.5831333333333334,9.071767586509212,8.869214071291156,8.619901966009403,8.619901966009403,0.4937137262793853,7.666666666666667,27.333333333333332
不使用 GP,3125,7,7.068953527488477,1184.878876182788,0.8881226072425071,0.41526857135553846,0.992472398166938,0.8683666666666667,9.389239802225044,9.389239802225044,9.139126999867468,8.905777071213409,0.8762214983713354,1144.3333333333333,21.0
不使用 GP,3150,0,7.052679892387007,1158.8440701643806,0.8897855325196543,0.46206877779224037,0.9924914516477686,0.8694666666666667,9.5399866581855,9.355509930332644,9.19954768932856,8.570704153065106,0.5867030626330213,8.333333333333334,26.666666666666668
不使用 GP,3150,1,6.978330295816647,1073.1250688569673,0.8910802756962152,0.49554013982695294,0.9925668960737374,0.9,9.910802752884846,9.910802752884846,9.910802752884846,8.861308230773766,1.0,1182.3333333333333,16.0
不使用 GP,3150,2,7.0291017663763276,1129.7443228746642,0.8905162320288644,0.4956066322610111,0.9925308355795731,0.8830666666666667,9.686083524318787,9.557578910412493,9.30221204634603,9.140318490461452,0.8938155306516521,1325.6666666666667,26.0
不使用 GP,3150,3,7.039998121404896,1145.819500228191,0.8896863243672039,0.4956757917430301,0.992507522772228,0.8765666666666667,9.613199806433824,9.457217624500375,9.265056216610075,8.544790310892443,0.7054830455803893,71.0,21.333333333333332
不使用 GP,3150,4,6.99726505790337,1094.0059155073852,0.8909258709302561,0.49559258893537034,0.9925332793789051,0.8883333333333333,9.822089687501903,9.822089687501903,8.976088440275353,8.667877912813656,0.9135087768362372,881.3333333333334,20.666666666666668
不使用 GP,3150,5,7.075435073349698,1194.0967233725194,0.8877692869578478,0.4949626562923613,0.9924669024574421,0.8623666666666666,9.465705430950448,9.24116528827705,9.20354780089304,8.729139540201798,0.8557993730407523,952.6666666666666,21.0
不使用 GP,3150,6,7.092125551625037,1214.8327841937091,0.8872937312394406,0.4957584750029706,0.9924316543433233,0.8548,9.349898290662905,9.304137697409159,8.826770725292919,8.826770725292919,0.7476746905663195,16.666666666666668,28.333333333333332
不使用 GP,3150,7,7.021815178942212,1122.9703945260437,0.8903154164988855,0.49567288633424456,0.9924872037747052,0.8767,9.752939399114252,9.57411544303296,9.075667881676813,8.83598191601226,0.8870431893687707,1184.3333333333333,21.666666666666668
不使用 GP,3175,0,7.014024847254537,1113.411320485611,0.8906372662339798,0.4854027422023897,0.9925342340576244,0.8817666666666666,9.705283264958778,9.705283264958778,9.297195584868783,8.703320081440816,0.676932799614813,19.0,24.0
不使用 GP,3175,1,6.978330295547669,1073.1250685683217,0.8910802753274231,0.49554013766371147,0.9925668961061858,0.9,9.91080275327423,9.91080275327423,9.91080275327423,8.861308206814714,0.9382940108892922,1207.3333333333333,19.0
不使用 GP,3175,2,6.981941163542309,1077.0210148184099,0.8910658529169634,0.49557937137344843,0.9925525247150819,0.8964666666666666,9.898985025447738,9.898985025447738,9.441710957938339,9.325518076062929,0.9312934041811721,922.6666666666666,18.333333333333332
不使用 GP,3175,3,7.029107883503278,1131.9851533575654,0.8901598656269899,0.4958038425343676,0.992511657091787,0.8776666666666667,9.630304941109278,9.630304941109278,9.374265171015438,8.524863117064186,0.9120370370370371,963.3333333333334,21.666666666666668
不使用 GP,3175,4,6.981992712625533,1077.074762967299,0.8910581031457655,0.4955547099533759,0.992548284892392,0.8959999999999999,9.897403102155588,9.897403102155588,9.014285853604099,8.769378251756484,0.9353559935008341,891.3333333333334,19.333333333333332
不使用 GP,3175,5,7.076439054853519,1195.540654426017,0.8877047479702876,0.4103460745765705,0.9924754953237374,0.8620666666666666,9.444898699436957,9.109076971567577,9.20540993236869,8.72200903885704,0.8709677419354839,969.3333333333334,19.666666666666668
不使用 GP,3175,6,7.073697770090554,1190.801410691082,0.8880716719739833,0.4369072282622535,0.9924486551031988,0.8639000000000001,9.90520250942418,9.329603389315073,8.973417795985611,8.973417795985611,0.5997805899580927,6.0,27.666666666666668
不使用 GP,3175,7,7.041690966897672,1148.0108769151304,0.8895955119795366,0.44479528294689735,0.9924861755298107,0.8765999999999999,9.509623109941396,9.509623109941396,9.101352391132037,8.85783587382523,0.8797814207650273,1177.6666666666667,23.0
不使用 GP,3200,0,6.989326014522888,1085.083581546828,0.8910300404257381,0.47797537847165433,0.9925489416571636,0.8924,9.841428508165981,9.841428508165981,9.333693755977292,8.71423401659763,0.841976435367346,247.33333333333334,22.666666666666668
不使用 GP,3200,1,6.978330295547669,1073.1250685683217,0.8910802753274231,0.49554013766371147,0.9925668961061858,0.9,9.91080275327423,9.91080275327423,9.91080275327423,8.861308206814714,1.0,1232.3333333333333,13.666666666666666
不使用 GP,3200,2,6.979864881761017,1074.7756680298378,0.8910691349195066,0.4955419506167777,0.9925574442195075,0.8986666666666667,9.906391447996986,9.906391447996986,9.505372004543466,9.399687325223999,0.8477366255144032,933.6666666666666,14.0
不使用 GP,3200,3,7.0057316693556,1103.7725898060573,0.8907971190034404,0.4956133613618398,0.9925377727767316,0.8859333333333334,9.788767454976027,9.705702178714345,9.445943100457237,8.53650118742822,0.9694656488549618,980.3333333333334,19.0
不使用 GP,3200,4,6.979569946873613,1074.4577666051468,0.8910644735673844,0.49553939193657054,0.9925530710591376,0.8987333333333334,9.907214073382859,9.907214073382859,9.043082296490189,8.798857576392079,0.658019417246737,909.3333333333334,17.333333333333332
不使用 GP,3200,5,7.801628996770007,4144.817848457834,0.5918171031618678,0.32361932400551957,0.744955482583431,0.57,6.523413162665363,6.523413162665363,6.236818069034212,5.984319208413268,0.522466039707419,985.3333333333334,18.666666666666668
不使用 GP,3200,6,7.043603417197525,1150.2071865485789,0.8896467580398543,0.4961547238205706,0.992466042196761,0.8729666666666667,10.06319070844897,10.06319070844897,9.01703413067544,9.01703413067544,0.523517540300977,6.0,26.666666666666668
不使用 GP,3200,7,8.51776834202093,7084.05289219273,0.2960202605524373,0.14955609506666948,0.4974450844779496,0.27699999999999997,3.7070389454462096,3.3819792535508384,3.1616284165933117,3.1194662645219005,0.22408026755852842,1194.6666666666667,23.666666666666668
不使用 GP,3225,0,6.981672489766428,1076.7295948975147,0.8910601792763758,0.49547260474286436,0.992552396342277,0.8985333333333333,9.883931868375791,9.883931868375791,9.35092713909967,8.668887317895043,0.6753226440215007,255.66666666666666,17.333333333333332
不使用 GP,3225,1,6.978330295547669,1073.1250685683217,0.8910802753274231,0.49554013766371147,0.9925668961061858,0.9,9.91080275327423,9.91080275327423,9.91080275327423,8.861308206814714,1.0,1257.3333333333333,14.666666666666666
不使用 GP,3225,2,6.978406899454569,1073.2072835880845,0.8910693479785984,0.4955354304770165,0.9925576522625313,0.9,9.910691827150377,9.910691827150377,9.508071751522511,9.402457950667918,0.7887441776330665,948.0,10.333333333333334
不使用 GP,3225,3,6.982444545292239,1077.5675328657217,0.8910553533967179,0.49557199791253237,0.9925519431392414,0.8932000000000001,9.899950935188839,9.899950935188839,9.42228614409071,8.532535466414837,0.9646464646464646,996.6666666666666,21.0
不使用 GP,3225,4,6.987893002662902,1083.4648657858054,0.8910379962892286,0.4955594528493559,0.9925568832723037,0.8946000000000001,9.872461000299005,9.872461000299005,9.450943684678945,8.56407064575975,0.7890043032390022,903.0,23.0
不使用 GP,3225,5,7.210343189569982,1383.518086871977,0.87601035542267,0.3573019797733951,0.9853883016937663,0.5752333333333334,8.96406494974829,8.479818430500499,8.523929952039468,8.24196229613767,0.5719610781212424,283.3333333333333,26.666666666666668
不使用 GP,3225,6,7.031268659361397,1134.563107076865,0.8901191965237351,0.49604816226727405,0.9924795000527479,0.8775666666666666,10.06088745404299,9.486942053440513,9.037666511751334,9.037666511751334,0.5695071057303644,19.0,25.333333333333332
不使用 GP,3225,7,7.382173330459545,1625.9626321339317,0.8619364073500829,0.33487796211344656,0.9781539921221315,0.27626666666666666,8.298556432713518,7.7791106207142,7.3534184466517685,7.340034712693218,0.23377291670191228,2.3333333333333335,32.0
不使用 GP,3250,0,6.98108890096163,1076.0940862234513,0.8910638033711656,0.4955388847060141,0.992553874268436,0.8984666666666667,9.898824973486017,9.898824973486017,9.371250732241755,8.649458719568594,0.8292677525662783,266.0,19.333333333333332
不使用 GP,3250,1,6.978330295547669,1073.1250685683217,0.8910802753274231,0.49554013766371147,0.9925668961061858,0.9,9.91080275327423,9.91080275327423,9.91080275327423,8.861308206814714,1.0,1282.3333333333333,16.666666666666668
不使用 GP,3250,2,6.978406796309294,1073.2071728748792,0.8910691981764686,0.4955346012753575,0.9925576647473197,0.9,9.910691976967836,9.910691976967836,9.508070723480731,9.402456533821642,0.9529120198265181,1410.6666666666667,14.333333333333334
不使用 GP,3250,3,6.9839166613948835,1079.1704539687405,0.8910574827175646,0.49554241936210536,0.9925568289329236,0.8983333333333334,9.888847454912915,9.888847454912915,9.437727596689129,8.543001007316333,0.8525441329179646,1014.6666666666666,20.0
不使用 GP,3250,4,6.978424941252818,1073.2266483880865,0.8910706039457595,0.49554052950417155,0.9925579325238784,0.8994666666666666,9.910664334183508,9.910664334183508,9.461905380499173,8.557653035079014,0.8396745544519909,928.3333333333334,15.666666666666666
不使用 GP,3250,5,7.108060479293713,1233.2060877289257,0.8869538416329187,0.4950972655820813,0.9924239580497858,0.8484333333333334,9.33105435725789,8.960829243213256,8.649999954912365,8.441765826405517,0.8516843581852062,293.0,27.333333333333332
不使用 GP,3250,6,7.024520936397535,1126.3790403169444,0.8903257526051043,0.4961305897043739,0.9924984053728231,0.8823666666666666,9.729375528572932,9.790463666640958,9.126226126131668,9.126226126131668,0.930581712407213,265.6666666666667,22.666666666666668
不使用 GP,3250,7,7.229486740228052,1383.9517394998372,0.8829741908955837,0.3359560112881579,0.9922797783288141,0.7976666666666666,8.80352050140436,8.182428798864953,7.710807666478544,7.704993737596076,0.6274133392461324,7.666666666666667,32.0
不使用 GP,3275,0,6.978761232674351,1073.5878040827522,0.891067269098326,0.49553699283308966,0.9925555554070051,0.8994,9.9099051327364,9.9099051327364,9.421470927807926,8.68225635798572,0.8110217744812657,282.0,16.333333333333332
不使用 GP,3275,1,6.978330295547669,1073.1250685683217,0.8910802753274231,0.49554013766371147,0.9925668961061858,0.9,9.91080275327423,9.91080275327423,9.91080275327423,8.861308206814714,1.0,1307.3333333333333,18.0
不使用 GP,3275,2,6.979912412949929,1074.8269140041577,0.8910798465505012,0.4955664287230696,0.9925662316313089,0.8952333333333334,9.907728915112509,9.907728915112509,9.907728915112509,9.51478953490254,0.7754199823165341,1411.6666666666667,15.666666666666666
不使用 GP,3275,3,6.98105152220213,1076.0572374979165,0.8910671066598207,0.4955397481895676,0.9925583981129126,0.8996000000000001,9.89452747623492,9.89452747623492,9.422602433401705,8.544435437966916,0.8171262699564587,1031.0,18.666666666666668
不使用 GP,3275,4,6.979704567587468,1074.6028786195022,0.8910698202710456,0.4955381807613423,0.9925585744897565,0.8993333333333333,9.907136017373373,9.907136017373373,9.486285292305006,8.563782792112148,0.6852850497325447,1946.3333333333333,15.0
不使用 GP,3275,5,7.086458913581133,1207.9128242517038,0.8873886649909349,0.4950873733513546,0.9924548720993318,0.8574666666666667,9.396797517635482,9.192104841431119,8.709868424194163,8.487497397276156,0.8141541798804569,301.6666666666667,27.333333333333332
不使用 GP,3275,6,7.0079443038108025,1105.6436247849676,0.8909440664505498,0.4960699893839129,0.9925249657733971,0.8879666666666667,9.57200318445773,9.738140668563446,9.246745339887449,9.246745339887449,0.7675281836831047,454.3333333333333,24.333333333333332
不使用 GP,3275,7,7.1732193356875555,1312.431978937422,0.8851285240045298,0.363784149246261,0.9923320646215709,0.8180333333333333,9.13449411161895,8.733809000320555,7.787577540249277,7.803094133542866,0.7300422267718715,3.3333333333333335,31.333333333333332
不使用 GP,3300,0,6.982144802567338,1077.2419055759165,0.8910632663355275,0.49553802313536793,0.9925570717277771,0.8990666666666667,9.896577108396372,9.896577108396372,9.367022088023871,8.667789633042156,0.8992642897566497,295.6666666666667,17.333333333333332
不使用 GP,3300,1,7.722333651791502,4048.75004295892,0.5940535172563675,0.3470267586281837,0.7450445977136395,0.6,6.940535172563675,6.940535172563675,6.940535172563675,6.267274519660828,0.6666666666666666,1332.3333333333333,20.0
不使用 GP,3300,2,7.722333742702269,4048.7501405175567,0.5940536297601077,0.34702743055866087,0.7450445867413964,0.6,6.940535040896758,6.940535040896758,6.940535040896758,6.709520311556794,0.6666666666666666,1436.6666666666667,15.666666666666666
不使用 GP,3300,3,7.723061595875401,4049.532071596472,0.5940450215469985,0.34702495726129956,0.7450373089873502,0.5994666666666667,6.938342415354607,6.938342415354607,6.450668737083693,5.910801993104109,0.5797101449275363,1049.6666666666667,15.333333333333334
不使用 GP,3300,4,7.722401948739253,4048.8233416339767,0.5940437628341991,0.34702249884706177,0.7450363565287806,0.6,6.940436278345369,6.940436278345369,6.518014813736367,5.970169162974727,0.5515800105655212,1971.3333333333333,14.666666666666666
不使用 GP,3300,5,7.795975473869018,4136.9901217814695,0.592115686457196,0.26979615440360055,0.7449371805211644,0.5672333333333334,6.662792749950012,6.286028565012502,5.747254122275631,5.7993617230965695,0.37550808051247025,318.6666666666667,22.666666666666668
不使用 GP,3300,6,6.985930536229808,1081.380406555529,0.891126233385937,0.49601808122658,0.9925449620269647,0.8935333333333334,9.959839343805884,10.16236207988054,9.601589941532792,9.601589941532792,0.8806118898580694,278.0,23.666666666666668
不使用 GP,3300,7,7.122031516371021,1243.640623282993,0.8876954896174357,0.43194538873238836,0.9923792709187064,0.8411666666666666,9.264878305307505,8.623375484882976,7.890423106942549,7.87370790592522,0.6295903721933832,5.666666666666667,32.0
不使用 GP,3325,0,6.979074880891537,1073.9246003862395,0.8910711196676152,0.4955426268939141,0.9925584351018705,0.8989333333333333,9.909370412721943,9.909370412721943,9.43454421208048,8.624160376360186,0.7223758856411918,297.0,16.0
不使用 GP,3325,1,7.158522029057839,1329.5998851370723,0.8763574685719101,0.4574924601443762,0.9854669331566721,0.6,9.1418844319977,9.1418844319977,9.050182162228838,8.39108842865947,0.6769759450171821,1010.0,19.666666666666668
不使用 GP,3325,2,7.148652325114985,1311.6810551593724,0.8772078390819407,0.4039476400757979,0.9853968789765135,0.6,9.248715834068365,9.002830987462483,9.074986407682118,8.863122955918003,0.6009643264850592,1303.3333333333333,19.666666666666668
不使用 GP,3325,3,7.157565205215661,1327.7940044677741,0.8764401531641944,0.41848648364631874,0.9854186521230348,0.6,9.142959158362583,9.142959158362583,8.585096351181477,8.05375790559559,0.5056690036324466,962.3333333333334,23.0
不使用 GP,3325,4,7.171216423262759,1335.8295934913763,0.8771432189714563,0.4110927302157696,0.9854230286518851,0.5957333333333333,9.15700347879118,8.712242165781424,8.9470086716127,8.137602916094254,0.5181555954799955,1241.6666666666667,27.0
不使用 GP,3325,5,7.21654842127012,1393.143843002262,0.8756579296029958,0.3994739496595338,0.9853711293521156,0.5722333333333333,8.93357968141191,8.68789145907217,7.918027944768535,7.938308096907278,0.4160503302622898,1.0,26.0
不使用 GP,3325,6,6.979651193181371,1074.5489062127467,0.8911594150167911,0.49603501931016486,0.9925509845341244,0.8989333333333334,9.913264699824452,9.913264699824452,9.688640655327239,9.688640655327239,0.7077035101064278,293.6666666666667,23.333333333333332
不使用 GP,3325,7,7.111648529971323,1230.6436498612775,0.8880283116803765,0.360435849416878,0.9923756781718988,0.8456666666666667,9.132399437212673,9.132399437212673,7.999858888226413,7.991621513885087,0.6047451362947805,1.6666666666666667,31.333333333333332
不使用 GP,3350,0,6.981256642448829,1076.2792295952042,0.8910683235387874,0.491905463943695,0.9925594010750513,0.8993333333333333,9.897687908809287,9.897687908809287,9.470010305210034,8.658142008438032,0.7963835878491413,310.0,21.0
不使用 GP,3350,1,7.082408551071055,1204.2164032895225,0.8872433369852596,0.4190613980146454,0.992478068173403,0.8617333333333334,9.431542101828013,9.183837065261205,9.255806061482296,8.595606708017392,0.8762214983713354,1027.6666666666667,20.666666666666668
不使用 GP,3350,2,7.076187895867425,1195.179029569634,0.8876356167779269,0.4244363340888184,0.9924655774479612,0.8626999999999999,9.429337559383214,9.202724352232126,9.308311902558321,9.055725336020787,0.8563006384018057,1321.3333333333333,19.666666666666668
不使用 GP,3350,3,7.09786465701002,1220.0678853951983,0.8873360478285642,0.49516303236380327,0.9924635857965396,0.8568000000000001,9.397282177593475,8.98624158915751,9.159950053111453,8.405245544284012,0.7477240896358545,1847.3333333333333,28.333333333333332
不使用 GP,3350,4,7.0744699180584405,1192.5292333081586,0.8878646842466053,0.42702636591923354,0.9924587531813635,0.8610333333333333,9.479313286985123,9.28234838115511,9.25527935179162,8.249094010333012,0.7471892403068193,1060.0,22.0
不使用 GP,3350,5,7.1456074784688886,1278.4349760114499,0.8859805604185595,0.42893009219590345,0.9923952410101715,0.8343000000000002,9.087913995060418,8.850710791472489,8.149333307313638,8.171795963225145,0.6127821880454425,3.3333333333333335,29.333333333333332
不使用 GP,3350,6,6.980858256910502,1075.8541437422446,0.8911624593826396,0.4960363448381165,0.9925555583208969,0.8985666666666666,10.03807308407213,9.90613879105571,9.754170227059923,9.754170227059923,0.8821845193773713,505.3333333333333,23.0
不使用 GP,3350,7,7.081153383352858,1192.3213484984592,0.8891268611272446,0.49611903419416997,0.9924040967368281,0.8535,9.788399370618242,9.278354954959447,8.053624946961422,8.077135823120406,0.6920260219120498,10.0,28.666666666666668
不使用 GP,3375,0,6.978394542736017,1073.194020482431,0.8910721435852444,0.49553794954603525,0.9925597788001072,0.8996666666666666,9.910709599094,9.910709599094,9.481681298897593,8.669810930517812,0.8916166086161543,810.3333333333334,16.333333333333332
不使用 GP,3375,1,7.078317264807143,1198.2536129518382,0.8875755429509642,0.43736266486274883,0.9924816427295831,0.8620666666666666,9.432492378541058,9.120958715051957,9.24591188420869,8.547202702173147,0.8692390139335476,1048.3333333333333,20.333333333333332
不使用 GP,3375,2,7.061649389890232,1174.7037140800767,0.8886169962213127,0.4272507056085028,0.992477934308281,0.8658333333333333,9.542959193855205,9.331385923156505,9.336827209864241,9.117384293647882,0.8557993730407523,1337.0,18.666666666666668
不使用 GP,3375,3,7.0665681945406575,1181.5260063227379,0.8882896475569156,0.4956402601756074,0.9924885085818991,0.8681000000000001,9.469823187281186,9.327844012135323,9.283212050781609,8.45938738430634,0.7622576556333364,972.6666666666666,21.0
不使用 GP,3375,4,7.0539370671453225,1164.199185627311,0.8890306716730253,0.4319568712285282,0.9924898117812905,0.8687333333333335,9.569965422270942,9.284338832338463,9.273556465432879,8.325151766518749,0.8470666334744005,1073.6666666666667,19.666666666666668
不使用 GP,3375,5,7.109528574511686,1233.5485771162757,0.887190553347061,0.4262545992322984,0.9924443131290509,0.8475,9.208274941881507,9.208274941881507,8.262832344730931,8.352289929470908,0.6416906244938847,6.333333333333333,26.333333333333332
不使用 GP,3375,6,6.97839019798343,1073.1903897367738,0.8911674942212405,0.4960335822751753,0.9925568064865834,0.8994333333333334,9.917146087644804,10.082001875901783,9.804823310315918,9.804823310315918,0.8228095937347039,523.3333333333334,22.666666666666668
不使用 GP,3375,7,7.068515553421541,1175.2488824922523,0.8898606327989492,0.49608891674560224,0.9924253680879271,0.8642333333333333,9.389506461022021,9.389506461022021,8.126411707794595,8.157979584216541,0.7973348847471482,0.0,32.0
不使用 GP,3400,0,7.7223923775639856,4048.8130686091995,0.5940450157627092,0.34702251567700076,0.7450375117128055,0.6,6.940450140553666,6.940450140553666,6.511423759800117,5.81176563213025,0.5005005005005004,835.3333333333334,15.333333333333334
不使用 GP,3400,1,8.53602832694949,7107.555139867812,0.29526160093154985,0.14679622729868388,0.49746324576362255,0.27276666666666666,3.557864126117559,3.557864126117559,3.3979876287432447,3.4069656690588093,0.20779220779220778,1060.0,21.0
不使用 GP,3400,2,7.040368757141557,1146.2983338705594,0.8896674089821763,0.49565009913579555,0.9924942606417023,0.8723,9.562087276032537,9.562087276032537,9.466780659209594,9.122395129948437,0.8833883388338833,1352.6666666666667,21.0
不使用 GP,3400,3,7.787466400080967,4125.941742988726,0.5925244812556436,0.3472119156895975,0.74497575140062,0.5722999999999999,6.564598889105729,6.564598889105729,6.333564393988024,5.8670721840177125,0.40582114441061257,988.3333333333334,20.333333333333332
不使用 GP,3400,4,7.03519631760447,1139.663814293564,0.8898852054992146,0.4956951065478561,0.9925034763374896,0.8786,9.555622567911058,9.555622567911058,9.315484627228026,8.295863163996087,0.8352331500087055,1291.0,20.333333333333332
不使用 GP,3400,5,7.072081038913164,1188.3629278626713,0.8881531574140199,0.4954356282220695,0.9924547233810491,0.8616,9.352940301945685,9.352940301945685,8.296991747806237,8.403766167624068,0.6862314869468351,15.666666666666666,25.666666666666668
不使用 GP,3400,6,6.977532223316124,1072.2689955520812,0.8911685006467446,0.4960317767259632,0.9925576609618177,0.8999,9.920393817425364,10.118257355264648,9.827893685891077,9.827893685891077,0.8345864661654135,544.0,21.333333333333332
不使用 GP,3400,7,7.043019191562675,1145.8437507990357,0.890344479888438,0.4960957758397179,0.992461048821221,0.8662000000000001,9.669755425718394,9.386524927610543,8.181339950921716,8.234278342285112,0.8078172692658674,2.6666666666666665,27.333333333333332
不使用 GP,3425,0,7.155931121123738,1321.1051085967777,0.8770163313011173,0.4455427969251569,0.9854238323778707,0.5989333333333334,9.210350400949595,8.957367025393713,8.559187100253721,7.9155489684700475,0.4998993680312362,522.3333333333334,24.333333333333332
不使用 GP,3425,1,7.39828051047569,1653.6302455109292,0.8605979137563137,0.32156312197534725,0.978244503669198,0.27636666666666665,8.116421574204345,7.698603766234186,7.571684657919358,7.512323835141506,0.25931509774290623,5.333333333333333,32.0
不使用 GP,3425,2,7.0142029773968195,1113.7687188584503,0.8905944120169909,0.4956108627329481,0.9925306296443767,0.8844666666666666,9.719292818687752,9.719292818687752,9.588104266435378,9.216834091940521,0.9552238805970149,1369.3333333333333,20.666666666666668
不使用 GP,3425,3,7.220651485395006,1401.4731665429863,0.8751446551407579,0.4042463958866292,0.9853845245100517,0.5761,8.805181627928613,8.805181627928613,8.44335107209992,7.921361066614783,0.3949089707534257,910.6666666666666,27.0
不使用 GP,3425,4,7.017210762340994,1117.379456188646,0.890519297393355,0.4956593449104901,0.9925269102154326,0.8831666666666668,9.69228241757923,9.69228241757923,9.352066360112323,8.402362122814873,0.9609334789540416,1307.6666666666667,19.0
不使用 GP,3425,5,7.067558681207179,1180.3841248617357,0.8887318275950905,0.49575419016667355,0.9924636054126029,0.8634666666666666,9.378932897559684,9.378932897559684,8.807435519243006,8.482879900971625,0.6387824649070714,0.0,29.333333333333332
不使用 GP,3425,6,6.977422854265588,1072.151712527373,0.8911682486555773,0.4960301951875093,0.9925576933355612,0.9001,9.920603000854934,11.010323953948934,9.828103753773561,9.828103753773561,0.9494762784966112,569.0,22.666666666666668
不使用 GP,3425,7,7.006803523531335,1104.3189803481075,0.8909333850774722,0.49593772274549935,0.9925026308795174,0.8825333333333334,9.786299486931037,9.786299486931037,8.230750170267719,8.282941532551172,0.8056671413688461,4.0,28.666666666666668
不使用 GP,3450,0,7.074975031491561,1193.4161896636583,0.8877823584231219,0.4148921501402378,0.9924536306167985,0.8631666666666667,9.415424634798576,9.415424634798576,8.679899627081303,8.065016430433039,0.6987053621314433,537.0,23.0
不使用 GP,3450,1,7.20936856540088,1357.4783350439777,0.8837731009913271,0.33124950522249086,0.9923663075695378,0.8070333333333334,8.776307684468483,8.337069664212704,8.012653079250551,8.014138775034292,0.6756871770897016,3.0,32.0
不使用 GP,3450,2,6.994011164559829,1090.3546880497454,0.8909746381793958,0.4955729479087147,0.9925470818441721,0.8925333333333333,9.843584568545735,9.843584568545735,9.605432811851674,9.261893104563486,0.9743589743589745,1386.0,20.666666666666668
不使用 GP,3450,3,7.117295425874107,1242.1258339753665,0.8871036316906565,0.38684148917783584,0.9924434003292509,0.8460333333333333,9.264701759249249,9.00454472931546,8.71564296386601,8.13112719240995,0.7836052836052835,921.3333333333334,28.333333333333332
不使用 GP,3450,4,6.986357281150553,1081.843581799483,0.8910373432912824,0.49557441886776027,0.9925480319085856,0.8927333333333333,9.876295569504917,9.876295569504917,9.393000091593287,8.42068353858744,0.9285714285714285,1324.3333333333333,20.666666666666668
不使用 GP,3450,5,7.03206561580824,1135.0348614370914,0.890121195846894,0.49580866940242435,0.9924828421365673,0.8750333333333332,9.697666332158732,9.364059110165613,8.793154504446434,8.498394585993589,0.5618509293554278,31.666666666666668,25.666666666666668
不使用 GP,3450,6,6.978446084163996,1073.2504892063778,0.8911703124148657,0.4960360533739943,0.9925594088911748,0.8991000000000001,9.918131818049401,9.918131818049401,9.918131818049401,9.918131818049401,0.8264299802761341,574.3333333333334,21.333333333333332
不使用 GP,3450,7,6.9911579938667785,1087.0521057756366,0.8910570818455336,0.49587951518461576,0.9925208807420746,0.8936333333333333,9.863660921083031,10.299077017431664,8.264360929568726,8.308298653045208,0.8135922308048951,16.333333333333332,26.666666666666668
不使用 GP,3475,0,7.060425549039624,1173.0053662352218,0.8886689946156775,0.4161813548341176,0.9924756016436671,0.8690666666666668,9.49738943702689,9.36202855431632,8.782556418040643,8.192550772835363,0.8518155895723631,558.6666666666666,21.333333333333332
不使用 GP,3475,1,7.164896125123156,1301.231241602775,0.8854061460774701,0.3962529436047724,0.9923985692056988,0.8299666666666666,9.013713124194842,8.570812049249398,8.144954050879788,8.08709415587245,0.7175295750719953,9.333333333333334,32.0
不使用 GP,3475,2,6.982925231646566,1078.0901524445287,0.891059060906734,0.4955501325122013,0.9925537451448433,0.8972666666666668,9.890268480984204,9.890268480984204,9.670686012460642,9.275622201941554,0.858267716535433,1402.6666666666667,21.0
不使用 GP,3475,3,7.09880475575977,1217.9739297739823,0.8879212730344713,0.416076742060475,0.992458395084237,0.8535666666666667,9.28654950895212,9.122262188149213,8.825081515965504,8.193855235581276,0.79146439211772,930.0,26.0
不使用 GP,3475,4,6.979491994687588,1074.373891908707,0.8910612776042074,0.49553763211096885,0.9925504438993306,0.8991333333333333,9.907769612360509,9.907769612360509,9.426055219432008,8.449169116638624,0.8815789473684211,1341.0,15.0
不使用 GP,3475,5,7.03884171541188,1144.1553966544527,0.889750731460928,0.49572672286344316,0.9924861302555071,0.8755000000000001,9.499248029934316,9.499248029934316,8.792114678975187,8.504698162671893,0.6038523550600572,20.0,22.666666666666668
不使用 GP,3475,6,6.977407691034436,1072.1354551179156,0.8911705306686862,0.4960317378181707,0.9925595224736106,0.9001,9.92062498380299,10.734413612505904,9.92062498380299,9.92062498380299,0.8338338338338338,599.3333333333334,19.0
不使用 GP,3475,7,6.983441839619957,1078.627034313869,0.8910971647474328,0.49586373323657323,0.9925274623695567,0.8970666666666666,10.110447495386135,9.884771437452914,8.356031449479532,8.40190786333948,0.6785392182546083,5.333333333333333,22.333333333333332
不使用 GP,3500,0,7.043446826779314,1150.0336043150994,0.88961679072266,0.4593510450563841,0.992492845544443,0.8697666666666667,9.603347288199615,9.603347288199615,9.182855267420466,8.157201098448072,0.7918625077149505,549.6666666666666,23.0
不使用 GP,3500,1,7.1407043069255565,1269.8082500355474,0.8864865474625798,0.4028317461231154,0.9924144860232568,0.8389666666666667,8.971461040660907,8.97070371956365,8.187763926299793,8.092210076982392,0.6810473459373134,0.6666666666666666,31.333333333333332
不使用 GP,3500,2,7.725075438695998,4051.7044571107485,0.5940383012952131,0.3470252984596516,0.74503397821148,0.5989333333333334,6.928289836474968,6.928289836474968,6.720870435420462,6.390845270279346,0.5574136008918618,1421.0,20.0
不使用 GP,3500,3,7.0508762929009885,1159.0365844958194,0.8893879103812029,0.49571646252607177,0.9924867053024026,0.8707333333333334,9.543626020437229,9.543626020437229,8.886155781076132,8.21373010818122,0.770431528202654,937.3333333333334,26.666666666666668
不使用 GP,3500,4,7.722608295000519,4049.0448909192924,0.5940350979185808,0.34701926284765855,0.745028977141532,0.5997333333333333,6.940069718694672,6.940069718694672,6.465066953407704,6.055830840200174,0.47147571900047147,1360.6666666666667,13.333333333333334
不使用 GP,3500,5,7.032964905582156,1135.8650554487501,0.8901545990728866,0.4261821907846419,0.9924906344840213,0.8755666666666667,9.703925605479931,9.399161122697558,8.77286401531252,8.514417561573756,0.5742360154967605,478.0,26.666666666666668
不使用 GP,3500,6,7.721718544650774,4048.090260493375,0.5941136292317261,0.3473541695042342,0.7450396864846929,0.6000666666666666,6.9470833741217115,6.9470833741217115,6.9470833741217115,6.9470833741217115,0.6447453255963894,1307.6666666666667,19.333333333333332
不使用 GP,3500,7,6.983128886153897,1078.2948622945905,0.8910990353829723,0.4958566599610454,0.9925326917698228,0.8984,9.874152635240733,9.874152635240733,8.427102851545607,8.473337859117079,0.8110105386002703,8.0,23.333333333333332
不使用 GP,3525,0,7.0165402084672275,1116.5716491857172,0.8905153851622266,0.4819699883428427,0.9925201754591041,0.8790333333333332,9.765744173203588,9.667948727954968,9.22631744087445,8.202761791911406,0.7775559695974921,570.0,17.333333333333332
不使用 GP,3525,1,7.120331424386162,1243.341465528523,0.8874203366594301,0.4552322590904596,0.9924289633969513,0.8459333333333333,9.335530440838985,8.795816693964865,8.470817324590419,8.129926300332697,0.6563169378350869,25.333333333333332,29.666666666666668
不使用 GP,3525,2,7.1561161531371695,1325.119490316931,0.8765843563043113,0.4215485767667488,0.985359488855317,0.6,9.15921814901638,9.15921814901638,8.852767449233754,8.530159328268509,0.6149160500242047,893.6666666666666,19.333333333333332
不使用 GP,3525,3,7.032880437935358,1136.3949900359305,0.8900640103848113,0.49564419566223455,0.9925063008164182,0.8770333333333333,9.64159387168195,9.491625163411625,9.026219659285854,8.257742427371712,0.8044487862365192,944.3333333333334,22.666666666666668
不使用 GP,3525,4,7.142442559096163,1300.5878134455686,0.8778432839989279,0.41101621054413723,0.9854494682069963,0.6,9.283266943707012,9.057423611533201,8.63968878440729,8.165652633310744,0.525901613623088,266.6666666666667,21.333333333333332
不使用 GP,3525,5,7.011115068253813,1110.0925994693623,0.8906446772214117,0.49561307472359967,0.9925091734760625,0.8816333333333333,9.716808903252254,9.716808903252254,8.744667395497384,8.509599334173442,0.7047056160074758,455.0,20.666666666666668
不使用 GP,3525,6,7.1521850051146005,1318.4871606200647,0.8769300686500959,0.41043400692550125,0.9853680144606188,0.6000666666666666,9.223333844985964,9.35368443496474,9.027203012054427,9.027203012054427,0.6659116815443147,987.3333333333334,22.666666666666668
不使用 GP,3525,7,6.9783720027502625,1073.170012797065,0.8911078163060937,0.49585757411100784,0.9925340481846652,0.8987333333333334,9.916228800948574,10.287708830646007,8.476927539204679,8.52316337833353,0.9440355803524999,28.666666666666668,20.333333333333332
不使用 GP,3550,0,6.985645737879765,1081.0622304349326,0.8910363032162847,0.49556305071091294,0.9925429466923243,0.8946999999999999,9.868497041275752,9.877942760962759,9.294590733744457,8.271515287764837,0.8201535512380239,1643.6666666666667,18.0
不使用 GP,3550,1,7.0573869020342626,1163.5098859699358,0.8898153301454741,0.4139677781618791,0.9924643272929045,0.8615666666666667,9.4623863016556,9.288301592018248,8.480462203952584,8.185715588024161,0.703625068805536,6.0,26.666666666666668
不使用 GP,3550,2,7.077831686066401,1196.2204614893224,0.8878161119761181,0.432005364573312,0.9924597277427664,0.8622,9.422728118155563,9.219479276743298,9.085458697797398,8.754536533164368,0.7967494120321811,908.0,26.333333333333332
不使用 GP,3550,3,7.015801470417373,1115.472124010779,0.8905835656803743,0.4956186975010765,0.9925257790635577,0.8863,9.735508548969966,9.592959421836067,9.173063097294323,8.251404594064907,0.7939948240281943,955.0,23.0
不使用 GP,3550,4,7.071262482171098,1188.0975707973446,0.8880596217151521,0.4310840488331577,0.992456221034077,0.8646666666666666,9.470908522550827,9.30392302564706,8.804348168762118,8.351287217881636,0.8510470005411932,295.6666666666667,18.333333333333332
不使用 GP,3550,5,7.016387085542086,1115.2497880206001,0.8906791718034605,0.47207089734162283,0.9925326917300934,0.8878333333333334,9.727026218783761,9.594917814887253,9.055553840486816,8.59149493671526,0.8321678321678322,1285.0,26.666666666666668
不使用 GP,3550,6,7.078350900382314,1198.5344563349383,0.8875663984704566,0.4277289566052107,0.9924428723818407,0.8629333333333333,9.469695479219071,9.186898146813684,9.155781108959848,9.155781108959848,0.872707659115426,1004.6666666666666,24.0
不使用 GP,3550,7,6.985075743550456,1080.4438502968417,0.8910948932903605,0.4958999291400859,0.9925483091719993,0.8916666666666666,9.899584658677638,9.899584658677638,9.093531381759814,8.964099240129025,0.8267039012229964,24.0,23.666666666666668
不使用 GP,3575,0,6.9795760695285445,1074.464441149477,0.8910551493316327,0.4955352259891012,0.9925454529959293,0.8987333333333334,9.90807009006713,9.90807009006713,9.335487936043785,8.312394766703916,0.9243498817966903,1659.6666666666667,18.0
不使用 GP,3575,1,7.031895423710007,1133.811440284998,0.89035945827569,0.4956317931963626,0.9924998157228678,0.8748999999999999,9.607165814227649,9.607165814227649,8.517732194821166,8.229633363146887,0.693500092131933,7.0,28.0
不使用 GP,3575,2,7.068114528619827,1183.6729722214097,0.8882254547875936,0.42759268963267766,0.9924650283894868,0.8632666666666666,9.49367036980702,9.243358624631833,9.156060131560599,8.832138344774664,0.8473078694952475,924.3333333333334,20.666666666666668
不使用 GP,3575,3,6.9875284010390715,1083.1259622463479,0.891031880215909,0.4955770912757904,0.992545118379813,0.8929999999999999,9.848282624625467,9.848282624625467,9.283907729155285,8.258127639585643,0.7461982280074709,965.3333333333334,24.333333333333332
不使用 GP,3575,4,7.057739641699571,1168.8862874826546,0.8889619951947312,0.44664410163297447,0.9924985367714457,0.8655666666666666,9.509683350907542,9.509683350907542,9.401971570716228,8.562278285983988,0.7740986019131714,286.0,21.333333333333332
不使用 GP,3575,5,6.9840951455371325,1079.3629475994273,0.891047029258958,0.4955640667602746,0.9925435061213349,0.8930666666666666,9.890040265237621,9.866334416406533,9.224370999465242,8.63205718330721,0.8755715719928627,469.0,19.333333333333332
不使用 GP,3575,6,7.068796851993564,1184.8651856566069,0.8882052516661694,0.49574465193823797,0.9924613611715637,0.8658,9.48283334573127,9.226801619359604,9.292860438720284,9.292860438720284,0.8709677419354839,1026.0,23.666666666666668
不使用 GP,3575,7,6.978818915290361,1073.650351137089,0.8911007755141919,0.49572368419339014,0.9925553422084435,0.8957333333333333,9.912785682371256,9.912785682371256,9.536191924651995,9.167319376571685,0.8578600796947501,27.666666666666668,18.333333333333332
不使用 GP,3600,0,7.728217984346938,4055.1207331773276,0.5940125839253193,0.3470180854654327,0.7450238256407946,0.5990000000000001,6.8925212935095095,6.8778061289935435,6.398592815074757,5.9222653623010855,0.4894762604013705,1677.6666666666667,18.666666666666668
不使用 GP,3600,1,6.999182945295064,1095.9484550071297,0.8909489853470616,0.4955817153535167,0.9925304044881753,0.8893333333333334,9.828866276767796,9.73322401639753,8.580625639421015,8.294583189031998,0.8060765145460596,2.6666666666666665,26.333333333333332
不使用 GP,3600,2,7.797711681792422,4139.499687737041,0.5920121456839978,0.34718695314431,0.7449563320033091,0.5709333333333334,6.602752745592972,6.317784453421631,6.204921316075404,6.040723549133243,0.5291005291005292,921.6666666666666,19.0
不使用 GP,3600,3,6.982056744911763,1077.1354959983307,0.8910596249717657,0.49554290851476795,0.9925502428478378,0.8978,9.89733394958068,9.89733394958068,9.383689683886026,8.35400705969981,0.6997501249375313,971.3333333333334,21.0
不使用 GP,3600,4,7.762013585966355,4093.9696436465224,0.593505894289512,0.34724252407544515,0.745015420199069,0.5797666666666667,6.774227851769204,6.617870474066447,6.5658438656362295,5.988996271402381,0.5622380790576509,303.0,19.333333333333332
不使用 GP,3600,5,6.980582656424328,1075.5503179507355,0.891054606786264,0.4955351834676958,0.9925458317652005,0.8986000000000001,9.902089891729416,9.902089891729416,9.224737650727596,8.630686099081624,0.7053170506525662,485.6666666666667,17.0
不使用 GP,3600,6,7.783741153111102,4121.1755692187335,0.5927246777914976,0.28099791685279946,0.7449602094829522,0.5732666666666667,6.669031991691154,6.443215040846631,6.401867443608999,6.401867443608999,0.5307855626326964,1038.0,26.0
不使用 GP,3600,7,6.986984787105563,1082.5340356728436,0.8910416484614956,0.4955629239522599,0.9925634368994821,0.8959666666666667,9.882462386158451,9.882462386158451,9.844427255449958,9.474795354855821,0.6438061708610673,310.6666666666667,21.666666666666668
不使用 GP,3625,0,7.141789568686508,1299.300849615256,0.8778851586703227,0.42490458057934566,0.9854462541304044,0.5992000000000001,9.290963287518222,9.016453282865369,8.637538111876934,8.093015679661038,0.4816566647370651,1107.0,17.666666666666668
不使用 GP,3625,1,6.985557018712076,1080.9243411460823,0.8910452258733542,0.4955500910848,0.9925429004107066,0.8962,9.866482613337427,9.866482613337427,8.717306041262582,8.43347056308159,0.6953250200770048,9.666666666666666,20.666666666666668
不使用 GP,3625,2,7.21990197378095,1395.9859681712624,0.8755134359308263,0.3361525976648954,0.9853397820804952,0.5729666666666667,8.841100490381924,8.537500336511753,8.355549703826805,8.200867430148113,0.5559248154858584,9.0,25.333333333333332
不使用 GP,3625,3,6.979905106694521,1074.8186696206687,0.891061010459418,0.49553450221094364,0.9925511876143572,0.8994,9.899811148916196,9.899811148916196,9.424579925010974,8.388792339402954,0.6477462581912933,986.3333333333334,18.0
不使用 GP,3625,4,7.159524764984458,1321.161288204977,0.8774987699543502,0.46446500202172863,0.9854212442301936,0.5935333333333334,9.19309371729715,8.906915402674962,8.75966699064648,8.211817729569264,0.5899697600211637,1036.6666666666667,25.333333333333332
不使用 GP,3625,5,6.981696083206927,1076.7552765780695,0.8910552009858664,0.49553716845842866,0.9925492827405313,0.8984,9.90100968675407,9.90100968675407,9.24402378653103,8.660461167222685,0.7884687777627201,1335.6666666666667,19.333333333333332
不使用 GP,3625,6,7.198715803884556,1370.3170679175507,0.8763398153040051,0.3984756355247745,0.9853658384939643,0.5806666666666667,8.984791135329614,8.984791135329614,8.582963846576819,8.582963846576819,0.597124872077082,745.0,28.333333333333332
不使用 GP,3625,7,6.98376557844504,1079.0056203820013,0.8910681768179415,0.4955474449853756,0.9925658830062183,0.8987333333333334,9.888626714039445,9.888626714039445,9.888626714039445,9.518993414175895,0.8348841588120921,1244.0,20.666666666666668
不使用 GP,3650,0,7.072492637900349,1189.831554235938,0.8879247030448841,0.4468693563396662,0.9924595363266616,0.8650333333333333,9.444077955199136,9.312809132929145,8.79907911787746,8.225459990974453,0.7139142767097385,1132.3333333333333,21.333333333333332
不使用 GP,3650,1,6.983074392872942,1078.2363376447552,0.8910569311205947,0.49554282432064395,0.9925506915313628,0.8977333333333334,9.892309016929628,9.892309016929628,8.81830747418572,8.534481810685564,0.738773192801958,24.666666666666668,23.0
不使用 GP,3650,2,7.127796033473839,1253.4495358366144,0.8870040109771985,0.44378455212065715,0.9923845310913492,0.8404333333333334,9.0948007335948,8.909247094481229,8.598298329125939,8.399105507360607,0.7382659760000895,1076.6666666666667,27.0
不使用 GP,3650,3,6.980011234369148,1074.9313644524539,0.8910649681996583,0.4955371320602074,0.9925539945799753,0.899,9.905040632617313,9.905040632617313,9.509008469971999,8.447266369596063,0.6841999053096451,990.3333333333334,22.0
不使用 GP,3650,4,7.079044062690034,1198.6769397326345,0.8875827486273691,0.49511773836111866,0.9924678130098283,0.8604666666666666,9.34575238459616,9.34575238459616,9.280975459118567,8.419128746417703,0.7775315571136076,1046.0,24.333333333333332
不使用 GP,3650,5,6.981889772000045,1076.965299280609,0.8910553475708135,0.495532541424724,0.9925501760076233,0.8994,9.88210798445565,9.88210798445565,9.255109409160509,8.652840166583346,0.9191564147627416,1351.3333333333333,18.0
不使用 GP,3650,6,7.080483644037464,1197.5677136235217,0.8881288371471472,0.4242967428996222,0.992419642590698,0.8556333333333334,9.44548210952639,9.720263938428724,8.758944614772586,8.758944614772586,0.8420454452539227,757.0,27.0
不使用 GP,3650,7,6.978334810426456,1073.129913630808,0.8910809628216265,0.49554400946774796,0.9925668358171252,0.8999333333333334,9.910795887177109,9.910795887177109,9.910795887177109,9.54116258731356,1.0,1269.0,15.666666666666666
不使用 GP,3675,0,7.077509207195647,1193.2439275520753,0.8883246448881051,0.42608267044814935,0.9924811487751198,0.8603666666666666,9.465428862243876,9.23583139973835,9.232854196733623,8.512577186691514,0.7649717514124293,1128.6666666666667,27.0
不使用 GP,3675,1,6.98387901015154,1079.1050204265364,0.8910583660964496,0.4955407447595172,0.9925529795788227,0.898,9.882209307270172,9.882823886606062,8.910648777923685,8.58872583600949,0.6490044018436383,28.333333333333332,21.333333333333332
不使用 GP,3675,2,7.075793044960858,1189.3082395466738,0.8886905935150878,0.4180068213706039,0.9924451824080971,0.8535,9.449606220181039,9.180545858969259,8.839588879399095,8.72497636492018,0.8048609281719017,9.0,24.666666666666668
不使用 GP,3675,3,6.9841163602014715,1079.3876272437772,0.8910599384509316,0.4955445873843827,0.9925590853048543,0.8980666666666667,9.882405897908843,9.8832956908002,9.610928757841483,8.552543258271298,0.6218078715677179,1006.3333333333334,21.333333333333332
不使用 GP,3675,4,7.06557330099918,1179.4979827464729,0.8884913262346693,0.4250454191298771,0.9924853382295495,0.8666999999999999,9.52407934912029,9.27057858656871,9.319917173517766,8.469613246688334,0.7008888547350086,1055.0,20.333333333333332
不使用 GP,3675,5,6.978496695838403,1073.3036814687248,0.8910618520449294,0.4955332717481864,0.9925511292238499,0.8996000000000001,9.910557652621554,9.910557652621554,9.283531336809437,8.643390936832834,0.92018779342723,1376.3333333333333,15.666666666666666
不使用 GP,3675,6,7.066937940203199,1180.3411141316672,0.8886827731842505,0.4411085253686761,0.9924361132296026,0.8641333333333333,9.524975737343105,9.843677436493488,8.810003955485739,8.810003955485739,0.7815437505359987,773.6666666666666,29.666666666666668
不使用 GP,3675,7,6.978330291551416,1073.1250642798416,0.8910802787716766,0.4955401526438033,0.9925668965882769,0.9,9.910802759059322,9.910802759059322,9.910802759059322,9.541169459195771,0.9350180505415162,1833.0,14.666666666666666
不使用 GP,3700,0,7.04051382655157,1146.4363778723955,0.8897133157891162,0.46064636198671177,0.9925116452341703,0.8746333333333333,9.50662462921649,9.50662462921649,9.309304444840278,8.653881410969872,0.7909736915948096,1135.3333333333333,21.333333333333332
不使用 GP,3700,1,6.981113782838016,1076.1185507775613,0.8910656428770635,0.4955451241858128,0.9925548314349103,0.8974666666666667,9.894994038722722,9.90052769677272,9.373561968533771,8.724487089520276,0.7354685525271417,39.0,19.0
不使用 GP,3700,2,7.050015316436148,1156.7885429729092,0.8896325276895443,0.4229869200044762,0.9924746796995221,0.8684333333333334,9.48578797548521,9.491260262413059,8.982337413004009,8.83322257864965,0.7968859158029725,14.0,26.0
不使用 GP,3700,3,7.732085145298803,4059.3683763841786,0.5940128252681594,0.3470409361602322,0.7450422627115517,0.5968,6.904641148206321,6.8469513229150465,6.851887094699838,6.154611536744994,0.3550637958532696,1011.3333333333334,18.666666666666668
不使用 GP,3700,4,7.046266564088911,1153.5663282943417,0.8895129816973452,0.49566779850316456,0.9925046877696904,0.8739333333333333,9.534819616389107,9.534819616389107,9.444077544801152,8.511778398664234,0.8137153546989614,1062.0,23.0
不使用 GP,3700,5,7.722463945908636,4048.8898921706204,0.5940346504452833,0.34701734315421046,0.7450288721016972,0.6,6.940346465220368,6.940346465220368,6.313329736197368,6.062507855178953,0.6349206349206349,1401.3333333333333,14.666666666666666
不使用 GP,3700,6,7.792153827352744,4131.710324553945,0.5923819393794278,0.2824378470771794,0.7449393626878074,0.5713333333333334,6.686547590508835,6.535219832767324,5.913233916809108,5.913233916809108,0.3811185660334078,772.6666666666666,26.0
不使用 GP,3700,7,6.978330289741109,1073.1250623371564,0.8910802761680086,0.49554013808400427,0.9925668968066739,0.9,9.910802761680086,9.910802761680086,9.910802761680086,9.541169461816537,0.9780786589297228,1858.0,13.333333333333334
不使用 GP,3725,0,7.03658531588778,1141.337576686328,0.8898815944755872,0.4503063308521745,0.9925163409945642,0.8790999999999999,9.578359696606533,9.578359696606533,9.35233672562286,8.679664381245997,0.8182454632966579,1139.6666666666667,21.666666666666668
不使用 GP,3725,1,6.978446111908419,1073.2493755790545,0.8910664106748373,0.49553465049848194,0.9925550819918024,0.8997999999999999,9.910632977674732,9.910632977674732,9.389207363712076,8.722606457188485,0.6661871366061259,60.0,14.666666666666666
不使用 GP,3725,2,7.02265988164683,1123.7369555663756,0.8903973994515343,0.46018053168120243,0.9925135735581145,0.8791000000000001,9.68097226464274,9.68097226464274,9.129881002836791,8.924517413582636,0.6866124236136422,1099.3333333333333,23.0
不使用 GP,3725,3,7.1509107078877525,1315.667855913365,0.8771406962709989,0.40270100330211583,0.985477981653266,0.5994,9.241505077640438,8.93219513255896,9.123032374445058,8.32000565032021,0.4172548537286069,12.0,22.0
不使用 GP,3725,4,7.0149940928031596,1114.5115677137337,0.8906236743270632,0.4956201294978329,0.9925352286892896,0.8821666666666667,9.720234200310179,9.720234200310179,9.4921806198725,8.58455515847207,0.7545968134402573,1069.0,22.666666666666668
不使用 GP,3725,5,7.1574269091556415,1326.4672389547975,0.8766144536343612,0.48824881837805106,0.9853931326664616,0.5936,9.144690399412449,9.144690399412449,9.029490712719634,8.510310138267975,0.47904376023918543,893.3333333333334,23.0
不使用 GP,3725,6,7.206403256907831,1383.034110650349,0.8756814676824526,0.36322261664634864,0.9852851722495588,0.5778666666666666,9.061788011630703,8.916187047594311,8.091523044916034,8.091523044916034,0.4091286955656764,2.3333333333333335,29.333333333333332
不使用 GP,3725,7,6.978330289741109,1073.1250623371564,0.8910802761680086,0.49554013808400427,0.9925668968066739,0.9,9.910802761680086,9.910802761680086,9.910802761680086,9.541169461816537,1.0,1883.0,15.333333333333334
不使用 GP,3750,0,7.006212122832761,1104.322571985689,0.8907864127518828,0.47619136905364545,0.9925376795602,0.8853666666666666,9.80959060376048,9.708960717187885,9.41632496578026,8.768363003081191,0.84862584217197,1156.0,22.333333333333332
不使用 GP,3750,1,6.978427995604197,1073.2299283139832,0.8910661287149167,0.49553307264634444,0.9925551057382426,0.9,9.910661268858911,9.910661268858911,9.389239102318713,8.722580479358548,0.7807216058582179,85.0,16.333333333333332
不使用 GP,3750,2,7.001479758555362,1098.8111421062815,0.8908695189250447,0.49558138172098704,0.9925329050406897,0.8892000000000001,9.810590339012629,9.763502616219553,9.250581098307103,9.032321525867024,0.8721355168733029,1112.0,22.333333333333332
不使用 GP,3750,3,7.0674018302392225,1182.6985632243393,0.8882651979412671,0.4222815257766759,0.9924881591907068,0.8645666666666667,9.486253816955754,9.278004412245389,9.236854740912646,8.468251263106358,0.6854548110634983,31.666666666666668,22.0
不使用 GP,3750,4,6.986123731860989,1081.5863245486817,0.8910498602486069,0.4955713569412727,0.9925563085842803,0.8944,9.871698803909554,9.819318964263083,9.512703615634358,8.642677348367272,0.9829519614340102,1086.6666666666667,21.333333333333332
不使用 GP,3750,5,7.078763302708041,1198.900104431129,0.887549328687391,0.4952341896809,0.992462750750569,0.8605666666666667,9.424395268857852,9.164372414899276,9.163719561913238,8.690847586783043,0.7160530522199765,911.0,20.333333333333332
不使用 GP,3750,6,7.119768542153264,1249.2388912060817,0.886313442929226,0.4080393965050771,0.9923820057439071,0.8450666666666667,9.209906215734646,9.374507896839075,8.346285320902654,8.346285320902654,0.810380807745183,3.6666666666666665,31.666666666666668
不使用 GP,3750,7,6.978330289741109,1073.1250623371564,0.8910802761680086,0.49554013808400427,0.9925668968066739,0.9,9.910802761680086,9.910802761680086,9.910802761680086,9.541169461816537,1.0,1908.0,17.333333333333332
不使用 GP,3775,0,6.983879421916543,1079.1298181601196,0.8910586786652933,0.4955618059064056,0.9925552560560037,0.8964666666666666,9.884874188513377,9.884874188513377,9.44984786681127,8.81065244722486,0.8744592136073607,1170.3333333333333,18.333333333333332
不使用 GP,3775,1,6.990021793029089,1085.8941327131522,0.8910022370209157,0.49556433103867353,0.9925650771268808,0.8944666666666666,9.875436698099781,9.875436698099781,9.875436698099781,8.8873597728845,0.8783902012248469,88.66666666666667,21.666666666666668
不使用 GP,3775,2,6.9914508892275,1087.4831779360723,0.8909947844304741,0.49555405404131525,0.99254513212512,0.8953333333333333,9.827599442912225,9.827599442912225,9.310592639066554,9.09779729262524,0.840553876359503,1127.6666666666667,20.333333333333332
不使用 GP,3775,3,7.063626889062047,1177.436533064286,0.8885281416664471,0.4955922192301406,0.9924851518386876,0.8672666666666666,9.520017462945903,9.294034081459225,9.248326896572529,8.53502329580408,0.8076759296551127,288.6666666666667,22.333333333333332
不使用 GP,3775,4,6.979403569142452,1074.2786815903048,0.8910771758001174,0.49554623861154407,0.9925635684256985,0.8986000000000001,9.907672476278066,9.907672476278066,9.514218677361228,8.656107274164697,0.6822293533168864,1102.0,17.333333333333332
不使用 GP,3775,5,7.068100959891218,1183.679662964016,0.8882467378405567,0.4319579664494957,0.9924811532491452,0.8638666666666667,9.487045448724183,9.274463093959875,9.184755779421723,8.730267843243917,0.7609862510405007,1371.3333333333333,21.0
不使用 GP,3775,6,7.063930000761874,1175.2065614334895,0.8890111739611234,0.49612876893465385,0.9924309648082138,0.8621666666666666,9.781739646190175,9.53574114734513,8.58245847937848,8.58245847937848,0.7828712681653859,3.0,31.666666666666668
不使用 GP,3775,7,6.978330289741109,1073.1250623371564,0.8910802761680086,0.49554013808400427,0.9925668968066739,0.9,9.910802761680086,9.910802761680086,9.910802761680086,9.541169461816537,1.0,1933.0,17.0
不使用 GP,3800,0,7.7242838143595955,4050.848945110461,0.59404113085136,0.3470269322014723,0.7450348497602488,0.5990000000000001,6.934848736584821,6.934848736584821,6.508188996576184,6.343665220236171,0.5156383410841147,1610.6666666666667,19.0
不使用 GP,3800,1,6.97833495034627,1073.1300637842355,0.8910812996080635,0.495546563871674,0.9925667947169154,0.8997333333333333,9.910795921352266,9.910795921352266,9.910795921352266,8.907523430169629,0.884297520661157,113.0,18.333333333333332
不使用 GP,3800,2,6.995192879586159,1091.4726227778908,0.8909960202360955,0.49556286911631525,0.9925585971353797,0.8942666666666667,9.850470671840634,9.850470671840634,9.589879814780508,9.353277102480758,0.7987934189270923,1125.3333333333333,26.0
不使用 GP,3800,3,7.047049744671152,1155.021607599106,0.8894001087754524,0.4382210991409014,0.9925054302879893,0.8740666666666668,9.516419483658124,9.516419483658124,9.306119679562682,8.605232017610406,0.8945005611672278,299.6666666666667,18.666666666666668
不使用 GP,3800,4,6.980339377051057,1075.287574743448,0.8910757729693879,0.4955401783112747,0.9925645181333006,0.8994,9.879050616951291,9.879050616951291,9.535813667270292,8.658002783173822,0.7989626707575427,1118.6666666666667,15.333333333333334
不使用 GP,3800,5,7.059642975996701,1171.947457232639,0.8886724399782858,0.49572124142693075,0.9924874137844221,0.8706999999999999,9.35814926831207,9.35814926831207,9.217926940114301,8.76242753780547,0.8696370699461292,1385.3333333333333,19.666666666666668
不使用 GP,3800,6,7.047352982088562,1154.4700097053098,0.8895605582749843,0.496052170254406,0.9924564291043961,0.8757666666666667,9.602510470455185,9.885206045260027,8.693809679700644,8.693809679700644,0.5461638523654028,0.6666666666666666,26.666666666666668
不使用 GP,3800,7,7.722333648165335,4048.750039067588,0.594053517781309,0.34702675889065454,0.7450445981510909,0.6,6.94053517781309,6.94053517781309,6.94053517781309,6.735916743719929,0.6666666666666666,1958.0,12.0
不使用 GP,3825,0,7.153241003965252,1316.6946697770875,0.8772116853207702,0.4166863323857524,0.9854457128104276,0.5992666666666667,9.186077027910382,8.994043217733251,8.648120098242606,8.471089682945424,0.5099806699906481,455.3333333333333,24.666666666666668
不使用 GP,3825,1,6.978330298257816,1073.1250714766486,0.8910802784867907,0.4955401571119394,0.9925668957792365,0.9,9.910802749350836,9.910802749350836,9.910802749350836,8.907512403851769,0.9907955292570677,138.0,15.0
不使用 GP,3825,2,6.9801968940389045,1075.1337759527125,0.8910746559573152,0.495550307275296,0.9925613829379056,0.8992,9.90381772235729,9.90381772235729,9.672860383507624,9.441823905074036,0.8826800847457626,1141.0,11.333333333333334
不使用 GP,3825,3,7.0094149284735465,1108.087632414149,0.8907065447816617,0.4956339156701823,0.9925283293411634,0.8837333333333334,9.782408499365905,9.646350940611656,9.372548414385891,8.603247277729347,0.9575530586766542,318.0,21.0
不使用 GP,3825,4,6.978398551608126,1073.1983233583887,0.8910780204391854,0.49554081452230864,0.9925647051853493,0.8996,9.910696338841404,9.910696338841404,9.541141800236682,8.663269054934815,0.8557993730407523,1135.3333333333333,12.666666666666666
不使用 GP,3825,5,7.051801949544803,1161.3337710441513,0.889166402128032,0.49577055899478945,0.9924844436212892,0.8714333333333334,9.632785092468746,9.343952321305325,9.19954671427216,8.781984583083032,0.8815789473684211,1412.3333333333333,20.333333333333332
不使用 GP,3825,6,7.018784510380422,1119.067770734667,0.8905455864562315,0.496112946409814,0.9924693642006445,0.8780333333333333,9.862077372182942,9.978147161953835,8.822797958730057,8.822797958730057,0.7570639894475072,19.333333333333332,26.0
不使用 GP,3825,7,7.157767846026651,1328.211839181332,0.8764653739443536,0.4006949013802293,0.9854200047433425,0.6,9.161924996913994,8.966039731384328,9.009274588096403,8.836093423668054,0.6745138178096214,1614.6666666666667,20.666666666666668
不使用 GP,3850,0,7.087038743111108,1208.414540501153,0.8873582469169907,0.42078132705118043,0.9924603132963155,0.8611666666666666,9.376017809019864,9.170755983698562,8.764034992701097,8.558595373345472,0.6929935663560117,463.0,26.666666666666668
不使用 GP,3850,1,6.978330295837064,1073.1250688788766,0.8910802752855288,0.49554013764276444,0.9925668960712741,0.9,9.91080275285529,9.91080275285529,9.91080275285529,8.907512368789988,0.9021615472127418,612.3333333333334,15.0
不使用 GP,3850,2,6.9783736451347265,1073.1715911217352,0.8910742659136055,0.4955383526181414,0.9925616656144616,0.9,9.910739987373539,9.910739987373539,9.679722425002934,9.448701564740086,0.9328537170263789,1157.3333333333333,15.666666666666666
不使用 GP,3850,3,6.983137337742427,1078.3210017153049,0.8910527494870092,0.49557559186861583,0.9925515309617673,0.8922666666666667,9.898881526343567,9.898881526343567,9.529561748743339,8.683715788658454,0.9818417639429313,333.3333333333333,19.333333333333332
不使用 GP,3850,4,6.9783482107952635,1073.1442943864402,0.8910776860783423,0.4955388631703183,0.9925647347202685,0.9,9.910776816643223,9.910776816643223,9.541146844327026,8.663269024016905,0.8185346918971373,1168.6666666666667,17.333333333333332
不使用 GP,3850,5,7.024304828355909,1126.025786696762,0.8902756877883027,0.49564523658464094,0.9925128847923063,0.8804333333333334,9.735525642457121,9.472679240421646,9.227070186533519,8.780629499985382,0.890746934225195,1422.3333333333333,20.0
不使用 GP,3850,6,6.992863225998307,1089.0536798888418,0.891018104398174,0.4960468608360746,0.992492950195435,0.8906000000000001,9.832821662187374,10.18159156004425,8.88157844558165,8.88157844558165,0.6336273804351761,18.333333333333332,24.0
不使用 GP,3850,7,7.083991329857066,1206.54290923983,0.8871372648474631,0.4162505308988016,0.9924577936904596,0.8588,9.404618316289175,9.193649672746673,9.132030750179226,8.971545259059068,0.8675213675213675,1632.3333333333333,21.0
不使用 GP,3875,0,7.071796116791947,1187.2229665892821,0.8882930525656163,0.4157100895213519,0.9924754728340864,0.8637333333333334,9.498864576174876,9.237722098834553,8.812179247579083,8.708799791375995,0.714346381184232,474.6666666666667,25.0
不使用 GP,3875,1,6.978330295837064,1073.1250688788766,0.8910802752855288,0.49554013764276444,0.9925668960712741,0.9,9.91080275285529,9.91080275285529,9.91080275285529,8.907512368789988,1.0,637.3333333333334,15.666666666666666
不使用 GP,3875,2,6.981480459186959,1076.5216123757257,0.8910723287692752,0.495541562416635,0.9925628583086392,0.8989333333333334,9.896490761559152,9.896490761559152,9.703287074116675,9.478790860339993,0.910196948309471,1165.6666666666667,17.666666666666668
不使用 GP,3875,3,6.98296072355897,1078.1287705078287,0.8910615305353611,0.4955423145276992,0.9925569453693434,0.8987333333333334,9.89286716076561,9.89286716076561,9.565418683593572,8.71024326894072,0.8574423480083858,349.6666666666667,18.666666666666668
不使用 GP,3875,4,6.978958735505542,1073.8000993716569,0.8910809086683544,0.49555838330034857,0.9925666151218016,0.8962666666666667,9.909772664869747,9.909772664869747,9.909772664869747,8.775279785283665,0.9002267573696145,1173.0,15.666666666666666
不使用 GP,3875,5,7.009357811456904,1108.020352660434,0.8907027740979817,0.49560553079816244,0.9925273087159452,0.8842333333333333,9.731772550973036,9.731772550973036,9.221224666030091,8.785168927996665,0.9350180505415162,1435.3333333333333,19.0
不使用 GP,3875,6,6.9891874248080095,1084.8949371527115,0.8910874344802094,0.49603453466118047,0.9925114248583129,0.8942333333333333,10.233296990297584,10.401982753747818,9.140960236384013,9.140960236384013,0.8061028532299601,7.666666666666667,26.666666666666668
不使用 GP,3875,7,7.084766997120899,1207.6870915360598,0.8871311418394994,0.40318730578591966,0.9924666329655808,0.8598,9.45926323199272,9.174420188206978,9.17696752647072,8.99832048001214,0.8861249309010503,1646.0,21.0
不使用 GP,3900,0,7.052879500884585,1161.9497411465682,0.8892595310823604,0.4188161060245881,0.9924819160016928,0.8687999999999999,9.617815307321003,9.269270840635414,8.835975754582,8.787664830078743,0.7925875294296346,491.3333333333333,25.333333333333332
不使用 GP,3900,1,7.7223336540191285,4048.7500453494413,0.5940535169338855,0.3470267584669428,0.7450445974449046,0.6,6.9405351693388555,6.9405351693388555,6.9405351693388555,6.260673922145344,0.6666666666666666,662.3333333333334,12.666666666666666
不使用 GP,3900,2,6.978367136142744,1073.1646053193726,0.8910763382739564,0.49554016819819696,0.9925632522883245,0.8996666666666666,9.910749189232828,9.910749189232828,9.706161461351082,9.48174094726697,0.9933993399339934,1834.3333333333333,12.333333333333334
不使用 GP,3900,3,6.978969356263313,1073.8115184712478,0.8910716412727714,0.49554058315592814,0.9925591550704352,0.8994666666666666,9.909351592147736,9.909351592147736,9.580490970463908,8.716261872476327,0.8257016248153618,369.6666666666667,17.666666666666668
不使用 GP,3900,4,7.722333683481377,4048.7500769661206,0.5940535585174601,0.3470270144937085,0.7450445938902704,0.6,6.940535126683247,6.940535126683247,6.940535126683247,6.1814680662791135,0.6105006105006106,1198.0,15.0
不使用 GP,3900,5,7.7403515957112425,4068.6176737016335,0.5939159111088006,0.3470640862399899,0.7450237200187203,0.5911,6.8706706380218945,6.801753845467494,6.348815088277746,6.157982652506905,0.6289308176100629,1452.6666666666667,18.333333333333332
不使用 GP,3900,6,6.983581778235408,1078.8139837713857,0.8911153469418144,0.496021154110404,0.9925229542762745,0.8969999999999999,10.368375481107666,10.309977885194643,9.193508042052779,9.193508042052779,0.6741778350668032,25.0,22.333333333333332
不使用 GP,3900,7,8.550059960454004,7126.5104584543515,0.2945286276629448,0.1223299764532337,0.49743403871029274,0.26733333333333337,3.7104514733300333,3.4425572415924197,3.2630302910545566,3.3037846878200128,0.21763085399449036,1671.0,20.333333333333332
不使用 GP,3925,0,7.045990080763751,1153.6175542643061,0.8894064710870646,0.42853891118755044,0.9924982306011763,0.8755999999999999,9.509353227050452,9.509353227050452,8.79125122601726,8.798360925422676,0.7313635591781287,495.6666666666667,21.0
不使用 GP,3925,1,7.147853250000566,1310.2533865318828,0.8773443958875783,0.4058267241951678,0.9854773585159458,0.6,9.258984989187708,8.966436028790545,9.044007359463507,8.341595236079582,0.6769759450171821,578.3333333333334,18.0
不使用 GP,3925,2,6.992385310435137,1088.530357440786,0.8909547407942693,0.4955426958416817,0.9925649942845162,0.8979333333333334,9.806189080701932,9.79140759952712,9.806189080701932,9.49790335565215,0.9634530560806552,2868.6666666666665,20.666666666666668
不使用 GP,3925,3,6.978616192132015,1073.4320029747585,0.8910746025680227,0.49554025680404595,0.9925617132091272,0.8994,9.910252263957638,9.910252263957638,9.60013760737338,8.735460715105535,0.9404978749241044,383.0,17.0
不使用 GP,3925,4,7.153362354937374,1320.1661311236483,0.8768524823955799,0.41256222694200684,0.9853935127941504,0.6,9.214587013720115,9.214587013720115,9.042596616699909,8.293041308135143,0.607403321689036,465.3333333333333,20.333333333333332
不使用 GP,3925,5,7.155340503328412,1320.8408242612277,0.8769919879571978,0.48820408734967763,0.9853922989183769,0.5980666666666666,9.228977707536522,8.93832931701393,8.469706480537996,8.316411462774665,0.5709102142060177,513.0,26.0
不使用 GP,3925,6,6.98326314885468,1078.4461705037886,0.8911410928283939,0.4960411626920398,0.9925387913717999,0.8953666666666668,10.346353990645207,9.89930249729053,9.33212540301571,9.33212540301571,0.4830700399909414,17.333333333333332,23.666666666666668
不使用 GP,3925,7,7.414582480735074,1671.6285586126166,0.86006534590771,0.2312923033941187,0.9780903036458692,0.2665666666666667,8.326501918589749,7.645236094637094,7.440413625594144,7.452708725195201,0.22212991452250683,0.6666666666666666,32.0
不使用 GP,3950,0,7.012462909302985,1111.6906116377645,0.8906314119343435,0.48600089690748866,0.9925202600268327,0.8835000000000001,9.768334170277695,9.683636806985755,8.874886122944966,8.882295431398765,0.9331471498776818,513.6666666666666,20.333333333333332
不使用 GP,3950,1,7.075960726123085,1194.8521781988138,0.8876681347256602,0.4348290990566281,0.9924746743870522,0.8633333333333333,9.43082717988615,9.163657503272459,9.199212975007708,8.478618893989797,0.8692390139335476,597.3333333333334,21.333333333333332
不使用 GP,3950,2,6.978456401567002,1073.2604217010996,0.8910817653457572,0.49555025888255627,0.9925667378083767,0.8979333333333334,9.910610060832388,9.910610060832388,9.910610060832388,9.514809976458936,0.9895013123359581,1864.0,14.666666666666666
不使用 GP,3950,3,6.979465342842471,1074.3451924680542,0.8910765908732925,0.4955433201388229,0.9925635749145153,0.8989333333333334,9.907486612098204,9.907486612098204,9.676461666440739,8.792353510367036,0.8213762811127379,402.0,17.0
不使用 GP,3950,4,7.0824821271082214,1204.32430707832,0.8873005403244818,0.4487405160870548,0.9924530916434421,0.8610333333333333,9.413437741923312,9.19165802618578,9.187002069461883,8.429707093493874,0.8675213675213675,483.0,17.333333333333332
不使用 GP,3950,5,7.086372382267722,1209.5151005599955,0.887115188524286,0.4070688845001038,0.9924570281979924,0.8585333333333334,9.361340076195102,9.361340076195102,8.621814367417432,8.531474659743006,0.5432999685006622,9.333333333333334,25.333333333333332
不使用 GP,3950,6,6.97767305408221,1072.4200171634986,0.8911488288635446,0.4960237750872292,0.9925409440539955,0.8997,10.181953556815168,10.400314575340948,9.35204239243847,9.35204239243847,0.7636533717808599,505.0,22.666666666666668
不使用 GP,3950,7,7.215059535009119,1363.3758573060186,0.883798396898622,0.326875521260342,0.992301308904425,0.7981666666666668,8.995417831480689,8.243039775571305,7.9593797430464335,7.939192847654262,0.6167624128072489,12.666666666666666,32.0
不使用 GP,3975,0,6.9899210822340825,1085.7522406082371,0.8910232207241995,0.47606561251992846,0.9925484740530516,0.8878,9.86880818280005,9.86880818280005,9.414727952516623,8.833170090344778,0.7805055464629933,508.3333333333333,22.333333333333332
不使用 GP,3975,1,7.062649958701651,1176.084429785334,0.8885671926085695,0.4304579597897249,0.992493065065224,0.8695,9.502151055370268,9.248026358746328,9.29148338641911,8.551598172168037,0.9002267573696145,613.3333333333334,19.666666666666668
不使用 GP,3975,2,6.978330302145378,1073.1250756484887,0.8910802880591276,0.4955402101439608,0.9925668953101968,0.9,9.910802743722362,9.910802743722362,9.910802743722362,9.514767605275416,1.0,1889.0,11.333333333333334
不使用 GP,3975,3,6.979476807340994,1074.3575374856894,0.8910767537851676,0.4955398651890317,0.9925642643629748,0.8997999999999999,9.905596071387999,9.905596071387999,9.69437761721279,8.809899252440495,0.8264299802761341,418.0,18.333333333333332
不使用 GP,3975,4,7.082284839838455,1204.035026958408,0.8873058469529624,0.4133076233787436,0.9924718564813353,0.8633333333333333,9.373752738390996,9.373752738390996,9.278889082236997,8.58813334986189,0.8833883388338833,498.6666666666667,19.666666666666668
不使用 GP,3975,5,7.076654528424808,1195.8408589447629,0.8876809283893121,0.495196535684751,0.9924719345420483,0.8627666666666666,9.459461367670851,9.203364667938263,8.722100912348912,8.587953391015256,0.5461787377068804,28.0,20.333333333333332
不使用 GP,3975,6,6.977648871649833,1072.3941065442732,0.8911493969540322,0.49602196883215827,0.9925417889259477,0.8998333333333334,10.215065744283512,10.728255499458443,9.371923165065303,9.371923165065303,0.8157533760498055,517.0,25.0
不使用 GP,3975,7,7.212550192628331,1361.65372988492,0.8836427697110855,0.33040015868714073,0.9923328218168685,0.8091333333333334,8.952422072017653,8.505226251124297,7.9863484409512395,7.987504377757218,0.6754735782335691,9.333333333333334,32.0
不使用 GP,4000,0,7.723815386674469,4050.3436689705554,0.5940402257760699,0.347030952183257,0.7450329400137412,0.5984666666666666,6.936988947749271,6.936988947749271,6.459998644900047,6.046282008308829,0.3810699588477366,527.6666666666666,14.0
不使用 GP,4000,1,7.785713864360635,4123.661210729153,0.5925998717702544,0.3130804366327485,0.7449791381776224,0.5734,6.624457335303302,6.624457335303302,6.35812611907032,5.862631986166842,0.5518763796909493,627.6666666666666,22.0
不使用 GP,4000,2,7.722333653170813,4048.750044439093,0.594053517056692,0.347026758528346,0.7450445975472433,0.6,6.94053517056692,6.94053517056692,6.94053517056692,6.709514358348632,0.6218905472636815,2943.6666666666665,14.0
不使用 GP,4000,3,8.46635718346312,7024.396668761743,0.2970240334333642,0.19851290145075504,0.49751986511998797,0.3,3.970238381439856,3.970238381439856,3.759020172425984,3.6270087944214553,0.32026143790849676,443.0,14.666666666666666
不使用 GP,4000,4,7.780307108083597,4116.700609382388,0.5928416031742695,0.34713116932618754,0.7449923822260871,0.5725333333333333,6.645473086089361,6.645473086089361,6.329928236225232,6.126157734189022,0.5428881650380021,515.3333333333334,21.0
不使用 GP,4000,5,7.075560341254704,1186.5498213302487,0.8890414418566545,0.41933925304146297,0.992488875852288,0.8659,9.447347147611852,9.181876728453263,9.18365958266783,8.685727173782311,0.7540264772406297,627.3333333333334,25.666666666666668
不使用 GP,4000,6,6.9802888731461366,1075.2328815754584,0.8911533175614851,0.4960330324510147,0.9925466302402669,0.8981,10.240913256777702,9.91328515592508,9.42954524476878,9.42954524476878,0.6478445132736973,513.0,22.333333333333332
不使用 GP,4000,7,7.153109860758893,1282.1445108229789,0.8867190535362495,0.35057035464902137,0.992372450377616,0.8259,9.152308756239469,9.127821151210883,8.212163442385636,8.227273470767548,0.7018411773132796,0.3333333333333333,32.0
不使用 GP,4025,0,7.139006315947395,1294.3793040690803,0.878155303161595,0.40081686019120744,0.985483016770487,0.5994,9.325643393808017,9.088582141393353,8.639678960588066,8.178436210435828,0.42841099457085646,721.3333333333334,19.0
不使用 GP,4025,1,7.195673922116481,1371.099514699846,0.8758927082318277,0.41607671764511595,0.9853737963094492,0.5842666666666667,8.935588756737387,8.935588756737387,8.55517951083531,7.990904857293674,0.6290161797408175,532.0,26.0
不使用 GP,4025,2,7.143669693577256,1302.8344424905006,0.8776840748996753,0.42630276722735366,0.9854098348144552,0.6,9.295686267975173,9.039808918011193,9.085108803463816,8.87177357018931,0.6759164097293594,1770.3333333333333,20.0
不使用 GP,4025,3,7.335849988589952,1570.7917135900545,0.8631704526037325,0.31344631696590625,0.9782890661463753,0.29773333333333335,8.545917749639644,7.906393994359024,8.076740932705112,7.793255502679606,0.2724070469008108,2.6666666666666665,32.0
不使用 GP,4025,4,7.166929193878026,1330.5903971961743,0.8773122101291655,0.4056876860689503,0.9854250355687308,0.5906,9.158987994296202,8.952043239331898,8.590869521948653,8.3475630442885,0.6585399625085208,434.0,26.333333333333332
不使用 GP,4025,5,7.026020841669059,1128.1445119522361,0.8902335419976231,0.4956673702209973,0.9925128389006522,0.8786999999999999,9.631937935588747,9.631937935588747,9.366918179588048,8.755554878087937,0.8462630843583225,38.0,21.333333333333332
不使用 GP,4025,6,6.9779842409961335,1072.754108397068,0.8911568542432698,0.4960266113789866,0.9925479664019939,0.8999,10.279828608522726,10.279828608522726,9.419280274631928,9.419280274631928,0.6415754069478449,530.3333333333334,23.333333333333332
不使用 GP,4025,7,7.144809177100075,1273.048626458908,0.8867658924402934,0.4351488454552676,0.9923937976334841,0.8390333333333334,9.149227174527473,9.149227174527473,8.281118757645972,8.360087403650954,0.686477789544229,0.0,32.0
不使用 GP,4050,0,7.06172530266501,1174.7862763082214,0.8886144566417798,0.41503470933477815,0.9924725054143048,0.8666333333333333,9.523633621785427,9.342813920664808,8.794039415763315,8.335291625411989,0.7205106247386134,747.6666666666666,20.0
不使用 GP,4050,1,7.100278901679609,1225.8729504182372,0.886796248853651,0.4134724166660348,0.992438771263095,0.8530000000000001,9.330859279356332,9.081116646953113,8.659680030680939,8.105962057423051,0.8536202083019878,543.3333333333334,25.0
不使用 GP,4050,2,7.074772340732282,1193.145959468611,0.887809936282807,0.4952449084734713,0.9924667470992993,0.8633333333333333,9.488008102050212,9.243999945370815,9.368649932581233,9.093768806970452,0.8779956427015251,1788.3333333333333,19.0
不使用 GP,4050,3,7.173831584220935,1316.9160025516992,0.8843565989928482,0.35227802740445774,0.9923699824673761,0.8196666666666665,8.992233876765939,8.514675007477798,8.44892485644368,8.126689406243242,0.7046750344164137,12.333333333333334,25.666666666666668
不使用 GP,4050,4,7.069174610947503,1183.5339104285915,0.8884953996860867,0.4264420711350542,0.9924743263191523,0.8605666666666666,9.474765962337584,9.20261297423983,8.742399263050698,8.55400109487949,0.8140932372807174,445.0,26.666666666666668
不使用 GP,4050,5,6.9990419226766045,1096.0562707906847,0.8909013585140434,0.4956340078499582,0.9925345685817888,0.8862333333333333,9.799402094868448,9.799402094868448,9.424050826887092,8.816269085342896,0.9350180505415162,54.666666666666664,20.333333333333332
不使用 GP,4050,6,6.978350964878525,1073.1479740647076,0.8911581477576936,0.49602827018793144,0.9925493858938248,0.8995000000000001,9.918469617601078,10.180783925853563,9.475813926872233,9.475813926872233,0.8181568304079789,537.0,19.333333333333332
不使用 GP,4050,7,7.044719956210855,1147.895132770675,0.8903051827920466,0.4144818602083176,0.9924602344299333,0.8577666666666666,9.953361675481416,9.594115815660972,8.540652241157938,8.612877258073993,0.6664304610733183,10.333333333333334,29.333333333333332
不使用 GP,4075,0,7.057509256482498,1168.9570839690095,0.8888520772954026,0.4137169210187466,0.992479549572602,0.8680666666666667,9.546563117307109,9.298467985101722,8.83499077081253,8.347768459463483,0.8744750553261191,747.6666666666666,18.333333333333332
不使用 GP,4075,1,7.088759571611097,1211.2639549641028,0.8871848755783809,0.44616761866804416,0.9924615088913997,0.8614333333333334,9.346301483375463,9.165628121082873,8.74304710434979,8.150001382174933,0.7346152136068103,553.3333333333334,26.666666666666668
不使用 GP,4075,2,7.066615125979697,1181.5970262884011,0.8883294404360189,0.4953751336865036,0.9924705156633329,0.8643000000000001,9.509089057830527,9.34016927772596,9.388762781121509,9.113609894141353,0.8833883388338833,1813.3333333333333,21.333333333333332
不使用 GP,4075,3,7.162193490715931,1299.6647543387187,0.8852051080724008,0.4225165401588105,0.9924042893488183,0.8321000000000001,9.05250813388587,8.555956123543547,8.516246655340355,8.14607496405123,0.6962810808401064,1131.6666666666667,27.333333333333332
不使用 GP,4075,4,7.059855248992231,1171.5368658689872,0.8888822232146607,0.4956115913771428,0.9924887462577536,0.8655333333333334,9.548929960298054,9.342706338600742,8.820551098786025,8.637107735119818,0.6867078403651066,449.6666666666667,24.666666666666668
不使用 GP,4075,5,6.981080854933086,1076.0889745947331,0.8910667685348113,0.4955598237446743,0.9925547877870109,0.8957333333333333,9.899908016214845,9.899908016214845,9.499060028959928,8.943251396135713,0.8295870466688973,677.3333333333334,15.0
不使用 GP,4075,6,6.991641446785079,1087.7264781683991,0.8910589738304835,0.49605072900061,0.992557232561337,0.8953666666666668,9.87549955986229,10.099766470426312,9.87549955986229,9.87549955986229,0.858646466638882,542.0,25.0
不使用 GP,4075,7,7.0366064329333,1138.2042577337859,0.8905617045410269,0.49615326135657783,0.9924964211849702,0.8759,9.591633818459961,9.88438319092125,8.73057314354246,8.814435394729962,0.8600777584108155,0.6666666666666666,31.333333333333332
不使用 GP,4100,0,7.052402619759666,1162.1188257595193,0.8890825623008497,0.4672285318724902,0.992488101477571,0.8736,9.478759685755026,9.478759685755026,8.850542411777298,8.35747514535173,0.8676257136406154,758.3333333333334,22.333333333333332
不使用 GP,4100,1,7.809305526094698,4154.060167699034,0.5915937082245323,0.2763681262830606,0.7449509322666517,0.5670333333333333,6.46499011773892,6.46499011773892,5.87777411719225,5.558989024416451,0.34991403515281955,557.0,25.333333333333332
不使用 GP,4100,2,7.789962011234111,4129.209987343667,0.5924193332617587,0.347248910976034,0.7449677273420794,0.5737,6.551976848000595,6.551976848000595,6.45399015600436,6.202883131853684,0.5482456140350878,1819.3333333333333,20.0
不使用 GP,4100,3,7.1145024715926155,1235.2457607315753,0.8877471002152656,0.36512760244172754,0.9924222749027339,0.8458333333333333,9.136254203572618,9.136254203572618,8.66456074577726,8.221902204437676,0.7114013355567813,2.6666666666666665,26.333333333333332
不使用 GP,4100,4,7.046979801986147,1154.9263868596006,0.8894018071563604,0.4551564923004345,0.992499671471264,0.8733666666666666,9.513873526066545,9.513873526066545,8.95697975401765,8.636691460698362,0.6861627842019998,468.3333333333333,18.666666666666668
不使用 GP,4100,5,6.983965334207023,1079.223572570345,0.8910607776963256,0.4955430457824912,0.9925607412882949,0.8984,9.871808922199733,9.880361206787923,9.539475712242771,9.01084073432329,0.8353413654618475,694.3333333333334,19.0
不使用 GP,4100,6,6.977409603342129,1072.1375053769218,0.8911717749323822,0.4960397061437542,0.9925593957649763,0.9000333333333334,9.920622353291014,10.247925324430346,9.920622353291014,9.920622353291014,0.8683788121990369,1013.0,20.0
不使用 GP,4100,7,6.987533882618607,1083.0578335301443,0.8911327041109796,0.4960811701934305,0.9925336310675723,0.8904666666666666,10.51292990193064,10.30142239422523,8.896805609591766,8.943713997445485,0.8567538803164018,3.0,27.666666666666668
不使用 GP,4125,0,7.0498352147521,1156.3842958007328,0.8896641123064418,0.43328266951689726,0.9925031343294256,0.8716,9.6151614076831,9.411987116702994,9.246673783376652,8.168600681352295,0.7861938144950096,758.6666666666666,25.666666666666668
不使用 GP,4125,1,7.2491823980582835,1442.86568436626,0.8733611231831805,0.3782388595605422,0.9853781955918893,0.5689000000000001,8.735017789705337,8.271536909601485,8.036759739118143,7.653977851124441,0.37756919611373574,5.666666666666667,27.333333333333332
不使用 GP,4125,2,7.201217114639789,1374.8021193583306,0.8760127908059271,0.4323526884682127,0.985359605470474,0.5777333333333333,9.006445593301956,8.574218573635681,8.637526371374143,8.416499115759537,0.5749271238806751,1098.3333333333333,26.0
不使用 GP,4125,3,7.092371234000791,1206.617011134478,0.8887770593487461,0.455079252237478,0.9924567882428904,0.8518,9.386725696779088,9.150168363139883,8.748532186937899,8.425718326885523,0.6441081485354739,13.0,25.666666666666668
不使用 GP,4125,4,7.019099877421957,1119.6623083716077,0.8904875112404547,0.4956373206208649,0.9925386267687145,0.8810333333333333,9.724375334557285,9.642810370559204,9.09521534939065,8.681132779158338,0.8957802322288305,466.6666666666667,22.0
不使用 GP,4125,5,6.980028993006706,1074.952636176752,0.8910755025254223,0.4955449898707122,0.9925628934301068,0.8983333333333333,9.888985952283148,9.888985952283148,9.559297424778142,9.031251274196869,0.8122605363984675,710.6666666666666,14.666666666666666
不使用 GP,4125,6,6.977407634381126,1072.1353943778902,0.891170448157448,0.49603128154224346,0.9925595293177508,0.9001,9.920625056816279,10.63222872689951,9.920625056816279,9.920625056816279,0.8506144980550171,1932.6666666666667,18.333333333333332
不使用 GP,4125,7,6.984191179220823,1079.435086145976,0.891097283505955,0.4957823518842936,0.9925438399367336,0.8962333333333333,9.887608633740953,9.887608633740953,9.031771014183539,9.059086030806133,0.6770644187262174,1.6666666666666667,26.666666666666668
不使用 GP,4150,0,7.007562073389402,1105.9108943687338,0.8907440143057898,0.4613527618044206,0.9925238689928674,0.8843666666666666,9.819706910713373,9.686937391485362,9.344056920137598,8.230854454924973,0.8213872601810858,771.3333333333334,20.666666666666668
不使用 GP,4150,1,7.144573053506605,1280.17476587457,0.8853431294947187,0.3523408050117589,0.9924023960745428,0.8372,9.1377314131945,8.572273248705612,8.247492500111482,7.836743676830296,0.7195695339326592,7.666666666666667,27.0
不使用 GP,4150,2,7.102093211313562,1223.665607399618,0.8874945388424668,0.40050057380467247,0.9924272299445994,0.8509000000000001,9.272734722338068,9.044761507171458,8.85061933599211,8.562250764319637,0.8485671793082247,1113.0,25.333333333333332
不使用 GP,4150,3,7.039873782763117,1142.841376688044,0.8902333375907764,0.44589319118070225,0.9924856450977316,0.8698,9.669179567229946,9.423197099622941,8.73926232603756,8.479628175172877,0.7555763573994567,1159.6666666666667,27.333333333333332
不使用 GP,4150,4,6.98054352105093,1075.5079532350533,0.8910719464692619,0.4955715694038943,0.9925578212648709,0.8954,9.905515602443424,9.905515602443424,9.13266578975061,8.683840456060535,0.9675403461212388,505.0,16.0
不使用 GP,4150,5,6.978384253748447,1073.1829771533776,0.8910775759765128,0.49554011567716655,0.9925644117710286,0.8997333333333333,9.910719578561043,9.910719578561043,9.58069096623665,9.052643277655342,0.944954128440367,735.6666666666666,13.0
不使用 GP,4150,6,6.977407630840375,1072.1353905817257,0.8911704436311254,0.49603125306863133,0.9925595297448551,0.9001,9.920625061372627,9.920625061372627,9.920625061372627,9.920625061372627,0.9011925042589438,1957.6666666666667,22.666666666666668
不使用 GP,4150,7,6.985150562800439,1080.4852660828576,0.8910775689803355,0.49571106764433326,0.9925467684188476,0.8963333333333333,9.891488347878905,10.103473819145783,9.145642015219396,9.17204664156835,0.7405020369936999,15.333333333333334,26.0
不使用 GP,4175,0,6.990903177390149,1086.8750281506407,0.8909974368970902,0.49558663091203287,0.992537769967004,0.8912333333333334,9.851460845520501,9.851460845520501,9.317334573331514,8.201822239492797,0.8894636220697542,2059.6666666666665,22.0
不使用 GP,4175,1,7.117914334221505,1241.7585919611272,0.8872174633940798,0.429732832391952,0.9924353594523586,0.8470999999999999,9.181288040181832,8.833689588613689,8.3259749201289,7.953601433471957,0.7956495334063071,8.666666666666666,26.666666666666668
不使用 GP,4175,2,7.085075642220876,1206.268798859072,0.8873781273790645,0.41071514767384526,0.9924447480620144,0.8588,9.39397722660304,9.176463427838955,8.912197552259885,8.603124541985636,0.8443553443553444,1129.3333333333333,25.666666666666668
不使用 GP,4175,3,7.0271719240545,1127.8764108695996,0.8905145616311673,0.4956141972790508,0.9925018869485069,0.8787333333333334,9.597555309457556,9.597555309457556,8.78054916745639,8.544315562157108,0.8181630152896441,1160.6666666666667,25.666666666666668
不使用 GP,4175,4,6.987730339759956,1083.294933520215,0.8910570592705526,0.49557197406661796,0.9925633756236877,0.8929999999999999,9.869322350871329,9.831179798564811,9.671704502423509,8.672574768678516,0.7381210562733008,483.6666666666667,23.0
不使用 GP,4175,5,6.980698675797258,1075.6756873220054,0.8910750951860459,0.4955408573581432,0.9925645844293678,0.8994666666666666,9.901960484549685,9.901960484549685,9.602749810185829,9.07470257864009,0.8461538461538461,746.3333333333334,19.0
不使用 GP,4175,6,6.977407630840375,1072.1353905817257,0.8911704436311254,0.49603125306863133,0.9925595297448551,0.9001,9.920625061372627,10.347117639667047,9.920625061372627,9.920625061372627,1.0,1982.6666666666667,18.333333333333332
不使用 GP,4175,7,6.984141148398429,1079.3980629357682,0.8910851669168908,0.4957075625050112,0.9925510291893648,0.8977666666666666,9.871840972486725,10.149325589120247,9.264480459916923,9.3293923758696,0.8963140096248096,3.6666666666666665,24.666666666666668
不使用 GP,4200,0,6.980261969115542,1075.2040138741245,0.8910601254765638,0.49554741491789384,0.9925491454422031,0.8969999999999999,9.90498462037957,9.90498462037957,9.345068164181697,8.229565253775926,0.6802633197982035,2077.6666666666665,18.666666666666668
不使用 GP,4200,1,7.058634171381666,1166.6722798623962,0.8894909035504811,0.4126817725570644,0.9924713848653707,0.8614999999999999,9.582196018401794,9.347178945556223,8.435905804798942,8.074559344213887,0.82670776123264,23.333333333333332,26.666666666666668
不使用 GP,4200,2,7.805039578644951,4148.73699160255,0.5917581130911219,0.29497487737723344,0.7449410577340508,0.5643333333333334,6.603176970060872,6.289745387733075,6.076269018898592,5.941076856538433,0.3599008046581981,1128.6666666666667,23.666666666666668
不使用 GP,4200,3,7.008722984315742,1106.5045792334347,0.8908687384982047,0.49562798526416635,0.9925190711375897,0.8840666666666667,9.775609267625983,9.705352667042707,8.8326775661361,8.6001896121088,0.7818044087012002,1171.6666666666667,27.0
不使用 GP,4200,4,7.723570072311212,4050.078722449239,0.5940527780876489,0.34703616690290984,0.745042885356295,0.5983333333333333,6.93704507274601,6.93704507274601,6.765427649952307,6.1678456159362725,0.3806847726419009,499.0,16.0
不使用 GP,4200,5,7.723302573480059,4049.791329760905,0.5940523521259505,0.34702964289293187,0.7450435974473612,0.5996,6.937839959189437,6.937839959189437,6.618468682775007,6.3280442095109946,0.6447453255963894,764.3333333333334,15.666666666666666
不使用 GP,4200,6,7.72171854455231,4048.0902603878076,0.5941136290874169,0.34735416871242086,0.74503968649657,0.6000666666666666,6.947083374248418,6.947083374248418,6.947083374248418,6.947083374248418,0.6666666666666666,2007.6666666666667,20.666666666666668
不使用 GP,4200,7,6.982474966472741,1077.587857856783,0.8910640854707305,0.4955433246486161,0.992555369364848,0.8981,9.884542906797618,9.884542906797618,9.345365155691825,9.41136987986272,0.9470300410359105,9.666666666666666,22.666666666666668
不使用 GP,4225,0,6.981765737348837,1076.8307907243438,0.891060446789333,0.49554160225148397,0.9925530086254545,0.8981666666666667,9.890502110390406,9.890502110390406,9.384197599668449,8.26869689033254,0.8330834582708646,2093.0,22.0
不使用 GP,4225,1,7.037752603965184,1141.6507178579482,0.8900320661885281,0.43745855755047,0.9924940718233017,0.8731666666666666,9.582000963205166,9.582000963205166,8.707126582470686,8.343337589797626,0.7626663301946807,5.333333333333333,26.666666666666668
不使用 GP,4225,2,7.232321696842798,1415.350105142673,0.8747072101743392,0.4095373228493278,0.9852991082124403,0.5708000000000001,8.739044735156158,8.511019946210984,8.319857563424113,8.116000435498535,0.4602512557459535,2.0,28.666666666666668
不使用 GP,4225,3,6.98840903555434,1084.0765048065239,0.8910289572797403,0.49557165707544854,0.9925440687374444,0.8924,9.856314930968965,9.856314930968965,8.988713695350294,8.6932223969448,0.785260070622343,1177.3333333333333,20.666666666666668
不使用 GP,4225,4,7.150014890546213,1313.3042616975756,0.8772612884926243,0.40215999093167226,0.9854064645176844,0.5996,9.27807956660085,8.928920377406332,8.908053674586563,8.253501650625822,0.34001801858340724,14.666666666666666,19.666666666666668
不使用 GP,4225,5,7.1434664689650385,1302.4715115291976,0.8777349854386829,0.488989649733029,0.9854452624870994,0.6,9.28058248343487,9.048302556204312,8.759514248609763,8.499348155773008,0.5881895633084451,688.3333333333334,21.0
不使用 GP,4225,6,7.1504989703286626,1315.4411401336886,0.8771109064118287,0.4466572139905311,0.9854068044074386,0.6000666666666666,9.191968119204574,9.043760903050282,9.106470367922185,9.106470367922185,0.675564681724846,1454.6666666666667,22.333333333333332
不使用 GP,4225,7,6.985685833650675,1081.0861125864383,0.8910484581154895,0.495541070763938,0.992557473040522,0.8978666666666667,9.844912109800587,9.87257899665749,9.44234535272593,9.43938801483567,0.8973821964753714,515.0,22.0
不使用 GP,4250,0,6.979590401076494,1074.479878610772,0.8910645172802667,0.4955362261302696,0.9925538191247933,0.8992666666666667,9.907246873185079,9.907246873185079,9.396369259940824,8.280870679440083,0.8220918866080157,2112.3333333333335,13.0
不使用 GP,4250,1,7.020361368879608,1120.8095759845148,0.8904714190237938,0.45094130266017557,0.9925073054902044,0.8818666666666667,9.729896642615243,9.601991739605245,8.758465953377906,8.386783030844121,0.7972618520912139,17.333333333333332,25.0
不使用 GP,4250,2,7.121060871958282,1245.8610743045713,0.8870760435921685,0.37846701825976165,0.9924011949988447,0.8422000000000001,9.274600467927645,8.791325330247085,8.56666283845381,8.36520521277096,0.6793940298555373,11.0,24.333333333333332
不使用 GP,4250,3,6.98679909541566,1082.286187611969,0.8910476511168873,0.49554491877471235,0.992552376425218,0.8972000000000001,9.861433069671536,9.861433069671536,9.063030268298961,8.771780638781424,0.7324868114341799,1186.0,24.333333333333332
不使用 GP,4250,4,7.0892398790689555,1214.3328162092241,0.8867743577795636,0.4946407373647032,0.9924542848621355,0.8588999999999999,9.364668550736441,9.113613158880186,9.070222530280278,8.420609667988499,0.6676922747921773,38.333333333333336,17.666666666666668
不使用 GP,4250,5,7.074780544656112,1193.1551723585003,0.8877707743727553,0.4949402424259957,0.9924791536800569,0.8628333333333332,9.456383374452956,9.28756938567127,8.913590171048293,8.647425544062616,0.8414484271829572,709.0,20.333333333333332
不使用 GP,4250,6,7.07727158380197,1196.9705423131702,0.8876691988492631,0.4300024481804999,0.9924520389057717,0.8617666666666667,9.413097496146799,9.185295716957334,9.292687010177053,9.292687010177053,0.8779956427015251,1471.0,27.333333333333332
不使用 GP,4250,7,6.978496844238176,1073.3038168415997,0.8910701502320064,0.49554001317037194,0.9925576503475572,0.899,9.910551301554603,9.910551301554603,9.507922933590965,9.382877048336562,0.9419369549258164,33.666666666666664,12.666666666666666
不使用 GP,4275,0,6.9785075602115105,1073.3153463152505,0.8910651400837789,0.49553405952518603,0.9925540256927324,0.8997999999999999,9.910521990581826,9.910521990581826,9.395845311174382,8.300009065145419,0.8185346918971373,2132.3333333333335,15.333333333333334
不使用 GP,4275,1,7.006287928229149,1104.3593624486123,0.8907681035470754,0.4955772953808961,0.9925149256928951,0.8875333333333333,9.736643394568034,9.736643394568034,8.80766186212732,8.338335631040039,0.6493864991580772,8.666666666666666,20.666666666666668
不使用 GP,4275,2,7.107666138604014,1227.022653038314,0.8879280907990745,0.4957338272719993,0.9924349761747644,0.8511333333333333,9.288919457537665,9.162747551118299,8.717205968797586,8.568648429253583,0.7870309832552396,5.666666666666667,28.0
不使用 GP,4275,3,6.979771925791449,1074.6747439648777,0.8910722251611721,0.4955457890925172,0.9925592731136336,0.8985333333333333,9.906814277813384,9.906814277813384,9.115475220349916,8.857578430138934,0.7373783204091734,1202.3333333333333,15.666666666666666
不使用 GP,4275,4,7.076495255661787,1194.0768499495862,0.888005671839255,0.4248571992552573,0.9924766000402713,0.8613666666666666,9.439401363648146,9.266819768098877,9.256192503797537,8.64966876134978,0.8125735813515423,33.333333333333336,26.0
不使用 GP,4275,5,7.069152966167704,1184.8818567369312,0.8882437618276157,0.49543590881772653,0.9924834294672102,0.8615666666666667,9.513793737225539,9.301414355822798,9.241537922183726,8.606654739998314,0.7742819819322552,712.6666666666666,20.333333333333332
不使用 GP,4275,6,7.065846035666188,1180.7219422639962,0.8884029962998418,0.419963992344394,0.992466298873299,0.8667333333333334,9.472401083237942,9.27290640989984,9.319248646844438,9.319248646844438,0.8815789473684211,1487.6666666666667,24.333333333333332
不使用 GP,4275,7,6.991452940814894,1087.3652501876747,0.8910316100402987,0.49556102217762477,0.9925654121431208,0.8950666666666667,9.864829067607706,9.864829067607706,9.864829067607706,9.54422033633025,0.8796901276431505,16.666666666666668,24.666666666666668
不使用 GP,4300,0,7.722440099247208,4048.8642926333764,0.594038107387976,0.34701908003711907,0.7450317513173284,0.6,6.94038101580794,6.94038101580794,6.425561653604144,5.857912540721093,0.6337135614702155,2157.3333333333335,11.333333333333334
不使用 GP,4300,1,6.993195044929418,1089.3753653856181,0.8909707424110177,0.49558405698891067,0.9925235207910408,0.891,9.847414738413057,9.847414738413057,8.804986852346941,8.428761047478284,0.7041931203396464,14.666666666666666,22.333333333333332
不使用 GP,4300,2,7.058242397595126,1164.9768363226742,0.8897169407614762,0.4956836857574142,0.9924722225064531,0.8637333333333334,9.489173202775993,9.368229955538672,8.830504745728808,8.713334727839753,0.8256370057490267,14.333333333333334,28.0
不使用 GP,4300,3,6.978627209317179,1073.443798309646,0.8910720940789089,0.4955376390185793,0.9925598477790122,0.8997999999999999,9.910180136242944,9.910180136242944,9.137917968472072,8.880497636841687,0.7631726772272778,1221.0,16.666666666666668
不使用 GP,4300,4,7.051440832741122,1160.85086396584,0.8891557137044387,0.42156963921672586,0.9924981675880605,0.8713000000000001,9.479275694137398,9.479275694137398,9.371725956788284,8.639316009609978,0.8508868540021188,48.0,20.333333333333332
不使用 GP,4300,5,7.784292289603422,4121.820126427531,0.5926601053856067,0.3471084886965656,0.744970442171646,0.5718333333333333,6.565089757839672,6.565089757839672,6.318023452088494,6.058207968954083,0.4589345066872837,715.0,21.666666666666668
不使用 GP,4300,6,7.796541284644516,4138.02702858401,0.5920902577687701,0.29412008905633286,0.7449561925759056,0.5703333333333332,6.556184252371523,6.556184252371523,6.378256640178843,6.378256640178843,0.5307855626326964,1502.6666666666667,24.333333333333332
不使用 GP,4300,7,6.978335211372754,1073.1303438923194,0.8910817176914584,0.4955485349386146,0.9925667663891587,0.8996666666666666,9.910795556024395,9.910795556024395,9.910795556024395,9.574204010802175,0.9689288384940559,548.0,13.0
不使用 GP,4325,0,7.153298707808439,1316.7776975744612,0.8772644585621582,0.4224455372249926,0.9854859835085458,0.5946666666666667,9.166987764436604,9.057628376684635,9.089318832687896,8.468444611778025,0.4934069450158094,1345.0,25.333333333333332
不使用 GP,4325,1,6.988977918495866,1084.6567740453868,0.891017748544618,0.49554077759177306,0.9925321240894908,0.8963333333333333,9.86141533188444,9.86141533188444,8.916269488364607,8.519793798468685,0.6909279713018032,243.33333333333334,23.333333333333332
不使用 GP,4325,2,7.036932242766124,1140.298223776658,0.890131120978042,0.4956441470480675,0.9924926529113495,0.8789666666666668,9.609172529617279,9.609172529617279,9.018539542072999,8.927898089927504,0.8745508585464788,0.3333333333333333,28.666666666666668
不使用 GP,4325,3,6.982126525521231,1077.2105193671493,0.8910708132502299,0.49555878041848106,0.9925606268322408,0.8953333333333333,9.900923863927481,9.900923863927481,9.151163353258704,8.86903029009725,0.773978179449601,1213.3333333333333,20.0
不使用 GP,4325,4,7.030393801539749,1133.595276084451,0.8900936832856493,0.4458760422420806,0.9925197070003366,0.8773666666666666,9.636043801475076,9.636043801475076,9.480081528446503,8.69049465363115,0.9416058394160585,247.33333333333334,22.333333333333332
不使用 GP,4325,5,7.18640043266641,1358.109850706622,0.8764008959940476,0.3961613696714,0.9853882110583952,0.5833,9.020833489846678,9.020833489846678,8.449571645783417,8.261678674614112,0.5497146709751417,1089.6666666666667,26.666666666666668
不使用 GP,4325,6,7.219391480421719,1397.1972128577418,0.8753573544156682,0.33194120966326635,0.9853301843658407,0.5747666666666666,8.839322565847047,8.630198935769661,8.554657367202315,8.554657367202315,0.5510848863494776,980.3333333333334,29.0
不使用 GP,4325,7,6.978330297850385,1073.125071039424,0.8910802802252448,0.4955401651089089,0.9925668958283849,0.9,9.910802749940618,9.910802749940618,9.910802749940618,9.57417253599006,0.9328537170263789,1328.3333333333333,16.666666666666668
不使用 GP,4350,0,7.084692349504792,1207.5767667877697,0.8870687999961985,0.4420544901008771,0.9924585298601776,0.8601333333333333,9.388254259835891,9.17031916579345,9.196961858755444,8.497601093268614,0.7368265550814558,1361.6666666666667,23.333333333333332
不使用 GP,4350,1,6.981043334771989,1076.0474695430712,0.8910411198027184,0.49553059626506185,0.9925349108449462,0.8982666666666667,9.890099778511527,9.890099778511527,8.985088234988373,8.585253641547041,0.6780174388592491,260.0,19.0
不使用 GP,4350,2,7.0007509235590595,1097.8987906936998,0.8908890512432999,0.49559148034765016,0.9925264723761046,0.8875000000000001,9.81592148064916,9.750238862463021,9.127451522843167,9.044961312488638,0.7846967846967847,11.0,24.0
不使用 GP,4350,3,6.978415156958697,1073.2161450475473,0.8910746240406276,0.49554002598149766,0.9925617080210314,0.8997333333333333,9.910672231825387,9.910672231825387,9.125386719786041,8.854723751053411,0.6838351674952982,1237.3333333333333,17.0
不使用 GP,4350,4,6.995562422919467,1092.1036318044933,0.8909506788144651,0.49559253891231214,0.992543618009112,0.8893,9.85151877041347,9.793528997386806,9.544486685668668,8.716211992373049,0.9353008630575171,266.6666666666667,21.666666666666668
不使用 GP,4350,5,7.0877778619330245,1205.9195989534744,0.8879536676330035,0.49537776894559354,0.9924315700800715,0.8544999999999999,9.383042755462142,9.011257023578999,8.624537924801613,8.395703307802949,0.8085103094376951,1104.0,27.333333333333332
不使用 GP,4350,6,7.102225042508088,1223.6358689501842,0.887571818197895,0.4055790582860028,0.9924004801302052,0.8452333333333333,9.353471058624756,9.068708826272816,8.74614750364909,8.74614750364909,0.7622377622377622,992.3333333333334,28.333333333333332
不使用 GP,4350,7,6.97833029444782,1073.1250673880454,0.8910802754866424,0.4955401377433211,0.9925668962388686,0.9,9.910802754866424,9.910802754866424,9.910802754866424,9.574172428637384,0.9372870198265181,1353.3333333333333,14.333333333333334
不使用 GP,4375,0,7.06487109014229,1179.1642914684976,0.8884441756476037,0.43103460575022123,0.9924786000960927,0.8655666666666667,9.528609696157467,9.296667203024715,9.323060989060856,8.577974903289922,0.7872555827156451,1999.3333333333333,20.666666666666668
不使用 GP,4375,1,7.001078263462591,1098.2074681675606,0.8908479686221686,0.4955274371792915,0.9925396255396065,0.8952666666666667,9.577856282711176,9.818655682002097,9.103210465986136,8.652833709763835,0.6324671201243163,490.3333333333333,18.333333333333332
不使用 GP,4375,2,6.981152767272937,1076.1651045919878,0.8910461005159257,0.49554646789835816,0.9925372374411424,0.8970666666666668,9.90254811629607,9.90254811629607,9.156147694770285,9.13316083162258,0.7635017971152426,1323.0,20.333333333333332
不使用 GP,4375,3,7.0042387522984635,1102.034136682939,0.8907488170310941,0.49555269842908034,0.9925622452313033,0.8954,9.79171639249874,9.68603595913136,9.461692537256985,8.684218882164735,0.6478445132736973,1464.3333333333333,20.333333333333332
不使用 GP,4375,4,6.985186115522726,1080.5584013441123,0.8910500948784442,0.4955500081463826,0.9925540559078803,0.8976000000000001,9.8691090415484,9.8691090415484,9.587363389399252,8.689806849153696,0.871836295099623,280.6666666666667,18.0
不使用 GP,4375,5,7.0520547372463085,1160.8620923772085,0.8893053926751012,0.4626555369495813,0.9924718679928587,0.8660666666666667,9.565643093769967,9.404074127874976,8.766719321743851,8.477589824148067,0.7603152576528508,1107.3333333333333,24.333333333333332
不使用 GP,4375,6,7.075522697346009,1190.548268085445,0.888449429706547,0.42197608696238303,0.9924416458655196,0.8595666666666667,9.493916583784218,9.925506563765124,8.932691340806775,8.932691340806775,0.851080777876479,998.3333333333334,27.0
不使用 GP,4375,7,6.97833029444782,1073.1250673880454,0.8910802754866424,0.4955401377433211,0.9925668962388686,0.9,9.910802754866424,9.910802754866424,9.910802754866424,9.574172428637384,1.0,1378.3333333333333,17.0
不使用 GP,4400,0,7.8080505637704904,4153.644459054352,0.5913891884894339,0.2690542857454186,0.7449665868007962,0.5710333333333334,6.433583937323782,6.433583937323782,6.353806777841091,6.15545142770511,0.5447640002095447,2009.6666666666667,18.333333333333332
不使用 GP,4400,1,6.979773959851144,1074.6760455173214,0.8910624921527198,0.49555620220953367,0.9925505235869189,0.8951333333333333,9.908037691348893,9.908037691348893,9.427363573143326,8.788312180133245,0.9525237269767107,275.0,18.333333333333332
不使用 GP,4400,2,6.981384150551732,1076.4126342379122,0.8910525861026527,0.4955378170549308,0.9925446391865557,0.8979333333333335,9.893254748176709,9.893254748176709,9.228408893102683,9.197229558877833,0.7598189133334015,1331.0,16.333333333333332
不使用 GP,4400,3,7.723369484796493,4049.8633410159514,0.5940569683708624,0.34706629867487715,0.7450439711876896,0.5964666666666667,6.938610585662133,6.938610585662133,6.938610585662133,6.187846246063849,0.42985125770425575,1243.6666666666667,18.666666666666668
不使用 GP,4400,4,6.979804540562867,1074.7106215380684,0.8910683535637783,0.49554036027498966,0.9925567236521119,0.8988,9.897128814706273,9.897128814706273,9.626599170024496,8.702715816480962,0.8945005611672278,298.0,17.666666666666668
不使用 GP,4400,5,7.049810580264705,1158.0158657986392,0.8893673862730216,0.49568698442207465,0.99248038349509,0.8752333333333334,9.544062764779849,9.550354343149072,8.814478581736436,8.50187170931649,0.7008284509041506,1115.0,25.0
不使用 GP,4400,6,7.8136949176642405,4159.385585193795,0.5915067461309024,0.27206360216638864,0.7449381361399071,0.5702333333333334,6.514468271128631,6.514468271128631,6.0605159725913325,6.0605159725913325,0.4078765227021041,1003.3333333333334,28.0
不使用 GP,4400,7,6.97833029444782,1073.1250673880454,0.8910802754866424,0.4955401377433211,0.9925668962388686,0.9,9.910802754866424,9.910802754866424,9.910802754866424,9.574172428637384,1.0,1403.3333333333333,15.0
不使用 GP,4425,0,7.194139886690546,1359.8780713108993,0.8769412161710912,0.33317044756800696,0.9854395793501075,0.5742333333333334,9.073737239077719,8.812224957834411,8.593574794089223,8.311266785926934,0.5608600092530064,656.0,27.666666666666668
不使用 GP,4425,1,6.978460958949708,1073.2653142062968,0.8910614601195341,0.4955312571900543,0.9925511259034737,0.9,9.910613510841685,9.910613510841685,9.428802366839248,8.788547114657959,0.6639292294151432,300.0,14.666666666666666
不使用 GP,4425,2,6.9786947915082385,1073.516335698348,0.8910572038705974,0.49553172812081075,0.9925471845639681,0.8994,9.91018845800338,9.91018845800338,9.230816185732097,9.223821590960894,0.9430056623039079,1347.0,12.0
不使用 GP,4425,3,7.151814226363602,1317.3639112639603,0.8770121361882391,0.3978469686831794,0.9854659984951852,0.6,9.209951487684112,8.937320437129076,9.131456803249714,8.329460349077317,0.5532093179152002,19.0,23.0
不使用 GP,4425,4,6.97974692158476,1074.64852046066,0.8910691730697478,0.49553741808739243,0.9925578642106584,0.8994,9.90506177608758,9.90506177608758,9.669175112981293,8.72890054744033,0.9264531435349941,314.0,17.0
不使用 GP,4425,5,7.022692495834042,1124.0154374425226,0.8903471527628456,0.49562838712726104,0.9925080768520308,0.8802,9.720247061298014,9.520005382872158,8.823463825668123,8.599716439564615,0.7679244189416332,1128.3333333333333,23.666666666666668
不使用 GP,4425,6,7.216561650916273,1393.7999203624233,0.8756176585056057,0.3443782761586687,0.985315263920506,0.5729000000000001,9.046160930349942,8.721026980318877,8.276778831170004,8.276778831170004,0.4034278537529496,10.0,30.333333333333332
不使用 GP,4425,7,6.97833029444782,1073.1250673880454,0.8910802754866424,0.4955401377433211,0.9925668962388686,0.9,9.910802754866424,9.910802754866424,9.910802754866424,9.574172428637384,1.0,1428.3333333333333,17.0
不使用 GP,4450,0,7.072211931837971,1186.0830902754742,0.8886210228872177,0.41429872324125866,0.9924619237791932,0.8567,9.48824593882526,9.269031553324877,8.875851409185474,8.512708322946333,0.8485970010846436,669.6666666666666,25.333333333333332
不使用 GP,4450,1,6.979957198170619,1074.8752060270122,0.8910611537290393,0.4955328563058587,0.9925514990922916,0.8995333333333333,9.904766049914869,9.904766049914869,9.436728691953663,8.82889106674992,0.8917271329539017,539.0,14.666666666666666
不使用 GP,4450,2,6.983005042421529,1078.174850791151,0.8910574728027955,0.49555901475393443,0.9925614899022465,0.8954,9.900067179618883,9.900067179618883,9.583610668014181,9.49539489232248,0.7938099539233733,1349.3333333333333,19.0
不使用 GP,4450,3,7.077997650169777,1197.7908712071571,0.8875148977307047,0.414302886364105,0.9924776590848466,0.8632,9.40447478366795,9.150438555464246,9.284001088537275,8.526846312586123,0.6491806991267012,505.3333333333333,20.333333333333332
不使用 GP,4450,4,6.978404545422703,1073.2047568470534,0.8910697367534098,0.49553583533369766,0.9925579363163529,0.9,9.910695235796235,9.910695235796235,9.673087419407116,8.729218692779574,0.806146572104019,340.6666666666667,18.0
不使用 GP,4450,5,6.989172879975956,1084.947517468917,0.8910052322542509,0.4955711688717767,0.992533547109932,0.8917666666666667,9.866814140680965,9.853686549121932,8.869037519908499,8.674514113300296,0.8804855275443512,1146.3333333333333,22.0
不使用 GP,4450,6,7.131069877737633,1260.8425321070451,0.8863922270147571,0.4121402891423209,0.9923774423948624,0.8421333333333334,9.361413540769732,9.01791264764386,8.476470664332322,8.476470664332322,0.7390899703003342,11.0,29.0
不使用 GP,4450,7,6.97833029444782,1073.1250673880454,0.8910802754866424,0.4955401377433211,0.9925668962388686,0.9,9.910802754866424,9.910802754866424,9.910802754866424,9.574172428637384,1.0,1453.3333333333333,17.333333333333332
不使用 GP,4475,0,7.051861948868011,1160.1232920369757,0.8894059057163156,0.4287813099389155,0.9924857717325842,0.8702666666666667,9.57686868790554,9.436609605342879,8.991079128126914,8.600480408767266,0.8702080221659415,671.3333333333334,23.0
不使用 GP,4475,1,6.978681890497704,1073.5025729788306,0.8910639592713183,0.4955354232989156,0.9925528064968058,0.8994666666666666,9.910199576675119,9.910199576675119,9.49437770670536,8.887120525161906,0.9755940912010276,561.3333333333334,17.666666666666668
不使用 GP,4475,2,6.981581593135483,1076.6311860620133,0.8910726256749412,0.49554348070774523,0.992564176838992,0.8992666666666667,9.89865892261713,9.89865892261713,9.64344685818972,9.551046899635105,0.9779974933853223,1360.0,17.666666666666668
不使用 GP,4475,3,7.055168614544783,1165.8603543303072,0.8889784121220577,0.4320607967313821,0.9924920514285983,0.8676666666666667,9.553019588358929,9.293541367002723,9.264233305776253,8.475223853271997,0.8558332023678559,751.6666666666666,23.666666666666668
不使用 GP,4475,4,6.9932028597981954,1089.4465973207073,0.8909663255249723,0.495545355059058,0.9925638687556012,0.8976000000000001,9.833250846102699,9.755119899458828,9.833250846102699,8.831572967023272,0.8301043219076005,929.6666666666666,21.333333333333332
不使用 GP,4475,5,6.98497314800133,1080.2966067812004,0.8910483167062898,0.4955705803717197,0.9925544559067146,0.8928666666666668,9.894396541571188,9.894396541571188,9.363886613038295,8.961686375033914,0.823841198816799,1140.6666666666667,19.666666666666668
不使用 GP,4475,6,7.097908046111954,1218.3638507803737,0.8876948371729264,0.42034608160348214,0.9924146069095495,0.8498333333333333,9.326055388205157,9.098557803458048,8.620643189405335,8.620643189405335,0.6577321066632947,7.0,28.666666666666668
不使用 GP,4475,7,6.97833029444782,1073.1250673880454,0.8910802754866424,0.4955401377433211,0.9925668962388686,0.9,9.910802754866424,9.910802754866424,9.910802754866424,9.574172428637384,1.0,1478.3333333333333,16.0
不使用 GP,4500,0,7.020830677364439,1121.5608024582114,0.8904358517343764,0.43378160240957797,0.9925099634708211,0.8804666666666666,9.735058586710275,9.585439209897471,9.066939163850561,8.62712130362632,0.7600567074251284,683.6666666666666,24.666666666666668
不使用 GP,4500,1,6.978446494234045,1073.2497860275828,0.8910634655948052,0.4955318185364464,0.9925528724170647,0.9,9.910634469004776,9.910634469004776,9.494820328945819,8.887563770344826,0.9831059129304743,586.3333333333334,13.666666666666666
不使用 GP,4500,2,6.978396910071996,1073.1965614279063,0.8910787956000453,0.4955429673962716,0.9925650340390417,0.8996666666666666,9.910697060525901,9.910697060525901,9.673115026006927,9.580708992352553,0.9933993399339934,2233.0,13.333333333333334
不使用 GP,4500,3,7.049317780601986,1158.0229258097472,0.8892879283935479,0.49571161827945254,0.9924925109275294,0.8724333333333334,9.611536898113316,9.356441574059234,9.237541859382953,8.456621944197792,0.8590956887486856,776.6666666666666,20.333333333333332
不使用 GP,4500,4,7.724424044419075,4051.0003443380374,0.5940535204102768,0.3470439984434522,0.7450436979511895,0.5964,6.93103902978149,6.93103902978149,6.93103902978149,6.185405493155268,0.5050505050505051,365.0,17.333333333333332
不使用 GP,4500,5,6.978516564312329,1073.3250139222794,0.8910685248212076,0.4955392664317288,0.9925562651886485,0.8995333333333333,9.910508257384654,9.910508257384654,9.402347952246203,8.993122038623374,0.7513810223061324,1163.3333333333333,13.0
不使用 GP,4500,6,7.055912048250786,1165.6842509951405,0.8891883730575886,0.451689729105367,0.9924500994398658,0.8669666666666668,9.625449156871307,9.400123320078745,8.668801686676899,8.668801686676899,0.6706863966562953,17.666666666666668,28.666666666666668
不使用 GP,4500,7,7.722333652872045,4048.750044118477,0.5940535170999428,0.3470267585499715,0.7450445975832857,0.6,6.940535170999429,6.940535170999429,6.940535170999429,6.768919710540779,0.6666666666666666,1503.3333333333333,17.333333333333332
不使用 GP,4525,0,7.0121362309500554,1111.2939963906497,0.8906358540740874,0.4715697368543446,0.9925217760025724,0.8866,9.751635348862562,9.751635348862562,9.1933630995089,8.617250941950589,0.8982777914244385,687.3333333333334,19.666666666666668
不使用 GP,4525,1,6.984685947665618,1080.0109156031451,0.8910555625273275,0.4955609681115997,0.9925640184334227,0.8952666666666667,9.888854468008297,9.888854468008297,9.888854468008297,8.908824898706515,0.8870431893687707,589.0,18.0
不使用 GP,4525,2,6.978345223038519,1073.1410879917114,0.891078120065405,0.4955390867357799,0.99256509519746,0.9,9.910781142369519,9.910781142369519,9.673161514893424,9.580752206237795,0.9191564147627416,2258.0,15.0
不使用 GP,4525,3,7.037905617278867,1143.1261048659358,0.8897892849097366,0.4291887566950085,0.9925115358356121,0.875,9.550207979920993,9.550207979920993,9.358445884548988,8.506074097151766,0.8870431893687707,783.0,19.333333333333332
不使用 GP,4525,4,7.148158660695935,1310.7935063453222,0.8773044438667887,0.40613775613970016,0.9853917266841649,0.5998,9.272076841709952,8.976396947348848,9.086134292117583,8.302515200015572,0.5145068249578023,276.3333333333333,22.666666666666668
不使用 GP,4525,5,6.978417661182978,1073.2188351085892,0.8910676329250444,0.49553385753014195,0.9925563532748547,0.9,9.910676239298256,9.910676239298256,9.402452142230116,8.99321222991764,0.8497569783432537,1355.3333333333333,14.666666666666666
不使用 GP,4525,6,7.034755625717264,1137.3706596576903,0.8903157089004772,0.49607952739625866,0.9924771630426293,0.8769999999999999,9.824747246020545,9.824747246020545,8.844481086527919,8.844481086527919,0.5786177822238753,0.0,31.666666666666668
不使用 GP,4525,7,7.147415599023873,1309.4729072694113,0.8773708704353265,0.41984628699515963,0.985386513784249,0.6,9.277102860644481,9.000828204894274,9.032756233737915,8.867537507253168,0.6759164097293594,923.6666666666666,21.0
不使用 GP,4550,0,6.984296903729988,1079.572401021666,0.8910462389673838,0.4885379477259386,0.9925425467038337,0.8949333333333334,9.88945237804005,9.88945237804005,9.269267631481254,8.699644834867875,0.7728815664952994,701.0,20.666666666666668
不使用 GP,4550,1,6.978341568045188,1073.1371655724636,0.8910808345657282,0.4955435017501519,0.9925668364321271,0.8997999999999999,9.910785641443558,9.910785641443558,9.910785641443558,8.907549749461992,0.9438339438339439,612.0,18.666666666666668
不使用 GP,4550,2,6.978856939455691,1073.6906700384382,0.8910809754434569,0.4955518504849354,0.9925667124833853,0.8976000000000001,9.909915907643201,9.909915907643201,9.909915907643201,9.515149977056142,0.9494762784966112,1382.3333333333333,14.0
不使用 GP,4550,3,7.008751117393532,1107.3064325887267,0.8907208969409034,0.4956342534125675,0.9925251170051642,0.8844333333333333,9.727746901131113,9.727746901131113,9.394427109424528,8.510904866016862,0.9529120198265181,799.6666666666666,21.0
不使用 GP,4550,4,7.090243551157389,1215.8417314149792,0.8866977221200277,0.4282848428402926,0.9924511996690581,0.8602666666666666,9.332880847188273,9.332880847188273,9.216831669622593,8.427864137433469,0.7136152545988611,882.0,22.0
不使用 GP,4550,5,6.983394485177165,1078.6010693200922,0.8910607451331104,0.4955399005218613,0.9925591329812589,0.8988666666666667,9.88918129234805,9.88918129234805,9.451578943038063,9.056088807776648,0.8865954228273069,1373.6666666666667,20.333333333333332
不使用 GP,4550,6,6.992767392043746,1088.8016379549692,0.8910667485687268,0.4960626259793866,0.9925050733986952,0.8891333333333332,10.36772997511597,10.091377375360038,8.96237874250097,8.96237874250097,0.6139521500664835,5.333333333333333,25.666666666666668
不使用 GP,4550,7,7.088941164563049,1213.8903054306443,0.8868522179080998,0.4226257026622234,0.9924480085120821,0.8583,9.397553694156016,9.180483786501268,9.165528936233786,8.97186103166812,0.8658146964856229,944.6666666666666,21.0
不使用 GP,4575,0,6.9786286891201454,1073.4453774551237,0.8910554388983276,0.49553274979849865,0.9925453458188825,0.8994666666666666,9.910330779777453,9.910330779777453,9.316309319021956,8.748665833401967,0.6847973135640474,715.3333333333334,14.666666666666666
不使用 GP,4575,1,6.978330297357137,1073.125070510107,0.8910802774460383,0.4955401498683569,0.9925668958878902,0.9,9.910802750654682,9.910802750654682,9.910802750654682,8.907512498462573,0.9920948616600791,637.0,16.333333333333332
不使用 GP,4575,2,6.978330319039114,1073.12509377758,0.8910803109156147,0.4955403460354297,0.9925668932718245,0.9,9.910802719261893,9.910802719261893,9.910802719261893,9.514769517412496,1.0,1407.3333333333333,13.0
不使用 GP,4575,3,7.0034850570366105,1101.1639356067935,0.8908358099873048,0.49559670728055,0.9925394636286639,0.8879,9.750394200793385,9.750394200793385,9.483389008205192,8.53382406898446,0.9552238805970149,816.3333333333334,21.333333333333332
不使用 GP,4575,4,7.064288124518729,1178.3539530648322,0.8884610386027956,0.4287996572584913,0.9924867512147246,0.8670333333333334,9.506797718662652,9.242812554352982,9.325339538312758,8.485064747635837,0.8648025207755051,903.0,20.333333333333332
不使用 GP,4575,5,6.978389395930235,1073.1884962928823,0.8910725127662982,0.4955399408650332,0.9925597644577319,0.9,9.910717173492783,9.910717173492783,9.455314994816382,9.072456164554076,0.904109589041096,1398.6666666666667,14.666666666666666
不使用 GP,4575,6,6.9869831714649315,1082.496757476362,0.8911009267692519,0.4960276140503615,0.9925178464643879,0.8961666666666668,9.963807441547115,9.963807441547115,9.142310393336311,9.142310393336311,0.7318833689229441,4.666666666666667,28.0
不使用 GP,4575,7,7.07443522612747,1192.6630552877382,0.8878859087728058,0.4245052988955016,0.992466449815112,0.8621666666666666,9.488421134016379,9.179324163055966,9.228638683371072,9.041221161594775,0.8797814207650273,957.0,20.333333333333332
不使用 GP,4600,0,7.741261229557584,4069.439951993776,0.5939354267676197,0.3470311255753784,0.7450281438618654,0.596,6.817017925551859,6.836309835849062,6.580291667983135,5.896514204712502,0.33644592160498016,713.0,25.0
不使用 GP,4600,1,7.7223336540191285,4048.7500453494413,0.5940535169338855,0.3470267584669428,0.7450445974449046,0.6,6.9405351693388555,6.9405351693388555,6.9405351693388555,6.260673922145344,0.5787037037037037,1362.3333333333333,13.0
不使用 GP,4600,2,7.722333653170813,4048.750044439093,0.594053517056692,0.347026758528346,0.7450445975472433,0.6,6.94053517056692,6.94053517056692,6.94053517056692,6.709514358348632,0.6184291898577613,3543.6666666666665,11.333333333333334
不使用 GP,4600,3,6.989324334759172,1085.1197658326873,0.8910216436738093,0.4955665683886541,0.9925522589270693,0.8939,9.87055085462706,9.861694125018523,9.493801747515477,8.521839192418406,0.8852097130242825,833.6666666666666,22.333333333333332
不使用 GP,4600,4,7.792994594428666,4133.214520952133,0.5922406696519591,0.3471274105024264,0.7449810453637272,0.5736666666666667,6.555217181646334,6.555217181646334,6.38166147285234,5.87667029374676,0.5446623093681917,915.3333333333334,18.666666666666668
不使用 GP,4600,5,7.750818878979353,4080.662381449755,0.5936425429926292,0.34703874006340335,0.7450420856184765,0.5954,6.791850998383192,6.631339380983576,6.791850998383192,6.324345056220579,0.508130081300813,2208.6666666666665,22.333333333333332
不使用 GP,4600,6,6.979203588393214,1074.0639451553957,0.8911277304632089,0.4960180237723437,0.9925233985960319,0.8986333333333333,9.913260291047449,10.393515427255842,9.186702462280858,9.186702462280858,0.667940625823246,19.666666666666668,21.333333333333332
不使用 GP,4600,7,8.532367825716626,7102.740008549215,0.29549814578433425,0.19882597315351544,0.49744554710918204,0.27016666666666667,3.6038693865172213,3.6038693865172213,3.2833375226559895,3.293050861047766,0.21672167216721672,973.0,19.333333333333332
不使用 GP,4625,0,7.147636770671632,1306.9191827382758,0.8777259417538975,0.4018705905892092,0.9854613063349976,0.5968,9.259478903746027,9.052323575389892,8.776646118400649,8.103011807742535,0.3386819369778667,2.6666666666666665,27.666666666666668
不使用 GP,4625,1,7.163606500160728,1339.0400878191401,0.875869058924532,0.41067564910897875,0.9853943725819679,0.6,9.123883275055265,9.123883275055265,8.99433903928959,8.287799601723735,0.6766220391349124,1044.3333333333333,20.333333333333332
不使用 GP,4625,2,7.150564272022362,1315.110959823394,0.8770644006949685,0.4066521652427755,0.9854002553703135,0.6,9.20406079399409,8.988736129799365,9.11013169732188,8.885417069598622,0.6759164097293594,2171.0,20.666666666666668
不使用 GP,4625,3,6.9818284203787355,1076.8987607307172,0.8910676705519954,0.49554750575371864,0.9925589128799236,0.8980666666666667,9.892656937141936,9.892656937141936,9.513197176139032,8.557915229266293,0.8590956887486856,849.6666666666666,17.666666666666668
不使用 GP,4625,4,7.187854614270324,1354.7360757420226,0.8768679227531307,0.4312296894502676,0.9853433933568132,0.5790333333333333,9.080161781218901,8.789923547998272,8.572978260427396,7.9927050790120795,0.5878702461327837,632.6666666666666,26.333333333333332
不使用 GP,4625,5,7.152032652983007,1317.0420171893409,0.8770416993689919,0.3977993904741252,0.9854072096847849,0.5949333333333334,9.257197765807726,8.961120556659042,9.079224068484967,8.426207031059619,0.5266000390927092,235.33333333333334,21.666666666666668
不使用 GP,4625,6,6.979464913043839,1074.3476784085804,0.8911292159788632,0.49601597999221775,0.992525519357295,0.899,9.91274328846304,10.604301447146277,9.211349347873288,9.211349347873288,0.7973246402877697,722.6666666666666,23.666666666666668
不使用 GP,4625,7,7.386095671749394,1634.3159152707578,0.8615759703220139,0.30867792945516626,0.9781607713907742,0.2749333333333333,8.340834564069963,7.789624260907985,7.484346921055831,7.488701944664787,0.2108365568627034,3.3333333333333335,32.0
不使用 GP,4650,0,7.06442048815346,1178.467733094554,0.8884457911518275,0.45798645580521874,0.992466780279765,0.8635666666666667,9.525658317376832,9.263857833533976,8.966927525151926,8.207138596657714,0.5161725067385444,20.666666666666668,21.666666666666668
不使用 GP,4650,1,7.085101835410145,1208.1818305316885,0.887074075671553,0.4273610742173957,0.9924580253503068,0.8617333333333334,9.393883746630138,9.114110040201277,9.19576890796876,8.45260742089301,0.8641188959660298,1068.0,21.333333333333332
不使用 GP,4650,2,7.081813002475329,1203.3438705223427,0.8872785989901576,0.43484331470408266,0.9924531710912904,0.8621666666666666,9.395847433692484,9.18532917206895,9.208778590228112,8.982901280980109,0.8590956887486856,2187.3333333333335,21.333333333333332
不使用 GP,4650,3,6.978408358882171,1073.208850101255,0.8910719650350748,0.495537837639981,0.9925596395751571,0.8997999999999999,9.91068766550561,9.91068766550561,9.514709584901807,8.551050759439613,0.8383838383838383,874.3333333333334,14.666666666666666
不使用 GP,4650,4,7.090943648973501,1212.4655082925744,0.8874087157862162,0.49557283263430624,0.9924624962392096,0.8555,9.311823357716143,9.311823357716143,8.887724798708888,8.232846499839928,0.8865954228273069,642.3333333333334,26.0
不使用 GP,4650,5,7.07680505784067,1196.0681025954264,0.8876431678125356,0.4079545962001337,0.992463311851469,0.8615333333333334,9.442439107934272,9.132267356452195,9.26980630739771,8.599833974086648,0.7662804431787714,256.3333333333333,19.0
不使用 GP,4650,6,6.984227403360106,1079.5074338496754,0.8911144456389438,0.4960175007639627,0.992528253670187,0.8987666666666666,9.959284840154357,10.287671909334614,9.290371755544177,9.290371755544177,0.7839875278748051,726.3333333333334,25.0
不使用 GP,4650,7,7.207737895609459,1356.4434863632912,0.8837599648995367,0.32910993381270787,0.9923263008322497,0.8079666666666666,9.008339458521576,8.332563236415632,7.776046003289648,7.826766170054121,0.6926067690958249,5.0,32.0
不使用 GP,4675,0,7.063454726689358,1177.1744951162298,0.8885253610358661,0.41630602628252866,0.9924765421126182,0.8669333333333333,9.52819351804604,9.36338042577715,9.004344395998015,8.232433520379969,0.6409027416036523,29.0,22.0
不使用 GP,4675,1,7.08126078433083,1202.5362126905356,0.887311238996749,0.41730802643287457,0.9924746155547505,0.8634666666666666,9.417320814631069,9.216692040418133,9.12958304245111,8.408554823870668,0.872707659115426,1081.3333333333333,20.666666666666668
不使用 GP,4675,2,7.07142347064439,1188.3704290132598,0.8879948401953687,0.4237386719431407,0.9924706938419022,0.8665666666666666,9.468434752083121,9.212547138677504,9.304949584749165,9.068567543481564,0.8926174496644296,2208.0,20.666666666666668
不使用 GP,4675,3,6.979721604398965,1074.621237282571,0.8910717764867919,0.49553741336414675,0.9925603598364267,0.8996000000000001,9.897962863910571,9.897962863910571,9.541537733425997,8.577855017422808,0.9393939393939394,883.0,18.666666666666668
不使用 GP,4675,4,7.05475647871216,1164.5475491046288,0.8891520996585222,0.42586983407369217,0.9924867070659475,0.8654333333333334,9.600008687137494,9.402344272033949,9.009351374926098,8.310955665498627,0.8234283737550063,651.0,22.666666666666668
不使用 GP,4675,5,7.067299945198321,1182.555758677393,0.8882722570897316,0.4953758973539381,0.9924796053887815,0.8667666666666666,9.490424908162588,9.246289380933417,9.273832045133547,8.577093897032423,0.8053975064515125,1081.0,21.666666666666668
不使用 GP,4675,6,6.979480439181931,1074.3624896382908,0.8911354503541474,0.49601972341188777,0.992530593897639,0.8989666666666668,9.893499177470781,10.448358641123205,9.325578137978598,9.325578137978598,0.8207228953401188,735.6666666666666,20.333333333333332
不使用 GP,4675,7,7.181053604493222,1320.5342304061933,0.8851353765504267,0.35675761738128314,0.9923369867319698,0.8176666666666667,9.240764367163292,8.686294049962179,7.803325012835111,7.85099936277986,0.6962134012012676,16.333333333333332,32.0
不使用 GP,4700,0,7.0429482769822895,1149.1936262831805,0.8896454468245691,0.44516006873150227,0.9924986070794306,0.8751333333333333,9.507749621897451,9.507749621897451,9.035263701066953,8.26437832691792,0.7162684273121943,27.0,21.0
不使用 GP,4700,1,7.8106433626922565,4157.256797683684,0.5912916089651096,0.31208846193280526,0.7449622361921686,0.5685333333333333,6.435685509025415,6.435685509025415,6.289299155491253,5.878704394670261,0.5518763796909493,1094.3333333333333,19.666666666666668
不使用 GP,4700,2,7.031814043443095,1135.38082063529,0.8900314941151851,0.49564710118252475,0.9925089059810874,0.8753666666666667,9.610859512646417,9.610859512646417,9.419580392488895,9.215980850597473,0.8815789473684211,2219.3333333333335,20.666666666666668
不使用 GP,4700,3,8.467773432500934,7025.919806497779,0.2970198696026183,0.1985149550708891,0.49751701493109907,0.299,3.9666962032323507,3.9666962032323507,3.6516666747109228,3.4410873558361903,0.15758468335787923,902.0,18.666666666666668
不使用 GP,4700,4,7.021618020713767,1122.6836594292984,0.890409077562925,0.4956708345535361,0.9925218355335472,0.8788333333333332,9.671560244970035,9.671560244970035,9.152652701517882,8.34108250256618,0.7793128856958645,662.3333333333334,20.333333333333332
不使用 GP,4700,5,7.042999589766328,1149.712521810594,0.8895695499294707,0.4956275592777269,0.9924969952830004,0.8715,9.6010594155727,9.6010594155727,9.302378153187833,8.64597985932737,0.8771253782683474,1094.0,20.333333333333332
不使用 GP,4700,6,6.9776855822234785,1072.4334845254048,0.8911365491739328,0.4960158674779244,0.9925310114601293,0.8997666666666667,9.920215773484918,9.920215773484918,9.352067675294528,9.352067675294528,0.6677489177489178,760.6666666666666,21.333333333333332
不使用 GP,4700,7,7.159996632707053,1293.624504213527,0.8858738983988687,0.40872874888915894,0.9923542248404704,0.8299666666666666,8.886870439439415,8.878159493284043,7.853120820191502,7.916129947302186,0.6389727412000399,0.6666666666666666,32.0
不使用 GP,4725,0,7.03118464391581,1134.528738472134,0.89007182172747,0.48061709265368274,0.9925106916484845,0.8752,9.664118794075199,9.490283288064491,9.134864369759123,8.348093469037822,0.7780549319586486,41.666666666666664,20.666666666666668
不使用 GP,4725,1,7.234403427963861,1421.2278164017187,0.8742872746337312,0.33695199046062885,0.9853497274197753,0.5724,8.888438715563163,8.224447612863871,8.37510678198713,7.950074482417583,0.5723128061257557,780.3333333333334,25.666666666666668
不使用 GP,4725,2,7.010431158418943,1109.286590360344,0.8906764863637374,0.4956143190449545,0.9925216586953486,0.8809999999999999,9.78638607747933,9.635794424889177,9.565301333957144,9.290284010044521,0.9393939393939394,2243.0,20.333333333333332
不使用 GP,4725,3,7.3338279603675245,1577.078804377131,0.8620738875029176,0.3087487965487546,0.9783194427006608,0.3,8.400588151629863,8.23909364807691,7.90147109974379,7.724147185013848,0.16236934360320252,13.333333333333334,26.333333333333332
不使用 GP,4725,4,6.991521906660101,1087.5161860692504,0.8910051027993434,0.4955830770736604,0.9925450038592786,0.8919,9.86562178157056,9.86562178157056,9.278205510066657,8.395659135235181,0.8666084357726084,667.0,20.333333333333332
不使用 GP,4725,5,7.038969926826212,1144.4939318953013,0.8897593012473003,0.49567974230403994,0.9925033417752228,0.8742,9.635356083055411,9.503714803643762,9.307596768525524,8.672783093523504,0.8852097130242825,1113.6666666666667,21.333333333333332
不使用 GP,4725,6,6.991751291134233,1087.8494063812523,0.8910762385413982,0.4960606311772204,0.9925538408879775,0.8929,9.85539834245761,9.810593216651332,9.856578214152668,9.856578214152668,0.8061098792806111,763.6666666666666,24.666666666666668
不使用 GP,4725,7,7.126783448631482,1249.9452807138493,0.8874590623011529,0.3925697131460663,0.9923946372032404,0.8390333333333334,9.610047577500534,8.981654618905514,8.01896014667136,8.052669709773058,0.5955897112712915,21.333333333333332,32.0
不使用 GP,4750,0,7.008118919120958,1106.5581703540258,0.8907321207267224,0.45395341718820675,0.992524961516667,0.8845333333333333,9.787646796048486,9.71177772425507,9.138142616924975,8.362996466272373,0.7732966096137451,60.0,20.0
不使用 GP,4750,1,7.139746134645365,1270.7780969069572,0.8861278085392525,0.37443004896321,0.9924177189661233,0.8377666666666667,9.17139805747074,8.790944257910217,8.72248629626604,8.2381992982724,0.7631578947368421,776.0,28.666666666666668
不使用 GP,4750,2,6.992238682825452,1088.3662672473527,0.8909962985261362,0.49557062854543316,0.9925480671081313,0.8929333333333332,9.848117981541067,9.763907038651253,9.574057175854788,9.311756144378341,0.9743589743589745,2253.0,20.333333333333332
不使用 GP,4750,3,7.192806858948917,1338.7937555866285,0.8840487431124977,0.34227506269709634,0.9923833297155437,0.8193,8.909987231869868,8.214491283591933,8.487041146973292,8.132939419581263,0.6382029151039194,1354.3333333333333,32.0
不使用 GP,4750,4,6.9809551151659255,1075.9505356434336,0.8910630422620551,0.4955444584380057,0.9925521704148045,0.8986000000000001,9.896581983709877,9.896581983709877,9.32304694885349,8.424838216586162,0.7238303924960596,679.0,17.333333333333332
不使用 GP,4750,5,7.012486555567283,1111.72277076705,0.8906295589675733,0.49560301580350813,0.9925239633810978,0.8849,9.756806265126855,9.663170132013654,9.391654652018005,8.723209653635204,0.9483394833948339,1128.6666666666667,21.666666666666668
不使用 GP,4750,6,6.977877028488588,1072.63900292108,0.8911717084672137,0.4960402556268331,0.9925593532795864,0.8992333333333334,9.919474326589091,9.919474326589091,9.919474326589091,9.919474326589091,0.8840018735031858,1441.6666666666667,19.666666666666668
不使用 GP,4750,7,7.08130166171334,1192.409667193104,0.8891639549131606,0.41472710468471446,0.9924209855777172,0.8555666666666667,9.462262593111467,9.157199659264359,8.04285547917949,8.039780368059398,0.6560084167556736,10.0,30.666666666666668
不使用 GP,4775,0,6.998175449859424,1094.9243469130888,0.8909558859734155,0.49558841071512333,0.992552751445157,0.8896000000000001,9.808617169879405,9.808617169879405,9.420335636861921,8.40057719927136,0.8086932447397563,54.666666666666664,23.333333333333332
不使用 GP,4775,1,7.092158547851429,1208.7484256543314,0.8883192562764166,0.4414600032599816,0.9924611662302337,0.8522,9.358694397247042,9.124014797208279,8.84549127308374,8.246240233559877,0.8340056227845007,784.3333333333334,28.333333333333332
不使用 GP,4775,2,6.981737715731804,1076.8004097432415,0.8910670630293062,0.49555186304157256,0.9925571299972532,0.8972666666666668,9.898599177333947,9.898599177333947,9.641623641151433,9.416899280388598,0.8675213675213675,2269.3333333333335,17.0
不使用 GP,4775,3,7.160203174786534,1297.5410351895218,0.8852340444554251,0.3787280990796684,0.992404134360742,0.8336666666666667,9.027469687890752,8.589154999824594,8.547493021927346,8.169706312831913,0.6003557821232759,14.666666666666666,26.666666666666668
不使用 GP,4775,4,6.978955973373327,1073.7970331585477,0.8910666543188706,0.49553885357541444,0.9925549993521287,0.8989333333333334,9.909630661653692,9.909630661653692,9.330073062959377,8.41923236557439,0.6367951751805144,695.3333333333334,13.333333333333334
不使用 GP,4775,5,6.985479122847387,1080.8795099184651,0.8910382913656697,0.49556813121487236,0.9925438693654302,0.8932000000000001,9.888232599685423,9.888232599685423,9.433529060580016,8.772359887394053,0.9768339768339769,1144.0,17.666666666666668
不使用 GP,4775,6,6.977407661301545,1072.1354232402266,0.8911704878254284,0.4960314983410911,0.9925595260657675,0.9001,9.920625022124119,10.434574012029136,9.920625022124119,9.920625022124119,0.8992642897566497,1466.6666666666667,21.0
不使用 GP,4775,7,7.058945607196516,1165.9485844965657,0.8897211700196515,0.49605156034848735,0.9924512242722323,0.8652666666666665,9.72025941912475,9.72025941912475,8.153106081252893,8.096049574270468,0.7828715670442289,3.0,30.333333333333332
不使用 GP,4800,0,6.9792803620562225,1074.146062684871,0.8910752137772716,0.4955538875129067,0.9925608718284443,0.8978,9.908866916072094,9.908866916072094,9.462089293120101,8.438994783651447,0.7507032599408884,75.66666666666667,13.333333333333334
不使用 GP,4800,1,7.790978145560561,4128.083498509901,0.5928364370257793,0.2927486819277361,0.7449645213671108,0.5669333333333334,6.649305122126585,6.364165669489192,5.9634316614771485,5.721113521010973,0.5207567508389862,802.3333333333334,25.333333333333332
不使用 GP,4800,2,8.466995783692974,7025.0826650527015,0.2970188917083289,0.19851350010829769,0.4975152716195188,0.29933333333333334,3.968656251978846,3.968656251978846,3.7246173019051603,3.731217156482728,0.21311475409836067,2290.0,15.666666666666666
不使用 GP,4800,3,7.118794100690259,1240.9429747161441,0.8875447788707914,0.495867678766367,0.9924430436800232,0.8457,9.214809364412865,8.7671960409488,8.751026163642019,8.314316239892463,0.6045558933723972,11.666666666666666,26.333333333333332
不使用 GP,4800,4,7.7286401518896035,4055.581209436909,0.5940151336568934,0.34704054774304577,0.7450385944902491,0.5963333333333334,6.924881763073877,6.924881763073877,6.707069281613123,6.1290663955578175,0.330492916818287,704.6666666666666,18.666666666666668
不使用 GP,4800,5,7.730798016979985,4057.949674610818,0.5940097304025876,0.3470281852225989,0.745028689249116,0.5978,6.905116132391754,6.879246274047818,6.479664049033214,6.042247429637272,0.5611672278338945,1162.0,18.666666666666668
不使用 GP,4800,6,6.977407630911269,1072.135390657734,0.8911704437349912,0.49603125363873696,0.9925595297363036,0.9001,9.920625061281399,10.527610934096375,9.920625061281399,9.920625061281399,0.884297520661157,2607.6666666666665,20.666666666666668
不使用 GP,4800,7,7.023048720711659,1123.4959152207687,0.8905751472388497,0.49607679364373364,0.9924755314691298,0.8782333333333333,9.870692211051772,9.59020841202245,8.26358820797845,8.184020699123264,0.8648710541378369,1.6666666666666667,25.333333333333332
不使用 GP,4825,0,6.978443088905263,1073.246130430086,0.8910744323621782,0.4955384823327056,0.9925618112118316,0.8997999999999999,9.910615379740442,9.910615379740442,9.481585867754838,8.458494238421588,0.6500043147927775,1574.3333333333333,15.666666666666666
不使用 GP,4825,1,7.217191686066992,1395.4193340966058,0.8754623472261929,0.33180417754639163,0.9853858168797438,0.5726,8.887071956668771,8.646692130765272,8.105169759581205,7.975728784277531,0.4077501137744375,1.0,31.0
不使用 GP,4825,2,7.335841283360878,1579.9688104895556,0.8619042160814455,0.3214305057006553,0.9782050785655234,0.2998,8.399500195563524,8.065368754066483,7.988415424864325,7.998751495042981,0.09032942884268874,3.0,29.333333333333332
不使用 GP,4825,3,7.0939037821619335,1208.5885010213349,0.8886345263260352,0.4386760726768502,0.9924580587925887,0.8550333333333334,9.280368783404375,9.280368783404375,8.884640853184655,8.305119016899425,0.6326325528450587,1377.3333333333333,27.666666666666668
不使用 GP,4825,4,7.138379923589362,1293.5558882790822,0.878149109573186,0.3945844146688533,0.9854526204385929,0.6,9.284420700081178,9.07325480084075,8.88112056229728,8.294041027405996,0.5344956684021458,12.0,19.666666666666668
不使用 GP,4825,5,7.150364822915314,1312.0840954953378,0.877490185435576,0.429169010913888,0.9854379181295702,0.5982,9.264957641567285,9.008931691059205,8.63157196010289,8.253947079424334,0.5040207696257403,879.3333333333334,26.0
不使用 GP,4825,6,6.977407630840375,1072.1353905817257,0.8911704436311254,0.49603125306863133,0.9925595297448551,0.9001,9.920625061372627,10.870408089576342,9.920625061372627,9.920625061372627,0.9920948616600791,2632.6666666666665,21.666666666666668
不使用 GP,4825,7,7.02720449746904,1128.440481238323,0.890453494075719,0.49597686811469205,0.9924837939252767,0.8833666666666667,9.857996704147583,9.857996704147583,8.309390259246031,8.220909931421723,0.7973022985554313,1.6666666666666667,30.0
不使用 GP,4850,0,6.978372232389866,1073.1700748763853,0.8910742089778133,0.49553712957193846,0.9925618362018951,0.9,9.91074203442274,9.91074203442274,9.481712087159288,8.458620855350345,0.8888985625659949,1606.3333333333333,11.666666666666666
不使用 GP,4850,1,7.126368626623254,1257.1251280759518,0.8861217094477066,0.4176074226113075,0.9924142591553675,0.8407666666666667,9.236689013404336,8.801782717649955,8.275915753028906,8.222119530715117,0.6668970910178632,10.0,29.333333333333332
不使用 GP,4850,2,7.162701351195795,1301.161257055722,0.8850095842369688,0.3295963790815836,0.9923543945004987,0.8211666666666666,9.075460413555037,8.546429967452896,8.455743721059294,8.471937357330306,0.6929273258387183,12.0,25.0
不使用 GP,4850,3,7.023076573677176,1122.830783305994,0.8906804253015178,0.4956964794887185,0.9925140434449443,0.8746666666666667,9.70877083035789,9.60329663745255,9.05244565967133,8.368834906277819,0.9127769392736691,1387.6666666666667,25.666666666666668
不使用 GP,4850,4,7.0762113043368045,1195.1711093820606,0.8877044428838715,0.4952151733463235,0.9924500790372104,0.8628,9.47607888446411,9.219671655246119,9.04367176944443,8.352822736738675,0.8644829800899165,233.66666666666666,19.666666666666668
不使用 GP,4850,5,7.0858151381481855,1208.3169762567325,0.8871941692129557,0.411925295165748,0.9924554666706052,0.8607,9.356319206639087,9.356319206639087,8.746633251602145,8.397991701687735,0.6899414598929642,887.6666666666666,24.0
不使用 GP,4850,6,6.977407630840375,1072.1353905817257,0.8911704436311254,0.49603125306863133,0.9925595297448551,0.9001,9.920625061372627,10.53378149911431,9.920625061372627,9.920625061372627,1.0,2657.6666666666665,20.333333333333332
不使用 GP,4850,7,7.0044871519316985,1102.0455656902402,0.890884899186652,0.4958965054214903,0.992502389004415,0.8887333333333333,9.93359007233443,9.695777406234622,8.383177781993117,8.290770941600162,0.8268002754620332,7.0,25.333333333333332
不使用 GP,4875,0,6.980240625896095,1075.1809775404572,0.8910743729472074,0.49556114852526606,0.9925665348894865,0.8956666666666666,9.907274373114502,9.907274373114502,9.907274373114502,8.818743337410895,0.9002267573696145,1611.3333333333333,19.333333333333332
不使用 GP,4875,1,7.086737705463349,1204.6544836974801,0.8880182380285051,0.41319826314078933,0.9924618590732646,0.8532666666666667,9.421498651508402,9.125884516250625,8.412756510294736,8.393374912243708,0.6576710090820937,6.666666666666667,28.0
不使用 GP,4875,2,7.152194591784645,1282.6493638916183,0.8863485630381177,0.4170537255451159,0.9924076275694317,0.8351666666666667,8.97243074524629,8.670603568602637,8.558375082580623,8.54361022469024,0.6923522931971174,1486.6666666666667,26.0
不使用 GP,4875,3,7.0008778115923365,1097.904076163989,0.8909267735072177,0.49557993436938474,0.9925409772971352,0.8904666666666666,9.7906054858524,9.7906054858524,9.21913234895458,8.439106830306343,0.932982661211767,1394.0,25.0
不使用 GP,4875,4,7.072807423298329,1190.3230496979404,0.8879224557329302,0.49524876706065285,0.9924804682717864,0.8652333333333333,9.39071558162445,9.39071558162445,9.055466181581572,8.443542084541628,0.7791224747105293,246.33333333333334,19.666666666666668
不使用 GP,4875,5,7.046620000979893,1154.35956695368,0.8893960509573522,0.49563512229397394,0.9924837962476518,0.8668333333333335,9.623436399274013,9.355820112246198,8.75408311685741,8.395010014988909,0.67469439883233,905.0,21.0
不使用 GP,4875,6,6.977407630840375,1072.1353905817257,0.8911704436311254,0.49603125306863133,0.9925595297448551,0.9001,9.920625061372627,10.5668506483932,9.920625061372627,9.920625061372627,1.0,2682.6666666666665,19.666666666666668
不使用 GP,4875,7,6.9816945428563555,1076.7543381426879,0.8910866506534519,0.4958621978110298,0.9925182243544093,0.8976000000000001,10.337608525337984,10.066258788959109,8.441301027999684,8.348793873937828,0.8002438568523637,19.666666666666668,23.0
不使用 GP,4900,0,7.722333741721644,4048.750139465221,0.5940536338033376,0.3470274967663234,0.745044586861991,0.6,6.940535042343893,6.940535042343893,6.940535042343893,6.306878830400326,0.6105006105006106,1636.3333333333333,14.333333333333334
不使用 GP,4900,1,7.058314346504878,1169.3600746772065,0.8888960107329223,0.4291702143846055,0.9924831268354506,0.8714333333333334,9.412355235710306,9.412355235710306,8.520439523884844,8.439121852777298,0.7536176343629686,14.333333333333334,25.333333333333332
不使用 GP,4900,2,7.113739003619351,1234.2301879711356,0.8877952883948605,0.4958745957572308,0.9924312323205194,0.8469333333333333,9.123786649228828,9.123786649228828,8.937342552469374,8.716106279432706,0.761192248156522,5.666666666666667,26.333333333333332
不使用 GP,4900,3,6.985091587844951,1080.4537633644507,0.8910463609165499,0.4955524103321654,0.9925495924293113,0.8962,9.862262664512139,9.862262664512139,9.257718621954833,8.47402552925675,0.6672146036464079,1409.3333333333333,20.666666666666668
不使用 GP,4900,4,7.050157356865358,1158.158138008269,0.8894259937954218,0.4957112182104082,0.9924910286816826,0.8682333333333333,9.513471477304734,9.513471477304734,9.225534005079098,8.500784724610567,0.748416822705182,240.33333333333334,24.333333333333332
不使用 GP,4900,5,7.780924948677935,4117.4731278357785,0.5928052722797659,0.34713487447659547,0.7449756710202046,0.5777333333333333,6.607347407299432,6.607347407299432,5.8335389795014665,5.859716897879861,0.3849982225382154,917.6666666666666,20.0
不使用 GP,4900,6,7.72171854455231,4048.0902603878076,0.5941136290874169,0.34735416871242086,0.74503968649657,0.6000666666666666,6.947083374248418,7.356018419542835,6.947083374248418,6.947083374248418,0.6666666666666666,2707.6666666666665,21.333333333333332
不使用 GP,4900,7,6.9930037592340994,1089.0657807424611,0.8910203838994232,0.4958755554344371,0.9925269345608164,0.8939333333333334,10.378364437121117,10.0649947677409,8.905572488493062,8.644527554867468,0.5488231223319574,17.0,26.0
不使用 GP,4925,0,7.139818440554579,1296.0866181278561,0.878102781475745,0.41424195469634123,0.98551544870957,0.6,9.31787234184275,9.010707769984782,9.11119820563996,8.475758817939722,0.6020242159082546,2360.3333333333335,19.666666666666668
不使用 GP,4925,1,7.05106928078609,1158.600928590723,0.8895197709438909,0.4758110234736685,0.9924975334874576,0.8704333333333333,9.473104015775803,9.473104015775803,8.720632705607153,8.518592076408813,0.6716250128446545,0.0,26.666666666666668
不使用 GP,4925,2,7.068232535542592,1176.6001173196807,0.8895821414445377,0.49580327023083015,0.9924808303591396,0.8648000000000001,9.428952528967438,9.428952528967438,9.184346346304215,8.920171446066332,0.8814834483979466,14.0,25.0
不使用 GP,4925,3,6.983758202405315,1078.9957283911,0.8910504625589016,0.49553848120198046,0.9925525443579493,0.8987333333333334,9.87653457362425,9.87653457362425,9.295790316980883,8.503413812903071,0.696096528178769,1410.6666666666667,20.333333333333332
不使用 GP,4925,4,7.021579618464277,1122.6796989542775,0.8904044703839707,0.4956449044572404,0.9925286783111664,0.8789666666666666,9.66906982832411,9.66906982832411,9.307212351055144,8.636534476624105,0.7610527617787674,257.0,18.333333333333332
不使用 GP,4925,5,7.207901311649198,1384.888850221487,0.8757558579658139,0.48635042057442446,0.985347511394946,0.5752,8.906692831071108,8.906692831071108,8.412217507349187,8.281024089625106,0.49655048630432175,1.3333333333333333,32.0
不使用 GP,4925,6,7.15189492501946,1317.961998790921,0.8769927552280882,0.3975884585496681,0.9853723923773524,0.6000666666666666,9.268905646774504,9.72191384172924,9.031321518552852,9.031321518552852,0.675564681724846,1920.3333333333333,25.0
不使用 GP,4925,7,6.987581140343088,1083.1377783519536,0.8910776294014257,0.49578677030743235,0.9925453924002722,0.8944666666666666,10.174232555789743,10.412115306778754,9.361601917552946,9.02563074598345,0.6665720599468011,10.0,24.666666666666668
不使用 GP,4950,0,7.071344366438784,1188.2582055473968,0.8880459538046076,0.4499996107907764,0.9924766329309959,0.8653666666666666,9.459331669173375,9.268738146873568,9.235651344838736,8.565443127846109,0.8624338624338624,2380.6666666666665,20.0
不使用 GP,4950,1,7.011075670657404,1109.9718685604419,0.8906748517548456,0.4630678831415113,0.9925223266606663,0.8832666666666666,9.777117777875064,9.623430575473657,8.766556779700991,8.578475502200442,0.7643968244856296,14.333333333333334,24.0
不使用 GP,4950,2,7.002395409517803,1099.4638790388192,0.8909511997052818,0.4956268186432283,0.9925432544381039,0.8838666666666667,9.808546513079845,9.742954271059524,9.476299050383567,9.170210665872643,0.9107370156728286,1509.6666666666667,26.666666666666668
不使用 GP,4950,3,6.984752593326662,1080.0704506988966,0.8910532869989716,0.49554270256854965,0.9925544218527422,0.8976666666666667,9.879924430107172,9.849033958577989,9.37958296561746,8.544828684610716,0.8090475399469027,1423.6666666666667,21.0
不使用 GP,4950,4,7.00362404582317,1100.822724281776,0.8909220147429645,0.4955854500360144,0.9925514707919323,0.89,9.78259980227134,9.702340625297156,9.426861598108601,8.722121813700873,0.8858977087323544,666.0,24.666666666666668
不使用 GP,4950,5,7.107607254558608,1231.5994480484426,0.8871389280556693,0.49512777140122105,0.9924330768013444,0.8478666666666667,9.323226594347952,8.950699857130276,8.62368840381359,8.455194852364137,0.7092242319675462,18.333333333333332,25.666666666666668
不使用 GP,4950,6,7.07092069034718,1187.870050110582,0.8880518791487099,0.4208188552604777,0.9924610442138749,0.8640666666666666,9.462959910021931,9.276409473417436,9.26912485672659,9.26912485672659,0.8541666666666666,1940.0,25.0
不使用 GP,4950,7,6.978211777898518,1072.997918506101,0.8910929886530274,0.49570145287139855,0.9925488942624106,0.8991333333333333,9.91379593717923,10.184689560976615,9.391943684129174,9.05531004610071,0.8228095937347039,763.6666666666666,19.666666666666668
不使用 GP,4975,0,7.039737855764163,1145.4835744283457,0.889746399408779,0.48584868936552855,0.9925104567457392,0.8747666666666666,9.610032741499525,9.434353276829286,9.280084846253189,8.700442461760094,0.9181286549707602,2394.3333333333335,22.0
不使用 GP,4975,1,7.000380218998319,1097.4905386523312,0.8908881674973493,0.49557602787730404,0.9925360788086648,0.8899333333333334,9.790270380745074,9.790270380745074,8.774373376176316,8.682061706232679,0.8356037859439615,17.0,24.333333333333332
不使用 GP,4975,2,6.980663703021524,1075.6335939999399,0.8910756399993307,0.49555752375306367,0.9925608633853673,0.8970666666666668,9.902882218802725,9.902882218802725,9.538019320080556,9.27614506550031,0.758231361733651,1516.0,17.0
不使用 GP,4975,3,6.982283496492793,1077.3916569374812,0.8910599984002578,0.49553857144417607,0.9925555738789692,0.8989333333333334,9.87265066785975,9.889245450374753,9.416697038002429,8.58318636863667,0.6574748230936328,1437.0,22.333333333333332
不使用 GP,4975,4,6.98079484466366,1075.7789815646063,0.8910716418609622,0.4955557998886342,0.9925585934525635,0.8972000000000001,9.891805948510795,9.891805948510795,9.545638513956417,8.83743932777183,0.8277656538526105,271.3333333333333,18.333333333333332
不使用 GP,4975,5,7.094532586169684,1214.092155738099,0.8877667633274609,0.49515773409578917,0.9924463438002705,0.8542666666666667,9.380445448586611,9.140045856740523,8.697486972341368,8.557617126631344,0.6685715155543703,1309.3333333333333,26.666666666666668
不使用 GP,4975,6,7.063377483515126,1177.2839115920272,0.8885502919791898,0.41401171294624123,0.9924624432189354,0.8668333333333335,9.500765865888539,9.251488364346129,9.274647916051146,9.274647916051146,0.8607594936708861,1959.6666666666667,22.666666666666668
不使用 GP,4975,7,6.979424062653055,1074.3007452787006,0.8910659660574188,0.4955499935231016,0.9925524620009053,0.8990999999999999,9.907890359382298,9.907890359382298,9.452507615741174,9.115877267703524,0.61303630791741,764.3333333333334,15.666666666666666
不使用 GP,5000,0,7.021186767585512,1122.2027839491673,0.8904067293800481,0.44006145861588136,0.9925281022839525,0.8834333333333334,9.671657269211558,9.671657269211558,9.289204708180733,8.65442237000235,0.9438339438339439,2409.6666666666665,18.333333333333332
不使用 GP,5000,1,6.984248166299871,1079.5211353922584,0.891056133472396,0.4955596820936819,0.9925524167720626,0.8958666666666666,9.881931735393257,9.881931735393257,9.00008381441748,8.888448611356404,0.5473264945753179,13.333333333333334,19.666666666666668
不使用 GP,5000,2,6.978783526626735,1073.611645067045,0.8910782336687411,0.4955441459214322,0.9925644556331891,0.8992,9.909920854512478,9.909920854512478,9.619502369621188,9.32964561379309,0.7772849909450419,1536.3333333333333,13.333333333333334
不使用 GP,5000,3,6.978559434852097,1073.371016026299,0.8910697003556889,0.49553906396167563,0.992557396078542,0.8990666666666667,9.910427957671173,9.910427957671173,9.48139634720952,8.62339517263547,0.6525236627538418,1448.6666666666667,17.333333333333332
不使用 GP,5000,4,6.9791810477021725,1074.0391980838824,0.8910728535405505,0.4955414573390851,0.9925603555377195,0.8990666666666667,9.908948665802995,9.908948665802995,9.561121610524545,8.84847913150167,0.773058016960456,289.0,19.0
不使用 GP,5000,5,7.058920312002232,1170.1487603201538,0.888902317532298,0.4956442101514966,0.9924763257174343,0.8653999999999998,9.469545049088042,9.469545049088042,8.84086594850026,8.708082119487562,0.6518108669644379,1315.6666666666667,24.666666666666668
不使用 GP,5000,6,8.540812946031513,7113.929227002889,0.29501310419653004,0.19886251049874967,0.4974349662797664,0.27366666666666667,3.572119726851428,3.572119726851428,3.3861021701492313,3.3861021701492313,0.21132897603485837,1969.3333333333333,23.0
不使用 GP,5000,7,6.978447466994633,1073.2508302875756,0.8910634216748766,0.4955322389333534,0.9925527549479712,0.9,9.910633059375655,9.910633059375655,9.455216652692883,9.118586326463843,0.7973206414370114,789.3333333333334,16.333333333333332
