state_owner,snapshot_iteration,historical_source,update_rule,phase,edge_category,instance,source_overlap,signed_tau_change_over_two_budget,absolute_tau_change_over_two_budget,mean_signed_tau_change,mean_absolute_tau_change
GP 表达式自身产生的状态,1,历史全局最优路径,GP 源内重加权,更新前,两条来源路径共有边,0,1.0,0.0,0.0,0.0,0.0
GP 表达式自身产生的状态,1,历史全局最优路径,GP 源内重加权,更新前,两条来源路径共有边,1,1.0,0.0,0.0,0.0,0.0
GP 表达式自身产生的状态,1,历史全局最优路径,GP 源内重加权,更新前,两条来源路径共有边,2,1.0,0.0,0.0,0.0,0.0
GP 表达式自身产生的状态,1,历史全局最优路径,GP 源内重加权,更新前,两条来源路径共有边,3,1.0,0.0,0.0,0.0,0.0
GP 表达式自身产生的状态,1,历史全局最优路径,GP 源内重加权,更新前,两条来源路径共有边,4,1.0,0.0,0.0,0.0,0.0
GP 表达式自身产生的状态,1,历史全局最优路径,GP 源内重加权,更新前,两条来源路径共有边,5,1.0,0.0,0.0,0.0,0.0
GP 表达式自身产生的状态,1,历史全局最优路径,GP 源内重加权,更新前,两条来源路径共有边,6,1.0,0.0,0.0,0.0,0.0
GP 表达式自身产生的状态,1,历史全局最优路径,GP 源内重加权,更新前,两条来源路径共有边,7,1.0,0.0,0.0,0.0,0.0
GP 表达式自身产生的状态,1,历史全局最优路径,GP 源内重加权,更新前,仅历史来源路径包含的边,0,1.0,0.0,0.0,0.0,0.0
GP 表达式自身产生的状态,1,历史全局最优路径,GP 源内重加权,更新前,仅历史来源路径包含的边,1,1.0,0.0,0.0,0.0,0.0
GP 表达式自身产生的状态,1,历史全局最优路径,GP 源内重加权,更新前,仅历史来源路径包含的边,2,1.0,0.0,0.0,0.0,0.0
GP 表达式自身产生的状态,1,历史全局最优路径,GP 源内重加权,更新前,仅历史来源路径包含的边,3,1.0,0.0,0.0,0.0,0.0
GP 表达式自身产生的状态,1,历史全局最优路径,GP 源内重加权,更新前,仅历史来源路径包含的边,4,1.0,0.0,0.0,0.0,0.0
GP 表达式自身产生的状态,1,历史全局最优路径,GP 源内重加权,更新前,仅历史来源路径包含的边,5,1.0,0.0,0.0,0.0,0.0
GP 表达式自身产生的状态,1,历史全局最优路径,GP 源内重加权,更新前,仅历史来源路径包含的边,6,1.0,0.0,0.0,0.0,0.0
GP 表达式自身产生的状态,1,历史全局最优路径,GP 源内重加权,更新前,仅历史来源路径包含的边,7,1.0,0.0,0.0,0.0,0.0
GP 表达式自身产生的状态,1,历史全局最优路径,GP 源内重加权,更新前,仅本轮最优路径包含的边,0,1.0,0.0,0.0,0.0,0.0
GP 表达式自身产生的状态,1,历史全局最优路径,GP 源内重加权,更新前,仅本轮最优路径包含的边,1,1.0,0.0,0.0,0.0,0.0
GP 表达式自身产生的状态,1,历史全局最优路径,GP 源内重加权,更新前,仅本轮最优路径包含的边,2,1.0,0.0,0.0,0.0,0.0
GP 表达式自身产生的状态,1,历史全局最优路径,GP 源内重加权,更新前,仅本轮最优路径包含的边,3,1.0,0.0,0.0,0.0,0.0
GP 表达式自身产生的状态,1,历史全局最优路径,GP 源内重加权,更新前,仅本轮最优路径包含的边,4,1.0,0.0,0.0,0.0,0.0
GP 表达式自身产生的状态,1,历史全局最优路径,GP 源内重加权,更新前,仅本轮最优路径包含的边,5,1.0,0.0,0.0,0.0,0.0
GP 表达式自身产生的状态,1,历史全局最优路径,GP 源内重加权,更新前,仅本轮最优路径包含的边,6,1.0,0.0,0.0,0.0,0.0
GP 表达式自身产生的状态,1,历史全局最优路径,GP 源内重加权,更新前,仅本轮最优路径包含的边,7,1.0,0.0,0.0,0.0,0.0
GP 表达式自身产生的状态,1,历史全局最优路径,GP 源内重加权,更新前,其他候选弧,0,1.0,0.0,0.0,0.0,0.0
GP 表达式自身产生的状态,1,历史全局最优路径,GP 源内重加权,更新前,其他候选弧,1,1.0,0.0,0.0,0.0,0.0
GP 表达式自身产生的状态,1,历史全局最优路径,GP 源内重加权,更新前,其他候选弧,2,1.0,0.0,0.0,0.0,0.0
GP 表达式自身产生的状态,1,历史全局最优路径,GP 源内重加权,更新前,其他候选弧,3,1.0,0.0,0.0,0.0,0.0
GP 表达式自身产生的状态,1,历史全局最优路径,GP 源内重加权,更新前,其他候选弧,4,1.0,0.0,0.0,0.0,0.0
GP 表达式自身产生的状态,1,历史全局最优路径,GP 源内重加权,更新前,其他候选弧,5,1.0,0.0,0.0,0.0,0.0
GP 表达式自身产生的状态,1,历史全局最优路径,GP 源内重加权,更新前,其他候选弧,6,1.0,0.0,0.0,0.0,0.0
GP 表达式自身产生的状态,1,历史全局最优路径,GP 源内重加权,更新前,其他候选弧,7,1.0,0.0,0.0,0.0,0.0
GP 表达式自身产生的状态,1,历史全局最优路径,GP 源内重加权,沉积后,两条来源路径共有边,0,1.0,0.0,0.0,0.0,0.0
GP 表达式自身产生的状态,1,历史全局最优路径,GP 源内重加权,沉积后,两条来源路径共有边,1,1.0,0.0,0.0,0.0,0.0
GP 表达式自身产生的状态,1,历史全局最优路径,GP 源内重加权,沉积后,两条来源路径共有边,2,1.0,0.0,0.0,0.0,0.0
GP 表达式自身产生的状态,1,历史全局最优路径,GP 源内重加权,沉积后,两条来源路径共有边,3,1.0,0.0,0.0,0.0,0.0
GP 表达式自身产生的状态,1,历史全局最优路径,GP 源内重加权,沉积后,两条来源路径共有边,4,1.0,0.0,0.0,0.0,0.0
GP 表达式自身产生的状态,1,历史全局最优路径,GP 源内重加权,沉积后,两条来源路径共有边,5,1.0,0.0,0.0,0.0,0.0
GP 表达式自身产生的状态,1,历史全局最优路径,GP 源内重加权,沉积后,两条来源路径共有边,6,1.0,0.0,0.0,0.0,0.0
GP 表达式自身产生的状态,1,历史全局最优路径,GP 源内重加权,沉积后,两条来源路径共有边,7,1.0,0.0,0.0,0.0,0.0
GP 表达式自身产生的状态,1,历史全局最优路径,GP 源内重加权,沉积后,仅历史来源路径包含的边,0,1.0,0.0,0.0,0.0,0.0
GP 表达式自身产生的状态,1,历史全局最优路径,GP 源内重加权,沉积后,仅历史来源路径包含的边,1,1.0,0.0,0.0,0.0,0.0
GP 表达式自身产生的状态,1,历史全局最优路径,GP 源内重加权,沉积后,仅历史来源路径包含的边,2,1.0,0.0,0.0,0.0,0.0
GP 表达式自身产生的状态,1,历史全局最优路径,GP 源内重加权,沉积后,仅历史来源路径包含的边,3,1.0,0.0,0.0,0.0,0.0
GP 表达式自身产生的状态,1,历史全局最优路径,GP 源内重加权,沉积后,仅历史来源路径包含的边,4,1.0,0.0,0.0,0.0,0.0
GP 表达式自身产生的状态,1,历史全局最优路径,GP 源内重加权,沉积后,仅历史来源路径包含的边,5,1.0,0.0,0.0,0.0,0.0
GP 表达式自身产生的状态,1,历史全局最优路径,GP 源内重加权,沉积后,仅历史来源路径包含的边,6,1.0,0.0,0.0,0.0,0.0
GP 表达式自身产生的状态,1,历史全局最优路径,GP 源内重加权,沉积后,仅历史来源路径包含的边,7,1.0,0.0,0.0,0.0,0.0
GP 表达式自身产生的状态,1,历史全局最优路径,GP 源内重加权,沉积后,仅本轮最优路径包含的边,0,1.0,0.0,0.0,0.0,0.0
GP 表达式自身产生的状态,1,历史全局最优路径,GP 源内重加权,沉积后,仅本轮最优路径包含的边,1,1.0,0.0,0.0,0.0,0.0
GP 表达式自身产生的状态,1,历史全局最优路径,GP 源内重加权,沉积后,仅本轮最优路径包含的边,2,1.0,0.0,0.0,0.0,0.0
GP 表达式自身产生的状态,1,历史全局最优路径,GP 源内重加权,沉积后,仅本轮最优路径包含的边,3,1.0,0.0,0.0,0.0,0.0
GP 表达式自身产生的状态,1,历史全局最优路径,GP 源内重加权,沉积后,仅本轮最优路径包含的边,4,1.0,0.0,0.0,0.0,0.0
GP 表达式自身产生的状态,1,历史全局最优路径,GP 源内重加权,沉积后,仅本轮最优路径包含的边,5,1.0,0.0,0.0,0.0,0.0
GP 表达式自身产生的状态,1,历史全局最优路径,GP 源内重加权,沉积后,仅本轮最优路径包含的边,6,1.0,0.0,0.0,0.0,0.0
GP 表达式自身产生的状态,1,历史全局最优路径,GP 源内重加权,沉积后,仅本轮最优路径包含的边,7,1.0,0.0,0.0,0.0,0.0
GP 表达式自身产生的状态,1,历史全局最优路径,GP 源内重加权,沉积后,其他候选弧,0,1.0,0.0,0.0,0.0,0.0
GP 表达式自身产生的状态,1,历史全局最优路径,GP 源内重加权,沉积后,其他候选弧,1,1.0,0.0,0.0,0.0,0.0
GP 表达式自身产生的状态,1,历史全局最优路径,GP 源内重加权,沉积后,其他候选弧,2,1.0,0.0,0.0,0.0,0.0
GP 表达式自身产生的状态,1,历史全局最优路径,GP 源内重加权,沉积后,其他候选弧,3,1.0,0.0,0.0,0.0,0.0
GP 表达式自身产生的状态,1,历史全局最优路径,GP 源内重加权,沉积后,其他候选弧,4,1.0,0.0,0.0,0.0,0.0
GP 表达式自身产生的状态,1,历史全局最优路径,GP 源内重加权,沉积后,其他候选弧,5,1.0,0.0,0.0,0.0,0.0
GP 表达式自身产生的状态,1,历史全局最优路径,GP 源内重加权,沉积后,其他候选弧,6,1.0,0.0,0.0,0.0,0.0
GP 表达式自身产生的状态,1,历史全局最优路径,GP 源内重加权,沉积后,其他候选弧,7,1.0,0.0,0.0,0.0,0.0
GP 表达式自身产生的状态,1,历史全局最优路径,GP 源内重加权,蒸发和下界保护后,两条来源路径共有边,0,1.0,0.0,0.0,0.0,0.0
GP 表达式自身产生的状态,1,历史全局最优路径,GP 源内重加权,蒸发和下界保护后,两条来源路径共有边,1,1.0,0.0,0.0,0.0,0.0
GP 表达式自身产生的状态,1,历史全局最优路径,GP 源内重加权,蒸发和下界保护后,两条来源路径共有边,2,1.0,0.0,0.0,0.0,0.0
GP 表达式自身产生的状态,1,历史全局最优路径,GP 源内重加权,蒸发和下界保护后,两条来源路径共有边,3,1.0,0.0,0.0,0.0,0.0
GP 表达式自身产生的状态,1,历史全局最优路径,GP 源内重加权,蒸发和下界保护后,两条来源路径共有边,4,1.0,0.0,0.0,0.0,0.0
GP 表达式自身产生的状态,1,历史全局最优路径,GP 源内重加权,蒸发和下界保护后,两条来源路径共有边,5,1.0,0.0,0.0,0.0,0.0
GP 表达式自身产生的状态,1,历史全局最优路径,GP 源内重加权,蒸发和下界保护后,两条来源路径共有边,6,1.0,0.0,0.0,0.0,0.0
GP 表达式自身产生的状态,1,历史全局最优路径,GP 源内重加权,蒸发和下界保护后,两条来源路径共有边,7,1.0,0.0,0.0,0.0,0.0
GP 表达式自身产生的状态,1,历史全局最优路径,GP 源内重加权,蒸发和下界保护后,仅历史来源路径包含的边,0,1.0,0.0,0.0,0.0,0.0
GP 表达式自身产生的状态,1,历史全局最优路径,GP 源内重加权,蒸发和下界保护后,仅历史来源路径包含的边,1,1.0,0.0,0.0,0.0,0.0
GP 表达式自身产生的状态,1,历史全局最优路径,GP 源内重加权,蒸发和下界保护后,仅历史来源路径包含的边,2,1.0,0.0,0.0,0.0,0.0
GP 表达式自身产生的状态,1,历史全局最优路径,GP 源内重加权,蒸发和下界保护后,仅历史来源路径包含的边,3,1.0,0.0,0.0,0.0,0.0
GP 表达式自身产生的状态,1,历史全局最优路径,GP 源内重加权,蒸发和下界保护后,仅历史来源路径包含的边,4,1.0,0.0,0.0,0.0,0.0
GP 表达式自身产生的状态,1,历史全局最优路径,GP 源内重加权,蒸发和下界保护后,仅历史来源路径包含的边,5,1.0,0.0,0.0,0.0,0.0
GP 表达式自身产生的状态,1,历史全局最优路径,GP 源内重加权,蒸发和下界保护后,仅历史来源路径包含的边,6,1.0,0.0,0.0,0.0,0.0
GP 表达式自身产生的状态,1,历史全局最优路径,GP 源内重加权,蒸发和下界保护后,仅历史来源路径包含的边,7,1.0,0.0,0.0,0.0,0.0
GP 表达式自身产生的状态,1,历史全局最优路径,GP 源内重加权,蒸发和下界保护后,仅本轮最优路径包含的边,0,1.0,0.0,0.0,0.0,0.0
GP 表达式自身产生的状态,1,历史全局最优路径,GP 源内重加权,蒸发和下界保护后,仅本轮最优路径包含的边,1,1.0,0.0,0.0,0.0,0.0
GP 表达式自身产生的状态,1,历史全局最优路径,GP 源内重加权,蒸发和下界保护后,仅本轮最优路径包含的边,2,1.0,0.0,0.0,0.0,0.0
GP 表达式自身产生的状态,1,历史全局最优路径,GP 源内重加权,蒸发和下界保护后,仅本轮最优路径包含的边,3,1.0,0.0,0.0,0.0,0.0
GP 表达式自身产生的状态,1,历史全局最优路径,GP 源内重加权,蒸发和下界保护后,仅本轮最优路径包含的边,4,1.0,0.0,0.0,0.0,0.0
GP 表达式自身产生的状态,1,历史全局最优路径,GP 源内重加权,蒸发和下界保护后,仅本轮最优路径包含的边,5,1.0,0.0,0.0,0.0,0.0
GP 表达式自身产生的状态,1,历史全局最优路径,GP 源内重加权,蒸发和下界保护后,仅本轮最优路径包含的边,6,1.0,0.0,0.0,0.0,0.0
GP 表达式自身产生的状态,1,历史全局最优路径,GP 源内重加权,蒸发和下界保护后,仅本轮最优路径包含的边,7,1.0,0.0,0.0,0.0,0.0
GP 表达式自身产生的状态,1,历史全局最优路径,GP 源内重加权,蒸发和下界保护后,其他候选弧,0,1.0,0.0,0.0,0.0,0.0
GP 表达式自身产生的状态,1,历史全局最优路径,GP 源内重加权,蒸发和下界保护后,其他候选弧,1,1.0,0.0,0.0,0.0,0.0
GP 表达式自身产生的状态,1,历史全局最优路径,GP 源内重加权,蒸发和下界保护后,其他候选弧,2,1.0,0.0,0.0,0.0,0.0
GP 表达式自身产生的状态,1,历史全局最优路径,GP 源内重加权,蒸发和下界保护后,其他候选弧,3,1.0,0.0,0.0,0.0,0.0
GP 表达式自身产生的状态,1,历史全局最优路径,GP 源内重加权,蒸发和下界保护后,其他候选弧,4,1.0,0.0,0.0,0.0,0.0
GP 表达式自身产生的状态,1,历史全局最优路径,GP 源内重加权,蒸发和下界保护后,其他候选弧,5,1.0,0.0,0.0,0.0,0.0
GP 表达式自身产生的状态,1,历史全局最优路径,GP 源内重加权,蒸发和下界保护后,其他候选弧,6,1.0,0.0,0.0,0.0,0.0
GP 表达式自身产生的状态,1,历史全局最优路径,GP 源内重加权,蒸发和下界保护后,其他候选弧,7,1.0,0.0,0.0,0.0,0.0
GP 表达式自身产生的状态,1,历史全局最优路径,GP 源内重加权,重启和可选上界处理后,两条来源路径共有边,0,1.0,0.0,0.0,0.0,0.0
GP 表达式自身产生的状态,1,历史全局最优路径,GP 源内重加权,重启和可选上界处理后,两条来源路径共有边,1,1.0,0.0,0.0,0.0,0.0
GP 表达式自身产生的状态,1,历史全局最优路径,GP 源内重加权,重启和可选上界处理后,两条来源路径共有边,2,1.0,0.0,0.0,0.0,0.0
GP 表达式自身产生的状态,1,历史全局最优路径,GP 源内重加权,重启和可选上界处理后,两条来源路径共有边,3,1.0,0.0,0.0,0.0,0.0
GP 表达式自身产生的状态,1,历史全局最优路径,GP 源内重加权,重启和可选上界处理后,两条来源路径共有边,4,1.0,0.0,0.0,0.0,0.0
GP 表达式自身产生的状态,1,历史全局最优路径,GP 源内重加权,重启和可选上界处理后,两条来源路径共有边,5,1.0,0.0,0.0,0.0,0.0
GP 表达式自身产生的状态,1,历史全局最优路径,GP 源内重加权,重启和可选上界处理后,两条来源路径共有边,6,1.0,0.0,0.0,0.0,0.0
GP 表达式自身产生的状态,1,历史全局最优路径,GP 源内重加权,重启和可选上界处理后,两条来源路径共有边,7,1.0,0.0,0.0,0.0,0.0
GP 表达式自身产生的状态,1,历史全局最优路径,GP 源内重加权,重启和可选上界处理后,仅历史来源路径包含的边,0,1.0,0.0,0.0,0.0,0.0
GP 表达式自身产生的状态,1,历史全局最优路径,GP 源内重加权,重启和可选上界处理后,仅历史来源路径包含的边,1,1.0,0.0,0.0,0.0,0.0
GP 表达式自身产生的状态,1,历史全局最优路径,GP 源内重加权,重启和可选上界处理后,仅历史来源路径包含的边,2,1.0,0.0,0.0,0.0,0.0
GP 表达式自身产生的状态,1,历史全局最优路径,GP 源内重加权,重启和可选上界处理后,仅历史来源路径包含的边,3,1.0,0.0,0.0,0.0,0.0
GP 表达式自身产生的状态,1,历史全局最优路径,GP 源内重加权,重启和可选上界处理后,仅历史来源路径包含的边,4,1.0,0.0,0.0,0.0,0.0
GP 表达式自身产生的状态,1,历史全局最优路径,GP 源内重加权,重启和可选上界处理后,仅历史来源路径包含的边,5,1.0,0.0,0.0,0.0,0.0
GP 表达式自身产生的状态,1,历史全局最优路径,GP 源内重加权,重启和可选上界处理后,仅历史来源路径包含的边,6,1.0,0.0,0.0,0.0,0.0
GP 表达式自身产生的状态,1,历史全局最优路径,GP 源内重加权,重启和可选上界处理后,仅历史来源路径包含的边,7,1.0,0.0,0.0,0.0,0.0
GP 表达式自身产生的状态,1,历史全局最优路径,GP 源内重加权,重启和可选上界处理后,仅本轮最优路径包含的边,0,1.0,0.0,0.0,0.0,0.0
GP 表达式自身产生的状态,1,历史全局最优路径,GP 源内重加权,重启和可选上界处理后,仅本轮最优路径包含的边,1,1.0,0.0,0.0,0.0,0.0
GP 表达式自身产生的状态,1,历史全局最优路径,GP 源内重加权,重启和可选上界处理后,仅本轮最优路径包含的边,2,1.0,0.0,0.0,0.0,0.0
GP 表达式自身产生的状态,1,历史全局最优路径,GP 源内重加权,重启和可选上界处理后,仅本轮最优路径包含的边,3,1.0,0.0,0.0,0.0,0.0
GP 表达式自身产生的状态,1,历史全局最优路径,GP 源内重加权,重启和可选上界处理后,仅本轮最优路径包含的边,4,1.0,0.0,0.0,0.0,0.0
GP 表达式自身产生的状态,1,历史全局最优路径,GP 源内重加权,重启和可选上界处理后,仅本轮最优路径包含的边,5,1.0,0.0,0.0,0.0,0.0
GP 表达式自身产生的状态,1,历史全局最优路径,GP 源内重加权,重启和可选上界处理后,仅本轮最优路径包含的边,6,1.0,0.0,0.0,0.0,0.0
GP 表达式自身产生的状态,1,历史全局最优路径,GP 源内重加权,重启和可选上界处理后,仅本轮最优路径包含的边,7,1.0,0.0,0.0,0.0,0.0
GP 表达式自身产生的状态,1,历史全局最优路径,GP 源内重加权,重启和可选上界处理后,其他候选弧,0,1.0,0.0,0.0,0.0,0.0
GP 表达式自身产生的状态,1,历史全局最优路径,GP 源内重加权,重启和可选上界处理后,其他候选弧,1,1.0,0.0,0.0,0.0,0.0
GP 表达式自身产生的状态,1,历史全局最优路径,GP 源内重加权,重启和可选上界处理后,其他候选弧,2,1.0,0.0,0.0,0.0,0.0
GP 表达式自身产生的状态,1,历史全局最优路径,GP 源内重加权,重启和可选上界处理后,其他候选弧,3,1.0,0.0,0.0,0.0,0.0
GP 表达式自身产生的状态,1,历史全局最优路径,GP 源内重加权,重启和可选上界处理后,其他候选弧,4,1.0,0.0,0.0,0.0,0.0
GP 表达式自身产生的状态,1,历史全局最优路径,GP 源内重加权,重启和可选上界处理后,其他候选弧,5,1.0,0.0,0.0,0.0,0.0
GP 表达式自身产生的状态,1,历史全局最优路径,GP 源内重加权,重启和可选上界处理后,其他候选弧,6,1.0,0.0,0.0,0.0,0.0
GP 表达式自身产生的状态,1,历史全局最优路径,GP 源内重加权,重启和可选上界处理后,其他候选弧,7,1.0,0.0,0.0,0.0,0.0
GP 表达式自身产生的状态,1,历史全局最优路径,来源内均匀沉积,更新前,两条来源路径共有边,0,1.0,0.0,0.0,0.0,0.0
GP 表达式自身产生的状态,1,历史全局最优路径,来源内均匀沉积,更新前,两条来源路径共有边,1,1.0,0.0,0.0,0.0,0.0
GP 表达式自身产生的状态,1,历史全局最优路径,来源内均匀沉积,更新前,两条来源路径共有边,2,1.0,0.0,0.0,0.0,0.0
GP 表达式自身产生的状态,1,历史全局最优路径,来源内均匀沉积,更新前,两条来源路径共有边,3,1.0,0.0,0.0,0.0,0.0
GP 表达式自身产生的状态,1,历史全局最优路径,来源内均匀沉积,更新前,两条来源路径共有边,4,1.0,0.0,0.0,0.0,0.0
GP 表达式自身产生的状态,1,历史全局最优路径,来源内均匀沉积,更新前,两条来源路径共有边,5,1.0,0.0,0.0,0.0,0.0
GP 表达式自身产生的状态,1,历史全局最优路径,来源内均匀沉积,更新前,两条来源路径共有边,6,1.0,0.0,0.0,0.0,0.0
GP 表达式自身产生的状态,1,历史全局最优路径,来源内均匀沉积,更新前,两条来源路径共有边,7,1.0,0.0,0.0,0.0,0.0
GP 表达式自身产生的状态,1,历史全局最优路径,来源内均匀沉积,更新前,仅历史来源路径包含的边,0,1.0,0.0,0.0,0.0,0.0
GP 表达式自身产生的状态,1,历史全局最优路径,来源内均匀沉积,更新前,仅历史来源路径包含的边,1,1.0,0.0,0.0,0.0,0.0
GP 表达式自身产生的状态,1,历史全局最优路径,来源内均匀沉积,更新前,仅历史来源路径包含的边,2,1.0,0.0,0.0,0.0,0.0
GP 表达式自身产生的状态,1,历史全局最优路径,来源内均匀沉积,更新前,仅历史来源路径包含的边,3,1.0,0.0,0.0,0.0,0.0
GP 表达式自身产生的状态,1,历史全局最优路径,来源内均匀沉积,更新前,仅历史来源路径包含的边,4,1.0,0.0,0.0,0.0,0.0
GP 表达式自身产生的状态,1,历史全局最优路径,来源内均匀沉积,更新前,仅历史来源路径包含的边,5,1.0,0.0,0.0,0.0,0.0
GP 表达式自身产生的状态,1,历史全局最优路径,来源内均匀沉积,更新前,仅历史来源路径包含的边,6,1.0,0.0,0.0,0.0,0.0
GP 表达式自身产生的状态,1,历史全局最优路径,来源内均匀沉积,更新前,仅历史来源路径包含的边,7,1.0,0.0,0.0,0.0,0.0
GP 表达式自身产生的状态,1,历史全局最优路径,来源内均匀沉积,更新前,仅本轮最优路径包含的边,0,1.0,0.0,0.0,0.0,0.0
GP 表达式自身产生的状态,1,历史全局最优路径,来源内均匀沉积,更新前,仅本轮最优路径包含的边,1,1.0,0.0,0.0,0.0,0.0
GP 表达式自身产生的状态,1,历史全局最优路径,来源内均匀沉积,更新前,仅本轮最优路径包含的边,2,1.0,0.0,0.0,0.0,0.0
GP 表达式自身产生的状态,1,历史全局最优路径,来源内均匀沉积,更新前,仅本轮最优路径包含的边,3,1.0,0.0,0.0,0.0,0.0
GP 表达式自身产生的状态,1,历史全局最优路径,来源内均匀沉积,更新前,仅本轮最优路径包含的边,4,1.0,0.0,0.0,0.0,0.0
GP 表达式自身产生的状态,1,历史全局最优路径,来源内均匀沉积,更新前,仅本轮最优路径包含的边,5,1.0,0.0,0.0,0.0,0.0
GP 表达式自身产生的状态,1,历史全局最优路径,来源内均匀沉积,更新前,仅本轮最优路径包含的边,6,1.0,0.0,0.0,0.0,0.0
GP 表达式自身产生的状态,1,历史全局最优路径,来源内均匀沉积,更新前,仅本轮最优路径包含的边,7,1.0,0.0,0.0,0.0,0.0
GP 表达式自身产生的状态,1,历史全局最优路径,来源内均匀沉积,更新前,其他候选弧,0,1.0,0.0,0.0,0.0,0.0
GP 表达式自身产生的状态,1,历史全局最优路径,来源内均匀沉积,更新前,其他候选弧,1,1.0,0.0,0.0,0.0,0.0
GP 表达式自身产生的状态,1,历史全局最优路径,来源内均匀沉积,更新前,其他候选弧,2,1.0,0.0,0.0,0.0,0.0
GP 表达式自身产生的状态,1,历史全局最优路径,来源内均匀沉积,更新前,其他候选弧,3,1.0,0.0,0.0,0.0,0.0
GP 表达式自身产生的状态,1,历史全局最优路径,来源内均匀沉积,更新前,其他候选弧,4,1.0,0.0,0.0,0.0,0.0
GP 表达式自身产生的状态,1,历史全局最优路径,来源内均匀沉积,更新前,其他候选弧,5,1.0,0.0,0.0,0.0,0.0
GP 表达式自身产生的状态,1,历史全局最优路径,来源内均匀沉积,更新前,其他候选弧,6,1.0,0.0,0.0,0.0,0.0
GP 表达式自身产生的状态,1,历史全局最优路径,来源内均匀沉积,更新前,其他候选弧,7,1.0,0.0,0.0,0.0,0.0
GP 表达式自身产生的状态,1,历史全局最优路径,来源内均匀沉积,沉积后,两条来源路径共有边,0,1.0,0.0,0.0,0.0,0.0
GP 表达式自身产生的状态,1,历史全局最优路径,来源内均匀沉积,沉积后,两条来源路径共有边,1,1.0,0.0,0.0,0.0,0.0
GP 表达式自身产生的状态,1,历史全局最优路径,来源内均匀沉积,沉积后,两条来源路径共有边,2,1.0,0.0,0.0,0.0,0.0
GP 表达式自身产生的状态,1,历史全局最优路径,来源内均匀沉积,沉积后,两条来源路径共有边,3,1.0,0.0,0.0,0.0,0.0
GP 表达式自身产生的状态,1,历史全局最优路径,来源内均匀沉积,沉积后,两条来源路径共有边,4,1.0,0.0,0.0,0.0,0.0
GP 表达式自身产生的状态,1,历史全局最优路径,来源内均匀沉积,沉积后,两条来源路径共有边,5,1.0,0.0,0.0,0.0,0.0
GP 表达式自身产生的状态,1,历史全局最优路径,来源内均匀沉积,沉积后,两条来源路径共有边,6,1.0,0.0,0.0,0.0,0.0
GP 表达式自身产生的状态,1,历史全局最优路径,来源内均匀沉积,沉积后,两条来源路径共有边,7,1.0,0.0,0.0,0.0,0.0
GP 表达式自身产生的状态,1,历史全局最优路径,来源内均匀沉积,沉积后,仅历史来源路径包含的边,0,1.0,0.0,0.0,0.0,0.0
GP 表达式自身产生的状态,1,历史全局最优路径,来源内均匀沉积,沉积后,仅历史来源路径包含的边,1,1.0,0.0,0.0,0.0,0.0
GP 表达式自身产生的状态,1,历史全局最优路径,来源内均匀沉积,沉积后,仅历史来源路径包含的边,2,1.0,0.0,0.0,0.0,0.0
GP 表达式自身产生的状态,1,历史全局最优路径,来源内均匀沉积,沉积后,仅历史来源路径包含的边,3,1.0,0.0,0.0,0.0,0.0
GP 表达式自身产生的状态,1,历史全局最优路径,来源内均匀沉积,沉积后,仅历史来源路径包含的边,4,1.0,0.0,0.0,0.0,0.0
GP 表达式自身产生的状态,1,历史全局最优路径,来源内均匀沉积,沉积后,仅历史来源路径包含的边,5,1.0,0.0,0.0,0.0,0.0
GP 表达式自身产生的状态,1,历史全局最优路径,来源内均匀沉积,沉积后,仅历史来源路径包含的边,6,1.0,0.0,0.0,0.0,0.0
GP 表达式自身产生的状态,1,历史全局最优路径,来源内均匀沉积,沉积后,仅历史来源路径包含的边,7,1.0,0.0,0.0,0.0,0.0
GP 表达式自身产生的状态,1,历史全局最优路径,来源内均匀沉积,沉积后,仅本轮最优路径包含的边,0,1.0,0.0,0.0,0.0,0.0
GP 表达式自身产生的状态,1,历史全局最优路径,来源内均匀沉积,沉积后,仅本轮最优路径包含的边,1,1.0,0.0,0.0,0.0,0.0
GP 表达式自身产生的状态,1,历史全局最优路径,来源内均匀沉积,沉积后,仅本轮最优路径包含的边,2,1.0,0.0,0.0,0.0,0.0
GP 表达式自身产生的状态,1,历史全局最优路径,来源内均匀沉积,沉积后,仅本轮最优路径包含的边,3,1.0,0.0,0.0,0.0,0.0
GP 表达式自身产生的状态,1,历史全局最优路径,来源内均匀沉积,沉积后,仅本轮最优路径包含的边,4,1.0,0.0,0.0,0.0,0.0
GP 表达式自身产生的状态,1,历史全局最优路径,来源内均匀沉积,沉积后,仅本轮最优路径包含的边,5,1.0,0.0,0.0,0.0,0.0
GP 表达式自身产生的状态,1,历史全局最优路径,来源内均匀沉积,沉积后,仅本轮最优路径包含的边,6,1.0,0.0,0.0,0.0,0.0
GP 表达式自身产生的状态,1,历史全局最优路径,来源内均匀沉积,沉积后,仅本轮最优路径包含的边,7,1.0,0.0,0.0,0.0,0.0
GP 表达式自身产生的状态,1,历史全局最优路径,来源内均匀沉积,沉积后,其他候选弧,0,1.0,0.0,0.0,0.0,0.0
GP 表达式自身产生的状态,1,历史全局最优路径,来源内均匀沉积,沉积后,其他候选弧,1,1.0,0.0,0.0,0.0,0.0
GP 表达式自身产生的状态,1,历史全局最优路径,来源内均匀沉积,沉积后,其他候选弧,2,1.0,0.0,0.0,0.0,0.0
GP 表达式自身产生的状态,1,历史全局最优路径,来源内均匀沉积,沉积后,其他候选弧,3,1.0,0.0,0.0,0.0,0.0
GP 表达式自身产生的状态,1,历史全局最优路径,来源内均匀沉积,沉积后,其他候选弧,4,1.0,0.0,0.0,0.0,0.0
GP 表达式自身产生的状态,1,历史全局最优路径,来源内均匀沉积,沉积后,其他候选弧,5,1.0,0.0,0.0,0.0,0.0
GP 表达式自身产生的状态,1,历史全局最优路径,来源内均匀沉积,沉积后,其他候选弧,6,1.0,0.0,0.0,0.0,0.0
GP 表达式自身产生的状态,1,历史全局最优路径,来源内均匀沉积,沉积后,其他候选弧,7,1.0,0.0,0.0,0.0,0.0
GP 表达式自身产生的状态,1,历史全局最优路径,来源内均匀沉积,蒸发和下界保护后,两条来源路径共有边,0,1.0,0.0,0.0,0.0,0.0
GP 表达式自身产生的状态,1,历史全局最优路径,来源内均匀沉积,蒸发和下界保护后,两条来源路径共有边,1,1.0,0.0,0.0,0.0,0.0
GP 表达式自身产生的状态,1,历史全局最优路径,来源内均匀沉积,蒸发和下界保护后,两条来源路径共有边,2,1.0,0.0,0.0,0.0,0.0
GP 表达式自身产生的状态,1,历史全局最优路径,来源内均匀沉积,蒸发和下界保护后,两条来源路径共有边,3,1.0,0.0,0.0,0.0,0.0
GP 表达式自身产生的状态,1,历史全局最优路径,来源内均匀沉积,蒸发和下界保护后,两条来源路径共有边,4,1.0,0.0,0.0,0.0,0.0
GP 表达式自身产生的状态,1,历史全局最优路径,来源内均匀沉积,蒸发和下界保护后,两条来源路径共有边,5,1.0,0.0,0.0,0.0,0.0
GP 表达式自身产生的状态,1,历史全局最优路径,来源内均匀沉积,蒸发和下界保护后,两条来源路径共有边,6,1.0,0.0,0.0,0.0,0.0
GP 表达式自身产生的状态,1,历史全局最优路径,来源内均匀沉积,蒸发和下界保护后,两条来源路径共有边,7,1.0,0.0,0.0,0.0,0.0
GP 表达式自身产生的状态,1,历史全局最优路径,来源内均匀沉积,蒸发和下界保护后,仅历史来源路径包含的边,0,1.0,0.0,0.0,0.0,0.0
GP 表达式自身产生的状态,1,历史全局最优路径,来源内均匀沉积,蒸发和下界保护后,仅历史来源路径包含的边,1,1.0,0.0,0.0,0.0,0.0
GP 表达式自身产生的状态,1,历史全局最优路径,来源内均匀沉积,蒸发和下界保护后,仅历史来源路径包含的边,2,1.0,0.0,0.0,0.0,0.0
GP 表达式自身产生的状态,1,历史全局最优路径,来源内均匀沉积,蒸发和下界保护后,仅历史来源路径包含的边,3,1.0,0.0,0.0,0.0,0.0
GP 表达式自身产生的状态,1,历史全局最优路径,来源内均匀沉积,蒸发和下界保护后,仅历史来源路径包含的边,4,1.0,0.0,0.0,0.0,0.0
GP 表达式自身产生的状态,1,历史全局最优路径,来源内均匀沉积,蒸发和下界保护后,仅历史来源路径包含的边,5,1.0,0.0,0.0,0.0,0.0
GP 表达式自身产生的状态,1,历史全局最优路径,来源内均匀沉积,蒸发和下界保护后,仅历史来源路径包含的边,6,1.0,0.0,0.0,0.0,0.0
GP 表达式自身产生的状态,1,历史全局最优路径,来源内均匀沉积,蒸发和下界保护后,仅历史来源路径包含的边,7,1.0,0.0,0.0,0.0,0.0
GP 表达式自身产生的状态,1,历史全局最优路径,来源内均匀沉积,蒸发和下界保护后,仅本轮最优路径包含的边,0,1.0,0.0,0.0,0.0,0.0
GP 表达式自身产生的状态,1,历史全局最优路径,来源内均匀沉积,蒸发和下界保护后,仅本轮最优路径包含的边,1,1.0,0.0,0.0,0.0,0.0
GP 表达式自身产生的状态,1,历史全局最优路径,来源内均匀沉积,蒸发和下界保护后,仅本轮最优路径包含的边,2,1.0,0.0,0.0,0.0,0.0
GP 表达式自身产生的状态,1,历史全局最优路径,来源内均匀沉积,蒸发和下界保护后,仅本轮最优路径包含的边,3,1.0,0.0,0.0,0.0,0.0
GP 表达式自身产生的状态,1,历史全局最优路径,来源内均匀沉积,蒸发和下界保护后,仅本轮最优路径包含的边,4,1.0,0.0,0.0,0.0,0.0
GP 表达式自身产生的状态,1,历史全局最优路径,来源内均匀沉积,蒸发和下界保护后,仅本轮最优路径包含的边,5,1.0,0.0,0.0,0.0,0.0
GP 表达式自身产生的状态,1,历史全局最优路径,来源内均匀沉积,蒸发和下界保护后,仅本轮最优路径包含的边,6,1.0,0.0,0.0,0.0,0.0
GP 表达式自身产生的状态,1,历史全局最优路径,来源内均匀沉积,蒸发和下界保护后,仅本轮最优路径包含的边,7,1.0,0.0,0.0,0.0,0.0
GP 表达式自身产生的状态,1,历史全局最优路径,来源内均匀沉积,蒸发和下界保护后,其他候选弧,0,1.0,0.0,0.0,0.0,0.0
GP 表达式自身产生的状态,1,历史全局最优路径,来源内均匀沉积,蒸发和下界保护后,其他候选弧,1,1.0,0.0,0.0,0.0,0.0
GP 表达式自身产生的状态,1,历史全局最优路径,来源内均匀沉积,蒸发和下界保护后,其他候选弧,2,1.0,0.0,0.0,0.0,0.0
GP 表达式自身产生的状态,1,历史全局最优路径,来源内均匀沉积,蒸发和下界保护后,其他候选弧,3,1.0,0.0,0.0,0.0,0.0
GP 表达式自身产生的状态,1,历史全局最优路径,来源内均匀沉积,蒸发和下界保护后,其他候选弧,4,1.0,0.0,0.0,0.0,0.0
GP 表达式自身产生的状态,1,历史全局最优路径,来源内均匀沉积,蒸发和下界保护后,其他候选弧,5,1.0,0.0,0.0,0.0,0.0
GP 表达式自身产生的状态,1,历史全局最优路径,来源内均匀沉积,蒸发和下界保护后,其他候选弧,6,1.0,0.0,0.0,0.0,0.0
GP 表达式自身产生的状态,1,历史全局最优路径,来源内均匀沉积,蒸发和下界保护后,其他候选弧,7,1.0,0.0,0.0,0.0,0.0
GP 表达式自身产生的状态,1,历史全局最优路径,来源内均匀沉积,重启和可选上界处理后,两条来源路径共有边,0,1.0,0.0,0.0,0.0,0.0
GP 表达式自身产生的状态,1,历史全局最优路径,来源内均匀沉积,重启和可选上界处理后,两条来源路径共有边,1,1.0,0.0,0.0,0.0,0.0
GP 表达式自身产生的状态,1,历史全局最优路径,来源内均匀沉积,重启和可选上界处理后,两条来源路径共有边,2,1.0,0.0,0.0,0.0,0.0
GP 表达式自身产生的状态,1,历史全局最优路径,来源内均匀沉积,重启和可选上界处理后,两条来源路径共有边,3,1.0,0.0,0.0,0.0,0.0
GP 表达式自身产生的状态,1,历史全局最优路径,来源内均匀沉积,重启和可选上界处理后,两条来源路径共有边,4,1.0,0.0,0.0,0.0,0.0
GP 表达式自身产生的状态,1,历史全局最优路径,来源内均匀沉积,重启和可选上界处理后,两条来源路径共有边,5,1.0,0.0,0.0,0.0,0.0
GP 表达式自身产生的状态,1,历史全局最优路径,来源内均匀沉积,重启和可选上界处理后,两条来源路径共有边,6,1.0,0.0,0.0,0.0,0.0
GP 表达式自身产生的状态,1,历史全局最优路径,来源内均匀沉积,重启和可选上界处理后,两条来源路径共有边,7,1.0,0.0,0.0,0.0,0.0
GP 表达式自身产生的状态,1,历史全局最优路径,来源内均匀沉积,重启和可选上界处理后,仅历史来源路径包含的边,0,1.0,0.0,0.0,0.0,0.0
GP 表达式自身产生的状态,1,历史全局最优路径,来源内均匀沉积,重启和可选上界处理后,仅历史来源路径包含的边,1,1.0,0.0,0.0,0.0,0.0
GP 表达式自身产生的状态,1,历史全局最优路径,来源内均匀沉积,重启和可选上界处理后,仅历史来源路径包含的边,2,1.0,0.0,0.0,0.0,0.0
GP 表达式自身产生的状态,1,历史全局最优路径,来源内均匀沉积,重启和可选上界处理后,仅历史来源路径包含的边,3,1.0,0.0,0.0,0.0,0.0
GP 表达式自身产生的状态,1,历史全局最优路径,来源内均匀沉积,重启和可选上界处理后,仅历史来源路径包含的边,4,1.0,0.0,0.0,0.0,0.0
GP 表达式自身产生的状态,1,历史全局最优路径,来源内均匀沉积,重启和可选上界处理后,仅历史来源路径包含的边,5,1.0,0.0,0.0,0.0,0.0
GP 表达式自身产生的状态,1,历史全局最优路径,来源内均匀沉积,重启和可选上界处理后,仅历史来源路径包含的边,6,1.0,0.0,0.0,0.0,0.0
GP 表达式自身产生的状态,1,历史全局最优路径,来源内均匀沉积,重启和可选上界处理后,仅历史来源路径包含的边,7,1.0,0.0,0.0,0.0,0.0
GP 表达式自身产生的状态,1,历史全局最优路径,来源内均匀沉积,重启和可选上界处理后,仅本轮最优路径包含的边,0,1.0,0.0,0.0,0.0,0.0
GP 表达式自身产生的状态,1,历史全局最优路径,来源内均匀沉积,重启和可选上界处理后,仅本轮最优路径包含的边,1,1.0,0.0,0.0,0.0,0.0
GP 表达式自身产生的状态,1,历史全局最优路径,来源内均匀沉积,重启和可选上界处理后,仅本轮最优路径包含的边,2,1.0,0.0,0.0,0.0,0.0
GP 表达式自身产生的状态,1,历史全局最优路径,来源内均匀沉积,重启和可选上界处理后,仅本轮最优路径包含的边,3,1.0,0.0,0.0,0.0,0.0
GP 表达式自身产生的状态,1,历史全局最优路径,来源内均匀沉积,重启和可选上界处理后,仅本轮最优路径包含的边,4,1.0,0.0,0.0,0.0,0.0
GP 表达式自身产生的状态,1,历史全局最优路径,来源内均匀沉积,重启和可选上界处理后,仅本轮最优路径包含的边,5,1.0,0.0,0.0,0.0,0.0
GP 表达式自身产生的状态,1,历史全局最优路径,来源内均匀沉积,重启和可选上界处理后,仅本轮最优路径包含的边,6,1.0,0.0,0.0,0.0,0.0
GP 表达式自身产生的状态,1,历史全局最优路径,来源内均匀沉积,重启和可选上界处理后,仅本轮最优路径包含的边,7,1.0,0.0,0.0,0.0,0.0
GP 表达式自身产生的状态,1,历史全局最优路径,来源内均匀沉积,重启和可选上界处理后,其他候选弧,0,1.0,0.0,0.0,0.0,0.0
GP 表达式自身产生的状态,1,历史全局最优路径,来源内均匀沉积,重启和可选上界处理后,其他候选弧,1,1.0,0.0,0.0,0.0,0.0
GP 表达式自身产生的状态,1,历史全局最优路径,来源内均匀沉积,重启和可选上界处理后,其他候选弧,2,1.0,0.0,0.0,0.0,0.0
GP 表达式自身产生的状态,1,历史全局最优路径,来源内均匀沉积,重启和可选上界处理后,其他候选弧,3,1.0,0.0,0.0,0.0,0.0
GP 表达式自身产生的状态,1,历史全局最优路径,来源内均匀沉积,重启和可选上界处理后,其他候选弧,4,1.0,0.0,0.0,0.0,0.0
GP 表达式自身产生的状态,1,历史全局最优路径,来源内均匀沉积,重启和可选上界处理后,其他候选弧,5,1.0,0.0,0.0,0.0,0.0
GP 表达式自身产生的状态,1,历史全局最优路径,来源内均匀沉积,重启和可选上界处理后,其他候选弧,6,1.0,0.0,0.0,0.0,0.0
GP 表达式自身产生的状态,1,历史全局最优路径,来源内均匀沉积,重启和可选上界处理后,其他候选弧,7,1.0,0.0,0.0,0.0,0.0
GP 表达式自身产生的状态,1,历史重启阶段最优路径,GP 源内重加权,更新前,两条来源路径共有边,0,1.0,0.0,0.0,0.0,0.0
GP 表达式自身产生的状态,1,历史重启阶段最优路径,GP 源内重加权,更新前,两条来源路径共有边,1,1.0,0.0,0.0,0.0,0.0
GP 表达式自身产生的状态,1,历史重启阶段最优路径,GP 源内重加权,更新前,两条来源路径共有边,2,1.0,0.0,0.0,0.0,0.0
GP 表达式自身产生的状态,1,历史重启阶段最优路径,GP 源内重加权,更新前,两条来源路径共有边,3,1.0,0.0,0.0,0.0,0.0
GP 表达式自身产生的状态,1,历史重启阶段最优路径,GP 源内重加权,更新前,两条来源路径共有边,4,1.0,0.0,0.0,0.0,0.0
GP 表达式自身产生的状态,1,历史重启阶段最优路径,GP 源内重加权,更新前,两条来源路径共有边,5,1.0,0.0,0.0,0.0,0.0
GP 表达式自身产生的状态,1,历史重启阶段最优路径,GP 源内重加权,更新前,两条来源路径共有边,6,1.0,0.0,0.0,0.0,0.0
GP 表达式自身产生的状态,1,历史重启阶段最优路径,GP 源内重加权,更新前,两条来源路径共有边,7,1.0,0.0,0.0,0.0,0.0
GP 表达式自身产生的状态,1,历史重启阶段最优路径,GP 源内重加权,更新前,仅历史来源路径包含的边,0,1.0,0.0,0.0,0.0,0.0
GP 表达式自身产生的状态,1,历史重启阶段最优路径,GP 源内重加权,更新前,仅历史来源路径包含的边,1,1.0,0.0,0.0,0.0,0.0
GP 表达式自身产生的状态,1,历史重启阶段最优路径,GP 源内重加权,更新前,仅历史来源路径包含的边,2,1.0,0.0,0.0,0.0,0.0
GP 表达式自身产生的状态,1,历史重启阶段最优路径,GP 源内重加权,更新前,仅历史来源路径包含的边,3,1.0,0.0,0.0,0.0,0.0
GP 表达式自身产生的状态,1,历史重启阶段最优路径,GP 源内重加权,更新前,仅历史来源路径包含的边,4,1.0,0.0,0.0,0.0,0.0
GP 表达式自身产生的状态,1,历史重启阶段最优路径,GP 源内重加权,更新前,仅历史来源路径包含的边,5,1.0,0.0,0.0,0.0,0.0
GP 表达式自身产生的状态,1,历史重启阶段最优路径,GP 源内重加权,更新前,仅历史来源路径包含的边,6,1.0,0.0,0.0,0.0,0.0
GP 表达式自身产生的状态,1,历史重启阶段最优路径,GP 源内重加权,更新前,仅历史来源路径包含的边,7,1.0,0.0,0.0,0.0,0.0
GP 表达式自身产生的状态,1,历史重启阶段最优路径,GP 源内重加权,更新前,仅本轮最优路径包含的边,0,1.0,0.0,0.0,0.0,0.0
GP 表达式自身产生的状态,1,历史重启阶段最优路径,GP 源内重加权,更新前,仅本轮最优路径包含的边,1,1.0,0.0,0.0,0.0,0.0
GP 表达式自身产生的状态,1,历史重启阶段最优路径,GP 源内重加权,更新前,仅本轮最优路径包含的边,2,1.0,0.0,0.0,0.0,0.0
GP 表达式自身产生的状态,1,历史重启阶段最优路径,GP 源内重加权,更新前,仅本轮最优路径包含的边,3,1.0,0.0,0.0,0.0,0.0
GP 表达式自身产生的状态,1,历史重启阶段最优路径,GP 源内重加权,更新前,仅本轮最优路径包含的边,4,1.0,0.0,0.0,0.0,0.0
GP 表达式自身产生的状态,1,历史重启阶段最优路径,GP 源内重加权,更新前,仅本轮最优路径包含的边,5,1.0,0.0,0.0,0.0,0.0
GP 表达式自身产生的状态,1,历史重启阶段最优路径,GP 源内重加权,更新前,仅本轮最优路径包含的边,6,1.0,0.0,0.0,0.0,0.0
GP 表达式自身产生的状态,1,历史重启阶段最优路径,GP 源内重加权,更新前,仅本轮最优路径包含的边,7,1.0,0.0,0.0,0.0,0.0
GP 表达式自身产生的状态,1,历史重启阶段最优路径,GP 源内重加权,更新前,其他候选弧,0,1.0,0.0,0.0,0.0,0.0
GP 表达式自身产生的状态,1,历史重启阶段最优路径,GP 源内重加权,更新前,其他候选弧,1,1.0,0.0,0.0,0.0,0.0
GP 表达式自身产生的状态,1,历史重启阶段最优路径,GP 源内重加权,更新前,其他候选弧,2,1.0,0.0,0.0,0.0,0.0
GP 表达式自身产生的状态,1,历史重启阶段最优路径,GP 源内重加权,更新前,其他候选弧,3,1.0,0.0,0.0,0.0,0.0
GP 表达式自身产生的状态,1,历史重启阶段最优路径,GP 源内重加权,更新前,其他候选弧,4,1.0,0.0,0.0,0.0,0.0
GP 表达式自身产生的状态,1,历史重启阶段最优路径,GP 源内重加权,更新前,其他候选弧,5,1.0,0.0,0.0,0.0,0.0
GP 表达式自身产生的状态,1,历史重启阶段最优路径,GP 源内重加权,更新前,其他候选弧,6,1.0,0.0,0.0,0.0,0.0
GP 表达式自身产生的状态,1,历史重启阶段最优路径,GP 源内重加权,更新前,其他候选弧,7,1.0,0.0,0.0,0.0,0.0
GP 表达式自身产生的状态,1,历史重启阶段最优路径,GP 源内重加权,沉积后,两条来源路径共有边,0,1.0,0.0,0.0,0.0,0.0
GP 表达式自身产生的状态,1,历史重启阶段最优路径,GP 源内重加权,沉积后,两条来源路径共有边,1,1.0,0.0,0.0,0.0,0.0
GP 表达式自身产生的状态,1,历史重启阶段最优路径,GP 源内重加权,沉积后,两条来源路径共有边,2,1.0,0.0,0.0,0.0,0.0
GP 表达式自身产生的状态,1,历史重启阶段最优路径,GP 源内重加权,沉积后,两条来源路径共有边,3,1.0,0.0,0.0,0.0,0.0
GP 表达式自身产生的状态,1,历史重启阶段最优路径,GP 源内重加权,沉积后,两条来源路径共有边,4,1.0,0.0,0.0,0.0,0.0
GP 表达式自身产生的状态,1,历史重启阶段最优路径,GP 源内重加权,沉积后,两条来源路径共有边,5,1.0,0.0,0.0,0.0,0.0
GP 表达式自身产生的状态,1,历史重启阶段最优路径,GP 源内重加权,沉积后,两条来源路径共有边,6,1.0,0.0,0.0,0.0,0.0
GP 表达式自身产生的状态,1,历史重启阶段最优路径,GP 源内重加权,沉积后,两条来源路径共有边,7,1.0,0.0,0.0,0.0,0.0
GP 表达式自身产生的状态,1,历史重启阶段最优路径,GP 源内重加权,沉积后,仅历史来源路径包含的边,0,1.0,0.0,0.0,0.0,0.0
GP 表达式自身产生的状态,1,历史重启阶段最优路径,GP 源内重加权,沉积后,仅历史来源路径包含的边,1,1.0,0.0,0.0,0.0,0.0
GP 表达式自身产生的状态,1,历史重启阶段最优路径,GP 源内重加权,沉积后,仅历史来源路径包含的边,2,1.0,0.0,0.0,0.0,0.0
GP 表达式自身产生的状态,1,历史重启阶段最优路径,GP 源内重加权,沉积后,仅历史来源路径包含的边,3,1.0,0.0,0.0,0.0,0.0
GP 表达式自身产生的状态,1,历史重启阶段最优路径,GP 源内重加权,沉积后,仅历史来源路径包含的边,4,1.0,0.0,0.0,0.0,0.0
GP 表达式自身产生的状态,1,历史重启阶段最优路径,GP 源内重加权,沉积后,仅历史来源路径包含的边,5,1.0,0.0,0.0,0.0,0.0
GP 表达式自身产生的状态,1,历史重启阶段最优路径,GP 源内重加权,沉积后,仅历史来源路径包含的边,6,1.0,0.0,0.0,0.0,0.0
GP 表达式自身产生的状态,1,历史重启阶段最优路径,GP 源内重加权,沉积后,仅历史来源路径包含的边,7,1.0,0.0,0.0,0.0,0.0
GP 表达式自身产生的状态,1,历史重启阶段最优路径,GP 源内重加权,沉积后,仅本轮最优路径包含的边,0,1.0,0.0,0.0,0.0,0.0
GP 表达式自身产生的状态,1,历史重启阶段最优路径,GP 源内重加权,沉积后,仅本轮最优路径包含的边,1,1.0,0.0,0.0,0.0,0.0
GP 表达式自身产生的状态,1,历史重启阶段最优路径,GP 源内重加权,沉积后,仅本轮最优路径包含的边,2,1.0,0.0,0.0,0.0,0.0
GP 表达式自身产生的状态,1,历史重启阶段最优路径,GP 源内重加权,沉积后,仅本轮最优路径包含的边,3,1.0,0.0,0.0,0.0,0.0
GP 表达式自身产生的状态,1,历史重启阶段最优路径,GP 源内重加权,沉积后,仅本轮最优路径包含的边,4,1.0,0.0,0.0,0.0,0.0
GP 表达式自身产生的状态,1,历史重启阶段最优路径,GP 源内重加权,沉积后,仅本轮最优路径包含的边,5,1.0,0.0,0.0,0.0,0.0
GP 表达式自身产生的状态,1,历史重启阶段最优路径,GP 源内重加权,沉积后,仅本轮最优路径包含的边,6,1.0,0.0,0.0,0.0,0.0
GP 表达式自身产生的状态,1,历史重启阶段最优路径,GP 源内重加权,沉积后,仅本轮最优路径包含的边,7,1.0,0.0,0.0,0.0,0.0
GP 表达式自身产生的状态,1,历史重启阶段最优路径,GP 源内重加权,沉积后,其他候选弧,0,1.0,0.0,0.0,0.0,0.0
GP 表达式自身产生的状态,1,历史重启阶段最优路径,GP 源内重加权,沉积后,其他候选弧,1,1.0,0.0,0.0,0.0,0.0
GP 表达式自身产生的状态,1,历史重启阶段最优路径,GP 源内重加权,沉积后,其他候选弧,2,1.0,0.0,0.0,0.0,0.0
GP 表达式自身产生的状态,1,历史重启阶段最优路径,GP 源内重加权,沉积后,其他候选弧,3,1.0,0.0,0.0,0.0,0.0
GP 表达式自身产生的状态,1,历史重启阶段最优路径,GP 源内重加权,沉积后,其他候选弧,4,1.0,0.0,0.0,0.0,0.0
GP 表达式自身产生的状态,1,历史重启阶段最优路径,GP 源内重加权,沉积后,其他候选弧,5,1.0,0.0,0.0,0.0,0.0
GP 表达式自身产生的状态,1,历史重启阶段最优路径,GP 源内重加权,沉积后,其他候选弧,6,1.0,0.0,0.0,0.0,0.0
GP 表达式自身产生的状态,1,历史重启阶段最优路径,GP 源内重加权,沉积后,其他候选弧,7,1.0,0.0,0.0,0.0,0.0
GP 表达式自身产生的状态,1,历史重启阶段最优路径,GP 源内重加权,蒸发和下界保护后,两条来源路径共有边,0,1.0,0.0,0.0,0.0,0.0
GP 表达式自身产生的状态,1,历史重启阶段最优路径,GP 源内重加权,蒸发和下界保护后,两条来源路径共有边,1,1.0,0.0,0.0,0.0,0.0
GP 表达式自身产生的状态,1,历史重启阶段最优路径,GP 源内重加权,蒸发和下界保护后,两条来源路径共有边,2,1.0,0.0,0.0,0.0,0.0
GP 表达式自身产生的状态,1,历史重启阶段最优路径,GP 源内重加权,蒸发和下界保护后,两条来源路径共有边,3,1.0,0.0,0.0,0.0,0.0
GP 表达式自身产生的状态,1,历史重启阶段最优路径,GP 源内重加权,蒸发和下界保护后,两条来源路径共有边,4,1.0,0.0,0.0,0.0,0.0
GP 表达式自身产生的状态,1,历史重启阶段最优路径,GP 源内重加权,蒸发和下界保护后,两条来源路径共有边,5,1.0,0.0,0.0,0.0,0.0
GP 表达式自身产生的状态,1,历史重启阶段最优路径,GP 源内重加权,蒸发和下界保护后,两条来源路径共有边,6,1.0,0.0,0.0,0.0,0.0
GP 表达式自身产生的状态,1,历史重启阶段最优路径,GP 源内重加权,蒸发和下界保护后,两条来源路径共有边,7,1.0,0.0,0.0,0.0,0.0
GP 表达式自身产生的状态,1,历史重启阶段最优路径,GP 源内重加权,蒸发和下界保护后,仅历史来源路径包含的边,0,1.0,0.0,0.0,0.0,0.0
GP 表达式自身产生的状态,1,历史重启阶段最优路径,GP 源内重加权,蒸发和下界保护后,仅历史来源路径包含的边,1,1.0,0.0,0.0,0.0,0.0
GP 表达式自身产生的状态,1,历史重启阶段最优路径,GP 源内重加权,蒸发和下界保护后,仅历史来源路径包含的边,2,1.0,0.0,0.0,0.0,0.0
GP 表达式自身产生的状态,1,历史重启阶段最优路径,GP 源内重加权,蒸发和下界保护后,仅历史来源路径包含的边,3,1.0,0.0,0.0,0.0,0.0
GP 表达式自身产生的状态,1,历史重启阶段最优路径,GP 源内重加权,蒸发和下界保护后,仅历史来源路径包含的边,4,1.0,0.0,0.0,0.0,0.0
GP 表达式自身产生的状态,1,历史重启阶段最优路径,GP 源内重加权,蒸发和下界保护后,仅历史来源路径包含的边,5,1.0,0.0,0.0,0.0,0.0
GP 表达式自身产生的状态,1,历史重启阶段最优路径,GP 源内重加权,蒸发和下界保护后,仅历史来源路径包含的边,6,1.0,0.0,0.0,0.0,0.0
GP 表达式自身产生的状态,1,历史重启阶段最优路径,GP 源内重加权,蒸发和下界保护后,仅历史来源路径包含的边,7,1.0,0.0,0.0,0.0,0.0
GP 表达式自身产生的状态,1,历史重启阶段最优路径,GP 源内重加权,蒸发和下界保护后,仅本轮最优路径包含的边,0,1.0,0.0,0.0,0.0,0.0
GP 表达式自身产生的状态,1,历史重启阶段最优路径,GP 源内重加权,蒸发和下界保护后,仅本轮最优路径包含的边,1,1.0,0.0,0.0,0.0,0.0
GP 表达式自身产生的状态,1,历史重启阶段最优路径,GP 源内重加权,蒸发和下界保护后,仅本轮最优路径包含的边,2,1.0,0.0,0.0,0.0,0.0
GP 表达式自身产生的状态,1,历史重启阶段最优路径,GP 源内重加权,蒸发和下界保护后,仅本轮最优路径包含的边,3,1.0,0.0,0.0,0.0,0.0
GP 表达式自身产生的状态,1,历史重启阶段最优路径,GP 源内重加权,蒸发和下界保护后,仅本轮最优路径包含的边,4,1.0,0.0,0.0,0.0,0.0
GP 表达式自身产生的状态,1,历史重启阶段最优路径,GP 源内重加权,蒸发和下界保护后,仅本轮最优路径包含的边,5,1.0,0.0,0.0,0.0,0.0
GP 表达式自身产生的状态,1,历史重启阶段最优路径,GP 源内重加权,蒸发和下界保护后,仅本轮最优路径包含的边,6,1.0,0.0,0.0,0.0,0.0
GP 表达式自身产生的状态,1,历史重启阶段最优路径,GP 源内重加权,蒸发和下界保护后,仅本轮最优路径包含的边,7,1.0,0.0,0.0,0.0,0.0
GP 表达式自身产生的状态,1,历史重启阶段最优路径,GP 源内重加权,蒸发和下界保护后,其他候选弧,0,1.0,0.0,0.0,0.0,0.0
GP 表达式自身产生的状态,1,历史重启阶段最优路径,GP 源内重加权,蒸发和下界保护后,其他候选弧,1,1.0,0.0,0.0,0.0,0.0
GP 表达式自身产生的状态,1,历史重启阶段最优路径,GP 源内重加权,蒸发和下界保护后,其他候选弧,2,1.0,0.0,0.0,0.0,0.0
GP 表达式自身产生的状态,1,历史重启阶段最优路径,GP 源内重加权,蒸发和下界保护后,其他候选弧,3,1.0,0.0,0.0,0.0,0.0
GP 表达式自身产生的状态,1,历史重启阶段最优路径,GP 源内重加权,蒸发和下界保护后,其他候选弧,4,1.0,0.0,0.0,0.0,0.0
GP 表达式自身产生的状态,1,历史重启阶段最优路径,GP 源内重加权,蒸发和下界保护后,其他候选弧,5,1.0,0.0,0.0,0.0,0.0
GP 表达式自身产生的状态,1,历史重启阶段最优路径,GP 源内重加权,蒸发和下界保护后,其他候选弧,6,1.0,0.0,0.0,0.0,0.0
GP 表达式自身产生的状态,1,历史重启阶段最优路径,GP 源内重加权,蒸发和下界保护后,其他候选弧,7,1.0,0.0,0.0,0.0,0.0
GP 表达式自身产生的状态,1,历史重启阶段最优路径,GP 源内重加权,重启和可选上界处理后,两条来源路径共有边,0,1.0,0.0,0.0,0.0,0.0
GP 表达式自身产生的状态,1,历史重启阶段最优路径,GP 源内重加权,重启和可选上界处理后,两条来源路径共有边,1,1.0,0.0,0.0,0.0,0.0
GP 表达式自身产生的状态,1,历史重启阶段最优路径,GP 源内重加权,重启和可选上界处理后,两条来源路径共有边,2,1.0,0.0,0.0,0.0,0.0
GP 表达式自身产生的状态,1,历史重启阶段最优路径,GP 源内重加权,重启和可选上界处理后,两条来源路径共有边,3,1.0,0.0,0.0,0.0,0.0
GP 表达式自身产生的状态,1,历史重启阶段最优路径,GP 源内重加权,重启和可选上界处理后,两条来源路径共有边,4,1.0,0.0,0.0,0.0,0.0
GP 表达式自身产生的状态,1,历史重启阶段最优路径,GP 源内重加权,重启和可选上界处理后,两条来源路径共有边,5,1.0,0.0,0.0,0.0,0.0
GP 表达式自身产生的状态,1,历史重启阶段最优路径,GP 源内重加权,重启和可选上界处理后,两条来源路径共有边,6,1.0,0.0,0.0,0.0,0.0
GP 表达式自身产生的状态,1,历史重启阶段最优路径,GP 源内重加权,重启和可选上界处理后,两条来源路径共有边,7,1.0,0.0,0.0,0.0,0.0
GP 表达式自身产生的状态,1,历史重启阶段最优路径,GP 源内重加权,重启和可选上界处理后,仅历史来源路径包含的边,0,1.0,0.0,0.0,0.0,0.0
GP 表达式自身产生的状态,1,历史重启阶段最优路径,GP 源内重加权,重启和可选上界处理后,仅历史来源路径包含的边,1,1.0,0.0,0.0,0.0,0.0
GP 表达式自身产生的状态,1,历史重启阶段最优路径,GP 源内重加权,重启和可选上界处理后,仅历史来源路径包含的边,2,1.0,0.0,0.0,0.0,0.0
GP 表达式自身产生的状态,1,历史重启阶段最优路径,GP 源内重加权,重启和可选上界处理后,仅历史来源路径包含的边,3,1.0,0.0,0.0,0.0,0.0
GP 表达式自身产生的状态,1,历史重启阶段最优路径,GP 源内重加权,重启和可选上界处理后,仅历史来源路径包含的边,4,1.0,0.0,0.0,0.0,0.0
GP 表达式自身产生的状态,1,历史重启阶段最优路径,GP 源内重加权,重启和可选上界处理后,仅历史来源路径包含的边,5,1.0,0.0,0.0,0.0,0.0
GP 表达式自身产生的状态,1,历史重启阶段最优路径,GP 源内重加权,重启和可选上界处理后,仅历史来源路径包含的边,6,1.0,0.0,0.0,0.0,0.0
GP 表达式自身产生的状态,1,历史重启阶段最优路径,GP 源内重加权,重启和可选上界处理后,仅历史来源路径包含的边,7,1.0,0.0,0.0,0.0,0.0
GP 表达式自身产生的状态,1,历史重启阶段最优路径,GP 源内重加权,重启和可选上界处理后,仅本轮最优路径包含的边,0,1.0,0.0,0.0,0.0,0.0
GP 表达式自身产生的状态,1,历史重启阶段最优路径,GP 源内重加权,重启和可选上界处理后,仅本轮最优路径包含的边,1,1.0,0.0,0.0,0.0,0.0
GP 表达式自身产生的状态,1,历史重启阶段最优路径,GP 源内重加权,重启和可选上界处理后,仅本轮最优路径包含的边,2,1.0,0.0,0.0,0.0,0.0
GP 表达式自身产生的状态,1,历史重启阶段最优路径,GP 源内重加权,重启和可选上界处理后,仅本轮最优路径包含的边,3,1.0,0.0,0.0,0.0,0.0
GP 表达式自身产生的状态,1,历史重启阶段最优路径,GP 源内重加权,重启和可选上界处理后,仅本轮最优路径包含的边,4,1.0,0.0,0.0,0.0,0.0
GP 表达式自身产生的状态,1,历史重启阶段最优路径,GP 源内重加权,重启和可选上界处理后,仅本轮最优路径包含的边,5,1.0,0.0,0.0,0.0,0.0
GP 表达式自身产生的状态,1,历史重启阶段最优路径,GP 源内重加权,重启和可选上界处理后,仅本轮最优路径包含的边,6,1.0,0.0,0.0,0.0,0.0
GP 表达式自身产生的状态,1,历史重启阶段最优路径,GP 源内重加权,重启和可选上界处理后,仅本轮最优路径包含的边,7,1.0,0.0,0.0,0.0,0.0
GP 表达式自身产生的状态,1,历史重启阶段最优路径,GP 源内重加权,重启和可选上界处理后,其他候选弧,0,1.0,0.0,0.0,0.0,0.0
GP 表达式自身产生的状态,1,历史重启阶段最优路径,GP 源内重加权,重启和可选上界处理后,其他候选弧,1,1.0,0.0,0.0,0.0,0.0
GP 表达式自身产生的状态,1,历史重启阶段最优路径,GP 源内重加权,重启和可选上界处理后,其他候选弧,2,1.0,0.0,0.0,0.0,0.0
GP 表达式自身产生的状态,1,历史重启阶段最优路径,GP 源内重加权,重启和可选上界处理后,其他候选弧,3,1.0,0.0,0.0,0.0,0.0
GP 表达式自身产生的状态,1,历史重启阶段最优路径,GP 源内重加权,重启和可选上界处理后,其他候选弧,4,1.0,0.0,0.0,0.0,0.0
GP 表达式自身产生的状态,1,历史重启阶段最优路径,GP 源内重加权,重启和可选上界处理后,其他候选弧,5,1.0,0.0,0.0,0.0,0.0
GP 表达式自身产生的状态,1,历史重启阶段最优路径,GP 源内重加权,重启和可选上界处理后,其他候选弧,6,1.0,0.0,0.0,0.0,0.0
GP 表达式自身产生的状态,1,历史重启阶段最优路径,GP 源内重加权,重启和可选上界处理后,其他候选弧,7,1.0,0.0,0.0,0.0,0.0
GP 表达式自身产生的状态,1,历史重启阶段最优路径,来源内均匀沉积,更新前,两条来源路径共有边,0,1.0,0.0,0.0,0.0,0.0
GP 表达式自身产生的状态,1,历史重启阶段最优路径,来源内均匀沉积,更新前,两条来源路径共有边,1,1.0,0.0,0.0,0.0,0.0
GP 表达式自身产生的状态,1,历史重启阶段最优路径,来源内均匀沉积,更新前,两条来源路径共有边,2,1.0,0.0,0.0,0.0,0.0
GP 表达式自身产生的状态,1,历史重启阶段最优路径,来源内均匀沉积,更新前,两条来源路径共有边,3,1.0,0.0,0.0,0.0,0.0
GP 表达式自身产生的状态,1,历史重启阶段最优路径,来源内均匀沉积,更新前,两条来源路径共有边,4,1.0,0.0,0.0,0.0,0.0
GP 表达式自身产生的状态,1,历史重启阶段最优路径,来源内均匀沉积,更新前,两条来源路径共有边,5,1.0,0.0,0.0,0.0,0.0
GP 表达式自身产生的状态,1,历史重启阶段最优路径,来源内均匀沉积,更新前,两条来源路径共有边,6,1.0,0.0,0.0,0.0,0.0
GP 表达式自身产生的状态,1,历史重启阶段最优路径,来源内均匀沉积,更新前,两条来源路径共有边,7,1.0,0.0,0.0,0.0,0.0
GP 表达式自身产生的状态,1,历史重启阶段最优路径,来源内均匀沉积,更新前,仅历史来源路径包含的边,0,1.0,0.0,0.0,0.0,0.0
GP 表达式自身产生的状态,1,历史重启阶段最优路径,来源内均匀沉积,更新前,仅历史来源路径包含的边,1,1.0,0.0,0.0,0.0,0.0
GP 表达式自身产生的状态,1,历史重启阶段最优路径,来源内均匀沉积,更新前,仅历史来源路径包含的边,2,1.0,0.0,0.0,0.0,0.0
GP 表达式自身产生的状态,1,历史重启阶段最优路径,来源内均匀沉积,更新前,仅历史来源路径包含的边,3,1.0,0.0,0.0,0.0,0.0
GP 表达式自身产生的状态,1,历史重启阶段最优路径,来源内均匀沉积,更新前,仅历史来源路径包含的边,4,1.0,0.0,0.0,0.0,0.0
GP 表达式自身产生的状态,1,历史重启阶段最优路径,来源内均匀沉积,更新前,仅历史来源路径包含的边,5,1.0,0.0,0.0,0.0,0.0
GP 表达式自身产生的状态,1,历史重启阶段最优路径,来源内均匀沉积,更新前,仅历史来源路径包含的边,6,1.0,0.0,0.0,0.0,0.0
GP 表达式自身产生的状态,1,历史重启阶段最优路径,来源内均匀沉积,更新前,仅历史来源路径包含的边,7,1.0,0.0,0.0,0.0,0.0
GP 表达式自身产生的状态,1,历史重启阶段最优路径,来源内均匀沉积,更新前,仅本轮最优路径包含的边,0,1.0,0.0,0.0,0.0,0.0
GP 表达式自身产生的状态,1,历史重启阶段最优路径,来源内均匀沉积,更新前,仅本轮最优路径包含的边,1,1.0,0.0,0.0,0.0,0.0
GP 表达式自身产生的状态,1,历史重启阶段最优路径,来源内均匀沉积,更新前,仅本轮最优路径包含的边,2,1.0,0.0,0.0,0.0,0.0
GP 表达式自身产生的状态,1,历史重启阶段最优路径,来源内均匀沉积,更新前,仅本轮最优路径包含的边,3,1.0,0.0,0.0,0.0,0.0
GP 表达式自身产生的状态,1,历史重启阶段最优路径,来源内均匀沉积,更新前,仅本轮最优路径包含的边,4,1.0,0.0,0.0,0.0,0.0
GP 表达式自身产生的状态,1,历史重启阶段最优路径,来源内均匀沉积,更新前,仅本轮最优路径包含的边,5,1.0,0.0,0.0,0.0,0.0
GP 表达式自身产生的状态,1,历史重启阶段最优路径,来源内均匀沉积,更新前,仅本轮最优路径包含的边,6,1.0,0.0,0.0,0.0,0.0
GP 表达式自身产生的状态,1,历史重启阶段最优路径,来源内均匀沉积,更新前,仅本轮最优路径包含的边,7,1.0,0.0,0.0,0.0,0.0
GP 表达式自身产生的状态,1,历史重启阶段最优路径,来源内均匀沉积,更新前,其他候选弧,0,1.0,0.0,0.0,0.0,0.0
GP 表达式自身产生的状态,1,历史重启阶段最优路径,来源内均匀沉积,更新前,其他候选弧,1,1.0,0.0,0.0,0.0,0.0
GP 表达式自身产生的状态,1,历史重启阶段最优路径,来源内均匀沉积,更新前,其他候选弧,2,1.0,0.0,0.0,0.0,0.0
GP 表达式自身产生的状态,1,历史重启阶段最优路径,来源内均匀沉积,更新前,其他候选弧,3,1.0,0.0,0.0,0.0,0.0
GP 表达式自身产生的状态,1,历史重启阶段最优路径,来源内均匀沉积,更新前,其他候选弧,4,1.0,0.0,0.0,0.0,0.0
GP 表达式自身产生的状态,1,历史重启阶段最优路径,来源内均匀沉积,更新前,其他候选弧,5,1.0,0.0,0.0,0.0,0.0
GP 表达式自身产生的状态,1,历史重启阶段最优路径,来源内均匀沉积,更新前,其他候选弧,6,1.0,0.0,0.0,0.0,0.0
GP 表达式自身产生的状态,1,历史重启阶段最优路径,来源内均匀沉积,更新前,其他候选弧,7,1.0,0.0,0.0,0.0,0.0
GP 表达式自身产生的状态,1,历史重启阶段最优路径,来源内均匀沉积,沉积后,两条来源路径共有边,0,1.0,0.0,0.0,0.0,0.0
GP 表达式自身产生的状态,1,历史重启阶段最优路径,来源内均匀沉积,沉积后,两条来源路径共有边,1,1.0,0.0,0.0,0.0,0.0
GP 表达式自身产生的状态,1,历史重启阶段最优路径,来源内均匀沉积,沉积后,两条来源路径共有边,2,1.0,0.0,0.0,0.0,0.0
GP 表达式自身产生的状态,1,历史重启阶段最优路径,来源内均匀沉积,沉积后,两条来源路径共有边,3,1.0,0.0,0.0,0.0,0.0
GP 表达式自身产生的状态,1,历史重启阶段最优路径,来源内均匀沉积,沉积后,两条来源路径共有边,4,1.0,0.0,0.0,0.0,0.0
GP 表达式自身产生的状态,1,历史重启阶段最优路径,来源内均匀沉积,沉积后,两条来源路径共有边,5,1.0,0.0,0.0,0.0,0.0
GP 表达式自身产生的状态,1,历史重启阶段最优路径,来源内均匀沉积,沉积后,两条来源路径共有边,6,1.0,0.0,0.0,0.0,0.0
GP 表达式自身产生的状态,1,历史重启阶段最优路径,来源内均匀沉积,沉积后,两条来源路径共有边,7,1.0,0.0,0.0,0.0,0.0
GP 表达式自身产生的状态,1,历史重启阶段最优路径,来源内均匀沉积,沉积后,仅历史来源路径包含的边,0,1.0,0.0,0.0,0.0,0.0
GP 表达式自身产生的状态,1,历史重启阶段最优路径,来源内均匀沉积,沉积后,仅历史来源路径包含的边,1,1.0,0.0,0.0,0.0,0.0
GP 表达式自身产生的状态,1,历史重启阶段最优路径,来源内均匀沉积,沉积后,仅历史来源路径包含的边,2,1.0,0.0,0.0,0.0,0.0
GP 表达式自身产生的状态,1,历史重启阶段最优路径,来源内均匀沉积,沉积后,仅历史来源路径包含的边,3,1.0,0.0,0.0,0.0,0.0
GP 表达式自身产生的状态,1,历史重启阶段最优路径,来源内均匀沉积,沉积后,仅历史来源路径包含的边,4,1.0,0.0,0.0,0.0,0.0
GP 表达式自身产生的状态,1,历史重启阶段最优路径,来源内均匀沉积,沉积后,仅历史来源路径包含的边,5,1.0,0.0,0.0,0.0,0.0
GP 表达式自身产生的状态,1,历史重启阶段最优路径,来源内均匀沉积,沉积后,仅历史来源路径包含的边,6,1.0,0.0,0.0,0.0,0.0
GP 表达式自身产生的状态,1,历史重启阶段最优路径,来源内均匀沉积,沉积后,仅历史来源路径包含的边,7,1.0,0.0,0.0,0.0,0.0
GP 表达式自身产生的状态,1,历史重启阶段最优路径,来源内均匀沉积,沉积后,仅本轮最优路径包含的边,0,1.0,0.0,0.0,0.0,0.0
GP 表达式自身产生的状态,1,历史重启阶段最优路径,来源内均匀沉积,沉积后,仅本轮最优路径包含的边,1,1.0,0.0,0.0,0.0,0.0
GP 表达式自身产生的状态,1,历史重启阶段最优路径,来源内均匀沉积,沉积后,仅本轮最优路径包含的边,2,1.0,0.0,0.0,0.0,0.0
GP 表达式自身产生的状态,1,历史重启阶段最优路径,来源内均匀沉积,沉积后,仅本轮最优路径包含的边,3,1.0,0.0,0.0,0.0,0.0
GP 表达式自身产生的状态,1,历史重启阶段最优路径,来源内均匀沉积,沉积后,仅本轮最优路径包含的边,4,1.0,0.0,0.0,0.0,0.0
GP 表达式自身产生的状态,1,历史重启阶段最优路径,来源内均匀沉积,沉积后,仅本轮最优路径包含的边,5,1.0,0.0,0.0,0.0,0.0
GP 表达式自身产生的状态,1,历史重启阶段最优路径,来源内均匀沉积,沉积后,仅本轮最优路径包含的边,6,1.0,0.0,0.0,0.0,0.0
GP 表达式自身产生的状态,1,历史重启阶段最优路径,来源内均匀沉积,沉积后,仅本轮最优路径包含的边,7,1.0,0.0,0.0,0.0,0.0
GP 表达式自身产生的状态,1,历史重启阶段最优路径,来源内均匀沉积,沉积后,其他候选弧,0,1.0,0.0,0.0,0.0,0.0
GP 表达式自身产生的状态,1,历史重启阶段最优路径,来源内均匀沉积,沉积后,其他候选弧,1,1.0,0.0,0.0,0.0,0.0
GP 表达式自身产生的状态,1,历史重启阶段最优路径,来源内均匀沉积,沉积后,其他候选弧,2,1.0,0.0,0.0,0.0,0.0
GP 表达式自身产生的状态,1,历史重启阶段最优路径,来源内均匀沉积,沉积后,其他候选弧,3,1.0,0.0,0.0,0.0,0.0
GP 表达式自身产生的状态,1,历史重启阶段最优路径,来源内均匀沉积,沉积后,其他候选弧,4,1.0,0.0,0.0,0.0,0.0
GP 表达式自身产生的状态,1,历史重启阶段最优路径,来源内均匀沉积,沉积后,其他候选弧,5,1.0,0.0,0.0,0.0,0.0
GP 表达式自身产生的状态,1,历史重启阶段最优路径,来源内均匀沉积,沉积后,其他候选弧,6,1.0,0.0,0.0,0.0,0.0
GP 表达式自身产生的状态,1,历史重启阶段最优路径,来源内均匀沉积,沉积后,其他候选弧,7,1.0,0.0,0.0,0.0,0.0
GP 表达式自身产生的状态,1,历史重启阶段最优路径,来源内均匀沉积,蒸发和下界保护后,两条来源路径共有边,0,1.0,0.0,0.0,0.0,0.0
GP 表达式自身产生的状态,1,历史重启阶段最优路径,来源内均匀沉积,蒸发和下界保护后,两条来源路径共有边,1,1.0,0.0,0.0,0.0,0.0
GP 表达式自身产生的状态,1,历史重启阶段最优路径,来源内均匀沉积,蒸发和下界保护后,两条来源路径共有边,2,1.0,0.0,0.0,0.0,0.0
GP 表达式自身产生的状态,1,历史重启阶段最优路径,来源内均匀沉积,蒸发和下界保护后,两条来源路径共有边,3,1.0,0.0,0.0,0.0,0.0
GP 表达式自身产生的状态,1,历史重启阶段最优路径,来源内均匀沉积,蒸发和下界保护后,两条来源路径共有边,4,1.0,0.0,0.0,0.0,0.0
GP 表达式自身产生的状态,1,历史重启阶段最优路径,来源内均匀沉积,蒸发和下界保护后,两条来源路径共有边,5,1.0,0.0,0.0,0.0,0.0
GP 表达式自身产生的状态,1,历史重启阶段最优路径,来源内均匀沉积,蒸发和下界保护后,两条来源路径共有边,6,1.0,0.0,0.0,0.0,0.0
GP 表达式自身产生的状态,1,历史重启阶段最优路径,来源内均匀沉积,蒸发和下界保护后,两条来源路径共有边,7,1.0,0.0,0.0,0.0,0.0
GP 表达式自身产生的状态,1,历史重启阶段最优路径,来源内均匀沉积,蒸发和下界保护后,仅历史来源路径包含的边,0,1.0,0.0,0.0,0.0,0.0
GP 表达式自身产生的状态,1,历史重启阶段最优路径,来源内均匀沉积,蒸发和下界保护后,仅历史来源路径包含的边,1,1.0,0.0,0.0,0.0,0.0
GP 表达式自身产生的状态,1,历史重启阶段最优路径,来源内均匀沉积,蒸发和下界保护后,仅历史来源路径包含的边,2,1.0,0.0,0.0,0.0,0.0
GP 表达式自身产生的状态,1,历史重启阶段最优路径,来源内均匀沉积,蒸发和下界保护后,仅历史来源路径包含的边,3,1.0,0.0,0.0,0.0,0.0
GP 表达式自身产生的状态,1,历史重启阶段最优路径,来源内均匀沉积,蒸发和下界保护后,仅历史来源路径包含的边,4,1.0,0.0,0.0,0.0,0.0
GP 表达式自身产生的状态,1,历史重启阶段最优路径,来源内均匀沉积,蒸发和下界保护后,仅历史来源路径包含的边,5,1.0,0.0,0.0,0.0,0.0
GP 表达式自身产生的状态,1,历史重启阶段最优路径,来源内均匀沉积,蒸发和下界保护后,仅历史来源路径包含的边,6,1.0,0.0,0.0,0.0,0.0
GP 表达式自身产生的状态,1,历史重启阶段最优路径,来源内均匀沉积,蒸发和下界保护后,仅历史来源路径包含的边,7,1.0,0.0,0.0,0.0,0.0
GP 表达式自身产生的状态,1,历史重启阶段最优路径,来源内均匀沉积,蒸发和下界保护后,仅本轮最优路径包含的边,0,1.0,0.0,0.0,0.0,0.0
GP 表达式自身产生的状态,1,历史重启阶段最优路径,来源内均匀沉积,蒸发和下界保护后,仅本轮最优路径包含的边,1,1.0,0.0,0.0,0.0,0.0
GP 表达式自身产生的状态,1,历史重启阶段最优路径,来源内均匀沉积,蒸发和下界保护后,仅本轮最优路径包含的边,2,1.0,0.0,0.0,0.0,0.0
GP 表达式自身产生的状态,1,历史重启阶段最优路径,来源内均匀沉积,蒸发和下界保护后,仅本轮最优路径包含的边,3,1.0,0.0,0.0,0.0,0.0
GP 表达式自身产生的状态,1,历史重启阶段最优路径,来源内均匀沉积,蒸发和下界保护后,仅本轮最优路径包含的边,4,1.0,0.0,0.0,0.0,0.0
GP 表达式自身产生的状态,1,历史重启阶段最优路径,来源内均匀沉积,蒸发和下界保护后,仅本轮最优路径包含的边,5,1.0,0.0,0.0,0.0,0.0
GP 表达式自身产生的状态,1,历史重启阶段最优路径,来源内均匀沉积,蒸发和下界保护后,仅本轮最优路径包含的边,6,1.0,0.0,0.0,0.0,0.0
GP 表达式自身产生的状态,1,历史重启阶段最优路径,来源内均匀沉积,蒸发和下界保护后,仅本轮最优路径包含的边,7,1.0,0.0,0.0,0.0,0.0
GP 表达式自身产生的状态,1,历史重启阶段最优路径,来源内均匀沉积,蒸发和下界保护后,其他候选弧,0,1.0,0.0,0.0,0.0,0.0
GP 表达式自身产生的状态,1,历史重启阶段最优路径,来源内均匀沉积,蒸发和下界保护后,其他候选弧,1,1.0,0.0,0.0,0.0,0.0
GP 表达式自身产生的状态,1,历史重启阶段最优路径,来源内均匀沉积,蒸发和下界保护后,其他候选弧,2,1.0,0.0,0.0,0.0,0.0
GP 表达式自身产生的状态,1,历史重启阶段最优路径,来源内均匀沉积,蒸发和下界保护后,其他候选弧,3,1.0,0.0,0.0,0.0,0.0
GP 表达式自身产生的状态,1,历史重启阶段最优路径,来源内均匀沉积,蒸发和下界保护后,其他候选弧,4,1.0,0.0,0.0,0.0,0.0
GP 表达式自身产生的状态,1,历史重启阶段最优路径,来源内均匀沉积,蒸发和下界保护后,其他候选弧,5,1.0,0.0,0.0,0.0,0.0
GP 表达式自身产生的状态,1,历史重启阶段最优路径,来源内均匀沉积,蒸发和下界保护后,其他候选弧,6,1.0,0.0,0.0,0.0,0.0
GP 表达式自身产生的状态,1,历史重启阶段最优路径,来源内均匀沉积,蒸发和下界保护后,其他候选弧,7,1.0,0.0,0.0,0.0,0.0
GP 表达式自身产生的状态,1,历史重启阶段最优路径,来源内均匀沉积,重启和可选上界处理后,两条来源路径共有边,0,1.0,0.0,0.0,0.0,0.0
GP 表达式自身产生的状态,1,历史重启阶段最优路径,来源内均匀沉积,重启和可选上界处理后,两条来源路径共有边,1,1.0,0.0,0.0,0.0,0.0
GP 表达式自身产生的状态,1,历史重启阶段最优路径,来源内均匀沉积,重启和可选上界处理后,两条来源路径共有边,2,1.0,0.0,0.0,0.0,0.0
GP 表达式自身产生的状态,1,历史重启阶段最优路径,来源内均匀沉积,重启和可选上界处理后,两条来源路径共有边,3,1.0,0.0,0.0,0.0,0.0
GP 表达式自身产生的状态,1,历史重启阶段最优路径,来源内均匀沉积,重启和可选上界处理后,两条来源路径共有边,4,1.0,0.0,0.0,0.0,0.0
GP 表达式自身产生的状态,1,历史重启阶段最优路径,来源内均匀沉积,重启和可选上界处理后,两条来源路径共有边,5,1.0,0.0,0.0,0.0,0.0
GP 表达式自身产生的状态,1,历史重启阶段最优路径,来源内均匀沉积,重启和可选上界处理后,两条来源路径共有边,6,1.0,0.0,0.0,0.0,0.0
GP 表达式自身产生的状态,1,历史重启阶段最优路径,来源内均匀沉积,重启和可选上界处理后,两条来源路径共有边,7,1.0,0.0,0.0,0.0,0.0
GP 表达式自身产生的状态,1,历史重启阶段最优路径,来源内均匀沉积,重启和可选上界处理后,仅历史来源路径包含的边,0,1.0,0.0,0.0,0.0,0.0
GP 表达式自身产生的状态,1,历史重启阶段最优路径,来源内均匀沉积,重启和可选上界处理后,仅历史来源路径包含的边,1,1.0,0.0,0.0,0.0,0.0
GP 表达式自身产生的状态,1,历史重启阶段最优路径,来源内均匀沉积,重启和可选上界处理后,仅历史来源路径包含的边,2,1.0,0.0,0.0,0.0,0.0
GP 表达式自身产生的状态,1,历史重启阶段最优路径,来源内均匀沉积,重启和可选上界处理后,仅历史来源路径包含的边,3,1.0,0.0,0.0,0.0,0.0
GP 表达式自身产生的状态,1,历史重启阶段最优路径,来源内均匀沉积,重启和可选上界处理后,仅历史来源路径包含的边,4,1.0,0.0,0.0,0.0,0.0
GP 表达式自身产生的状态,1,历史重启阶段最优路径,来源内均匀沉积,重启和可选上界处理后,仅历史来源路径包含的边,5,1.0,0.0,0.0,0.0,0.0
GP 表达式自身产生的状态,1,历史重启阶段最优路径,来源内均匀沉积,重启和可选上界处理后,仅历史来源路径包含的边,6,1.0,0.0,0.0,0.0,0.0
GP 表达式自身产生的状态,1,历史重启阶段最优路径,来源内均匀沉积,重启和可选上界处理后,仅历史来源路径包含的边,7,1.0,0.0,0.0,0.0,0.0
GP 表达式自身产生的状态,1,历史重启阶段最优路径,来源内均匀沉积,重启和可选上界处理后,仅本轮最优路径包含的边,0,1.0,0.0,0.0,0.0,0.0
GP 表达式自身产生的状态,1,历史重启阶段最优路径,来源内均匀沉积,重启和可选上界处理后,仅本轮最优路径包含的边,1,1.0,0.0,0.0,0.0,0.0
GP 表达式自身产生的状态,1,历史重启阶段最优路径,来源内均匀沉积,重启和可选上界处理后,仅本轮最优路径包含的边,2,1.0,0.0,0.0,0.0,0.0
GP 表达式自身产生的状态,1,历史重启阶段最优路径,来源内均匀沉积,重启和可选上界处理后,仅本轮最优路径包含的边,3,1.0,0.0,0.0,0.0,0.0
GP 表达式自身产生的状态,1,历史重启阶段最优路径,来源内均匀沉积,重启和可选上界处理后,仅本轮最优路径包含的边,4,1.0,0.0,0.0,0.0,0.0
GP 表达式自身产生的状态,1,历史重启阶段最优路径,来源内均匀沉积,重启和可选上界处理后,仅本轮最优路径包含的边,5,1.0,0.0,0.0,0.0,0.0
GP 表达式自身产生的状态,1,历史重启阶段最优路径,来源内均匀沉积,重启和可选上界处理后,仅本轮最优路径包含的边,6,1.0,0.0,0.0,0.0,0.0
GP 表达式自身产生的状态,1,历史重启阶段最优路径,来源内均匀沉积,重启和可选上界处理后,仅本轮最优路径包含的边,7,1.0,0.0,0.0,0.0,0.0
GP 表达式自身产生的状态,1,历史重启阶段最优路径,来源内均匀沉积,重启和可选上界处理后,其他候选弧,0,1.0,0.0,0.0,0.0,0.0
GP 表达式自身产生的状态,1,历史重启阶段最优路径,来源内均匀沉积,重启和可选上界处理后,其他候选弧,1,1.0,0.0,0.0,0.0,0.0
GP 表达式自身产生的状态,1,历史重启阶段最优路径,来源内均匀沉积,重启和可选上界处理后,其他候选弧,2,1.0,0.0,0.0,0.0,0.0
GP 表达式自身产生的状态,1,历史重启阶段最优路径,来源内均匀沉积,重启和可选上界处理后,其他候选弧,3,1.0,0.0,0.0,0.0,0.0
GP 表达式自身产生的状态,1,历史重启阶段最优路径,来源内均匀沉积,重启和可选上界处理后,其他候选弧,4,1.0,0.0,0.0,0.0,0.0
GP 表达式自身产生的状态,1,历史重启阶段最优路径,来源内均匀沉积,重启和可选上界处理后,其他候选弧,5,1.0,0.0,0.0,0.0,0.0
GP 表达式自身产生的状态,1,历史重启阶段最优路径,来源内均匀沉积,重启和可选上界处理后,其他候选弧,6,1.0,0.0,0.0,0.0,0.0
GP 表达式自身产生的状态,1,历史重启阶段最优路径,来源内均匀沉积,重启和可选上界处理后,其他候选弧,7,1.0,0.0,0.0,0.0,0.0
GP 表达式自身产生的状态,100,历史全局最优路径,GP 源内重加权,更新前,两条来源路径共有边,0,0.9682222222222223,0.0,0.0,0.0,0.0
GP 表达式自身产生的状态,100,历史全局最优路径,GP 源内重加权,更新前,两条来源路径共有边,1,0.9628888888888887,0.0,0.0,0.0,0.0
GP 表达式自身产生的状态,100,历史全局最优路径,GP 源内重加权,更新前,两条来源路径共有边,2,0.98,0.0,0.0,0.0,0.0
GP 表达式自身产生的状态,100,历史全局最优路径,GP 源内重加权,更新前,两条来源路径共有边,3,0.9497777777777778,0.0,0.0,0.0,0.0
GP 表达式自身产生的状态,100,历史全局最优路径,GP 源内重加权,更新前,两条来源路径共有边,4,0.9813333333333334,0.0,0.0,0.0,0.0
GP 表达式自身产生的状态,100,历史全局最优路径,GP 源内重加权,更新前,两条来源路径共有边,5,0.9282222222222223,0.0,0.0,0.0,0.0
GP 表达式自身产生的状态,100,历史全局最优路径,GP 源内重加权,更新前,两条来源路径共有边,6,0.978,0.0,0.0,0.0,0.0
GP 表达式自身产生的状态,100,历史全局最优路径,GP 源内重加权,更新前,两条来源路径共有边,7,0.9224444444444444,0.0,0.0,0.0,0.0
GP 表达式自身产生的状态,100,历史全局最优路径,GP 源内重加权,更新前,仅历史来源路径包含的边,0,0.9682222222222223,0.0,0.0,0.0,0.0
GP 表达式自身产生的状态,100,历史全局最优路径,GP 源内重加权,更新前,仅历史来源路径包含的边,1,0.9628888888888887,0.0,0.0,0.0,0.0
GP 表达式自身产生的状态,100,历史全局最优路径,GP 源内重加权,更新前,仅历史来源路径包含的边,2,0.98,0.0,0.0,0.0,0.0
GP 表达式自身产生的状态,100,历史全局最优路径,GP 源内重加权,更新前,仅历史来源路径包含的边,3,0.9497777777777778,0.0,0.0,0.0,0.0
GP 表达式自身产生的状态,100,历史全局最优路径,GP 源内重加权,更新前,仅历史来源路径包含的边,4,0.9813333333333334,0.0,0.0,0.0,0.0
GP 表达式自身产生的状态,100,历史全局最优路径,GP 源内重加权,更新前,仅历史来源路径包含的边,5,0.9282222222222223,0.0,0.0,0.0,0.0
GP 表达式自身产生的状态,100,历史全局最优路径,GP 源内重加权,更新前,仅历史来源路径包含的边,6,0.978,0.0,0.0,0.0,0.0
GP 表达式自身产生的状态,100,历史全局最优路径,GP 源内重加权,更新前,仅历史来源路径包含的边,7,0.9224444444444444,0.0,0.0,0.0,0.0
GP 表达式自身产生的状态,100,历史全局最优路径,GP 源内重加权,更新前,仅本轮最优路径包含的边,0,0.9682222222222223,0.0,0.0,0.0,0.0
GP 表达式自身产生的状态,100,历史全局最优路径,GP 源内重加权,更新前,仅本轮最优路径包含的边,1,0.9628888888888887,0.0,0.0,0.0,0.0
GP 表达式自身产生的状态,100,历史全局最优路径,GP 源内重加权,更新前,仅本轮最优路径包含的边,2,0.98,0.0,0.0,0.0,0.0
GP 表达式自身产生的状态,100,历史全局最优路径,GP 源内重加权,更新前,仅本轮最优路径包含的边,3,0.9497777777777778,0.0,0.0,0.0,0.0
GP 表达式自身产生的状态,100,历史全局最优路径,GP 源内重加权,更新前,仅本轮最优路径包含的边,4,0.9813333333333334,0.0,0.0,0.0,0.0
GP 表达式自身产生的状态,100,历史全局最优路径,GP 源内重加权,更新前,仅本轮最优路径包含的边,5,0.9282222222222223,0.0,0.0,0.0,0.0
GP 表达式自身产生的状态,100,历史全局最优路径,GP 源内重加权,更新前,仅本轮最优路径包含的边,6,0.978,0.0,0.0,0.0,0.0
GP 表达式自身产生的状态,100,历史全局最优路径,GP 源内重加权,更新前,仅本轮最优路径包含的边,7,0.9224444444444444,0.0,0.0,0.0,0.0
GP 表达式自身产生的状态,100,历史全局最优路径,GP 源内重加权,更新前,其他候选弧,0,0.9682222222222223,0.0,0.0,0.0,0.0
GP 表达式自身产生的状态,100,历史全局最优路径,GP 源内重加权,更新前,其他候选弧,1,0.9628888888888887,0.0,0.0,0.0,0.0
GP 表达式自身产生的状态,100,历史全局最优路径,GP 源内重加权,更新前,其他候选弧,2,0.98,0.0,0.0,0.0,0.0
GP 表达式自身产生的状态,100,历史全局最优路径,GP 源内重加权,更新前,其他候选弧,3,0.9497777777777778,0.0,0.0,0.0,0.0
GP 表达式自身产生的状态,100,历史全局最优路径,GP 源内重加权,更新前,其他候选弧,4,0.9813333333333334,0.0,0.0,0.0,0.0
GP 表达式自身产生的状态,100,历史全局最优路径,GP 源内重加权,更新前,其他候选弧,5,0.9282222222222223,0.0,0.0,0.0,0.0
GP 表达式自身产生的状态,100,历史全局最优路径,GP 源内重加权,更新前,其他候选弧,6,0.978,0.0,0.0,0.0,0.0
GP 表达式自身产生的状态,100,历史全局最优路径,GP 源内重加权,更新前,其他候选弧,7,0.9224444444444444,0.0,0.0,0.0,0.0
GP 表达式自身产生的状态,100,历史全局最优路径,GP 源内重加权,沉积后,两条来源路径共有边,0,0.9682222222222223,5.233579803664819e-06,0.0039009590415787576,-2.973676521880239e-06,0.0002462509363818591
GP 表达式自身产生的状态,100,历史全局最优路径,GP 源内重加权,沉积后,两条来源路径共有边,1,0.9628888888888887,-0.007413955656528904,0.007636858018020966,-0.0004648489024587622,0.0004784324516824407
GP 表达式自身产生的状态,100,历史全局最优路径,GP 源内重加权,沉积后,两条来源路径共有边,2,0.98,-0.0014524256339099708,0.002657680363637406,-9.171392585522096e-05,0.00016654221851283016
GP 表达式自身产生的状态,100,历史全局最优路径,GP 源内重加权,沉积后,两条来源路径共有边,3,0.9497777777777778,-0.003466590417617027,0.0044011096446618676,-0.00021912247146061296,0.0002778155364768855
GP 表达式自身产生的状态,100,历史全局最优路径,GP 源内重加权,沉积后,两条来源路径共有边,4,0.9813333333333334,-0.0011845825221950919,0.002087219863315257,-7.789701824589087e-05,0.00013409295177178206
GP 表达式自身产生的状态,100,历史全局最优路径,GP 源内重加权,沉积后,两条来源路径共有边,5,0.9282222222222223,-0.00456242164934447,0.007569716792752775,-0.0003161907757586463,0.0005138373772422494
GP 表达式自身产生的状态,100,历史全局最优路径,GP 源内重加权,沉积后,两条来源路径共有边,6,0.978,-0.0027157287832231076,0.0027187279808243924,-0.0001721517519375913,0.00017234388791953308
GP 表达式自身产生的状态,100,历史全局最优路径,GP 源内重加权,沉积后,两条来源路径共有边,7,0.9224444444444444,-0.0045388438891097015,0.004631705810950253,-0.00030679452709823625,0.0003125858589750419
GP 表达式自身产生的状态,100,历史全局最优路径,GP 源内重加权,沉积后,仅历史来源路径包含的边,0,0.9682222222222223,0.023611348549258768,0.023611348549258768,0.03854960491353362,0.03854960491353362
GP 表达式自身产生的状态,100,历史全局最优路径,GP 源内重加权,沉积后,仅历史来源路径包含的边,1,0.9628888888888887,0.031370150046226127,0.031370150046226127,0.03769259224845507,0.03769259224845507
GP 表达式自身产生的状态,100,历史全局最优路径,GP 源内重加权,沉积后,仅历史来源路径包含的边,2,0.98,0.015528974381129332,0.015528974381129332,0.025669409070919594,0.025669409070919594
GP 表达式自身产生的状态,100,历史全局最优路径,GP 源内重加权,沉积后,仅历史来源路径包含的边,3,0.9497777777777778,0.03958969629741602,0.03958969629741602,0.03484041114141901,0.03484041114141901
GP 表达式自身产生的状态,100,历史全局最优路径,GP 源内重加权,沉积后,仅历史来源路径包含的边,4,0.9813333333333334,0.014127233112954059,0.014127233112954059,0.02511981666603076,0.02511981666603076
GP 表达式自身产生的状态,100,历史全局最优路径,GP 源内重加权,沉积后,仅历史来源路径包含的边,5,0.9282222222222223,0.05652967178484422,0.05652967178484422,0.04156750484473697,0.04156750484473697
GP 表达式自身产生的状态,100,历史全局最优路径,GP 源内重加权,沉积后,仅历史来源路径包含的边,6,0.978,0.017816311144677948,0.017816311144677948,0.0342317770226021,0.0342317770226021
GP 表达式自身产生的状态,100,历史全局最优路径,GP 源内重加权,沉积后,仅历史来源路径包含的边,7,0.9224444444444444,0.060313282538205795,0.060313282538205795,0.03539451923004012,0.03539451923004012
GP 表达式自身产生的状态,100,历史全局最优路径,GP 源内重加权,沉积后,仅本轮最优路径包含的边,0,0.9682222222222223,-0.023616174718959784,0.023616174718959784,-0.04013857207279382,0.04013857207279382
GP 表达式自身产生的状态,100,历史全局最优路径,GP 源内重加权,沉积后,仅本轮最优路径包含的边,1,0.9628888888888887,-0.02395518543198184,0.02395518543198184,-0.030231698294753435,0.030231698294753435
GP 表达式自身产生的状态,100,历史全局最优路径,GP 源内重加权,沉积后,仅本轮最优路径包含的边,2,0.98,-0.014077065075355758,0.014077065075355758,-0.023717083122309482,0.023717083122309482
GP 表达式自身产生的状态,100,历史全局最优路径,GP 源内重加权,沉积后,仅本轮最优路径包含的边,3,0.9497777777777778,-0.03612317489251493,0.03612317489251493,-0.03345811734361332,0.03345811734361332
GP 表达式自身产生的状态,100,历史全局最优路径,GP 源内重加权,沉积后,仅本轮最优路径包含的边,4,0.9813333333333334,-0.012943586553511945,0.012943586553511945,-0.025063817313377288,0.025063817313377288
GP 表达式自身产生的状态,100,历史全局最优路径,GP 源内重加权,沉积后,仅本轮最优路径包含的边,5,0.9282222222222223,-0.05196649864431309,0.05196649864431309,-0.038959233019698565,0.038959233019698565
GP 表达式自身产生的状态,100,历史全局最优路径,GP 源内重加权,沉积后,仅本轮最优路径包含的边,6,0.978,-0.015101113099956634,0.015101113099956634,-0.026592814843807062,0.026592814843807062
GP 表达式自身产生的状态,100,历史全局最优路径,GP 源内重加权,沉积后,仅本轮最优路径包含的边,7,0.9224444444444444,-0.05577349595920092,0.05577349595920092,-0.032702476880183545,0.032702476880183545
GP 表达式自身产生的状态,100,历史全局最优路径,GP 源内重加权,沉积后,其他候选弧,0,0.9682222222222223,0.0,0.0,0.0,0.0
GP 表达式自身产生的状态,100,历史全局最优路径,GP 源内重加权,沉积后,其他候选弧,1,0.9628888888888887,0.0,0.0,0.0,0.0
GP 表达式自身产生的状态,100,历史全局最优路径,GP 源内重加权,沉积后,其他候选弧,2,0.98,0.0,0.0,0.0,0.0
GP 表达式自身产生的状态,100,历史全局最优路径,GP 源内重加权,沉积后,其他候选弧,3,0.9497777777777778,0.0,0.0,0.0,0.0
GP 表达式自身产生的状态,100,历史全局最优路径,GP 源内重加权,沉积后,其他候选弧,4,0.9813333333333334,0.0,0.0,0.0,0.0
GP 表达式自身产生的状态,100,历史全局最优路径,GP 源内重加权,沉积后,其他候选弧,5,0.9282222222222223,0.0,0.0,0.0,0.0
GP 表达式自身产生的状态,100,历史全局最优路径,GP 源内重加权,沉积后,其他候选弧,6,0.978,0.0,0.0,0.0,0.0
GP 表达式自身产生的状态,100,历史全局最优路径,GP 源内重加权,沉积后,其他候选弧,7,0.9224444444444444,0.0,0.0,0.0,0.0
GP 表达式自身产生的状态,100,历史全局最优路径,GP 源内重加权,蒸发和下界保护后,两条来源路径共有边,0,0.9682222222222223,0.0,0.0,0.0,0.0
GP 表达式自身产生的状态,100,历史全局最优路径,GP 源内重加权,蒸发和下界保护后,两条来源路径共有边,1,0.9628888888888887,0.0,0.0,0.0,0.0
GP 表达式自身产生的状态,100,历史全局最优路径,GP 源内重加权,蒸发和下界保护后,两条来源路径共有边,2,0.98,0.0,0.0,0.0,0.0
GP 表达式自身产生的状态,100,历史全局最优路径,GP 源内重加权,蒸发和下界保护后,两条来源路径共有边,3,0.9497777777777778,0.0,0.0,0.0,0.0
GP 表达式自身产生的状态,100,历史全局最优路径,GP 源内重加权,蒸发和下界保护后,两条来源路径共有边,4,0.9813333333333334,0.0,0.0,0.0,0.0
GP 表达式自身产生的状态,100,历史全局最优路径,GP 源内重加权,蒸发和下界保护后,两条来源路径共有边,5,0.9282222222222223,0.0,0.0,0.0,0.0
GP 表达式自身产生的状态,100,历史全局最优路径,GP 源内重加权,蒸发和下界保护后,两条来源路径共有边,6,0.978,0.0,0.0,0.0,0.0
GP 表达式自身产生的状态,100,历史全局最优路径,GP 源内重加权,蒸发和下界保护后,两条来源路径共有边,7,0.9224444444444444,0.0,0.0,0.0,0.0
GP 表达式自身产生的状态,100,历史全局最优路径,GP 源内重加权,蒸发和下界保护后,仅历史来源路径包含的边,0,0.9682222222222223,0.0,0.0,0.0,0.0
GP 表达式自身产生的状态,100,历史全局最优路径,GP 源内重加权,蒸发和下界保护后,仅历史来源路径包含的边,1,0.9628888888888887,0.0,0.0,0.0,0.0
GP 表达式自身产生的状态,100,历史全局最优路径,GP 源内重加权,蒸发和下界保护后,仅历史来源路径包含的边,2,0.98,0.0,0.0,0.0,0.0
GP 表达式自身产生的状态,100,历史全局最优路径,GP 源内重加权,蒸发和下界保护后,仅历史来源路径包含的边,3,0.9497777777777778,0.0,0.0,0.0,0.0
GP 表达式自身产生的状态,100,历史全局最优路径,GP 源内重加权,蒸发和下界保护后,仅历史来源路径包含的边,4,0.9813333333333334,0.0,0.0,0.0,0.0
GP 表达式自身产生的状态,100,历史全局最优路径,GP 源内重加权,蒸发和下界保护后,仅历史来源路径包含的边,5,0.9282222222222223,0.0,0.0,0.0,0.0
GP 表达式自身产生的状态,100,历史全局最优路径,GP 源内重加权,蒸发和下界保护后,仅历史来源路径包含的边,6,0.978,0.0,0.0,0.0,0.0
GP 表达式自身产生的状态,100,历史全局最优路径,GP 源内重加权,蒸发和下界保护后,仅历史来源路径包含的边,7,0.9224444444444444,0.0,0.0,0.0,0.0
GP 表达式自身产生的状态,100,历史全局最优路径,GP 源内重加权,蒸发和下界保护后,仅本轮最优路径包含的边,0,0.9682222222222223,0.0,0.0,0.0,0.0
GP 表达式自身产生的状态,100,历史全局最优路径,GP 源内重加权,蒸发和下界保护后,仅本轮最优路径包含的边,1,0.9628888888888887,0.0,0.0,0.0,0.0
GP 表达式自身产生的状态,100,历史全局最优路径,GP 源内重加权,蒸发和下界保护后,仅本轮最优路径包含的边,2,0.98,0.0,0.0,0.0,0.0
GP 表达式自身产生的状态,100,历史全局最优路径,GP 源内重加权,蒸发和下界保护后,仅本轮最优路径包含的边,3,0.9497777777777778,0.0,0.0,0.0,0.0
GP 表达式自身产生的状态,100,历史全局最优路径,GP 源内重加权,蒸发和下界保护后,仅本轮最优路径包含的边,4,0.9813333333333334,0.0,0.0,0.0,0.0
GP 表达式自身产生的状态,100,历史全局最优路径,GP 源内重加权,蒸发和下界保护后,仅本轮最优路径包含的边,5,0.9282222222222223,0.0,0.0,0.0,0.0
GP 表达式自身产生的状态,100,历史全局最优路径,GP 源内重加权,蒸发和下界保护后,仅本轮最优路径包含的边,6,0.978,0.0,0.0,0.0,0.0
GP 表达式自身产生的状态,100,历史全局最优路径,GP 源内重加权,蒸发和下界保护后,仅本轮最优路径包含的边,7,0.9224444444444444,0.0,0.0,0.0,0.0
GP 表达式自身产生的状态,100,历史全局最优路径,GP 源内重加权,蒸发和下界保护后,其他候选弧,0,0.9682222222222223,0.0,0.0,0.0,0.0
GP 表达式自身产生的状态,100,历史全局最优路径,GP 源内重加权,蒸发和下界保护后,其他候选弧,1,0.9628888888888887,0.0,0.0,0.0,0.0
GP 表达式自身产生的状态,100,历史全局最优路径,GP 源内重加权,蒸发和下界保护后,其他候选弧,2,0.98,0.0,0.0,0.0,0.0
GP 表达式自身产生的状态,100,历史全局最优路径,GP 源内重加权,蒸发和下界保护后,其他候选弧,3,0.9497777777777778,0.0,0.0,0.0,0.0
GP 表达式自身产生的状态,100,历史全局最优路径,GP 源内重加权,蒸发和下界保护后,其他候选弧,4,0.9813333333333334,0.0,0.0,0.0,0.0
GP 表达式自身产生的状态,100,历史全局最优路径,GP 源内重加权,蒸发和下界保护后,其他候选弧,5,0.9282222222222223,0.0,0.0,0.0,0.0
GP 表达式自身产生的状态,100,历史全局最优路径,GP 源内重加权,蒸发和下界保护后,其他候选弧,6,0.978,0.0,0.0,0.0,0.0
GP 表达式自身产生的状态,100,历史全局最优路径,GP 源内重加权,蒸发和下界保护后,其他候选弧,7,0.9224444444444444,0.0,0.0,0.0,0.0
GP 表达式自身产生的状态,100,历史全局最优路径,GP 源内重加权,重启和可选上界处理后,两条来源路径共有边,0,0.9682222222222223,5.233579803664819e-06,0.0039009590415787576,-2.973676521880239e-06,0.0002462509363818591
GP 表达式自身产生的状态,100,历史全局最优路径,GP 源内重加权,重启和可选上界处理后,两条来源路径共有边,1,0.9628888888888887,-0.007413955656528904,0.007636858018020966,-0.0004648489024587622,0.0004784324516824407
GP 表达式自身产生的状态,100,历史全局最优路径,GP 源内重加权,重启和可选上界处理后,两条来源路径共有边,2,0.98,-0.0014524256339099708,0.002657680363637406,-9.171392585522096e-05,0.00016654221851283016
GP 表达式自身产生的状态,100,历史全局最优路径,GP 源内重加权,重启和可选上界处理后,两条来源路径共有边,3,0.9497777777777778,-0.003466590417617027,0.0044011096446618676,-0.00021912247146061296,0.0002778155364768855
GP 表达式自身产生的状态,100,历史全局最优路径,GP 源内重加权,重启和可选上界处理后,两条来源路径共有边,4,0.9813333333333334,-0.0011845825221950919,0.002087219863315257,-7.789701824589087e-05,0.00013409295177178206
GP 表达式自身产生的状态,100,历史全局最优路径,GP 源内重加权,重启和可选上界处理后,两条来源路径共有边,5,0.9282222222222223,-0.00456242164934447,0.007569716792752775,-0.0003161907757586463,0.0005138373772422494
GP 表达式自身产生的状态,100,历史全局最优路径,GP 源内重加权,重启和可选上界处理后,两条来源路径共有边,6,0.978,-0.0027157287832231076,0.0027187279808243924,-0.0001721517519375913,0.00017234388791953308
GP 表达式自身产生的状态,100,历史全局最优路径,GP 源内重加权,重启和可选上界处理后,两条来源路径共有边,7,0.9224444444444444,-0.0045388438891097015,0.004631705810950253,-0.00030679452709823625,0.0003125858589750419
GP 表达式自身产生的状态,100,历史全局最优路径,GP 源内重加权,重启和可选上界处理后,仅历史来源路径包含的边,0,0.9682222222222223,0.023611348549258768,0.023611348549258768,0.03854960491353362,0.03854960491353362
GP 表达式自身产生的状态,100,历史全局最优路径,GP 源内重加权,重启和可选上界处理后,仅历史来源路径包含的边,1,0.9628888888888887,0.031370150046226127,0.031370150046226127,0.03769259224845507,0.03769259224845507
GP 表达式自身产生的状态,100,历史全局最优路径,GP 源内重加权,重启和可选上界处理后,仅历史来源路径包含的边,2,0.98,0.015528974381129332,0.015528974381129332,0.025669409070919594,0.025669409070919594
GP 表达式自身产生的状态,100,历史全局最优路径,GP 源内重加权,重启和可选上界处理后,仅历史来源路径包含的边,3,0.9497777777777778,0.03958969629741602,0.03958969629741602,0.03484041114141901,0.03484041114141901
GP 表达式自身产生的状态,100,历史全局最优路径,GP 源内重加权,重启和可选上界处理后,仅历史来源路径包含的边,4,0.9813333333333334,0.014127233112954059,0.014127233112954059,0.02511981666603076,0.02511981666603076
GP 表达式自身产生的状态,100,历史全局最优路径,GP 源内重加权,重启和可选上界处理后,仅历史来源路径包含的边,5,0.9282222222222223,0.05652967178484422,0.05652967178484422,0.04156750484473697,0.04156750484473697
GP 表达式自身产生的状态,100,历史全局最优路径,GP 源内重加权,重启和可选上界处理后,仅历史来源路径包含的边,6,0.978,0.017816311144677948,0.017816311144677948,0.0342317770226021,0.0342317770226021
GP 表达式自身产生的状态,100,历史全局最优路径,GP 源内重加权,重启和可选上界处理后,仅历史来源路径包含的边,7,0.9224444444444444,0.060313282538205795,0.060313282538205795,0.03539451923004012,0.03539451923004012
GP 表达式自身产生的状态,100,历史全局最优路径,GP 源内重加权,重启和可选上界处理后,仅本轮最优路径包含的边,0,0.9682222222222223,-0.023616174718959784,0.023616174718959784,-0.04013857207279382,0.04013857207279382
GP 表达式自身产生的状态,100,历史全局最优路径,GP 源内重加权,重启和可选上界处理后,仅本轮最优路径包含的边,1,0.9628888888888887,-0.02395518543198184,0.02395518543198184,-0.030231698294753435,0.030231698294753435
GP 表达式自身产生的状态,100,历史全局最优路径,GP 源内重加权,重启和可选上界处理后,仅本轮最优路径包含的边,2,0.98,-0.014077065075355758,0.014077065075355758,-0.023717083122309482,0.023717083122309482
GP 表达式自身产生的状态,100,历史全局最优路径,GP 源内重加权,重启和可选上界处理后,仅本轮最优路径包含的边,3,0.9497777777777778,-0.03612317489251493,0.03612317489251493,-0.03345811734361332,0.03345811734361332
GP 表达式自身产生的状态,100,历史全局最优路径,GP 源内重加权,重启和可选上界处理后,仅本轮最优路径包含的边,4,0.9813333333333334,-0.012943586553511945,0.012943586553511945,-0.025063817313377288,0.025063817313377288
GP 表达式自身产生的状态,100,历史全局最优路径,GP 源内重加权,重启和可选上界处理后,仅本轮最优路径包含的边,5,0.9282222222222223,-0.05196649864431309,0.05196649864431309,-0.038959233019698565,0.038959233019698565
GP 表达式自身产生的状态,100,历史全局最优路径,GP 源内重加权,重启和可选上界处理后,仅本轮最优路径包含的边,6,0.978,-0.015101113099956634,0.015101113099956634,-0.026592814843807062,0.026592814843807062
GP 表达式自身产生的状态,100,历史全局最优路径,GP 源内重加权,重启和可选上界处理后,仅本轮最优路径包含的边,7,0.9224444444444444,-0.05577349595920092,0.05577349595920092,-0.032702476880183545,0.032702476880183545
GP 表达式自身产生的状态,100,历史全局最优路径,GP 源内重加权,重启和可选上界处理后,其他候选弧,0,0.9682222222222223,0.0,0.0,0.0,0.0
GP 表达式自身产生的状态,100,历史全局最优路径,GP 源内重加权,重启和可选上界处理后,其他候选弧,1,0.9628888888888887,0.0,0.0,0.0,0.0
GP 表达式自身产生的状态,100,历史全局最优路径,GP 源内重加权,重启和可选上界处理后,其他候选弧,2,0.98,0.0,0.0,0.0,0.0
GP 表达式自身产生的状态,100,历史全局最优路径,GP 源内重加权,重启和可选上界处理后,其他候选弧,3,0.9497777777777778,0.0,0.0,0.0,0.0
GP 表达式自身产生的状态,100,历史全局最优路径,GP 源内重加权,重启和可选上界处理后,其他候选弧,4,0.9813333333333334,0.0,0.0,0.0,0.0
GP 表达式自身产生的状态,100,历史全局最优路径,GP 源内重加权,重启和可选上界处理后,其他候选弧,5,0.9282222222222223,0.0,0.0,0.0,0.0
GP 表达式自身产生的状态,100,历史全局最优路径,GP 源内重加权,重启和可选上界处理后,其他候选弧,6,0.978,0.0,0.0,0.0,0.0
GP 表达式自身产生的状态,100,历史全局最优路径,GP 源内重加权,重启和可选上界处理后,其他候选弧,7,0.9224444444444444,0.0,0.0,0.0,0.0
GP 表达式自身产生的状态,100,历史全局最优路径,来源内均匀沉积,更新前,两条来源路径共有边,0,0.9682222222222223,0.0,0.0,0.0,0.0
GP 表达式自身产生的状态,100,历史全局最优路径,来源内均匀沉积,更新前,两条来源路径共有边,1,0.9628888888888887,0.0,0.0,0.0,0.0
GP 表达式自身产生的状态,100,历史全局最优路径,来源内均匀沉积,更新前,两条来源路径共有边,2,0.98,0.0,0.0,0.0,0.0
GP 表达式自身产生的状态,100,历史全局最优路径,来源内均匀沉积,更新前,两条来源路径共有边,3,0.9497777777777778,0.0,0.0,0.0,0.0
GP 表达式自身产生的状态,100,历史全局最优路径,来源内均匀沉积,更新前,两条来源路径共有边,4,0.9813333333333334,0.0,0.0,0.0,0.0
GP 表达式自身产生的状态,100,历史全局最优路径,来源内均匀沉积,更新前,两条来源路径共有边,5,0.9282222222222223,0.0,0.0,0.0,0.0
GP 表达式自身产生的状态,100,历史全局最优路径,来源内均匀沉积,更新前,两条来源路径共有边,6,0.978,0.0,0.0,0.0,0.0
GP 表达式自身产生的状态,100,历史全局最优路径,来源内均匀沉积,更新前,两条来源路径共有边,7,0.9224444444444444,0.0,0.0,0.0,0.0
GP 表达式自身产生的状态,100,历史全局最优路径,来源内均匀沉积,更新前,仅历史来源路径包含的边,0,0.9682222222222223,0.0,0.0,0.0,0.0
GP 表达式自身产生的状态,100,历史全局最优路径,来源内均匀沉积,更新前,仅历史来源路径包含的边,1,0.9628888888888887,0.0,0.0,0.0,0.0
GP 表达式自身产生的状态,100,历史全局最优路径,来源内均匀沉积,更新前,仅历史来源路径包含的边,2,0.98,0.0,0.0,0.0,0.0
GP 表达式自身产生的状态,100,历史全局最优路径,来源内均匀沉积,更新前,仅历史来源路径包含的边,3,0.9497777777777778,0.0,0.0,0.0,0.0
GP 表达式自身产生的状态,100,历史全局最优路径,来源内均匀沉积,更新前,仅历史来源路径包含的边,4,0.9813333333333334,0.0,0.0,0.0,0.0
GP 表达式自身产生的状态,100,历史全局最优路径,来源内均匀沉积,更新前,仅历史来源路径包含的边,5,0.9282222222222223,0.0,0.0,0.0,0.0
GP 表达式自身产生的状态,100,历史全局最优路径,来源内均匀沉积,更新前,仅历史来源路径包含的边,6,0.978,0.0,0.0,0.0,0.0
GP 表达式自身产生的状态,100,历史全局最优路径,来源内均匀沉积,更新前,仅历史来源路径包含的边,7,0.9224444444444444,0.0,0.0,0.0,0.0
GP 表达式自身产生的状态,100,历史全局最优路径,来源内均匀沉积,更新前,仅本轮最优路径包含的边,0,0.9682222222222223,0.0,0.0,0.0,0.0
GP 表达式自身产生的状态,100,历史全局最优路径,来源内均匀沉积,更新前,仅本轮最优路径包含的边,1,0.9628888888888887,0.0,0.0,0.0,0.0
GP 表达式自身产生的状态,100,历史全局最优路径,来源内均匀沉积,更新前,仅本轮最优路径包含的边,2,0.98,0.0,0.0,0.0,0.0
GP 表达式自身产生的状态,100,历史全局最优路径,来源内均匀沉积,更新前,仅本轮最优路径包含的边,3,0.9497777777777778,0.0,0.0,0.0,0.0
GP 表达式自身产生的状态,100,历史全局最优路径,来源内均匀沉积,更新前,仅本轮最优路径包含的边,4,0.9813333333333334,0.0,0.0,0.0,0.0
GP 表达式自身产生的状态,100,历史全局最优路径,来源内均匀沉积,更新前,仅本轮最优路径包含的边,5,0.9282222222222223,0.0,0.0,0.0,0.0
GP 表达式自身产生的状态,100,历史全局最优路径,来源内均匀沉积,更新前,仅本轮最优路径包含的边,6,0.978,0.0,0.0,0.0,0.0
GP 表达式自身产生的状态,100,历史全局最优路径,来源内均匀沉积,更新前,仅本轮最优路径包含的边,7,0.9224444444444444,0.0,0.0,0.0,0.0
GP 表达式自身产生的状态,100,历史全局最优路径,来源内均匀沉积,更新前,其他候选弧,0,0.9682222222222223,0.0,0.0,0.0,0.0
GP 表达式自身产生的状态,100,历史全局最优路径,来源内均匀沉积,更新前,其他候选弧,1,0.9628888888888887,0.0,0.0,0.0,0.0
GP 表达式自身产生的状态,100,历史全局最优路径,来源内均匀沉积,更新前,其他候选弧,2,0.98,0.0,0.0,0.0,0.0
GP 表达式自身产生的状态,100,历史全局最优路径,来源内均匀沉积,更新前,其他候选弧,3,0.9497777777777778,0.0,0.0,0.0,0.0
GP 表达式自身产生的状态,100,历史全局最优路径,来源内均匀沉积,更新前,其他候选弧,4,0.9813333333333334,0.0,0.0,0.0,0.0
GP 表达式自身产生的状态,100,历史全局最优路径,来源内均匀沉积,更新前,其他候选弧,5,0.9282222222222223,0.0,0.0,0.0,0.0
GP 表达式自身产生的状态,100,历史全局最优路径,来源内均匀沉积,更新前,其他候选弧,6,0.978,0.0,0.0,0.0,0.0
GP 表达式自身产生的状态,100,历史全局最优路径,来源内均匀沉积,更新前,其他候选弧,7,0.9224444444444444,0.0,0.0,0.0,0.0
GP 表达式自身产生的状态,100,历史全局最优路径,来源内均匀沉积,沉积后,两条来源路径共有边,0,0.9682222222222223,-2.0620522323242176e-09,2.985813973568792e-08,-1.4144890896961243e-10,1.8621293682224525e-09
GP 表达式自身产生的状态,100,历史全局最优路径,来源内均匀沉积,沉积后,两条来源路径共有边,1,0.9628888888888887,-1.7658329626682717e-08,2.2350889605040366e-08,-1.0740152011129125e-09,1.3687712323501991e-09
GP 表达式自身产生的状态,100,历史全局最优路径,来源内均匀沉积,沉积后,两条来源路径共有边,2,0.98,-4.1822633990182663e-10,1.514179411227213e-09,-2.6399811583595863e-11,9.414529291765953e-11
GP 表达式自身产生的状态,100,历史全局最优路径,来源内均匀沉积,沉积后,两条来源路径共有边,3,0.9497777777777778,-1.2370021363273657e-08,1.3557573132387578e-08,-7.734698612487757e-10,8.510800758000657e-10
GP 表达式自身产生的状态,100,历史全局最优路径,来源内均匀沉积,沉积后,两条来源路径共有边,4,0.9813333333333334,-2.2921143876236155e-08,2.2921143876236155e-08,-1.4276570506610512e-09,1.4276570506610512e-09
GP 表达式自身产生的状态,100,历史全局最优路径,来源内均匀沉积,沉积后,两条来源路径共有边,5,0.9282222222222223,-1.5799329353420345e-08,1.7102654429704635e-08,-1.036158897297919e-09,1.1179217895451593e-09
GP 表达式自身产生的状态,100,历史全局最优路径,来源内均匀沉积,沉积后,两条来源路径共有边,6,0.978,-2.312956583045475e-09,3.013549860730633e-08,-1.4091813484191902e-10,1.8602828879781873e-09
GP 表达式自身产生的状态,100,历史全局最优路径,来源内均匀沉积,沉积后,两条来源路径共有边,7,0.9224444444444444,-6.276872903933141e-08,6.276872903933141e-08,-4.1234821318710644e-09,4.1234821318710644e-09
GP 表达式自身产生的状态,100,历史全局最优路径,来源内均匀沉积,沉积后,仅历史来源路径包含的边,0,0.9682222222222223,0.031777777803459493,0.031777777803459493,0.053246816262192014,0.053246816262192014
GP 表达式自身产生的状态,100,历史全局最优路径,来源内均匀沉积,沉积后,仅历史来源路径包含的边,1,0.9628888888888887,0.03711111132001125,0.03711111132001125,0.0457147580220945,0.0457147580220945
GP 表达式自身产生的状态,100,历史全局最优路径,来源内均匀沉积,沉积后,仅历史来源路径包含的边,2,0.98,0.019999999750658703,0.019999999750658703,0.03343378452486481,0.03343378452486481
GP 表达式自身产生的状态,100,历史全局最优路径,来源内均匀沉积,沉积后,仅历史来源路径包含的边,3,0.9497777777777778,0.050222222533276906,0.050222222533276906,0.046004211641290996,0.046004211641290996
GP 表达式自身产生的状态,100,历史全局最优路径,来源内均匀沉积,沉积后,仅历史来源路径包含的边,4,0.9813333333333334,0.018666666229987097,0.018666666229987097,0.03412583448246428,0.03412583448246428
GP 表达式自身产生的状态,100,历史全局最优路径,来源内均匀沉积,沉积后,仅历史来源路径包含的边,5,0.9282222222222223,0.07177777727523965,0.07177777727523965,0.053813593760446046,0.053813593760446046
GP 表达式自身产生的状态,100,历史全局最优路径,来源内均匀沉积,沉积后,仅历史来源路径包含的边,6,0.978,0.022000000180889785,0.022000000180889785,0.0406793705904629,0.0406793705904629
GP 表达式自身产生的状态,100,历史全局最优路径,来源内均匀沉积,沉积后,仅历史来源路径包含的边,7,0.9224444444444444,0.07755555293768226,0.07755555293768226,0.04606895945607245,0.04606895945607245
GP 表达式自身产生的状态,100,历史全局最优路径,来源内均匀沉积,沉积后,仅本轮最优路径包含的边,0,0.9682222222222223,-0.03177777736593867,0.03177777736593867,-0.0532468155362925,0.0532468155362925
GP 表达式自身产生的状态,100,历史全局最优路径,来源内均匀沉积,沉积后,仅本轮最优路径包含的边,1,0.9628888888888887,-0.03711111027382055,0.03711111027382055,-0.04571475697852475,0.04571475697852475
GP 表达式自身产生的状态,100,历史全局最优路径,来源内均匀沉积,沉积后,仅本轮最优路径包含的边,2,0.98,-0.019999999749386006,0.019999999749386006,-0.03343378407230824,0.03343378407230824
GP 表达式自身产生的状态,100,历史全局最优路径,来源内均匀沉积,沉积后,仅本轮最优路径包含的边,3,0.9497777777777778,-0.05022222386113539,0.05022222386113539,-0.04600421280216652,0.04600421280216652
GP 表达式自身产生的状态,100,历史全局最优路径,来源内均匀沉积,沉积后,仅本轮最优路径包含的边,4,0.9813333333333334,-0.018666666819256966,0.018666666819256966,-0.03412583666431831,0.03412583666431831
GP 表达式自身产生的状态,100,历史全局最优路径,来源内均匀沉积,沉积后,仅本轮最优路径包含的边,5,0.9282222222222223,-0.07177777917913943,0.07177777917913943,-0.05381359405522371,0.05381359405522371
GP 表达式自身产生的状态,100,历史全局最优路径,来源内均匀沉积,沉积后,仅本轮最优路径包含的边,6,0.978,-0.022000000183385937,0.022000000183385937,-0.04067936968765553,0.04067936968765553
GP 表达式自身产生的状态,100,历史全局最优路径,来源内均匀沉积,沉积后,仅本轮最优路径包含的边,7,0.9224444444444444,-0.07755555870042757,0.07755555870042757,-0.04606896221967226,0.04606896221967226
GP 表达式自身产生的状态,100,历史全局最优路径,来源内均匀沉积,沉积后,其他候选弧,0,0.9682222222222223,0.0,0.0,0.0,0.0
GP 表达式自身产生的状态,100,历史全局最优路径,来源内均匀沉积,沉积后,其他候选弧,1,0.9628888888888887,0.0,0.0,0.0,0.0
GP 表达式自身产生的状态,100,历史全局最优路径,来源内均匀沉积,沉积后,其他候选弧,2,0.98,0.0,0.0,0.0,0.0
GP 表达式自身产生的状态,100,历史全局最优路径,来源内均匀沉积,沉积后,其他候选弧,3,0.9497777777777778,0.0,0.0,0.0,0.0
GP 表达式自身产生的状态,100,历史全局最优路径,来源内均匀沉积,沉积后,其他候选弧,4,0.9813333333333334,0.0,0.0,0.0,0.0
GP 表达式自身产生的状态,100,历史全局最优路径,来源内均匀沉积,沉积后,其他候选弧,5,0.9282222222222223,0.0,0.0,0.0,0.0
GP 表达式自身产生的状态,100,历史全局最优路径,来源内均匀沉积,沉积后,其他候选弧,6,0.978,0.0,0.0,0.0,0.0
GP 表达式自身产生的状态,100,历史全局最优路径,来源内均匀沉积,沉积后,其他候选弧,7,0.9224444444444444,0.0,0.0,0.0,0.0
GP 表达式自身产生的状态,100,历史全局最优路径,来源内均匀沉积,蒸发和下界保护后,两条来源路径共有边,0,0.9682222222222223,0.0,0.0,0.0,0.0
GP 表达式自身产生的状态,100,历史全局最优路径,来源内均匀沉积,蒸发和下界保护后,两条来源路径共有边,1,0.9628888888888887,0.0,0.0,0.0,0.0
GP 表达式自身产生的状态,100,历史全局最优路径,来源内均匀沉积,蒸发和下界保护后,两条来源路径共有边,2,0.98,0.0,0.0,0.0,0.0
GP 表达式自身产生的状态,100,历史全局最优路径,来源内均匀沉积,蒸发和下界保护后,两条来源路径共有边,3,0.9497777777777778,0.0,0.0,0.0,0.0
GP 表达式自身产生的状态,100,历史全局最优路径,来源内均匀沉积,蒸发和下界保护后,两条来源路径共有边,4,0.9813333333333334,0.0,0.0,0.0,0.0
GP 表达式自身产生的状态,100,历史全局最优路径,来源内均匀沉积,蒸发和下界保护后,两条来源路径共有边,5,0.9282222222222223,0.0,0.0,0.0,0.0
GP 表达式自身产生的状态,100,历史全局最优路径,来源内均匀沉积,蒸发和下界保护后,两条来源路径共有边,6,0.978,0.0,0.0,0.0,0.0
GP 表达式自身产生的状态,100,历史全局最优路径,来源内均匀沉积,蒸发和下界保护后,两条来源路径共有边,7,0.9224444444444444,0.0,0.0,0.0,0.0
GP 表达式自身产生的状态,100,历史全局最优路径,来源内均匀沉积,蒸发和下界保护后,仅历史来源路径包含的边,0,0.9682222222222223,0.0,0.0,0.0,0.0
GP 表达式自身产生的状态,100,历史全局最优路径,来源内均匀沉积,蒸发和下界保护后,仅历史来源路径包含的边,1,0.9628888888888887,0.0,0.0,0.0,0.0
GP 表达式自身产生的状态,100,历史全局最优路径,来源内均匀沉积,蒸发和下界保护后,仅历史来源路径包含的边,2,0.98,0.0,0.0,0.0,0.0
GP 表达式自身产生的状态,100,历史全局最优路径,来源内均匀沉积,蒸发和下界保护后,仅历史来源路径包含的边,3,0.9497777777777778,0.0,0.0,0.0,0.0
GP 表达式自身产生的状态,100,历史全局最优路径,来源内均匀沉积,蒸发和下界保护后,仅历史来源路径包含的边,4,0.9813333333333334,0.0,0.0,0.0,0.0
GP 表达式自身产生的状态,100,历史全局最优路径,来源内均匀沉积,蒸发和下界保护后,仅历史来源路径包含的边,5,0.9282222222222223,0.0,0.0,0.0,0.0
GP 表达式自身产生的状态,100,历史全局最优路径,来源内均匀沉积,蒸发和下界保护后,仅历史来源路径包含的边,6,0.978,0.0,0.0,0.0,0.0
GP 表达式自身产生的状态,100,历史全局最优路径,来源内均匀沉积,蒸发和下界保护后,仅历史来源路径包含的边,7,0.9224444444444444,0.0,0.0,0.0,0.0
GP 表达式自身产生的状态,100,历史全局最优路径,来源内均匀沉积,蒸发和下界保护后,仅本轮最优路径包含的边,0,0.9682222222222223,0.0,0.0,0.0,0.0
GP 表达式自身产生的状态,100,历史全局最优路径,来源内均匀沉积,蒸发和下界保护后,仅本轮最优路径包含的边,1,0.9628888888888887,0.0,0.0,0.0,0.0
GP 表达式自身产生的状态,100,历史全局最优路径,来源内均匀沉积,蒸发和下界保护后,仅本轮最优路径包含的边,2,0.98,0.0,0.0,0.0,0.0
GP 表达式自身产生的状态,100,历史全局最优路径,来源内均匀沉积,蒸发和下界保护后,仅本轮最优路径包含的边,3,0.9497777777777778,0.0,0.0,0.0,0.0
GP 表达式自身产生的状态,100,历史全局最优路径,来源内均匀沉积,蒸发和下界保护后,仅本轮最优路径包含的边,4,0.9813333333333334,0.0,0.0,0.0,0.0
GP 表达式自身产生的状态,100,历史全局最优路径,来源内均匀沉积,蒸发和下界保护后,仅本轮最优路径包含的边,5,0.9282222222222223,0.0,0.0,0.0,0.0
GP 表达式自身产生的状态,100,历史全局最优路径,来源内均匀沉积,蒸发和下界保护后,仅本轮最优路径包含的边,6,0.978,0.0,0.0,0.0,0.0
GP 表达式自身产生的状态,100,历史全局最优路径,来源内均匀沉积,蒸发和下界保护后,仅本轮最优路径包含的边,7,0.9224444444444444,0.0,0.0,0.0,0.0
GP 表达式自身产生的状态,100,历史全局最优路径,来源内均匀沉积,蒸发和下界保护后,其他候选弧,0,0.9682222222222223,0.0,0.0,0.0,0.0
GP 表达式自身产生的状态,100,历史全局最优路径,来源内均匀沉积,蒸发和下界保护后,其他候选弧,1,0.9628888888888887,0.0,0.0,0.0,0.0
GP 表达式自身产生的状态,100,历史全局最优路径,来源内均匀沉积,蒸发和下界保护后,其他候选弧,2,0.98,0.0,0.0,0.0,0.0
GP 表达式自身产生的状态,100,历史全局最优路径,来源内均匀沉积,蒸发和下界保护后,其他候选弧,3,0.9497777777777778,0.0,0.0,0.0,0.0
GP 表达式自身产生的状态,100,历史全局最优路径,来源内均匀沉积,蒸发和下界保护后,其他候选弧,4,0.9813333333333334,0.0,0.0,0.0,0.0
GP 表达式自身产生的状态,100,历史全局最优路径,来源内均匀沉积,蒸发和下界保护后,其他候选弧,5,0.9282222222222223,0.0,0.0,0.0,0.0
GP 表达式自身产生的状态,100,历史全局最优路径,来源内均匀沉积,蒸发和下界保护后,其他候选弧,6,0.978,0.0,0.0,0.0,0.0
GP 表达式自身产生的状态,100,历史全局最优路径,来源内均匀沉积,蒸发和下界保护后,其他候选弧,7,0.9224444444444444,0.0,0.0,0.0,0.0
GP 表达式自身产生的状态,100,历史全局最优路径,来源内均匀沉积,重启和可选上界处理后,两条来源路径共有边,0,0.9682222222222223,-2.0620522323242176e-09,2.985813973568792e-08,-1.4144890896961243e-10,1.8621293682224525e-09
GP 表达式自身产生的状态,100,历史全局最优路径,来源内均匀沉积,重启和可选上界处理后,两条来源路径共有边,1,0.9628888888888887,-1.7658329626682717e-08,2.2350889605040366e-08,-1.0740152011129125e-09,1.3687712323501991e-09
GP 表达式自身产生的状态,100,历史全局最优路径,来源内均匀沉积,重启和可选上界处理后,两条来源路径共有边,2,0.98,-4.1822633990182663e-10,1.514179411227213e-09,-2.6399811583595863e-11,9.414529291765953e-11
GP 表达式自身产生的状态,100,历史全局最优路径,来源内均匀沉积,重启和可选上界处理后,两条来源路径共有边,3,0.9497777777777778,-1.2370021363273657e-08,1.3557573132387578e-08,-7.734698612487757e-10,8.510800758000657e-10
GP 表达式自身产生的状态,100,历史全局最优路径,来源内均匀沉积,重启和可选上界处理后,两条来源路径共有边,4,0.9813333333333334,-2.2921143876236155e-08,2.2921143876236155e-08,-1.4276570506610512e-09,1.4276570506610512e-09
GP 表达式自身产生的状态,100,历史全局最优路径,来源内均匀沉积,重启和可选上界处理后,两条来源路径共有边,5,0.9282222222222223,-1.5799329353420345e-08,1.7102654429704635e-08,-1.036158897297919e-09,1.1179217895451593e-09
GP 表达式自身产生的状态,100,历史全局最优路径,来源内均匀沉积,重启和可选上界处理后,两条来源路径共有边,6,0.978,-2.312956583045475e-09,3.013549860730633e-08,-1.4091813484191902e-10,1.8602828879781873e-09
GP 表达式自身产生的状态,100,历史全局最优路径,来源内均匀沉积,重启和可选上界处理后,两条来源路径共有边,7,0.9224444444444444,-6.276872903933141e-08,6.276872903933141e-08,-4.1234821318710644e-09,4.1234821318710644e-09
GP 表达式自身产生的状态,100,历史全局最优路径,来源内均匀沉积,重启和可选上界处理后,仅历史来源路径包含的边,0,0.9682222222222223,0.031777777803459493,0.031777777803459493,0.053246816262192014,0.053246816262192014
GP 表达式自身产生的状态,100,历史全局最优路径,来源内均匀沉积,重启和可选上界处理后,仅历史来源路径包含的边,1,0.9628888888888887,0.03711111132001125,0.03711111132001125,0.0457147580220945,0.0457147580220945
GP 表达式自身产生的状态,100,历史全局最优路径,来源内均匀沉积,重启和可选上界处理后,仅历史来源路径包含的边,2,0.98,0.019999999750658703,0.019999999750658703,0.03343378452486481,0.03343378452486481
GP 表达式自身产生的状态,100,历史全局最优路径,来源内均匀沉积,重启和可选上界处理后,仅历史来源路径包含的边,3,0.9497777777777778,0.050222222533276906,0.050222222533276906,0.046004211641290996,0.046004211641290996
GP 表达式自身产生的状态,100,历史全局最优路径,来源内均匀沉积,重启和可选上界处理后,仅历史来源路径包含的边,4,0.9813333333333334,0.018666666229987097,0.018666666229987097,0.03412583448246428,0.03412583448246428
GP 表达式自身产生的状态,100,历史全局最优路径,来源内均匀沉积,重启和可选上界处理后,仅历史来源路径包含的边,5,0.9282222222222223,0.07177777727523965,0.07177777727523965,0.053813593760446046,0.053813593760446046
GP 表达式自身产生的状态,100,历史全局最优路径,来源内均匀沉积,重启和可选上界处理后,仅历史来源路径包含的边,6,0.978,0.022000000180889785,0.022000000180889785,0.0406793705904629,0.0406793705904629
GP 表达式自身产生的状态,100,历史全局最优路径,来源内均匀沉积,重启和可选上界处理后,仅历史来源路径包含的边,7,0.9224444444444444,0.07755555293768226,0.07755555293768226,0.04606895945607245,0.04606895945607245
GP 表达式自身产生的状态,100,历史全局最优路径,来源内均匀沉积,重启和可选上界处理后,仅本轮最优路径包含的边,0,0.9682222222222223,-0.03177777736593867,0.03177777736593867,-0.0532468155362925,0.0532468155362925
GP 表达式自身产生的状态,100,历史全局最优路径,来源内均匀沉积,重启和可选上界处理后,仅本轮最优路径包含的边,1,0.9628888888888887,-0.03711111027382055,0.03711111027382055,-0.04571475697852475,0.04571475697852475
GP 表达式自身产生的状态,100,历史全局最优路径,来源内均匀沉积,重启和可选上界处理后,仅本轮最优路径包含的边,2,0.98,-0.019999999749386006,0.019999999749386006,-0.03343378407230824,0.03343378407230824
GP 表达式自身产生的状态,100,历史全局最优路径,来源内均匀沉积,重启和可选上界处理后,仅本轮最优路径包含的边,3,0.9497777777777778,-0.05022222386113539,0.05022222386113539,-0.04600421280216652,0.04600421280216652
GP 表达式自身产生的状态,100,历史全局最优路径,来源内均匀沉积,重启和可选上界处理后,仅本轮最优路径包含的边,4,0.9813333333333334,-0.018666666819256966,0.018666666819256966,-0.03412583666431831,0.03412583666431831
GP 表达式自身产生的状态,100,历史全局最优路径,来源内均匀沉积,重启和可选上界处理后,仅本轮最优路径包含的边,5,0.9282222222222223,-0.07177777917913943,0.07177777917913943,-0.05381359405522371,0.05381359405522371
GP 表达式自身产生的状态,100,历史全局最优路径,来源内均匀沉积,重启和可选上界处理后,仅本轮最优路径包含的边,6,0.978,-0.022000000183385937,0.022000000183385937,-0.04067936968765553,0.04067936968765553
GP 表达式自身产生的状态,100,历史全局最优路径,来源内均匀沉积,重启和可选上界处理后,仅本轮最优路径包含的边,7,0.9224444444444444,-0.07755555870042757,0.07755555870042757,-0.04606896221967226,0.04606896221967226
GP 表达式自身产生的状态,100,历史全局最优路径,来源内均匀沉积,重启和可选上界处理后,其他候选弧,0,0.9682222222222223,0.0,0.0,0.0,0.0
GP 表达式自身产生的状态,100,历史全局最优路径,来源内均匀沉积,重启和可选上界处理后,其他候选弧,1,0.9628888888888887,0.0,0.0,0.0,0.0
GP 表达式自身产生的状态,100,历史全局最优路径,来源内均匀沉积,重启和可选上界处理后,其他候选弧,2,0.98,0.0,0.0,0.0,0.0
GP 表达式自身产生的状态,100,历史全局最优路径,来源内均匀沉积,重启和可选上界处理后,其他候选弧,3,0.9497777777777778,0.0,0.0,0.0,0.0
GP 表达式自身产生的状态,100,历史全局最优路径,来源内均匀沉积,重启和可选上界处理后,其他候选弧,4,0.9813333333333334,0.0,0.0,0.0,0.0
GP 表达式自身产生的状态,100,历史全局最优路径,来源内均匀沉积,重启和可选上界处理后,其他候选弧,5,0.9282222222222223,0.0,0.0,0.0,0.0
GP 表达式自身产生的状态,100,历史全局最优路径,来源内均匀沉积,重启和可选上界处理后,其他候选弧,6,0.978,0.0,0.0,0.0,0.0
GP 表达式自身产生的状态,100,历史全局最优路径,来源内均匀沉积,重启和可选上界处理后,其他候选弧,7,0.9224444444444444,0.0,0.0,0.0,0.0
GP 表达式自身产生的状态,100,历史重启阶段最优路径,GP 源内重加权,更新前,两条来源路径共有边,0,0.9682222222222223,0.0,0.0,0.0,0.0
GP 表达式自身产生的状态,100,历史重启阶段最优路径,GP 源内重加权,更新前,两条来源路径共有边,1,0.9628888888888887,0.0,0.0,0.0,0.0
GP 表达式自身产生的状态,100,历史重启阶段最优路径,GP 源内重加权,更新前,两条来源路径共有边,2,0.98,0.0,0.0,0.0,0.0
GP 表达式自身产生的状态,100,历史重启阶段最优路径,GP 源内重加权,更新前,两条来源路径共有边,3,0.9497777777777778,0.0,0.0,0.0,0.0
GP 表达式自身产生的状态,100,历史重启阶段最优路径,GP 源内重加权,更新前,两条来源路径共有边,4,0.9813333333333334,0.0,0.0,0.0,0.0
GP 表达式自身产生的状态,100,历史重启阶段最优路径,GP 源内重加权,更新前,两条来源路径共有边,5,0.9282222222222223,0.0,0.0,0.0,0.0
GP 表达式自身产生的状态,100,历史重启阶段最优路径,GP 源内重加权,更新前,两条来源路径共有边,6,0.978,0.0,0.0,0.0,0.0
GP 表达式自身产生的状态,100,历史重启阶段最优路径,GP 源内重加权,更新前,两条来源路径共有边,7,0.9224444444444444,0.0,0.0,0.0,0.0
GP 表达式自身产生的状态,100,历史重启阶段最优路径,GP 源内重加权,更新前,仅历史来源路径包含的边,0,0.9682222222222223,0.0,0.0,0.0,0.0
GP 表达式自身产生的状态,100,历史重启阶段最优路径,GP 源内重加权,更新前,仅历史来源路径包含的边,1,0.9628888888888887,0.0,0.0,0.0,0.0
GP 表达式自身产生的状态,100,历史重启阶段最优路径,GP 源内重加权,更新前,仅历史来源路径包含的边,2,0.98,0.0,0.0,0.0,0.0
GP 表达式自身产生的状态,100,历史重启阶段最优路径,GP 源内重加权,更新前,仅历史来源路径包含的边,3,0.9497777777777778,0.0,0.0,0.0,0.0
GP 表达式自身产生的状态,100,历史重启阶段最优路径,GP 源内重加权,更新前,仅历史来源路径包含的边,4,0.9813333333333334,0.0,0.0,0.0,0.0
GP 表达式自身产生的状态,100,历史重启阶段最优路径,GP 源内重加权,更新前,仅历史来源路径包含的边,5,0.9282222222222223,0.0,0.0,0.0,0.0
GP 表达式自身产生的状态,100,历史重启阶段最优路径,GP 源内重加权,更新前,仅历史来源路径包含的边,6,0.978,0.0,0.0,0.0,0.0
GP 表达式自身产生的状态,100,历史重启阶段最优路径,GP 源内重加权,更新前,仅历史来源路径包含的边,7,0.9224444444444444,0.0,0.0,0.0,0.0
GP 表达式自身产生的状态,100,历史重启阶段最优路径,GP 源内重加权,更新前,仅本轮最优路径包含的边,0,0.9682222222222223,0.0,0.0,0.0,0.0
GP 表达式自身产生的状态,100,历史重启阶段最优路径,GP 源内重加权,更新前,仅本轮最优路径包含的边,1,0.9628888888888887,0.0,0.0,0.0,0.0
GP 表达式自身产生的状态,100,历史重启阶段最优路径,GP 源内重加权,更新前,仅本轮最优路径包含的边,2,0.98,0.0,0.0,0.0,0.0
GP 表达式自身产生的状态,100,历史重启阶段最优路径,GP 源内重加权,更新前,仅本轮最优路径包含的边,3,0.9497777777777778,0.0,0.0,0.0,0.0
GP 表达式自身产生的状态,100,历史重启阶段最优路径,GP 源内重加权,更新前,仅本轮最优路径包含的边,4,0.9813333333333334,0.0,0.0,0.0,0.0
GP 表达式自身产生的状态,100,历史重启阶段最优路径,GP 源内重加权,更新前,仅本轮最优路径包含的边,5,0.9282222222222223,0.0,0.0,0.0,0.0
GP 表达式自身产生的状态,100,历史重启阶段最优路径,GP 源内重加权,更新前,仅本轮最优路径包含的边,6,0.978,0.0,0.0,0.0,0.0
GP 表达式自身产生的状态,100,历史重启阶段最优路径,GP 源内重加权,更新前,仅本轮最优路径包含的边,7,0.9224444444444444,0.0,0.0,0.0,0.0
GP 表达式自身产生的状态,100,历史重启阶段最优路径,GP 源内重加权,更新前,其他候选弧,0,0.9682222222222223,0.0,0.0,0.0,0.0
GP 表达式自身产生的状态,100,历史重启阶段最优路径,GP 源内重加权,更新前,其他候选弧,1,0.9628888888888887,0.0,0.0,0.0,0.0
GP 表达式自身产生的状态,100,历史重启阶段最优路径,GP 源内重加权,更新前,其他候选弧,2,0.98,0.0,0.0,0.0,0.0
GP 表达式自身产生的状态,100,历史重启阶段最优路径,GP 源内重加权,更新前,其他候选弧,3,0.9497777777777778,0.0,0.0,0.0,0.0
GP 表达式自身产生的状态,100,历史重启阶段最优路径,GP 源内重加权,更新前,其他候选弧,4,0.9813333333333334,0.0,0.0,0.0,0.0
GP 表达式自身产生的状态,100,历史重启阶段最优路径,GP 源内重加权,更新前,其他候选弧,5,0.9282222222222223,0.0,0.0,0.0,0.0
GP 表达式自身产生的状态,100,历史重启阶段最优路径,GP 源内重加权,更新前,其他候选弧,6,0.978,0.0,0.0,0.0,0.0
GP 表达式自身产生的状态,100,历史重启阶段最优路径,GP 源内重加权,更新前,其他候选弧,7,0.9224444444444444,0.0,0.0,0.0,0.0
GP 表达式自身产生的状态,100,历史重启阶段最优路径,GP 源内重加权,沉积后,两条来源路径共有边,0,0.9682222222222223,5.233579803664819e-06,0.0039009590415787576,-2.973676521880239e-06,0.0002462509363818591
GP 表达式自身产生的状态,100,历史重启阶段最优路径,GP 源内重加权,沉积后,两条来源路径共有边,1,0.9628888888888887,-0.007413955656528904,0.007636858018020966,-0.0004648489024587622,0.0004784324516824407
GP 表达式自身产生的状态,100,历史重启阶段最优路径,GP 源内重加权,沉积后,两条来源路径共有边,2,0.98,-0.0014524256339099708,0.002657680363637406,-9.171392585522096e-05,0.00016654221851283016
GP 表达式自身产生的状态,100,历史重启阶段最优路径,GP 源内重加权,沉积后,两条来源路径共有边,3,0.9497777777777778,-0.003466590417617027,0.0044011096446618676,-0.00021912247146061296,0.0002778155364768855
GP 表达式自身产生的状态,100,历史重启阶段最优路径,GP 源内重加权,沉积后,两条来源路径共有边,4,0.9813333333333334,-0.0011845825221950919,0.002087219863315257,-7.789701824589087e-05,0.00013409295177178206
GP 表达式自身产生的状态,100,历史重启阶段最优路径,GP 源内重加权,沉积后,两条来源路径共有边,5,0.9282222222222223,-0.00456242164934447,0.007569716792752775,-0.0003161907757586463,0.0005138373772422494
GP 表达式自身产生的状态,100,历史重启阶段最优路径,GP 源内重加权,沉积后,两条来源路径共有边,6,0.978,-0.0027157287832231076,0.0027187279808243924,-0.0001721517519375913,0.00017234388791953308
GP 表达式自身产生的状态,100,历史重启阶段最优路径,GP 源内重加权,沉积后,两条来源路径共有边,7,0.9224444444444444,-0.0045388438891097015,0.004631705810950253,-0.00030679452709823625,0.0003125858589750419
GP 表达式自身产生的状态,100,历史重启阶段最优路径,GP 源内重加权,沉积后,仅历史来源路径包含的边,0,0.9682222222222223,0.023611348549258768,0.023611348549258768,0.03854960491353362,0.03854960491353362
GP 表达式自身产生的状态,100,历史重启阶段最优路径,GP 源内重加权,沉积后,仅历史来源路径包含的边,1,0.9628888888888887,0.031370150046226127,0.031370150046226127,0.03769259224845507,0.03769259224845507
GP 表达式自身产生的状态,100,历史重启阶段最优路径,GP 源内重加权,沉积后,仅历史来源路径包含的边,2,0.98,0.015528974381129332,0.015528974381129332,0.025669409070919594,0.025669409070919594
GP 表达式自身产生的状态,100,历史重启阶段最优路径,GP 源内重加权,沉积后,仅历史来源路径包含的边,3,0.9497777777777778,0.03958969629741602,0.03958969629741602,0.03484041114141901,0.03484041114141901
GP 表达式自身产生的状态,100,历史重启阶段最优路径,GP 源内重加权,沉积后,仅历史来源路径包含的边,4,0.9813333333333334,0.014127233112954059,0.014127233112954059,0.02511981666603076,0.02511981666603076
GP 表达式自身产生的状态,100,历史重启阶段最优路径,GP 源内重加权,沉积后,仅历史来源路径包含的边,5,0.9282222222222223,0.05652967178484422,0.05652967178484422,0.04156750484473697,0.04156750484473697
GP 表达式自身产生的状态,100,历史重启阶段最优路径,GP 源内重加权,沉积后,仅历史来源路径包含的边,6,0.978,0.017816311144677948,0.017816311144677948,0.0342317770226021,0.0342317770226021
GP 表达式自身产生的状态,100,历史重启阶段最优路径,GP 源内重加权,沉积后,仅历史来源路径包含的边,7,0.9224444444444444,0.060313282538205795,0.060313282538205795,0.03539451923004012,0.03539451923004012
GP 表达式自身产生的状态,100,历史重启阶段最优路径,GP 源内重加权,沉积后,仅本轮最优路径包含的边,0,0.9682222222222223,-0.023616174718959784,0.023616174718959784,-0.04013857207279382,0.04013857207279382
GP 表达式自身产生的状态,100,历史重启阶段最优路径,GP 源内重加权,沉积后,仅本轮最优路径包含的边,1,0.9628888888888887,-0.02395518543198184,0.02395518543198184,-0.030231698294753435,0.030231698294753435
GP 表达式自身产生的状态,100,历史重启阶段最优路径,GP 源内重加权,沉积后,仅本轮最优路径包含的边,2,0.98,-0.014077065075355758,0.014077065075355758,-0.023717083122309482,0.023717083122309482
GP 表达式自身产生的状态,100,历史重启阶段最优路径,GP 源内重加权,沉积后,仅本轮最优路径包含的边,3,0.9497777777777778,-0.03612317489251493,0.03612317489251493,-0.03345811734361332,0.03345811734361332
GP 表达式自身产生的状态,100,历史重启阶段最优路径,GP 源内重加权,沉积后,仅本轮最优路径包含的边,4,0.9813333333333334,-0.012943586553511945,0.012943586553511945,-0.025063817313377288,0.025063817313377288
GP 表达式自身产生的状态,100,历史重启阶段最优路径,GP 源内重加权,沉积后,仅本轮最优路径包含的边,5,0.9282222222222223,-0.05196649864431309,0.05196649864431309,-0.038959233019698565,0.038959233019698565
GP 表达式自身产生的状态,100,历史重启阶段最优路径,GP 源内重加权,沉积后,仅本轮最优路径包含的边,6,0.978,-0.015101113099956634,0.015101113099956634,-0.026592814843807062,0.026592814843807062
GP 表达式自身产生的状态,100,历史重启阶段最优路径,GP 源内重加权,沉积后,仅本轮最优路径包含的边,7,0.9224444444444444,-0.05577349595920092,0.05577349595920092,-0.032702476880183545,0.032702476880183545
GP 表达式自身产生的状态,100,历史重启阶段最优路径,GP 源内重加权,沉积后,其他候选弧,0,0.9682222222222223,0.0,0.0,0.0,0.0
GP 表达式自身产生的状态,100,历史重启阶段最优路径,GP 源内重加权,沉积后,其他候选弧,1,0.9628888888888887,0.0,0.0,0.0,0.0
GP 表达式自身产生的状态,100,历史重启阶段最优路径,GP 源内重加权,沉积后,其他候选弧,2,0.98,0.0,0.0,0.0,0.0
GP 表达式自身产生的状态,100,历史重启阶段最优路径,GP 源内重加权,沉积后,其他候选弧,3,0.9497777777777778,0.0,0.0,0.0,0.0
GP 表达式自身产生的状态,100,历史重启阶段最优路径,GP 源内重加权,沉积后,其他候选弧,4,0.9813333333333334,0.0,0.0,0.0,0.0
GP 表达式自身产生的状态,100,历史重启阶段最优路径,GP 源内重加权,沉积后,其他候选弧,5,0.9282222222222223,0.0,0.0,0.0,0.0
GP 表达式自身产生的状态,100,历史重启阶段最优路径,GP 源内重加权,沉积后,其他候选弧,6,0.978,0.0,0.0,0.0,0.0
GP 表达式自身产生的状态,100,历史重启阶段最优路径,GP 源内重加权,沉积后,其他候选弧,7,0.9224444444444444,0.0,0.0,0.0,0.0
GP 表达式自身产生的状态,100,历史重启阶段最优路径,GP 源内重加权,蒸发和下界保护后,两条来源路径共有边,0,0.9682222222222223,0.0,0.0,0.0,0.0
GP 表达式自身产生的状态,100,历史重启阶段最优路径,GP 源内重加权,蒸发和下界保护后,两条来源路径共有边,1,0.9628888888888887,0.0,0.0,0.0,0.0
GP 表达式自身产生的状态,100,历史重启阶段最优路径,GP 源内重加权,蒸发和下界保护后,两条来源路径共有边,2,0.98,0.0,0.0,0.0,0.0
GP 表达式自身产生的状态,100,历史重启阶段最优路径,GP 源内重加权,蒸发和下界保护后,两条来源路径共有边,3,0.9497777777777778,0.0,0.0,0.0,0.0
GP 表达式自身产生的状态,100,历史重启阶段最优路径,GP 源内重加权,蒸发和下界保护后,两条来源路径共有边,4,0.9813333333333334,0.0,0.0,0.0,0.0
GP 表达式自身产生的状态,100,历史重启阶段最优路径,GP 源内重加权,蒸发和下界保护后,两条来源路径共有边,5,0.9282222222222223,0.0,0.0,0.0,0.0
GP 表达式自身产生的状态,100,历史重启阶段最优路径,GP 源内重加权,蒸发和下界保护后,两条来源路径共有边,6,0.978,0.0,0.0,0.0,0.0
GP 表达式自身产生的状态,100,历史重启阶段最优路径,GP 源内重加权,蒸发和下界保护后,两条来源路径共有边,7,0.9224444444444444,0.0,0.0,0.0,0.0
GP 表达式自身产生的状态,100,历史重启阶段最优路径,GP 源内重加权,蒸发和下界保护后,仅历史来源路径包含的边,0,0.9682222222222223,0.0,0.0,0.0,0.0
GP 表达式自身产生的状态,100,历史重启阶段最优路径,GP 源内重加权,蒸发和下界保护后,仅历史来源路径包含的边,1,0.9628888888888887,0.0,0.0,0.0,0.0
GP 表达式自身产生的状态,100,历史重启阶段最优路径,GP 源内重加权,蒸发和下界保护后,仅历史来源路径包含的边,2,0.98,0.0,0.0,0.0,0.0
GP 表达式自身产生的状态,100,历史重启阶段最优路径,GP 源内重加权,蒸发和下界保护后,仅历史来源路径包含的边,3,0.9497777777777778,0.0,0.0,0.0,0.0
GP 表达式自身产生的状态,100,历史重启阶段最优路径,GP 源内重加权,蒸发和下界保护后,仅历史来源路径包含的边,4,0.9813333333333334,0.0,0.0,0.0,0.0
GP 表达式自身产生的状态,100,历史重启阶段最优路径,GP 源内重加权,蒸发和下界保护后,仅历史来源路径包含的边,5,0.9282222222222223,0.0,0.0,0.0,0.0
GP 表达式自身产生的状态,100,历史重启阶段最优路径,GP 源内重加权,蒸发和下界保护后,仅历史来源路径包含的边,6,0.978,0.0,0.0,0.0,0.0
GP 表达式自身产生的状态,100,历史重启阶段最优路径,GP 源内重加权,蒸发和下界保护后,仅历史来源路径包含的边,7,0.9224444444444444,0.0,0.0,0.0,0.0
GP 表达式自身产生的状态,100,历史重启阶段最优路径,GP 源内重加权,蒸发和下界保护后,仅本轮最优路径包含的边,0,0.9682222222222223,0.0,0.0,0.0,0.0
GP 表达式自身产生的状态,100,历史重启阶段最优路径,GP 源内重加权,蒸发和下界保护后,仅本轮最优路径包含的边,1,0.9628888888888887,0.0,0.0,0.0,0.0
GP 表达式自身产生的状态,100,历史重启阶段最优路径,GP 源内重加权,蒸发和下界保护后,仅本轮最优路径包含的边,2,0.98,0.0,0.0,0.0,0.0
GP 表达式自身产生的状态,100,历史重启阶段最优路径,GP 源内重加权,蒸发和下界保护后,仅本轮最优路径包含的边,3,0.9497777777777778,0.0,0.0,0.0,0.0
GP 表达式自身产生的状态,100,历史重启阶段最优路径,GP 源内重加权,蒸发和下界保护后,仅本轮最优路径包含的边,4,0.9813333333333334,0.0,0.0,0.0,0.0
GP 表达式自身产生的状态,100,历史重启阶段最优路径,GP 源内重加权,蒸发和下界保护后,仅本轮最优路径包含的边,5,0.9282222222222223,0.0,0.0,0.0,0.0
GP 表达式自身产生的状态,100,历史重启阶段最优路径,GP 源内重加权,蒸发和下界保护后,仅本轮最优路径包含的边,6,0.978,0.0,0.0,0.0,0.0
GP 表达式自身产生的状态,100,历史重启阶段最优路径,GP 源内重加权,蒸发和下界保护后,仅本轮最优路径包含的边,7,0.9224444444444444,0.0,0.0,0.0,0.0
GP 表达式自身产生的状态,100,历史重启阶段最优路径,GP 源内重加权,蒸发和下界保护后,其他候选弧,0,0.9682222222222223,0.0,0.0,0.0,0.0
GP 表达式自身产生的状态,100,历史重启阶段最优路径,GP 源内重加权,蒸发和下界保护后,其他候选弧,1,0.9628888888888887,0.0,0.0,0.0,0.0
GP 表达式自身产生的状态,100,历史重启阶段最优路径,GP 源内重加权,蒸发和下界保护后,其他候选弧,2,0.98,0.0,0.0,0.0,0.0
GP 表达式自身产生的状态,100,历史重启阶段最优路径,GP 源内重加权,蒸发和下界保护后,其他候选弧,3,0.9497777777777778,0.0,0.0,0.0,0.0
GP 表达式自身产生的状态,100,历史重启阶段最优路径,GP 源内重加权,蒸发和下界保护后,其他候选弧,4,0.9813333333333334,0.0,0.0,0.0,0.0
GP 表达式自身产生的状态,100,历史重启阶段最优路径,GP 源内重加权,蒸发和下界保护后,其他候选弧,5,0.9282222222222223,0.0,0.0,0.0,0.0
GP 表达式自身产生的状态,100,历史重启阶段最优路径,GP 源内重加权,蒸发和下界保护后,其他候选弧,6,0.978,0.0,0.0,0.0,0.0
GP 表达式自身产生的状态,100,历史重启阶段最优路径,GP 源内重加权,蒸发和下界保护后,其他候选弧,7,0.9224444444444444,0.0,0.0,0.0,0.0
GP 表达式自身产生的状态,100,历史重启阶段最优路径,GP 源内重加权,重启和可选上界处理后,两条来源路径共有边,0,0.9682222222222223,5.233579803664819e-06,0.0039009590415787576,-2.973676521880239e-06,0.0002462509363818591
GP 表达式自身产生的状态,100,历史重启阶段最优路径,GP 源内重加权,重启和可选上界处理后,两条来源路径共有边,1,0.9628888888888887,-0.007413955656528904,0.007636858018020966,-0.0004648489024587622,0.0004784324516824407
GP 表达式自身产生的状态,100,历史重启阶段最优路径,GP 源内重加权,重启和可选上界处理后,两条来源路径共有边,2,0.98,-0.0014524256339099708,0.002657680363637406,-9.171392585522096e-05,0.00016654221851283016
GP 表达式自身产生的状态,100,历史重启阶段最优路径,GP 源内重加权,重启和可选上界处理后,两条来源路径共有边,3,0.9497777777777778,-0.003466590417617027,0.0044011096446618676,-0.00021912247146061296,0.0002778155364768855
GP 表达式自身产生的状态,100,历史重启阶段最优路径,GP 源内重加权,重启和可选上界处理后,两条来源路径共有边,4,0.9813333333333334,-0.0011845825221950919,0.002087219863315257,-7.789701824589087e-05,0.00013409295177178206
GP 表达式自身产生的状态,100,历史重启阶段最优路径,GP 源内重加权,重启和可选上界处理后,两条来源路径共有边,5,0.9282222222222223,-0.00456242164934447,0.007569716792752775,-0.0003161907757586463,0.0005138373772422494
GP 表达式自身产生的状态,100,历史重启阶段最优路径,GP 源内重加权,重启和可选上界处理后,两条来源路径共有边,6,0.978,-0.0027157287832231076,0.0027187279808243924,-0.0001721517519375913,0.00017234388791953308
GP 表达式自身产生的状态,100,历史重启阶段最优路径,GP 源内重加权,重启和可选上界处理后,两条来源路径共有边,7,0.9224444444444444,-0.0045388438891097015,0.004631705810950253,-0.00030679452709823625,0.0003125858589750419
GP 表达式自身产生的状态,100,历史重启阶段最优路径,GP 源内重加权,重启和可选上界处理后,仅历史来源路径包含的边,0,0.9682222222222223,0.023611348549258768,0.023611348549258768,0.03854960491353362,0.03854960491353362
GP 表达式自身产生的状态,100,历史重启阶段最优路径,GP 源内重加权,重启和可选上界处理后,仅历史来源路径包含的边,1,0.9628888888888887,0.031370150046226127,0.031370150046226127,0.03769259224845507,0.03769259224845507
GP 表达式自身产生的状态,100,历史重启阶段最优路径,GP 源内重加权,重启和可选上界处理后,仅历史来源路径包含的边,2,0.98,0.015528974381129332,0.015528974381129332,0.025669409070919594,0.025669409070919594
GP 表达式自身产生的状态,100,历史重启阶段最优路径,GP 源内重加权,重启和可选上界处理后,仅历史来源路径包含的边,3,0.9497777777777778,0.03958969629741602,0.03958969629741602,0.03484041114141901,0.03484041114141901
GP 表达式自身产生的状态,100,历史重启阶段最优路径,GP 源内重加权,重启和可选上界处理后,仅历史来源路径包含的边,4,0.9813333333333334,0.014127233112954059,0.014127233112954059,0.02511981666603076,0.02511981666603076
GP 表达式自身产生的状态,100,历史重启阶段最优路径,GP 源内重加权,重启和可选上界处理后,仅历史来源路径包含的边,5,0.9282222222222223,0.05652967178484422,0.05652967178484422,0.04156750484473697,0.04156750484473697
GP 表达式自身产生的状态,100,历史重启阶段最优路径,GP 源内重加权,重启和可选上界处理后,仅历史来源路径包含的边,6,0.978,0.017816311144677948,0.017816311144677948,0.0342317770226021,0.0342317770226021
GP 表达式自身产生的状态,100,历史重启阶段最优路径,GP 源内重加权,重启和可选上界处理后,仅历史来源路径包含的边,7,0.9224444444444444,0.060313282538205795,0.060313282538205795,0.03539451923004012,0.03539451923004012
GP 表达式自身产生的状态,100,历史重启阶段最优路径,GP 源内重加权,重启和可选上界处理后,仅本轮最优路径包含的边,0,0.9682222222222223,-0.023616174718959784,0.023616174718959784,-0.04013857207279382,0.04013857207279382
GP 表达式自身产生的状态,100,历史重启阶段最优路径,GP 源内重加权,重启和可选上界处理后,仅本轮最优路径包含的边,1,0.9628888888888887,-0.02395518543198184,0.02395518543198184,-0.030231698294753435,0.030231698294753435
GP 表达式自身产生的状态,100,历史重启阶段最优路径,GP 源内重加权,重启和可选上界处理后,仅本轮最优路径包含的边,2,0.98,-0.014077065075355758,0.014077065075355758,-0.023717083122309482,0.023717083122309482
GP 表达式自身产生的状态,100,历史重启阶段最优路径,GP 源内重加权,重启和可选上界处理后,仅本轮最优路径包含的边,3,0.9497777777777778,-0.03612317489251493,0.03612317489251493,-0.03345811734361332,0.03345811734361332
GP 表达式自身产生的状态,100,历史重启阶段最优路径,GP 源内重加权,重启和可选上界处理后,仅本轮最优路径包含的边,4,0.9813333333333334,-0.012943586553511945,0.012943586553511945,-0.025063817313377288,0.025063817313377288
GP 表达式自身产生的状态,100,历史重启阶段最优路径,GP 源内重加权,重启和可选上界处理后,仅本轮最优路径包含的边,5,0.9282222222222223,-0.05196649864431309,0.05196649864431309,-0.038959233019698565,0.038959233019698565
GP 表达式自身产生的状态,100,历史重启阶段最优路径,GP 源内重加权,重启和可选上界处理后,仅本轮最优路径包含的边,6,0.978,-0.015101113099956634,0.015101113099956634,-0.026592814843807062,0.026592814843807062
GP 表达式自身产生的状态,100,历史重启阶段最优路径,GP 源内重加权,重启和可选上界处理后,仅本轮最优路径包含的边,7,0.9224444444444444,-0.05577349595920092,0.05577349595920092,-0.032702476880183545,0.032702476880183545
GP 表达式自身产生的状态,100,历史重启阶段最优路径,GP 源内重加权,重启和可选上界处理后,其他候选弧,0,0.9682222222222223,0.0,0.0,0.0,0.0
GP 表达式自身产生的状态,100,历史重启阶段最优路径,GP 源内重加权,重启和可选上界处理后,其他候选弧,1,0.9628888888888887,0.0,0.0,0.0,0.0
GP 表达式自身产生的状态,100,历史重启阶段最优路径,GP 源内重加权,重启和可选上界处理后,其他候选弧,2,0.98,0.0,0.0,0.0,0.0
GP 表达式自身产生的状态,100,历史重启阶段最优路径,GP 源内重加权,重启和可选上界处理后,其他候选弧,3,0.9497777777777778,0.0,0.0,0.0,0.0
GP 表达式自身产生的状态,100,历史重启阶段最优路径,GP 源内重加权,重启和可选上界处理后,其他候选弧,4,0.9813333333333334,0.0,0.0,0.0,0.0
GP 表达式自身产生的状态,100,历史重启阶段最优路径,GP 源内重加权,重启和可选上界处理后,其他候选弧,5,0.9282222222222223,0.0,0.0,0.0,0.0
GP 表达式自身产生的状态,100,历史重启阶段最优路径,GP 源内重加权,重启和可选上界处理后,其他候选弧,6,0.978,0.0,0.0,0.0,0.0
GP 表达式自身产生的状态,100,历史重启阶段最优路径,GP 源内重加权,重启和可选上界处理后,其他候选弧,7,0.9224444444444444,0.0,0.0,0.0,0.0
GP 表达式自身产生的状态,100,历史重启阶段最优路径,来源内均匀沉积,更新前,两条来源路径共有边,0,0.9682222222222223,0.0,0.0,0.0,0.0
GP 表达式自身产生的状态,100,历史重启阶段最优路径,来源内均匀沉积,更新前,两条来源路径共有边,1,0.9628888888888887,0.0,0.0,0.0,0.0
GP 表达式自身产生的状态,100,历史重启阶段最优路径,来源内均匀沉积,更新前,两条来源路径共有边,2,0.98,0.0,0.0,0.0,0.0
GP 表达式自身产生的状态,100,历史重启阶段最优路径,来源内均匀沉积,更新前,两条来源路径共有边,3,0.9497777777777778,0.0,0.0,0.0,0.0
GP 表达式自身产生的状态,100,历史重启阶段最优路径,来源内均匀沉积,更新前,两条来源路径共有边,4,0.9813333333333334,0.0,0.0,0.0,0.0
GP 表达式自身产生的状态,100,历史重启阶段最优路径,来源内均匀沉积,更新前,两条来源路径共有边,5,0.9282222222222223,0.0,0.0,0.0,0.0
GP 表达式自身产生的状态,100,历史重启阶段最优路径,来源内均匀沉积,更新前,两条来源路径共有边,6,0.978,0.0,0.0,0.0,0.0
GP 表达式自身产生的状态,100,历史重启阶段最优路径,来源内均匀沉积,更新前,两条来源路径共有边,7,0.9224444444444444,0.0,0.0,0.0,0.0
GP 表达式自身产生的状态,100,历史重启阶段最优路径,来源内均匀沉积,更新前,仅历史来源路径包含的边,0,0.9682222222222223,0.0,0.0,0.0,0.0
GP 表达式自身产生的状态,100,历史重启阶段最优路径,来源内均匀沉积,更新前,仅历史来源路径包含的边,1,0.9628888888888887,0.0,0.0,0.0,0.0
GP 表达式自身产生的状态,100,历史重启阶段最优路径,来源内均匀沉积,更新前,仅历史来源路径包含的边,2,0.98,0.0,0.0,0.0,0.0
GP 表达式自身产生的状态,100,历史重启阶段最优路径,来源内均匀沉积,更新前,仅历史来源路径包含的边,3,0.9497777777777778,0.0,0.0,0.0,0.0
GP 表达式自身产生的状态,100,历史重启阶段最优路径,来源内均匀沉积,更新前,仅历史来源路径包含的边,4,0.9813333333333334,0.0,0.0,0.0,0.0
GP 表达式自身产生的状态,100,历史重启阶段最优路径,来源内均匀沉积,更新前,仅历史来源路径包含的边,5,0.9282222222222223,0.0,0.0,0.0,0.0
GP 表达式自身产生的状态,100,历史重启阶段最优路径,来源内均匀沉积,更新前,仅历史来源路径包含的边,6,0.978,0.0,0.0,0.0,0.0
GP 表达式自身产生的状态,100,历史重启阶段最优路径,来源内均匀沉积,更新前,仅历史来源路径包含的边,7,0.9224444444444444,0.0,0.0,0.0,0.0
GP 表达式自身产生的状态,100,历史重启阶段最优路径,来源内均匀沉积,更新前,仅本轮最优路径包含的边,0,0.9682222222222223,0.0,0.0,0.0,0.0
GP 表达式自身产生的状态,100,历史重启阶段最优路径,来源内均匀沉积,更新前,仅本轮最优路径包含的边,1,0.9628888888888887,0.0,0.0,0.0,0.0
GP 表达式自身产生的状态,100,历史重启阶段最优路径,来源内均匀沉积,更新前,仅本轮最优路径包含的边,2,0.98,0.0,0.0,0.0,0.0
GP 表达式自身产生的状态,100,历史重启阶段最优路径,来源内均匀沉积,更新前,仅本轮最优路径包含的边,3,0.9497777777777778,0.0,0.0,0.0,0.0
GP 表达式自身产生的状态,100,历史重启阶段最优路径,来源内均匀沉积,更新前,仅本轮最优路径包含的边,4,0.9813333333333334,0.0,0.0,0.0,0.0
GP 表达式自身产生的状态,100,历史重启阶段最优路径,来源内均匀沉积,更新前,仅本轮最优路径包含的边,5,0.9282222222222223,0.0,0.0,0.0,0.0
GP 表达式自身产生的状态,100,历史重启阶段最优路径,来源内均匀沉积,更新前,仅本轮最优路径包含的边,6,0.978,0.0,0.0,0.0,0.0
GP 表达式自身产生的状态,100,历史重启阶段最优路径,来源内均匀沉积,更新前,仅本轮最优路径包含的边,7,0.9224444444444444,0.0,0.0,0.0,0.0
GP 表达式自身产生的状态,100,历史重启阶段最优路径,来源内均匀沉积,更新前,其他候选弧,0,0.9682222222222223,0.0,0.0,0.0,0.0
GP 表达式自身产生的状态,100,历史重启阶段最优路径,来源内均匀沉积,更新前,其他候选弧,1,0.9628888888888887,0.0,0.0,0.0,0.0
GP 表达式自身产生的状态,100,历史重启阶段最优路径,来源内均匀沉积,更新前,其他候选弧,2,0.98,0.0,0.0,0.0,0.0
GP 表达式自身产生的状态,100,历史重启阶段最优路径,来源内均匀沉积,更新前,其他候选弧,3,0.9497777777777778,0.0,0.0,0.0,0.0
GP 表达式自身产生的状态,100,历史重启阶段最优路径,来源内均匀沉积,更新前,其他候选弧,4,0.9813333333333334,0.0,0.0,0.0,0.0
GP 表达式自身产生的状态,100,历史重启阶段最优路径,来源内均匀沉积,更新前,其他候选弧,5,0.9282222222222223,0.0,0.0,0.0,0.0
GP 表达式自身产生的状态,100,历史重启阶段最优路径,来源内均匀沉积,更新前,其他候选弧,6,0.978,0.0,0.0,0.0,0.0
GP 表达式自身产生的状态,100,历史重启阶段最优路径,来源内均匀沉积,更新前,其他候选弧,7,0.9224444444444444,0.0,0.0,0.0,0.0
GP 表达式自身产生的状态,100,历史重启阶段最优路径,来源内均匀沉积,沉积后,两条来源路径共有边,0,0.9682222222222223,-2.0620522323242176e-09,2.985813973568792e-08,-1.4144890896961243e-10,1.8621293682224525e-09
GP 表达式自身产生的状态,100,历史重启阶段最优路径,来源内均匀沉积,沉积后,两条来源路径共有边,1,0.9628888888888887,-1.7658329626682717e-08,2.2350889605040366e-08,-1.0740152011129125e-09,1.3687712323501991e-09
GP 表达式自身产生的状态,100,历史重启阶段最优路径,来源内均匀沉积,沉积后,两条来源路径共有边,2,0.98,-4.1822633990182663e-10,1.514179411227213e-09,-2.6399811583595863e-11,9.414529291765953e-11
GP 表达式自身产生的状态,100,历史重启阶段最优路径,来源内均匀沉积,沉积后,两条来源路径共有边,3,0.9497777777777778,-1.2370021363273657e-08,1.3557573132387578e-08,-7.734698612487757e-10,8.510800758000657e-10
GP 表达式自身产生的状态,100,历史重启阶段最优路径,来源内均匀沉积,沉积后,两条来源路径共有边,4,0.9813333333333334,-2.2921143876236155e-08,2.2921143876236155e-08,-1.4276570506610512e-09,1.4276570506610512e-09
GP 表达式自身产生的状态,100,历史重启阶段最优路径,来源内均匀沉积,沉积后,两条来源路径共有边,5,0.9282222222222223,-1.5799329353420345e-08,1.7102654429704635e-08,-1.036158897297919e-09,1.1179217895451593e-09
GP 表达式自身产生的状态,100,历史重启阶段最优路径,来源内均匀沉积,沉积后,两条来源路径共有边,6,0.978,-2.312956583045475e-09,3.013549860730633e-08,-1.4091813484191902e-10,1.8602828879781873e-09
GP 表达式自身产生的状态,100,历史重启阶段最优路径,来源内均匀沉积,沉积后,两条来源路径共有边,7,0.9224444444444444,-6.276872903933141e-08,6.276872903933141e-08,-4.1234821318710644e-09,4.1234821318710644e-09
GP 表达式自身产生的状态,100,历史重启阶段最优路径,来源内均匀沉积,沉积后,仅历史来源路径包含的边,0,0.9682222222222223,0.031777777803459493,0.031777777803459493,0.053246816262192014,0.053246816262192014
GP 表达式自身产生的状态,100,历史重启阶段最优路径,来源内均匀沉积,沉积后,仅历史来源路径包含的边,1,0.9628888888888887,0.03711111132001125,0.03711111132001125,0.0457147580220945,0.0457147580220945
GP 表达式自身产生的状态,100,历史重启阶段最优路径,来源内均匀沉积,沉积后,仅历史来源路径包含的边,2,0.98,0.019999999750658703,0.019999999750658703,0.03343378452486481,0.03343378452486481
GP 表达式自身产生的状态,100,历史重启阶段最优路径,来源内均匀沉积,沉积后,仅历史来源路径包含的边,3,0.9497777777777778,0.050222222533276906,0.050222222533276906,0.046004211641290996,0.046004211641290996
GP 表达式自身产生的状态,100,历史重启阶段最优路径,来源内均匀沉积,沉积后,仅历史来源路径包含的边,4,0.9813333333333334,0.018666666229987097,0.018666666229987097,0.03412583448246428,0.03412583448246428
GP 表达式自身产生的状态,100,历史重启阶段最优路径,来源内均匀沉积,沉积后,仅历史来源路径包含的边,5,0.9282222222222223,0.07177777727523965,0.07177777727523965,0.053813593760446046,0.053813593760446046
GP 表达式自身产生的状态,100,历史重启阶段最优路径,来源内均匀沉积,沉积后,仅历史来源路径包含的边,6,0.978,0.022000000180889785,0.022000000180889785,0.0406793705904629,0.0406793705904629
GP 表达式自身产生的状态,100,历史重启阶段最优路径,来源内均匀沉积,沉积后,仅历史来源路径包含的边,7,0.9224444444444444,0.07755555293768226,0.07755555293768226,0.04606895945607245,0.04606895945607245
GP 表达式自身产生的状态,100,历史重启阶段最优路径,来源内均匀沉积,沉积后,仅本轮最优路径包含的边,0,0.9682222222222223,-0.03177777736593867,0.03177777736593867,-0.0532468155362925,0.0532468155362925
GP 表达式自身产生的状态,100,历史重启阶段最优路径,来源内均匀沉积,沉积后,仅本轮最优路径包含的边,1,0.9628888888888887,-0.03711111027382055,0.03711111027382055,-0.04571475697852475,0.04571475697852475
GP 表达式自身产生的状态,100,历史重启阶段最优路径,来源内均匀沉积,沉积后,仅本轮最优路径包含的边,2,0.98,-0.019999999749386006,0.019999999749386006,-0.03343378407230824,0.03343378407230824
GP 表达式自身产生的状态,100,历史重启阶段最优路径,来源内均匀沉积,沉积后,仅本轮最优路径包含的边,3,0.9497777777777778,-0.05022222386113539,0.05022222386113539,-0.04600421280216652,0.04600421280216652
GP 表达式自身产生的状态,100,历史重启阶段最优路径,来源内均匀沉积,沉积后,仅本轮最优路径包含的边,4,0.9813333333333334,-0.018666666819256966,0.018666666819256966,-0.03412583666431831,0.03412583666431831
GP 表达式自身产生的状态,100,历史重启阶段最优路径,来源内均匀沉积,沉积后,仅本轮最优路径包含的边,5,0.9282222222222223,-0.07177777917913943,0.07177777917913943,-0.05381359405522371,0.05381359405522371
GP 表达式自身产生的状态,100,历史重启阶段最优路径,来源内均匀沉积,沉积后,仅本轮最优路径包含的边,6,0.978,-0.022000000183385937,0.022000000183385937,-0.04067936968765553,0.04067936968765553
GP 表达式自身产生的状态,100,历史重启阶段最优路径,来源内均匀沉积,沉积后,仅本轮最优路径包含的边,7,0.9224444444444444,-0.07755555870042757,0.07755555870042757,-0.04606896221967226,0.04606896221967226
GP 表达式自身产生的状态,100,历史重启阶段最优路径,来源内均匀沉积,沉积后,其他候选弧,0,0.9682222222222223,0.0,0.0,0.0,0.0
GP 表达式自身产生的状态,100,历史重启阶段最优路径,来源内均匀沉积,沉积后,其他候选弧,1,0.9628888888888887,0.0,0.0,0.0,0.0
GP 表达式自身产生的状态,100,历史重启阶段最优路径,来源内均匀沉积,沉积后,其他候选弧,2,0.98,0.0,0.0,0.0,0.0
GP 表达式自身产生的状态,100,历史重启阶段最优路径,来源内均匀沉积,沉积后,其他候选弧,3,0.9497777777777778,0.0,0.0,0.0,0.0
GP 表达式自身产生的状态,100,历史重启阶段最优路径,来源内均匀沉积,沉积后,其他候选弧,4,0.9813333333333334,0.0,0.0,0.0,0.0
GP 表达式自身产生的状态,100,历史重启阶段最优路径,来源内均匀沉积,沉积后,其他候选弧,5,0.9282222222222223,0.0,0.0,0.0,0.0
GP 表达式自身产生的状态,100,历史重启阶段最优路径,来源内均匀沉积,沉积后,其他候选弧,6,0.978,0.0,0.0,0.0,0.0
GP 表达式自身产生的状态,100,历史重启阶段最优路径,来源内均匀沉积,沉积后,其他候选弧,7,0.9224444444444444,0.0,0.0,0.0,0.0
GP 表达式自身产生的状态,100,历史重启阶段最优路径,来源内均匀沉积,蒸发和下界保护后,两条来源路径共有边,0,0.9682222222222223,0.0,0.0,0.0,0.0
GP 表达式自身产生的状态,100,历史重启阶段最优路径,来源内均匀沉积,蒸发和下界保护后,两条来源路径共有边,1,0.9628888888888887,0.0,0.0,0.0,0.0
GP 表达式自身产生的状态,100,历史重启阶段最优路径,来源内均匀沉积,蒸发和下界保护后,两条来源路径共有边,2,0.98,0.0,0.0,0.0,0.0
GP 表达式自身产生的状态,100,历史重启阶段最优路径,来源内均匀沉积,蒸发和下界保护后,两条来源路径共有边,3,0.9497777777777778,0.0,0.0,0.0,0.0
GP 表达式自身产生的状态,100,历史重启阶段最优路径,来源内均匀沉积,蒸发和下界保护后,两条来源路径共有边,4,0.9813333333333334,0.0,0.0,0.0,0.0
GP 表达式自身产生的状态,100,历史重启阶段最优路径,来源内均匀沉积,蒸发和下界保护后,两条来源路径共有边,5,0.9282222222222223,0.0,0.0,0.0,0.0
GP 表达式自身产生的状态,100,历史重启阶段最优路径,来源内均匀沉积,蒸发和下界保护后,两条来源路径共有边,6,0.978,0.0,0.0,0.0,0.0
GP 表达式自身产生的状态,100,历史重启阶段最优路径,来源内均匀沉积,蒸发和下界保护后,两条来源路径共有边,7,0.9224444444444444,0.0,0.0,0.0,0.0
GP 表达式自身产生的状态,100,历史重启阶段最优路径,来源内均匀沉积,蒸发和下界保护后,仅历史来源路径包含的边,0,0.9682222222222223,0.0,0.0,0.0,0.0
GP 表达式自身产生的状态,100,历史重启阶段最优路径,来源内均匀沉积,蒸发和下界保护后,仅历史来源路径包含的边,1,0.9628888888888887,0.0,0.0,0.0,0.0
GP 表达式自身产生的状态,100,历史重启阶段最优路径,来源内均匀沉积,蒸发和下界保护后,仅历史来源路径包含的边,2,0.98,0.0,0.0,0.0,0.0
GP 表达式自身产生的状态,100,历史重启阶段最优路径,来源内均匀沉积,蒸发和下界保护后,仅历史来源路径包含的边,3,0.9497777777777778,0.0,0.0,0.0,0.0
GP 表达式自身产生的状态,100,历史重启阶段最优路径,来源内均匀沉积,蒸发和下界保护后,仅历史来源路径包含的边,4,0.9813333333333334,0.0,0.0,0.0,0.0
GP 表达式自身产生的状态,100,历史重启阶段最优路径,来源内均匀沉积,蒸发和下界保护后,仅历史来源路径包含的边,5,0.9282222222222223,0.0,0.0,0.0,0.0
GP 表达式自身产生的状态,100,历史重启阶段最优路径,来源内均匀沉积,蒸发和下界保护后,仅历史来源路径包含的边,6,0.978,0.0,0.0,0.0,0.0
GP 表达式自身产生的状态,100,历史重启阶段最优路径,来源内均匀沉积,蒸发和下界保护后,仅历史来源路径包含的边,7,0.9224444444444444,0.0,0.0,0.0,0.0
GP 表达式自身产生的状态,100,历史重启阶段最优路径,来源内均匀沉积,蒸发和下界保护后,仅本轮最优路径包含的边,0,0.9682222222222223,0.0,0.0,0.0,0.0
GP 表达式自身产生的状态,100,历史重启阶段最优路径,来源内均匀沉积,蒸发和下界保护后,仅本轮最优路径包含的边,1,0.9628888888888887,0.0,0.0,0.0,0.0
GP 表达式自身产生的状态,100,历史重启阶段最优路径,来源内均匀沉积,蒸发和下界保护后,仅本轮最优路径包含的边,2,0.98,0.0,0.0,0.0,0.0
GP 表达式自身产生的状态,100,历史重启阶段最优路径,来源内均匀沉积,蒸发和下界保护后,仅本轮最优路径包含的边,3,0.9497777777777778,0.0,0.0,0.0,0.0
GP 表达式自身产生的状态,100,历史重启阶段最优路径,来源内均匀沉积,蒸发和下界保护后,仅本轮最优路径包含的边,4,0.9813333333333334,0.0,0.0,0.0,0.0
GP 表达式自身产生的状态,100,历史重启阶段最优路径,来源内均匀沉积,蒸发和下界保护后,仅本轮最优路径包含的边,5,0.9282222222222223,0.0,0.0,0.0,0.0
GP 表达式自身产生的状态,100,历史重启阶段最优路径,来源内均匀沉积,蒸发和下界保护后,仅本轮最优路径包含的边,6,0.978,0.0,0.0,0.0,0.0
GP 表达式自身产生的状态,100,历史重启阶段最优路径,来源内均匀沉积,蒸发和下界保护后,仅本轮最优路径包含的边,7,0.9224444444444444,0.0,0.0,0.0,0.0
GP 表达式自身产生的状态,100,历史重启阶段最优路径,来源内均匀沉积,蒸发和下界保护后,其他候选弧,0,0.9682222222222223,0.0,0.0,0.0,0.0
GP 表达式自身产生的状态,100,历史重启阶段最优路径,来源内均匀沉积,蒸发和下界保护后,其他候选弧,1,0.9628888888888887,0.0,0.0,0.0,0.0
GP 表达式自身产生的状态,100,历史重启阶段最优路径,来源内均匀沉积,蒸发和下界保护后,其他候选弧,2,0.98,0.0,0.0,0.0,0.0
GP 表达式自身产生的状态,100,历史重启阶段最优路径,来源内均匀沉积,蒸发和下界保护后,其他候选弧,3,0.9497777777777778,0.0,0.0,0.0,0.0
GP 表达式自身产生的状态,100,历史重启阶段最优路径,来源内均匀沉积,蒸发和下界保护后,其他候选弧,4,0.9813333333333334,0.0,0.0,0.0,0.0
GP 表达式自身产生的状态,100,历史重启阶段最优路径,来源内均匀沉积,蒸发和下界保护后,其他候选弧,5,0.9282222222222223,0.0,0.0,0.0,0.0
GP 表达式自身产生的状态,100,历史重启阶段最优路径,来源内均匀沉积,蒸发和下界保护后,其他候选弧,6,0.978,0.0,0.0,0.0,0.0
GP 表达式自身产生的状态,100,历史重启阶段最优路径,来源内均匀沉积,蒸发和下界保护后,其他候选弧,7,0.9224444444444444,0.0,0.0,0.0,0.0
GP 表达式自身产生的状态,100,历史重启阶段最优路径,来源内均匀沉积,重启和可选上界处理后,两条来源路径共有边,0,0.9682222222222223,-2.0620522323242176e-09,2.985813973568792e-08,-1.4144890896961243e-10,1.8621293682224525e-09
GP 表达式自身产生的状态,100,历史重启阶段最优路径,来源内均匀沉积,重启和可选上界处理后,两条来源路径共有边,1,0.9628888888888887,-1.7658329626682717e-08,2.2350889605040366e-08,-1.0740152011129125e-09,1.3687712323501991e-09
GP 表达式自身产生的状态,100,历史重启阶段最优路径,来源内均匀沉积,重启和可选上界处理后,两条来源路径共有边,2,0.98,-4.1822633990182663e-10,1.514179411227213e-09,-2.6399811583595863e-11,9.414529291765953e-11
GP 表达式自身产生的状态,100,历史重启阶段最优路径,来源内均匀沉积,重启和可选上界处理后,两条来源路径共有边,3,0.9497777777777778,-1.2370021363273657e-08,1.3557573132387578e-08,-7.734698612487757e-10,8.510800758000657e-10
GP 表达式自身产生的状态,100,历史重启阶段最优路径,来源内均匀沉积,重启和可选上界处理后,两条来源路径共有边,4,0.9813333333333334,-2.2921143876236155e-08,2.2921143876236155e-08,-1.4276570506610512e-09,1.4276570506610512e-09
GP 表达式自身产生的状态,100,历史重启阶段最优路径,来源内均匀沉积,重启和可选上界处理后,两条来源路径共有边,5,0.9282222222222223,-1.5799329353420345e-08,1.7102654429704635e-08,-1.036158897297919e-09,1.1179217895451593e-09
GP 表达式自身产生的状态,100,历史重启阶段最优路径,来源内均匀沉积,重启和可选上界处理后,两条来源路径共有边,6,0.978,-2.312956583045475e-09,3.013549860730633e-08,-1.4091813484191902e-10,1.8602828879781873e-09
GP 表达式自身产生的状态,100,历史重启阶段最优路径,来源内均匀沉积,重启和可选上界处理后,两条来源路径共有边,7,0.9224444444444444,-6.276872903933141e-08,6.276872903933141e-08,-4.1234821318710644e-09,4.1234821318710644e-09
GP 表达式自身产生的状态,100,历史重启阶段最优路径,来源内均匀沉积,重启和可选上界处理后,仅历史来源路径包含的边,0,0.9682222222222223,0.031777777803459493,0.031777777803459493,0.053246816262192014,0.053246816262192014
GP 表达式自身产生的状态,100,历史重启阶段最优路径,来源内均匀沉积,重启和可选上界处理后,仅历史来源路径包含的边,1,0.9628888888888887,0.03711111132001125,0.03711111132001125,0.0457147580220945,0.0457147580220945
GP 表达式自身产生的状态,100,历史重启阶段最优路径,来源内均匀沉积,重启和可选上界处理后,仅历史来源路径包含的边,2,0.98,0.019999999750658703,0.019999999750658703,0.03343378452486481,0.03343378452486481
GP 表达式自身产生的状态,100,历史重启阶段最优路径,来源内均匀沉积,重启和可选上界处理后,仅历史来源路径包含的边,3,0.9497777777777778,0.050222222533276906,0.050222222533276906,0.046004211641290996,0.046004211641290996
GP 表达式自身产生的状态,100,历史重启阶段最优路径,来源内均匀沉积,重启和可选上界处理后,仅历史来源路径包含的边,4,0.9813333333333334,0.018666666229987097,0.018666666229987097,0.03412583448246428,0.03412583448246428
GP 表达式自身产生的状态,100,历史重启阶段最优路径,来源内均匀沉积,重启和可选上界处理后,仅历史来源路径包含的边,5,0.9282222222222223,0.07177777727523965,0.07177777727523965,0.053813593760446046,0.053813593760446046
GP 表达式自身产生的状态,100,历史重启阶段最优路径,来源内均匀沉积,重启和可选上界处理后,仅历史来源路径包含的边,6,0.978,0.022000000180889785,0.022000000180889785,0.0406793705904629,0.0406793705904629
GP 表达式自身产生的状态,100,历史重启阶段最优路径,来源内均匀沉积,重启和可选上界处理后,仅历史来源路径包含的边,7,0.9224444444444444,0.07755555293768226,0.07755555293768226,0.04606895945607245,0.04606895945607245
GP 表达式自身产生的状态,100,历史重启阶段最优路径,来源内均匀沉积,重启和可选上界处理后,仅本轮最优路径包含的边,0,0.9682222222222223,-0.03177777736593867,0.03177777736593867,-0.0532468155362925,0.0532468155362925
GP 表达式自身产生的状态,100,历史重启阶段最优路径,来源内均匀沉积,重启和可选上界处理后,仅本轮最优路径包含的边,1,0.9628888888888887,-0.03711111027382055,0.03711111027382055,-0.04571475697852475,0.04571475697852475
GP 表达式自身产生的状态,100,历史重启阶段最优路径,来源内均匀沉积,重启和可选上界处理后,仅本轮最优路径包含的边,2,0.98,-0.019999999749386006,0.019999999749386006,-0.03343378407230824,0.03343378407230824
GP 表达式自身产生的状态,100,历史重启阶段最优路径,来源内均匀沉积,重启和可选上界处理后,仅本轮最优路径包含的边,3,0.9497777777777778,-0.05022222386113539,0.05022222386113539,-0.04600421280216652,0.04600421280216652
GP 表达式自身产生的状态,100,历史重启阶段最优路径,来源内均匀沉积,重启和可选上界处理后,仅本轮最优路径包含的边,4,0.9813333333333334,-0.018666666819256966,0.018666666819256966,-0.03412583666431831,0.03412583666431831
GP 表达式自身产生的状态,100,历史重启阶段最优路径,来源内均匀沉积,重启和可选上界处理后,仅本轮最优路径包含的边,5,0.9282222222222223,-0.07177777917913943,0.07177777917913943,-0.05381359405522371,0.05381359405522371
GP 表达式自身产生的状态,100,历史重启阶段最优路径,来源内均匀沉积,重启和可选上界处理后,仅本轮最优路径包含的边,6,0.978,-0.022000000183385937,0.022000000183385937,-0.04067936968765553,0.04067936968765553
GP 表达式自身产生的状态,100,历史重启阶段最优路径,来源内均匀沉积,重启和可选上界处理后,仅本轮最优路径包含的边,7,0.9224444444444444,-0.07755555870042757,0.07755555870042757,-0.04606896221967226,0.04606896221967226
GP 表达式自身产生的状态,100,历史重启阶段最优路径,来源内均匀沉积,重启和可选上界处理后,其他候选弧,0,0.9682222222222223,0.0,0.0,0.0,0.0
GP 表达式自身产生的状态,100,历史重启阶段最优路径,来源内均匀沉积,重启和可选上界处理后,其他候选弧,1,0.9628888888888887,0.0,0.0,0.0,0.0
GP 表达式自身产生的状态,100,历史重启阶段最优路径,来源内均匀沉积,重启和可选上界处理后,其他候选弧,2,0.98,0.0,0.0,0.0,0.0
GP 表达式自身产生的状态,100,历史重启阶段最优路径,来源内均匀沉积,重启和可选上界处理后,其他候选弧,3,0.9497777777777778,0.0,0.0,0.0,0.0
GP 表达式自身产生的状态,100,历史重启阶段最优路径,来源内均匀沉积,重启和可选上界处理后,其他候选弧,4,0.9813333333333334,0.0,0.0,0.0,0.0
GP 表达式自身产生的状态,100,历史重启阶段最优路径,来源内均匀沉积,重启和可选上界处理后,其他候选弧,5,0.9282222222222223,0.0,0.0,0.0,0.0
GP 表达式自身产生的状态,100,历史重启阶段最优路径,来源内均匀沉积,重启和可选上界处理后,其他候选弧,6,0.978,0.0,0.0,0.0,0.0
GP 表达式自身产生的状态,100,历史重启阶段最优路径,来源内均匀沉积,重启和可选上界处理后,其他候选弧,7,0.9224444444444444,0.0,0.0,0.0,0.0
GP 表达式自身产生的状态,250,历史全局最优路径,GP 源内重加权,更新前,两条来源路径共有边,0,0.9993333333333333,0.0,0.0,0.0,0.0
GP 表达式自身产生的状态,250,历史全局最优路径,GP 源内重加权,更新前,两条来源路径共有边,1,1.0,0.0,0.0,0.0,0.0
GP 表达式自身产生的状态,250,历史全局最优路径,GP 源内重加权,更新前,两条来源路径共有边,2,1.0,0.0,0.0,0.0,0.0
GP 表达式自身产生的状态,250,历史全局最优路径,GP 源内重加权,更新前,两条来源路径共有边,3,0.9975555555555555,0.0,0.0,0.0,0.0
GP 表达式自身产生的状态,250,历史全局最优路径,GP 源内重加权,更新前,两条来源路径共有边,4,1.0,0.0,0.0,0.0,0.0
GP 表达式自身产生的状态,250,历史全局最优路径,GP 源内重加权,更新前,两条来源路径共有边,5,1.0,0.0,0.0,0.0,0.0
GP 表达式自身产生的状态,250,历史全局最优路径,GP 源内重加权,更新前,两条来源路径共有边,6,1.0,0.0,0.0,0.0,0.0
GP 表达式自身产生的状态,250,历史全局最优路径,GP 源内重加权,更新前,两条来源路径共有边,7,1.0,0.0,0.0,0.0,0.0
GP 表达式自身产生的状态,250,历史全局最优路径,GP 源内重加权,更新前,仅历史来源路径包含的边,0,0.9993333333333333,0.0,0.0,0.0,0.0
GP 表达式自身产生的状态,250,历史全局最优路径,GP 源内重加权,更新前,仅历史来源路径包含的边,1,1.0,0.0,0.0,0.0,0.0
GP 表达式自身产生的状态,250,历史全局最优路径,GP 源内重加权,更新前,仅历史来源路径包含的边,2,1.0,0.0,0.0,0.0,0.0
GP 表达式自身产生的状态,250,历史全局最优路径,GP 源内重加权,更新前,仅历史来源路径包含的边,3,0.9975555555555555,0.0,0.0,0.0,0.0
GP 表达式自身产生的状态,250,历史全局最优路径,GP 源内重加权,更新前,仅历史来源路径包含的边,4,1.0,0.0,0.0,0.0,0.0
GP 表达式自身产生的状态,250,历史全局最优路径,GP 源内重加权,更新前,仅历史来源路径包含的边,5,1.0,0.0,0.0,0.0,0.0
GP 表达式自身产生的状态,250,历史全局最优路径,GP 源内重加权,更新前,仅历史来源路径包含的边,6,1.0,0.0,0.0,0.0,0.0
GP 表达式自身产生的状态,250,历史全局最优路径,GP 源内重加权,更新前,仅历史来源路径包含的边,7,1.0,0.0,0.0,0.0,0.0
GP 表达式自身产生的状态,250,历史全局最优路径,GP 源内重加权,更新前,仅本轮最优路径包含的边,0,0.9993333333333333,0.0,0.0,0.0,0.0
GP 表达式自身产生的状态,250,历史全局最优路径,GP 源内重加权,更新前,仅本轮最优路径包含的边,1,1.0,0.0,0.0,0.0,0.0
GP 表达式自身产生的状态,250,历史全局最优路径,GP 源内重加权,更新前,仅本轮最优路径包含的边,2,1.0,0.0,0.0,0.0,0.0
GP 表达式自身产生的状态,250,历史全局最优路径,GP 源内重加权,更新前,仅本轮最优路径包含的边,3,0.9975555555555555,0.0,0.0,0.0,0.0
GP 表达式自身产生的状态,250,历史全局最优路径,GP 源内重加权,更新前,仅本轮最优路径包含的边,4,1.0,0.0,0.0,0.0,0.0
GP 表达式自身产生的状态,250,历史全局最优路径,GP 源内重加权,更新前,仅本轮最优路径包含的边,5,1.0,0.0,0.0,0.0,0.0
GP 表达式自身产生的状态,250,历史全局最优路径,GP 源内重加权,更新前,仅本轮最优路径包含的边,6,1.0,0.0,0.0,0.0,0.0
GP 表达式自身产生的状态,250,历史全局最优路径,GP 源内重加权,更新前,仅本轮最优路径包含的边,7,1.0,0.0,0.0,0.0,0.0
GP 表达式自身产生的状态,250,历史全局最优路径,GP 源内重加权,更新前,其他候选弧,0,0.9993333333333333,0.0,0.0,0.0,0.0
GP 表达式自身产生的状态,250,历史全局最优路径,GP 源内重加权,更新前,其他候选弧,1,1.0,0.0,0.0,0.0,0.0
GP 表达式自身产生的状态,250,历史全局最优路径,GP 源内重加权,更新前,其他候选弧,2,1.0,0.0,0.0,0.0,0.0
GP 表达式自身产生的状态,250,历史全局最优路径,GP 源内重加权,更新前,其他候选弧,3,0.9975555555555555,0.0,0.0,0.0,0.0
GP 表达式自身产生的状态,250,历史全局最优路径,GP 源内重加权,更新前,其他候选弧,4,1.0,0.0,0.0,0.0,0.0
GP 表达式自身产生的状态,250,历史全局最优路径,GP 源内重加权,更新前,其他候选弧,5,1.0,0.0,0.0,0.0,0.0
GP 表达式自身产生的状态,250,历史全局最优路径,GP 源内重加权,更新前,其他候选弧,6,1.0,0.0,0.0,0.0,0.0
GP 表达式自身产生的状态,250,历史全局最优路径,GP 源内重加权,更新前,其他候选弧,7,1.0,0.0,0.0,0.0,0.0
GP 表达式自身产生的状态,250,历史全局最优路径,GP 源内重加权,沉积后,两条来源路径共有边,0,0.9993333333333333,0.00010870853694246418,0.00011061604856165127,6.587407705156483e-06,6.70243142409637e-06
GP 表达式自身产生的状态,250,历史全局最优路径,GP 源内重加权,沉积后,两条来源路径共有边,1,1.0,-3.487311553552246e-07,1.4024802103891218e-06,-2.0709302690294054e-08,8.330742518107096e-08
GP 表达式自身产生的状态,250,历史全局最优路径,GP 源内重加权,沉积后,两条来源路径共有边,2,1.0,-7.17588040744579e-08,3.4970522962696564e-06,-4.40412097507053e-09,2.130468686421712e-07
GP 表达式自身产生的状态,250,历史全局最优路径,GP 源内重加权,沉积后,两条来源路径共有边,3,0.9975555555555555,0.0007658212851780958,0.0007699047696326296,4.632052849899277e-05,4.656470886042262e-05
GP 表达式自身产生的状态,250,历史全局最优路径,GP 源内重加权,沉积后,两条来源路径共有边,4,1.0,1.7421151580774635e-07,1.1566145906944695e-06,1.076691680484348e-08,7.156365447574191e-08
GP 表达式自身产生的状态,250,历史全局最优路径,GP 源内重加权,沉积后,两条来源路径共有边,5,1.0,2.708360781090841e-07,2.3181937906933886e-06,1.665784253014459e-08,1.4231767919328476e-07
GP 表达式自身产生的状态,250,历史全局最优路径,GP 源内重加权,沉积后,两条来源路径共有边,6,1.0,-4.198415074716778e-08,1.2525996413430321e-05,-2.5944577323065855e-09,7.711433702045018e-07
GP 表达式自身产生的状态,250,历史全局最优路径,GP 源内重加权,沉积后,两条来源路径共有边,7,1.0,7.298671665458271e-08,1.1454741518847555e-05,4.4090880288018126e-09,6.92392388979594e-07
GP 表达式自身产生的状态,250,历史全局最优路径,GP 源内重加权,沉积后,仅历史来源路径包含的边,0,0.9993333333333333,0.0004512242000824154,0.0004512242000824154,0.0045297881933274095,0.0045297881933274095
GP 表达式自身产生的状态,250,历史全局最优路径,GP 源内重加权,沉积后,仅历史来源路径包含的边,1,1.0,0.0,0.0,0.0,0.0
GP 表达式自身产生的状态,250,历史全局最优路径,GP 源内重加权,沉积后,仅历史来源路径包含的边,2,1.0,0.0,0.0,0.0,0.0
GP 表达式自身产生的状态,250,历史全局最优路径,GP 源内重加权,沉积后,仅历史来源路径包含的边,3,0.9975555555555555,0.0015261318533023067,0.0015261318533023067,0.008294741519623332,0.008294741519623332
GP 表达式自身产生的状态,250,历史全局最优路径,GP 源内重加权,沉积后,仅历史来源路径包含的边,4,1.0,0.0,0.0,0.0,0.0
GP 表达式自身产生的状态,250,历史全局最优路径,GP 源内重加权,沉积后,仅历史来源路径包含的边,5,1.0,0.0,0.0,0.0,0.0
GP 表达式自身产生的状态,250,历史全局最优路径,GP 源内重加权,沉积后,仅历史来源路径包含的边,6,1.0,0.0,0.0,0.0,0.0
GP 表达式自身产生的状态,250,历史全局最优路径,GP 源内重加权,沉积后,仅历史来源路径包含的边,7,1.0,0.0,0.0,0.0,0.0
GP 表达式自身产生的状态,250,历史全局最优路径,GP 源内重加权,沉积后,仅本轮最优路径包含的边,0,0.9993333333333333,-0.0005599665436396507,0.0005599665436396507,-0.005621440156742378,0.005621440156742378
GP 表达式自身产生的状态,250,历史全局最优路径,GP 源内重加权,沉积后,仅本轮最优路径包含的边,1,1.0,0.0,0.0,0.0,0.0
GP 表达式自身产生的状态,250,历史全局最优路径,GP 源内重加权,沉积后,仅本轮最优路径包含的边,2,1.0,0.0,0.0,0.0,0.0
GP 表达式自身产生的状态,250,历史全局最优路径,GP 源内重加权,沉积后,仅本轮最优路径包含的边,3,0.9975555555555555,-0.0022914427337714215,0.0022914427337714215,-0.012308208614639524,0.012308208614639524
GP 表达式自身产生的状态,250,历史全局最优路径,GP 源内重加权,沉积后,仅本轮最优路径包含的边,4,1.0,0.0,0.0,0.0,0.0
GP 表达式自身产生的状态,250,历史全局最优路径,GP 源内重加权,沉积后,仅本轮最优路径包含的边,5,1.0,0.0,0.0,0.0,0.0
GP 表达式自身产生的状态,250,历史全局最优路径,GP 源内重加权,沉积后,仅本轮最优路径包含的边,6,1.0,0.0,0.0,0.0,0.0
GP 表达式自身产生的状态,250,历史全局最优路径,GP 源内重加权,沉积后,仅本轮最优路径包含的边,7,1.0,0.0,0.0,0.0,0.0
GP 表达式自身产生的状态,250,历史全局最优路径,GP 源内重加权,沉积后,其他候选弧,0,0.9993333333333333,0.0,0.0,0.0,0.0
GP 表达式自身产生的状态,250,历史全局最优路径,GP 源内重加权,沉积后,其他候选弧,1,1.0,0.0,0.0,0.0,0.0
GP 表达式自身产生的状态,250,历史全局最优路径,GP 源内重加权,沉积后,其他候选弧,2,1.0,0.0,0.0,0.0,0.0
GP 表达式自身产生的状态,250,历史全局最优路径,GP 源内重加权,沉积后,其他候选弧,3,0.9975555555555555,0.0,0.0,0.0,0.0
GP 表达式自身产生的状态,250,历史全局最优路径,GP 源内重加权,沉积后,其他候选弧,4,1.0,0.0,0.0,0.0,0.0
GP 表达式自身产生的状态,250,历史全局最优路径,GP 源内重加权,沉积后,其他候选弧,5,1.0,0.0,0.0,0.0,0.0
GP 表达式自身产生的状态,250,历史全局最优路径,GP 源内重加权,沉积后,其他候选弧,6,1.0,0.0,0.0,0.0,0.0
GP 表达式自身产生的状态,250,历史全局最优路径,GP 源内重加权,沉积后,其他候选弧,7,1.0,0.0,0.0,0.0,0.0
GP 表达式自身产生的状态,250,历史全局最优路径,GP 源内重加权,蒸发和下界保护后,两条来源路径共有边,0,0.9993333333333333,0.0,0.0,0.0,0.0
GP 表达式自身产生的状态,250,历史全局最优路径,GP 源内重加权,蒸发和下界保护后,两条来源路径共有边,1,1.0,0.0,0.0,0.0,0.0
GP 表达式自身产生的状态,250,历史全局最优路径,GP 源内重加权,蒸发和下界保护后,两条来源路径共有边,2,1.0,0.0,0.0,0.0,0.0
GP 表达式自身产生的状态,250,历史全局最优路径,GP 源内重加权,蒸发和下界保护后,两条来源路径共有边,3,0.9975555555555555,0.0,0.0,0.0,0.0
GP 表达式自身产生的状态,250,历史全局最优路径,GP 源内重加权,蒸发和下界保护后,两条来源路径共有边,4,1.0,0.0,0.0,0.0,0.0
GP 表达式自身产生的状态,250,历史全局最优路径,GP 源内重加权,蒸发和下界保护后,两条来源路径共有边,5,1.0,0.0,0.0,0.0,0.0
GP 表达式自身产生的状态,250,历史全局最优路径,GP 源内重加权,蒸发和下界保护后,两条来源路径共有边,6,1.0,0.0,0.0,0.0,0.0
GP 表达式自身产生的状态,250,历史全局最优路径,GP 源内重加权,蒸发和下界保护后,两条来源路径共有边,7,1.0,0.0,0.0,0.0,0.0
GP 表达式自身产生的状态,250,历史全局最优路径,GP 源内重加权,蒸发和下界保护后,仅历史来源路径包含的边,0,0.9993333333333333,0.0,0.0,0.0,0.0
GP 表达式自身产生的状态,250,历史全局最优路径,GP 源内重加权,蒸发和下界保护后,仅历史来源路径包含的边,1,1.0,0.0,0.0,0.0,0.0
GP 表达式自身产生的状态,250,历史全局最优路径,GP 源内重加权,蒸发和下界保护后,仅历史来源路径包含的边,2,1.0,0.0,0.0,0.0,0.0
GP 表达式自身产生的状态,250,历史全局最优路径,GP 源内重加权,蒸发和下界保护后,仅历史来源路径包含的边,3,0.9975555555555555,0.0,0.0,0.0,0.0
GP 表达式自身产生的状态,250,历史全局最优路径,GP 源内重加权,蒸发和下界保护后,仅历史来源路径包含的边,4,1.0,0.0,0.0,0.0,0.0
GP 表达式自身产生的状态,250,历史全局最优路径,GP 源内重加权,蒸发和下界保护后,仅历史来源路径包含的边,5,1.0,0.0,0.0,0.0,0.0
GP 表达式自身产生的状态,250,历史全局最优路径,GP 源内重加权,蒸发和下界保护后,仅历史来源路径包含的边,6,1.0,0.0,0.0,0.0,0.0
GP 表达式自身产生的状态,250,历史全局最优路径,GP 源内重加权,蒸发和下界保护后,仅历史来源路径包含的边,7,1.0,0.0,0.0,0.0,0.0
GP 表达式自身产生的状态,250,历史全局最优路径,GP 源内重加权,蒸发和下界保护后,仅本轮最优路径包含的边,0,0.9993333333333333,0.0,0.0,0.0,0.0
GP 表达式自身产生的状态,250,历史全局最优路径,GP 源内重加权,蒸发和下界保护后,仅本轮最优路径包含的边,1,1.0,0.0,0.0,0.0,0.0
GP 表达式自身产生的状态,250,历史全局最优路径,GP 源内重加权,蒸发和下界保护后,仅本轮最优路径包含的边,2,1.0,0.0,0.0,0.0,0.0
GP 表达式自身产生的状态,250,历史全局最优路径,GP 源内重加权,蒸发和下界保护后,仅本轮最优路径包含的边,3,0.9975555555555555,0.0,0.0,0.0,0.0
GP 表达式自身产生的状态,250,历史全局最优路径,GP 源内重加权,蒸发和下界保护后,仅本轮最优路径包含的边,4,1.0,0.0,0.0,0.0,0.0
GP 表达式自身产生的状态,250,历史全局最优路径,GP 源内重加权,蒸发和下界保护后,仅本轮最优路径包含的边,5,1.0,0.0,0.0,0.0,0.0
GP 表达式自身产生的状态,250,历史全局最优路径,GP 源内重加权,蒸发和下界保护后,仅本轮最优路径包含的边,6,1.0,0.0,0.0,0.0,0.0
GP 表达式自身产生的状态,250,历史全局最优路径,GP 源内重加权,蒸发和下界保护后,仅本轮最优路径包含的边,7,1.0,0.0,0.0,0.0,0.0
GP 表达式自身产生的状态,250,历史全局最优路径,GP 源内重加权,蒸发和下界保护后,其他候选弧,0,0.9993333333333333,0.0,0.0,0.0,0.0
GP 表达式自身产生的状态,250,历史全局最优路径,GP 源内重加权,蒸发和下界保护后,其他候选弧,1,1.0,0.0,0.0,0.0,0.0
GP 表达式自身产生的状态,250,历史全局最优路径,GP 源内重加权,蒸发和下界保护后,其他候选弧,2,1.0,0.0,0.0,0.0,0.0
GP 表达式自身产生的状态,250,历史全局最优路径,GP 源内重加权,蒸发和下界保护后,其他候选弧,3,0.9975555555555555,0.0,0.0,0.0,0.0
GP 表达式自身产生的状态,250,历史全局最优路径,GP 源内重加权,蒸发和下界保护后,其他候选弧,4,1.0,0.0,0.0,0.0,0.0
GP 表达式自身产生的状态,250,历史全局最优路径,GP 源内重加权,蒸发和下界保护后,其他候选弧,5,1.0,0.0,0.0,0.0,0.0
GP 表达式自身产生的状态,250,历史全局最优路径,GP 源内重加权,蒸发和下界保护后,其他候选弧,6,1.0,0.0,0.0,0.0,0.0
GP 表达式自身产生的状态,250,历史全局最优路径,GP 源内重加权,蒸发和下界保护后,其他候选弧,7,1.0,0.0,0.0,0.0,0.0
GP 表达式自身产生的状态,250,历史全局最优路径,GP 源内重加权,重启和可选上界处理后,两条来源路径共有边,0,0.9993333333333333,0.00010870853694246418,0.00011061604856165127,6.587407705156483e-06,6.70243142409637e-06
GP 表达式自身产生的状态,250,历史全局最优路径,GP 源内重加权,重启和可选上界处理后,两条来源路径共有边,1,1.0,-3.487311553552246e-07,1.4024802103891218e-06,-2.0709302690294054e-08,8.330742518107096e-08
GP 表达式自身产生的状态,250,历史全局最优路径,GP 源内重加权,重启和可选上界处理后,两条来源路径共有边,2,1.0,-7.17588040744579e-08,3.4970522962696564e-06,-4.40412097507053e-09,2.130468686421712e-07
GP 表达式自身产生的状态,250,历史全局最优路径,GP 源内重加权,重启和可选上界处理后,两条来源路径共有边,3,0.9975555555555555,0.0007658212851780958,0.0007699047696326296,4.632052849899277e-05,4.656470886042262e-05
GP 表达式自身产生的状态,250,历史全局最优路径,GP 源内重加权,重启和可选上界处理后,两条来源路径共有边,4,1.0,1.7421151580774635e-07,1.1566145906944695e-06,1.076691680484348e-08,7.156365447574191e-08
GP 表达式自身产生的状态,250,历史全局最优路径,GP 源内重加权,重启和可选上界处理后,两条来源路径共有边,5,1.0,2.708360781090841e-07,2.3181937906933886e-06,1.665784253014459e-08,1.4231767919328476e-07
GP 表达式自身产生的状态,250,历史全局最优路径,GP 源内重加权,重启和可选上界处理后,两条来源路径共有边,6,1.0,-4.198415074716778e-08,1.2525996413430321e-05,-2.5944577323065855e-09,7.711433702045018e-07
GP 表达式自身产生的状态,250,历史全局最优路径,GP 源内重加权,重启和可选上界处理后,两条来源路径共有边,7,1.0,7.298671665458271e-08,1.1454741518847555e-05,4.4090880288018126e-09,6.92392388979594e-07
GP 表达式自身产生的状态,250,历史全局最优路径,GP 源内重加权,重启和可选上界处理后,仅历史来源路径包含的边,0,0.9993333333333333,0.0004512242000824154,0.0004512242000824154,0.0045297881933274095,0.0045297881933274095
GP 表达式自身产生的状态,250,历史全局最优路径,GP 源内重加权,重启和可选上界处理后,仅历史来源路径包含的边,1,1.0,0.0,0.0,0.0,0.0
GP 表达式自身产生的状态,250,历史全局最优路径,GP 源内重加权,重启和可选上界处理后,仅历史来源路径包含的边,2,1.0,0.0,0.0,0.0,0.0
GP 表达式自身产生的状态,250,历史全局最优路径,GP 源内重加权,重启和可选上界处理后,仅历史来源路径包含的边,3,0.9975555555555555,0.0015261318533023067,0.0015261318533023067,0.008294741519623332,0.008294741519623332
GP 表达式自身产生的状态,250,历史全局最优路径,GP 源内重加权,重启和可选上界处理后,仅历史来源路径包含的边,4,1.0,0.0,0.0,0.0,0.0
GP 表达式自身产生的状态,250,历史全局最优路径,GP 源内重加权,重启和可选上界处理后,仅历史来源路径包含的边,5,1.0,0.0,0.0,0.0,0.0
GP 表达式自身产生的状态,250,历史全局最优路径,GP 源内重加权,重启和可选上界处理后,仅历史来源路径包含的边,6,1.0,0.0,0.0,0.0,0.0
GP 表达式自身产生的状态,250,历史全局最优路径,GP 源内重加权,重启和可选上界处理后,仅历史来源路径包含的边,7,1.0,0.0,0.0,0.0,0.0
GP 表达式自身产生的状态,250,历史全局最优路径,GP 源内重加权,重启和可选上界处理后,仅本轮最优路径包含的边,0,0.9993333333333333,-0.0005599665436396507,0.0005599665436396507,-0.005621440156742378,0.005621440156742378
GP 表达式自身产生的状态,250,历史全局最优路径,GP 源内重加权,重启和可选上界处理后,仅本轮最优路径包含的边,1,1.0,0.0,0.0,0.0,0.0
GP 表达式自身产生的状态,250,历史全局最优路径,GP 源内重加权,重启和可选上界处理后,仅本轮最优路径包含的边,2,1.0,0.0,0.0,0.0,0.0
GP 表达式自身产生的状态,250,历史全局最优路径,GP 源内重加权,重启和可选上界处理后,仅本轮最优路径包含的边,3,0.9975555555555555,-0.0022914427337714215,0.0022914427337714215,-0.012308208614639524,0.012308208614639524
GP 表达式自身产生的状态,250,历史全局最优路径,GP 源内重加权,重启和可选上界处理后,仅本轮最优路径包含的边,4,1.0,0.0,0.0,0.0,0.0
GP 表达式自身产生的状态,250,历史全局最优路径,GP 源内重加权,重启和可选上界处理后,仅本轮最优路径包含的边,5,1.0,0.0,0.0,0.0,0.0
GP 表达式自身产生的状态,250,历史全局最优路径,GP 源内重加权,重启和可选上界处理后,仅本轮最优路径包含的边,6,1.0,0.0,0.0,0.0,0.0
GP 表达式自身产生的状态,250,历史全局最优路径,GP 源内重加权,重启和可选上界处理后,仅本轮最优路径包含的边,7,1.0,0.0,0.0,0.0,0.0
GP 表达式自身产生的状态,250,历史全局最优路径,GP 源内重加权,重启和可选上界处理后,其他候选弧,0,0.9993333333333333,0.0,0.0,0.0,0.0
GP 表达式自身产生的状态,250,历史全局最优路径,GP 源内重加权,重启和可选上界处理后,其他候选弧,1,1.0,0.0,0.0,0.0,0.0
GP 表达式自身产生的状态,250,历史全局最优路径,GP 源内重加权,重启和可选上界处理后,其他候选弧,2,1.0,0.0,0.0,0.0,0.0
GP 表达式自身产生的状态,250,历史全局最优路径,GP 源内重加权,重启和可选上界处理后,其他候选弧,3,0.9975555555555555,0.0,0.0,0.0,0.0
GP 表达式自身产生的状态,250,历史全局最优路径,GP 源内重加权,重启和可选上界处理后,其他候选弧,4,1.0,0.0,0.0,0.0,0.0
GP 表达式自身产生的状态,250,历史全局最优路径,GP 源内重加权,重启和可选上界处理后,其他候选弧,5,1.0,0.0,0.0,0.0,0.0
GP 表达式自身产生的状态,250,历史全局最优路径,GP 源内重加权,重启和可选上界处理后,其他候选弧,6,1.0,0.0,0.0,0.0,0.0
GP 表达式自身产生的状态,250,历史全局最优路径,GP 源内重加权,重启和可选上界处理后,其他候选弧,7,1.0,0.0,0.0,0.0,0.0
GP 表达式自身产生的状态,250,历史全局最优路径,来源内均匀沉积,更新前,两条来源路径共有边,0,0.9993333333333333,0.0,0.0,0.0,0.0
GP 表达式自身产生的状态,250,历史全局最优路径,来源内均匀沉积,更新前,两条来源路径共有边,1,1.0,0.0,0.0,0.0,0.0
GP 表达式自身产生的状态,250,历史全局最优路径,来源内均匀沉积,更新前,两条来源路径共有边,2,1.0,0.0,0.0,0.0,0.0
GP 表达式自身产生的状态,250,历史全局最优路径,来源内均匀沉积,更新前,两条来源路径共有边,3,0.9975555555555555,0.0,0.0,0.0,0.0
GP 表达式自身产生的状态,250,历史全局最优路径,来源内均匀沉积,更新前,两条来源路径共有边,4,1.0,0.0,0.0,0.0,0.0
GP 表达式自身产生的状态,250,历史全局最优路径,来源内均匀沉积,更新前,两条来源路径共有边,5,1.0,0.0,0.0,0.0,0.0
GP 表达式自身产生的状态,250,历史全局最优路径,来源内均匀沉积,更新前,两条来源路径共有边,6,1.0,0.0,0.0,0.0,0.0
GP 表达式自身产生的状态,250,历史全局最优路径,来源内均匀沉积,更新前,两条来源路径共有边,7,1.0,0.0,0.0,0.0,0.0
GP 表达式自身产生的状态,250,历史全局最优路径,来源内均匀沉积,更新前,仅历史来源路径包含的边,0,0.9993333333333333,0.0,0.0,0.0,0.0
GP 表达式自身产生的状态,250,历史全局最优路径,来源内均匀沉积,更新前,仅历史来源路径包含的边,1,1.0,0.0,0.0,0.0,0.0
GP 表达式自身产生的状态,250,历史全局最优路径,来源内均匀沉积,更新前,仅历史来源路径包含的边,2,1.0,0.0,0.0,0.0,0.0
GP 表达式自身产生的状态,250,历史全局最优路径,来源内均匀沉积,更新前,仅历史来源路径包含的边,3,0.9975555555555555,0.0,0.0,0.0,0.0
GP 表达式自身产生的状态,250,历史全局最优路径,来源内均匀沉积,更新前,仅历史来源路径包含的边,4,1.0,0.0,0.0,0.0,0.0
GP 表达式自身产生的状态,250,历史全局最优路径,来源内均匀沉积,更新前,仅历史来源路径包含的边,5,1.0,0.0,0.0,0.0,0.0
GP 表达式自身产生的状态,250,历史全局最优路径,来源内均匀沉积,更新前,仅历史来源路径包含的边,6,1.0,0.0,0.0,0.0,0.0
GP 表达式自身产生的状态,250,历史全局最优路径,来源内均匀沉积,更新前,仅历史来源路径包含的边,7,1.0,0.0,0.0,0.0,0.0
GP 表达式自身产生的状态,250,历史全局最优路径,来源内均匀沉积,更新前,仅本轮最优路径包含的边,0,0.9993333333333333,0.0,0.0,0.0,0.0
GP 表达式自身产生的状态,250,历史全局最优路径,来源内均匀沉积,更新前,仅本轮最优路径包含的边,1,1.0,0.0,0.0,0.0,0.0
GP 表达式自身产生的状态,250,历史全局最优路径,来源内均匀沉积,更新前,仅本轮最优路径包含的边,2,1.0,0.0,0.0,0.0,0.0
GP 表达式自身产生的状态,250,历史全局最优路径,来源内均匀沉积,更新前,仅本轮最优路径包含的边,3,0.9975555555555555,0.0,0.0,0.0,0.0
GP 表达式自身产生的状态,250,历史全局最优路径,来源内均匀沉积,更新前,仅本轮最优路径包含的边,4,1.0,0.0,0.0,0.0,0.0
GP 表达式自身产生的状态,250,历史全局最优路径,来源内均匀沉积,更新前,仅本轮最优路径包含的边,5,1.0,0.0,0.0,0.0,0.0
GP 表达式自身产生的状态,250,历史全局最优路径,来源内均匀沉积,更新前,仅本轮最优路径包含的边,6,1.0,0.0,0.0,0.0,0.0
GP 表达式自身产生的状态,250,历史全局最优路径,来源内均匀沉积,更新前,仅本轮最优路径包含的边,7,1.0,0.0,0.0,0.0,0.0
GP 表达式自身产生的状态,250,历史全局最优路径,来源内均匀沉积,更新前,其他候选弧,0,0.9993333333333333,0.0,0.0,0.0,0.0
GP 表达式自身产生的状态,250,历史全局最优路径,来源内均匀沉积,更新前,其他候选弧,1,1.0,0.0,0.0,0.0,0.0
GP 表达式自身产生的状态,250,历史全局最优路径,来源内均匀沉积,更新前,其他候选弧,2,1.0,0.0,0.0,0.0,0.0
GP 表达式自身产生的状态,250,历史全局最优路径,来源内均匀沉积,更新前,其他候选弧,3,0.9975555555555555,0.0,0.0,0.0,0.0
GP 表达式自身产生的状态,250,历史全局最优路径,来源内均匀沉积,更新前,其他候选弧,4,1.0,0.0,0.0,0.0,0.0
GP 表达式自身产生的状态,250,历史全局最优路径,来源内均匀沉积,更新前,其他候选弧,5,1.0,0.0,0.0,0.0,0.0
GP 表达式自身产生的状态,250,历史全局最优路径,来源内均匀沉积,更新前,其他候选弧,6,1.0,0.0,0.0,0.0,0.0
GP 表达式自身产生的状态,250,历史全局最优路径,来源内均匀沉积,更新前,其他候选弧,7,1.0,0.0,0.0,0.0,0.0
GP 表达式自身产生的状态,250,历史全局最优路径,来源内均匀沉积,沉积后,两条来源路径共有边,0,0.9993333333333333,0.0,0.0,0.0,0.0
GP 表达式自身产生的状态,250,历史全局最优路径,来源内均匀沉积,沉积后,两条来源路径共有边,1,1.0,0.0,0.0,0.0,0.0
GP 表达式自身产生的状态,250,历史全局最优路径,来源内均匀沉积,沉积后,两条来源路径共有边,2,1.0,0.0,0.0,0.0,0.0
GP 表达式自身产生的状态,250,历史全局最优路径,来源内均匀沉积,沉积后,两条来源路径共有边,3,0.9975555555555555,-3.400739645430909e-08,3.400739645430909e-08,-2.0486491543429717e-09,2.0486491543429717e-09
GP 表达式自身产生的状态,250,历史全局最优路径,来源内均匀沉积,沉积后,两条来源路径共有边,4,1.0,0.0,0.0,0.0,0.0
GP 表达式自身产生的状态,250,历史全局最优路径,来源内均匀沉积,沉积后,两条来源路径共有边,5,1.0,-9.814317970180308e-09,9.814317970180308e-09,-6.02669186062283e-10,6.02669186062283e-10
GP 表达式自身产生的状态,250,历史全局最优路径,来源内均匀沉积,沉积后,两条来源路径共有边,6,1.0,-8.925163091591295e-09,8.925163091591295e-09,-5.496872795952691e-10,5.496872795952691e-10
GP 表达式自身产生的状态,250,历史全局最优路径,来源内均匀沉积,沉积后,两条来源路径共有边,7,1.0,0.0,0.0,0.0,0.0
GP 表达式自身产生的状态,250,历史全局最优路径,来源内均匀沉积,沉积后,仅历史来源路径包含的边,0,0.9993333333333333,0.0006666666358252941,0.0006666666358252941,0.006692590191960335,0.006692590191960335
GP 表达式自身产生的状态,250,历史全局最优路径,来源内均匀沉积,沉积后,仅历史来源路径包含的边,1,1.0,0.0,0.0,0.0,0.0
GP 表达式自身产生的状态,250,历史全局最优路径,来源内均匀沉积,沉积后,仅历史来源路径包含的边,2,1.0,0.0,0.0,0.0,0.0
GP 表达式自身产生的状态,250,历史全局最优路径,来源内均匀沉积,沉积后,仅历史来源路径包含的边,3,0.9975555555555555,0.0024444444857513233,0.0024444444857513233,0.013287439818183581,0.013287439818183581
GP 表达式自身产生的状态,250,历史全局最优路径,来源内均匀沉积,沉积后,仅历史来源路径包含的边,4,1.0,0.0,0.0,0.0,0.0
GP 表达式自身产生的状态,250,历史全局最优路径,来源内均匀沉积,沉积后,仅历史来源路径包含的边,5,1.0,0.0,0.0,0.0,0.0
GP 表达式自身产生的状态,250,历史全局最优路径,来源内均匀沉积,沉积后,仅历史来源路径包含的边,6,1.0,0.0,0.0,0.0,0.0
GP 表达式自身产生的状态,250,历史全局最优路径,来源内均匀沉积,沉积后,仅历史来源路径包含的边,7,1.0,0.0,0.0,0.0,0.0
GP 表达式自身产生的状态,250,历史全局最优路径,来源内均匀沉积,沉积后,仅本轮最优路径包含的边,0,0.9993333333333333,-0.000666666670185112,0.000666666670185112,-0.006692590536894622,0.006692590536894622
GP 表达式自身产生的状态,250,历史全局最优路径,来源内均匀沉积,沉积后,仅本轮最优路径包含的边,1,1.0,0.0,0.0,0.0,0.0
GP 表达式自身产生的状态,250,历史全局最优路径,来源内均匀沉积,沉积后,仅本轮最优路径包含的边,2,1.0,0.0,0.0,0.0,0.0
GP 表达式自身产生的状态,250,历史全局最优路径,来源内均匀沉积,沉积后,仅本轮最优路径包含的边,3,0.9975555555555555,-0.0024444445430974538,0.0024444445430974538,-0.013287440036785685,0.013287440036785685
GP 表达式自身产生的状态,250,历史全局最优路径,来源内均匀沉积,沉积后,仅本轮最优路径包含的边,4,1.0,0.0,0.0,0.0,0.0
GP 表达式自身产生的状态,250,历史全局最优路径,来源内均匀沉积,沉积后,仅本轮最优路径包含的边,5,1.0,0.0,0.0,0.0,0.0
GP 表达式自身产生的状态,250,历史全局最优路径,来源内均匀沉积,沉积后,仅本轮最优路径包含的边,6,1.0,0.0,0.0,0.0,0.0
GP 表达式自身产生的状态,250,历史全局最优路径,来源内均匀沉积,沉积后,仅本轮最优路径包含的边,7,1.0,0.0,0.0,0.0,0.0
GP 表达式自身产生的状态,250,历史全局最优路径,来源内均匀沉积,沉积后,其他候选弧,0,0.9993333333333333,0.0,0.0,0.0,0.0
GP 表达式自身产生的状态,250,历史全局最优路径,来源内均匀沉积,沉积后,其他候选弧,1,1.0,0.0,0.0,0.0,0.0
GP 表达式自身产生的状态,250,历史全局最优路径,来源内均匀沉积,沉积后,其他候选弧,2,1.0,0.0,0.0,0.0,0.0
GP 表达式自身产生的状态,250,历史全局最优路径,来源内均匀沉积,沉积后,其他候选弧,3,0.9975555555555555,0.0,0.0,0.0,0.0
GP 表达式自身产生的状态,250,历史全局最优路径,来源内均匀沉积,沉积后,其他候选弧,4,1.0,0.0,0.0,0.0,0.0
GP 表达式自身产生的状态,250,历史全局最优路径,来源内均匀沉积,沉积后,其他候选弧,5,1.0,0.0,0.0,0.0,0.0
GP 表达式自身产生的状态,250,历史全局最优路径,来源内均匀沉积,沉积后,其他候选弧,6,1.0,0.0,0.0,0.0,0.0
GP 表达式自身产生的状态,250,历史全局最优路径,来源内均匀沉积,沉积后,其他候选弧,7,1.0,0.0,0.0,0.0,0.0
GP 表达式自身产生的状态,250,历史全局最优路径,来源内均匀沉积,蒸发和下界保护后,两条来源路径共有边,0,0.9993333333333333,0.0,0.0,0.0,0.0
GP 表达式自身产生的状态,250,历史全局最优路径,来源内均匀沉积,蒸发和下界保护后,两条来源路径共有边,1,1.0,0.0,0.0,0.0,0.0
GP 表达式自身产生的状态,250,历史全局最优路径,来源内均匀沉积,蒸发和下界保护后,两条来源路径共有边,2,1.0,0.0,0.0,0.0,0.0
GP 表达式自身产生的状态,250,历史全局最优路径,来源内均匀沉积,蒸发和下界保护后,两条来源路径共有边,3,0.9975555555555555,0.0,0.0,0.0,0.0
GP 表达式自身产生的状态,250,历史全局最优路径,来源内均匀沉积,蒸发和下界保护后,两条来源路径共有边,4,1.0,0.0,0.0,0.0,0.0
GP 表达式自身产生的状态,250,历史全局最优路径,来源内均匀沉积,蒸发和下界保护后,两条来源路径共有边,5,1.0,0.0,0.0,0.0,0.0
GP 表达式自身产生的状态,250,历史全局最优路径,来源内均匀沉积,蒸发和下界保护后,两条来源路径共有边,6,1.0,0.0,0.0,0.0,0.0
GP 表达式自身产生的状态,250,历史全局最优路径,来源内均匀沉积,蒸发和下界保护后,两条来源路径共有边,7,1.0,0.0,0.0,0.0,0.0
GP 表达式自身产生的状态,250,历史全局最优路径,来源内均匀沉积,蒸发和下界保护后,仅历史来源路径包含的边,0,0.9993333333333333,0.0,0.0,0.0,0.0
GP 表达式自身产生的状态,250,历史全局最优路径,来源内均匀沉积,蒸发和下界保护后,仅历史来源路径包含的边,1,1.0,0.0,0.0,0.0,0.0
GP 表达式自身产生的状态,250,历史全局最优路径,来源内均匀沉积,蒸发和下界保护后,仅历史来源路径包含的边,2,1.0,0.0,0.0,0.0,0.0
GP 表达式自身产生的状态,250,历史全局最优路径,来源内均匀沉积,蒸发和下界保护后,仅历史来源路径包含的边,3,0.9975555555555555,0.0,0.0,0.0,0.0
GP 表达式自身产生的状态,250,历史全局最优路径,来源内均匀沉积,蒸发和下界保护后,仅历史来源路径包含的边,4,1.0,0.0,0.0,0.0,0.0
GP 表达式自身产生的状态,250,历史全局最优路径,来源内均匀沉积,蒸发和下界保护后,仅历史来源路径包含的边,5,1.0,0.0,0.0,0.0,0.0
GP 表达式自身产生的状态,250,历史全局最优路径,来源内均匀沉积,蒸发和下界保护后,仅历史来源路径包含的边,6,1.0,0.0,0.0,0.0,0.0
GP 表达式自身产生的状态,250,历史全局最优路径,来源内均匀沉积,蒸发和下界保护后,仅历史来源路径包含的边,7,1.0,0.0,0.0,0.0,0.0
GP 表达式自身产生的状态,250,历史全局最优路径,来源内均匀沉积,蒸发和下界保护后,仅本轮最优路径包含的边,0,0.9993333333333333,0.0,0.0,0.0,0.0
GP 表达式自身产生的状态,250,历史全局最优路径,来源内均匀沉积,蒸发和下界保护后,仅本轮最优路径包含的边,1,1.0,0.0,0.0,0.0,0.0
GP 表达式自身产生的状态,250,历史全局最优路径,来源内均匀沉积,蒸发和下界保护后,仅本轮最优路径包含的边,2,1.0,0.0,0.0,0.0,0.0
GP 表达式自身产生的状态,250,历史全局最优路径,来源内均匀沉积,蒸发和下界保护后,仅本轮最优路径包含的边,3,0.9975555555555555,0.0,0.0,0.0,0.0
GP 表达式自身产生的状态,250,历史全局最优路径,来源内均匀沉积,蒸发和下界保护后,仅本轮最优路径包含的边,4,1.0,0.0,0.0,0.0,0.0
GP 表达式自身产生的状态,250,历史全局最优路径,来源内均匀沉积,蒸发和下界保护后,仅本轮最优路径包含的边,5,1.0,0.0,0.0,0.0,0.0
GP 表达式自身产生的状态,250,历史全局最优路径,来源内均匀沉积,蒸发和下界保护后,仅本轮最优路径包含的边,6,1.0,0.0,0.0,0.0,0.0
GP 表达式自身产生的状态,250,历史全局最优路径,来源内均匀沉积,蒸发和下界保护后,仅本轮最优路径包含的边,7,1.0,0.0,0.0,0.0,0.0
GP 表达式自身产生的状态,250,历史全局最优路径,来源内均匀沉积,蒸发和下界保护后,其他候选弧,0,0.9993333333333333,0.0,0.0,0.0,0.0
GP 表达式自身产生的状态,250,历史全局最优路径,来源内均匀沉积,蒸发和下界保护后,其他候选弧,1,1.0,0.0,0.0,0.0,0.0
GP 表达式自身产生的状态,250,历史全局最优路径,来源内均匀沉积,蒸发和下界保护后,其他候选弧,2,1.0,0.0,0.0,0.0,0.0
GP 表达式自身产生的状态,250,历史全局最优路径,来源内均匀沉积,蒸发和下界保护后,其他候选弧,3,0.9975555555555555,0.0,0.0,0.0,0.0
GP 表达式自身产生的状态,250,历史全局最优路径,来源内均匀沉积,蒸发和下界保护后,其他候选弧,4,1.0,0.0,0.0,0.0,0.0
GP 表达式自身产生的状态,250,历史全局最优路径,来源内均匀沉积,蒸发和下界保护后,其他候选弧,5,1.0,0.0,0.0,0.0,0.0
GP 表达式自身产生的状态,250,历史全局最优路径,来源内均匀沉积,蒸发和下界保护后,其他候选弧,6,1.0,0.0,0.0,0.0,0.0
GP 表达式自身产生的状态,250,历史全局最优路径,来源内均匀沉积,蒸发和下界保护后,其他候选弧,7,1.0,0.0,0.0,0.0,0.0
GP 表达式自身产生的状态,250,历史全局最优路径,来源内均匀沉积,重启和可选上界处理后,两条来源路径共有边,0,0.9993333333333333,0.0,0.0,0.0,0.0
GP 表达式自身产生的状态,250,历史全局最优路径,来源内均匀沉积,重启和可选上界处理后,两条来源路径共有边,1,1.0,0.0,0.0,0.0,0.0
GP 表达式自身产生的状态,250,历史全局最优路径,来源内均匀沉积,重启和可选上界处理后,两条来源路径共有边,2,1.0,0.0,0.0,0.0,0.0
GP 表达式自身产生的状态,250,历史全局最优路径,来源内均匀沉积,重启和可选上界处理后,两条来源路径共有边,3,0.9975555555555555,-3.400739645430909e-08,3.400739645430909e-08,-2.0486491543429717e-09,2.0486491543429717e-09
GP 表达式自身产生的状态,250,历史全局最优路径,来源内均匀沉积,重启和可选上界处理后,两条来源路径共有边,4,1.0,0.0,0.0,0.0,0.0
GP 表达式自身产生的状态,250,历史全局最优路径,来源内均匀沉积,重启和可选上界处理后,两条来源路径共有边,5,1.0,-9.814317970180308e-09,9.814317970180308e-09,-6.02669186062283e-10,6.02669186062283e-10
GP 表达式自身产生的状态,250,历史全局最优路径,来源内均匀沉积,重启和可选上界处理后,两条来源路径共有边,6,1.0,-8.925163091591295e-09,8.925163091591295e-09,-5.496872795952691e-10,5.496872795952691e-10
GP 表达式自身产生的状态,250,历史全局最优路径,来源内均匀沉积,重启和可选上界处理后,两条来源路径共有边,7,1.0,0.0,0.0,0.0,0.0
GP 表达式自身产生的状态,250,历史全局最优路径,来源内均匀沉积,重启和可选上界处理后,仅历史来源路径包含的边,0,0.9993333333333333,0.0006666666358252941,0.0006666666358252941,0.006692590191960335,0.006692590191960335
GP 表达式自身产生的状态,250,历史全局最优路径,来源内均匀沉积,重启和可选上界处理后,仅历史来源路径包含的边,1,1.0,0.0,0.0,0.0,0.0
GP 表达式自身产生的状态,250,历史全局最优路径,来源内均匀沉积,重启和可选上界处理后,仅历史来源路径包含的边,2,1.0,0.0,0.0,0.0,0.0
GP 表达式自身产生的状态,250,历史全局最优路径,来源内均匀沉积,重启和可选上界处理后,仅历史来源路径包含的边,3,0.9975555555555555,0.0024444444857513233,0.0024444444857513233,0.013287439818183581,0.013287439818183581
GP 表达式自身产生的状态,250,历史全局最优路径,来源内均匀沉积,重启和可选上界处理后,仅历史来源路径包含的边,4,1.0,0.0,0.0,0.0,0.0
GP 表达式自身产生的状态,250,历史全局最优路径,来源内均匀沉积,重启和可选上界处理后,仅历史来源路径包含的边,5,1.0,0.0,0.0,0.0,0.0
GP 表达式自身产生的状态,250,历史全局最优路径,来源内均匀沉积,重启和可选上界处理后,仅历史来源路径包含的边,6,1.0,0.0,0.0,0.0,0.0
GP 表达式自身产生的状态,250,历史全局最优路径,来源内均匀沉积,重启和可选上界处理后,仅历史来源路径包含的边,7,1.0,0.0,0.0,0.0,0.0
GP 表达式自身产生的状态,250,历史全局最优路径,来源内均匀沉积,重启和可选上界处理后,仅本轮最优路径包含的边,0,0.9993333333333333,-0.000666666670185112,0.000666666670185112,-0.006692590536894622,0.006692590536894622
GP 表达式自身产生的状态,250,历史全局最优路径,来源内均匀沉积,重启和可选上界处理后,仅本轮最优路径包含的边,1,1.0,0.0,0.0,0.0,0.0
GP 表达式自身产生的状态,250,历史全局最优路径,来源内均匀沉积,重启和可选上界处理后,仅本轮最优路径包含的边,2,1.0,0.0,0.0,0.0,0.0
GP 表达式自身产生的状态,250,历史全局最优路径,来源内均匀沉积,重启和可选上界处理后,仅本轮最优路径包含的边,3,0.9975555555555555,-0.0024444445430974538,0.0024444445430974538,-0.013287440036785685,0.013287440036785685
GP 表达式自身产生的状态,250,历史全局最优路径,来源内均匀沉积,重启和可选上界处理后,仅本轮最优路径包含的边,4,1.0,0.0,0.0,0.0,0.0
GP 表达式自身产生的状态,250,历史全局最优路径,来源内均匀沉积,重启和可选上界处理后,仅本轮最优路径包含的边,5,1.0,0.0,0.0,0.0,0.0
GP 表达式自身产生的状态,250,历史全局最优路径,来源内均匀沉积,重启和可选上界处理后,仅本轮最优路径包含的边,6,1.0,0.0,0.0,0.0,0.0
GP 表达式自身产生的状态,250,历史全局最优路径,来源内均匀沉积,重启和可选上界处理后,仅本轮最优路径包含的边,7,1.0,0.0,0.0,0.0,0.0
GP 表达式自身产生的状态,250,历史全局最优路径,来源内均匀沉积,重启和可选上界处理后,其他候选弧,0,0.9993333333333333,0.0,0.0,0.0,0.0
GP 表达式自身产生的状态,250,历史全局最优路径,来源内均匀沉积,重启和可选上界处理后,其他候选弧,1,1.0,0.0,0.0,0.0,0.0
GP 表达式自身产生的状态,250,历史全局最优路径,来源内均匀沉积,重启和可选上界处理后,其他候选弧,2,1.0,0.0,0.0,0.0,0.0
GP 表达式自身产生的状态,250,历史全局最优路径,来源内均匀沉积,重启和可选上界处理后,其他候选弧,3,0.9975555555555555,0.0,0.0,0.0,0.0
GP 表达式自身产生的状态,250,历史全局最优路径,来源内均匀沉积,重启和可选上界处理后,其他候选弧,4,1.0,0.0,0.0,0.0,0.0
GP 表达式自身产生的状态,250,历史全局最优路径,来源内均匀沉积,重启和可选上界处理后,其他候选弧,5,1.0,0.0,0.0,0.0,0.0
GP 表达式自身产生的状态,250,历史全局最优路径,来源内均匀沉积,重启和可选上界处理后,其他候选弧,6,1.0,0.0,0.0,0.0,0.0
GP 表达式自身产生的状态,250,历史全局最优路径,来源内均匀沉积,重启和可选上界处理后,其他候选弧,7,1.0,0.0,0.0,0.0,0.0
GP 表达式自身产生的状态,250,历史重启阶段最优路径,GP 源内重加权,更新前,两条来源路径共有边,0,0.9993333333333333,0.0,0.0,0.0,0.0
GP 表达式自身产生的状态,250,历史重启阶段最优路径,GP 源内重加权,更新前,两条来源路径共有边,1,1.0,0.0,0.0,0.0,0.0
GP 表达式自身产生的状态,250,历史重启阶段最优路径,GP 源内重加权,更新前,两条来源路径共有边,2,1.0,0.0,0.0,0.0,0.0
GP 表达式自身产生的状态,250,历史重启阶段最优路径,GP 源内重加权,更新前,两条来源路径共有边,3,0.9975555555555555,0.0,0.0,0.0,0.0
GP 表达式自身产生的状态,250,历史重启阶段最优路径,GP 源内重加权,更新前,两条来源路径共有边,4,1.0,0.0,0.0,0.0,0.0
GP 表达式自身产生的状态,250,历史重启阶段最优路径,GP 源内重加权,更新前,两条来源路径共有边,5,1.0,0.0,0.0,0.0,0.0
GP 表达式自身产生的状态,250,历史重启阶段最优路径,GP 源内重加权,更新前,两条来源路径共有边,6,1.0,0.0,0.0,0.0,0.0
GP 表达式自身产生的状态,250,历史重启阶段最优路径,GP 源内重加权,更新前,两条来源路径共有边,7,1.0,0.0,0.0,0.0,0.0
GP 表达式自身产生的状态,250,历史重启阶段最优路径,GP 源内重加权,更新前,仅历史来源路径包含的边,0,0.9993333333333333,0.0,0.0,0.0,0.0
GP 表达式自身产生的状态,250,历史重启阶段最优路径,GP 源内重加权,更新前,仅历史来源路径包含的边,1,1.0,0.0,0.0,0.0,0.0
GP 表达式自身产生的状态,250,历史重启阶段最优路径,GP 源内重加权,更新前,仅历史来源路径包含的边,2,1.0,0.0,0.0,0.0,0.0
GP 表达式自身产生的状态,250,历史重启阶段最优路径,GP 源内重加权,更新前,仅历史来源路径包含的边,3,0.9975555555555555,0.0,0.0,0.0,0.0
GP 表达式自身产生的状态,250,历史重启阶段最优路径,GP 源内重加权,更新前,仅历史来源路径包含的边,4,1.0,0.0,0.0,0.0,0.0
GP 表达式自身产生的状态,250,历史重启阶段最优路径,GP 源内重加权,更新前,仅历史来源路径包含的边,5,1.0,0.0,0.0,0.0,0.0
GP 表达式自身产生的状态,250,历史重启阶段最优路径,GP 源内重加权,更新前,仅历史来源路径包含的边,6,1.0,0.0,0.0,0.0,0.0
GP 表达式自身产生的状态,250,历史重启阶段最优路径,GP 源内重加权,更新前,仅历史来源路径包含的边,7,1.0,0.0,0.0,0.0,0.0
GP 表达式自身产生的状态,250,历史重启阶段最优路径,GP 源内重加权,更新前,仅本轮最优路径包含的边,0,0.9993333333333333,0.0,0.0,0.0,0.0
GP 表达式自身产生的状态,250,历史重启阶段最优路径,GP 源内重加权,更新前,仅本轮最优路径包含的边,1,1.0,0.0,0.0,0.0,0.0
GP 表达式自身产生的状态,250,历史重启阶段最优路径,GP 源内重加权,更新前,仅本轮最优路径包含的边,2,1.0,0.0,0.0,0.0,0.0
GP 表达式自身产生的状态,250,历史重启阶段最优路径,GP 源内重加权,更新前,仅本轮最优路径包含的边,3,0.9975555555555555,0.0,0.0,0.0,0.0
GP 表达式自身产生的状态,250,历史重启阶段最优路径,GP 源内重加权,更新前,仅本轮最优路径包含的边,4,1.0,0.0,0.0,0.0,0.0
GP 表达式自身产生的状态,250,历史重启阶段最优路径,GP 源内重加权,更新前,仅本轮最优路径包含的边,5,1.0,0.0,0.0,0.0,0.0
GP 表达式自身产生的状态,250,历史重启阶段最优路径,GP 源内重加权,更新前,仅本轮最优路径包含的边,6,1.0,0.0,0.0,0.0,0.0
GP 表达式自身产生的状态,250,历史重启阶段最优路径,GP 源内重加权,更新前,仅本轮最优路径包含的边,7,1.0,0.0,0.0,0.0,0.0
GP 表达式自身产生的状态,250,历史重启阶段最优路径,GP 源内重加权,更新前,其他候选弧,0,0.9993333333333333,0.0,0.0,0.0,0.0
GP 表达式自身产生的状态,250,历史重启阶段最优路径,GP 源内重加权,更新前,其他候选弧,1,1.0,0.0,0.0,0.0,0.0
GP 表达式自身产生的状态,250,历史重启阶段最优路径,GP 源内重加权,更新前,其他候选弧,2,1.0,0.0,0.0,0.0,0.0
GP 表达式自身产生的状态,250,历史重启阶段最优路径,GP 源内重加权,更新前,其他候选弧,3,0.9975555555555555,0.0,0.0,0.0,0.0
GP 表达式自身产生的状态,250,历史重启阶段最优路径,GP 源内重加权,更新前,其他候选弧,4,1.0,0.0,0.0,0.0,0.0
GP 表达式自身产生的状态,250,历史重启阶段最优路径,GP 源内重加权,更新前,其他候选弧,5,1.0,0.0,0.0,0.0,0.0
GP 表达式自身产生的状态,250,历史重启阶段最优路径,GP 源内重加权,更新前,其他候选弧,6,1.0,0.0,0.0,0.0,0.0
GP 表达式自身产生的状态,250,历史重启阶段最优路径,GP 源内重加权,更新前,其他候选弧,7,1.0,0.0,0.0,0.0,0.0
GP 表达式自身产生的状态,250,历史重启阶段最优路径,GP 源内重加权,沉积后,两条来源路径共有边,0,0.9993333333333333,0.00010870853694246418,0.00011061604856165127,6.587407705156483e-06,6.70243142409637e-06
GP 表达式自身产生的状态,250,历史重启阶段最优路径,GP 源内重加权,沉积后,两条来源路径共有边,1,1.0,-3.487311553552246e-07,1.4024802103891218e-06,-2.0709302690294054e-08,8.330742518107096e-08
GP 表达式自身产生的状态,250,历史重启阶段最优路径,GP 源内重加权,沉积后,两条来源路径共有边,2,1.0,-7.17588040744579e-08,3.4970522962696564e-06,-4.40412097507053e-09,2.130468686421712e-07
GP 表达式自身产生的状态,250,历史重启阶段最优路径,GP 源内重加权,沉积后,两条来源路径共有边,3,0.9975555555555555,0.0007658212851780958,0.0007699047696326296,4.632052849899277e-05,4.656470886042262e-05
GP 表达式自身产生的状态,250,历史重启阶段最优路径,GP 源内重加权,沉积后,两条来源路径共有边,4,1.0,1.7421151580774635e-07,1.1566145906944695e-06,1.076691680484348e-08,7.156365447574191e-08
GP 表达式自身产生的状态,250,历史重启阶段最优路径,GP 源内重加权,沉积后,两条来源路径共有边,5,1.0,2.708360781090841e-07,2.3181937906933886e-06,1.665784253014459e-08,1.4231767919328476e-07
GP 表达式自身产生的状态,250,历史重启阶段最优路径,GP 源内重加权,沉积后,两条来源路径共有边,6,1.0,-4.198415074716778e-08,1.2525996413430321e-05,-2.5944577323065855e-09,7.711433702045018e-07
GP 表达式自身产生的状态,250,历史重启阶段最优路径,GP 源内重加权,沉积后,两条来源路径共有边,7,1.0,7.298671665458271e-08,1.1454741518847555e-05,4.4090880288018126e-09,6.92392388979594e-07
GP 表达式自身产生的状态,250,历史重启阶段最优路径,GP 源内重加权,沉积后,仅历史来源路径包含的边,0,0.9993333333333333,0.0004512242000824154,0.0004512242000824154,0.0045297881933274095,0.0045297881933274095
GP 表达式自身产生的状态,250,历史重启阶段最优路径,GP 源内重加权,沉积后,仅历史来源路径包含的边,1,1.0,0.0,0.0,0.0,0.0
GP 表达式自身产生的状态,250,历史重启阶段最优路径,GP 源内重加权,沉积后,仅历史来源路径包含的边,2,1.0,0.0,0.0,0.0,0.0
GP 表达式自身产生的状态,250,历史重启阶段最优路径,GP 源内重加权,沉积后,仅历史来源路径包含的边,3,0.9975555555555555,0.0015261318533023067,0.0015261318533023067,0.008294741519623332,0.008294741519623332
GP 表达式自身产生的状态,250,历史重启阶段最优路径,GP 源内重加权,沉积后,仅历史来源路径包含的边,4,1.0,0.0,0.0,0.0,0.0
GP 表达式自身产生的状态,250,历史重启阶段最优路径,GP 源内重加权,沉积后,仅历史来源路径包含的边,5,1.0,0.0,0.0,0.0,0.0
GP 表达式自身产生的状态,250,历史重启阶段最优路径,GP 源内重加权,沉积后,仅历史来源路径包含的边,6,1.0,0.0,0.0,0.0,0.0
GP 表达式自身产生的状态,250,历史重启阶段最优路径,GP 源内重加权,沉积后,仅历史来源路径包含的边,7,1.0,0.0,0.0,0.0,0.0
GP 表达式自身产生的状态,250,历史重启阶段最优路径,GP 源内重加权,沉积后,仅本轮最优路径包含的边,0,0.9993333333333333,-0.0005599665436396507,0.0005599665436396507,-0.005621440156742378,0.005621440156742378
GP 表达式自身产生的状态,250,历史重启阶段最优路径,GP 源内重加权,沉积后,仅本轮最优路径包含的边,1,1.0,0.0,0.0,0.0,0.0
GP 表达式自身产生的状态,250,历史重启阶段最优路径,GP 源内重加权,沉积后,仅本轮最优路径包含的边,2,1.0,0.0,0.0,0.0,0.0
GP 表达式自身产生的状态,250,历史重启阶段最优路径,GP 源内重加权,沉积后,仅本轮最优路径包含的边,3,0.9975555555555555,-0.0022914427337714215,0.0022914427337714215,-0.012308208614639524,0.012308208614639524
GP 表达式自身产生的状态,250,历史重启阶段最优路径,GP 源内重加权,沉积后,仅本轮最优路径包含的边,4,1.0,0.0,0.0,0.0,0.0
GP 表达式自身产生的状态,250,历史重启阶段最优路径,GP 源内重加权,沉积后,仅本轮最优路径包含的边,5,1.0,0.0,0.0,0.0,0.0
GP 表达式自身产生的状态,250,历史重启阶段最优路径,GP 源内重加权,沉积后,仅本轮最优路径包含的边,6,1.0,0.0,0.0,0.0,0.0
GP 表达式自身产生的状态,250,历史重启阶段最优路径,GP 源内重加权,沉积后,仅本轮最优路径包含的边,7,1.0,0.0,0.0,0.0,0.0
GP 表达式自身产生的状态,250,历史重启阶段最优路径,GP 源内重加权,沉积后,其他候选弧,0,0.9993333333333333,0.0,0.0,0.0,0.0
GP 表达式自身产生的状态,250,历史重启阶段最优路径,GP 源内重加权,沉积后,其他候选弧,1,1.0,0.0,0.0,0.0,0.0
GP 表达式自身产生的状态,250,历史重启阶段最优路径,GP 源内重加权,沉积后,其他候选弧,2,1.0,0.0,0.0,0.0,0.0
GP 表达式自身产生的状态,250,历史重启阶段最优路径,GP 源内重加权,沉积后,其他候选弧,3,0.9975555555555555,0.0,0.0,0.0,0.0
GP 表达式自身产生的状态,250,历史重启阶段最优路径,GP 源内重加权,沉积后,其他候选弧,4,1.0,0.0,0.0,0.0,0.0
GP 表达式自身产生的状态,250,历史重启阶段最优路径,GP 源内重加权,沉积后,其他候选弧,5,1.0,0.0,0.0,0.0,0.0
GP 表达式自身产生的状态,250,历史重启阶段最优路径,GP 源内重加权,沉积后,其他候选弧,6,1.0,0.0,0.0,0.0,0.0
GP 表达式自身产生的状态,250,历史重启阶段最优路径,GP 源内重加权,沉积后,其他候选弧,7,1.0,0.0,0.0,0.0,0.0
GP 表达式自身产生的状态,250,历史重启阶段最优路径,GP 源内重加权,蒸发和下界保护后,两条来源路径共有边,0,0.9993333333333333,0.0,0.0,0.0,0.0
GP 表达式自身产生的状态,250,历史重启阶段最优路径,GP 源内重加权,蒸发和下界保护后,两条来源路径共有边,1,1.0,0.0,0.0,0.0,0.0
GP 表达式自身产生的状态,250,历史重启阶段最优路径,GP 源内重加权,蒸发和下界保护后,两条来源路径共有边,2,1.0,0.0,0.0,0.0,0.0
GP 表达式自身产生的状态,250,历史重启阶段最优路径,GP 源内重加权,蒸发和下界保护后,两条来源路径共有边,3,0.9975555555555555,0.0,0.0,0.0,0.0
GP 表达式自身产生的状态,250,历史重启阶段最优路径,GP 源内重加权,蒸发和下界保护后,两条来源路径共有边,4,1.0,0.0,0.0,0.0,0.0
GP 表达式自身产生的状态,250,历史重启阶段最优路径,GP 源内重加权,蒸发和下界保护后,两条来源路径共有边,5,1.0,0.0,0.0,0.0,0.0
GP 表达式自身产生的状态,250,历史重启阶段最优路径,GP 源内重加权,蒸发和下界保护后,两条来源路径共有边,6,1.0,0.0,0.0,0.0,0.0
GP 表达式自身产生的状态,250,历史重启阶段最优路径,GP 源内重加权,蒸发和下界保护后,两条来源路径共有边,7,1.0,0.0,0.0,0.0,0.0
GP 表达式自身产生的状态,250,历史重启阶段最优路径,GP 源内重加权,蒸发和下界保护后,仅历史来源路径包含的边,0,0.9993333333333333,0.0,0.0,0.0,0.0
GP 表达式自身产生的状态,250,历史重启阶段最优路径,GP 源内重加权,蒸发和下界保护后,仅历史来源路径包含的边,1,1.0,0.0,0.0,0.0,0.0
GP 表达式自身产生的状态,250,历史重启阶段最优路径,GP 源内重加权,蒸发和下界保护后,仅历史来源路径包含的边,2,1.0,0.0,0.0,0.0,0.0
GP 表达式自身产生的状态,250,历史重启阶段最优路径,GP 源内重加权,蒸发和下界保护后,仅历史来源路径包含的边,3,0.9975555555555555,0.0,0.0,0.0,0.0
GP 表达式自身产生的状态,250,历史重启阶段最优路径,GP 源内重加权,蒸发和下界保护后,仅历史来源路径包含的边,4,1.0,0.0,0.0,0.0,0.0
GP 表达式自身产生的状态,250,历史重启阶段最优路径,GP 源内重加权,蒸发和下界保护后,仅历史来源路径包含的边,5,1.0,0.0,0.0,0.0,0.0
GP 表达式自身产生的状态,250,历史重启阶段最优路径,GP 源内重加权,蒸发和下界保护后,仅历史来源路径包含的边,6,1.0,0.0,0.0,0.0,0.0
GP 表达式自身产生的状态,250,历史重启阶段最优路径,GP 源内重加权,蒸发和下界保护后,仅历史来源路径包含的边,7,1.0,0.0,0.0,0.0,0.0
GP 表达式自身产生的状态,250,历史重启阶段最优路径,GP 源内重加权,蒸发和下界保护后,仅本轮最优路径包含的边,0,0.9993333333333333,0.0,0.0,0.0,0.0
GP 表达式自身产生的状态,250,历史重启阶段最优路径,GP 源内重加权,蒸发和下界保护后,仅本轮最优路径包含的边,1,1.0,0.0,0.0,0.0,0.0
GP 表达式自身产生的状态,250,历史重启阶段最优路径,GP 源内重加权,蒸发和下界保护后,仅本轮最优路径包含的边,2,1.0,0.0,0.0,0.0,0.0
GP 表达式自身产生的状态,250,历史重启阶段最优路径,GP 源内重加权,蒸发和下界保护后,仅本轮最优路径包含的边,3,0.9975555555555555,0.0,0.0,0.0,0.0
GP 表达式自身产生的状态,250,历史重启阶段最优路径,GP 源内重加权,蒸发和下界保护后,仅本轮最优路径包含的边,4,1.0,0.0,0.0,0.0,0.0
GP 表达式自身产生的状态,250,历史重启阶段最优路径,GP 源内重加权,蒸发和下界保护后,仅本轮最优路径包含的边,5,1.0,0.0,0.0,0.0,0.0
GP 表达式自身产生的状态,250,历史重启阶段最优路径,GP 源内重加权,蒸发和下界保护后,仅本轮最优路径包含的边,6,1.0,0.0,0.0,0.0,0.0
GP 表达式自身产生的状态,250,历史重启阶段最优路径,GP 源内重加权,蒸发和下界保护后,仅本轮最优路径包含的边,7,1.0,0.0,0.0,0.0,0.0
GP 表达式自身产生的状态,250,历史重启阶段最优路径,GP 源内重加权,蒸发和下界保护后,其他候选弧,0,0.9993333333333333,0.0,0.0,0.0,0.0
GP 表达式自身产生的状态,250,历史重启阶段最优路径,GP 源内重加权,蒸发和下界保护后,其他候选弧,1,1.0,0.0,0.0,0.0,0.0
GP 表达式自身产生的状态,250,历史重启阶段最优路径,GP 源内重加权,蒸发和下界保护后,其他候选弧,2,1.0,0.0,0.0,0.0,0.0
GP 表达式自身产生的状态,250,历史重启阶段最优路径,GP 源内重加权,蒸发和下界保护后,其他候选弧,3,0.9975555555555555,0.0,0.0,0.0,0.0
GP 表达式自身产生的状态,250,历史重启阶段最优路径,GP 源内重加权,蒸发和下界保护后,其他候选弧,4,1.0,0.0,0.0,0.0,0.0
GP 表达式自身产生的状态,250,历史重启阶段最优路径,GP 源内重加权,蒸发和下界保护后,其他候选弧,5,1.0,0.0,0.0,0.0,0.0
GP 表达式自身产生的状态,250,历史重启阶段最优路径,GP 源内重加权,蒸发和下界保护后,其他候选弧,6,1.0,0.0,0.0,0.0,0.0
GP 表达式自身产生的状态,250,历史重启阶段最优路径,GP 源内重加权,蒸发和下界保护后,其他候选弧,7,1.0,0.0,0.0,0.0,0.0
GP 表达式自身产生的状态,250,历史重启阶段最优路径,GP 源内重加权,重启和可选上界处理后,两条来源路径共有边,0,0.9993333333333333,0.00010870853694246418,0.00011061604856165127,6.587407705156483e-06,6.70243142409637e-06
GP 表达式自身产生的状态,250,历史重启阶段最优路径,GP 源内重加权,重启和可选上界处理后,两条来源路径共有边,1,1.0,-3.487311553552246e-07,1.4024802103891218e-06,-2.0709302690294054e-08,8.330742518107096e-08
GP 表达式自身产生的状态,250,历史重启阶段最优路径,GP 源内重加权,重启和可选上界处理后,两条来源路径共有边,2,1.0,-7.17588040744579e-08,3.4970522962696564e-06,-4.40412097507053e-09,2.130468686421712e-07
GP 表达式自身产生的状态,250,历史重启阶段最优路径,GP 源内重加权,重启和可选上界处理后,两条来源路径共有边,3,0.9975555555555555,0.0007658212851780958,0.0007699047696326296,4.632052849899277e-05,4.656470886042262e-05
GP 表达式自身产生的状态,250,历史重启阶段最优路径,GP 源内重加权,重启和可选上界处理后,两条来源路径共有边,4,1.0,1.7421151580774635e-07,1.1566145906944695e-06,1.076691680484348e-08,7.156365447574191e-08
GP 表达式自身产生的状态,250,历史重启阶段最优路径,GP 源内重加权,重启和可选上界处理后,两条来源路径共有边,5,1.0,2.708360781090841e-07,2.3181937906933886e-06,1.665784253014459e-08,1.4231767919328476e-07
GP 表达式自身产生的状态,250,历史重启阶段最优路径,GP 源内重加权,重启和可选上界处理后,两条来源路径共有边,6,1.0,-4.198415074716778e-08,1.2525996413430321e-05,-2.5944577323065855e-09,7.711433702045018e-07
GP 表达式自身产生的状态,250,历史重启阶段最优路径,GP 源内重加权,重启和可选上界处理后,两条来源路径共有边,7,1.0,7.298671665458271e-08,1.1454741518847555e-05,4.4090880288018126e-09,6.92392388979594e-07
GP 表达式自身产生的状态,250,历史重启阶段最优路径,GP 源内重加权,重启和可选上界处理后,仅历史来源路径包含的边,0,0.9993333333333333,0.0004512242000824154,0.0004512242000824154,0.0045297881933274095,0.0045297881933274095
GP 表达式自身产生的状态,250,历史重启阶段最优路径,GP 源内重加权,重启和可选上界处理后,仅历史来源路径包含的边,1,1.0,0.0,0.0,0.0,0.0
GP 表达式自身产生的状态,250,历史重启阶段最优路径,GP 源内重加权,重启和可选上界处理后,仅历史来源路径包含的边,2,1.0,0.0,0.0,0.0,0.0
GP 表达式自身产生的状态,250,历史重启阶段最优路径,GP 源内重加权,重启和可选上界处理后,仅历史来源路径包含的边,3,0.9975555555555555,0.0015261318533023067,0.0015261318533023067,0.008294741519623332,0.008294741519623332
GP 表达式自身产生的状态,250,历史重启阶段最优路径,GP 源内重加权,重启和可选上界处理后,仅历史来源路径包含的边,4,1.0,0.0,0.0,0.0,0.0
GP 表达式自身产生的状态,250,历史重启阶段最优路径,GP 源内重加权,重启和可选上界处理后,仅历史来源路径包含的边,5,1.0,0.0,0.0,0.0,0.0
GP 表达式自身产生的状态,250,历史重启阶段最优路径,GP 源内重加权,重启和可选上界处理后,仅历史来源路径包含的边,6,1.0,0.0,0.0,0.0,0.0
GP 表达式自身产生的状态,250,历史重启阶段最优路径,GP 源内重加权,重启和可选上界处理后,仅历史来源路径包含的边,7,1.0,0.0,0.0,0.0,0.0
GP 表达式自身产生的状态,250,历史重启阶段最优路径,GP 源内重加权,重启和可选上界处理后,仅本轮最优路径包含的边,0,0.9993333333333333,-0.0005599665436396507,0.0005599665436396507,-0.005621440156742378,0.005621440156742378
GP 表达式自身产生的状态,250,历史重启阶段最优路径,GP 源内重加权,重启和可选上界处理后,仅本轮最优路径包含的边,1,1.0,0.0,0.0,0.0,0.0
GP 表达式自身产生的状态,250,历史重启阶段最优路径,GP 源内重加权,重启和可选上界处理后,仅本轮最优路径包含的边,2,1.0,0.0,0.0,0.0,0.0
GP 表达式自身产生的状态,250,历史重启阶段最优路径,GP 源内重加权,重启和可选上界处理后,仅本轮最优路径包含的边,3,0.9975555555555555,-0.0022914427337714215,0.0022914427337714215,-0.012308208614639524,0.012308208614639524
GP 表达式自身产生的状态,250,历史重启阶段最优路径,GP 源内重加权,重启和可选上界处理后,仅本轮最优路径包含的边,4,1.0,0.0,0.0,0.0,0.0
GP 表达式自身产生的状态,250,历史重启阶段最优路径,GP 源内重加权,重启和可选上界处理后,仅本轮最优路径包含的边,5,1.0,0.0,0.0,0.0,0.0
GP 表达式自身产生的状态,250,历史重启阶段最优路径,GP 源内重加权,重启和可选上界处理后,仅本轮最优路径包含的边,6,1.0,0.0,0.0,0.0,0.0
GP 表达式自身产生的状态,250,历史重启阶段最优路径,GP 源内重加权,重启和可选上界处理后,仅本轮最优路径包含的边,7,1.0,0.0,0.0,0.0,0.0
GP 表达式自身产生的状态,250,历史重启阶段最优路径,GP 源内重加权,重启和可选上界处理后,其他候选弧,0,0.9993333333333333,0.0,0.0,0.0,0.0
GP 表达式自身产生的状态,250,历史重启阶段最优路径,GP 源内重加权,重启和可选上界处理后,其他候选弧,1,1.0,0.0,0.0,0.0,0.0
GP 表达式自身产生的状态,250,历史重启阶段最优路径,GP 源内重加权,重启和可选上界处理后,其他候选弧,2,1.0,0.0,0.0,0.0,0.0
GP 表达式自身产生的状态,250,历史重启阶段最优路径,GP 源内重加权,重启和可选上界处理后,其他候选弧,3,0.9975555555555555,0.0,0.0,0.0,0.0
GP 表达式自身产生的状态,250,历史重启阶段最优路径,GP 源内重加权,重启和可选上界处理后,其他候选弧,4,1.0,0.0,0.0,0.0,0.0
GP 表达式自身产生的状态,250,历史重启阶段最优路径,GP 源内重加权,重启和可选上界处理后,其他候选弧,5,1.0,0.0,0.0,0.0,0.0
GP 表达式自身产生的状态,250,历史重启阶段最优路径,GP 源内重加权,重启和可选上界处理后,其他候选弧,6,1.0,0.0,0.0,0.0,0.0
GP 表达式自身产生的状态,250,历史重启阶段最优路径,GP 源内重加权,重启和可选上界处理后,其他候选弧,7,1.0,0.0,0.0,0.0,0.0
GP 表达式自身产生的状态,250,历史重启阶段最优路径,来源内均匀沉积,更新前,两条来源路径共有边,0,0.9993333333333333,0.0,0.0,0.0,0.0
GP 表达式自身产生的状态,250,历史重启阶段最优路径,来源内均匀沉积,更新前,两条来源路径共有边,1,1.0,0.0,0.0,0.0,0.0
GP 表达式自身产生的状态,250,历史重启阶段最优路径,来源内均匀沉积,更新前,两条来源路径共有边,2,1.0,0.0,0.0,0.0,0.0
GP 表达式自身产生的状态,250,历史重启阶段最优路径,来源内均匀沉积,更新前,两条来源路径共有边,3,0.9975555555555555,0.0,0.0,0.0,0.0
GP 表达式自身产生的状态,250,历史重启阶段最优路径,来源内均匀沉积,更新前,两条来源路径共有边,4,1.0,0.0,0.0,0.0,0.0
GP 表达式自身产生的状态,250,历史重启阶段最优路径,来源内均匀沉积,更新前,两条来源路径共有边,5,1.0,0.0,0.0,0.0,0.0
GP 表达式自身产生的状态,250,历史重启阶段最优路径,来源内均匀沉积,更新前,两条来源路径共有边,6,1.0,0.0,0.0,0.0,0.0
GP 表达式自身产生的状态,250,历史重启阶段最优路径,来源内均匀沉积,更新前,两条来源路径共有边,7,1.0,0.0,0.0,0.0,0.0
GP 表达式自身产生的状态,250,历史重启阶段最优路径,来源内均匀沉积,更新前,仅历史来源路径包含的边,0,0.9993333333333333,0.0,0.0,0.0,0.0
GP 表达式自身产生的状态,250,历史重启阶段最优路径,来源内均匀沉积,更新前,仅历史来源路径包含的边,1,1.0,0.0,0.0,0.0,0.0
GP 表达式自身产生的状态,250,历史重启阶段最优路径,来源内均匀沉积,更新前,仅历史来源路径包含的边,2,1.0,0.0,0.0,0.0,0.0
GP 表达式自身产生的状态,250,历史重启阶段最优路径,来源内均匀沉积,更新前,仅历史来源路径包含的边,3,0.9975555555555555,0.0,0.0,0.0,0.0
GP 表达式自身产生的状态,250,历史重启阶段最优路径,来源内均匀沉积,更新前,仅历史来源路径包含的边,4,1.0,0.0,0.0,0.0,0.0
GP 表达式自身产生的状态,250,历史重启阶段最优路径,来源内均匀沉积,更新前,仅历史来源路径包含的边,5,1.0,0.0,0.0,0.0,0.0
GP 表达式自身产生的状态,250,历史重启阶段最优路径,来源内均匀沉积,更新前,仅历史来源路径包含的边,6,1.0,0.0,0.0,0.0,0.0
GP 表达式自身产生的状态,250,历史重启阶段最优路径,来源内均匀沉积,更新前,仅历史来源路径包含的边,7,1.0,0.0,0.0,0.0,0.0
GP 表达式自身产生的状态,250,历史重启阶段最优路径,来源内均匀沉积,更新前,仅本轮最优路径包含的边,0,0.9993333333333333,0.0,0.0,0.0,0.0
GP 表达式自身产生的状态,250,历史重启阶段最优路径,来源内均匀沉积,更新前,仅本轮最优路径包含的边,1,1.0,0.0,0.0,0.0,0.0
GP 表达式自身产生的状态,250,历史重启阶段最优路径,来源内均匀沉积,更新前,仅本轮最优路径包含的边,2,1.0,0.0,0.0,0.0,0.0
GP 表达式自身产生的状态,250,历史重启阶段最优路径,来源内均匀沉积,更新前,仅本轮最优路径包含的边,3,0.9975555555555555,0.0,0.0,0.0,0.0
GP 表达式自身产生的状态,250,历史重启阶段最优路径,来源内均匀沉积,更新前,仅本轮最优路径包含的边,4,1.0,0.0,0.0,0.0,0.0
GP 表达式自身产生的状态,250,历史重启阶段最优路径,来源内均匀沉积,更新前,仅本轮最优路径包含的边,5,1.0,0.0,0.0,0.0,0.0
GP 表达式自身产生的状态,250,历史重启阶段最优路径,来源内均匀沉积,更新前,仅本轮最优路径包含的边,6,1.0,0.0,0.0,0.0,0.0
GP 表达式自身产生的状态,250,历史重启阶段最优路径,来源内均匀沉积,更新前,仅本轮最优路径包含的边,7,1.0,0.0,0.0,0.0,0.0
GP 表达式自身产生的状态,250,历史重启阶段最优路径,来源内均匀沉积,更新前,其他候选弧,0,0.9993333333333333,0.0,0.0,0.0,0.0
GP 表达式自身产生的状态,250,历史重启阶段最优路径,来源内均匀沉积,更新前,其他候选弧,1,1.0,0.0,0.0,0.0,0.0
GP 表达式自身产生的状态,250,历史重启阶段最优路径,来源内均匀沉积,更新前,其他候选弧,2,1.0,0.0,0.0,0.0,0.0
GP 表达式自身产生的状态,250,历史重启阶段最优路径,来源内均匀沉积,更新前,其他候选弧,3,0.9975555555555555,0.0,0.0,0.0,0.0
GP 表达式自身产生的状态,250,历史重启阶段最优路径,来源内均匀沉积,更新前,其他候选弧,4,1.0,0.0,0.0,0.0,0.0
GP 表达式自身产生的状态,250,历史重启阶段最优路径,来源内均匀沉积,更新前,其他候选弧,5,1.0,0.0,0.0,0.0,0.0
GP 表达式自身产生的状态,250,历史重启阶段最优路径,来源内均匀沉积,更新前,其他候选弧,6,1.0,0.0,0.0,0.0,0.0
GP 表达式自身产生的状态,250,历史重启阶段最优路径,来源内均匀沉积,更新前,其他候选弧,7,1.0,0.0,0.0,0.0,0.0
GP 表达式自身产生的状态,250,历史重启阶段最优路径,来源内均匀沉积,沉积后,两条来源路径共有边,0,0.9993333333333333,0.0,0.0,0.0,0.0
GP 表达式自身产生的状态,250,历史重启阶段最优路径,来源内均匀沉积,沉积后,两条来源路径共有边,1,1.0,0.0,0.0,0.0,0.0
GP 表达式自身产生的状态,250,历史重启阶段最优路径,来源内均匀沉积,沉积后,两条来源路径共有边,2,1.0,0.0,0.0,0.0,0.0
GP 表达式自身产生的状态,250,历史重启阶段最优路径,来源内均匀沉积,沉积后,两条来源路径共有边,3,0.9975555555555555,-3.400739645430909e-08,3.400739645430909e-08,-2.0486491543429717e-09,2.0486491543429717e-09
GP 表达式自身产生的状态,250,历史重启阶段最优路径,来源内均匀沉积,沉积后,两条来源路径共有边,4,1.0,0.0,0.0,0.0,0.0
GP 表达式自身产生的状态,250,历史重启阶段最优路径,来源内均匀沉积,沉积后,两条来源路径共有边,5,1.0,-9.814317970180308e-09,9.814317970180308e-09,-6.02669186062283e-10,6.02669186062283e-10
GP 表达式自身产生的状态,250,历史重启阶段最优路径,来源内均匀沉积,沉积后,两条来源路径共有边,6,1.0,-8.925163091591295e-09,8.925163091591295e-09,-5.496872795952691e-10,5.496872795952691e-10
GP 表达式自身产生的状态,250,历史重启阶段最优路径,来源内均匀沉积,沉积后,两条来源路径共有边,7,1.0,0.0,0.0,0.0,0.0
GP 表达式自身产生的状态,250,历史重启阶段最优路径,来源内均匀沉积,沉积后,仅历史来源路径包含的边,0,0.9993333333333333,0.0006666666358252941,0.0006666666358252941,0.006692590191960335,0.006692590191960335
GP 表达式自身产生的状态,250,历史重启阶段最优路径,来源内均匀沉积,沉积后,仅历史来源路径包含的边,1,1.0,0.0,0.0,0.0,0.0
GP 表达式自身产生的状态,250,历史重启阶段最优路径,来源内均匀沉积,沉积后,仅历史来源路径包含的边,2,1.0,0.0,0.0,0.0,0.0
GP 表达式自身产生的状态,250,历史重启阶段最优路径,来源内均匀沉积,沉积后,仅历史来源路径包含的边,3,0.9975555555555555,0.0024444444857513233,0.0024444444857513233,0.013287439818183581,0.013287439818183581
GP 表达式自身产生的状态,250,历史重启阶段最优路径,来源内均匀沉积,沉积后,仅历史来源路径包含的边,4,1.0,0.0,0.0,0.0,0.0
GP 表达式自身产生的状态,250,历史重启阶段最优路径,来源内均匀沉积,沉积后,仅历史来源路径包含的边,5,1.0,0.0,0.0,0.0,0.0
GP 表达式自身产生的状态,250,历史重启阶段最优路径,来源内均匀沉积,沉积后,仅历史来源路径包含的边,6,1.0,0.0,0.0,0.0,0.0
GP 表达式自身产生的状态,250,历史重启阶段最优路径,来源内均匀沉积,沉积后,仅历史来源路径包含的边,7,1.0,0.0,0.0,0.0,0.0
GP 表达式自身产生的状态,250,历史重启阶段最优路径,来源内均匀沉积,沉积后,仅本轮最优路径包含的边,0,0.9993333333333333,-0.000666666670185112,0.000666666670185112,-0.006692590536894622,0.006692590536894622
GP 表达式自身产生的状态,250,历史重启阶段最优路径,来源内均匀沉积,沉积后,仅本轮最优路径包含的边,1,1.0,0.0,0.0,0.0,0.0
GP 表达式自身产生的状态,250,历史重启阶段最优路径,来源内均匀沉积,沉积后,仅本轮最优路径包含的边,2,1.0,0.0,0.0,0.0,0.0
GP 表达式自身产生的状态,250,历史重启阶段最优路径,来源内均匀沉积,沉积后,仅本轮最优路径包含的边,3,0.9975555555555555,-0.0024444445430974538,0.0024444445430974538,-0.013287440036785685,0.013287440036785685
GP 表达式自身产生的状态,250,历史重启阶段最优路径,来源内均匀沉积,沉积后,仅本轮最优路径包含的边,4,1.0,0.0,0.0,0.0,0.0
GP 表达式自身产生的状态,250,历史重启阶段最优路径,来源内均匀沉积,沉积后,仅本轮最优路径包含的边,5,1.0,0.0,0.0,0.0,0.0
GP 表达式自身产生的状态,250,历史重启阶段最优路径,来源内均匀沉积,沉积后,仅本轮最优路径包含的边,6,1.0,0.0,0.0,0.0,0.0
GP 表达式自身产生的状态,250,历史重启阶段最优路径,来源内均匀沉积,沉积后,仅本轮最优路径包含的边,7,1.0,0.0,0.0,0.0,0.0
GP 表达式自身产生的状态,250,历史重启阶段最优路径,来源内均匀沉积,沉积后,其他候选弧,0,0.9993333333333333,0.0,0.0,0.0,0.0
GP 表达式自身产生的状态,250,历史重启阶段最优路径,来源内均匀沉积,沉积后,其他候选弧,1,1.0,0.0,0.0,0.0,0.0
GP 表达式自身产生的状态,250,历史重启阶段最优路径,来源内均匀沉积,沉积后,其他候选弧,2,1.0,0.0,0.0,0.0,0.0
GP 表达式自身产生的状态,250,历史重启阶段最优路径,来源内均匀沉积,沉积后,其他候选弧,3,0.9975555555555555,0.0,0.0,0.0,0.0
GP 表达式自身产生的状态,250,历史重启阶段最优路径,来源内均匀沉积,沉积后,其他候选弧,4,1.0,0.0,0.0,0.0,0.0
GP 表达式自身产生的状态,250,历史重启阶段最优路径,来源内均匀沉积,沉积后,其他候选弧,5,1.0,0.0,0.0,0.0,0.0
GP 表达式自身产生的状态,250,历史重启阶段最优路径,来源内均匀沉积,沉积后,其他候选弧,6,1.0,0.0,0.0,0.0,0.0
GP 表达式自身产生的状态,250,历史重启阶段最优路径,来源内均匀沉积,沉积后,其他候选弧,7,1.0,0.0,0.0,0.0,0.0
GP 表达式自身产生的状态,250,历史重启阶段最优路径,来源内均匀沉积,蒸发和下界保护后,两条来源路径共有边,0,0.9993333333333333,0.0,0.0,0.0,0.0
GP 表达式自身产生的状态,250,历史重启阶段最优路径,来源内均匀沉积,蒸发和下界保护后,两条来源路径共有边,1,1.0,0.0,0.0,0.0,0.0
GP 表达式自身产生的状态,250,历史重启阶段最优路径,来源内均匀沉积,蒸发和下界保护后,两条来源路径共有边,2,1.0,0.0,0.0,0.0,0.0
GP 表达式自身产生的状态,250,历史重启阶段最优路径,来源内均匀沉积,蒸发和下界保护后,两条来源路径共有边,3,0.9975555555555555,0.0,0.0,0.0,0.0
GP 表达式自身产生的状态,250,历史重启阶段最优路径,来源内均匀沉积,蒸发和下界保护后,两条来源路径共有边,4,1.0,0.0,0.0,0.0,0.0
GP 表达式自身产生的状态,250,历史重启阶段最优路径,来源内均匀沉积,蒸发和下界保护后,两条来源路径共有边,5,1.0,0.0,0.0,0.0,0.0
GP 表达式自身产生的状态,250,历史重启阶段最优路径,来源内均匀沉积,蒸发和下界保护后,两条来源路径共有边,6,1.0,0.0,0.0,0.0,0.0
GP 表达式自身产生的状态,250,历史重启阶段最优路径,来源内均匀沉积,蒸发和下界保护后,两条来源路径共有边,7,1.0,0.0,0.0,0.0,0.0
GP 表达式自身产生的状态,250,历史重启阶段最优路径,来源内均匀沉积,蒸发和下界保护后,仅历史来源路径包含的边,0,0.9993333333333333,0.0,0.0,0.0,0.0
GP 表达式自身产生的状态,250,历史重启阶段最优路径,来源内均匀沉积,蒸发和下界保护后,仅历史来源路径包含的边,1,1.0,0.0,0.0,0.0,0.0
GP 表达式自身产生的状态,250,历史重启阶段最优路径,来源内均匀沉积,蒸发和下界保护后,仅历史来源路径包含的边,2,1.0,0.0,0.0,0.0,0.0
GP 表达式自身产生的状态,250,历史重启阶段最优路径,来源内均匀沉积,蒸发和下界保护后,仅历史来源路径包含的边,3,0.9975555555555555,0.0,0.0,0.0,0.0
GP 表达式自身产生的状态,250,历史重启阶段最优路径,来源内均匀沉积,蒸发和下界保护后,仅历史来源路径包含的边,4,1.0,0.0,0.0,0.0,0.0
GP 表达式自身产生的状态,250,历史重启阶段最优路径,来源内均匀沉积,蒸发和下界保护后,仅历史来源路径包含的边,5,1.0,0.0,0.0,0.0,0.0
GP 表达式自身产生的状态,250,历史重启阶段最优路径,来源内均匀沉积,蒸发和下界保护后,仅历史来源路径包含的边,6,1.0,0.0,0.0,0.0,0.0
GP 表达式自身产生的状态,250,历史重启阶段最优路径,来源内均匀沉积,蒸发和下界保护后,仅历史来源路径包含的边,7,1.0,0.0,0.0,0.0,0.0
GP 表达式自身产生的状态,250,历史重启阶段最优路径,来源内均匀沉积,蒸发和下界保护后,仅本轮最优路径包含的边,0,0.9993333333333333,0.0,0.0,0.0,0.0
GP 表达式自身产生的状态,250,历史重启阶段最优路径,来源内均匀沉积,蒸发和下界保护后,仅本轮最优路径包含的边,1,1.0,0.0,0.0,0.0,0.0
GP 表达式自身产生的状态,250,历史重启阶段最优路径,来源内均匀沉积,蒸发和下界保护后,仅本轮最优路径包含的边,2,1.0,0.0,0.0,0.0,0.0
GP 表达式自身产生的状态,250,历史重启阶段最优路径,来源内均匀沉积,蒸发和下界保护后,仅本轮最优路径包含的边,3,0.9975555555555555,0.0,0.0,0.0,0.0
GP 表达式自身产生的状态,250,历史重启阶段最优路径,来源内均匀沉积,蒸发和下界保护后,仅本轮最优路径包含的边,4,1.0,0.0,0.0,0.0,0.0
GP 表达式自身产生的状态,250,历史重启阶段最优路径,来源内均匀沉积,蒸发和下界保护后,仅本轮最优路径包含的边,5,1.0,0.0,0.0,0.0,0.0
GP 表达式自身产生的状态,250,历史重启阶段最优路径,来源内均匀沉积,蒸发和下界保护后,仅本轮最优路径包含的边,6,1.0,0.0,0.0,0.0,0.0
GP 表达式自身产生的状态,250,历史重启阶段最优路径,来源内均匀沉积,蒸发和下界保护后,仅本轮最优路径包含的边,7,1.0,0.0,0.0,0.0,0.0
GP 表达式自身产生的状态,250,历史重启阶段最优路径,来源内均匀沉积,蒸发和下界保护后,其他候选弧,0,0.9993333333333333,0.0,0.0,0.0,0.0
GP 表达式自身产生的状态,250,历史重启阶段最优路径,来源内均匀沉积,蒸发和下界保护后,其他候选弧,1,1.0,0.0,0.0,0.0,0.0
GP 表达式自身产生的状态,250,历史重启阶段最优路径,来源内均匀沉积,蒸发和下界保护后,其他候选弧,2,1.0,0.0,0.0,0.0,0.0
GP 表达式自身产生的状态,250,历史重启阶段最优路径,来源内均匀沉积,蒸发和下界保护后,其他候选弧,3,0.9975555555555555,0.0,0.0,0.0,0.0
GP 表达式自身产生的状态,250,历史重启阶段最优路径,来源内均匀沉积,蒸发和下界保护后,其他候选弧,4,1.0,0.0,0.0,0.0,0.0
GP 表达式自身产生的状态,250,历史重启阶段最优路径,来源内均匀沉积,蒸发和下界保护后,其他候选弧,5,1.0,0.0,0.0,0.0,0.0
GP 表达式自身产生的状态,250,历史重启阶段最优路径,来源内均匀沉积,蒸发和下界保护后,其他候选弧,6,1.0,0.0,0.0,0.0,0.0
GP 表达式自身产生的状态,250,历史重启阶段最优路径,来源内均匀沉积,蒸发和下界保护后,其他候选弧,7,1.0,0.0,0.0,0.0,0.0
GP 表达式自身产生的状态,250,历史重启阶段最优路径,来源内均匀沉积,重启和可选上界处理后,两条来源路径共有边,0,0.9993333333333333,0.0,0.0,0.0,0.0
GP 表达式自身产生的状态,250,历史重启阶段最优路径,来源内均匀沉积,重启和可选上界处理后,两条来源路径共有边,1,1.0,0.0,0.0,0.0,0.0
GP 表达式自身产生的状态,250,历史重启阶段最优路径,来源内均匀沉积,重启和可选上界处理后,两条来源路径共有边,2,1.0,0.0,0.0,0.0,0.0
GP 表达式自身产生的状态,250,历史重启阶段最优路径,来源内均匀沉积,重启和可选上界处理后,两条来源路径共有边,3,0.9975555555555555,-3.400739645430909e-08,3.400739645430909e-08,-2.0486491543429717e-09,2.0486491543429717e-09
GP 表达式自身产生的状态,250,历史重启阶段最优路径,来源内均匀沉积,重启和可选上界处理后,两条来源路径共有边,4,1.0,0.0,0.0,0.0,0.0
GP 表达式自身产生的状态,250,历史重启阶段最优路径,来源内均匀沉积,重启和可选上界处理后,两条来源路径共有边,5,1.0,-9.814317970180308e-09,9.814317970180308e-09,-6.02669186062283e-10,6.02669186062283e-10
GP 表达式自身产生的状态,250,历史重启阶段最优路径,来源内均匀沉积,重启和可选上界处理后,两条来源路径共有边,6,1.0,-8.925163091591295e-09,8.925163091591295e-09,-5.496872795952691e-10,5.496872795952691e-10
GP 表达式自身产生的状态,250,历史重启阶段最优路径,来源内均匀沉积,重启和可选上界处理后,两条来源路径共有边,7,1.0,0.0,0.0,0.0,0.0
GP 表达式自身产生的状态,250,历史重启阶段最优路径,来源内均匀沉积,重启和可选上界处理后,仅历史来源路径包含的边,0,0.9993333333333333,0.0006666666358252941,0.0006666666358252941,0.006692590191960335,0.006692590191960335
GP 表达式自身产生的状态,250,历史重启阶段最优路径,来源内均匀沉积,重启和可选上界处理后,仅历史来源路径包含的边,1,1.0,0.0,0.0,0.0,0.0
GP 表达式自身产生的状态,250,历史重启阶段最优路径,来源内均匀沉积,重启和可选上界处理后,仅历史来源路径包含的边,2,1.0,0.0,0.0,0.0,0.0
GP 表达式自身产生的状态,250,历史重启阶段最优路径,来源内均匀沉积,重启和可选上界处理后,仅历史来源路径包含的边,3,0.9975555555555555,0.0024444444857513233,0.0024444444857513233,0.013287439818183581,0.013287439818183581
GP 表达式自身产生的状态,250,历史重启阶段最优路径,来源内均匀沉积,重启和可选上界处理后,仅历史来源路径包含的边,4,1.0,0.0,0.0,0.0,0.0
GP 表达式自身产生的状态,250,历史重启阶段最优路径,来源内均匀沉积,重启和可选上界处理后,仅历史来源路径包含的边,5,1.0,0.0,0.0,0.0,0.0
GP 表达式自身产生的状态,250,历史重启阶段最优路径,来源内均匀沉积,重启和可选上界处理后,仅历史来源路径包含的边,6,1.0,0.0,0.0,0.0,0.0
GP 表达式自身产生的状态,250,历史重启阶段最优路径,来源内均匀沉积,重启和可选上界处理后,仅历史来源路径包含的边,7,1.0,0.0,0.0,0.0,0.0
GP 表达式自身产生的状态,250,历史重启阶段最优路径,来源内均匀沉积,重启和可选上界处理后,仅本轮最优路径包含的边,0,0.9993333333333333,-0.000666666670185112,0.000666666670185112,-0.006692590536894622,0.006692590536894622
GP 表达式自身产生的状态,250,历史重启阶段最优路径,来源内均匀沉积,重启和可选上界处理后,仅本轮最优路径包含的边,1,1.0,0.0,0.0,0.0,0.0
GP 表达式自身产生的状态,250,历史重启阶段最优路径,来源内均匀沉积,重启和可选上界处理后,仅本轮最优路径包含的边,2,1.0,0.0,0.0,0.0,0.0
GP 表达式自身产生的状态,250,历史重启阶段最优路径,来源内均匀沉积,重启和可选上界处理后,仅本轮最优路径包含的边,3,0.9975555555555555,-0.0024444445430974538,0.0024444445430974538,-0.013287440036785685,0.013287440036785685
GP 表达式自身产生的状态,250,历史重启阶段最优路径,来源内均匀沉积,重启和可选上界处理后,仅本轮最优路径包含的边,4,1.0,0.0,0.0,0.0,0.0
GP 表达式自身产生的状态,250,历史重启阶段最优路径,来源内均匀沉积,重启和可选上界处理后,仅本轮最优路径包含的边,5,1.0,0.0,0.0,0.0,0.0
GP 表达式自身产生的状态,250,历史重启阶段最优路径,来源内均匀沉积,重启和可选上界处理后,仅本轮最优路径包含的边,6,1.0,0.0,0.0,0.0,0.0
GP 表达式自身产生的状态,250,历史重启阶段最优路径,来源内均匀沉积,重启和可选上界处理后,仅本轮最优路径包含的边,7,1.0,0.0,0.0,0.0,0.0
GP 表达式自身产生的状态,250,历史重启阶段最优路径,来源内均匀沉积,重启和可选上界处理后,其他候选弧,0,0.9993333333333333,0.0,0.0,0.0,0.0
GP 表达式自身产生的状态,250,历史重启阶段最优路径,来源内均匀沉积,重启和可选上界处理后,其他候选弧,1,1.0,0.0,0.0,0.0,0.0
GP 表达式自身产生的状态,250,历史重启阶段最优路径,来源内均匀沉积,重启和可选上界处理后,其他候选弧,2,1.0,0.0,0.0,0.0,0.0
GP 表达式自身产生的状态,250,历史重启阶段最优路径,来源内均匀沉积,重启和可选上界处理后,其他候选弧,3,0.9975555555555555,0.0,0.0,0.0,0.0
GP 表达式自身产生的状态,250,历史重启阶段最优路径,来源内均匀沉积,重启和可选上界处理后,其他候选弧,4,1.0,0.0,0.0,0.0,0.0
GP 表达式自身产生的状态,250,历史重启阶段最优路径,来源内均匀沉积,重启和可选上界处理后,其他候选弧,5,1.0,0.0,0.0,0.0,0.0
GP 表达式自身产生的状态,250,历史重启阶段最优路径,来源内均匀沉积,重启和可选上界处理后,其他候选弧,6,1.0,0.0,0.0,0.0,0.0
GP 表达式自身产生的状态,250,历史重启阶段最优路径,来源内均匀沉积,重启和可选上界处理后,其他候选弧,7,1.0,0.0,0.0,0.0,0.0
GP 表达式自身产生的状态,500,历史全局最优路径,GP 源内重加权,更新前,两条来源路径共有边,0,1.0,0.0,0.0,0.0,0.0
GP 表达式自身产生的状态,500,历史全局最优路径,GP 源内重加权,更新前,两条来源路径共有边,1,1.0,0.0,0.0,0.0,0.0
GP 表达式自身产生的状态,500,历史全局最优路径,GP 源内重加权,更新前,两条来源路径共有边,2,1.0,0.0,0.0,0.0,0.0
GP 表达式自身产生的状态,500,历史全局最优路径,GP 源内重加权,更新前,两条来源路径共有边,3,1.0,0.0,0.0,0.0,0.0
GP 表达式自身产生的状态,500,历史全局最优路径,GP 源内重加权,更新前,两条来源路径共有边,4,0.985111111111111,0.0,0.0,0.0,0.0
GP 表达式自身产生的状态,500,历史全局最优路径,GP 源内重加权,更新前,两条来源路径共有边,5,1.0,0.0,0.0,0.0,0.0
GP 表达式自身产生的状态,500,历史全局最优路径,GP 源内重加权,更新前,两条来源路径共有边,6,1.0,0.0,0.0,0.0,0.0
GP 表达式自身产生的状态,500,历史全局最优路径,GP 源内重加权,更新前,两条来源路径共有边,7,1.0,0.0,0.0,0.0,0.0
GP 表达式自身产生的状态,500,历史全局最优路径,GP 源内重加权,更新前,仅历史来源路径包含的边,0,1.0,0.0,0.0,0.0,0.0
GP 表达式自身产生的状态,500,历史全局最优路径,GP 源内重加权,更新前,仅历史来源路径包含的边,1,1.0,0.0,0.0,0.0,0.0
GP 表达式自身产生的状态,500,历史全局最优路径,GP 源内重加权,更新前,仅历史来源路径包含的边,2,1.0,0.0,0.0,0.0,0.0
GP 表达式自身产生的状态,500,历史全局最优路径,GP 源内重加权,更新前,仅历史来源路径包含的边,3,1.0,0.0,0.0,0.0,0.0
GP 表达式自身产生的状态,500,历史全局最优路径,GP 源内重加权,更新前,仅历史来源路径包含的边,4,0.985111111111111,0.0,0.0,0.0,0.0
GP 表达式自身产生的状态,500,历史全局最优路径,GP 源内重加权,更新前,仅历史来源路径包含的边,5,1.0,0.0,0.0,0.0,0.0
GP 表达式自身产生的状态,500,历史全局最优路径,GP 源内重加权,更新前,仅历史来源路径包含的边,6,1.0,0.0,0.0,0.0,0.0
GP 表达式自身产生的状态,500,历史全局最优路径,GP 源内重加权,更新前,仅历史来源路径包含的边,7,1.0,0.0,0.0,0.0,0.0
GP 表达式自身产生的状态,500,历史全局最优路径,GP 源内重加权,更新前,仅本轮最优路径包含的边,0,1.0,0.0,0.0,0.0,0.0
GP 表达式自身产生的状态,500,历史全局最优路径,GP 源内重加权,更新前,仅本轮最优路径包含的边,1,1.0,0.0,0.0,0.0,0.0
GP 表达式自身产生的状态,500,历史全局最优路径,GP 源内重加权,更新前,仅本轮最优路径包含的边,2,1.0,0.0,0.0,0.0,0.0
GP 表达式自身产生的状态,500,历史全局最优路径,GP 源内重加权,更新前,仅本轮最优路径包含的边,3,1.0,0.0,0.0,0.0,0.0
GP 表达式自身产生的状态,500,历史全局最优路径,GP 源内重加权,更新前,仅本轮最优路径包含的边,4,0.985111111111111,0.0,0.0,0.0,0.0
GP 表达式自身产生的状态,500,历史全局最优路径,GP 源内重加权,更新前,仅本轮最优路径包含的边,5,1.0,0.0,0.0,0.0,0.0
GP 表达式自身产生的状态,500,历史全局最优路径,GP 源内重加权,更新前,仅本轮最优路径包含的边,6,1.0,0.0,0.0,0.0,0.0
GP 表达式自身产生的状态,500,历史全局最优路径,GP 源内重加权,更新前,仅本轮最优路径包含的边,7,1.0,0.0,0.0,0.0,0.0
GP 表达式自身产生的状态,500,历史全局最优路径,GP 源内重加权,更新前,其他候选弧,0,1.0,0.0,0.0,0.0,0.0
GP 表达式自身产生的状态,500,历史全局最优路径,GP 源内重加权,更新前,其他候选弧,1,1.0,0.0,0.0,0.0,0.0
GP 表达式自身产生的状态,500,历史全局最优路径,GP 源内重加权,更新前,其他候选弧,2,1.0,0.0,0.0,0.0,0.0
GP 表达式自身产生的状态,500,历史全局最优路径,GP 源内重加权,更新前,其他候选弧,3,1.0,0.0,0.0,0.0,0.0
GP 表达式自身产生的状态,500,历史全局最优路径,GP 源内重加权,更新前,其他候选弧,4,0.985111111111111,0.0,0.0,0.0,0.0
GP 表达式自身产生的状态,500,历史全局最优路径,GP 源内重加权,更新前,其他候选弧,5,1.0,0.0,0.0,0.0,0.0
GP 表达式自身产生的状态,500,历史全局最优路径,GP 源内重加权,更新前,其他候选弧,6,1.0,0.0,0.0,0.0,0.0
GP 表达式自身产生的状态,500,历史全局最优路径,GP 源内重加权,更新前,其他候选弧,7,1.0,0.0,0.0,0.0,0.0
GP 表达式自身产生的状态,500,历史全局最优路径,GP 源内重加权,沉积后,两条来源路径共有边,0,1.0,-3.39584880028768e-08,3.9862816792713366e-07,-2.026557922363281e-09,2.40272945827908e-08
GP 表达式自身产生的状态,500,历史全局最优路径,GP 源内重加权,沉积后,两条来源路径共有边,1,1.0,3.33991478032883e-07,4.519071073293326e-06,1.9821855756971574e-08,2.680023511250814e-07
GP 表达式自身产生的状态,500,历史全局最优路径,GP 源内重加权,沉积后,两条来源路径共有边,2,1.0,-1.3989578899187388e-07,2.8352069439090636e-06,-8.583068847656248e-09,1.7287996080186633e-07
GP 表达式自身产生的状态,500,历史全局最优路径,GP 源内重加权,沉积后,两条来源路径共有边,3,1.0,1.4720707103545243e-07,6.676213343375443e-06,8.824798795912e-09,4.0006968710157607e-07
GP 表达式自身产生的状态,500,历史全局最优路径,GP 源内重加权,沉积后,两条来源路径共有边,4,0.985111111111111,0.005737041820894923,0.005737169479683238,0.00040871300514092463,0.0004087209126904649
GP 表达式自身产生的状态,500,历史全局最优路径,GP 源内重加权,沉积后,两条来源路径共有边,5,1.0,2.6631851729688985e-07,3.41995442407765e-06,1.6358163621690538e-08,2.1009975009494358e-07
GP 表达式自身产生的状态,500,历史全局最优路径,GP 源内重加权,沉积后,两条来源路径共有边,6,1.0,-6.165758182538302e-08,6.614055627460715e-05,-3.79482905069987e-09,4.0731628735860195e-06
GP 表达式自身产生的状态,500,历史全局最优路径,GP 源内重加权,沉积后,两条来源路径共有边,7,1.0,-3.807459269909254e-07,7.003789137782127e-07,-2.300739288330078e-08,4.237227969699436e-08
GP 表达式自身产生的状态,500,历史全局最优路径,GP 源内重加权,沉积后,仅历史来源路径包含的边,0,1.0,0.0,0.0,0.0,0.0
GP 表达式自身产生的状态,500,历史全局最优路径,GP 源内重加权,沉积后,仅历史来源路径包含的边,1,1.0,0.0,0.0,0.0,0.0
GP 表达式自身产生的状态,500,历史全局最优路径,GP 源内重加权,沉积后,仅历史来源路径包含的边,2,1.0,0.0,0.0,0.0,0.0
GP 表达式自身产生的状态,500,历史全局最优路径,GP 源内重加权,沉积后,仅历史来源路径包含的边,3,1.0,0.0,0.0,0.0,0.0
GP 表达式自身产生的状态,500,历史全局最优路径,GP 源内重加权,沉积后,仅历史来源路径包含的边,4,0.985111111111111,0.008661409139519191,0.008661409139519191,0.003987802254154994,0.003987802254154994
GP 表达式自身产生的状态,500,历史全局最优路径,GP 源内重加权,沉积后,仅历史来源路径包含的边,5,1.0,0.0,0.0,0.0,0.0
GP 表达式自身产生的状态,500,历史全局最优路径,GP 源内重加权,沉积后,仅历史来源路径包含的边,6,1.0,0.0,0.0,0.0,0.0
GP 表达式自身产生的状态,500,历史全局最优路径,GP 源内重加权,沉积后,仅历史来源路径包含的边,7,1.0,0.0,0.0,0.0,0.0
GP 表达式自身产生的状态,500,历史全局最优路径,GP 源内重加权,沉积后,仅本轮最优路径包含的边,0,1.0,0.0,0.0,0.0,0.0
GP 表达式自身产生的状态,500,历史全局最优路径,GP 源内重加权,沉积后,仅本轮最优路径包含的边,1,1.0,0.0,0.0,0.0,0.0
GP 表达式自身产生的状态,500,历史全局最优路径,GP 源内重加权,沉积后,仅本轮最优路径包含的边,2,1.0,0.0,0.0,0.0,0.0
GP 表达式自身产生的状态,500,历史全局最优路径,GP 源内重加权,沉积后,仅本轮最优路径包含的边,3,1.0,0.0,0.0,0.0,0.0
GP 表达式自身产生的状态,500,历史全局最优路径,GP 源内重加权,沉积后,仅本轮最优路径包含的边,4,0.985111111111111,-0.014398131219611076,0.014398131219611076,-0.006629048369417143,0.006629048369417143
GP 表达式自身产生的状态,500,历史全局最优路径,GP 源内重加权,沉积后,仅本轮最优路径包含的边,5,1.0,0.0,0.0,0.0,0.0
GP 表达式自身产生的状态,500,历史全局最优路径,GP 源内重加权,沉积后,仅本轮最优路径包含的边,6,1.0,0.0,0.0,0.0,0.0
GP 表达式自身产生的状态,500,历史全局最优路径,GP 源内重加权,沉积后,仅本轮最优路径包含的边,7,1.0,0.0,0.0,0.0,0.0
GP 表达式自身产生的状态,500,历史全局最优路径,GP 源内重加权,沉积后,其他候选弧,0,1.0,0.0,0.0,0.0,0.0
GP 表达式自身产生的状态,500,历史全局最优路径,GP 源内重加权,沉积后,其他候选弧,1,1.0,0.0,0.0,0.0,0.0
GP 表达式自身产生的状态,500,历史全局最优路径,GP 源内重加权,沉积后,其他候选弧,2,1.0,0.0,0.0,0.0,0.0
GP 表达式自身产生的状态,500,历史全局最优路径,GP 源内重加权,沉积后,其他候选弧,3,1.0,0.0,0.0,0.0,0.0
GP 表达式自身产生的状态,500,历史全局最优路径,GP 源内重加权,沉积后,其他候选弧,4,0.985111111111111,0.0,0.0,0.0,0.0
GP 表达式自身产生的状态,500,历史全局最优路径,GP 源内重加权,沉积后,其他候选弧,5,1.0,0.0,0.0,0.0,0.0
GP 表达式自身产生的状态,500,历史全局最优路径,GP 源内重加权,沉积后,其他候选弧,6,1.0,0.0,0.0,0.0,0.0
GP 表达式自身产生的状态,500,历史全局最优路径,GP 源内重加权,沉积后,其他候选弧,7,1.0,0.0,0.0,0.0,0.0
GP 表达式自身产生的状态,500,历史全局最优路径,GP 源内重加权,蒸发和下界保护后,两条来源路径共有边,0,1.0,0.0,0.0,0.0,0.0
GP 表达式自身产生的状态,500,历史全局最优路径,GP 源内重加权,蒸发和下界保护后,两条来源路径共有边,1,1.0,0.0,0.0,0.0,0.0
GP 表达式自身产生的状态,500,历史全局最优路径,GP 源内重加权,蒸发和下界保护后,两条来源路径共有边,2,1.0,0.0,0.0,0.0,0.0
GP 表达式自身产生的状态,500,历史全局最优路径,GP 源内重加权,蒸发和下界保护后,两条来源路径共有边,3,1.0,0.0,0.0,0.0,0.0
GP 表达式自身产生的状态,500,历史全局最优路径,GP 源内重加权,蒸发和下界保护后,两条来源路径共有边,4,0.985111111111111,0.0,0.0,0.0,0.0
GP 表达式自身产生的状态,500,历史全局最优路径,GP 源内重加权,蒸发和下界保护后,两条来源路径共有边,5,1.0,0.0,0.0,0.0,0.0
GP 表达式自身产生的状态,500,历史全局最优路径,GP 源内重加权,蒸发和下界保护后,两条来源路径共有边,6,1.0,0.0,0.0,0.0,0.0
GP 表达式自身产生的状态,500,历史全局最优路径,GP 源内重加权,蒸发和下界保护后,两条来源路径共有边,7,1.0,0.0,0.0,0.0,0.0
GP 表达式自身产生的状态,500,历史全局最优路径,GP 源内重加权,蒸发和下界保护后,仅历史来源路径包含的边,0,1.0,0.0,0.0,0.0,0.0
GP 表达式自身产生的状态,500,历史全局最优路径,GP 源内重加权,蒸发和下界保护后,仅历史来源路径包含的边,1,1.0,0.0,0.0,0.0,0.0
GP 表达式自身产生的状态,500,历史全局最优路径,GP 源内重加权,蒸发和下界保护后,仅历史来源路径包含的边,2,1.0,0.0,0.0,0.0,0.0
GP 表达式自身产生的状态,500,历史全局最优路径,GP 源内重加权,蒸发和下界保护后,仅历史来源路径包含的边,3,1.0,0.0,0.0,0.0,0.0
GP 表达式自身产生的状态,500,历史全局最优路径,GP 源内重加权,蒸发和下界保护后,仅历史来源路径包含的边,4,0.985111111111111,0.0,0.0,0.0,0.0
GP 表达式自身产生的状态,500,历史全局最优路径,GP 源内重加权,蒸发和下界保护后,仅历史来源路径包含的边,5,1.0,0.0,0.0,0.0,0.0
GP 表达式自身产生的状态,500,历史全局最优路径,GP 源内重加权,蒸发和下界保护后,仅历史来源路径包含的边,6,1.0,0.0,0.0,0.0,0.0
GP 表达式自身产生的状态,500,历史全局最优路径,GP 源内重加权,蒸发和下界保护后,仅历史来源路径包含的边,7,1.0,0.0,0.0,0.0,0.0
GP 表达式自身产生的状态,500,历史全局最优路径,GP 源内重加权,蒸发和下界保护后,仅本轮最优路径包含的边,0,1.0,0.0,0.0,0.0,0.0
GP 表达式自身产生的状态,500,历史全局最优路径,GP 源内重加权,蒸发和下界保护后,仅本轮最优路径包含的边,1,1.0,0.0,0.0,0.0,0.0
GP 表达式自身产生的状态,500,历史全局最优路径,GP 源内重加权,蒸发和下界保护后,仅本轮最优路径包含的边,2,1.0,0.0,0.0,0.0,0.0
GP 表达式自身产生的状态,500,历史全局最优路径,GP 源内重加权,蒸发和下界保护后,仅本轮最优路径包含的边,3,1.0,0.0,0.0,0.0,0.0
GP 表达式自身产生的状态,500,历史全局最优路径,GP 源内重加权,蒸发和下界保护后,仅本轮最优路径包含的边,4,0.985111111111111,0.0,0.0,0.0,0.0
GP 表达式自身产生的状态,500,历史全局最优路径,GP 源内重加权,蒸发和下界保护后,仅本轮最优路径包含的边,5,1.0,0.0,0.0,0.0,0.0
GP 表达式自身产生的状态,500,历史全局最优路径,GP 源内重加权,蒸发和下界保护后,仅本轮最优路径包含的边,6,1.0,0.0,0.0,0.0,0.0
GP 表达式自身产生的状态,500,历史全局最优路径,GP 源内重加权,蒸发和下界保护后,仅本轮最优路径包含的边,7,1.0,0.0,0.0,0.0,0.0
GP 表达式自身产生的状态,500,历史全局最优路径,GP 源内重加权,蒸发和下界保护后,其他候选弧,0,1.0,0.0,0.0,0.0,0.0
GP 表达式自身产生的状态,500,历史全局最优路径,GP 源内重加权,蒸发和下界保护后,其他候选弧,1,1.0,0.0,0.0,0.0,0.0
GP 表达式自身产生的状态,500,历史全局最优路径,GP 源内重加权,蒸发和下界保护后,其他候选弧,2,1.0,0.0,0.0,0.0,0.0
GP 表达式自身产生的状态,500,历史全局最优路径,GP 源内重加权,蒸发和下界保护后,其他候选弧,3,1.0,0.0,0.0,0.0,0.0
GP 表达式自身产生的状态,500,历史全局最优路径,GP 源内重加权,蒸发和下界保护后,其他候选弧,4,0.985111111111111,0.0,0.0,0.0,0.0
GP 表达式自身产生的状态,500,历史全局最优路径,GP 源内重加权,蒸发和下界保护后,其他候选弧,5,1.0,0.0,0.0,0.0,0.0
GP 表达式自身产生的状态,500,历史全局最优路径,GP 源内重加权,蒸发和下界保护后,其他候选弧,6,1.0,0.0,0.0,0.0,0.0
GP 表达式自身产生的状态,500,历史全局最优路径,GP 源内重加权,蒸发和下界保护后,其他候选弧,7,1.0,0.0,0.0,0.0,0.0
GP 表达式自身产生的状态,500,历史全局最优路径,GP 源内重加权,重启和可选上界处理后,两条来源路径共有边,0,1.0,-2.9663646913152246e-08,3.8002561376677e-07,-1.7682711283365886e-09,2.2908051808675132e-08
GP 表达式自身产生的状态,500,历史全局最优路径,GP 源内重加权,重启和可选上界处理后,两条来源路径共有边,1,1.0,2.449552487563555e-07,2.569189836639213e-06,1.4530287848578558e-08,1.521242989434136e-07
GP 表达式自身产生的状态,500,历史全局最优路径,GP 源内重加权,重启和可选上界处理后,两条来源路径共有边,2,1.0,-2.0948843263489083e-07,2.5535970774506976e-06,-1.2834866841634112e-08,1.5570057762993708e-07
GP 表达式自身产生的状态,500,历史全局最优路径,GP 源内重加权,重启和可选上界处理后,两条来源路径共有边,3,1.0,1.4720707103545243e-07,6.676213343375443e-06,8.824798795912e-09,4.0006968710157607e-07
GP 表达式自身产生的状态,500,历史全局最优路径,GP 源内重加权,重启和可选上界处理后,两条来源路径共有边,4,0.985111111111111,0.005736985530275742,0.005737113189064055,0.0004087095149578362,0.00040871742250737637
GP 表达式自身产生的状态,500,历史全局最优路径,GP 源内重加权,重启和可选上界处理后,两条来源路径共有边,5,1.0,3.10011200166244e-07,3.10011200166244e-07,1.9040372636583115e-08,1.9040372636583115e-08
GP 表达式自身产生的状态,500,历史全局最优路径,GP 源内重加权,重启和可选上界处理后,两条来源路径共有边,6,1.0,-1.136481447091011e-07,3.363927331105927e-05,-6.993611653645834e-09,2.071698506673177e-06
GP 表达式自身产生的状态,500,历史全局最优路径,GP 源内重加权,重启和可选上界处理后,两条来源路径共有边,7,1.0,-3.807459269909254e-07,7.003789137782127e-07,-2.300739288330078e-08,4.237227969699436e-08
GP 表达式自身产生的状态,500,历史全局最优路径,GP 源内重加权,重启和可选上界处理后,仅历史来源路径包含的边,0,1.0,0.0,0.0,0.0,0.0
GP 表达式自身产生的状态,500,历史全局最优路径,GP 源内重加权,重启和可选上界处理后,仅历史来源路径包含的边,1,1.0,0.0,0.0,0.0,0.0
GP 表达式自身产生的状态,500,历史全局最优路径,GP 源内重加权,重启和可选上界处理后,仅历史来源路径包含的边,2,1.0,0.0,0.0,0.0,0.0
GP 表达式自身产生的状态,500,历史全局最优路径,GP 源内重加权,重启和可选上界处理后,仅历史来源路径包含的边,3,1.0,0.0,0.0,0.0,0.0
GP 表达式自身产生的状态,500,历史全局最优路径,GP 源内重加权,重启和可选上界处理后,仅历史来源路径包含的边,4,0.985111111111111,0.008661409139519191,0.008661409139519191,0.003987802254154994,0.003987802254154994
GP 表达式自身产生的状态,500,历史全局最优路径,GP 源内重加权,重启和可选上界处理后,仅历史来源路径包含的边,5,1.0,0.0,0.0,0.0,0.0
GP 表达式自身产生的状态,500,历史全局最优路径,GP 源内重加权,重启和可选上界处理后,仅历史来源路径包含的边,6,1.0,0.0,0.0,0.0,0.0
GP 表达式自身产生的状态,500,历史全局最优路径,GP 源内重加权,重启和可选上界处理后,仅历史来源路径包含的边,7,1.0,0.0,0.0,0.0,0.0
GP 表达式自身产生的状态,500,历史全局最优路径,GP 源内重加权,重启和可选上界处理后,仅本轮最优路径包含的边,0,1.0,0.0,0.0,0.0,0.0
GP 表达式自身产生的状态,500,历史全局最优路径,GP 源内重加权,重启和可选上界处理后,仅本轮最优路径包含的边,1,1.0,0.0,0.0,0.0,0.0
GP 表达式自身产生的状态,500,历史全局最优路径,GP 源内重加权,重启和可选上界处理后,仅本轮最优路径包含的边,2,1.0,0.0,0.0,0.0,0.0
GP 表达式自身产生的状态,500,历史全局最优路径,GP 源内重加权,重启和可选上界处理后,仅本轮最优路径包含的边,3,1.0,0.0,0.0,0.0,0.0
GP 表达式自身产生的状态,500,历史全局最优路径,GP 源内重加权,重启和可选上界处理后,仅本轮最优路径包含的边,4,0.985111111111111,-0.014398131219611076,0.014398131219611076,-0.006629048369417143,0.006629048369417143
GP 表达式自身产生的状态,500,历史全局最优路径,GP 源内重加权,重启和可选上界处理后,仅本轮最优路径包含的边,5,1.0,0.0,0.0,0.0,0.0
GP 表达式自身产生的状态,500,历史全局最优路径,GP 源内重加权,重启和可选上界处理后,仅本轮最优路径包含的边,6,1.0,0.0,0.0,0.0,0.0
GP 表达式自身产生的状态,500,历史全局最优路径,GP 源内重加权,重启和可选上界处理后,仅本轮最优路径包含的边,7,1.0,0.0,0.0,0.0,0.0
GP 表达式自身产生的状态,500,历史全局最优路径,GP 源内重加权,重启和可选上界处理后,其他候选弧,0,1.0,0.0,0.0,0.0,0.0
GP 表达式自身产生的状态,500,历史全局最优路径,GP 源内重加权,重启和可选上界处理后,其他候选弧,1,1.0,0.0,0.0,0.0,0.0
GP 表达式自身产生的状态,500,历史全局最优路径,GP 源内重加权,重启和可选上界处理后,其他候选弧,2,1.0,0.0,0.0,0.0,0.0
GP 表达式自身产生的状态,500,历史全局最优路径,GP 源内重加权,重启和可选上界处理后,其他候选弧,3,1.0,0.0,0.0,0.0,0.0
GP 表达式自身产生的状态,500,历史全局最优路径,GP 源内重加权,重启和可选上界处理后,其他候选弧,4,0.985111111111111,0.0,0.0,0.0,0.0
GP 表达式自身产生的状态,500,历史全局最优路径,GP 源内重加权,重启和可选上界处理后,其他候选弧,5,1.0,0.0,0.0,0.0,0.0
GP 表达式自身产生的状态,500,历史全局最优路径,GP 源内重加权,重启和可选上界处理后,其他候选弧,6,1.0,0.0,0.0,0.0,0.0
GP 表达式自身产生的状态,500,历史全局最优路径,GP 源内重加权,重启和可选上界处理后,其他候选弧,7,1.0,0.0,0.0,0.0,0.0
GP 表达式自身产生的状态,500,历史全局最优路径,来源内均匀沉积,更新前,两条来源路径共有边,0,1.0,0.0,0.0,0.0,0.0
GP 表达式自身产生的状态,500,历史全局最优路径,来源内均匀沉积,更新前,两条来源路径共有边,1,1.0,0.0,0.0,0.0,0.0
GP 表达式自身产生的状态,500,历史全局最优路径,来源内均匀沉积,更新前,两条来源路径共有边,2,1.0,0.0,0.0,0.0,0.0
GP 表达式自身产生的状态,500,历史全局最优路径,来源内均匀沉积,更新前,两条来源路径共有边,3,1.0,0.0,0.0,0.0,0.0
GP 表达式自身产生的状态,500,历史全局最优路径,来源内均匀沉积,更新前,两条来源路径共有边,4,0.985111111111111,0.0,0.0,0.0,0.0
GP 表达式自身产生的状态,500,历史全局最优路径,来源内均匀沉积,更新前,两条来源路径共有边,5,1.0,0.0,0.0,0.0,0.0
GP 表达式自身产生的状态,500,历史全局最优路径,来源内均匀沉积,更新前,两条来源路径共有边,6,1.0,0.0,0.0,0.0,0.0
GP 表达式自身产生的状态,500,历史全局最优路径,来源内均匀沉积,更新前,两条来源路径共有边,7,1.0,0.0,0.0,0.0,0.0
GP 表达式自身产生的状态,500,历史全局最优路径,来源内均匀沉积,更新前,仅历史来源路径包含的边,0,1.0,0.0,0.0,0.0,0.0
GP 表达式自身产生的状态,500,历史全局最优路径,来源内均匀沉积,更新前,仅历史来源路径包含的边,1,1.0,0.0,0.0,0.0,0.0
GP 表达式自身产生的状态,500,历史全局最优路径,来源内均匀沉积,更新前,仅历史来源路径包含的边,2,1.0,0.0,0.0,0.0,0.0
GP 表达式自身产生的状态,500,历史全局最优路径,来源内均匀沉积,更新前,仅历史来源路径包含的边,3,1.0,0.0,0.0,0.0,0.0
GP 表达式自身产生的状态,500,历史全局最优路径,来源内均匀沉积,更新前,仅历史来源路径包含的边,4,0.985111111111111,0.0,0.0,0.0,0.0
GP 表达式自身产生的状态,500,历史全局最优路径,来源内均匀沉积,更新前,仅历史来源路径包含的边,5,1.0,0.0,0.0,0.0,0.0
GP 表达式自身产生的状态,500,历史全局最优路径,来源内均匀沉积,更新前,仅历史来源路径包含的边,6,1.0,0.0,0.0,0.0,0.0
GP 表达式自身产生的状态,500,历史全局最优路径,来源内均匀沉积,更新前,仅历史来源路径包含的边,7,1.0,0.0,0.0,0.0,0.0
GP 表达式自身产生的状态,500,历史全局最优路径,来源内均匀沉积,更新前,仅本轮最优路径包含的边,0,1.0,0.0,0.0,0.0,0.0
GP 表达式自身产生的状态,500,历史全局最优路径,来源内均匀沉积,更新前,仅本轮最优路径包含的边,1,1.0,0.0,0.0,0.0,0.0
GP 表达式自身产生的状态,500,历史全局最优路径,来源内均匀沉积,更新前,仅本轮最优路径包含的边,2,1.0,0.0,0.0,0.0,0.0
GP 表达式自身产生的状态,500,历史全局最优路径,来源内均匀沉积,更新前,仅本轮最优路径包含的边,3,1.0,0.0,0.0,0.0,0.0
GP 表达式自身产生的状态,500,历史全局最优路径,来源内均匀沉积,更新前,仅本轮最优路径包含的边,4,0.985111111111111,0.0,0.0,0.0,0.0
GP 表达式自身产生的状态,500,历史全局最优路径,来源内均匀沉积,更新前,仅本轮最优路径包含的边,5,1.0,0.0,0.0,0.0,0.0
GP 表达式自身产生的状态,500,历史全局最优路径,来源内均匀沉积,更新前,仅本轮最优路径包含的边,6,1.0,0.0,0.0,0.0,0.0
GP 表达式自身产生的状态,500,历史全局最优路径,来源内均匀沉积,更新前,仅本轮最优路径包含的边,7,1.0,0.0,0.0,0.0,0.0
GP 表达式自身产生的状态,500,历史全局最优路径,来源内均匀沉积,更新前,其他候选弧,0,1.0,0.0,0.0,0.0,0.0
GP 表达式自身产生的状态,500,历史全局最优路径,来源内均匀沉积,更新前,其他候选弧,1,1.0,0.0,0.0,0.0,0.0
GP 表达式自身产生的状态,500,历史全局最优路径,来源内均匀沉积,更新前,其他候选弧,2,1.0,0.0,0.0,0.0,0.0
GP 表达式自身产生的状态,500,历史全局最优路径,来源内均匀沉积,更新前,其他候选弧,3,1.0,0.0,0.0,0.0,0.0
GP 表达式自身产生的状态,500,历史全局最优路径,来源内均匀沉积,更新前,其他候选弧,4,0.985111111111111,0.0,0.0,0.0,0.0
GP 表达式自身产生的状态,500,历史全局最优路径,来源内均匀沉积,更新前,其他候选弧,5,1.0,0.0,0.0,0.0,0.0
GP 表达式自身产生的状态,500,历史全局最优路径,来源内均匀沉积,更新前,其他候选弧,6,1.0,0.0,0.0,0.0,0.0
GP 表达式自身产生的状态,500,历史全局最优路径,来源内均匀沉积,更新前,其他候选弧,7,1.0,0.0,0.0,0.0,0.0
GP 表达式自身产生的状态,500,历史全局最优路径,来源内均匀沉积,沉积后,两条来源路径共有边,0,1.0,0.0,0.0,0.0,0.0
GP 表达式自身产生的状态,500,历史全局最优路径,来源内均匀沉积,沉积后,两条来源路径共有边,1,1.0,-1.2477279853744035e-08,1.2477279853744035e-08,-7.417466905381945e-10,7.417466905381945e-10
GP 表达式自身产生的状态,500,历史全局最优路径,来源内均匀沉积,沉积后,两条来源路径共有边,2,1.0,0.0,0.0,0.0,0.0
GP 表达式自身产生的状态,500,历史全局最优路径,来源内均匀沉积,沉积后,两条来源路径共有边,3,1.0,0.0,0.0,0.0,0.0
GP 表达式自身产生的状态,500,历史全局最优路径,来源内均匀沉积,沉积后,两条来源路径共有边,4,0.985111111111111,0.0,0.0,0.0,0.0
GP 表达式自身产生的状态,500,历史全局最优路径,来源内均匀沉积,沉积后,两条来源路径共有边,5,1.0,0.0,0.0,0.0,0.0
GP 表达式自身产生的状态,500,历史全局最优路径,来源内均匀沉积,沉积后,两条来源路径共有边,6,1.0,0.0,0.0,0.0,0.0
GP 表达式自身产生的状态,500,历史全局最优路径,来源内均匀沉积,沉积后,两条来源路径共有边,7,1.0,0.0,0.0,0.0,0.0
GP 表达式自身产生的状态,500,历史全局最优路径,来源内均匀沉积,沉积后,仅历史来源路径包含的边,0,1.0,0.0,0.0,0.0,0.0
GP 表达式自身产生的状态,500,历史全局最优路径,来源内均匀沉积,沉积后,仅历史来源路径包含的边,1,1.0,0.0,0.0,0.0,0.0
GP 表达式自身产生的状态,500,历史全局最优路径,来源内均匀沉积,沉积后,仅历史来源路径包含的边,2,1.0,0.0,0.0,0.0,0.0
GP 表达式自身产生的状态,500,历史全局最优路径,来源内均匀沉积,沉积后,仅历史来源路径包含的边,3,1.0,0.0,0.0,0.0,0.0
GP 表达式自身产生的状态,500,历史全局最优路径,来源内均匀沉积,沉积后,仅历史来源路径包含的边,4,0.985111111111111,0.014888888442176652,0.014888888442176652,0.006854998064999643,0.006854998064999643
GP 表达式自身产生的状态,500,历史全局最优路径,来源内均匀沉积,沉积后,仅历史来源路径包含的边,5,1.0,0.0,0.0,0.0,0.0
GP 表达式自身产生的状态,500,历史全局最优路径,来源内均匀沉积,沉积后,仅历史来源路径包含的边,6,1.0,0.0,0.0,0.0,0.0
GP 表达式自身产生的状态,500,历史全局最优路径,来源内均匀沉积,沉积后,仅历史来源路径包含的边,7,1.0,0.0,0.0,0.0,0.0
GP 表达式自身产生的状态,500,历史全局最优路径,来源内均匀沉积,沉积后,仅本轮最优路径包含的边,0,1.0,0.0,0.0,0.0,0.0
GP 表达式自身产生的状态,500,历史全局最优路径,来源内均匀沉积,沉积后,仅本轮最优路径包含的边,1,1.0,0.0,0.0,0.0,0.0
GP 表达式自身产生的状态,500,历史全局最优路径,来源内均匀沉积,沉积后,仅本轮最优路径包含的边,2,1.0,0.0,0.0,0.0,0.0
GP 表达式自身产生的状态,500,历史全局最优路径,来源内均匀沉积,沉积后,仅本轮最优路径包含的边,3,1.0,0.0,0.0,0.0,0.0
GP 表达式自身产生的状态,500,历史全局最优路径,来源内均匀沉积,沉积后,仅本轮最优路径包含的边,4,0.985111111111111,-0.014888890019247135,0.014888890019247135,-0.006854998791099188,0.006854998791099188
GP 表达式自身产生的状态,500,历史全局最优路径,来源内均匀沉积,沉积后,仅本轮最优路径包含的边,5,1.0,0.0,0.0,0.0,0.0
GP 表达式自身产生的状态,500,历史全局最优路径,来源内均匀沉积,沉积后,仅本轮最优路径包含的边,6,1.0,0.0,0.0,0.0,0.0
GP 表达式自身产生的状态,500,历史全局最优路径,来源内均匀沉积,沉积后,仅本轮最优路径包含的边,7,1.0,0.0,0.0,0.0,0.0
GP 表达式自身产生的状态,500,历史全局最优路径,来源内均匀沉积,沉积后,其他候选弧,0,1.0,0.0,0.0,0.0,0.0
GP 表达式自身产生的状态,500,历史全局最优路径,来源内均匀沉积,沉积后,其他候选弧,1,1.0,0.0,0.0,0.0,0.0
GP 表达式自身产生的状态,500,历史全局最优路径,来源内均匀沉积,沉积后,其他候选弧,2,1.0,0.0,0.0,0.0,0.0
GP 表达式自身产生的状态,500,历史全局最优路径,来源内均匀沉积,沉积后,其他候选弧,3,1.0,0.0,0.0,0.0,0.0
GP 表达式自身产生的状态,500,历史全局最优路径,来源内均匀沉积,沉积后,其他候选弧,4,0.985111111111111,0.0,0.0,0.0,0.0
GP 表达式自身产生的状态,500,历史全局最优路径,来源内均匀沉积,沉积后,其他候选弧,5,1.0,0.0,0.0,0.0,0.0
GP 表达式自身产生的状态,500,历史全局最优路径,来源内均匀沉积,沉积后,其他候选弧,6,1.0,0.0,0.0,0.0,0.0
GP 表达式自身产生的状态,500,历史全局最优路径,来源内均匀沉积,沉积后,其他候选弧,7,1.0,0.0,0.0,0.0,0.0
GP 表达式自身产生的状态,500,历史全局最优路径,来源内均匀沉积,蒸发和下界保护后,两条来源路径共有边,0,1.0,0.0,0.0,0.0,0.0
GP 表达式自身产生的状态,500,历史全局最优路径,来源内均匀沉积,蒸发和下界保护后,两条来源路径共有边,1,1.0,0.0,0.0,0.0,0.0
GP 表达式自身产生的状态,500,历史全局最优路径,来源内均匀沉积,蒸发和下界保护后,两条来源路径共有边,2,1.0,0.0,0.0,0.0,0.0
GP 表达式自身产生的状态,500,历史全局最优路径,来源内均匀沉积,蒸发和下界保护后,两条来源路径共有边,3,1.0,0.0,0.0,0.0,0.0
GP 表达式自身产生的状态,500,历史全局最优路径,来源内均匀沉积,蒸发和下界保护后,两条来源路径共有边,4,0.985111111111111,0.0,0.0,0.0,0.0
GP 表达式自身产生的状态,500,历史全局最优路径,来源内均匀沉积,蒸发和下界保护后,两条来源路径共有边,5,1.0,0.0,0.0,0.0,0.0
GP 表达式自身产生的状态,500,历史全局最优路径,来源内均匀沉积,蒸发和下界保护后,两条来源路径共有边,6,1.0,0.0,0.0,0.0,0.0
GP 表达式自身产生的状态,500,历史全局最优路径,来源内均匀沉积,蒸发和下界保护后,两条来源路径共有边,7,1.0,0.0,0.0,0.0,0.0
GP 表达式自身产生的状态,500,历史全局最优路径,来源内均匀沉积,蒸发和下界保护后,仅历史来源路径包含的边,0,1.0,0.0,0.0,0.0,0.0
GP 表达式自身产生的状态,500,历史全局最优路径,来源内均匀沉积,蒸发和下界保护后,仅历史来源路径包含的边,1,1.0,0.0,0.0,0.0,0.0
GP 表达式自身产生的状态,500,历史全局最优路径,来源内均匀沉积,蒸发和下界保护后,仅历史来源路径包含的边,2,1.0,0.0,0.0,0.0,0.0
GP 表达式自身产生的状态,500,历史全局最优路径,来源内均匀沉积,蒸发和下界保护后,仅历史来源路径包含的边,3,1.0,0.0,0.0,0.0,0.0
GP 表达式自身产生的状态,500,历史全局最优路径,来源内均匀沉积,蒸发和下界保护后,仅历史来源路径包含的边,4,0.985111111111111,0.0,0.0,0.0,0.0
GP 表达式自身产生的状态,500,历史全局最优路径,来源内均匀沉积,蒸发和下界保护后,仅历史来源路径包含的边,5,1.0,0.0,0.0,0.0,0.0
GP 表达式自身产生的状态,500,历史全局最优路径,来源内均匀沉积,蒸发和下界保护后,仅历史来源路径包含的边,6,1.0,0.0,0.0,0.0,0.0
GP 表达式自身产生的状态,500,历史全局最优路径,来源内均匀沉积,蒸发和下界保护后,仅历史来源路径包含的边,7,1.0,0.0,0.0,0.0,0.0
GP 表达式自身产生的状态,500,历史全局最优路径,来源内均匀沉积,蒸发和下界保护后,仅本轮最优路径包含的边,0,1.0,0.0,0.0,0.0,0.0
GP 表达式自身产生的状态,500,历史全局最优路径,来源内均匀沉积,蒸发和下界保护后,仅本轮最优路径包含的边,1,1.0,0.0,0.0,0.0,0.0
GP 表达式自身产生的状态,500,历史全局最优路径,来源内均匀沉积,蒸发和下界保护后,仅本轮最优路径包含的边,2,1.0,0.0,0.0,0.0,0.0
GP 表达式自身产生的状态,500,历史全局最优路径,来源内均匀沉积,蒸发和下界保护后,仅本轮最优路径包含的边,3,1.0,0.0,0.0,0.0,0.0
GP 表达式自身产生的状态,500,历史全局最优路径,来源内均匀沉积,蒸发和下界保护后,仅本轮最优路径包含的边,4,0.985111111111111,0.0,0.0,0.0,0.0
GP 表达式自身产生的状态,500,历史全局最优路径,来源内均匀沉积,蒸发和下界保护后,仅本轮最优路径包含的边,5,1.0,0.0,0.0,0.0,0.0
GP 表达式自身产生的状态,500,历史全局最优路径,来源内均匀沉积,蒸发和下界保护后,仅本轮最优路径包含的边,6,1.0,0.0,0.0,0.0,0.0
GP 表达式自身产生的状态,500,历史全局最优路径,来源内均匀沉积,蒸发和下界保护后,仅本轮最优路径包含的边,7,1.0,0.0,0.0,0.0,0.0
GP 表达式自身产生的状态,500,历史全局最优路径,来源内均匀沉积,蒸发和下界保护后,其他候选弧,0,1.0,0.0,0.0,0.0,0.0
GP 表达式自身产生的状态,500,历史全局最优路径,来源内均匀沉积,蒸发和下界保护后,其他候选弧,1,1.0,0.0,0.0,0.0,0.0
GP 表达式自身产生的状态,500,历史全局最优路径,来源内均匀沉积,蒸发和下界保护后,其他候选弧,2,1.0,0.0,0.0,0.0,0.0
GP 表达式自身产生的状态,500,历史全局最优路径,来源内均匀沉积,蒸发和下界保护后,其他候选弧,3,1.0,0.0,0.0,0.0,0.0
GP 表达式自身产生的状态,500,历史全局最优路径,来源内均匀沉积,蒸发和下界保护后,其他候选弧,4,0.985111111111111,0.0,0.0,0.0,0.0
GP 表达式自身产生的状态,500,历史全局最优路径,来源内均匀沉积,蒸发和下界保护后,其他候选弧,5,1.0,0.0,0.0,0.0,0.0
GP 表达式自身产生的状态,500,历史全局最优路径,来源内均匀沉积,蒸发和下界保护后,其他候选弧,6,1.0,0.0,0.0,0.0,0.0
GP 表达式自身产生的状态,500,历史全局最优路径,来源内均匀沉积,蒸发和下界保护后,其他候选弧,7,1.0,0.0,0.0,0.0,0.0
GP 表达式自身产生的状态,500,历史全局最优路径,来源内均匀沉积,重启和可选上界处理后,两条来源路径共有边,0,1.0,0.0,0.0,0.0,0.0
GP 表达式自身产生的状态,500,历史全局最优路径,来源内均匀沉积,重启和可选上界处理后,两条来源路径共有边,1,1.0,-1.2477279853744035e-08,1.2477279853744035e-08,-7.417466905381945e-10,7.417466905381945e-10
GP 表达式自身产生的状态,500,历史全局最优路径,来源内均匀沉积,重启和可选上界处理后,两条来源路径共有边,2,1.0,0.0,0.0,0.0,0.0
GP 表达式自身产生的状态,500,历史全局最优路径,来源内均匀沉积,重启和可选上界处理后,两条来源路径共有边,3,1.0,0.0,0.0,0.0,0.0
GP 表达式自身产生的状态,500,历史全局最优路径,来源内均匀沉积,重启和可选上界处理后,两条来源路径共有边,4,0.985111111111111,0.0,0.0,0.0,0.0
GP 表达式自身产生的状态,500,历史全局最优路径,来源内均匀沉积,重启和可选上界处理后,两条来源路径共有边,5,1.0,0.0,0.0,0.0,0.0
GP 表达式自身产生的状态,500,历史全局最优路径,来源内均匀沉积,重启和可选上界处理后,两条来源路径共有边,6,1.0,0.0,0.0,0.0,0.0
GP 表达式自身产生的状态,500,历史全局最优路径,来源内均匀沉积,重启和可选上界处理后,两条来源路径共有边,7,1.0,0.0,0.0,0.0,0.0
GP 表达式自身产生的状态,500,历史全局最优路径,来源内均匀沉积,重启和可选上界处理后,仅历史来源路径包含的边,0,1.0,0.0,0.0,0.0,0.0
GP 表达式自身产生的状态,500,历史全局最优路径,来源内均匀沉积,重启和可选上界处理后,仅历史来源路径包含的边,1,1.0,0.0,0.0,0.0,0.0
GP 表达式自身产生的状态,500,历史全局最优路径,来源内均匀沉积,重启和可选上界处理后,仅历史来源路径包含的边,2,1.0,0.0,0.0,0.0,0.0
GP 表达式自身产生的状态,500,历史全局最优路径,来源内均匀沉积,重启和可选上界处理后,仅历史来源路径包含的边,3,1.0,0.0,0.0,0.0,0.0
GP 表达式自身产生的状态,500,历史全局最优路径,来源内均匀沉积,重启和可选上界处理后,仅历史来源路径包含的边,4,0.985111111111111,0.014888888442176652,0.014888888442176652,0.006854998064999643,0.006854998064999643
GP 表达式自身产生的状态,500,历史全局最优路径,来源内均匀沉积,重启和可选上界处理后,仅历史来源路径包含的边,5,1.0,0.0,0.0,0.0,0.0
GP 表达式自身产生的状态,500,历史全局最优路径,来源内均匀沉积,重启和可选上界处理后,仅历史来源路径包含的边,6,1.0,0.0,0.0,0.0,0.0
GP 表达式自身产生的状态,500,历史全局最优路径,来源内均匀沉积,重启和可选上界处理后,仅历史来源路径包含的边,7,1.0,0.0,0.0,0.0,0.0
GP 表达式自身产生的状态,500,历史全局最优路径,来源内均匀沉积,重启和可选上界处理后,仅本轮最优路径包含的边,0,1.0,0.0,0.0,0.0,0.0
GP 表达式自身产生的状态,500,历史全局最优路径,来源内均匀沉积,重启和可选上界处理后,仅本轮最优路径包含的边,1,1.0,0.0,0.0,0.0,0.0
GP 表达式自身产生的状态,500,历史全局最优路径,来源内均匀沉积,重启和可选上界处理后,仅本轮最优路径包含的边,2,1.0,0.0,0.0,0.0,0.0
GP 表达式自身产生的状态,500,历史全局最优路径,来源内均匀沉积,重启和可选上界处理后,仅本轮最优路径包含的边,3,1.0,0.0,0.0,0.0,0.0
GP 表达式自身产生的状态,500,历史全局最优路径,来源内均匀沉积,重启和可选上界处理后,仅本轮最优路径包含的边,4,0.985111111111111,-0.014888890019247135,0.014888890019247135,-0.006854998791099188,0.006854998791099188
GP 表达式自身产生的状态,500,历史全局最优路径,来源内均匀沉积,重启和可选上界处理后,仅本轮最优路径包含的边,5,1.0,0.0,0.0,0.0,0.0
GP 表达式自身产生的状态,500,历史全局最优路径,来源内均匀沉积,重启和可选上界处理后,仅本轮最优路径包含的边,6,1.0,0.0,0.0,0.0,0.0
GP 表达式自身产生的状态,500,历史全局最优路径,来源内均匀沉积,重启和可选上界处理后,仅本轮最优路径包含的边,7,1.0,0.0,0.0,0.0,0.0
GP 表达式自身产生的状态,500,历史全局最优路径,来源内均匀沉积,重启和可选上界处理后,其他候选弧,0,1.0,0.0,0.0,0.0,0.0
GP 表达式自身产生的状态,500,历史全局最优路径,来源内均匀沉积,重启和可选上界处理后,其他候选弧,1,1.0,0.0,0.0,0.0,0.0
GP 表达式自身产生的状态,500,历史全局最优路径,来源内均匀沉积,重启和可选上界处理后,其他候选弧,2,1.0,0.0,0.0,0.0,0.0
GP 表达式自身产生的状态,500,历史全局最优路径,来源内均匀沉积,重启和可选上界处理后,其他候选弧,3,1.0,0.0,0.0,0.0,0.0
GP 表达式自身产生的状态,500,历史全局最优路径,来源内均匀沉积,重启和可选上界处理后,其他候选弧,4,0.985111111111111,0.0,0.0,0.0,0.0
GP 表达式自身产生的状态,500,历史全局最优路径,来源内均匀沉积,重启和可选上界处理后,其他候选弧,5,1.0,0.0,0.0,0.0,0.0
GP 表达式自身产生的状态,500,历史全局最优路径,来源内均匀沉积,重启和可选上界处理后,其他候选弧,6,1.0,0.0,0.0,0.0,0.0
GP 表达式自身产生的状态,500,历史全局最优路径,来源内均匀沉积,重启和可选上界处理后,其他候选弧,7,1.0,0.0,0.0,0.0,0.0
GP 表达式自身产生的状态,500,历史重启阶段最优路径,GP 源内重加权,更新前,两条来源路径共有边,0,1.0,0.0,0.0,0.0,0.0
GP 表达式自身产生的状态,500,历史重启阶段最优路径,GP 源内重加权,更新前,两条来源路径共有边,1,1.0,0.0,0.0,0.0,0.0
GP 表达式自身产生的状态,500,历史重启阶段最优路径,GP 源内重加权,更新前,两条来源路径共有边,2,1.0,0.0,0.0,0.0,0.0
GP 表达式自身产生的状态,500,历史重启阶段最优路径,GP 源内重加权,更新前,两条来源路径共有边,3,1.0,0.0,0.0,0.0,0.0
GP 表达式自身产生的状态,500,历史重启阶段最优路径,GP 源内重加权,更新前,两条来源路径共有边,4,1.0,0.0,0.0,0.0,0.0
GP 表达式自身产生的状态,500,历史重启阶段最优路径,GP 源内重加权,更新前,两条来源路径共有边,5,1.0,0.0,0.0,0.0,0.0
GP 表达式自身产生的状态,500,历史重启阶段最优路径,GP 源内重加权,更新前,两条来源路径共有边,6,1.0,0.0,0.0,0.0,0.0
GP 表达式自身产生的状态,500,历史重启阶段最优路径,GP 源内重加权,更新前,两条来源路径共有边,7,1.0,0.0,0.0,0.0,0.0
GP 表达式自身产生的状态,500,历史重启阶段最优路径,GP 源内重加权,更新前,仅历史来源路径包含的边,0,1.0,0.0,0.0,0.0,0.0
GP 表达式自身产生的状态,500,历史重启阶段最优路径,GP 源内重加权,更新前,仅历史来源路径包含的边,1,1.0,0.0,0.0,0.0,0.0
GP 表达式自身产生的状态,500,历史重启阶段最优路径,GP 源内重加权,更新前,仅历史来源路径包含的边,2,1.0,0.0,0.0,0.0,0.0
GP 表达式自身产生的状态,500,历史重启阶段最优路径,GP 源内重加权,更新前,仅历史来源路径包含的边,3,1.0,0.0,0.0,0.0,0.0
GP 表达式自身产生的状态,500,历史重启阶段最优路径,GP 源内重加权,更新前,仅历史来源路径包含的边,4,1.0,0.0,0.0,0.0,0.0
GP 表达式自身产生的状态,500,历史重启阶段最优路径,GP 源内重加权,更新前,仅历史来源路径包含的边,5,1.0,0.0,0.0,0.0,0.0
GP 表达式自身产生的状态,500,历史重启阶段最优路径,GP 源内重加权,更新前,仅历史来源路径包含的边,6,1.0,0.0,0.0,0.0,0.0
GP 表达式自身产生的状态,500,历史重启阶段最优路径,GP 源内重加权,更新前,仅历史来源路径包含的边,7,1.0,0.0,0.0,0.0,0.0
GP 表达式自身产生的状态,500,历史重启阶段最优路径,GP 源内重加权,更新前,仅本轮最优路径包含的边,0,1.0,0.0,0.0,0.0,0.0
GP 表达式自身产生的状态,500,历史重启阶段最优路径,GP 源内重加权,更新前,仅本轮最优路径包含的边,1,1.0,0.0,0.0,0.0,0.0
GP 表达式自身产生的状态,500,历史重启阶段最优路径,GP 源内重加权,更新前,仅本轮最优路径包含的边,2,1.0,0.0,0.0,0.0,0.0
GP 表达式自身产生的状态,500,历史重启阶段最优路径,GP 源内重加权,更新前,仅本轮最优路径包含的边,3,1.0,0.0,0.0,0.0,0.0
GP 表达式自身产生的状态,500,历史重启阶段最优路径,GP 源内重加权,更新前,仅本轮最优路径包含的边,4,1.0,0.0,0.0,0.0,0.0
GP 表达式自身产生的状态,500,历史重启阶段最优路径,GP 源内重加权,更新前,仅本轮最优路径包含的边,5,1.0,0.0,0.0,0.0,0.0
GP 表达式自身产生的状态,500,历史重启阶段最优路径,GP 源内重加权,更新前,仅本轮最优路径包含的边,6,1.0,0.0,0.0,0.0,0.0
GP 表达式自身产生的状态,500,历史重启阶段最优路径,GP 源内重加权,更新前,仅本轮最优路径包含的边,7,1.0,0.0,0.0,0.0,0.0
GP 表达式自身产生的状态,500,历史重启阶段最优路径,GP 源内重加权,更新前,其他候选弧,0,1.0,0.0,0.0,0.0,0.0
GP 表达式自身产生的状态,500,历史重启阶段最优路径,GP 源内重加权,更新前,其他候选弧,1,1.0,0.0,0.0,0.0,0.0
GP 表达式自身产生的状态,500,历史重启阶段最优路径,GP 源内重加权,更新前,其他候选弧,2,1.0,0.0,0.0,0.0,0.0
GP 表达式自身产生的状态,500,历史重启阶段最优路径,GP 源内重加权,更新前,其他候选弧,3,1.0,0.0,0.0,0.0,0.0
GP 表达式自身产生的状态,500,历史重启阶段最优路径,GP 源内重加权,更新前,其他候选弧,4,1.0,0.0,0.0,0.0,0.0
GP 表达式自身产生的状态,500,历史重启阶段最优路径,GP 源内重加权,更新前,其他候选弧,5,1.0,0.0,0.0,0.0,0.0
GP 表达式自身产生的状态,500,历史重启阶段最优路径,GP 源内重加权,更新前,其他候选弧,6,1.0,0.0,0.0,0.0,0.0
GP 表达式自身产生的状态,500,历史重启阶段最优路径,GP 源内重加权,更新前,其他候选弧,7,1.0,0.0,0.0,0.0,0.0
GP 表达式自身产生的状态,500,历史重启阶段最优路径,GP 源内重加权,沉积后,两条来源路径共有边,0,1.0,-3.39584880028768e-08,3.9862816792713366e-07,-2.026557922363281e-09,2.40272945827908e-08
GP 表达式自身产生的状态,500,历史重启阶段最优路径,GP 源内重加权,沉积后,两条来源路径共有边,1,1.0,3.33991478032883e-07,4.519071073293326e-06,1.9821855756971574e-08,2.680023511250814e-07
GP 表达式自身产生的状态,500,历史重启阶段最优路径,GP 源内重加权,沉积后,两条来源路径共有边,2,1.0,-1.3989578899187388e-07,2.8352069439090636e-06,-8.583068847656248e-09,1.7287996080186633e-07
GP 表达式自身产生的状态,500,历史重启阶段最优路径,GP 源内重加权,沉积后,两条来源路径共有边,3,1.0,1.4720707103545243e-07,6.676213343375443e-06,8.824798795912e-09,4.0006968710157607e-07
GP 表达式自身产生的状态,500,历史重启阶段最优路径,GP 源内重加权,沉积后,两条来源路径共有边,4,1.0,1.6767824964795808e-07,2.118187310841152e-06,1.0367896821763781e-08,1.3073616557651096e-07
GP 表达式自身产生的状态,500,历史重启阶段最优路径,GP 源内重加权,沉积后,两条来源路径共有边,5,1.0,2.6631851729688985e-07,3.41995442407765e-06,1.6358163621690538e-08,2.1009975009494358e-07
GP 表达式自身产生的状态,500,历史重启阶段最优路径,GP 源内重加权,沉积后,两条来源路径共有边,6,1.0,-6.165758182538302e-08,6.614055627460715e-05,-3.79482905069987e-09,4.0731628735860195e-06
GP 表达式自身产生的状态,500,历史重启阶段最优路径,GP 源内重加权,沉积后,两条来源路径共有边,7,1.0,-3.807459269909254e-07,7.003789137782127e-07,-2.300739288330078e-08,4.237227969699436e-08
GP 表达式自身产生的状态,500,历史重启阶段最优路径,GP 源内重加权,沉积后,仅历史来源路径包含的边,0,1.0,0.0,0.0,0.0,0.0
GP 表达式自身产生的状态,500,历史重启阶段最优路径,GP 源内重加权,沉积后,仅历史来源路径包含的边,1,1.0,0.0,0.0,0.0,0.0
GP 表达式自身产生的状态,500,历史重启阶段最优路径,GP 源内重加权,沉积后,仅历史来源路径包含的边,2,1.0,0.0,0.0,0.0,0.0
GP 表达式自身产生的状态,500,历史重启阶段最优路径,GP 源内重加权,沉积后,仅历史来源路径包含的边,3,1.0,0.0,0.0,0.0,0.0
GP 表达式自身产生的状态,500,历史重启阶段最优路径,GP 源内重加权,沉积后,仅历史来源路径包含的边,4,1.0,0.0,0.0,0.0,0.0
GP 表达式自身产生的状态,500,历史重启阶段最优路径,GP 源内重加权,沉积后,仅历史来源路径包含的边,5,1.0,0.0,0.0,0.0,0.0
GP 表达式自身产生的状态,500,历史重启阶段最优路径,GP 源内重加权,沉积后,仅历史来源路径包含的边,6,1.0,0.0,0.0,0.0,0.0
GP 表达式自身产生的状态,500,历史重启阶段最优路径,GP 源内重加权,沉积后,仅历史来源路径包含的边,7,1.0,0.0,0.0,0.0,0.0
GP 表达式自身产生的状态,500,历史重启阶段最优路径,GP 源内重加权,沉积后,仅本轮最优路径包含的边,0,1.0,0.0,0.0,0.0,0.0
GP 表达式自身产生的状态,500,历史重启阶段最优路径,GP 源内重加权,沉积后,仅本轮最优路径包含的边,1,1.0,0.0,0.0,0.0,0.0
GP 表达式自身产生的状态,500,历史重启阶段最优路径,GP 源内重加权,沉积后,仅本轮最优路径包含的边,2,1.0,0.0,0.0,0.0,0.0
GP 表达式自身产生的状态,500,历史重启阶段最优路径,GP 源内重加权,沉积后,仅本轮最优路径包含的边,3,1.0,0.0,0.0,0.0,0.0
GP 表达式自身产生的状态,500,历史重启阶段最优路径,GP 源内重加权,沉积后,仅本轮最优路径包含的边,4,1.0,0.0,0.0,0.0,0.0
GP 表达式自身产生的状态,500,历史重启阶段最优路径,GP 源内重加权,沉积后,仅本轮最优路径包含的边,5,1.0,0.0,0.0,0.0,0.0
GP 表达式自身产生的状态,500,历史重启阶段最优路径,GP 源内重加权,沉积后,仅本轮最优路径包含的边,6,1.0,0.0,0.0,0.0,0.0
GP 表达式自身产生的状态,500,历史重启阶段最优路径,GP 源内重加权,沉积后,仅本轮最优路径包含的边,7,1.0,0.0,0.0,0.0,0.0
GP 表达式自身产生的状态,500,历史重启阶段最优路径,GP 源内重加权,沉积后,其他候选弧,0,1.0,0.0,0.0,0.0,0.0
GP 表达式自身产生的状态,500,历史重启阶段最优路径,GP 源内重加权,沉积后,其他候选弧,1,1.0,0.0,0.0,0.0,0.0
GP 表达式自身产生的状态,500,历史重启阶段最优路径,GP 源内重加权,沉积后,其他候选弧,2,1.0,0.0,0.0,0.0,0.0
GP 表达式自身产生的状态,500,历史重启阶段最优路径,GP 源内重加权,沉积后,其他候选弧,3,1.0,0.0,0.0,0.0,0.0
GP 表达式自身产生的状态,500,历史重启阶段最优路径,GP 源内重加权,沉积后,其他候选弧,4,1.0,0.0,0.0,0.0,0.0
GP 表达式自身产生的状态,500,历史重启阶段最优路径,GP 源内重加权,沉积后,其他候选弧,5,1.0,0.0,0.0,0.0,0.0
GP 表达式自身产生的状态,500,历史重启阶段最优路径,GP 源内重加权,沉积后,其他候选弧,6,1.0,0.0,0.0,0.0,0.0
GP 表达式自身产生的状态,500,历史重启阶段最优路径,GP 源内重加权,沉积后,其他候选弧,7,1.0,0.0,0.0,0.0,0.0
GP 表达式自身产生的状态,500,历史重启阶段最优路径,GP 源内重加权,蒸发和下界保护后,两条来源路径共有边,0,1.0,0.0,0.0,0.0,0.0
GP 表达式自身产生的状态,500,历史重启阶段最优路径,GP 源内重加权,蒸发和下界保护后,两条来源路径共有边,1,1.0,0.0,0.0,0.0,0.0
GP 表达式自身产生的状态,500,历史重启阶段最优路径,GP 源内重加权,蒸发和下界保护后,两条来源路径共有边,2,1.0,0.0,0.0,0.0,0.0
GP 表达式自身产生的状态,500,历史重启阶段最优路径,GP 源内重加权,蒸发和下界保护后,两条来源路径共有边,3,1.0,0.0,0.0,0.0,0.0
GP 表达式自身产生的状态,500,历史重启阶段最优路径,GP 源内重加权,蒸发和下界保护后,两条来源路径共有边,4,1.0,0.0,0.0,0.0,0.0
GP 表达式自身产生的状态,500,历史重启阶段最优路径,GP 源内重加权,蒸发和下界保护后,两条来源路径共有边,5,1.0,0.0,0.0,0.0,0.0
GP 表达式自身产生的状态,500,历史重启阶段最优路径,GP 源内重加权,蒸发和下界保护后,两条来源路径共有边,6,1.0,0.0,0.0,0.0,0.0
GP 表达式自身产生的状态,500,历史重启阶段最优路径,GP 源内重加权,蒸发和下界保护后,两条来源路径共有边,7,1.0,0.0,0.0,0.0,0.0
GP 表达式自身产生的状态,500,历史重启阶段最优路径,GP 源内重加权,蒸发和下界保护后,仅历史来源路径包含的边,0,1.0,0.0,0.0,0.0,0.0
GP 表达式自身产生的状态,500,历史重启阶段最优路径,GP 源内重加权,蒸发和下界保护后,仅历史来源路径包含的边,1,1.0,0.0,0.0,0.0,0.0
GP 表达式自身产生的状态,500,历史重启阶段最优路径,GP 源内重加权,蒸发和下界保护后,仅历史来源路径包含的边,2,1.0,0.0,0.0,0.0,0.0
GP 表达式自身产生的状态,500,历史重启阶段最优路径,GP 源内重加权,蒸发和下界保护后,仅历史来源路径包含的边,3,1.0,0.0,0.0,0.0,0.0
GP 表达式自身产生的状态,500,历史重启阶段最优路径,GP 源内重加权,蒸发和下界保护后,仅历史来源路径包含的边,4,1.0,0.0,0.0,0.0,0.0
GP 表达式自身产生的状态,500,历史重启阶段最优路径,GP 源内重加权,蒸发和下界保护后,仅历史来源路径包含的边,5,1.0,0.0,0.0,0.0,0.0
GP 表达式自身产生的状态,500,历史重启阶段最优路径,GP 源内重加权,蒸发和下界保护后,仅历史来源路径包含的边,6,1.0,0.0,0.0,0.0,0.0
GP 表达式自身产生的状态,500,历史重启阶段最优路径,GP 源内重加权,蒸发和下界保护后,仅历史来源路径包含的边,7,1.0,0.0,0.0,0.0,0.0
GP 表达式自身产生的状态,500,历史重启阶段最优路径,GP 源内重加权,蒸发和下界保护后,仅本轮最优路径包含的边,0,1.0,0.0,0.0,0.0,0.0
GP 表达式自身产生的状态,500,历史重启阶段最优路径,GP 源内重加权,蒸发和下界保护后,仅本轮最优路径包含的边,1,1.0,0.0,0.0,0.0,0.0
GP 表达式自身产生的状态,500,历史重启阶段最优路径,GP 源内重加权,蒸发和下界保护后,仅本轮最优路径包含的边,2,1.0,0.0,0.0,0.0,0.0
GP 表达式自身产生的状态,500,历史重启阶段最优路径,GP 源内重加权,蒸发和下界保护后,仅本轮最优路径包含的边,3,1.0,0.0,0.0,0.0,0.0
GP 表达式自身产生的状态,500,历史重启阶段最优路径,GP 源内重加权,蒸发和下界保护后,仅本轮最优路径包含的边,4,1.0,0.0,0.0,0.0,0.0
GP 表达式自身产生的状态,500,历史重启阶段最优路径,GP 源内重加权,蒸发和下界保护后,仅本轮最优路径包含的边,5,1.0,0.0,0.0,0.0,0.0
GP 表达式自身产生的状态,500,历史重启阶段最优路径,GP 源内重加权,蒸发和下界保护后,仅本轮最优路径包含的边,6,1.0,0.0,0.0,0.0,0.0
GP 表达式自身产生的状态,500,历史重启阶段最优路径,GP 源内重加权,蒸发和下界保护后,仅本轮最优路径包含的边,7,1.0,0.0,0.0,0.0,0.0
GP 表达式自身产生的状态,500,历史重启阶段最优路径,GP 源内重加权,蒸发和下界保护后,其他候选弧,0,1.0,0.0,0.0,0.0,0.0
GP 表达式自身产生的状态,500,历史重启阶段最优路径,GP 源内重加权,蒸发和下界保护后,其他候选弧,1,1.0,0.0,0.0,0.0,0.0
GP 表达式自身产生的状态,500,历史重启阶段最优路径,GP 源内重加权,蒸发和下界保护后,其他候选弧,2,1.0,0.0,0.0,0.0,0.0
GP 表达式自身产生的状态,500,历史重启阶段最优路径,GP 源内重加权,蒸发和下界保护后,其他候选弧,3,1.0,0.0,0.0,0.0,0.0
GP 表达式自身产生的状态,500,历史重启阶段最优路径,GP 源内重加权,蒸发和下界保护后,其他候选弧,4,1.0,0.0,0.0,0.0,0.0
GP 表达式自身产生的状态,500,历史重启阶段最优路径,GP 源内重加权,蒸发和下界保护后,其他候选弧,5,1.0,0.0,0.0,0.0,0.0
GP 表达式自身产生的状态,500,历史重启阶段最优路径,GP 源内重加权,蒸发和下界保护后,其他候选弧,6,1.0,0.0,0.0,0.0,0.0
GP 表达式自身产生的状态,500,历史重启阶段最优路径,GP 源内重加权,蒸发和下界保护后,其他候选弧,7,1.0,0.0,0.0,0.0,0.0
GP 表达式自身产生的状态,500,历史重启阶段最优路径,GP 源内重加权,重启和可选上界处理后,两条来源路径共有边,0,1.0,-2.9663646913152246e-08,3.8002561376677e-07,-1.7682711283365886e-09,2.2908051808675132e-08
GP 表达式自身产生的状态,500,历史重启阶段最优路径,GP 源内重加权,重启和可选上界处理后,两条来源路径共有边,1,1.0,2.449552487563555e-07,2.569189836639213e-06,1.4530287848578558e-08,1.521242989434136e-07
GP 表达式自身产生的状态,500,历史重启阶段最优路径,GP 源内重加权,重启和可选上界处理后,两条来源路径共有边,2,1.0,-2.0948843263489083e-07,2.5535970774506976e-06,-1.2834866841634112e-08,1.5570057762993708e-07
GP 表达式自身产生的状态,500,历史重启阶段最优路径,GP 源内重加权,重启和可选上界处理后,两条来源路径共有边,3,1.0,1.4720707103545243e-07,6.676213343375443e-06,8.824798795912e-09,4.0006968710157607e-07
GP 表达式自身产生的状态,500,历史重启阶段最优路径,GP 源内重加权,重启和可选上界处理后,两条来源路径共有边,4,1.0,1.1138763046533187e-07,2.0618966916585254e-06,6.87771373324924e-09,1.2724598248799642e-07
GP 表达式自身产生的状态,500,历史重启阶段最优路径,GP 源内重加权,重启和可选上界处理后,两条来源路径共有边,5,1.0,3.10011200166244e-07,3.10011200166244e-07,1.9040372636583115e-08,1.9040372636583115e-08
GP 表达式自身产生的状态,500,历史重启阶段最优路径,GP 源内重加权,重启和可选上界处理后,两条来源路径共有边,6,1.0,-1.136481447091011e-07,3.363927331105927e-05,-6.993611653645834e-09,2.071698506673177e-06
GP 表达式自身产生的状态,500,历史重启阶段最优路径,GP 源内重加权,重启和可选上界处理后,两条来源路径共有边,7,1.0,-3.807459269909254e-07,7.003789137782127e-07,-2.300739288330078e-08,4.237227969699436e-08
GP 表达式自身产生的状态,500,历史重启阶段最优路径,GP 源内重加权,重启和可选上界处理后,仅历史来源路径包含的边,0,1.0,0.0,0.0,0.0,0.0
GP 表达式自身产生的状态,500,历史重启阶段最优路径,GP 源内重加权,重启和可选上界处理后,仅历史来源路径包含的边,1,1.0,0.0,0.0,0.0,0.0
GP 表达式自身产生的状态,500,历史重启阶段最优路径,GP 源内重加权,重启和可选上界处理后,仅历史来源路径包含的边,2,1.0,0.0,0.0,0.0,0.0
GP 表达式自身产生的状态,500,历史重启阶段最优路径,GP 源内重加权,重启和可选上界处理后,仅历史来源路径包含的边,3,1.0,0.0,0.0,0.0,0.0
GP 表达式自身产生的状态,500,历史重启阶段最优路径,GP 源内重加权,重启和可选上界处理后,仅历史来源路径包含的边,4,1.0,0.0,0.0,0.0,0.0
GP 表达式自身产生的状态,500,历史重启阶段最优路径,GP 源内重加权,重启和可选上界处理后,仅历史来源路径包含的边,5,1.0,0.0,0.0,0.0,0.0
GP 表达式自身产生的状态,500,历史重启阶段最优路径,GP 源内重加权,重启和可选上界处理后,仅历史来源路径包含的边,6,1.0,0.0,0.0,0.0,0.0
GP 表达式自身产生的状态,500,历史重启阶段最优路径,GP 源内重加权,重启和可选上界处理后,仅历史来源路径包含的边,7,1.0,0.0,0.0,0.0,0.0
GP 表达式自身产生的状态,500,历史重启阶段最优路径,GP 源内重加权,重启和可选上界处理后,仅本轮最优路径包含的边,0,1.0,0.0,0.0,0.0,0.0
GP 表达式自身产生的状态,500,历史重启阶段最优路径,GP 源内重加权,重启和可选上界处理后,仅本轮最优路径包含的边,1,1.0,0.0,0.0,0.0,0.0
GP 表达式自身产生的状态,500,历史重启阶段最优路径,GP 源内重加权,重启和可选上界处理后,仅本轮最优路径包含的边,2,1.0,0.0,0.0,0.0,0.0
GP 表达式自身产生的状态,500,历史重启阶段最优路径,GP 源内重加权,重启和可选上界处理后,仅本轮最优路径包含的边,3,1.0,0.0,0.0,0.0,0.0
GP 表达式自身产生的状态,500,历史重启阶段最优路径,GP 源内重加权,重启和可选上界处理后,仅本轮最优路径包含的边,4,1.0,0.0,0.0,0.0,0.0
GP 表达式自身产生的状态,500,历史重启阶段最优路径,GP 源内重加权,重启和可选上界处理后,仅本轮最优路径包含的边,5,1.0,0.0,0.0,0.0,0.0
GP 表达式自身产生的状态,500,历史重启阶段最优路径,GP 源内重加权,重启和可选上界处理后,仅本轮最优路径包含的边,6,1.0,0.0,0.0,0.0,0.0
GP 表达式自身产生的状态,500,历史重启阶段最优路径,GP 源内重加权,重启和可选上界处理后,仅本轮最优路径包含的边,7,1.0,0.0,0.0,0.0,0.0
GP 表达式自身产生的状态,500,历史重启阶段最优路径,GP 源内重加权,重启和可选上界处理后,其他候选弧,0,1.0,0.0,0.0,0.0,0.0
GP 表达式自身产生的状态,500,历史重启阶段最优路径,GP 源内重加权,重启和可选上界处理后,其他候选弧,1,1.0,0.0,0.0,0.0,0.0
GP 表达式自身产生的状态,500,历史重启阶段最优路径,GP 源内重加权,重启和可选上界处理后,其他候选弧,2,1.0,0.0,0.0,0.0,0.0
GP 表达式自身产生的状态,500,历史重启阶段最优路径,GP 源内重加权,重启和可选上界处理后,其他候选弧,3,1.0,0.0,0.0,0.0,0.0
GP 表达式自身产生的状态,500,历史重启阶段最优路径,GP 源内重加权,重启和可选上界处理后,其他候选弧,4,1.0,0.0,0.0,0.0,0.0
GP 表达式自身产生的状态,500,历史重启阶段最优路径,GP 源内重加权,重启和可选上界处理后,其他候选弧,5,1.0,0.0,0.0,0.0,0.0
GP 表达式自身产生的状态,500,历史重启阶段最优路径,GP 源内重加权,重启和可选上界处理后,其他候选弧,6,1.0,0.0,0.0,0.0,0.0
GP 表达式自身产生的状态,500,历史重启阶段最优路径,GP 源内重加权,重启和可选上界处理后,其他候选弧,7,1.0,0.0,0.0,0.0,0.0
GP 表达式自身产生的状态,500,历史重启阶段最优路径,来源内均匀沉积,更新前,两条来源路径共有边,0,1.0,0.0,0.0,0.0,0.0
GP 表达式自身产生的状态,500,历史重启阶段最优路径,来源内均匀沉积,更新前,两条来源路径共有边,1,1.0,0.0,0.0,0.0,0.0
GP 表达式自身产生的状态,500,历史重启阶段最优路径,来源内均匀沉积,更新前,两条来源路径共有边,2,1.0,0.0,0.0,0.0,0.0
GP 表达式自身产生的状态,500,历史重启阶段最优路径,来源内均匀沉积,更新前,两条来源路径共有边,3,1.0,0.0,0.0,0.0,0.0
GP 表达式自身产生的状态,500,历史重启阶段最优路径,来源内均匀沉积,更新前,两条来源路径共有边,4,1.0,0.0,0.0,0.0,0.0
GP 表达式自身产生的状态,500,历史重启阶段最优路径,来源内均匀沉积,更新前,两条来源路径共有边,5,1.0,0.0,0.0,0.0,0.0
GP 表达式自身产生的状态,500,历史重启阶段最优路径,来源内均匀沉积,更新前,两条来源路径共有边,6,1.0,0.0,0.0,0.0,0.0
GP 表达式自身产生的状态,500,历史重启阶段最优路径,来源内均匀沉积,更新前,两条来源路径共有边,7,1.0,0.0,0.0,0.0,0.0
GP 表达式自身产生的状态,500,历史重启阶段最优路径,来源内均匀沉积,更新前,仅历史来源路径包含的边,0,1.0,0.0,0.0,0.0,0.0
GP 表达式自身产生的状态,500,历史重启阶段最优路径,来源内均匀沉积,更新前,仅历史来源路径包含的边,1,1.0,0.0,0.0,0.0,0.0
GP 表达式自身产生的状态,500,历史重启阶段最优路径,来源内均匀沉积,更新前,仅历史来源路径包含的边,2,1.0,0.0,0.0,0.0,0.0
GP 表达式自身产生的状态,500,历史重启阶段最优路径,来源内均匀沉积,更新前,仅历史来源路径包含的边,3,1.0,0.0,0.0,0.0,0.0
GP 表达式自身产生的状态,500,历史重启阶段最优路径,来源内均匀沉积,更新前,仅历史来源路径包含的边,4,1.0,0.0,0.0,0.0,0.0
GP 表达式自身产生的状态,500,历史重启阶段最优路径,来源内均匀沉积,更新前,仅历史来源路径包含的边,5,1.0,0.0,0.0,0.0,0.0
GP 表达式自身产生的状态,500,历史重启阶段最优路径,来源内均匀沉积,更新前,仅历史来源路径包含的边,6,1.0,0.0,0.0,0.0,0.0
GP 表达式自身产生的状态,500,历史重启阶段最优路径,来源内均匀沉积,更新前,仅历史来源路径包含的边,7,1.0,0.0,0.0,0.0,0.0
GP 表达式自身产生的状态,500,历史重启阶段最优路径,来源内均匀沉积,更新前,仅本轮最优路径包含的边,0,1.0,0.0,0.0,0.0,0.0
GP 表达式自身产生的状态,500,历史重启阶段最优路径,来源内均匀沉积,更新前,仅本轮最优路径包含的边,1,1.0,0.0,0.0,0.0,0.0
GP 表达式自身产生的状态,500,历史重启阶段最优路径,来源内均匀沉积,更新前,仅本轮最优路径包含的边,2,1.0,0.0,0.0,0.0,0.0
GP 表达式自身产生的状态,500,历史重启阶段最优路径,来源内均匀沉积,更新前,仅本轮最优路径包含的边,3,1.0,0.0,0.0,0.0,0.0
GP 表达式自身产生的状态,500,历史重启阶段最优路径,来源内均匀沉积,更新前,仅本轮最优路径包含的边,4,1.0,0.0,0.0,0.0,0.0
GP 表达式自身产生的状态,500,历史重启阶段最优路径,来源内均匀沉积,更新前,仅本轮最优路径包含的边,5,1.0,0.0,0.0,0.0,0.0
GP 表达式自身产生的状态,500,历史重启阶段最优路径,来源内均匀沉积,更新前,仅本轮最优路径包含的边,6,1.0,0.0,0.0,0.0,0.0
GP 表达式自身产生的状态,500,历史重启阶段最优路径,来源内均匀沉积,更新前,仅本轮最优路径包含的边,7,1.0,0.0,0.0,0.0,0.0
GP 表达式自身产生的状态,500,历史重启阶段最优路径,来源内均匀沉积,更新前,其他候选弧,0,1.0,0.0,0.0,0.0,0.0
GP 表达式自身产生的状态,500,历史重启阶段最优路径,来源内均匀沉积,更新前,其他候选弧,1,1.0,0.0,0.0,0.0,0.0
GP 表达式自身产生的状态,500,历史重启阶段最优路径,来源内均匀沉积,更新前,其他候选弧,2,1.0,0.0,0.0,0.0,0.0
GP 表达式自身产生的状态,500,历史重启阶段最优路径,来源内均匀沉积,更新前,其他候选弧,3,1.0,0.0,0.0,0.0,0.0
GP 表达式自身产生的状态,500,历史重启阶段最优路径,来源内均匀沉积,更新前,其他候选弧,4,1.0,0.0,0.0,0.0,0.0
GP 表达式自身产生的状态,500,历史重启阶段最优路径,来源内均匀沉积,更新前,其他候选弧,5,1.0,0.0,0.0,0.0,0.0
GP 表达式自身产生的状态,500,历史重启阶段最优路径,来源内均匀沉积,更新前,其他候选弧,6,1.0,0.0,0.0,0.0,0.0
GP 表达式自身产生的状态,500,历史重启阶段最优路径,来源内均匀沉积,更新前,其他候选弧,7,1.0,0.0,0.0,0.0,0.0
GP 表达式自身产生的状态,500,历史重启阶段最优路径,来源内均匀沉积,沉积后,两条来源路径共有边,0,1.0,0.0,0.0,0.0,0.0
GP 表达式自身产生的状态,500,历史重启阶段最优路径,来源内均匀沉积,沉积后,两条来源路径共有边,1,1.0,-1.2477279853744035e-08,1.2477279853744035e-08,-7.417466905381945e-10,7.417466905381945e-10
GP 表达式自身产生的状态,500,历史重启阶段最优路径,来源内均匀沉积,沉积后,两条来源路径共有边,2,1.0,0.0,0.0,0.0,0.0
GP 表达式自身产生的状态,500,历史重启阶段最优路径,来源内均匀沉积,沉积后,两条来源路径共有边,3,1.0,0.0,0.0,0.0,0.0
GP 表达式自身产生的状态,500,历史重启阶段最优路径,来源内均匀沉积,沉积后,两条来源路径共有边,4,1.0,0.0,0.0,0.0,0.0
GP 表达式自身产生的状态,500,历史重启阶段最优路径,来源内均匀沉积,沉积后,两条来源路径共有边,5,1.0,0.0,0.0,0.0,0.0
GP 表达式自身产生的状态,500,历史重启阶段最优路径,来源内均匀沉积,沉积后,两条来源路径共有边,6,1.0,0.0,0.0,0.0,0.0
GP 表达式自身产生的状态,500,历史重启阶段最优路径,来源内均匀沉积,沉积后,两条来源路径共有边,7,1.0,0.0,0.0,0.0,0.0
GP 表达式自身产生的状态,500,历史重启阶段最优路径,来源内均匀沉积,沉积后,仅历史来源路径包含的边,0,1.0,0.0,0.0,0.0,0.0
GP 表达式自身产生的状态,500,历史重启阶段最优路径,来源内均匀沉积,沉积后,仅历史来源路径包含的边,1,1.0,0.0,0.0,0.0,0.0
GP 表达式自身产生的状态,500,历史重启阶段最优路径,来源内均匀沉积,沉积后,仅历史来源路径包含的边,2,1.0,0.0,0.0,0.0,0.0
GP 表达式自身产生的状态,500,历史重启阶段最优路径,来源内均匀沉积,沉积后,仅历史来源路径包含的边,3,1.0,0.0,0.0,0.0,0.0
GP 表达式自身产生的状态,500,历史重启阶段最优路径,来源内均匀沉积,沉积后,仅历史来源路径包含的边,4,1.0,0.0,0.0,0.0,0.0
GP 表达式自身产生的状态,500,历史重启阶段最优路径,来源内均匀沉积,沉积后,仅历史来源路径包含的边,5,1.0,0.0,0.0,0.0,0.0
GP 表达式自身产生的状态,500,历史重启阶段最优路径,来源内均匀沉积,沉积后,仅历史来源路径包含的边,6,1.0,0.0,0.0,0.0,0.0
GP 表达式自身产生的状态,500,历史重启阶段最优路径,来源内均匀沉积,沉积后,仅历史来源路径包含的边,7,1.0,0.0,0.0,0.0,0.0
GP 表达式自身产生的状态,500,历史重启阶段最优路径,来源内均匀沉积,沉积后,仅本轮最优路径包含的边,0,1.0,0.0,0.0,0.0,0.0
GP 表达式自身产生的状态,500,历史重启阶段最优路径,来源内均匀沉积,沉积后,仅本轮最优路径包含的边,1,1.0,0.0,0.0,0.0,0.0
GP 表达式自身产生的状态,500,历史重启阶段最优路径,来源内均匀沉积,沉积后,仅本轮最优路径包含的边,2,1.0,0.0,0.0,0.0,0.0
GP 表达式自身产生的状态,500,历史重启阶段最优路径,来源内均匀沉积,沉积后,仅本轮最优路径包含的边,3,1.0,0.0,0.0,0.0,0.0
GP 表达式自身产生的状态,500,历史重启阶段最优路径,来源内均匀沉积,沉积后,仅本轮最优路径包含的边,4,1.0,0.0,0.0,0.0,0.0
GP 表达式自身产生的状态,500,历史重启阶段最优路径,来源内均匀沉积,沉积后,仅本轮最优路径包含的边,5,1.0,0.0,0.0,0.0,0.0
GP 表达式自身产生的状态,500,历史重启阶段最优路径,来源内均匀沉积,沉积后,仅本轮最优路径包含的边,6,1.0,0.0,0.0,0.0,0.0
GP 表达式自身产生的状态,500,历史重启阶段最优路径,来源内均匀沉积,沉积后,仅本轮最优路径包含的边,7,1.0,0.0,0.0,0.0,0.0
GP 表达式自身产生的状态,500,历史重启阶段最优路径,来源内均匀沉积,沉积后,其他候选弧,0,1.0,0.0,0.0,0.0,0.0
GP 表达式自身产生的状态,500,历史重启阶段最优路径,来源内均匀沉积,沉积后,其他候选弧,1,1.0,0.0,0.0,0.0,0.0
GP 表达式自身产生的状态,500,历史重启阶段最优路径,来源内均匀沉积,沉积后,其他候选弧,2,1.0,0.0,0.0,0.0,0.0
GP 表达式自身产生的状态,500,历史重启阶段最优路径,来源内均匀沉积,沉积后,其他候选弧,3,1.0,0.0,0.0,0.0,0.0
GP 表达式自身产生的状态,500,历史重启阶段最优路径,来源内均匀沉积,沉积后,其他候选弧,4,1.0,0.0,0.0,0.0,0.0
GP 表达式自身产生的状态,500,历史重启阶段最优路径,来源内均匀沉积,沉积后,其他候选弧,5,1.0,0.0,0.0,0.0,0.0
GP 表达式自身产生的状态,500,历史重启阶段最优路径,来源内均匀沉积,沉积后,其他候选弧,6,1.0,0.0,0.0,0.0,0.0
GP 表达式自身产生的状态,500,历史重启阶段最优路径,来源内均匀沉积,沉积后,其他候选弧,7,1.0,0.0,0.0,0.0,0.0
GP 表达式自身产生的状态,500,历史重启阶段最优路径,来源内均匀沉积,蒸发和下界保护后,两条来源路径共有边,0,1.0,0.0,0.0,0.0,0.0
GP 表达式自身产生的状态,500,历史重启阶段最优路径,来源内均匀沉积,蒸发和下界保护后,两条来源路径共有边,1,1.0,0.0,0.0,0.0,0.0
GP 表达式自身产生的状态,500,历史重启阶段最优路径,来源内均匀沉积,蒸发和下界保护后,两条来源路径共有边,2,1.0,0.0,0.0,0.0,0.0
GP 表达式自身产生的状态,500,历史重启阶段最优路径,来源内均匀沉积,蒸发和下界保护后,两条来源路径共有边,3,1.0,0.0,0.0,0.0,0.0
GP 表达式自身产生的状态,500,历史重启阶段最优路径,来源内均匀沉积,蒸发和下界保护后,两条来源路径共有边,4,1.0,0.0,0.0,0.0,0.0
GP 表达式自身产生的状态,500,历史重启阶段最优路径,来源内均匀沉积,蒸发和下界保护后,两条来源路径共有边,5,1.0,0.0,0.0,0.0,0.0
GP 表达式自身产生的状态,500,历史重启阶段最优路径,来源内均匀沉积,蒸发和下界保护后,两条来源路径共有边,6,1.0,0.0,0.0,0.0,0.0
GP 表达式自身产生的状态,500,历史重启阶段最优路径,来源内均匀沉积,蒸发和下界保护后,两条来源路径共有边,7,1.0,0.0,0.0,0.0,0.0
GP 表达式自身产生的状态,500,历史重启阶段最优路径,来源内均匀沉积,蒸发和下界保护后,仅历史来源路径包含的边,0,1.0,0.0,0.0,0.0,0.0
GP 表达式自身产生的状态,500,历史重启阶段最优路径,来源内均匀沉积,蒸发和下界保护后,仅历史来源路径包含的边,1,1.0,0.0,0.0,0.0,0.0
GP 表达式自身产生的状态,500,历史重启阶段最优路径,来源内均匀沉积,蒸发和下界保护后,仅历史来源路径包含的边,2,1.0,0.0,0.0,0.0,0.0
GP 表达式自身产生的状态,500,历史重启阶段最优路径,来源内均匀沉积,蒸发和下界保护后,仅历史来源路径包含的边,3,1.0,0.0,0.0,0.0,0.0
GP 表达式自身产生的状态,500,历史重启阶段最优路径,来源内均匀沉积,蒸发和下界保护后,仅历史来源路径包含的边,4,1.0,0.0,0.0,0.0,0.0
GP 表达式自身产生的状态,500,历史重启阶段最优路径,来源内均匀沉积,蒸发和下界保护后,仅历史来源路径包含的边,5,1.0,0.0,0.0,0.0,0.0
GP 表达式自身产生的状态,500,历史重启阶段最优路径,来源内均匀沉积,蒸发和下界保护后,仅历史来源路径包含的边,6,1.0,0.0,0.0,0.0,0.0
GP 表达式自身产生的状态,500,历史重启阶段最优路径,来源内均匀沉积,蒸发和下界保护后,仅历史来源路径包含的边,7,1.0,0.0,0.0,0.0,0.0
GP 表达式自身产生的状态,500,历史重启阶段最优路径,来源内均匀沉积,蒸发和下界保护后,仅本轮最优路径包含的边,0,1.0,0.0,0.0,0.0,0.0
GP 表达式自身产生的状态,500,历史重启阶段最优路径,来源内均匀沉积,蒸发和下界保护后,仅本轮最优路径包含的边,1,1.0,0.0,0.0,0.0,0.0
GP 表达式自身产生的状态,500,历史重启阶段最优路径,来源内均匀沉积,蒸发和下界保护后,仅本轮最优路径包含的边,2,1.0,0.0,0.0,0.0,0.0
GP 表达式自身产生的状态,500,历史重启阶段最优路径,来源内均匀沉积,蒸发和下界保护后,仅本轮最优路径包含的边,3,1.0,0.0,0.0,0.0,0.0
GP 表达式自身产生的状态,500,历史重启阶段最优路径,来源内均匀沉积,蒸发和下界保护后,仅本轮最优路径包含的边,4,1.0,0.0,0.0,0.0,0.0
GP 表达式自身产生的状态,500,历史重启阶段最优路径,来源内均匀沉积,蒸发和下界保护后,仅本轮最优路径包含的边,5,1.0,0.0,0.0,0.0,0.0
GP 表达式自身产生的状态,500,历史重启阶段最优路径,来源内均匀沉积,蒸发和下界保护后,仅本轮最优路径包含的边,6,1.0,0.0,0.0,0.0,0.0
GP 表达式自身产生的状态,500,历史重启阶段最优路径,来源内均匀沉积,蒸发和下界保护后,仅本轮最优路径包含的边,7,1.0,0.0,0.0,0.0,0.0
GP 表达式自身产生的状态,500,历史重启阶段最优路径,来源内均匀沉积,蒸发和下界保护后,其他候选弧,0,1.0,0.0,0.0,0.0,0.0
GP 表达式自身产生的状态,500,历史重启阶段最优路径,来源内均匀沉积,蒸发和下界保护后,其他候选弧,1,1.0,0.0,0.0,0.0,0.0
GP 表达式自身产生的状态,500,历史重启阶段最优路径,来源内均匀沉积,蒸发和下界保护后,其他候选弧,2,1.0,0.0,0.0,0.0,0.0
GP 表达式自身产生的状态,500,历史重启阶段最优路径,来源内均匀沉积,蒸发和下界保护后,其他候选弧,3,1.0,0.0,0.0,0.0,0.0
GP 表达式自身产生的状态,500,历史重启阶段最优路径,来源内均匀沉积,蒸发和下界保护后,其他候选弧,4,1.0,0.0,0.0,0.0,0.0
GP 表达式自身产生的状态,500,历史重启阶段最优路径,来源内均匀沉积,蒸发和下界保护后,其他候选弧,5,1.0,0.0,0.0,0.0,0.0
GP 表达式自身产生的状态,500,历史重启阶段最优路径,来源内均匀沉积,蒸发和下界保护后,其他候选弧,6,1.0,0.0,0.0,0.0,0.0
GP 表达式自身产生的状态,500,历史重启阶段最优路径,来源内均匀沉积,蒸发和下界保护后,其他候选弧,7,1.0,0.0,0.0,0.0,0.0
GP 表达式自身产生的状态,500,历史重启阶段最优路径,来源内均匀沉积,重启和可选上界处理后,两条来源路径共有边,0,1.0,0.0,0.0,0.0,0.0
GP 表达式自身产生的状态,500,历史重启阶段最优路径,来源内均匀沉积,重启和可选上界处理后,两条来源路径共有边,1,1.0,-1.2477279853744035e-08,1.2477279853744035e-08,-7.417466905381945e-10,7.417466905381945e-10
GP 表达式自身产生的状态,500,历史重启阶段最优路径,来源内均匀沉积,重启和可选上界处理后,两条来源路径共有边,2,1.0,0.0,0.0,0.0,0.0
GP 表达式自身产生的状态,500,历史重启阶段最优路径,来源内均匀沉积,重启和可选上界处理后,两条来源路径共有边,3,1.0,0.0,0.0,0.0,0.0
GP 表达式自身产生的状态,500,历史重启阶段最优路径,来源内均匀沉积,重启和可选上界处理后,两条来源路径共有边,4,1.0,0.0,0.0,0.0,0.0
GP 表达式自身产生的状态,500,历史重启阶段最优路径,来源内均匀沉积,重启和可选上界处理后,两条来源路径共有边,5,1.0,0.0,0.0,0.0,0.0
GP 表达式自身产生的状态,500,历史重启阶段最优路径,来源内均匀沉积,重启和可选上界处理后,两条来源路径共有边,6,1.0,0.0,0.0,0.0,0.0
GP 表达式自身产生的状态,500,历史重启阶段最优路径,来源内均匀沉积,重启和可选上界处理后,两条来源路径共有边,7,1.0,0.0,0.0,0.0,0.0
GP 表达式自身产生的状态,500,历史重启阶段最优路径,来源内均匀沉积,重启和可选上界处理后,仅历史来源路径包含的边,0,1.0,0.0,0.0,0.0,0.0
GP 表达式自身产生的状态,500,历史重启阶段最优路径,来源内均匀沉积,重启和可选上界处理后,仅历史来源路径包含的边,1,1.0,0.0,0.0,0.0,0.0
GP 表达式自身产生的状态,500,历史重启阶段最优路径,来源内均匀沉积,重启和可选上界处理后,仅历史来源路径包含的边,2,1.0,0.0,0.0,0.0,0.0
GP 表达式自身产生的状态,500,历史重启阶段最优路径,来源内均匀沉积,重启和可选上界处理后,仅历史来源路径包含的边,3,1.0,0.0,0.0,0.0,0.0
GP 表达式自身产生的状态,500,历史重启阶段最优路径,来源内均匀沉积,重启和可选上界处理后,仅历史来源路径包含的边,4,1.0,0.0,0.0,0.0,0.0
GP 表达式自身产生的状态,500,历史重启阶段最优路径,来源内均匀沉积,重启和可选上界处理后,仅历史来源路径包含的边,5,1.0,0.0,0.0,0.0,0.0
GP 表达式自身产生的状态,500,历史重启阶段最优路径,来源内均匀沉积,重启和可选上界处理后,仅历史来源路径包含的边,6,1.0,0.0,0.0,0.0,0.0
GP 表达式自身产生的状态,500,历史重启阶段最优路径,来源内均匀沉积,重启和可选上界处理后,仅历史来源路径包含的边,7,1.0,0.0,0.0,0.0,0.0
GP 表达式自身产生的状态,500,历史重启阶段最优路径,来源内均匀沉积,重启和可选上界处理后,仅本轮最优路径包含的边,0,1.0,0.0,0.0,0.0,0.0
GP 表达式自身产生的状态,500,历史重启阶段最优路径,来源内均匀沉积,重启和可选上界处理后,仅本轮最优路径包含的边,1,1.0,0.0,0.0,0.0,0.0
GP 表达式自身产生的状态,500,历史重启阶段最优路径,来源内均匀沉积,重启和可选上界处理后,仅本轮最优路径包含的边,2,1.0,0.0,0.0,0.0,0.0
GP 表达式自身产生的状态,500,历史重启阶段最优路径,来源内均匀沉积,重启和可选上界处理后,仅本轮最优路径包含的边,3,1.0,0.0,0.0,0.0,0.0
GP 表达式自身产生的状态,500,历史重启阶段最优路径,来源内均匀沉积,重启和可选上界处理后,仅本轮最优路径包含的边,4,1.0,0.0,0.0,0.0,0.0
GP 表达式自身产生的状态,500,历史重启阶段最优路径,来源内均匀沉积,重启和可选上界处理后,仅本轮最优路径包含的边,5,1.0,0.0,0.0,0.0,0.0
GP 表达式自身产生的状态,500,历史重启阶段最优路径,来源内均匀沉积,重启和可选上界处理后,仅本轮最优路径包含的边,6,1.0,0.0,0.0,0.0,0.0
GP 表达式自身产生的状态,500,历史重启阶段最优路径,来源内均匀沉积,重启和可选上界处理后,仅本轮最优路径包含的边,7,1.0,0.0,0.0,0.0,0.0
GP 表达式自身产生的状态,500,历史重启阶段最优路径,来源内均匀沉积,重启和可选上界处理后,其他候选弧,0,1.0,0.0,0.0,0.0,0.0
GP 表达式自身产生的状态,500,历史重启阶段最优路径,来源内均匀沉积,重启和可选上界处理后,其他候选弧,1,1.0,0.0,0.0,0.0,0.0
GP 表达式自身产生的状态,500,历史重启阶段最优路径,来源内均匀沉积,重启和可选上界处理后,其他候选弧,2,1.0,0.0,0.0,0.0,0.0
GP 表达式自身产生的状态,500,历史重启阶段最优路径,来源内均匀沉积,重启和可选上界处理后,其他候选弧,3,1.0,0.0,0.0,0.0,0.0
GP 表达式自身产生的状态,500,历史重启阶段最优路径,来源内均匀沉积,重启和可选上界处理后,其他候选弧,4,1.0,0.0,0.0,0.0,0.0
GP 表达式自身产生的状态,500,历史重启阶段最优路径,来源内均匀沉积,重启和可选上界处理后,其他候选弧,5,1.0,0.0,0.0,0.0,0.0
GP 表达式自身产生的状态,500,历史重启阶段最优路径,来源内均匀沉积,重启和可选上界处理后,其他候选弧,6,1.0,0.0,0.0,0.0,0.0
GP 表达式自身产生的状态,500,历史重启阶段最优路径,来源内均匀沉积,重启和可选上界处理后,其他候选弧,7,1.0,0.0,0.0,0.0,0.0
GP 表达式自身产生的状态,1000,历史全局最优路径,GP 源内重加权,更新前,两条来源路径共有边,0,0.953111111111111,0.0,0.0,0.0,0.0
GP 表达式自身产生的状态,1000,历史全局最优路径,GP 源内重加权,更新前,两条来源路径共有边,1,0.9697777777777777,0.0,0.0,0.0,0.0
GP 表达式自身产生的状态,1000,历史全局最优路径,GP 源内重加权,更新前,两条来源路径共有边,2,0.9720000000000001,0.0,0.0,0.0,0.0
GP 表达式自身产生的状态,1000,历史全局最优路径,GP 源内重加权,更新前,两条来源路径共有边,3,0.9817777777777779,0.0,0.0,0.0,0.0
GP 表达式自身产生的状态,1000,历史全局最优路径,GP 源内重加权,更新前,两条来源路径共有边,4,0.991111111111111,0.0,0.0,0.0,0.0
GP 表达式自身产生的状态,1000,历史全局最优路径,GP 源内重加权,更新前,两条来源路径共有边,5,0.9922222222222222,0.0,0.0,0.0,0.0
GP 表达式自身产生的状态,1000,历史全局最优路径,GP 源内重加权,更新前,两条来源路径共有边,6,0.9928888888888889,0.0,0.0,0.0,0.0
GP 表达式自身产生的状态,1000,历史全局最优路径,GP 源内重加权,更新前,两条来源路径共有边,7,0.9406666666666665,0.0,0.0,0.0,0.0
GP 表达式自身产生的状态,1000,历史全局最优路径,GP 源内重加权,更新前,仅历史来源路径包含的边,0,0.953111111111111,0.0,0.0,0.0,0.0
GP 表达式自身产生的状态,1000,历史全局最优路径,GP 源内重加权,更新前,仅历史来源路径包含的边,1,0.9697777777777777,0.0,0.0,0.0,0.0
GP 表达式自身产生的状态,1000,历史全局最优路径,GP 源内重加权,更新前,仅历史来源路径包含的边,2,0.9720000000000001,0.0,0.0,0.0,0.0
GP 表达式自身产生的状态,1000,历史全局最优路径,GP 源内重加权,更新前,仅历史来源路径包含的边,3,0.9817777777777779,0.0,0.0,0.0,0.0
GP 表达式自身产生的状态,1000,历史全局最优路径,GP 源内重加权,更新前,仅历史来源路径包含的边,4,0.991111111111111,0.0,0.0,0.0,0.0
GP 表达式自身产生的状态,1000,历史全局最优路径,GP 源内重加权,更新前,仅历史来源路径包含的边,5,0.9922222222222222,0.0,0.0,0.0,0.0
GP 表达式自身产生的状态,1000,历史全局最优路径,GP 源内重加权,更新前,仅历史来源路径包含的边,6,0.9928888888888889,0.0,0.0,0.0,0.0
GP 表达式自身产生的状态,1000,历史全局最优路径,GP 源内重加权,更新前,仅历史来源路径包含的边,7,0.9406666666666665,0.0,0.0,0.0,0.0
GP 表达式自身产生的状态,1000,历史全局最优路径,GP 源内重加权,更新前,仅本轮最优路径包含的边,0,0.953111111111111,0.0,0.0,0.0,0.0
GP 表达式自身产生的状态,1000,历史全局最优路径,GP 源内重加权,更新前,仅本轮最优路径包含的边,1,0.9697777777777777,0.0,0.0,0.0,0.0
GP 表达式自身产生的状态,1000,历史全局最优路径,GP 源内重加权,更新前,仅本轮最优路径包含的边,2,0.9720000000000001,0.0,0.0,0.0,0.0
GP 表达式自身产生的状态,1000,历史全局最优路径,GP 源内重加权,更新前,仅本轮最优路径包含的边,3,0.9817777777777779,0.0,0.0,0.0,0.0
GP 表达式自身产生的状态,1000,历史全局最优路径,GP 源内重加权,更新前,仅本轮最优路径包含的边,4,0.991111111111111,0.0,0.0,0.0,0.0
GP 表达式自身产生的状态,1000,历史全局最优路径,GP 源内重加权,更新前,仅本轮最优路径包含的边,5,0.9922222222222222,0.0,0.0,0.0,0.0
GP 表达式自身产生的状态,1000,历史全局最优路径,GP 源内重加权,更新前,仅本轮最优路径包含的边,6,0.9928888888888889,0.0,0.0,0.0,0.0
GP 表达式自身产生的状态,1000,历史全局最优路径,GP 源内重加权,更新前,仅本轮最优路径包含的边,7,0.9406666666666665,0.0,0.0,0.0,0.0
GP 表达式自身产生的状态,1000,历史全局最优路径,GP 源内重加权,更新前,其他候选弧,0,0.953111111111111,0.0,0.0,0.0,0.0
GP 表达式自身产生的状态,1000,历史全局最优路径,GP 源内重加权,更新前,其他候选弧,1,0.9697777777777777,0.0,0.0,0.0,0.0
GP 表达式自身产生的状态,1000,历史全局最优路径,GP 源内重加权,更新前,其他候选弧,2,0.9720000000000001,0.0,0.0,0.0,0.0
GP 表达式自身产生的状态,1000,历史全局最优路径,GP 源内重加权,更新前,其他候选弧,3,0.9817777777777779,0.0,0.0,0.0,0.0
GP 表达式自身产生的状态,1000,历史全局最优路径,GP 源内重加权,更新前,其他候选弧,4,0.991111111111111,0.0,0.0,0.0,0.0
GP 表达式自身产生的状态,1000,历史全局最优路径,GP 源内重加权,更新前,其他候选弧,5,0.9922222222222222,0.0,0.0,0.0,0.0
GP 表达式自身产生的状态,1000,历史全局最优路径,GP 源内重加权,更新前,其他候选弧,6,0.9928888888888889,0.0,0.0,0.0,0.0
GP 表达式自身产生的状态,1000,历史全局最优路径,GP 源内重加权,更新前,其他候选弧,7,0.9406666666666665,0.0,0.0,0.0,0.0
GP 表达式自身产生的状态,1000,历史全局最优路径,GP 源内重加权,沉积后,两条来源路径共有边,0,0.953111111111111,0.017299875044553922,0.01730149201925528,0.0012089456679986853,0.0012090430222518184
GP 表达式自身产生的状态,1000,历史全局最优路径,GP 源内重加权,沉积后,两条来源路径共有边,1,0.9697777777777777,0.013626978147165517,0.013627676633464557,0.0009366498483972684,0.0009366913464755087
GP 表达式自身产生的状态,1000,历史全局最优路径,GP 源内重加权,沉积后,两条来源路径共有边,2,0.9720000000000001,0.009187911008329547,0.009189466247951429,0.0006093029804593647,0.0006093979637721834
GP 表达式自身产生的状态,1000,历史全局最优路径,GP 源内重加权,沉积后,两条来源路径共有边,3,0.9817777777777779,0.005945197571703126,0.005949400421983492,0.0004099628476711282,0.00041021484286376197
GP 表达式自身产生的状态,1000,历史全局最优路径,GP 源内重加权,沉积后,两条来源路径共有边,4,0.991111111111111,0.0038037317674026617,0.0038061136591855758,0.00025561933960891576,0.0002557670399186692
GP 表达式自身产生的状态,1000,历史全局最优路径,GP 源内重加权,沉积后,两条来源路径共有边,5,0.9922222222222222,0.003697836271422434,0.0036986129375531935,0.00024325757342854708,0.00024330529688079726
GP 表达式自身产生的状态,1000,历史全局最优路径,GP 源内重加权,沉积后,两条来源路径共有边,6,0.9928888888888889,0.0033676434193245248,0.003370625718524628,0.0002155898038695048,0.0002157734788937493
GP 表达式自身产生的状态,1000,历史全局最优路径,GP 源内重加权,沉积后,两条来源路径共有边,7,0.9406666666666665,0.013172037920609645,0.01450359475783032,0.0009622271026315742,0.0010449613471183877
GP 表达式自身产生的状态,1000,历史全局最优路径,GP 源内重加权,沉积后,仅历史来源路径包含的边,0,0.953111111111111,0.028066751187628317,0.028066751187628317,0.011964950895887219,0.011964950895887219
GP 表达式自身产生的状态,1000,历史全局最优路径,GP 源内重加权,沉积后,仅历史来源路径包含的边,1,0.9697777777777777,0.016506004516557742,0.016506004516557742,0.007177985503421668,0.007177985503421668
GP 表达式自身产生的状态,1000,历史全局最优路径,GP 源内重加权,沉积后,仅历史来源路径包含的边,2,0.9720000000000001,0.017295949782631794,0.017295949782631794,0.012267466825378734,0.012267466825378734
GP 表达式自身产生的状态,1000,历史全局最优路径,GP 源内重加权,沉积后,仅历史来源路径包含的边,3,0.9817777777777779,0.011616355750783205,0.011616355750783205,0.008517944683523111,0.008517944683523111
GP 表达式自身产生的状态,1000,历史全局最优路径,GP 源内重加权,沉积后,仅历史来源路径包含的边,4,0.991111111111111,0.004675310719237317,0.004675310719237317,0.003613223994357718,0.003613223994357718
GP 表达式自身产生的状态,1000,历史全局最优路径,GP 源内重加权,沉积后,仅历史来源路径包含的边,5,0.9922222222222222,0.0040709849825433615,0.0040709849825433615,0.0035579625790613514,0.0035579625790613514
GP 表达式自身产生的状态,1000,历史全局最优路径,GP 源内重加权,沉积后,仅历史来源路径包含的边,6,0.9928888888888889,0.0038076540321755267,0.0038076540321755267,0.007482077119269838,0.007482077119269838
GP 表达式自身产生的状态,1000,历史全局最优路径,GP 源内重加权,沉积后,仅历史来源路径包含的边,7,0.9406666666666665,0.041125768266165486,0.041125768266165486,0.018936827312187522,0.018936827312187522
GP 表达式自身产生的状态,1000,历史全局最优路径,GP 源内重加权,沉积后,仅本轮最优路径包含的边,0,0.953111111111111,-0.045366710195739075,0.045366710195739075,-0.019452999311060457,0.019452999311060457
GP 表达式自身产生的状态,1000,历史全局最优路径,GP 源内重加权,沉积后,仅本轮最优路径包含的边,1,0.9697777777777777,-0.030132525818700615,0.030132525818700615,-0.013120814221533815,0.013120814221533815
GP 表达式自身产生的状态,1000,历史全局最优路径,GP 源内重加权,沉积后,仅本轮最优路径包含的边,2,0.9720000000000001,-0.02648475555922046,0.02648475555922046,-0.019478601750854196,0.019478601750854196
GP 表达式自身产生的状态,1000,历史全局最优路径,GP 源内重加权,沉积后,仅本轮最优路径包含的边,3,0.9817777777777779,-0.01756115124240558,0.01756115124240558,-0.012251224774180301,0.012251224774180301
GP 表达式自身产生的状态,1000,历史全局最优路径,GP 源内重加权,沉积后,仅本轮最优路径包含的边,4,0.991111111111111,-0.008479181189321576,0.008479181189321576,-0.0065529721478621164,0.0065529721478621164
GP 表达式自身产生的状态,1000,历史全局最优路径,GP 源内重加权,沉积后,仅本轮最优路径包含的边,5,0.9922222222222222,-0.0077692830835362475,0.0077692830835362475,-0.00679020399139041,0.00679020399139041
GP 表达式自身产生的状态,1000,历史全局最优路径,GP 源内重加权,沉积后,仅本轮最优路径包含的边,6,0.9928888888888889,-0.007175518704634664,0.007175518704634664,-0.013898661603098331,0.013898661603098331
GP 表达式自身产生的状态,1000,历史全局最优路径,GP 源内重加权,沉积后,仅本轮最优路径包含的边,7,0.9406666666666665,-0.05429793397773572,0.05429793397773572,-0.022980409270293614,0.022980409270293614
GP 表达式自身产生的状态,1000,历史全局最优路径,GP 源内重加权,沉积后,其他候选弧,0,0.953111111111111,0.0,0.0,0.0,0.0
GP 表达式自身产生的状态,1000,历史全局最优路径,GP 源内重加权,沉积后,其他候选弧,1,0.9697777777777777,0.0,0.0,0.0,0.0
GP 表达式自身产生的状态,1000,历史全局最优路径,GP 源内重加权,沉积后,其他候选弧,2,0.9720000000000001,0.0,0.0,0.0,0.0
GP 表达式自身产生的状态,1000,历史全局最优路径,GP 源内重加权,沉积后,其他候选弧,3,0.9817777777777779,0.0,0.0,0.0,0.0
GP 表达式自身产生的状态,1000,历史全局最优路径,GP 源内重加权,沉积后,其他候选弧,4,0.991111111111111,0.0,0.0,0.0,0.0
GP 表达式自身产生的状态,1000,历史全局最优路径,GP 源内重加权,沉积后,其他候选弧,5,0.9922222222222222,0.0,0.0,0.0,0.0
GP 表达式自身产生的状态,1000,历史全局最优路径,GP 源内重加权,沉积后,其他候选弧,6,0.9928888888888889,0.0,0.0,0.0,0.0
GP 表达式自身产生的状态,1000,历史全局最优路径,GP 源内重加权,沉积后,其他候选弧,7,0.9406666666666665,0.0,0.0,0.0,0.0
GP 表达式自身产生的状态,1000,历史全局最优路径,GP 源内重加权,蒸发和下界保护后,两条来源路径共有边,0,0.953111111111111,0.0,0.0,0.0,0.0
GP 表达式自身产生的状态,1000,历史全局最优路径,GP 源内重加权,蒸发和下界保护后,两条来源路径共有边,1,0.9697777777777777,0.0,0.0,0.0,0.0
GP 表达式自身产生的状态,1000,历史全局最优路径,GP 源内重加权,蒸发和下界保护后,两条来源路径共有边,2,0.9720000000000001,0.0,0.0,0.0,0.0
GP 表达式自身产生的状态,1000,历史全局最优路径,GP 源内重加权,蒸发和下界保护后,两条来源路径共有边,3,0.9817777777777779,0.0,0.0,0.0,0.0
GP 表达式自身产生的状态,1000,历史全局最优路径,GP 源内重加权,蒸发和下界保护后,两条来源路径共有边,4,0.991111111111111,0.0,0.0,0.0,0.0
GP 表达式自身产生的状态,1000,历史全局最优路径,GP 源内重加权,蒸发和下界保护后,两条来源路径共有边,5,0.9922222222222222,0.0,0.0,0.0,0.0
GP 表达式自身产生的状态,1000,历史全局最优路径,GP 源内重加权,蒸发和下界保护后,两条来源路径共有边,6,0.9928888888888889,0.0,0.0,0.0,0.0
GP 表达式自身产生的状态,1000,历史全局最优路径,GP 源内重加权,蒸发和下界保护后,两条来源路径共有边,7,0.9406666666666665,0.0,0.0,0.0,0.0
GP 表达式自身产生的状态,1000,历史全局最优路径,GP 源内重加权,蒸发和下界保护后,仅历史来源路径包含的边,0,0.953111111111111,0.0,0.0,0.0,0.0
GP 表达式自身产生的状态,1000,历史全局最优路径,GP 源内重加权,蒸发和下界保护后,仅历史来源路径包含的边,1,0.9697777777777777,0.0,0.0,0.0,0.0
GP 表达式自身产生的状态,1000,历史全局最优路径,GP 源内重加权,蒸发和下界保护后,仅历史来源路径包含的边,2,0.9720000000000001,0.0,0.0,0.0,0.0
GP 表达式自身产生的状态,1000,历史全局最优路径,GP 源内重加权,蒸发和下界保护后,仅历史来源路径包含的边,3,0.9817777777777779,0.0,0.0,0.0,0.0
GP 表达式自身产生的状态,1000,历史全局最优路径,GP 源内重加权,蒸发和下界保护后,仅历史来源路径包含的边,4,0.991111111111111,0.0,0.0,0.0,0.0
GP 表达式自身产生的状态,1000,历史全局最优路径,GP 源内重加权,蒸发和下界保护后,仅历史来源路径包含的边,5,0.9922222222222222,0.0,0.0,0.0,0.0
GP 表达式自身产生的状态,1000,历史全局最优路径,GP 源内重加权,蒸发和下界保护后,仅历史来源路径包含的边,6,0.9928888888888889,0.0,0.0,0.0,0.0
GP 表达式自身产生的状态,1000,历史全局最优路径,GP 源内重加权,蒸发和下界保护后,仅历史来源路径包含的边,7,0.9406666666666665,0.0,0.0,0.0,0.0
GP 表达式自身产生的状态,1000,历史全局最优路径,GP 源内重加权,蒸发和下界保护后,仅本轮最优路径包含的边,0,0.953111111111111,0.0,0.0,0.0,0.0
GP 表达式自身产生的状态,1000,历史全局最优路径,GP 源内重加权,蒸发和下界保护后,仅本轮最优路径包含的边,1,0.9697777777777777,0.0,0.0,0.0,0.0
GP 表达式自身产生的状态,1000,历史全局最优路径,GP 源内重加权,蒸发和下界保护后,仅本轮最优路径包含的边,2,0.9720000000000001,0.0,0.0,0.0,0.0
GP 表达式自身产生的状态,1000,历史全局最优路径,GP 源内重加权,蒸发和下界保护后,仅本轮最优路径包含的边,3,0.9817777777777779,0.0,0.0,0.0,0.0
GP 表达式自身产生的状态,1000,历史全局最优路径,GP 源内重加权,蒸发和下界保护后,仅本轮最优路径包含的边,4,0.991111111111111,0.0,0.0,0.0,0.0
GP 表达式自身产生的状态,1000,历史全局最优路径,GP 源内重加权,蒸发和下界保护后,仅本轮最优路径包含的边,5,0.9922222222222222,0.0,0.0,0.0,0.0
GP 表达式自身产生的状态,1000,历史全局最优路径,GP 源内重加权,蒸发和下界保护后,仅本轮最优路径包含的边,6,0.9928888888888889,0.0,0.0,0.0,0.0
GP 表达式自身产生的状态,1000,历史全局最优路径,GP 源内重加权,蒸发和下界保护后,仅本轮最优路径包含的边,7,0.9406666666666665,0.0,0.0,0.0,0.0
GP 表达式自身产生的状态,1000,历史全局最优路径,GP 源内重加权,蒸发和下界保护后,其他候选弧,0,0.953111111111111,0.0,0.0,0.0,0.0
GP 表达式自身产生的状态,1000,历史全局最优路径,GP 源内重加权,蒸发和下界保护后,其他候选弧,1,0.9697777777777777,0.0,0.0,0.0,0.0
GP 表达式自身产生的状态,1000,历史全局最优路径,GP 源内重加权,蒸发和下界保护后,其他候选弧,2,0.9720000000000001,0.0,0.0,0.0,0.0
GP 表达式自身产生的状态,1000,历史全局最优路径,GP 源内重加权,蒸发和下界保护后,其他候选弧,3,0.9817777777777779,0.0,0.0,0.0,0.0
GP 表达式自身产生的状态,1000,历史全局最优路径,GP 源内重加权,蒸发和下界保护后,其他候选弧,4,0.991111111111111,0.0,0.0,0.0,0.0
GP 表达式自身产生的状态,1000,历史全局最优路径,GP 源内重加权,蒸发和下界保护后,其他候选弧,5,0.9922222222222222,0.0,0.0,0.0,0.0
GP 表达式自身产生的状态,1000,历史全局最优路径,GP 源内重加权,蒸发和下界保护后,其他候选弧,6,0.9928888888888889,0.0,0.0,0.0,0.0
GP 表达式自身产生的状态,1000,历史全局最优路径,GP 源内重加权,蒸发和下界保护后,其他候选弧,7,0.9406666666666665,0.0,0.0,0.0,0.0
GP 表达式自身产生的状态,1000,历史全局最优路径,GP 源内重加权,重启和可选上界处理后,两条来源路径共有边,0,0.953111111111111,0.017299843218478248,0.017301460193179605,0.0012089437474045758,0.001209041101657709
GP 表达式自身产生的状态,1000,历史全局最优路径,GP 源内重加权,重启和可选上界处理后,两条来源路径共有边,1,0.9697777777777777,0.013626978147165517,0.013627676633464557,0.0009366498483972684,0.0009366913464755087
GP 表达式自身产生的状态,1000,历史全局最优路径,GP 源内重加权,重启和可选上界处理后,两条来源路径共有边,2,0.9720000000000001,0.009187932948186763,0.009189444308094215,0.000609304318252503,0.0006093966259790451
GP 表达式自身产生的状态,1000,历史全局最优路径,GP 源内重加权,重启和可选上界处理后,两条来源路径共有边,3,0.9817777777777779,0.005945197571703126,0.005949400421983492,0.0004099628476711282,0.00041021484286376197
GP 表达式自身产生的状态,1000,历史全局最优路径,GP 源内重加权,重启和可选上界处理后,两条来源路径共有边,4,0.991111111111111,0.0038037317674026617,0.0038061136591855758,0.00025561933960891576,0.0002557670399186692
GP 表达式自身产生的状态,1000,历史全局最优路径,GP 源内重加权,重启和可选上界处理后,两条来源路径共有边,5,0.9922222222222222,0.0036978407681981587,0.0036985836346757647,0.00024325785158355604,0.00024330349549597742
GP 表达式自身产生的状态,1000,历史全局最优路径,GP 源内重加权,重启和可选上界处理后,两条来源路径共有边,6,0.9928888888888889,0.0033676734494654647,0.003367867704139115,0.0002155916532691774,0.00021560362718003894
GP 表达式自身产生的状态,1000,历史全局最优路径,GP 源内重加权,重启和可选上界处理后,两条来源路径共有边,7,0.9406666666666665,0.013171993619626711,0.014503550456847389,0.0009622244137998211,0.0010449586582866347
GP 表达式自身产生的状态,1000,历史全局最优路径,GP 源内重加权,重启和可选上界处理后,仅历史来源路径包含的边,0,0.953111111111111,0.028066751187628317,0.028066751187628317,0.011964950895887219,0.011964950895887219
GP 表达式自身产生的状态,1000,历史全局最优路径,GP 源内重加权,重启和可选上界处理后,仅历史来源路径包含的边,1,0.9697777777777777,0.016506004516557742,0.016506004516557742,0.007177985503421668,0.007177985503421668
GP 表达式自身产生的状态,1000,历史全局最优路径,GP 源内重加权,重启和可选上界处理后,仅历史来源路径包含的边,2,0.9720000000000001,0.017295949782631794,0.017295949782631794,0.012267466825378734,0.012267466825378734
GP 表达式自身产生的状态,1000,历史全局最优路径,GP 源内重加权,重启和可选上界处理后,仅历史来源路径包含的边,3,0.9817777777777779,0.011616355750783205,0.011616355750783205,0.008517944683523111,0.008517944683523111
GP 表达式自身产生的状态,1000,历史全局最优路径,GP 源内重加权,重启和可选上界处理后,仅历史来源路径包含的边,4,0.991111111111111,0.004675310719237317,0.004675310719237317,0.003613223994357718,0.003613223994357718
GP 表达式自身产生的状态,1000,历史全局最优路径,GP 源内重加权,重启和可选上界处理后,仅历史来源路径包含的边,5,0.9922222222222222,0.0040709849825433615,0.0040709849825433615,0.0035579625790613514,0.0035579625790613514
GP 表达式自身产生的状态,1000,历史全局最优路径,GP 源内重加权,重启和可选上界处理后,仅历史来源路径包含的边,6,0.9928888888888889,0.0038076540321755267,0.0038076540321755267,0.007482077119269838,0.007482077119269838
GP 表达式自身产生的状态,1000,历史全局最优路径,GP 源内重加权,重启和可选上界处理后,仅历史来源路径包含的边,7,0.9406666666666665,0.041125768266165486,0.041125768266165486,0.018936827312187522,0.018936827312187522
GP 表达式自身产生的状态,1000,历史全局最优路径,GP 源内重加权,重启和可选上界处理后,仅本轮最优路径包含的边,0,0.953111111111111,-0.045366710195739075,0.045366710195739075,-0.019452999311060457,0.019452999311060457
GP 表达式自身产生的状态,1000,历史全局最优路径,GP 源内重加权,重启和可选上界处理后,仅本轮最优路径包含的边,1,0.9697777777777777,-0.030132525818700615,0.030132525818700615,-0.013120814221533815,0.013120814221533815
GP 表达式自身产生的状态,1000,历史全局最优路径,GP 源内重加权,重启和可选上界处理后,仅本轮最优路径包含的边,2,0.9720000000000001,-0.02648475555922046,0.02648475555922046,-0.019478601750854196,0.019478601750854196
GP 表达式自身产生的状态,1000,历史全局最优路径,GP 源内重加权,重启和可选上界处理后,仅本轮最优路径包含的边,3,0.9817777777777779,-0.01756115124240558,0.01756115124240558,-0.012251224774180301,0.012251224774180301
GP 表达式自身产生的状态,1000,历史全局最优路径,GP 源内重加权,重启和可选上界处理后,仅本轮最优路径包含的边,4,0.991111111111111,-0.008479181189321576,0.008479181189321576,-0.0065529721478621164,0.0065529721478621164
GP 表达式自身产生的状态,1000,历史全局最优路径,GP 源内重加权,重启和可选上界处理后,仅本轮最优路径包含的边,5,0.9922222222222222,-0.0077692830835362475,0.0077692830835362475,-0.00679020399139041,0.00679020399139041
GP 表达式自身产生的状态,1000,历史全局最优路径,GP 源内重加权,重启和可选上界处理后,仅本轮最优路径包含的边,6,0.9928888888888889,-0.007175518704634664,0.007175518704634664,-0.013898661603098331,0.013898661603098331
GP 表达式自身产生的状态,1000,历史全局最优路径,GP 源内重加权,重启和可选上界处理后,仅本轮最优路径包含的边,7,0.9406666666666665,-0.05429793397773572,0.05429793397773572,-0.022980409270293614,0.022980409270293614
GP 表达式自身产生的状态,1000,历史全局最优路径,GP 源内重加权,重启和可选上界处理后,其他候选弧,0,0.953111111111111,0.0,0.0,0.0,0.0
GP 表达式自身产生的状态,1000,历史全局最优路径,GP 源内重加权,重启和可选上界处理后,其他候选弧,1,0.9697777777777777,0.0,0.0,0.0,0.0
GP 表达式自身产生的状态,1000,历史全局最优路径,GP 源内重加权,重启和可选上界处理后,其他候选弧,2,0.9720000000000001,0.0,0.0,0.0,0.0
GP 表达式自身产生的状态,1000,历史全局最优路径,GP 源内重加权,重启和可选上界处理后,其他候选弧,3,0.9817777777777779,0.0,0.0,0.0,0.0
GP 表达式自身产生的状态,1000,历史全局最优路径,GP 源内重加权,重启和可选上界处理后,其他候选弧,4,0.991111111111111,0.0,0.0,0.0,0.0
GP 表达式自身产生的状态,1000,历史全局最优路径,GP 源内重加权,重启和可选上界处理后,其他候选弧,5,0.9922222222222222,0.0,0.0,0.0,0.0
GP 表达式自身产生的状态,1000,历史全局最优路径,GP 源内重加权,重启和可选上界处理后,其他候选弧,6,0.9928888888888889,0.0,0.0,0.0,0.0
GP 表达式自身产生的状态,1000,历史全局最优路径,GP 源内重加权,重启和可选上界处理后,其他候选弧,7,0.9406666666666665,0.0,0.0,0.0,0.0
GP 表达式自身产生的状态,1000,历史全局最优路径,来源内均匀沉积,更新前,两条来源路径共有边,0,0.953111111111111,0.0,0.0,0.0,0.0
GP 表达式自身产生的状态,1000,历史全局最优路径,来源内均匀沉积,更新前,两条来源路径共有边,1,0.9697777777777777,0.0,0.0,0.0,0.0
GP 表达式自身产生的状态,1000,历史全局最优路径,来源内均匀沉积,更新前,两条来源路径共有边,2,0.9720000000000001,0.0,0.0,0.0,0.0
GP 表达式自身产生的状态,1000,历史全局最优路径,来源内均匀沉积,更新前,两条来源路径共有边,3,0.9817777777777779,0.0,0.0,0.0,0.0
GP 表达式自身产生的状态,1000,历史全局最优路径,来源内均匀沉积,更新前,两条来源路径共有边,4,0.991111111111111,0.0,0.0,0.0,0.0
GP 表达式自身产生的状态,1000,历史全局最优路径,来源内均匀沉积,更新前,两条来源路径共有边,5,0.9922222222222222,0.0,0.0,0.0,0.0
GP 表达式自身产生的状态,1000,历史全局最优路径,来源内均匀沉积,更新前,两条来源路径共有边,6,0.9928888888888889,0.0,0.0,0.0,0.0
GP 表达式自身产生的状态,1000,历史全局最优路径,来源内均匀沉积,更新前,两条来源路径共有边,7,0.9406666666666665,0.0,0.0,0.0,0.0
GP 表达式自身产生的状态,1000,历史全局最优路径,来源内均匀沉积,更新前,仅历史来源路径包含的边,0,0.953111111111111,0.0,0.0,0.0,0.0
GP 表达式自身产生的状态,1000,历史全局最优路径,来源内均匀沉积,更新前,仅历史来源路径包含的边,1,0.9697777777777777,0.0,0.0,0.0,0.0
GP 表达式自身产生的状态,1000,历史全局最优路径,来源内均匀沉积,更新前,仅历史来源路径包含的边,2,0.9720000000000001,0.0,0.0,0.0,0.0
GP 表达式自身产生的状态,1000,历史全局最优路径,来源内均匀沉积,更新前,仅历史来源路径包含的边,3,0.9817777777777779,0.0,0.0,0.0,0.0
GP 表达式自身产生的状态,1000,历史全局最优路径,来源内均匀沉积,更新前,仅历史来源路径包含的边,4,0.991111111111111,0.0,0.0,0.0,0.0
GP 表达式自身产生的状态,1000,历史全局最优路径,来源内均匀沉积,更新前,仅历史来源路径包含的边,5,0.9922222222222222,0.0,0.0,0.0,0.0
GP 表达式自身产生的状态,1000,历史全局最优路径,来源内均匀沉积,更新前,仅历史来源路径包含的边,6,0.9928888888888889,0.0,0.0,0.0,0.0
GP 表达式自身产生的状态,1000,历史全局最优路径,来源内均匀沉积,更新前,仅历史来源路径包含的边,7,0.9406666666666665,0.0,0.0,0.0,0.0
GP 表达式自身产生的状态,1000,历史全局最优路径,来源内均匀沉积,更新前,仅本轮最优路径包含的边,0,0.953111111111111,0.0,0.0,0.0,0.0
GP 表达式自身产生的状态,1000,历史全局最优路径,来源内均匀沉积,更新前,仅本轮最优路径包含的边,1,0.9697777777777777,0.0,0.0,0.0,0.0
GP 表达式自身产生的状态,1000,历史全局最优路径,来源内均匀沉积,更新前,仅本轮最优路径包含的边,2,0.9720000000000001,0.0,0.0,0.0,0.0
GP 表达式自身产生的状态,1000,历史全局最优路径,来源内均匀沉积,更新前,仅本轮最优路径包含的边,3,0.9817777777777779,0.0,0.0,0.0,0.0
GP 表达式自身产生的状态,1000,历史全局最优路径,来源内均匀沉积,更新前,仅本轮最优路径包含的边,4,0.991111111111111,0.0,0.0,0.0,0.0
GP 表达式自身产生的状态,1000,历史全局最优路径,来源内均匀沉积,更新前,仅本轮最优路径包含的边,5,0.9922222222222222,0.0,0.0,0.0,0.0
GP 表达式自身产生的状态,1000,历史全局最优路径,来源内均匀沉积,更新前,仅本轮最优路径包含的边,6,0.9928888888888889,0.0,0.0,0.0,0.0
GP 表达式自身产生的状态,1000,历史全局最优路径,来源内均匀沉积,更新前,仅本轮最优路径包含的边,7,0.9406666666666665,0.0,0.0,0.0,0.0
GP 表达式自身产生的状态,1000,历史全局最优路径,来源内均匀沉积,更新前,其他候选弧,0,0.953111111111111,0.0,0.0,0.0,0.0
GP 表达式自身产生的状态,1000,历史全局最优路径,来源内均匀沉积,更新前,其他候选弧,1,0.9697777777777777,0.0,0.0,0.0,0.0
GP 表达式自身产生的状态,1000,历史全局最优路径,来源内均匀沉积,更新前,其他候选弧,2,0.9720000000000001,0.0,0.0,0.0,0.0
GP 表达式自身产生的状态,1000,历史全局最优路径,来源内均匀沉积,更新前,其他候选弧,3,0.9817777777777779,0.0,0.0,0.0,0.0
GP 表达式自身产生的状态,1000,历史全局最优路径,来源内均匀沉积,更新前,其他候选弧,4,0.991111111111111,0.0,0.0,0.0,0.0
GP 表达式自身产生的状态,1000,历史全局最优路径,来源内均匀沉积,更新前,其他候选弧,5,0.9922222222222222,0.0,0.0,0.0,0.0
GP 表达式自身产生的状态,1000,历史全局最优路径,来源内均匀沉积,更新前,其他候选弧,6,0.9928888888888889,0.0,0.0,0.0,0.0
GP 表达式自身产生的状态,1000,历史全局最优路径,来源内均匀沉积,更新前,其他候选弧,7,0.9406666666666665,0.0,0.0,0.0,0.0
GP 表达式自身产生的状态,1000,历史全局最优路径,来源内均匀沉积,沉积后,两条来源路径共有边,0,0.953111111111111,-1.2978466551987574e-08,2.944578380157305e-08,-8.93339896799477e-10,2.0585965778349573e-09
GP 表达式自身产生的状态,1000,历史全局最优路径,来源内均匀沉积,沉积后,两条来源路径共有边,1,0.9697777777777777,9.00002292147802e-09,2.8384368408544646e-08,6.781064793598127e-10,1.8304629450173649e-09
GP 表达式自身产生的状态,1000,历史全局最优路径,来源内均匀沉积,沉积后,两条来源路径共有边,2,0.9720000000000001,8.811872582922931e-09,8.811872582922931e-09,5.743488254587962e-10,5.743488254587962e-10
GP 表达式自身产生的状态,1000,历史全局最优路径,来源内均匀沉积,沉积后,两条来源路径共有边,3,0.9817777777777779,-9.81164471430004e-09,9.81164471430004e-09,-5.894237094455295e-10,5.894237094455295e-10
GP 表达式自身产生的状态,1000,历史全局最优路径,来源内均匀沉积,沉积后,两条来源路径共有边,4,0.991111111111111,1.0376395861184318e-08,1.059063222912199e-08,6.418297256248585e-10,6.562269828169818e-10
GP 表达式自身产生的状态,1000,历史全局最优路径,来源内均匀沉积,沉积后,两条来源路径共有边,5,0.9922222222222222,7.252913225477603e-09,7.252913225477603e-09,4.771220071626251e-10,4.771220071626251e-10
GP 表达式自身产生的状态,1000,历史全局最优路径,来源内均匀沉积,沉积后,两条来源路径共有边,6,0.9928888888888889,-3.077398304847701e-08,3.088156831665307e-08,-1.9855320482741126e-09,1.9922761809710335e-09
GP 表达式自身产生的状态,1000,历史全局最优路径,来源内均匀沉积,沉积后,两条来源路径共有边,7,0.9406666666666665,-3.5135262327497905e-08,3.5135262327497905e-08,-2.132521735297309e-09,2.132521735297309e-09
GP 表达式自身产生的状态,1000,历史全局最优路径,来源内均匀沉积,沉积后,仅历史来源路径包含的边,0,0.953111111111111,0.04688888972946612,0.04688888972946612,0.020030668364833457,0.020030668364833457
GP 表达式自身产生的状态,1000,历史全局最优路径,来源内均匀沉积,沉积后,仅历史来源路径包含的边,1,0.9697777777777777,0.030222222419926878,0.030222222419926878,0.013157484472873928,0.013157484472873928
GP 表达式自身产生的状态,1000,历史全局最优路径,来源内均匀沉积,沉积后,仅历史来源路径包含的边,2,0.9720000000000001,0.02800000057273489,0.02800000057273489,0.02029734475841646,0.02029734475841646
GP 表达式自身产生的状态,1000,历史全局最优路径,来源内均匀沉积,沉积后,仅历史来源路径包含的边,3,0.9817777777777779,0.018222222178036585,0.018222222178036585,0.013287415084769348,0.013287415084769348
GP 表达式自身产生的状态,1000,历史全局最优路径,来源内均匀沉积,沉积后,仅历史来源路径包含的边,4,0.991111111111111,0.00888888845291788,0.00888888845291788,0.006869606528845098,0.006869606528845098
GP 表达式自身产生的状态,1000,历史全局最优路径,来源内均匀沉积,沉积后,仅历史来源路径包含的边,5,0.9922222222222222,0.0077777780420828675,0.0077777780420828675,0.006797628421779899,0.006797628421779899
GP 表达式自身产生的状态,1000,历史全局最优路径,来源内均匀沉积,沉积后,仅历史来源路径包含的边,6,0.9928888888888889,0.007111110780374923,0.007111110780374923,0.013678544696081246,0.013678544696081246
GP 表达式自身产生的状态,1000,历史全局最优路径,来源内均匀沉积,沉积后,仅历史来源路径包含的边,7,0.9406666666666665,0.05933333472011504,0.05933333472011504,0.026685940635717356,0.026685940635717356
GP 表达式自身产生的状态,1000,历史全局最优路径,来源内均匀沉积,沉积后,仅本轮最优路径包含的边,0,0.953111111111111,-0.04688888970210251,0.04688888970210251,-0.02003066844260731,0.02003066844260731
GP 表达式自身产生的状态,1000,历史全局最优路径,来源内均匀沉积,沉积后,仅本轮最优路径包含的边,1,0.9697777777777777,-0.030222220527073993,0.030222220527073993,-0.013157483515567392,0.013157483515567392
GP 表达式自身产生的状态,1000,历史全局最优路径,来源内均匀沉积,沉积后,仅本轮最优路径包含的边,2,0.9720000000000001,-0.02800000043592927,0.02800000043592927,-0.02029734454346882,0.02029734454346882
GP 表达式自身产生的状态,1000,历史全局最优路径,来源内均匀沉积,沉积后,仅本轮最优路径包含的边,3,0.9817777777777779,-0.018222221153378723,0.018222221153378723,-0.013287414660473227,0.013287414660473227
GP 表达式自身产生的状态,1000,历史全局最优路径,来源内均匀沉积,沉积后,仅本轮最优路径包含的边,4,0.991111111111111,-0.008888888533256518,0.008888888533256518,-0.0068696065909332705,0.0068696065909332705
GP 表达式自身产生的状态,1000,历史全局最优路径,来源内均匀沉积,沉积后,仅本轮最优路径包含的边,5,0.9922222222222222,-0.007777776894437899,0.007777776894437899,-0.006797627418760269,0.006797627418760269
GP 表达式自身产生的状态,1000,历史全局最优路径,来源内均匀沉积,沉积后,仅本轮最优路径包含的边,6,0.9928888888888889,-0.007111111643494998,0.007111111643494998,-0.013678545881136732,0.013678545881136732
GP 表达式自身产生的状态,1000,历史全局最优路径,来源内均匀沉积,沉积后,仅本轮最优路径包含的边,7,0.9406666666666665,-0.059333333147356115,0.059333333147356115,-0.026685939590279296,0.026685939590279296
GP 表达式自身产生的状态,1000,历史全局最优路径,来源内均匀沉积,沉积后,其他候选弧,0,0.953111111111111,0.0,0.0,0.0,0.0
GP 表达式自身产生的状态,1000,历史全局最优路径,来源内均匀沉积,沉积后,其他候选弧,1,0.9697777777777777,0.0,0.0,0.0,0.0
GP 表达式自身产生的状态,1000,历史全局最优路径,来源内均匀沉积,沉积后,其他候选弧,2,0.9720000000000001,0.0,0.0,0.0,0.0
GP 表达式自身产生的状态,1000,历史全局最优路径,来源内均匀沉积,沉积后,其他候选弧,3,0.9817777777777779,0.0,0.0,0.0,0.0
GP 表达式自身产生的状态,1000,历史全局最优路径,来源内均匀沉积,沉积后,其他候选弧,4,0.991111111111111,0.0,0.0,0.0,0.0
GP 表达式自身产生的状态,1000,历史全局最优路径,来源内均匀沉积,沉积后,其他候选弧,5,0.9922222222222222,0.0,0.0,0.0,0.0
GP 表达式自身产生的状态,1000,历史全局最优路径,来源内均匀沉积,沉积后,其他候选弧,6,0.9928888888888889,0.0,0.0,0.0,0.0
GP 表达式自身产生的状态,1000,历史全局最优路径,来源内均匀沉积,沉积后,其他候选弧,7,0.9406666666666665,0.0,0.0,0.0,0.0
GP 表达式自身产生的状态,1000,历史全局最优路径,来源内均匀沉积,蒸发和下界保护后,两条来源路径共有边,0,0.953111111111111,0.0,0.0,0.0,0.0
GP 表达式自身产生的状态,1000,历史全局最优路径,来源内均匀沉积,蒸发和下界保护后,两条来源路径共有边,1,0.9697777777777777,0.0,0.0,0.0,0.0
GP 表达式自身产生的状态,1000,历史全局最优路径,来源内均匀沉积,蒸发和下界保护后,两条来源路径共有边,2,0.9720000000000001,0.0,0.0,0.0,0.0
GP 表达式自身产生的状态,1000,历史全局最优路径,来源内均匀沉积,蒸发和下界保护后,两条来源路径共有边,3,0.9817777777777779,0.0,0.0,0.0,0.0
GP 表达式自身产生的状态,1000,历史全局最优路径,来源内均匀沉积,蒸发和下界保护后,两条来源路径共有边,4,0.991111111111111,0.0,0.0,0.0,0.0
GP 表达式自身产生的状态,1000,历史全局最优路径,来源内均匀沉积,蒸发和下界保护后,两条来源路径共有边,5,0.9922222222222222,0.0,0.0,0.0,0.0
GP 表达式自身产生的状态,1000,历史全局最优路径,来源内均匀沉积,蒸发和下界保护后,两条来源路径共有边,6,0.9928888888888889,0.0,0.0,0.0,0.0
GP 表达式自身产生的状态,1000,历史全局最优路径,来源内均匀沉积,蒸发和下界保护后,两条来源路径共有边,7,0.9406666666666665,0.0,0.0,0.0,0.0
GP 表达式自身产生的状态,1000,历史全局最优路径,来源内均匀沉积,蒸发和下界保护后,仅历史来源路径包含的边,0,0.953111111111111,0.0,0.0,0.0,0.0
GP 表达式自身产生的状态,1000,历史全局最优路径,来源内均匀沉积,蒸发和下界保护后,仅历史来源路径包含的边,1,0.9697777777777777,0.0,0.0,0.0,0.0
GP 表达式自身产生的状态,1000,历史全局最优路径,来源内均匀沉积,蒸发和下界保护后,仅历史来源路径包含的边,2,0.9720000000000001,0.0,0.0,0.0,0.0
GP 表达式自身产生的状态,1000,历史全局最优路径,来源内均匀沉积,蒸发和下界保护后,仅历史来源路径包含的边,3,0.9817777777777779,0.0,0.0,0.0,0.0
GP 表达式自身产生的状态,1000,历史全局最优路径,来源内均匀沉积,蒸发和下界保护后,仅历史来源路径包含的边,4,0.991111111111111,0.0,0.0,0.0,0.0
GP 表达式自身产生的状态,1000,历史全局最优路径,来源内均匀沉积,蒸发和下界保护后,仅历史来源路径包含的边,5,0.9922222222222222,0.0,0.0,0.0,0.0
GP 表达式自身产生的状态,1000,历史全局最优路径,来源内均匀沉积,蒸发和下界保护后,仅历史来源路径包含的边,6,0.9928888888888889,0.0,0.0,0.0,0.0
GP 表达式自身产生的状态,1000,历史全局最优路径,来源内均匀沉积,蒸发和下界保护后,仅历史来源路径包含的边,7,0.9406666666666665,0.0,0.0,0.0,0.0
GP 表达式自身产生的状态,1000,历史全局最优路径,来源内均匀沉积,蒸发和下界保护后,仅本轮最优路径包含的边,0,0.953111111111111,0.0,0.0,0.0,0.0
GP 表达式自身产生的状态,1000,历史全局最优路径,来源内均匀沉积,蒸发和下界保护后,仅本轮最优路径包含的边,1,0.9697777777777777,0.0,0.0,0.0,0.0
GP 表达式自身产生的状态,1000,历史全局最优路径,来源内均匀沉积,蒸发和下界保护后,仅本轮最优路径包含的边,2,0.9720000000000001,0.0,0.0,0.0,0.0
GP 表达式自身产生的状态,1000,历史全局最优路径,来源内均匀沉积,蒸发和下界保护后,仅本轮最优路径包含的边,3,0.9817777777777779,0.0,0.0,0.0,0.0
GP 表达式自身产生的状态,1000,历史全局最优路径,来源内均匀沉积,蒸发和下界保护后,仅本轮最优路径包含的边,4,0.991111111111111,0.0,0.0,0.0,0.0
GP 表达式自身产生的状态,1000,历史全局最优路径,来源内均匀沉积,蒸发和下界保护后,仅本轮最优路径包含的边,5,0.9922222222222222,0.0,0.0,0.0,0.0
GP 表达式自身产生的状态,1000,历史全局最优路径,来源内均匀沉积,蒸发和下界保护后,仅本轮最优路径包含的边,6,0.9928888888888889,0.0,0.0,0.0,0.0
GP 表达式自身产生的状态,1000,历史全局最优路径,来源内均匀沉积,蒸发和下界保护后,仅本轮最优路径包含的边,7,0.9406666666666665,0.0,0.0,0.0,0.0
GP 表达式自身产生的状态,1000,历史全局最优路径,来源内均匀沉积,蒸发和下界保护后,其他候选弧,0,0.953111111111111,0.0,0.0,0.0,0.0
GP 表达式自身产生的状态,1000,历史全局最优路径,来源内均匀沉积,蒸发和下界保护后,其他候选弧,1,0.9697777777777777,0.0,0.0,0.0,0.0
GP 表达式自身产生的状态,1000,历史全局最优路径,来源内均匀沉积,蒸发和下界保护后,其他候选弧,2,0.9720000000000001,0.0,0.0,0.0,0.0
GP 表达式自身产生的状态,1000,历史全局最优路径,来源内均匀沉积,蒸发和下界保护后,其他候选弧,3,0.9817777777777779,0.0,0.0,0.0,0.0
GP 表达式自身产生的状态,1000,历史全局最优路径,来源内均匀沉积,蒸发和下界保护后,其他候选弧,4,0.991111111111111,0.0,0.0,0.0,0.0
GP 表达式自身产生的状态,1000,历史全局最优路径,来源内均匀沉积,蒸发和下界保护后,其他候选弧,5,0.9922222222222222,0.0,0.0,0.0,0.0
GP 表达式自身产生的状态,1000,历史全局最优路径,来源内均匀沉积,蒸发和下界保护后,其他候选弧,6,0.9928888888888889,0.0,0.0,0.0,0.0
GP 表达式自身产生的状态,1000,历史全局最优路径,来源内均匀沉积,蒸发和下界保护后,其他候选弧,7,0.9406666666666665,0.0,0.0,0.0,0.0
GP 表达式自身产生的状态,1000,历史全局最优路径,来源内均匀沉积,重启和可选上界处理后,两条来源路径共有边,0,0.953111111111111,-1.2978466551987574e-08,2.944578380157305e-08,-8.93339896799477e-10,2.0585965778349573e-09
GP 表达式自身产生的状态,1000,历史全局最优路径,来源内均匀沉积,重启和可选上界处理后,两条来源路径共有边,1,0.9697777777777777,9.00002292147802e-09,2.8384368408544646e-08,6.781064793598127e-10,1.8304629450173649e-09
GP 表达式自身产生的状态,1000,历史全局最优路径,来源内均匀沉积,重启和可选上界处理后,两条来源路径共有边,2,0.9720000000000001,8.811872582922931e-09,8.811872582922931e-09,5.743488254587962e-10,5.743488254587962e-10
GP 表达式自身产生的状态,1000,历史全局最优路径,来源内均匀沉积,重启和可选上界处理后,两条来源路径共有边,3,0.9817777777777779,-9.81164471430004e-09,9.81164471430004e-09,-5.894237094455295e-10,5.894237094455295e-10
GP 表达式自身产生的状态,1000,历史全局最优路径,来源内均匀沉积,重启和可选上界处理后,两条来源路径共有边,4,0.991111111111111,1.0376395861184318e-08,1.059063222912199e-08,6.418297256248585e-10,6.562269828169818e-10
GP 表达式自身产生的状态,1000,历史全局最优路径,来源内均匀沉积,重启和可选上界处理后,两条来源路径共有边,5,0.9922222222222222,7.252913225477603e-09,7.252913225477603e-09,4.771220071626251e-10,4.771220071626251e-10
GP 表达式自身产生的状态,1000,历史全局最优路径,来源内均匀沉积,重启和可选上界处理后,两条来源路径共有边,6,0.9928888888888889,-3.077398304847701e-08,3.088156831665307e-08,-1.9855320482741126e-09,1.9922761809710335e-09
GP 表达式自身产生的状态,1000,历史全局最优路径,来源内均匀沉积,重启和可选上界处理后,两条来源路径共有边,7,0.9406666666666665,0.0,0.0,0.0,0.0
GP 表达式自身产生的状态,1000,历史全局最优路径,来源内均匀沉积,重启和可选上界处理后,仅历史来源路径包含的边,0,0.953111111111111,0.04688888972946612,0.04688888972946612,0.020030668364833457,0.020030668364833457
GP 表达式自身产生的状态,1000,历史全局最优路径,来源内均匀沉积,重启和可选上界处理后,仅历史来源路径包含的边,1,0.9697777777777777,0.030222222419926878,0.030222222419926878,0.013157484472873928,0.013157484472873928
GP 表达式自身产生的状态,1000,历史全局最优路径,来源内均匀沉积,重启和可选上界处理后,仅历史来源路径包含的边,2,0.9720000000000001,0.02800000057273489,0.02800000057273489,0.02029734475841646,0.02029734475841646
GP 表达式自身产生的状态,1000,历史全局最优路径,来源内均匀沉积,重启和可选上界处理后,仅历史来源路径包含的边,3,0.9817777777777779,0.018222222178036585,0.018222222178036585,0.013287415084769348,0.013287415084769348
GP 表达式自身产生的状态,1000,历史全局最优路径,来源内均匀沉积,重启和可选上界处理后,仅历史来源路径包含的边,4,0.991111111111111,0.00888888845291788,0.00888888845291788,0.006869606528845098,0.006869606528845098
GP 表达式自身产生的状态,1000,历史全局最优路径,来源内均匀沉积,重启和可选上界处理后,仅历史来源路径包含的边,5,0.9922222222222222,0.0077777780420828675,0.0077777780420828675,0.006797628421779899,0.006797628421779899
GP 表达式自身产生的状态,1000,历史全局最优路径,来源内均匀沉积,重启和可选上界处理后,仅历史来源路径包含的边,6,0.9928888888888889,0.007111110780374923,0.007111110780374923,0.013678544696081246,0.013678544696081246
GP 表达式自身产生的状态,1000,历史全局最优路径,来源内均匀沉积,重启和可选上界处理后,仅历史来源路径包含的边,7,0.9406666666666665,0.05933333472011504,0.05933333472011504,0.026685940635717356,0.026685940635717356
GP 表达式自身产生的状态,1000,历史全局最优路径,来源内均匀沉积,重启和可选上界处理后,仅本轮最优路径包含的边,0,0.953111111111111,-0.04688888970210251,0.04688888970210251,-0.02003066844260731,0.02003066844260731
GP 表达式自身产生的状态,1000,历史全局最优路径,来源内均匀沉积,重启和可选上界处理后,仅本轮最优路径包含的边,1,0.9697777777777777,-0.030222220527073993,0.030222220527073993,-0.013157483515567392,0.013157483515567392
GP 表达式自身产生的状态,1000,历史全局最优路径,来源内均匀沉积,重启和可选上界处理后,仅本轮最优路径包含的边,2,0.9720000000000001,-0.02800000043592927,0.02800000043592927,-0.02029734454346882,0.02029734454346882
GP 表达式自身产生的状态,1000,历史全局最优路径,来源内均匀沉积,重启和可选上界处理后,仅本轮最优路径包含的边,3,0.9817777777777779,-0.018222221153378723,0.018222221153378723,-0.013287414660473227,0.013287414660473227
GP 表达式自身产生的状态,1000,历史全局最优路径,来源内均匀沉积,重启和可选上界处理后,仅本轮最优路径包含的边,4,0.991111111111111,-0.008888888533256518,0.008888888533256518,-0.0068696065909332705,0.0068696065909332705
GP 表达式自身产生的状态,1000,历史全局最优路径,来源内均匀沉积,重启和可选上界处理后,仅本轮最优路径包含的边,5,0.9922222222222222,-0.007777776894437899,0.007777776894437899,-0.006797627418760269,0.006797627418760269
GP 表达式自身产生的状态,1000,历史全局最优路径,来源内均匀沉积,重启和可选上界处理后,仅本轮最优路径包含的边,6,0.9928888888888889,-0.007111111643494998,0.007111111643494998,-0.013678545881136732,0.013678545881136732
GP 表达式自身产生的状态,1000,历史全局最优路径,来源内均匀沉积,重启和可选上界处理后,仅本轮最优路径包含的边,7,0.9406666666666665,-0.059333333147356115,0.059333333147356115,-0.026685939590279296,0.026685939590279296
GP 表达式自身产生的状态,1000,历史全局最优路径,来源内均匀沉积,重启和可选上界处理后,其他候选弧,0,0.953111111111111,0.0,0.0,0.0,0.0
GP 表达式自身产生的状态,1000,历史全局最优路径,来源内均匀沉积,重启和可选上界处理后,其他候选弧,1,0.9697777777777777,0.0,0.0,0.0,0.0
GP 表达式自身产生的状态,1000,历史全局最优路径,来源内均匀沉积,重启和可选上界处理后,其他候选弧,2,0.9720000000000001,0.0,0.0,0.0,0.0
GP 表达式自身产生的状态,1000,历史全局最优路径,来源内均匀沉积,重启和可选上界处理后,其他候选弧,3,0.9817777777777779,0.0,0.0,0.0,0.0
GP 表达式自身产生的状态,1000,历史全局最优路径,来源内均匀沉积,重启和可选上界处理后,其他候选弧,4,0.991111111111111,0.0,0.0,0.0,0.0
GP 表达式自身产生的状态,1000,历史全局最优路径,来源内均匀沉积,重启和可选上界处理后,其他候选弧,5,0.9922222222222222,0.0,0.0,0.0,0.0
GP 表达式自身产生的状态,1000,历史全局最优路径,来源内均匀沉积,重启和可选上界处理后,其他候选弧,6,0.9928888888888889,0.0,0.0,0.0,0.0
GP 表达式自身产生的状态,1000,历史全局最优路径,来源内均匀沉积,重启和可选上界处理后,其他候选弧,7,0.9406666666666665,0.0,0.0,0.0,0.0
GP 表达式自身产生的状态,1000,历史重启阶段最优路径,GP 源内重加权,更新前,两条来源路径共有边,0,0.9964444444444445,0.0,0.0,0.0,0.0
GP 表达式自身产生的状态,1000,历史重启阶段最优路径,GP 源内重加权,更新前,两条来源路径共有边,1,1.0,0.0,0.0,0.0,0.0
GP 表达式自身产生的状态,1000,历史重启阶段最优路径,GP 源内重加权,更新前,两条来源路径共有边,2,1.0,0.0,0.0,0.0,0.0
GP 表达式自身产生的状态,1000,历史重启阶段最优路径,GP 源内重加权,更新前,两条来源路径共有边,3,0.9962222222222223,0.0,0.0,0.0,0.0
GP 表达式自身产生的状态,1000,历史重启阶段最优路径,GP 源内重加权,更新前,两条来源路径共有边,4,0.9988888888888889,0.0,0.0,0.0,0.0
GP 表达式自身产生的状态,1000,历史重启阶段最优路径,GP 源内重加权,更新前,两条来源路径共有边,5,1.0,0.0,0.0,0.0,0.0
GP 表达式自身产生的状态,1000,历史重启阶段最优路径,GP 源内重加权,更新前,两条来源路径共有边,6,1.0,0.0,0.0,0.0,0.0
GP 表达式自身产生的状态,1000,历史重启阶段最优路径,GP 源内重加权,更新前,两条来源路径共有边,7,0.9808888888888888,0.0,0.0,0.0,0.0
GP 表达式自身产生的状态,1000,历史重启阶段最优路径,GP 源内重加权,更新前,仅历史来源路径包含的边,0,0.9964444444444445,0.0,0.0,0.0,0.0
GP 表达式自身产生的状态,1000,历史重启阶段最优路径,GP 源内重加权,更新前,仅历史来源路径包含的边,1,1.0,0.0,0.0,0.0,0.0
GP 表达式自身产生的状态,1000,历史重启阶段最优路径,GP 源内重加权,更新前,仅历史来源路径包含的边,2,1.0,0.0,0.0,0.0,0.0
GP 表达式自身产生的状态,1000,历史重启阶段最优路径,GP 源内重加权,更新前,仅历史来源路径包含的边,3,0.9962222222222223,0.0,0.0,0.0,0.0
GP 表达式自身产生的状态,1000,历史重启阶段最优路径,GP 源内重加权,更新前,仅历史来源路径包含的边,4,0.9988888888888889,0.0,0.0,0.0,0.0
GP 表达式自身产生的状态,1000,历史重启阶段最优路径,GP 源内重加权,更新前,仅历史来源路径包含的边,5,1.0,0.0,0.0,0.0,0.0
GP 表达式自身产生的状态,1000,历史重启阶段最优路径,GP 源内重加权,更新前,仅历史来源路径包含的边,6,1.0,0.0,0.0,0.0,0.0
GP 表达式自身产生的状态,1000,历史重启阶段最优路径,GP 源内重加权,更新前,仅历史来源路径包含的边,7,0.9808888888888888,0.0,0.0,0.0,0.0
GP 表达式自身产生的状态,1000,历史重启阶段最优路径,GP 源内重加权,更新前,仅本轮最优路径包含的边,0,0.9964444444444445,0.0,0.0,0.0,0.0
GP 表达式自身产生的状态,1000,历史重启阶段最优路径,GP 源内重加权,更新前,仅本轮最优路径包含的边,1,1.0,0.0,0.0,0.0,0.0
GP 表达式自身产生的状态,1000,历史重启阶段最优路径,GP 源内重加权,更新前,仅本轮最优路径包含的边,2,1.0,0.0,0.0,0.0,0.0
GP 表达式自身产生的状态,1000,历史重启阶段最优路径,GP 源内重加权,更新前,仅本轮最优路径包含的边,3,0.9962222222222223,0.0,0.0,0.0,0.0
GP 表达式自身产生的状态,1000,历史重启阶段最优路径,GP 源内重加权,更新前,仅本轮最优路径包含的边,4,0.9988888888888889,0.0,0.0,0.0,0.0
GP 表达式自身产生的状态,1000,历史重启阶段最优路径,GP 源内重加权,更新前,仅本轮最优路径包含的边,5,1.0,0.0,0.0,0.0,0.0
GP 表达式自身产生的状态,1000,历史重启阶段最优路径,GP 源内重加权,更新前,仅本轮最优路径包含的边,6,1.0,0.0,0.0,0.0,0.0
GP 表达式自身产生的状态,1000,历史重启阶段最优路径,GP 源内重加权,更新前,仅本轮最优路径包含的边,7,0.9808888888888888,0.0,0.0,0.0,0.0
GP 表达式自身产生的状态,1000,历史重启阶段最优路径,GP 源内重加权,更新前,其他候选弧,0,0.9964444444444445,0.0,0.0,0.0,0.0
GP 表达式自身产生的状态,1000,历史重启阶段最优路径,GP 源内重加权,更新前,其他候选弧,1,1.0,0.0,0.0,0.0,0.0
GP 表达式自身产生的状态,1000,历史重启阶段最优路径,GP 源内重加权,更新前,其他候选弧,2,1.0,0.0,0.0,0.0,0.0
GP 表达式自身产生的状态,1000,历史重启阶段最优路径,GP 源内重加权,更新前,其他候选弧,3,0.9962222222222223,0.0,0.0,0.0,0.0
GP 表达式自身产生的状态,1000,历史重启阶段最优路径,GP 源内重加权,更新前,其他候选弧,4,0.9988888888888889,0.0,0.0,0.0,0.0
GP 表达式自身产生的状态,1000,历史重启阶段最优路径,GP 源内重加权,更新前,其他候选弧,5,1.0,0.0,0.0,0.0,0.0
GP 表达式自身产生的状态,1000,历史重启阶段最优路径,GP 源内重加权,更新前,其他候选弧,6,1.0,0.0,0.0,0.0,0.0
GP 表达式自身产生的状态,1000,历史重启阶段最优路径,GP 源内重加权,更新前,其他候选弧,7,0.9808888888888888,0.0,0.0,0.0,0.0
GP 表达式自身产生的状态,1000,历史重启阶段最优路径,GP 源内重加权,沉积后,两条来源路径共有边,0,0.9964444444444445,1.2246598500502347e-06,4.236079199274542e-06,7.545407536491764e-08,2.5886903398074173e-07
GP 表达式自身产生的状态,1000,历史重启阶段最优路径,GP 源内重加权,沉积后,两条来源路径共有边,1,1.0,1.6294660116530268e-07,2.3419163403200645e-06,9.712245729234485e-09,1.388092835744222e-07
GP 表达式自身产生的状态,1000,历史重启阶段最优路径,GP 源内重加权,沉积后,两条来源路径共有边,2,1.0,-3.440623972815355e-07,1.2542607230009139e-06,-2.1027194129096135e-08,7.65787230597602e-08
GP 表达式自身产生的状态,1000,历史重启阶段最优路径,GP 源内重加权,沉积后,两条来源路径共有边,3,0.9962222222222223,6.701570554213931e-05,0.0009216578340000477,4.400625603617462e-06,5.6082731929688214e-05
GP 表达式自身产生的状态,1000,历史重启阶段最优路径,GP 源内重加权,沉积后,两条来源路径共有边,4,0.9988888888888889,0.00032867549242977345,0.00033136057562304375,2.0526026033793237e-05,2.0692508429389208e-05
GP 表达式自身产生的状态,1000,历史重启阶段最优路径,GP 源内重加权,沉积后,两条来源路径共有边,5,1.0,-2.608416136858523e-07,5.203711193941219e-07,-1.6020403967963325e-08,3.198120329115126e-08
GP 表达式自身产生的状态,1000,历史重启阶段最优路径,GP 源内重加权,沉积后,两条来源路径共有边,6,1.0,3.284767347134438e-08,2.8112060231864345e-05,2.0348363452487524e-09,1.7305827803081938e-06
GP 表达式自身产生的状态,1000,历史重启阶段最优路径,GP 源内重加权,沉积后,两条来源路径共有边,7,0.9808888888888888,-0.0036001562628710754,0.0036033961427774566,-0.00024023706416018435,0.00024043308396863572
GP 表达式自身产生的状态,1000,历史重启阶段最优路径,GP 源内重加权,沉积后,仅历史来源路径包含的边,0,0.9964444444444445,0.0025612362042604594,0.0025612362042604594,0.004780142568051815,0.004780142568051815
GP 表达式自身产生的状态,1000,历史重启阶段最优路径,GP 源内重加权,沉积后,仅历史来源路径包含的边,1,1.0,0.0,0.0,0.0,0.0
GP 表达式自身产生的状态,1000,历史重启阶段最优路径,GP 源内重加权,沉积后,仅历史来源路径包含的边,2,1.0,0.0,0.0,0.0,0.0
GP 表达式自身产生的状态,1000,历史重启阶段最优路径,GP 源内重加权,沉积后,仅历史来源路径包含的边,3,0.9962222222222223,0.002831974360917411,0.002831974360917411,0.01025197362852475,0.01025197362852475
GP 表达式自身产生的状态,1000,历史重启阶段最优路径,GP 源内重加权,沉积后,仅历史来源路径包含的边,4,0.9988888888888889,0.0005653684092306629,0.0005653684092306629,0.003495472835169898,0.003495472835169898
GP 表达式自身产生的状态,1000,历史重启阶段最优路径,GP 源内重加权,沉积后,仅历史来源路径包含的边,5,1.0,0.0,0.0,0.0,0.0
GP 表达式自身产生的状态,1000,历史重启阶段最优路径,GP 源内重加权,沉积后,仅历史来源路径包含的边,6,1.0,0.0,0.0,0.0,0.0
GP 表达式自身产生的状态,1000,历史重启阶段最优路径,GP 源内重加权,沉积后,仅历史来源路径包含的边,7,0.9808888888888888,0.01656220410469822,0.01656220410469822,0.018094891191020115,0.018094891191020115
GP 表达式自身产生的状态,1000,历史重启阶段最优路径,GP 源内重加权,沉积后,仅本轮最优路径包含的边,0,0.9964444444444445,-0.0025625001380004155,0.0025625001380004155,-0.004782501500610831,0.004782501500610831
GP 表达式自身产生的状态,1000,历史重启阶段最优路径,GP 源内重加权,沉积后,仅本轮最优路径包含的边,1,1.0,0.0,0.0,0.0,0.0
GP 表达式自身产生的状态,1000,历史重启阶段最优路径,GP 源内重加权,沉积后,仅本轮最优路径包含的边,2,1.0,0.0,0.0,0.0,0.0
GP 表达式自身产生的状态,1000,历史重启阶段最优路径,GP 源内重加权,沉积后,仅本轮最优路径包含的边,3,0.9962222222222223,-0.0028988748900884895,0.0028988748900884895,-0.009916195742756364,0.009916195742756364
GP 表达式自身产生的状态,1000,历史重启阶段最优路径,GP 源内重加权,沉积后,仅本轮最优路径包含的边,4,0.9988888888888889,-0.0008941855904392691,0.0008941855904392691,-0.0055284331242243445,0.0055284331242243445
GP 表达式自身产生的状态,1000,历史重启阶段最优路径,GP 源内重加权,沉积后,仅本轮最优路径包含的边,5,1.0,0.0,0.0,0.0,0.0
GP 表达式自身产生的状态,1000,历史重启阶段最优路径,GP 源内重加权,沉积后,仅本轮最优路径包含的边,6,1.0,0.0,0.0,0.0,0.0
GP 表达式自身产生的状态,1000,历史重启阶段最优路径,GP 源内重加权,沉积后,仅本轮最优路径包含的边,7,0.9808888888888888,-0.012962682239224511,0.012962682239224511,-0.012265736747220935,0.012265736747220935
GP 表达式自身产生的状态,1000,历史重启阶段最优路径,GP 源内重加权,沉积后,其他候选弧,0,0.9964444444444445,0.0,0.0,0.0,0.0
GP 表达式自身产生的状态,1000,历史重启阶段最优路径,GP 源内重加权,沉积后,其他候选弧,1,1.0,0.0,0.0,0.0,0.0
GP 表达式自身产生的状态,1000,历史重启阶段最优路径,GP 源内重加权,沉积后,其他候选弧,2,1.0,0.0,0.0,0.0,0.0
GP 表达式自身产生的状态,1000,历史重启阶段最优路径,GP 源内重加权,沉积后,其他候选弧,3,0.9962222222222223,0.0,0.0,0.0,0.0
GP 表达式自身产生的状态,1000,历史重启阶段最优路径,GP 源内重加权,沉积后,其他候选弧,4,0.9988888888888889,0.0,0.0,0.0,0.0
GP 表达式自身产生的状态,1000,历史重启阶段最优路径,GP 源内重加权,沉积后,其他候选弧,5,1.0,0.0,0.0,0.0,0.0
GP 表达式自身产生的状态,1000,历史重启阶段最优路径,GP 源内重加权,沉积后,其他候选弧,6,1.0,0.0,0.0,0.0,0.0
GP 表达式自身产生的状态,1000,历史重启阶段最优路径,GP 源内重加权,沉积后,其他候选弧,7,0.9808888888888888,0.0,0.0,0.0,0.0
GP 表达式自身产生的状态,1000,历史重启阶段最优路径,GP 源内重加权,蒸发和下界保护后,两条来源路径共有边,0,0.9964444444444445,0.0,0.0,0.0,0.0
GP 表达式自身产生的状态,1000,历史重启阶段最优路径,GP 源内重加权,蒸发和下界保护后,两条来源路径共有边,1,1.0,0.0,0.0,0.0,0.0
GP 表达式自身产生的状态,1000,历史重启阶段最优路径,GP 源内重加权,蒸发和下界保护后,两条来源路径共有边,2,1.0,0.0,0.0,0.0,0.0
GP 表达式自身产生的状态,1000,历史重启阶段最优路径,GP 源内重加权,蒸发和下界保护后,两条来源路径共有边,3,0.9962222222222223,0.0,0.0,0.0,0.0
GP 表达式自身产生的状态,1000,历史重启阶段最优路径,GP 源内重加权,蒸发和下界保护后,两条来源路径共有边,4,0.9988888888888889,0.0,0.0,0.0,0.0
GP 表达式自身产生的状态,1000,历史重启阶段最优路径,GP 源内重加权,蒸发和下界保护后,两条来源路径共有边,5,1.0,0.0,0.0,0.0,0.0
GP 表达式自身产生的状态,1000,历史重启阶段最优路径,GP 源内重加权,蒸发和下界保护后,两条来源路径共有边,6,1.0,0.0,0.0,0.0,0.0
GP 表达式自身产生的状态,1000,历史重启阶段最优路径,GP 源内重加权,蒸发和下界保护后,两条来源路径共有边,7,0.9808888888888888,0.0,0.0,0.0,0.0
GP 表达式自身产生的状态,1000,历史重启阶段最优路径,GP 源内重加权,蒸发和下界保护后,仅历史来源路径包含的边,0,0.9964444444444445,0.0,0.0,0.0,0.0
GP 表达式自身产生的状态,1000,历史重启阶段最优路径,GP 源内重加权,蒸发和下界保护后,仅历史来源路径包含的边,1,1.0,0.0,0.0,0.0,0.0
GP 表达式自身产生的状态,1000,历史重启阶段最优路径,GP 源内重加权,蒸发和下界保护后,仅历史来源路径包含的边,2,1.0,0.0,0.0,0.0,0.0
GP 表达式自身产生的状态,1000,历史重启阶段最优路径,GP 源内重加权,蒸发和下界保护后,仅历史来源路径包含的边,3,0.9962222222222223,0.0,0.0,0.0,0.0
GP 表达式自身产生的状态,1000,历史重启阶段最优路径,GP 源内重加权,蒸发和下界保护后,仅历史来源路径包含的边,4,0.9988888888888889,0.0,0.0,0.0,0.0
GP 表达式自身产生的状态,1000,历史重启阶段最优路径,GP 源内重加权,蒸发和下界保护后,仅历史来源路径包含的边,5,1.0,0.0,0.0,0.0,0.0
GP 表达式自身产生的状态,1000,历史重启阶段最优路径,GP 源内重加权,蒸发和下界保护后,仅历史来源路径包含的边,6,1.0,0.0,0.0,0.0,0.0
GP 表达式自身产生的状态,1000,历史重启阶段最优路径,GP 源内重加权,蒸发和下界保护后,仅历史来源路径包含的边,7,0.9808888888888888,0.0,0.0,0.0,0.0
GP 表达式自身产生的状态,1000,历史重启阶段最优路径,GP 源内重加权,蒸发和下界保护后,仅本轮最优路径包含的边,0,0.9964444444444445,0.0,0.0,0.0,0.0
GP 表达式自身产生的状态,1000,历史重启阶段最优路径,GP 源内重加权,蒸发和下界保护后,仅本轮最优路径包含的边,1,1.0,0.0,0.0,0.0,0.0
GP 表达式自身产生的状态,1000,历史重启阶段最优路径,GP 源内重加权,蒸发和下界保护后,仅本轮最优路径包含的边,2,1.0,0.0,0.0,0.0,0.0
GP 表达式自身产生的状态,1000,历史重启阶段最优路径,GP 源内重加权,蒸发和下界保护后,仅本轮最优路径包含的边,3,0.9962222222222223,0.0,0.0,0.0,0.0
GP 表达式自身产生的状态,1000,历史重启阶段最优路径,GP 源内重加权,蒸发和下界保护后,仅本轮最优路径包含的边,4,0.9988888888888889,0.0,0.0,0.0,0.0
GP 表达式自身产生的状态,1000,历史重启阶段最优路径,GP 源内重加权,蒸发和下界保护后,仅本轮最优路径包含的边,5,1.0,0.0,0.0,0.0,0.0
GP 表达式自身产生的状态,1000,历史重启阶段最优路径,GP 源内重加权,蒸发和下界保护后,仅本轮最优路径包含的边,6,1.0,0.0,0.0,0.0,0.0
GP 表达式自身产生的状态,1000,历史重启阶段最优路径,GP 源内重加权,蒸发和下界保护后,仅本轮最优路径包含的边,7,0.9808888888888888,0.0,0.0,0.0,0.0
GP 表达式自身产生的状态,1000,历史重启阶段最优路径,GP 源内重加权,蒸发和下界保护后,其他候选弧,0,0.9964444444444445,0.0,0.0,0.0,0.0
GP 表达式自身产生的状态,1000,历史重启阶段最优路径,GP 源内重加权,蒸发和下界保护后,其他候选弧,1,1.0,0.0,0.0,0.0,0.0
GP 表达式自身产生的状态,1000,历史重启阶段最优路径,GP 源内重加权,蒸发和下界保护后,其他候选弧,2,1.0,0.0,0.0,0.0,0.0
GP 表达式自身产生的状态,1000,历史重启阶段最优路径,GP 源内重加权,蒸发和下界保护后,其他候选弧,3,0.9962222222222223,0.0,0.0,0.0,0.0
GP 表达式自身产生的状态,1000,历史重启阶段最优路径,GP 源内重加权,蒸发和下界保护后,其他候选弧,4,0.9988888888888889,0.0,0.0,0.0,0.0
GP 表达式自身产生的状态,1000,历史重启阶段最优路径,GP 源内重加权,蒸发和下界保护后,其他候选弧,5,1.0,0.0,0.0,0.0,0.0
GP 表达式自身产生的状态,1000,历史重启阶段最优路径,GP 源内重加权,蒸发和下界保护后,其他候选弧,6,1.0,0.0,0.0,0.0,0.0
GP 表达式自身产生的状态,1000,历史重启阶段最优路径,GP 源内重加权,蒸发和下界保护后,其他候选弧,7,0.9808888888888888,0.0,0.0,0.0,0.0
GP 表达式自身产生的状态,1000,历史重启阶段最优路径,GP 源内重加权,重启和可选上界处理后,两条来源路径共有边,0,0.9964444444444445,1.1928337743755843e-06,4.2042531235998925e-06,7.35334812554884e-08,2.569484398713125e-07
GP 表达式自身产生的状态,1000,历史重启阶段最优路径,GP 源内重加权,重启和可选上界处理后,两条来源路径共有边,1,1.0,1.6294660116530268e-07,2.3419163403200645e-06,9.712245729234485e-09,1.388092835744222e-07
GP 表达式自身产生的状态,1000,历史重启阶段最优路径,GP 源内重加权,重启和可选上界处理后,两条来源路径共有边,2,1.0,-3.22122540065883e-07,1.2323208657852614e-06,-1.9689400990804035e-08,7.52409299214681e-08
GP 表达式自身产生的状态,1000,历史重启阶段最优路径,GP 源内重加权,重启和可选上界处理后,两条来源路径共有边,3,0.9962222222222223,6.701570554213931e-05,0.0009216578340000477,4.400625603617462e-06,5.6082731929688214e-05
GP 表达式自身产生的状态,1000,历史重启阶段最优路径,GP 源内重加权,重启和可选上界处理后,两条来源路径共有边,4,0.9988888888888889,0.00032870422521262,0.0003313318428401972,2.052780755039819e-05,2.069072691278426e-05
GP 表达式自身产生的状态,1000,历史重启阶段最优路径,GP 源内重加权,重启和可选上界处理后,两条来源路径共有边,5,1.0,-2.563448379606168e-07,4.910682419649394e-07,-1.5742248959011503e-08,3.0179818471272785e-08
GP 表达式自身产生的状态,1000,历史重启阶段最优路径,GP 源内重加权,重启和可选上界处理后,两条来源路径共有边,6,1.0,6.287781441140643e-08,2.5354045846351233e-05,3.884236017862956e-09,1.5607310665978324e-06
GP 表达式自身产生的状态,1000,历史重启阶段最优路径,GP 源内重加权,重启和可选上界处理后,两条来源路径共有边,7,0.9808888888888888,-0.00360020056385401,0.0036033518417945224,-0.00024023975299193758,0.00024043039513688252
GP 表达式自身产生的状态,1000,历史重启阶段最优路径,GP 源内重加权,重启和可选上界处理后,仅历史来源路径包含的边,0,0.9964444444444445,0.0025612362042604594,0.0025612362042604594,0.004780142568051815,0.004780142568051815
GP 表达式自身产生的状态,1000,历史重启阶段最优路径,GP 源内重加权,重启和可选上界处理后,仅历史来源路径包含的边,1,1.0,0.0,0.0,0.0,0.0
GP 表达式自身产生的状态,1000,历史重启阶段最优路径,GP 源内重加权,重启和可选上界处理后,仅历史来源路径包含的边,2,1.0,0.0,0.0,0.0,0.0
GP 表达式自身产生的状态,1000,历史重启阶段最优路径,GP 源内重加权,重启和可选上界处理后,仅历史来源路径包含的边,3,0.9962222222222223,0.002831974360917411,0.002831974360917411,0.01025197362852475,0.01025197362852475
GP 表达式自身产生的状态,1000,历史重启阶段最优路径,GP 源内重加权,重启和可选上界处理后,仅历史来源路径包含的边,4,0.9988888888888889,0.0005653684092306629,0.0005653684092306629,0.003495472835169898,0.003495472835169898
GP 表达式自身产生的状态,1000,历史重启阶段最优路径,GP 源内重加权,重启和可选上界处理后,仅历史来源路径包含的边,5,1.0,0.0,0.0,0.0,0.0
GP 表达式自身产生的状态,1000,历史重启阶段最优路径,GP 源内重加权,重启和可选上界处理后,仅历史来源路径包含的边,6,1.0,0.0,0.0,0.0,0.0
GP 表达式自身产生的状态,1000,历史重启阶段最优路径,GP 源内重加权,重启和可选上界处理后,仅历史来源路径包含的边,7,0.9808888888888888,0.01656220410469822,0.01656220410469822,0.018094891191020115,0.018094891191020115
GP 表达式自身产生的状态,1000,历史重启阶段最优路径,GP 源内重加权,重启和可选上界处理后,仅本轮最优路径包含的边,0,0.9964444444444445,-0.0025625001380004155,0.0025625001380004155,-0.004782501500610831,0.004782501500610831
GP 表达式自身产生的状态,1000,历史重启阶段最优路径,GP 源内重加权,重启和可选上界处理后,仅本轮最优路径包含的边,1,1.0,0.0,0.0,0.0,0.0
GP 表达式自身产生的状态,1000,历史重启阶段最优路径,GP 源内重加权,重启和可选上界处理后,仅本轮最优路径包含的边,2,1.0,0.0,0.0,0.0,0.0
GP 表达式自身产生的状态,1000,历史重启阶段最优路径,GP 源内重加权,重启和可选上界处理后,仅本轮最优路径包含的边,3,0.9962222222222223,-0.0028988748900884895,0.0028988748900884895,-0.009916195742756364,0.009916195742756364
GP 表达式自身产生的状态,1000,历史重启阶段最优路径,GP 源内重加权,重启和可选上界处理后,仅本轮最优路径包含的边,4,0.9988888888888889,-0.0008941855904392691,0.0008941855904392691,-0.0055284331242243445,0.0055284331242243445
GP 表达式自身产生的状态,1000,历史重启阶段最优路径,GP 源内重加权,重启和可选上界处理后,仅本轮最优路径包含的边,5,1.0,0.0,0.0,0.0,0.0
GP 表达式自身产生的状态,1000,历史重启阶段最优路径,GP 源内重加权,重启和可选上界处理后,仅本轮最优路径包含的边,6,1.0,0.0,0.0,0.0,0.0
GP 表达式自身产生的状态,1000,历史重启阶段最优路径,GP 源内重加权,重启和可选上界处理后,仅本轮最优路径包含的边,7,0.9808888888888888,-0.012962682239224511,0.012962682239224511,-0.012265736747220935,0.012265736747220935
GP 表达式自身产生的状态,1000,历史重启阶段最优路径,GP 源内重加权,重启和可选上界处理后,其他候选弧,0,0.9964444444444445,0.0,0.0,0.0,0.0
GP 表达式自身产生的状态,1000,历史重启阶段最优路径,GP 源内重加权,重启和可选上界处理后,其他候选弧,1,1.0,0.0,0.0,0.0,0.0
GP 表达式自身产生的状态,1000,历史重启阶段最优路径,GP 源内重加权,重启和可选上界处理后,其他候选弧,2,1.0,0.0,0.0,0.0,0.0
GP 表达式自身产生的状态,1000,历史重启阶段最优路径,GP 源内重加权,重启和可选上界处理后,其他候选弧,3,0.9962222222222223,0.0,0.0,0.0,0.0
GP 表达式自身产生的状态,1000,历史重启阶段最优路径,GP 源内重加权,重启和可选上界处理后,其他候选弧,4,0.9988888888888889,0.0,0.0,0.0,0.0
GP 表达式自身产生的状态,1000,历史重启阶段最优路径,GP 源内重加权,重启和可选上界处理后,其他候选弧,5,1.0,0.0,0.0,0.0,0.0
GP 表达式自身产生的状态,1000,历史重启阶段最优路径,GP 源内重加权,重启和可选上界处理后,其他候选弧,6,1.0,0.0,0.0,0.0,0.0
GP 表达式自身产生的状态,1000,历史重启阶段最优路径,GP 源内重加权,重启和可选上界处理后,其他候选弧,7,0.9808888888888888,0.0,0.0,0.0,0.0
GP 表达式自身产生的状态,1000,历史重启阶段最优路径,来源内均匀沉积,更新前,两条来源路径共有边,0,0.9964444444444445,0.0,0.0,0.0,0.0
GP 表达式自身产生的状态,1000,历史重启阶段最优路径,来源内均匀沉积,更新前,两条来源路径共有边,1,1.0,0.0,0.0,0.0,0.0
GP 表达式自身产生的状态,1000,历史重启阶段最优路径,来源内均匀沉积,更新前,两条来源路径共有边,2,1.0,0.0,0.0,0.0,0.0
GP 表达式自身产生的状态,1000,历史重启阶段最优路径,来源内均匀沉积,更新前,两条来源路径共有边,3,0.9962222222222223,0.0,0.0,0.0,0.0
GP 表达式自身产生的状态,1000,历史重启阶段最优路径,来源内均匀沉积,更新前,两条来源路径共有边,4,0.9988888888888889,0.0,0.0,0.0,0.0
GP 表达式自身产生的状态,1000,历史重启阶段最优路径,来源内均匀沉积,更新前,两条来源路径共有边,5,1.0,0.0,0.0,0.0,0.0
GP 表达式自身产生的状态,1000,历史重启阶段最优路径,来源内均匀沉积,更新前,两条来源路径共有边,6,1.0,0.0,0.0,0.0,0.0
GP 表达式自身产生的状态,1000,历史重启阶段最优路径,来源内均匀沉积,更新前,两条来源路径共有边,7,0.9808888888888888,0.0,0.0,0.0,0.0
GP 表达式自身产生的状态,1000,历史重启阶段最优路径,来源内均匀沉积,更新前,仅历史来源路径包含的边,0,0.9964444444444445,0.0,0.0,0.0,0.0
GP 表达式自身产生的状态,1000,历史重启阶段最优路径,来源内均匀沉积,更新前,仅历史来源路径包含的边,1,1.0,0.0,0.0,0.0,0.0
GP 表达式自身产生的状态,1000,历史重启阶段最优路径,来源内均匀沉积,更新前,仅历史来源路径包含的边,2,1.0,0.0,0.0,0.0,0.0
GP 表达式自身产生的状态,1000,历史重启阶段最优路径,来源内均匀沉积,更新前,仅历史来源路径包含的边,3,0.9962222222222223,0.0,0.0,0.0,0.0
GP 表达式自身产生的状态,1000,历史重启阶段最优路径,来源内均匀沉积,更新前,仅历史来源路径包含的边,4,0.9988888888888889,0.0,0.0,0.0,0.0
GP 表达式自身产生的状态,1000,历史重启阶段最优路径,来源内均匀沉积,更新前,仅历史来源路径包含的边,5,1.0,0.0,0.0,0.0,0.0
GP 表达式自身产生的状态,1000,历史重启阶段最优路径,来源内均匀沉积,更新前,仅历史来源路径包含的边,6,1.0,0.0,0.0,0.0,0.0
GP 表达式自身产生的状态,1000,历史重启阶段最优路径,来源内均匀沉积,更新前,仅历史来源路径包含的边,7,0.9808888888888888,0.0,0.0,0.0,0.0
GP 表达式自身产生的状态,1000,历史重启阶段最优路径,来源内均匀沉积,更新前,仅本轮最优路径包含的边,0,0.9964444444444445,0.0,0.0,0.0,0.0
GP 表达式自身产生的状态,1000,历史重启阶段最优路径,来源内均匀沉积,更新前,仅本轮最优路径包含的边,1,1.0,0.0,0.0,0.0,0.0
GP 表达式自身产生的状态,1000,历史重启阶段最优路径,来源内均匀沉积,更新前,仅本轮最优路径包含的边,2,1.0,0.0,0.0,0.0,0.0
GP 表达式自身产生的状态,1000,历史重启阶段最优路径,来源内均匀沉积,更新前,仅本轮最优路径包含的边,3,0.9962222222222223,0.0,0.0,0.0,0.0
GP 表达式自身产生的状态,1000,历史重启阶段最优路径,来源内均匀沉积,更新前,仅本轮最优路径包含的边,4,0.9988888888888889,0.0,0.0,0.0,0.0
GP 表达式自身产生的状态,1000,历史重启阶段最优路径,来源内均匀沉积,更新前,仅本轮最优路径包含的边,5,1.0,0.0,0.0,0.0,0.0
GP 表达式自身产生的状态,1000,历史重启阶段最优路径,来源内均匀沉积,更新前,仅本轮最优路径包含的边,6,1.0,0.0,0.0,0.0,0.0
GP 表达式自身产生的状态,1000,历史重启阶段最优路径,来源内均匀沉积,更新前,仅本轮最优路径包含的边,7,0.9808888888888888,0.0,0.0,0.0,0.0
GP 表达式自身产生的状态,1000,历史重启阶段最优路径,来源内均匀沉积,更新前,其他候选弧,0,0.9964444444444445,0.0,0.0,0.0,0.0
GP 表达式自身产生的状态,1000,历史重启阶段最优路径,来源内均匀沉积,更新前,其他候选弧,1,1.0,0.0,0.0,0.0,0.0
GP 表达式自身产生的状态,1000,历史重启阶段最优路径,来源内均匀沉积,更新前,其他候选弧,2,1.0,0.0,0.0,0.0,0.0
GP 表达式自身产生的状态,1000,历史重启阶段最优路径,来源内均匀沉积,更新前,其他候选弧,3,0.9962222222222223,0.0,0.0,0.0,0.0
GP 表达式自身产生的状态,1000,历史重启阶段最优路径,来源内均匀沉积,更新前,其他候选弧,4,0.9988888888888889,0.0,0.0,0.0,0.0
GP 表达式自身产生的状态,1000,历史重启阶段最优路径,来源内均匀沉积,更新前,其他候选弧,5,1.0,0.0,0.0,0.0,0.0
GP 表达式自身产生的状态,1000,历史重启阶段最优路径,来源内均匀沉积,更新前,其他候选弧,6,1.0,0.0,0.0,0.0,0.0
GP 表达式自身产生的状态,1000,历史重启阶段最优路径,来源内均匀沉积,更新前,其他候选弧,7,0.9808888888888888,0.0,0.0,0.0,0.0
GP 表达式自身产生的状态,1000,历史重启阶段最优路径,来源内均匀沉积,沉积后,两条来源路径共有边,0,0.9964444444444445,-1.4423181613694434e-08,3.349643795664866e-08,-8.553731758951374e-10,2.0321407265571197e-09
GP 表达式自身产生的状态,1000,历史重启阶段最优路径,来源内均匀沉积,沉积后,两条来源路径共有边,1,1.0,-9.692172743533313e-09,9.692172743533313e-09,-5.76178232828776e-10,5.76178232828776e-10
GP 表达式自身产生的状态,1000,历史重启阶段最优路径,来源内均匀沉积,沉积后,两条来源路径共有边,2,1.0,0.0,0.0,0.0,0.0
GP 表达式自身产生的状态,1000,历史重启阶段最优路径,来源内均匀沉积,沉积后,两条来源路径共有边,3,0.9962222222222223,-9.81164471430004e-09,9.81164471430004e-09,-5.894237094455295e-10,5.894237094455295e-10
GP 表达式自身产生的状态,1000,历史重启阶段最优路径,来源内均匀沉积,沉积后,两条来源路径共有边,4,0.9988888888888889,1.0108600401262233e-08,1.0858427689044073e-08,6.256146329286792e-10,6.724420755131611e-10
GP 表达式自身产生的状态,1000,历史重启阶段最优路径,来源内均匀沉积,沉积后,两条来源路径共有边,5,1.0,0.0,0.0,0.0,0.0
GP 表达式自身产生的状态,1000,历史重启阶段最优路径,来源内均匀沉积,沉积后,两条来源路径共有边,6,1.0,0.0,0.0,0.0,0.0
GP 表达式自身产生的状态,1000,历史重启阶段最优路径,来源内均匀沉积,沉积后,两条来源路径共有边,7,0.9808888888888888,-3.464326864073571e-08,3.5627256014260105e-08,-2.098830479368067e-09,2.1662129912265513e-09
GP 表达式自身产生的状态,1000,历史重启阶段最优路径,来源内均匀沉积,沉积后,仅历史来源路径包含的边,0,0.9964444444444445,0.0035555557465099014,0.0035555557465099014,0.0066358828399744295,0.0066358828399744295
GP 表达式自身产生的状态,1000,历史重启阶段最优路径,来源内均匀沉积,沉积后,仅历史来源路径包含的边,1,1.0,0.0,0.0,0.0,0.0
GP 表达式自身产生的状态,1000,历史重启阶段最优路径,来源内均匀沉积,沉积后,仅历史来源路径包含的边,2,1.0,0.0,0.0,0.0,0.0
GP 表达式自身产生的状态,1000,历史重启阶段最优路径,来源内均匀沉积,沉积后,仅历史来源路径包含的边,3,0.9962222222222223,0.0037777778652455457,0.0037777778652455457,0.013287415284486044,0.013287415284486044
GP 表达式自身产生的状态,1000,历史重启阶段最优路径,来源内均匀沉积,沉积后,仅历史来源路径包含的边,4,0.9988888888888889,0.0011111110264877457,0.0011111110264877457,0.006869606342580583,0.006869606342580583
GP 表达式自身产生的状态,1000,历史重启阶段最优路径,来源内均匀沉积,沉积后,仅历史来源路径包含的边,5,1.0,0.0,0.0,0.0,0.0
GP 表达式自身产生的状态,1000,历史重启阶段最优路径,来源内均匀沉积,沉积后,仅历史来源路径包含的边,6,1.0,0.0,0.0,0.0,0.0
GP 表达式自身产生的状态,1000,历史重启阶段最优路径,来源内均匀沉积,沉积后,仅历史来源路径包含的边,7,0.9808888888888888,0.01911111165230949,0.01911111165230949,0.01997264427067329,0.01997264427067329
GP 表达式自身产生的状态,1000,历史重启阶段最优路径,来源内均匀沉积,沉积后,仅本轮最优路径包含的边,0,0.9964444444444445,-0.0035555556126609677,0.0035555556126609677,-0.006635882590166552,0.006635882590166552
GP 表达式自身产生的状态,1000,历史重启阶段最优路径,来源内均匀沉积,沉积后,仅本轮最优路径包含的边,1,1.0,0.0,0.0,0.0,0.0
GP 表达式自身产生的状态,1000,历史重启阶段最优路径,来源内均匀沉积,沉积后,仅本轮最优路径包含的边,2,1.0,0.0,0.0,0.0,0.0
GP 表达式自身产生的状态,1000,历史重启阶段最优路径,来源内均匀沉积,沉积后,仅本轮最优路径包含的边,3,0.9962222222222223,-0.0037777778227277214,0.0037777778227277214,-0.013287415103395544,0.013287415103395544
GP 表达式自身产生的状态,1000,历史重启阶段最优路径,来源内均匀沉积,沉积后,仅本轮最优路径包含的边,4,0.9988888888888889,-0.0011111112139445677,0.0011111112139445677,-0.006869607501559787,0.006869607501559787
GP 表达式自身产生的状态,1000,历史重启阶段最优路径,来源内均匀沉积,沉积后,仅本轮最优路径包含的边,5,1.0,0.0,0.0,0.0,0.0
GP 表达式自身产生的状态,1000,历史重启阶段最优路径,来源内均匀沉积,沉积后,仅本轮最优路径包含的边,6,1.0,0.0,0.0,0.0,0.0
GP 表达式自身产生的状态,1000,历史重启阶段最优路径,来源内均匀沉积,沉积后,仅本轮最优路径包含的边,7,0.9808888888888888,-0.019111110659018063,0.019111110659018063,-0.019972643984875336,0.019972643984875336
GP 表达式自身产生的状态,1000,历史重启阶段最优路径,来源内均匀沉积,沉积后,其他候选弧,0,0.9964444444444445,0.0,0.0,0.0,0.0
GP 表达式自身产生的状态,1000,历史重启阶段最优路径,来源内均匀沉积,沉积后,其他候选弧,1,1.0,0.0,0.0,0.0,0.0
GP 表达式自身产生的状态,1000,历史重启阶段最优路径,来源内均匀沉积,沉积后,其他候选弧,2,1.0,0.0,0.0,0.0,0.0
GP 表达式自身产生的状态,1000,历史重启阶段最优路径,来源内均匀沉积,沉积后,其他候选弧,3,0.9962222222222223,0.0,0.0,0.0,0.0
GP 表达式自身产生的状态,1000,历史重启阶段最优路径,来源内均匀沉积,沉积后,其他候选弧,4,0.9988888888888889,0.0,0.0,0.0,0.0
GP 表达式自身产生的状态,1000,历史重启阶段最优路径,来源内均匀沉积,沉积后,其他候选弧,5,1.0,0.0,0.0,0.0,0.0
GP 表达式自身产生的状态,1000,历史重启阶段最优路径,来源内均匀沉积,沉积后,其他候选弧,6,1.0,0.0,0.0,0.0,0.0
GP 表达式自身产生的状态,1000,历史重启阶段最优路径,来源内均匀沉积,沉积后,其他候选弧,7,0.9808888888888888,0.0,0.0,0.0,0.0
GP 表达式自身产生的状态,1000,历史重启阶段最优路径,来源内均匀沉积,蒸发和下界保护后,两条来源路径共有边,0,0.9964444444444445,0.0,0.0,0.0,0.0
GP 表达式自身产生的状态,1000,历史重启阶段最优路径,来源内均匀沉积,蒸发和下界保护后,两条来源路径共有边,1,1.0,0.0,0.0,0.0,0.0
GP 表达式自身产生的状态,1000,历史重启阶段最优路径,来源内均匀沉积,蒸发和下界保护后,两条来源路径共有边,2,1.0,0.0,0.0,0.0,0.0
GP 表达式自身产生的状态,1000,历史重启阶段最优路径,来源内均匀沉积,蒸发和下界保护后,两条来源路径共有边,3,0.9962222222222223,0.0,0.0,0.0,0.0
GP 表达式自身产生的状态,1000,历史重启阶段最优路径,来源内均匀沉积,蒸发和下界保护后,两条来源路径共有边,4,0.9988888888888889,0.0,0.0,0.0,0.0
GP 表达式自身产生的状态,1000,历史重启阶段最优路径,来源内均匀沉积,蒸发和下界保护后,两条来源路径共有边,5,1.0,0.0,0.0,0.0,0.0
GP 表达式自身产生的状态,1000,历史重启阶段最优路径,来源内均匀沉积,蒸发和下界保护后,两条来源路径共有边,6,1.0,0.0,0.0,0.0,0.0
GP 表达式自身产生的状态,1000,历史重启阶段最优路径,来源内均匀沉积,蒸发和下界保护后,两条来源路径共有边,7,0.9808888888888888,0.0,0.0,0.0,0.0
GP 表达式自身产生的状态,1000,历史重启阶段最优路径,来源内均匀沉积,蒸发和下界保护后,仅历史来源路径包含的边,0,0.9964444444444445,0.0,0.0,0.0,0.0
GP 表达式自身产生的状态,1000,历史重启阶段最优路径,来源内均匀沉积,蒸发和下界保护后,仅历史来源路径包含的边,1,1.0,0.0,0.0,0.0,0.0
GP 表达式自身产生的状态,1000,历史重启阶段最优路径,来源内均匀沉积,蒸发和下界保护后,仅历史来源路径包含的边,2,1.0,0.0,0.0,0.0,0.0
GP 表达式自身产生的状态,1000,历史重启阶段最优路径,来源内均匀沉积,蒸发和下界保护后,仅历史来源路径包含的边,3,0.9962222222222223,0.0,0.0,0.0,0.0
GP 表达式自身产生的状态,1000,历史重启阶段最优路径,来源内均匀沉积,蒸发和下界保护后,仅历史来源路径包含的边,4,0.9988888888888889,0.0,0.0,0.0,0.0
GP 表达式自身产生的状态,1000,历史重启阶段最优路径,来源内均匀沉积,蒸发和下界保护后,仅历史来源路径包含的边,5,1.0,0.0,0.0,0.0,0.0
GP 表达式自身产生的状态,1000,历史重启阶段最优路径,来源内均匀沉积,蒸发和下界保护后,仅历史来源路径包含的边,6,1.0,0.0,0.0,0.0,0.0
GP 表达式自身产生的状态,1000,历史重启阶段最优路径,来源内均匀沉积,蒸发和下界保护后,仅历史来源路径包含的边,7,0.9808888888888888,0.0,0.0,0.0,0.0
GP 表达式自身产生的状态,1000,历史重启阶段最优路径,来源内均匀沉积,蒸发和下界保护后,仅本轮最优路径包含的边,0,0.9964444444444445,0.0,0.0,0.0,0.0
GP 表达式自身产生的状态,1000,历史重启阶段最优路径,来源内均匀沉积,蒸发和下界保护后,仅本轮最优路径包含的边,1,1.0,0.0,0.0,0.0,0.0
GP 表达式自身产生的状态,1000,历史重启阶段最优路径,来源内均匀沉积,蒸发和下界保护后,仅本轮最优路径包含的边,2,1.0,0.0,0.0,0.0,0.0
GP 表达式自身产生的状态,1000,历史重启阶段最优路径,来源内均匀沉积,蒸发和下界保护后,仅本轮最优路径包含的边,3,0.9962222222222223,0.0,0.0,0.0,0.0
GP 表达式自身产生的状态,1000,历史重启阶段最优路径,来源内均匀沉积,蒸发和下界保护后,仅本轮最优路径包含的边,4,0.9988888888888889,0.0,0.0,0.0,0.0
GP 表达式自身产生的状态,1000,历史重启阶段最优路径,来源内均匀沉积,蒸发和下界保护后,仅本轮最优路径包含的边,5,1.0,0.0,0.0,0.0,0.0
GP 表达式自身产生的状态,1000,历史重启阶段最优路径,来源内均匀沉积,蒸发和下界保护后,仅本轮最优路径包含的边,6,1.0,0.0,0.0,0.0,0.0
GP 表达式自身产生的状态,1000,历史重启阶段最优路径,来源内均匀沉积,蒸发和下界保护后,仅本轮最优路径包含的边,7,0.9808888888888888,0.0,0.0,0.0,0.0
GP 表达式自身产生的状态,1000,历史重启阶段最优路径,来源内均匀沉积,蒸发和下界保护后,其他候选弧,0,0.9964444444444445,0.0,0.0,0.0,0.0
GP 表达式自身产生的状态,1000,历史重启阶段最优路径,来源内均匀沉积,蒸发和下界保护后,其他候选弧,1,1.0,0.0,0.0,0.0,0.0
GP 表达式自身产生的状态,1000,历史重启阶段最优路径,来源内均匀沉积,蒸发和下界保护后,其他候选弧,2,1.0,0.0,0.0,0.0,0.0
GP 表达式自身产生的状态,1000,历史重启阶段最优路径,来源内均匀沉积,蒸发和下界保护后,其他候选弧,3,0.9962222222222223,0.0,0.0,0.0,0.0
GP 表达式自身产生的状态,1000,历史重启阶段最优路径,来源内均匀沉积,蒸发和下界保护后,其他候选弧,4,0.9988888888888889,0.0,0.0,0.0,0.0
GP 表达式自身产生的状态,1000,历史重启阶段最优路径,来源内均匀沉积,蒸发和下界保护后,其他候选弧,5,1.0,0.0,0.0,0.0,0.0
GP 表达式自身产生的状态,1000,历史重启阶段最优路径,来源内均匀沉积,蒸发和下界保护后,其他候选弧,6,1.0,0.0,0.0,0.0,0.0
GP 表达式自身产生的状态,1000,历史重启阶段最优路径,来源内均匀沉积,蒸发和下界保护后,其他候选弧,7,0.9808888888888888,0.0,0.0,0.0,0.0
GP 表达式自身产生的状态,1000,历史重启阶段最优路径,来源内均匀沉积,重启和可选上界处理后,两条来源路径共有边,0,0.9964444444444445,-1.4423181613694434e-08,3.349643795664866e-08,-8.553731758951374e-10,2.0321407265571197e-09
GP 表达式自身产生的状态,1000,历史重启阶段最优路径,来源内均匀沉积,重启和可选上界处理后,两条来源路径共有边,1,1.0,-9.692172743533313e-09,9.692172743533313e-09,-5.76178232828776e-10,5.76178232828776e-10
GP 表达式自身产生的状态,1000,历史重启阶段最优路径,来源内均匀沉积,重启和可选上界处理后,两条来源路径共有边,2,1.0,0.0,0.0,0.0,0.0
GP 表达式自身产生的状态,1000,历史重启阶段最优路径,来源内均匀沉积,重启和可选上界处理后,两条来源路径共有边,3,0.9962222222222223,-9.81164471430004e-09,9.81164471430004e-09,-5.894237094455295e-10,5.894237094455295e-10
GP 表达式自身产生的状态,1000,历史重启阶段最优路径,来源内均匀沉积,重启和可选上界处理后,两条来源路径共有边,4,0.9988888888888889,1.0108600401262233e-08,1.0858427689044073e-08,6.256146329286792e-10,6.724420755131611e-10
GP 表达式自身产生的状态,1000,历史重启阶段最优路径,来源内均匀沉积,重启和可选上界处理后,两条来源路径共有边,5,1.0,0.0,0.0,0.0,0.0
GP 表达式自身产生的状态,1000,历史重启阶段最优路径,来源内均匀沉积,重启和可选上界处理后,两条来源路径共有边,6,1.0,0.0,0.0,0.0,0.0
GP 表达式自身产生的状态,1000,历史重启阶段最优路径,来源内均匀沉积,重启和可选上界处理后,两条来源路径共有边,7,0.9808888888888888,4.919936867622015e-10,4.919936867622015e-10,3.369125592924212e-11,3.369125592924212e-11
GP 表达式自身产生的状态,1000,历史重启阶段最优路径,来源内均匀沉积,重启和可选上界处理后,仅历史来源路径包含的边,0,0.9964444444444445,0.0035555557465099014,0.0035555557465099014,0.0066358828399744295,0.0066358828399744295
GP 表达式自身产生的状态,1000,历史重启阶段最优路径,来源内均匀沉积,重启和可选上界处理后,仅历史来源路径包含的边,1,1.0,0.0,0.0,0.0,0.0
GP 表达式自身产生的状态,1000,历史重启阶段最优路径,来源内均匀沉积,重启和可选上界处理后,仅历史来源路径包含的边,2,1.0,0.0,0.0,0.0,0.0
GP 表达式自身产生的状态,1000,历史重启阶段最优路径,来源内均匀沉积,重启和可选上界处理后,仅历史来源路径包含的边,3,0.9962222222222223,0.0037777778652455457,0.0037777778652455457,0.013287415284486044,0.013287415284486044
GP 表达式自身产生的状态,1000,历史重启阶段最优路径,来源内均匀沉积,重启和可选上界处理后,仅历史来源路径包含的边,4,0.9988888888888889,0.0011111110264877457,0.0011111110264877457,0.006869606342580583,0.006869606342580583
GP 表达式自身产生的状态,1000,历史重启阶段最优路径,来源内均匀沉积,重启和可选上界处理后,仅历史来源路径包含的边,5,1.0,0.0,0.0,0.0,0.0
GP 表达式自身产生的状态,1000,历史重启阶段最优路径,来源内均匀沉积,重启和可选上界处理后,仅历史来源路径包含的边,6,1.0,0.0,0.0,0.0,0.0
GP 表达式自身产生的状态,1000,历史重启阶段最优路径,来源内均匀沉积,重启和可选上界处理后,仅历史来源路径包含的边,7,0.9808888888888888,0.01911111165230949,0.01911111165230949,0.01997264427067329,0.01997264427067329
GP 表达式自身产生的状态,1000,历史重启阶段最优路径,来源内均匀沉积,重启和可选上界处理后,仅本轮最优路径包含的边,0,0.9964444444444445,-0.0035555556126609677,0.0035555556126609677,-0.006635882590166552,0.006635882590166552
GP 表达式自身产生的状态,1000,历史重启阶段最优路径,来源内均匀沉积,重启和可选上界处理后,仅本轮最优路径包含的边,1,1.0,0.0,0.0,0.0,0.0
GP 表达式自身产生的状态,1000,历史重启阶段最优路径,来源内均匀沉积,重启和可选上界处理后,仅本轮最优路径包含的边,2,1.0,0.0,0.0,0.0,0.0
GP 表达式自身产生的状态,1000,历史重启阶段最优路径,来源内均匀沉积,重启和可选上界处理后,仅本轮最优路径包含的边,3,0.9962222222222223,-0.0037777778227277214,0.0037777778227277214,-0.013287415103395544,0.013287415103395544
GP 表达式自身产生的状态,1000,历史重启阶段最优路径,来源内均匀沉积,重启和可选上界处理后,仅本轮最优路径包含的边,4,0.9988888888888889,-0.0011111112139445677,0.0011111112139445677,-0.006869607501559787,0.006869607501559787
GP 表达式自身产生的状态,1000,历史重启阶段最优路径,来源内均匀沉积,重启和可选上界处理后,仅本轮最优路径包含的边,5,1.0,0.0,0.0,0.0,0.0
GP 表达式自身产生的状态,1000,历史重启阶段最优路径,来源内均匀沉积,重启和可选上界处理后,仅本轮最优路径包含的边,6,1.0,0.0,0.0,0.0,0.0
GP 表达式自身产生的状态,1000,历史重启阶段最优路径,来源内均匀沉积,重启和可选上界处理后,仅本轮最优路径包含的边,7,0.9808888888888888,-0.019111110659018063,0.019111110659018063,-0.019972643984875336,0.019972643984875336
GP 表达式自身产生的状态,1000,历史重启阶段最优路径,来源内均匀沉积,重启和可选上界处理后,其他候选弧,0,0.9964444444444445,0.0,0.0,0.0,0.0
GP 表达式自身产生的状态,1000,历史重启阶段最优路径,来源内均匀沉积,重启和可选上界处理后,其他候选弧,1,1.0,0.0,0.0,0.0,0.0
GP 表达式自身产生的状态,1000,历史重启阶段最优路径,来源内均匀沉积,重启和可选上界处理后,其他候选弧,2,1.0,0.0,0.0,0.0,0.0
GP 表达式自身产生的状态,1000,历史重启阶段最优路径,来源内均匀沉积,重启和可选上界处理后,其他候选弧,3,0.9962222222222223,0.0,0.0,0.0,0.0
GP 表达式自身产生的状态,1000,历史重启阶段最优路径,来源内均匀沉积,重启和可选上界处理后,其他候选弧,4,0.9988888888888889,0.0,0.0,0.0,0.0
GP 表达式自身产生的状态,1000,历史重启阶段最优路径,来源内均匀沉积,重启和可选上界处理后,其他候选弧,5,1.0,0.0,0.0,0.0,0.0
GP 表达式自身产生的状态,1000,历史重启阶段最优路径,来源内均匀沉积,重启和可选上界处理后,其他候选弧,6,1.0,0.0,0.0,0.0,0.0
GP 表达式自身产生的状态,1000,历史重启阶段最优路径,来源内均匀沉积,重启和可选上界处理后,其他候选弧,7,0.9808888888888888,0.0,0.0,0.0,0.0
GP 表达式自身产生的状态,2500,历史全局最优路径,GP 源内重加权,更新前,两条来源路径共有边,0,0.959111111111111,0.0,0.0,0.0,0.0
GP 表达式自身产生的状态,2500,历史全局最优路径,GP 源内重加权,更新前,两条来源路径共有边,1,0.983111111111111,0.0,0.0,0.0,0.0
GP 表达式自身产生的状态,2500,历史全局最优路径,GP 源内重加权,更新前,两条来源路径共有边,2,0.9393333333333334,0.0,0.0,0.0,0.0
GP 表达式自身产生的状态,2500,历史全局最优路径,GP 源内重加权,更新前,两条来源路径共有边,3,0.9604444444444444,0.0,0.0,0.0,0.0
GP 表达式自身产生的状态,2500,历史全局最优路径,GP 源内重加权,更新前,两条来源路径共有边,4,0.9415555555555556,0.0,0.0,0.0,0.0
GP 表达式自身产生的状态,2500,历史全局最优路径,GP 源内重加权,更新前,两条来源路径共有边,5,0.8964444444444444,0.0,0.0,0.0,0.0
GP 表达式自身产生的状态,2500,历史全局最优路径,GP 源内重加权,更新前,两条来源路径共有边,6,0.963111111111111,0.0,0.0,0.0,0.0
GP 表达式自身产生的状态,2500,历史全局最优路径,GP 源内重加权,更新前,两条来源路径共有边,7,0.9302222222222222,0.0,0.0,0.0,0.0
GP 表达式自身产生的状态,2500,历史全局最优路径,GP 源内重加权,更新前,仅历史来源路径包含的边,0,0.959111111111111,0.0,0.0,0.0,0.0
GP 表达式自身产生的状态,2500,历史全局最优路径,GP 源内重加权,更新前,仅历史来源路径包含的边,1,0.983111111111111,0.0,0.0,0.0,0.0
GP 表达式自身产生的状态,2500,历史全局最优路径,GP 源内重加权,更新前,仅历史来源路径包含的边,2,0.9393333333333334,0.0,0.0,0.0,0.0
GP 表达式自身产生的状态,2500,历史全局最优路径,GP 源内重加权,更新前,仅历史来源路径包含的边,3,0.9604444444444444,0.0,0.0,0.0,0.0
GP 表达式自身产生的状态,2500,历史全局最优路径,GP 源内重加权,更新前,仅历史来源路径包含的边,4,0.9415555555555556,0.0,0.0,0.0,0.0
GP 表达式自身产生的状态,2500,历史全局最优路径,GP 源内重加权,更新前,仅历史来源路径包含的边,5,0.8964444444444444,0.0,0.0,0.0,0.0
GP 表达式自身产生的状态,2500,历史全局最优路径,GP 源内重加权,更新前,仅历史来源路径包含的边,6,0.963111111111111,0.0,0.0,0.0,0.0
GP 表达式自身产生的状态,2500,历史全局最优路径,GP 源内重加权,更新前,仅历史来源路径包含的边,7,0.9302222222222222,0.0,0.0,0.0,0.0
GP 表达式自身产生的状态,2500,历史全局最优路径,GP 源内重加权,更新前,仅本轮最优路径包含的边,0,0.959111111111111,0.0,0.0,0.0,0.0
GP 表达式自身产生的状态,2500,历史全局最优路径,GP 源内重加权,更新前,仅本轮最优路径包含的边,1,0.983111111111111,0.0,0.0,0.0,0.0
GP 表达式自身产生的状态,2500,历史全局最优路径,GP 源内重加权,更新前,仅本轮最优路径包含的边,2,0.9393333333333334,0.0,0.0,0.0,0.0
GP 表达式自身产生的状态,2500,历史全局最优路径,GP 源内重加权,更新前,仅本轮最优路径包含的边,3,0.9604444444444444,0.0,0.0,0.0,0.0
GP 表达式自身产生的状态,2500,历史全局最优路径,GP 源内重加权,更新前,仅本轮最优路径包含的边,4,0.9415555555555556,0.0,0.0,0.0,0.0
GP 表达式自身产生的状态,2500,历史全局最优路径,GP 源内重加权,更新前,仅本轮最优路径包含的边,5,0.8964444444444444,0.0,0.0,0.0,0.0
GP 表达式自身产生的状态,2500,历史全局最优路径,GP 源内重加权,更新前,仅本轮最优路径包含的边,6,0.963111111111111,0.0,0.0,0.0,0.0
GP 表达式自身产生的状态,2500,历史全局最优路径,GP 源内重加权,更新前,仅本轮最优路径包含的边,7,0.9302222222222222,0.0,0.0,0.0,0.0
GP 表达式自身产生的状态,2500,历史全局最优路径,GP 源内重加权,更新前,其他候选弧,0,0.959111111111111,0.0,0.0,0.0,0.0
GP 表达式自身产生的状态,2500,历史全局最优路径,GP 源内重加权,更新前,其他候选弧,1,0.983111111111111,0.0,0.0,0.0,0.0
GP 表达式自身产生的状态,2500,历史全局最优路径,GP 源内重加权,更新前,其他候选弧,2,0.9393333333333334,0.0,0.0,0.0,0.0
GP 表达式自身产生的状态,2500,历史全局最优路径,GP 源内重加权,更新前,其他候选弧,3,0.9604444444444444,0.0,0.0,0.0,0.0
GP 表达式自身产生的状态,2500,历史全局最优路径,GP 源内重加权,更新前,其他候选弧,4,0.9415555555555556,0.0,0.0,0.0,0.0
GP 表达式自身产生的状态,2500,历史全局最优路径,GP 源内重加权,更新前,其他候选弧,5,0.8964444444444444,0.0,0.0,0.0,0.0
GP 表达式自身产生的状态,2500,历史全局最优路径,GP 源内重加权,更新前,其他候选弧,6,0.963111111111111,0.0,0.0,0.0,0.0
GP 表达式自身产生的状态,2500,历史全局最优路径,GP 源内重加权,更新前,其他候选弧,7,0.9302222222222222,0.0,0.0,0.0,0.0
GP 表达式自身产生的状态,2500,历史全局最优路径,GP 源内重加权,沉积后,两条来源路径共有边,0,0.959111111111111,0.01888069073704306,0.018884783513298312,0.001299606165592394,0.0012998534189043991
GP 表达式自身产生的状态,2500,历史全局最优路径,GP 源内重加权,沉积后,两条来源路径共有边,1,0.983111111111111,0.007784234225395987,0.007788450625420269,0.000526805840201566,0.0005270566300558275
GP 表达式自身产生的状态,2500,历史全局最优路径,GP 源内重加权,沉积后,两条来源路径共有边,2,0.9393333333333334,0.02001592852747402,0.020016165667459326,0.0013723469196932092,0.0013723613969991515
GP 表达式自身产生的状态,2500,历史全局最优路径,GP 源内重加权,沉积后,两条来源路径共有边,3,0.9604444444444444,0.01349400626826558,0.013502103360884483,0.0009837560934252614,0.0009842415004068354
GP 表达式自身产生的状态,2500,历史全局最优路径,GP 源内重加权,沉积后,两条来源路径共有边,4,0.9415555555555556,0.022272826084120463,0.022273057494479685,0.0015877254132992868,0.0015877397449049861
GP 表达式自身产生的状态,2500,历史全局最优路径,GP 源内重加权,沉积后,两条来源路径共有边,5,0.8964444444444444,0.02745550374098748,0.02745697170989052,0.0018759197682378277,0.0018760101288793074
GP 表达式自身产生的状态,2500,历史全局最优路径,GP 源内重加权,沉积后,两条来源路径共有边,6,0.963111111111111,0.0108730792316324,0.011082255581634906,0.0007378008613925049,0.0007507429695225597
GP 表达式自身产生的状态,2500,历史全局最优路径,GP 源内重加权,沉积后,两条来源路径共有边,7,0.9302222222222222,0.017321782285110426,0.017325289386778284,0.0012313414798907315,0.001231553977072094
GP 表达式自身产生的状态,2500,历史全局最优路径,GP 源内重加权,沉积后,仅历史来源路径包含的边,0,0.959111111111111,0.022061655619194667,0.022061655619194667,0.010803113968053259,0.010803113968053259
GP 表达式自身产生的状态,2500,历史全局最优路径,GP 源内重加权,沉积后,仅历史来源路径包含的边,1,0.983111111111111,0.00909926281528256,0.00909926281528256,0.006973560683404894,0.006973560683404894
GP 表达式自身产生的状态,2500,历史全局最优路径,GP 源内重加权,沉积后,仅历史来源路径包含的边,2,0.9393333333333334,0.0368499669547041,0.0368499669547041,0.02057861144445522,0.02057861144445522
GP 表达式自身产生的状态,2500,历史全局最优路径,GP 源内重加权,沉积后,仅历史来源路径包含的边,3,0.9604444444444444,0.02353500592469448,0.02353500592469448,0.007868761342684676,0.007868761342684676
GP 表达式自身产生的状态,2500,历史全局最优路径,GP 源内重加权,沉积后,仅历史来源路径包含的边,4,0.9415555555555556,0.03446578975550099,0.03446578975550099,0.016178634795762432,0.016178634795762432
GP 表达式自身产生的状态,2500,历史全局最优路径,GP 源内重加权,沉积后,仅历史来源路径包含的边,5,0.8964444444444444,0.06660363321630304,0.06660363321630304,0.03282062152896762,0.03282062152896762
GP 表达式自身产生的状态,2500,历史全局最优路径,GP 源内重加权,沉积后,仅历史来源路径包含的边,6,0.963111111111111,0.022904652502279292,0.022904652502279292,0.016415907504745697,0.016415907504745697
GP 表达式自身产生的状态,2500,历史全局最优路径,GP 源内重加权,沉积后,仅历史来源路径包含的边,7,0.9302222222222222,0.046078452727015454,0.046078452727015454,0.01747989904178471,0.01747989904178471
GP 表达式自身产生的状态,2500,历史全局最优路径,GP 源内重加权,沉积后,仅本轮最优路径包含的边,0,0.959111111111111,-0.04094293076043028,0.04094293076043028,-0.020077555619241003,0.020077555619241003
GP 表达式自身产生的状态,2500,历史全局最优路径,GP 源内重加权,沉积后,仅本轮最优路径包含的边,1,0.983111111111111,-0.016883563784708136,0.016883563784708136,-0.013211181910793766,0.013211181910793766
GP 表达式自身产生的状态,2500,历史全局最优路径,GP 源内重加权,沉积后,仅本轮最优路径包含的边,2,0.9393333333333334,-0.05686615561136965,0.05686615561136965,-0.031114854763447147,0.031114854763447147
GP 表达式自身产生的状态,2500,历史全局最优路径,GP 源内重加权,沉积后,仅本轮最优路径包含的边,3,0.9604444444444444,-0.03702837748315091,0.03702837748315091,-0.012348977373880292,0.012348977373880292
GP 表达式自身产生的状态,2500,历史全局最优路径,GP 源内重加权,沉积后,仅本轮最优路径包含的边,4,0.9415555555555556,-0.05673780288222893,0.05673780288222893,-0.02657105006926225,0.02657105006926225
GP 表达式自身产生的状态,2500,历史全局最优路径,GP 源内重加权,沉积后,仅本轮最优路径包含的边,5,0.8964444444444444,-0.09405978061158188,0.09405978061158188,-0.050765273387836735,0.050765273387836735
GP 表达式自身产生的状态,2500,历史全局最优路径,GP 源内重加权,沉积后,仅本轮最优路径包含的边,6,0.963111111111111,-0.03377769983854648,0.03377769983854648,-0.025727536873484776,0.025727536873484776
GP 表达式自身产生的状态,2500,历史全局最优路径,GP 源内重加权,沉积后,仅本轮最优路径包含的边,7,0.9302222222222222,-0.06339992263295313,0.06339992263295313,-0.024293202382237738,0.024293202382237738
GP 表达式自身产生的状态,2500,历史全局最优路径,GP 源内重加权,沉积后,其他候选弧,0,0.959111111111111,0.0,0.0,0.0,0.0
GP 表达式自身产生的状态,2500,历史全局最优路径,GP 源内重加权,沉积后,其他候选弧,1,0.983111111111111,0.0,0.0,0.0,0.0
GP 表达式自身产生的状态,2500,历史全局最优路径,GP 源内重加权,沉积后,其他候选弧,2,0.9393333333333334,0.0,0.0,0.0,0.0
GP 表达式自身产生的状态,2500,历史全局最优路径,GP 源内重加权,沉积后,其他候选弧,3,0.9604444444444444,0.0,0.0,0.0,0.0
GP 表达式自身产生的状态,2500,历史全局最优路径,GP 源内重加权,沉积后,其他候选弧,4,0.9415555555555556,0.0,0.0,0.0,0.0
GP 表达式自身产生的状态,2500,历史全局最优路径,GP 源内重加权,沉积后,其他候选弧,5,0.8964444444444444,0.0,0.0,0.0,0.0
GP 表达式自身产生的状态,2500,历史全局最优路径,GP 源内重加权,沉积后,其他候选弧,6,0.963111111111111,0.0,0.0,0.0,0.0
GP 表达式自身产生的状态,2500,历史全局最优路径,GP 源内重加权,沉积后,其他候选弧,7,0.9302222222222222,0.0,0.0,0.0,0.0
GP 表达式自身产生的状态,2500,历史全局最优路径,GP 源内重加权,蒸发和下界保护后,两条来源路径共有边,0,0.959111111111111,0.0,0.0,0.0,0.0
GP 表达式自身产生的状态,2500,历史全局最优路径,GP 源内重加权,蒸发和下界保护后,两条来源路径共有边,1,0.983111111111111,0.0,0.0,0.0,0.0
GP 表达式自身产生的状态,2500,历史全局最优路径,GP 源内重加权,蒸发和下界保护后,两条来源路径共有边,2,0.9393333333333334,0.0,0.0,0.0,0.0
GP 表达式自身产生的状态,2500,历史全局最优路径,GP 源内重加权,蒸发和下界保护后,两条来源路径共有边,3,0.9604444444444444,0.0,0.0,0.0,0.0
GP 表达式自身产生的状态,2500,历史全局最优路径,GP 源内重加权,蒸发和下界保护后,两条来源路径共有边,4,0.9415555555555556,0.0,0.0,0.0,0.0
GP 表达式自身产生的状态,2500,历史全局最优路径,GP 源内重加权,蒸发和下界保护后,两条来源路径共有边,5,0.8964444444444444,0.0,0.0,0.0,0.0
GP 表达式自身产生的状态,2500,历史全局最优路径,GP 源内重加权,蒸发和下界保护后,两条来源路径共有边,6,0.963111111111111,0.0,0.0,0.0,0.0
GP 表达式自身产生的状态,2500,历史全局最优路径,GP 源内重加权,蒸发和下界保护后,两条来源路径共有边,7,0.9302222222222222,0.0,0.0,0.0,0.0
GP 表达式自身产生的状态,2500,历史全局最优路径,GP 源内重加权,蒸发和下界保护后,仅历史来源路径包含的边,0,0.959111111111111,0.0,0.0,0.0,0.0
GP 表达式自身产生的状态,2500,历史全局最优路径,GP 源内重加权,蒸发和下界保护后,仅历史来源路径包含的边,1,0.983111111111111,0.0,0.0,0.0,0.0
GP 表达式自身产生的状态,2500,历史全局最优路径,GP 源内重加权,蒸发和下界保护后,仅历史来源路径包含的边,2,0.9393333333333334,0.0,0.0,0.0,0.0
GP 表达式自身产生的状态,2500,历史全局最优路径,GP 源内重加权,蒸发和下界保护后,仅历史来源路径包含的边,3,0.9604444444444444,0.0,0.0,0.0,0.0
GP 表达式自身产生的状态,2500,历史全局最优路径,GP 源内重加权,蒸发和下界保护后,仅历史来源路径包含的边,4,0.9415555555555556,0.0,0.0,0.0,0.0
GP 表达式自身产生的状态,2500,历史全局最优路径,GP 源内重加权,蒸发和下界保护后,仅历史来源路径包含的边,5,0.8964444444444444,0.0,0.0,0.0,0.0
GP 表达式自身产生的状态,2500,历史全局最优路径,GP 源内重加权,蒸发和下界保护后,仅历史来源路径包含的边,6,0.963111111111111,0.0,0.0,0.0,0.0
GP 表达式自身产生的状态,2500,历史全局最优路径,GP 源内重加权,蒸发和下界保护后,仅历史来源路径包含的边,7,0.9302222222222222,0.0,0.0,0.0,0.0
GP 表达式自身产生的状态,2500,历史全局最优路径,GP 源内重加权,蒸发和下界保护后,仅本轮最优路径包含的边,0,0.959111111111111,0.0,0.0,0.0,0.0
GP 表达式自身产生的状态,2500,历史全局最优路径,GP 源内重加权,蒸发和下界保护后,仅本轮最优路径包含的边,1,0.983111111111111,0.0,0.0,0.0,0.0
GP 表达式自身产生的状态,2500,历史全局最优路径,GP 源内重加权,蒸发和下界保护后,仅本轮最优路径包含的边,2,0.9393333333333334,0.0,0.0,0.0,0.0
GP 表达式自身产生的状态,2500,历史全局最优路径,GP 源内重加权,蒸发和下界保护后,仅本轮最优路径包含的边,3,0.9604444444444444,0.0,0.0,0.0,0.0
GP 表达式自身产生的状态,2500,历史全局最优路径,GP 源内重加权,蒸发和下界保护后,仅本轮最优路径包含的边,4,0.9415555555555556,0.0,0.0,0.0,0.0
GP 表达式自身产生的状态,2500,历史全局最优路径,GP 源内重加权,蒸发和下界保护后,仅本轮最优路径包含的边,5,0.8964444444444444,0.0,0.0,0.0,0.0
GP 表达式自身产生的状态,2500,历史全局最优路径,GP 源内重加权,蒸发和下界保护后,仅本轮最优路径包含的边,6,0.963111111111111,0.0,0.0,0.0,0.0
GP 表达式自身产生的状态,2500,历史全局最优路径,GP 源内重加权,蒸发和下界保护后,仅本轮最优路径包含的边,7,0.9302222222222222,0.0,0.0,0.0,0.0
GP 表达式自身产生的状态,2500,历史全局最优路径,GP 源内重加权,蒸发和下界保护后,其他候选弧,0,0.959111111111111,0.0,0.0,0.0,0.0
GP 表达式自身产生的状态,2500,历史全局最优路径,GP 源内重加权,蒸发和下界保护后,其他候选弧,1,0.983111111111111,0.0,0.0,0.0,0.0
GP 表达式自身产生的状态,2500,历史全局最优路径,GP 源内重加权,蒸发和下界保护后,其他候选弧,2,0.9393333333333334,0.0,0.0,0.0,0.0
GP 表达式自身产生的状态,2500,历史全局最优路径,GP 源内重加权,蒸发和下界保护后,其他候选弧,3,0.9604444444444444,0.0,0.0,0.0,0.0
GP 表达式自身产生的状态,2500,历史全局最优路径,GP 源内重加权,蒸发和下界保护后,其他候选弧,4,0.9415555555555556,0.0,0.0,0.0,0.0
GP 表达式自身产生的状态,2500,历史全局最优路径,GP 源内重加权,蒸发和下界保护后,其他候选弧,5,0.8964444444444444,0.0,0.0,0.0,0.0
GP 表达式自身产生的状态,2500,历史全局最优路径,GP 源内重加权,蒸发和下界保护后,其他候选弧,6,0.963111111111111,0.0,0.0,0.0,0.0
GP 表达式自身产生的状态,2500,历史全局最优路径,GP 源内重加权,蒸发和下界保护后,其他候选弧,7,0.9302222222222222,0.0,0.0,0.0,0.0
GP 表达式自身产生的状态,2500,历史全局最优路径,GP 源内重加权,重启和可选上界处理后,两条来源路径共有边,0,0.959111111111111,0.018880787378056183,0.018881155216419063,0.001299612006847582,0.001299634232757345
GP 表达式自身产生的状态,2500,历史全局最优路径,GP 源内重加权,重启和可选上界处理后,两条来源路径共有边,1,0.983111111111111,0.00778435078064528,0.007788334070170976,0.0005268127742085749,0.0005270496960488187
GP 表达式自身产生的状态,2500,历史全局最优路径,GP 源内重加权,重启和可选上界处理后,两条来源路径共有边,2,0.9393333333333334,0.020015944466963736,0.020016149727969616,0.0013723478932357405,0.0013723604234566202
GP 表达式自身产生的状态,2500,历史全局最优路径,GP 源内重加权,重启和可选上界处理后,两条来源路径共有边,3,0.9604444444444444,0.013493945025480247,0.01349412554281353,0.0009837524244282385,0.0009837632459826343
GP 表达式自身产生的状态,2500,历史全局最优路径,GP 源内重加权,重启和可选上界处理后,两条来源路径共有边,4,0.9415555555555556,0.022272733782737225,0.022272965193096447,0.0015877196912533883,0.0015877340228590876
GP 表达式自身产生的状态,2500,历史全局最优路径,GP 源内重加权,重启和可选上界处理后,两条来源路径共有边,5,0.8964444444444444,0.02745550374098748,0.02745697170989052,0.0018759197682378277,0.0018760101288793074
GP 表达式自身产生的状态,2500,历史全局最优路径,GP 源内重加权,重启和可选上界处理后,两条来源路径共有边,6,0.963111111111111,0.0108730792316324,0.011082255581634906,0.0007378008613925049,0.0007507429695225597
GP 表达式自身产生的状态,2500,历史全局最优路径,GP 源内重加权,重启和可选上界处理后,两条来源路径共有边,7,0.9302222222222222,0.01732175648959636,0.01732177092238079,0.0012313399169244907,0.0012313407911259476
GP 表达式自身产生的状态,2500,历史全局最优路径,GP 源内重加权,重启和可选上界处理后,仅历史来源路径包含的边,0,0.959111111111111,0.022061655619194667,0.022061655619194667,0.010803113968053259,0.010803113968053259
GP 表达式自身产生的状态,2500,历史全局最优路径,GP 源内重加权,重启和可选上界处理后,仅历史来源路径包含的边,1,0.983111111111111,0.00909926281528256,0.00909926281528256,0.006973560683404894,0.006973560683404894
GP 表达式自身产生的状态,2500,历史全局最优路径,GP 源内重加权,重启和可选上界处理后,仅历史来源路径包含的边,2,0.9393333333333334,0.0368499669547041,0.0368499669547041,0.02057861144445522,0.02057861144445522
GP 表达式自身产生的状态,2500,历史全局最优路径,GP 源内重加权,重启和可选上界处理后,仅历史来源路径包含的边,3,0.9604444444444444,0.02353500592469448,0.02353500592469448,0.007868761342684676,0.007868761342684676
GP 表达式自身产生的状态,2500,历史全局最优路径,GP 源内重加权,重启和可选上界处理后,仅历史来源路径包含的边,4,0.9415555555555556,0.03446578975550099,0.03446578975550099,0.016178634795762432,0.016178634795762432
GP 表达式自身产生的状态,2500,历史全局最优路径,GP 源内重加权,重启和可选上界处理后,仅历史来源路径包含的边,5,0.8964444444444444,0.06660363321630304,0.06660363321630304,0.03282062152896762,0.03282062152896762
GP 表达式自身产生的状态,2500,历史全局最优路径,GP 源内重加权,重启和可选上界处理后,仅历史来源路径包含的边,6,0.963111111111111,0.022904652502279292,0.022904652502279292,0.016415907504745697,0.016415907504745697
GP 表达式自身产生的状态,2500,历史全局最优路径,GP 源内重加权,重启和可选上界处理后,仅历史来源路径包含的边,7,0.9302222222222222,0.046078452727015454,0.046078452727015454,0.01747989904178471,0.01747989904178471
GP 表达式自身产生的状态,2500,历史全局最优路径,GP 源内重加权,重启和可选上界处理后,仅本轮最优路径包含的边,0,0.959111111111111,-0.04094293076043028,0.04094293076043028,-0.020077555619241003,0.020077555619241003
GP 表达式自身产生的状态,2500,历史全局最优路径,GP 源内重加权,重启和可选上界处理后,仅本轮最优路径包含的边,1,0.983111111111111,-0.016883563784708136,0.016883563784708136,-0.013211181910793766,0.013211181910793766
GP 表达式自身产生的状态,2500,历史全局最优路径,GP 源内重加权,重启和可选上界处理后,仅本轮最优路径包含的边,2,0.9393333333333334,-0.05686615561136965,0.05686615561136965,-0.031114854763447147,0.031114854763447147
GP 表达式自身产生的状态,2500,历史全局最优路径,GP 源内重加权,重启和可选上界处理后,仅本轮最优路径包含的边,3,0.9604444444444444,-0.03702837748315091,0.03702837748315091,-0.012348977373880292,0.012348977373880292
GP 表达式自身产生的状态,2500,历史全局最优路径,GP 源内重加权,重启和可选上界处理后,仅本轮最优路径包含的边,4,0.9415555555555556,-0.05673780288222893,0.05673780288222893,-0.02657105006926225,0.02657105006926225
GP 表达式自身产生的状态,2500,历史全局最优路径,GP 源内重加权,重启和可选上界处理后,仅本轮最优路径包含的边,5,0.8964444444444444,-0.09405978061158188,0.09405978061158188,-0.050765273387836735,0.050765273387836735
GP 表达式自身产生的状态,2500,历史全局最优路径,GP 源内重加权,重启和可选上界处理后,仅本轮最优路径包含的边,6,0.963111111111111,-0.03377769983854648,0.03377769983854648,-0.025727536873484776,0.025727536873484776
GP 表达式自身产生的状态,2500,历史全局最优路径,GP 源内重加权,重启和可选上界处理后,仅本轮最优路径包含的边,7,0.9302222222222222,-0.06339992263295313,0.06339992263295313,-0.024293202382237738,0.024293202382237738
GP 表达式自身产生的状态,2500,历史全局最优路径,GP 源内重加权,重启和可选上界处理后,其他候选弧,0,0.959111111111111,0.0,0.0,0.0,0.0
GP 表达式自身产生的状态,2500,历史全局最优路径,GP 源内重加权,重启和可选上界处理后,其他候选弧,1,0.983111111111111,0.0,0.0,0.0,0.0
GP 表达式自身产生的状态,2500,历史全局最优路径,GP 源内重加权,重启和可选上界处理后,其他候选弧,2,0.9393333333333334,0.0,0.0,0.0,0.0
GP 表达式自身产生的状态,2500,历史全局最优路径,GP 源内重加权,重启和可选上界处理后,其他候选弧,3,0.9604444444444444,0.0,0.0,0.0,0.0
GP 表达式自身产生的状态,2500,历史全局最优路径,GP 源内重加权,重启和可选上界处理后,其他候选弧,4,0.9415555555555556,0.0,0.0,0.0,0.0
GP 表达式自身产生的状态,2500,历史全局最优路径,GP 源内重加权,重启和可选上界处理后,其他候选弧,5,0.8964444444444444,0.0,0.0,0.0,0.0
GP 表达式自身产生的状态,2500,历史全局最优路径,GP 源内重加权,重启和可选上界处理后,其他候选弧,6,0.963111111111111,0.0,0.0,0.0,0.0
GP 表达式自身产生的状态,2500,历史全局最优路径,GP 源内重加权,重启和可选上界处理后,其他候选弧,7,0.9302222222222222,0.0,0.0,0.0,0.0
GP 表达式自身产生的状态,2500,历史全局最优路径,来源内均匀沉积,更新前,两条来源路径共有边,0,0.959111111111111,0.0,0.0,0.0,0.0
GP 表达式自身产生的状态,2500,历史全局最优路径,来源内均匀沉积,更新前,两条来源路径共有边,1,0.983111111111111,0.0,0.0,0.0,0.0
GP 表达式自身产生的状态,2500,历史全局最优路径,来源内均匀沉积,更新前,两条来源路径共有边,2,0.9393333333333334,0.0,0.0,0.0,0.0
GP 表达式自身产生的状态,2500,历史全局最优路径,来源内均匀沉积,更新前,两条来源路径共有边,3,0.9604444444444444,0.0,0.0,0.0,0.0
GP 表达式自身产生的状态,2500,历史全局最优路径,来源内均匀沉积,更新前,两条来源路径共有边,4,0.9415555555555556,0.0,0.0,0.0,0.0
GP 表达式自身产生的状态,2500,历史全局最优路径,来源内均匀沉积,更新前,两条来源路径共有边,5,0.8964444444444444,0.0,0.0,0.0,0.0
GP 表达式自身产生的状态,2500,历史全局最优路径,来源内均匀沉积,更新前,两条来源路径共有边,6,0.963111111111111,0.0,0.0,0.0,0.0
GP 表达式自身产生的状态,2500,历史全局最优路径,来源内均匀沉积,更新前,两条来源路径共有边,7,0.9302222222222222,0.0,0.0,0.0,0.0
GP 表达式自身产生的状态,2500,历史全局最优路径,来源内均匀沉积,更新前,仅历史来源路径包含的边,0,0.959111111111111,0.0,0.0,0.0,0.0
GP 表达式自身产生的状态,2500,历史全局最优路径,来源内均匀沉积,更新前,仅历史来源路径包含的边,1,0.983111111111111,0.0,0.0,0.0,0.0
GP 表达式自身产生的状态,2500,历史全局最优路径,来源内均匀沉积,更新前,仅历史来源路径包含的边,2,0.9393333333333334,0.0,0.0,0.0,0.0
GP 表达式自身产生的状态,2500,历史全局最优路径,来源内均匀沉积,更新前,仅历史来源路径包含的边,3,0.9604444444444444,0.0,0.0,0.0,0.0
GP 表达式自身产生的状态,2500,历史全局最优路径,来源内均匀沉积,更新前,仅历史来源路径包含的边,4,0.9415555555555556,0.0,0.0,0.0,0.0
GP 表达式自身产生的状态,2500,历史全局最优路径,来源内均匀沉积,更新前,仅历史来源路径包含的边,5,0.8964444444444444,0.0,0.0,0.0,0.0
GP 表达式自身产生的状态,2500,历史全局最优路径,来源内均匀沉积,更新前,仅历史来源路径包含的边,6,0.963111111111111,0.0,0.0,0.0,0.0
GP 表达式自身产生的状态,2500,历史全局最优路径,来源内均匀沉积,更新前,仅历史来源路径包含的边,7,0.9302222222222222,0.0,0.0,0.0,0.0
GP 表达式自身产生的状态,2500,历史全局最优路径,来源内均匀沉积,更新前,仅本轮最优路径包含的边,0,0.959111111111111,0.0,0.0,0.0,0.0
GP 表达式自身产生的状态,2500,历史全局最优路径,来源内均匀沉积,更新前,仅本轮最优路径包含的边,1,0.983111111111111,0.0,0.0,0.0,0.0
GP 表达式自身产生的状态,2500,历史全局最优路径,来源内均匀沉积,更新前,仅本轮最优路径包含的边,2,0.9393333333333334,0.0,0.0,0.0,0.0
GP 表达式自身产生的状态,2500,历史全局最优路径,来源内均匀沉积,更新前,仅本轮最优路径包含的边,3,0.9604444444444444,0.0,0.0,0.0,0.0
GP 表达式自身产生的状态,2500,历史全局最优路径,来源内均匀沉积,更新前,仅本轮最优路径包含的边,4,0.9415555555555556,0.0,0.0,0.0,0.0
GP 表达式自身产生的状态,2500,历史全局最优路径,来源内均匀沉积,更新前,仅本轮最优路径包含的边,5,0.8964444444444444,0.0,0.0,0.0,0.0
GP 表达式自身产生的状态,2500,历史全局最优路径,来源内均匀沉积,更新前,仅本轮最优路径包含的边,6,0.963111111111111,0.0,0.0,0.0,0.0
GP 表达式自身产生的状态,2500,历史全局最优路径,来源内均匀沉积,更新前,仅本轮最优路径包含的边,7,0.9302222222222222,0.0,0.0,0.0,0.0
GP 表达式自身产生的状态,2500,历史全局最优路径,来源内均匀沉积,更新前,其他候选弧,0,0.959111111111111,0.0,0.0,0.0,0.0
GP 表达式自身产生的状态,2500,历史全局最优路径,来源内均匀沉积,更新前,其他候选弧,1,0.983111111111111,0.0,0.0,0.0,0.0
GP 表达式自身产生的状态,2500,历史全局最优路径,来源内均匀沉积,更新前,其他候选弧,2,0.9393333333333334,0.0,0.0,0.0,0.0
GP 表达式自身产生的状态,2500,历史全局最优路径,来源内均匀沉积,更新前,其他候选弧,3,0.9604444444444444,0.0,0.0,0.0,0.0
GP 表达式自身产生的状态,2500,历史全局最优路径,来源内均匀沉积,更新前,其他候选弧,4,0.9415555555555556,0.0,0.0,0.0,0.0
GP 表达式自身产生的状态,2500,历史全局最优路径,来源内均匀沉积,更新前,其他候选弧,5,0.8964444444444444,0.0,0.0,0.0,0.0
GP 表达式自身产生的状态,2500,历史全局最优路径,来源内均匀沉积,更新前,其他候选弧,6,0.963111111111111,0.0,0.0,0.0,0.0
GP 表达式自身产生的状态,2500,历史全局最优路径,来源内均匀沉积,更新前,其他候选弧,7,0.9302222222222222,0.0,0.0,0.0,0.0
GP 表达式自身产生的状态,2500,历史全局最优路径,来源内均匀沉积,沉积后,两条来源路径共有边,0,0.959111111111111,-1.6937668519368918e-08,1.710279474069001e-08,-1.0731389042591682e-09,1.084402064647564e-09
GP 表达式自身产生的状态,2500,历史全局最优路径,来源内均匀沉积,沉积后,两条来源路径共有边,1,0.983111111111111,-4.095839974824664e-09,1.9967485457395974e-08,-1.7102608464872882e-10,1.2594853899606462e-09
GP 表达式自身产生的状态,2500,历史全局最优路径,来源内均匀沉积,沉积后,两条来源路径共有边,2,0.9393333333333334,1.8879306475594764e-08,1.8879306475594764e-08,1.2955661410124338e-09,1.2955661410124338e-09
GP 表达式自身产生的状态,2500,历史全局最优路径,来源内均匀沉积,沉积后,两条来源路径共有边,3,0.9604444444444444,7.274141870705125e-09,7.274141870705125e-09,5.449615065310002e-10,5.449615065310002e-10
GP 表达式自身产生的状态,2500,历史全局最优路径,来源内均匀沉积,沉积后,两条来源路径共有边,4,0.9415555555555556,-2.8738338291151354e-08,2.8738338291151354e-08,-1.998754354329916e-09,1.998754354329916e-09
GP 表达式自身产生的状态,2500,历史全局最优路径,来源内均匀沉积,沉积后,两条来源路径共有边,5,0.8964444444444444,5.253181342243042e-08,5.253181342243042e-08,3.682118713904543e-09,3.682118713904543e-09
GP 表达式自身产生的状态,2500,历史全局最优路径,来源内均匀沉积,沉积后,两条来源路径共有边,6,0.963111111111111,3.797205039066583e-10,3.797205039066583e-10,2.6643200091170778e-11,2.6643200091170778e-11
GP 表达式自身产生的状态,2500,历史全局最优路径,来源内均匀沉积,沉积后,两条来源路径共有边,7,0.9302222222222222,-8.683269777406965e-09,8.683269777406965e-09,-6.224817477243176e-10,6.224817477243176e-10
GP 表达式自身产生的状态,2500,历史全局最优路径,来源内均匀沉积,沉积后,仅历史来源路径包含的边,0,0.959111111111111,0.04088888966589959,0.04088888966589959,0.020049239869913662,0.020049239869913662
GP 表达式自身产生的状态,2500,历史全局最优路径,来源内均匀沉积,沉积后,仅历史来源路径包含的边,1,0.983111111111111,0.01688888821678784,0.01688888821678784,0.013195101740873523,0.013195101740873523
GP 表达式自身产生的状态,2500,历史全局最优路径,来源内均匀沉积,沉积后,仅历史来源路径包含的边,2,0.9393333333333334,0.060666668489607195,0.060666668489607195,0.03363603950298057,0.03363603950298057
GP 表达式自身产生的状态,2500,历史全局最优路径,来源内均匀沉积,沉积后,仅历史来源路径包含的边,3,0.9604444444444444,0.03955555532509747,0.03955555532509747,0.013216906618528836,0.013216906618528836
GP 表达式自身产生的状态,2500,历史全局最优路径,来源内均匀沉积,沉积后,仅历史来源路径包含的边,4,0.9415555555555556,0.05844444259026492,0.05844444259026492,0.027426190957914605,0.027426190957914605
GP 表达式自身产生的状态,2500,历史全局最优路径,来源内均匀沉积,沉积后,仅历史来源路径包含的边,5,0.8964444444444444,0.10355556128819852,0.10355556128819852,0.05407784804493316,0.05407784804493316
GP 表达式自身产生的状态,2500,历史全局最优路径,来源内均匀沉积,沉积后,仅历史来源路径包含的边,6,0.963111111111111,0.03688888963595147,0.03688888963595147,0.027254407691465494,0.027254407691465494
GP 表达式自身产生的状态,2500,历史全局最优路径,来源内均匀沉积,沉积后,仅历史来源路径包含的边,7,0.9302222222222222,0.06977777703218614,0.06977777703218614,0.02657102602449262,0.02657102602449262
GP 表达式自身产生的状态,2500,历史全局最优路径,来源内均匀沉积,沉积后,仅本轮最优路径包含的边,0,0.959111111111111,-0.040888889093441474,0.040888889093441474,-0.020049239875981437,0.020049239875981437
GP 表达式自身产生的状态,2500,历史全局最优路径,来源内均匀沉积,沉积后,仅本轮最优路径包含的边,1,0.983111111111111,-0.01688888759887312,0.01688888759887312,-0.013195101220428555,0.013195101220428555
GP 表达式自身产生的状态,2500,历史全局最优路径,来源内均匀沉积,沉积后,仅本轮最优路径包含的边,2,0.9393333333333334,-0.060666665476921997,0.060666665476921997,-0.03363603785940397,0.03363603785940397
GP 表达式自身产生的状态,2500,历史全局最优路径,来源内均匀沉积,沉积后,仅本轮最优路径包含的边,3,0.9604444444444444,-0.03955555384077644,0.03955555384077644,-0.013216906181943848,0.013216906181943848
GP 表达式自身产生的状态,2500,历史全局最优路径,来源内均匀沉积,沉积后,仅本轮最优路径包含的边,4,0.9415555555555556,-0.05844444497182846,0.05844444497182846,-0.027426192330760123,0.027426192330760123
GP 表达式自身产生的状态,2500,历史全局最优路径,来源内均匀沉积,沉积后,仅本轮最优路径包含的边,5,0.8964444444444444,-0.10355555449338198,0.10355555449338198,-0.05407784423258076,0.05407784423258076
GP 表达式自身产生的状态,2500,历史全局最优路径,来源内均匀沉积,沉积后,仅本轮最优路径包含的边,6,0.963111111111111,-0.036888888505689214,0.036888888505689214,-0.027254406884790427,0.027254406884790427
GP 表达式自身产生的状态,2500,历史全局最优路径,来源内均匀沉积,沉积后,仅本轮最优路径包含的边,7,0.9302222222222222,-0.06977777773139822,0.06977777773139822,-0.026571026218796256,0.026571026218796256
GP 表达式自身产生的状态,2500,历史全局最优路径,来源内均匀沉积,沉积后,其他候选弧,0,0.959111111111111,0.0,0.0,0.0,0.0
GP 表达式自身产生的状态,2500,历史全局最优路径,来源内均匀沉积,沉积后,其他候选弧,1,0.983111111111111,0.0,0.0,0.0,0.0
GP 表达式自身产生的状态,2500,历史全局最优路径,来源内均匀沉积,沉积后,其他候选弧,2,0.9393333333333334,0.0,0.0,0.0,0.0
GP 表达式自身产生的状态,2500,历史全局最优路径,来源内均匀沉积,沉积后,其他候选弧,3,0.9604444444444444,0.0,0.0,0.0,0.0
GP 表达式自身产生的状态,2500,历史全局最优路径,来源内均匀沉积,沉积后,其他候选弧,4,0.9415555555555556,0.0,0.0,0.0,0.0
GP 表达式自身产生的状态,2500,历史全局最优路径,来源内均匀沉积,沉积后,其他候选弧,5,0.8964444444444444,0.0,0.0,0.0,0.0
GP 表达式自身产生的状态,2500,历史全局最优路径,来源内均匀沉积,沉积后,其他候选弧,6,0.963111111111111,0.0,0.0,0.0,0.0
GP 表达式自身产生的状态,2500,历史全局最优路径,来源内均匀沉积,沉积后,其他候选弧,7,0.9302222222222222,0.0,0.0,0.0,0.0
GP 表达式自身产生的状态,2500,历史全局最优路径,来源内均匀沉积,蒸发和下界保护后,两条来源路径共有边,0,0.959111111111111,0.0,0.0,0.0,0.0
GP 表达式自身产生的状态,2500,历史全局最优路径,来源内均匀沉积,蒸发和下界保护后,两条来源路径共有边,1,0.983111111111111,0.0,0.0,0.0,0.0
GP 表达式自身产生的状态,2500,历史全局最优路径,来源内均匀沉积,蒸发和下界保护后,两条来源路径共有边,2,0.9393333333333334,0.0,0.0,0.0,0.0
GP 表达式自身产生的状态,2500,历史全局最优路径,来源内均匀沉积,蒸发和下界保护后,两条来源路径共有边,3,0.9604444444444444,0.0,0.0,0.0,0.0
GP 表达式自身产生的状态,2500,历史全局最优路径,来源内均匀沉积,蒸发和下界保护后,两条来源路径共有边,4,0.9415555555555556,0.0,0.0,0.0,0.0
GP 表达式自身产生的状态,2500,历史全局最优路径,来源内均匀沉积,蒸发和下界保护后,两条来源路径共有边,5,0.8964444444444444,0.0,0.0,0.0,0.0
GP 表达式自身产生的状态,2500,历史全局最优路径,来源内均匀沉积,蒸发和下界保护后,两条来源路径共有边,6,0.963111111111111,0.0,0.0,0.0,0.0
GP 表达式自身产生的状态,2500,历史全局最优路径,来源内均匀沉积,蒸发和下界保护后,两条来源路径共有边,7,0.9302222222222222,0.0,0.0,0.0,0.0
GP 表达式自身产生的状态,2500,历史全局最优路径,来源内均匀沉积,蒸发和下界保护后,仅历史来源路径包含的边,0,0.959111111111111,0.0,0.0,0.0,0.0
GP 表达式自身产生的状态,2500,历史全局最优路径,来源内均匀沉积,蒸发和下界保护后,仅历史来源路径包含的边,1,0.983111111111111,0.0,0.0,0.0,0.0
GP 表达式自身产生的状态,2500,历史全局最优路径,来源内均匀沉积,蒸发和下界保护后,仅历史来源路径包含的边,2,0.9393333333333334,0.0,0.0,0.0,0.0
GP 表达式自身产生的状态,2500,历史全局最优路径,来源内均匀沉积,蒸发和下界保护后,仅历史来源路径包含的边,3,0.9604444444444444,0.0,0.0,0.0,0.0
GP 表达式自身产生的状态,2500,历史全局最优路径,来源内均匀沉积,蒸发和下界保护后,仅历史来源路径包含的边,4,0.9415555555555556,0.0,0.0,0.0,0.0
GP 表达式自身产生的状态,2500,历史全局最优路径,来源内均匀沉积,蒸发和下界保护后,仅历史来源路径包含的边,5,0.8964444444444444,0.0,0.0,0.0,0.0
GP 表达式自身产生的状态,2500,历史全局最优路径,来源内均匀沉积,蒸发和下界保护后,仅历史来源路径包含的边,6,0.963111111111111,0.0,0.0,0.0,0.0
GP 表达式自身产生的状态,2500,历史全局最优路径,来源内均匀沉积,蒸发和下界保护后,仅历史来源路径包含的边,7,0.9302222222222222,0.0,0.0,0.0,0.0
GP 表达式自身产生的状态,2500,历史全局最优路径,来源内均匀沉积,蒸发和下界保护后,仅本轮最优路径包含的边,0,0.959111111111111,0.0,0.0,0.0,0.0
GP 表达式自身产生的状态,2500,历史全局最优路径,来源内均匀沉积,蒸发和下界保护后,仅本轮最优路径包含的边,1,0.983111111111111,0.0,0.0,0.0,0.0
GP 表达式自身产生的状态,2500,历史全局最优路径,来源内均匀沉积,蒸发和下界保护后,仅本轮最优路径包含的边,2,0.9393333333333334,0.0,0.0,0.0,0.0
GP 表达式自身产生的状态,2500,历史全局最优路径,来源内均匀沉积,蒸发和下界保护后,仅本轮最优路径包含的边,3,0.9604444444444444,0.0,0.0,0.0,0.0
GP 表达式自身产生的状态,2500,历史全局最优路径,来源内均匀沉积,蒸发和下界保护后,仅本轮最优路径包含的边,4,0.9415555555555556,0.0,0.0,0.0,0.0
GP 表达式自身产生的状态,2500,历史全局最优路径,来源内均匀沉积,蒸发和下界保护后,仅本轮最优路径包含的边,5,0.8964444444444444,0.0,0.0,0.0,0.0
GP 表达式自身产生的状态,2500,历史全局最优路径,来源内均匀沉积,蒸发和下界保护后,仅本轮最优路径包含的边,6,0.963111111111111,0.0,0.0,0.0,0.0
GP 表达式自身产生的状态,2500,历史全局最优路径,来源内均匀沉积,蒸发和下界保护后,仅本轮最优路径包含的边,7,0.9302222222222222,0.0,0.0,0.0,0.0
GP 表达式自身产生的状态,2500,历史全局最优路径,来源内均匀沉积,蒸发和下界保护后,其他候选弧,0,0.959111111111111,0.0,0.0,0.0,0.0
GP 表达式自身产生的状态,2500,历史全局最优路径,来源内均匀沉积,蒸发和下界保护后,其他候选弧,1,0.983111111111111,0.0,0.0,0.0,0.0
GP 表达式自身产生的状态,2500,历史全局最优路径,来源内均匀沉积,蒸发和下界保护后,其他候选弧,2,0.9393333333333334,0.0,0.0,0.0,0.0
GP 表达式自身产生的状态,2500,历史全局最优路径,来源内均匀沉积,蒸发和下界保护后,其他候选弧,3,0.9604444444444444,0.0,0.0,0.0,0.0
GP 表达式自身产生的状态,2500,历史全局最优路径,来源内均匀沉积,蒸发和下界保护后,其他候选弧,4,0.9415555555555556,0.0,0.0,0.0,0.0
GP 表达式自身产生的状态,2500,历史全局最优路径,来源内均匀沉积,蒸发和下界保护后,其他候选弧,5,0.8964444444444444,0.0,0.0,0.0,0.0
GP 表达式自身产生的状态,2500,历史全局最优路径,来源内均匀沉积,蒸发和下界保护后,其他候选弧,6,0.963111111111111,0.0,0.0,0.0,0.0
GP 表达式自身产生的状态,2500,历史全局最优路径,来源内均匀沉积,蒸发和下界保护后,其他候选弧,7,0.9302222222222222,0.0,0.0,0.0,0.0
GP 表达式自身产生的状态,2500,历史全局最优路径,来源内均匀沉积,重启和可选上界处理后,两条来源路径共有边,0,0.959111111111111,-1.6937668519368918e-08,1.710279474069001e-08,-1.0731389042591682e-09,1.084402064647564e-09
GP 表达式自身产生的状态,2500,历史全局最优路径,来源内均匀沉积,重启和可选上界处理后,两条来源路径共有边,1,0.983111111111111,-4.095839974824664e-09,1.9967485457395974e-08,-1.7102608464872882e-10,1.2594853899606462e-09
GP 表达式自身产生的状态,2500,历史全局最优路径,来源内均匀沉积,重启和可选上界处理后,两条来源路径共有边,2,0.9393333333333334,1.8879306475594764e-08,1.8879306475594764e-08,1.2955661410124338e-09,1.2955661410124338e-09
GP 表达式自身产生的状态,2500,历史全局最优路径,来源内均匀沉积,重启和可选上界处理后,两条来源路径共有边,3,0.9604444444444444,7.274141870705125e-09,7.274141870705125e-09,5.449615065310002e-10,5.449615065310002e-10
GP 表达式自身产生的状态,2500,历史全局最优路径,来源内均匀沉积,重启和可选上界处理后,两条来源路径共有边,4,0.9415555555555556,-2.8738338291151354e-08,2.8738338291151354e-08,-1.998754354329916e-09,1.998754354329916e-09
GP 表达式自身产生的状态,2500,历史全局最优路径,来源内均匀沉积,重启和可选上界处理后,两条来源路径共有边,5,0.8964444444444444,5.253181342243042e-08,5.253181342243042e-08,3.682118713904543e-09,3.682118713904543e-09
GP 表达式自身产生的状态,2500,历史全局最优路径,来源内均匀沉积,重启和可选上界处理后,两条来源路径共有边,6,0.963111111111111,3.797205039066583e-10,3.797205039066583e-10,2.6643200091170778e-11,2.6643200091170778e-11
GP 表达式自身产生的状态,2500,历史全局最优路径,来源内均匀沉积,重启和可选上界处理后,两条来源路径共有边,7,0.9302222222222222,-8.683269777406965e-09,8.683269777406965e-09,-6.224817477243176e-10,6.224817477243176e-10
GP 表达式自身产生的状态,2500,历史全局最优路径,来源内均匀沉积,重启和可选上界处理后,仅历史来源路径包含的边,0,0.959111111111111,0.04088888966589959,0.04088888966589959,0.020049239869913662,0.020049239869913662
GP 表达式自身产生的状态,2500,历史全局最优路径,来源内均匀沉积,重启和可选上界处理后,仅历史来源路径包含的边,1,0.983111111111111,0.01688888821678784,0.01688888821678784,0.013195101740873523,0.013195101740873523
GP 表达式自身产生的状态,2500,历史全局最优路径,来源内均匀沉积,重启和可选上界处理后,仅历史来源路径包含的边,2,0.9393333333333334,0.060666668489607195,0.060666668489607195,0.03363603950298057,0.03363603950298057
GP 表达式自身产生的状态,2500,历史全局最优路径,来源内均匀沉积,重启和可选上界处理后,仅历史来源路径包含的边,3,0.9604444444444444,0.03955555532509747,0.03955555532509747,0.013216906618528836,0.013216906618528836
GP 表达式自身产生的状态,2500,历史全局最优路径,来源内均匀沉积,重启和可选上界处理后,仅历史来源路径包含的边,4,0.9415555555555556,0.05844444259026492,0.05844444259026492,0.027426190957914605,0.027426190957914605
GP 表达式自身产生的状态,2500,历史全局最优路径,来源内均匀沉积,重启和可选上界处理后,仅历史来源路径包含的边,5,0.8964444444444444,0.10355556128819852,0.10355556128819852,0.05407784804493316,0.05407784804493316
GP 表达式自身产生的状态,2500,历史全局最优路径,来源内均匀沉积,重启和可选上界处理后,仅历史来源路径包含的边,6,0.963111111111111,0.03688888963595147,0.03688888963595147,0.027254407691465494,0.027254407691465494
GP 表达式自身产生的状态,2500,历史全局最优路径,来源内均匀沉积,重启和可选上界处理后,仅历史来源路径包含的边,7,0.9302222222222222,0.06977777703218614,0.06977777703218614,0.02657102602449262,0.02657102602449262
GP 表达式自身产生的状态,2500,历史全局最优路径,来源内均匀沉积,重启和可选上界处理后,仅本轮最优路径包含的边,0,0.959111111111111,-0.040888889093441474,0.040888889093441474,-0.020049239875981437,0.020049239875981437
GP 表达式自身产生的状态,2500,历史全局最优路径,来源内均匀沉积,重启和可选上界处理后,仅本轮最优路径包含的边,1,0.983111111111111,-0.01688888759887312,0.01688888759887312,-0.013195101220428555,0.013195101220428555
GP 表达式自身产生的状态,2500,历史全局最优路径,来源内均匀沉积,重启和可选上界处理后,仅本轮最优路径包含的边,2,0.9393333333333334,-0.060666665476921997,0.060666665476921997,-0.03363603785940397,0.03363603785940397
GP 表达式自身产生的状态,2500,历史全局最优路径,来源内均匀沉积,重启和可选上界处理后,仅本轮最优路径包含的边,3,0.9604444444444444,-0.03955555384077644,0.03955555384077644,-0.013216906181943848,0.013216906181943848
GP 表达式自身产生的状态,2500,历史全局最优路径,来源内均匀沉积,重启和可选上界处理后,仅本轮最优路径包含的边,4,0.9415555555555556,-0.05844444497182846,0.05844444497182846,-0.027426192330760123,0.027426192330760123
GP 表达式自身产生的状态,2500,历史全局最优路径,来源内均匀沉积,重启和可选上界处理后,仅本轮最优路径包含的边,5,0.8964444444444444,-0.10355555449338198,0.10355555449338198,-0.05407784423258076,0.05407784423258076
GP 表达式自身产生的状态,2500,历史全局最优路径,来源内均匀沉积,重启和可选上界处理后,仅本轮最优路径包含的边,6,0.963111111111111,-0.036888888505689214,0.036888888505689214,-0.027254406884790427,0.027254406884790427
GP 表达式自身产生的状态,2500,历史全局最优路径,来源内均匀沉积,重启和可选上界处理后,仅本轮最优路径包含的边,7,0.9302222222222222,-0.06977777773139822,0.06977777773139822,-0.026571026218796256,0.026571026218796256
GP 表达式自身产生的状态,2500,历史全局最优路径,来源内均匀沉积,重启和可选上界处理后,其他候选弧,0,0.959111111111111,0.0,0.0,0.0,0.0
GP 表达式自身产生的状态,2500,历史全局最优路径,来源内均匀沉积,重启和可选上界处理后,其他候选弧,1,0.983111111111111,0.0,0.0,0.0,0.0
GP 表达式自身产生的状态,2500,历史全局最优路径,来源内均匀沉积,重启和可选上界处理后,其他候选弧,2,0.9393333333333334,0.0,0.0,0.0,0.0
GP 表达式自身产生的状态,2500,历史全局最优路径,来源内均匀沉积,重启和可选上界处理后,其他候选弧,3,0.9604444444444444,0.0,0.0,0.0,0.0
GP 表达式自身产生的状态,2500,历史全局最优路径,来源内均匀沉积,重启和可选上界处理后,其他候选弧,4,0.9415555555555556,0.0,0.0,0.0,0.0
GP 表达式自身产生的状态,2500,历史全局最优路径,来源内均匀沉积,重启和可选上界处理后,其他候选弧,5,0.8964444444444444,0.0,0.0,0.0,0.0
GP 表达式自身产生的状态,2500,历史全局最优路径,来源内均匀沉积,重启和可选上界处理后,其他候选弧,6,0.963111111111111,0.0,0.0,0.0,0.0
GP 表达式自身产生的状态,2500,历史全局最优路径,来源内均匀沉积,重启和可选上界处理后,其他候选弧,7,0.9302222222222222,0.0,0.0,0.0,0.0
GP 表达式自身产生的状态,2500,历史重启阶段最优路径,GP 源内重加权,更新前,两条来源路径共有边,0,1.0,0.0,0.0,0.0,0.0
GP 表达式自身产生的状态,2500,历史重启阶段最优路径,GP 源内重加权,更新前,两条来源路径共有边,1,1.0,0.0,0.0,0.0,0.0
GP 表达式自身产生的状态,2500,历史重启阶段最优路径,GP 源内重加权,更新前,两条来源路径共有边,2,0.991111111111111,0.0,0.0,0.0,0.0
GP 表达式自身产生的状态,2500,历史重启阶段最优路径,GP 源内重加权,更新前,两条来源路径共有边,3,0.9971111111111112,0.0,0.0,0.0,0.0
GP 表达式自身产生的状态,2500,历史重启阶段最优路径,GP 源内重加权,更新前,两条来源路径共有边,4,0.9942222222222222,0.0,0.0,0.0,0.0
GP 表达式自身产生的状态,2500,历史重启阶段最优路径,GP 源内重加权,更新前,两条来源路径共有边,5,0.9777777777777779,0.0,0.0,0.0,0.0
GP 表达式自身产生的状态,2500,历史重启阶段最优路径,GP 源内重加权,更新前,两条来源路径共有边,6,1.0,0.0,0.0,0.0,0.0
GP 表达式自身产生的状态,2500,历史重启阶段最优路径,GP 源内重加权,更新前,两条来源路径共有边,7,0.9764444444444444,0.0,0.0,0.0,0.0
GP 表达式自身产生的状态,2500,历史重启阶段最优路径,GP 源内重加权,更新前,仅历史来源路径包含的边,0,1.0,0.0,0.0,0.0,0.0
GP 表达式自身产生的状态,2500,历史重启阶段最优路径,GP 源内重加权,更新前,仅历史来源路径包含的边,1,1.0,0.0,0.0,0.0,0.0
GP 表达式自身产生的状态,2500,历史重启阶段最优路径,GP 源内重加权,更新前,仅历史来源路径包含的边,2,0.991111111111111,0.0,0.0,0.0,0.0
GP 表达式自身产生的状态,2500,历史重启阶段最优路径,GP 源内重加权,更新前,仅历史来源路径包含的边,3,0.9971111111111112,0.0,0.0,0.0,0.0
GP 表达式自身产生的状态,2500,历史重启阶段最优路径,GP 源内重加权,更新前,仅历史来源路径包含的边,4,0.9942222222222222,0.0,0.0,0.0,0.0
GP 表达式自身产生的状态,2500,历史重启阶段最优路径,GP 源内重加权,更新前,仅历史来源路径包含的边,5,0.9777777777777779,0.0,0.0,0.0,0.0
GP 表达式自身产生的状态,2500,历史重启阶段最优路径,GP 源内重加权,更新前,仅历史来源路径包含的边,6,1.0,0.0,0.0,0.0,0.0
GP 表达式自身产生的状态,2500,历史重启阶段最优路径,GP 源内重加权,更新前,仅历史来源路径包含的边,7,0.9764444444444444,0.0,0.0,0.0,0.0
GP 表达式自身产生的状态,2500,历史重启阶段最优路径,GP 源内重加权,更新前,仅本轮最优路径包含的边,0,1.0,0.0,0.0,0.0,0.0
GP 表达式自身产生的状态,2500,历史重启阶段最优路径,GP 源内重加权,更新前,仅本轮最优路径包含的边,1,1.0,0.0,0.0,0.0,0.0
GP 表达式自身产生的状态,2500,历史重启阶段最优路径,GP 源内重加权,更新前,仅本轮最优路径包含的边,2,0.991111111111111,0.0,0.0,0.0,0.0
GP 表达式自身产生的状态,2500,历史重启阶段最优路径,GP 源内重加权,更新前,仅本轮最优路径包含的边,3,0.9971111111111112,0.0,0.0,0.0,0.0
GP 表达式自身产生的状态,2500,历史重启阶段最优路径,GP 源内重加权,更新前,仅本轮最优路径包含的边,4,0.9942222222222222,0.0,0.0,0.0,0.0
GP 表达式自身产生的状态,2500,历史重启阶段最优路径,GP 源内重加权,更新前,仅本轮最优路径包含的边,5,0.9777777777777779,0.0,0.0,0.0,0.0
GP 表达式自身产生的状态,2500,历史重启阶段最优路径,GP 源内重加权,更新前,仅本轮最优路径包含的边,6,1.0,0.0,0.0,0.0,0.0
GP 表达式自身产生的状态,2500,历史重启阶段最优路径,GP 源内重加权,更新前,仅本轮最优路径包含的边,7,0.9764444444444444,0.0,0.0,0.0,0.0
GP 表达式自身产生的状态,2500,历史重启阶段最优路径,GP 源内重加权,更新前,其他候选弧,0,1.0,0.0,0.0,0.0,0.0
GP 表达式自身产生的状态,2500,历史重启阶段最优路径,GP 源内重加权,更新前,其他候选弧,1,1.0,0.0,0.0,0.0,0.0
GP 表达式自身产生的状态,2500,历史重启阶段最优路径,GP 源内重加权,更新前,其他候选弧,2,0.991111111111111,0.0,0.0,0.0,0.0
GP 表达式自身产生的状态,2500,历史重启阶段最优路径,GP 源内重加权,更新前,其他候选弧,3,0.9971111111111112,0.0,0.0,0.0,0.0
GP 表达式自身产生的状态,2500,历史重启阶段最优路径,GP 源内重加权,更新前,其他候选弧,4,0.9942222222222222,0.0,0.0,0.0,0.0
GP 表达式自身产生的状态,2500,历史重启阶段最优路径,GP 源内重加权,更新前,其他候选弧,5,0.9777777777777779,0.0,0.0,0.0,0.0
GP 表达式自身产生的状态,2500,历史重启阶段最优路径,GP 源内重加权,更新前,其他候选弧,6,1.0,0.0,0.0,0.0,0.0
GP 表达式自身产生的状态,2500,历史重启阶段最优路径,GP 源内重加权,更新前,其他候选弧,7,0.9764444444444444,0.0,0.0,0.0,0.0
GP 表达式自身产生的状态,2500,历史重启阶段最优路径,GP 源内重加权,沉积后,两条来源路径共有边,0,1.0,-8.931617145848393e-08,1.2518008467185867e-06,-5.4389238357543936e-09,7.559690210554335e-08
GP 表达式自身产生的状态,2500,历史重启阶段最优路径,GP 源内重加权,沉积后,两条来源路径共有边,1,1.0,7.520826863099701e-08,4.315617893550312e-06,4.4686926735772024e-09,2.5667912430233427e-07
GP 表达式自身产生的状态,2500,历史重启阶段最优路径,GP 源内重加权,沉积后,两条来源路径共有边,2,0.991111111111111,-0.0005417443682652404,0.0005427315786953504,-3.417142631248974e-05,3.423141507608702e-05
GP 表达式自身产生的状态,2500,历史重启阶段最优路径,GP 源内重加权,沉积后,两条来源路径共有边,3,0.9971111111111112,-0.00011115623042951045,0.00011509657187230499,-6.805771715750358e-06,7.041951809303688e-06
GP 表达式自身产生的状态,2500,历史重启阶段最优路径,GP 源内重加权,沉积后,两条来源路径共有边,4,0.9942222222222222,-0.0015248239527597045,0.001966858152589894,-9.946915545574545e-05,0.00012698937686344094
GP 表达式自身产生的状态,2500,历史重启阶段最优路径,GP 源内重加权,沉积后,两条来源路径共有边,5,0.9777777777777779,-0.0026290358957928627,0.002646622799870152,-0.00018561293988946884,0.00018671608085512483
GP 表达式自身产生的状态,2500,历史重启阶段最优路径,GP 源内重加权,沉积后,两条来源路径共有边,6,1.0,-2.769907247722169e-07,0.000322949687335997,-1.700553629133437e-08,1.991987062825097e-05
GP 表达式自身产生的状态,2500,历史重启阶段最优路径,GP 源内重加权,沉积后,两条来源路径共有边,7,0.9764444444444444,-0.0021193349607125946,0.003441165836726296,-0.00014265368184727083,0.0002236645218122331
GP 表达式自身产生的状态,2500,历史重启阶段最优路径,GP 源内重加权,沉积后,仅历史来源路径包含的边,0,1.0,0.0,0.0,0.0,0.0
GP 表达式自身产生的状态,2500,历史重启阶段最优路径,GP 源内重加权,沉积后,仅历史来源路径包含的边,1,1.0,0.0,0.0,0.0,0.0
GP 表达式自身产生的状态,2500,历史重启阶段最优路径,GP 源内重加权,沉积后,仅历史来源路径包含的边,2,0.991111111111111,0.006699980618136044,0.006699980618136044,0.01021782470375875,0.01021782470375875
GP 表达式自身产生的状态,2500,历史重启阶段最优路径,GP 源内重加权,沉积后,仅历史来源路径包含的边,3,0.9971111111111112,0.0020413105741004193,0.0020413105741004193,0.00468201569130278,0.00468201569130278
GP 表达式自身产生的状态,2500,历史重启阶段最优路径,GP 源内重加权,沉积后,仅历史来源路径包含的边,4,0.9942222222222222,0.005189996074256229,0.005189996074256229,0.010154965070236211,0.010154965070236211
GP 表达式自身产生的状态,2500,历史重启阶段最优路径,GP 源内重加权,沉积后,仅历史来源路径包含的边,5,0.9777777777777779,0.01827252224737834,0.01827252224737834,0.01038686102256179,0.01038686102256179
GP 表达式自身产生的状态,2500,历史重启阶段最优路径,GP 源内重加权,沉积后,仅历史来源路径包含的边,6,1.0,0.0,0.0,0.0,0.0
GP 表达式自身产生的状态,2500,历史重启阶段最优路径,GP 源内重加权,沉积后,仅历史来源路径包含的边,7,0.9764444444444444,0.018870634682982668,0.018870634682982668,0.014629765523247906,0.014629765523247906
GP 表达式自身产生的状态,2500,历史重启阶段最优路径,GP 源内重加权,沉积后,仅本轮最优路径包含的边,0,1.0,0.0,0.0,0.0,0.0
GP 表达式自身产生的状态,2500,历史重启阶段最优路径,GP 源内重加权,沉积后,仅本轮最优路径包含的边,1,1.0,0.0,0.0,0.0,0.0
GP 表达式自身产生的状态,2500,历史重启阶段最优路径,GP 源内重加权,沉积后,仅本轮最优路径包含的边,2,0.991111111111111,-0.006158307659386065,0.006158307659386065,-0.009288370779861927,0.009288370779861927
GP 表达式自身产生的状态,2500,历史重启阶段最优路径,GP 源内重加权,沉积后,仅本轮最优路径包含的边,3,0.9971111111111112,-0.0019299689076745215,0.0019299689076745215,-0.004426638858440595,0.004426638858440595
GP 表达式自身产生的状态,2500,历史重启阶段最优路径,GP 源内重加权,沉积后,仅本轮最优路径包含的边,4,0.9942222222222222,-0.003664842396711971,0.003664842396711971,-0.009398964696417968,0.009398964696417968
GP 表达式自身产生的状态,2500,历史重启阶段最优路径,GP 源内重加权,沉积后,仅本轮最优路径包含的边,5,0.9777777777777779,-0.015643434550533842,0.015643434550533842,-0.009418528939649048,0.009418528939649048
GP 表达式自身产生的状态,2500,历史重启阶段最优路径,GP 源内重加权,沉积后,仅本轮最优路径包含的边,6,1.0,0.0,0.0,0.0,0.0
GP 表达式自身产生的状态,2500,历史重启阶段最优路径,GP 源内重加权,沉积后,仅本轮最优路径包含的边,7,0.9764444444444444,-0.01675101547566903,0.01675101547566903,-0.015435503583864871,0.015435503583864871
GP 表达式自身产生的状态,2500,历史重启阶段最优路径,GP 源内重加权,沉积后,其他候选弧,0,1.0,0.0,0.0,0.0,0.0
GP 表达式自身产生的状态,2500,历史重启阶段最优路径,GP 源内重加权,沉积后,其他候选弧,1,1.0,0.0,0.0,0.0,0.0
GP 表达式自身产生的状态,2500,历史重启阶段最优路径,GP 源内重加权,沉积后,其他候选弧,2,0.991111111111111,0.0,0.0,0.0,0.0
GP 表达式自身产生的状态,2500,历史重启阶段最优路径,GP 源内重加权,沉积后,其他候选弧,3,0.9971111111111112,0.0,0.0,0.0,0.0
GP 表达式自身产生的状态,2500,历史重启阶段最优路径,GP 源内重加权,沉积后,其他候选弧,4,0.9942222222222222,0.0,0.0,0.0,0.0
GP 表达式自身产生的状态,2500,历史重启阶段最优路径,GP 源内重加权,沉积后,其他候选弧,5,0.9777777777777779,0.0,0.0,0.0,0.0
GP 表达式自身产生的状态,2500,历史重启阶段最优路径,GP 源内重加权,沉积后,其他候选弧,6,1.0,0.0,0.0,0.0,0.0
GP 表达式自身产生的状态,2500,历史重启阶段最优路径,GP 源内重加权,沉积后,其他候选弧,7,0.9764444444444444,0.0,0.0,0.0,0.0
GP 表达式自身产生的状态,2500,历史重启阶段最优路径,GP 源内重加权,蒸发和下界保护后,两条来源路径共有边,0,1.0,0.0,0.0,0.0,0.0
GP 表达式自身产生的状态,2500,历史重启阶段最优路径,GP 源内重加权,蒸发和下界保护后,两条来源路径共有边,1,1.0,0.0,0.0,0.0,0.0
GP 表达式自身产生的状态,2500,历史重启阶段最优路径,GP 源内重加权,蒸发和下界保护后,两条来源路径共有边,2,0.991111111111111,0.0,0.0,0.0,0.0
GP 表达式自身产生的状态,2500,历史重启阶段最优路径,GP 源内重加权,蒸发和下界保护后,两条来源路径共有边,3,0.9971111111111112,0.0,0.0,0.0,0.0
GP 表达式自身产生的状态,2500,历史重启阶段最优路径,GP 源内重加权,蒸发和下界保护后,两条来源路径共有边,4,0.9942222222222222,0.0,0.0,0.0,0.0
GP 表达式自身产生的状态,2500,历史重启阶段最优路径,GP 源内重加权,蒸发和下界保护后,两条来源路径共有边,5,0.9777777777777779,0.0,0.0,0.0,0.0
GP 表达式自身产生的状态,2500,历史重启阶段最优路径,GP 源内重加权,蒸发和下界保护后,两条来源路径共有边,6,1.0,0.0,0.0,0.0,0.0
GP 表达式自身产生的状态,2500,历史重启阶段最优路径,GP 源内重加权,蒸发和下界保护后,两条来源路径共有边,7,0.9764444444444444,0.0,0.0,0.0,0.0
GP 表达式自身产生的状态,2500,历史重启阶段最优路径,GP 源内重加权,蒸发和下界保护后,仅历史来源路径包含的边,0,1.0,0.0,0.0,0.0,0.0
GP 表达式自身产生的状态,2500,历史重启阶段最优路径,GP 源内重加权,蒸发和下界保护后,仅历史来源路径包含的边,1,1.0,0.0,0.0,0.0,0.0
GP 表达式自身产生的状态,2500,历史重启阶段最优路径,GP 源内重加权,蒸发和下界保护后,仅历史来源路径包含的边,2,0.991111111111111,0.0,0.0,0.0,0.0
GP 表达式自身产生的状态,2500,历史重启阶段最优路径,GP 源内重加权,蒸发和下界保护后,仅历史来源路径包含的边,3,0.9971111111111112,0.0,0.0,0.0,0.0
GP 表达式自身产生的状态,2500,历史重启阶段最优路径,GP 源内重加权,蒸发和下界保护后,仅历史来源路径包含的边,4,0.9942222222222222,0.0,0.0,0.0,0.0
GP 表达式自身产生的状态,2500,历史重启阶段最优路径,GP 源内重加权,蒸发和下界保护后,仅历史来源路径包含的边,5,0.9777777777777779,0.0,0.0,0.0,0.0
GP 表达式自身产生的状态,2500,历史重启阶段最优路径,GP 源内重加权,蒸发和下界保护后,仅历史来源路径包含的边,6,1.0,0.0,0.0,0.0,0.0
GP 表达式自身产生的状态,2500,历史重启阶段最优路径,GP 源内重加权,蒸发和下界保护后,仅历史来源路径包含的边,7,0.9764444444444444,0.0,0.0,0.0,0.0
GP 表达式自身产生的状态,2500,历史重启阶段最优路径,GP 源内重加权,蒸发和下界保护后,仅本轮最优路径包含的边,0,1.0,0.0,0.0,0.0,0.0
GP 表达式自身产生的状态,2500,历史重启阶段最优路径,GP 源内重加权,蒸发和下界保护后,仅本轮最优路径包含的边,1,1.0,0.0,0.0,0.0,0.0
GP 表达式自身产生的状态,2500,历史重启阶段最优路径,GP 源内重加权,蒸发和下界保护后,仅本轮最优路径包含的边,2,0.991111111111111,0.0,0.0,0.0,0.0
GP 表达式自身产生的状态,2500,历史重启阶段最优路径,GP 源内重加权,蒸发和下界保护后,仅本轮最优路径包含的边,3,0.9971111111111112,0.0,0.0,0.0,0.0
GP 表达式自身产生的状态,2500,历史重启阶段最优路径,GP 源内重加权,蒸发和下界保护后,仅本轮最优路径包含的边,4,0.9942222222222222,0.0,0.0,0.0,0.0
GP 表达式自身产生的状态,2500,历史重启阶段最优路径,GP 源内重加权,蒸发和下界保护后,仅本轮最优路径包含的边,5,0.9777777777777779,0.0,0.0,0.0,0.0
GP 表达式自身产生的状态,2500,历史重启阶段最优路径,GP 源内重加权,蒸发和下界保护后,仅本轮最优路径包含的边,6,1.0,0.0,0.0,0.0,0.0
GP 表达式自身产生的状态,2500,历史重启阶段最优路径,GP 源内重加权,蒸发和下界保护后,仅本轮最优路径包含的边,7,0.9764444444444444,0.0,0.0,0.0,0.0
GP 表达式自身产生的状态,2500,历史重启阶段最优路径,GP 源内重加权,蒸发和下界保护后,其他候选弧,0,1.0,0.0,0.0,0.0,0.0
GP 表达式自身产生的状态,2500,历史重启阶段最优路径,GP 源内重加权,蒸发和下界保护后,其他候选弧,1,1.0,0.0,0.0,0.0,0.0
GP 表达式自身产生的状态,2500,历史重启阶段最优路径,GP 源内重加权,蒸发和下界保护后,其他候选弧,2,0.991111111111111,0.0,0.0,0.0,0.0
GP 表达式自身产生的状态,2500,历史重启阶段最优路径,GP 源内重加权,蒸发和下界保护后,其他候选弧,3,0.9971111111111112,0.0,0.0,0.0,0.0
GP 表达式自身产生的状态,2500,历史重启阶段最优路径,GP 源内重加权,蒸发和下界保护后,其他候选弧,4,0.9942222222222222,0.0,0.0,0.0,0.0
GP 表达式自身产生的状态,2500,历史重启阶段最优路径,GP 源内重加权,蒸发和下界保护后,其他候选弧,5,0.9777777777777779,0.0,0.0,0.0,0.0
GP 表达式自身产生的状态,2500,历史重启阶段最优路径,GP 源内重加权,蒸发和下界保护后,其他候选弧,6,1.0,0.0,0.0,0.0,0.0
GP 表达式自身产生的状态,2500,历史重启阶段最优路径,GP 源内重加权,蒸发和下界保护后,其他候选弧,7,0.9764444444444444,0.0,0.0,0.0,0.0
GP 表达式自身产生的状态,2500,历史重启阶段最优路径,GP 源内重加权,重启和可选上界处理后,两条来源路径共有边,0,1.0,-4.679567830901179e-08,3.14678161030963e-07,-2.8626786337958427e-09,1.8979112307230632e-08
GP 表达式自身产生的状态,2500,历史重启阶段最优路径,GP 源内重加权,重启和可选上界处理后,两条来源路径共有边,1,1.0,1.917635179245939e-07,4.199062644256715e-06,1.1402699682447644e-08,2.4974511729346377e-07
GP 表达式自身产生的状态,2500,历史重启阶段最优路径,GP 源内重加权,重启和可选上界处理后,两条来源路径共有边,2,0.991111111111111,-0.0005417070676906804,0.0005426942781207904,-3.4169148090511666e-05,3.422913685410894e-05
GP 表达式自身产生的状态,2500,历史重启阶段最优路径,GP 源内重加权,重启和可选上界处理后,两条来源路径共有边,3,0.9971111111111112,-0.00011124397394876752,0.00011130611445949986,-6.811030169967209e-06,6.814752148896517e-06
GP 表达式自身产生的状态,2500,历史重启阶段最优路径,GP 源内重加权,重启和可选上界处理后,两条来源路径共有边,4,0.9942222222222222,-0.001524916254142943,0.001966765851206655,-9.947487750164389e-05,0.0001269836548175425
GP 表达式自身产生的状态,2500,历史重启阶段最优路径,GP 源内重加权,重启和可选上界处理后,两条来源路径共有边,5,0.9777777777777779,-0.0026290358957928627,0.002646622799870152,-0.00018561293988946884,0.00018671608085512483
GP 表达式自身产生的状态,2500,历史重启阶段最优路径,GP 源内重加权,重启和可选上界处理后,两条来源路径共有边,6,1.0,-2.769907247722169e-07,0.000322949687335997,-1.700553629133437e-08,1.991987062825097e-05
GP 表达式自身产生的状态,2500,历史重启阶段最优路径,GP 源内重加权,重启和可选上界处理后,两条来源路径共有边,7,0.9764444444444444,-0.0021193674237112293,0.0034397117785753234,-0.0001426556488005484,0.00022357641952451676
GP 表达式自身产生的状态,2500,历史重启阶段最优路径,GP 源内重加权,重启和可选上界处理后,仅历史来源路径包含的边,0,1.0,0.0,0.0,0.0,0.0
GP 表达式自身产生的状态,2500,历史重启阶段最优路径,GP 源内重加权,重启和可选上界处理后,仅历史来源路径包含的边,1,1.0,0.0,0.0,0.0,0.0
GP 表达式自身产生的状态,2500,历史重启阶段最优路径,GP 源内重加权,重启和可选上界处理后,仅历史来源路径包含的边,2,0.991111111111111,0.006699980618136044,0.006699980618136044,0.01021782470375875,0.01021782470375875
GP 表达式自身产生的状态,2500,历史重启阶段最优路径,GP 源内重加权,重启和可选上界处理后,仅历史来源路径包含的边,3,0.9971111111111112,0.0020413105741004193,0.0020413105741004193,0.00468201569130278,0.00468201569130278
GP 表达式自身产生的状态,2500,历史重启阶段最优路径,GP 源内重加权,重启和可选上界处理后,仅历史来源路径包含的边,4,0.9942222222222222,0.005189996074256229,0.005189996074256229,0.010154965070236211,0.010154965070236211
GP 表达式自身产生的状态,2500,历史重启阶段最优路径,GP 源内重加权,重启和可选上界处理后,仅历史来源路径包含的边,5,0.9777777777777779,0.01827252224737834,0.01827252224737834,0.01038686102256179,0.01038686102256179
GP 表达式自身产生的状态,2500,历史重启阶段最优路径,GP 源内重加权,重启和可选上界处理后,仅历史来源路径包含的边,6,1.0,0.0,0.0,0.0,0.0
GP 表达式自身产生的状态,2500,历史重启阶段最优路径,GP 源内重加权,重启和可选上界处理后,仅历史来源路径包含的边,7,0.9764444444444444,0.018870634682982668,0.018870634682982668,0.014629765523247906,0.014629765523247906
GP 表达式自身产生的状态,2500,历史重启阶段最优路径,GP 源内重加权,重启和可选上界处理后,仅本轮最优路径包含的边,0,1.0,0.0,0.0,0.0,0.0
GP 表达式自身产生的状态,2500,历史重启阶段最优路径,GP 源内重加权,重启和可选上界处理后,仅本轮最优路径包含的边,1,1.0,0.0,0.0,0.0,0.0
GP 表达式自身产生的状态,2500,历史重启阶段最优路径,GP 源内重加权,重启和可选上界处理后,仅本轮最优路径包含的边,2,0.991111111111111,-0.006158307659386065,0.006158307659386065,-0.009288370779861927,0.009288370779861927
GP 表达式自身产生的状态,2500,历史重启阶段最优路径,GP 源内重加权,重启和可选上界处理后,仅本轮最优路径包含的边,3,0.9971111111111112,-0.0019299689076745215,0.0019299689076745215,-0.004426638858440595,0.004426638858440595
GP 表达式自身产生的状态,2500,历史重启阶段最优路径,GP 源内重加权,重启和可选上界处理后,仅本轮最优路径包含的边,4,0.9942222222222222,-0.003664842396711971,0.003664842396711971,-0.009398964696417968,0.009398964696417968
GP 表达式自身产生的状态,2500,历史重启阶段最优路径,GP 源内重加权,重启和可选上界处理后,仅本轮最优路径包含的边,5,0.9777777777777779,-0.015643434550533842,0.015643434550533842,-0.009418528939649048,0.009418528939649048
GP 表达式自身产生的状态,2500,历史重启阶段最优路径,GP 源内重加权,重启和可选上界处理后,仅本轮最优路径包含的边,6,1.0,0.0,0.0,0.0,0.0
GP 表达式自身产生的状态,2500,历史重启阶段最优路径,GP 源内重加权,重启和可选上界处理后,仅本轮最优路径包含的边,7,0.9764444444444444,-0.01675101547566903,0.01675101547566903,-0.015435503583864871,0.015435503583864871
GP 表达式自身产生的状态,2500,历史重启阶段最优路径,GP 源内重加权,重启和可选上界处理后,其他候选弧,0,1.0,0.0,0.0,0.0,0.0
GP 表达式自身产生的状态,2500,历史重启阶段最优路径,GP 源内重加权,重启和可选上界处理后,其他候选弧,1,1.0,0.0,0.0,0.0,0.0
GP 表达式自身产生的状态,2500,历史重启阶段最优路径,GP 源内重加权,重启和可选上界处理后,其他候选弧,2,0.991111111111111,0.0,0.0,0.0,0.0
GP 表达式自身产生的状态,2500,历史重启阶段最优路径,GP 源内重加权,重启和可选上界处理后,其他候选弧,3,0.9971111111111112,0.0,0.0,0.0,0.0
GP 表达式自身产生的状态,2500,历史重启阶段最优路径,GP 源内重加权,重启和可选上界处理后,其他候选弧,4,0.9942222222222222,0.0,0.0,0.0,0.0
GP 表达式自身产生的状态,2500,历史重启阶段最优路径,GP 源内重加权,重启和可选上界处理后,其他候选弧,5,0.9777777777777779,0.0,0.0,0.0,0.0
GP 表达式自身产生的状态,2500,历史重启阶段最优路径,GP 源内重加权,重启和可选上界处理后,其他候选弧,6,1.0,0.0,0.0,0.0,0.0
GP 表达式自身产生的状态,2500,历史重启阶段最优路径,GP 源内重加权,重启和可选上界处理后,其他候选弧,7,0.9764444444444444,0.0,0.0,0.0,0.0
GP 表达式自身产生的状态,2500,历史重启阶段最优路径,来源内均匀沉积,更新前,两条来源路径共有边,0,1.0,0.0,0.0,0.0,0.0
GP 表达式自身产生的状态,2500,历史重启阶段最优路径,来源内均匀沉积,更新前,两条来源路径共有边,1,1.0,0.0,0.0,0.0,0.0
GP 表达式自身产生的状态,2500,历史重启阶段最优路径,来源内均匀沉积,更新前,两条来源路径共有边,2,0.991111111111111,0.0,0.0,0.0,0.0
GP 表达式自身产生的状态,2500,历史重启阶段最优路径,来源内均匀沉积,更新前,两条来源路径共有边,3,0.9971111111111112,0.0,0.0,0.0,0.0
GP 表达式自身产生的状态,2500,历史重启阶段最优路径,来源内均匀沉积,更新前,两条来源路径共有边,4,0.9942222222222222,0.0,0.0,0.0,0.0
GP 表达式自身产生的状态,2500,历史重启阶段最优路径,来源内均匀沉积,更新前,两条来源路径共有边,5,0.9777777777777779,0.0,0.0,0.0,0.0
GP 表达式自身产生的状态,2500,历史重启阶段最优路径,来源内均匀沉积,更新前,两条来源路径共有边,6,1.0,0.0,0.0,0.0,0.0
GP 表达式自身产生的状态,2500,历史重启阶段最优路径,来源内均匀沉积,更新前,两条来源路径共有边,7,0.9764444444444444,0.0,0.0,0.0,0.0
GP 表达式自身产生的状态,2500,历史重启阶段最优路径,来源内均匀沉积,更新前,仅历史来源路径包含的边,0,1.0,0.0,0.0,0.0,0.0
GP 表达式自身产生的状态,2500,历史重启阶段最优路径,来源内均匀沉积,更新前,仅历史来源路径包含的边,1,1.0,0.0,0.0,0.0,0.0
GP 表达式自身产生的状态,2500,历史重启阶段最优路径,来源内均匀沉积,更新前,仅历史来源路径包含的边,2,0.991111111111111,0.0,0.0,0.0,0.0
GP 表达式自身产生的状态,2500,历史重启阶段最优路径,来源内均匀沉积,更新前,仅历史来源路径包含的边,3,0.9971111111111112,0.0,0.0,0.0,0.0
GP 表达式自身产生的状态,2500,历史重启阶段最优路径,来源内均匀沉积,更新前,仅历史来源路径包含的边,4,0.9942222222222222,0.0,0.0,0.0,0.0
GP 表达式自身产生的状态,2500,历史重启阶段最优路径,来源内均匀沉积,更新前,仅历史来源路径包含的边,5,0.9777777777777779,0.0,0.0,0.0,0.0
GP 表达式自身产生的状态,2500,历史重启阶段最优路径,来源内均匀沉积,更新前,仅历史来源路径包含的边,6,1.0,0.0,0.0,0.0,0.0
GP 表达式自身产生的状态,2500,历史重启阶段最优路径,来源内均匀沉积,更新前,仅历史来源路径包含的边,7,0.9764444444444444,0.0,0.0,0.0,0.0
GP 表达式自身产生的状态,2500,历史重启阶段最优路径,来源内均匀沉积,更新前,仅本轮最优路径包含的边,0,1.0,0.0,0.0,0.0,0.0
GP 表达式自身产生的状态,2500,历史重启阶段最优路径,来源内均匀沉积,更新前,仅本轮最优路径包含的边,1,1.0,0.0,0.0,0.0,0.0
GP 表达式自身产生的状态,2500,历史重启阶段最优路径,来源内均匀沉积,更新前,仅本轮最优路径包含的边,2,0.991111111111111,0.0,0.0,0.0,0.0
GP 表达式自身产生的状态,2500,历史重启阶段最优路径,来源内均匀沉积,更新前,仅本轮最优路径包含的边,3,0.9971111111111112,0.0,0.0,0.0,0.0
GP 表达式自身产生的状态,2500,历史重启阶段最优路径,来源内均匀沉积,更新前,仅本轮最优路径包含的边,4,0.9942222222222222,0.0,0.0,0.0,0.0
GP 表达式自身产生的状态,2500,历史重启阶段最优路径,来源内均匀沉积,更新前,仅本轮最优路径包含的边,5,0.9777777777777779,0.0,0.0,0.0,0.0
GP 表达式自身产生的状态,2500,历史重启阶段最优路径,来源内均匀沉积,更新前,仅本轮最优路径包含的边,6,1.0,0.0,0.0,0.0,0.0
GP 表达式自身产生的状态,2500,历史重启阶段最优路径,来源内均匀沉积,更新前,仅本轮最优路径包含的边,7,0.9764444444444444,0.0,0.0,0.0,0.0
GP 表达式自身产生的状态,2500,历史重启阶段最优路径,来源内均匀沉积,更新前,其他候选弧,0,1.0,0.0,0.0,0.0,0.0
GP 表达式自身产生的状态,2500,历史重启阶段最优路径,来源内均匀沉积,更新前,其他候选弧,1,1.0,0.0,0.0,0.0,0.0
GP 表达式自身产生的状态,2500,历史重启阶段最优路径,来源内均匀沉积,更新前,其他候选弧,2,0.991111111111111,0.0,0.0,0.0,0.0
GP 表达式自身产生的状态,2500,历史重启阶段最优路径,来源内均匀沉积,更新前,其他候选弧,3,0.9971111111111112,0.0,0.0,0.0,0.0
GP 表达式自身产生的状态,2500,历史重启阶段最优路径,来源内均匀沉积,更新前,其他候选弧,4,0.9942222222222222,0.0,0.0,0.0,0.0
GP 表达式自身产生的状态,2500,历史重启阶段最优路径,来源内均匀沉积,更新前,其他候选弧,5,0.9777777777777779,0.0,0.0,0.0,0.0
GP 表达式自身产生的状态,2500,历史重启阶段最优路径,来源内均匀沉积,更新前,其他候选弧,6,1.0,0.0,0.0,0.0,0.0
GP 表达式自身产生的状态,2500,历史重启阶段最优路径,来源内均匀沉积,更新前,其他候选弧,7,0.9764444444444444,0.0,0.0,0.0,0.0
GP 表达式自身产生的状态,2500,历史重启阶段最优路径,来源内均匀沉积,沉积后,两条来源路径共有边,0,1.0,-9.21758582220265e-09,9.21758582220265e-09,-5.563100179036459e-10,5.563100179036459e-10
GP 表达式自身产生的状态,2500,历史重启阶段最优路径,来源内均匀沉积,沉积后,两条来源路径共有边,1,1.0,-1.2031662716110318e-08,1.2031662716110318e-08,-7.152557373046875e-10,7.152557373046875e-10
GP 表达式自身产生的状态,2500,历史重启阶段最优路径,来源内均匀沉积,沉积后,两条来源路径共有边,2,0.991111111111111,1.0937095447776483e-10,1.0937095447776483e-10,7.000780452829531e-12,7.000780452829531e-12
GP 表达式自身产生的状态,2500,历史重启阶段最优路径,来源内均匀沉积,沉积后,两条来源路径共有边,3,0.9971111111111112,8.884448086357404e-09,8.884448086357404e-09,5.43962078716775e-10,5.43962078716775e-10
GP 表达式自身产生的状态,2500,历史重启阶段最优路径,来源内均匀沉积,沉积后,两条来源路径共有边,4,0.9942222222222222,0.0,0.0,0.0,0.0
GP 表达式自身产生的状态,2500,历史重启阶段最优路径,来源内均匀沉积,沉积后,两条来源路径共有边,5,0.9777777777777779,0.0,0.0,0.0,0.0
GP 表达式自身产生的状态,2500,历史重启阶段最优路径,来源内均匀沉积,沉积后,两条来源路径共有边,6,1.0,0.0,0.0,0.0,0.0
GP 表达式自身产生的状态,2500,历史重启阶段最优路径,来源内均匀沉积,沉积后,两条来源路径共有边,7,0.9764444444444444,-1.0246705569973664e-08,1.0246705569973664e-08,-6.291338028497067e-10,6.291338028497067e-10
GP 表达式自身产生的状态,2500,历史重启阶段最优路径,来源内均匀沉积,沉积后,仅历史来源路径包含的边,0,1.0,0.0,0.0,0.0,0.0
GP 表达式自身产生的状态,2500,历史重启阶段最优路径,来源内均匀沉积,沉积后,仅历史来源路径包含的边,1,1.0,0.0,0.0,0.0,0.0
GP 表达式自身产生的状态,2500,历史重启阶段最优路径,来源内均匀沉积,沉积后,仅历史来源路径包含的边,2,0.991111111111111,0.008888888858729509,0.008888888858729509,0.013450815938778714,0.013450815938778714
GP 表达式自身产生的状态,2500,历史重启阶段最优路径,来源内均匀沉积,沉积后,仅历史来源路径包含的边,3,0.9971111111111112,0.0028888888650119345,0.0028888888650119345,0.006626048563127844,0.006626048563127844
GP 表达式自身产生的状态,2500,历史重启阶段最优路径,来源内均匀沉积,沉积后,仅历史来源路径包含的边,4,0.9942222222222222,0.005777777836493972,0.005777777836493972,0.01375149055901501,0.01375149055901501
GP 表达式自身产生的状态,2500,历史重启阶段最优路径,来源内均匀沉积,沉积后,仅历史来源路径包含的边,5,0.9777777777777779,0.022222222020824717,0.022222222020824717,0.013310872028685278,0.013310872028685278
GP 表达式自身产生的状态,2500,历史重启阶段最优路径,来源内均匀沉积,沉积后,仅历史来源路径包含的边,6,1.0,0.0,0.0,0.0,0.0
GP 表达式自身产生的状态,2500,历史重启阶段最优路径,来源内均匀沉积,沉积后,仅历史来源路径包含的边,7,0.9764444444444444,0.02355555503287516,0.02355555503287516,0.0198572503688292,0.0198572503688292
GP 表达式自身产生的状态,2500,历史重启阶段最优路径,来源内均匀沉积,沉积后,仅本轮最优路径包含的边,0,1.0,0.0,0.0,0.0,0.0
GP 表达式自身产生的状态,2500,历史重启阶段最优路径,来源内均匀沉积,沉积后,仅本轮最优路径包含的边,1,1.0,0.0,0.0,0.0,0.0
GP 表达式自身产生的状态,2500,历史重启阶段最优路径,来源内均匀沉积,沉积后,仅本轮最优路径包含的边,2,0.991111111111111,-0.008888888433137735,0.008888888433137735,-0.013450815516188147,0.013450815516188147
GP 表达式自身产生的状态,2500,历史重启阶段最优路径,来源内均匀沉积,沉积后,仅本轮最优路径包含的边,3,0.9971111111111112,-0.002888888580431957,0.002888888580431957,-0.006626047910406039,0.006626047910406039
GP 表达式自身产生的状态,2500,历史重启阶段最优路径,来源内均匀沉积,沉积后,仅本轮最优路径包含的边,4,0.9942222222222222,-0.005777777877748274,0.005777777877748274,-0.013751490532556983,0.013751490532556983
GP 表达式自身产生的状态,2500,历史重启阶段最优路径,来源内均匀沉积,沉积后,仅本轮最优路径包含的边,5,0.9777777777777779,-0.02222222247074819,0.02222222247074819,-0.013310872653447504,0.013310872653447504
GP 表达式自身产生的状态,2500,历史重启阶段最优路径,来源内均匀沉积,沉积后,仅本轮最优路径包含的边,6,1.0,0.0,0.0,0.0,0.0
GP 表达式自身产生的状态,2500,历史重启阶段最优路径,来源内均匀沉积,沉积后,仅本轮最优路径包含的边,7,0.9764444444444444,-0.02355555574191947,0.02355555574191947,-0.019857251062225176,0.019857251062225176
GP 表达式自身产生的状态,2500,历史重启阶段最优路径,来源内均匀沉积,沉积后,其他候选弧,0,1.0,0.0,0.0,0.0,0.0
GP 表达式自身产生的状态,2500,历史重启阶段最优路径,来源内均匀沉积,沉积后,其他候选弧,1,1.0,0.0,0.0,0.0,0.0
GP 表达式自身产生的状态,2500,历史重启阶段最优路径,来源内均匀沉积,沉积后,其他候选弧,2,0.991111111111111,0.0,0.0,0.0,0.0
GP 表达式自身产生的状态,2500,历史重启阶段最优路径,来源内均匀沉积,沉积后,其他候选弧,3,0.9971111111111112,0.0,0.0,0.0,0.0
GP 表达式自身产生的状态,2500,历史重启阶段最优路径,来源内均匀沉积,沉积后,其他候选弧,4,0.9942222222222222,0.0,0.0,0.0,0.0
GP 表达式自身产生的状态,2500,历史重启阶段最优路径,来源内均匀沉积,沉积后,其他候选弧,5,0.9777777777777779,0.0,0.0,0.0,0.0
GP 表达式自身产生的状态,2500,历史重启阶段最优路径,来源内均匀沉积,沉积后,其他候选弧,6,1.0,0.0,0.0,0.0,0.0
GP 表达式自身产生的状态,2500,历史重启阶段最优路径,来源内均匀沉积,沉积后,其他候选弧,7,0.9764444444444444,0.0,0.0,0.0,0.0
GP 表达式自身产生的状态,2500,历史重启阶段最优路径,来源内均匀沉积,蒸发和下界保护后,两条来源路径共有边,0,1.0,0.0,0.0,0.0,0.0
GP 表达式自身产生的状态,2500,历史重启阶段最优路径,来源内均匀沉积,蒸发和下界保护后,两条来源路径共有边,1,1.0,0.0,0.0,0.0,0.0
GP 表达式自身产生的状态,2500,历史重启阶段最优路径,来源内均匀沉积,蒸发和下界保护后,两条来源路径共有边,2,0.991111111111111,0.0,0.0,0.0,0.0
GP 表达式自身产生的状态,2500,历史重启阶段最优路径,来源内均匀沉积,蒸发和下界保护后,两条来源路径共有边,3,0.9971111111111112,0.0,0.0,0.0,0.0
GP 表达式自身产生的状态,2500,历史重启阶段最优路径,来源内均匀沉积,蒸发和下界保护后,两条来源路径共有边,4,0.9942222222222222,0.0,0.0,0.0,0.0
GP 表达式自身产生的状态,2500,历史重启阶段最优路径,来源内均匀沉积,蒸发和下界保护后,两条来源路径共有边,5,0.9777777777777779,0.0,0.0,0.0,0.0
GP 表达式自身产生的状态,2500,历史重启阶段最优路径,来源内均匀沉积,蒸发和下界保护后,两条来源路径共有边,6,1.0,0.0,0.0,0.0,0.0
GP 表达式自身产生的状态,2500,历史重启阶段最优路径,来源内均匀沉积,蒸发和下界保护后,两条来源路径共有边,7,0.9764444444444444,0.0,0.0,0.0,0.0
GP 表达式自身产生的状态,2500,历史重启阶段最优路径,来源内均匀沉积,蒸发和下界保护后,仅历史来源路径包含的边,0,1.0,0.0,0.0,0.0,0.0
GP 表达式自身产生的状态,2500,历史重启阶段最优路径,来源内均匀沉积,蒸发和下界保护后,仅历史来源路径包含的边,1,1.0,0.0,0.0,0.0,0.0
GP 表达式自身产生的状态,2500,历史重启阶段最优路径,来源内均匀沉积,蒸发和下界保护后,仅历史来源路径包含的边,2,0.991111111111111,0.0,0.0,0.0,0.0
GP 表达式自身产生的状态,2500,历史重启阶段最优路径,来源内均匀沉积,蒸发和下界保护后,仅历史来源路径包含的边,3,0.9971111111111112,0.0,0.0,0.0,0.0
GP 表达式自身产生的状态,2500,历史重启阶段最优路径,来源内均匀沉积,蒸发和下界保护后,仅历史来源路径包含的边,4,0.9942222222222222,0.0,0.0,0.0,0.0
GP 表达式自身产生的状态,2500,历史重启阶段最优路径,来源内均匀沉积,蒸发和下界保护后,仅历史来源路径包含的边,5,0.9777777777777779,0.0,0.0,0.0,0.0
GP 表达式自身产生的状态,2500,历史重启阶段最优路径,来源内均匀沉积,蒸发和下界保护后,仅历史来源路径包含的边,6,1.0,0.0,0.0,0.0,0.0
GP 表达式自身产生的状态,2500,历史重启阶段最优路径,来源内均匀沉积,蒸发和下界保护后,仅历史来源路径包含的边,7,0.9764444444444444,0.0,0.0,0.0,0.0
GP 表达式自身产生的状态,2500,历史重启阶段最优路径,来源内均匀沉积,蒸发和下界保护后,仅本轮最优路径包含的边,0,1.0,0.0,0.0,0.0,0.0
GP 表达式自身产生的状态,2500,历史重启阶段最优路径,来源内均匀沉积,蒸发和下界保护后,仅本轮最优路径包含的边,1,1.0,0.0,0.0,0.0,0.0
GP 表达式自身产生的状态,2500,历史重启阶段最优路径,来源内均匀沉积,蒸发和下界保护后,仅本轮最优路径包含的边,2,0.991111111111111,0.0,0.0,0.0,0.0
GP 表达式自身产生的状态,2500,历史重启阶段最优路径,来源内均匀沉积,蒸发和下界保护后,仅本轮最优路径包含的边,3,0.9971111111111112,0.0,0.0,0.0,0.0
GP 表达式自身产生的状态,2500,历史重启阶段最优路径,来源内均匀沉积,蒸发和下界保护后,仅本轮最优路径包含的边,4,0.9942222222222222,0.0,0.0,0.0,0.0
GP 表达式自身产生的状态,2500,历史重启阶段最优路径,来源内均匀沉积,蒸发和下界保护后,仅本轮最优路径包含的边,5,0.9777777777777779,0.0,0.0,0.0,0.0
GP 表达式自身产生的状态,2500,历史重启阶段最优路径,来源内均匀沉积,蒸发和下界保护后,仅本轮最优路径包含的边,6,1.0,0.0,0.0,0.0,0.0
GP 表达式自身产生的状态,2500,历史重启阶段最优路径,来源内均匀沉积,蒸发和下界保护后,仅本轮最优路径包含的边,7,0.9764444444444444,0.0,0.0,0.0,0.0
GP 表达式自身产生的状态,2500,历史重启阶段最优路径,来源内均匀沉积,蒸发和下界保护后,其他候选弧,0,1.0,0.0,0.0,0.0,0.0
GP 表达式自身产生的状态,2500,历史重启阶段最优路径,来源内均匀沉积,蒸发和下界保护后,其他候选弧,1,1.0,0.0,0.0,0.0,0.0
GP 表达式自身产生的状态,2500,历史重启阶段最优路径,来源内均匀沉积,蒸发和下界保护后,其他候选弧,2,0.991111111111111,0.0,0.0,0.0,0.0
GP 表达式自身产生的状态,2500,历史重启阶段最优路径,来源内均匀沉积,蒸发和下界保护后,其他候选弧,3,0.9971111111111112,0.0,0.0,0.0,0.0
GP 表达式自身产生的状态,2500,历史重启阶段最优路径,来源内均匀沉积,蒸发和下界保护后,其他候选弧,4,0.9942222222222222,0.0,0.0,0.0,0.0
GP 表达式自身产生的状态,2500,历史重启阶段最优路径,来源内均匀沉积,蒸发和下界保护后,其他候选弧,5,0.9777777777777779,0.0,0.0,0.0,0.0
GP 表达式自身产生的状态,2500,历史重启阶段最优路径,来源内均匀沉积,蒸发和下界保护后,其他候选弧,6,1.0,0.0,0.0,0.0,0.0
GP 表达式自身产生的状态,2500,历史重启阶段最优路径,来源内均匀沉积,蒸发和下界保护后,其他候选弧,7,0.9764444444444444,0.0,0.0,0.0,0.0
GP 表达式自身产生的状态,2500,历史重启阶段最优路径,来源内均匀沉积,重启和可选上界处理后,两条来源路径共有边,0,1.0,-9.21758582220265e-09,9.21758582220265e-09,-5.563100179036459e-10,5.563100179036459e-10
GP 表达式自身产生的状态,2500,历史重启阶段最优路径,来源内均匀沉积,重启和可选上界处理后,两条来源路径共有边,1,1.0,-1.2031662716110318e-08,1.2031662716110318e-08,-7.152557373046875e-10,7.152557373046875e-10
GP 表达式自身产生的状态,2500,历史重启阶段最优路径,来源内均匀沉积,重启和可选上界处理后,两条来源路径共有边,2,0.991111111111111,1.0937095447776483e-10,1.0937095447776483e-10,7.000780452829531e-12,7.000780452829531e-12
GP 表达式自身产生的状态,2500,历史重启阶段最优路径,来源内均匀沉积,重启和可选上界处理后,两条来源路径共有边,3,0.9971111111111112,8.884448086357404e-09,8.884448086357404e-09,5.43962078716775e-10,5.43962078716775e-10
GP 表达式自身产生的状态,2500,历史重启阶段最优路径,来源内均匀沉积,重启和可选上界处理后,两条来源路径共有边,4,0.9942222222222222,0.0,0.0,0.0,0.0
GP 表达式自身产生的状态,2500,历史重启阶段最优路径,来源内均匀沉积,重启和可选上界处理后,两条来源路径共有边,5,0.9777777777777779,0.0,0.0,0.0,0.0
GP 表达式自身产生的状态,2500,历史重启阶段最优路径,来源内均匀沉积,重启和可选上界处理后,两条来源路径共有边,6,1.0,0.0,0.0,0.0,0.0
GP 表达式自身产生的状态,2500,历史重启阶段最优路径,来源内均匀沉积,重启和可选上界处理后,两条来源路径共有边,7,0.9764444444444444,-1.0246705569973664e-08,1.0246705569973664e-08,-6.291338028497067e-10,6.291338028497067e-10
GP 表达式自身产生的状态,2500,历史重启阶段最优路径,来源内均匀沉积,重启和可选上界处理后,仅历史来源路径包含的边,0,1.0,0.0,0.0,0.0,0.0
GP 表达式自身产生的状态,2500,历史重启阶段最优路径,来源内均匀沉积,重启和可选上界处理后,仅历史来源路径包含的边,1,1.0,0.0,0.0,0.0,0.0
GP 表达式自身产生的状态,2500,历史重启阶段最优路径,来源内均匀沉积,重启和可选上界处理后,仅历史来源路径包含的边,2,0.991111111111111,0.008888888858729509,0.008888888858729509,0.013450815938778714,0.013450815938778714
GP 表达式自身产生的状态,2500,历史重启阶段最优路径,来源内均匀沉积,重启和可选上界处理后,仅历史来源路径包含的边,3,0.9971111111111112,0.0028888888650119345,0.0028888888650119345,0.006626048563127844,0.006626048563127844
GP 表达式自身产生的状态,2500,历史重启阶段最优路径,来源内均匀沉积,重启和可选上界处理后,仅历史来源路径包含的边,4,0.9942222222222222,0.005777777836493972,0.005777777836493972,0.01375149055901501,0.01375149055901501
GP 表达式自身产生的状态,2500,历史重启阶段最优路径,来源内均匀沉积,重启和可选上界处理后,仅历史来源路径包含的边,5,0.9777777777777779,0.022222222020824717,0.022222222020824717,0.013310872028685278,0.013310872028685278
GP 表达式自身产生的状态,2500,历史重启阶段最优路径,来源内均匀沉积,重启和可选上界处理后,仅历史来源路径包含的边,6,1.0,0.0,0.0,0.0,0.0
GP 表达式自身产生的状态,2500,历史重启阶段最优路径,来源内均匀沉积,重启和可选上界处理后,仅历史来源路径包含的边,7,0.9764444444444444,0.02355555503287516,0.02355555503287516,0.0198572503688292,0.0198572503688292
GP 表达式自身产生的状态,2500,历史重启阶段最优路径,来源内均匀沉积,重启和可选上界处理后,仅本轮最优路径包含的边,0,1.0,0.0,0.0,0.0,0.0
GP 表达式自身产生的状态,2500,历史重启阶段最优路径,来源内均匀沉积,重启和可选上界处理后,仅本轮最优路径包含的边,1,1.0,0.0,0.0,0.0,0.0
GP 表达式自身产生的状态,2500,历史重启阶段最优路径,来源内均匀沉积,重启和可选上界处理后,仅本轮最优路径包含的边,2,0.991111111111111,-0.008888888433137735,0.008888888433137735,-0.013450815516188147,0.013450815516188147
GP 表达式自身产生的状态,2500,历史重启阶段最优路径,来源内均匀沉积,重启和可选上界处理后,仅本轮最优路径包含的边,3,0.9971111111111112,-0.002888888580431957,0.002888888580431957,-0.006626047910406039,0.006626047910406039
GP 表达式自身产生的状态,2500,历史重启阶段最优路径,来源内均匀沉积,重启和可选上界处理后,仅本轮最优路径包含的边,4,0.9942222222222222,-0.005777777877748274,0.005777777877748274,-0.013751490532556983,0.013751490532556983
GP 表达式自身产生的状态,2500,历史重启阶段最优路径,来源内均匀沉积,重启和可选上界处理后,仅本轮最优路径包含的边,5,0.9777777777777779,-0.02222222247074819,0.02222222247074819,-0.013310872653447504,0.013310872653447504
GP 表达式自身产生的状态,2500,历史重启阶段最优路径,来源内均匀沉积,重启和可选上界处理后,仅本轮最优路径包含的边,6,1.0,0.0,0.0,0.0,0.0
GP 表达式自身产生的状态,2500,历史重启阶段最优路径,来源内均匀沉积,重启和可选上界处理后,仅本轮最优路径包含的边,7,0.9764444444444444,-0.02355555574191947,0.02355555574191947,-0.019857251062225176,0.019857251062225176
GP 表达式自身产生的状态,2500,历史重启阶段最优路径,来源内均匀沉积,重启和可选上界处理后,其他候选弧,0,1.0,0.0,0.0,0.0,0.0
GP 表达式自身产生的状态,2500,历史重启阶段最优路径,来源内均匀沉积,重启和可选上界处理后,其他候选弧,1,1.0,0.0,0.0,0.0,0.0
GP 表达式自身产生的状态,2500,历史重启阶段最优路径,来源内均匀沉积,重启和可选上界处理后,其他候选弧,2,0.991111111111111,0.0,0.0,0.0,0.0
GP 表达式自身产生的状态,2500,历史重启阶段最优路径,来源内均匀沉积,重启和可选上界处理后,其他候选弧,3,0.9971111111111112,0.0,0.0,0.0,0.0
GP 表达式自身产生的状态,2500,历史重启阶段最优路径,来源内均匀沉积,重启和可选上界处理后,其他候选弧,4,0.9942222222222222,0.0,0.0,0.0,0.0
GP 表达式自身产生的状态,2500,历史重启阶段最优路径,来源内均匀沉积,重启和可选上界处理后,其他候选弧,5,0.9777777777777779,0.0,0.0,0.0,0.0
GP 表达式自身产生的状态,2500,历史重启阶段最优路径,来源内均匀沉积,重启和可选上界处理后,其他候选弧,6,1.0,0.0,0.0,0.0,0.0
GP 表达式自身产生的状态,2500,历史重启阶段最优路径,来源内均匀沉积,重启和可选上界处理后,其他候选弧,7,0.9764444444444444,0.0,0.0,0.0,0.0
不使用 GP 产生的状态,1,历史全局最优路径,GP 源内重加权,更新前,两条来源路径共有边,0,1.0,0.0,0.0,0.0,0.0
不使用 GP 产生的状态,1,历史全局最优路径,GP 源内重加权,更新前,两条来源路径共有边,1,1.0,0.0,0.0,0.0,0.0
不使用 GP 产生的状态,1,历史全局最优路径,GP 源内重加权,更新前,两条来源路径共有边,2,1.0,0.0,0.0,0.0,0.0
不使用 GP 产生的状态,1,历史全局最优路径,GP 源内重加权,更新前,两条来源路径共有边,3,1.0,0.0,0.0,0.0,0.0
不使用 GP 产生的状态,1,历史全局最优路径,GP 源内重加权,更新前,两条来源路径共有边,4,1.0,0.0,0.0,0.0,0.0
不使用 GP 产生的状态,1,历史全局最优路径,GP 源内重加权,更新前,两条来源路径共有边,5,1.0,0.0,0.0,0.0,0.0
不使用 GP 产生的状态,1,历史全局最优路径,GP 源内重加权,更新前,两条来源路径共有边,6,1.0,0.0,0.0,0.0,0.0
不使用 GP 产生的状态,1,历史全局最优路径,GP 源内重加权,更新前,两条来源路径共有边,7,1.0,0.0,0.0,0.0,0.0
不使用 GP 产生的状态,1,历史全局最优路径,GP 源内重加权,更新前,仅历史来源路径包含的边,0,1.0,0.0,0.0,0.0,0.0
不使用 GP 产生的状态,1,历史全局最优路径,GP 源内重加权,更新前,仅历史来源路径包含的边,1,1.0,0.0,0.0,0.0,0.0
不使用 GP 产生的状态,1,历史全局最优路径,GP 源内重加权,更新前,仅历史来源路径包含的边,2,1.0,0.0,0.0,0.0,0.0
不使用 GP 产生的状态,1,历史全局最优路径,GP 源内重加权,更新前,仅历史来源路径包含的边,3,1.0,0.0,0.0,0.0,0.0
不使用 GP 产生的状态,1,历史全局最优路径,GP 源内重加权,更新前,仅历史来源路径包含的边,4,1.0,0.0,0.0,0.0,0.0
不使用 GP 产生的状态,1,历史全局最优路径,GP 源内重加权,更新前,仅历史来源路径包含的边,5,1.0,0.0,0.0,0.0,0.0
不使用 GP 产生的状态,1,历史全局最优路径,GP 源内重加权,更新前,仅历史来源路径包含的边,6,1.0,0.0,0.0,0.0,0.0
不使用 GP 产生的状态,1,历史全局最优路径,GP 源内重加权,更新前,仅历史来源路径包含的边,7,1.0,0.0,0.0,0.0,0.0
不使用 GP 产生的状态,1,历史全局最优路径,GP 源内重加权,更新前,仅本轮最优路径包含的边,0,1.0,0.0,0.0,0.0,0.0
不使用 GP 产生的状态,1,历史全局最优路径,GP 源内重加权,更新前,仅本轮最优路径包含的边,1,1.0,0.0,0.0,0.0,0.0
不使用 GP 产生的状态,1,历史全局最优路径,GP 源内重加权,更新前,仅本轮最优路径包含的边,2,1.0,0.0,0.0,0.0,0.0
不使用 GP 产生的状态,1,历史全局最优路径,GP 源内重加权,更新前,仅本轮最优路径包含的边,3,1.0,0.0,0.0,0.0,0.0
不使用 GP 产生的状态,1,历史全局最优路径,GP 源内重加权,更新前,仅本轮最优路径包含的边,4,1.0,0.0,0.0,0.0,0.0
不使用 GP 产生的状态,1,历史全局最优路径,GP 源内重加权,更新前,仅本轮最优路径包含的边,5,1.0,0.0,0.0,0.0,0.0
不使用 GP 产生的状态,1,历史全局最优路径,GP 源内重加权,更新前,仅本轮最优路径包含的边,6,1.0,0.0,0.0,0.0,0.0
不使用 GP 产生的状态,1,历史全局最优路径,GP 源内重加权,更新前,仅本轮最优路径包含的边,7,1.0,0.0,0.0,0.0,0.0
不使用 GP 产生的状态,1,历史全局最优路径,GP 源内重加权,更新前,其他候选弧,0,1.0,0.0,0.0,0.0,0.0
不使用 GP 产生的状态,1,历史全局最优路径,GP 源内重加权,更新前,其他候选弧,1,1.0,0.0,0.0,0.0,0.0
不使用 GP 产生的状态,1,历史全局最优路径,GP 源内重加权,更新前,其他候选弧,2,1.0,0.0,0.0,0.0,0.0
不使用 GP 产生的状态,1,历史全局最优路径,GP 源内重加权,更新前,其他候选弧,3,1.0,0.0,0.0,0.0,0.0
不使用 GP 产生的状态,1,历史全局最优路径,GP 源内重加权,更新前,其他候选弧,4,1.0,0.0,0.0,0.0,0.0
不使用 GP 产生的状态,1,历史全局最优路径,GP 源内重加权,更新前,其他候选弧,5,1.0,0.0,0.0,0.0,0.0
不使用 GP 产生的状态,1,历史全局最优路径,GP 源内重加权,更新前,其他候选弧,6,1.0,0.0,0.0,0.0,0.0
不使用 GP 产生的状态,1,历史全局最优路径,GP 源内重加权,更新前,其他候选弧,7,1.0,0.0,0.0,0.0,0.0
不使用 GP 产生的状态,1,历史全局最优路径,GP 源内重加权,沉积后,两条来源路径共有边,0,1.0,0.0,0.0,0.0,0.0
不使用 GP 产生的状态,1,历史全局最优路径,GP 源内重加权,沉积后,两条来源路径共有边,1,1.0,0.0,0.0,0.0,0.0
不使用 GP 产生的状态,1,历史全局最优路径,GP 源内重加权,沉积后,两条来源路径共有边,2,1.0,0.0,0.0,0.0,0.0
不使用 GP 产生的状态,1,历史全局最优路径,GP 源内重加权,沉积后,两条来源路径共有边,3,1.0,0.0,0.0,0.0,0.0
不使用 GP 产生的状态,1,历史全局最优路径,GP 源内重加权,沉积后,两条来源路径共有边,4,1.0,0.0,0.0,0.0,0.0
不使用 GP 产生的状态,1,历史全局最优路径,GP 源内重加权,沉积后,两条来源路径共有边,5,1.0,0.0,0.0,0.0,0.0
不使用 GP 产生的状态,1,历史全局最优路径,GP 源内重加权,沉积后,两条来源路径共有边,6,1.0,0.0,0.0,0.0,0.0
不使用 GP 产生的状态,1,历史全局最优路径,GP 源内重加权,沉积后,两条来源路径共有边,7,1.0,0.0,0.0,0.0,0.0
不使用 GP 产生的状态,1,历史全局最优路径,GP 源内重加权,沉积后,仅历史来源路径包含的边,0,1.0,0.0,0.0,0.0,0.0
不使用 GP 产生的状态,1,历史全局最优路径,GP 源内重加权,沉积后,仅历史来源路径包含的边,1,1.0,0.0,0.0,0.0,0.0
不使用 GP 产生的状态,1,历史全局最优路径,GP 源内重加权,沉积后,仅历史来源路径包含的边,2,1.0,0.0,0.0,0.0,0.0
不使用 GP 产生的状态,1,历史全局最优路径,GP 源内重加权,沉积后,仅历史来源路径包含的边,3,1.0,0.0,0.0,0.0,0.0
不使用 GP 产生的状态,1,历史全局最优路径,GP 源内重加权,沉积后,仅历史来源路径包含的边,4,1.0,0.0,0.0,0.0,0.0
不使用 GP 产生的状态,1,历史全局最优路径,GP 源内重加权,沉积后,仅历史来源路径包含的边,5,1.0,0.0,0.0,0.0,0.0
不使用 GP 产生的状态,1,历史全局最优路径,GP 源内重加权,沉积后,仅历史来源路径包含的边,6,1.0,0.0,0.0,0.0,0.0
不使用 GP 产生的状态,1,历史全局最优路径,GP 源内重加权,沉积后,仅历史来源路径包含的边,7,1.0,0.0,0.0,0.0,0.0
不使用 GP 产生的状态,1,历史全局最优路径,GP 源内重加权,沉积后,仅本轮最优路径包含的边,0,1.0,0.0,0.0,0.0,0.0
不使用 GP 产生的状态,1,历史全局最优路径,GP 源内重加权,沉积后,仅本轮最优路径包含的边,1,1.0,0.0,0.0,0.0,0.0
不使用 GP 产生的状态,1,历史全局最优路径,GP 源内重加权,沉积后,仅本轮最优路径包含的边,2,1.0,0.0,0.0,0.0,0.0
不使用 GP 产生的状态,1,历史全局最优路径,GP 源内重加权,沉积后,仅本轮最优路径包含的边,3,1.0,0.0,0.0,0.0,0.0
不使用 GP 产生的状态,1,历史全局最优路径,GP 源内重加权,沉积后,仅本轮最优路径包含的边,4,1.0,0.0,0.0,0.0,0.0
不使用 GP 产生的状态,1,历史全局最优路径,GP 源内重加权,沉积后,仅本轮最优路径包含的边,5,1.0,0.0,0.0,0.0,0.0
不使用 GP 产生的状态,1,历史全局最优路径,GP 源内重加权,沉积后,仅本轮最优路径包含的边,6,1.0,0.0,0.0,0.0,0.0
不使用 GP 产生的状态,1,历史全局最优路径,GP 源内重加权,沉积后,仅本轮最优路径包含的边,7,1.0,0.0,0.0,0.0,0.0
不使用 GP 产生的状态,1,历史全局最优路径,GP 源内重加权,沉积后,其他候选弧,0,1.0,0.0,0.0,0.0,0.0
不使用 GP 产生的状态,1,历史全局最优路径,GP 源内重加权,沉积后,其他候选弧,1,1.0,0.0,0.0,0.0,0.0
不使用 GP 产生的状态,1,历史全局最优路径,GP 源内重加权,沉积后,其他候选弧,2,1.0,0.0,0.0,0.0,0.0
不使用 GP 产生的状态,1,历史全局最优路径,GP 源内重加权,沉积后,其他候选弧,3,1.0,0.0,0.0,0.0,0.0
不使用 GP 产生的状态,1,历史全局最优路径,GP 源内重加权,沉积后,其他候选弧,4,1.0,0.0,0.0,0.0,0.0
不使用 GP 产生的状态,1,历史全局最优路径,GP 源内重加权,沉积后,其他候选弧,5,1.0,0.0,0.0,0.0,0.0
不使用 GP 产生的状态,1,历史全局最优路径,GP 源内重加权,沉积后,其他候选弧,6,1.0,0.0,0.0,0.0,0.0
不使用 GP 产生的状态,1,历史全局最优路径,GP 源内重加权,沉积后,其他候选弧,7,1.0,0.0,0.0,0.0,0.0
不使用 GP 产生的状态,1,历史全局最优路径,GP 源内重加权,蒸发和下界保护后,两条来源路径共有边,0,1.0,0.0,0.0,0.0,0.0
不使用 GP 产生的状态,1,历史全局最优路径,GP 源内重加权,蒸发和下界保护后,两条来源路径共有边,1,1.0,0.0,0.0,0.0,0.0
不使用 GP 产生的状态,1,历史全局最优路径,GP 源内重加权,蒸发和下界保护后,两条来源路径共有边,2,1.0,0.0,0.0,0.0,0.0
不使用 GP 产生的状态,1,历史全局最优路径,GP 源内重加权,蒸发和下界保护后,两条来源路径共有边,3,1.0,0.0,0.0,0.0,0.0
不使用 GP 产生的状态,1,历史全局最优路径,GP 源内重加权,蒸发和下界保护后,两条来源路径共有边,4,1.0,0.0,0.0,0.0,0.0
不使用 GP 产生的状态,1,历史全局最优路径,GP 源内重加权,蒸发和下界保护后,两条来源路径共有边,5,1.0,0.0,0.0,0.0,0.0
不使用 GP 产生的状态,1,历史全局最优路径,GP 源内重加权,蒸发和下界保护后,两条来源路径共有边,6,1.0,0.0,0.0,0.0,0.0
不使用 GP 产生的状态,1,历史全局最优路径,GP 源内重加权,蒸发和下界保护后,两条来源路径共有边,7,1.0,0.0,0.0,0.0,0.0
不使用 GP 产生的状态,1,历史全局最优路径,GP 源内重加权,蒸发和下界保护后,仅历史来源路径包含的边,0,1.0,0.0,0.0,0.0,0.0
不使用 GP 产生的状态,1,历史全局最优路径,GP 源内重加权,蒸发和下界保护后,仅历史来源路径包含的边,1,1.0,0.0,0.0,0.0,0.0
不使用 GP 产生的状态,1,历史全局最优路径,GP 源内重加权,蒸发和下界保护后,仅历史来源路径包含的边,2,1.0,0.0,0.0,0.0,0.0
不使用 GP 产生的状态,1,历史全局最优路径,GP 源内重加权,蒸发和下界保护后,仅历史来源路径包含的边,3,1.0,0.0,0.0,0.0,0.0
不使用 GP 产生的状态,1,历史全局最优路径,GP 源内重加权,蒸发和下界保护后,仅历史来源路径包含的边,4,1.0,0.0,0.0,0.0,0.0
不使用 GP 产生的状态,1,历史全局最优路径,GP 源内重加权,蒸发和下界保护后,仅历史来源路径包含的边,5,1.0,0.0,0.0,0.0,0.0
不使用 GP 产生的状态,1,历史全局最优路径,GP 源内重加权,蒸发和下界保护后,仅历史来源路径包含的边,6,1.0,0.0,0.0,0.0,0.0
不使用 GP 产生的状态,1,历史全局最优路径,GP 源内重加权,蒸发和下界保护后,仅历史来源路径包含的边,7,1.0,0.0,0.0,0.0,0.0
不使用 GP 产生的状态,1,历史全局最优路径,GP 源内重加权,蒸发和下界保护后,仅本轮最优路径包含的边,0,1.0,0.0,0.0,0.0,0.0
不使用 GP 产生的状态,1,历史全局最优路径,GP 源内重加权,蒸发和下界保护后,仅本轮最优路径包含的边,1,1.0,0.0,0.0,0.0,0.0
不使用 GP 产生的状态,1,历史全局最优路径,GP 源内重加权,蒸发和下界保护后,仅本轮最优路径包含的边,2,1.0,0.0,0.0,0.0,0.0
不使用 GP 产生的状态,1,历史全局最优路径,GP 源内重加权,蒸发和下界保护后,仅本轮最优路径包含的边,3,1.0,0.0,0.0,0.0,0.0
不使用 GP 产生的状态,1,历史全局最优路径,GP 源内重加权,蒸发和下界保护后,仅本轮最优路径包含的边,4,1.0,0.0,0.0,0.0,0.0
不使用 GP 产生的状态,1,历史全局最优路径,GP 源内重加权,蒸发和下界保护后,仅本轮最优路径包含的边,5,1.0,0.0,0.0,0.0,0.0
不使用 GP 产生的状态,1,历史全局最优路径,GP 源内重加权,蒸发和下界保护后,仅本轮最优路径包含的边,6,1.0,0.0,0.0,0.0,0.0
不使用 GP 产生的状态,1,历史全局最优路径,GP 源内重加权,蒸发和下界保护后,仅本轮最优路径包含的边,7,1.0,0.0,0.0,0.0,0.0
不使用 GP 产生的状态,1,历史全局最优路径,GP 源内重加权,蒸发和下界保护后,其他候选弧,0,1.0,0.0,0.0,0.0,0.0
不使用 GP 产生的状态,1,历史全局最优路径,GP 源内重加权,蒸发和下界保护后,其他候选弧,1,1.0,0.0,0.0,0.0,0.0
不使用 GP 产生的状态,1,历史全局最优路径,GP 源内重加权,蒸发和下界保护后,其他候选弧,2,1.0,0.0,0.0,0.0,0.0
不使用 GP 产生的状态,1,历史全局最优路径,GP 源内重加权,蒸发和下界保护后,其他候选弧,3,1.0,0.0,0.0,0.0,0.0
不使用 GP 产生的状态,1,历史全局最优路径,GP 源内重加权,蒸发和下界保护后,其他候选弧,4,1.0,0.0,0.0,0.0,0.0
不使用 GP 产生的状态,1,历史全局最优路径,GP 源内重加权,蒸发和下界保护后,其他候选弧,5,1.0,0.0,0.0,0.0,0.0
不使用 GP 产生的状态,1,历史全局最优路径,GP 源内重加权,蒸发和下界保护后,其他候选弧,6,1.0,0.0,0.0,0.0,0.0
不使用 GP 产生的状态,1,历史全局最优路径,GP 源内重加权,蒸发和下界保护后,其他候选弧,7,1.0,0.0,0.0,0.0,0.0
不使用 GP 产生的状态,1,历史全局最优路径,GP 源内重加权,重启和可选上界处理后,两条来源路径共有边,0,1.0,0.0,0.0,0.0,0.0
不使用 GP 产生的状态,1,历史全局最优路径,GP 源内重加权,重启和可选上界处理后,两条来源路径共有边,1,1.0,0.0,0.0,0.0,0.0
不使用 GP 产生的状态,1,历史全局最优路径,GP 源内重加权,重启和可选上界处理后,两条来源路径共有边,2,1.0,0.0,0.0,0.0,0.0
不使用 GP 产生的状态,1,历史全局最优路径,GP 源内重加权,重启和可选上界处理后,两条来源路径共有边,3,1.0,0.0,0.0,0.0,0.0
不使用 GP 产生的状态,1,历史全局最优路径,GP 源内重加权,重启和可选上界处理后,两条来源路径共有边,4,1.0,0.0,0.0,0.0,0.0
不使用 GP 产生的状态,1,历史全局最优路径,GP 源内重加权,重启和可选上界处理后,两条来源路径共有边,5,1.0,0.0,0.0,0.0,0.0
不使用 GP 产生的状态,1,历史全局最优路径,GP 源内重加权,重启和可选上界处理后,两条来源路径共有边,6,1.0,0.0,0.0,0.0,0.0
不使用 GP 产生的状态,1,历史全局最优路径,GP 源内重加权,重启和可选上界处理后,两条来源路径共有边,7,1.0,0.0,0.0,0.0,0.0
不使用 GP 产生的状态,1,历史全局最优路径,GP 源内重加权,重启和可选上界处理后,仅历史来源路径包含的边,0,1.0,0.0,0.0,0.0,0.0
不使用 GP 产生的状态,1,历史全局最优路径,GP 源内重加权,重启和可选上界处理后,仅历史来源路径包含的边,1,1.0,0.0,0.0,0.0,0.0
不使用 GP 产生的状态,1,历史全局最优路径,GP 源内重加权,重启和可选上界处理后,仅历史来源路径包含的边,2,1.0,0.0,0.0,0.0,0.0
不使用 GP 产生的状态,1,历史全局最优路径,GP 源内重加权,重启和可选上界处理后,仅历史来源路径包含的边,3,1.0,0.0,0.0,0.0,0.0
不使用 GP 产生的状态,1,历史全局最优路径,GP 源内重加权,重启和可选上界处理后,仅历史来源路径包含的边,4,1.0,0.0,0.0,0.0,0.0
不使用 GP 产生的状态,1,历史全局最优路径,GP 源内重加权,重启和可选上界处理后,仅历史来源路径包含的边,5,1.0,0.0,0.0,0.0,0.0
不使用 GP 产生的状态,1,历史全局最优路径,GP 源内重加权,重启和可选上界处理后,仅历史来源路径包含的边,6,1.0,0.0,0.0,0.0,0.0
不使用 GP 产生的状态,1,历史全局最优路径,GP 源内重加权,重启和可选上界处理后,仅历史来源路径包含的边,7,1.0,0.0,0.0,0.0,0.0
不使用 GP 产生的状态,1,历史全局最优路径,GP 源内重加权,重启和可选上界处理后,仅本轮最优路径包含的边,0,1.0,0.0,0.0,0.0,0.0
不使用 GP 产生的状态,1,历史全局最优路径,GP 源内重加权,重启和可选上界处理后,仅本轮最优路径包含的边,1,1.0,0.0,0.0,0.0,0.0
不使用 GP 产生的状态,1,历史全局最优路径,GP 源内重加权,重启和可选上界处理后,仅本轮最优路径包含的边,2,1.0,0.0,0.0,0.0,0.0
不使用 GP 产生的状态,1,历史全局最优路径,GP 源内重加权,重启和可选上界处理后,仅本轮最优路径包含的边,3,1.0,0.0,0.0,0.0,0.0
不使用 GP 产生的状态,1,历史全局最优路径,GP 源内重加权,重启和可选上界处理后,仅本轮最优路径包含的边,4,1.0,0.0,0.0,0.0,0.0
不使用 GP 产生的状态,1,历史全局最优路径,GP 源内重加权,重启和可选上界处理后,仅本轮最优路径包含的边,5,1.0,0.0,0.0,0.0,0.0
不使用 GP 产生的状态,1,历史全局最优路径,GP 源内重加权,重启和可选上界处理后,仅本轮最优路径包含的边,6,1.0,0.0,0.0,0.0,0.0
不使用 GP 产生的状态,1,历史全局最优路径,GP 源内重加权,重启和可选上界处理后,仅本轮最优路径包含的边,7,1.0,0.0,0.0,0.0,0.0
不使用 GP 产生的状态,1,历史全局最优路径,GP 源内重加权,重启和可选上界处理后,其他候选弧,0,1.0,0.0,0.0,0.0,0.0
不使用 GP 产生的状态,1,历史全局最优路径,GP 源内重加权,重启和可选上界处理后,其他候选弧,1,1.0,0.0,0.0,0.0,0.0
不使用 GP 产生的状态,1,历史全局最优路径,GP 源内重加权,重启和可选上界处理后,其他候选弧,2,1.0,0.0,0.0,0.0,0.0
不使用 GP 产生的状态,1,历史全局最优路径,GP 源内重加权,重启和可选上界处理后,其他候选弧,3,1.0,0.0,0.0,0.0,0.0
不使用 GP 产生的状态,1,历史全局最优路径,GP 源内重加权,重启和可选上界处理后,其他候选弧,4,1.0,0.0,0.0,0.0,0.0
不使用 GP 产生的状态,1,历史全局最优路径,GP 源内重加权,重启和可选上界处理后,其他候选弧,5,1.0,0.0,0.0,0.0,0.0
不使用 GP 产生的状态,1,历史全局最优路径,GP 源内重加权,重启和可选上界处理后,其他候选弧,6,1.0,0.0,0.0,0.0,0.0
不使用 GP 产生的状态,1,历史全局最优路径,GP 源内重加权,重启和可选上界处理后,其他候选弧,7,1.0,0.0,0.0,0.0,0.0
不使用 GP 产生的状态,1,历史全局最优路径,来源内均匀沉积,更新前,两条来源路径共有边,0,1.0,0.0,0.0,0.0,0.0
不使用 GP 产生的状态,1,历史全局最优路径,来源内均匀沉积,更新前,两条来源路径共有边,1,1.0,0.0,0.0,0.0,0.0
不使用 GP 产生的状态,1,历史全局最优路径,来源内均匀沉积,更新前,两条来源路径共有边,2,1.0,0.0,0.0,0.0,0.0
不使用 GP 产生的状态,1,历史全局最优路径,来源内均匀沉积,更新前,两条来源路径共有边,3,1.0,0.0,0.0,0.0,0.0
不使用 GP 产生的状态,1,历史全局最优路径,来源内均匀沉积,更新前,两条来源路径共有边,4,1.0,0.0,0.0,0.0,0.0
不使用 GP 产生的状态,1,历史全局最优路径,来源内均匀沉积,更新前,两条来源路径共有边,5,1.0,0.0,0.0,0.0,0.0
不使用 GP 产生的状态,1,历史全局最优路径,来源内均匀沉积,更新前,两条来源路径共有边,6,1.0,0.0,0.0,0.0,0.0
不使用 GP 产生的状态,1,历史全局最优路径,来源内均匀沉积,更新前,两条来源路径共有边,7,1.0,0.0,0.0,0.0,0.0
不使用 GP 产生的状态,1,历史全局最优路径,来源内均匀沉积,更新前,仅历史来源路径包含的边,0,1.0,0.0,0.0,0.0,0.0
不使用 GP 产生的状态,1,历史全局最优路径,来源内均匀沉积,更新前,仅历史来源路径包含的边,1,1.0,0.0,0.0,0.0,0.0
不使用 GP 产生的状态,1,历史全局最优路径,来源内均匀沉积,更新前,仅历史来源路径包含的边,2,1.0,0.0,0.0,0.0,0.0
不使用 GP 产生的状态,1,历史全局最优路径,来源内均匀沉积,更新前,仅历史来源路径包含的边,3,1.0,0.0,0.0,0.0,0.0
不使用 GP 产生的状态,1,历史全局最优路径,来源内均匀沉积,更新前,仅历史来源路径包含的边,4,1.0,0.0,0.0,0.0,0.0
不使用 GP 产生的状态,1,历史全局最优路径,来源内均匀沉积,更新前,仅历史来源路径包含的边,5,1.0,0.0,0.0,0.0,0.0
不使用 GP 产生的状态,1,历史全局最优路径,来源内均匀沉积,更新前,仅历史来源路径包含的边,6,1.0,0.0,0.0,0.0,0.0
不使用 GP 产生的状态,1,历史全局最优路径,来源内均匀沉积,更新前,仅历史来源路径包含的边,7,1.0,0.0,0.0,0.0,0.0
不使用 GP 产生的状态,1,历史全局最优路径,来源内均匀沉积,更新前,仅本轮最优路径包含的边,0,1.0,0.0,0.0,0.0,0.0
不使用 GP 产生的状态,1,历史全局最优路径,来源内均匀沉积,更新前,仅本轮最优路径包含的边,1,1.0,0.0,0.0,0.0,0.0
不使用 GP 产生的状态,1,历史全局最优路径,来源内均匀沉积,更新前,仅本轮最优路径包含的边,2,1.0,0.0,0.0,0.0,0.0
不使用 GP 产生的状态,1,历史全局最优路径,来源内均匀沉积,更新前,仅本轮最优路径包含的边,3,1.0,0.0,0.0,0.0,0.0
不使用 GP 产生的状态,1,历史全局最优路径,来源内均匀沉积,更新前,仅本轮最优路径包含的边,4,1.0,0.0,0.0,0.0,0.0
不使用 GP 产生的状态,1,历史全局最优路径,来源内均匀沉积,更新前,仅本轮最优路径包含的边,5,1.0,0.0,0.0,0.0,0.0
不使用 GP 产生的状态,1,历史全局最优路径,来源内均匀沉积,更新前,仅本轮最优路径包含的边,6,1.0,0.0,0.0,0.0,0.0
不使用 GP 产生的状态,1,历史全局最优路径,来源内均匀沉积,更新前,仅本轮最优路径包含的边,7,1.0,0.0,0.0,0.0,0.0
不使用 GP 产生的状态,1,历史全局最优路径,来源内均匀沉积,更新前,其他候选弧,0,1.0,0.0,0.0,0.0,0.0
不使用 GP 产生的状态,1,历史全局最优路径,来源内均匀沉积,更新前,其他候选弧,1,1.0,0.0,0.0,0.0,0.0
不使用 GP 产生的状态,1,历史全局最优路径,来源内均匀沉积,更新前,其他候选弧,2,1.0,0.0,0.0,0.0,0.0
不使用 GP 产生的状态,1,历史全局最优路径,来源内均匀沉积,更新前,其他候选弧,3,1.0,0.0,0.0,0.0,0.0
不使用 GP 产生的状态,1,历史全局最优路径,来源内均匀沉积,更新前,其他候选弧,4,1.0,0.0,0.0,0.0,0.0
不使用 GP 产生的状态,1,历史全局最优路径,来源内均匀沉积,更新前,其他候选弧,5,1.0,0.0,0.0,0.0,0.0
不使用 GP 产生的状态,1,历史全局最优路径,来源内均匀沉积,更新前,其他候选弧,6,1.0,0.0,0.0,0.0,0.0
不使用 GP 产生的状态,1,历史全局最优路径,来源内均匀沉积,更新前,其他候选弧,7,1.0,0.0,0.0,0.0,0.0
不使用 GP 产生的状态,1,历史全局最优路径,来源内均匀沉积,沉积后,两条来源路径共有边,0,1.0,0.0,0.0,0.0,0.0
不使用 GP 产生的状态,1,历史全局最优路径,来源内均匀沉积,沉积后,两条来源路径共有边,1,1.0,0.0,0.0,0.0,0.0
不使用 GP 产生的状态,1,历史全局最优路径,来源内均匀沉积,沉积后,两条来源路径共有边,2,1.0,0.0,0.0,0.0,0.0
不使用 GP 产生的状态,1,历史全局最优路径,来源内均匀沉积,沉积后,两条来源路径共有边,3,1.0,0.0,0.0,0.0,0.0
不使用 GP 产生的状态,1,历史全局最优路径,来源内均匀沉积,沉积后,两条来源路径共有边,4,1.0,0.0,0.0,0.0,0.0
不使用 GP 产生的状态,1,历史全局最优路径,来源内均匀沉积,沉积后,两条来源路径共有边,5,1.0,0.0,0.0,0.0,0.0
不使用 GP 产生的状态,1,历史全局最优路径,来源内均匀沉积,沉积后,两条来源路径共有边,6,1.0,0.0,0.0,0.0,0.0
不使用 GP 产生的状态,1,历史全局最优路径,来源内均匀沉积,沉积后,两条来源路径共有边,7,1.0,0.0,0.0,0.0,0.0
不使用 GP 产生的状态,1,历史全局最优路径,来源内均匀沉积,沉积后,仅历史来源路径包含的边,0,1.0,0.0,0.0,0.0,0.0
不使用 GP 产生的状态,1,历史全局最优路径,来源内均匀沉积,沉积后,仅历史来源路径包含的边,1,1.0,0.0,0.0,0.0,0.0
不使用 GP 产生的状态,1,历史全局最优路径,来源内均匀沉积,沉积后,仅历史来源路径包含的边,2,1.0,0.0,0.0,0.0,0.0
不使用 GP 产生的状态,1,历史全局最优路径,来源内均匀沉积,沉积后,仅历史来源路径包含的边,3,1.0,0.0,0.0,0.0,0.0
不使用 GP 产生的状态,1,历史全局最优路径,来源内均匀沉积,沉积后,仅历史来源路径包含的边,4,1.0,0.0,0.0,0.0,0.0
不使用 GP 产生的状态,1,历史全局最优路径,来源内均匀沉积,沉积后,仅历史来源路径包含的边,5,1.0,0.0,0.0,0.0,0.0
不使用 GP 产生的状态,1,历史全局最优路径,来源内均匀沉积,沉积后,仅历史来源路径包含的边,6,1.0,0.0,0.0,0.0,0.0
不使用 GP 产生的状态,1,历史全局最优路径,来源内均匀沉积,沉积后,仅历史来源路径包含的边,7,1.0,0.0,0.0,0.0,0.0
不使用 GP 产生的状态,1,历史全局最优路径,来源内均匀沉积,沉积后,仅本轮最优路径包含的边,0,1.0,0.0,0.0,0.0,0.0
不使用 GP 产生的状态,1,历史全局最优路径,来源内均匀沉积,沉积后,仅本轮最优路径包含的边,1,1.0,0.0,0.0,0.0,0.0
不使用 GP 产生的状态,1,历史全局最优路径,来源内均匀沉积,沉积后,仅本轮最优路径包含的边,2,1.0,0.0,0.0,0.0,0.0
不使用 GP 产生的状态,1,历史全局最优路径,来源内均匀沉积,沉积后,仅本轮最优路径包含的边,3,1.0,0.0,0.0,0.0,0.0
不使用 GP 产生的状态,1,历史全局最优路径,来源内均匀沉积,沉积后,仅本轮最优路径包含的边,4,1.0,0.0,0.0,0.0,0.0
不使用 GP 产生的状态,1,历史全局最优路径,来源内均匀沉积,沉积后,仅本轮最优路径包含的边,5,1.0,0.0,0.0,0.0,0.0
不使用 GP 产生的状态,1,历史全局最优路径,来源内均匀沉积,沉积后,仅本轮最优路径包含的边,6,1.0,0.0,0.0,0.0,0.0
不使用 GP 产生的状态,1,历史全局最优路径,来源内均匀沉积,沉积后,仅本轮最优路径包含的边,7,1.0,0.0,0.0,0.0,0.0
不使用 GP 产生的状态,1,历史全局最优路径,来源内均匀沉积,沉积后,其他候选弧,0,1.0,0.0,0.0,0.0,0.0
不使用 GP 产生的状态,1,历史全局最优路径,来源内均匀沉积,沉积后,其他候选弧,1,1.0,0.0,0.0,0.0,0.0
不使用 GP 产生的状态,1,历史全局最优路径,来源内均匀沉积,沉积后,其他候选弧,2,1.0,0.0,0.0,0.0,0.0
不使用 GP 产生的状态,1,历史全局最优路径,来源内均匀沉积,沉积后,其他候选弧,3,1.0,0.0,0.0,0.0,0.0
不使用 GP 产生的状态,1,历史全局最优路径,来源内均匀沉积,沉积后,其他候选弧,4,1.0,0.0,0.0,0.0,0.0
不使用 GP 产生的状态,1,历史全局最优路径,来源内均匀沉积,沉积后,其他候选弧,5,1.0,0.0,0.0,0.0,0.0
不使用 GP 产生的状态,1,历史全局最优路径,来源内均匀沉积,沉积后,其他候选弧,6,1.0,0.0,0.0,0.0,0.0
不使用 GP 产生的状态,1,历史全局最优路径,来源内均匀沉积,沉积后,其他候选弧,7,1.0,0.0,0.0,0.0,0.0
不使用 GP 产生的状态,1,历史全局最优路径,来源内均匀沉积,蒸发和下界保护后,两条来源路径共有边,0,1.0,0.0,0.0,0.0,0.0
不使用 GP 产生的状态,1,历史全局最优路径,来源内均匀沉积,蒸发和下界保护后,两条来源路径共有边,1,1.0,0.0,0.0,0.0,0.0
不使用 GP 产生的状态,1,历史全局最优路径,来源内均匀沉积,蒸发和下界保护后,两条来源路径共有边,2,1.0,0.0,0.0,0.0,0.0
不使用 GP 产生的状态,1,历史全局最优路径,来源内均匀沉积,蒸发和下界保护后,两条来源路径共有边,3,1.0,0.0,0.0,0.0,0.0
不使用 GP 产生的状态,1,历史全局最优路径,来源内均匀沉积,蒸发和下界保护后,两条来源路径共有边,4,1.0,0.0,0.0,0.0,0.0
不使用 GP 产生的状态,1,历史全局最优路径,来源内均匀沉积,蒸发和下界保护后,两条来源路径共有边,5,1.0,0.0,0.0,0.0,0.0
不使用 GP 产生的状态,1,历史全局最优路径,来源内均匀沉积,蒸发和下界保护后,两条来源路径共有边,6,1.0,0.0,0.0,0.0,0.0
不使用 GP 产生的状态,1,历史全局最优路径,来源内均匀沉积,蒸发和下界保护后,两条来源路径共有边,7,1.0,0.0,0.0,0.0,0.0
不使用 GP 产生的状态,1,历史全局最优路径,来源内均匀沉积,蒸发和下界保护后,仅历史来源路径包含的边,0,1.0,0.0,0.0,0.0,0.0
不使用 GP 产生的状态,1,历史全局最优路径,来源内均匀沉积,蒸发和下界保护后,仅历史来源路径包含的边,1,1.0,0.0,0.0,0.0,0.0
不使用 GP 产生的状态,1,历史全局最优路径,来源内均匀沉积,蒸发和下界保护后,仅历史来源路径包含的边,2,1.0,0.0,0.0,0.0,0.0
不使用 GP 产生的状态,1,历史全局最优路径,来源内均匀沉积,蒸发和下界保护后,仅历史来源路径包含的边,3,1.0,0.0,0.0,0.0,0.0
不使用 GP 产生的状态,1,历史全局最优路径,来源内均匀沉积,蒸发和下界保护后,仅历史来源路径包含的边,4,1.0,0.0,0.0,0.0,0.0
不使用 GP 产生的状态,1,历史全局最优路径,来源内均匀沉积,蒸发和下界保护后,仅历史来源路径包含的边,5,1.0,0.0,0.0,0.0,0.0
不使用 GP 产生的状态,1,历史全局最优路径,来源内均匀沉积,蒸发和下界保护后,仅历史来源路径包含的边,6,1.0,0.0,0.0,0.0,0.0
不使用 GP 产生的状态,1,历史全局最优路径,来源内均匀沉积,蒸发和下界保护后,仅历史来源路径包含的边,7,1.0,0.0,0.0,0.0,0.0
不使用 GP 产生的状态,1,历史全局最优路径,来源内均匀沉积,蒸发和下界保护后,仅本轮最优路径包含的边,0,1.0,0.0,0.0,0.0,0.0
不使用 GP 产生的状态,1,历史全局最优路径,来源内均匀沉积,蒸发和下界保护后,仅本轮最优路径包含的边,1,1.0,0.0,0.0,0.0,0.0
不使用 GP 产生的状态,1,历史全局最优路径,来源内均匀沉积,蒸发和下界保护后,仅本轮最优路径包含的边,2,1.0,0.0,0.0,0.0,0.0
不使用 GP 产生的状态,1,历史全局最优路径,来源内均匀沉积,蒸发和下界保护后,仅本轮最优路径包含的边,3,1.0,0.0,0.0,0.0,0.0
不使用 GP 产生的状态,1,历史全局最优路径,来源内均匀沉积,蒸发和下界保护后,仅本轮最优路径包含的边,4,1.0,0.0,0.0,0.0,0.0
不使用 GP 产生的状态,1,历史全局最优路径,来源内均匀沉积,蒸发和下界保护后,仅本轮最优路径包含的边,5,1.0,0.0,0.0,0.0,0.0
不使用 GP 产生的状态,1,历史全局最优路径,来源内均匀沉积,蒸发和下界保护后,仅本轮最优路径包含的边,6,1.0,0.0,0.0,0.0,0.0
不使用 GP 产生的状态,1,历史全局最优路径,来源内均匀沉积,蒸发和下界保护后,仅本轮最优路径包含的边,7,1.0,0.0,0.0,0.0,0.0
不使用 GP 产生的状态,1,历史全局最优路径,来源内均匀沉积,蒸发和下界保护后,其他候选弧,0,1.0,0.0,0.0,0.0,0.0
不使用 GP 产生的状态,1,历史全局最优路径,来源内均匀沉积,蒸发和下界保护后,其他候选弧,1,1.0,0.0,0.0,0.0,0.0
不使用 GP 产生的状态,1,历史全局最优路径,来源内均匀沉积,蒸发和下界保护后,其他候选弧,2,1.0,0.0,0.0,0.0,0.0
不使用 GP 产生的状态,1,历史全局最优路径,来源内均匀沉积,蒸发和下界保护后,其他候选弧,3,1.0,0.0,0.0,0.0,0.0
不使用 GP 产生的状态,1,历史全局最优路径,来源内均匀沉积,蒸发和下界保护后,其他候选弧,4,1.0,0.0,0.0,0.0,0.0
不使用 GP 产生的状态,1,历史全局最优路径,来源内均匀沉积,蒸发和下界保护后,其他候选弧,5,1.0,0.0,0.0,0.0,0.0
不使用 GP 产生的状态,1,历史全局最优路径,来源内均匀沉积,蒸发和下界保护后,其他候选弧,6,1.0,0.0,0.0,0.0,0.0
不使用 GP 产生的状态,1,历史全局最优路径,来源内均匀沉积,蒸发和下界保护后,其他候选弧,7,1.0,0.0,0.0,0.0,0.0
不使用 GP 产生的状态,1,历史全局最优路径,来源内均匀沉积,重启和可选上界处理后,两条来源路径共有边,0,1.0,0.0,0.0,0.0,0.0
不使用 GP 产生的状态,1,历史全局最优路径,来源内均匀沉积,重启和可选上界处理后,两条来源路径共有边,1,1.0,0.0,0.0,0.0,0.0
不使用 GP 产生的状态,1,历史全局最优路径,来源内均匀沉积,重启和可选上界处理后,两条来源路径共有边,2,1.0,0.0,0.0,0.0,0.0
不使用 GP 产生的状态,1,历史全局最优路径,来源内均匀沉积,重启和可选上界处理后,两条来源路径共有边,3,1.0,0.0,0.0,0.0,0.0
不使用 GP 产生的状态,1,历史全局最优路径,来源内均匀沉积,重启和可选上界处理后,两条来源路径共有边,4,1.0,0.0,0.0,0.0,0.0
不使用 GP 产生的状态,1,历史全局最优路径,来源内均匀沉积,重启和可选上界处理后,两条来源路径共有边,5,1.0,0.0,0.0,0.0,0.0
不使用 GP 产生的状态,1,历史全局最优路径,来源内均匀沉积,重启和可选上界处理后,两条来源路径共有边,6,1.0,0.0,0.0,0.0,0.0
不使用 GP 产生的状态,1,历史全局最优路径,来源内均匀沉积,重启和可选上界处理后,两条来源路径共有边,7,1.0,0.0,0.0,0.0,0.0
不使用 GP 产生的状态,1,历史全局最优路径,来源内均匀沉积,重启和可选上界处理后,仅历史来源路径包含的边,0,1.0,0.0,0.0,0.0,0.0
不使用 GP 产生的状态,1,历史全局最优路径,来源内均匀沉积,重启和可选上界处理后,仅历史来源路径包含的边,1,1.0,0.0,0.0,0.0,0.0
不使用 GP 产生的状态,1,历史全局最优路径,来源内均匀沉积,重启和可选上界处理后,仅历史来源路径包含的边,2,1.0,0.0,0.0,0.0,0.0
不使用 GP 产生的状态,1,历史全局最优路径,来源内均匀沉积,重启和可选上界处理后,仅历史来源路径包含的边,3,1.0,0.0,0.0,0.0,0.0
不使用 GP 产生的状态,1,历史全局最优路径,来源内均匀沉积,重启和可选上界处理后,仅历史来源路径包含的边,4,1.0,0.0,0.0,0.0,0.0
不使用 GP 产生的状态,1,历史全局最优路径,来源内均匀沉积,重启和可选上界处理后,仅历史来源路径包含的边,5,1.0,0.0,0.0,0.0,0.0
不使用 GP 产生的状态,1,历史全局最优路径,来源内均匀沉积,重启和可选上界处理后,仅历史来源路径包含的边,6,1.0,0.0,0.0,0.0,0.0
不使用 GP 产生的状态,1,历史全局最优路径,来源内均匀沉积,重启和可选上界处理后,仅历史来源路径包含的边,7,1.0,0.0,0.0,0.0,0.0
不使用 GP 产生的状态,1,历史全局最优路径,来源内均匀沉积,重启和可选上界处理后,仅本轮最优路径包含的边,0,1.0,0.0,0.0,0.0,0.0
不使用 GP 产生的状态,1,历史全局最优路径,来源内均匀沉积,重启和可选上界处理后,仅本轮最优路径包含的边,1,1.0,0.0,0.0,0.0,0.0
不使用 GP 产生的状态,1,历史全局最优路径,来源内均匀沉积,重启和可选上界处理后,仅本轮最优路径包含的边,2,1.0,0.0,0.0,0.0,0.0
不使用 GP 产生的状态,1,历史全局最优路径,来源内均匀沉积,重启和可选上界处理后,仅本轮最优路径包含的边,3,1.0,0.0,0.0,0.0,0.0
不使用 GP 产生的状态,1,历史全局最优路径,来源内均匀沉积,重启和可选上界处理后,仅本轮最优路径包含的边,4,1.0,0.0,0.0,0.0,0.0
不使用 GP 产生的状态,1,历史全局最优路径,来源内均匀沉积,重启和可选上界处理后,仅本轮最优路径包含的边,5,1.0,0.0,0.0,0.0,0.0
不使用 GP 产生的状态,1,历史全局最优路径,来源内均匀沉积,重启和可选上界处理后,仅本轮最优路径包含的边,6,1.0,0.0,0.0,0.0,0.0
不使用 GP 产生的状态,1,历史全局最优路径,来源内均匀沉积,重启和可选上界处理后,仅本轮最优路径包含的边,7,1.0,0.0,0.0,0.0,0.0
不使用 GP 产生的状态,1,历史全局最优路径,来源内均匀沉积,重启和可选上界处理后,其他候选弧,0,1.0,0.0,0.0,0.0,0.0
不使用 GP 产生的状态,1,历史全局最优路径,来源内均匀沉积,重启和可选上界处理后,其他候选弧,1,1.0,0.0,0.0,0.0,0.0
不使用 GP 产生的状态,1,历史全局最优路径,来源内均匀沉积,重启和可选上界处理后,其他候选弧,2,1.0,0.0,0.0,0.0,0.0
不使用 GP 产生的状态,1,历史全局最优路径,来源内均匀沉积,重启和可选上界处理后,其他候选弧,3,1.0,0.0,0.0,0.0,0.0
不使用 GP 产生的状态,1,历史全局最优路径,来源内均匀沉积,重启和可选上界处理后,其他候选弧,4,1.0,0.0,0.0,0.0,0.0
不使用 GP 产生的状态,1,历史全局最优路径,来源内均匀沉积,重启和可选上界处理后,其他候选弧,5,1.0,0.0,0.0,0.0,0.0
不使用 GP 产生的状态,1,历史全局最优路径,来源内均匀沉积,重启和可选上界处理后,其他候选弧,6,1.0,0.0,0.0,0.0,0.0
不使用 GP 产生的状态,1,历史全局最优路径,来源内均匀沉积,重启和可选上界处理后,其他候选弧,7,1.0,0.0,0.0,0.0,0.0
不使用 GP 产生的状态,1,历史重启阶段最优路径,GP 源内重加权,更新前,两条来源路径共有边,0,1.0,0.0,0.0,0.0,0.0
不使用 GP 产生的状态,1,历史重启阶段最优路径,GP 源内重加权,更新前,两条来源路径共有边,1,1.0,0.0,0.0,0.0,0.0
不使用 GP 产生的状态,1,历史重启阶段最优路径,GP 源内重加权,更新前,两条来源路径共有边,2,1.0,0.0,0.0,0.0,0.0
不使用 GP 产生的状态,1,历史重启阶段最优路径,GP 源内重加权,更新前,两条来源路径共有边,3,1.0,0.0,0.0,0.0,0.0
不使用 GP 产生的状态,1,历史重启阶段最优路径,GP 源内重加权,更新前,两条来源路径共有边,4,1.0,0.0,0.0,0.0,0.0
不使用 GP 产生的状态,1,历史重启阶段最优路径,GP 源内重加权,更新前,两条来源路径共有边,5,1.0,0.0,0.0,0.0,0.0
不使用 GP 产生的状态,1,历史重启阶段最优路径,GP 源内重加权,更新前,两条来源路径共有边,6,1.0,0.0,0.0,0.0,0.0
不使用 GP 产生的状态,1,历史重启阶段最优路径,GP 源内重加权,更新前,两条来源路径共有边,7,1.0,0.0,0.0,0.0,0.0
不使用 GP 产生的状态,1,历史重启阶段最优路径,GP 源内重加权,更新前,仅历史来源路径包含的边,0,1.0,0.0,0.0,0.0,0.0
不使用 GP 产生的状态,1,历史重启阶段最优路径,GP 源内重加权,更新前,仅历史来源路径包含的边,1,1.0,0.0,0.0,0.0,0.0
不使用 GP 产生的状态,1,历史重启阶段最优路径,GP 源内重加权,更新前,仅历史来源路径包含的边,2,1.0,0.0,0.0,0.0,0.0
不使用 GP 产生的状态,1,历史重启阶段最优路径,GP 源内重加权,更新前,仅历史来源路径包含的边,3,1.0,0.0,0.0,0.0,0.0
不使用 GP 产生的状态,1,历史重启阶段最优路径,GP 源内重加权,更新前,仅历史来源路径包含的边,4,1.0,0.0,0.0,0.0,0.0
不使用 GP 产生的状态,1,历史重启阶段最优路径,GP 源内重加权,更新前,仅历史来源路径包含的边,5,1.0,0.0,0.0,0.0,0.0
不使用 GP 产生的状态,1,历史重启阶段最优路径,GP 源内重加权,更新前,仅历史来源路径包含的边,6,1.0,0.0,0.0,0.0,0.0
不使用 GP 产生的状态,1,历史重启阶段最优路径,GP 源内重加权,更新前,仅历史来源路径包含的边,7,1.0,0.0,0.0,0.0,0.0
不使用 GP 产生的状态,1,历史重启阶段最优路径,GP 源内重加权,更新前,仅本轮最优路径包含的边,0,1.0,0.0,0.0,0.0,0.0
不使用 GP 产生的状态,1,历史重启阶段最优路径,GP 源内重加权,更新前,仅本轮最优路径包含的边,1,1.0,0.0,0.0,0.0,0.0
不使用 GP 产生的状态,1,历史重启阶段最优路径,GP 源内重加权,更新前,仅本轮最优路径包含的边,2,1.0,0.0,0.0,0.0,0.0
不使用 GP 产生的状态,1,历史重启阶段最优路径,GP 源内重加权,更新前,仅本轮最优路径包含的边,3,1.0,0.0,0.0,0.0,0.0
不使用 GP 产生的状态,1,历史重启阶段最优路径,GP 源内重加权,更新前,仅本轮最优路径包含的边,4,1.0,0.0,0.0,0.0,0.0
不使用 GP 产生的状态,1,历史重启阶段最优路径,GP 源内重加权,更新前,仅本轮最优路径包含的边,5,1.0,0.0,0.0,0.0,0.0
不使用 GP 产生的状态,1,历史重启阶段最优路径,GP 源内重加权,更新前,仅本轮最优路径包含的边,6,1.0,0.0,0.0,0.0,0.0
不使用 GP 产生的状态,1,历史重启阶段最优路径,GP 源内重加权,更新前,仅本轮最优路径包含的边,7,1.0,0.0,0.0,0.0,0.0
不使用 GP 产生的状态,1,历史重启阶段最优路径,GP 源内重加权,更新前,其他候选弧,0,1.0,0.0,0.0,0.0,0.0
不使用 GP 产生的状态,1,历史重启阶段最优路径,GP 源内重加权,更新前,其他候选弧,1,1.0,0.0,0.0,0.0,0.0
不使用 GP 产生的状态,1,历史重启阶段最优路径,GP 源内重加权,更新前,其他候选弧,2,1.0,0.0,0.0,0.0,0.0
不使用 GP 产生的状态,1,历史重启阶段最优路径,GP 源内重加权,更新前,其他候选弧,3,1.0,0.0,0.0,0.0,0.0
不使用 GP 产生的状态,1,历史重启阶段最优路径,GP 源内重加权,更新前,其他候选弧,4,1.0,0.0,0.0,0.0,0.0
不使用 GP 产生的状态,1,历史重启阶段最优路径,GP 源内重加权,更新前,其他候选弧,5,1.0,0.0,0.0,0.0,0.0
不使用 GP 产生的状态,1,历史重启阶段最优路径,GP 源内重加权,更新前,其他候选弧,6,1.0,0.0,0.0,0.0,0.0
不使用 GP 产生的状态,1,历史重启阶段最优路径,GP 源内重加权,更新前,其他候选弧,7,1.0,0.0,0.0,0.0,0.0
不使用 GP 产生的状态,1,历史重启阶段最优路径,GP 源内重加权,沉积后,两条来源路径共有边,0,1.0,0.0,0.0,0.0,0.0
不使用 GP 产生的状态,1,历史重启阶段最优路径,GP 源内重加权,沉积后,两条来源路径共有边,1,1.0,0.0,0.0,0.0,0.0
不使用 GP 产生的状态,1,历史重启阶段最优路径,GP 源内重加权,沉积后,两条来源路径共有边,2,1.0,0.0,0.0,0.0,0.0
不使用 GP 产生的状态,1,历史重启阶段最优路径,GP 源内重加权,沉积后,两条来源路径共有边,3,1.0,0.0,0.0,0.0,0.0
不使用 GP 产生的状态,1,历史重启阶段最优路径,GP 源内重加权,沉积后,两条来源路径共有边,4,1.0,0.0,0.0,0.0,0.0
不使用 GP 产生的状态,1,历史重启阶段最优路径,GP 源内重加权,沉积后,两条来源路径共有边,5,1.0,0.0,0.0,0.0,0.0
不使用 GP 产生的状态,1,历史重启阶段最优路径,GP 源内重加权,沉积后,两条来源路径共有边,6,1.0,0.0,0.0,0.0,0.0
不使用 GP 产生的状态,1,历史重启阶段最优路径,GP 源内重加权,沉积后,两条来源路径共有边,7,1.0,0.0,0.0,0.0,0.0
不使用 GP 产生的状态,1,历史重启阶段最优路径,GP 源内重加权,沉积后,仅历史来源路径包含的边,0,1.0,0.0,0.0,0.0,0.0
不使用 GP 产生的状态,1,历史重启阶段最优路径,GP 源内重加权,沉积后,仅历史来源路径包含的边,1,1.0,0.0,0.0,0.0,0.0
不使用 GP 产生的状态,1,历史重启阶段最优路径,GP 源内重加权,沉积后,仅历史来源路径包含的边,2,1.0,0.0,0.0,0.0,0.0
不使用 GP 产生的状态,1,历史重启阶段最优路径,GP 源内重加权,沉积后,仅历史来源路径包含的边,3,1.0,0.0,0.0,0.0,0.0
不使用 GP 产生的状态,1,历史重启阶段最优路径,GP 源内重加权,沉积后,仅历史来源路径包含的边,4,1.0,0.0,0.0,0.0,0.0
不使用 GP 产生的状态,1,历史重启阶段最优路径,GP 源内重加权,沉积后,仅历史来源路径包含的边,5,1.0,0.0,0.0,0.0,0.0
不使用 GP 产生的状态,1,历史重启阶段最优路径,GP 源内重加权,沉积后,仅历史来源路径包含的边,6,1.0,0.0,0.0,0.0,0.0
不使用 GP 产生的状态,1,历史重启阶段最优路径,GP 源内重加权,沉积后,仅历史来源路径包含的边,7,1.0,0.0,0.0,0.0,0.0
不使用 GP 产生的状态,1,历史重启阶段最优路径,GP 源内重加权,沉积后,仅本轮最优路径包含的边,0,1.0,0.0,0.0,0.0,0.0
不使用 GP 产生的状态,1,历史重启阶段最优路径,GP 源内重加权,沉积后,仅本轮最优路径包含的边,1,1.0,0.0,0.0,0.0,0.0
不使用 GP 产生的状态,1,历史重启阶段最优路径,GP 源内重加权,沉积后,仅本轮最优路径包含的边,2,1.0,0.0,0.0,0.0,0.0
不使用 GP 产生的状态,1,历史重启阶段最优路径,GP 源内重加权,沉积后,仅本轮最优路径包含的边,3,1.0,0.0,0.0,0.0,0.0
不使用 GP 产生的状态,1,历史重启阶段最优路径,GP 源内重加权,沉积后,仅本轮最优路径包含的边,4,1.0,0.0,0.0,0.0,0.0
不使用 GP 产生的状态,1,历史重启阶段最优路径,GP 源内重加权,沉积后,仅本轮最优路径包含的边,5,1.0,0.0,0.0,0.0,0.0
不使用 GP 产生的状态,1,历史重启阶段最优路径,GP 源内重加权,沉积后,仅本轮最优路径包含的边,6,1.0,0.0,0.0,0.0,0.0
不使用 GP 产生的状态,1,历史重启阶段最优路径,GP 源内重加权,沉积后,仅本轮最优路径包含的边,7,1.0,0.0,0.0,0.0,0.0
不使用 GP 产生的状态,1,历史重启阶段最优路径,GP 源内重加权,沉积后,其他候选弧,0,1.0,0.0,0.0,0.0,0.0
不使用 GP 产生的状态,1,历史重启阶段最优路径,GP 源内重加权,沉积后,其他候选弧,1,1.0,0.0,0.0,0.0,0.0
不使用 GP 产生的状态,1,历史重启阶段最优路径,GP 源内重加权,沉积后,其他候选弧,2,1.0,0.0,0.0,0.0,0.0
不使用 GP 产生的状态,1,历史重启阶段最优路径,GP 源内重加权,沉积后,其他候选弧,3,1.0,0.0,0.0,0.0,0.0
不使用 GP 产生的状态,1,历史重启阶段最优路径,GP 源内重加权,沉积后,其他候选弧,4,1.0,0.0,0.0,0.0,0.0
不使用 GP 产生的状态,1,历史重启阶段最优路径,GP 源内重加权,沉积后,其他候选弧,5,1.0,0.0,0.0,0.0,0.0
不使用 GP 产生的状态,1,历史重启阶段最优路径,GP 源内重加权,沉积后,其他候选弧,6,1.0,0.0,0.0,0.0,0.0
不使用 GP 产生的状态,1,历史重启阶段最优路径,GP 源内重加权,沉积后,其他候选弧,7,1.0,0.0,0.0,0.0,0.0
不使用 GP 产生的状态,1,历史重启阶段最优路径,GP 源内重加权,蒸发和下界保护后,两条来源路径共有边,0,1.0,0.0,0.0,0.0,0.0
不使用 GP 产生的状态,1,历史重启阶段最优路径,GP 源内重加权,蒸发和下界保护后,两条来源路径共有边,1,1.0,0.0,0.0,0.0,0.0
不使用 GP 产生的状态,1,历史重启阶段最优路径,GP 源内重加权,蒸发和下界保护后,两条来源路径共有边,2,1.0,0.0,0.0,0.0,0.0
不使用 GP 产生的状态,1,历史重启阶段最优路径,GP 源内重加权,蒸发和下界保护后,两条来源路径共有边,3,1.0,0.0,0.0,0.0,0.0
不使用 GP 产生的状态,1,历史重启阶段最优路径,GP 源内重加权,蒸发和下界保护后,两条来源路径共有边,4,1.0,0.0,0.0,0.0,0.0
不使用 GP 产生的状态,1,历史重启阶段最优路径,GP 源内重加权,蒸发和下界保护后,两条来源路径共有边,5,1.0,0.0,0.0,0.0,0.0
不使用 GP 产生的状态,1,历史重启阶段最优路径,GP 源内重加权,蒸发和下界保护后,两条来源路径共有边,6,1.0,0.0,0.0,0.0,0.0
不使用 GP 产生的状态,1,历史重启阶段最优路径,GP 源内重加权,蒸发和下界保护后,两条来源路径共有边,7,1.0,0.0,0.0,0.0,0.0
不使用 GP 产生的状态,1,历史重启阶段最优路径,GP 源内重加权,蒸发和下界保护后,仅历史来源路径包含的边,0,1.0,0.0,0.0,0.0,0.0
不使用 GP 产生的状态,1,历史重启阶段最优路径,GP 源内重加权,蒸发和下界保护后,仅历史来源路径包含的边,1,1.0,0.0,0.0,0.0,0.0
不使用 GP 产生的状态,1,历史重启阶段最优路径,GP 源内重加权,蒸发和下界保护后,仅历史来源路径包含的边,2,1.0,0.0,0.0,0.0,0.0
不使用 GP 产生的状态,1,历史重启阶段最优路径,GP 源内重加权,蒸发和下界保护后,仅历史来源路径包含的边,3,1.0,0.0,0.0,0.0,0.0
不使用 GP 产生的状态,1,历史重启阶段最优路径,GP 源内重加权,蒸发和下界保护后,仅历史来源路径包含的边,4,1.0,0.0,0.0,0.0,0.0
不使用 GP 产生的状态,1,历史重启阶段最优路径,GP 源内重加权,蒸发和下界保护后,仅历史来源路径包含的边,5,1.0,0.0,0.0,0.0,0.0
不使用 GP 产生的状态,1,历史重启阶段最优路径,GP 源内重加权,蒸发和下界保护后,仅历史来源路径包含的边,6,1.0,0.0,0.0,0.0,0.0
不使用 GP 产生的状态,1,历史重启阶段最优路径,GP 源内重加权,蒸发和下界保护后,仅历史来源路径包含的边,7,1.0,0.0,0.0,0.0,0.0
不使用 GP 产生的状态,1,历史重启阶段最优路径,GP 源内重加权,蒸发和下界保护后,仅本轮最优路径包含的边,0,1.0,0.0,0.0,0.0,0.0
不使用 GP 产生的状态,1,历史重启阶段最优路径,GP 源内重加权,蒸发和下界保护后,仅本轮最优路径包含的边,1,1.0,0.0,0.0,0.0,0.0
不使用 GP 产生的状态,1,历史重启阶段最优路径,GP 源内重加权,蒸发和下界保护后,仅本轮最优路径包含的边,2,1.0,0.0,0.0,0.0,0.0
不使用 GP 产生的状态,1,历史重启阶段最优路径,GP 源内重加权,蒸发和下界保护后,仅本轮最优路径包含的边,3,1.0,0.0,0.0,0.0,0.0
不使用 GP 产生的状态,1,历史重启阶段最优路径,GP 源内重加权,蒸发和下界保护后,仅本轮最优路径包含的边,4,1.0,0.0,0.0,0.0,0.0
不使用 GP 产生的状态,1,历史重启阶段最优路径,GP 源内重加权,蒸发和下界保护后,仅本轮最优路径包含的边,5,1.0,0.0,0.0,0.0,0.0
不使用 GP 产生的状态,1,历史重启阶段最优路径,GP 源内重加权,蒸发和下界保护后,仅本轮最优路径包含的边,6,1.0,0.0,0.0,0.0,0.0
不使用 GP 产生的状态,1,历史重启阶段最优路径,GP 源内重加权,蒸发和下界保护后,仅本轮最优路径包含的边,7,1.0,0.0,0.0,0.0,0.0
不使用 GP 产生的状态,1,历史重启阶段最优路径,GP 源内重加权,蒸发和下界保护后,其他候选弧,0,1.0,0.0,0.0,0.0,0.0
不使用 GP 产生的状态,1,历史重启阶段最优路径,GP 源内重加权,蒸发和下界保护后,其他候选弧,1,1.0,0.0,0.0,0.0,0.0
不使用 GP 产生的状态,1,历史重启阶段最优路径,GP 源内重加权,蒸发和下界保护后,其他候选弧,2,1.0,0.0,0.0,0.0,0.0
不使用 GP 产生的状态,1,历史重启阶段最优路径,GP 源内重加权,蒸发和下界保护后,其他候选弧,3,1.0,0.0,0.0,0.0,0.0
不使用 GP 产生的状态,1,历史重启阶段最优路径,GP 源内重加权,蒸发和下界保护后,其他候选弧,4,1.0,0.0,0.0,0.0,0.0
不使用 GP 产生的状态,1,历史重启阶段最优路径,GP 源内重加权,蒸发和下界保护后,其他候选弧,5,1.0,0.0,0.0,0.0,0.0
不使用 GP 产生的状态,1,历史重启阶段最优路径,GP 源内重加权,蒸发和下界保护后,其他候选弧,6,1.0,0.0,0.0,0.0,0.0
不使用 GP 产生的状态,1,历史重启阶段最优路径,GP 源内重加权,蒸发和下界保护后,其他候选弧,7,1.0,0.0,0.0,0.0,0.0
不使用 GP 产生的状态,1,历史重启阶段最优路径,GP 源内重加权,重启和可选上界处理后,两条来源路径共有边,0,1.0,0.0,0.0,0.0,0.0
不使用 GP 产生的状态,1,历史重启阶段最优路径,GP 源内重加权,重启和可选上界处理后,两条来源路径共有边,1,1.0,0.0,0.0,0.0,0.0
不使用 GP 产生的状态,1,历史重启阶段最优路径,GP 源内重加权,重启和可选上界处理后,两条来源路径共有边,2,1.0,0.0,0.0,0.0,0.0
不使用 GP 产生的状态,1,历史重启阶段最优路径,GP 源内重加权,重启和可选上界处理后,两条来源路径共有边,3,1.0,0.0,0.0,0.0,0.0
不使用 GP 产生的状态,1,历史重启阶段最优路径,GP 源内重加权,重启和可选上界处理后,两条来源路径共有边,4,1.0,0.0,0.0,0.0,0.0
不使用 GP 产生的状态,1,历史重启阶段最优路径,GP 源内重加权,重启和可选上界处理后,两条来源路径共有边,5,1.0,0.0,0.0,0.0,0.0
不使用 GP 产生的状态,1,历史重启阶段最优路径,GP 源内重加权,重启和可选上界处理后,两条来源路径共有边,6,1.0,0.0,0.0,0.0,0.0
不使用 GP 产生的状态,1,历史重启阶段最优路径,GP 源内重加权,重启和可选上界处理后,两条来源路径共有边,7,1.0,0.0,0.0,0.0,0.0
不使用 GP 产生的状态,1,历史重启阶段最优路径,GP 源内重加权,重启和可选上界处理后,仅历史来源路径包含的边,0,1.0,0.0,0.0,0.0,0.0
不使用 GP 产生的状态,1,历史重启阶段最优路径,GP 源内重加权,重启和可选上界处理后,仅历史来源路径包含的边,1,1.0,0.0,0.0,0.0,0.0
不使用 GP 产生的状态,1,历史重启阶段最优路径,GP 源内重加权,重启和可选上界处理后,仅历史来源路径包含的边,2,1.0,0.0,0.0,0.0,0.0
不使用 GP 产生的状态,1,历史重启阶段最优路径,GP 源内重加权,重启和可选上界处理后,仅历史来源路径包含的边,3,1.0,0.0,0.0,0.0,0.0
不使用 GP 产生的状态,1,历史重启阶段最优路径,GP 源内重加权,重启和可选上界处理后,仅历史来源路径包含的边,4,1.0,0.0,0.0,0.0,0.0
不使用 GP 产生的状态,1,历史重启阶段最优路径,GP 源内重加权,重启和可选上界处理后,仅历史来源路径包含的边,5,1.0,0.0,0.0,0.0,0.0
不使用 GP 产生的状态,1,历史重启阶段最优路径,GP 源内重加权,重启和可选上界处理后,仅历史来源路径包含的边,6,1.0,0.0,0.0,0.0,0.0
不使用 GP 产生的状态,1,历史重启阶段最优路径,GP 源内重加权,重启和可选上界处理后,仅历史来源路径包含的边,7,1.0,0.0,0.0,0.0,0.0
不使用 GP 产生的状态,1,历史重启阶段最优路径,GP 源内重加权,重启和可选上界处理后,仅本轮最优路径包含的边,0,1.0,0.0,0.0,0.0,0.0
不使用 GP 产生的状态,1,历史重启阶段最优路径,GP 源内重加权,重启和可选上界处理后,仅本轮最优路径包含的边,1,1.0,0.0,0.0,0.0,0.0
不使用 GP 产生的状态,1,历史重启阶段最优路径,GP 源内重加权,重启和可选上界处理后,仅本轮最优路径包含的边,2,1.0,0.0,0.0,0.0,0.0
不使用 GP 产生的状态,1,历史重启阶段最优路径,GP 源内重加权,重启和可选上界处理后,仅本轮最优路径包含的边,3,1.0,0.0,0.0,0.0,0.0
不使用 GP 产生的状态,1,历史重启阶段最优路径,GP 源内重加权,重启和可选上界处理后,仅本轮最优路径包含的边,4,1.0,0.0,0.0,0.0,0.0
不使用 GP 产生的状态,1,历史重启阶段最优路径,GP 源内重加权,重启和可选上界处理后,仅本轮最优路径包含的边,5,1.0,0.0,0.0,0.0,0.0
不使用 GP 产生的状态,1,历史重启阶段最优路径,GP 源内重加权,重启和可选上界处理后,仅本轮最优路径包含的边,6,1.0,0.0,0.0,0.0,0.0
不使用 GP 产生的状态,1,历史重启阶段最优路径,GP 源内重加权,重启和可选上界处理后,仅本轮最优路径包含的边,7,1.0,0.0,0.0,0.0,0.0
不使用 GP 产生的状态,1,历史重启阶段最优路径,GP 源内重加权,重启和可选上界处理后,其他候选弧,0,1.0,0.0,0.0,0.0,0.0
不使用 GP 产生的状态,1,历史重启阶段最优路径,GP 源内重加权,重启和可选上界处理后,其他候选弧,1,1.0,0.0,0.0,0.0,0.0
不使用 GP 产生的状态,1,历史重启阶段最优路径,GP 源内重加权,重启和可选上界处理后,其他候选弧,2,1.0,0.0,0.0,0.0,0.0
不使用 GP 产生的状态,1,历史重启阶段最优路径,GP 源内重加权,重启和可选上界处理后,其他候选弧,3,1.0,0.0,0.0,0.0,0.0
不使用 GP 产生的状态,1,历史重启阶段最优路径,GP 源内重加权,重启和可选上界处理后,其他候选弧,4,1.0,0.0,0.0,0.0,0.0
不使用 GP 产生的状态,1,历史重启阶段最优路径,GP 源内重加权,重启和可选上界处理后,其他候选弧,5,1.0,0.0,0.0,0.0,0.0
不使用 GP 产生的状态,1,历史重启阶段最优路径,GP 源内重加权,重启和可选上界处理后,其他候选弧,6,1.0,0.0,0.0,0.0,0.0
不使用 GP 产生的状态,1,历史重启阶段最优路径,GP 源内重加权,重启和可选上界处理后,其他候选弧,7,1.0,0.0,0.0,0.0,0.0
不使用 GP 产生的状态,1,历史重启阶段最优路径,来源内均匀沉积,更新前,两条来源路径共有边,0,1.0,0.0,0.0,0.0,0.0
不使用 GP 产生的状态,1,历史重启阶段最优路径,来源内均匀沉积,更新前,两条来源路径共有边,1,1.0,0.0,0.0,0.0,0.0
不使用 GP 产生的状态,1,历史重启阶段最优路径,来源内均匀沉积,更新前,两条来源路径共有边,2,1.0,0.0,0.0,0.0,0.0
不使用 GP 产生的状态,1,历史重启阶段最优路径,来源内均匀沉积,更新前,两条来源路径共有边,3,1.0,0.0,0.0,0.0,0.0
不使用 GP 产生的状态,1,历史重启阶段最优路径,来源内均匀沉积,更新前,两条来源路径共有边,4,1.0,0.0,0.0,0.0,0.0
不使用 GP 产生的状态,1,历史重启阶段最优路径,来源内均匀沉积,更新前,两条来源路径共有边,5,1.0,0.0,0.0,0.0,0.0
不使用 GP 产生的状态,1,历史重启阶段最优路径,来源内均匀沉积,更新前,两条来源路径共有边,6,1.0,0.0,0.0,0.0,0.0
不使用 GP 产生的状态,1,历史重启阶段最优路径,来源内均匀沉积,更新前,两条来源路径共有边,7,1.0,0.0,0.0,0.0,0.0
不使用 GP 产生的状态,1,历史重启阶段最优路径,来源内均匀沉积,更新前,仅历史来源路径包含的边,0,1.0,0.0,0.0,0.0,0.0
不使用 GP 产生的状态,1,历史重启阶段最优路径,来源内均匀沉积,更新前,仅历史来源路径包含的边,1,1.0,0.0,0.0,0.0,0.0
不使用 GP 产生的状态,1,历史重启阶段最优路径,来源内均匀沉积,更新前,仅历史来源路径包含的边,2,1.0,0.0,0.0,0.0,0.0
不使用 GP 产生的状态,1,历史重启阶段最优路径,来源内均匀沉积,更新前,仅历史来源路径包含的边,3,1.0,0.0,0.0,0.0,0.0
不使用 GP 产生的状态,1,历史重启阶段最优路径,来源内均匀沉积,更新前,仅历史来源路径包含的边,4,1.0,0.0,0.0,0.0,0.0
不使用 GP 产生的状态,1,历史重启阶段最优路径,来源内均匀沉积,更新前,仅历史来源路径包含的边,5,1.0,0.0,0.0,0.0,0.0
不使用 GP 产生的状态,1,历史重启阶段最优路径,来源内均匀沉积,更新前,仅历史来源路径包含的边,6,1.0,0.0,0.0,0.0,0.0
不使用 GP 产生的状态,1,历史重启阶段最优路径,来源内均匀沉积,更新前,仅历史来源路径包含的边,7,1.0,0.0,0.0,0.0,0.0
不使用 GP 产生的状态,1,历史重启阶段最优路径,来源内均匀沉积,更新前,仅本轮最优路径包含的边,0,1.0,0.0,0.0,0.0,0.0
不使用 GP 产生的状态,1,历史重启阶段最优路径,来源内均匀沉积,更新前,仅本轮最优路径包含的边,1,1.0,0.0,0.0,0.0,0.0
不使用 GP 产生的状态,1,历史重启阶段最优路径,来源内均匀沉积,更新前,仅本轮最优路径包含的边,2,1.0,0.0,0.0,0.0,0.0
不使用 GP 产生的状态,1,历史重启阶段最优路径,来源内均匀沉积,更新前,仅本轮最优路径包含的边,3,1.0,0.0,0.0,0.0,0.0
不使用 GP 产生的状态,1,历史重启阶段最优路径,来源内均匀沉积,更新前,仅本轮最优路径包含的边,4,1.0,0.0,0.0,0.0,0.0
不使用 GP 产生的状态,1,历史重启阶段最优路径,来源内均匀沉积,更新前,仅本轮最优路径包含的边,5,1.0,0.0,0.0,0.0,0.0
不使用 GP 产生的状态,1,历史重启阶段最优路径,来源内均匀沉积,更新前,仅本轮最优路径包含的边,6,1.0,0.0,0.0,0.0,0.0
不使用 GP 产生的状态,1,历史重启阶段最优路径,来源内均匀沉积,更新前,仅本轮最优路径包含的边,7,1.0,0.0,0.0,0.0,0.0
不使用 GP 产生的状态,1,历史重启阶段最优路径,来源内均匀沉积,更新前,其他候选弧,0,1.0,0.0,0.0,0.0,0.0
不使用 GP 产生的状态,1,历史重启阶段最优路径,来源内均匀沉积,更新前,其他候选弧,1,1.0,0.0,0.0,0.0,0.0
不使用 GP 产生的状态,1,历史重启阶段最优路径,来源内均匀沉积,更新前,其他候选弧,2,1.0,0.0,0.0,0.0,0.0
不使用 GP 产生的状态,1,历史重启阶段最优路径,来源内均匀沉积,更新前,其他候选弧,3,1.0,0.0,0.0,0.0,0.0
不使用 GP 产生的状态,1,历史重启阶段最优路径,来源内均匀沉积,更新前,其他候选弧,4,1.0,0.0,0.0,0.0,0.0
不使用 GP 产生的状态,1,历史重启阶段最优路径,来源内均匀沉积,更新前,其他候选弧,5,1.0,0.0,0.0,0.0,0.0
不使用 GP 产生的状态,1,历史重启阶段最优路径,来源内均匀沉积,更新前,其他候选弧,6,1.0,0.0,0.0,0.0,0.0
不使用 GP 产生的状态,1,历史重启阶段最优路径,来源内均匀沉积,更新前,其他候选弧,7,1.0,0.0,0.0,0.0,0.0
不使用 GP 产生的状态,1,历史重启阶段最优路径,来源内均匀沉积,沉积后,两条来源路径共有边,0,1.0,0.0,0.0,0.0,0.0
不使用 GP 产生的状态,1,历史重启阶段最优路径,来源内均匀沉积,沉积后,两条来源路径共有边,1,1.0,0.0,0.0,0.0,0.0
不使用 GP 产生的状态,1,历史重启阶段最优路径,来源内均匀沉积,沉积后,两条来源路径共有边,2,1.0,0.0,0.0,0.0,0.0
不使用 GP 产生的状态,1,历史重启阶段最优路径,来源内均匀沉积,沉积后,两条来源路径共有边,3,1.0,0.0,0.0,0.0,0.0
不使用 GP 产生的状态,1,历史重启阶段最优路径,来源内均匀沉积,沉积后,两条来源路径共有边,4,1.0,0.0,0.0,0.0,0.0
不使用 GP 产生的状态,1,历史重启阶段最优路径,来源内均匀沉积,沉积后,两条来源路径共有边,5,1.0,0.0,0.0,0.0,0.0
不使用 GP 产生的状态,1,历史重启阶段最优路径,来源内均匀沉积,沉积后,两条来源路径共有边,6,1.0,0.0,0.0,0.0,0.0
不使用 GP 产生的状态,1,历史重启阶段最优路径,来源内均匀沉积,沉积后,两条来源路径共有边,7,1.0,0.0,0.0,0.0,0.0
不使用 GP 产生的状态,1,历史重启阶段最优路径,来源内均匀沉积,沉积后,仅历史来源路径包含的边,0,1.0,0.0,0.0,0.0,0.0
不使用 GP 产生的状态,1,历史重启阶段最优路径,来源内均匀沉积,沉积后,仅历史来源路径包含的边,1,1.0,0.0,0.0,0.0,0.0
不使用 GP 产生的状态,1,历史重启阶段最优路径,来源内均匀沉积,沉积后,仅历史来源路径包含的边,2,1.0,0.0,0.0,0.0,0.0
不使用 GP 产生的状态,1,历史重启阶段最优路径,来源内均匀沉积,沉积后,仅历史来源路径包含的边,3,1.0,0.0,0.0,0.0,0.0
不使用 GP 产生的状态,1,历史重启阶段最优路径,来源内均匀沉积,沉积后,仅历史来源路径包含的边,4,1.0,0.0,0.0,0.0,0.0
不使用 GP 产生的状态,1,历史重启阶段最优路径,来源内均匀沉积,沉积后,仅历史来源路径包含的边,5,1.0,0.0,0.0,0.0,0.0
不使用 GP 产生的状态,1,历史重启阶段最优路径,来源内均匀沉积,沉积后,仅历史来源路径包含的边,6,1.0,0.0,0.0,0.0,0.0
不使用 GP 产生的状态,1,历史重启阶段最优路径,来源内均匀沉积,沉积后,仅历史来源路径包含的边,7,1.0,0.0,0.0,0.0,0.0
不使用 GP 产生的状态,1,历史重启阶段最优路径,来源内均匀沉积,沉积后,仅本轮最优路径包含的边,0,1.0,0.0,0.0,0.0,0.0
不使用 GP 产生的状态,1,历史重启阶段最优路径,来源内均匀沉积,沉积后,仅本轮最优路径包含的边,1,1.0,0.0,0.0,0.0,0.0
不使用 GP 产生的状态,1,历史重启阶段最优路径,来源内均匀沉积,沉积后,仅本轮最优路径包含的边,2,1.0,0.0,0.0,0.0,0.0
不使用 GP 产生的状态,1,历史重启阶段最优路径,来源内均匀沉积,沉积后,仅本轮最优路径包含的边,3,1.0,0.0,0.0,0.0,0.0
不使用 GP 产生的状态,1,历史重启阶段最优路径,来源内均匀沉积,沉积后,仅本轮最优路径包含的边,4,1.0,0.0,0.0,0.0,0.0
不使用 GP 产生的状态,1,历史重启阶段最优路径,来源内均匀沉积,沉积后,仅本轮最优路径包含的边,5,1.0,0.0,0.0,0.0,0.0
不使用 GP 产生的状态,1,历史重启阶段最优路径,来源内均匀沉积,沉积后,仅本轮最优路径包含的边,6,1.0,0.0,0.0,0.0,0.0
不使用 GP 产生的状态,1,历史重启阶段最优路径,来源内均匀沉积,沉积后,仅本轮最优路径包含的边,7,1.0,0.0,0.0,0.0,0.0
不使用 GP 产生的状态,1,历史重启阶段最优路径,来源内均匀沉积,沉积后,其他候选弧,0,1.0,0.0,0.0,0.0,0.0
不使用 GP 产生的状态,1,历史重启阶段最优路径,来源内均匀沉积,沉积后,其他候选弧,1,1.0,0.0,0.0,0.0,0.0
不使用 GP 产生的状态,1,历史重启阶段最优路径,来源内均匀沉积,沉积后,其他候选弧,2,1.0,0.0,0.0,0.0,0.0
不使用 GP 产生的状态,1,历史重启阶段最优路径,来源内均匀沉积,沉积后,其他候选弧,3,1.0,0.0,0.0,0.0,0.0
不使用 GP 产生的状态,1,历史重启阶段最优路径,来源内均匀沉积,沉积后,其他候选弧,4,1.0,0.0,0.0,0.0,0.0
不使用 GP 产生的状态,1,历史重启阶段最优路径,来源内均匀沉积,沉积后,其他候选弧,5,1.0,0.0,0.0,0.0,0.0
不使用 GP 产生的状态,1,历史重启阶段最优路径,来源内均匀沉积,沉积后,其他候选弧,6,1.0,0.0,0.0,0.0,0.0
不使用 GP 产生的状态,1,历史重启阶段最优路径,来源内均匀沉积,沉积后,其他候选弧,7,1.0,0.0,0.0,0.0,0.0
不使用 GP 产生的状态,1,历史重启阶段最优路径,来源内均匀沉积,蒸发和下界保护后,两条来源路径共有边,0,1.0,0.0,0.0,0.0,0.0
不使用 GP 产生的状态,1,历史重启阶段最优路径,来源内均匀沉积,蒸发和下界保护后,两条来源路径共有边,1,1.0,0.0,0.0,0.0,0.0
不使用 GP 产生的状态,1,历史重启阶段最优路径,来源内均匀沉积,蒸发和下界保护后,两条来源路径共有边,2,1.0,0.0,0.0,0.0,0.0
不使用 GP 产生的状态,1,历史重启阶段最优路径,来源内均匀沉积,蒸发和下界保护后,两条来源路径共有边,3,1.0,0.0,0.0,0.0,0.0
不使用 GP 产生的状态,1,历史重启阶段最优路径,来源内均匀沉积,蒸发和下界保护后,两条来源路径共有边,4,1.0,0.0,0.0,0.0,0.0
不使用 GP 产生的状态,1,历史重启阶段最优路径,来源内均匀沉积,蒸发和下界保护后,两条来源路径共有边,5,1.0,0.0,0.0,0.0,0.0
不使用 GP 产生的状态,1,历史重启阶段最优路径,来源内均匀沉积,蒸发和下界保护后,两条来源路径共有边,6,1.0,0.0,0.0,0.0,0.0
不使用 GP 产生的状态,1,历史重启阶段最优路径,来源内均匀沉积,蒸发和下界保护后,两条来源路径共有边,7,1.0,0.0,0.0,0.0,0.0
不使用 GP 产生的状态,1,历史重启阶段最优路径,来源内均匀沉积,蒸发和下界保护后,仅历史来源路径包含的边,0,1.0,0.0,0.0,0.0,0.0
不使用 GP 产生的状态,1,历史重启阶段最优路径,来源内均匀沉积,蒸发和下界保护后,仅历史来源路径包含的边,1,1.0,0.0,0.0,0.0,0.0
不使用 GP 产生的状态,1,历史重启阶段最优路径,来源内均匀沉积,蒸发和下界保护后,仅历史来源路径包含的边,2,1.0,0.0,0.0,0.0,0.0
不使用 GP 产生的状态,1,历史重启阶段最优路径,来源内均匀沉积,蒸发和下界保护后,仅历史来源路径包含的边,3,1.0,0.0,0.0,0.0,0.0
不使用 GP 产生的状态,1,历史重启阶段最优路径,来源内均匀沉积,蒸发和下界保护后,仅历史来源路径包含的边,4,1.0,0.0,0.0,0.0,0.0
不使用 GP 产生的状态,1,历史重启阶段最优路径,来源内均匀沉积,蒸发和下界保护后,仅历史来源路径包含的边,5,1.0,0.0,0.0,0.0,0.0
不使用 GP 产生的状态,1,历史重启阶段最优路径,来源内均匀沉积,蒸发和下界保护后,仅历史来源路径包含的边,6,1.0,0.0,0.0,0.0,0.0
不使用 GP 产生的状态,1,历史重启阶段最优路径,来源内均匀沉积,蒸发和下界保护后,仅历史来源路径包含的边,7,1.0,0.0,0.0,0.0,0.0
不使用 GP 产生的状态,1,历史重启阶段最优路径,来源内均匀沉积,蒸发和下界保护后,仅本轮最优路径包含的边,0,1.0,0.0,0.0,0.0,0.0
不使用 GP 产生的状态,1,历史重启阶段最优路径,来源内均匀沉积,蒸发和下界保护后,仅本轮最优路径包含的边,1,1.0,0.0,0.0,0.0,0.0
不使用 GP 产生的状态,1,历史重启阶段最优路径,来源内均匀沉积,蒸发和下界保护后,仅本轮最优路径包含的边,2,1.0,0.0,0.0,0.0,0.0
不使用 GP 产生的状态,1,历史重启阶段最优路径,来源内均匀沉积,蒸发和下界保护后,仅本轮最优路径包含的边,3,1.0,0.0,0.0,0.0,0.0
不使用 GP 产生的状态,1,历史重启阶段最优路径,来源内均匀沉积,蒸发和下界保护后,仅本轮最优路径包含的边,4,1.0,0.0,0.0,0.0,0.0
不使用 GP 产生的状态,1,历史重启阶段最优路径,来源内均匀沉积,蒸发和下界保护后,仅本轮最优路径包含的边,5,1.0,0.0,0.0,0.0,0.0
不使用 GP 产生的状态,1,历史重启阶段最优路径,来源内均匀沉积,蒸发和下界保护后,仅本轮最优路径包含的边,6,1.0,0.0,0.0,0.0,0.0
不使用 GP 产生的状态,1,历史重启阶段最优路径,来源内均匀沉积,蒸发和下界保护后,仅本轮最优路径包含的边,7,1.0,0.0,0.0,0.0,0.0
不使用 GP 产生的状态,1,历史重启阶段最优路径,来源内均匀沉积,蒸发和下界保护后,其他候选弧,0,1.0,0.0,0.0,0.0,0.0
不使用 GP 产生的状态,1,历史重启阶段最优路径,来源内均匀沉积,蒸发和下界保护后,其他候选弧,1,1.0,0.0,0.0,0.0,0.0
不使用 GP 产生的状态,1,历史重启阶段最优路径,来源内均匀沉积,蒸发和下界保护后,其他候选弧,2,1.0,0.0,0.0,0.0,0.0
不使用 GP 产生的状态,1,历史重启阶段最优路径,来源内均匀沉积,蒸发和下界保护后,其他候选弧,3,1.0,0.0,0.0,0.0,0.0
不使用 GP 产生的状态,1,历史重启阶段最优路径,来源内均匀沉积,蒸发和下界保护后,其他候选弧,4,1.0,0.0,0.0,0.0,0.0
不使用 GP 产生的状态,1,历史重启阶段最优路径,来源内均匀沉积,蒸发和下界保护后,其他候选弧,5,1.0,0.0,0.0,0.0,0.0
不使用 GP 产生的状态,1,历史重启阶段最优路径,来源内均匀沉积,蒸发和下界保护后,其他候选弧,6,1.0,0.0,0.0,0.0,0.0
不使用 GP 产生的状态,1,历史重启阶段最优路径,来源内均匀沉积,蒸发和下界保护后,其他候选弧,7,1.0,0.0,0.0,0.0,0.0
不使用 GP 产生的状态,1,历史重启阶段最优路径,来源内均匀沉积,重启和可选上界处理后,两条来源路径共有边,0,1.0,0.0,0.0,0.0,0.0
不使用 GP 产生的状态,1,历史重启阶段最优路径,来源内均匀沉积,重启和可选上界处理后,两条来源路径共有边,1,1.0,0.0,0.0,0.0,0.0
不使用 GP 产生的状态,1,历史重启阶段最优路径,来源内均匀沉积,重启和可选上界处理后,两条来源路径共有边,2,1.0,0.0,0.0,0.0,0.0
不使用 GP 产生的状态,1,历史重启阶段最优路径,来源内均匀沉积,重启和可选上界处理后,两条来源路径共有边,3,1.0,0.0,0.0,0.0,0.0
不使用 GP 产生的状态,1,历史重启阶段最优路径,来源内均匀沉积,重启和可选上界处理后,两条来源路径共有边,4,1.0,0.0,0.0,0.0,0.0
不使用 GP 产生的状态,1,历史重启阶段最优路径,来源内均匀沉积,重启和可选上界处理后,两条来源路径共有边,5,1.0,0.0,0.0,0.0,0.0
不使用 GP 产生的状态,1,历史重启阶段最优路径,来源内均匀沉积,重启和可选上界处理后,两条来源路径共有边,6,1.0,0.0,0.0,0.0,0.0
不使用 GP 产生的状态,1,历史重启阶段最优路径,来源内均匀沉积,重启和可选上界处理后,两条来源路径共有边,7,1.0,0.0,0.0,0.0,0.0
不使用 GP 产生的状态,1,历史重启阶段最优路径,来源内均匀沉积,重启和可选上界处理后,仅历史来源路径包含的边,0,1.0,0.0,0.0,0.0,0.0
不使用 GP 产生的状态,1,历史重启阶段最优路径,来源内均匀沉积,重启和可选上界处理后,仅历史来源路径包含的边,1,1.0,0.0,0.0,0.0,0.0
不使用 GP 产生的状态,1,历史重启阶段最优路径,来源内均匀沉积,重启和可选上界处理后,仅历史来源路径包含的边,2,1.0,0.0,0.0,0.0,0.0
不使用 GP 产生的状态,1,历史重启阶段最优路径,来源内均匀沉积,重启和可选上界处理后,仅历史来源路径包含的边,3,1.0,0.0,0.0,0.0,0.0
不使用 GP 产生的状态,1,历史重启阶段最优路径,来源内均匀沉积,重启和可选上界处理后,仅历史来源路径包含的边,4,1.0,0.0,0.0,0.0,0.0
不使用 GP 产生的状态,1,历史重启阶段最优路径,来源内均匀沉积,重启和可选上界处理后,仅历史来源路径包含的边,5,1.0,0.0,0.0,0.0,0.0
不使用 GP 产生的状态,1,历史重启阶段最优路径,来源内均匀沉积,重启和可选上界处理后,仅历史来源路径包含的边,6,1.0,0.0,0.0,0.0,0.0
不使用 GP 产生的状态,1,历史重启阶段最优路径,来源内均匀沉积,重启和可选上界处理后,仅历史来源路径包含的边,7,1.0,0.0,0.0,0.0,0.0
不使用 GP 产生的状态,1,历史重启阶段最优路径,来源内均匀沉积,重启和可选上界处理后,仅本轮最优路径包含的边,0,1.0,0.0,0.0,0.0,0.0
不使用 GP 产生的状态,1,历史重启阶段最优路径,来源内均匀沉积,重启和可选上界处理后,仅本轮最优路径包含的边,1,1.0,0.0,0.0,0.0,0.0
不使用 GP 产生的状态,1,历史重启阶段最优路径,来源内均匀沉积,重启和可选上界处理后,仅本轮最优路径包含的边,2,1.0,0.0,0.0,0.0,0.0
不使用 GP 产生的状态,1,历史重启阶段最优路径,来源内均匀沉积,重启和可选上界处理后,仅本轮最优路径包含的边,3,1.0,0.0,0.0,0.0,0.0
不使用 GP 产生的状态,1,历史重启阶段最优路径,来源内均匀沉积,重启和可选上界处理后,仅本轮最优路径包含的边,4,1.0,0.0,0.0,0.0,0.0
不使用 GP 产生的状态,1,历史重启阶段最优路径,来源内均匀沉积,重启和可选上界处理后,仅本轮最优路径包含的边,5,1.0,0.0,0.0,0.0,0.0
不使用 GP 产生的状态,1,历史重启阶段最优路径,来源内均匀沉积,重启和可选上界处理后,仅本轮最优路径包含的边,6,1.0,0.0,0.0,0.0,0.0
不使用 GP 产生的状态,1,历史重启阶段最优路径,来源内均匀沉积,重启和可选上界处理后,仅本轮最优路径包含的边,7,1.0,0.0,0.0,0.0,0.0
不使用 GP 产生的状态,1,历史重启阶段最优路径,来源内均匀沉积,重启和可选上界处理后,其他候选弧,0,1.0,0.0,0.0,0.0,0.0
不使用 GP 产生的状态,1,历史重启阶段最优路径,来源内均匀沉积,重启和可选上界处理后,其他候选弧,1,1.0,0.0,0.0,0.0,0.0
不使用 GP 产生的状态,1,历史重启阶段最优路径,来源内均匀沉积,重启和可选上界处理后,其他候选弧,2,1.0,0.0,0.0,0.0,0.0
不使用 GP 产生的状态,1,历史重启阶段最优路径,来源内均匀沉积,重启和可选上界处理后,其他候选弧,3,1.0,0.0,0.0,0.0,0.0
不使用 GP 产生的状态,1,历史重启阶段最优路径,来源内均匀沉积,重启和可选上界处理后,其他候选弧,4,1.0,0.0,0.0,0.0,0.0
不使用 GP 产生的状态,1,历史重启阶段最优路径,来源内均匀沉积,重启和可选上界处理后,其他候选弧,5,1.0,0.0,0.0,0.0,0.0
不使用 GP 产生的状态,1,历史重启阶段最优路径,来源内均匀沉积,重启和可选上界处理后,其他候选弧,6,1.0,0.0,0.0,0.0,0.0
不使用 GP 产生的状态,1,历史重启阶段最优路径,来源内均匀沉积,重启和可选上界处理后,其他候选弧,7,1.0,0.0,0.0,0.0,0.0
不使用 GP 产生的状态,100,历史全局最优路径,GP 源内重加权,更新前,两条来源路径共有边,0,0.888,0.0,0.0,0.0,0.0
不使用 GP 产生的状态,100,历史全局最优路径,GP 源内重加权,更新前,两条来源路径共有边,1,0.828,0.0,0.0,0.0,0.0
不使用 GP 产生的状态,100,历史全局最优路径,GP 源内重加权,更新前,两条来源路径共有边,2,0.8866666666666666,0.0,0.0,0.0,0.0
不使用 GP 产生的状态,100,历史全局最优路径,GP 源内重加权,更新前,两条来源路径共有边,3,0.854,0.0,0.0,0.0,0.0
不使用 GP 产生的状态,100,历史全局最优路径,GP 源内重加权,更新前,两条来源路径共有边,4,0.8979999999999999,0.0,0.0,0.0,0.0
不使用 GP 产生的状态,100,历史全局最优路径,GP 源内重加权,更新前,两条来源路径共有边,5,0.846,0.0,0.0,0.0,0.0
不使用 GP 产生的状态,100,历史全局最优路径,GP 源内重加权,更新前,两条来源路径共有边,6,0.9646666666666667,0.0,0.0,0.0,0.0
不使用 GP 产生的状态,100,历史全局最优路径,GP 源内重加权,更新前,两条来源路径共有边,7,0.8466666666666667,0.0,0.0,0.0,0.0
不使用 GP 产生的状态,100,历史全局最优路径,GP 源内重加权,更新前,仅历史来源路径包含的边,0,0.888,0.0,0.0,0.0,0.0
不使用 GP 产生的状态,100,历史全局最优路径,GP 源内重加权,更新前,仅历史来源路径包含的边,1,0.828,0.0,0.0,0.0,0.0
不使用 GP 产生的状态,100,历史全局最优路径,GP 源内重加权,更新前,仅历史来源路径包含的边,2,0.8866666666666666,0.0,0.0,0.0,0.0
不使用 GP 产生的状态,100,历史全局最优路径,GP 源内重加权,更新前,仅历史来源路径包含的边,3,0.854,0.0,0.0,0.0,0.0
不使用 GP 产生的状态,100,历史全局最优路径,GP 源内重加权,更新前,仅历史来源路径包含的边,4,0.8979999999999999,0.0,0.0,0.0,0.0
不使用 GP 产生的状态,100,历史全局最优路径,GP 源内重加权,更新前,仅历史来源路径包含的边,5,0.846,0.0,0.0,0.0,0.0
不使用 GP 产生的状态,100,历史全局最优路径,GP 源内重加权,更新前,仅历史来源路径包含的边,6,0.9646666666666667,0.0,0.0,0.0,0.0
不使用 GP 产生的状态,100,历史全局最优路径,GP 源内重加权,更新前,仅历史来源路径包含的边,7,0.8466666666666667,0.0,0.0,0.0,0.0
不使用 GP 产生的状态,100,历史全局最优路径,GP 源内重加权,更新前,仅本轮最优路径包含的边,0,0.888,0.0,0.0,0.0,0.0
不使用 GP 产生的状态,100,历史全局最优路径,GP 源内重加权,更新前,仅本轮最优路径包含的边,1,0.828,0.0,0.0,0.0,0.0
不使用 GP 产生的状态,100,历史全局最优路径,GP 源内重加权,更新前,仅本轮最优路径包含的边,2,0.8866666666666666,0.0,0.0,0.0,0.0
不使用 GP 产生的状态,100,历史全局最优路径,GP 源内重加权,更新前,仅本轮最优路径包含的边,3,0.854,0.0,0.0,0.0,0.0
不使用 GP 产生的状态,100,历史全局最优路径,GP 源内重加权,更新前,仅本轮最优路径包含的边,4,0.8979999999999999,0.0,0.0,0.0,0.0
不使用 GP 产生的状态,100,历史全局最优路径,GP 源内重加权,更新前,仅本轮最优路径包含的边,5,0.846,0.0,0.0,0.0,0.0
不使用 GP 产生的状态,100,历史全局最优路径,GP 源内重加权,更新前,仅本轮最优路径包含的边,6,0.9646666666666667,0.0,0.0,0.0,0.0
不使用 GP 产生的状态,100,历史全局最优路径,GP 源内重加权,更新前,仅本轮最优路径包含的边,7,0.8466666666666667,0.0,0.0,0.0,0.0
不使用 GP 产生的状态,100,历史全局最优路径,GP 源内重加权,更新前,其他候选弧,0,0.888,0.0,0.0,0.0,0.0
不使用 GP 产生的状态,100,历史全局最优路径,GP 源内重加权,更新前,其他候选弧,1,0.828,0.0,0.0,0.0,0.0
不使用 GP 产生的状态,100,历史全局最优路径,GP 源内重加权,更新前,其他候选弧,2,0.8866666666666666,0.0,0.0,0.0,0.0
不使用 GP 产生的状态,100,历史全局最优路径,GP 源内重加权,更新前,其他候选弧,3,0.854,0.0,0.0,0.0,0.0
不使用 GP 产生的状态,100,历史全局最优路径,GP 源内重加权,更新前,其他候选弧,4,0.8979999999999999,0.0,0.0,0.0,0.0
不使用 GP 产生的状态,100,历史全局最优路径,GP 源内重加权,更新前,其他候选弧,5,0.846,0.0,0.0,0.0,0.0
不使用 GP 产生的状态,100,历史全局最优路径,GP 源内重加权,更新前,其他候选弧,6,0.9646666666666667,0.0,0.0,0.0,0.0
不使用 GP 产生的状态,100,历史全局最优路径,GP 源内重加权,更新前,其他候选弧,7,0.8466666666666667,0.0,0.0,0.0,0.0
不使用 GP 产生的状态,100,历史全局最优路径,GP 源内重加权,沉积后,两条来源路径共有边,0,0.888,-0.015332924314314616,0.015480650846518852,-0.001026126992193361,0.0010355728794367077
不使用 GP 产生的状态,100,历史全局最优路径,GP 源内重加权,沉积后,两条来源路径共有边,1,0.828,-0.02104547442792902,0.021047807300609463,-0.0014766591997674517,0.001476816768328653
不使用 GP 产生的状态,100,历史全局最优路径,GP 源内重加权,沉积后,两条来源路径共有边,2,0.8866666666666666,-0.013694515840584967,0.01371191944134207,-0.000918429992202444,0.0009196160862873588
不使用 GP 产生的状态,100,历史全局最优路径,GP 源内重加权,沉积后,两条来源路径共有边,3,0.854,-0.020705344525946655,0.0207148129459628,-0.0014111414868706507,0.001411797076007017
不使用 GP 产生的状态,100,历史全局最优路径,GP 源内重加权,沉积后,两条来源路径共有边,4,0.8979999999999999,-0.013557564609565627,0.013591709848496962,-0.0009274988068859219,0.0009297640701797721
不使用 GP 产生的状态,100,历史全局最优路径,GP 源内重加权,沉积后,两条来源路径共有边,5,0.846,-0.018021833366961768,0.018022922869679513,-0.0012727093791580224,0.0012727865182908904
不使用 GP 产生的状态,100,历史全局最优路径,GP 源内重加权,沉积后,两条来源路径共有边,6,0.9646666666666667,-0.005141648301770669,0.005141648301770669,-0.00034519407010155477,0.00034519407010155477
不使用 GP 产生的状态,100,历史全局最优路径,GP 源内重加权,沉积后,两条来源路径共有边,7,0.8466666666666667,-0.01899439170972814,0.019042286181779604,-0.0013157066398462266,0.001319068492535069
不使用 GP 产生的状态,100,历史全局最优路径,GP 源内重加权,沉积后,仅历史来源路径包含的边,0,0.888,0.09157273203598565,0.09157273203598565,0.0478706446158064,0.0478706446158064
不使用 GP 产生的状态,100,历史全局最优路径,GP 源内重加权,沉积后,仅历史来源路径包含的边,1,0.828,0.1431637377753639,0.1431637377753639,0.04799628857506355,0.04799628857506355
不使用 GP 产生的状态,100,历史全局最优路径,GP 源内重加权,沉积后,仅历史来源路径包含的边,2,0.8866666666666666,0.09411769059016648,0.09411769059016648,0.04934234187746675,0.04934234187746675
不使用 GP 产生的状态,100,历史全局最优路径,GP 源内重加权,沉积后,仅历史来源路径包含的边,3,0.854,0.12158813357867289,0.12158813357867289,0.048389811710667,0.048389811710667
不使用 GP 产生的状态,100,历史全局最优路径,GP 源内重加权,沉积后,仅历史来源路径包含的边,4,0.8979999999999999,0.08320691986673083,0.08320691986673083,0.048462405501951994,0.048462405501951994
不使用 GP 产生的状态,100,历史全局最优路径,GP 源内重加权,沉积后,仅历史来源路径包含的边,5,0.846,0.12767896866993544,0.12767896866993544,0.04929495928536811,0.04929495928536811
不使用 GP 产生的状态,100,历史全局最优路径,GP 源内重加权,沉积后,仅历史来源路径包含的边,6,0.9646666666666667,0.029282732756850418,0.029282732756850418,0.01658075176319986,0.01658075176319986
不使用 GP 产生的状态,100,历史全局最优路径,GP 源内重加权,沉积后,仅历史来源路径包含的边,7,0.8466666666666667,0.1272122215204718,0.1272122215204718,0.0484420901375069,0.0484420901375069
不使用 GP 产生的状态,100,历史全局最优路径,GP 源内重加权,沉积后,仅本轮最优路径包含的边,0,0.888,-0.07623964501420816,0.07623964501420816,-0.040127746487588135,0.040127746487588135
不使用 GP 产生的状态,100,历史全局最优路径,GP 源内重加权,沉积后,仅本轮最优路径包含的边,1,0.828,-0.12211803156711754,0.12211803156711754,-0.041027004816378526,0.041027004816378526
不使用 GP 产生的状态,100,历史全局最优路径,GP 源内重加权,沉积后,仅本轮最优路径包含的边,2,0.8866666666666666,-0.08042267658663044,0.08042267658663044,-0.041978767379009685,0.041978767379009685
不使用 GP 产生的状态,100,历史全局最优路径,GP 源内重加权,沉积后,仅本轮最优路径包含的边,3,0.854,-0.10088254766532531,0.10088254766532531,-0.040017975571023726,0.040017975571023726
不使用 GP 产生的状态,100,历史全局最优路径,GP 源内重加权,沉积后,仅本轮最优路径包含的边,4,0.8979999999999999,-0.06965038218944268,0.06965038218944268,-0.041422959539969835,0.041422959539969835
不使用 GP 产生的状态,100,历史全局最优路径,GP 源内重加权,沉积后,仅本轮最优路径包含的边,5,0.846,-0.10965700934517371,0.10965700934517371,-0.04225052983352106,0.04225052983352106
不使用 GP 产生的状态,100,历史全局最优路径,GP 源内重加权,沉积后,仅本轮最优路径包含的边,6,0.9646666666666667,-0.024141193115007592,0.024141193115007592,-0.013669459528628488,0.013669459528628488
不使用 GP 产生的状态,100,历史全局最优路径,GP 源内重加权,沉积后,仅本轮最优路径包含的边,7,0.8466666666666667,-0.10821820890504977,0.10821820890504977,-0.041202551794647074,0.041202551794647074
不使用 GP 产生的状态,100,历史全局最优路径,GP 源内重加权,沉积后,其他候选弧,0,0.888,0.0,0.0,0.0,0.0
不使用 GP 产生的状态,100,历史全局最优路径,GP 源内重加权,沉积后,其他候选弧,1,0.828,0.0,0.0,0.0,0.0
不使用 GP 产生的状态,100,历史全局最优路径,GP 源内重加权,沉积后,其他候选弧,2,0.8866666666666666,0.0,0.0,0.0,0.0
不使用 GP 产生的状态,100,历史全局最优路径,GP 源内重加权,沉积后,其他候选弧,3,0.854,0.0,0.0,0.0,0.0
不使用 GP 产生的状态,100,历史全局最优路径,GP 源内重加权,沉积后,其他候选弧,4,0.8979999999999999,0.0,0.0,0.0,0.0
不使用 GP 产生的状态,100,历史全局最优路径,GP 源内重加权,沉积后,其他候选弧,5,0.846,0.0,0.0,0.0,0.0
不使用 GP 产生的状态,100,历史全局最优路径,GP 源内重加权,沉积后,其他候选弧,6,0.9646666666666667,0.0,0.0,0.0,0.0
不使用 GP 产生的状态,100,历史全局最优路径,GP 源内重加权,沉积后,其他候选弧,7,0.8466666666666667,0.0,0.0,0.0,0.0
不使用 GP 产生的状态,100,历史全局最优路径,GP 源内重加权,蒸发和下界保护后,两条来源路径共有边,0,0.888,0.0,0.0,0.0,0.0
不使用 GP 产生的状态,100,历史全局最优路径,GP 源内重加权,蒸发和下界保护后,两条来源路径共有边,1,0.828,0.0,0.0,0.0,0.0
不使用 GP 产生的状态,100,历史全局最优路径,GP 源内重加权,蒸发和下界保护后,两条来源路径共有边,2,0.8866666666666666,0.0,0.0,0.0,0.0
不使用 GP 产生的状态,100,历史全局最优路径,GP 源内重加权,蒸发和下界保护后,两条来源路径共有边,3,0.854,0.0,0.0,0.0,0.0
不使用 GP 产生的状态,100,历史全局最优路径,GP 源内重加权,蒸发和下界保护后,两条来源路径共有边,4,0.8979999999999999,0.0,0.0,0.0,0.0
不使用 GP 产生的状态,100,历史全局最优路径,GP 源内重加权,蒸发和下界保护后,两条来源路径共有边,5,0.846,0.0,0.0,0.0,0.0
不使用 GP 产生的状态,100,历史全局最优路径,GP 源内重加权,蒸发和下界保护后,两条来源路径共有边,6,0.9646666666666667,0.0,0.0,0.0,0.0
不使用 GP 产生的状态,100,历史全局最优路径,GP 源内重加权,蒸发和下界保护后,两条来源路径共有边,7,0.8466666666666667,0.0,0.0,0.0,0.0
不使用 GP 产生的状态,100,历史全局最优路径,GP 源内重加权,蒸发和下界保护后,仅历史来源路径包含的边,0,0.888,0.0,0.0,0.0,0.0
不使用 GP 产生的状态,100,历史全局最优路径,GP 源内重加权,蒸发和下界保护后,仅历史来源路径包含的边,1,0.828,0.0,0.0,0.0,0.0
不使用 GP 产生的状态,100,历史全局最优路径,GP 源内重加权,蒸发和下界保护后,仅历史来源路径包含的边,2,0.8866666666666666,0.0,0.0,0.0,0.0
不使用 GP 产生的状态,100,历史全局最优路径,GP 源内重加权,蒸发和下界保护后,仅历史来源路径包含的边,3,0.854,0.0,0.0,0.0,0.0
不使用 GP 产生的状态,100,历史全局最优路径,GP 源内重加权,蒸发和下界保护后,仅历史来源路径包含的边,4,0.8979999999999999,0.0,0.0,0.0,0.0
不使用 GP 产生的状态,100,历史全局最优路径,GP 源内重加权,蒸发和下界保护后,仅历史来源路径包含的边,5,0.846,0.0,0.0,0.0,0.0
不使用 GP 产生的状态,100,历史全局最优路径,GP 源内重加权,蒸发和下界保护后,仅历史来源路径包含的边,6,0.9646666666666667,0.0,0.0,0.0,0.0
不使用 GP 产生的状态,100,历史全局最优路径,GP 源内重加权,蒸发和下界保护后,仅历史来源路径包含的边,7,0.8466666666666667,0.0,0.0,0.0,0.0
不使用 GP 产生的状态,100,历史全局最优路径,GP 源内重加权,蒸发和下界保护后,仅本轮最优路径包含的边,0,0.888,0.0,0.0,0.0,0.0
不使用 GP 产生的状态,100,历史全局最优路径,GP 源内重加权,蒸发和下界保护后,仅本轮最优路径包含的边,1,0.828,0.0,0.0,0.0,0.0
不使用 GP 产生的状态,100,历史全局最优路径,GP 源内重加权,蒸发和下界保护后,仅本轮最优路径包含的边,2,0.8866666666666666,0.0,0.0,0.0,0.0
不使用 GP 产生的状态,100,历史全局最优路径,GP 源内重加权,蒸发和下界保护后,仅本轮最优路径包含的边,3,0.854,0.0,0.0,0.0,0.0
不使用 GP 产生的状态,100,历史全局最优路径,GP 源内重加权,蒸发和下界保护后,仅本轮最优路径包含的边,4,0.8979999999999999,0.0,0.0,0.0,0.0
不使用 GP 产生的状态,100,历史全局最优路径,GP 源内重加权,蒸发和下界保护后,仅本轮最优路径包含的边,5,0.846,0.0,0.0,0.0,0.0
不使用 GP 产生的状态,100,历史全局最优路径,GP 源内重加权,蒸发和下界保护后,仅本轮最优路径包含的边,6,0.9646666666666667,0.0,0.0,0.0,0.0
不使用 GP 产生的状态,100,历史全局最优路径,GP 源内重加权,蒸发和下界保护后,仅本轮最优路径包含的边,7,0.8466666666666667,0.0,0.0,0.0,0.0
不使用 GP 产生的状态,100,历史全局最优路径,GP 源内重加权,蒸发和下界保护后,其他候选弧,0,0.888,0.0,0.0,0.0,0.0
不使用 GP 产生的状态,100,历史全局最优路径,GP 源内重加权,蒸发和下界保护后,其他候选弧,1,0.828,0.0,0.0,0.0,0.0
不使用 GP 产生的状态,100,历史全局最优路径,GP 源内重加权,蒸发和下界保护后,其他候选弧,2,0.8866666666666666,0.0,0.0,0.0,0.0
不使用 GP 产生的状态,100,历史全局最优路径,GP 源内重加权,蒸发和下界保护后,其他候选弧,3,0.854,0.0,0.0,0.0,0.0
不使用 GP 产生的状态,100,历史全局最优路径,GP 源内重加权,蒸发和下界保护后,其他候选弧,4,0.8979999999999999,0.0,0.0,0.0,0.0
不使用 GP 产生的状态,100,历史全局最优路径,GP 源内重加权,蒸发和下界保护后,其他候选弧,5,0.846,0.0,0.0,0.0,0.0
不使用 GP 产生的状态,100,历史全局最优路径,GP 源内重加权,蒸发和下界保护后,其他候选弧,6,0.9646666666666667,0.0,0.0,0.0,0.0
不使用 GP 产生的状态,100,历史全局最优路径,GP 源内重加权,蒸发和下界保护后,其他候选弧,7,0.8466666666666667,0.0,0.0,0.0,0.0
不使用 GP 产生的状态,100,历史全局最优路径,GP 源内重加权,重启和可选上界处理后,两条来源路径共有边,0,0.888,-0.015332924314314616,0.015480650846518852,-0.001026126992193361,0.0010355728794367077
不使用 GP 产生的状态,100,历史全局最优路径,GP 源内重加权,重启和可选上界处理后,两条来源路径共有边,1,0.828,-0.02104547442792902,0.021047807300609463,-0.0014766591997674517,0.001476816768328653
不使用 GP 产生的状态,100,历史全局最优路径,GP 源内重加权,重启和可选上界处理后,两条来源路径共有边,2,0.8866666666666666,-0.013694515840584967,0.01371191944134207,-0.000918429992202444,0.0009196160862873588
不使用 GP 产生的状态,100,历史全局最优路径,GP 源内重加权,重启和可选上界处理后,两条来源路径共有边,3,0.854,-0.020705344525946655,0.0207148129459628,-0.0014111414868706507,0.001411797076007017
不使用 GP 产生的状态,100,历史全局最优路径,GP 源内重加权,重启和可选上界处理后,两条来源路径共有边,4,0.8979999999999999,-0.013557564609565627,0.013591709848496962,-0.0009274988068859219,0.0009297640701797721
不使用 GP 产生的状态,100,历史全局最优路径,GP 源内重加权,重启和可选上界处理后,两条来源路径共有边,5,0.846,-0.018021833366961768,0.018022922869679513,-0.0012727093791580224,0.0012727865182908904
不使用 GP 产生的状态,100,历史全局最优路径,GP 源内重加权,重启和可选上界处理后,两条来源路径共有边,6,0.9646666666666667,-0.005141648301770669,0.005141648301770669,-0.00034519407010155477,0.00034519407010155477
不使用 GP 产生的状态,100,历史全局最优路径,GP 源内重加权,重启和可选上界处理后,两条来源路径共有边,7,0.8466666666666667,-0.01899439170972814,0.019042286181779604,-0.0013157066398462266,0.001319068492535069
不使用 GP 产生的状态,100,历史全局最优路径,GP 源内重加权,重启和可选上界处理后,仅历史来源路径包含的边,0,0.888,0.09157273203598565,0.09157273203598565,0.0478706446158064,0.0478706446158064
不使用 GP 产生的状态,100,历史全局最优路径,GP 源内重加权,重启和可选上界处理后,仅历史来源路径包含的边,1,0.828,0.1431637377753639,0.1431637377753639,0.04799628857506355,0.04799628857506355
不使用 GP 产生的状态,100,历史全局最优路径,GP 源内重加权,重启和可选上界处理后,仅历史来源路径包含的边,2,0.8866666666666666,0.09411769059016648,0.09411769059016648,0.04934234187746675,0.04934234187746675
不使用 GP 产生的状态,100,历史全局最优路径,GP 源内重加权,重启和可选上界处理后,仅历史来源路径包含的边,3,0.854,0.12158813357867289,0.12158813357867289,0.048389811710667,0.048389811710667
不使用 GP 产生的状态,100,历史全局最优路径,GP 源内重加权,重启和可选上界处理后,仅历史来源路径包含的边,4,0.8979999999999999,0.08320691986673083,0.08320691986673083,0.048462405501951994,0.048462405501951994
不使用 GP 产生的状态,100,历史全局最优路径,GP 源内重加权,重启和可选上界处理后,仅历史来源路径包含的边,5,0.846,0.12767896866993544,0.12767896866993544,0.04929495928536811,0.04929495928536811
不使用 GP 产生的状态,100,历史全局最优路径,GP 源内重加权,重启和可选上界处理后,仅历史来源路径包含的边,6,0.9646666666666667,0.029282732756850418,0.029282732756850418,0.01658075176319986,0.01658075176319986
不使用 GP 产生的状态,100,历史全局最优路径,GP 源内重加权,重启和可选上界处理后,仅历史来源路径包含的边,7,0.8466666666666667,0.1272122215204718,0.1272122215204718,0.0484420901375069,0.0484420901375069
不使用 GP 产生的状态,100,历史全局最优路径,GP 源内重加权,重启和可选上界处理后,仅本轮最优路径包含的边,0,0.888,-0.07623964501420816,0.07623964501420816,-0.040127746487588135,0.040127746487588135
不使用 GP 产生的状态,100,历史全局最优路径,GP 源内重加权,重启和可选上界处理后,仅本轮最优路径包含的边,1,0.828,-0.12211803156711754,0.12211803156711754,-0.041027004816378526,0.041027004816378526
不使用 GP 产生的状态,100,历史全局最优路径,GP 源内重加权,重启和可选上界处理后,仅本轮最优路径包含的边,2,0.8866666666666666,-0.08042267658663044,0.08042267658663044,-0.041978767379009685,0.041978767379009685
不使用 GP 产生的状态,100,历史全局最优路径,GP 源内重加权,重启和可选上界处理后,仅本轮最优路径包含的边,3,0.854,-0.10088254766532531,0.10088254766532531,-0.040017975571023726,0.040017975571023726
不使用 GP 产生的状态,100,历史全局最优路径,GP 源内重加权,重启和可选上界处理后,仅本轮最优路径包含的边,4,0.8979999999999999,-0.06965038218944268,0.06965038218944268,-0.041422959539969835,0.041422959539969835
不使用 GP 产生的状态,100,历史全局最优路径,GP 源内重加权,重启和可选上界处理后,仅本轮最优路径包含的边,5,0.846,-0.10965700934517371,0.10965700934517371,-0.04225052983352106,0.04225052983352106
不使用 GP 产生的状态,100,历史全局最优路径,GP 源内重加权,重启和可选上界处理后,仅本轮最优路径包含的边,6,0.9646666666666667,-0.024141193115007592,0.024141193115007592,-0.013669459528628488,0.013669459528628488
不使用 GP 产生的状态,100,历史全局最优路径,GP 源内重加权,重启和可选上界处理后,仅本轮最优路径包含的边,7,0.8466666666666667,-0.10821820890504977,0.10821820890504977,-0.041202551794647074,0.041202551794647074
不使用 GP 产生的状态,100,历史全局最优路径,GP 源内重加权,重启和可选上界处理后,其他候选弧,0,0.888,0.0,0.0,0.0,0.0
不使用 GP 产生的状态,100,历史全局最优路径,GP 源内重加权,重启和可选上界处理后,其他候选弧,1,0.828,0.0,0.0,0.0,0.0
不使用 GP 产生的状态,100,历史全局最优路径,GP 源内重加权,重启和可选上界处理后,其他候选弧,2,0.8866666666666666,0.0,0.0,0.0,0.0
不使用 GP 产生的状态,100,历史全局最优路径,GP 源内重加权,重启和可选上界处理后,其他候选弧,3,0.854,0.0,0.0,0.0,0.0
不使用 GP 产生的状态,100,历史全局最优路径,GP 源内重加权,重启和可选上界处理后,其他候选弧,4,0.8979999999999999,0.0,0.0,0.0,0.0
不使用 GP 产生的状态,100,历史全局最优路径,GP 源内重加权,重启和可选上界处理后,其他候选弧,5,0.846,0.0,0.0,0.0,0.0
不使用 GP 产生的状态,100,历史全局最优路径,GP 源内重加权,重启和可选上界处理后,其他候选弧,6,0.9646666666666667,0.0,0.0,0.0,0.0
不使用 GP 产生的状态,100,历史全局最优路径,GP 源内重加权,重启和可选上界处理后,其他候选弧,7,0.8466666666666667,0.0,0.0,0.0,0.0
不使用 GP 产生的状态,100,历史全局最优路径,来源内均匀沉积,更新前,两条来源路径共有边,0,0.888,0.0,0.0,0.0,0.0
不使用 GP 产生的状态,100,历史全局最优路径,来源内均匀沉积,更新前,两条来源路径共有边,1,0.828,0.0,0.0,0.0,0.0
不使用 GP 产生的状态,100,历史全局最优路径,来源内均匀沉积,更新前,两条来源路径共有边,2,0.8866666666666666,0.0,0.0,0.0,0.0
不使用 GP 产生的状态,100,历史全局最优路径,来源内均匀沉积,更新前,两条来源路径共有边,3,0.854,0.0,0.0,0.0,0.0
不使用 GP 产生的状态,100,历史全局最优路径,来源内均匀沉积,更新前,两条来源路径共有边,4,0.8979999999999999,0.0,0.0,0.0,0.0
不使用 GP 产生的状态,100,历史全局最优路径,来源内均匀沉积,更新前,两条来源路径共有边,5,0.846,0.0,0.0,0.0,0.0
不使用 GP 产生的状态,100,历史全局最优路径,来源内均匀沉积,更新前,两条来源路径共有边,6,0.9646666666666667,0.0,0.0,0.0,0.0
不使用 GP 产生的状态,100,历史全局最优路径,来源内均匀沉积,更新前,两条来源路径共有边,7,0.8466666666666667,0.0,0.0,0.0,0.0
不使用 GP 产生的状态,100,历史全局最优路径,来源内均匀沉积,更新前,仅历史来源路径包含的边,0,0.888,0.0,0.0,0.0,0.0
不使用 GP 产生的状态,100,历史全局最优路径,来源内均匀沉积,更新前,仅历史来源路径包含的边,1,0.828,0.0,0.0,0.0,0.0
不使用 GP 产生的状态,100,历史全局最优路径,来源内均匀沉积,更新前,仅历史来源路径包含的边,2,0.8866666666666666,0.0,0.0,0.0,0.0
不使用 GP 产生的状态,100,历史全局最优路径,来源内均匀沉积,更新前,仅历史来源路径包含的边,3,0.854,0.0,0.0,0.0,0.0
不使用 GP 产生的状态,100,历史全局最优路径,来源内均匀沉积,更新前,仅历史来源路径包含的边,4,0.8979999999999999,0.0,0.0,0.0,0.0
不使用 GP 产生的状态,100,历史全局最优路径,来源内均匀沉积,更新前,仅历史来源路径包含的边,5,0.846,0.0,0.0,0.0,0.0
不使用 GP 产生的状态,100,历史全局最优路径,来源内均匀沉积,更新前,仅历史来源路径包含的边,6,0.9646666666666667,0.0,0.0,0.0,0.0
不使用 GP 产生的状态,100,历史全局最优路径,来源内均匀沉积,更新前,仅历史来源路径包含的边,7,0.8466666666666667,0.0,0.0,0.0,0.0
不使用 GP 产生的状态,100,历史全局最优路径,来源内均匀沉积,更新前,仅本轮最优路径包含的边,0,0.888,0.0,0.0,0.0,0.0
不使用 GP 产生的状态,100,历史全局最优路径,来源内均匀沉积,更新前,仅本轮最优路径包含的边,1,0.828,0.0,0.0,0.0,0.0
不使用 GP 产生的状态,100,历史全局最优路径,来源内均匀沉积,更新前,仅本轮最优路径包含的边,2,0.8866666666666666,0.0,0.0,0.0,0.0
不使用 GP 产生的状态,100,历史全局最优路径,来源内均匀沉积,更新前,仅本轮最优路径包含的边,3,0.854,0.0,0.0,0.0,0.0
不使用 GP 产生的状态,100,历史全局最优路径,来源内均匀沉积,更新前,仅本轮最优路径包含的边,4,0.8979999999999999,0.0,0.0,0.0,0.0
不使用 GP 产生的状态,100,历史全局最优路径,来源内均匀沉积,更新前,仅本轮最优路径包含的边,5,0.846,0.0,0.0,0.0,0.0
不使用 GP 产生的状态,100,历史全局最优路径,来源内均匀沉积,更新前,仅本轮最优路径包含的边,6,0.9646666666666667,0.0,0.0,0.0,0.0
不使用 GP 产生的状态,100,历史全局最优路径,来源内均匀沉积,更新前,仅本轮最优路径包含的边,7,0.8466666666666667,0.0,0.0,0.0,0.0
不使用 GP 产生的状态,100,历史全局最优路径,来源内均匀沉积,更新前,其他候选弧,0,0.888,0.0,0.0,0.0,0.0
不使用 GP 产生的状态,100,历史全局最优路径,来源内均匀沉积,更新前,其他候选弧,1,0.828,0.0,0.0,0.0,0.0
不使用 GP 产生的状态,100,历史全局最优路径,来源内均匀沉积,更新前,其他候选弧,2,0.8866666666666666,0.0,0.0,0.0,0.0
不使用 GP 产生的状态,100,历史全局最优路径,来源内均匀沉积,更新前,其他候选弧,3,0.854,0.0,0.0,0.0,0.0
不使用 GP 产生的状态,100,历史全局最优路径,来源内均匀沉积,更新前,其他候选弧,4,0.8979999999999999,0.0,0.0,0.0,0.0
不使用 GP 产生的状态,100,历史全局最优路径,来源内均匀沉积,更新前,其他候选弧,5,0.846,0.0,0.0,0.0,0.0
不使用 GP 产生的状态,100,历史全局最优路径,来源内均匀沉积,更新前,其他候选弧,6,0.9646666666666667,0.0,0.0,0.0,0.0
不使用 GP 产生的状态,100,历史全局最优路径,来源内均匀沉积,更新前,其他候选弧,7,0.8466666666666667,0.0,0.0,0.0,0.0
不使用 GP 产生的状态,100,历史全局最优路径,来源内均匀沉积,沉积后,两条来源路径共有边,0,0.888,3.963934278441116e-08,3.963934278441116e-08,2.538496419159803e-09,2.538496419159803e-09
不使用 GP 产生的状态,100,历史全局最优路径,来源内均匀沉积,沉积后,两条来源路径共有边,1,0.828,-6.228032301432928e-08,1.0729745762167036e-07,-4.493381105860762e-09,7.53396072641223e-09
不使用 GP 产生的状态,100,历史全局最优路径,来源内均匀沉积,沉积后,两条来源路径共有边,2,0.8866666666666666,4.340297809921515e-09,4.340297809921515e-09,2.819724825618916e-10,2.819724825618916e-10
不使用 GP 产生的状态,100,历史全局最优路径,来源内均匀沉积,沉积后,两条来源路径共有边,3,0.854,1.2747814210163034e-08,1.2747814210163034e-08,8.79735334936467e-10,8.79735334936467e-10
不使用 GP 产生的状态,100,历史全局最优路径,来源内均匀沉积,沉积后,两条来源路径共有边,4,0.8979999999999999,5.6058630793829445e-08,5.6058630793829445e-08,3.6829865298758493e-09,3.6829865298758493e-09
不使用 GP 产生的状态,100,历史全局最优路径,来源内均匀沉积,沉积后,两条来源路径共有边,5,0.846,2.4389973856520183e-08,3.006910699278305e-08,1.6461108907640476e-09,2.0482057166297778e-09
不使用 GP 产生的状态,100,历史全局最优路径,来源内均匀沉积,沉积后,两条来源路径共有边,6,0.9646666666666667,1.787533256857629e-08,1.787533256857629e-08,1.2000935189675966e-09,1.2000935189675966e-09
不使用 GP 产生的状态,100,历史全局最优路径,来源内均匀沉积,沉积后,两条来源路径共有边,7,0.8466666666666667,-2.8748591792508384e-09,2.8748591792508384e-09,-1.977515537044576e-10,1.977515537044576e-10
不使用 GP 产生的状态,100,历史全局最优路径,来源内均匀沉积,沉积后,仅历史来源路径包含的边,0,0.888,0.11200000464524026,0.11200000464524026,0.05881211782908066,0.05881211782908066
不使用 GP 产生的状态,100,历史全局最优路径,来源内均匀沉积,沉积后,仅历史来源路径包含的边,1,0.828,0.17199999478769915,0.17199999478769915,0.05777055853166359,0.05777055853166359
不使用 GP 产生的状态,100,历史全局最优路径,来源内均匀沉积,沉积后,仅历史来源路径包含的边,2,0.8866666666666666,0.1133333299813129,0.1133333299813129,0.0593524079908983,0.0593524079908983
不使用 GP 产生的状态,100,历史全局最优路径,来源内均匀沉积,沉积后,仅历史来源路径包含的边,3,0.854,0.14600000392684728,0.14600000392684728,0.05813267412936978,0.05813267412936978
不使用 GP 产生的状态,100,历史全局最优路径,来源内均匀沉积,沉积后,仅历史来源路径包含的边,4,0.8979999999999999,0.10200000439406076,0.10200000439406076,0.060450869927602166,0.060450869927602166
不使用 GP 产生的状态,100,历史全局最优路径,来源内均匀沉积,沉积后,仅历史来源路径包含的边,5,0.846,0.1539999973519997,0.1539999973519997,0.059489168062599324,0.059489168062599324
不使用 GP 产生的状态,100,历史全局最优路径,来源内均匀沉积,沉积后,仅历史来源路径包含的边,6,0.9646666666666667,0.035333334050994834,0.035333334050994834,0.020006781666533753,0.020006781666533753
不使用 GP 产生的状态,100,历史全局最优路径,来源内均匀沉积,沉积后,仅历史来源路径包含的边,7,0.8466666666666667,0.1533333362519008,0.1533333362519008,0.05853745399118693,0.05853745399118693
不使用 GP 产生的状态,100,历史全局最优路径,来源内均匀沉积,沉积后,仅本轮最优路径包含的边,0,0.888,-0.11200000062935428,0.11200000062935428,-0.05881211501154956,0.05881211501154956
不使用 GP 产生的状态,100,历史全局最优路径,来源内均匀沉积,沉积后,仅本轮最优路径包含的边,1,0.828,-0.17200000301635804,0.17200000301635804,-0.0577705608254701,0.0577705608254701
不使用 GP 产生的状态,100,历史全局最优路径,来源内均匀沉积,沉积后,仅本轮最优路径包含的边,2,0.8866666666666666,-0.11333333081688372,0.11333333081688372,-0.059352408040755256,0.059352408040755256
不使用 GP 产生的状态,100,历史全局最优路径,来源内均匀沉积,沉积后,仅本轮最优路径包含的边,3,0.854,-0.14599999365543911,0.14599999365543911,-0.05813267034288973,0.05813267034288973
不使用 GP 产生的状态,100,历史全局最优路径,来源内均匀沉积,沉积后,仅本轮最优路径包含的边,4,0.8979999999999999,-0.1019999945225974,0.1019999945225974,-0.060450863384612176,0.060450863384612176
不使用 GP 产生的状态,100,历史全局最优路径,来源内均匀沉积,沉积后,仅本轮最优路径包含的边,5,0.846,-0.15399999834058165,0.15399999834058165,-0.05948916804859726,0.05948916804859726
不使用 GP 产生的状态,100,历史全局最优路径,来源内均匀沉积,沉积后,仅本轮最优路径包含的边,6,0.9646666666666667,-0.03533333224522936,0.03533333224522936,-0.020006780644055786,0.020006780644055786
不使用 GP 产生的状态,100,历史全局最优路径,来源内均匀沉积,沉积后,仅本轮最优路径包含的边,7,0.8466666666666667,-0.15333333718004455,0.15333333718004455,-0.05853745431777984,0.05853745431777984
不使用 GP 产生的状态,100,历史全局最优路径,来源内均匀沉积,沉积后,其他候选弧,0,0.888,0.0,0.0,0.0,0.0
不使用 GP 产生的状态,100,历史全局最优路径,来源内均匀沉积,沉积后,其他候选弧,1,0.828,0.0,0.0,0.0,0.0
不使用 GP 产生的状态,100,历史全局最优路径,来源内均匀沉积,沉积后,其他候选弧,2,0.8866666666666666,0.0,0.0,0.0,0.0
不使用 GP 产生的状态,100,历史全局最优路径,来源内均匀沉积,沉积后,其他候选弧,3,0.854,0.0,0.0,0.0,0.0
不使用 GP 产生的状态,100,历史全局最优路径,来源内均匀沉积,沉积后,其他候选弧,4,0.8979999999999999,0.0,0.0,0.0,0.0
不使用 GP 产生的状态,100,历史全局最优路径,来源内均匀沉积,沉积后,其他候选弧,5,0.846,0.0,0.0,0.0,0.0
不使用 GP 产生的状态,100,历史全局最优路径,来源内均匀沉积,沉积后,其他候选弧,6,0.9646666666666667,0.0,0.0,0.0,0.0
不使用 GP 产生的状态,100,历史全局最优路径,来源内均匀沉积,沉积后,其他候选弧,7,0.8466666666666667,0.0,0.0,0.0,0.0
不使用 GP 产生的状态,100,历史全局最优路径,来源内均匀沉积,蒸发和下界保护后,两条来源路径共有边,0,0.888,0.0,0.0,0.0,0.0
不使用 GP 产生的状态,100,历史全局最优路径,来源内均匀沉积,蒸发和下界保护后,两条来源路径共有边,1,0.828,0.0,0.0,0.0,0.0
不使用 GP 产生的状态,100,历史全局最优路径,来源内均匀沉积,蒸发和下界保护后,两条来源路径共有边,2,0.8866666666666666,0.0,0.0,0.0,0.0
不使用 GP 产生的状态,100,历史全局最优路径,来源内均匀沉积,蒸发和下界保护后,两条来源路径共有边,3,0.854,0.0,0.0,0.0,0.0
不使用 GP 产生的状态,100,历史全局最优路径,来源内均匀沉积,蒸发和下界保护后,两条来源路径共有边,4,0.8979999999999999,0.0,0.0,0.0,0.0
不使用 GP 产生的状态,100,历史全局最优路径,来源内均匀沉积,蒸发和下界保护后,两条来源路径共有边,5,0.846,0.0,0.0,0.0,0.0
不使用 GP 产生的状态,100,历史全局最优路径,来源内均匀沉积,蒸发和下界保护后,两条来源路径共有边,6,0.9646666666666667,0.0,0.0,0.0,0.0
不使用 GP 产生的状态,100,历史全局最优路径,来源内均匀沉积,蒸发和下界保护后,两条来源路径共有边,7,0.8466666666666667,0.0,0.0,0.0,0.0
不使用 GP 产生的状态,100,历史全局最优路径,来源内均匀沉积,蒸发和下界保护后,仅历史来源路径包含的边,0,0.888,0.0,0.0,0.0,0.0
不使用 GP 产生的状态,100,历史全局最优路径,来源内均匀沉积,蒸发和下界保护后,仅历史来源路径包含的边,1,0.828,0.0,0.0,0.0,0.0
不使用 GP 产生的状态,100,历史全局最优路径,来源内均匀沉积,蒸发和下界保护后,仅历史来源路径包含的边,2,0.8866666666666666,0.0,0.0,0.0,0.0
不使用 GP 产生的状态,100,历史全局最优路径,来源内均匀沉积,蒸发和下界保护后,仅历史来源路径包含的边,3,0.854,0.0,0.0,0.0,0.0
不使用 GP 产生的状态,100,历史全局最优路径,来源内均匀沉积,蒸发和下界保护后,仅历史来源路径包含的边,4,0.8979999999999999,0.0,0.0,0.0,0.0
不使用 GP 产生的状态,100,历史全局最优路径,来源内均匀沉积,蒸发和下界保护后,仅历史来源路径包含的边,5,0.846,0.0,0.0,0.0,0.0
不使用 GP 产生的状态,100,历史全局最优路径,来源内均匀沉积,蒸发和下界保护后,仅历史来源路径包含的边,6,0.9646666666666667,0.0,0.0,0.0,0.0
不使用 GP 产生的状态,100,历史全局最优路径,来源内均匀沉积,蒸发和下界保护后,仅历史来源路径包含的边,7,0.8466666666666667,0.0,0.0,0.0,0.0
不使用 GP 产生的状态,100,历史全局最优路径,来源内均匀沉积,蒸发和下界保护后,仅本轮最优路径包含的边,0,0.888,0.0,0.0,0.0,0.0
不使用 GP 产生的状态,100,历史全局最优路径,来源内均匀沉积,蒸发和下界保护后,仅本轮最优路径包含的边,1,0.828,0.0,0.0,0.0,0.0
不使用 GP 产生的状态,100,历史全局最优路径,来源内均匀沉积,蒸发和下界保护后,仅本轮最优路径包含的边,2,0.8866666666666666,0.0,0.0,0.0,0.0
不使用 GP 产生的状态,100,历史全局最优路径,来源内均匀沉积,蒸发和下界保护后,仅本轮最优路径包含的边,3,0.854,0.0,0.0,0.0,0.0
不使用 GP 产生的状态,100,历史全局最优路径,来源内均匀沉积,蒸发和下界保护后,仅本轮最优路径包含的边,4,0.8979999999999999,0.0,0.0,0.0,0.0
不使用 GP 产生的状态,100,历史全局最优路径,来源内均匀沉积,蒸发和下界保护后,仅本轮最优路径包含的边,5,0.846,0.0,0.0,0.0,0.0
不使用 GP 产生的状态,100,历史全局最优路径,来源内均匀沉积,蒸发和下界保护后,仅本轮最优路径包含的边,6,0.9646666666666667,0.0,0.0,0.0,0.0
不使用 GP 产生的状态,100,历史全局最优路径,来源内均匀沉积,蒸发和下界保护后,仅本轮最优路径包含的边,7,0.8466666666666667,0.0,0.0,0.0,0.0
不使用 GP 产生的状态,100,历史全局最优路径,来源内均匀沉积,蒸发和下界保护后,其他候选弧,0,0.888,0.0,0.0,0.0,0.0
不使用 GP 产生的状态,100,历史全局最优路径,来源内均匀沉积,蒸发和下界保护后,其他候选弧,1,0.828,0.0,0.0,0.0,0.0
不使用 GP 产生的状态,100,历史全局最优路径,来源内均匀沉积,蒸发和下界保护后,其他候选弧,2,0.8866666666666666,0.0,0.0,0.0,0.0
不使用 GP 产生的状态,100,历史全局最优路径,来源内均匀沉积,蒸发和下界保护后,其他候选弧,3,0.854,0.0,0.0,0.0,0.0
不使用 GP 产生的状态,100,历史全局最优路径,来源内均匀沉积,蒸发和下界保护后,其他候选弧,4,0.8979999999999999,0.0,0.0,0.0,0.0
不使用 GP 产生的状态,100,历史全局最优路径,来源内均匀沉积,蒸发和下界保护后,其他候选弧,5,0.846,0.0,0.0,0.0,0.0
不使用 GP 产生的状态,100,历史全局最优路径,来源内均匀沉积,蒸发和下界保护后,其他候选弧,6,0.9646666666666667,0.0,0.0,0.0,0.0
不使用 GP 产生的状态,100,历史全局最优路径,来源内均匀沉积,蒸发和下界保护后,其他候选弧,7,0.8466666666666667,0.0,0.0,0.0,0.0
不使用 GP 产生的状态,100,历史全局最优路径,来源内均匀沉积,重启和可选上界处理后,两条来源路径共有边,0,0.888,3.963934278441116e-08,3.963934278441116e-08,2.538496419159803e-09,2.538496419159803e-09
不使用 GP 产生的状态,100,历史全局最优路径,来源内均匀沉积,重启和可选上界处理后,两条来源路径共有边,1,0.828,-6.228032301432928e-08,1.0729745762167036e-07,-4.493381105860762e-09,7.53396072641223e-09
不使用 GP 产生的状态,100,历史全局最优路径,来源内均匀沉积,重启和可选上界处理后,两条来源路径共有边,2,0.8866666666666666,4.340297809921515e-09,4.340297809921515e-09,2.819724825618916e-10,2.819724825618916e-10
不使用 GP 产生的状态,100,历史全局最优路径,来源内均匀沉积,重启和可选上界处理后,两条来源路径共有边,3,0.854,1.2747814210163034e-08,1.2747814210163034e-08,8.79735334936467e-10,8.79735334936467e-10
不使用 GP 产生的状态,100,历史全局最优路径,来源内均匀沉积,重启和可选上界处理后,两条来源路径共有边,4,0.8979999999999999,5.6058630793829445e-08,5.6058630793829445e-08,3.6829865298758493e-09,3.6829865298758493e-09
不使用 GP 产生的状态,100,历史全局最优路径,来源内均匀沉积,重启和可选上界处理后,两条来源路径共有边,5,0.846,2.4389973856520183e-08,3.006910699278305e-08,1.6461108907640476e-09,2.0482057166297778e-09
不使用 GP 产生的状态,100,历史全局最优路径,来源内均匀沉积,重启和可选上界处理后,两条来源路径共有边,6,0.9646666666666667,1.787533256857629e-08,1.787533256857629e-08,1.2000935189675966e-09,1.2000935189675966e-09
不使用 GP 产生的状态,100,历史全局最优路径,来源内均匀沉积,重启和可选上界处理后,两条来源路径共有边,7,0.8466666666666667,-2.8748591792508384e-09,2.8748591792508384e-09,-1.977515537044576e-10,1.977515537044576e-10
不使用 GP 产生的状态,100,历史全局最优路径,来源内均匀沉积,重启和可选上界处理后,仅历史来源路径包含的边,0,0.888,0.11200000464524026,0.11200000464524026,0.05881211782908066,0.05881211782908066
不使用 GP 产生的状态,100,历史全局最优路径,来源内均匀沉积,重启和可选上界处理后,仅历史来源路径包含的边,1,0.828,0.17199999478769915,0.17199999478769915,0.05777055853166359,0.05777055853166359
不使用 GP 产生的状态,100,历史全局最优路径,来源内均匀沉积,重启和可选上界处理后,仅历史来源路径包含的边,2,0.8866666666666666,0.1133333299813129,0.1133333299813129,0.0593524079908983,0.0593524079908983
不使用 GP 产生的状态,100,历史全局最优路径,来源内均匀沉积,重启和可选上界处理后,仅历史来源路径包含的边,3,0.854,0.14600000392684728,0.14600000392684728,0.05813267412936978,0.05813267412936978
不使用 GP 产生的状态,100,历史全局最优路径,来源内均匀沉积,重启和可选上界处理后,仅历史来源路径包含的边,4,0.8979999999999999,0.10200000439406076,0.10200000439406076,0.060450869927602166,0.060450869927602166
不使用 GP 产生的状态,100,历史全局最优路径,来源内均匀沉积,重启和可选上界处理后,仅历史来源路径包含的边,5,0.846,0.1539999973519997,0.1539999973519997,0.059489168062599324,0.059489168062599324
不使用 GP 产生的状态,100,历史全局最优路径,来源内均匀沉积,重启和可选上界处理后,仅历史来源路径包含的边,6,0.9646666666666667,0.035333334050994834,0.035333334050994834,0.020006781666533753,0.020006781666533753
不使用 GP 产生的状态,100,历史全局最优路径,来源内均匀沉积,重启和可选上界处理后,仅历史来源路径包含的边,7,0.8466666666666667,0.1533333362519008,0.1533333362519008,0.05853745399118693,0.05853745399118693
不使用 GP 产生的状态,100,历史全局最优路径,来源内均匀沉积,重启和可选上界处理后,仅本轮最优路径包含的边,0,0.888,-0.11200000062935428,0.11200000062935428,-0.05881211501154956,0.05881211501154956
不使用 GP 产生的状态,100,历史全局最优路径,来源内均匀沉积,重启和可选上界处理后,仅本轮最优路径包含的边,1,0.828,-0.17200000301635804,0.17200000301635804,-0.0577705608254701,0.0577705608254701
不使用 GP 产生的状态,100,历史全局最优路径,来源内均匀沉积,重启和可选上界处理后,仅本轮最优路径包含的边,2,0.8866666666666666,-0.11333333081688372,0.11333333081688372,-0.059352408040755256,0.059352408040755256
不使用 GP 产生的状态,100,历史全局最优路径,来源内均匀沉积,重启和可选上界处理后,仅本轮最优路径包含的边,3,0.854,-0.14599999365543911,0.14599999365543911,-0.05813267034288973,0.05813267034288973
不使用 GP 产生的状态,100,历史全局最优路径,来源内均匀沉积,重启和可选上界处理后,仅本轮最优路径包含的边,4,0.8979999999999999,-0.1019999945225974,0.1019999945225974,-0.060450863384612176,0.060450863384612176
不使用 GP 产生的状态,100,历史全局最优路径,来源内均匀沉积,重启和可选上界处理后,仅本轮最优路径包含的边,5,0.846,-0.15399999834058165,0.15399999834058165,-0.05948916804859726,0.05948916804859726
不使用 GP 产生的状态,100,历史全局最优路径,来源内均匀沉积,重启和可选上界处理后,仅本轮最优路径包含的边,6,0.9646666666666667,-0.03533333224522936,0.03533333224522936,-0.020006780644055786,0.020006780644055786
不使用 GP 产生的状态,100,历史全局最优路径,来源内均匀沉积,重启和可选上界处理后,仅本轮最优路径包含的边,7,0.8466666666666667,-0.15333333718004455,0.15333333718004455,-0.05853745431777984,0.05853745431777984
不使用 GP 产生的状态,100,历史全局最优路径,来源内均匀沉积,重启和可选上界处理后,其他候选弧,0,0.888,0.0,0.0,0.0,0.0
不使用 GP 产生的状态,100,历史全局最优路径,来源内均匀沉积,重启和可选上界处理后,其他候选弧,1,0.828,0.0,0.0,0.0,0.0
不使用 GP 产生的状态,100,历史全局最优路径,来源内均匀沉积,重启和可选上界处理后,其他候选弧,2,0.8866666666666666,0.0,0.0,0.0,0.0
不使用 GP 产生的状态,100,历史全局最优路径,来源内均匀沉积,重启和可选上界处理后,其他候选弧,3,0.854,0.0,0.0,0.0,0.0
不使用 GP 产生的状态,100,历史全局最优路径,来源内均匀沉积,重启和可选上界处理后,其他候选弧,4,0.8979999999999999,0.0,0.0,0.0,0.0
不使用 GP 产生的状态,100,历史全局最优路径,来源内均匀沉积,重启和可选上界处理后,其他候选弧,5,0.846,0.0,0.0,0.0,0.0
不使用 GP 产生的状态,100,历史全局最优路径,来源内均匀沉积,重启和可选上界处理后,其他候选弧,6,0.9646666666666667,0.0,0.0,0.0,0.0
不使用 GP 产生的状态,100,历史全局最优路径,来源内均匀沉积,重启和可选上界处理后,其他候选弧,7,0.8466666666666667,0.0,0.0,0.0,0.0
不使用 GP 产生的状态,100,历史重启阶段最优路径,GP 源内重加权,更新前,两条来源路径共有边,0,0.888,0.0,0.0,0.0,0.0
不使用 GP 产生的状态,100,历史重启阶段最优路径,GP 源内重加权,更新前,两条来源路径共有边,1,0.828,0.0,0.0,0.0,0.0
不使用 GP 产生的状态,100,历史重启阶段最优路径,GP 源内重加权,更新前,两条来源路径共有边,2,0.8866666666666666,0.0,0.0,0.0,0.0
不使用 GP 产生的状态,100,历史重启阶段最优路径,GP 源内重加权,更新前,两条来源路径共有边,3,0.854,0.0,0.0,0.0,0.0
不使用 GP 产生的状态,100,历史重启阶段最优路径,GP 源内重加权,更新前,两条来源路径共有边,4,0.8979999999999999,0.0,0.0,0.0,0.0
不使用 GP 产生的状态,100,历史重启阶段最优路径,GP 源内重加权,更新前,两条来源路径共有边,5,0.846,0.0,0.0,0.0,0.0
不使用 GP 产生的状态,100,历史重启阶段最优路径,GP 源内重加权,更新前,两条来源路径共有边,6,0.9646666666666667,0.0,0.0,0.0,0.0
不使用 GP 产生的状态,100,历史重启阶段最优路径,GP 源内重加权,更新前,两条来源路径共有边,7,0.8466666666666667,0.0,0.0,0.0,0.0
不使用 GP 产生的状态,100,历史重启阶段最优路径,GP 源内重加权,更新前,仅历史来源路径包含的边,0,0.888,0.0,0.0,0.0,0.0
不使用 GP 产生的状态,100,历史重启阶段最优路径,GP 源内重加权,更新前,仅历史来源路径包含的边,1,0.828,0.0,0.0,0.0,0.0
不使用 GP 产生的状态,100,历史重启阶段最优路径,GP 源内重加权,更新前,仅历史来源路径包含的边,2,0.8866666666666666,0.0,0.0,0.0,0.0
不使用 GP 产生的状态,100,历史重启阶段最优路径,GP 源内重加权,更新前,仅历史来源路径包含的边,3,0.854,0.0,0.0,0.0,0.0
不使用 GP 产生的状态,100,历史重启阶段最优路径,GP 源内重加权,更新前,仅历史来源路径包含的边,4,0.8979999999999999,0.0,0.0,0.0,0.0
不使用 GP 产生的状态,100,历史重启阶段最优路径,GP 源内重加权,更新前,仅历史来源路径包含的边,5,0.846,0.0,0.0,0.0,0.0
不使用 GP 产生的状态,100,历史重启阶段最优路径,GP 源内重加权,更新前,仅历史来源路径包含的边,6,0.9646666666666667,0.0,0.0,0.0,0.0
不使用 GP 产生的状态,100,历史重启阶段最优路径,GP 源内重加权,更新前,仅历史来源路径包含的边,7,0.8466666666666667,0.0,0.0,0.0,0.0
不使用 GP 产生的状态,100,历史重启阶段最优路径,GP 源内重加权,更新前,仅本轮最优路径包含的边,0,0.888,0.0,0.0,0.0,0.0
不使用 GP 产生的状态,100,历史重启阶段最优路径,GP 源内重加权,更新前,仅本轮最优路径包含的边,1,0.828,0.0,0.0,0.0,0.0
不使用 GP 产生的状态,100,历史重启阶段最优路径,GP 源内重加权,更新前,仅本轮最优路径包含的边,2,0.8866666666666666,0.0,0.0,0.0,0.0
不使用 GP 产生的状态,100,历史重启阶段最优路径,GP 源内重加权,更新前,仅本轮最优路径包含的边,3,0.854,0.0,0.0,0.0,0.0
不使用 GP 产生的状态,100,历史重启阶段最优路径,GP 源内重加权,更新前,仅本轮最优路径包含的边,4,0.8979999999999999,0.0,0.0,0.0,0.0
不使用 GP 产生的状态,100,历史重启阶段最优路径,GP 源内重加权,更新前,仅本轮最优路径包含的边,5,0.846,0.0,0.0,0.0,0.0
不使用 GP 产生的状态,100,历史重启阶段最优路径,GP 源内重加权,更新前,仅本轮最优路径包含的边,6,0.9646666666666667,0.0,0.0,0.0,0.0
不使用 GP 产生的状态,100,历史重启阶段最优路径,GP 源内重加权,更新前,仅本轮最优路径包含的边,7,0.8466666666666667,0.0,0.0,0.0,0.0
不使用 GP 产生的状态,100,历史重启阶段最优路径,GP 源内重加权,更新前,其他候选弧,0,0.888,0.0,0.0,0.0,0.0
不使用 GP 产生的状态,100,历史重启阶段最优路径,GP 源内重加权,更新前,其他候选弧,1,0.828,0.0,0.0,0.0,0.0
不使用 GP 产生的状态,100,历史重启阶段最优路径,GP 源内重加权,更新前,其他候选弧,2,0.8866666666666666,0.0,0.0,0.0,0.0
不使用 GP 产生的状态,100,历史重启阶段最优路径,GP 源内重加权,更新前,其他候选弧,3,0.854,0.0,0.0,0.0,0.0
不使用 GP 产生的状态,100,历史重启阶段最优路径,GP 源内重加权,更新前,其他候选弧,4,0.8979999999999999,0.0,0.0,0.0,0.0
不使用 GP 产生的状态,100,历史重启阶段最优路径,GP 源内重加权,更新前,其他候选弧,5,0.846,0.0,0.0,0.0,0.0
不使用 GP 产生的状态,100,历史重启阶段最优路径,GP 源内重加权,更新前,其他候选弧,6,0.9646666666666667,0.0,0.0,0.0,0.0
不使用 GP 产生的状态,100,历史重启阶段最优路径,GP 源内重加权,更新前,其他候选弧,7,0.8466666666666667,0.0,0.0,0.0,0.0
不使用 GP 产生的状态,100,历史重启阶段最优路径,GP 源内重加权,沉积后,两条来源路径共有边,0,0.888,-0.015332924314314616,0.015480650846518852,-0.001026126992193361,0.0010355728794367077
不使用 GP 产生的状态,100,历史重启阶段最优路径,GP 源内重加权,沉积后,两条来源路径共有边,1,0.828,-0.02104547442792902,0.021047807300609463,-0.0014766591997674517,0.001476816768328653
不使用 GP 产生的状态,100,历史重启阶段最优路径,GP 源内重加权,沉积后,两条来源路径共有边,2,0.8866666666666666,-0.013694515840584967,0.01371191944134207,-0.000918429992202444,0.0009196160862873588
不使用 GP 产生的状态,100,历史重启阶段最优路径,GP 源内重加权,沉积后,两条来源路径共有边,3,0.854,-0.020705344525946655,0.0207148129459628,-0.0014111414868706507,0.001411797076007017
不使用 GP 产生的状态,100,历史重启阶段最优路径,GP 源内重加权,沉积后,两条来源路径共有边,4,0.8979999999999999,-0.013557564609565627,0.013591709848496962,-0.0009274988068859219,0.0009297640701797721
不使用 GP 产生的状态,100,历史重启阶段最优路径,GP 源内重加权,沉积后,两条来源路径共有边,5,0.846,-0.018021833366961768,0.018022922869679513,-0.0012727093791580224,0.0012727865182908904
不使用 GP 产生的状态,100,历史重启阶段最优路径,GP 源内重加权,沉积后,两条来源路径共有边,6,0.9646666666666667,-0.005141648301770669,0.005141648301770669,-0.00034519407010155477,0.00034519407010155477
不使用 GP 产生的状态,100,历史重启阶段最优路径,GP 源内重加权,沉积后,两条来源路径共有边,7,0.8466666666666667,-0.01899439170972814,0.019042286181779604,-0.0013157066398462266,0.001319068492535069
不使用 GP 产生的状态,100,历史重启阶段最优路径,GP 源内重加权,沉积后,仅历史来源路径包含的边,0,0.888,0.09157273203598565,0.09157273203598565,0.0478706446158064,0.0478706446158064
不使用 GP 产生的状态,100,历史重启阶段最优路径,GP 源内重加权,沉积后,仅历史来源路径包含的边,1,0.828,0.1431637377753639,0.1431637377753639,0.04799628857506355,0.04799628857506355
不使用 GP 产生的状态,100,历史重启阶段最优路径,GP 源内重加权,沉积后,仅历史来源路径包含的边,2,0.8866666666666666,0.09411769059016648,0.09411769059016648,0.04934234187746675,0.04934234187746675
不使用 GP 产生的状态,100,历史重启阶段最优路径,GP 源内重加权,沉积后,仅历史来源路径包含的边,3,0.854,0.12158813357867289,0.12158813357867289,0.048389811710667,0.048389811710667
不使用 GP 产生的状态,100,历史重启阶段最优路径,GP 源内重加权,沉积后,仅历史来源路径包含的边,4,0.8979999999999999,0.08320691986673083,0.08320691986673083,0.048462405501951994,0.048462405501951994
不使用 GP 产生的状态,100,历史重启阶段最优路径,GP 源内重加权,沉积后,仅历史来源路径包含的边,5,0.846,0.12767896866993544,0.12767896866993544,0.04929495928536811,0.04929495928536811
不使用 GP 产生的状态,100,历史重启阶段最优路径,GP 源内重加权,沉积后,仅历史来源路径包含的边,6,0.9646666666666667,0.029282732756850418,0.029282732756850418,0.01658075176319986,0.01658075176319986
不使用 GP 产生的状态,100,历史重启阶段最优路径,GP 源内重加权,沉积后,仅历史来源路径包含的边,7,0.8466666666666667,0.1272122215204718,0.1272122215204718,0.0484420901375069,0.0484420901375069
不使用 GP 产生的状态,100,历史重启阶段最优路径,GP 源内重加权,沉积后,仅本轮最优路径包含的边,0,0.888,-0.07623964501420816,0.07623964501420816,-0.040127746487588135,0.040127746487588135
不使用 GP 产生的状态,100,历史重启阶段最优路径,GP 源内重加权,沉积后,仅本轮最优路径包含的边,1,0.828,-0.12211803156711754,0.12211803156711754,-0.041027004816378526,0.041027004816378526
不使用 GP 产生的状态,100,历史重启阶段最优路径,GP 源内重加权,沉积后,仅本轮最优路径包含的边,2,0.8866666666666666,-0.08042267658663044,0.08042267658663044,-0.041978767379009685,0.041978767379009685
不使用 GP 产生的状态,100,历史重启阶段最优路径,GP 源内重加权,沉积后,仅本轮最优路径包含的边,3,0.854,-0.10088254766532531,0.10088254766532531,-0.040017975571023726,0.040017975571023726
不使用 GP 产生的状态,100,历史重启阶段最优路径,GP 源内重加权,沉积后,仅本轮最优路径包含的边,4,0.8979999999999999,-0.06965038218944268,0.06965038218944268,-0.041422959539969835,0.041422959539969835
不使用 GP 产生的状态,100,历史重启阶段最优路径,GP 源内重加权,沉积后,仅本轮最优路径包含的边,5,0.846,-0.10965700934517371,0.10965700934517371,-0.04225052983352106,0.04225052983352106
不使用 GP 产生的状态,100,历史重启阶段最优路径,GP 源内重加权,沉积后,仅本轮最优路径包含的边,6,0.9646666666666667,-0.024141193115007592,0.024141193115007592,-0.013669459528628488,0.013669459528628488
不使用 GP 产生的状态,100,历史重启阶段最优路径,GP 源内重加权,沉积后,仅本轮最优路径包含的边,7,0.8466666666666667,-0.10821820890504977,0.10821820890504977,-0.041202551794647074,0.041202551794647074
不使用 GP 产生的状态,100,历史重启阶段最优路径,GP 源内重加权,沉积后,其他候选弧,0,0.888,0.0,0.0,0.0,0.0
不使用 GP 产生的状态,100,历史重启阶段最优路径,GP 源内重加权,沉积后,其他候选弧,1,0.828,0.0,0.0,0.0,0.0
不使用 GP 产生的状态,100,历史重启阶段最优路径,GP 源内重加权,沉积后,其他候选弧,2,0.8866666666666666,0.0,0.0,0.0,0.0
不使用 GP 产生的状态,100,历史重启阶段最优路径,GP 源内重加权,沉积后,其他候选弧,3,0.854,0.0,0.0,0.0,0.0
不使用 GP 产生的状态,100,历史重启阶段最优路径,GP 源内重加权,沉积后,其他候选弧,4,0.8979999999999999,0.0,0.0,0.0,0.0
不使用 GP 产生的状态,100,历史重启阶段最优路径,GP 源内重加权,沉积后,其他候选弧,5,0.846,0.0,0.0,0.0,0.0
不使用 GP 产生的状态,100,历史重启阶段最优路径,GP 源内重加权,沉积后,其他候选弧,6,0.9646666666666667,0.0,0.0,0.0,0.0
不使用 GP 产生的状态,100,历史重启阶段最优路径,GP 源内重加权,沉积后,其他候选弧,7,0.8466666666666667,0.0,0.0,0.0,0.0
不使用 GP 产生的状态,100,历史重启阶段最优路径,GP 源内重加权,蒸发和下界保护后,两条来源路径共有边,0,0.888,0.0,0.0,0.0,0.0
不使用 GP 产生的状态,100,历史重启阶段最优路径,GP 源内重加权,蒸发和下界保护后,两条来源路径共有边,1,0.828,0.0,0.0,0.0,0.0
不使用 GP 产生的状态,100,历史重启阶段最优路径,GP 源内重加权,蒸发和下界保护后,两条来源路径共有边,2,0.8866666666666666,0.0,0.0,0.0,0.0
不使用 GP 产生的状态,100,历史重启阶段最优路径,GP 源内重加权,蒸发和下界保护后,两条来源路径共有边,3,0.854,0.0,0.0,0.0,0.0
不使用 GP 产生的状态,100,历史重启阶段最优路径,GP 源内重加权,蒸发和下界保护后,两条来源路径共有边,4,0.8979999999999999,0.0,0.0,0.0,0.0
不使用 GP 产生的状态,100,历史重启阶段最优路径,GP 源内重加权,蒸发和下界保护后,两条来源路径共有边,5,0.846,0.0,0.0,0.0,0.0
不使用 GP 产生的状态,100,历史重启阶段最优路径,GP 源内重加权,蒸发和下界保护后,两条来源路径共有边,6,0.9646666666666667,0.0,0.0,0.0,0.0
不使用 GP 产生的状态,100,历史重启阶段最优路径,GP 源内重加权,蒸发和下界保护后,两条来源路径共有边,7,0.8466666666666667,0.0,0.0,0.0,0.0
不使用 GP 产生的状态,100,历史重启阶段最优路径,GP 源内重加权,蒸发和下界保护后,仅历史来源路径包含的边,0,0.888,0.0,0.0,0.0,0.0
不使用 GP 产生的状态,100,历史重启阶段最优路径,GP 源内重加权,蒸发和下界保护后,仅历史来源路径包含的边,1,0.828,0.0,0.0,0.0,0.0
不使用 GP 产生的状态,100,历史重启阶段最优路径,GP 源内重加权,蒸发和下界保护后,仅历史来源路径包含的边,2,0.8866666666666666,0.0,0.0,0.0,0.0
不使用 GP 产生的状态,100,历史重启阶段最优路径,GP 源内重加权,蒸发和下界保护后,仅历史来源路径包含的边,3,0.854,0.0,0.0,0.0,0.0
不使用 GP 产生的状态,100,历史重启阶段最优路径,GP 源内重加权,蒸发和下界保护后,仅历史来源路径包含的边,4,0.8979999999999999,0.0,0.0,0.0,0.0
不使用 GP 产生的状态,100,历史重启阶段最优路径,GP 源内重加权,蒸发和下界保护后,仅历史来源路径包含的边,5,0.846,0.0,0.0,0.0,0.0
不使用 GP 产生的状态,100,历史重启阶段最优路径,GP 源内重加权,蒸发和下界保护后,仅历史来源路径包含的边,6,0.9646666666666667,0.0,0.0,0.0,0.0
不使用 GP 产生的状态,100,历史重启阶段最优路径,GP 源内重加权,蒸发和下界保护后,仅历史来源路径包含的边,7,0.8466666666666667,0.0,0.0,0.0,0.0
不使用 GP 产生的状态,100,历史重启阶段最优路径,GP 源内重加权,蒸发和下界保护后,仅本轮最优路径包含的边,0,0.888,0.0,0.0,0.0,0.0
不使用 GP 产生的状态,100,历史重启阶段最优路径,GP 源内重加权,蒸发和下界保护后,仅本轮最优路径包含的边,1,0.828,0.0,0.0,0.0,0.0
不使用 GP 产生的状态,100,历史重启阶段最优路径,GP 源内重加权,蒸发和下界保护后,仅本轮最优路径包含的边,2,0.8866666666666666,0.0,0.0,0.0,0.0
不使用 GP 产生的状态,100,历史重启阶段最优路径,GP 源内重加权,蒸发和下界保护后,仅本轮最优路径包含的边,3,0.854,0.0,0.0,0.0,0.0
不使用 GP 产生的状态,100,历史重启阶段最优路径,GP 源内重加权,蒸发和下界保护后,仅本轮最优路径包含的边,4,0.8979999999999999,0.0,0.0,0.0,0.0
不使用 GP 产生的状态,100,历史重启阶段最优路径,GP 源内重加权,蒸发和下界保护后,仅本轮最优路径包含的边,5,0.846,0.0,0.0,0.0,0.0
不使用 GP 产生的状态,100,历史重启阶段最优路径,GP 源内重加权,蒸发和下界保护后,仅本轮最优路径包含的边,6,0.9646666666666667,0.0,0.0,0.0,0.0
不使用 GP 产生的状态,100,历史重启阶段最优路径,GP 源内重加权,蒸发和下界保护后,仅本轮最优路径包含的边,7,0.8466666666666667,0.0,0.0,0.0,0.0
不使用 GP 产生的状态,100,历史重启阶段最优路径,GP 源内重加权,蒸发和下界保护后,其他候选弧,0,0.888,0.0,0.0,0.0,0.0
不使用 GP 产生的状态,100,历史重启阶段最优路径,GP 源内重加权,蒸发和下界保护后,其他候选弧,1,0.828,0.0,0.0,0.0,0.0
不使用 GP 产生的状态,100,历史重启阶段最优路径,GP 源内重加权,蒸发和下界保护后,其他候选弧,2,0.8866666666666666,0.0,0.0,0.0,0.0
不使用 GP 产生的状态,100,历史重启阶段最优路径,GP 源内重加权,蒸发和下界保护后,其他候选弧,3,0.854,0.0,0.0,0.0,0.0
不使用 GP 产生的状态,100,历史重启阶段最优路径,GP 源内重加权,蒸发和下界保护后,其他候选弧,4,0.8979999999999999,0.0,0.0,0.0,0.0
不使用 GP 产生的状态,100,历史重启阶段最优路径,GP 源内重加权,蒸发和下界保护后,其他候选弧,5,0.846,0.0,0.0,0.0,0.0
不使用 GP 产生的状态,100,历史重启阶段最优路径,GP 源内重加权,蒸发和下界保护后,其他候选弧,6,0.9646666666666667,0.0,0.0,0.0,0.0
不使用 GP 产生的状态,100,历史重启阶段最优路径,GP 源内重加权,蒸发和下界保护后,其他候选弧,7,0.8466666666666667,0.0,0.0,0.0,0.0
不使用 GP 产生的状态,100,历史重启阶段最优路径,GP 源内重加权,重启和可选上界处理后,两条来源路径共有边,0,0.888,-0.015332924314314616,0.015480650846518852,-0.001026126992193361,0.0010355728794367077
不使用 GP 产生的状态,100,历史重启阶段最优路径,GP 源内重加权,重启和可选上界处理后,两条来源路径共有边,1,0.828,-0.02104547442792902,0.021047807300609463,-0.0014766591997674517,0.001476816768328653
不使用 GP 产生的状态,100,历史重启阶段最优路径,GP 源内重加权,重启和可选上界处理后,两条来源路径共有边,2,0.8866666666666666,-0.013694515840584967,0.01371191944134207,-0.000918429992202444,0.0009196160862873588
不使用 GP 产生的状态,100,历史重启阶段最优路径,GP 源内重加权,重启和可选上界处理后,两条来源路径共有边,3,0.854,-0.020705344525946655,0.0207148129459628,-0.0014111414868706507,0.001411797076007017
不使用 GP 产生的状态,100,历史重启阶段最优路径,GP 源内重加权,重启和可选上界处理后,两条来源路径共有边,4,0.8979999999999999,-0.013557564609565627,0.013591709848496962,-0.0009274988068859219,0.0009297640701797721
不使用 GP 产生的状态,100,历史重启阶段最优路径,GP 源内重加权,重启和可选上界处理后,两条来源路径共有边,5,0.846,-0.018021833366961768,0.018022922869679513,-0.0012727093791580224,0.0012727865182908904
不使用 GP 产生的状态,100,历史重启阶段最优路径,GP 源内重加权,重启和可选上界处理后,两条来源路径共有边,6,0.9646666666666667,-0.005141648301770669,0.005141648301770669,-0.00034519407010155477,0.00034519407010155477
不使用 GP 产生的状态,100,历史重启阶段最优路径,GP 源内重加权,重启和可选上界处理后,两条来源路径共有边,7,0.8466666666666667,-0.01899439170972814,0.019042286181779604,-0.0013157066398462266,0.001319068492535069
不使用 GP 产生的状态,100,历史重启阶段最优路径,GP 源内重加权,重启和可选上界处理后,仅历史来源路径包含的边,0,0.888,0.09157273203598565,0.09157273203598565,0.0478706446158064,0.0478706446158064
不使用 GP 产生的状态,100,历史重启阶段最优路径,GP 源内重加权,重启和可选上界处理后,仅历史来源路径包含的边,1,0.828,0.1431637377753639,0.1431637377753639,0.04799628857506355,0.04799628857506355
不使用 GP 产生的状态,100,历史重启阶段最优路径,GP 源内重加权,重启和可选上界处理后,仅历史来源路径包含的边,2,0.8866666666666666,0.09411769059016648,0.09411769059016648,0.04934234187746675,0.04934234187746675
不使用 GP 产生的状态,100,历史重启阶段最优路径,GP 源内重加权,重启和可选上界处理后,仅历史来源路径包含的边,3,0.854,0.12158813357867289,0.12158813357867289,0.048389811710667,0.048389811710667
不使用 GP 产生的状态,100,历史重启阶段最优路径,GP 源内重加权,重启和可选上界处理后,仅历史来源路径包含的边,4,0.8979999999999999,0.08320691986673083,0.08320691986673083,0.048462405501951994,0.048462405501951994
不使用 GP 产生的状态,100,历史重启阶段最优路径,GP 源内重加权,重启和可选上界处理后,仅历史来源路径包含的边,5,0.846,0.12767896866993544,0.12767896866993544,0.04929495928536811,0.04929495928536811
不使用 GP 产生的状态,100,历史重启阶段最优路径,GP 源内重加权,重启和可选上界处理后,仅历史来源路径包含的边,6,0.9646666666666667,0.029282732756850418,0.029282732756850418,0.01658075176319986,0.01658075176319986
不使用 GP 产生的状态,100,历史重启阶段最优路径,GP 源内重加权,重启和可选上界处理后,仅历史来源路径包含的边,7,0.8466666666666667,0.1272122215204718,0.1272122215204718,0.0484420901375069,0.0484420901375069
不使用 GP 产生的状态,100,历史重启阶段最优路径,GP 源内重加权,重启和可选上界处理后,仅本轮最优路径包含的边,0,0.888,-0.07623964501420816,0.07623964501420816,-0.040127746487588135,0.040127746487588135
不使用 GP 产生的状态,100,历史重启阶段最优路径,GP 源内重加权,重启和可选上界处理后,仅本轮最优路径包含的边,1,0.828,-0.12211803156711754,0.12211803156711754,-0.041027004816378526,0.041027004816378526
不使用 GP 产生的状态,100,历史重启阶段最优路径,GP 源内重加权,重启和可选上界处理后,仅本轮最优路径包含的边,2,0.8866666666666666,-0.08042267658663044,0.08042267658663044,-0.041978767379009685,0.041978767379009685
不使用 GP 产生的状态,100,历史重启阶段最优路径,GP 源内重加权,重启和可选上界处理后,仅本轮最优路径包含的边,3,0.854,-0.10088254766532531,0.10088254766532531,-0.040017975571023726,0.040017975571023726
不使用 GP 产生的状态,100,历史重启阶段最优路径,GP 源内重加权,重启和可选上界处理后,仅本轮最优路径包含的边,4,0.8979999999999999,-0.06965038218944268,0.06965038218944268,-0.041422959539969835,0.041422959539969835
不使用 GP 产生的状态,100,历史重启阶段最优路径,GP 源内重加权,重启和可选上界处理后,仅本轮最优路径包含的边,5,0.846,-0.10965700934517371,0.10965700934517371,-0.04225052983352106,0.04225052983352106
不使用 GP 产生的状态,100,历史重启阶段最优路径,GP 源内重加权,重启和可选上界处理后,仅本轮最优路径包含的边,6,0.9646666666666667,-0.024141193115007592,0.024141193115007592,-0.013669459528628488,0.013669459528628488
不使用 GP 产生的状态,100,历史重启阶段最优路径,GP 源内重加权,重启和可选上界处理后,仅本轮最优路径包含的边,7,0.8466666666666667,-0.10821820890504977,0.10821820890504977,-0.041202551794647074,0.041202551794647074
不使用 GP 产生的状态,100,历史重启阶段最优路径,GP 源内重加权,重启和可选上界处理后,其他候选弧,0,0.888,0.0,0.0,0.0,0.0
不使用 GP 产生的状态,100,历史重启阶段最优路径,GP 源内重加权,重启和可选上界处理后,其他候选弧,1,0.828,0.0,0.0,0.0,0.0
不使用 GP 产生的状态,100,历史重启阶段最优路径,GP 源内重加权,重启和可选上界处理后,其他候选弧,2,0.8866666666666666,0.0,0.0,0.0,0.0
不使用 GP 产生的状态,100,历史重启阶段最优路径,GP 源内重加权,重启和可选上界处理后,其他候选弧,3,0.854,0.0,0.0,0.0,0.0
不使用 GP 产生的状态,100,历史重启阶段最优路径,GP 源内重加权,重启和可选上界处理后,其他候选弧,4,0.8979999999999999,0.0,0.0,0.0,0.0
不使用 GP 产生的状态,100,历史重启阶段最优路径,GP 源内重加权,重启和可选上界处理后,其他候选弧,5,0.846,0.0,0.0,0.0,0.0
不使用 GP 产生的状态,100,历史重启阶段最优路径,GP 源内重加权,重启和可选上界处理后,其他候选弧,6,0.9646666666666667,0.0,0.0,0.0,0.0
不使用 GP 产生的状态,100,历史重启阶段最优路径,GP 源内重加权,重启和可选上界处理后,其他候选弧,7,0.8466666666666667,0.0,0.0,0.0,0.0
不使用 GP 产生的状态,100,历史重启阶段最优路径,来源内均匀沉积,更新前,两条来源路径共有边,0,0.888,0.0,0.0,0.0,0.0
不使用 GP 产生的状态,100,历史重启阶段最优路径,来源内均匀沉积,更新前,两条来源路径共有边,1,0.828,0.0,0.0,0.0,0.0
不使用 GP 产生的状态,100,历史重启阶段最优路径,来源内均匀沉积,更新前,两条来源路径共有边,2,0.8866666666666666,0.0,0.0,0.0,0.0
不使用 GP 产生的状态,100,历史重启阶段最优路径,来源内均匀沉积,更新前,两条来源路径共有边,3,0.854,0.0,0.0,0.0,0.0
不使用 GP 产生的状态,100,历史重启阶段最优路径,来源内均匀沉积,更新前,两条来源路径共有边,4,0.8979999999999999,0.0,0.0,0.0,0.0
不使用 GP 产生的状态,100,历史重启阶段最优路径,来源内均匀沉积,更新前,两条来源路径共有边,5,0.846,0.0,0.0,0.0,0.0
不使用 GP 产生的状态,100,历史重启阶段最优路径,来源内均匀沉积,更新前,两条来源路径共有边,6,0.9646666666666667,0.0,0.0,0.0,0.0
不使用 GP 产生的状态,100,历史重启阶段最优路径,来源内均匀沉积,更新前,两条来源路径共有边,7,0.8466666666666667,0.0,0.0,0.0,0.0
不使用 GP 产生的状态,100,历史重启阶段最优路径,来源内均匀沉积,更新前,仅历史来源路径包含的边,0,0.888,0.0,0.0,0.0,0.0
不使用 GP 产生的状态,100,历史重启阶段最优路径,来源内均匀沉积,更新前,仅历史来源路径包含的边,1,0.828,0.0,0.0,0.0,0.0
不使用 GP 产生的状态,100,历史重启阶段最优路径,来源内均匀沉积,更新前,仅历史来源路径包含的边,2,0.8866666666666666,0.0,0.0,0.0,0.0
不使用 GP 产生的状态,100,历史重启阶段最优路径,来源内均匀沉积,更新前,仅历史来源路径包含的边,3,0.854,0.0,0.0,0.0,0.0
不使用 GP 产生的状态,100,历史重启阶段最优路径,来源内均匀沉积,更新前,仅历史来源路径包含的边,4,0.8979999999999999,0.0,0.0,0.0,0.0
不使用 GP 产生的状态,100,历史重启阶段最优路径,来源内均匀沉积,更新前,仅历史来源路径包含的边,5,0.846,0.0,0.0,0.0,0.0
不使用 GP 产生的状态,100,历史重启阶段最优路径,来源内均匀沉积,更新前,仅历史来源路径包含的边,6,0.9646666666666667,0.0,0.0,0.0,0.0
不使用 GP 产生的状态,100,历史重启阶段最优路径,来源内均匀沉积,更新前,仅历史来源路径包含的边,7,0.8466666666666667,0.0,0.0,0.0,0.0
不使用 GP 产生的状态,100,历史重启阶段最优路径,来源内均匀沉积,更新前,仅本轮最优路径包含的边,0,0.888,0.0,0.0,0.0,0.0
不使用 GP 产生的状态,100,历史重启阶段最优路径,来源内均匀沉积,更新前,仅本轮最优路径包含的边,1,0.828,0.0,0.0,0.0,0.0
不使用 GP 产生的状态,100,历史重启阶段最优路径,来源内均匀沉积,更新前,仅本轮最优路径包含的边,2,0.8866666666666666,0.0,0.0,0.0,0.0
不使用 GP 产生的状态,100,历史重启阶段最优路径,来源内均匀沉积,更新前,仅本轮最优路径包含的边,3,0.854,0.0,0.0,0.0,0.0
不使用 GP 产生的状态,100,历史重启阶段最优路径,来源内均匀沉积,更新前,仅本轮最优路径包含的边,4,0.8979999999999999,0.0,0.0,0.0,0.0
不使用 GP 产生的状态,100,历史重启阶段最优路径,来源内均匀沉积,更新前,仅本轮最优路径包含的边,5,0.846,0.0,0.0,0.0,0.0
不使用 GP 产生的状态,100,历史重启阶段最优路径,来源内均匀沉积,更新前,仅本轮最优路径包含的边,6,0.9646666666666667,0.0,0.0,0.0,0.0
不使用 GP 产生的状态,100,历史重启阶段最优路径,来源内均匀沉积,更新前,仅本轮最优路径包含的边,7,0.8466666666666667,0.0,0.0,0.0,0.0
不使用 GP 产生的状态,100,历史重启阶段最优路径,来源内均匀沉积,更新前,其他候选弧,0,0.888,0.0,0.0,0.0,0.0
不使用 GP 产生的状态,100,历史重启阶段最优路径,来源内均匀沉积,更新前,其他候选弧,1,0.828,0.0,0.0,0.0,0.0
不使用 GP 产生的状态,100,历史重启阶段最优路径,来源内均匀沉积,更新前,其他候选弧,2,0.8866666666666666,0.0,0.0,0.0,0.0
不使用 GP 产生的状态,100,历史重启阶段最优路径,来源内均匀沉积,更新前,其他候选弧,3,0.854,0.0,0.0,0.0,0.0
不使用 GP 产生的状态,100,历史重启阶段最优路径,来源内均匀沉积,更新前,其他候选弧,4,0.8979999999999999,0.0,0.0,0.0,0.0
不使用 GP 产生的状态,100,历史重启阶段最优路径,来源内均匀沉积,更新前,其他候选弧,5,0.846,0.0,0.0,0.0,0.0
不使用 GP 产生的状态,100,历史重启阶段最优路径,来源内均匀沉积,更新前,其他候选弧,6,0.9646666666666667,0.0,0.0,0.0,0.0
不使用 GP 产生的状态,100,历史重启阶段最优路径,来源内均匀沉积,更新前,其他候选弧,7,0.8466666666666667,0.0,0.0,0.0,0.0
不使用 GP 产生的状态,100,历史重启阶段最优路径,来源内均匀沉积,沉积后,两条来源路径共有边,0,0.888,3.963934278441116e-08,3.963934278441116e-08,2.538496419159803e-09,2.538496419159803e-09
不使用 GP 产生的状态,100,历史重启阶段最优路径,来源内均匀沉积,沉积后,两条来源路径共有边,1,0.828,-6.228032301432928e-08,1.0729745762167036e-07,-4.493381105860762e-09,7.53396072641223e-09
不使用 GP 产生的状态,100,历史重启阶段最优路径,来源内均匀沉积,沉积后,两条来源路径共有边,2,0.8866666666666666,4.340297809921515e-09,4.340297809921515e-09,2.819724825618916e-10,2.819724825618916e-10
不使用 GP 产生的状态,100,历史重启阶段最优路径,来源内均匀沉积,沉积后,两条来源路径共有边,3,0.854,1.2747814210163034e-08,1.2747814210163034e-08,8.79735334936467e-10,8.79735334936467e-10
不使用 GP 产生的状态,100,历史重启阶段最优路径,来源内均匀沉积,沉积后,两条来源路径共有边,4,0.8979999999999999,5.6058630793829445e-08,5.6058630793829445e-08,3.6829865298758493e-09,3.6829865298758493e-09
不使用 GP 产生的状态,100,历史重启阶段最优路径,来源内均匀沉积,沉积后,两条来源路径共有边,5,0.846,2.4389973856520183e-08,3.006910699278305e-08,1.6461108907640476e-09,2.0482057166297778e-09
不使用 GP 产生的状态,100,历史重启阶段最优路径,来源内均匀沉积,沉积后,两条来源路径共有边,6,0.9646666666666667,1.787533256857629e-08,1.787533256857629e-08,1.2000935189675966e-09,1.2000935189675966e-09
不使用 GP 产生的状态,100,历史重启阶段最优路径,来源内均匀沉积,沉积后,两条来源路径共有边,7,0.8466666666666667,-2.8748591792508384e-09,2.8748591792508384e-09,-1.977515537044576e-10,1.977515537044576e-10
不使用 GP 产生的状态,100,历史重启阶段最优路径,来源内均匀沉积,沉积后,仅历史来源路径包含的边,0,0.888,0.11200000464524026,0.11200000464524026,0.05881211782908066,0.05881211782908066
不使用 GP 产生的状态,100,历史重启阶段最优路径,来源内均匀沉积,沉积后,仅历史来源路径包含的边,1,0.828,0.17199999478769915,0.17199999478769915,0.05777055853166359,0.05777055853166359
不使用 GP 产生的状态,100,历史重启阶段最优路径,来源内均匀沉积,沉积后,仅历史来源路径包含的边,2,0.8866666666666666,0.1133333299813129,0.1133333299813129,0.0593524079908983,0.0593524079908983
不使用 GP 产生的状态,100,历史重启阶段最优路径,来源内均匀沉积,沉积后,仅历史来源路径包含的边,3,0.854,0.14600000392684728,0.14600000392684728,0.05813267412936978,0.05813267412936978
不使用 GP 产生的状态,100,历史重启阶段最优路径,来源内均匀沉积,沉积后,仅历史来源路径包含的边,4,0.8979999999999999,0.10200000439406076,0.10200000439406076,0.060450869927602166,0.060450869927602166
不使用 GP 产生的状态,100,历史重启阶段最优路径,来源内均匀沉积,沉积后,仅历史来源路径包含的边,5,0.846,0.1539999973519997,0.1539999973519997,0.059489168062599324,0.059489168062599324
不使用 GP 产生的状态,100,历史重启阶段最优路径,来源内均匀沉积,沉积后,仅历史来源路径包含的边,6,0.9646666666666667,0.035333334050994834,0.035333334050994834,0.020006781666533753,0.020006781666533753
不使用 GP 产生的状态,100,历史重启阶段最优路径,来源内均匀沉积,沉积后,仅历史来源路径包含的边,7,0.8466666666666667,0.1533333362519008,0.1533333362519008,0.05853745399118693,0.05853745399118693
不使用 GP 产生的状态,100,历史重启阶段最优路径,来源内均匀沉积,沉积后,仅本轮最优路径包含的边,0,0.888,-0.11200000062935428,0.11200000062935428,-0.05881211501154956,0.05881211501154956
不使用 GP 产生的状态,100,历史重启阶段最优路径,来源内均匀沉积,沉积后,仅本轮最优路径包含的边,1,0.828,-0.17200000301635804,0.17200000301635804,-0.0577705608254701,0.0577705608254701
不使用 GP 产生的状态,100,历史重启阶段最优路径,来源内均匀沉积,沉积后,仅本轮最优路径包含的边,2,0.8866666666666666,-0.11333333081688372,0.11333333081688372,-0.059352408040755256,0.059352408040755256
不使用 GP 产生的状态,100,历史重启阶段最优路径,来源内均匀沉积,沉积后,仅本轮最优路径包含的边,3,0.854,-0.14599999365543911,0.14599999365543911,-0.05813267034288973,0.05813267034288973
不使用 GP 产生的状态,100,历史重启阶段最优路径,来源内均匀沉积,沉积后,仅本轮最优路径包含的边,4,0.8979999999999999,-0.1019999945225974,0.1019999945225974,-0.060450863384612176,0.060450863384612176
不使用 GP 产生的状态,100,历史重启阶段最优路径,来源内均匀沉积,沉积后,仅本轮最优路径包含的边,5,0.846,-0.15399999834058165,0.15399999834058165,-0.05948916804859726,0.05948916804859726
不使用 GP 产生的状态,100,历史重启阶段最优路径,来源内均匀沉积,沉积后,仅本轮最优路径包含的边,6,0.9646666666666667,-0.03533333224522936,0.03533333224522936,-0.020006780644055786,0.020006780644055786
不使用 GP 产生的状态,100,历史重启阶段最优路径,来源内均匀沉积,沉积后,仅本轮最优路径包含的边,7,0.8466666666666667,-0.15333333718004455,0.15333333718004455,-0.05853745431777984,0.05853745431777984
不使用 GP 产生的状态,100,历史重启阶段最优路径,来源内均匀沉积,沉积后,其他候选弧,0,0.888,0.0,0.0,0.0,0.0
不使用 GP 产生的状态,100,历史重启阶段最优路径,来源内均匀沉积,沉积后,其他候选弧,1,0.828,0.0,0.0,0.0,0.0
不使用 GP 产生的状态,100,历史重启阶段最优路径,来源内均匀沉积,沉积后,其他候选弧,2,0.8866666666666666,0.0,0.0,0.0,0.0
不使用 GP 产生的状态,100,历史重启阶段最优路径,来源内均匀沉积,沉积后,其他候选弧,3,0.854,0.0,0.0,0.0,0.0
不使用 GP 产生的状态,100,历史重启阶段最优路径,来源内均匀沉积,沉积后,其他候选弧,4,0.8979999999999999,0.0,0.0,0.0,0.0
不使用 GP 产生的状态,100,历史重启阶段最优路径,来源内均匀沉积,沉积后,其他候选弧,5,0.846,0.0,0.0,0.0,0.0
不使用 GP 产生的状态,100,历史重启阶段最优路径,来源内均匀沉积,沉积后,其他候选弧,6,0.9646666666666667,0.0,0.0,0.0,0.0
不使用 GP 产生的状态,100,历史重启阶段最优路径,来源内均匀沉积,沉积后,其他候选弧,7,0.8466666666666667,0.0,0.0,0.0,0.0
不使用 GP 产生的状态,100,历史重启阶段最优路径,来源内均匀沉积,蒸发和下界保护后,两条来源路径共有边,0,0.888,0.0,0.0,0.0,0.0
不使用 GP 产生的状态,100,历史重启阶段最优路径,来源内均匀沉积,蒸发和下界保护后,两条来源路径共有边,1,0.828,0.0,0.0,0.0,0.0
不使用 GP 产生的状态,100,历史重启阶段最优路径,来源内均匀沉积,蒸发和下界保护后,两条来源路径共有边,2,0.8866666666666666,0.0,0.0,0.0,0.0
不使用 GP 产生的状态,100,历史重启阶段最优路径,来源内均匀沉积,蒸发和下界保护后,两条来源路径共有边,3,0.854,0.0,0.0,0.0,0.0
不使用 GP 产生的状态,100,历史重启阶段最优路径,来源内均匀沉积,蒸发和下界保护后,两条来源路径共有边,4,0.8979999999999999,0.0,0.0,0.0,0.0
不使用 GP 产生的状态,100,历史重启阶段最优路径,来源内均匀沉积,蒸发和下界保护后,两条来源路径共有边,5,0.846,0.0,0.0,0.0,0.0
不使用 GP 产生的状态,100,历史重启阶段最优路径,来源内均匀沉积,蒸发和下界保护后,两条来源路径共有边,6,0.9646666666666667,0.0,0.0,0.0,0.0
不使用 GP 产生的状态,100,历史重启阶段最优路径,来源内均匀沉积,蒸发和下界保护后,两条来源路径共有边,7,0.8466666666666667,0.0,0.0,0.0,0.0
不使用 GP 产生的状态,100,历史重启阶段最优路径,来源内均匀沉积,蒸发和下界保护后,仅历史来源路径包含的边,0,0.888,0.0,0.0,0.0,0.0
不使用 GP 产生的状态,100,历史重启阶段最优路径,来源内均匀沉积,蒸发和下界保护后,仅历史来源路径包含的边,1,0.828,0.0,0.0,0.0,0.0
不使用 GP 产生的状态,100,历史重启阶段最优路径,来源内均匀沉积,蒸发和下界保护后,仅历史来源路径包含的边,2,0.8866666666666666,0.0,0.0,0.0,0.0
不使用 GP 产生的状态,100,历史重启阶段最优路径,来源内均匀沉积,蒸发和下界保护后,仅历史来源路径包含的边,3,0.854,0.0,0.0,0.0,0.0
不使用 GP 产生的状态,100,历史重启阶段最优路径,来源内均匀沉积,蒸发和下界保护后,仅历史来源路径包含的边,4,0.8979999999999999,0.0,0.0,0.0,0.0
不使用 GP 产生的状态,100,历史重启阶段最优路径,来源内均匀沉积,蒸发和下界保护后,仅历史来源路径包含的边,5,0.846,0.0,0.0,0.0,0.0
不使用 GP 产生的状态,100,历史重启阶段最优路径,来源内均匀沉积,蒸发和下界保护后,仅历史来源路径包含的边,6,0.9646666666666667,0.0,0.0,0.0,0.0
不使用 GP 产生的状态,100,历史重启阶段最优路径,来源内均匀沉积,蒸发和下界保护后,仅历史来源路径包含的边,7,0.8466666666666667,0.0,0.0,0.0,0.0
不使用 GP 产生的状态,100,历史重启阶段最优路径,来源内均匀沉积,蒸发和下界保护后,仅本轮最优路径包含的边,0,0.888,0.0,0.0,0.0,0.0
不使用 GP 产生的状态,100,历史重启阶段最优路径,来源内均匀沉积,蒸发和下界保护后,仅本轮最优路径包含的边,1,0.828,0.0,0.0,0.0,0.0
不使用 GP 产生的状态,100,历史重启阶段最优路径,来源内均匀沉积,蒸发和下界保护后,仅本轮最优路径包含的边,2,0.8866666666666666,0.0,0.0,0.0,0.0
不使用 GP 产生的状态,100,历史重启阶段最优路径,来源内均匀沉积,蒸发和下界保护后,仅本轮最优路径包含的边,3,0.854,0.0,0.0,0.0,0.0
不使用 GP 产生的状态,100,历史重启阶段最优路径,来源内均匀沉积,蒸发和下界保护后,仅本轮最优路径包含的边,4,0.8979999999999999,0.0,0.0,0.0,0.0
不使用 GP 产生的状态,100,历史重启阶段最优路径,来源内均匀沉积,蒸发和下界保护后,仅本轮最优路径包含的边,5,0.846,0.0,0.0,0.0,0.0
不使用 GP 产生的状态,100,历史重启阶段最优路径,来源内均匀沉积,蒸发和下界保护后,仅本轮最优路径包含的边,6,0.9646666666666667,0.0,0.0,0.0,0.0
不使用 GP 产生的状态,100,历史重启阶段最优路径,来源内均匀沉积,蒸发和下界保护后,仅本轮最优路径包含的边,7,0.8466666666666667,0.0,0.0,0.0,0.0
不使用 GP 产生的状态,100,历史重启阶段最优路径,来源内均匀沉积,蒸发和下界保护后,其他候选弧,0,0.888,0.0,0.0,0.0,0.0
不使用 GP 产生的状态,100,历史重启阶段最优路径,来源内均匀沉积,蒸发和下界保护后,其他候选弧,1,0.828,0.0,0.0,0.0,0.0
不使用 GP 产生的状态,100,历史重启阶段最优路径,来源内均匀沉积,蒸发和下界保护后,其他候选弧,2,0.8866666666666666,0.0,0.0,0.0,0.0
不使用 GP 产生的状态,100,历史重启阶段最优路径,来源内均匀沉积,蒸发和下界保护后,其他候选弧,3,0.854,0.0,0.0,0.0,0.0
不使用 GP 产生的状态,100,历史重启阶段最优路径,来源内均匀沉积,蒸发和下界保护后,其他候选弧,4,0.8979999999999999,0.0,0.0,0.0,0.0
不使用 GP 产生的状态,100,历史重启阶段最优路径,来源内均匀沉积,蒸发和下界保护后,其他候选弧,5,0.846,0.0,0.0,0.0,0.0
不使用 GP 产生的状态,100,历史重启阶段最优路径,来源内均匀沉积,蒸发和下界保护后,其他候选弧,6,0.9646666666666667,0.0,0.0,0.0,0.0
不使用 GP 产生的状态,100,历史重启阶段最优路径,来源内均匀沉积,蒸发和下界保护后,其他候选弧,7,0.8466666666666667,0.0,0.0,0.0,0.0
不使用 GP 产生的状态,100,历史重启阶段最优路径,来源内均匀沉积,重启和可选上界处理后,两条来源路径共有边,0,0.888,3.963934278441116e-08,3.963934278441116e-08,2.538496419159803e-09,2.538496419159803e-09
不使用 GP 产生的状态,100,历史重启阶段最优路径,来源内均匀沉积,重启和可选上界处理后,两条来源路径共有边,1,0.828,-6.228032301432928e-08,1.0729745762167036e-07,-4.493381105860762e-09,7.53396072641223e-09
不使用 GP 产生的状态,100,历史重启阶段最优路径,来源内均匀沉积,重启和可选上界处理后,两条来源路径共有边,2,0.8866666666666666,4.340297809921515e-09,4.340297809921515e-09,2.819724825618916e-10,2.819724825618916e-10
不使用 GP 产生的状态,100,历史重启阶段最优路径,来源内均匀沉积,重启和可选上界处理后,两条来源路径共有边,3,0.854,1.2747814210163034e-08,1.2747814210163034e-08,8.79735334936467e-10,8.79735334936467e-10
不使用 GP 产生的状态,100,历史重启阶段最优路径,来源内均匀沉积,重启和可选上界处理后,两条来源路径共有边,4,0.8979999999999999,5.6058630793829445e-08,5.6058630793829445e-08,3.6829865298758493e-09,3.6829865298758493e-09
不使用 GP 产生的状态,100,历史重启阶段最优路径,来源内均匀沉积,重启和可选上界处理后,两条来源路径共有边,5,0.846,2.4389973856520183e-08,3.006910699278305e-08,1.6461108907640476e-09,2.0482057166297778e-09
不使用 GP 产生的状态,100,历史重启阶段最优路径,来源内均匀沉积,重启和可选上界处理后,两条来源路径共有边,6,0.9646666666666667,1.787533256857629e-08,1.787533256857629e-08,1.2000935189675966e-09,1.2000935189675966e-09
不使用 GP 产生的状态,100,历史重启阶段最优路径,来源内均匀沉积,重启和可选上界处理后,两条来源路径共有边,7,0.8466666666666667,-2.8748591792508384e-09,2.8748591792508384e-09,-1.977515537044576e-10,1.977515537044576e-10
不使用 GP 产生的状态,100,历史重启阶段最优路径,来源内均匀沉积,重启和可选上界处理后,仅历史来源路径包含的边,0,0.888,0.11200000464524026,0.11200000464524026,0.05881211782908066,0.05881211782908066
不使用 GP 产生的状态,100,历史重启阶段最优路径,来源内均匀沉积,重启和可选上界处理后,仅历史来源路径包含的边,1,0.828,0.17199999478769915,0.17199999478769915,0.05777055853166359,0.05777055853166359
不使用 GP 产生的状态,100,历史重启阶段最优路径,来源内均匀沉积,重启和可选上界处理后,仅历史来源路径包含的边,2,0.8866666666666666,0.1133333299813129,0.1133333299813129,0.0593524079908983,0.0593524079908983
不使用 GP 产生的状态,100,历史重启阶段最优路径,来源内均匀沉积,重启和可选上界处理后,仅历史来源路径包含的边,3,0.854,0.14600000392684728,0.14600000392684728,0.05813267412936978,0.05813267412936978
不使用 GP 产生的状态,100,历史重启阶段最优路径,来源内均匀沉积,重启和可选上界处理后,仅历史来源路径包含的边,4,0.8979999999999999,0.10200000439406076,0.10200000439406076,0.060450869927602166,0.060450869927602166
不使用 GP 产生的状态,100,历史重启阶段最优路径,来源内均匀沉积,重启和可选上界处理后,仅历史来源路径包含的边,5,0.846,0.1539999973519997,0.1539999973519997,0.059489168062599324,0.059489168062599324
不使用 GP 产生的状态,100,历史重启阶段最优路径,来源内均匀沉积,重启和可选上界处理后,仅历史来源路径包含的边,6,0.9646666666666667,0.035333334050994834,0.035333334050994834,0.020006781666533753,0.020006781666533753
不使用 GP 产生的状态,100,历史重启阶段最优路径,来源内均匀沉积,重启和可选上界处理后,仅历史来源路径包含的边,7,0.8466666666666667,0.1533333362519008,0.1533333362519008,0.05853745399118693,0.05853745399118693
不使用 GP 产生的状态,100,历史重启阶段最优路径,来源内均匀沉积,重启和可选上界处理后,仅本轮最优路径包含的边,0,0.888,-0.11200000062935428,0.11200000062935428,-0.05881211501154956,0.05881211501154956
不使用 GP 产生的状态,100,历史重启阶段最优路径,来源内均匀沉积,重启和可选上界处理后,仅本轮最优路径包含的边,1,0.828,-0.17200000301635804,0.17200000301635804,-0.0577705608254701,0.0577705608254701
不使用 GP 产生的状态,100,历史重启阶段最优路径,来源内均匀沉积,重启和可选上界处理后,仅本轮最优路径包含的边,2,0.8866666666666666,-0.11333333081688372,0.11333333081688372,-0.059352408040755256,0.059352408040755256
不使用 GP 产生的状态,100,历史重启阶段最优路径,来源内均匀沉积,重启和可选上界处理后,仅本轮最优路径包含的边,3,0.854,-0.14599999365543911,0.14599999365543911,-0.05813267034288973,0.05813267034288973
不使用 GP 产生的状态,100,历史重启阶段最优路径,来源内均匀沉积,重启和可选上界处理后,仅本轮最优路径包含的边,4,0.8979999999999999,-0.1019999945225974,0.1019999945225974,-0.060450863384612176,0.060450863384612176
不使用 GP 产生的状态,100,历史重启阶段最优路径,来源内均匀沉积,重启和可选上界处理后,仅本轮最优路径包含的边,5,0.846,-0.15399999834058165,0.15399999834058165,-0.05948916804859726,0.05948916804859726
不使用 GP 产生的状态,100,历史重启阶段最优路径,来源内均匀沉积,重启和可选上界处理后,仅本轮最优路径包含的边,6,0.9646666666666667,-0.03533333224522936,0.03533333224522936,-0.020006780644055786,0.020006780644055786
不使用 GP 产生的状态,100,历史重启阶段最优路径,来源内均匀沉积,重启和可选上界处理后,仅本轮最优路径包含的边,7,0.8466666666666667,-0.15333333718004455,0.15333333718004455,-0.05853745431777984,0.05853745431777984
不使用 GP 产生的状态,100,历史重启阶段最优路径,来源内均匀沉积,重启和可选上界处理后,其他候选弧,0,0.888,0.0,0.0,0.0,0.0
不使用 GP 产生的状态,100,历史重启阶段最优路径,来源内均匀沉积,重启和可选上界处理后,其他候选弧,1,0.828,0.0,0.0,0.0,0.0
不使用 GP 产生的状态,100,历史重启阶段最优路径,来源内均匀沉积,重启和可选上界处理后,其他候选弧,2,0.8866666666666666,0.0,0.0,0.0,0.0
不使用 GP 产生的状态,100,历史重启阶段最优路径,来源内均匀沉积,重启和可选上界处理后,其他候选弧,3,0.854,0.0,0.0,0.0,0.0
不使用 GP 产生的状态,100,历史重启阶段最优路径,来源内均匀沉积,重启和可选上界处理后,其他候选弧,4,0.8979999999999999,0.0,0.0,0.0,0.0
不使用 GP 产生的状态,100,历史重启阶段最优路径,来源内均匀沉积,重启和可选上界处理后,其他候选弧,5,0.846,0.0,0.0,0.0,0.0
不使用 GP 产生的状态,100,历史重启阶段最优路径,来源内均匀沉积,重启和可选上界处理后,其他候选弧,6,0.9646666666666667,0.0,0.0,0.0,0.0
不使用 GP 产生的状态,100,历史重启阶段最优路径,来源内均匀沉积,重启和可选上界处理后,其他候选弧,7,0.8466666666666667,0.0,0.0,0.0,0.0
不使用 GP 产生的状态,250,历史全局最优路径,GP 源内重加权,更新前,两条来源路径共有边,0,1.0,0.0,0.0,0.0,0.0
不使用 GP 产生的状态,250,历史全局最优路径,GP 源内重加权,更新前,两条来源路径共有边,1,1.0,0.0,0.0,0.0,0.0
不使用 GP 产生的状态,250,历史全局最优路径,GP 源内重加权,更新前,两条来源路径共有边,2,1.0,0.0,0.0,0.0,0.0
不使用 GP 产生的状态,250,历史全局最优路径,GP 源内重加权,更新前,两条来源路径共有边,3,1.0,0.0,0.0,0.0,0.0
不使用 GP 产生的状态,250,历史全局最优路径,GP 源内重加权,更新前,两条来源路径共有边,4,0.9920000000000001,0.0,0.0,0.0,0.0
不使用 GP 产生的状态,250,历史全局最优路径,GP 源内重加权,更新前,两条来源路径共有边,5,1.0,0.0,0.0,0.0,0.0
不使用 GP 产生的状态,250,历史全局最优路径,GP 源内重加权,更新前,两条来源路径共有边,6,1.0,0.0,0.0,0.0,0.0
不使用 GP 产生的状态,250,历史全局最优路径,GP 源内重加权,更新前,两条来源路径共有边,7,1.0,0.0,0.0,0.0,0.0
不使用 GP 产生的状态,250,历史全局最优路径,GP 源内重加权,更新前,仅历史来源路径包含的边,0,1.0,0.0,0.0,0.0,0.0
不使用 GP 产生的状态,250,历史全局最优路径,GP 源内重加权,更新前,仅历史来源路径包含的边,1,1.0,0.0,0.0,0.0,0.0
不使用 GP 产生的状态,250,历史全局最优路径,GP 源内重加权,更新前,仅历史来源路径包含的边,2,1.0,0.0,0.0,0.0,0.0
不使用 GP 产生的状态,250,历史全局最优路径,GP 源内重加权,更新前,仅历史来源路径包含的边,3,1.0,0.0,0.0,0.0,0.0
不使用 GP 产生的状态,250,历史全局最优路径,GP 源内重加权,更新前,仅历史来源路径包含的边,4,0.9920000000000001,0.0,0.0,0.0,0.0
不使用 GP 产生的状态,250,历史全局最优路径,GP 源内重加权,更新前,仅历史来源路径包含的边,5,1.0,0.0,0.0,0.0,0.0
不使用 GP 产生的状态,250,历史全局最优路径,GP 源内重加权,更新前,仅历史来源路径包含的边,6,1.0,0.0,0.0,0.0,0.0
不使用 GP 产生的状态,250,历史全局最优路径,GP 源内重加权,更新前,仅历史来源路径包含的边,7,1.0,0.0,0.0,0.0,0.0
不使用 GP 产生的状态,250,历史全局最优路径,GP 源内重加权,更新前,仅本轮最优路径包含的边,0,1.0,0.0,0.0,0.0,0.0
不使用 GP 产生的状态,250,历史全局最优路径,GP 源内重加权,更新前,仅本轮最优路径包含的边,1,1.0,0.0,0.0,0.0,0.0
不使用 GP 产生的状态,250,历史全局最优路径,GP 源内重加权,更新前,仅本轮最优路径包含的边,2,1.0,0.0,0.0,0.0,0.0
不使用 GP 产生的状态,250,历史全局最优路径,GP 源内重加权,更新前,仅本轮最优路径包含的边,3,1.0,0.0,0.0,0.0,0.0
不使用 GP 产生的状态,250,历史全局最优路径,GP 源内重加权,更新前,仅本轮最优路径包含的边,4,0.9920000000000001,0.0,0.0,0.0,0.0
不使用 GP 产生的状态,250,历史全局最优路径,GP 源内重加权,更新前,仅本轮最优路径包含的边,5,1.0,0.0,0.0,0.0,0.0
不使用 GP 产生的状态,250,历史全局最优路径,GP 源内重加权,更新前,仅本轮最优路径包含的边,6,1.0,0.0,0.0,0.0,0.0
不使用 GP 产生的状态,250,历史全局最优路径,GP 源内重加权,更新前,仅本轮最优路径包含的边,7,1.0,0.0,0.0,0.0,0.0
不使用 GP 产生的状态,250,历史全局最优路径,GP 源内重加权,更新前,其他候选弧,0,1.0,0.0,0.0,0.0,0.0
不使用 GP 产生的状态,250,历史全局最优路径,GP 源内重加权,更新前,其他候选弧,1,1.0,0.0,0.0,0.0,0.0
不使用 GP 产生的状态,250,历史全局最优路径,GP 源内重加权,更新前,其他候选弧,2,1.0,0.0,0.0,0.0,0.0
不使用 GP 产生的状态,250,历史全局最优路径,GP 源内重加权,更新前,其他候选弧,3,1.0,0.0,0.0,0.0,0.0
不使用 GP 产生的状态,250,历史全局最优路径,GP 源内重加权,更新前,其他候选弧,4,0.9920000000000001,0.0,0.0,0.0,0.0
不使用 GP 产生的状态,250,历史全局最优路径,GP 源内重加权,更新前,其他候选弧,5,1.0,0.0,0.0,0.0,0.0
不使用 GP 产生的状态,250,历史全局最优路径,GP 源内重加权,更新前,其他候选弧,6,1.0,0.0,0.0,0.0,0.0
不使用 GP 产生的状态,250,历史全局最优路径,GP 源内重加权,更新前,其他候选弧,7,1.0,0.0,0.0,0.0,0.0
不使用 GP 产生的状态,250,历史全局最优路径,GP 源内重加权,沉积后,两条来源路径共有边,0,1.0,-1.718618720339818e-07,3.3801035894589803e-06,-1.035630702972412e-08,2.0329323079850937e-07
不使用 GP 产生的状态,250,历史全局最优路径,GP 源内重加权,沉积后,两条来源路径共有边,1,1.0,-6.597664696090044e-08,1.643120187766554e-05,-3.914038340250651e-09,9.742180506388345e-07
不使用 GP 产生的状态,250,历史全局最优路径,GP 源内重加权,沉积后,两条来源路径共有边,2,1.0,-1.852990337164498e-07,6.2474839708719975e-06,-1.1298391554090712e-08,3.808339436848958e-07
不使用 GP 产生的状态,250,历史全局最优路径,GP 源内重加权,沉积后,两条来源路径共有边,3,1.0,9.344520305391769e-08,3.5175733478149e-05,5.5796570248074005e-09,2.103868458006117e-06
不使用 GP 产生的状态,250,历史全局最优路径,GP 源内重加权,沉积后,两条来源路径共有边,4,0.9920000000000001,0.0014767755988478186,0.001481596364380938,9.362882165363794e-05,9.39274790318503e-05
不使用 GP 产生的状态,250,历史全局最优路径,GP 源内重加权,沉积后,两条来源路径共有边,5,1.0,1.8167626776916175e-07,3.0294582076746827e-05,1.1172559526231552e-08,1.8601682451036244e-06
不使用 GP 产生的状态,250,历史全局最优路径,GP 源内重加权,沉积后,两条来源路径共有边,6,1.0,6.767546814962254e-07,4.987091444843288e-05,4.154112603929308e-08,3.0607548024919298e-06
不使用 GP 产生的状态,250,历史全局最优路径,GP 源内重加权,沉积后,两条来源路径共有边,7,1.0,-7.257749321548225e-07,5.787549072473593e-05,-4.390213224622938e-08,3.505362404717339e-06
不使用 GP 产生的状态,250,历史全局最优路径,GP 源内重加权,沉积后,仅历史来源路径包含的边,0,1.0,0.0,0.0,0.0,0.0
不使用 GP 产生的状态,250,历史全局最优路径,GP 源内重加权,沉积后,仅历史来源路径包含的边,1,1.0,0.0,0.0,0.0,0.0
不使用 GP 产生的状态,250,历史全局最优路径,GP 源内重加权,沉积后,仅历史来源路径包含的边,2,1.0,0.0,0.0,0.0,0.0
不使用 GP 产生的状态,250,历史全局最优路径,GP 源内重加权,沉积后,仅历史来源路径包含的边,3,1.0,0.0,0.0,0.0,0.0
不使用 GP 产生的状态,250,历史全局最优路径,GP 源内重加权,沉积后,仅历史来源路径包含的边,4,0.9920000000000001,0.005246045287424387,0.005246045287424387,0.013525864385344366,0.013525864385344366
不使用 GP 产生的状态,250,历史全局最优路径,GP 源内重加权,沉积后,仅历史来源路径包含的边,5,1.0,0.0,0.0,0.0,0.0
不使用 GP 产生的状态,250,历史全局最优路径,GP 源内重加权,沉积后,仅历史来源路径包含的边,6,1.0,0.0,0.0,0.0,0.0
不使用 GP 产生的状态,250,历史全局最优路径,GP 源内重加权,沉积后,仅历史来源路径包含的边,7,1.0,0.0,0.0,0.0,0.0
不使用 GP 产生的状态,250,历史全局最优路径,GP 源内重加权,沉积后,仅本轮最优路径包含的边,0,1.0,0.0,0.0,0.0,0.0
不使用 GP 产生的状态,250,历史全局最优路径,GP 源内重加权,沉积后,仅本轮最优路径包含的边,1,1.0,0.0,0.0,0.0,0.0
不使用 GP 产生的状态,250,历史全局最优路径,GP 源内重加权,沉积后,仅本轮最优路径包含的边,2,1.0,0.0,0.0,0.0,0.0
不使用 GP 产生的状态,250,历史全局最优路径,GP 源内重加权,沉积后,仅本轮最优路径包含的边,3,1.0,0.0,0.0,0.0,0.0
不使用 GP 产生的状态,250,历史全局最优路径,GP 源内重加权,沉积后,仅本轮最优路径包含的边,4,0.9920000000000001,-0.006722651844867271,0.006722651844867271,-0.017332995081367833,0.017332995081367833
不使用 GP 产生的状态,250,历史全局最优路径,GP 源内重加权,沉积后,仅本轮最优路径包含的边,5,1.0,0.0,0.0,0.0,0.0
不使用 GP 产生的状态,250,历史全局最优路径,GP 源内重加权,沉积后,仅本轮最优路径包含的边,6,1.0,0.0,0.0,0.0,0.0
不使用 GP 产生的状态,250,历史全局最优路径,GP 源内重加权,沉积后,仅本轮最优路径包含的边,7,1.0,0.0,0.0,0.0,0.0
不使用 GP 产生的状态,250,历史全局最优路径,GP 源内重加权,沉积后,其他候选弧,0,1.0,0.0,0.0,0.0,0.0
不使用 GP 产生的状态,250,历史全局最优路径,GP 源内重加权,沉积后,其他候选弧,1,1.0,0.0,0.0,0.0,0.0
不使用 GP 产生的状态,250,历史全局最优路径,GP 源内重加权,沉积后,其他候选弧,2,1.0,0.0,0.0,0.0,0.0
不使用 GP 产生的状态,250,历史全局最优路径,GP 源内重加权,沉积后,其他候选弧,3,1.0,0.0,0.0,0.0,0.0
不使用 GP 产生的状态,250,历史全局最优路径,GP 源内重加权,沉积后,其他候选弧,4,0.9920000000000001,0.0,0.0,0.0,0.0
不使用 GP 产生的状态,250,历史全局最优路径,GP 源内重加权,沉积后,其他候选弧,5,1.0,0.0,0.0,0.0,0.0
不使用 GP 产生的状态,250,历史全局最优路径,GP 源内重加权,沉积后,其他候选弧,6,1.0,0.0,0.0,0.0,0.0
不使用 GP 产生的状态,250,历史全局最优路径,GP 源内重加权,沉积后,其他候选弧,7,1.0,0.0,0.0,0.0,0.0
不使用 GP 产生的状态,250,历史全局最优路径,GP 源内重加权,蒸发和下界保护后,两条来源路径共有边,0,1.0,0.0,0.0,0.0,0.0
不使用 GP 产生的状态,250,历史全局最优路径,GP 源内重加权,蒸发和下界保护后,两条来源路径共有边,1,1.0,0.0,0.0,0.0,0.0
不使用 GP 产生的状态,250,历史全局最优路径,GP 源内重加权,蒸发和下界保护后,两条来源路径共有边,2,1.0,0.0,0.0,0.0,0.0
不使用 GP 产生的状态,250,历史全局最优路径,GP 源内重加权,蒸发和下界保护后,两条来源路径共有边,3,1.0,0.0,0.0,0.0,0.0
不使用 GP 产生的状态,250,历史全局最优路径,GP 源内重加权,蒸发和下界保护后,两条来源路径共有边,4,0.9920000000000001,0.0,0.0,0.0,0.0
不使用 GP 产生的状态,250,历史全局最优路径,GP 源内重加权,蒸发和下界保护后,两条来源路径共有边,5,1.0,0.0,0.0,0.0,0.0
不使用 GP 产生的状态,250,历史全局最优路径,GP 源内重加权,蒸发和下界保护后,两条来源路径共有边,6,1.0,0.0,0.0,0.0,0.0
不使用 GP 产生的状态,250,历史全局最优路径,GP 源内重加权,蒸发和下界保护后,两条来源路径共有边,7,1.0,0.0,0.0,0.0,0.0
不使用 GP 产生的状态,250,历史全局最优路径,GP 源内重加权,蒸发和下界保护后,仅历史来源路径包含的边,0,1.0,0.0,0.0,0.0,0.0
不使用 GP 产生的状态,250,历史全局最优路径,GP 源内重加权,蒸发和下界保护后,仅历史来源路径包含的边,1,1.0,0.0,0.0,0.0,0.0
不使用 GP 产生的状态,250,历史全局最优路径,GP 源内重加权,蒸发和下界保护后,仅历史来源路径包含的边,2,1.0,0.0,0.0,0.0,0.0
不使用 GP 产生的状态,250,历史全局最优路径,GP 源内重加权,蒸发和下界保护后,仅历史来源路径包含的边,3,1.0,0.0,0.0,0.0,0.0
不使用 GP 产生的状态,250,历史全局最优路径,GP 源内重加权,蒸发和下界保护后,仅历史来源路径包含的边,4,0.9920000000000001,0.0,0.0,0.0,0.0
不使用 GP 产生的状态,250,历史全局最优路径,GP 源内重加权,蒸发和下界保护后,仅历史来源路径包含的边,5,1.0,0.0,0.0,0.0,0.0
不使用 GP 产生的状态,250,历史全局最优路径,GP 源内重加权,蒸发和下界保护后,仅历史来源路径包含的边,6,1.0,0.0,0.0,0.0,0.0
不使用 GP 产生的状态,250,历史全局最优路径,GP 源内重加权,蒸发和下界保护后,仅历史来源路径包含的边,7,1.0,0.0,0.0,0.0,0.0
不使用 GP 产生的状态,250,历史全局最优路径,GP 源内重加权,蒸发和下界保护后,仅本轮最优路径包含的边,0,1.0,0.0,0.0,0.0,0.0
不使用 GP 产生的状态,250,历史全局最优路径,GP 源内重加权,蒸发和下界保护后,仅本轮最优路径包含的边,1,1.0,0.0,0.0,0.0,0.0
不使用 GP 产生的状态,250,历史全局最优路径,GP 源内重加权,蒸发和下界保护后,仅本轮最优路径包含的边,2,1.0,0.0,0.0,0.0,0.0
不使用 GP 产生的状态,250,历史全局最优路径,GP 源内重加权,蒸发和下界保护后,仅本轮最优路径包含的边,3,1.0,0.0,0.0,0.0,0.0
不使用 GP 产生的状态,250,历史全局最优路径,GP 源内重加权,蒸发和下界保护后,仅本轮最优路径包含的边,4,0.9920000000000001,0.0,0.0,0.0,0.0
不使用 GP 产生的状态,250,历史全局最优路径,GP 源内重加权,蒸发和下界保护后,仅本轮最优路径包含的边,5,1.0,0.0,0.0,0.0,0.0
不使用 GP 产生的状态,250,历史全局最优路径,GP 源内重加权,蒸发和下界保护后,仅本轮最优路径包含的边,6,1.0,0.0,0.0,0.0,0.0
不使用 GP 产生的状态,250,历史全局最优路径,GP 源内重加权,蒸发和下界保护后,仅本轮最优路径包含的边,7,1.0,0.0,0.0,0.0,0.0
不使用 GP 产生的状态,250,历史全局最优路径,GP 源内重加权,蒸发和下界保护后,其他候选弧,0,1.0,0.0,0.0,0.0,0.0
不使用 GP 产生的状态,250,历史全局最优路径,GP 源内重加权,蒸发和下界保护后,其他候选弧,1,1.0,0.0,0.0,0.0,0.0
不使用 GP 产生的状态,250,历史全局最优路径,GP 源内重加权,蒸发和下界保护后,其他候选弧,2,1.0,0.0,0.0,0.0,0.0
不使用 GP 产生的状态,250,历史全局最优路径,GP 源内重加权,蒸发和下界保护后,其他候选弧,3,1.0,0.0,0.0,0.0,0.0
不使用 GP 产生的状态,250,历史全局最优路径,GP 源内重加权,蒸发和下界保护后,其他候选弧,4,0.9920000000000001,0.0,0.0,0.0,0.0
不使用 GP 产生的状态,250,历史全局最优路径,GP 源内重加权,蒸发和下界保护后,其他候选弧,5,1.0,0.0,0.0,0.0,0.0
不使用 GP 产生的状态,250,历史全局最优路径,GP 源内重加权,蒸发和下界保护后,其他候选弧,6,1.0,0.0,0.0,0.0,0.0
不使用 GP 产生的状态,250,历史全局最优路径,GP 源内重加权,蒸发和下界保护后,其他候选弧,7,1.0,0.0,0.0,0.0,0.0
不使用 GP 产生的状态,250,历史全局最优路径,GP 源内重加权,重启和可选上界处理后,两条来源路径共有边,0,1.0,-1.718618720339818e-07,3.3801035894589803e-06,-1.035630702972412e-08,2.0329323079850937e-07
不使用 GP 产生的状态,250,历史全局最优路径,GP 源内重加权,重启和可选上界处理后,两条来源路径共有边,1,1.0,-6.597664696090044e-08,1.643120187766554e-05,-3.914038340250651e-09,9.742180506388345e-07
不使用 GP 产生的状态,250,历史全局最优路径,GP 源内重加权,重启和可选上界处理后,两条来源路径共有边,2,1.0,-1.852990337164498e-07,6.2474839708719975e-06,-1.1298391554090712e-08,3.808339436848958e-07
不使用 GP 产生的状态,250,历史全局最优路径,GP 源内重加权,重启和可选上界处理后,两条来源路径共有边,3,1.0,9.344520305391769e-08,3.5175733478149e-05,5.5796570248074005e-09,2.103868458006117e-06
不使用 GP 产生的状态,250,历史全局最优路径,GP 源内重加权,重启和可选上界处理后,两条来源路径共有边,4,0.9920000000000001,0.0014767755988478186,0.001481596364380938,9.362882165363794e-05,9.39274790318503e-05
不使用 GP 产生的状态,250,历史全局最优路径,GP 源内重加权,重启和可选上界处理后,两条来源路径共有边,5,1.0,1.8167626776916175e-07,3.0294582076746827e-05,1.1172559526231552e-08,1.8601682451036244e-06
不使用 GP 产生的状态,250,历史全局最优路径,GP 源内重加权,重启和可选上界处理后,两条来源路径共有边,6,1.0,6.767546814962254e-07,4.987091444843288e-05,4.154112603929308e-08,3.0607548024919298e-06
不使用 GP 产生的状态,250,历史全局最优路径,GP 源内重加权,重启和可选上界处理后,两条来源路径共有边,7,1.0,-7.257749321548225e-07,5.787549072473593e-05,-4.390213224622938e-08,3.505362404717339e-06
不使用 GP 产生的状态,250,历史全局最优路径,GP 源内重加权,重启和可选上界处理后,仅历史来源路径包含的边,0,1.0,0.0,0.0,0.0,0.0
不使用 GP 产生的状态,250,历史全局最优路径,GP 源内重加权,重启和可选上界处理后,仅历史来源路径包含的边,1,1.0,0.0,0.0,0.0,0.0
不使用 GP 产生的状态,250,历史全局最优路径,GP 源内重加权,重启和可选上界处理后,仅历史来源路径包含的边,2,1.0,0.0,0.0,0.0,0.0
不使用 GP 产生的状态,250,历史全局最优路径,GP 源内重加权,重启和可选上界处理后,仅历史来源路径包含的边,3,1.0,0.0,0.0,0.0,0.0
不使用 GP 产生的状态,250,历史全局最优路径,GP 源内重加权,重启和可选上界处理后,仅历史来源路径包含的边,4,0.9920000000000001,0.005246045287424387,0.005246045287424387,0.013525864385344366,0.013525864385344366
不使用 GP 产生的状态,250,历史全局最优路径,GP 源内重加权,重启和可选上界处理后,仅历史来源路径包含的边,5,1.0,0.0,0.0,0.0,0.0
不使用 GP 产生的状态,250,历史全局最优路径,GP 源内重加权,重启和可选上界处理后,仅历史来源路径包含的边,6,1.0,0.0,0.0,0.0,0.0
不使用 GP 产生的状态,250,历史全局最优路径,GP 源内重加权,重启和可选上界处理后,仅历史来源路径包含的边,7,1.0,0.0,0.0,0.0,0.0
不使用 GP 产生的状态,250,历史全局最优路径,GP 源内重加权,重启和可选上界处理后,仅本轮最优路径包含的边,0,1.0,0.0,0.0,0.0,0.0
不使用 GP 产生的状态,250,历史全局最优路径,GP 源内重加权,重启和可选上界处理后,仅本轮最优路径包含的边,1,1.0,0.0,0.0,0.0,0.0
不使用 GP 产生的状态,250,历史全局最优路径,GP 源内重加权,重启和可选上界处理后,仅本轮最优路径包含的边,2,1.0,0.0,0.0,0.0,0.0
不使用 GP 产生的状态,250,历史全局最优路径,GP 源内重加权,重启和可选上界处理后,仅本轮最优路径包含的边,3,1.0,0.0,0.0,0.0,0.0
不使用 GP 产生的状态,250,历史全局最优路径,GP 源内重加权,重启和可选上界处理后,仅本轮最优路径包含的边,4,0.9920000000000001,-0.006722651844867271,0.006722651844867271,-0.017332995081367833,0.017332995081367833
不使用 GP 产生的状态,250,历史全局最优路径,GP 源内重加权,重启和可选上界处理后,仅本轮最优路径包含的边,5,1.0,0.0,0.0,0.0,0.0
不使用 GP 产生的状态,250,历史全局最优路径,GP 源内重加权,重启和可选上界处理后,仅本轮最优路径包含的边,6,1.0,0.0,0.0,0.0,0.0
不使用 GP 产生的状态,250,历史全局最优路径,GP 源内重加权,重启和可选上界处理后,仅本轮最优路径包含的边,7,1.0,0.0,0.0,0.0,0.0
不使用 GP 产生的状态,250,历史全局最优路径,GP 源内重加权,重启和可选上界处理后,其他候选弧,0,1.0,0.0,0.0,0.0,0.0
不使用 GP 产生的状态,250,历史全局最优路径,GP 源内重加权,重启和可选上界处理后,其他候选弧,1,1.0,0.0,0.0,0.0,0.0
不使用 GP 产生的状态,250,历史全局最优路径,GP 源内重加权,重启和可选上界处理后,其他候选弧,2,1.0,0.0,0.0,0.0,0.0
不使用 GP 产生的状态,250,历史全局最优路径,GP 源内重加权,重启和可选上界处理后,其他候选弧,3,1.0,0.0,0.0,0.0,0.0
不使用 GP 产生的状态,250,历史全局最优路径,GP 源内重加权,重启和可选上界处理后,其他候选弧,4,0.9920000000000001,0.0,0.0,0.0,0.0
不使用 GP 产生的状态,250,历史全局最优路径,GP 源内重加权,重启和可选上界处理后,其他候选弧,5,1.0,0.0,0.0,0.0,0.0
不使用 GP 产生的状态,250,历史全局最优路径,GP 源内重加权,重启和可选上界处理后,其他候选弧,6,1.0,0.0,0.0,0.0,0.0
不使用 GP 产生的状态,250,历史全局最优路径,GP 源内重加权,重启和可选上界处理后,其他候选弧,7,1.0,0.0,0.0,0.0,0.0
不使用 GP 产生的状态,250,历史全局最优路径,来源内均匀沉积,更新前,两条来源路径共有边,0,1.0,0.0,0.0,0.0,0.0
不使用 GP 产生的状态,250,历史全局最优路径,来源内均匀沉积,更新前,两条来源路径共有边,1,1.0,0.0,0.0,0.0,0.0
不使用 GP 产生的状态,250,历史全局最优路径,来源内均匀沉积,更新前,两条来源路径共有边,2,1.0,0.0,0.0,0.0,0.0
不使用 GP 产生的状态,250,历史全局最优路径,来源内均匀沉积,更新前,两条来源路径共有边,3,1.0,0.0,0.0,0.0,0.0
不使用 GP 产生的状态,250,历史全局最优路径,来源内均匀沉积,更新前,两条来源路径共有边,4,0.9920000000000001,0.0,0.0,0.0,0.0
不使用 GP 产生的状态,250,历史全局最优路径,来源内均匀沉积,更新前,两条来源路径共有边,5,1.0,0.0,0.0,0.0,0.0
不使用 GP 产生的状态,250,历史全局最优路径,来源内均匀沉积,更新前,两条来源路径共有边,6,1.0,0.0,0.0,0.0,0.0
不使用 GP 产生的状态,250,历史全局最优路径,来源内均匀沉积,更新前,两条来源路径共有边,7,1.0,0.0,0.0,0.0,0.0
不使用 GP 产生的状态,250,历史全局最优路径,来源内均匀沉积,更新前,仅历史来源路径包含的边,0,1.0,0.0,0.0,0.0,0.0
不使用 GP 产生的状态,250,历史全局最优路径,来源内均匀沉积,更新前,仅历史来源路径包含的边,1,1.0,0.0,0.0,0.0,0.0
不使用 GP 产生的状态,250,历史全局最优路径,来源内均匀沉积,更新前,仅历史来源路径包含的边,2,1.0,0.0,0.0,0.0,0.0
不使用 GP 产生的状态,250,历史全局最优路径,来源内均匀沉积,更新前,仅历史来源路径包含的边,3,1.0,0.0,0.0,0.0,0.0
不使用 GP 产生的状态,250,历史全局最优路径,来源内均匀沉积,更新前,仅历史来源路径包含的边,4,0.9920000000000001,0.0,0.0,0.0,0.0
不使用 GP 产生的状态,250,历史全局最优路径,来源内均匀沉积,更新前,仅历史来源路径包含的边,5,1.0,0.0,0.0,0.0,0.0
不使用 GP 产生的状态,250,历史全局最优路径,来源内均匀沉积,更新前,仅历史来源路径包含的边,6,1.0,0.0,0.0,0.0,0.0
不使用 GP 产生的状态,250,历史全局最优路径,来源内均匀沉积,更新前,仅历史来源路径包含的边,7,1.0,0.0,0.0,0.0,0.0
不使用 GP 产生的状态,250,历史全局最优路径,来源内均匀沉积,更新前,仅本轮最优路径包含的边,0,1.0,0.0,0.0,0.0,0.0
不使用 GP 产生的状态,250,历史全局最优路径,来源内均匀沉积,更新前,仅本轮最优路径包含的边,1,1.0,0.0,0.0,0.0,0.0
不使用 GP 产生的状态,250,历史全局最优路径,来源内均匀沉积,更新前,仅本轮最优路径包含的边,2,1.0,0.0,0.0,0.0,0.0
不使用 GP 产生的状态,250,历史全局最优路径,来源内均匀沉积,更新前,仅本轮最优路径包含的边,3,1.0,0.0,0.0,0.0,0.0
不使用 GP 产生的状态,250,历史全局最优路径,来源内均匀沉积,更新前,仅本轮最优路径包含的边,4,0.9920000000000001,0.0,0.0,0.0,0.0
不使用 GP 产生的状态,250,历史全局最优路径,来源内均匀沉积,更新前,仅本轮最优路径包含的边,5,1.0,0.0,0.0,0.0,0.0
不使用 GP 产生的状态,250,历史全局最优路径,来源内均匀沉积,更新前,仅本轮最优路径包含的边,6,1.0,0.0,0.0,0.0,0.0
不使用 GP 产生的状态,250,历史全局最优路径,来源内均匀沉积,更新前,仅本轮最优路径包含的边,7,1.0,0.0,0.0,0.0,0.0
不使用 GP 产生的状态,250,历史全局最优路径,来源内均匀沉积,更新前,其他候选弧,0,1.0,0.0,0.0,0.0,0.0
不使用 GP 产生的状态,250,历史全局最优路径,来源内均匀沉积,更新前,其他候选弧,1,1.0,0.0,0.0,0.0,0.0
不使用 GP 产生的状态,250,历史全局最优路径,来源内均匀沉积,更新前,其他候选弧,2,1.0,0.0,0.0,0.0,0.0
不使用 GP 产生的状态,250,历史全局最优路径,来源内均匀沉积,更新前,其他候选弧,3,1.0,0.0,0.0,0.0,0.0
不使用 GP 产生的状态,250,历史全局最优路径,来源内均匀沉积,更新前,其他候选弧,4,0.9920000000000001,0.0,0.0,0.0,0.0
不使用 GP 产生的状态,250,历史全局最优路径,来源内均匀沉积,更新前,其他候选弧,5,1.0,0.0,0.0,0.0,0.0
不使用 GP 产生的状态,250,历史全局最优路径,来源内均匀沉积,更新前,其他候选弧,6,1.0,0.0,0.0,0.0,0.0
不使用 GP 产生的状态,250,历史全局最优路径,来源内均匀沉积,更新前,其他候选弧,7,1.0,0.0,0.0,0.0,0.0
不使用 GP 产生的状态,250,历史全局最优路径,来源内均匀沉积,沉积后,两条来源路径共有边,0,1.0,0.0,0.0,0.0,0.0
不使用 GP 产生的状态,250,历史全局最优路径,来源内均匀沉积,沉积后,两条来源路径共有边,1,1.0,0.0,0.0,0.0,0.0
不使用 GP 产生的状态,250,历史全局最优路径,来源内均匀沉积,沉积后,两条来源路径共有边,2,1.0,0.0,0.0,0.0,0.0
不使用 GP 产生的状态,250,历史全局最优路径,来源内均匀沉积,沉积后,两条来源路径共有边,3,1.0,0.0,0.0,0.0,0.0
不使用 GP 产生的状态,250,历史全局最优路径,来源内均匀沉积,沉积后,两条来源路径共有边,4,0.9920000000000001,-3.130539803235806e-09,3.130539803235806e-09,-1.9847858147542986e-10,1.9847858147542986e-10
不使用 GP 产生的状态,250,历史全局最优路径,来源内均匀沉积,沉积后,两条来源路径共有边,5,1.0,0.0,0.0,0.0,0.0
不使用 GP 产生的状态,250,历史全局最优路径,来源内均匀沉积,沉积后,两条来源路径共有边,6,1.0,-9.711801588608334e-10,9.711801588608334e-10,-5.960464477539063e-11,5.960464477539063e-11
不使用 GP 产生的状态,250,历史全局最优路径,来源内均匀沉积,沉积后,两条来源路径共有边,7,1.0,0.0,0.0,0.0,0.0
不使用 GP 产生的状态,250,历史全局最优路径,来源内均匀沉积,沉积后,仅历史来源路径包含的边,0,1.0,0.0,0.0,0.0,0.0
不使用 GP 产生的状态,250,历史全局最优路径,来源内均匀沉积,沉积后,仅历史来源路径包含的边,1,1.0,0.0,0.0,0.0,0.0
不使用 GP 产生的状态,250,历史全局最优路径,来源内均匀沉积,沉积后,仅历史来源路径包含的边,2,1.0,0.0,0.0,0.0,0.0
不使用 GP 产生的状态,250,历史全局最优路径,来源内均匀沉积,沉积后,仅历史来源路径包含的边,3,1.0,0.0,0.0,0.0,0.0
不使用 GP 产生的状态,250,历史全局最优路径,来源内均匀沉积,沉积后,仅历史来源路径包含的边,4,0.9920000000000001,0.007999999106110482,0.007999999106110482,0.020626376072565716,0.020626376072565716
不使用 GP 产生的状态,250,历史全局最优路径,来源内均匀沉积,沉积后,仅历史来源路径包含的边,5,1.0,0.0,0.0,0.0,0.0
不使用 GP 产生的状态,250,历史全局最优路径,来源内均匀沉积,沉积后,仅历史来源路径包含的边,6,1.0,0.0,0.0,0.0,0.0
不使用 GP 产生的状态,250,历史全局最优路径,来源内均匀沉积,沉积后,仅历史来源路径包含的边,7,1.0,0.0,0.0,0.0,0.0
不使用 GP 产生的状态,250,历史全局最优路径,来源内均匀沉积,沉积后,仅本轮最优路径包含的边,0,1.0,0.0,0.0,0.0,0.0
不使用 GP 产生的状态,250,历史全局最优路径,来源内均匀沉积,沉积后,仅本轮最优路径包含的边,1,1.0,0.0,0.0,0.0,0.0
不使用 GP 产生的状态,250,历史全局最优路径,来源内均匀沉积,沉积后,仅本轮最优路径包含的边,2,1.0,0.0,0.0,0.0,0.0
不使用 GP 产生的状态,250,历史全局最优路径,来源内均匀沉积,沉积后,仅本轮最优路径包含的边,3,1.0,0.0,0.0,0.0,0.0
不使用 GP 产生的状态,250,历史全局最优路径,来源内均匀沉积,沉积后,仅本轮最优路径包含的边,4,0.9920000000000001,-0.008000000569161234,0.008000000569161234,-0.020626379844745517,0.020626379844745517
不使用 GP 产生的状态,250,历史全局最优路径,来源内均匀沉积,沉积后,仅本轮最优路径包含的边,5,1.0,0.0,0.0,0.0,0.0
不使用 GP 产生的状态,250,历史全局最优路径,来源内均匀沉积,沉积后,仅本轮最优路径包含的边,6,1.0,0.0,0.0,0.0,0.0
不使用 GP 产生的状态,250,历史全局最优路径,来源内均匀沉积,沉积后,仅本轮最优路径包含的边,7,1.0,0.0,0.0,0.0,0.0
不使用 GP 产生的状态,250,历史全局最优路径,来源内均匀沉积,沉积后,其他候选弧,0,1.0,0.0,0.0,0.0,0.0
不使用 GP 产生的状态,250,历史全局最优路径,来源内均匀沉积,沉积后,其他候选弧,1,1.0,0.0,0.0,0.0,0.0
不使用 GP 产生的状态,250,历史全局最优路径,来源内均匀沉积,沉积后,其他候选弧,2,1.0,0.0,0.0,0.0,0.0
不使用 GP 产生的状态,250,历史全局最优路径,来源内均匀沉积,沉积后,其他候选弧,3,1.0,0.0,0.0,0.0,0.0
不使用 GP 产生的状态,250,历史全局最优路径,来源内均匀沉积,沉积后,其他候选弧,4,0.9920000000000001,0.0,0.0,0.0,0.0
不使用 GP 产生的状态,250,历史全局最优路径,来源内均匀沉积,沉积后,其他候选弧,5,1.0,0.0,0.0,0.0,0.0
不使用 GP 产生的状态,250,历史全局最优路径,来源内均匀沉积,沉积后,其他候选弧,6,1.0,0.0,0.0,0.0,0.0
不使用 GP 产生的状态,250,历史全局最优路径,来源内均匀沉积,沉积后,其他候选弧,7,1.0,0.0,0.0,0.0,0.0
不使用 GP 产生的状态,250,历史全局最优路径,来源内均匀沉积,蒸发和下界保护后,两条来源路径共有边,0,1.0,0.0,0.0,0.0,0.0
不使用 GP 产生的状态,250,历史全局最优路径,来源内均匀沉积,蒸发和下界保护后,两条来源路径共有边,1,1.0,0.0,0.0,0.0,0.0
不使用 GP 产生的状态,250,历史全局最优路径,来源内均匀沉积,蒸发和下界保护后,两条来源路径共有边,2,1.0,0.0,0.0,0.0,0.0
不使用 GP 产生的状态,250,历史全局最优路径,来源内均匀沉积,蒸发和下界保护后,两条来源路径共有边,3,1.0,0.0,0.0,0.0,0.0
不使用 GP 产生的状态,250,历史全局最优路径,来源内均匀沉积,蒸发和下界保护后,两条来源路径共有边,4,0.9920000000000001,0.0,0.0,0.0,0.0
不使用 GP 产生的状态,250,历史全局最优路径,来源内均匀沉积,蒸发和下界保护后,两条来源路径共有边,5,1.0,0.0,0.0,0.0,0.0
不使用 GP 产生的状态,250,历史全局最优路径,来源内均匀沉积,蒸发和下界保护后,两条来源路径共有边,6,1.0,0.0,0.0,0.0,0.0
不使用 GP 产生的状态,250,历史全局最优路径,来源内均匀沉积,蒸发和下界保护后,两条来源路径共有边,7,1.0,0.0,0.0,0.0,0.0
不使用 GP 产生的状态,250,历史全局最优路径,来源内均匀沉积,蒸发和下界保护后,仅历史来源路径包含的边,0,1.0,0.0,0.0,0.0,0.0
不使用 GP 产生的状态,250,历史全局最优路径,来源内均匀沉积,蒸发和下界保护后,仅历史来源路径包含的边,1,1.0,0.0,0.0,0.0,0.0
不使用 GP 产生的状态,250,历史全局最优路径,来源内均匀沉积,蒸发和下界保护后,仅历史来源路径包含的边,2,1.0,0.0,0.0,0.0,0.0
不使用 GP 产生的状态,250,历史全局最优路径,来源内均匀沉积,蒸发和下界保护后,仅历史来源路径包含的边,3,1.0,0.0,0.0,0.0,0.0
不使用 GP 产生的状态,250,历史全局最优路径,来源内均匀沉积,蒸发和下界保护后,仅历史来源路径包含的边,4,0.9920000000000001,0.0,0.0,0.0,0.0
不使用 GP 产生的状态,250,历史全局最优路径,来源内均匀沉积,蒸发和下界保护后,仅历史来源路径包含的边,5,1.0,0.0,0.0,0.0,0.0
不使用 GP 产生的状态,250,历史全局最优路径,来源内均匀沉积,蒸发和下界保护后,仅历史来源路径包含的边,6,1.0,0.0,0.0,0.0,0.0
不使用 GP 产生的状态,250,历史全局最优路径,来源内均匀沉积,蒸发和下界保护后,仅历史来源路径包含的边,7,1.0,0.0,0.0,0.0,0.0
不使用 GP 产生的状态,250,历史全局最优路径,来源内均匀沉积,蒸发和下界保护后,仅本轮最优路径包含的边,0,1.0,0.0,0.0,0.0,0.0
不使用 GP 产生的状态,250,历史全局最优路径,来源内均匀沉积,蒸发和下界保护后,仅本轮最优路径包含的边,1,1.0,0.0,0.0,0.0,0.0
不使用 GP 产生的状态,250,历史全局最优路径,来源内均匀沉积,蒸发和下界保护后,仅本轮最优路径包含的边,2,1.0,0.0,0.0,0.0,0.0
不使用 GP 产生的状态,250,历史全局最优路径,来源内均匀沉积,蒸发和下界保护后,仅本轮最优路径包含的边,3,1.0,0.0,0.0,0.0,0.0
不使用 GP 产生的状态,250,历史全局最优路径,来源内均匀沉积,蒸发和下界保护后,仅本轮最优路径包含的边,4,0.9920000000000001,0.0,0.0,0.0,0.0
不使用 GP 产生的状态,250,历史全局最优路径,来源内均匀沉积,蒸发和下界保护后,仅本轮最优路径包含的边,5,1.0,0.0,0.0,0.0,0.0
不使用 GP 产生的状态,250,历史全局最优路径,来源内均匀沉积,蒸发和下界保护后,仅本轮最优路径包含的边,6,1.0,0.0,0.0,0.0,0.0
不使用 GP 产生的状态,250,历史全局最优路径,来源内均匀沉积,蒸发和下界保护后,仅本轮最优路径包含的边,7,1.0,0.0,0.0,0.0,0.0
不使用 GP 产生的状态,250,历史全局最优路径,来源内均匀沉积,蒸发和下界保护后,其他候选弧,0,1.0,0.0,0.0,0.0,0.0
不使用 GP 产生的状态,250,历史全局最优路径,来源内均匀沉积,蒸发和下界保护后,其他候选弧,1,1.0,0.0,0.0,0.0,0.0
不使用 GP 产生的状态,250,历史全局最优路径,来源内均匀沉积,蒸发和下界保护后,其他候选弧,2,1.0,0.0,0.0,0.0,0.0
不使用 GP 产生的状态,250,历史全局最优路径,来源内均匀沉积,蒸发和下界保护后,其他候选弧,3,1.0,0.0,0.0,0.0,0.0
不使用 GP 产生的状态,250,历史全局最优路径,来源内均匀沉积,蒸发和下界保护后,其他候选弧,4,0.9920000000000001,0.0,0.0,0.0,0.0
不使用 GP 产生的状态,250,历史全局最优路径,来源内均匀沉积,蒸发和下界保护后,其他候选弧,5,1.0,0.0,0.0,0.0,0.0
不使用 GP 产生的状态,250,历史全局最优路径,来源内均匀沉积,蒸发和下界保护后,其他候选弧,6,1.0,0.0,0.0,0.0,0.0
不使用 GP 产生的状态,250,历史全局最优路径,来源内均匀沉积,蒸发和下界保护后,其他候选弧,7,1.0,0.0,0.0,0.0,0.0
不使用 GP 产生的状态,250,历史全局最优路径,来源内均匀沉积,重启和可选上界处理后,两条来源路径共有边,0,1.0,0.0,0.0,0.0,0.0
不使用 GP 产生的状态,250,历史全局最优路径,来源内均匀沉积,重启和可选上界处理后,两条来源路径共有边,1,1.0,0.0,0.0,0.0,0.0
不使用 GP 产生的状态,250,历史全局最优路径,来源内均匀沉积,重启和可选上界处理后,两条来源路径共有边,2,1.0,0.0,0.0,0.0,0.0
不使用 GP 产生的状态,250,历史全局最优路径,来源内均匀沉积,重启和可选上界处理后,两条来源路径共有边,3,1.0,0.0,0.0,0.0,0.0
不使用 GP 产生的状态,250,历史全局最优路径,来源内均匀沉积,重启和可选上界处理后,两条来源路径共有边,4,0.9920000000000001,-3.130539803235806e-09,3.130539803235806e-09,-1.9847858147542986e-10,1.9847858147542986e-10
不使用 GP 产生的状态,250,历史全局最优路径,来源内均匀沉积,重启和可选上界处理后,两条来源路径共有边,5,1.0,0.0,0.0,0.0,0.0
不使用 GP 产生的状态,250,历史全局最优路径,来源内均匀沉积,重启和可选上界处理后,两条来源路径共有边,6,1.0,-9.711801588608334e-10,9.711801588608334e-10,-5.960464477539063e-11,5.960464477539063e-11
不使用 GP 产生的状态,250,历史全局最优路径,来源内均匀沉积,重启和可选上界处理后,两条来源路径共有边,7,1.0,0.0,0.0,0.0,0.0
不使用 GP 产生的状态,250,历史全局最优路径,来源内均匀沉积,重启和可选上界处理后,仅历史来源路径包含的边,0,1.0,0.0,0.0,0.0,0.0
不使用 GP 产生的状态,250,历史全局最优路径,来源内均匀沉积,重启和可选上界处理后,仅历史来源路径包含的边,1,1.0,0.0,0.0,0.0,0.0
不使用 GP 产生的状态,250,历史全局最优路径,来源内均匀沉积,重启和可选上界处理后,仅历史来源路径包含的边,2,1.0,0.0,0.0,0.0,0.0
不使用 GP 产生的状态,250,历史全局最优路径,来源内均匀沉积,重启和可选上界处理后,仅历史来源路径包含的边,3,1.0,0.0,0.0,0.0,0.0
不使用 GP 产生的状态,250,历史全局最优路径,来源内均匀沉积,重启和可选上界处理后,仅历史来源路径包含的边,4,0.9920000000000001,0.007999999106110482,0.007999999106110482,0.020626376072565716,0.020626376072565716
不使用 GP 产生的状态,250,历史全局最优路径,来源内均匀沉积,重启和可选上界处理后,仅历史来源路径包含的边,5,1.0,0.0,0.0,0.0,0.0
不使用 GP 产生的状态,250,历史全局最优路径,来源内均匀沉积,重启和可选上界处理后,仅历史来源路径包含的边,6,1.0,0.0,0.0,0.0,0.0
不使用 GP 产生的状态,250,历史全局最优路径,来源内均匀沉积,重启和可选上界处理后,仅历史来源路径包含的边,7,1.0,0.0,0.0,0.0,0.0
不使用 GP 产生的状态,250,历史全局最优路径,来源内均匀沉积,重启和可选上界处理后,仅本轮最优路径包含的边,0,1.0,0.0,0.0,0.0,0.0
不使用 GP 产生的状态,250,历史全局最优路径,来源内均匀沉积,重启和可选上界处理后,仅本轮最优路径包含的边,1,1.0,0.0,0.0,0.0,0.0
不使用 GP 产生的状态,250,历史全局最优路径,来源内均匀沉积,重启和可选上界处理后,仅本轮最优路径包含的边,2,1.0,0.0,0.0,0.0,0.0
不使用 GP 产生的状态,250,历史全局最优路径,来源内均匀沉积,重启和可选上界处理后,仅本轮最优路径包含的边,3,1.0,0.0,0.0,0.0,0.0
不使用 GP 产生的状态,250,历史全局最优路径,来源内均匀沉积,重启和可选上界处理后,仅本轮最优路径包含的边,4,0.9920000000000001,-0.008000000569161234,0.008000000569161234,-0.020626379844745517,0.020626379844745517
不使用 GP 产生的状态,250,历史全局最优路径,来源内均匀沉积,重启和可选上界处理后,仅本轮最优路径包含的边,5,1.0,0.0,0.0,0.0,0.0
不使用 GP 产生的状态,250,历史全局最优路径,来源内均匀沉积,重启和可选上界处理后,仅本轮最优路径包含的边,6,1.0,0.0,0.0,0.0,0.0
不使用 GP 产生的状态,250,历史全局最优路径,来源内均匀沉积,重启和可选上界处理后,仅本轮最优路径包含的边,7,1.0,0.0,0.0,0.0,0.0
不使用 GP 产生的状态,250,历史全局最优路径,来源内均匀沉积,重启和可选上界处理后,其他候选弧,0,1.0,0.0,0.0,0.0,0.0
不使用 GP 产生的状态,250,历史全局最优路径,来源内均匀沉积,重启和可选上界处理后,其他候选弧,1,1.0,0.0,0.0,0.0,0.0
不使用 GP 产生的状态,250,历史全局最优路径,来源内均匀沉积,重启和可选上界处理后,其他候选弧,2,1.0,0.0,0.0,0.0,0.0
不使用 GP 产生的状态,250,历史全局最优路径,来源内均匀沉积,重启和可选上界处理后,其他候选弧,3,1.0,0.0,0.0,0.0,0.0
不使用 GP 产生的状态,250,历史全局最优路径,来源内均匀沉积,重启和可选上界处理后,其他候选弧,4,0.9920000000000001,0.0,0.0,0.0,0.0
不使用 GP 产生的状态,250,历史全局最优路径,来源内均匀沉积,重启和可选上界处理后,其他候选弧,5,1.0,0.0,0.0,0.0,0.0
不使用 GP 产生的状态,250,历史全局最优路径,来源内均匀沉积,重启和可选上界处理后,其他候选弧,6,1.0,0.0,0.0,0.0,0.0
不使用 GP 产生的状态,250,历史全局最优路径,来源内均匀沉积,重启和可选上界处理后,其他候选弧,7,1.0,0.0,0.0,0.0,0.0
不使用 GP 产生的状态,250,历史重启阶段最优路径,GP 源内重加权,更新前,两条来源路径共有边,0,1.0,0.0,0.0,0.0,0.0
不使用 GP 产生的状态,250,历史重启阶段最优路径,GP 源内重加权,更新前,两条来源路径共有边,1,1.0,0.0,0.0,0.0,0.0
不使用 GP 产生的状态,250,历史重启阶段最优路径,GP 源内重加权,更新前,两条来源路径共有边,2,1.0,0.0,0.0,0.0,0.0
不使用 GP 产生的状态,250,历史重启阶段最优路径,GP 源内重加权,更新前,两条来源路径共有边,3,1.0,0.0,0.0,0.0,0.0
不使用 GP 产生的状态,250,历史重启阶段最优路径,GP 源内重加权,更新前,两条来源路径共有边,4,0.9920000000000001,0.0,0.0,0.0,0.0
不使用 GP 产生的状态,250,历史重启阶段最优路径,GP 源内重加权,更新前,两条来源路径共有边,5,1.0,0.0,0.0,0.0,0.0
不使用 GP 产生的状态,250,历史重启阶段最优路径,GP 源内重加权,更新前,两条来源路径共有边,6,1.0,0.0,0.0,0.0,0.0
不使用 GP 产生的状态,250,历史重启阶段最优路径,GP 源内重加权,更新前,两条来源路径共有边,7,1.0,0.0,0.0,0.0,0.0
不使用 GP 产生的状态,250,历史重启阶段最优路径,GP 源内重加权,更新前,仅历史来源路径包含的边,0,1.0,0.0,0.0,0.0,0.0
不使用 GP 产生的状态,250,历史重启阶段最优路径,GP 源内重加权,更新前,仅历史来源路径包含的边,1,1.0,0.0,0.0,0.0,0.0
不使用 GP 产生的状态,250,历史重启阶段最优路径,GP 源内重加权,更新前,仅历史来源路径包含的边,2,1.0,0.0,0.0,0.0,0.0
不使用 GP 产生的状态,250,历史重启阶段最优路径,GP 源内重加权,更新前,仅历史来源路径包含的边,3,1.0,0.0,0.0,0.0,0.0
不使用 GP 产生的状态,250,历史重启阶段最优路径,GP 源内重加权,更新前,仅历史来源路径包含的边,4,0.9920000000000001,0.0,0.0,0.0,0.0
不使用 GP 产生的状态,250,历史重启阶段最优路径,GP 源内重加权,更新前,仅历史来源路径包含的边,5,1.0,0.0,0.0,0.0,0.0
不使用 GP 产生的状态,250,历史重启阶段最优路径,GP 源内重加权,更新前,仅历史来源路径包含的边,6,1.0,0.0,0.0,0.0,0.0
不使用 GP 产生的状态,250,历史重启阶段最优路径,GP 源内重加权,更新前,仅历史来源路径包含的边,7,1.0,0.0,0.0,0.0,0.0
不使用 GP 产生的状态,250,历史重启阶段最优路径,GP 源内重加权,更新前,仅本轮最优路径包含的边,0,1.0,0.0,0.0,0.0,0.0
不使用 GP 产生的状态,250,历史重启阶段最优路径,GP 源内重加权,更新前,仅本轮最优路径包含的边,1,1.0,0.0,0.0,0.0,0.0
不使用 GP 产生的状态,250,历史重启阶段最优路径,GP 源内重加权,更新前,仅本轮最优路径包含的边,2,1.0,0.0,0.0,0.0,0.0
不使用 GP 产生的状态,250,历史重启阶段最优路径,GP 源内重加权,更新前,仅本轮最优路径包含的边,3,1.0,0.0,0.0,0.0,0.0
不使用 GP 产生的状态,250,历史重启阶段最优路径,GP 源内重加权,更新前,仅本轮最优路径包含的边,4,0.9920000000000001,0.0,0.0,0.0,0.0
不使用 GP 产生的状态,250,历史重启阶段最优路径,GP 源内重加权,更新前,仅本轮最优路径包含的边,5,1.0,0.0,0.0,0.0,0.0
不使用 GP 产生的状态,250,历史重启阶段最优路径,GP 源内重加权,更新前,仅本轮最优路径包含的边,6,1.0,0.0,0.0,0.0,0.0
不使用 GP 产生的状态,250,历史重启阶段最优路径,GP 源内重加权,更新前,仅本轮最优路径包含的边,7,1.0,0.0,0.0,0.0,0.0
不使用 GP 产生的状态,250,历史重启阶段最优路径,GP 源内重加权,更新前,其他候选弧,0,1.0,0.0,0.0,0.0,0.0
不使用 GP 产生的状态,250,历史重启阶段最优路径,GP 源内重加权,更新前,其他候选弧,1,1.0,0.0,0.0,0.0,0.0
不使用 GP 产生的状态,250,历史重启阶段最优路径,GP 源内重加权,更新前,其他候选弧,2,1.0,0.0,0.0,0.0,0.0
不使用 GP 产生的状态,250,历史重启阶段最优路径,GP 源内重加权,更新前,其他候选弧,3,1.0,0.0,0.0,0.0,0.0
不使用 GP 产生的状态,250,历史重启阶段最优路径,GP 源内重加权,更新前,其他候选弧,4,0.9920000000000001,0.0,0.0,0.0,0.0
不使用 GP 产生的状态,250,历史重启阶段最优路径,GP 源内重加权,更新前,其他候选弧,5,1.0,0.0,0.0,0.0,0.0
不使用 GP 产生的状态,250,历史重启阶段最优路径,GP 源内重加权,更新前,其他候选弧,6,1.0,0.0,0.0,0.0,0.0
不使用 GP 产生的状态,250,历史重启阶段最优路径,GP 源内重加权,更新前,其他候选弧,7,1.0,0.0,0.0,0.0,0.0
不使用 GP 产生的状态,250,历史重启阶段最优路径,GP 源内重加权,沉积后,两条来源路径共有边,0,1.0,-1.718618720339818e-07,3.3801035894589803e-06,-1.035630702972412e-08,2.0329323079850937e-07
不使用 GP 产生的状态,250,历史重启阶段最优路径,GP 源内重加权,沉积后,两条来源路径共有边,1,1.0,-6.597664696090044e-08,1.643120187766554e-05,-3.914038340250651e-09,9.742180506388345e-07
不使用 GP 产生的状态,250,历史重启阶段最优路径,GP 源内重加权,沉积后,两条来源路径共有边,2,1.0,-1.852990337164498e-07,6.2474839708719975e-06,-1.1298391554090712e-08,3.808339436848958e-07
不使用 GP 产生的状态,250,历史重启阶段最优路径,GP 源内重加权,沉积后,两条来源路径共有边,3,1.0,9.344520305391769e-08,3.5175733478149e-05,5.5796570248074005e-09,2.103868458006117e-06
不使用 GP 产生的状态,250,历史重启阶段最优路径,GP 源内重加权,沉积后,两条来源路径共有边,4,0.9920000000000001,0.0014767755988478186,0.001481596364380938,9.362882165363794e-05,9.39274790318503e-05
不使用 GP 产生的状态,250,历史重启阶段最优路径,GP 源内重加权,沉积后,两条来源路径共有边,5,1.0,1.8167626776916175e-07,3.0294582076746827e-05,1.1172559526231552e-08,1.8601682451036244e-06
不使用 GP 产生的状态,250,历史重启阶段最优路径,GP 源内重加权,沉积后,两条来源路径共有边,6,1.0,6.767546814962254e-07,4.987091444843288e-05,4.154112603929308e-08,3.0607548024919298e-06
不使用 GP 产生的状态,250,历史重启阶段最优路径,GP 源内重加权,沉积后,两条来源路径共有边,7,1.0,-7.257749321548225e-07,5.787549072473593e-05,-4.390213224622938e-08,3.505362404717339e-06
不使用 GP 产生的状态,250,历史重启阶段最优路径,GP 源内重加权,沉积后,仅历史来源路径包含的边,0,1.0,0.0,0.0,0.0,0.0
不使用 GP 产生的状态,250,历史重启阶段最优路径,GP 源内重加权,沉积后,仅历史来源路径包含的边,1,1.0,0.0,0.0,0.0,0.0
不使用 GP 产生的状态,250,历史重启阶段最优路径,GP 源内重加权,沉积后,仅历史来源路径包含的边,2,1.0,0.0,0.0,0.0,0.0
不使用 GP 产生的状态,250,历史重启阶段最优路径,GP 源内重加权,沉积后,仅历史来源路径包含的边,3,1.0,0.0,0.0,0.0,0.0
不使用 GP 产生的状态,250,历史重启阶段最优路径,GP 源内重加权,沉积后,仅历史来源路径包含的边,4,0.9920000000000001,0.005246045287424387,0.005246045287424387,0.013525864385344366,0.013525864385344366
不使用 GP 产生的状态,250,历史重启阶段最优路径,GP 源内重加权,沉积后,仅历史来源路径包含的边,5,1.0,0.0,0.0,0.0,0.0
不使用 GP 产生的状态,250,历史重启阶段最优路径,GP 源内重加权,沉积后,仅历史来源路径包含的边,6,1.0,0.0,0.0,0.0,0.0
不使用 GP 产生的状态,250,历史重启阶段最优路径,GP 源内重加权,沉积后,仅历史来源路径包含的边,7,1.0,0.0,0.0,0.0,0.0
不使用 GP 产生的状态,250,历史重启阶段最优路径,GP 源内重加权,沉积后,仅本轮最优路径包含的边,0,1.0,0.0,0.0,0.0,0.0
不使用 GP 产生的状态,250,历史重启阶段最优路径,GP 源内重加权,沉积后,仅本轮最优路径包含的边,1,1.0,0.0,0.0,0.0,0.0
不使用 GP 产生的状态,250,历史重启阶段最优路径,GP 源内重加权,沉积后,仅本轮最优路径包含的边,2,1.0,0.0,0.0,0.0,0.0
不使用 GP 产生的状态,250,历史重启阶段最优路径,GP 源内重加权,沉积后,仅本轮最优路径包含的边,3,1.0,0.0,0.0,0.0,0.0
不使用 GP 产生的状态,250,历史重启阶段最优路径,GP 源内重加权,沉积后,仅本轮最优路径包含的边,4,0.9920000000000001,-0.006722651844867271,0.006722651844867271,-0.017332995081367833,0.017332995081367833
不使用 GP 产生的状态,250,历史重启阶段最优路径,GP 源内重加权,沉积后,仅本轮最优路径包含的边,5,1.0,0.0,0.0,0.0,0.0
不使用 GP 产生的状态,250,历史重启阶段最优路径,GP 源内重加权,沉积后,仅本轮最优路径包含的边,6,1.0,0.0,0.0,0.0,0.0
不使用 GP 产生的状态,250,历史重启阶段最优路径,GP 源内重加权,沉积后,仅本轮最优路径包含的边,7,1.0,0.0,0.0,0.0,0.0
不使用 GP 产生的状态,250,历史重启阶段最优路径,GP 源内重加权,沉积后,其他候选弧,0,1.0,0.0,0.0,0.0,0.0
不使用 GP 产生的状态,250,历史重启阶段最优路径,GP 源内重加权,沉积后,其他候选弧,1,1.0,0.0,0.0,0.0,0.0
不使用 GP 产生的状态,250,历史重启阶段最优路径,GP 源内重加权,沉积后,其他候选弧,2,1.0,0.0,0.0,0.0,0.0
不使用 GP 产生的状态,250,历史重启阶段最优路径,GP 源内重加权,沉积后,其他候选弧,3,1.0,0.0,0.0,0.0,0.0
不使用 GP 产生的状态,250,历史重启阶段最优路径,GP 源内重加权,沉积后,其他候选弧,4,0.9920000000000001,0.0,0.0,0.0,0.0
不使用 GP 产生的状态,250,历史重启阶段最优路径,GP 源内重加权,沉积后,其他候选弧,5,1.0,0.0,0.0,0.0,0.0
不使用 GP 产生的状态,250,历史重启阶段最优路径,GP 源内重加权,沉积后,其他候选弧,6,1.0,0.0,0.0,0.0,0.0
不使用 GP 产生的状态,250,历史重启阶段最优路径,GP 源内重加权,沉积后,其他候选弧,7,1.0,0.0,0.0,0.0,0.0
不使用 GP 产生的状态,250,历史重启阶段最优路径,GP 源内重加权,蒸发和下界保护后,两条来源路径共有边,0,1.0,0.0,0.0,0.0,0.0
不使用 GP 产生的状态,250,历史重启阶段最优路径,GP 源内重加权,蒸发和下界保护后,两条来源路径共有边,1,1.0,0.0,0.0,0.0,0.0
不使用 GP 产生的状态,250,历史重启阶段最优路径,GP 源内重加权,蒸发和下界保护后,两条来源路径共有边,2,1.0,0.0,0.0,0.0,0.0
不使用 GP 产生的状态,250,历史重启阶段最优路径,GP 源内重加权,蒸发和下界保护后,两条来源路径共有边,3,1.0,0.0,0.0,0.0,0.0
不使用 GP 产生的状态,250,历史重启阶段最优路径,GP 源内重加权,蒸发和下界保护后,两条来源路径共有边,4,0.9920000000000001,0.0,0.0,0.0,0.0
不使用 GP 产生的状态,250,历史重启阶段最优路径,GP 源内重加权,蒸发和下界保护后,两条来源路径共有边,5,1.0,0.0,0.0,0.0,0.0
不使用 GP 产生的状态,250,历史重启阶段最优路径,GP 源内重加权,蒸发和下界保护后,两条来源路径共有边,6,1.0,0.0,0.0,0.0,0.0
不使用 GP 产生的状态,250,历史重启阶段最优路径,GP 源内重加权,蒸发和下界保护后,两条来源路径共有边,7,1.0,0.0,0.0,0.0,0.0
不使用 GP 产生的状态,250,历史重启阶段最优路径,GP 源内重加权,蒸发和下界保护后,仅历史来源路径包含的边,0,1.0,0.0,0.0,0.0,0.0
不使用 GP 产生的状态,250,历史重启阶段最优路径,GP 源内重加权,蒸发和下界保护后,仅历史来源路径包含的边,1,1.0,0.0,0.0,0.0,0.0
不使用 GP 产生的状态,250,历史重启阶段最优路径,GP 源内重加权,蒸发和下界保护后,仅历史来源路径包含的边,2,1.0,0.0,0.0,0.0,0.0
不使用 GP 产生的状态,250,历史重启阶段最优路径,GP 源内重加权,蒸发和下界保护后,仅历史来源路径包含的边,3,1.0,0.0,0.0,0.0,0.0
不使用 GP 产生的状态,250,历史重启阶段最优路径,GP 源内重加权,蒸发和下界保护后,仅历史来源路径包含的边,4,0.9920000000000001,0.0,0.0,0.0,0.0
不使用 GP 产生的状态,250,历史重启阶段最优路径,GP 源内重加权,蒸发和下界保护后,仅历史来源路径包含的边,5,1.0,0.0,0.0,0.0,0.0
不使用 GP 产生的状态,250,历史重启阶段最优路径,GP 源内重加权,蒸发和下界保护后,仅历史来源路径包含的边,6,1.0,0.0,0.0,0.0,0.0
不使用 GP 产生的状态,250,历史重启阶段最优路径,GP 源内重加权,蒸发和下界保护后,仅历史来源路径包含的边,7,1.0,0.0,0.0,0.0,0.0
不使用 GP 产生的状态,250,历史重启阶段最优路径,GP 源内重加权,蒸发和下界保护后,仅本轮最优路径包含的边,0,1.0,0.0,0.0,0.0,0.0
不使用 GP 产生的状态,250,历史重启阶段最优路径,GP 源内重加权,蒸发和下界保护后,仅本轮最优路径包含的边,1,1.0,0.0,0.0,0.0,0.0
不使用 GP 产生的状态,250,历史重启阶段最优路径,GP 源内重加权,蒸发和下界保护后,仅本轮最优路径包含的边,2,1.0,0.0,0.0,0.0,0.0
不使用 GP 产生的状态,250,历史重启阶段最优路径,GP 源内重加权,蒸发和下界保护后,仅本轮最优路径包含的边,3,1.0,0.0,0.0,0.0,0.0
不使用 GP 产生的状态,250,历史重启阶段最优路径,GP 源内重加权,蒸发和下界保护后,仅本轮最优路径包含的边,4,0.9920000000000001,0.0,0.0,0.0,0.0
不使用 GP 产生的状态,250,历史重启阶段最优路径,GP 源内重加权,蒸发和下界保护后,仅本轮最优路径包含的边,5,1.0,0.0,0.0,0.0,0.0
不使用 GP 产生的状态,250,历史重启阶段最优路径,GP 源内重加权,蒸发和下界保护后,仅本轮最优路径包含的边,6,1.0,0.0,0.0,0.0,0.0
不使用 GP 产生的状态,250,历史重启阶段最优路径,GP 源内重加权,蒸发和下界保护后,仅本轮最优路径包含的边,7,1.0,0.0,0.0,0.0,0.0
不使用 GP 产生的状态,250,历史重启阶段最优路径,GP 源内重加权,蒸发和下界保护后,其他候选弧,0,1.0,0.0,0.0,0.0,0.0
不使用 GP 产生的状态,250,历史重启阶段最优路径,GP 源内重加权,蒸发和下界保护后,其他候选弧,1,1.0,0.0,0.0,0.0,0.0
不使用 GP 产生的状态,250,历史重启阶段最优路径,GP 源内重加权,蒸发和下界保护后,其他候选弧,2,1.0,0.0,0.0,0.0,0.0
不使用 GP 产生的状态,250,历史重启阶段最优路径,GP 源内重加权,蒸发和下界保护后,其他候选弧,3,1.0,0.0,0.0,0.0,0.0
不使用 GP 产生的状态,250,历史重启阶段最优路径,GP 源内重加权,蒸发和下界保护后,其他候选弧,4,0.9920000000000001,0.0,0.0,0.0,0.0
不使用 GP 产生的状态,250,历史重启阶段最优路径,GP 源内重加权,蒸发和下界保护后,其他候选弧,5,1.0,0.0,0.0,0.0,0.0
不使用 GP 产生的状态,250,历史重启阶段最优路径,GP 源内重加权,蒸发和下界保护后,其他候选弧,6,1.0,0.0,0.0,0.0,0.0
不使用 GP 产生的状态,250,历史重启阶段最优路径,GP 源内重加权,蒸发和下界保护后,其他候选弧,7,1.0,0.0,0.0,0.0,0.0
不使用 GP 产生的状态,250,历史重启阶段最优路径,GP 源内重加权,重启和可选上界处理后,两条来源路径共有边,0,1.0,-1.718618720339818e-07,3.3801035894589803e-06,-1.035630702972412e-08,2.0329323079850937e-07
不使用 GP 产生的状态,250,历史重启阶段最优路径,GP 源内重加权,重启和可选上界处理后,两条来源路径共有边,1,1.0,-6.597664696090044e-08,1.643120187766554e-05,-3.914038340250651e-09,9.742180506388345e-07
不使用 GP 产生的状态,250,历史重启阶段最优路径,GP 源内重加权,重启和可选上界处理后,两条来源路径共有边,2,1.0,-1.852990337164498e-07,6.2474839708719975e-06,-1.1298391554090712e-08,3.808339436848958e-07
不使用 GP 产生的状态,250,历史重启阶段最优路径,GP 源内重加权,重启和可选上界处理后,两条来源路径共有边,3,1.0,9.344520305391769e-08,3.5175733478149e-05,5.5796570248074005e-09,2.103868458006117e-06
不使用 GP 产生的状态,250,历史重启阶段最优路径,GP 源内重加权,重启和可选上界处理后,两条来源路径共有边,4,0.9920000000000001,0.0014767755988478186,0.001481596364380938,9.362882165363794e-05,9.39274790318503e-05
不使用 GP 产生的状态,250,历史重启阶段最优路径,GP 源内重加权,重启和可选上界处理后,两条来源路径共有边,5,1.0,1.8167626776916175e-07,3.0294582076746827e-05,1.1172559526231552e-08,1.8601682451036244e-06
不使用 GP 产生的状态,250,历史重启阶段最优路径,GP 源内重加权,重启和可选上界处理后,两条来源路径共有边,6,1.0,6.767546814962254e-07,4.987091444843288e-05,4.154112603929308e-08,3.0607548024919298e-06
不使用 GP 产生的状态,250,历史重启阶段最优路径,GP 源内重加权,重启和可选上界处理后,两条来源路径共有边,7,1.0,-7.257749321548225e-07,5.787549072473593e-05,-4.390213224622938e-08,3.505362404717339e-06
不使用 GP 产生的状态,250,历史重启阶段最优路径,GP 源内重加权,重启和可选上界处理后,仅历史来源路径包含的边,0,1.0,0.0,0.0,0.0,0.0
不使用 GP 产生的状态,250,历史重启阶段最优路径,GP 源内重加权,重启和可选上界处理后,仅历史来源路径包含的边,1,1.0,0.0,0.0,0.0,0.0
不使用 GP 产生的状态,250,历史重启阶段最优路径,GP 源内重加权,重启和可选上界处理后,仅历史来源路径包含的边,2,1.0,0.0,0.0,0.0,0.0
不使用 GP 产生的状态,250,历史重启阶段最优路径,GP 源内重加权,重启和可选上界处理后,仅历史来源路径包含的边,3,1.0,0.0,0.0,0.0,0.0
不使用 GP 产生的状态,250,历史重启阶段最优路径,GP 源内重加权,重启和可选上界处理后,仅历史来源路径包含的边,4,0.9920000000000001,0.005246045287424387,0.005246045287424387,0.013525864385344366,0.013525864385344366
不使用 GP 产生的状态,250,历史重启阶段最优路径,GP 源内重加权,重启和可选上界处理后,仅历史来源路径包含的边,5,1.0,0.0,0.0,0.0,0.0
不使用 GP 产生的状态,250,历史重启阶段最优路径,GP 源内重加权,重启和可选上界处理后,仅历史来源路径包含的边,6,1.0,0.0,0.0,0.0,0.0
不使用 GP 产生的状态,250,历史重启阶段最优路径,GP 源内重加权,重启和可选上界处理后,仅历史来源路径包含的边,7,1.0,0.0,0.0,0.0,0.0
不使用 GP 产生的状态,250,历史重启阶段最优路径,GP 源内重加权,重启和可选上界处理后,仅本轮最优路径包含的边,0,1.0,0.0,0.0,0.0,0.0
不使用 GP 产生的状态,250,历史重启阶段最优路径,GP 源内重加权,重启和可选上界处理后,仅本轮最优路径包含的边,1,1.0,0.0,0.0,0.0,0.0
不使用 GP 产生的状态,250,历史重启阶段最优路径,GP 源内重加权,重启和可选上界处理后,仅本轮最优路径包含的边,2,1.0,0.0,0.0,0.0,0.0
不使用 GP 产生的状态,250,历史重启阶段最优路径,GP 源内重加权,重启和可选上界处理后,仅本轮最优路径包含的边,3,1.0,0.0,0.0,0.0,0.0
不使用 GP 产生的状态,250,历史重启阶段最优路径,GP 源内重加权,重启和可选上界处理后,仅本轮最优路径包含的边,4,0.9920000000000001,-0.006722651844867271,0.006722651844867271,-0.017332995081367833,0.017332995081367833
不使用 GP 产生的状态,250,历史重启阶段最优路径,GP 源内重加权,重启和可选上界处理后,仅本轮最优路径包含的边,5,1.0,0.0,0.0,0.0,0.0
不使用 GP 产生的状态,250,历史重启阶段最优路径,GP 源内重加权,重启和可选上界处理后,仅本轮最优路径包含的边,6,1.0,0.0,0.0,0.0,0.0
不使用 GP 产生的状态,250,历史重启阶段最优路径,GP 源内重加权,重启和可选上界处理后,仅本轮最优路径包含的边,7,1.0,0.0,0.0,0.0,0.0
不使用 GP 产生的状态,250,历史重启阶段最优路径,GP 源内重加权,重启和可选上界处理后,其他候选弧,0,1.0,0.0,0.0,0.0,0.0
不使用 GP 产生的状态,250,历史重启阶段最优路径,GP 源内重加权,重启和可选上界处理后,其他候选弧,1,1.0,0.0,0.0,0.0,0.0
不使用 GP 产生的状态,250,历史重启阶段最优路径,GP 源内重加权,重启和可选上界处理后,其他候选弧,2,1.0,0.0,0.0,0.0,0.0
不使用 GP 产生的状态,250,历史重启阶段最优路径,GP 源内重加权,重启和可选上界处理后,其他候选弧,3,1.0,0.0,0.0,0.0,0.0
不使用 GP 产生的状态,250,历史重启阶段最优路径,GP 源内重加权,重启和可选上界处理后,其他候选弧,4,0.9920000000000001,0.0,0.0,0.0,0.0
不使用 GP 产生的状态,250,历史重启阶段最优路径,GP 源内重加权,重启和可选上界处理后,其他候选弧,5,1.0,0.0,0.0,0.0,0.0
不使用 GP 产生的状态,250,历史重启阶段最优路径,GP 源内重加权,重启和可选上界处理后,其他候选弧,6,1.0,0.0,0.0,0.0,0.0
不使用 GP 产生的状态,250,历史重启阶段最优路径,GP 源内重加权,重启和可选上界处理后,其他候选弧,7,1.0,0.0,0.0,0.0,0.0
不使用 GP 产生的状态,250,历史重启阶段最优路径,来源内均匀沉积,更新前,两条来源路径共有边,0,1.0,0.0,0.0,0.0,0.0
不使用 GP 产生的状态,250,历史重启阶段最优路径,来源内均匀沉积,更新前,两条来源路径共有边,1,1.0,0.0,0.0,0.0,0.0
不使用 GP 产生的状态,250,历史重启阶段最优路径,来源内均匀沉积,更新前,两条来源路径共有边,2,1.0,0.0,0.0,0.0,0.0
不使用 GP 产生的状态,250,历史重启阶段最优路径,来源内均匀沉积,更新前,两条来源路径共有边,3,1.0,0.0,0.0,0.0,0.0
不使用 GP 产生的状态,250,历史重启阶段最优路径,来源内均匀沉积,更新前,两条来源路径共有边,4,0.9920000000000001,0.0,0.0,0.0,0.0
不使用 GP 产生的状态,250,历史重启阶段最优路径,来源内均匀沉积,更新前,两条来源路径共有边,5,1.0,0.0,0.0,0.0,0.0
不使用 GP 产生的状态,250,历史重启阶段最优路径,来源内均匀沉积,更新前,两条来源路径共有边,6,1.0,0.0,0.0,0.0,0.0
不使用 GP 产生的状态,250,历史重启阶段最优路径,来源内均匀沉积,更新前,两条来源路径共有边,7,1.0,0.0,0.0,0.0,0.0
不使用 GP 产生的状态,250,历史重启阶段最优路径,来源内均匀沉积,更新前,仅历史来源路径包含的边,0,1.0,0.0,0.0,0.0,0.0
不使用 GP 产生的状态,250,历史重启阶段最优路径,来源内均匀沉积,更新前,仅历史来源路径包含的边,1,1.0,0.0,0.0,0.0,0.0
不使用 GP 产生的状态,250,历史重启阶段最优路径,来源内均匀沉积,更新前,仅历史来源路径包含的边,2,1.0,0.0,0.0,0.0,0.0
不使用 GP 产生的状态,250,历史重启阶段最优路径,来源内均匀沉积,更新前,仅历史来源路径包含的边,3,1.0,0.0,0.0,0.0,0.0
不使用 GP 产生的状态,250,历史重启阶段最优路径,来源内均匀沉积,更新前,仅历史来源路径包含的边,4,0.9920000000000001,0.0,0.0,0.0,0.0
不使用 GP 产生的状态,250,历史重启阶段最优路径,来源内均匀沉积,更新前,仅历史来源路径包含的边,5,1.0,0.0,0.0,0.0,0.0
不使用 GP 产生的状态,250,历史重启阶段最优路径,来源内均匀沉积,更新前,仅历史来源路径包含的边,6,1.0,0.0,0.0,0.0,0.0
不使用 GP 产生的状态,250,历史重启阶段最优路径,来源内均匀沉积,更新前,仅历史来源路径包含的边,7,1.0,0.0,0.0,0.0,0.0
不使用 GP 产生的状态,250,历史重启阶段最优路径,来源内均匀沉积,更新前,仅本轮最优路径包含的边,0,1.0,0.0,0.0,0.0,0.0
不使用 GP 产生的状态,250,历史重启阶段最优路径,来源内均匀沉积,更新前,仅本轮最优路径包含的边,1,1.0,0.0,0.0,0.0,0.0
不使用 GP 产生的状态,250,历史重启阶段最优路径,来源内均匀沉积,更新前,仅本轮最优路径包含的边,2,1.0,0.0,0.0,0.0,0.0
不使用 GP 产生的状态,250,历史重启阶段最优路径,来源内均匀沉积,更新前,仅本轮最优路径包含的边,3,1.0,0.0,0.0,0.0,0.0
不使用 GP 产生的状态,250,历史重启阶段最优路径,来源内均匀沉积,更新前,仅本轮最优路径包含的边,4,0.9920000000000001,0.0,0.0,0.0,0.0
不使用 GP 产生的状态,250,历史重启阶段最优路径,来源内均匀沉积,更新前,仅本轮最优路径包含的边,5,1.0,0.0,0.0,0.0,0.0
不使用 GP 产生的状态,250,历史重启阶段最优路径,来源内均匀沉积,更新前,仅本轮最优路径包含的边,6,1.0,0.0,0.0,0.0,0.0
不使用 GP 产生的状态,250,历史重启阶段最优路径,来源内均匀沉积,更新前,仅本轮最优路径包含的边,7,1.0,0.0,0.0,0.0,0.0
不使用 GP 产生的状态,250,历史重启阶段最优路径,来源内均匀沉积,更新前,其他候选弧,0,1.0,0.0,0.0,0.0,0.0
不使用 GP 产生的状态,250,历史重启阶段最优路径,来源内均匀沉积,更新前,其他候选弧,1,1.0,0.0,0.0,0.0,0.0
不使用 GP 产生的状态,250,历史重启阶段最优路径,来源内均匀沉积,更新前,其他候选弧,2,1.0,0.0,0.0,0.0,0.0
不使用 GP 产生的状态,250,历史重启阶段最优路径,来源内均匀沉积,更新前,其他候选弧,3,1.0,0.0,0.0,0.0,0.0
不使用 GP 产生的状态,250,历史重启阶段最优路径,来源内均匀沉积,更新前,其他候选弧,4,0.9920000000000001,0.0,0.0,0.0,0.0
不使用 GP 产生的状态,250,历史重启阶段最优路径,来源内均匀沉积,更新前,其他候选弧,5,1.0,0.0,0.0,0.0,0.0
不使用 GP 产生的状态,250,历史重启阶段最优路径,来源内均匀沉积,更新前,其他候选弧,6,1.0,0.0,0.0,0.0,0.0
不使用 GP 产生的状态,250,历史重启阶段最优路径,来源内均匀沉积,更新前,其他候选弧,7,1.0,0.0,0.0,0.0,0.0
不使用 GP 产生的状态,250,历史重启阶段最优路径,来源内均匀沉积,沉积后,两条来源路径共有边,0,1.0,0.0,0.0,0.0,0.0
不使用 GP 产生的状态,250,历史重启阶段最优路径,来源内均匀沉积,沉积后,两条来源路径共有边,1,1.0,0.0,0.0,0.0,0.0
不使用 GP 产生的状态,250,历史重启阶段最优路径,来源内均匀沉积,沉积后,两条来源路径共有边,2,1.0,0.0,0.0,0.0,0.0
不使用 GP 产生的状态,250,历史重启阶段最优路径,来源内均匀沉积,沉积后,两条来源路径共有边,3,1.0,0.0,0.0,0.0,0.0
不使用 GP 产生的状态,250,历史重启阶段最优路径,来源内均匀沉积,沉积后,两条来源路径共有边,4,0.9920000000000001,-3.130539803235806e-09,3.130539803235806e-09,-1.9847858147542986e-10,1.9847858147542986e-10
不使用 GP 产生的状态,250,历史重启阶段最优路径,来源内均匀沉积,沉积后,两条来源路径共有边,5,1.0,0.0,0.0,0.0,0.0
不使用 GP 产生的状态,250,历史重启阶段最优路径,来源内均匀沉积,沉积后,两条来源路径共有边,6,1.0,-9.711801588608334e-10,9.711801588608334e-10,-5.960464477539063e-11,5.960464477539063e-11
不使用 GP 产生的状态,250,历史重启阶段最优路径,来源内均匀沉积,沉积后,两条来源路径共有边,7,1.0,0.0,0.0,0.0,0.0
不使用 GP 产生的状态,250,历史重启阶段最优路径,来源内均匀沉积,沉积后,仅历史来源路径包含的边,0,1.0,0.0,0.0,0.0,0.0
不使用 GP 产生的状态,250,历史重启阶段最优路径,来源内均匀沉积,沉积后,仅历史来源路径包含的边,1,1.0,0.0,0.0,0.0,0.0
不使用 GP 产生的状态,250,历史重启阶段最优路径,来源内均匀沉积,沉积后,仅历史来源路径包含的边,2,1.0,0.0,0.0,0.0,0.0
不使用 GP 产生的状态,250,历史重启阶段最优路径,来源内均匀沉积,沉积后,仅历史来源路径包含的边,3,1.0,0.0,0.0,0.0,0.0
不使用 GP 产生的状态,250,历史重启阶段最优路径,来源内均匀沉积,沉积后,仅历史来源路径包含的边,4,0.9920000000000001,0.007999999106110482,0.007999999106110482,0.020626376072565716,0.020626376072565716
不使用 GP 产生的状态,250,历史重启阶段最优路径,来源内均匀沉积,沉积后,仅历史来源路径包含的边,5,1.0,0.0,0.0,0.0,0.0
不使用 GP 产生的状态,250,历史重启阶段最优路径,来源内均匀沉积,沉积后,仅历史来源路径包含的边,6,1.0,0.0,0.0,0.0,0.0
不使用 GP 产生的状态,250,历史重启阶段最优路径,来源内均匀沉积,沉积后,仅历史来源路径包含的边,7,1.0,0.0,0.0,0.0,0.0
不使用 GP 产生的状态,250,历史重启阶段最优路径,来源内均匀沉积,沉积后,仅本轮最优路径包含的边,0,1.0,0.0,0.0,0.0,0.0
不使用 GP 产生的状态,250,历史重启阶段最优路径,来源内均匀沉积,沉积后,仅本轮最优路径包含的边,1,1.0,0.0,0.0,0.0,0.0
不使用 GP 产生的状态,250,历史重启阶段最优路径,来源内均匀沉积,沉积后,仅本轮最优路径包含的边,2,1.0,0.0,0.0,0.0,0.0
不使用 GP 产生的状态,250,历史重启阶段最优路径,来源内均匀沉积,沉积后,仅本轮最优路径包含的边,3,1.0,0.0,0.0,0.0,0.0
不使用 GP 产生的状态,250,历史重启阶段最优路径,来源内均匀沉积,沉积后,仅本轮最优路径包含的边,4,0.9920000000000001,-0.008000000569161234,0.008000000569161234,-0.020626379844745517,0.020626379844745517
不使用 GP 产生的状态,250,历史重启阶段最优路径,来源内均匀沉积,沉积后,仅本轮最优路径包含的边,5,1.0,0.0,0.0,0.0,0.0
不使用 GP 产生的状态,250,历史重启阶段最优路径,来源内均匀沉积,沉积后,仅本轮最优路径包含的边,6,1.0,0.0,0.0,0.0,0.0
不使用 GP 产生的状态,250,历史重启阶段最优路径,来源内均匀沉积,沉积后,仅本轮最优路径包含的边,7,1.0,0.0,0.0,0.0,0.0
不使用 GP 产生的状态,250,历史重启阶段最优路径,来源内均匀沉积,沉积后,其他候选弧,0,1.0,0.0,0.0,0.0,0.0
不使用 GP 产生的状态,250,历史重启阶段最优路径,来源内均匀沉积,沉积后,其他候选弧,1,1.0,0.0,0.0,0.0,0.0
不使用 GP 产生的状态,250,历史重启阶段最优路径,来源内均匀沉积,沉积后,其他候选弧,2,1.0,0.0,0.0,0.0,0.0
不使用 GP 产生的状态,250,历史重启阶段最优路径,来源内均匀沉积,沉积后,其他候选弧,3,1.0,0.0,0.0,0.0,0.0
不使用 GP 产生的状态,250,历史重启阶段最优路径,来源内均匀沉积,沉积后,其他候选弧,4,0.9920000000000001,0.0,0.0,0.0,0.0
不使用 GP 产生的状态,250,历史重启阶段最优路径,来源内均匀沉积,沉积后,其他候选弧,5,1.0,0.0,0.0,0.0,0.0
不使用 GP 产生的状态,250,历史重启阶段最优路径,来源内均匀沉积,沉积后,其他候选弧,6,1.0,0.0,0.0,0.0,0.0
不使用 GP 产生的状态,250,历史重启阶段最优路径,来源内均匀沉积,沉积后,其他候选弧,7,1.0,0.0,0.0,0.0,0.0
不使用 GP 产生的状态,250,历史重启阶段最优路径,来源内均匀沉积,蒸发和下界保护后,两条来源路径共有边,0,1.0,0.0,0.0,0.0,0.0
不使用 GP 产生的状态,250,历史重启阶段最优路径,来源内均匀沉积,蒸发和下界保护后,两条来源路径共有边,1,1.0,0.0,0.0,0.0,0.0
不使用 GP 产生的状态,250,历史重启阶段最优路径,来源内均匀沉积,蒸发和下界保护后,两条来源路径共有边,2,1.0,0.0,0.0,0.0,0.0
不使用 GP 产生的状态,250,历史重启阶段最优路径,来源内均匀沉积,蒸发和下界保护后,两条来源路径共有边,3,1.0,0.0,0.0,0.0,0.0
不使用 GP 产生的状态,250,历史重启阶段最优路径,来源内均匀沉积,蒸发和下界保护后,两条来源路径共有边,4,0.9920000000000001,0.0,0.0,0.0,0.0
不使用 GP 产生的状态,250,历史重启阶段最优路径,来源内均匀沉积,蒸发和下界保护后,两条来源路径共有边,5,1.0,0.0,0.0,0.0,0.0
不使用 GP 产生的状态,250,历史重启阶段最优路径,来源内均匀沉积,蒸发和下界保护后,两条来源路径共有边,6,1.0,0.0,0.0,0.0,0.0
不使用 GP 产生的状态,250,历史重启阶段最优路径,来源内均匀沉积,蒸发和下界保护后,两条来源路径共有边,7,1.0,0.0,0.0,0.0,0.0
不使用 GP 产生的状态,250,历史重启阶段最优路径,来源内均匀沉积,蒸发和下界保护后,仅历史来源路径包含的边,0,1.0,0.0,0.0,0.0,0.0
不使用 GP 产生的状态,250,历史重启阶段最优路径,来源内均匀沉积,蒸发和下界保护后,仅历史来源路径包含的边,1,1.0,0.0,0.0,0.0,0.0
不使用 GP 产生的状态,250,历史重启阶段最优路径,来源内均匀沉积,蒸发和下界保护后,仅历史来源路径包含的边,2,1.0,0.0,0.0,0.0,0.0
不使用 GP 产生的状态,250,历史重启阶段最优路径,来源内均匀沉积,蒸发和下界保护后,仅历史来源路径包含的边,3,1.0,0.0,0.0,0.0,0.0
不使用 GP 产生的状态,250,历史重启阶段最优路径,来源内均匀沉积,蒸发和下界保护后,仅历史来源路径包含的边,4,0.9920000000000001,0.0,0.0,0.0,0.0
不使用 GP 产生的状态,250,历史重启阶段最优路径,来源内均匀沉积,蒸发和下界保护后,仅历史来源路径包含的边,5,1.0,0.0,0.0,0.0,0.0
不使用 GP 产生的状态,250,历史重启阶段最优路径,来源内均匀沉积,蒸发和下界保护后,仅历史来源路径包含的边,6,1.0,0.0,0.0,0.0,0.0
不使用 GP 产生的状态,250,历史重启阶段最优路径,来源内均匀沉积,蒸发和下界保护后,仅历史来源路径包含的边,7,1.0,0.0,0.0,0.0,0.0
不使用 GP 产生的状态,250,历史重启阶段最优路径,来源内均匀沉积,蒸发和下界保护后,仅本轮最优路径包含的边,0,1.0,0.0,0.0,0.0,0.0
不使用 GP 产生的状态,250,历史重启阶段最优路径,来源内均匀沉积,蒸发和下界保护后,仅本轮最优路径包含的边,1,1.0,0.0,0.0,0.0,0.0
不使用 GP 产生的状态,250,历史重启阶段最优路径,来源内均匀沉积,蒸发和下界保护后,仅本轮最优路径包含的边,2,1.0,0.0,0.0,0.0,0.0
不使用 GP 产生的状态,250,历史重启阶段最优路径,来源内均匀沉积,蒸发和下界保护后,仅本轮最优路径包含的边,3,1.0,0.0,0.0,0.0,0.0
不使用 GP 产生的状态,250,历史重启阶段最优路径,来源内均匀沉积,蒸发和下界保护后,仅本轮最优路径包含的边,4,0.9920000000000001,0.0,0.0,0.0,0.0
不使用 GP 产生的状态,250,历史重启阶段最优路径,来源内均匀沉积,蒸发和下界保护后,仅本轮最优路径包含的边,5,1.0,0.0,0.0,0.0,0.0
不使用 GP 产生的状态,250,历史重启阶段最优路径,来源内均匀沉积,蒸发和下界保护后,仅本轮最优路径包含的边,6,1.0,0.0,0.0,0.0,0.0
不使用 GP 产生的状态,250,历史重启阶段最优路径,来源内均匀沉积,蒸发和下界保护后,仅本轮最优路径包含的边,7,1.0,0.0,0.0,0.0,0.0
不使用 GP 产生的状态,250,历史重启阶段最优路径,来源内均匀沉积,蒸发和下界保护后,其他候选弧,0,1.0,0.0,0.0,0.0,0.0
不使用 GP 产生的状态,250,历史重启阶段最优路径,来源内均匀沉积,蒸发和下界保护后,其他候选弧,1,1.0,0.0,0.0,0.0,0.0
不使用 GP 产生的状态,250,历史重启阶段最优路径,来源内均匀沉积,蒸发和下界保护后,其他候选弧,2,1.0,0.0,0.0,0.0,0.0
不使用 GP 产生的状态,250,历史重启阶段最优路径,来源内均匀沉积,蒸发和下界保护后,其他候选弧,3,1.0,0.0,0.0,0.0,0.0
不使用 GP 产生的状态,250,历史重启阶段最优路径,来源内均匀沉积,蒸发和下界保护后,其他候选弧,4,0.9920000000000001,0.0,0.0,0.0,0.0
不使用 GP 产生的状态,250,历史重启阶段最优路径,来源内均匀沉积,蒸发和下界保护后,其他候选弧,5,1.0,0.0,0.0,0.0,0.0
不使用 GP 产生的状态,250,历史重启阶段最优路径,来源内均匀沉积,蒸发和下界保护后,其他候选弧,6,1.0,0.0,0.0,0.0,0.0
不使用 GP 产生的状态,250,历史重启阶段最优路径,来源内均匀沉积,蒸发和下界保护后,其他候选弧,7,1.0,0.0,0.0,0.0,0.0
不使用 GP 产生的状态,250,历史重启阶段最优路径,来源内均匀沉积,重启和可选上界处理后,两条来源路径共有边,0,1.0,0.0,0.0,0.0,0.0
不使用 GP 产生的状态,250,历史重启阶段最优路径,来源内均匀沉积,重启和可选上界处理后,两条来源路径共有边,1,1.0,0.0,0.0,0.0,0.0
不使用 GP 产生的状态,250,历史重启阶段最优路径,来源内均匀沉积,重启和可选上界处理后,两条来源路径共有边,2,1.0,0.0,0.0,0.0,0.0
不使用 GP 产生的状态,250,历史重启阶段最优路径,来源内均匀沉积,重启和可选上界处理后,两条来源路径共有边,3,1.0,0.0,0.0,0.0,0.0
不使用 GP 产生的状态,250,历史重启阶段最优路径,来源内均匀沉积,重启和可选上界处理后,两条来源路径共有边,4,0.9920000000000001,-3.130539803235806e-09,3.130539803235806e-09,-1.9847858147542986e-10,1.9847858147542986e-10
不使用 GP 产生的状态,250,历史重启阶段最优路径,来源内均匀沉积,重启和可选上界处理后,两条来源路径共有边,5,1.0,0.0,0.0,0.0,0.0
不使用 GP 产生的状态,250,历史重启阶段最优路径,来源内均匀沉积,重启和可选上界处理后,两条来源路径共有边,6,1.0,-9.711801588608334e-10,9.711801588608334e-10,-5.960464477539063e-11,5.960464477539063e-11
不使用 GP 产生的状态,250,历史重启阶段最优路径,来源内均匀沉积,重启和可选上界处理后,两条来源路径共有边,7,1.0,0.0,0.0,0.0,0.0
不使用 GP 产生的状态,250,历史重启阶段最优路径,来源内均匀沉积,重启和可选上界处理后,仅历史来源路径包含的边,0,1.0,0.0,0.0,0.0,0.0
不使用 GP 产生的状态,250,历史重启阶段最优路径,来源内均匀沉积,重启和可选上界处理后,仅历史来源路径包含的边,1,1.0,0.0,0.0,0.0,0.0
不使用 GP 产生的状态,250,历史重启阶段最优路径,来源内均匀沉积,重启和可选上界处理后,仅历史来源路径包含的边,2,1.0,0.0,0.0,0.0,0.0
不使用 GP 产生的状态,250,历史重启阶段最优路径,来源内均匀沉积,重启和可选上界处理后,仅历史来源路径包含的边,3,1.0,0.0,0.0,0.0,0.0
不使用 GP 产生的状态,250,历史重启阶段最优路径,来源内均匀沉积,重启和可选上界处理后,仅历史来源路径包含的边,4,0.9920000000000001,0.007999999106110482,0.007999999106110482,0.020626376072565716,0.020626376072565716
不使用 GP 产生的状态,250,历史重启阶段最优路径,来源内均匀沉积,重启和可选上界处理后,仅历史来源路径包含的边,5,1.0,0.0,0.0,0.0,0.0
不使用 GP 产生的状态,250,历史重启阶段最优路径,来源内均匀沉积,重启和可选上界处理后,仅历史来源路径包含的边,6,1.0,0.0,0.0,0.0,0.0
不使用 GP 产生的状态,250,历史重启阶段最优路径,来源内均匀沉积,重启和可选上界处理后,仅历史来源路径包含的边,7,1.0,0.0,0.0,0.0,0.0
不使用 GP 产生的状态,250,历史重启阶段最优路径,来源内均匀沉积,重启和可选上界处理后,仅本轮最优路径包含的边,0,1.0,0.0,0.0,0.0,0.0
不使用 GP 产生的状态,250,历史重启阶段最优路径,来源内均匀沉积,重启和可选上界处理后,仅本轮最优路径包含的边,1,1.0,0.0,0.0,0.0,0.0
不使用 GP 产生的状态,250,历史重启阶段最优路径,来源内均匀沉积,重启和可选上界处理后,仅本轮最优路径包含的边,2,1.0,0.0,0.0,0.0,0.0
不使用 GP 产生的状态,250,历史重启阶段最优路径,来源内均匀沉积,重启和可选上界处理后,仅本轮最优路径包含的边,3,1.0,0.0,0.0,0.0,0.0
不使用 GP 产生的状态,250,历史重启阶段最优路径,来源内均匀沉积,重启和可选上界处理后,仅本轮最优路径包含的边,4,0.9920000000000001,-0.008000000569161234,0.008000000569161234,-0.020626379844745517,0.020626379844745517
不使用 GP 产生的状态,250,历史重启阶段最优路径,来源内均匀沉积,重启和可选上界处理后,仅本轮最优路径包含的边,5,1.0,0.0,0.0,0.0,0.0
不使用 GP 产生的状态,250,历史重启阶段最优路径,来源内均匀沉积,重启和可选上界处理后,仅本轮最优路径包含的边,6,1.0,0.0,0.0,0.0,0.0
不使用 GP 产生的状态,250,历史重启阶段最优路径,来源内均匀沉积,重启和可选上界处理后,仅本轮最优路径包含的边,7,1.0,0.0,0.0,0.0,0.0
不使用 GP 产生的状态,250,历史重启阶段最优路径,来源内均匀沉积,重启和可选上界处理后,其他候选弧,0,1.0,0.0,0.0,0.0,0.0
不使用 GP 产生的状态,250,历史重启阶段最优路径,来源内均匀沉积,重启和可选上界处理后,其他候选弧,1,1.0,0.0,0.0,0.0,0.0
不使用 GP 产生的状态,250,历史重启阶段最优路径,来源内均匀沉积,重启和可选上界处理后,其他候选弧,2,1.0,0.0,0.0,0.0,0.0
不使用 GP 产生的状态,250,历史重启阶段最优路径,来源内均匀沉积,重启和可选上界处理后,其他候选弧,3,1.0,0.0,0.0,0.0,0.0
不使用 GP 产生的状态,250,历史重启阶段最优路径,来源内均匀沉积,重启和可选上界处理后,其他候选弧,4,0.9920000000000001,0.0,0.0,0.0,0.0
不使用 GP 产生的状态,250,历史重启阶段最优路径,来源内均匀沉积,重启和可选上界处理后,其他候选弧,5,1.0,0.0,0.0,0.0,0.0
不使用 GP 产生的状态,250,历史重启阶段最优路径,来源内均匀沉积,重启和可选上界处理后,其他候选弧,6,1.0,0.0,0.0,0.0,0.0
不使用 GP 产生的状态,250,历史重启阶段最优路径,来源内均匀沉积,重启和可选上界处理后,其他候选弧,7,1.0,0.0,0.0,0.0,0.0
不使用 GP 产生的状态,500,历史全局最优路径,GP 源内重加权,更新前,两条来源路径共有边,0,1.0,0.0,0.0,0.0,0.0
不使用 GP 产生的状态,500,历史全局最优路径,GP 源内重加权,更新前,两条来源路径共有边,1,1.0,0.0,0.0,0.0,0.0
不使用 GP 产生的状态,500,历史全局最优路径,GP 源内重加权,更新前,两条来源路径共有边,2,1.0,0.0,0.0,0.0,0.0
不使用 GP 产生的状态,500,历史全局最优路径,GP 源内重加权,更新前,两条来源路径共有边,3,1.0,0.0,0.0,0.0,0.0
不使用 GP 产生的状态,500,历史全局最优路径,GP 源内重加权,更新前,两条来源路径共有边,4,1.0,0.0,0.0,0.0,0.0
不使用 GP 产生的状态,500,历史全局最优路径,GP 源内重加权,更新前,两条来源路径共有边,5,1.0,0.0,0.0,0.0,0.0
不使用 GP 产生的状态,500,历史全局最优路径,GP 源内重加权,更新前,两条来源路径共有边,6,1.0,0.0,0.0,0.0,0.0
不使用 GP 产生的状态,500,历史全局最优路径,GP 源内重加权,更新前,两条来源路径共有边,7,1.0,0.0,0.0,0.0,0.0
不使用 GP 产生的状态,500,历史全局最优路径,GP 源内重加权,更新前,仅历史来源路径包含的边,0,1.0,0.0,0.0,0.0,0.0
不使用 GP 产生的状态,500,历史全局最优路径,GP 源内重加权,更新前,仅历史来源路径包含的边,1,1.0,0.0,0.0,0.0,0.0
不使用 GP 产生的状态,500,历史全局最优路径,GP 源内重加权,更新前,仅历史来源路径包含的边,2,1.0,0.0,0.0,0.0,0.0
不使用 GP 产生的状态,500,历史全局最优路径,GP 源内重加权,更新前,仅历史来源路径包含的边,3,1.0,0.0,0.0,0.0,0.0
不使用 GP 产生的状态,500,历史全局最优路径,GP 源内重加权,更新前,仅历史来源路径包含的边,4,1.0,0.0,0.0,0.0,0.0
不使用 GP 产生的状态,500,历史全局最优路径,GP 源内重加权,更新前,仅历史来源路径包含的边,5,1.0,0.0,0.0,0.0,0.0
不使用 GP 产生的状态,500,历史全局最优路径,GP 源内重加权,更新前,仅历史来源路径包含的边,6,1.0,0.0,0.0,0.0,0.0
不使用 GP 产生的状态,500,历史全局最优路径,GP 源内重加权,更新前,仅历史来源路径包含的边,7,1.0,0.0,0.0,0.0,0.0
不使用 GP 产生的状态,500,历史全局最优路径,GP 源内重加权,更新前,仅本轮最优路径包含的边,0,1.0,0.0,0.0,0.0,0.0
不使用 GP 产生的状态,500,历史全局最优路径,GP 源内重加权,更新前,仅本轮最优路径包含的边,1,1.0,0.0,0.0,0.0,0.0
不使用 GP 产生的状态,500,历史全局最优路径,GP 源内重加权,更新前,仅本轮最优路径包含的边,2,1.0,0.0,0.0,0.0,0.0
不使用 GP 产生的状态,500,历史全局最优路径,GP 源内重加权,更新前,仅本轮最优路径包含的边,3,1.0,0.0,0.0,0.0,0.0
不使用 GP 产生的状态,500,历史全局最优路径,GP 源内重加权,更新前,仅本轮最优路径包含的边,4,1.0,0.0,0.0,0.0,0.0
不使用 GP 产生的状态,500,历史全局最优路径,GP 源内重加权,更新前,仅本轮最优路径包含的边,5,1.0,0.0,0.0,0.0,0.0
不使用 GP 产生的状态,500,历史全局最优路径,GP 源内重加权,更新前,仅本轮最优路径包含的边,6,1.0,0.0,0.0,0.0,0.0
不使用 GP 产生的状态,500,历史全局最优路径,GP 源内重加权,更新前,仅本轮最优路径包含的边,7,1.0,0.0,0.0,0.0,0.0
不使用 GP 产生的状态,500,历史全局最优路径,GP 源内重加权,更新前,其他候选弧,0,1.0,0.0,0.0,0.0,0.0
不使用 GP 产生的状态,500,历史全局最优路径,GP 源内重加权,更新前,其他候选弧,1,1.0,0.0,0.0,0.0,0.0
不使用 GP 产生的状态,500,历史全局最优路径,GP 源内重加权,更新前,其他候选弧,2,1.0,0.0,0.0,0.0,0.0
不使用 GP 产生的状态,500,历史全局最优路径,GP 源内重加权,更新前,其他候选弧,3,1.0,0.0,0.0,0.0,0.0
不使用 GP 产生的状态,500,历史全局最优路径,GP 源内重加权,更新前,其他候选弧,4,1.0,0.0,0.0,0.0,0.0
不使用 GP 产生的状态,500,历史全局最优路径,GP 源内重加权,更新前,其他候选弧,5,1.0,0.0,0.0,0.0,0.0
不使用 GP 产生的状态,500,历史全局最优路径,GP 源内重加权,更新前,其他候选弧,6,1.0,0.0,0.0,0.0,0.0
不使用 GP 产生的状态,500,历史全局最优路径,GP 源内重加权,更新前,其他候选弧,7,1.0,0.0,0.0,0.0,0.0
不使用 GP 产生的状态,500,历史全局最优路径,GP 源内重加权,沉积后,两条来源路径共有边,0,1.0,3.0259110123218156e-07,1.7538571118073387e-05,1.8166171179877383e-08,1.0594460699293348e-06
不使用 GP 产生的状态,500,历史全局最优路径,GP 源内重加权,沉积后,两条来源路径共有边,1,1.0,-9.620803160969975e-08,2.0243965903208466e-05,-5.70217768351237e-09,1.2002189954121905e-06
不使用 GP 产生的状态,500,历史全局最优路径,GP 源内重加权,沉积后,两条来源路径共有边,2,1.0,-1.062867031970306e-07,1.4702230498978002e-05,-6.483660803900824e-09,8.970697720845541e-07
不使用 GP 产生的状态,500,历史全局最优路径,GP 源内重加权,沉积后,两条来源路径共有边,3,1.0,2.915528941890867e-07,7.302610065962035e-06,1.7470783657497833e-08,4.3763054741753473e-07
不使用 GP 产生的状态,500,历史全局最优路径,GP 源内重加权,沉积后,两条来源路径共有边,4,1.0,4.8204007495638634e-08,8.555676525572605e-06,2.980232238769531e-09,5.297528372870551e-07
不使用 GP 产生的状态,500,历史全局最优路径,GP 源内重加权,沉积后,两条来源路径共有边,5,1.0,3.108771156602228e-07,1.035683463800751e-05,1.9126468234592014e-08,6.366305881076389e-07
不使用 GP 产生的状态,500,历史全局最优路径,GP 源内重加权,沉积后,两条来源路径共有边,6,1.0,-4.1871769918050923e-07,5.1682088242369863e-05,-2.579887708028158e-08,3.1839973396725125e-06
不使用 GP 产生的状态,500,历史全局最优路径,GP 源内重加权,沉积后,两条来源路径共有边,7,1.0,-2.996119541561761e-08,4.852593996105308e-05,-1.8080075581868492e-09,2.936952643924289e-06
不使用 GP 产生的状态,500,历史全局最优路径,GP 源内重加权,沉积后,仅历史来源路径包含的边,0,1.0,0.0,0.0,0.0,0.0
不使用 GP 产生的状态,500,历史全局最优路径,GP 源内重加权,沉积后,仅历史来源路径包含的边,1,1.0,0.0,0.0,0.0,0.0
不使用 GP 产生的状态,500,历史全局最优路径,GP 源内重加权,沉积后,仅历史来源路径包含的边,2,1.0,0.0,0.0,0.0,0.0
不使用 GP 产生的状态,500,历史全局最优路径,GP 源内重加权,沉积后,仅历史来源路径包含的边,3,1.0,0.0,0.0,0.0,0.0
不使用 GP 产生的状态,500,历史全局最优路径,GP 源内重加权,沉积后,仅历史来源路径包含的边,4,1.0,0.0,0.0,0.0,0.0
不使用 GP 产生的状态,500,历史全局最优路径,GP 源内重加权,沉积后,仅历史来源路径包含的边,5,1.0,0.0,0.0,0.0,0.0
不使用 GP 产生的状态,500,历史全局最优路径,GP 源内重加权,沉积后,仅历史来源路径包含的边,6,1.0,0.0,0.0,0.0,0.0
不使用 GP 产生的状态,500,历史全局最优路径,GP 源内重加权,沉积后,仅历史来源路径包含的边,7,1.0,0.0,0.0,0.0,0.0
不使用 GP 产生的状态,500,历史全局最优路径,GP 源内重加权,沉积后,仅本轮最优路径包含的边,0,1.0,0.0,0.0,0.0,0.0
不使用 GP 产生的状态,500,历史全局最优路径,GP 源内重加权,沉积后,仅本轮最优路径包含的边,1,1.0,0.0,0.0,0.0,0.0
不使用 GP 产生的状态,500,历史全局最优路径,GP 源内重加权,沉积后,仅本轮最优路径包含的边,2,1.0,0.0,0.0,0.0,0.0
不使用 GP 产生的状态,500,历史全局最优路径,GP 源内重加权,沉积后,仅本轮最优路径包含的边,3,1.0,0.0,0.0,0.0,0.0
不使用 GP 产生的状态,500,历史全局最优路径,GP 源内重加权,沉积后,仅本轮最优路径包含的边,4,1.0,0.0,0.0,0.0,0.0
不使用 GP 产生的状态,500,历史全局最优路径,GP 源内重加权,沉积后,仅本轮最优路径包含的边,5,1.0,0.0,0.0,0.0,0.0
不使用 GP 产生的状态,500,历史全局最优路径,GP 源内重加权,沉积后,仅本轮最优路径包含的边,6,1.0,0.0,0.0,0.0,0.0
不使用 GP 产生的状态,500,历史全局最优路径,GP 源内重加权,沉积后,仅本轮最优路径包含的边,7,1.0,0.0,0.0,0.0,0.0
不使用 GP 产生的状态,500,历史全局最优路径,GP 源内重加权,沉积后,其他候选弧,0,1.0,0.0,0.0,0.0,0.0
不使用 GP 产生的状态,500,历史全局最优路径,GP 源内重加权,沉积后,其他候选弧,1,1.0,0.0,0.0,0.0,0.0
不使用 GP 产生的状态,500,历史全局最优路径,GP 源内重加权,沉积后,其他候选弧,2,1.0,0.0,0.0,0.0,0.0
不使用 GP 产生的状态,500,历史全局最优路径,GP 源内重加权,沉积后,其他候选弧,3,1.0,0.0,0.0,0.0,0.0
不使用 GP 产生的状态,500,历史全局最优路径,GP 源内重加权,沉积后,其他候选弧,4,1.0,0.0,0.0,0.0,0.0
不使用 GP 产生的状态,500,历史全局最优路径,GP 源内重加权,沉积后,其他候选弧,5,1.0,0.0,0.0,0.0,0.0
不使用 GP 产生的状态,500,历史全局最优路径,GP 源内重加权,沉积后,其他候选弧,6,1.0,0.0,0.0,0.0,0.0
不使用 GP 产生的状态,500,历史全局最优路径,GP 源内重加权,沉积后,其他候选弧,7,1.0,0.0,0.0,0.0,0.0
不使用 GP 产生的状态,500,历史全局最优路径,GP 源内重加权,蒸发和下界保护后,两条来源路径共有边,0,1.0,0.0,0.0,0.0,0.0
不使用 GP 产生的状态,500,历史全局最优路径,GP 源内重加权,蒸发和下界保护后,两条来源路径共有边,1,1.0,0.0,0.0,0.0,0.0
不使用 GP 产生的状态,500,历史全局最优路径,GP 源内重加权,蒸发和下界保护后,两条来源路径共有边,2,1.0,0.0,0.0,0.0,0.0
不使用 GP 产生的状态,500,历史全局最优路径,GP 源内重加权,蒸发和下界保护后,两条来源路径共有边,3,1.0,0.0,0.0,0.0,0.0
不使用 GP 产生的状态,500,历史全局最优路径,GP 源内重加权,蒸发和下界保护后,两条来源路径共有边,4,1.0,0.0,0.0,0.0,0.0
不使用 GP 产生的状态,500,历史全局最优路径,GP 源内重加权,蒸发和下界保护后,两条来源路径共有边,5,1.0,0.0,0.0,0.0,0.0
不使用 GP 产生的状态,500,历史全局最优路径,GP 源内重加权,蒸发和下界保护后,两条来源路径共有边,6,1.0,0.0,0.0,0.0,0.0
不使用 GP 产生的状态,500,历史全局最优路径,GP 源内重加权,蒸发和下界保护后,两条来源路径共有边,7,1.0,0.0,0.0,0.0,0.0
不使用 GP 产生的状态,500,历史全局最优路径,GP 源内重加权,蒸发和下界保护后,仅历史来源路径包含的边,0,1.0,0.0,0.0,0.0,0.0
不使用 GP 产生的状态,500,历史全局最优路径,GP 源内重加权,蒸发和下界保护后,仅历史来源路径包含的边,1,1.0,0.0,0.0,0.0,0.0
不使用 GP 产生的状态,500,历史全局最优路径,GP 源内重加权,蒸发和下界保护后,仅历史来源路径包含的边,2,1.0,0.0,0.0,0.0,0.0
不使用 GP 产生的状态,500,历史全局最优路径,GP 源内重加权,蒸发和下界保护后,仅历史来源路径包含的边,3,1.0,0.0,0.0,0.0,0.0
不使用 GP 产生的状态,500,历史全局最优路径,GP 源内重加权,蒸发和下界保护后,仅历史来源路径包含的边,4,1.0,0.0,0.0,0.0,0.0
不使用 GP 产生的状态,500,历史全局最优路径,GP 源内重加权,蒸发和下界保护后,仅历史来源路径包含的边,5,1.0,0.0,0.0,0.0,0.0
不使用 GP 产生的状态,500,历史全局最优路径,GP 源内重加权,蒸发和下界保护后,仅历史来源路径包含的边,6,1.0,0.0,0.0,0.0,0.0
不使用 GP 产生的状态,500,历史全局最优路径,GP 源内重加权,蒸发和下界保护后,仅历史来源路径包含的边,7,1.0,0.0,0.0,0.0,0.0
不使用 GP 产生的状态,500,历史全局最优路径,GP 源内重加权,蒸发和下界保护后,仅本轮最优路径包含的边,0,1.0,0.0,0.0,0.0,0.0
不使用 GP 产生的状态,500,历史全局最优路径,GP 源内重加权,蒸发和下界保护后,仅本轮最优路径包含的边,1,1.0,0.0,0.0,0.0,0.0
不使用 GP 产生的状态,500,历史全局最优路径,GP 源内重加权,蒸发和下界保护后,仅本轮最优路径包含的边,2,1.0,0.0,0.0,0.0,0.0
不使用 GP 产生的状态,500,历史全局最优路径,GP 源内重加权,蒸发和下界保护后,仅本轮最优路径包含的边,3,1.0,0.0,0.0,0.0,0.0
不使用 GP 产生的状态,500,历史全局最优路径,GP 源内重加权,蒸发和下界保护后,仅本轮最优路径包含的边,4,1.0,0.0,0.0,0.0,0.0
不使用 GP 产生的状态,500,历史全局最优路径,GP 源内重加权,蒸发和下界保护后,仅本轮最优路径包含的边,5,1.0,0.0,0.0,0.0,0.0
不使用 GP 产生的状态,500,历史全局最优路径,GP 源内重加权,蒸发和下界保护后,仅本轮最优路径包含的边,6,1.0,0.0,0.0,0.0,0.0
不使用 GP 产生的状态,500,历史全局最优路径,GP 源内重加权,蒸发和下界保护后,仅本轮最优路径包含的边,7,1.0,0.0,0.0,0.0,0.0
不使用 GP 产生的状态,500,历史全局最优路径,GP 源内重加权,蒸发和下界保护后,其他候选弧,0,1.0,0.0,0.0,0.0,0.0
不使用 GP 产生的状态,500,历史全局最优路径,GP 源内重加权,蒸发和下界保护后,其他候选弧,1,1.0,0.0,0.0,0.0,0.0
不使用 GP 产生的状态,500,历史全局最优路径,GP 源内重加权,蒸发和下界保护后,其他候选弧,2,1.0,0.0,0.0,0.0,0.0
不使用 GP 产生的状态,500,历史全局最优路径,GP 源内重加权,蒸发和下界保护后,其他候选弧,3,1.0,0.0,0.0,0.0,0.0
不使用 GP 产生的状态,500,历史全局最优路径,GP 源内重加权,蒸发和下界保护后,其他候选弧,4,1.0,0.0,0.0,0.0,0.0
不使用 GP 产生的状态,500,历史全局最优路径,GP 源内重加权,蒸发和下界保护后,其他候选弧,5,1.0,0.0,0.0,0.0,0.0
不使用 GP 产生的状态,500,历史全局最优路径,GP 源内重加权,蒸发和下界保护后,其他候选弧,6,1.0,0.0,0.0,0.0,0.0
不使用 GP 产生的状态,500,历史全局最优路径,GP 源内重加权,蒸发和下界保护后,其他候选弧,7,1.0,0.0,0.0,0.0,0.0
不使用 GP 产生的状态,500,历史全局最优路径,GP 源内重加权,重启和可选上界处理后,两条来源路径共有边,0,1.0,3.0259110123218156e-07,1.7538571118073387e-05,1.8166171179877383e-08,1.0594460699293348e-06
不使用 GP 产生的状态,500,历史全局最优路径,GP 源内重加权,重启和可选上界处理后,两条来源路径共有边,1,1.0,-9.620803160969975e-08,2.0243965903208466e-05,-5.70217768351237e-09,1.2002189954121905e-06
不使用 GP 产生的状态,500,历史全局最优路径,GP 源内重加权,重启和可选上界处理后,两条来源路径共有边,2,1.0,-1.062867031970306e-07,1.4702230498978002e-05,-6.483660803900824e-09,8.970697720845541e-07
不使用 GP 产生的状态,500,历史全局最优路径,GP 源内重加权,重启和可选上界处理后,两条来源路径共有边,3,1.0,2.915528941890867e-07,7.302610065962035e-06,1.7470783657497833e-08,4.3763054741753473e-07
不使用 GP 产生的状态,500,历史全局最优路径,GP 源内重加权,重启和可选上界处理后,两条来源路径共有边,4,1.0,-2.373205651277416e-08,5.007250121884422e-06,-1.4702479044596352e-09,3.102090623643663e-07
不使用 GP 产生的状态,500,历史全局最优路径,GP 源内重加权,重启和可选上界处理后,两条来源路径共有边,5,1.0,3.108771156602228e-07,1.035683463800751e-05,1.9126468234592014e-08,6.366305881076389e-07
不使用 GP 产生的状态,500,历史全局最优路径,GP 源内重加权,重启和可选上界处理后,两条来源路径共有边,6,1.0,-4.1871769918050923e-07,5.1682088242369863e-05,-2.579887708028158e-08,3.1839973396725125e-06
不使用 GP 产生的状态,500,历史全局最优路径,GP 源内重加权,重启和可选上界处理后,两条来源路径共有边,7,1.0,-2.996119541561761e-08,4.852593996105308e-05,-1.8080075581868492e-09,2.936952643924289e-06
不使用 GP 产生的状态,500,历史全局最优路径,GP 源内重加权,重启和可选上界处理后,仅历史来源路径包含的边,0,1.0,0.0,0.0,0.0,0.0
不使用 GP 产生的状态,500,历史全局最优路径,GP 源内重加权,重启和可选上界处理后,仅历史来源路径包含的边,1,1.0,0.0,0.0,0.0,0.0
不使用 GP 产生的状态,500,历史全局最优路径,GP 源内重加权,重启和可选上界处理后,仅历史来源路径包含的边,2,1.0,0.0,0.0,0.0,0.0
不使用 GP 产生的状态,500,历史全局最优路径,GP 源内重加权,重启和可选上界处理后,仅历史来源路径包含的边,3,1.0,0.0,0.0,0.0,0.0
不使用 GP 产生的状态,500,历史全局最优路径,GP 源内重加权,重启和可选上界处理后,仅历史来源路径包含的边,4,1.0,0.0,0.0,0.0,0.0
不使用 GP 产生的状态,500,历史全局最优路径,GP 源内重加权,重启和可选上界处理后,仅历史来源路径包含的边,5,1.0,0.0,0.0,0.0,0.0
不使用 GP 产生的状态,500,历史全局最优路径,GP 源内重加权,重启和可选上界处理后,仅历史来源路径包含的边,6,1.0,0.0,0.0,0.0,0.0
不使用 GP 产生的状态,500,历史全局最优路径,GP 源内重加权,重启和可选上界处理后,仅历史来源路径包含的边,7,1.0,0.0,0.0,0.0,0.0
不使用 GP 产生的状态,500,历史全局最优路径,GP 源内重加权,重启和可选上界处理后,仅本轮最优路径包含的边,0,1.0,0.0,0.0,0.0,0.0
不使用 GP 产生的状态,500,历史全局最优路径,GP 源内重加权,重启和可选上界处理后,仅本轮最优路径包含的边,1,1.0,0.0,0.0,0.0,0.0
不使用 GP 产生的状态,500,历史全局最优路径,GP 源内重加权,重启和可选上界处理后,仅本轮最优路径包含的边,2,1.0,0.0,0.0,0.0,0.0
不使用 GP 产生的状态,500,历史全局最优路径,GP 源内重加权,重启和可选上界处理后,仅本轮最优路径包含的边,3,1.0,0.0,0.0,0.0,0.0
不使用 GP 产生的状态,500,历史全局最优路径,GP 源内重加权,重启和可选上界处理后,仅本轮最优路径包含的边,4,1.0,0.0,0.0,0.0,0.0
不使用 GP 产生的状态,500,历史全局最优路径,GP 源内重加权,重启和可选上界处理后,仅本轮最优路径包含的边,5,1.0,0.0,0.0,0.0,0.0
不使用 GP 产生的状态,500,历史全局最优路径,GP 源内重加权,重启和可选上界处理后,仅本轮最优路径包含的边,6,1.0,0.0,0.0,0.0,0.0
不使用 GP 产生的状态,500,历史全局最优路径,GP 源内重加权,重启和可选上界处理后,仅本轮最优路径包含的边,7,1.0,0.0,0.0,0.0,0.0
不使用 GP 产生的状态,500,历史全局最优路径,GP 源内重加权,重启和可选上界处理后,其他候选弧,0,1.0,0.0,0.0,0.0,0.0
不使用 GP 产生的状态,500,历史全局最优路径,GP 源内重加权,重启和可选上界处理后,其他候选弧,1,1.0,0.0,0.0,0.0,0.0
不使用 GP 产生的状态,500,历史全局最优路径,GP 源内重加权,重启和可选上界处理后,其他候选弧,2,1.0,0.0,0.0,0.0,0.0
不使用 GP 产生的状态,500,历史全局最优路径,GP 源内重加权,重启和可选上界处理后,其他候选弧,3,1.0,0.0,0.0,0.0,0.0
不使用 GP 产生的状态,500,历史全局最优路径,GP 源内重加权,重启和可选上界处理后,其他候选弧,4,1.0,0.0,0.0,0.0,0.0
不使用 GP 产生的状态,500,历史全局最优路径,GP 源内重加权,重启和可选上界处理后,其他候选弧,5,1.0,0.0,0.0,0.0,0.0
不使用 GP 产生的状态,500,历史全局最优路径,GP 源内重加权,重启和可选上界处理后,其他候选弧,6,1.0,0.0,0.0,0.0,0.0
不使用 GP 产生的状态,500,历史全局最优路径,GP 源内重加权,重启和可选上界处理后,其他候选弧,7,1.0,0.0,0.0,0.0,0.0
不使用 GP 产生的状态,500,历史全局最优路径,来源内均匀沉积,更新前,两条来源路径共有边,0,1.0,0.0,0.0,0.0,0.0
不使用 GP 产生的状态,500,历史全局最优路径,来源内均匀沉积,更新前,两条来源路径共有边,1,1.0,0.0,0.0,0.0,0.0
不使用 GP 产生的状态,500,历史全局最优路径,来源内均匀沉积,更新前,两条来源路径共有边,2,1.0,0.0,0.0,0.0,0.0
不使用 GP 产生的状态,500,历史全局最优路径,来源内均匀沉积,更新前,两条来源路径共有边,3,1.0,0.0,0.0,0.0,0.0
不使用 GP 产生的状态,500,历史全局最优路径,来源内均匀沉积,更新前,两条来源路径共有边,4,1.0,0.0,0.0,0.0,0.0
不使用 GP 产生的状态,500,历史全局最优路径,来源内均匀沉积,更新前,两条来源路径共有边,5,1.0,0.0,0.0,0.0,0.0
不使用 GP 产生的状态,500,历史全局最优路径,来源内均匀沉积,更新前,两条来源路径共有边,6,1.0,0.0,0.0,0.0,0.0
不使用 GP 产生的状态,500,历史全局最优路径,来源内均匀沉积,更新前,两条来源路径共有边,7,1.0,0.0,0.0,0.0,0.0
不使用 GP 产生的状态,500,历史全局最优路径,来源内均匀沉积,更新前,仅历史来源路径包含的边,0,1.0,0.0,0.0,0.0,0.0
不使用 GP 产生的状态,500,历史全局最优路径,来源内均匀沉积,更新前,仅历史来源路径包含的边,1,1.0,0.0,0.0,0.0,0.0
不使用 GP 产生的状态,500,历史全局最优路径,来源内均匀沉积,更新前,仅历史来源路径包含的边,2,1.0,0.0,0.0,0.0,0.0
不使用 GP 产生的状态,500,历史全局最优路径,来源内均匀沉积,更新前,仅历史来源路径包含的边,3,1.0,0.0,0.0,0.0,0.0
不使用 GP 产生的状态,500,历史全局最优路径,来源内均匀沉积,更新前,仅历史来源路径包含的边,4,1.0,0.0,0.0,0.0,0.0
不使用 GP 产生的状态,500,历史全局最优路径,来源内均匀沉积,更新前,仅历史来源路径包含的边,5,1.0,0.0,0.0,0.0,0.0
不使用 GP 产生的状态,500,历史全局最优路径,来源内均匀沉积,更新前,仅历史来源路径包含的边,6,1.0,0.0,0.0,0.0,0.0
不使用 GP 产生的状态,500,历史全局最优路径,来源内均匀沉积,更新前,仅历史来源路径包含的边,7,1.0,0.0,0.0,0.0,0.0
不使用 GP 产生的状态,500,历史全局最优路径,来源内均匀沉积,更新前,仅本轮最优路径包含的边,0,1.0,0.0,0.0,0.0,0.0
不使用 GP 产生的状态,500,历史全局最优路径,来源内均匀沉积,更新前,仅本轮最优路径包含的边,1,1.0,0.0,0.0,0.0,0.0
不使用 GP 产生的状态,500,历史全局最优路径,来源内均匀沉积,更新前,仅本轮最优路径包含的边,2,1.0,0.0,0.0,0.0,0.0
不使用 GP 产生的状态,500,历史全局最优路径,来源内均匀沉积,更新前,仅本轮最优路径包含的边,3,1.0,0.0,0.0,0.0,0.0
不使用 GP 产生的状态,500,历史全局最优路径,来源内均匀沉积,更新前,仅本轮最优路径包含的边,4,1.0,0.0,0.0,0.0,0.0
不使用 GP 产生的状态,500,历史全局最优路径,来源内均匀沉积,更新前,仅本轮最优路径包含的边,5,1.0,0.0,0.0,0.0,0.0
不使用 GP 产生的状态,500,历史全局最优路径,来源内均匀沉积,更新前,仅本轮最优路径包含的边,6,1.0,0.0,0.0,0.0,0.0
不使用 GP 产生的状态,500,历史全局最优路径,来源内均匀沉积,更新前,仅本轮最优路径包含的边,7,1.0,0.0,0.0,0.0,0.0
不使用 GP 产生的状态,500,历史全局最优路径,来源内均匀沉积,更新前,其他候选弧,0,1.0,0.0,0.0,0.0,0.0
不使用 GP 产生的状态,500,历史全局最优路径,来源内均匀沉积,更新前,其他候选弧,1,1.0,0.0,0.0,0.0,0.0
不使用 GP 产生的状态,500,历史全局最优路径,来源内均匀沉积,更新前,其他候选弧,2,1.0,0.0,0.0,0.0,0.0
不使用 GP 产生的状态,500,历史全局最优路径,来源内均匀沉积,更新前,其他候选弧,3,1.0,0.0,0.0,0.0,0.0
不使用 GP 产生的状态,500,历史全局最优路径,来源内均匀沉积,更新前,其他候选弧,4,1.0,0.0,0.0,0.0,0.0
不使用 GP 产生的状态,500,历史全局最优路径,来源内均匀沉积,更新前,其他候选弧,5,1.0,0.0,0.0,0.0,0.0
不使用 GP 产生的状态,500,历史全局最优路径,来源内均匀沉积,更新前,其他候选弧,6,1.0,0.0,0.0,0.0,0.0
不使用 GP 产生的状态,500,历史全局最优路径,来源内均匀沉积,更新前,其他候选弧,7,1.0,0.0,0.0,0.0,0.0
不使用 GP 产生的状态,500,历史全局最优路径,来源内均匀沉积,沉积后,两条来源路径共有边,0,1.0,0.0,0.0,0.0,0.0
不使用 GP 产生的状态,500,历史全局最优路径,来源内均匀沉积,沉积后,两条来源路径共有边,1,1.0,0.0,0.0,0.0,0.0
不使用 GP 产生的状态,500,历史全局最优路径,来源内均匀沉积,沉积后,两条来源路径共有边,2,1.0,0.0,0.0,0.0,0.0
不使用 GP 产生的状态,500,历史全局最优路径,来源内均匀沉积,沉积后,两条来源路径共有边,3,1.0,0.0,0.0,0.0,0.0
不使用 GP 产生的状态,500,历史全局最优路径,来源内均匀沉积,沉积后,两条来源路径共有边,4,1.0,0.0,0.0,0.0,0.0
不使用 GP 产生的状态,500,历史全局最优路径,来源内均匀沉积,沉积后,两条来源路径共有边,5,1.0,0.0,0.0,0.0,0.0
不使用 GP 产生的状态,500,历史全局最优路径,来源内均匀沉积,沉积后,两条来源路径共有边,6,1.0,0.0,0.0,0.0,0.0
不使用 GP 产生的状态,500,历史全局最优路径,来源内均匀沉积,沉积后,两条来源路径共有边,7,1.0,0.0,0.0,0.0,0.0
不使用 GP 产生的状态,500,历史全局最优路径,来源内均匀沉积,沉积后,仅历史来源路径包含的边,0,1.0,0.0,0.0,0.0,0.0
不使用 GP 产生的状态,500,历史全局最优路径,来源内均匀沉积,沉积后,仅历史来源路径包含的边,1,1.0,0.0,0.0,0.0,0.0
不使用 GP 产生的状态,500,历史全局最优路径,来源内均匀沉积,沉积后,仅历史来源路径包含的边,2,1.0,0.0,0.0,0.0,0.0
不使用 GP 产生的状态,500,历史全局最优路径,来源内均匀沉积,沉积后,仅历史来源路径包含的边,3,1.0,0.0,0.0,0.0,0.0
不使用 GP 产生的状态,500,历史全局最优路径,来源内均匀沉积,沉积后,仅历史来源路径包含的边,4,1.0,0.0,0.0,0.0,0.0
不使用 GP 产生的状态,500,历史全局最优路径,来源内均匀沉积,沉积后,仅历史来源路径包含的边,5,1.0,0.0,0.0,0.0,0.0
不使用 GP 产生的状态,500,历史全局最优路径,来源内均匀沉积,沉积后,仅历史来源路径包含的边,6,1.0,0.0,0.0,0.0,0.0
不使用 GP 产生的状态,500,历史全局最优路径,来源内均匀沉积,沉积后,仅历史来源路径包含的边,7,1.0,0.0,0.0,0.0,0.0
不使用 GP 产生的状态,500,历史全局最优路径,来源内均匀沉积,沉积后,仅本轮最优路径包含的边,0,1.0,0.0,0.0,0.0,0.0
不使用 GP 产生的状态,500,历史全局最优路径,来源内均匀沉积,沉积后,仅本轮最优路径包含的边,1,1.0,0.0,0.0,0.0,0.0
不使用 GP 产生的状态,500,历史全局最优路径,来源内均匀沉积,沉积后,仅本轮最优路径包含的边,2,1.0,0.0,0.0,0.0,0.0
不使用 GP 产生的状态,500,历史全局最优路径,来源内均匀沉积,沉积后,仅本轮最优路径包含的边,3,1.0,0.0,0.0,0.0,0.0
不使用 GP 产生的状态,500,历史全局最优路径,来源内均匀沉积,沉积后,仅本轮最优路径包含的边,4,1.0,0.0,0.0,0.0,0.0
不使用 GP 产生的状态,500,历史全局最优路径,来源内均匀沉积,沉积后,仅本轮最优路径包含的边,5,1.0,0.0,0.0,0.0,0.0
不使用 GP 产生的状态,500,历史全局最优路径,来源内均匀沉积,沉积后,仅本轮最优路径包含的边,6,1.0,0.0,0.0,0.0,0.0
不使用 GP 产生的状态,500,历史全局最优路径,来源内均匀沉积,沉积后,仅本轮最优路径包含的边,7,1.0,0.0,0.0,0.0,0.0
不使用 GP 产生的状态,500,历史全局最优路径,来源内均匀沉积,沉积后,其他候选弧,0,1.0,0.0,0.0,0.0,0.0
不使用 GP 产生的状态,500,历史全局最优路径,来源内均匀沉积,沉积后,其他候选弧,1,1.0,0.0,0.0,0.0,0.0
不使用 GP 产生的状态,500,历史全局最优路径,来源内均匀沉积,沉积后,其他候选弧,2,1.0,0.0,0.0,0.0,0.0
不使用 GP 产生的状态,500,历史全局最优路径,来源内均匀沉积,沉积后,其他候选弧,3,1.0,0.0,0.0,0.0,0.0
不使用 GP 产生的状态,500,历史全局最优路径,来源内均匀沉积,沉积后,其他候选弧,4,1.0,0.0,0.0,0.0,0.0
不使用 GP 产生的状态,500,历史全局最优路径,来源内均匀沉积,沉积后,其他候选弧,5,1.0,0.0,0.0,0.0,0.0
不使用 GP 产生的状态,500,历史全局最优路径,来源内均匀沉积,沉积后,其他候选弧,6,1.0,0.0,0.0,0.0,0.0
不使用 GP 产生的状态,500,历史全局最优路径,来源内均匀沉积,沉积后,其他候选弧,7,1.0,0.0,0.0,0.0,0.0
不使用 GP 产生的状态,500,历史全局最优路径,来源内均匀沉积,蒸发和下界保护后,两条来源路径共有边,0,1.0,0.0,0.0,0.0,0.0
不使用 GP 产生的状态,500,历史全局最优路径,来源内均匀沉积,蒸发和下界保护后,两条来源路径共有边,1,1.0,0.0,0.0,0.0,0.0
不使用 GP 产生的状态,500,历史全局最优路径,来源内均匀沉积,蒸发和下界保护后,两条来源路径共有边,2,1.0,0.0,0.0,0.0,0.0
不使用 GP 产生的状态,500,历史全局最优路径,来源内均匀沉积,蒸发和下界保护后,两条来源路径共有边,3,1.0,0.0,0.0,0.0,0.0
不使用 GP 产生的状态,500,历史全局最优路径,来源内均匀沉积,蒸发和下界保护后,两条来源路径共有边,4,1.0,0.0,0.0,0.0,0.0
不使用 GP 产生的状态,500,历史全局最优路径,来源内均匀沉积,蒸发和下界保护后,两条来源路径共有边,5,1.0,0.0,0.0,0.0,0.0
不使用 GP 产生的状态,500,历史全局最优路径,来源内均匀沉积,蒸发和下界保护后,两条来源路径共有边,6,1.0,0.0,0.0,0.0,0.0
不使用 GP 产生的状态,500,历史全局最优路径,来源内均匀沉积,蒸发和下界保护后,两条来源路径共有边,7,1.0,0.0,0.0,0.0,0.0
不使用 GP 产生的状态,500,历史全局最优路径,来源内均匀沉积,蒸发和下界保护后,仅历史来源路径包含的边,0,1.0,0.0,0.0,0.0,0.0
不使用 GP 产生的状态,500,历史全局最优路径,来源内均匀沉积,蒸发和下界保护后,仅历史来源路径包含的边,1,1.0,0.0,0.0,0.0,0.0
不使用 GP 产生的状态,500,历史全局最优路径,来源内均匀沉积,蒸发和下界保护后,仅历史来源路径包含的边,2,1.0,0.0,0.0,0.0,0.0
不使用 GP 产生的状态,500,历史全局最优路径,来源内均匀沉积,蒸发和下界保护后,仅历史来源路径包含的边,3,1.0,0.0,0.0,0.0,0.0
不使用 GP 产生的状态,500,历史全局最优路径,来源内均匀沉积,蒸发和下界保护后,仅历史来源路径包含的边,4,1.0,0.0,0.0,0.0,0.0
不使用 GP 产生的状态,500,历史全局最优路径,来源内均匀沉积,蒸发和下界保护后,仅历史来源路径包含的边,5,1.0,0.0,0.0,0.0,0.0
不使用 GP 产生的状态,500,历史全局最优路径,来源内均匀沉积,蒸发和下界保护后,仅历史来源路径包含的边,6,1.0,0.0,0.0,0.0,0.0
不使用 GP 产生的状态,500,历史全局最优路径,来源内均匀沉积,蒸发和下界保护后,仅历史来源路径包含的边,7,1.0,0.0,0.0,0.0,0.0
不使用 GP 产生的状态,500,历史全局最优路径,来源内均匀沉积,蒸发和下界保护后,仅本轮最优路径包含的边,0,1.0,0.0,0.0,0.0,0.0
不使用 GP 产生的状态,500,历史全局最优路径,来源内均匀沉积,蒸发和下界保护后,仅本轮最优路径包含的边,1,1.0,0.0,0.0,0.0,0.0
不使用 GP 产生的状态,500,历史全局最优路径,来源内均匀沉积,蒸发和下界保护后,仅本轮最优路径包含的边,2,1.0,0.0,0.0,0.0,0.0
不使用 GP 产生的状态,500,历史全局最优路径,来源内均匀沉积,蒸发和下界保护后,仅本轮最优路径包含的边,3,1.0,0.0,0.0,0.0,0.0
不使用 GP 产生的状态,500,历史全局最优路径,来源内均匀沉积,蒸发和下界保护后,仅本轮最优路径包含的边,4,1.0,0.0,0.0,0.0,0.0
不使用 GP 产生的状态,500,历史全局最优路径,来源内均匀沉积,蒸发和下界保护后,仅本轮最优路径包含的边,5,1.0,0.0,0.0,0.0,0.0
不使用 GP 产生的状态,500,历史全局最优路径,来源内均匀沉积,蒸发和下界保护后,仅本轮最优路径包含的边,6,1.0,0.0,0.0,0.0,0.0
不使用 GP 产生的状态,500,历史全局最优路径,来源内均匀沉积,蒸发和下界保护后,仅本轮最优路径包含的边,7,1.0,0.0,0.0,0.0,0.0
不使用 GP 产生的状态,500,历史全局最优路径,来源内均匀沉积,蒸发和下界保护后,其他候选弧,0,1.0,0.0,0.0,0.0,0.0
不使用 GP 产生的状态,500,历史全局最优路径,来源内均匀沉积,蒸发和下界保护后,其他候选弧,1,1.0,0.0,0.0,0.0,0.0
不使用 GP 产生的状态,500,历史全局最优路径,来源内均匀沉积,蒸发和下界保护后,其他候选弧,2,1.0,0.0,0.0,0.0,0.0
不使用 GP 产生的状态,500,历史全局最优路径,来源内均匀沉积,蒸发和下界保护后,其他候选弧,3,1.0,0.0,0.0,0.0,0.0
不使用 GP 产生的状态,500,历史全局最优路径,来源内均匀沉积,蒸发和下界保护后,其他候选弧,4,1.0,0.0,0.0,0.0,0.0
不使用 GP 产生的状态,500,历史全局最优路径,来源内均匀沉积,蒸发和下界保护后,其他候选弧,5,1.0,0.0,0.0,0.0,0.0
不使用 GP 产生的状态,500,历史全局最优路径,来源内均匀沉积,蒸发和下界保护后,其他候选弧,6,1.0,0.0,0.0,0.0,0.0
不使用 GP 产生的状态,500,历史全局最优路径,来源内均匀沉积,蒸发和下界保护后,其他候选弧,7,1.0,0.0,0.0,0.0,0.0
不使用 GP 产生的状态,500,历史全局最优路径,来源内均匀沉积,重启和可选上界处理后,两条来源路径共有边,0,1.0,0.0,0.0,0.0,0.0
不使用 GP 产生的状态,500,历史全局最优路径,来源内均匀沉积,重启和可选上界处理后,两条来源路径共有边,1,1.0,0.0,0.0,0.0,0.0
不使用 GP 产生的状态,500,历史全局最优路径,来源内均匀沉积,重启和可选上界处理后,两条来源路径共有边,2,1.0,0.0,0.0,0.0,0.0
不使用 GP 产生的状态,500,历史全局最优路径,来源内均匀沉积,重启和可选上界处理后,两条来源路径共有边,3,1.0,0.0,0.0,0.0,0.0
不使用 GP 产生的状态,500,历史全局最优路径,来源内均匀沉积,重启和可选上界处理后,两条来源路径共有边,4,1.0,0.0,0.0,0.0,0.0
不使用 GP 产生的状态,500,历史全局最优路径,来源内均匀沉积,重启和可选上界处理后,两条来源路径共有边,5,1.0,0.0,0.0,0.0,0.0
不使用 GP 产生的状态,500,历史全局最优路径,来源内均匀沉积,重启和可选上界处理后,两条来源路径共有边,6,1.0,0.0,0.0,0.0,0.0
不使用 GP 产生的状态,500,历史全局最优路径,来源内均匀沉积,重启和可选上界处理后,两条来源路径共有边,7,1.0,0.0,0.0,0.0,0.0
不使用 GP 产生的状态,500,历史全局最优路径,来源内均匀沉积,重启和可选上界处理后,仅历史来源路径包含的边,0,1.0,0.0,0.0,0.0,0.0
不使用 GP 产生的状态,500,历史全局最优路径,来源内均匀沉积,重启和可选上界处理后,仅历史来源路径包含的边,1,1.0,0.0,0.0,0.0,0.0
不使用 GP 产生的状态,500,历史全局最优路径,来源内均匀沉积,重启和可选上界处理后,仅历史来源路径包含的边,2,1.0,0.0,0.0,0.0,0.0
不使用 GP 产生的状态,500,历史全局最优路径,来源内均匀沉积,重启和可选上界处理后,仅历史来源路径包含的边,3,1.0,0.0,0.0,0.0,0.0
不使用 GP 产生的状态,500,历史全局最优路径,来源内均匀沉积,重启和可选上界处理后,仅历史来源路径包含的边,4,1.0,0.0,0.0,0.0,0.0
不使用 GP 产生的状态,500,历史全局最优路径,来源内均匀沉积,重启和可选上界处理后,仅历史来源路径包含的边,5,1.0,0.0,0.0,0.0,0.0
不使用 GP 产生的状态,500,历史全局最优路径,来源内均匀沉积,重启和可选上界处理后,仅历史来源路径包含的边,6,1.0,0.0,0.0,0.0,0.0
不使用 GP 产生的状态,500,历史全局最优路径,来源内均匀沉积,重启和可选上界处理后,仅历史来源路径包含的边,7,1.0,0.0,0.0,0.0,0.0
不使用 GP 产生的状态,500,历史全局最优路径,来源内均匀沉积,重启和可选上界处理后,仅本轮最优路径包含的边,0,1.0,0.0,0.0,0.0,0.0
不使用 GP 产生的状态,500,历史全局最优路径,来源内均匀沉积,重启和可选上界处理后,仅本轮最优路径包含的边,1,1.0,0.0,0.0,0.0,0.0
不使用 GP 产生的状态,500,历史全局最优路径,来源内均匀沉积,重启和可选上界处理后,仅本轮最优路径包含的边,2,1.0,0.0,0.0,0.0,0.0
不使用 GP 产生的状态,500,历史全局最优路径,来源内均匀沉积,重启和可选上界处理后,仅本轮最优路径包含的边,3,1.0,0.0,0.0,0.0,0.0
不使用 GP 产生的状态,500,历史全局最优路径,来源内均匀沉积,重启和可选上界处理后,仅本轮最优路径包含的边,4,1.0,0.0,0.0,0.0,0.0
不使用 GP 产生的状态,500,历史全局最优路径,来源内均匀沉积,重启和可选上界处理后,仅本轮最优路径包含的边,5,1.0,0.0,0.0,0.0,0.0
不使用 GP 产生的状态,500,历史全局最优路径,来源内均匀沉积,重启和可选上界处理后,仅本轮最优路径包含的边,6,1.0,0.0,0.0,0.0,0.0
不使用 GP 产生的状态,500,历史全局最优路径,来源内均匀沉积,重启和可选上界处理后,仅本轮最优路径包含的边,7,1.0,0.0,0.0,0.0,0.0
不使用 GP 产生的状态,500,历史全局最优路径,来源内均匀沉积,重启和可选上界处理后,其他候选弧,0,1.0,0.0,0.0,0.0,0.0
不使用 GP 产生的状态,500,历史全局最优路径,来源内均匀沉积,重启和可选上界处理后,其他候选弧,1,1.0,0.0,0.0,0.0,0.0
不使用 GP 产生的状态,500,历史全局最优路径,来源内均匀沉积,重启和可选上界处理后,其他候选弧,2,1.0,0.0,0.0,0.0,0.0
不使用 GP 产生的状态,500,历史全局最优路径,来源内均匀沉积,重启和可选上界处理后,其他候选弧,3,1.0,0.0,0.0,0.0,0.0
不使用 GP 产生的状态,500,历史全局最优路径,来源内均匀沉积,重启和可选上界处理后,其他候选弧,4,1.0,0.0,0.0,0.0,0.0
不使用 GP 产生的状态,500,历史全局最优路径,来源内均匀沉积,重启和可选上界处理后,其他候选弧,5,1.0,0.0,0.0,0.0,0.0
不使用 GP 产生的状态,500,历史全局最优路径,来源内均匀沉积,重启和可选上界处理后,其他候选弧,6,1.0,0.0,0.0,0.0,0.0
不使用 GP 产生的状态,500,历史全局最优路径,来源内均匀沉积,重启和可选上界处理后,其他候选弧,7,1.0,0.0,0.0,0.0,0.0
不使用 GP 产生的状态,500,历史重启阶段最优路径,GP 源内重加权,更新前,两条来源路径共有边,0,1.0,0.0,0.0,0.0,0.0
不使用 GP 产生的状态,500,历史重启阶段最优路径,GP 源内重加权,更新前,两条来源路径共有边,1,1.0,0.0,0.0,0.0,0.0
不使用 GP 产生的状态,500,历史重启阶段最优路径,GP 源内重加权,更新前,两条来源路径共有边,2,1.0,0.0,0.0,0.0,0.0
不使用 GP 产生的状态,500,历史重启阶段最优路径,GP 源内重加权,更新前,两条来源路径共有边,3,1.0,0.0,0.0,0.0,0.0
不使用 GP 产生的状态,500,历史重启阶段最优路径,GP 源内重加权,更新前,两条来源路径共有边,4,1.0,0.0,0.0,0.0,0.0
不使用 GP 产生的状态,500,历史重启阶段最优路径,GP 源内重加权,更新前,两条来源路径共有边,5,1.0,0.0,0.0,0.0,0.0
不使用 GP 产生的状态,500,历史重启阶段最优路径,GP 源内重加权,更新前,两条来源路径共有边,6,1.0,0.0,0.0,0.0,0.0
不使用 GP 产生的状态,500,历史重启阶段最优路径,GP 源内重加权,更新前,两条来源路径共有边,7,1.0,0.0,0.0,0.0,0.0
不使用 GP 产生的状态,500,历史重启阶段最优路径,GP 源内重加权,更新前,仅历史来源路径包含的边,0,1.0,0.0,0.0,0.0,0.0
不使用 GP 产生的状态,500,历史重启阶段最优路径,GP 源内重加权,更新前,仅历史来源路径包含的边,1,1.0,0.0,0.0,0.0,0.0
不使用 GP 产生的状态,500,历史重启阶段最优路径,GP 源内重加权,更新前,仅历史来源路径包含的边,2,1.0,0.0,0.0,0.0,0.0
不使用 GP 产生的状态,500,历史重启阶段最优路径,GP 源内重加权,更新前,仅历史来源路径包含的边,3,1.0,0.0,0.0,0.0,0.0
不使用 GP 产生的状态,500,历史重启阶段最优路径,GP 源内重加权,更新前,仅历史来源路径包含的边,4,1.0,0.0,0.0,0.0,0.0
不使用 GP 产生的状态,500,历史重启阶段最优路径,GP 源内重加权,更新前,仅历史来源路径包含的边,5,1.0,0.0,0.0,0.0,0.0
不使用 GP 产生的状态,500,历史重启阶段最优路径,GP 源内重加权,更新前,仅历史来源路径包含的边,6,1.0,0.0,0.0,0.0,0.0
不使用 GP 产生的状态,500,历史重启阶段最优路径,GP 源内重加权,更新前,仅历史来源路径包含的边,7,1.0,0.0,0.0,0.0,0.0
不使用 GP 产生的状态,500,历史重启阶段最优路径,GP 源内重加权,更新前,仅本轮最优路径包含的边,0,1.0,0.0,0.0,0.0,0.0
不使用 GP 产生的状态,500,历史重启阶段最优路径,GP 源内重加权,更新前,仅本轮最优路径包含的边,1,1.0,0.0,0.0,0.0,0.0
不使用 GP 产生的状态,500,历史重启阶段最优路径,GP 源内重加权,更新前,仅本轮最优路径包含的边,2,1.0,0.0,0.0,0.0,0.0
不使用 GP 产生的状态,500,历史重启阶段最优路径,GP 源内重加权,更新前,仅本轮最优路径包含的边,3,1.0,0.0,0.0,0.0,0.0
不使用 GP 产生的状态,500,历史重启阶段最优路径,GP 源内重加权,更新前,仅本轮最优路径包含的边,4,1.0,0.0,0.0,0.0,0.0
不使用 GP 产生的状态,500,历史重启阶段最优路径,GP 源内重加权,更新前,仅本轮最优路径包含的边,5,1.0,0.0,0.0,0.0,0.0
不使用 GP 产生的状态,500,历史重启阶段最优路径,GP 源内重加权,更新前,仅本轮最优路径包含的边,6,1.0,0.0,0.0,0.0,0.0
不使用 GP 产生的状态,500,历史重启阶段最优路径,GP 源内重加权,更新前,仅本轮最优路径包含的边,7,1.0,0.0,0.0,0.0,0.0
不使用 GP 产生的状态,500,历史重启阶段最优路径,GP 源内重加权,更新前,其他候选弧,0,1.0,0.0,0.0,0.0,0.0
不使用 GP 产生的状态,500,历史重启阶段最优路径,GP 源内重加权,更新前,其他候选弧,1,1.0,0.0,0.0,0.0,0.0
不使用 GP 产生的状态,500,历史重启阶段最优路径,GP 源内重加权,更新前,其他候选弧,2,1.0,0.0,0.0,0.0,0.0
不使用 GP 产生的状态,500,历史重启阶段最优路径,GP 源内重加权,更新前,其他候选弧,3,1.0,0.0,0.0,0.0,0.0
不使用 GP 产生的状态,500,历史重启阶段最优路径,GP 源内重加权,更新前,其他候选弧,4,1.0,0.0,0.0,0.0,0.0
不使用 GP 产生的状态,500,历史重启阶段最优路径,GP 源内重加权,更新前,其他候选弧,5,1.0,0.0,0.0,0.0,0.0
不使用 GP 产生的状态,500,历史重启阶段最优路径,GP 源内重加权,更新前,其他候选弧,6,1.0,0.0,0.0,0.0,0.0
不使用 GP 产生的状态,500,历史重启阶段最优路径,GP 源内重加权,更新前,其他候选弧,7,1.0,0.0,0.0,0.0,0.0
不使用 GP 产生的状态,500,历史重启阶段最优路径,GP 源内重加权,沉积后,两条来源路径共有边,0,1.0,3.0259110123218156e-07,1.7538571118073387e-05,1.8166171179877383e-08,1.0594460699293348e-06
不使用 GP 产生的状态,500,历史重启阶段最优路径,GP 源内重加权,沉积后,两条来源路径共有边,1,1.0,-9.620803160969975e-08,2.0243965903208466e-05,-5.70217768351237e-09,1.2002189954121905e-06
不使用 GP 产生的状态,500,历史重启阶段最优路径,GP 源内重加权,沉积后,两条来源路径共有边,2,1.0,-1.062867031970306e-07,1.4702230498978002e-05,-6.483660803900824e-09,8.970697720845541e-07
不使用 GP 产生的状态,500,历史重启阶段最优路径,GP 源内重加权,沉积后,两条来源路径共有边,3,1.0,2.915528941890867e-07,7.302610065962035e-06,1.7470783657497833e-08,4.3763054741753473e-07
不使用 GP 产生的状态,500,历史重启阶段最优路径,GP 源内重加权,沉积后,两条来源路径共有边,4,1.0,4.8204007495638634e-08,8.555676525572605e-06,2.980232238769531e-09,5.297528372870551e-07
不使用 GP 产生的状态,500,历史重启阶段最优路径,GP 源内重加权,沉积后,两条来源路径共有边,5,1.0,3.108771156602228e-07,1.035683463800751e-05,1.9126468234592014e-08,6.366305881076389e-07
不使用 GP 产生的状态,500,历史重启阶段最优路径,GP 源内重加权,沉积后,两条来源路径共有边,6,1.0,-4.1871769918050923e-07,5.1682088242369863e-05,-2.579887708028158e-08,3.1839973396725125e-06
不使用 GP 产生的状态,500,历史重启阶段最优路径,GP 源内重加权,沉积后,两条来源路径共有边,7,1.0,-2.996119541561761e-08,4.852593996105308e-05,-1.8080075581868492e-09,2.936952643924289e-06
不使用 GP 产生的状态,500,历史重启阶段最优路径,GP 源内重加权,沉积后,仅历史来源路径包含的边,0,1.0,0.0,0.0,0.0,0.0
不使用 GP 产生的状态,500,历史重启阶段最优路径,GP 源内重加权,沉积后,仅历史来源路径包含的边,1,1.0,0.0,0.0,0.0,0.0
不使用 GP 产生的状态,500,历史重启阶段最优路径,GP 源内重加权,沉积后,仅历史来源路径包含的边,2,1.0,0.0,0.0,0.0,0.0
不使用 GP 产生的状态,500,历史重启阶段最优路径,GP 源内重加权,沉积后,仅历史来源路径包含的边,3,1.0,0.0,0.0,0.0,0.0
不使用 GP 产生的状态,500,历史重启阶段最优路径,GP 源内重加权,沉积后,仅历史来源路径包含的边,4,1.0,0.0,0.0,0.0,0.0
不使用 GP 产生的状态,500,历史重启阶段最优路径,GP 源内重加权,沉积后,仅历史来源路径包含的边,5,1.0,0.0,0.0,0.0,0.0
不使用 GP 产生的状态,500,历史重启阶段最优路径,GP 源内重加权,沉积后,仅历史来源路径包含的边,6,1.0,0.0,0.0,0.0,0.0
不使用 GP 产生的状态,500,历史重启阶段最优路径,GP 源内重加权,沉积后,仅历史来源路径包含的边,7,1.0,0.0,0.0,0.0,0.0
不使用 GP 产生的状态,500,历史重启阶段最优路径,GP 源内重加权,沉积后,仅本轮最优路径包含的边,0,1.0,0.0,0.0,0.0,0.0
不使用 GP 产生的状态,500,历史重启阶段最优路径,GP 源内重加权,沉积后,仅本轮最优路径包含的边,1,1.0,0.0,0.0,0.0,0.0
不使用 GP 产生的状态,500,历史重启阶段最优路径,GP 源内重加权,沉积后,仅本轮最优路径包含的边,2,1.0,0.0,0.0,0.0,0.0
不使用 GP 产生的状态,500,历史重启阶段最优路径,GP 源内重加权,沉积后,仅本轮最优路径包含的边,3,1.0,0.0,0.0,0.0,0.0
不使用 GP 产生的状态,500,历史重启阶段最优路径,GP 源内重加权,沉积后,仅本轮最优路径包含的边,4,1.0,0.0,0.0,0.0,0.0
不使用 GP 产生的状态,500,历史重启阶段最优路径,GP 源内重加权,沉积后,仅本轮最优路径包含的边,5,1.0,0.0,0.0,0.0,0.0
不使用 GP 产生的状态,500,历史重启阶段最优路径,GP 源内重加权,沉积后,仅本轮最优路径包含的边,6,1.0,0.0,0.0,0.0,0.0
不使用 GP 产生的状态,500,历史重启阶段最优路径,GP 源内重加权,沉积后,仅本轮最优路径包含的边,7,1.0,0.0,0.0,0.0,0.0
不使用 GP 产生的状态,500,历史重启阶段最优路径,GP 源内重加权,沉积后,其他候选弧,0,1.0,0.0,0.0,0.0,0.0
不使用 GP 产生的状态,500,历史重启阶段最优路径,GP 源内重加权,沉积后,其他候选弧,1,1.0,0.0,0.0,0.0,0.0
不使用 GP 产生的状态,500,历史重启阶段最优路径,GP 源内重加权,沉积后,其他候选弧,2,1.0,0.0,0.0,0.0,0.0
不使用 GP 产生的状态,500,历史重启阶段最优路径,GP 源内重加权,沉积后,其他候选弧,3,1.0,0.0,0.0,0.0,0.0
不使用 GP 产生的状态,500,历史重启阶段最优路径,GP 源内重加权,沉积后,其他候选弧,4,1.0,0.0,0.0,0.0,0.0
不使用 GP 产生的状态,500,历史重启阶段最优路径,GP 源内重加权,沉积后,其他候选弧,5,1.0,0.0,0.0,0.0,0.0
不使用 GP 产生的状态,500,历史重启阶段最优路径,GP 源内重加权,沉积后,其他候选弧,6,1.0,0.0,0.0,0.0,0.0
不使用 GP 产生的状态,500,历史重启阶段最优路径,GP 源内重加权,沉积后,其他候选弧,7,1.0,0.0,0.0,0.0,0.0
不使用 GP 产生的状态,500,历史重启阶段最优路径,GP 源内重加权,蒸发和下界保护后,两条来源路径共有边,0,1.0,0.0,0.0,0.0,0.0
不使用 GP 产生的状态,500,历史重启阶段最优路径,GP 源内重加权,蒸发和下界保护后,两条来源路径共有边,1,1.0,0.0,0.0,0.0,0.0
不使用 GP 产生的状态,500,历史重启阶段最优路径,GP 源内重加权,蒸发和下界保护后,两条来源路径共有边,2,1.0,0.0,0.0,0.0,0.0
不使用 GP 产生的状态,500,历史重启阶段最优路径,GP 源内重加权,蒸发和下界保护后,两条来源路径共有边,3,1.0,0.0,0.0,0.0,0.0
不使用 GP 产生的状态,500,历史重启阶段最优路径,GP 源内重加权,蒸发和下界保护后,两条来源路径共有边,4,1.0,0.0,0.0,0.0,0.0
不使用 GP 产生的状态,500,历史重启阶段最优路径,GP 源内重加权,蒸发和下界保护后,两条来源路径共有边,5,1.0,0.0,0.0,0.0,0.0
不使用 GP 产生的状态,500,历史重启阶段最优路径,GP 源内重加权,蒸发和下界保护后,两条来源路径共有边,6,1.0,0.0,0.0,0.0,0.0
不使用 GP 产生的状态,500,历史重启阶段最优路径,GP 源内重加权,蒸发和下界保护后,两条来源路径共有边,7,1.0,0.0,0.0,0.0,0.0
不使用 GP 产生的状态,500,历史重启阶段最优路径,GP 源内重加权,蒸发和下界保护后,仅历史来源路径包含的边,0,1.0,0.0,0.0,0.0,0.0
不使用 GP 产生的状态,500,历史重启阶段最优路径,GP 源内重加权,蒸发和下界保护后,仅历史来源路径包含的边,1,1.0,0.0,0.0,0.0,0.0
不使用 GP 产生的状态,500,历史重启阶段最优路径,GP 源内重加权,蒸发和下界保护后,仅历史来源路径包含的边,2,1.0,0.0,0.0,0.0,0.0
不使用 GP 产生的状态,500,历史重启阶段最优路径,GP 源内重加权,蒸发和下界保护后,仅历史来源路径包含的边,3,1.0,0.0,0.0,0.0,0.0
不使用 GP 产生的状态,500,历史重启阶段最优路径,GP 源内重加权,蒸发和下界保护后,仅历史来源路径包含的边,4,1.0,0.0,0.0,0.0,0.0
不使用 GP 产生的状态,500,历史重启阶段最优路径,GP 源内重加权,蒸发和下界保护后,仅历史来源路径包含的边,5,1.0,0.0,0.0,0.0,0.0
不使用 GP 产生的状态,500,历史重启阶段最优路径,GP 源内重加权,蒸发和下界保护后,仅历史来源路径包含的边,6,1.0,0.0,0.0,0.0,0.0
不使用 GP 产生的状态,500,历史重启阶段最优路径,GP 源内重加权,蒸发和下界保护后,仅历史来源路径包含的边,7,1.0,0.0,0.0,0.0,0.0
不使用 GP 产生的状态,500,历史重启阶段最优路径,GP 源内重加权,蒸发和下界保护后,仅本轮最优路径包含的边,0,1.0,0.0,0.0,0.0,0.0
不使用 GP 产生的状态,500,历史重启阶段最优路径,GP 源内重加权,蒸发和下界保护后,仅本轮最优路径包含的边,1,1.0,0.0,0.0,0.0,0.0
不使用 GP 产生的状态,500,历史重启阶段最优路径,GP 源内重加权,蒸发和下界保护后,仅本轮最优路径包含的边,2,1.0,0.0,0.0,0.0,0.0
不使用 GP 产生的状态,500,历史重启阶段最优路径,GP 源内重加权,蒸发和下界保护后,仅本轮最优路径包含的边,3,1.0,0.0,0.0,0.0,0.0
不使用 GP 产生的状态,500,历史重启阶段最优路径,GP 源内重加权,蒸发和下界保护后,仅本轮最优路径包含的边,4,1.0,0.0,0.0,0.0,0.0
不使用 GP 产生的状态,500,历史重启阶段最优路径,GP 源内重加权,蒸发和下界保护后,仅本轮最优路径包含的边,5,1.0,0.0,0.0,0.0,0.0
不使用 GP 产生的状态,500,历史重启阶段最优路径,GP 源内重加权,蒸发和下界保护后,仅本轮最优路径包含的边,6,1.0,0.0,0.0,0.0,0.0
不使用 GP 产生的状态,500,历史重启阶段最优路径,GP 源内重加权,蒸发和下界保护后,仅本轮最优路径包含的边,7,1.0,0.0,0.0,0.0,0.0
不使用 GP 产生的状态,500,历史重启阶段最优路径,GP 源内重加权,蒸发和下界保护后,其他候选弧,0,1.0,0.0,0.0,0.0,0.0
不使用 GP 产生的状态,500,历史重启阶段最优路径,GP 源内重加权,蒸发和下界保护后,其他候选弧,1,1.0,0.0,0.0,0.0,0.0
不使用 GP 产生的状态,500,历史重启阶段最优路径,GP 源内重加权,蒸发和下界保护后,其他候选弧,2,1.0,0.0,0.0,0.0,0.0
不使用 GP 产生的状态,500,历史重启阶段最优路径,GP 源内重加权,蒸发和下界保护后,其他候选弧,3,1.0,0.0,0.0,0.0,0.0
不使用 GP 产生的状态,500,历史重启阶段最优路径,GP 源内重加权,蒸发和下界保护后,其他候选弧,4,1.0,0.0,0.0,0.0,0.0
不使用 GP 产生的状态,500,历史重启阶段最优路径,GP 源内重加权,蒸发和下界保护后,其他候选弧,5,1.0,0.0,0.0,0.0,0.0
不使用 GP 产生的状态,500,历史重启阶段最优路径,GP 源内重加权,蒸发和下界保护后,其他候选弧,6,1.0,0.0,0.0,0.0,0.0
不使用 GP 产生的状态,500,历史重启阶段最优路径,GP 源内重加权,蒸发和下界保护后,其他候选弧,7,1.0,0.0,0.0,0.0,0.0
不使用 GP 产生的状态,500,历史重启阶段最优路径,GP 源内重加权,重启和可选上界处理后,两条来源路径共有边,0,1.0,3.0259110123218156e-07,1.7538571118073387e-05,1.8166171179877383e-08,1.0594460699293348e-06
不使用 GP 产生的状态,500,历史重启阶段最优路径,GP 源内重加权,重启和可选上界处理后,两条来源路径共有边,1,1.0,-9.620803160969975e-08,2.0243965903208466e-05,-5.70217768351237e-09,1.2002189954121905e-06
不使用 GP 产生的状态,500,历史重启阶段最优路径,GP 源内重加权,重启和可选上界处理后,两条来源路径共有边,2,1.0,-1.062867031970306e-07,1.4702230498978002e-05,-6.483660803900824e-09,8.970697720845541e-07
不使用 GP 产生的状态,500,历史重启阶段最优路径,GP 源内重加权,重启和可选上界处理后,两条来源路径共有边,3,1.0,2.915528941890867e-07,7.302610065962035e-06,1.7470783657497833e-08,4.3763054741753473e-07
不使用 GP 产生的状态,500,历史重启阶段最优路径,GP 源内重加权,重启和可选上界处理后,两条来源路径共有边,4,1.0,-2.373205651277416e-08,5.007250121884422e-06,-1.4702479044596352e-09,3.102090623643663e-07
不使用 GP 产生的状态,500,历史重启阶段最优路径,GP 源内重加权,重启和可选上界处理后,两条来源路径共有边,5,1.0,3.108771156602228e-07,1.035683463800751e-05,1.9126468234592014e-08,6.366305881076389e-07
不使用 GP 产生的状态,500,历史重启阶段最优路径,GP 源内重加权,重启和可选上界处理后,两条来源路径共有边,6,1.0,-4.1871769918050923e-07,5.1682088242369863e-05,-2.579887708028158e-08,3.1839973396725125e-06
不使用 GP 产生的状态,500,历史重启阶段最优路径,GP 源内重加权,重启和可选上界处理后,两条来源路径共有边,7,1.0,-2.996119541561761e-08,4.852593996105308e-05,-1.8080075581868492e-09,2.936952643924289e-06
不使用 GP 产生的状态,500,历史重启阶段最优路径,GP 源内重加权,重启和可选上界处理后,仅历史来源路径包含的边,0,1.0,0.0,0.0,0.0,0.0
不使用 GP 产生的状态,500,历史重启阶段最优路径,GP 源内重加权,重启和可选上界处理后,仅历史来源路径包含的边,1,1.0,0.0,0.0,0.0,0.0
不使用 GP 产生的状态,500,历史重启阶段最优路径,GP 源内重加权,重启和可选上界处理后,仅历史来源路径包含的边,2,1.0,0.0,0.0,0.0,0.0
不使用 GP 产生的状态,500,历史重启阶段最优路径,GP 源内重加权,重启和可选上界处理后,仅历史来源路径包含的边,3,1.0,0.0,0.0,0.0,0.0
不使用 GP 产生的状态,500,历史重启阶段最优路径,GP 源内重加权,重启和可选上界处理后,仅历史来源路径包含的边,4,1.0,0.0,0.0,0.0,0.0
不使用 GP 产生的状态,500,历史重启阶段最优路径,GP 源内重加权,重启和可选上界处理后,仅历史来源路径包含的边,5,1.0,0.0,0.0,0.0,0.0
不使用 GP 产生的状态,500,历史重启阶段最优路径,GP 源内重加权,重启和可选上界处理后,仅历史来源路径包含的边,6,1.0,0.0,0.0,0.0,0.0
不使用 GP 产生的状态,500,历史重启阶段最优路径,GP 源内重加权,重启和可选上界处理后,仅历史来源路径包含的边,7,1.0,0.0,0.0,0.0,0.0
不使用 GP 产生的状态,500,历史重启阶段最优路径,GP 源内重加权,重启和可选上界处理后,仅本轮最优路径包含的边,0,1.0,0.0,0.0,0.0,0.0
不使用 GP 产生的状态,500,历史重启阶段最优路径,GP 源内重加权,重启和可选上界处理后,仅本轮最优路径包含的边,1,1.0,0.0,0.0,0.0,0.0
不使用 GP 产生的状态,500,历史重启阶段最优路径,GP 源内重加权,重启和可选上界处理后,仅本轮最优路径包含的边,2,1.0,0.0,0.0,0.0,0.0
不使用 GP 产生的状态,500,历史重启阶段最优路径,GP 源内重加权,重启和可选上界处理后,仅本轮最优路径包含的边,3,1.0,0.0,0.0,0.0,0.0
不使用 GP 产生的状态,500,历史重启阶段最优路径,GP 源内重加权,重启和可选上界处理后,仅本轮最优路径包含的边,4,1.0,0.0,0.0,0.0,0.0
不使用 GP 产生的状态,500,历史重启阶段最优路径,GP 源内重加权,重启和可选上界处理后,仅本轮最优路径包含的边,5,1.0,0.0,0.0,0.0,0.0
不使用 GP 产生的状态,500,历史重启阶段最优路径,GP 源内重加权,重启和可选上界处理后,仅本轮最优路径包含的边,6,1.0,0.0,0.0,0.0,0.0
不使用 GP 产生的状态,500,历史重启阶段最优路径,GP 源内重加权,重启和可选上界处理后,仅本轮最优路径包含的边,7,1.0,0.0,0.0,0.0,0.0
不使用 GP 产生的状态,500,历史重启阶段最优路径,GP 源内重加权,重启和可选上界处理后,其他候选弧,0,1.0,0.0,0.0,0.0,0.0
不使用 GP 产生的状态,500,历史重启阶段最优路径,GP 源内重加权,重启和可选上界处理后,其他候选弧,1,1.0,0.0,0.0,0.0,0.0
不使用 GP 产生的状态,500,历史重启阶段最优路径,GP 源内重加权,重启和可选上界处理后,其他候选弧,2,1.0,0.0,0.0,0.0,0.0
不使用 GP 产生的状态,500,历史重启阶段最优路径,GP 源内重加权,重启和可选上界处理后,其他候选弧,3,1.0,0.0,0.0,0.0,0.0
不使用 GP 产生的状态,500,历史重启阶段最优路径,GP 源内重加权,重启和可选上界处理后,其他候选弧,4,1.0,0.0,0.0,0.0,0.0
不使用 GP 产生的状态,500,历史重启阶段最优路径,GP 源内重加权,重启和可选上界处理后,其他候选弧,5,1.0,0.0,0.0,0.0,0.0
不使用 GP 产生的状态,500,历史重启阶段最优路径,GP 源内重加权,重启和可选上界处理后,其他候选弧,6,1.0,0.0,0.0,0.0,0.0
不使用 GP 产生的状态,500,历史重启阶段最优路径,GP 源内重加权,重启和可选上界处理后,其他候选弧,7,1.0,0.0,0.0,0.0,0.0
不使用 GP 产生的状态,500,历史重启阶段最优路径,来源内均匀沉积,更新前,两条来源路径共有边,0,1.0,0.0,0.0,0.0,0.0
不使用 GP 产生的状态,500,历史重启阶段最优路径,来源内均匀沉积,更新前,两条来源路径共有边,1,1.0,0.0,0.0,0.0,0.0
不使用 GP 产生的状态,500,历史重启阶段最优路径,来源内均匀沉积,更新前,两条来源路径共有边,2,1.0,0.0,0.0,0.0,0.0
不使用 GP 产生的状态,500,历史重启阶段最优路径,来源内均匀沉积,更新前,两条来源路径共有边,3,1.0,0.0,0.0,0.0,0.0
不使用 GP 产生的状态,500,历史重启阶段最优路径,来源内均匀沉积,更新前,两条来源路径共有边,4,1.0,0.0,0.0,0.0,0.0
不使用 GP 产生的状态,500,历史重启阶段最优路径,来源内均匀沉积,更新前,两条来源路径共有边,5,1.0,0.0,0.0,0.0,0.0
不使用 GP 产生的状态,500,历史重启阶段最优路径,来源内均匀沉积,更新前,两条来源路径共有边,6,1.0,0.0,0.0,0.0,0.0
不使用 GP 产生的状态,500,历史重启阶段最优路径,来源内均匀沉积,更新前,两条来源路径共有边,7,1.0,0.0,0.0,0.0,0.0
不使用 GP 产生的状态,500,历史重启阶段最优路径,来源内均匀沉积,更新前,仅历史来源路径包含的边,0,1.0,0.0,0.0,0.0,0.0
不使用 GP 产生的状态,500,历史重启阶段最优路径,来源内均匀沉积,更新前,仅历史来源路径包含的边,1,1.0,0.0,0.0,0.0,0.0
不使用 GP 产生的状态,500,历史重启阶段最优路径,来源内均匀沉积,更新前,仅历史来源路径包含的边,2,1.0,0.0,0.0,0.0,0.0
不使用 GP 产生的状态,500,历史重启阶段最优路径,来源内均匀沉积,更新前,仅历史来源路径包含的边,3,1.0,0.0,0.0,0.0,0.0
不使用 GP 产生的状态,500,历史重启阶段最优路径,来源内均匀沉积,更新前,仅历史来源路径包含的边,4,1.0,0.0,0.0,0.0,0.0
不使用 GP 产生的状态,500,历史重启阶段最优路径,来源内均匀沉积,更新前,仅历史来源路径包含的边,5,1.0,0.0,0.0,0.0,0.0
不使用 GP 产生的状态,500,历史重启阶段最优路径,来源内均匀沉积,更新前,仅历史来源路径包含的边,6,1.0,0.0,0.0,0.0,0.0
不使用 GP 产生的状态,500,历史重启阶段最优路径,来源内均匀沉积,更新前,仅历史来源路径包含的边,7,1.0,0.0,0.0,0.0,0.0
不使用 GP 产生的状态,500,历史重启阶段最优路径,来源内均匀沉积,更新前,仅本轮最优路径包含的边,0,1.0,0.0,0.0,0.0,0.0
不使用 GP 产生的状态,500,历史重启阶段最优路径,来源内均匀沉积,更新前,仅本轮最优路径包含的边,1,1.0,0.0,0.0,0.0,0.0
不使用 GP 产生的状态,500,历史重启阶段最优路径,来源内均匀沉积,更新前,仅本轮最优路径包含的边,2,1.0,0.0,0.0,0.0,0.0
不使用 GP 产生的状态,500,历史重启阶段最优路径,来源内均匀沉积,更新前,仅本轮最优路径包含的边,3,1.0,0.0,0.0,0.0,0.0
不使用 GP 产生的状态,500,历史重启阶段最优路径,来源内均匀沉积,更新前,仅本轮最优路径包含的边,4,1.0,0.0,0.0,0.0,0.0
不使用 GP 产生的状态,500,历史重启阶段最优路径,来源内均匀沉积,更新前,仅本轮最优路径包含的边,5,1.0,0.0,0.0,0.0,0.0
不使用 GP 产生的状态,500,历史重启阶段最优路径,来源内均匀沉积,更新前,仅本轮最优路径包含的边,6,1.0,0.0,0.0,0.0,0.0
不使用 GP 产生的状态,500,历史重启阶段最优路径,来源内均匀沉积,更新前,仅本轮最优路径包含的边,7,1.0,0.0,0.0,0.0,0.0
不使用 GP 产生的状态,500,历史重启阶段最优路径,来源内均匀沉积,更新前,其他候选弧,0,1.0,0.0,0.0,0.0,0.0
不使用 GP 产生的状态,500,历史重启阶段最优路径,来源内均匀沉积,更新前,其他候选弧,1,1.0,0.0,0.0,0.0,0.0
不使用 GP 产生的状态,500,历史重启阶段最优路径,来源内均匀沉积,更新前,其他候选弧,2,1.0,0.0,0.0,0.0,0.0
不使用 GP 产生的状态,500,历史重启阶段最优路径,来源内均匀沉积,更新前,其他候选弧,3,1.0,0.0,0.0,0.0,0.0
不使用 GP 产生的状态,500,历史重启阶段最优路径,来源内均匀沉积,更新前,其他候选弧,4,1.0,0.0,0.0,0.0,0.0
不使用 GP 产生的状态,500,历史重启阶段最优路径,来源内均匀沉积,更新前,其他候选弧,5,1.0,0.0,0.0,0.0,0.0
不使用 GP 产生的状态,500,历史重启阶段最优路径,来源内均匀沉积,更新前,其他候选弧,6,1.0,0.0,0.0,0.0,0.0
不使用 GP 产生的状态,500,历史重启阶段最优路径,来源内均匀沉积,更新前,其他候选弧,7,1.0,0.0,0.0,0.0,0.0
不使用 GP 产生的状态,500,历史重启阶段最优路径,来源内均匀沉积,沉积后,两条来源路径共有边,0,1.0,0.0,0.0,0.0,0.0
不使用 GP 产生的状态,500,历史重启阶段最优路径,来源内均匀沉积,沉积后,两条来源路径共有边,1,1.0,0.0,0.0,0.0,0.0
不使用 GP 产生的状态,500,历史重启阶段最优路径,来源内均匀沉积,沉积后,两条来源路径共有边,2,1.0,0.0,0.0,0.0,0.0
不使用 GP 产生的状态,500,历史重启阶段最优路径,来源内均匀沉积,沉积后,两条来源路径共有边,3,1.0,0.0,0.0,0.0,0.0
不使用 GP 产生的状态,500,历史重启阶段最优路径,来源内均匀沉积,沉积后,两条来源路径共有边,4,1.0,0.0,0.0,0.0,0.0
不使用 GP 产生的状态,500,历史重启阶段最优路径,来源内均匀沉积,沉积后,两条来源路径共有边,5,1.0,0.0,0.0,0.0,0.0
不使用 GP 产生的状态,500,历史重启阶段最优路径,来源内均匀沉积,沉积后,两条来源路径共有边,6,1.0,0.0,0.0,0.0,0.0
不使用 GP 产生的状态,500,历史重启阶段最优路径,来源内均匀沉积,沉积后,两条来源路径共有边,7,1.0,0.0,0.0,0.0,0.0
不使用 GP 产生的状态,500,历史重启阶段最优路径,来源内均匀沉积,沉积后,仅历史来源路径包含的边,0,1.0,0.0,0.0,0.0,0.0
不使用 GP 产生的状态,500,历史重启阶段最优路径,来源内均匀沉积,沉积后,仅历史来源路径包含的边,1,1.0,0.0,0.0,0.0,0.0
不使用 GP 产生的状态,500,历史重启阶段最优路径,来源内均匀沉积,沉积后,仅历史来源路径包含的边,2,1.0,0.0,0.0,0.0,0.0
不使用 GP 产生的状态,500,历史重启阶段最优路径,来源内均匀沉积,沉积后,仅历史来源路径包含的边,3,1.0,0.0,0.0,0.0,0.0
不使用 GP 产生的状态,500,历史重启阶段最优路径,来源内均匀沉积,沉积后,仅历史来源路径包含的边,4,1.0,0.0,0.0,0.0,0.0
不使用 GP 产生的状态,500,历史重启阶段最优路径,来源内均匀沉积,沉积后,仅历史来源路径包含的边,5,1.0,0.0,0.0,0.0,0.0
不使用 GP 产生的状态,500,历史重启阶段最优路径,来源内均匀沉积,沉积后,仅历史来源路径包含的边,6,1.0,0.0,0.0,0.0,0.0
不使用 GP 产生的状态,500,历史重启阶段最优路径,来源内均匀沉积,沉积后,仅历史来源路径包含的边,7,1.0,0.0,0.0,0.0,0.0
不使用 GP 产生的状态,500,历史重启阶段最优路径,来源内均匀沉积,沉积后,仅本轮最优路径包含的边,0,1.0,0.0,0.0,0.0,0.0
不使用 GP 产生的状态,500,历史重启阶段最优路径,来源内均匀沉积,沉积后,仅本轮最优路径包含的边,1,1.0,0.0,0.0,0.0,0.0
不使用 GP 产生的状态,500,历史重启阶段最优路径,来源内均匀沉积,沉积后,仅本轮最优路径包含的边,2,1.0,0.0,0.0,0.0,0.0
不使用 GP 产生的状态,500,历史重启阶段最优路径,来源内均匀沉积,沉积后,仅本轮最优路径包含的边,3,1.0,0.0,0.0,0.0,0.0
不使用 GP 产生的状态,500,历史重启阶段最优路径,来源内均匀沉积,沉积后,仅本轮最优路径包含的边,4,1.0,0.0,0.0,0.0,0.0
不使用 GP 产生的状态,500,历史重启阶段最优路径,来源内均匀沉积,沉积后,仅本轮最优路径包含的边,5,1.0,0.0,0.0,0.0,0.0
不使用 GP 产生的状态,500,历史重启阶段最优路径,来源内均匀沉积,沉积后,仅本轮最优路径包含的边,6,1.0,0.0,0.0,0.0,0.0
不使用 GP 产生的状态,500,历史重启阶段最优路径,来源内均匀沉积,沉积后,仅本轮最优路径包含的边,7,1.0,0.0,0.0,0.0,0.0
不使用 GP 产生的状态,500,历史重启阶段最优路径,来源内均匀沉积,沉积后,其他候选弧,0,1.0,0.0,0.0,0.0,0.0
不使用 GP 产生的状态,500,历史重启阶段最优路径,来源内均匀沉积,沉积后,其他候选弧,1,1.0,0.0,0.0,0.0,0.0
不使用 GP 产生的状态,500,历史重启阶段最优路径,来源内均匀沉积,沉积后,其他候选弧,2,1.0,0.0,0.0,0.0,0.0
不使用 GP 产生的状态,500,历史重启阶段最优路径,来源内均匀沉积,沉积后,其他候选弧,3,1.0,0.0,0.0,0.0,0.0
不使用 GP 产生的状态,500,历史重启阶段最优路径,来源内均匀沉积,沉积后,其他候选弧,4,1.0,0.0,0.0,0.0,0.0
不使用 GP 产生的状态,500,历史重启阶段最优路径,来源内均匀沉积,沉积后,其他候选弧,5,1.0,0.0,0.0,0.0,0.0
不使用 GP 产生的状态,500,历史重启阶段最优路径,来源内均匀沉积,沉积后,其他候选弧,6,1.0,0.0,0.0,0.0,0.0
不使用 GP 产生的状态,500,历史重启阶段最优路径,来源内均匀沉积,沉积后,其他候选弧,7,1.0,0.0,0.0,0.0,0.0
不使用 GP 产生的状态,500,历史重启阶段最优路径,来源内均匀沉积,蒸发和下界保护后,两条来源路径共有边,0,1.0,0.0,0.0,0.0,0.0
不使用 GP 产生的状态,500,历史重启阶段最优路径,来源内均匀沉积,蒸发和下界保护后,两条来源路径共有边,1,1.0,0.0,0.0,0.0,0.0
不使用 GP 产生的状态,500,历史重启阶段最优路径,来源内均匀沉积,蒸发和下界保护后,两条来源路径共有边,2,1.0,0.0,0.0,0.0,0.0
不使用 GP 产生的状态,500,历史重启阶段最优路径,来源内均匀沉积,蒸发和下界保护后,两条来源路径共有边,3,1.0,0.0,0.0,0.0,0.0
不使用 GP 产生的状态,500,历史重启阶段最优路径,来源内均匀沉积,蒸发和下界保护后,两条来源路径共有边,4,1.0,0.0,0.0,0.0,0.0
不使用 GP 产生的状态,500,历史重启阶段最优路径,来源内均匀沉积,蒸发和下界保护后,两条来源路径共有边,5,1.0,0.0,0.0,0.0,0.0
不使用 GP 产生的状态,500,历史重启阶段最优路径,来源内均匀沉积,蒸发和下界保护后,两条来源路径共有边,6,1.0,0.0,0.0,0.0,0.0
不使用 GP 产生的状态,500,历史重启阶段最优路径,来源内均匀沉积,蒸发和下界保护后,两条来源路径共有边,7,1.0,0.0,0.0,0.0,0.0
不使用 GP 产生的状态,500,历史重启阶段最优路径,来源内均匀沉积,蒸发和下界保护后,仅历史来源路径包含的边,0,1.0,0.0,0.0,0.0,0.0
不使用 GP 产生的状态,500,历史重启阶段最优路径,来源内均匀沉积,蒸发和下界保护后,仅历史来源路径包含的边,1,1.0,0.0,0.0,0.0,0.0
不使用 GP 产生的状态,500,历史重启阶段最优路径,来源内均匀沉积,蒸发和下界保护后,仅历史来源路径包含的边,2,1.0,0.0,0.0,0.0,0.0
不使用 GP 产生的状态,500,历史重启阶段最优路径,来源内均匀沉积,蒸发和下界保护后,仅历史来源路径包含的边,3,1.0,0.0,0.0,0.0,0.0
不使用 GP 产生的状态,500,历史重启阶段最优路径,来源内均匀沉积,蒸发和下界保护后,仅历史来源路径包含的边,4,1.0,0.0,0.0,0.0,0.0
不使用 GP 产生的状态,500,历史重启阶段最优路径,来源内均匀沉积,蒸发和下界保护后,仅历史来源路径包含的边,5,1.0,0.0,0.0,0.0,0.0
不使用 GP 产生的状态,500,历史重启阶段最优路径,来源内均匀沉积,蒸发和下界保护后,仅历史来源路径包含的边,6,1.0,0.0,0.0,0.0,0.0
不使用 GP 产生的状态,500,历史重启阶段最优路径,来源内均匀沉积,蒸发和下界保护后,仅历史来源路径包含的边,7,1.0,0.0,0.0,0.0,0.0
不使用 GP 产生的状态,500,历史重启阶段最优路径,来源内均匀沉积,蒸发和下界保护后,仅本轮最优路径包含的边,0,1.0,0.0,0.0,0.0,0.0
不使用 GP 产生的状态,500,历史重启阶段最优路径,来源内均匀沉积,蒸发和下界保护后,仅本轮最优路径包含的边,1,1.0,0.0,0.0,0.0,0.0
不使用 GP 产生的状态,500,历史重启阶段最优路径,来源内均匀沉积,蒸发和下界保护后,仅本轮最优路径包含的边,2,1.0,0.0,0.0,0.0,0.0
不使用 GP 产生的状态,500,历史重启阶段最优路径,来源内均匀沉积,蒸发和下界保护后,仅本轮最优路径包含的边,3,1.0,0.0,0.0,0.0,0.0
不使用 GP 产生的状态,500,历史重启阶段最优路径,来源内均匀沉积,蒸发和下界保护后,仅本轮最优路径包含的边,4,1.0,0.0,0.0,0.0,0.0
不使用 GP 产生的状态,500,历史重启阶段最优路径,来源内均匀沉积,蒸发和下界保护后,仅本轮最优路径包含的边,5,1.0,0.0,0.0,0.0,0.0
不使用 GP 产生的状态,500,历史重启阶段最优路径,来源内均匀沉积,蒸发和下界保护后,仅本轮最优路径包含的边,6,1.0,0.0,0.0,0.0,0.0
不使用 GP 产生的状态,500,历史重启阶段最优路径,来源内均匀沉积,蒸发和下界保护后,仅本轮最优路径包含的边,7,1.0,0.0,0.0,0.0,0.0
不使用 GP 产生的状态,500,历史重启阶段最优路径,来源内均匀沉积,蒸发和下界保护后,其他候选弧,0,1.0,0.0,0.0,0.0,0.0
不使用 GP 产生的状态,500,历史重启阶段最优路径,来源内均匀沉积,蒸发和下界保护后,其他候选弧,1,1.0,0.0,0.0,0.0,0.0
不使用 GP 产生的状态,500,历史重启阶段最优路径,来源内均匀沉积,蒸发和下界保护后,其他候选弧,2,1.0,0.0,0.0,0.0,0.0
不使用 GP 产生的状态,500,历史重启阶段最优路径,来源内均匀沉积,蒸发和下界保护后,其他候选弧,3,1.0,0.0,0.0,0.0,0.0
不使用 GP 产生的状态,500,历史重启阶段最优路径,来源内均匀沉积,蒸发和下界保护后,其他候选弧,4,1.0,0.0,0.0,0.0,0.0
不使用 GP 产生的状态,500,历史重启阶段最优路径,来源内均匀沉积,蒸发和下界保护后,其他候选弧,5,1.0,0.0,0.0,0.0,0.0
不使用 GP 产生的状态,500,历史重启阶段最优路径,来源内均匀沉积,蒸发和下界保护后,其他候选弧,6,1.0,0.0,0.0,0.0,0.0
不使用 GP 产生的状态,500,历史重启阶段最优路径,来源内均匀沉积,蒸发和下界保护后,其他候选弧,7,1.0,0.0,0.0,0.0,0.0
不使用 GP 产生的状态,500,历史重启阶段最优路径,来源内均匀沉积,重启和可选上界处理后,两条来源路径共有边,0,1.0,0.0,0.0,0.0,0.0
不使用 GP 产生的状态,500,历史重启阶段最优路径,来源内均匀沉积,重启和可选上界处理后,两条来源路径共有边,1,1.0,0.0,0.0,0.0,0.0
不使用 GP 产生的状态,500,历史重启阶段最优路径,来源内均匀沉积,重启和可选上界处理后,两条来源路径共有边,2,1.0,0.0,0.0,0.0,0.0
不使用 GP 产生的状态,500,历史重启阶段最优路径,来源内均匀沉积,重启和可选上界处理后,两条来源路径共有边,3,1.0,0.0,0.0,0.0,0.0
不使用 GP 产生的状态,500,历史重启阶段最优路径,来源内均匀沉积,重启和可选上界处理后,两条来源路径共有边,4,1.0,0.0,0.0,0.0,0.0
不使用 GP 产生的状态,500,历史重启阶段最优路径,来源内均匀沉积,重启和可选上界处理后,两条来源路径共有边,5,1.0,0.0,0.0,0.0,0.0
不使用 GP 产生的状态,500,历史重启阶段最优路径,来源内均匀沉积,重启和可选上界处理后,两条来源路径共有边,6,1.0,0.0,0.0,0.0,0.0
不使用 GP 产生的状态,500,历史重启阶段最优路径,来源内均匀沉积,重启和可选上界处理后,两条来源路径共有边,7,1.0,0.0,0.0,0.0,0.0
不使用 GP 产生的状态,500,历史重启阶段最优路径,来源内均匀沉积,重启和可选上界处理后,仅历史来源路径包含的边,0,1.0,0.0,0.0,0.0,0.0
不使用 GP 产生的状态,500,历史重启阶段最优路径,来源内均匀沉积,重启和可选上界处理后,仅历史来源路径包含的边,1,1.0,0.0,0.0,0.0,0.0
不使用 GP 产生的状态,500,历史重启阶段最优路径,来源内均匀沉积,重启和可选上界处理后,仅历史来源路径包含的边,2,1.0,0.0,0.0,0.0,0.0
不使用 GP 产生的状态,500,历史重启阶段最优路径,来源内均匀沉积,重启和可选上界处理后,仅历史来源路径包含的边,3,1.0,0.0,0.0,0.0,0.0
不使用 GP 产生的状态,500,历史重启阶段最优路径,来源内均匀沉积,重启和可选上界处理后,仅历史来源路径包含的边,4,1.0,0.0,0.0,0.0,0.0
不使用 GP 产生的状态,500,历史重启阶段最优路径,来源内均匀沉积,重启和可选上界处理后,仅历史来源路径包含的边,5,1.0,0.0,0.0,0.0,0.0
不使用 GP 产生的状态,500,历史重启阶段最优路径,来源内均匀沉积,重启和可选上界处理后,仅历史来源路径包含的边,6,1.0,0.0,0.0,0.0,0.0
不使用 GP 产生的状态,500,历史重启阶段最优路径,来源内均匀沉积,重启和可选上界处理后,仅历史来源路径包含的边,7,1.0,0.0,0.0,0.0,0.0
不使用 GP 产生的状态,500,历史重启阶段最优路径,来源内均匀沉积,重启和可选上界处理后,仅本轮最优路径包含的边,0,1.0,0.0,0.0,0.0,0.0
不使用 GP 产生的状态,500,历史重启阶段最优路径,来源内均匀沉积,重启和可选上界处理后,仅本轮最优路径包含的边,1,1.0,0.0,0.0,0.0,0.0
不使用 GP 产生的状态,500,历史重启阶段最优路径,来源内均匀沉积,重启和可选上界处理后,仅本轮最优路径包含的边,2,1.0,0.0,0.0,0.0,0.0
不使用 GP 产生的状态,500,历史重启阶段最优路径,来源内均匀沉积,重启和可选上界处理后,仅本轮最优路径包含的边,3,1.0,0.0,0.0,0.0,0.0
不使用 GP 产生的状态,500,历史重启阶段最优路径,来源内均匀沉积,重启和可选上界处理后,仅本轮最优路径包含的边,4,1.0,0.0,0.0,0.0,0.0
不使用 GP 产生的状态,500,历史重启阶段最优路径,来源内均匀沉积,重启和可选上界处理后,仅本轮最优路径包含的边,5,1.0,0.0,0.0,0.0,0.0
不使用 GP 产生的状态,500,历史重启阶段最优路径,来源内均匀沉积,重启和可选上界处理后,仅本轮最优路径包含的边,6,1.0,0.0,0.0,0.0,0.0
不使用 GP 产生的状态,500,历史重启阶段最优路径,来源内均匀沉积,重启和可选上界处理后,仅本轮最优路径包含的边,7,1.0,0.0,0.0,0.0,0.0
不使用 GP 产生的状态,500,历史重启阶段最优路径,来源内均匀沉积,重启和可选上界处理后,其他候选弧,0,1.0,0.0,0.0,0.0,0.0
不使用 GP 产生的状态,500,历史重启阶段最优路径,来源内均匀沉积,重启和可选上界处理后,其他候选弧,1,1.0,0.0,0.0,0.0,0.0
不使用 GP 产生的状态,500,历史重启阶段最优路径,来源内均匀沉积,重启和可选上界处理后,其他候选弧,2,1.0,0.0,0.0,0.0,0.0
不使用 GP 产生的状态,500,历史重启阶段最优路径,来源内均匀沉积,重启和可选上界处理后,其他候选弧,3,1.0,0.0,0.0,0.0,0.0
不使用 GP 产生的状态,500,历史重启阶段最优路径,来源内均匀沉积,重启和可选上界处理后,其他候选弧,4,1.0,0.0,0.0,0.0,0.0
不使用 GP 产生的状态,500,历史重启阶段最优路径,来源内均匀沉积,重启和可选上界处理后,其他候选弧,5,1.0,0.0,0.0,0.0,0.0
不使用 GP 产生的状态,500,历史重启阶段最优路径,来源内均匀沉积,重启和可选上界处理后,其他候选弧,6,1.0,0.0,0.0,0.0,0.0
不使用 GP 产生的状态,500,历史重启阶段最优路径,来源内均匀沉积,重启和可选上界处理后,其他候选弧,7,1.0,0.0,0.0,0.0,0.0
不使用 GP 产生的状态,1000,历史全局最优路径,GP 源内重加权,更新前,两条来源路径共有边,0,1.0,0.0,0.0,0.0,0.0
不使用 GP 产生的状态,1000,历史全局最优路径,GP 源内重加权,更新前,两条来源路径共有边,1,0.9620000000000002,0.0,0.0,0.0,0.0
不使用 GP 产生的状态,1000,历史全局最优路径,GP 源内重加权,更新前,两条来源路径共有边,2,0.9446666666666668,0.0,0.0,0.0,0.0
不使用 GP 产生的状态,1000,历史全局最优路径,GP 源内重加权,更新前,两条来源路径共有边,3,0.9026666666666665,0.0,0.0,0.0,0.0
不使用 GP 产生的状态,1000,历史全局最优路径,GP 源内重加权,更新前,两条来源路径共有边,4,0.98,0.0,0.0,0.0,0.0
不使用 GP 产生的状态,1000,历史全局最优路径,GP 源内重加权,更新前,两条来源路径共有边,5,0.968,0.0,0.0,0.0,0.0
不使用 GP 产生的状态,1000,历史全局最优路径,GP 源内重加权,更新前,两条来源路径共有边,6,0.9573333333333333,0.0,0.0,0.0,0.0
不使用 GP 产生的状态,1000,历史全局最优路径,GP 源内重加权,更新前,两条来源路径共有边,7,0.9453333333333332,0.0,0.0,0.0,0.0
不使用 GP 产生的状态,1000,历史全局最优路径,GP 源内重加权,更新前,仅历史来源路径包含的边,0,1.0,0.0,0.0,0.0,0.0
不使用 GP 产生的状态,1000,历史全局最优路径,GP 源内重加权,更新前,仅历史来源路径包含的边,1,0.9620000000000002,0.0,0.0,0.0,0.0
不使用 GP 产生的状态,1000,历史全局最优路径,GP 源内重加权,更新前,仅历史来源路径包含的边,2,0.9446666666666668,0.0,0.0,0.0,0.0
不使用 GP 产生的状态,1000,历史全局最优路径,GP 源内重加权,更新前,仅历史来源路径包含的边,3,0.9026666666666665,0.0,0.0,0.0,0.0
不使用 GP 产生的状态,1000,历史全局最优路径,GP 源内重加权,更新前,仅历史来源路径包含的边,4,0.98,0.0,0.0,0.0,0.0
不使用 GP 产生的状态,1000,历史全局最优路径,GP 源内重加权,更新前,仅历史来源路径包含的边,5,0.968,0.0,0.0,0.0,0.0
不使用 GP 产生的状态,1000,历史全局最优路径,GP 源内重加权,更新前,仅历史来源路径包含的边,6,0.9573333333333333,0.0,0.0,0.0,0.0
不使用 GP 产生的状态,1000,历史全局最优路径,GP 源内重加权,更新前,仅历史来源路径包含的边,7,0.9453333333333332,0.0,0.0,0.0,0.0
不使用 GP 产生的状态,1000,历史全局最优路径,GP 源内重加权,更新前,仅本轮最优路径包含的边,0,1.0,0.0,0.0,0.0,0.0
不使用 GP 产生的状态,1000,历史全局最优路径,GP 源内重加权,更新前,仅本轮最优路径包含的边,1,0.9620000000000002,0.0,0.0,0.0,0.0
不使用 GP 产生的状态,1000,历史全局最优路径,GP 源内重加权,更新前,仅本轮最优路径包含的边,2,0.9446666666666668,0.0,0.0,0.0,0.0
不使用 GP 产生的状态,1000,历史全局最优路径,GP 源内重加权,更新前,仅本轮最优路径包含的边,3,0.9026666666666665,0.0,0.0,0.0,0.0
不使用 GP 产生的状态,1000,历史全局最优路径,GP 源内重加权,更新前,仅本轮最优路径包含的边,4,0.98,0.0,0.0,0.0,0.0
不使用 GP 产生的状态,1000,历史全局最优路径,GP 源内重加权,更新前,仅本轮最优路径包含的边,5,0.968,0.0,0.0,0.0,0.0
不使用 GP 产生的状态,1000,历史全局最优路径,GP 源内重加权,更新前,仅本轮最优路径包含的边,6,0.9573333333333333,0.0,0.0,0.0,0.0
不使用 GP 产生的状态,1000,历史全局最优路径,GP 源内重加权,更新前,仅本轮最优路径包含的边,7,0.9453333333333332,0.0,0.0,0.0,0.0
不使用 GP 产生的状态,1000,历史全局最优路径,GP 源内重加权,更新前,其他候选弧,0,1.0,0.0,0.0,0.0,0.0
不使用 GP 产生的状态,1000,历史全局最优路径,GP 源内重加权,更新前,其他候选弧,1,0.9620000000000002,0.0,0.0,0.0,0.0
不使用 GP 产生的状态,1000,历史全局最优路径,GP 源内重加权,更新前,其他候选弧,2,0.9446666666666668,0.0,0.0,0.0,0.0
不使用 GP 产生的状态,1000,历史全局最优路径,GP 源内重加权,更新前,其他候选弧,3,0.9026666666666665,0.0,0.0,0.0,0.0
不使用 GP 产生的状态,1000,历史全局最优路径,GP 源内重加权,更新前,其他候选弧,4,0.98,0.0,0.0,0.0,0.0
不使用 GP 产生的状态,1000,历史全局最优路径,GP 源内重加权,更新前,其他候选弧,5,0.968,0.0,0.0,0.0,0.0
不使用 GP 产生的状态,1000,历史全局最优路径,GP 源内重加权,更新前,其他候选弧,6,0.9573333333333333,0.0,0.0,0.0,0.0
不使用 GP 产生的状态,1000,历史全局最优路径,GP 源内重加权,更新前,其他候选弧,7,0.9453333333333332,0.0,0.0,0.0,0.0
不使用 GP 产生的状态,1000,历史全局最优路径,GP 源内重加权,沉积后,两条来源路径共有边,0,1.0,7.974500337952422e-08,1.790779515985805e-05,4.774994320339627e-09,1.0818441708882651e-06
不使用 GP 产生的状态,1000,历史全局最优路径,GP 源内重加权,沉积后,两条来源路径共有边,1,0.9620000000000002,0.016379447900132956,0.016388433611809403,0.0010976907655891991,0.0010982249159247229
不使用 GP 产生的状态,1000,历史全局最优路径,GP 源内重加权,沉积后,两条来源路径共有边,2,0.9446666666666668,0.003109360245527949,0.0031491102827460177,0.00021969634652645975,0.00022248026580928707
不使用 GP 产生的状态,1000,历史全局最优路径,GP 源内重加权,沉积后,两条来源路径共有边,3,0.9026666666666665,0.0412596452200681,0.04126222541076053,0.002907826060185534,0.0029079808070888477
不使用 GP 产生的状态,1000,历史全局最优路径,GP 源内重加权,沉积后,两条来源路径共有边,4,0.98,0.009043909645772046,0.009049156907571973,0.0005945917741344894,0.0005949163810299361
不使用 GP 产生的状态,1000,历史全局最优路径,GP 源内重加权,沉积后,两条来源路径共有边,5,0.968,0.014093954641736609,0.01410312126470621,0.0009548745985521095,0.0009554381207320309
不使用 GP 产生的状态,1000,历史全局最优路径,GP 源内重加权,沉积后,两条来源路径共有边,6,0.9573333333333333,0.018246797409040554,0.018256606562413506,0.0012876685417573387,0.0012883029689178796
不使用 GP 产生的状态,1000,历史全局最优路径,GP 源内重加权,沉积后,两条来源路径共有边,7,0.9453333333333332,0.023257558907052615,0.023258921522886798,0.0016764543765976606,0.001676536962144366
不使用 GP 产生的状态,1000,历史全局最优路径,GP 源内重加权,沉积后,仅历史来源路径包含的边,0,1.0,0.0,0.0,0.0,0.0
不使用 GP 产生的状态,1000,历史全局最优路径,GP 源内重加权,沉积后,仅历史来源路径包含的边,1,0.9620000000000002,0.021651651717395002,0.021651651717395002,0.011277172179540008,0.011277172179540008
不使用 GP 产生的状态,1000,历史全局最优路径,GP 源内重加权,沉积后,仅历史来源路径包含的边,2,0.9446666666666668,0.04082979484396565,0.04082979484396565,0.014494069639013313,0.014494069639013313
不使用 GP 产生的状态,1000,历史全局最优路径,GP 源内重加权,沉积后,仅历史来源路径包含的边,3,0.9026666666666665,0.05616005427929865,0.05616005427929865,0.022975257948957144,0.022975257948957144
不使用 GP 产生的状态,1000,历史全局最优路径,GP 源内重加权,沉积后,仅历史来源路径包含的边,4,0.98,0.01098045949933197,0.01098045949933197,0.011309932484787337,0.011309932484787337
不使用 GP 产生的状态,1000,历史全局最优路径,GP 源内重加权,沉积后,仅历史来源路径包含的边,5,0.968,0.01792792833216629,0.01792792833216629,0.011437766294370199,0.011437766294370199
不使用 GP 产生的状态,1000,历史全局最优路径,GP 源内重加权,沉积后,仅历史来源路径包含的边,6,0.9573333333333333,0.024453673060774977,0.024453673060774977,0.011756229996939914,0.011756229996939914
不使用 GP 产生的状态,1000,历史全局最优路径,GP 源内重加权,沉积后,仅历史来源路径包含的边,7,0.9453333333333332,0.03154347968222612,0.03154347968222612,0.011590437145700532,0.011590437145700532
不使用 GP 产生的状态,1000,历史全局最优路径,GP 源内重加权,沉积后,仅本轮最优路径包含的边,0,1.0,0.0,0.0,0.0,0.0
不使用 GP 产生的状态,1000,历史全局最优路径,GP 源内重加权,沉积后,仅本轮最优路径包含的边,1,0.9620000000000002,-0.03803140060576976,0.03803140060576976,-0.019808495834789316,0.019808495834789316
不使用 GP 产生的状态,1000,历史全局最优路径,GP 源内重加权,沉积后,仅本轮最优路径包含的边,2,0.9446666666666668,-0.04393909513769682,0.04393909513769682,-0.015597832593448158,0.015597832593448158
不使用 GP 产生的状态,1000,历史全局最优路径,GP 源内重加权,沉积后,仅本轮最优路径包含的边,3,0.9026666666666665,-0.097419845319681,0.097419845319681,-0.03992545149970116,0.03992545149970116
不使用 GP 产生的状态,1000,历史全局最优路径,GP 源内重加权,沉积后,仅本轮最优路径包含的边,4,0.98,-0.02002459973476539,0.02002459973476539,-0.020625445688212358,0.020625445688212358
不使用 GP 产生的状态,1000,历史全局最优路径,GP 源内重加权,沉积后,仅本轮最优路径包含的边,5,0.968,-0.0320221661987291,0.0320221661987291,-0.02042969195517125,0.02042969195517125
不使用 GP 产生的状态,1000,历史全局最优路径,GP 源内重加权,沉积后,仅本轮最优路径包含的边,6,0.9573333333333333,-0.04270018923736998,0.04270018923736998,-0.020528337167989876,0.020528337167989876
不使用 GP 产生的状态,1000,历史全局最优路径,GP 源内重加权,沉积后,仅本轮最优路径包含的边,7,0.9453333333333332,-0.05480095154242169,0.05480095154242169,-0.020136237053609476,0.020136237053609476
不使用 GP 产生的状态,1000,历史全局最优路径,GP 源内重加权,沉积后,其他候选弧,0,1.0,0.0,0.0,0.0,0.0
不使用 GP 产生的状态,1000,历史全局最优路径,GP 源内重加权,沉积后,其他候选弧,1,0.9620000000000002,0.0,0.0,0.0,0.0
不使用 GP 产生的状态,1000,历史全局最优路径,GP 源内重加权,沉积后,其他候选弧,2,0.9446666666666668,0.0,0.0,0.0,0.0
不使用 GP 产生的状态,1000,历史全局最优路径,GP 源内重加权,沉积后,其他候选弧,3,0.9026666666666665,0.0,0.0,0.0,0.0
不使用 GP 产生的状态,1000,历史全局最优路径,GP 源内重加权,沉积后,其他候选弧,4,0.98,0.0,0.0,0.0,0.0
不使用 GP 产生的状态,1000,历史全局最优路径,GP 源内重加权,沉积后,其他候选弧,5,0.968,0.0,0.0,0.0,0.0
不使用 GP 产生的状态,1000,历史全局最优路径,GP 源内重加权,沉积后,其他候选弧,6,0.9573333333333333,0.0,0.0,0.0,0.0
不使用 GP 产生的状态,1000,历史全局最优路径,GP 源内重加权,沉积后,其他候选弧,7,0.9453333333333332,0.0,0.0,0.0,0.0
不使用 GP 产生的状态,1000,历史全局最优路径,GP 源内重加权,蒸发和下界保护后,两条来源路径共有边,0,1.0,0.0,0.0,0.0,0.0
不使用 GP 产生的状态,1000,历史全局最优路径,GP 源内重加权,蒸发和下界保护后,两条来源路径共有边,1,0.9620000000000002,0.0,0.0,0.0,0.0
不使用 GP 产生的状态,1000,历史全局最优路径,GP 源内重加权,蒸发和下界保护后,两条来源路径共有边,2,0.9446666666666668,0.0,0.0,0.0,0.0
不使用 GP 产生的状态,1000,历史全局最优路径,GP 源内重加权,蒸发和下界保护后,两条来源路径共有边,3,0.9026666666666665,0.0,0.0,0.0,0.0
不使用 GP 产生的状态,1000,历史全局最优路径,GP 源内重加权,蒸发和下界保护后,两条来源路径共有边,4,0.98,0.0,0.0,0.0,0.0
不使用 GP 产生的状态,1000,历史全局最优路径,GP 源内重加权,蒸发和下界保护后,两条来源路径共有边,5,0.968,0.0,0.0,0.0,0.0
不使用 GP 产生的状态,1000,历史全局最优路径,GP 源内重加权,蒸发和下界保护后,两条来源路径共有边,6,0.9573333333333333,0.0,0.0,0.0,0.0
不使用 GP 产生的状态,1000,历史全局最优路径,GP 源内重加权,蒸发和下界保护后,两条来源路径共有边,7,0.9453333333333332,0.0,0.0,0.0,0.0
不使用 GP 产生的状态,1000,历史全局最优路径,GP 源内重加权,蒸发和下界保护后,仅历史来源路径包含的边,0,1.0,0.0,0.0,0.0,0.0
不使用 GP 产生的状态,1000,历史全局最优路径,GP 源内重加权,蒸发和下界保护后,仅历史来源路径包含的边,1,0.9620000000000002,0.0,0.0,0.0,0.0
不使用 GP 产生的状态,1000,历史全局最优路径,GP 源内重加权,蒸发和下界保护后,仅历史来源路径包含的边,2,0.9446666666666668,0.0,0.0,0.0,0.0
不使用 GP 产生的状态,1000,历史全局最优路径,GP 源内重加权,蒸发和下界保护后,仅历史来源路径包含的边,3,0.9026666666666665,0.0,0.0,0.0,0.0
不使用 GP 产生的状态,1000,历史全局最优路径,GP 源内重加权,蒸发和下界保护后,仅历史来源路径包含的边,4,0.98,0.0,0.0,0.0,0.0
不使用 GP 产生的状态,1000,历史全局最优路径,GP 源内重加权,蒸发和下界保护后,仅历史来源路径包含的边,5,0.968,0.0,0.0,0.0,0.0
不使用 GP 产生的状态,1000,历史全局最优路径,GP 源内重加权,蒸发和下界保护后,仅历史来源路径包含的边,6,0.9573333333333333,0.0,0.0,0.0,0.0
不使用 GP 产生的状态,1000,历史全局最优路径,GP 源内重加权,蒸发和下界保护后,仅历史来源路径包含的边,7,0.9453333333333332,0.0,0.0,0.0,0.0
不使用 GP 产生的状态,1000,历史全局最优路径,GP 源内重加权,蒸发和下界保护后,仅本轮最优路径包含的边,0,1.0,0.0,0.0,0.0,0.0
不使用 GP 产生的状态,1000,历史全局最优路径,GP 源内重加权,蒸发和下界保护后,仅本轮最优路径包含的边,1,0.9620000000000002,0.0,0.0,0.0,0.0
不使用 GP 产生的状态,1000,历史全局最优路径,GP 源内重加权,蒸发和下界保护后,仅本轮最优路径包含的边,2,0.9446666666666668,0.0,0.0,0.0,0.0
不使用 GP 产生的状态,1000,历史全局最优路径,GP 源内重加权,蒸发和下界保护后,仅本轮最优路径包含的边,3,0.9026666666666665,0.0,0.0,0.0,0.0
不使用 GP 产生的状态,1000,历史全局最优路径,GP 源内重加权,蒸发和下界保护后,仅本轮最优路径包含的边,4,0.98,0.0,0.0,0.0,0.0
不使用 GP 产生的状态,1000,历史全局最优路径,GP 源内重加权,蒸发和下界保护后,仅本轮最优路径包含的边,5,0.968,0.0,0.0,0.0,0.0
不使用 GP 产生的状态,1000,历史全局最优路径,GP 源内重加权,蒸发和下界保护后,仅本轮最优路径包含的边,6,0.9573333333333333,0.0,0.0,0.0,0.0
不使用 GP 产生的状态,1000,历史全局最优路径,GP 源内重加权,蒸发和下界保护后,仅本轮最优路径包含的边,7,0.9453333333333332,0.0,0.0,0.0,0.0
不使用 GP 产生的状态,1000,历史全局最优路径,GP 源内重加权,蒸发和下界保护后,其他候选弧,0,1.0,0.0,0.0,0.0,0.0
不使用 GP 产生的状态,1000,历史全局最优路径,GP 源内重加权,蒸发和下界保护后,其他候选弧,1,0.9620000000000002,0.0,0.0,0.0,0.0
不使用 GP 产生的状态,1000,历史全局最优路径,GP 源内重加权,蒸发和下界保护后,其他候选弧,2,0.9446666666666668,0.0,0.0,0.0,0.0
不使用 GP 产生的状态,1000,历史全局最优路径,GP 源内重加权,蒸发和下界保护后,其他候选弧,3,0.9026666666666665,0.0,0.0,0.0,0.0
不使用 GP 产生的状态,1000,历史全局最优路径,GP 源内重加权,蒸发和下界保护后,其他候选弧,4,0.98,0.0,0.0,0.0,0.0
不使用 GP 产生的状态,1000,历史全局最优路径,GP 源内重加权,蒸发和下界保护后,其他候选弧,5,0.968,0.0,0.0,0.0,0.0
不使用 GP 产生的状态,1000,历史全局最优路径,GP 源内重加权,蒸发和下界保护后,其他候选弧,6,0.9573333333333333,0.0,0.0,0.0,0.0
不使用 GP 产生的状态,1000,历史全局最优路径,GP 源内重加权,蒸发和下界保护后,其他候选弧,7,0.9453333333333332,0.0,0.0,0.0,0.0
不使用 GP 产生的状态,1000,历史全局最优路径,GP 源内重加权,重启和可选上界处理后,两条来源路径共有边,0,1.0,7.974500337952422e-08,1.790779515985805e-05,4.774994320339627e-09,1.0818441708882651e-06
不使用 GP 产生的状态,1000,历史全局最优路径,GP 源内重加权,重启和可选上界处理后,两条来源路径共有边,1,0.9620000000000002,0.016379447900132956,0.016388433611809403,0.0010976907655891991,0.0010982249159247229
不使用 GP 产生的状态,1000,历史全局最优路径,GP 源内重加权,重启和可选上界处理后,两条来源路径共有边,2,0.9446666666666668,0.003109360245527949,0.0031491102827460177,0.00021969634652645975,0.00022248026580928707
不使用 GP 产生的状态,1000,历史全局最优路径,GP 源内重加权,重启和可选上界处理后,两条来源路径共有边,3,0.9026666666666665,0.04125975354699908,0.04125975354699908,0.0029078325570918145,0.0029078325570918145
不使用 GP 产生的状态,1000,历史全局最优路径,GP 源内重加权,重启和可选上界处理后,两条来源路径共有边,4,0.98,0.009043909645772046,0.009049156907571973,0.0005945917741344894,0.0005949163810299361
不使用 GP 产生的状态,1000,历史全局最优路径,GP 源内重加权,重启和可选上界处理后,两条来源路径共有边,5,0.968,0.014093954641736609,0.01410312126470621,0.0009548745985521095,0.0009554381207320309
不使用 GP 产生的状态,1000,历史全局最优路径,GP 源内重加权,重启和可选上界处理后,两条来源路径共有边,6,0.9573333333333333,0.0182468065401424,0.018256539636808216,0.0012876691046900947,0.0012882988429519138
不使用 GP 产生的状态,1000,历史全局最优路径,GP 源内重加权,重启和可选上界处理后,两条来源路径共有边,7,0.9453333333333332,0.023257558907052615,0.023258921522886798,0.0016764543765976606,0.001676536962144366
不使用 GP 产生的状态,1000,历史全局最优路径,GP 源内重加权,重启和可选上界处理后,仅历史来源路径包含的边,0,1.0,0.0,0.0,0.0,0.0
不使用 GP 产生的状态,1000,历史全局最优路径,GP 源内重加权,重启和可选上界处理后,仅历史来源路径包含的边,1,0.9620000000000002,0.021651651717395002,0.021651651717395002,0.011277172179540008,0.011277172179540008
不使用 GP 产生的状态,1000,历史全局最优路径,GP 源内重加权,重启和可选上界处理后,仅历史来源路径包含的边,2,0.9446666666666668,0.04082979484396565,0.04082979484396565,0.014494069639013313,0.014494069639013313
不使用 GP 产生的状态,1000,历史全局最优路径,GP 源内重加权,重启和可选上界处理后,仅历史来源路径包含的边,3,0.9026666666666665,0.05616005427929865,0.05616005427929865,0.022975257948957144,0.022975257948957144
不使用 GP 产生的状态,1000,历史全局最优路径,GP 源内重加权,重启和可选上界处理后,仅历史来源路径包含的边,4,0.98,0.01098045949933197,0.01098045949933197,0.011309932484787337,0.011309932484787337
不使用 GP 产生的状态,1000,历史全局最优路径,GP 源内重加权,重启和可选上界处理后,仅历史来源路径包含的边,5,0.968,0.01792792833216629,0.01792792833216629,0.011437766294370199,0.011437766294370199
不使用 GP 产生的状态,1000,历史全局最优路径,GP 源内重加权,重启和可选上界处理后,仅历史来源路径包含的边,6,0.9573333333333333,0.024453673060774977,0.024453673060774977,0.011756229996939914,0.011756229996939914
不使用 GP 产生的状态,1000,历史全局最优路径,GP 源内重加权,重启和可选上界处理后,仅历史来源路径包含的边,7,0.9453333333333332,0.03154347968222612,0.03154347968222612,0.011590437145700532,0.011590437145700532
不使用 GP 产生的状态,1000,历史全局最优路径,GP 源内重加权,重启和可选上界处理后,仅本轮最优路径包含的边,0,1.0,0.0,0.0,0.0,0.0
不使用 GP 产生的状态,1000,历史全局最优路径,GP 源内重加权,重启和可选上界处理后,仅本轮最优路径包含的边,1,0.9620000000000002,-0.03803140060576976,0.03803140060576976,-0.019808495834789316,0.019808495834789316
不使用 GP 产生的状态,1000,历史全局最优路径,GP 源内重加权,重启和可选上界处理后,仅本轮最优路径包含的边,2,0.9446666666666668,-0.04393909513769682,0.04393909513769682,-0.015597832593448158,0.015597832593448158
不使用 GP 产生的状态,1000,历史全局最优路径,GP 源内重加权,重启和可选上界处理后,仅本轮最优路径包含的边,3,0.9026666666666665,-0.097419845319681,0.097419845319681,-0.03992545149970116,0.03992545149970116
不使用 GP 产生的状态,1000,历史全局最优路径,GP 源内重加权,重启和可选上界处理后,仅本轮最优路径包含的边,4,0.98,-0.02002459973476539,0.02002459973476539,-0.020625445688212358,0.020625445688212358
不使用 GP 产生的状态,1000,历史全局最优路径,GP 源内重加权,重启和可选上界处理后,仅本轮最优路径包含的边,5,0.968,-0.0320221661987291,0.0320221661987291,-0.02042969195517125,0.02042969195517125
不使用 GP 产生的状态,1000,历史全局最优路径,GP 源内重加权,重启和可选上界处理后,仅本轮最优路径包含的边,6,0.9573333333333333,-0.04270018923736998,0.04270018923736998,-0.020528337167989876,0.020528337167989876
不使用 GP 产生的状态,1000,历史全局最优路径,GP 源内重加权,重启和可选上界处理后,仅本轮最优路径包含的边,7,0.9453333333333332,-0.05480095154242169,0.05480095154242169,-0.020136237053609476,0.020136237053609476
不使用 GP 产生的状态,1000,历史全局最优路径,GP 源内重加权,重启和可选上界处理后,其他候选弧,0,1.0,0.0,0.0,0.0,0.0
不使用 GP 产生的状态,1000,历史全局最优路径,GP 源内重加权,重启和可选上界处理后,其他候选弧,1,0.9620000000000002,0.0,0.0,0.0,0.0
不使用 GP 产生的状态,1000,历史全局最优路径,GP 源内重加权,重启和可选上界处理后,其他候选弧,2,0.9446666666666668,0.0,0.0,0.0,0.0
不使用 GP 产生的状态,1000,历史全局最优路径,GP 源内重加权,重启和可选上界处理后,其他候选弧,3,0.9026666666666665,0.0,0.0,0.0,0.0
不使用 GP 产生的状态,1000,历史全局最优路径,GP 源内重加权,重启和可选上界处理后,其他候选弧,4,0.98,0.0,0.0,0.0,0.0
不使用 GP 产生的状态,1000,历史全局最优路径,GP 源内重加权,重启和可选上界处理后,其他候选弧,5,0.968,0.0,0.0,0.0,0.0
不使用 GP 产生的状态,1000,历史全局最优路径,GP 源内重加权,重启和可选上界处理后,其他候选弧,6,0.9573333333333333,0.0,0.0,0.0,0.0
不使用 GP 产生的状态,1000,历史全局最优路径,GP 源内重加权,重启和可选上界处理后,其他候选弧,7,0.9453333333333332,0.0,0.0,0.0,0.0
不使用 GP 产生的状态,1000,历史全局最优路径,来源内均匀沉积,更新前,两条来源路径共有边,0,1.0,0.0,0.0,0.0,0.0
不使用 GP 产生的状态,1000,历史全局最优路径,来源内均匀沉积,更新前,两条来源路径共有边,1,0.9620000000000002,0.0,0.0,0.0,0.0
不使用 GP 产生的状态,1000,历史全局最优路径,来源内均匀沉积,更新前,两条来源路径共有边,2,0.9446666666666668,0.0,0.0,0.0,0.0
不使用 GP 产生的状态,1000,历史全局最优路径,来源内均匀沉积,更新前,两条来源路径共有边,3,0.9026666666666665,0.0,0.0,0.0,0.0
不使用 GP 产生的状态,1000,历史全局最优路径,来源内均匀沉积,更新前,两条来源路径共有边,4,0.98,0.0,0.0,0.0,0.0
不使用 GP 产生的状态,1000,历史全局最优路径,来源内均匀沉积,更新前,两条来源路径共有边,5,0.968,0.0,0.0,0.0,0.0
不使用 GP 产生的状态,1000,历史全局最优路径,来源内均匀沉积,更新前,两条来源路径共有边,6,0.9573333333333333,0.0,0.0,0.0,0.0
不使用 GP 产生的状态,1000,历史全局最优路径,来源内均匀沉积,更新前,两条来源路径共有边,7,0.9453333333333332,0.0,0.0,0.0,0.0
不使用 GP 产生的状态,1000,历史全局最优路径,来源内均匀沉积,更新前,仅历史来源路径包含的边,0,1.0,0.0,0.0,0.0,0.0
不使用 GP 产生的状态,1000,历史全局最优路径,来源内均匀沉积,更新前,仅历史来源路径包含的边,1,0.9620000000000002,0.0,0.0,0.0,0.0
不使用 GP 产生的状态,1000,历史全局最优路径,来源内均匀沉积,更新前,仅历史来源路径包含的边,2,0.9446666666666668,0.0,0.0,0.0,0.0
不使用 GP 产生的状态,1000,历史全局最优路径,来源内均匀沉积,更新前,仅历史来源路径包含的边,3,0.9026666666666665,0.0,0.0,0.0,0.0
不使用 GP 产生的状态,1000,历史全局最优路径,来源内均匀沉积,更新前,仅历史来源路径包含的边,4,0.98,0.0,0.0,0.0,0.0
不使用 GP 产生的状态,1000,历史全局最优路径,来源内均匀沉积,更新前,仅历史来源路径包含的边,5,0.968,0.0,0.0,0.0,0.0
不使用 GP 产生的状态,1000,历史全局最优路径,来源内均匀沉积,更新前,仅历史来源路径包含的边,6,0.9573333333333333,0.0,0.0,0.0,0.0
不使用 GP 产生的状态,1000,历史全局最优路径,来源内均匀沉积,更新前,仅历史来源路径包含的边,7,0.9453333333333332,0.0,0.0,0.0,0.0
不使用 GP 产生的状态,1000,历史全局最优路径,来源内均匀沉积,更新前,仅本轮最优路径包含的边,0,1.0,0.0,0.0,0.0,0.0
不使用 GP 产生的状态,1000,历史全局最优路径,来源内均匀沉积,更新前,仅本轮最优路径包含的边,1,0.9620000000000002,0.0,0.0,0.0,0.0
不使用 GP 产生的状态,1000,历史全局最优路径,来源内均匀沉积,更新前,仅本轮最优路径包含的边,2,0.9446666666666668,0.0,0.0,0.0,0.0
不使用 GP 产生的状态,1000,历史全局最优路径,来源内均匀沉积,更新前,仅本轮最优路径包含的边,3,0.9026666666666665,0.0,0.0,0.0,0.0
不使用 GP 产生的状态,1000,历史全局最优路径,来源内均匀沉积,更新前,仅本轮最优路径包含的边,4,0.98,0.0,0.0,0.0,0.0
不使用 GP 产生的状态,1000,历史全局最优路径,来源内均匀沉积,更新前,仅本轮最优路径包含的边,5,0.968,0.0,0.0,0.0,0.0
不使用 GP 产生的状态,1000,历史全局最优路径,来源内均匀沉积,更新前,仅本轮最优路径包含的边,6,0.9573333333333333,0.0,0.0,0.0,0.0
不使用 GP 产生的状态,1000,历史全局最优路径,来源内均匀沉积,更新前,仅本轮最优路径包含的边,7,0.9453333333333332,0.0,0.0,0.0,0.0
不使用 GP 产生的状态,1000,历史全局最优路径,来源内均匀沉积,更新前,其他候选弧,0,1.0,0.0,0.0,0.0,0.0
不使用 GP 产生的状态,1000,历史全局最优路径,来源内均匀沉积,更新前,其他候选弧,1,0.9620000000000002,0.0,0.0,0.0,0.0
不使用 GP 产生的状态,1000,历史全局最优路径,来源内均匀沉积,更新前,其他候选弧,2,0.9446666666666668,0.0,0.0,0.0,0.0
不使用 GP 产生的状态,1000,历史全局最优路径,来源内均匀沉积,更新前,其他候选弧,3,0.9026666666666665,0.0,0.0,0.0,0.0
不使用 GP 产生的状态,1000,历史全局最优路径,来源内均匀沉积,更新前,其他候选弧,4,0.98,0.0,0.0,0.0,0.0
不使用 GP 产生的状态,1000,历史全局最优路径,来源内均匀沉积,更新前,其他候选弧,5,0.968,0.0,0.0,0.0,0.0
不使用 GP 产生的状态,1000,历史全局最优路径,来源内均匀沉积,更新前,其他候选弧,6,0.9573333333333333,0.0,0.0,0.0,0.0
不使用 GP 产生的状态,1000,历史全局最优路径,来源内均匀沉积,更新前,其他候选弧,7,0.9453333333333332,0.0,0.0,0.0,0.0
不使用 GP 产生的状态,1000,历史全局最优路径,来源内均匀沉积,沉积后,两条来源路径共有边,0,1.0,0.0,0.0,0.0,0.0
不使用 GP 产生的状态,1000,历史全局最优路径,来源内均匀沉积,沉积后,两条来源路径共有边,1,0.9620000000000002,0.0,0.0,0.0,0.0
不使用 GP 产生的状态,1000,历史全局最优路径,来源内均匀沉积,沉积后,两条来源路径共有边,2,0.9446666666666668,1.6605190038628428e-08,1.6605190038628428e-08,1.1732728837681808e-09,1.1732728837681808e-09
不使用 GP 产生的状态,1000,历史全局最优路径,来源内均匀沉积,沉积后,两条来源路径共有边,3,0.9026666666666665,-5.472754893587966e-09,6.4696973905827825e-09,-3.704021623064459e-10,4.4238844826706265e-10
不使用 GP 产生的状态,1000,历史全局最优路径,来源内均匀沉积,沉积后,两条来源路径共有边,4,0.98,0.0,0.0,0.0,0.0
不使用 GP 产生的状态,1000,历史全局最优路径,来源内均匀沉积,沉积后,两条来源路径共有边,5,0.968,0.0,0.0,0.0,0.0
不使用 GP 产生的状态,1000,历史全局最优路径,来源内均匀沉积,沉积后,两条来源路径共有边,6,0.9573333333333333,-1.0170339746533901e-08,1.0170339746533901e-08,-7.177164795201853e-10,7.177164795201853e-10
不使用 GP 产生的状态,1000,历史全局最优路径,来源内均匀沉积,沉积后,两条来源路径共有边,7,0.9453333333333332,1.371570438234269e-07,1.371570438234269e-07,9.886575847911682e-09,9.886575847911682e-09
不使用 GP 产生的状态,1000,历史全局最优路径,来源内均匀沉积,沉积后,仅历史来源路径包含的边,0,1.0,0.0,0.0,0.0,0.0
不使用 GP 产生的状态,1000,历史全局最优路径,来源内均匀沉积,沉积后,仅历史来源路径包含的边,1,0.9620000000000002,0.038000002040367103,0.038000002040367103,0.019792142023410026,0.019792142023410026
不使用 GP 产生的状态,1000,历史全局最优路径,来源内均匀沉积,沉积后,仅历史来源路径包含的边,2,0.9446666666666668,0.055333338904566876,0.055333338904566876,0.019642647495703682,0.019642647495703682
不使用 GP 产生的状态,1000,历史全局最优路径,来源内均匀沉积,沉积后,仅历史来源路径包含的边,3,0.9026666666666665,0.0973333323955387,0.0973333323955387,0.03989310251486167,0.03989310251486167
不使用 GP 产生的状态,1000,历史全局最优路径,来源内均匀沉积,沉积后,仅历史来源路径包含的边,4,0.98,0.020000001382522035,0.020000001382522035,0.020600109252781194,0.020600109252781194
不使用 GP 产生的状态,1000,历史全局最优路径,来源内均匀沉积,沉积后,仅历史来源路径包含的边,5,0.968,0.032000000866889505,0.032000000866889505,0.02041555078499692,0.02041555078499692
不使用 GP 产生的状态,1000,历史全局最优路径,来源内均匀沉积,沉积后,仅历史来源路径包含的边,6,0.9573333333333333,0.0426666689545088,0.0426666689545088,0.02051222211836527,0.02051222211836527
不使用 GP 产生的状态,1000,历史全局最优路径,来源内均匀沉积,沉积后,仅历史来源路径包含的边,7,0.9453333333333332,0.05466666921858928,0.05466666921858928,0.020086895926700283,0.020086895926700283
不使用 GP 产生的状态,1000,历史全局最优路径,来源内均匀沉积,沉积后,仅本轮最优路径包含的边,0,1.0,0.0,0.0,0.0,0.0
不使用 GP 产生的状态,1000,历史全局最优路径,来源内均匀沉积,沉积后,仅本轮最优路径包含的边,1,0.9620000000000002,-0.038000006622691145,0.038000006622691145,-0.01979214441009432,0.01979214441009432
不使用 GP 产生的状态,1000,历史全局最优路径,来源内均匀沉积,沉积后,仅本轮最优路径包含的边,2,0.9446666666666668,-0.05533333533144818,0.05533333533144818,-0.01964264622729096,0.01964264622729096
不使用 GP 产生的状态,1000,历史全局最优路径,来源内均匀沉积,沉积后,仅本轮最优路径包含的边,3,0.9026666666666665,-0.09733332234140543,0.09733332234140543,-0.039893098795444774,0.039893098795444774
不使用 GP 产生的状态,1000,历史全局最优路径,来源内均匀沉积,沉积后,仅本轮最优路径包含的边,4,0.98,-0.019999998534003464,0.019999998534003464,-0.02060010631879171,0.02060010631879171
不使用 GP 产生的状态,1000,历史全局最优路径,来源内均匀沉积,沉积后,仅本轮最优路径包含的边,5,0.968,-0.03200000092517955,0.03200000092517955,-0.020415550822185144,0.020415550822185144
不使用 GP 产生的状态,1000,历史全局最优路径,来源内均匀沉积,沉积后,仅本轮最优路径包含的边,6,0.9573333333333333,-0.042666671779603184,0.042666671779603184,-0.020512223476544023,0.020512223476544023
不使用 GP 产生的状态,1000,历史全局最优路径,来源内均匀沉积,沉积后,仅本轮最优路径包含的边,7,0.9453333333333332,-0.054666652376617164,0.054666652376617164,-0.02008688973823214,0.02008688973823214
不使用 GP 产生的状态,1000,历史全局最优路径,来源内均匀沉积,沉积后,其他候选弧,0,1.0,0.0,0.0,0.0,0.0
不使用 GP 产生的状态,1000,历史全局最优路径,来源内均匀沉积,沉积后,其他候选弧,1,0.9620000000000002,0.0,0.0,0.0,0.0
不使用 GP 产生的状态,1000,历史全局最优路径,来源内均匀沉积,沉积后,其他候选弧,2,0.9446666666666668,0.0,0.0,0.0,0.0
不使用 GP 产生的状态,1000,历史全局最优路径,来源内均匀沉积,沉积后,其他候选弧,3,0.9026666666666665,0.0,0.0,0.0,0.0
不使用 GP 产生的状态,1000,历史全局最优路径,来源内均匀沉积,沉积后,其他候选弧,4,0.98,0.0,0.0,0.0,0.0
不使用 GP 产生的状态,1000,历史全局最优路径,来源内均匀沉积,沉积后,其他候选弧,5,0.968,0.0,0.0,0.0,0.0
不使用 GP 产生的状态,1000,历史全局最优路径,来源内均匀沉积,沉积后,其他候选弧,6,0.9573333333333333,0.0,0.0,0.0,0.0
不使用 GP 产生的状态,1000,历史全局最优路径,来源内均匀沉积,沉积后,其他候选弧,7,0.9453333333333332,0.0,0.0,0.0,0.0
不使用 GP 产生的状态,1000,历史全局最优路径,来源内均匀沉积,蒸发和下界保护后,两条来源路径共有边,0,1.0,0.0,0.0,0.0,0.0
不使用 GP 产生的状态,1000,历史全局最优路径,来源内均匀沉积,蒸发和下界保护后,两条来源路径共有边,1,0.9620000000000002,0.0,0.0,0.0,0.0
不使用 GP 产生的状态,1000,历史全局最优路径,来源内均匀沉积,蒸发和下界保护后,两条来源路径共有边,2,0.9446666666666668,0.0,0.0,0.0,0.0
不使用 GP 产生的状态,1000,历史全局最优路径,来源内均匀沉积,蒸发和下界保护后,两条来源路径共有边,3,0.9026666666666665,0.0,0.0,0.0,0.0
不使用 GP 产生的状态,1000,历史全局最优路径,来源内均匀沉积,蒸发和下界保护后,两条来源路径共有边,4,0.98,0.0,0.0,0.0,0.0
不使用 GP 产生的状态,1000,历史全局最优路径,来源内均匀沉积,蒸发和下界保护后,两条来源路径共有边,5,0.968,0.0,0.0,0.0,0.0
不使用 GP 产生的状态,1000,历史全局最优路径,来源内均匀沉积,蒸发和下界保护后,两条来源路径共有边,6,0.9573333333333333,0.0,0.0,0.0,0.0
不使用 GP 产生的状态,1000,历史全局最优路径,来源内均匀沉积,蒸发和下界保护后,两条来源路径共有边,7,0.9453333333333332,0.0,0.0,0.0,0.0
不使用 GP 产生的状态,1000,历史全局最优路径,来源内均匀沉积,蒸发和下界保护后,仅历史来源路径包含的边,0,1.0,0.0,0.0,0.0,0.0
不使用 GP 产生的状态,1000,历史全局最优路径,来源内均匀沉积,蒸发和下界保护后,仅历史来源路径包含的边,1,0.9620000000000002,0.0,0.0,0.0,0.0
不使用 GP 产生的状态,1000,历史全局最优路径,来源内均匀沉积,蒸发和下界保护后,仅历史来源路径包含的边,2,0.9446666666666668,0.0,0.0,0.0,0.0
不使用 GP 产生的状态,1000,历史全局最优路径,来源内均匀沉积,蒸发和下界保护后,仅历史来源路径包含的边,3,0.9026666666666665,0.0,0.0,0.0,0.0
不使用 GP 产生的状态,1000,历史全局最优路径,来源内均匀沉积,蒸发和下界保护后,仅历史来源路径包含的边,4,0.98,0.0,0.0,0.0,0.0
不使用 GP 产生的状态,1000,历史全局最优路径,来源内均匀沉积,蒸发和下界保护后,仅历史来源路径包含的边,5,0.968,0.0,0.0,0.0,0.0
不使用 GP 产生的状态,1000,历史全局最优路径,来源内均匀沉积,蒸发和下界保护后,仅历史来源路径包含的边,6,0.9573333333333333,0.0,0.0,0.0,0.0
不使用 GP 产生的状态,1000,历史全局最优路径,来源内均匀沉积,蒸发和下界保护后,仅历史来源路径包含的边,7,0.9453333333333332,0.0,0.0,0.0,0.0
不使用 GP 产生的状态,1000,历史全局最优路径,来源内均匀沉积,蒸发和下界保护后,仅本轮最优路径包含的边,0,1.0,0.0,0.0,0.0,0.0
不使用 GP 产生的状态,1000,历史全局最优路径,来源内均匀沉积,蒸发和下界保护后,仅本轮最优路径包含的边,1,0.9620000000000002,0.0,0.0,0.0,0.0
不使用 GP 产生的状态,1000,历史全局最优路径,来源内均匀沉积,蒸发和下界保护后,仅本轮最优路径包含的边,2,0.9446666666666668,0.0,0.0,0.0,0.0
不使用 GP 产生的状态,1000,历史全局最优路径,来源内均匀沉积,蒸发和下界保护后,仅本轮最优路径包含的边,3,0.9026666666666665,0.0,0.0,0.0,0.0
不使用 GP 产生的状态,1000,历史全局最优路径,来源内均匀沉积,蒸发和下界保护后,仅本轮最优路径包含的边,4,0.98,0.0,0.0,0.0,0.0
不使用 GP 产生的状态,1000,历史全局最优路径,来源内均匀沉积,蒸发和下界保护后,仅本轮最优路径包含的边,5,0.968,0.0,0.0,0.0,0.0
不使用 GP 产生的状态,1000,历史全局最优路径,来源内均匀沉积,蒸发和下界保护后,仅本轮最优路径包含的边,6,0.9573333333333333,0.0,0.0,0.0,0.0
不使用 GP 产生的状态,1000,历史全局最优路径,来源内均匀沉积,蒸发和下界保护后,仅本轮最优路径包含的边,7,0.9453333333333332,0.0,0.0,0.0,0.0
不使用 GP 产生的状态,1000,历史全局最优路径,来源内均匀沉积,蒸发和下界保护后,其他候选弧,0,1.0,0.0,0.0,0.0,0.0
不使用 GP 产生的状态,1000,历史全局最优路径,来源内均匀沉积,蒸发和下界保护后,其他候选弧,1,0.9620000000000002,0.0,0.0,0.0,0.0
不使用 GP 产生的状态,1000,历史全局最优路径,来源内均匀沉积,蒸发和下界保护后,其他候选弧,2,0.9446666666666668,0.0,0.0,0.0,0.0
不使用 GP 产生的状态,1000,历史全局最优路径,来源内均匀沉积,蒸发和下界保护后,其他候选弧,3,0.9026666666666665,0.0,0.0,0.0,0.0
不使用 GP 产生的状态,1000,历史全局最优路径,来源内均匀沉积,蒸发和下界保护后,其他候选弧,4,0.98,0.0,0.0,0.0,0.0
不使用 GP 产生的状态,1000,历史全局最优路径,来源内均匀沉积,蒸发和下界保护后,其他候选弧,5,0.968,0.0,0.0,0.0,0.0
不使用 GP 产生的状态,1000,历史全局最优路径,来源内均匀沉积,蒸发和下界保护后,其他候选弧,6,0.9573333333333333,0.0,0.0,0.0,0.0
不使用 GP 产生的状态,1000,历史全局最优路径,来源内均匀沉积,蒸发和下界保护后,其他候选弧,7,0.9453333333333332,0.0,0.0,0.0,0.0
不使用 GP 产生的状态,1000,历史全局最优路径,来源内均匀沉积,重启和可选上界处理后,两条来源路径共有边,0,1.0,0.0,0.0,0.0,0.0
不使用 GP 产生的状态,1000,历史全局最优路径,来源内均匀沉积,重启和可选上界处理后,两条来源路径共有边,1,0.9620000000000002,0.0,0.0,0.0,0.0
不使用 GP 产生的状态,1000,历史全局最优路径,来源内均匀沉积,重启和可选上界处理后,两条来源路径共有边,2,0.9446666666666668,1.6605190038628428e-08,1.6605190038628428e-08,1.1732728837681808e-09,1.1732728837681808e-09
不使用 GP 产生的状态,1000,历史全局最优路径,来源内均匀沉积,重启和可选上界处理后,两条来源路径共有边,3,0.9026666666666665,-5.472754893587966e-09,6.4696973905827825e-09,-3.704021623064459e-10,4.4238844826706265e-10
不使用 GP 产生的状态,1000,历史全局最优路径,来源内均匀沉积,重启和可选上界处理后,两条来源路径共有边,4,0.98,0.0,0.0,0.0,0.0
不使用 GP 产生的状态,1000,历史全局最优路径,来源内均匀沉积,重启和可选上界处理后,两条来源路径共有边,5,0.968,0.0,0.0,0.0,0.0
不使用 GP 产生的状态,1000,历史全局最优路径,来源内均匀沉积,重启和可选上界处理后,两条来源路径共有边,6,0.9573333333333333,-1.0170339746533901e-08,1.0170339746533901e-08,-7.177164795201853e-10,7.177164795201853e-10
不使用 GP 产生的状态,1000,历史全局最优路径,来源内均匀沉积,重启和可选上界处理后,两条来源路径共有边,7,0.9453333333333332,1.371570438234269e-07,1.371570438234269e-07,9.886575847911682e-09,9.886575847911682e-09
不使用 GP 产生的状态,1000,历史全局最优路径,来源内均匀沉积,重启和可选上界处理后,仅历史来源路径包含的边,0,1.0,0.0,0.0,0.0,0.0
不使用 GP 产生的状态,1000,历史全局最优路径,来源内均匀沉积,重启和可选上界处理后,仅历史来源路径包含的边,1,0.9620000000000002,0.038000002040367103,0.038000002040367103,0.019792142023410026,0.019792142023410026
不使用 GP 产生的状态,1000,历史全局最优路径,来源内均匀沉积,重启和可选上界处理后,仅历史来源路径包含的边,2,0.9446666666666668,0.055333338904566876,0.055333338904566876,0.019642647495703682,0.019642647495703682
不使用 GP 产生的状态,1000,历史全局最优路径,来源内均匀沉积,重启和可选上界处理后,仅历史来源路径包含的边,3,0.9026666666666665,0.0973333323955387,0.0973333323955387,0.03989310251486167,0.03989310251486167
不使用 GP 产生的状态,1000,历史全局最优路径,来源内均匀沉积,重启和可选上界处理后,仅历史来源路径包含的边,4,0.98,0.020000001382522035,0.020000001382522035,0.020600109252781194,0.020600109252781194
不使用 GP 产生的状态,1000,历史全局最优路径,来源内均匀沉积,重启和可选上界处理后,仅历史来源路径包含的边,5,0.968,0.032000000866889505,0.032000000866889505,0.02041555078499692,0.02041555078499692
不使用 GP 产生的状态,1000,历史全局最优路径,来源内均匀沉积,重启和可选上界处理后,仅历史来源路径包含的边,6,0.9573333333333333,0.0426666689545088,0.0426666689545088,0.02051222211836527,0.02051222211836527
不使用 GP 产生的状态,1000,历史全局最优路径,来源内均匀沉积,重启和可选上界处理后,仅历史来源路径包含的边,7,0.9453333333333332,0.05466666921858928,0.05466666921858928,0.020086895926700283,0.020086895926700283
不使用 GP 产生的状态,1000,历史全局最优路径,来源内均匀沉积,重启和可选上界处理后,仅本轮最优路径包含的边,0,1.0,0.0,0.0,0.0,0.0
不使用 GP 产生的状态,1000,历史全局最优路径,来源内均匀沉积,重启和可选上界处理后,仅本轮最优路径包含的边,1,0.9620000000000002,-0.038000006622691145,0.038000006622691145,-0.01979214441009432,0.01979214441009432
不使用 GP 产生的状态,1000,历史全局最优路径,来源内均匀沉积,重启和可选上界处理后,仅本轮最优路径包含的边,2,0.9446666666666668,-0.05533333533144818,0.05533333533144818,-0.01964264622729096,0.01964264622729096
不使用 GP 产生的状态,1000,历史全局最优路径,来源内均匀沉积,重启和可选上界处理后,仅本轮最优路径包含的边,3,0.9026666666666665,-0.09733332234140543,0.09733332234140543,-0.039893098795444774,0.039893098795444774
不使用 GP 产生的状态,1000,历史全局最优路径,来源内均匀沉积,重启和可选上界处理后,仅本轮最优路径包含的边,4,0.98,-0.019999998534003464,0.019999998534003464,-0.02060010631879171,0.02060010631879171
不使用 GP 产生的状态,1000,历史全局最优路径,来源内均匀沉积,重启和可选上界处理后,仅本轮最优路径包含的边,5,0.968,-0.03200000092517955,0.03200000092517955,-0.020415550822185144,0.020415550822185144
不使用 GP 产生的状态,1000,历史全局最优路径,来源内均匀沉积,重启和可选上界处理后,仅本轮最优路径包含的边,6,0.9573333333333333,-0.042666671779603184,0.042666671779603184,-0.020512223476544023,0.020512223476544023
不使用 GP 产生的状态,1000,历史全局最优路径,来源内均匀沉积,重启和可选上界处理后,仅本轮最优路径包含的边,7,0.9453333333333332,-0.054666652376617164,0.054666652376617164,-0.02008688973823214,0.02008688973823214
不使用 GP 产生的状态,1000,历史全局最优路径,来源内均匀沉积,重启和可选上界处理后,其他候选弧,0,1.0,0.0,0.0,0.0,0.0
不使用 GP 产生的状态,1000,历史全局最优路径,来源内均匀沉积,重启和可选上界处理后,其他候选弧,1,0.9620000000000002,0.0,0.0,0.0,0.0
不使用 GP 产生的状态,1000,历史全局最优路径,来源内均匀沉积,重启和可选上界处理后,其他候选弧,2,0.9446666666666668,0.0,0.0,0.0,0.0
不使用 GP 产生的状态,1000,历史全局最优路径,来源内均匀沉积,重启和可选上界处理后,其他候选弧,3,0.9026666666666665,0.0,0.0,0.0,0.0
不使用 GP 产生的状态,1000,历史全局最优路径,来源内均匀沉积,重启和可选上界处理后,其他候选弧,4,0.98,0.0,0.0,0.0,0.0
不使用 GP 产生的状态,1000,历史全局最优路径,来源内均匀沉积,重启和可选上界处理后,其他候选弧,5,0.968,0.0,0.0,0.0,0.0
不使用 GP 产生的状态,1000,历史全局最优路径,来源内均匀沉积,重启和可选上界处理后,其他候选弧,6,0.9573333333333333,0.0,0.0,0.0,0.0
不使用 GP 产生的状态,1000,历史全局最优路径,来源内均匀沉积,重启和可选上界处理后,其他候选弧,7,0.9453333333333332,0.0,0.0,0.0,0.0
不使用 GP 产生的状态,1000,历史重启阶段最优路径,GP 源内重加权,更新前,两条来源路径共有边,0,1.0,0.0,0.0,0.0,0.0
不使用 GP 产生的状态,1000,历史重启阶段最优路径,GP 源内重加权,更新前,两条来源路径共有边,1,1.0,0.0,0.0,0.0,0.0
不使用 GP 产生的状态,1000,历史重启阶段最优路径,GP 源内重加权,更新前,两条来源路径共有边,2,0.946,0.0,0.0,0.0,0.0
不使用 GP 产生的状态,1000,历史重启阶段最优路径,GP 源内重加权,更新前,两条来源路径共有边,3,1.0,0.0,0.0,0.0,0.0
不使用 GP 产生的状态,1000,历史重启阶段最优路径,GP 源内重加权,更新前,两条来源路径共有边,4,1.0,0.0,0.0,0.0,0.0
不使用 GP 产生的状态,1000,历史重启阶段最优路径,GP 源内重加权,更新前,两条来源路径共有边,5,1.0,0.0,0.0,0.0,0.0
不使用 GP 产生的状态,1000,历史重启阶段最优路径,GP 源内重加权,更新前,两条来源路径共有边,6,1.0,0.0,0.0,0.0,0.0
不使用 GP 产生的状态,1000,历史重启阶段最优路径,GP 源内重加权,更新前,两条来源路径共有边,7,1.0,0.0,0.0,0.0,0.0
不使用 GP 产生的状态,1000,历史重启阶段最优路径,GP 源内重加权,更新前,仅历史来源路径包含的边,0,1.0,0.0,0.0,0.0,0.0
不使用 GP 产生的状态,1000,历史重启阶段最优路径,GP 源内重加权,更新前,仅历史来源路径包含的边,1,1.0,0.0,0.0,0.0,0.0
不使用 GP 产生的状态,1000,历史重启阶段最优路径,GP 源内重加权,更新前,仅历史来源路径包含的边,2,0.946,0.0,0.0,0.0,0.0
不使用 GP 产生的状态,1000,历史重启阶段最优路径,GP 源内重加权,更新前,仅历史来源路径包含的边,3,1.0,0.0,0.0,0.0,0.0
不使用 GP 产生的状态,1000,历史重启阶段最优路径,GP 源内重加权,更新前,仅历史来源路径包含的边,4,1.0,0.0,0.0,0.0,0.0
不使用 GP 产生的状态,1000,历史重启阶段最优路径,GP 源内重加权,更新前,仅历史来源路径包含的边,5,1.0,0.0,0.0,0.0,0.0
不使用 GP 产生的状态,1000,历史重启阶段最优路径,GP 源内重加权,更新前,仅历史来源路径包含的边,6,1.0,0.0,0.0,0.0,0.0
不使用 GP 产生的状态,1000,历史重启阶段最优路径,GP 源内重加权,更新前,仅历史来源路径包含的边,7,1.0,0.0,0.0,0.0,0.0
不使用 GP 产生的状态,1000,历史重启阶段最优路径,GP 源内重加权,更新前,仅本轮最优路径包含的边,0,1.0,0.0,0.0,0.0,0.0
不使用 GP 产生的状态,1000,历史重启阶段最优路径,GP 源内重加权,更新前,仅本轮最优路径包含的边,1,1.0,0.0,0.0,0.0,0.0
不使用 GP 产生的状态,1000,历史重启阶段最优路径,GP 源内重加权,更新前,仅本轮最优路径包含的边,2,0.946,0.0,0.0,0.0,0.0
不使用 GP 产生的状态,1000,历史重启阶段最优路径,GP 源内重加权,更新前,仅本轮最优路径包含的边,3,1.0,0.0,0.0,0.0,0.0
不使用 GP 产生的状态,1000,历史重启阶段最优路径,GP 源内重加权,更新前,仅本轮最优路径包含的边,4,1.0,0.0,0.0,0.0,0.0
不使用 GP 产生的状态,1000,历史重启阶段最优路径,GP 源内重加权,更新前,仅本轮最优路径包含的边,5,1.0,0.0,0.0,0.0,0.0
不使用 GP 产生的状态,1000,历史重启阶段最优路径,GP 源内重加权,更新前,仅本轮最优路径包含的边,6,1.0,0.0,0.0,0.0,0.0
不使用 GP 产生的状态,1000,历史重启阶段最优路径,GP 源内重加权,更新前,仅本轮最优路径包含的边,7,1.0,0.0,0.0,0.0,0.0
不使用 GP 产生的状态,1000,历史重启阶段最优路径,GP 源内重加权,更新前,其他候选弧,0,1.0,0.0,0.0,0.0,0.0
不使用 GP 产生的状态,1000,历史重启阶段最优路径,GP 源内重加权,更新前,其他候选弧,1,1.0,0.0,0.0,0.0,0.0
不使用 GP 产生的状态,1000,历史重启阶段最优路径,GP 源内重加权,更新前,其他候选弧,2,0.946,0.0,0.0,0.0,0.0
不使用 GP 产生的状态,1000,历史重启阶段最优路径,GP 源内重加权,更新前,其他候选弧,3,1.0,0.0,0.0,0.0,0.0
不使用 GP 产生的状态,1000,历史重启阶段最优路径,GP 源内重加权,更新前,其他候选弧,4,1.0,0.0,0.0,0.0,0.0
不使用 GP 产生的状态,1000,历史重启阶段最优路径,GP 源内重加权,更新前,其他候选弧,5,1.0,0.0,0.0,0.0,0.0
不使用 GP 产生的状态,1000,历史重启阶段最优路径,GP 源内重加权,更新前,其他候选弧,6,1.0,0.0,0.0,0.0,0.0
不使用 GP 产生的状态,1000,历史重启阶段最优路径,GP 源内重加权,更新前,其他候选弧,7,1.0,0.0,0.0,0.0,0.0
不使用 GP 产生的状态,1000,历史重启阶段最优路径,GP 源内重加权,沉积后,两条来源路径共有边,0,1.0,1.0431769012332414e-07,7.655135114604579e-06,6.258487701416016e-09,4.6187639236450193e-07
不使用 GP 产生的状态,1000,历史重启阶段最优路径,GP 源内重加权,沉积后,两条来源路径共有边,1,1.0,-7.589493040374239e-08,1.1363433690883244e-05,-4.5233302646213095e-09,6.753140025668674e-07
不使用 GP 产生的状态,1000,历史重启阶段最优路径,GP 源内重加权,沉积后,两条来源路径共有边,2,0.946,-0.004905987503364886,0.0049099966645386696,-0.00034498935860431787,0.00034523422773053184
不使用 GP 产生的状态,1000,历史重启阶段最优路径,GP 源内重加权,沉积后,两条来源路径共有边,3,1.0,-3.905928852788265e-07,1.1408168515264244e-05,-2.3388200336032444e-08,6.827480263180203e-07
不使用 GP 产生的状态,1000,历史重启阶段最优路径,GP 源内重加权,沉积后,两条来源路径共有边,4,1.0,7.731403909124163e-08,2.2209000982222797e-05,4.774994320339626e-09,1.37300623787774e-06
不使用 GP 产生的状态,1000,历史重启阶段最优路径,GP 源内重加权,沉积后,两条来源路径共有边,5,1.0,1.4551026302887378e-07,1.1408601347441086e-05,8.950630823771159e-09,7.008744610680475e-07
不使用 GP 产生的状态,1000,历史重启阶段最优路径,GP 源内重加权,沉积后,两条来源路径共有边,6,1.0,7.05031014414423e-09,6.4492293024574145e-06,4.3378935919867643e-10,3.9725502332051594e-07
不使用 GP 产生的状态,1000,历史重启阶段最优路径,GP 源内重加权,沉积后,两条来源路径共有边,7,1.0,-2.589021938976974e-08,3.8256643739845325e-06,-1.5397866566975907e-09,2.3103091451856827e-07
不使用 GP 产生的状态,1000,历史重启阶段最优路径,GP 源内重加权,沉积后,仅历史来源路径包含的边,0,1.0,0.0,0.0,0.0,0.0
不使用 GP 产生的状态,1000,历史重启阶段最优路径,GP 源内重加权,沉积后,仅历史来源路径包含的边,1,1.0,0.0,0.0,0.0,0.0
不使用 GP 产生的状态,1000,历史重启阶段最优路径,GP 源内重加权,沉积后,仅历史来源路径包含的边,2,0.946,0.044604774887523915,0.044604774887523915,0.016225107065280606,0.016225107065280606
不使用 GP 产生的状态,1000,历史重启阶段最优路径,GP 源内重加权,沉积后,仅历史来源路径包含的边,3,1.0,0.0,0.0,0.0,0.0
不使用 GP 产生的状态,1000,历史重启阶段最优路径,GP 源内重加权,沉积后,仅历史来源路径包含的边,4,1.0,0.0,0.0,0.0,0.0
不使用 GP 产生的状态,1000,历史重启阶段最优路径,GP 源内重加权,沉积后,仅历史来源路径包含的边,5,1.0,0.0,0.0,0.0,0.0
不使用 GP 产生的状态,1000,历史重启阶段最优路径,GP 源内重加权,沉积后,仅历史来源路径包含的边,6,1.0,0.0,0.0,0.0,0.0
不使用 GP 产生的状态,1000,历史重启阶段最优路径,GP 源内重加权,沉积后,仅历史来源路径包含的边,7,1.0,0.0,0.0,0.0,0.0
不使用 GP 产生的状态,1000,历史重启阶段最优路径,GP 源内重加权,沉积后,仅本轮最优路径包含的边,0,1.0,0.0,0.0,0.0,0.0
不使用 GP 产生的状态,1000,历史重启阶段最优路径,GP 源内重加权,沉积后,仅本轮最优路径包含的边,1,1.0,0.0,0.0,0.0,0.0
不使用 GP 产生的状态,1000,历史重启阶段最优路径,GP 源内重加权,沉积后,仅本轮最优路径包含的边,2,0.946,-0.03969880507832205,0.03969880507832205,-0.014440547326686363,0.014440547326686363
不使用 GP 产生的状态,1000,历史重启阶段最优路径,GP 源内重加权,沉积后,仅本轮最优路径包含的边,3,1.0,0.0,0.0,0.0,0.0
不使用 GP 产生的状态,1000,历史重启阶段最优路径,GP 源内重加权,沉积后,仅本轮最优路径包含的边,4,1.0,0.0,0.0,0.0,0.0
不使用 GP 产生的状态,1000,历史重启阶段最优路径,GP 源内重加权,沉积后,仅本轮最优路径包含的边,5,1.0,0.0,0.0,0.0,0.0
不使用 GP 产生的状态,1000,历史重启阶段最优路径,GP 源内重加权,沉积后,仅本轮最优路径包含的边,6,1.0,0.0,0.0,0.0,0.0
不使用 GP 产生的状态,1000,历史重启阶段最优路径,GP 源内重加权,沉积后,仅本轮最优路径包含的边,7,1.0,0.0,0.0,0.0,0.0
不使用 GP 产生的状态,1000,历史重启阶段最优路径,GP 源内重加权,沉积后,其他候选弧,0,1.0,0.0,0.0,0.0,0.0
不使用 GP 产生的状态,1000,历史重启阶段最优路径,GP 源内重加权,沉积后,其他候选弧,1,1.0,0.0,0.0,0.0,0.0
不使用 GP 产生的状态,1000,历史重启阶段最优路径,GP 源内重加权,沉积后,其他候选弧,2,0.946,0.0,0.0,0.0,0.0
不使用 GP 产生的状态,1000,历史重启阶段最优路径,GP 源内重加权,沉积后,其他候选弧,3,1.0,0.0,0.0,0.0,0.0
不使用 GP 产生的状态,1000,历史重启阶段最优路径,GP 源内重加权,沉积后,其他候选弧,4,1.0,0.0,0.0,0.0,0.0
不使用 GP 产生的状态,1000,历史重启阶段最优路径,GP 源内重加权,沉积后,其他候选弧,5,1.0,0.0,0.0,0.0,0.0
不使用 GP 产生的状态,1000,历史重启阶段最优路径,GP 源内重加权,沉积后,其他候选弧,6,1.0,0.0,0.0,0.0,0.0
不使用 GP 产生的状态,1000,历史重启阶段最优路径,GP 源内重加权,沉积后,其他候选弧,7,1.0,0.0,0.0,0.0,0.0
不使用 GP 产生的状态,1000,历史重启阶段最优路径,GP 源内重加权,蒸发和下界保护后,两条来源路径共有边,0,1.0,0.0,0.0,0.0,0.0
不使用 GP 产生的状态,1000,历史重启阶段最优路径,GP 源内重加权,蒸发和下界保护后,两条来源路径共有边,1,1.0,0.0,0.0,0.0,0.0
不使用 GP 产生的状态,1000,历史重启阶段最优路径,GP 源内重加权,蒸发和下界保护后,两条来源路径共有边,2,0.946,0.0,0.0,0.0,0.0
不使用 GP 产生的状态,1000,历史重启阶段最优路径,GP 源内重加权,蒸发和下界保护后,两条来源路径共有边,3,1.0,0.0,0.0,0.0,0.0
不使用 GP 产生的状态,1000,历史重启阶段最优路径,GP 源内重加权,蒸发和下界保护后,两条来源路径共有边,4,1.0,0.0,0.0,0.0,0.0
不使用 GP 产生的状态,1000,历史重启阶段最优路径,GP 源内重加权,蒸发和下界保护后,两条来源路径共有边,5,1.0,0.0,0.0,0.0,0.0
不使用 GP 产生的状态,1000,历史重启阶段最优路径,GP 源内重加权,蒸发和下界保护后,两条来源路径共有边,6,1.0,0.0,0.0,0.0,0.0
不使用 GP 产生的状态,1000,历史重启阶段最优路径,GP 源内重加权,蒸发和下界保护后,两条来源路径共有边,7,1.0,0.0,0.0,0.0,0.0
不使用 GP 产生的状态,1000,历史重启阶段最优路径,GP 源内重加权,蒸发和下界保护后,仅历史来源路径包含的边,0,1.0,0.0,0.0,0.0,0.0
不使用 GP 产生的状态,1000,历史重启阶段最优路径,GP 源内重加权,蒸发和下界保护后,仅历史来源路径包含的边,1,1.0,0.0,0.0,0.0,0.0
不使用 GP 产生的状态,1000,历史重启阶段最优路径,GP 源内重加权,蒸发和下界保护后,仅历史来源路径包含的边,2,0.946,0.0,0.0,0.0,0.0
不使用 GP 产生的状态,1000,历史重启阶段最优路径,GP 源内重加权,蒸发和下界保护后,仅历史来源路径包含的边,3,1.0,0.0,0.0,0.0,0.0
不使用 GP 产生的状态,1000,历史重启阶段最优路径,GP 源内重加权,蒸发和下界保护后,仅历史来源路径包含的边,4,1.0,0.0,0.0,0.0,0.0
不使用 GP 产生的状态,1000,历史重启阶段最优路径,GP 源内重加权,蒸发和下界保护后,仅历史来源路径包含的边,5,1.0,0.0,0.0,0.0,0.0
不使用 GP 产生的状态,1000,历史重启阶段最优路径,GP 源内重加权,蒸发和下界保护后,仅历史来源路径包含的边,6,1.0,0.0,0.0,0.0,0.0
不使用 GP 产生的状态,1000,历史重启阶段最优路径,GP 源内重加权,蒸发和下界保护后,仅历史来源路径包含的边,7,1.0,0.0,0.0,0.0,0.0
不使用 GP 产生的状态,1000,历史重启阶段最优路径,GP 源内重加权,蒸发和下界保护后,仅本轮最优路径包含的边,0,1.0,0.0,0.0,0.0,0.0
不使用 GP 产生的状态,1000,历史重启阶段最优路径,GP 源内重加权,蒸发和下界保护后,仅本轮最优路径包含的边,1,1.0,0.0,0.0,0.0,0.0
不使用 GP 产生的状态,1000,历史重启阶段最优路径,GP 源内重加权,蒸发和下界保护后,仅本轮最优路径包含的边,2,0.946,0.0,0.0,0.0,0.0
不使用 GP 产生的状态,1000,历史重启阶段最优路径,GP 源内重加权,蒸发和下界保护后,仅本轮最优路径包含的边,3,1.0,0.0,0.0,0.0,0.0
不使用 GP 产生的状态,1000,历史重启阶段最优路径,GP 源内重加权,蒸发和下界保护后,仅本轮最优路径包含的边,4,1.0,0.0,0.0,0.0,0.0
不使用 GP 产生的状态,1000,历史重启阶段最优路径,GP 源内重加权,蒸发和下界保护后,仅本轮最优路径包含的边,5,1.0,0.0,0.0,0.0,0.0
不使用 GP 产生的状态,1000,历史重启阶段最优路径,GP 源内重加权,蒸发和下界保护后,仅本轮最优路径包含的边,6,1.0,0.0,0.0,0.0,0.0
不使用 GP 产生的状态,1000,历史重启阶段最优路径,GP 源内重加权,蒸发和下界保护后,仅本轮最优路径包含的边,7,1.0,0.0,0.0,0.0,0.0
不使用 GP 产生的状态,1000,历史重启阶段最优路径,GP 源内重加权,蒸发和下界保护后,其他候选弧,0,1.0,0.0,0.0,0.0,0.0
不使用 GP 产生的状态,1000,历史重启阶段最优路径,GP 源内重加权,蒸发和下界保护后,其他候选弧,1,1.0,0.0,0.0,0.0,0.0
不使用 GP 产生的状态,1000,历史重启阶段最优路径,GP 源内重加权,蒸发和下界保护后,其他候选弧,2,0.946,0.0,0.0,0.0,0.0
不使用 GP 产生的状态,1000,历史重启阶段最优路径,GP 源内重加权,蒸发和下界保护后,其他候选弧,3,1.0,0.0,0.0,0.0,0.0
不使用 GP 产生的状态,1000,历史重启阶段最优路径,GP 源内重加权,蒸发和下界保护后,其他候选弧,4,1.0,0.0,0.0,0.0,0.0
不使用 GP 产生的状态,1000,历史重启阶段最优路径,GP 源内重加权,蒸发和下界保护后,其他候选弧,5,1.0,0.0,0.0,0.0,0.0
不使用 GP 产生的状态,1000,历史重启阶段最优路径,GP 源内重加权,蒸发和下界保护后,其他候选弧,6,1.0,0.0,0.0,0.0,0.0
不使用 GP 产生的状态,1000,历史重启阶段最优路径,GP 源内重加权,蒸发和下界保护后,其他候选弧,7,1.0,0.0,0.0,0.0,0.0
不使用 GP 产生的状态,1000,历史重启阶段最优路径,GP 源内重加权,重启和可选上界处理后,两条来源路径共有边,0,1.0,1.0431769012332414e-07,7.655135114604579e-06,6.258487701416016e-09,4.6187639236450193e-07
不使用 GP 产生的状态,1000,历史重启阶段最优路径,GP 源内重加权,重启和可选上界处理后,两条来源路径共有边,1,1.0,-7.589493040374239e-08,1.1363433690883244e-05,-4.5233302646213095e-09,6.753140025668674e-07
不使用 GP 产生的状态,1000,历史重启阶段最优路径,GP 源内重加权,重启和可选上界处理后,两条来源路径共有边,2,0.946,-0.004905987503364886,0.0049099966645386696,-0.00034498935860431787,0.00034523422773053184
不使用 GP 产生的状态,1000,历史重启阶段最优路径,GP 源内重加权,重启和可选上界处理后,两条来源路径共有边,3,1.0,-2.8226595429900664e-07,8.93630475381341e-06,-1.6891294055514867e-08,5.344980292850071e-07
不使用 GP 产生的状态,1000,历史重启阶段最优路径,GP 源内重加权,重启和可选上界处理后,两条来源路径共有边,4,1.0,7.731403909124163e-08,2.2209000982222797e-05,4.774994320339626e-09,1.37300623787774e-06
不使用 GP 产生的状态,1000,历史重启阶段最优路径,GP 源内重加权,重启和可选上界处理后,两条来源路径共有边,5,1.0,1.4551026302887378e-07,1.1408601347441086e-05,8.950630823771159e-09,7.008744610680475e-07
不使用 GP 产生的状态,1000,历史重启阶段最优路径,GP 源内重加权,重启和可选上界处理后,两条来源路径共有边,6,1.0,1.6181411989846805e-08,6.382303697164794e-06,9.967221154106988e-10,3.9312905735439726e-07
不使用 GP 产生的状态,1000,历史重启阶段最优路径,GP 源内重加权,重启和可选上界处理后,两条来源路径共有边,7,1.0,-2.589021938976974e-08,3.8256643739845325e-06,-1.5397866566975907e-09,2.3103091451856827e-07
不使用 GP 产生的状态,1000,历史重启阶段最优路径,GP 源内重加权,重启和可选上界处理后,仅历史来源路径包含的边,0,1.0,0.0,0.0,0.0,0.0
不使用 GP 产生的状态,1000,历史重启阶段最优路径,GP 源内重加权,重启和可选上界处理后,仅历史来源路径包含的边,1,1.0,0.0,0.0,0.0,0.0
不使用 GP 产生的状态,1000,历史重启阶段最优路径,GP 源内重加权,重启和可选上界处理后,仅历史来源路径包含的边,2,0.946,0.044604774887523915,0.044604774887523915,0.016225107065280606,0.016225107065280606
不使用 GP 产生的状态,1000,历史重启阶段最优路径,GP 源内重加权,重启和可选上界处理后,仅历史来源路径包含的边,3,1.0,0.0,0.0,0.0,0.0
不使用 GP 产生的状态,1000,历史重启阶段最优路径,GP 源内重加权,重启和可选上界处理后,仅历史来源路径包含的边,4,1.0,0.0,0.0,0.0,0.0
不使用 GP 产生的状态,1000,历史重启阶段最优路径,GP 源内重加权,重启和可选上界处理后,仅历史来源路径包含的边,5,1.0,0.0,0.0,0.0,0.0
不使用 GP 产生的状态,1000,历史重启阶段最优路径,GP 源内重加权,重启和可选上界处理后,仅历史来源路径包含的边,6,1.0,0.0,0.0,0.0,0.0
不使用 GP 产生的状态,1000,历史重启阶段最优路径,GP 源内重加权,重启和可选上界处理后,仅历史来源路径包含的边,7,1.0,0.0,0.0,0.0,0.0
不使用 GP 产生的状态,1000,历史重启阶段最优路径,GP 源内重加权,重启和可选上界处理后,仅本轮最优路径包含的边,0,1.0,0.0,0.0,0.0,0.0
不使用 GP 产生的状态,1000,历史重启阶段最优路径,GP 源内重加权,重启和可选上界处理后,仅本轮最优路径包含的边,1,1.0,0.0,0.0,0.0,0.0
不使用 GP 产生的状态,1000,历史重启阶段最优路径,GP 源内重加权,重启和可选上界处理后,仅本轮最优路径包含的边,2,0.946,-0.03969880507832205,0.03969880507832205,-0.014440547326686363,0.014440547326686363
不使用 GP 产生的状态,1000,历史重启阶段最优路径,GP 源内重加权,重启和可选上界处理后,仅本轮最优路径包含的边,3,1.0,0.0,0.0,0.0,0.0
不使用 GP 产生的状态,1000,历史重启阶段最优路径,GP 源内重加权,重启和可选上界处理后,仅本轮最优路径包含的边,4,1.0,0.0,0.0,0.0,0.0
不使用 GP 产生的状态,1000,历史重启阶段最优路径,GP 源内重加权,重启和可选上界处理后,仅本轮最优路径包含的边,5,1.0,0.0,0.0,0.0,0.0
不使用 GP 产生的状态,1000,历史重启阶段最优路径,GP 源内重加权,重启和可选上界处理后,仅本轮最优路径包含的边,6,1.0,0.0,0.0,0.0,0.0
不使用 GP 产生的状态,1000,历史重启阶段最优路径,GP 源内重加权,重启和可选上界处理后,仅本轮最优路径包含的边,7,1.0,0.0,0.0,0.0,0.0
不使用 GP 产生的状态,1000,历史重启阶段最优路径,GP 源内重加权,重启和可选上界处理后,其他候选弧,0,1.0,0.0,0.0,0.0,0.0
不使用 GP 产生的状态,1000,历史重启阶段最优路径,GP 源内重加权,重启和可选上界处理后,其他候选弧,1,1.0,0.0,0.0,0.0,0.0
不使用 GP 产生的状态,1000,历史重启阶段最优路径,GP 源内重加权,重启和可选上界处理后,其他候选弧,2,0.946,0.0,0.0,0.0,0.0
不使用 GP 产生的状态,1000,历史重启阶段最优路径,GP 源内重加权,重启和可选上界处理后,其他候选弧,3,1.0,0.0,0.0,0.0,0.0
不使用 GP 产生的状态,1000,历史重启阶段最优路径,GP 源内重加权,重启和可选上界处理后,其他候选弧,4,1.0,0.0,0.0,0.0,0.0
不使用 GP 产生的状态,1000,历史重启阶段最优路径,GP 源内重加权,重启和可选上界处理后,其他候选弧,5,1.0,0.0,0.0,0.0,0.0
不使用 GP 产生的状态,1000,历史重启阶段最优路径,GP 源内重加权,重启和可选上界处理后,其他候选弧,6,1.0,0.0,0.0,0.0,0.0
不使用 GP 产生的状态,1000,历史重启阶段最优路径,GP 源内重加权,重启和可选上界处理后,其他候选弧,7,1.0,0.0,0.0,0.0,0.0
不使用 GP 产生的状态,1000,历史重启阶段最优路径,来源内均匀沉积,更新前,两条来源路径共有边,0,1.0,0.0,0.0,0.0,0.0
不使用 GP 产生的状态,1000,历史重启阶段最优路径,来源内均匀沉积,更新前,两条来源路径共有边,1,1.0,0.0,0.0,0.0,0.0
不使用 GP 产生的状态,1000,历史重启阶段最优路径,来源内均匀沉积,更新前,两条来源路径共有边,2,0.946,0.0,0.0,0.0,0.0
不使用 GP 产生的状态,1000,历史重启阶段最优路径,来源内均匀沉积,更新前,两条来源路径共有边,3,1.0,0.0,0.0,0.0,0.0
不使用 GP 产生的状态,1000,历史重启阶段最优路径,来源内均匀沉积,更新前,两条来源路径共有边,4,1.0,0.0,0.0,0.0,0.0
不使用 GP 产生的状态,1000,历史重启阶段最优路径,来源内均匀沉积,更新前,两条来源路径共有边,5,1.0,0.0,0.0,0.0,0.0
不使用 GP 产生的状态,1000,历史重启阶段最优路径,来源内均匀沉积,更新前,两条来源路径共有边,6,1.0,0.0,0.0,0.0,0.0
不使用 GP 产生的状态,1000,历史重启阶段最优路径,来源内均匀沉积,更新前,两条来源路径共有边,7,1.0,0.0,0.0,0.0,0.0
不使用 GP 产生的状态,1000,历史重启阶段最优路径,来源内均匀沉积,更新前,仅历史来源路径包含的边,0,1.0,0.0,0.0,0.0,0.0
不使用 GP 产生的状态,1000,历史重启阶段最优路径,来源内均匀沉积,更新前,仅历史来源路径包含的边,1,1.0,0.0,0.0,0.0,0.0
不使用 GP 产生的状态,1000,历史重启阶段最优路径,来源内均匀沉积,更新前,仅历史来源路径包含的边,2,0.946,0.0,0.0,0.0,0.0
不使用 GP 产生的状态,1000,历史重启阶段最优路径,来源内均匀沉积,更新前,仅历史来源路径包含的边,3,1.0,0.0,0.0,0.0,0.0
不使用 GP 产生的状态,1000,历史重启阶段最优路径,来源内均匀沉积,更新前,仅历史来源路径包含的边,4,1.0,0.0,0.0,0.0,0.0
不使用 GP 产生的状态,1000,历史重启阶段最优路径,来源内均匀沉积,更新前,仅历史来源路径包含的边,5,1.0,0.0,0.0,0.0,0.0
不使用 GP 产生的状态,1000,历史重启阶段最优路径,来源内均匀沉积,更新前,仅历史来源路径包含的边,6,1.0,0.0,0.0,0.0,0.0
不使用 GP 产生的状态,1000,历史重启阶段最优路径,来源内均匀沉积,更新前,仅历史来源路径包含的边,7,1.0,0.0,0.0,0.0,0.0
不使用 GP 产生的状态,1000,历史重启阶段最优路径,来源内均匀沉积,更新前,仅本轮最优路径包含的边,0,1.0,0.0,0.0,0.0,0.0
不使用 GP 产生的状态,1000,历史重启阶段最优路径,来源内均匀沉积,更新前,仅本轮最优路径包含的边,1,1.0,0.0,0.0,0.0,0.0
不使用 GP 产生的状态,1000,历史重启阶段最优路径,来源内均匀沉积,更新前,仅本轮最优路径包含的边,2,0.946,0.0,0.0,0.0,0.0
不使用 GP 产生的状态,1000,历史重启阶段最优路径,来源内均匀沉积,更新前,仅本轮最优路径包含的边,3,1.0,0.0,0.0,0.0,0.0
不使用 GP 产生的状态,1000,历史重启阶段最优路径,来源内均匀沉积,更新前,仅本轮最优路径包含的边,4,1.0,0.0,0.0,0.0,0.0
不使用 GP 产生的状态,1000,历史重启阶段最优路径,来源内均匀沉积,更新前,仅本轮最优路径包含的边,5,1.0,0.0,0.0,0.0,0.0
不使用 GP 产生的状态,1000,历史重启阶段最优路径,来源内均匀沉积,更新前,仅本轮最优路径包含的边,6,1.0,0.0,0.0,0.0,0.0
不使用 GP 产生的状态,1000,历史重启阶段最优路径,来源内均匀沉积,更新前,仅本轮最优路径包含的边,7,1.0,0.0,0.0,0.0,0.0
不使用 GP 产生的状态,1000,历史重启阶段最优路径,来源内均匀沉积,更新前,其他候选弧,0,1.0,0.0,0.0,0.0,0.0
不使用 GP 产生的状态,1000,历史重启阶段最优路径,来源内均匀沉积,更新前,其他候选弧,1,1.0,0.0,0.0,0.0,0.0
不使用 GP 产生的状态,1000,历史重启阶段最优路径,来源内均匀沉积,更新前,其他候选弧,2,0.946,0.0,0.0,0.0,0.0
不使用 GP 产生的状态,1000,历史重启阶段最优路径,来源内均匀沉积,更新前,其他候选弧,3,1.0,0.0,0.0,0.0,0.0
不使用 GP 产生的状态,1000,历史重启阶段最优路径,来源内均匀沉积,更新前,其他候选弧,4,1.0,0.0,0.0,0.0,0.0
不使用 GP 产生的状态,1000,历史重启阶段最优路径,来源内均匀沉积,更新前,其他候选弧,5,1.0,0.0,0.0,0.0,0.0
不使用 GP 产生的状态,1000,历史重启阶段最优路径,来源内均匀沉积,更新前,其他候选弧,6,1.0,0.0,0.0,0.0,0.0
不使用 GP 产生的状态,1000,历史重启阶段最优路径,来源内均匀沉积,更新前,其他候选弧,7,1.0,0.0,0.0,0.0,0.0
不使用 GP 产生的状态,1000,历史重启阶段最优路径,来源内均匀沉积,沉积后,两条来源路径共有边,0,1.0,0.0,0.0,0.0,0.0
不使用 GP 产生的状态,1000,历史重启阶段最优路径,来源内均匀沉积,沉积后,两条来源路径共有边,1,1.0,0.0,0.0,0.0,0.0
不使用 GP 产生的状态,1000,历史重启阶段最优路径,来源内均匀沉积,沉积后,两条来源路径共有边,2,0.946,-2.0903995581623602e-08,2.0903995581623602e-08,-1.4699633954153614e-09,1.4699633954153614e-09
不使用 GP 产生的状态,1000,历史重启阶段最优路径,来源内均匀沉积,沉积后,两条来源路径共有边,3,1.0,0.0,0.0,0.0,0.0
不使用 GP 产生的状态,1000,历史重启阶段最优路径,来源内均匀沉积,沉积后,两条来源路径共有边,4,1.0,0.0,0.0,0.0,0.0
不使用 GP 产生的状态,1000,历史重启阶段最优路径,来源内均匀沉积,沉积后,两条来源路径共有边,5,1.0,0.0,0.0,0.0,0.0
不使用 GP 产生的状态,1000,历史重启阶段最优路径,来源内均匀沉积,沉积后,两条来源路径共有边,6,1.0,0.0,0.0,0.0,0.0
不使用 GP 产生的状态,1000,历史重启阶段最优路径,来源内均匀沉积,沉积后,两条来源路径共有边,7,1.0,0.0,0.0,0.0,0.0
不使用 GP 产生的状态,1000,历史重启阶段最优路径,来源内均匀沉积,沉积后,仅历史来源路径包含的边,0,1.0,0.0,0.0,0.0,0.0
不使用 GP 产生的状态,1000,历史重启阶段最优路径,来源内均匀沉积,沉积后,仅历史来源路径包含的边,1,1.0,0.0,0.0,0.0,0.0
不使用 GP 产生的状态,1000,历史重启阶段最优路径,来源内均匀沉积,沉积后,仅历史来源路径包含的边,2,0.946,0.053999998519862244,0.053999998519862244,0.01964264497958093,0.01964264497958093
不使用 GP 产生的状态,1000,历史重启阶段最优路径,来源内均匀沉积,沉积后,仅历史来源路径包含的边,3,1.0,0.0,0.0,0.0,0.0
不使用 GP 产生的状态,1000,历史重启阶段最优路径,来源内均匀沉积,沉积后,仅历史来源路径包含的边,4,1.0,0.0,0.0,0.0,0.0
不使用 GP 产生的状态,1000,历史重启阶段最优路径,来源内均匀沉积,沉积后,仅历史来源路径包含的边,5,1.0,0.0,0.0,0.0,0.0
不使用 GP 产生的状态,1000,历史重启阶段最优路径,来源内均匀沉积,沉积后,仅历史来源路径包含的边,6,1.0,0.0,0.0,0.0,0.0
不使用 GP 产生的状态,1000,历史重启阶段最优路径,来源内均匀沉积,沉积后,仅历史来源路径包含的边,7,1.0,0.0,0.0,0.0,0.0
不使用 GP 产生的状态,1000,历史重启阶段最优路径,来源内均匀沉积,沉积后,仅本轮最优路径包含的边,0,1.0,0.0,0.0,0.0,0.0
不使用 GP 产生的状态,1000,历史重启阶段最优路径,来源内均匀沉积,沉积后,仅本轮最优路径包含的边,1,1.0,0.0,0.0,0.0,0.0
不使用 GP 产生的状态,1000,历史重启阶段最优路径,来源内均匀沉积,沉积后,仅本轮最优路径包含的边,2,0.946,-0.054000001594482816,0.054000001594482816,-0.019642646097982448,0.019642646097982448
不使用 GP 产生的状态,1000,历史重启阶段最优路径,来源内均匀沉积,沉积后,仅本轮最优路径包含的边,3,1.0,0.0,0.0,0.0,0.0
不使用 GP 产生的状态,1000,历史重启阶段最优路径,来源内均匀沉积,沉积后,仅本轮最优路径包含的边,4,1.0,0.0,0.0,0.0,0.0
不使用 GP 产生的状态,1000,历史重启阶段最优路径,来源内均匀沉积,沉积后,仅本轮最优路径包含的边,5,1.0,0.0,0.0,0.0,0.0
不使用 GP 产生的状态,1000,历史重启阶段最优路径,来源内均匀沉积,沉积后,仅本轮最优路径包含的边,6,1.0,0.0,0.0,0.0,0.0
不使用 GP 产生的状态,1000,历史重启阶段最优路径,来源内均匀沉积,沉积后,仅本轮最优路径包含的边,7,1.0,0.0,0.0,0.0,0.0
不使用 GP 产生的状态,1000,历史重启阶段最优路径,来源内均匀沉积,沉积后,其他候选弧,0,1.0,0.0,0.0,0.0,0.0
不使用 GP 产生的状态,1000,历史重启阶段最优路径,来源内均匀沉积,沉积后,其他候选弧,1,1.0,0.0,0.0,0.0,0.0
不使用 GP 产生的状态,1000,历史重启阶段最优路径,来源内均匀沉积,沉积后,其他候选弧,2,0.946,0.0,0.0,0.0,0.0
不使用 GP 产生的状态,1000,历史重启阶段最优路径,来源内均匀沉积,沉积后,其他候选弧,3,1.0,0.0,0.0,0.0,0.0
不使用 GP 产生的状态,1000,历史重启阶段最优路径,来源内均匀沉积,沉积后,其他候选弧,4,1.0,0.0,0.0,0.0,0.0
不使用 GP 产生的状态,1000,历史重启阶段最优路径,来源内均匀沉积,沉积后,其他候选弧,5,1.0,0.0,0.0,0.0,0.0
不使用 GP 产生的状态,1000,历史重启阶段最优路径,来源内均匀沉积,沉积后,其他候选弧,6,1.0,0.0,0.0,0.0,0.0
不使用 GP 产生的状态,1000,历史重启阶段最优路径,来源内均匀沉积,沉积后,其他候选弧,7,1.0,0.0,0.0,0.0,0.0
不使用 GP 产生的状态,1000,历史重启阶段最优路径,来源内均匀沉积,蒸发和下界保护后,两条来源路径共有边,0,1.0,0.0,0.0,0.0,0.0
不使用 GP 产生的状态,1000,历史重启阶段最优路径,来源内均匀沉积,蒸发和下界保护后,两条来源路径共有边,1,1.0,0.0,0.0,0.0,0.0
不使用 GP 产生的状态,1000,历史重启阶段最优路径,来源内均匀沉积,蒸发和下界保护后,两条来源路径共有边,2,0.946,0.0,0.0,0.0,0.0
不使用 GP 产生的状态,1000,历史重启阶段最优路径,来源内均匀沉积,蒸发和下界保护后,两条来源路径共有边,3,1.0,0.0,0.0,0.0,0.0
不使用 GP 产生的状态,1000,历史重启阶段最优路径,来源内均匀沉积,蒸发和下界保护后,两条来源路径共有边,4,1.0,0.0,0.0,0.0,0.0
不使用 GP 产生的状态,1000,历史重启阶段最优路径,来源内均匀沉积,蒸发和下界保护后,两条来源路径共有边,5,1.0,0.0,0.0,0.0,0.0
不使用 GP 产生的状态,1000,历史重启阶段最优路径,来源内均匀沉积,蒸发和下界保护后,两条来源路径共有边,6,1.0,0.0,0.0,0.0,0.0
不使用 GP 产生的状态,1000,历史重启阶段最优路径,来源内均匀沉积,蒸发和下界保护后,两条来源路径共有边,7,1.0,0.0,0.0,0.0,0.0
不使用 GP 产生的状态,1000,历史重启阶段最优路径,来源内均匀沉积,蒸发和下界保护后,仅历史来源路径包含的边,0,1.0,0.0,0.0,0.0,0.0
不使用 GP 产生的状态,1000,历史重启阶段最优路径,来源内均匀沉积,蒸发和下界保护后,仅历史来源路径包含的边,1,1.0,0.0,0.0,0.0,0.0
不使用 GP 产生的状态,1000,历史重启阶段最优路径,来源内均匀沉积,蒸发和下界保护后,仅历史来源路径包含的边,2,0.946,0.0,0.0,0.0,0.0
不使用 GP 产生的状态,1000,历史重启阶段最优路径,来源内均匀沉积,蒸发和下界保护后,仅历史来源路径包含的边,3,1.0,0.0,0.0,0.0,0.0
不使用 GP 产生的状态,1000,历史重启阶段最优路径,来源内均匀沉积,蒸发和下界保护后,仅历史来源路径包含的边,4,1.0,0.0,0.0,0.0,0.0
不使用 GP 产生的状态,1000,历史重启阶段最优路径,来源内均匀沉积,蒸发和下界保护后,仅历史来源路径包含的边,5,1.0,0.0,0.0,0.0,0.0
不使用 GP 产生的状态,1000,历史重启阶段最优路径,来源内均匀沉积,蒸发和下界保护后,仅历史来源路径包含的边,6,1.0,0.0,0.0,0.0,0.0
不使用 GP 产生的状态,1000,历史重启阶段最优路径,来源内均匀沉积,蒸发和下界保护后,仅历史来源路径包含的边,7,1.0,0.0,0.0,0.0,0.0
不使用 GP 产生的状态,1000,历史重启阶段最优路径,来源内均匀沉积,蒸发和下界保护后,仅本轮最优路径包含的边,0,1.0,0.0,0.0,0.0,0.0
不使用 GP 产生的状态,1000,历史重启阶段最优路径,来源内均匀沉积,蒸发和下界保护后,仅本轮最优路径包含的边,1,1.0,0.0,0.0,0.0,0.0
不使用 GP 产生的状态,1000,历史重启阶段最优路径,来源内均匀沉积,蒸发和下界保护后,仅本轮最优路径包含的边,2,0.946,0.0,0.0,0.0,0.0
不使用 GP 产生的状态,1000,历史重启阶段最优路径,来源内均匀沉积,蒸发和下界保护后,仅本轮最优路径包含的边,3,1.0,0.0,0.0,0.0,0.0
不使用 GP 产生的状态,1000,历史重启阶段最优路径,来源内均匀沉积,蒸发和下界保护后,仅本轮最优路径包含的边,4,1.0,0.0,0.0,0.0,0.0
不使用 GP 产生的状态,1000,历史重启阶段最优路径,来源内均匀沉积,蒸发和下界保护后,仅本轮最优路径包含的边,5,1.0,0.0,0.0,0.0,0.0
不使用 GP 产生的状态,1000,历史重启阶段最优路径,来源内均匀沉积,蒸发和下界保护后,仅本轮最优路径包含的边,6,1.0,0.0,0.0,0.0,0.0
不使用 GP 产生的状态,1000,历史重启阶段最优路径,来源内均匀沉积,蒸发和下界保护后,仅本轮最优路径包含的边,7,1.0,0.0,0.0,0.0,0.0
不使用 GP 产生的状态,1000,历史重启阶段最优路径,来源内均匀沉积,蒸发和下界保护后,其他候选弧,0,1.0,0.0,0.0,0.0,0.0
不使用 GP 产生的状态,1000,历史重启阶段最优路径,来源内均匀沉积,蒸发和下界保护后,其他候选弧,1,1.0,0.0,0.0,0.0,0.0
不使用 GP 产生的状态,1000,历史重启阶段最优路径,来源内均匀沉积,蒸发和下界保护后,其他候选弧,2,0.946,0.0,0.0,0.0,0.0
不使用 GP 产生的状态,1000,历史重启阶段最优路径,来源内均匀沉积,蒸发和下界保护后,其他候选弧,3,1.0,0.0,0.0,0.0,0.0
不使用 GP 产生的状态,1000,历史重启阶段最优路径,来源内均匀沉积,蒸发和下界保护后,其他候选弧,4,1.0,0.0,0.0,0.0,0.0
不使用 GP 产生的状态,1000,历史重启阶段最优路径,来源内均匀沉积,蒸发和下界保护后,其他候选弧,5,1.0,0.0,0.0,0.0,0.0
不使用 GP 产生的状态,1000,历史重启阶段最优路径,来源内均匀沉积,蒸发和下界保护后,其他候选弧,6,1.0,0.0,0.0,0.0,0.0
不使用 GP 产生的状态,1000,历史重启阶段最优路径,来源内均匀沉积,蒸发和下界保护后,其他候选弧,7,1.0,0.0,0.0,0.0,0.0
不使用 GP 产生的状态,1000,历史重启阶段最优路径,来源内均匀沉积,重启和可选上界处理后,两条来源路径共有边,0,1.0,0.0,0.0,0.0,0.0
不使用 GP 产生的状态,1000,历史重启阶段最优路径,来源内均匀沉积,重启和可选上界处理后,两条来源路径共有边,1,1.0,0.0,0.0,0.0,0.0
不使用 GP 产生的状态,1000,历史重启阶段最优路径,来源内均匀沉积,重启和可选上界处理后,两条来源路径共有边,2,0.946,-2.0903995581623602e-08,2.0903995581623602e-08,-1.4699633954153614e-09,1.4699633954153614e-09
不使用 GP 产生的状态,1000,历史重启阶段最优路径,来源内均匀沉积,重启和可选上界处理后,两条来源路径共有边,3,1.0,0.0,0.0,0.0,0.0
不使用 GP 产生的状态,1000,历史重启阶段最优路径,来源内均匀沉积,重启和可选上界处理后,两条来源路径共有边,4,1.0,0.0,0.0,0.0,0.0
不使用 GP 产生的状态,1000,历史重启阶段最优路径,来源内均匀沉积,重启和可选上界处理后,两条来源路径共有边,5,1.0,0.0,0.0,0.0,0.0
不使用 GP 产生的状态,1000,历史重启阶段最优路径,来源内均匀沉积,重启和可选上界处理后,两条来源路径共有边,6,1.0,0.0,0.0,0.0,0.0
不使用 GP 产生的状态,1000,历史重启阶段最优路径,来源内均匀沉积,重启和可选上界处理后,两条来源路径共有边,7,1.0,0.0,0.0,0.0,0.0
不使用 GP 产生的状态,1000,历史重启阶段最优路径,来源内均匀沉积,重启和可选上界处理后,仅历史来源路径包含的边,0,1.0,0.0,0.0,0.0,0.0
不使用 GP 产生的状态,1000,历史重启阶段最优路径,来源内均匀沉积,重启和可选上界处理后,仅历史来源路径包含的边,1,1.0,0.0,0.0,0.0,0.0
不使用 GP 产生的状态,1000,历史重启阶段最优路径,来源内均匀沉积,重启和可选上界处理后,仅历史来源路径包含的边,2,0.946,0.053999998519862244,0.053999998519862244,0.01964264497958093,0.01964264497958093
不使用 GP 产生的状态,1000,历史重启阶段最优路径,来源内均匀沉积,重启和可选上界处理后,仅历史来源路径包含的边,3,1.0,0.0,0.0,0.0,0.0
不使用 GP 产生的状态,1000,历史重启阶段最优路径,来源内均匀沉积,重启和可选上界处理后,仅历史来源路径包含的边,4,1.0,0.0,0.0,0.0,0.0
不使用 GP 产生的状态,1000,历史重启阶段最优路径,来源内均匀沉积,重启和可选上界处理后,仅历史来源路径包含的边,5,1.0,0.0,0.0,0.0,0.0
不使用 GP 产生的状态,1000,历史重启阶段最优路径,来源内均匀沉积,重启和可选上界处理后,仅历史来源路径包含的边,6,1.0,0.0,0.0,0.0,0.0
不使用 GP 产生的状态,1000,历史重启阶段最优路径,来源内均匀沉积,重启和可选上界处理后,仅历史来源路径包含的边,7,1.0,0.0,0.0,0.0,0.0
不使用 GP 产生的状态,1000,历史重启阶段最优路径,来源内均匀沉积,重启和可选上界处理后,仅本轮最优路径包含的边,0,1.0,0.0,0.0,0.0,0.0
不使用 GP 产生的状态,1000,历史重启阶段最优路径,来源内均匀沉积,重启和可选上界处理后,仅本轮最优路径包含的边,1,1.0,0.0,0.0,0.0,0.0
不使用 GP 产生的状态,1000,历史重启阶段最优路径,来源内均匀沉积,重启和可选上界处理后,仅本轮最优路径包含的边,2,0.946,-0.054000001594482816,0.054000001594482816,-0.019642646097982448,0.019642646097982448
不使用 GP 产生的状态,1000,历史重启阶段最优路径,来源内均匀沉积,重启和可选上界处理后,仅本轮最优路径包含的边,3,1.0,0.0,0.0,0.0,0.0
不使用 GP 产生的状态,1000,历史重启阶段最优路径,来源内均匀沉积,重启和可选上界处理后,仅本轮最优路径包含的边,4,1.0,0.0,0.0,0.0,0.0
不使用 GP 产生的状态,1000,历史重启阶段最优路径,来源内均匀沉积,重启和可选上界处理后,仅本轮最优路径包含的边,5,1.0,0.0,0.0,0.0,0.0
不使用 GP 产生的状态,1000,历史重启阶段最优路径,来源内均匀沉积,重启和可选上界处理后,仅本轮最优路径包含的边,6,1.0,0.0,0.0,0.0,0.0
不使用 GP 产生的状态,1000,历史重启阶段最优路径,来源内均匀沉积,重启和可选上界处理后,仅本轮最优路径包含的边,7,1.0,0.0,0.0,0.0,0.0
不使用 GP 产生的状态,1000,历史重启阶段最优路径,来源内均匀沉积,重启和可选上界处理后,其他候选弧,0,1.0,0.0,0.0,0.0,0.0
不使用 GP 产生的状态,1000,历史重启阶段最优路径,来源内均匀沉积,重启和可选上界处理后,其他候选弧,1,1.0,0.0,0.0,0.0,0.0
不使用 GP 产生的状态,1000,历史重启阶段最优路径,来源内均匀沉积,重启和可选上界处理后,其他候选弧,2,0.946,0.0,0.0,0.0,0.0
不使用 GP 产生的状态,1000,历史重启阶段最优路径,来源内均匀沉积,重启和可选上界处理后,其他候选弧,3,1.0,0.0,0.0,0.0,0.0
不使用 GP 产生的状态,1000,历史重启阶段最优路径,来源内均匀沉积,重启和可选上界处理后,其他候选弧,4,1.0,0.0,0.0,0.0,0.0
不使用 GP 产生的状态,1000,历史重启阶段最优路径,来源内均匀沉积,重启和可选上界处理后,其他候选弧,5,1.0,0.0,0.0,0.0,0.0
不使用 GP 产生的状态,1000,历史重启阶段最优路径,来源内均匀沉积,重启和可选上界处理后,其他候选弧,6,1.0,0.0,0.0,0.0,0.0
不使用 GP 产生的状态,1000,历史重启阶段最优路径,来源内均匀沉积,重启和可选上界处理后,其他候选弧,7,1.0,0.0,0.0,0.0,0.0
不使用 GP 产生的状态,2500,历史全局最优路径,GP 源内重加权,更新前,两条来源路径共有边,0,0.9473333333333334,0.0,0.0,0.0,0.0
不使用 GP 产生的状态,2500,历史全局最优路径,GP 源内重加权,更新前,两条来源路径共有边,1,1.0,0.0,0.0,0.0,0.0
不使用 GP 产生的状态,2500,历史全局最优路径,GP 源内重加权,更新前,两条来源路径共有边,2,0.908,0.0,0.0,0.0,0.0
不使用 GP 产生的状态,2500,历史全局最优路径,GP 源内重加权,更新前,两条来源路径共有边,3,0.9440000000000001,0.0,0.0,0.0,0.0
不使用 GP 产生的状态,2500,历史全局最优路径,GP 源内重加权,更新前,两条来源路径共有边,4,0.9553333333333333,0.0,0.0,0.0,0.0
不使用 GP 产生的状态,2500,历史全局最优路径,GP 源内重加权,更新前,两条来源路径共有边,5,1.0,0.0,0.0,0.0,0.0
不使用 GP 产生的状态,2500,历史全局最优路径,GP 源内重加权,更新前,两条来源路径共有边,6,0.9133333333333332,0.0,0.0,0.0,0.0
不使用 GP 产生的状态,2500,历史全局最优路径,GP 源内重加权,更新前,两条来源路径共有边,7,0.9026666666666665,0.0,0.0,0.0,0.0
不使用 GP 产生的状态,2500,历史全局最优路径,GP 源内重加权,更新前,仅历史来源路径包含的边,0,0.9473333333333334,0.0,0.0,0.0,0.0
不使用 GP 产生的状态,2500,历史全局最优路径,GP 源内重加权,更新前,仅历史来源路径包含的边,1,1.0,0.0,0.0,0.0,0.0
不使用 GP 产生的状态,2500,历史全局最优路径,GP 源内重加权,更新前,仅历史来源路径包含的边,2,0.908,0.0,0.0,0.0,0.0
不使用 GP 产生的状态,2500,历史全局最优路径,GP 源内重加权,更新前,仅历史来源路径包含的边,3,0.9440000000000001,0.0,0.0,0.0,0.0
不使用 GP 产生的状态,2500,历史全局最优路径,GP 源内重加权,更新前,仅历史来源路径包含的边,4,0.9553333333333333,0.0,0.0,0.0,0.0
不使用 GP 产生的状态,2500,历史全局最优路径,GP 源内重加权,更新前,仅历史来源路径包含的边,5,1.0,0.0,0.0,0.0,0.0
不使用 GP 产生的状态,2500,历史全局最优路径,GP 源内重加权,更新前,仅历史来源路径包含的边,6,0.9133333333333332,0.0,0.0,0.0,0.0
不使用 GP 产生的状态,2500,历史全局最优路径,GP 源内重加权,更新前,仅历史来源路径包含的边,7,0.9026666666666665,0.0,0.0,0.0,0.0
不使用 GP 产生的状态,2500,历史全局最优路径,GP 源内重加权,更新前,仅本轮最优路径包含的边,0,0.9473333333333334,0.0,0.0,0.0,0.0
不使用 GP 产生的状态,2500,历史全局最优路径,GP 源内重加权,更新前,仅本轮最优路径包含的边,1,1.0,0.0,0.0,0.0,0.0
不使用 GP 产生的状态,2500,历史全局最优路径,GP 源内重加权,更新前,仅本轮最优路径包含的边,2,0.908,0.0,0.0,0.0,0.0
不使用 GP 产生的状态,2500,历史全局最优路径,GP 源内重加权,更新前,仅本轮最优路径包含的边,3,0.9440000000000001,0.0,0.0,0.0,0.0
不使用 GP 产生的状态,2500,历史全局最优路径,GP 源内重加权,更新前,仅本轮最优路径包含的边,4,0.9553333333333333,0.0,0.0,0.0,0.0
不使用 GP 产生的状态,2500,历史全局最优路径,GP 源内重加权,更新前,仅本轮最优路径包含的边,5,1.0,0.0,0.0,0.0,0.0
不使用 GP 产生的状态,2500,历史全局最优路径,GP 源内重加权,更新前,仅本轮最优路径包含的边,6,0.9133333333333332,0.0,0.0,0.0,0.0
不使用 GP 产生的状态,2500,历史全局最优路径,GP 源内重加权,更新前,仅本轮最优路径包含的边,7,0.9026666666666665,0.0,0.0,0.0,0.0
不使用 GP 产生的状态,2500,历史全局最优路径,GP 源内重加权,更新前,其他候选弧,0,0.9473333333333334,0.0,0.0,0.0,0.0
不使用 GP 产生的状态,2500,历史全局最优路径,GP 源内重加权,更新前,其他候选弧,1,1.0,0.0,0.0,0.0,0.0
不使用 GP 产生的状态,2500,历史全局最优路径,GP 源内重加权,更新前,其他候选弧,2,0.908,0.0,0.0,0.0,0.0
不使用 GP 产生的状态,2500,历史全局最优路径,GP 源内重加权,更新前,其他候选弧,3,0.9440000000000001,0.0,0.0,0.0,0.0
不使用 GP 产生的状态,2500,历史全局最优路径,GP 源内重加权,更新前,其他候选弧,4,0.9553333333333333,0.0,0.0,0.0,0.0
不使用 GP 产生的状态,2500,历史全局最优路径,GP 源内重加权,更新前,其他候选弧,5,1.0,0.0,0.0,0.0,0.0
不使用 GP 产生的状态,2500,历史全局最优路径,GP 源内重加权,更新前,其他候选弧,6,0.9133333333333332,0.0,0.0,0.0,0.0
不使用 GP 产生的状态,2500,历史全局最优路径,GP 源内重加权,更新前,其他候选弧,7,0.9026666666666665,0.0,0.0,0.0,0.0
不使用 GP 产生的状态,2500,历史全局最优路径,GP 源内重加权,沉积后,两条来源路径共有边,0,0.9473333333333334,0.009529487960118568,0.009532190431363172,0.000672830323881636,0.0006729935876264142
不使用 GP 产生的状态,2500,历史全局最优路径,GP 源内重加权,沉积后,两条来源路径共有边,1,1.0,-5.171399730953998e-07,1.126179908724481e-05,-3.0789110395643446e-08,6.700555483500162e-07
不使用 GP 产生的状态,2500,历史全局最优路径,GP 源内重加权,沉积后,两条来源路径共有边,2,0.908,0.024750685509249155,0.024752647042370637,0.0017468190699401172,0.0017469388752761154
不使用 GP 产生的状态,2500,历史全局最优路径,GP 源内重加权,沉积后,两条来源路径共有边,3,0.9440000000000001,0.022593653569925,0.02259465723345685,0.0016132365704283242,0.0016132967446285942
不使用 GP 产生的状态,2500,历史全局最优路径,GP 源内重加权,沉积后,两条来源路径共有边,4,0.9553333333333333,0.01916429658048266,0.01917174460126397,0.0013664490861833968,0.001366910333415622
不使用 GP 产生的状态,2500,历史全局最优路径,GP 源内重加权,沉积后,两条来源路径共有边,5,1.0,5.6112544180655234e-08,1.5197517335263946e-05,3.4570693969726564e-09,9.357399410671656e-07
不使用 GP 产生的状态,2500,历史全局最优路径,GP 源内重加权,沉积后,两条来源路径共有边,6,0.9133333333333332,0.013083249894035975,0.013557835760202329,0.0008835238605227469,0.0009178136691876676
不使用 GP 产生的状态,2500,历史全局最优路径,GP 源内重加权,沉积后,两条来源路径共有边,7,0.9026666666666665,0.02952130525661372,0.029523461396899493,0.0020661081608653992,0.0020662388407377
不使用 GP 产生的状态,2500,历史全局最优路径,GP 源内重加权,沉积后,仅历史来源路径包含的边,0,0.9473333333333334,0.03680356630161179,0.03680356630161179,0.013847789270577377,0.013847789270577377
不使用 GP 产生的状态,2500,历史全局最优路径,GP 源内重加权,沉积后,仅历史来源路径包含的边,1,1.0,0.0,0.0,0.0,0.0
不使用 GP 产生的状态,2500,历史全局最优路径,GP 源内重加权,沉积后,仅历史来源路径包含的边,2,0.908,0.059582582525836,0.059582582525836,0.026072054499899158,0.026072054499899158
不使用 GP 产生的状态,2500,历史全局最优路径,GP 源内重加权,沉积后,仅历史来源路径包含的边,3,0.9440000000000001,0.03275074924784228,0.03275074924784228,0.011581049485054487,0.011581049485054487
不使用 GP 产生的状态,2500,历史全局最优路径,GP 源内重加权,沉积后,仅历史来源路径包含的边,4,0.9553333333333333,0.025579563611155633,0.025579563611155633,0.011787089129414095,0.011787089129414095
不使用 GP 产生的状态,2500,历史全局最优路径,GP 源内重加权,沉积后,仅历史来源路径包含的边,5,1.0,0.0,0.0,0.0,0.0
不使用 GP 产生的状态,2500,历史全局最优路径,GP 源内重加权,沉积后,仅历史来源路径包含的边,6,0.9133333333333332,0.061394884640734185,0.061394884640734185,0.027135445483647117,0.027135445483647117
不使用 GP 产生的状态,2500,历史全局最优路径,GP 源内重加权,沉积后,仅历史来源路径包含的边,7,0.9026666666666665,0.06095541021893674,0.06095541021893674,0.024780035132457384,0.024780035132457384
不使用 GP 产生的状态,2500,历史全局最优路径,GP 源内重加权,沉积后,仅本轮最优路径包含的边,0,0.9473333333333334,-0.04633350658930413,0.04633350658930413,-0.017433545166721867,0.017433545166721867
不使用 GP 产生的状态,2500,历史全局最优路径,GP 源内重加权,沉积后,仅本轮最优路径包含的边,1,1.0,0.0,0.0,0.0,0.0
不使用 GP 产生的状态,2500,历史全局最优路径,GP 源内重加权,沉积后,仅本轮最优路径包含的边,2,0.908,-0.08433229770008104,0.08433229770008104,-0.03664062294782914,0.03664062294782914
不使用 GP 产生的状态,2500,历史全局最优路径,GP 源内重加权,沉积后,仅本轮最优路径包含的边,3,0.9440000000000001,-0.05534343891037319,0.05534343891037319,-0.019570089827375438,0.019570089827375438
不使用 GP 产生的状态,2500,历史全局最优路径,GP 源内重加权,沉积后,仅本轮最优路径包含的边,4,0.9553333333333333,-0.0447432958862693,0.0447432958862693,-0.02061775660336907,0.02061775660336907
不使用 GP 产生的状态,2500,历史全局最优路径,GP 源内重加权,沉积后,仅本轮最优路径包含的边,5,1.0,0.0,0.0,0.0,0.0
不使用 GP 产生的状态,2500,历史全局最优路径,GP 源内重加权,沉积后,仅本轮最优路径包含的边,6,0.9133333333333332,-0.07447755017026512,0.07447755017026512,-0.03623243055083717,0.03623243055083717
不使用 GP 产生的状态,2500,历史全局最优路径,GP 源内重加权,沉积后,仅本轮最优路径包含的边,7,0.9026666666666665,-0.09047653794598692,0.09047653794598692,-0.03751808990084968,0.03751808990084968
不使用 GP 产生的状态,2500,历史全局最优路径,GP 源内重加权,沉积后,其他候选弧,0,0.9473333333333334,0.0,0.0,0.0,0.0
不使用 GP 产生的状态,2500,历史全局最优路径,GP 源内重加权,沉积后,其他候选弧,1,1.0,0.0,0.0,0.0,0.0
不使用 GP 产生的状态,2500,历史全局最优路径,GP 源内重加权,沉积后,其他候选弧,2,0.908,0.0,0.0,0.0,0.0
不使用 GP 产生的状态,2500,历史全局最优路径,GP 源内重加权,沉积后,其他候选弧,3,0.9440000000000001,0.0,0.0,0.0,0.0
不使用 GP 产生的状态,2500,历史全局最优路径,GP 源内重加权,沉积后,其他候选弧,4,0.9553333333333333,0.0,0.0,0.0,0.0
不使用 GP 产生的状态,2500,历史全局最优路径,GP 源内重加权,沉积后,其他候选弧,5,1.0,0.0,0.0,0.0,0.0
不使用 GP 产生的状态,2500,历史全局最优路径,GP 源内重加权,沉积后,其他候选弧,6,0.9133333333333332,0.0,0.0,0.0,0.0
不使用 GP 产生的状态,2500,历史全局最优路径,GP 源内重加权,沉积后,其他候选弧,7,0.9026666666666665,0.0,0.0,0.0,0.0
不使用 GP 产生的状态,2500,历史全局最优路径,GP 源内重加权,蒸发和下界保护后,两条来源路径共有边,0,0.9473333333333334,0.0,0.0,0.0,0.0
不使用 GP 产生的状态,2500,历史全局最优路径,GP 源内重加权,蒸发和下界保护后,两条来源路径共有边,1,1.0,0.0,0.0,0.0,0.0
不使用 GP 产生的状态,2500,历史全局最优路径,GP 源内重加权,蒸发和下界保护后,两条来源路径共有边,2,0.908,0.0,0.0,0.0,0.0
不使用 GP 产生的状态,2500,历史全局最优路径,GP 源内重加权,蒸发和下界保护后,两条来源路径共有边,3,0.9440000000000001,0.0,0.0,0.0,0.0
不使用 GP 产生的状态,2500,历史全局最优路径,GP 源内重加权,蒸发和下界保护后,两条来源路径共有边,4,0.9553333333333333,0.0,0.0,0.0,0.0
不使用 GP 产生的状态,2500,历史全局最优路径,GP 源内重加权,蒸发和下界保护后,两条来源路径共有边,5,1.0,0.0,0.0,0.0,0.0
不使用 GP 产生的状态,2500,历史全局最优路径,GP 源内重加权,蒸发和下界保护后,两条来源路径共有边,6,0.9133333333333332,0.0,0.0,0.0,0.0
不使用 GP 产生的状态,2500,历史全局最优路径,GP 源内重加权,蒸发和下界保护后,两条来源路径共有边,7,0.9026666666666665,0.0,0.0,0.0,0.0
不使用 GP 产生的状态,2500,历史全局最优路径,GP 源内重加权,蒸发和下界保护后,仅历史来源路径包含的边,0,0.9473333333333334,0.0,0.0,0.0,0.0
不使用 GP 产生的状态,2500,历史全局最优路径,GP 源内重加权,蒸发和下界保护后,仅历史来源路径包含的边,1,1.0,0.0,0.0,0.0,0.0
不使用 GP 产生的状态,2500,历史全局最优路径,GP 源内重加权,蒸发和下界保护后,仅历史来源路径包含的边,2,0.908,0.0,0.0,0.0,0.0
不使用 GP 产生的状态,2500,历史全局最优路径,GP 源内重加权,蒸发和下界保护后,仅历史来源路径包含的边,3,0.9440000000000001,0.0,0.0,0.0,0.0
不使用 GP 产生的状态,2500,历史全局最优路径,GP 源内重加权,蒸发和下界保护后,仅历史来源路径包含的边,4,0.9553333333333333,0.0,0.0,0.0,0.0
不使用 GP 产生的状态,2500,历史全局最优路径,GP 源内重加权,蒸发和下界保护后,仅历史来源路径包含的边,5,1.0,0.0,0.0,0.0,0.0
不使用 GP 产生的状态,2500,历史全局最优路径,GP 源内重加权,蒸发和下界保护后,仅历史来源路径包含的边,6,0.9133333333333332,0.0,0.0,0.0,0.0
不使用 GP 产生的状态,2500,历史全局最优路径,GP 源内重加权,蒸发和下界保护后,仅历史来源路径包含的边,7,0.9026666666666665,0.0,0.0,0.0,0.0
不使用 GP 产生的状态,2500,历史全局最优路径,GP 源内重加权,蒸发和下界保护后,仅本轮最优路径包含的边,0,0.9473333333333334,0.0,0.0,0.0,0.0
不使用 GP 产生的状态,2500,历史全局最优路径,GP 源内重加权,蒸发和下界保护后,仅本轮最优路径包含的边,1,1.0,0.0,0.0,0.0,0.0
不使用 GP 产生的状态,2500,历史全局最优路径,GP 源内重加权,蒸发和下界保护后,仅本轮最优路径包含的边,2,0.908,0.0,0.0,0.0,0.0
不使用 GP 产生的状态,2500,历史全局最优路径,GP 源内重加权,蒸发和下界保护后,仅本轮最优路径包含的边,3,0.9440000000000001,0.0,0.0,0.0,0.0
不使用 GP 产生的状态,2500,历史全局最优路径,GP 源内重加权,蒸发和下界保护后,仅本轮最优路径包含的边,4,0.9553333333333333,0.0,0.0,0.0,0.0
不使用 GP 产生的状态,2500,历史全局最优路径,GP 源内重加权,蒸发和下界保护后,仅本轮最优路径包含的边,5,1.0,0.0,0.0,0.0,0.0
不使用 GP 产生的状态,2500,历史全局最优路径,GP 源内重加权,蒸发和下界保护后,仅本轮最优路径包含的边,6,0.9133333333333332,0.0,0.0,0.0,0.0
不使用 GP 产生的状态,2500,历史全局最优路径,GP 源内重加权,蒸发和下界保护后,仅本轮最优路径包含的边,7,0.9026666666666665,0.0,0.0,0.0,0.0
不使用 GP 产生的状态,2500,历史全局最优路径,GP 源内重加权,蒸发和下界保护后,其他候选弧,0,0.9473333333333334,0.0,0.0,0.0,0.0
不使用 GP 产生的状态,2500,历史全局最优路径,GP 源内重加权,蒸发和下界保护后,其他候选弧,1,1.0,0.0,0.0,0.0,0.0
不使用 GP 产生的状态,2500,历史全局最优路径,GP 源内重加权,蒸发和下界保护后,其他候选弧,2,0.908,0.0,0.0,0.0,0.0
不使用 GP 产生的状态,2500,历史全局最优路径,GP 源内重加权,蒸发和下界保护后,其他候选弧,3,0.9440000000000001,0.0,0.0,0.0,0.0
不使用 GP 产生的状态,2500,历史全局最优路径,GP 源内重加权,蒸发和下界保护后,其他候选弧,4,0.9553333333333333,0.0,0.0,0.0,0.0
不使用 GP 产生的状态,2500,历史全局最优路径,GP 源内重加权,蒸发和下界保护后,其他候选弧,5,1.0,0.0,0.0,0.0,0.0
不使用 GP 产生的状态,2500,历史全局最优路径,GP 源内重加权,蒸发和下界保护后,其他候选弧,6,0.9133333333333332,0.0,0.0,0.0,0.0
不使用 GP 产生的状态,2500,历史全局最优路径,GP 源内重加权,蒸发和下界保护后,其他候选弧,7,0.9026666666666665,0.0,0.0,0.0,0.0
不使用 GP 产生的状态,2500,历史全局最优路径,GP 源内重加权,重启和可选上界处理后,两条来源路径共有边,0,0.9473333333333334,0.009529487960118568,0.009532190431363172,0.000672830323881636,0.0006729935876264142
不使用 GP 产生的状态,2500,历史全局最优路径,GP 源内重加权,重启和可选上界处理后,两条来源路径共有边,1,1.0,-5.171399730953998e-07,1.126179908724481e-05,-3.0789110395643446e-08,6.700555483500162e-07
不使用 GP 产生的状态,2500,历史全局最优路径,GP 源内重加权,重启和可选上界处理后,两条来源路径共有边,2,0.908,0.024750685509249155,0.024752647042370637,0.0017468190699401172,0.0017469388752761154
不使用 GP 产生的状态,2500,历史全局最优路径,GP 源内重加权,重启和可选上界处理后,两条来源路径共有边,3,0.9440000000000001,0.022593653569925,0.02259465723345685,0.0016132365704283242,0.0016132967446285942
不使用 GP 产生的状态,2500,历史全局最优路径,GP 源内重加权,重启和可选上界处理后,两条来源路径共有边,4,0.9553333333333333,0.01916432836255108,0.019168102290614435,0.0013664510531366742,0.0013666849152718197
不使用 GP 产生的状态,2500,历史全局最优路径,GP 源内重加权,重启和可选上界处理后,两条来源路径共有边,5,1.0,1.635870568807577e-07,1.158415751738773e-05,1.0073184967041016e-08,7.133020295037164e-07
不使用 GP 产生的状态,2500,历史全局最优路径,GP 源内重加权,重启和可选上界处理后,两条来源路径共有边,6,0.9133333333333332,0.013083249894035975,0.013557835760202329,0.0008835238605227469,0.0009178136691876676
不使用 GP 产生的状态,2500,历史全局最优路径,GP 源内重加权,重启和可选上界处理后,两条来源路径共有边,7,0.9026666666666665,0.029521302087747503,0.029521302087747503,0.0020661079688059883,0.0020661079688059883
不使用 GP 产生的状态,2500,历史全局最优路径,GP 源内重加权,重启和可选上界处理后,仅历史来源路径包含的边,0,0.9473333333333334,0.03680356630161179,0.03680356630161179,0.013847789270577377,0.013847789270577377
不使用 GP 产生的状态,2500,历史全局最优路径,GP 源内重加权,重启和可选上界处理后,仅历史来源路径包含的边,1,1.0,0.0,0.0,0.0,0.0
不使用 GP 产生的状态,2500,历史全局最优路径,GP 源内重加权,重启和可选上界处理后,仅历史来源路径包含的边,2,0.908,0.059582582525836,0.059582582525836,0.026072054499899158,0.026072054499899158
不使用 GP 产生的状态,2500,历史全局最优路径,GP 源内重加权,重启和可选上界处理后,仅历史来源路径包含的边,3,0.9440000000000001,0.03275074924784228,0.03275074924784228,0.011581049485054487,0.011581049485054487
不使用 GP 产生的状态,2500,历史全局最优路径,GP 源内重加权,重启和可选上界处理后,仅历史来源路径包含的边,4,0.9553333333333333,0.025579563611155633,0.025579563611155633,0.011787089129414095,0.011787089129414095
不使用 GP 产生的状态,2500,历史全局最优路径,GP 源内重加权,重启和可选上界处理后,仅历史来源路径包含的边,5,1.0,0.0,0.0,0.0,0.0
不使用 GP 产生的状态,2500,历史全局最优路径,GP 源内重加权,重启和可选上界处理后,仅历史来源路径包含的边,6,0.9133333333333332,0.061394884640734185,0.061394884640734185,0.027135445483647117,0.027135445483647117
不使用 GP 产生的状态,2500,历史全局最优路径,GP 源内重加权,重启和可选上界处理后,仅历史来源路径包含的边,7,0.9026666666666665,0.06095541021893674,0.06095541021893674,0.024780035132457384,0.024780035132457384
不使用 GP 产生的状态,2500,历史全局最优路径,GP 源内重加权,重启和可选上界处理后,仅本轮最优路径包含的边,0,0.9473333333333334,-0.04633350658930413,0.04633350658930413,-0.017433545166721867,0.017433545166721867
不使用 GP 产生的状态,2500,历史全局最优路径,GP 源内重加权,重启和可选上界处理后,仅本轮最优路径包含的边,1,1.0,0.0,0.0,0.0,0.0
不使用 GP 产生的状态,2500,历史全局最优路径,GP 源内重加权,重启和可选上界处理后,仅本轮最优路径包含的边,2,0.908,-0.08433229770008104,0.08433229770008104,-0.03664062294782914,0.03664062294782914
不使用 GP 产生的状态,2500,历史全局最优路径,GP 源内重加权,重启和可选上界处理后,仅本轮最优路径包含的边,3,0.9440000000000001,-0.05534343891037319,0.05534343891037319,-0.019570089827375438,0.019570089827375438
不使用 GP 产生的状态,2500,历史全局最优路径,GP 源内重加权,重启和可选上界处理后,仅本轮最优路径包含的边,4,0.9553333333333333,-0.0447432958862693,0.0447432958862693,-0.02061775660336907,0.02061775660336907
不使用 GP 产生的状态,2500,历史全局最优路径,GP 源内重加权,重启和可选上界处理后,仅本轮最优路径包含的边,5,1.0,0.0,0.0,0.0,0.0
不使用 GP 产生的状态,2500,历史全局最优路径,GP 源内重加权,重启和可选上界处理后,仅本轮最优路径包含的边,6,0.9133333333333332,-0.07447755017026512,0.07447755017026512,-0.03623243055083717,0.03623243055083717
不使用 GP 产生的状态,2500,历史全局最优路径,GP 源内重加权,重启和可选上界处理后,仅本轮最优路径包含的边,7,0.9026666666666665,-0.09047653794598692,0.09047653794598692,-0.03751808990084968,0.03751808990084968
不使用 GP 产生的状态,2500,历史全局最优路径,GP 源内重加权,重启和可选上界处理后,其他候选弧,0,0.9473333333333334,0.0,0.0,0.0,0.0
不使用 GP 产生的状态,2500,历史全局最优路径,GP 源内重加权,重启和可选上界处理后,其他候选弧,1,1.0,0.0,0.0,0.0,0.0
不使用 GP 产生的状态,2500,历史全局最优路径,GP 源内重加权,重启和可选上界处理后,其他候选弧,2,0.908,0.0,0.0,0.0,0.0
不使用 GP 产生的状态,2500,历史全局最优路径,GP 源内重加权,重启和可选上界处理后,其他候选弧,3,0.9440000000000001,0.0,0.0,0.0,0.0
不使用 GP 产生的状态,2500,历史全局最优路径,GP 源内重加权,重启和可选上界处理后,其他候选弧,4,0.9553333333333333,0.0,0.0,0.0,0.0
不使用 GP 产生的状态,2500,历史全局最优路径,GP 源内重加权,重启和可选上界处理后,其他候选弧,5,1.0,0.0,0.0,0.0,0.0
不使用 GP 产生的状态,2500,历史全局最优路径,GP 源内重加权,重启和可选上界处理后,其他候选弧,6,0.9133333333333332,0.0,0.0,0.0,0.0
不使用 GP 产生的状态,2500,历史全局最优路径,GP 源内重加权,重启和可选上界处理后,其他候选弧,7,0.9026666666666665,0.0,0.0,0.0,0.0
不使用 GP 产生的状态,2500,历史全局最优路径,来源内均匀沉积,更新前,两条来源路径共有边,0,0.9473333333333334,0.0,0.0,0.0,0.0
不使用 GP 产生的状态,2500,历史全局最优路径,来源内均匀沉积,更新前,两条来源路径共有边,1,1.0,0.0,0.0,0.0,0.0
不使用 GP 产生的状态,2500,历史全局最优路径,来源内均匀沉积,更新前,两条来源路径共有边,2,0.908,0.0,0.0,0.0,0.0
不使用 GP 产生的状态,2500,历史全局最优路径,来源内均匀沉积,更新前,两条来源路径共有边,3,0.9440000000000001,0.0,0.0,0.0,0.0
不使用 GP 产生的状态,2500,历史全局最优路径,来源内均匀沉积,更新前,两条来源路径共有边,4,0.9553333333333333,0.0,0.0,0.0,0.0
不使用 GP 产生的状态,2500,历史全局最优路径,来源内均匀沉积,更新前,两条来源路径共有边,5,1.0,0.0,0.0,0.0,0.0
不使用 GP 产生的状态,2500,历史全局最优路径,来源内均匀沉积,更新前,两条来源路径共有边,6,0.9133333333333332,0.0,0.0,0.0,0.0
不使用 GP 产生的状态,2500,历史全局最优路径,来源内均匀沉积,更新前,两条来源路径共有边,7,0.9026666666666665,0.0,0.0,0.0,0.0
不使用 GP 产生的状态,2500,历史全局最优路径,来源内均匀沉积,更新前,仅历史来源路径包含的边,0,0.9473333333333334,0.0,0.0,0.0,0.0
不使用 GP 产生的状态,2500,历史全局最优路径,来源内均匀沉积,更新前,仅历史来源路径包含的边,1,1.0,0.0,0.0,0.0,0.0
不使用 GP 产生的状态,2500,历史全局最优路径,来源内均匀沉积,更新前,仅历史来源路径包含的边,2,0.908,0.0,0.0,0.0,0.0
不使用 GP 产生的状态,2500,历史全局最优路径,来源内均匀沉积,更新前,仅历史来源路径包含的边,3,0.9440000000000001,0.0,0.0,0.0,0.0
不使用 GP 产生的状态,2500,历史全局最优路径,来源内均匀沉积,更新前,仅历史来源路径包含的边,4,0.9553333333333333,0.0,0.0,0.0,0.0
不使用 GP 产生的状态,2500,历史全局最优路径,来源内均匀沉积,更新前,仅历史来源路径包含的边,5,1.0,0.0,0.0,0.0,0.0
不使用 GP 产生的状态,2500,历史全局最优路径,来源内均匀沉积,更新前,仅历史来源路径包含的边,6,0.9133333333333332,0.0,0.0,0.0,0.0
不使用 GP 产生的状态,2500,历史全局最优路径,来源内均匀沉积,更新前,仅历史来源路径包含的边,7,0.9026666666666665,0.0,0.0,0.0,0.0
不使用 GP 产生的状态,2500,历史全局最优路径,来源内均匀沉积,更新前,仅本轮最优路径包含的边,0,0.9473333333333334,0.0,0.0,0.0,0.0
不使用 GP 产生的状态,2500,历史全局最优路径,来源内均匀沉积,更新前,仅本轮最优路径包含的边,1,1.0,0.0,0.0,0.0,0.0
不使用 GP 产生的状态,2500,历史全局最优路径,来源内均匀沉积,更新前,仅本轮最优路径包含的边,2,0.908,0.0,0.0,0.0,0.0
不使用 GP 产生的状态,2500,历史全局最优路径,来源内均匀沉积,更新前,仅本轮最优路径包含的边,3,0.9440000000000001,0.0,0.0,0.0,0.0
不使用 GP 产生的状态,2500,历史全局最优路径,来源内均匀沉积,更新前,仅本轮最优路径包含的边,4,0.9553333333333333,0.0,0.0,0.0,0.0
不使用 GP 产生的状态,2500,历史全局最优路径,来源内均匀沉积,更新前,仅本轮最优路径包含的边,5,1.0,0.0,0.0,0.0,0.0
不使用 GP 产生的状态,2500,历史全局最优路径,来源内均匀沉积,更新前,仅本轮最优路径包含的边,6,0.9133333333333332,0.0,0.0,0.0,0.0
不使用 GP 产生的状态,2500,历史全局最优路径,来源内均匀沉积,更新前,仅本轮最优路径包含的边,7,0.9026666666666665,0.0,0.0,0.0,0.0
不使用 GP 产生的状态,2500,历史全局最优路径,来源内均匀沉积,更新前,其他候选弧,0,0.9473333333333334,0.0,0.0,0.0,0.0
不使用 GP 产生的状态,2500,历史全局最优路径,来源内均匀沉积,更新前,其他候选弧,1,1.0,0.0,0.0,0.0,0.0
不使用 GP 产生的状态,2500,历史全局最优路径,来源内均匀沉积,更新前,其他候选弧,2,0.908,0.0,0.0,0.0,0.0
不使用 GP 产生的状态,2500,历史全局最优路径,来源内均匀沉积,更新前,其他候选弧,3,0.9440000000000001,0.0,0.0,0.0,0.0
不使用 GP 产生的状态,2500,历史全局最优路径,来源内均匀沉积,更新前,其他候选弧,4,0.9553333333333333,0.0,0.0,0.0,0.0
不使用 GP 产生的状态,2500,历史全局最优路径,来源内均匀沉积,更新前,其他候选弧,5,1.0,0.0,0.0,0.0,0.0
不使用 GP 产生的状态,2500,历史全局最优路径,来源内均匀沉积,更新前,其他候选弧,6,0.9133333333333332,0.0,0.0,0.0,0.0
不使用 GP 产生的状态,2500,历史全局最优路径,来源内均匀沉积,更新前,其他候选弧,7,0.9026666666666665,0.0,0.0,0.0,0.0
不使用 GP 产生的状态,2500,历史全局最优路径,来源内均匀沉积,沉积后,两条来源路径共有边,0,0.9473333333333334,0.0,0.0,0.0,0.0
不使用 GP 产生的状态,2500,历史全局最优路径,来源内均匀沉积,沉积后,两条来源路径共有边,1,1.0,0.0,0.0,0.0,0.0
不使用 GP 产生的状态,2500,历史全局最优路径,来源内均匀沉积,沉积后,两条来源路径共有边,2,0.908,3.3995862229282843e-08,3.726522937437981e-08,2.3274173234386215e-09,2.5595226379845348e-09
不使用 GP 产生的状态,2500,历史全局最优路径,来源内均匀沉积,沉积后,两条来源路径共有边,3,0.9440000000000001,-1.6889401823701155e-08,1.6889401823701155e-08,-1.2059433337969656e-09,1.2059433337969656e-09
不使用 GP 产生的状态,2500,历史全局最优路径,来源内均匀沉积,沉积后,两条来源路径共有边,4,0.9553333333333333,0.0,0.0,0.0,0.0
不使用 GP 产生的状态,2500,历史全局最优路径,来源内均匀沉积,沉积后,两条来源路径共有边,5,1.0,0.0,0.0,0.0,0.0
不使用 GP 产生的状态,2500,历史全局最优路径,来源内均匀沉积,沉积后,两条来源路径共有边,6,0.9133333333333332,-6.525002988050764e-08,7.945575728679412e-08,-4.751726332049479e-09,5.710280560893481e-09
不使用 GP 产生的状态,2500,历史全局最优路径,来源内均匀沉积,沉积后,两条来源路径共有边,7,0.9026666666666665,7.710816316111307e-08,7.710816316111307e-08,5.5017843961335446e-09,5.5017843961335446e-09
不使用 GP 产生的状态,2500,历史全局最优路径,来源内均匀沉积,沉积后,仅历史来源路径包含的边,0,0.9473333333333334,0.0526666642369694,0.0526666642369694,0.019816472728781887,0.019816472728781887
不使用 GP 产生的状态,2500,历史全局最优路径,来源内均匀沉积,沉积后,仅历史来源路径包含的边,1,1.0,0.0,0.0,0.0,0.0
不使用 GP 产生的状态,2500,历史全局最优路径,来源内均匀沉积,沉积后,仅历史来源路径包含的边,2,0.908,0.09200000000226906,0.09200000000226906,0.04009883127553328,0.04009883127553328
不使用 GP 产生的状态,2500,历史全局最优路径,来源内均匀沉积,沉积后,仅历史来源路径包含的边,3,0.9440000000000001,0.05599999943164445,0.05599999943164445,0.019802257336864602,0.019802257336864602
不使用 GP 产生的状态,2500,历史全局最优路径,来源内均匀沉积,沉积后,仅历史来源路径包含的边,4,0.9553333333333333,0.04466666802479212,0.04466666802479212,0.020582446406261803,0.020582446406261803
不使用 GP 产生的状态,2500,历史全局最优路径,来源内均匀沉积,沉积后,仅历史来源路径包含的边,5,1.0,0.0,0.0,0.0,0.0
不使用 GP 产生的状态,2500,历史全局最优路径,来源内均匀沉积,沉积后,仅历史来源路径包含的边,6,0.9133333333333332,0.08666666393386235,0.08666666393386235,0.04046726433590484,0.04046726433590484
不使用 GP 产生的状态,2500,历史全局最优路径,来源内均匀沉积,沉积后,仅历史来源路径包含的边,7,0.9026666666666665,0.09733333641310575,0.09733333641310575,0.03999306987254119,0.03999306987254119
不使用 GP 产生的状态,2500,历史全局最优路径,来源内均匀沉积,沉积后,仅本轮最优路径包含的边,0,0.9473333333333334,-0.05266666588807916,0.05266666588807916,-0.01981647335003201,0.01981647335003201
不使用 GP 产生的状态,2500,历史全局最优路径,来源内均匀沉积,沉积后,仅本轮最优路径包含的边,1,1.0,0.0,0.0,0.0,0.0
不使用 GP 产生的状态,2500,历史全局最优路径,来源内均匀沉积,沉积后,仅本轮最优路径包含的边,2,0.908,-0.09199999631492711,0.09199999631492711,-0.04009882959941721,0.04009882959941721
不使用 GP 产生的状态,2500,历史全局最优路径,来源内均匀沉积,沉积后,仅本轮最优路径包含的边,3,0.9440000000000001,-0.05600000467953486,0.05600000467953486,-0.019802259192580267,0.019802259192580267
不使用 GP 产生的状态,2500,历史全局最优路径,来源内均匀沉积,沉积后,仅本轮最优路径包含的边,4,0.9553333333333333,-0.044666660152828816,0.044666660152828816,-0.02058244277885304,0.02058244277885304
不使用 GP 产生的状态,2500,历史全局最优路径,来源内均匀沉积,沉积后,仅本轮最优路径包含的边,5,1.0,0.0,0.0,0.0,0.0
不使用 GP 产生的状态,2500,历史全局最优路径,来源内均匀沉积,沉积后,仅本轮最优路径包含的边,6,0.9133333333333332,-0.0866666695200888,0.0866666695200888,-0.04046726446473903,0.04046726446473903
不使用 GP 产生的状态,2500,历史全局最优路径,来源内均匀沉积,沉积后,仅本轮最优路径包含的边,7,0.9026666666666665,-0.09733333595347624,0.09733333595347624,-0.039993070232494064,0.039993070232494064
不使用 GP 产生的状态,2500,历史全局最优路径,来源内均匀沉积,沉积后,其他候选弧,0,0.9473333333333334,0.0,0.0,0.0,0.0
不使用 GP 产生的状态,2500,历史全局最优路径,来源内均匀沉积,沉积后,其他候选弧,1,1.0,0.0,0.0,0.0,0.0
不使用 GP 产生的状态,2500,历史全局最优路径,来源内均匀沉积,沉积后,其他候选弧,2,0.908,0.0,0.0,0.0,0.0
不使用 GP 产生的状态,2500,历史全局最优路径,来源内均匀沉积,沉积后,其他候选弧,3,0.9440000000000001,0.0,0.0,0.0,0.0
不使用 GP 产生的状态,2500,历史全局最优路径,来源内均匀沉积,沉积后,其他候选弧,4,0.9553333333333333,0.0,0.0,0.0,0.0
不使用 GP 产生的状态,2500,历史全局最优路径,来源内均匀沉积,沉积后,其他候选弧,5,1.0,0.0,0.0,0.0,0.0
不使用 GP 产生的状态,2500,历史全局最优路径,来源内均匀沉积,沉积后,其他候选弧,6,0.9133333333333332,0.0,0.0,0.0,0.0
不使用 GP 产生的状态,2500,历史全局最优路径,来源内均匀沉积,沉积后,其他候选弧,7,0.9026666666666665,0.0,0.0,0.0,0.0
不使用 GP 产生的状态,2500,历史全局最优路径,来源内均匀沉积,蒸发和下界保护后,两条来源路径共有边,0,0.9473333333333334,0.0,0.0,0.0,0.0
不使用 GP 产生的状态,2500,历史全局最优路径,来源内均匀沉积,蒸发和下界保护后,两条来源路径共有边,1,1.0,0.0,0.0,0.0,0.0
不使用 GP 产生的状态,2500,历史全局最优路径,来源内均匀沉积,蒸发和下界保护后,两条来源路径共有边,2,0.908,0.0,0.0,0.0,0.0
不使用 GP 产生的状态,2500,历史全局最优路径,来源内均匀沉积,蒸发和下界保护后,两条来源路径共有边,3,0.9440000000000001,0.0,0.0,0.0,0.0
不使用 GP 产生的状态,2500,历史全局最优路径,来源内均匀沉积,蒸发和下界保护后,两条来源路径共有边,4,0.9553333333333333,0.0,0.0,0.0,0.0
不使用 GP 产生的状态,2500,历史全局最优路径,来源内均匀沉积,蒸发和下界保护后,两条来源路径共有边,5,1.0,0.0,0.0,0.0,0.0
不使用 GP 产生的状态,2500,历史全局最优路径,来源内均匀沉积,蒸发和下界保护后,两条来源路径共有边,6,0.9133333333333332,0.0,0.0,0.0,0.0
不使用 GP 产生的状态,2500,历史全局最优路径,来源内均匀沉积,蒸发和下界保护后,两条来源路径共有边,7,0.9026666666666665,0.0,0.0,0.0,0.0
不使用 GP 产生的状态,2500,历史全局最优路径,来源内均匀沉积,蒸发和下界保护后,仅历史来源路径包含的边,0,0.9473333333333334,0.0,0.0,0.0,0.0
不使用 GP 产生的状态,2500,历史全局最优路径,来源内均匀沉积,蒸发和下界保护后,仅历史来源路径包含的边,1,1.0,0.0,0.0,0.0,0.0
不使用 GP 产生的状态,2500,历史全局最优路径,来源内均匀沉积,蒸发和下界保护后,仅历史来源路径包含的边,2,0.908,0.0,0.0,0.0,0.0
不使用 GP 产生的状态,2500,历史全局最优路径,来源内均匀沉积,蒸发和下界保护后,仅历史来源路径包含的边,3,0.9440000000000001,0.0,0.0,0.0,0.0
不使用 GP 产生的状态,2500,历史全局最优路径,来源内均匀沉积,蒸发和下界保护后,仅历史来源路径包含的边,4,0.9553333333333333,0.0,0.0,0.0,0.0
不使用 GP 产生的状态,2500,历史全局最优路径,来源内均匀沉积,蒸发和下界保护后,仅历史来源路径包含的边,5,1.0,0.0,0.0,0.0,0.0
不使用 GP 产生的状态,2500,历史全局最优路径,来源内均匀沉积,蒸发和下界保护后,仅历史来源路径包含的边,6,0.9133333333333332,0.0,0.0,0.0,0.0
不使用 GP 产生的状态,2500,历史全局最优路径,来源内均匀沉积,蒸发和下界保护后,仅历史来源路径包含的边,7,0.9026666666666665,0.0,0.0,0.0,0.0
不使用 GP 产生的状态,2500,历史全局最优路径,来源内均匀沉积,蒸发和下界保护后,仅本轮最优路径包含的边,0,0.9473333333333334,0.0,0.0,0.0,0.0
不使用 GP 产生的状态,2500,历史全局最优路径,来源内均匀沉积,蒸发和下界保护后,仅本轮最优路径包含的边,1,1.0,0.0,0.0,0.0,0.0
不使用 GP 产生的状态,2500,历史全局最优路径,来源内均匀沉积,蒸发和下界保护后,仅本轮最优路径包含的边,2,0.908,0.0,0.0,0.0,0.0
不使用 GP 产生的状态,2500,历史全局最优路径,来源内均匀沉积,蒸发和下界保护后,仅本轮最优路径包含的边,3,0.9440000000000001,0.0,0.0,0.0,0.0
不使用 GP 产生的状态,2500,历史全局最优路径,来源内均匀沉积,蒸发和下界保护后,仅本轮最优路径包含的边,4,0.9553333333333333,0.0,0.0,0.0,0.0
不使用 GP 产生的状态,2500,历史全局最优路径,来源内均匀沉积,蒸发和下界保护后,仅本轮最优路径包含的边,5,1.0,0.0,0.0,0.0,0.0
不使用 GP 产生的状态,2500,历史全局最优路径,来源内均匀沉积,蒸发和下界保护后,仅本轮最优路径包含的边,6,0.9133333333333332,0.0,0.0,0.0,0.0
不使用 GP 产生的状态,2500,历史全局最优路径,来源内均匀沉积,蒸发和下界保护后,仅本轮最优路径包含的边,7,0.9026666666666665,0.0,0.0,0.0,0.0
不使用 GP 产生的状态,2500,历史全局最优路径,来源内均匀沉积,蒸发和下界保护后,其他候选弧,0,0.9473333333333334,0.0,0.0,0.0,0.0
不使用 GP 产生的状态,2500,历史全局最优路径,来源内均匀沉积,蒸发和下界保护后,其他候选弧,1,1.0,0.0,0.0,0.0,0.0
不使用 GP 产生的状态,2500,历史全局最优路径,来源内均匀沉积,蒸发和下界保护后,其他候选弧,2,0.908,0.0,0.0,0.0,0.0
不使用 GP 产生的状态,2500,历史全局最优路径,来源内均匀沉积,蒸发和下界保护后,其他候选弧,3,0.9440000000000001,0.0,0.0,0.0,0.0
不使用 GP 产生的状态,2500,历史全局最优路径,来源内均匀沉积,蒸发和下界保护后,其他候选弧,4,0.9553333333333333,0.0,0.0,0.0,0.0
不使用 GP 产生的状态,2500,历史全局最优路径,来源内均匀沉积,蒸发和下界保护后,其他候选弧,5,1.0,0.0,0.0,0.0,0.0
不使用 GP 产生的状态,2500,历史全局最优路径,来源内均匀沉积,蒸发和下界保护后,其他候选弧,6,0.9133333333333332,0.0,0.0,0.0,0.0
不使用 GP 产生的状态,2500,历史全局最优路径,来源内均匀沉积,蒸发和下界保护后,其他候选弧,7,0.9026666666666665,0.0,0.0,0.0,0.0
不使用 GP 产生的状态,2500,历史全局最优路径,来源内均匀沉积,重启和可选上界处理后,两条来源路径共有边,0,0.9473333333333334,0.0,0.0,0.0,0.0
不使用 GP 产生的状态,2500,历史全局最优路径,来源内均匀沉积,重启和可选上界处理后,两条来源路径共有边,1,1.0,0.0,0.0,0.0,0.0
不使用 GP 产生的状态,2500,历史全局最优路径,来源内均匀沉积,重启和可选上界处理后,两条来源路径共有边,2,0.908,3.3995862229282843e-08,3.726522937437981e-08,2.3274173234386215e-09,2.5595226379845348e-09
不使用 GP 产生的状态,2500,历史全局最优路径,来源内均匀沉积,重启和可选上界处理后,两条来源路径共有边,3,0.9440000000000001,-1.6889401823701155e-08,1.6889401823701155e-08,-1.2059433337969656e-09,1.2059433337969656e-09
不使用 GP 产生的状态,2500,历史全局最优路径,来源内均匀沉积,重启和可选上界处理后,两条来源路径共有边,4,0.9553333333333333,0.0,0.0,0.0,0.0
不使用 GP 产生的状态,2500,历史全局最优路径,来源内均匀沉积,重启和可选上界处理后,两条来源路径共有边,5,1.0,0.0,0.0,0.0,0.0
不使用 GP 产生的状态,2500,历史全局最优路径,来源内均匀沉积,重启和可选上界处理后,两条来源路径共有边,6,0.9133333333333332,-6.525002988050764e-08,7.945575728679412e-08,-4.751726332049479e-09,5.710280560893481e-09
不使用 GP 产生的状态,2500,历史全局最优路径,来源内均匀沉积,重启和可选上界处理后,两条来源路径共有边,7,0.9026666666666665,7.710816316111307e-08,7.710816316111307e-08,5.5017843961335446e-09,5.5017843961335446e-09
不使用 GP 产生的状态,2500,历史全局最优路径,来源内均匀沉积,重启和可选上界处理后,仅历史来源路径包含的边,0,0.9473333333333334,0.0526666642369694,0.0526666642369694,0.019816472728781887,0.019816472728781887
不使用 GP 产生的状态,2500,历史全局最优路径,来源内均匀沉积,重启和可选上界处理后,仅历史来源路径包含的边,1,1.0,0.0,0.0,0.0,0.0
不使用 GP 产生的状态,2500,历史全局最优路径,来源内均匀沉积,重启和可选上界处理后,仅历史来源路径包含的边,2,0.908,0.09200000000226906,0.09200000000226906,0.04009883127553328,0.04009883127553328
不使用 GP 产生的状态,2500,历史全局最优路径,来源内均匀沉积,重启和可选上界处理后,仅历史来源路径包含的边,3,0.9440000000000001,0.05599999943164445,0.05599999943164445,0.019802257336864602,0.019802257336864602
不使用 GP 产生的状态,2500,历史全局最优路径,来源内均匀沉积,重启和可选上界处理后,仅历史来源路径包含的边,4,0.9553333333333333,0.04466666802479212,0.04466666802479212,0.020582446406261803,0.020582446406261803
不使用 GP 产生的状态,2500,历史全局最优路径,来源内均匀沉积,重启和可选上界处理后,仅历史来源路径包含的边,5,1.0,0.0,0.0,0.0,0.0
不使用 GP 产生的状态,2500,历史全局最优路径,来源内均匀沉积,重启和可选上界处理后,仅历史来源路径包含的边,6,0.9133333333333332,0.08666666393386235,0.08666666393386235,0.04046726433590484,0.04046726433590484
不使用 GP 产生的状态,2500,历史全局最优路径,来源内均匀沉积,重启和可选上界处理后,仅历史来源路径包含的边,7,0.9026666666666665,0.09733333641310575,0.09733333641310575,0.03999306987254119,0.03999306987254119
不使用 GP 产生的状态,2500,历史全局最优路径,来源内均匀沉积,重启和可选上界处理后,仅本轮最优路径包含的边,0,0.9473333333333334,-0.05266666588807916,0.05266666588807916,-0.01981647335003201,0.01981647335003201
不使用 GP 产生的状态,2500,历史全局最优路径,来源内均匀沉积,重启和可选上界处理后,仅本轮最优路径包含的边,1,1.0,0.0,0.0,0.0,0.0
不使用 GP 产生的状态,2500,历史全局最优路径,来源内均匀沉积,重启和可选上界处理后,仅本轮最优路径包含的边,2,0.908,-0.09199999631492711,0.09199999631492711,-0.04009882959941721,0.04009882959941721
不使用 GP 产生的状态,2500,历史全局最优路径,来源内均匀沉积,重启和可选上界处理后,仅本轮最优路径包含的边,3,0.9440000000000001,-0.05600000467953486,0.05600000467953486,-0.019802259192580267,0.019802259192580267
不使用 GP 产生的状态,2500,历史全局最优路径,来源内均匀沉积,重启和可选上界处理后,仅本轮最优路径包含的边,4,0.9553333333333333,-0.044666660152828816,0.044666660152828816,-0.02058244277885304,0.02058244277885304
不使用 GP 产生的状态,2500,历史全局最优路径,来源内均匀沉积,重启和可选上界处理后,仅本轮最优路径包含的边,5,1.0,0.0,0.0,0.0,0.0
不使用 GP 产生的状态,2500,历史全局最优路径,来源内均匀沉积,重启和可选上界处理后,仅本轮最优路径包含的边,6,0.9133333333333332,-0.0866666695200888,0.0866666695200888,-0.04046726446473903,0.04046726446473903
不使用 GP 产生的状态,2500,历史全局最优路径,来源内均匀沉积,重启和可选上界处理后,仅本轮最优路径包含的边,7,0.9026666666666665,-0.09733333595347624,0.09733333595347624,-0.039993070232494064,0.039993070232494064
不使用 GP 产生的状态,2500,历史全局最优路径,来源内均匀沉积,重启和可选上界处理后,其他候选弧,0,0.9473333333333334,0.0,0.0,0.0,0.0
不使用 GP 产生的状态,2500,历史全局最优路径,来源内均匀沉积,重启和可选上界处理后,其他候选弧,1,1.0,0.0,0.0,0.0,0.0
不使用 GP 产生的状态,2500,历史全局最优路径,来源内均匀沉积,重启和可选上界处理后,其他候选弧,2,0.908,0.0,0.0,0.0,0.0
不使用 GP 产生的状态,2500,历史全局最优路径,来源内均匀沉积,重启和可选上界处理后,其他候选弧,3,0.9440000000000001,0.0,0.0,0.0,0.0
不使用 GP 产生的状态,2500,历史全局最优路径,来源内均匀沉积,重启和可选上界处理后,其他候选弧,4,0.9553333333333333,0.0,0.0,0.0,0.0
不使用 GP 产生的状态,2500,历史全局最优路径,来源内均匀沉积,重启和可选上界处理后,其他候选弧,5,1.0,0.0,0.0,0.0,0.0
不使用 GP 产生的状态,2500,历史全局最优路径,来源内均匀沉积,重启和可选上界处理后,其他候选弧,6,0.9133333333333332,0.0,0.0,0.0,0.0
不使用 GP 产生的状态,2500,历史全局最优路径,来源内均匀沉积,重启和可选上界处理后,其他候选弧,7,0.9026666666666665,0.0,0.0,0.0,0.0
不使用 GP 产生的状态,2500,历史重启阶段最优路径,GP 源内重加权,更新前,两条来源路径共有边,0,0.9633333333333334,0.0,0.0,0.0,0.0
不使用 GP 产生的状态,2500,历史重启阶段最优路径,GP 源内重加权,更新前,两条来源路径共有边,1,1.0,0.0,0.0,0.0,0.0
不使用 GP 产生的状态,2500,历史重启阶段最优路径,GP 源内重加权,更新前,两条来源路径共有边,2,0.9593333333333334,0.0,0.0,0.0,0.0
不使用 GP 产生的状态,2500,历史重启阶段最优路径,GP 源内重加权,更新前,两条来源路径共有边,3,1.0,0.0,0.0,0.0,0.0
不使用 GP 产生的状态,2500,历史重启阶段最优路径,GP 源内重加权,更新前,两条来源路径共有边,4,1.0,0.0,0.0,0.0,0.0
不使用 GP 产生的状态,2500,历史重启阶段最优路径,GP 源内重加权,更新前,两条来源路径共有边,5,1.0,0.0,0.0,0.0,0.0
不使用 GP 产生的状态,2500,历史重启阶段最优路径,GP 源内重加权,更新前,两条来源路径共有边,6,0.9600000000000001,0.0,0.0,0.0,0.0
不使用 GP 产生的状态,2500,历史重启阶段最优路径,GP 源内重加权,更新前,两条来源路径共有边,7,0.9726666666666668,0.0,0.0,0.0,0.0
不使用 GP 产生的状态,2500,历史重启阶段最优路径,GP 源内重加权,更新前,仅历史来源路径包含的边,0,0.9633333333333334,0.0,0.0,0.0,0.0
不使用 GP 产生的状态,2500,历史重启阶段最优路径,GP 源内重加权,更新前,仅历史来源路径包含的边,1,1.0,0.0,0.0,0.0,0.0
不使用 GP 产生的状态,2500,历史重启阶段最优路径,GP 源内重加权,更新前,仅历史来源路径包含的边,2,0.9593333333333334,0.0,0.0,0.0,0.0
不使用 GP 产生的状态,2500,历史重启阶段最优路径,GP 源内重加权,更新前,仅历史来源路径包含的边,3,1.0,0.0,0.0,0.0,0.0
不使用 GP 产生的状态,2500,历史重启阶段最优路径,GP 源内重加权,更新前,仅历史来源路径包含的边,4,1.0,0.0,0.0,0.0,0.0
不使用 GP 产生的状态,2500,历史重启阶段最优路径,GP 源内重加权,更新前,仅历史来源路径包含的边,5,1.0,0.0,0.0,0.0,0.0
不使用 GP 产生的状态,2500,历史重启阶段最优路径,GP 源内重加权,更新前,仅历史来源路径包含的边,6,0.9600000000000001,0.0,0.0,0.0,0.0
不使用 GP 产生的状态,2500,历史重启阶段最优路径,GP 源内重加权,更新前,仅历史来源路径包含的边,7,0.9726666666666668,0.0,0.0,0.0,0.0
不使用 GP 产生的状态,2500,历史重启阶段最优路径,GP 源内重加权,更新前,仅本轮最优路径包含的边,0,0.9633333333333334,0.0,0.0,0.0,0.0
不使用 GP 产生的状态,2500,历史重启阶段最优路径,GP 源内重加权,更新前,仅本轮最优路径包含的边,1,1.0,0.0,0.0,0.0,0.0
不使用 GP 产生的状态,2500,历史重启阶段最优路径,GP 源内重加权,更新前,仅本轮最优路径包含的边,2,0.9593333333333334,0.0,0.0,0.0,0.0
不使用 GP 产生的状态,2500,历史重启阶段最优路径,GP 源内重加权,更新前,仅本轮最优路径包含的边,3,1.0,0.0,0.0,0.0,0.0
不使用 GP 产生的状态,2500,历史重启阶段最优路径,GP 源内重加权,更新前,仅本轮最优路径包含的边,4,1.0,0.0,0.0,0.0,0.0
不使用 GP 产生的状态,2500,历史重启阶段最优路径,GP 源内重加权,更新前,仅本轮最优路径包含的边,5,1.0,0.0,0.0,0.0,0.0
不使用 GP 产生的状态,2500,历史重启阶段最优路径,GP 源内重加权,更新前,仅本轮最优路径包含的边,6,0.9600000000000001,0.0,0.0,0.0,0.0
不使用 GP 产生的状态,2500,历史重启阶段最优路径,GP 源内重加权,更新前,仅本轮最优路径包含的边,7,0.9726666666666668,0.0,0.0,0.0,0.0
不使用 GP 产生的状态,2500,历史重启阶段最优路径,GP 源内重加权,更新前,其他候选弧,0,0.9633333333333334,0.0,0.0,0.0,0.0
不使用 GP 产生的状态,2500,历史重启阶段最优路径,GP 源内重加权,更新前,其他候选弧,1,1.0,0.0,0.0,0.0,0.0
不使用 GP 产生的状态,2500,历史重启阶段最优路径,GP 源内重加权,更新前,其他候选弧,2,0.9593333333333334,0.0,0.0,0.0,0.0
不使用 GP 产生的状态,2500,历史重启阶段最优路径,GP 源内重加权,更新前,其他候选弧,3,1.0,0.0,0.0,0.0,0.0
不使用 GP 产生的状态,2500,历史重启阶段最优路径,GP 源内重加权,更新前,其他候选弧,4,1.0,0.0,0.0,0.0,0.0
不使用 GP 产生的状态,2500,历史重启阶段最优路径,GP 源内重加权,更新前,其他候选弧,5,1.0,0.0,0.0,0.0,0.0
不使用 GP 产生的状态,2500,历史重启阶段最优路径,GP 源内重加权,更新前,其他候选弧,6,0.9600000000000001,0.0,0.0,0.0,0.0
不使用 GP 产生的状态,2500,历史重启阶段最优路径,GP 源内重加权,更新前,其他候选弧,7,0.9726666666666668,0.0,0.0,0.0,0.0
不使用 GP 产生的状态,2500,历史重启阶段最优路径,GP 源内重加权,沉积后,两条来源路径共有边,0,0.9633333333333334,-0.0004177122641882428,0.0007908154092740993,-2.790135100539704e-05,5.280605215258366e-05
不使用 GP 产生的状态,2500,历史重启阶段最优路径,GP 源内重加权,沉积后,两条来源路径共有边,1,1.0,-5.171399730953998e-07,1.126179908724481e-05,-3.0789110395643446e-08,6.700555483500162e-07
不使用 GP 产生的状态,2500,历史重启阶段最优路径,GP 源内重加权,沉积后,两条来源路径共有边,2,0.9593333333333334,-0.003837974288075464,0.003843757796994506,-0.0002602031526007975,0.0002605704227841917
不使用 GP 产生的状态,2500,历史重启阶段最优路径,GP 源内重加权,沉积后,两条来源路径共有边,3,1.0,1.1373780895914956e-07,3.3304685648511606e-07,6.821420457628038e-09,1.996093326144748e-08
不使用 GP 产生的状态,2500,历史重启阶段最优路径,GP 源内重加权,沉积后,两条来源路径共有边,4,1.0,7.088241680473393e-08,1.532575121806128e-05,4.3842527601453984e-09,9.481377071804472e-07
不使用 GP 产生的状态,2500,历史重启阶段最优路径,GP 源内重加权,沉积后,两条来源路径共有边,5,1.0,-8.837080821372397e-09,1.3379142900190624e-05,-5.430645412868925e-10,8.237494362725151e-07
不使用 GP 产生的状态,2500,历史重启阶段最优路径,GP 源内重加权,沉积后,两条来源路径共有边,6,0.9600000000000001,-0.008275754254879954,0.008337883043594837,-0.0005629714801154954,0.0005668004066354096
不使用 GP 产生的状态,2500,历史重启阶段最优路径,GP 源内重加权,沉积后,两条来源路径共有边,7,0.9726666666666668,-0.004272141306795647,0.004289237365340665,-0.00027759580353477393,0.0002786447821575918
不使用 GP 产生的状态,2500,历史重启阶段最优路径,GP 源内重加权,沉积后,仅历史来源路径包含的边,0,0.9633333333333334,0.02791590577179264,0.02791590577179264,0.01508713120763952,0.01508713120763952
不使用 GP 产生的状态,2500,历史重启阶段最优路径,GP 源内重加权,沉积后,仅历史来源路径包含的边,1,1.0,0.0,0.0,0.0,0.0
不使用 GP 产生的状态,2500,历史重启阶段最优路径,GP 源内重加权,沉积后,仅历史来源路径包含的边,2,0.9593333333333334,0.031897106424472604,0.031897106424472604,0.015563085905949708,0.015563085905949708
不使用 GP 产生的状态,2500,历史重启阶段最优路径,GP 源内重加权,沉积后,仅历史来源路径包含的边,3,1.0,0.0,0.0,0.0,0.0
不使用 GP 产生的状态,2500,历史重启阶段最优路径,GP 源内重加权,沉积后,仅历史来源路径包含的边,4,1.0,0.0,0.0,0.0,0.0
不使用 GP 产生的状态,2500,历史重启阶段最优路径,GP 源内重加权,沉积后,仅历史来源路径包含的边,5,1.0,0.0,0.0,0.0,0.0
不使用 GP 产生的状态,2500,历史重启阶段最优路径,GP 源内重加权,沉积后,仅历史来源路径包含的边,6,0.9600000000000001,0.03523974172665062,0.03523974172665062,0.01757967772859114,0.01757967772859114
不使用 GP 产生的状态,2500,历史重启阶段最优路径,GP 源内重加权,沉积后,仅历史来源路径包含的边,7,0.9726666666666668,0.022635033291985147,0.022635033291985147,0.016465570101246926,0.016465570101246926
不使用 GP 产生的状态,2500,历史重启阶段最优路径,GP 源内重加权,沉积后,仅本轮最优路径包含的边,0,0.9633333333333334,-0.027498861679173037,0.027498861679173037,-0.014861740027566092,0.014861740027566092
不使用 GP 产生的状态,2500,历史重启阶段最优路径,GP 源内重加权,沉积后,仅本轮最优路径包含的边,1,1.0,0.0,0.0,0.0,0.0
不使用 GP 产生的状态,2500,历史重启阶段最优路径,GP 源内重加权,沉积后,仅本轮最优路径包含的边,2,0.9593333333333334,-0.028059016474079254,0.028059016474079254,-0.013690423137802658,0.013690423137802658
不使用 GP 产生的状态,2500,历史重启阶段最优路径,GP 源内重加权,沉积后,仅本轮最优路径包含的边,3,1.0,0.0,0.0,0.0,0.0
不使用 GP 产生的状态,2500,历史重启阶段最优路径,GP 源内重加权,沉积后,仅本轮最优路径包含的边,4,1.0,0.0,0.0,0.0,0.0
不使用 GP 产生的状态,2500,历史重启阶段最优路径,GP 源内重加权,沉积后,仅本轮最优路径包含的边,5,1.0,0.0,0.0,0.0,0.0
不使用 GP 产生的状态,2500,历史重启阶段最优路径,GP 源内重加权,沉积后,仅本轮最优路径包含的边,6,0.9600000000000001,-0.02696330186620404,0.02696330186620404,-0.013450897596905837,0.013450897596905837
不使用 GP 产生的状态,2500,历史重启阶段最优路径,GP 源内重加权,沉积后,仅本轮最优路径包含的边,7,0.9726666666666668,-0.01836252410642395,0.01836252410642395,-0.013357587064703772,0.013357587064703772
不使用 GP 产生的状态,2500,历史重启阶段最优路径,GP 源内重加权,沉积后,其他候选弧,0,0.9633333333333334,0.0,0.0,0.0,0.0
不使用 GP 产生的状态,2500,历史重启阶段最优路径,GP 源内重加权,沉积后,其他候选弧,1,1.0,0.0,0.0,0.0,0.0
不使用 GP 产生的状态,2500,历史重启阶段最优路径,GP 源内重加权,沉积后,其他候选弧,2,0.9593333333333334,0.0,0.0,0.0,0.0
不使用 GP 产生的状态,2500,历史重启阶段最优路径,GP 源内重加权,沉积后,其他候选弧,3,1.0,0.0,0.0,0.0,0.0
不使用 GP 产生的状态,2500,历史重启阶段最优路径,GP 源内重加权,沉积后,其他候选弧,4,1.0,0.0,0.0,0.0,0.0
不使用 GP 产生的状态,2500,历史重启阶段最优路径,GP 源内重加权,沉积后,其他候选弧,5,1.0,0.0,0.0,0.0,0.0
不使用 GP 产生的状态,2500,历史重启阶段最优路径,GP 源内重加权,沉积后,其他候选弧,6,0.9600000000000001,0.0,0.0,0.0,0.0
不使用 GP 产生的状态,2500,历史重启阶段最优路径,GP 源内重加权,沉积后,其他候选弧,7,0.9726666666666668,0.0,0.0,0.0,0.0
不使用 GP 产生的状态,2500,历史重启阶段最优路径,GP 源内重加权,蒸发和下界保护后,两条来源路径共有边,0,0.9633333333333334,0.0,0.0,0.0,0.0
不使用 GP 产生的状态,2500,历史重启阶段最优路径,GP 源内重加权,蒸发和下界保护后,两条来源路径共有边,1,1.0,0.0,0.0,0.0,0.0
不使用 GP 产生的状态,2500,历史重启阶段最优路径,GP 源内重加权,蒸发和下界保护后,两条来源路径共有边,2,0.9593333333333334,0.0,0.0,0.0,0.0
不使用 GP 产生的状态,2500,历史重启阶段最优路径,GP 源内重加权,蒸发和下界保护后,两条来源路径共有边,3,1.0,0.0,0.0,0.0,0.0
不使用 GP 产生的状态,2500,历史重启阶段最优路径,GP 源内重加权,蒸发和下界保护后,两条来源路径共有边,4,1.0,0.0,0.0,0.0,0.0
不使用 GP 产生的状态,2500,历史重启阶段最优路径,GP 源内重加权,蒸发和下界保护后,两条来源路径共有边,5,1.0,0.0,0.0,0.0,0.0
不使用 GP 产生的状态,2500,历史重启阶段最优路径,GP 源内重加权,蒸发和下界保护后,两条来源路径共有边,6,0.9600000000000001,0.0,0.0,0.0,0.0
不使用 GP 产生的状态,2500,历史重启阶段最优路径,GP 源内重加权,蒸发和下界保护后,两条来源路径共有边,7,0.9726666666666668,0.0,0.0,0.0,0.0
不使用 GP 产生的状态,2500,历史重启阶段最优路径,GP 源内重加权,蒸发和下界保护后,仅历史来源路径包含的边,0,0.9633333333333334,0.0,0.0,0.0,0.0
不使用 GP 产生的状态,2500,历史重启阶段最优路径,GP 源内重加权,蒸发和下界保护后,仅历史来源路径包含的边,1,1.0,0.0,0.0,0.0,0.0
不使用 GP 产生的状态,2500,历史重启阶段最优路径,GP 源内重加权,蒸发和下界保护后,仅历史来源路径包含的边,2,0.9593333333333334,0.0,0.0,0.0,0.0
不使用 GP 产生的状态,2500,历史重启阶段最优路径,GP 源内重加权,蒸发和下界保护后,仅历史来源路径包含的边,3,1.0,0.0,0.0,0.0,0.0
不使用 GP 产生的状态,2500,历史重启阶段最优路径,GP 源内重加权,蒸发和下界保护后,仅历史来源路径包含的边,4,1.0,0.0,0.0,0.0,0.0
不使用 GP 产生的状态,2500,历史重启阶段最优路径,GP 源内重加权,蒸发和下界保护后,仅历史来源路径包含的边,5,1.0,0.0,0.0,0.0,0.0
不使用 GP 产生的状态,2500,历史重启阶段最优路径,GP 源内重加权,蒸发和下界保护后,仅历史来源路径包含的边,6,0.9600000000000001,0.0,0.0,0.0,0.0
不使用 GP 产生的状态,2500,历史重启阶段最优路径,GP 源内重加权,蒸发和下界保护后,仅历史来源路径包含的边,7,0.9726666666666668,0.0,0.0,0.0,0.0
不使用 GP 产生的状态,2500,历史重启阶段最优路径,GP 源内重加权,蒸发和下界保护后,仅本轮最优路径包含的边,0,0.9633333333333334,0.0,0.0,0.0,0.0
不使用 GP 产生的状态,2500,历史重启阶段最优路径,GP 源内重加权,蒸发和下界保护后,仅本轮最优路径包含的边,1,1.0,0.0,0.0,0.0,0.0
不使用 GP 产生的状态,2500,历史重启阶段最优路径,GP 源内重加权,蒸发和下界保护后,仅本轮最优路径包含的边,2,0.9593333333333334,0.0,0.0,0.0,0.0
不使用 GP 产生的状态,2500,历史重启阶段最优路径,GP 源内重加权,蒸发和下界保护后,仅本轮最优路径包含的边,3,1.0,0.0,0.0,0.0,0.0
不使用 GP 产生的状态,2500,历史重启阶段最优路径,GP 源内重加权,蒸发和下界保护后,仅本轮最优路径包含的边,4,1.0,0.0,0.0,0.0,0.0
不使用 GP 产生的状态,2500,历史重启阶段最优路径,GP 源内重加权,蒸发和下界保护后,仅本轮最优路径包含的边,5,1.0,0.0,0.0,0.0,0.0
不使用 GP 产生的状态,2500,历史重启阶段最优路径,GP 源内重加权,蒸发和下界保护后,仅本轮最优路径包含的边,6,0.9600000000000001,0.0,0.0,0.0,0.0
不使用 GP 产生的状态,2500,历史重启阶段最优路径,GP 源内重加权,蒸发和下界保护后,仅本轮最优路径包含的边,7,0.9726666666666668,0.0,0.0,0.0,0.0
不使用 GP 产生的状态,2500,历史重启阶段最优路径,GP 源内重加权,蒸发和下界保护后,其他候选弧,0,0.9633333333333334,0.0,0.0,0.0,0.0
不使用 GP 产生的状态,2500,历史重启阶段最优路径,GP 源内重加权,蒸发和下界保护后,其他候选弧,1,1.0,0.0,0.0,0.0,0.0
不使用 GP 产生的状态,2500,历史重启阶段最优路径,GP 源内重加权,蒸发和下界保护后,其他候选弧,2,0.9593333333333334,0.0,0.0,0.0,0.0
不使用 GP 产生的状态,2500,历史重启阶段最优路径,GP 源内重加权,蒸发和下界保护后,其他候选弧,3,1.0,0.0,0.0,0.0,0.0
不使用 GP 产生的状态,2500,历史重启阶段最优路径,GP 源内重加权,蒸发和下界保护后,其他候选弧,4,1.0,0.0,0.0,0.0,0.0
不使用 GP 产生的状态,2500,历史重启阶段最优路径,GP 源内重加权,蒸发和下界保护后,其他候选弧,5,1.0,0.0,0.0,0.0,0.0
不使用 GP 产生的状态,2500,历史重启阶段最优路径,GP 源内重加权,蒸发和下界保护后,其他候选弧,6,0.9600000000000001,0.0,0.0,0.0,0.0
不使用 GP 产生的状态,2500,历史重启阶段最优路径,GP 源内重加权,蒸发和下界保护后,其他候选弧,7,0.9726666666666668,0.0,0.0,0.0,0.0
不使用 GP 产生的状态,2500,历史重启阶段最优路径,GP 源内重加权,重启和可选上界处理后,两条来源路径共有边,0,0.9633333333333334,-0.0004177122641882428,0.0007908154092740993,-2.790135100539704e-05,5.280605215258366e-05
不使用 GP 产生的状态,2500,历史重启阶段最优路径,GP 源内重加权,重启和可选上界处理后,两条来源路径共有边,1,1.0,-5.171399730953998e-07,1.126179908724481e-05,-3.0789110395643446e-08,6.700555483500162e-07
不使用 GP 产生的状态,2500,历史重启阶段最优路径,GP 源内重加权,重启和可选上界处理后,两条来源路径共有边,2,0.9593333333333334,-0.003837974288075464,0.003843757796994506,-0.0002602031526007975,0.0002605704227841917
不使用 GP 产生的状态,2500,历史重启阶段最优路径,GP 源内重加权,重启和可选上界处理后,两条来源路径共有边,3,1.0,1.1373780895914956e-07,3.3304685648511606e-07,6.821420457628038e-09,1.996093326144748e-08
不使用 GP 产生的状态,2500,历史重启阶段最优路径,GP 源内重加权,重启和可选上界处理后,两条来源路径共有边,4,1.0,1.0266448522766717e-07,1.1683440568528018e-05,6.35120603773329e-09,7.227195633782281e-07
不使用 GP 产生的状态,2500,历史重启阶段最优路径,GP 源内重加权,重启和可选上界处理后,两条来源路径共有边,5,1.0,9.863743187873006e-08,9.765783082314407e-06,6.073051028781467e-09,6.013115247090657e-07
不使用 GP 产生的状态,2500,历史重启阶段最优路径,GP 源内重加权,重启和可选上界处理后,两条来源路径共有边,6,0.9600000000000001,-0.008275754254879954,0.008337883043594837,-0.0005629714801154954,0.0005668004066354096
不使用 GP 产生的状态,2500,历史重启阶段最优路径,GP 源内重加权,重启和可选上界处理后,两条来源路径共有边,7,0.9726666666666668,-0.0042721350783344525,0.0042807405422877155,-0.0002775954260386904,0.00027812980464947076
不使用 GP 产生的状态,2500,历史重启阶段最优路径,GP 源内重加权,重启和可选上界处理后,仅历史来源路径包含的边,0,0.9633333333333334,0.02791590577179264,0.02791590577179264,0.01508713120763952,0.01508713120763952
不使用 GP 产生的状态,2500,历史重启阶段最优路径,GP 源内重加权,重启和可选上界处理后,仅历史来源路径包含的边,1,1.0,0.0,0.0,0.0,0.0
不使用 GP 产生的状态,2500,历史重启阶段最优路径,GP 源内重加权,重启和可选上界处理后,仅历史来源路径包含的边,2,0.9593333333333334,0.031897106424472604,0.031897106424472604,0.015563085905949708,0.015563085905949708
不使用 GP 产生的状态,2500,历史重启阶段最优路径,GP 源内重加权,重启和可选上界处理后,仅历史来源路径包含的边,3,1.0,0.0,0.0,0.0,0.0
不使用 GP 产生的状态,2500,历史重启阶段最优路径,GP 源内重加权,重启和可选上界处理后,仅历史来源路径包含的边,4,1.0,0.0,0.0,0.0,0.0
不使用 GP 产生的状态,2500,历史重启阶段最优路径,GP 源内重加权,重启和可选上界处理后,仅历史来源路径包含的边,5,1.0,0.0,0.0,0.0,0.0
不使用 GP 产生的状态,2500,历史重启阶段最优路径,GP 源内重加权,重启和可选上界处理后,仅历史来源路径包含的边,6,0.9600000000000001,0.03523974172665062,0.03523974172665062,0.01757967772859114,0.01757967772859114
不使用 GP 产生的状态,2500,历史重启阶段最优路径,GP 源内重加权,重启和可选上界处理后,仅历史来源路径包含的边,7,0.9726666666666668,0.022635033291985147,0.022635033291985147,0.016465570101246926,0.016465570101246926
不使用 GP 产生的状态,2500,历史重启阶段最优路径,GP 源内重加权,重启和可选上界处理后,仅本轮最优路径包含的边,0,0.9633333333333334,-0.027498861679173037,0.027498861679173037,-0.014861740027566092,0.014861740027566092
不使用 GP 产生的状态,2500,历史重启阶段最优路径,GP 源内重加权,重启和可选上界处理后,仅本轮最优路径包含的边,1,1.0,0.0,0.0,0.0,0.0
不使用 GP 产生的状态,2500,历史重启阶段最优路径,GP 源内重加权,重启和可选上界处理后,仅本轮最优路径包含的边,2,0.9593333333333334,-0.028059016474079254,0.028059016474079254,-0.013690423137802658,0.013690423137802658
不使用 GP 产生的状态,2500,历史重启阶段最优路径,GP 源内重加权,重启和可选上界处理后,仅本轮最优路径包含的边,3,1.0,0.0,0.0,0.0,0.0
不使用 GP 产生的状态,2500,历史重启阶段最优路径,GP 源内重加权,重启和可选上界处理后,仅本轮最优路径包含的边,4,1.0,0.0,0.0,0.0,0.0
不使用 GP 产生的状态,2500,历史重启阶段最优路径,GP 源内重加权,重启和可选上界处理后,仅本轮最优路径包含的边,5,1.0,0.0,0.0,0.0,0.0
不使用 GP 产生的状态,2500,历史重启阶段最优路径,GP 源内重加权,重启和可选上界处理后,仅本轮最优路径包含的边,6,0.9600000000000001,-0.02696330186620404,0.02696330186620404,-0.013450897596905837,0.013450897596905837
不使用 GP 产生的状态,2500,历史重启阶段最优路径,GP 源内重加权,重启和可选上界处理后,仅本轮最优路径包含的边,7,0.9726666666666668,-0.01836252410642395,0.01836252410642395,-0.013357587064703772,0.013357587064703772
不使用 GP 产生的状态,2500,历史重启阶段最优路径,GP 源内重加权,重启和可选上界处理后,其他候选弧,0,0.9633333333333334,0.0,0.0,0.0,0.0
不使用 GP 产生的状态,2500,历史重启阶段最优路径,GP 源内重加权,重启和可选上界处理后,其他候选弧,1,1.0,0.0,0.0,0.0,0.0
不使用 GP 产生的状态,2500,历史重启阶段最优路径,GP 源内重加权,重启和可选上界处理后,其他候选弧,2,0.9593333333333334,0.0,0.0,0.0,0.0
不使用 GP 产生的状态,2500,历史重启阶段最优路径,GP 源内重加权,重启和可选上界处理后,其他候选弧,3,1.0,0.0,0.0,0.0,0.0
不使用 GP 产生的状态,2500,历史重启阶段最优路径,GP 源内重加权,重启和可选上界处理后,其他候选弧,4,1.0,0.0,0.0,0.0,0.0
不使用 GP 产生的状态,2500,历史重启阶段最优路径,GP 源内重加权,重启和可选上界处理后,其他候选弧,5,1.0,0.0,0.0,0.0,0.0
不使用 GP 产生的状态,2500,历史重启阶段最优路径,GP 源内重加权,重启和可选上界处理后,其他候选弧,6,0.9600000000000001,0.0,0.0,0.0,0.0
不使用 GP 产生的状态,2500,历史重启阶段最优路径,GP 源内重加权,重启和可选上界处理后,其他候选弧,7,0.9726666666666668,0.0,0.0,0.0,0.0
不使用 GP 产生的状态,2500,历史重启阶段最优路径,来源内均匀沉积,更新前,两条来源路径共有边,0,0.9633333333333334,0.0,0.0,0.0,0.0
不使用 GP 产生的状态,2500,历史重启阶段最优路径,来源内均匀沉积,更新前,两条来源路径共有边,1,1.0,0.0,0.0,0.0,0.0
不使用 GP 产生的状态,2500,历史重启阶段最优路径,来源内均匀沉积,更新前,两条来源路径共有边,2,0.9593333333333334,0.0,0.0,0.0,0.0
不使用 GP 产生的状态,2500,历史重启阶段最优路径,来源内均匀沉积,更新前,两条来源路径共有边,3,1.0,0.0,0.0,0.0,0.0
不使用 GP 产生的状态,2500,历史重启阶段最优路径,来源内均匀沉积,更新前,两条来源路径共有边,4,1.0,0.0,0.0,0.0,0.0
不使用 GP 产生的状态,2500,历史重启阶段最优路径,来源内均匀沉积,更新前,两条来源路径共有边,5,1.0,0.0,0.0,0.0,0.0
不使用 GP 产生的状态,2500,历史重启阶段最优路径,来源内均匀沉积,更新前,两条来源路径共有边,6,0.9600000000000001,0.0,0.0,0.0,0.0
不使用 GP 产生的状态,2500,历史重启阶段最优路径,来源内均匀沉积,更新前,两条来源路径共有边,7,0.9726666666666668,0.0,0.0,0.0,0.0
不使用 GP 产生的状态,2500,历史重启阶段最优路径,来源内均匀沉积,更新前,仅历史来源路径包含的边,0,0.9633333333333334,0.0,0.0,0.0,0.0
不使用 GP 产生的状态,2500,历史重启阶段最优路径,来源内均匀沉积,更新前,仅历史来源路径包含的边,1,1.0,0.0,0.0,0.0,0.0
不使用 GP 产生的状态,2500,历史重启阶段最优路径,来源内均匀沉积,更新前,仅历史来源路径包含的边,2,0.9593333333333334,0.0,0.0,0.0,0.0
不使用 GP 产生的状态,2500,历史重启阶段最优路径,来源内均匀沉积,更新前,仅历史来源路径包含的边,3,1.0,0.0,0.0,0.0,0.0
不使用 GP 产生的状态,2500,历史重启阶段最优路径,来源内均匀沉积,更新前,仅历史来源路径包含的边,4,1.0,0.0,0.0,0.0,0.0
不使用 GP 产生的状态,2500,历史重启阶段最优路径,来源内均匀沉积,更新前,仅历史来源路径包含的边,5,1.0,0.0,0.0,0.0,0.0
不使用 GP 产生的状态,2500,历史重启阶段最优路径,来源内均匀沉积,更新前,仅历史来源路径包含的边,6,0.9600000000000001,0.0,0.0,0.0,0.0
不使用 GP 产生的状态,2500,历史重启阶段最优路径,来源内均匀沉积,更新前,仅历史来源路径包含的边,7,0.9726666666666668,0.0,0.0,0.0,0.0
不使用 GP 产生的状态,2500,历史重启阶段最优路径,来源内均匀沉积,更新前,仅本轮最优路径包含的边,0,0.9633333333333334,0.0,0.0,0.0,0.0
不使用 GP 产生的状态,2500,历史重启阶段最优路径,来源内均匀沉积,更新前,仅本轮最优路径包含的边,1,1.0,0.0,0.0,0.0,0.0
不使用 GP 产生的状态,2500,历史重启阶段最优路径,来源内均匀沉积,更新前,仅本轮最优路径包含的边,2,0.9593333333333334,0.0,0.0,0.0,0.0
不使用 GP 产生的状态,2500,历史重启阶段最优路径,来源内均匀沉积,更新前,仅本轮最优路径包含的边,3,1.0,0.0,0.0,0.0,0.0
不使用 GP 产生的状态,2500,历史重启阶段最优路径,来源内均匀沉积,更新前,仅本轮最优路径包含的边,4,1.0,0.0,0.0,0.0,0.0
不使用 GP 产生的状态,2500,历史重启阶段最优路径,来源内均匀沉积,更新前,仅本轮最优路径包含的边,5,1.0,0.0,0.0,0.0,0.0
不使用 GP 产生的状态,2500,历史重启阶段最优路径,来源内均匀沉积,更新前,仅本轮最优路径包含的边,6,0.9600000000000001,0.0,0.0,0.0,0.0
不使用 GP 产生的状态,2500,历史重启阶段最优路径,来源内均匀沉积,更新前,仅本轮最优路径包含的边,7,0.9726666666666668,0.0,0.0,0.0,0.0
不使用 GP 产生的状态,2500,历史重启阶段最优路径,来源内均匀沉积,更新前,其他候选弧,0,0.9633333333333334,0.0,0.0,0.0,0.0
不使用 GP 产生的状态,2500,历史重启阶段最优路径,来源内均匀沉积,更新前,其他候选弧,1,1.0,0.0,0.0,0.0,0.0
不使用 GP 产生的状态,2500,历史重启阶段最优路径,来源内均匀沉积,更新前,其他候选弧,2,0.9593333333333334,0.0,0.0,0.0,0.0
不使用 GP 产生的状态,2500,历史重启阶段最优路径,来源内均匀沉积,更新前,其他候选弧,3,1.0,0.0,0.0,0.0,0.0
不使用 GP 产生的状态,2500,历史重启阶段最优路径,来源内均匀沉积,更新前,其他候选弧,4,1.0,0.0,0.0,0.0,0.0
不使用 GP 产生的状态,2500,历史重启阶段最优路径,来源内均匀沉积,更新前,其他候选弧,5,1.0,0.0,0.0,0.0,0.0
不使用 GP 产生的状态,2500,历史重启阶段最优路径,来源内均匀沉积,更新前,其他候选弧,6,0.9600000000000001,0.0,0.0,0.0,0.0
不使用 GP 产生的状态,2500,历史重启阶段最优路径,来源内均匀沉积,更新前,其他候选弧,7,0.9726666666666668,0.0,0.0,0.0,0.0
不使用 GP 产生的状态,2500,历史重启阶段最优路径,来源内均匀沉积,沉积后,两条来源路径共有边,0,0.9633333333333334,2.239164619575583e-08,2.239164619575583e-08,1.4956970786333977e-09,1.4956970786333977e-09
不使用 GP 产生的状态,2500,历史重启阶段最优路径,来源内均匀沉积,沉积后,两条来源路径共有边,1,1.0,0.0,0.0,0.0,0.0
不使用 GP 产生的状态,2500,历史重启阶段最优路径,来源内均匀沉积,沉积后,两条来源路径共有边,2,0.9593333333333334,3.7549755528862054e-08,3.7549755528862054e-08,2.545756468197208e-09,2.545756468197208e-09
不使用 GP 产生的状态,2500,历史重启阶段最优路径,来源内均匀沉积,沉积后,两条来源路径共有边,3,1.0,0.0,0.0,0.0,0.0
不使用 GP 产生的状态,2500,历史重启阶段最优路径,来源内均匀沉积,沉积后,两条来源路径共有边,4,1.0,0.0,0.0,0.0,0.0
不使用 GP 产生的状态,2500,历史重启阶段最优路径,来源内均匀沉积,沉积后,两条来源路径共有边,5,1.0,0.0,0.0,0.0,0.0
不使用 GP 产生的状态,2500,历史重启阶段最优路径,来源内均匀沉积,沉积后,两条来源路径共有边,6,0.9600000000000001,-5.874523928580828e-08,5.874523928580828e-08,-3.996220501986417e-09,3.996220501986417e-09
不使用 GP 产生的状态,2500,历史重启阶段最优路径,来源内均匀沉积,沉积后,两条来源路径共有边,7,0.9726666666666668,8.027242903597516e-08,8.027242903597516e-08,5.215947491237886e-09,5.215947491237886e-09
不使用 GP 产生的状态,2500,历史重启阶段最优路径,来源内均匀沉积,沉积后,仅历史来源路径包含的边,0,0.9633333333333334,0.036666667883168046,0.036666667883168046,0.01981647430044232,0.01981647430044232
不使用 GP 产生的状态,2500,历史重启阶段最优路径,来源内均匀沉积,沉积后,仅历史来源路径包含的边,1,1.0,0.0,0.0,0.0,0.0
不使用 GP 产生的状态,2500,历史重启阶段最优路径,来源内均匀沉积,沉积后,仅历史来源路径包含的边,2,0.9593333333333334,0.04066667094967522,0.04066667094967522,0.019841890517479737,0.019841890517479737
不使用 GP 产生的状态,2500,历史重启阶段最优路径,来源内均匀沉积,沉积后,仅历史来源路径包含的边,3,1.0,0.0,0.0,0.0,0.0
不使用 GP 产生的状态,2500,历史重启阶段最优路径,来源内均匀沉积,沉积后,仅历史来源路径包含的边,4,1.0,0.0,0.0,0.0,0.0
不使用 GP 产生的状态,2500,历史重启阶段最优路径,来源内均匀沉积,沉积后,仅历史来源路径包含的边,5,1.0,0.0,0.0,0.0,0.0
不使用 GP 产生的状态,2500,历史重启阶段最优路径,来源内均匀沉积,沉积后,仅历史来源路径包含的边,6,0.9600000000000001,0.040000001998001924,0.040000001998001924,0.019954378488990995,0.019954378488990995
不使用 GP 产生的状态,2500,历史重启阶段最优路径,来源内均匀沉积,沉积后,仅历史来源路径包含的边,7,0.9726666666666668,0.02733333282038918,0.02733333282038918,0.019883288964023433,0.019883288964023433
不使用 GP 产生的状态,2500,历史重启阶段最优路径,来源内均匀沉积,沉积后,仅本轮最优路径包含的边,0,0.9633333333333334,-0.03666666622357265,0.03666666622357265,-0.01981647340351518,0.01981647340351518
不使用 GP 产生的状态,2500,历史重启阶段最优路径,来源内均匀沉积,沉积后,仅本轮最优路径包含的边,1,1.0,0.0,0.0,0.0,0.0
不使用 GP 产生的状态,2500,历史重启阶段最优路径,来源内均匀沉积,沉积后,仅本轮最优路径包含的边,2,0.9593333333333334,-0.040666666844626435,0.040666666844626435,-0.019841888514563664,0.019841888514563664
不使用 GP 产生的状态,2500,历史重启阶段最优路径,来源内均匀沉积,沉积后,仅本轮最优路径包含的边,3,1.0,0.0,0.0,0.0,0.0
不使用 GP 产生的状态,2500,历史重启阶段最优路径,来源内均匀沉积,沉积后,仅本轮最优路径包含的边,4,1.0,0.0,0.0,0.0,0.0
不使用 GP 产生的状态,2500,历史重启阶段最优路径,来源内均匀沉积,沉积后,仅本轮最优路径包含的边,5,1.0,0.0,0.0,0.0,0.0
不使用 GP 产生的状态,2500,历史重启阶段最优路径,来源内均匀沉积,沉积后,仅本轮最优路径包含的边,6,0.9600000000000001,-0.04000000419291034,0.04000000419291034,-0.019954379583941775,0.019954379583941775
不使用 GP 产生的状态,2500,历史重启阶段最优路径,来源内均匀沉积,沉积后,仅本轮最优路径包含的边,7,0.9726666666666668,-0.02733333289243738,0.02733333289243738,-0.01988328901643399,0.01988328901643399
不使用 GP 产生的状态,2500,历史重启阶段最优路径,来源内均匀沉积,沉积后,其他候选弧,0,0.9633333333333334,0.0,0.0,0.0,0.0
不使用 GP 产生的状态,2500,历史重启阶段最优路径,来源内均匀沉积,沉积后,其他候选弧,1,1.0,0.0,0.0,0.0,0.0
不使用 GP 产生的状态,2500,历史重启阶段最优路径,来源内均匀沉积,沉积后,其他候选弧,2,0.9593333333333334,0.0,0.0,0.0,0.0
不使用 GP 产生的状态,2500,历史重启阶段最优路径,来源内均匀沉积,沉积后,其他候选弧,3,1.0,0.0,0.0,0.0,0.0
不使用 GP 产生的状态,2500,历史重启阶段最优路径,来源内均匀沉积,沉积后,其他候选弧,4,1.0,0.0,0.0,0.0,0.0
不使用 GP 产生的状态,2500,历史重启阶段最优路径,来源内均匀沉积,沉积后,其他候选弧,5,1.0,0.0,0.0,0.0,0.0
不使用 GP 产生的状态,2500,历史重启阶段最优路径,来源内均匀沉积,沉积后,其他候选弧,6,0.9600000000000001,0.0,0.0,0.0,0.0
不使用 GP 产生的状态,2500,历史重启阶段最优路径,来源内均匀沉积,沉积后,其他候选弧,7,0.9726666666666668,0.0,0.0,0.0,0.0
不使用 GP 产生的状态,2500,历史重启阶段最优路径,来源内均匀沉积,蒸发和下界保护后,两条来源路径共有边,0,0.9633333333333334,0.0,0.0,0.0,0.0
不使用 GP 产生的状态,2500,历史重启阶段最优路径,来源内均匀沉积,蒸发和下界保护后,两条来源路径共有边,1,1.0,0.0,0.0,0.0,0.0
不使用 GP 产生的状态,2500,历史重启阶段最优路径,来源内均匀沉积,蒸发和下界保护后,两条来源路径共有边,2,0.9593333333333334,0.0,0.0,0.0,0.0
不使用 GP 产生的状态,2500,历史重启阶段最优路径,来源内均匀沉积,蒸发和下界保护后,两条来源路径共有边,3,1.0,0.0,0.0,0.0,0.0
不使用 GP 产生的状态,2500,历史重启阶段最优路径,来源内均匀沉积,蒸发和下界保护后,两条来源路径共有边,4,1.0,0.0,0.0,0.0,0.0
不使用 GP 产生的状态,2500,历史重启阶段最优路径,来源内均匀沉积,蒸发和下界保护后,两条来源路径共有边,5,1.0,0.0,0.0,0.0,0.0
不使用 GP 产生的状态,2500,历史重启阶段最优路径,来源内均匀沉积,蒸发和下界保护后,两条来源路径共有边,6,0.9600000000000001,0.0,0.0,0.0,0.0
不使用 GP 产生的状态,2500,历史重启阶段最优路径,来源内均匀沉积,蒸发和下界保护后,两条来源路径共有边,7,0.9726666666666668,0.0,0.0,0.0,0.0
不使用 GP 产生的状态,2500,历史重启阶段最优路径,来源内均匀沉积,蒸发和下界保护后,仅历史来源路径包含的边,0,0.9633333333333334,0.0,0.0,0.0,0.0
不使用 GP 产生的状态,2500,历史重启阶段最优路径,来源内均匀沉积,蒸发和下界保护后,仅历史来源路径包含的边,1,1.0,0.0,0.0,0.0,0.0
不使用 GP 产生的状态,2500,历史重启阶段最优路径,来源内均匀沉积,蒸发和下界保护后,仅历史来源路径包含的边,2,0.9593333333333334,0.0,0.0,0.0,0.0
不使用 GP 产生的状态,2500,历史重启阶段最优路径,来源内均匀沉积,蒸发和下界保护后,仅历史来源路径包含的边,3,1.0,0.0,0.0,0.0,0.0
不使用 GP 产生的状态,2500,历史重启阶段最优路径,来源内均匀沉积,蒸发和下界保护后,仅历史来源路径包含的边,4,1.0,0.0,0.0,0.0,0.0
不使用 GP 产生的状态,2500,历史重启阶段最优路径,来源内均匀沉积,蒸发和下界保护后,仅历史来源路径包含的边,5,1.0,0.0,0.0,0.0,0.0
不使用 GP 产生的状态,2500,历史重启阶段最优路径,来源内均匀沉积,蒸发和下界保护后,仅历史来源路径包含的边,6,0.9600000000000001,0.0,0.0,0.0,0.0
不使用 GP 产生的状态,2500,历史重启阶段最优路径,来源内均匀沉积,蒸发和下界保护后,仅历史来源路径包含的边,7,0.9726666666666668,0.0,0.0,0.0,0.0
不使用 GP 产生的状态,2500,历史重启阶段最优路径,来源内均匀沉积,蒸发和下界保护后,仅本轮最优路径包含的边,0,0.9633333333333334,0.0,0.0,0.0,0.0
不使用 GP 产生的状态,2500,历史重启阶段最优路径,来源内均匀沉积,蒸发和下界保护后,仅本轮最优路径包含的边,1,1.0,0.0,0.0,0.0,0.0
不使用 GP 产生的状态,2500,历史重启阶段最优路径,来源内均匀沉积,蒸发和下界保护后,仅本轮最优路径包含的边,2,0.9593333333333334,0.0,0.0,0.0,0.0
不使用 GP 产生的状态,2500,历史重启阶段最优路径,来源内均匀沉积,蒸发和下界保护后,仅本轮最优路径包含的边,3,1.0,0.0,0.0,0.0,0.0
不使用 GP 产生的状态,2500,历史重启阶段最优路径,来源内均匀沉积,蒸发和下界保护后,仅本轮最优路径包含的边,4,1.0,0.0,0.0,0.0,0.0
不使用 GP 产生的状态,2500,历史重启阶段最优路径,来源内均匀沉积,蒸发和下界保护后,仅本轮最优路径包含的边,5,1.0,0.0,0.0,0.0,0.0
不使用 GP 产生的状态,2500,历史重启阶段最优路径,来源内均匀沉积,蒸发和下界保护后,仅本轮最优路径包含的边,6,0.9600000000000001,0.0,0.0,0.0,0.0
不使用 GP 产生的状态,2500,历史重启阶段最优路径,来源内均匀沉积,蒸发和下界保护后,仅本轮最优路径包含的边,7,0.9726666666666668,0.0,0.0,0.0,0.0
不使用 GP 产生的状态,2500,历史重启阶段最优路径,来源内均匀沉积,蒸发和下界保护后,其他候选弧,0,0.9633333333333334,0.0,0.0,0.0,0.0
不使用 GP 产生的状态,2500,历史重启阶段最优路径,来源内均匀沉积,蒸发和下界保护后,其他候选弧,1,1.0,0.0,0.0,0.0,0.0
不使用 GP 产生的状态,2500,历史重启阶段最优路径,来源内均匀沉积,蒸发和下界保护后,其他候选弧,2,0.9593333333333334,0.0,0.0,0.0,0.0
不使用 GP 产生的状态,2500,历史重启阶段最优路径,来源内均匀沉积,蒸发和下界保护后,其他候选弧,3,1.0,0.0,0.0,0.0,0.0
不使用 GP 产生的状态,2500,历史重启阶段最优路径,来源内均匀沉积,蒸发和下界保护后,其他候选弧,4,1.0,0.0,0.0,0.0,0.0
不使用 GP 产生的状态,2500,历史重启阶段最优路径,来源内均匀沉积,蒸发和下界保护后,其他候选弧,5,1.0,0.0,0.0,0.0,0.0
不使用 GP 产生的状态,2500,历史重启阶段最优路径,来源内均匀沉积,蒸发和下界保护后,其他候选弧,6,0.9600000000000001,0.0,0.0,0.0,0.0
不使用 GP 产生的状态,2500,历史重启阶段最优路径,来源内均匀沉积,蒸发和下界保护后,其他候选弧,7,0.9726666666666668,0.0,0.0,0.0,0.0
不使用 GP 产生的状态,2500,历史重启阶段最优路径,来源内均匀沉积,重启和可选上界处理后,两条来源路径共有边,0,0.9633333333333334,2.239164619575583e-08,2.239164619575583e-08,1.4956970786333977e-09,1.4956970786333977e-09
不使用 GP 产生的状态,2500,历史重启阶段最优路径,来源内均匀沉积,重启和可选上界处理后,两条来源路径共有边,1,1.0,0.0,0.0,0.0,0.0
不使用 GP 产生的状态,2500,历史重启阶段最优路径,来源内均匀沉积,重启和可选上界处理后,两条来源路径共有边,2,0.9593333333333334,3.7549755528862054e-08,3.7549755528862054e-08,2.545756468197208e-09,2.545756468197208e-09
不使用 GP 产生的状态,2500,历史重启阶段最优路径,来源内均匀沉积,重启和可选上界处理后,两条来源路径共有边,3,1.0,0.0,0.0,0.0,0.0
不使用 GP 产生的状态,2500,历史重启阶段最优路径,来源内均匀沉积,重启和可选上界处理后,两条来源路径共有边,4,1.0,0.0,0.0,0.0,0.0
不使用 GP 产生的状态,2500,历史重启阶段最优路径,来源内均匀沉积,重启和可选上界处理后,两条来源路径共有边,5,1.0,0.0,0.0,0.0,0.0
不使用 GP 产生的状态,2500,历史重启阶段最优路径,来源内均匀沉积,重启和可选上界处理后,两条来源路径共有边,6,0.9600000000000001,-5.874523928580828e-08,5.874523928580828e-08,-3.996220501986417e-09,3.996220501986417e-09
不使用 GP 产生的状态,2500,历史重启阶段最优路径,来源内均匀沉积,重启和可选上界处理后,两条来源路径共有边,7,0.9726666666666668,8.027242903597516e-08,8.027242903597516e-08,5.215947491237886e-09,5.215947491237886e-09
不使用 GP 产生的状态,2500,历史重启阶段最优路径,来源内均匀沉积,重启和可选上界处理后,仅历史来源路径包含的边,0,0.9633333333333334,0.036666667883168046,0.036666667883168046,0.01981647430044232,0.01981647430044232
不使用 GP 产生的状态,2500,历史重启阶段最优路径,来源内均匀沉积,重启和可选上界处理后,仅历史来源路径包含的边,1,1.0,0.0,0.0,0.0,0.0
不使用 GP 产生的状态,2500,历史重启阶段最优路径,来源内均匀沉积,重启和可选上界处理后,仅历史来源路径包含的边,2,0.9593333333333334,0.04066667094967522,0.04066667094967522,0.019841890517479737,0.019841890517479737
不使用 GP 产生的状态,2500,历史重启阶段最优路径,来源内均匀沉积,重启和可选上界处理后,仅历史来源路径包含的边,3,1.0,0.0,0.0,0.0,0.0
不使用 GP 产生的状态,2500,历史重启阶段最优路径,来源内均匀沉积,重启和可选上界处理后,仅历史来源路径包含的边,4,1.0,0.0,0.0,0.0,0.0
不使用 GP 产生的状态,2500,历史重启阶段最优路径,来源内均匀沉积,重启和可选上界处理后,仅历史来源路径包含的边,5,1.0,0.0,0.0,0.0,0.0
不使用 GP 产生的状态,2500,历史重启阶段最优路径,来源内均匀沉积,重启和可选上界处理后,仅历史来源路径包含的边,6,0.9600000000000001,0.040000001998001924,0.040000001998001924,0.019954378488990995,0.019954378488990995
不使用 GP 产生的状态,2500,历史重启阶段最优路径,来源内均匀沉积,重启和可选上界处理后,仅历史来源路径包含的边,7,0.9726666666666668,0.02733333282038918,0.02733333282038918,0.019883288964023433,0.019883288964023433
不使用 GP 产生的状态,2500,历史重启阶段最优路径,来源内均匀沉积,重启和可选上界处理后,仅本轮最优路径包含的边,0,0.9633333333333334,-0.03666666622357265,0.03666666622357265,-0.01981647340351518,0.01981647340351518
不使用 GP 产生的状态,2500,历史重启阶段最优路径,来源内均匀沉积,重启和可选上界处理后,仅本轮最优路径包含的边,1,1.0,0.0,0.0,0.0,0.0
不使用 GP 产生的状态,2500,历史重启阶段最优路径,来源内均匀沉积,重启和可选上界处理后,仅本轮最优路径包含的边,2,0.9593333333333334,-0.040666666844626435,0.040666666844626435,-0.019841888514563664,0.019841888514563664
不使用 GP 产生的状态,2500,历史重启阶段最优路径,来源内均匀沉积,重启和可选上界处理后,仅本轮最优路径包含的边,3,1.0,0.0,0.0,0.0,0.0
不使用 GP 产生的状态,2500,历史重启阶段最优路径,来源内均匀沉积,重启和可选上界处理后,仅本轮最优路径包含的边,4,1.0,0.0,0.0,0.0,0.0
不使用 GP 产生的状态,2500,历史重启阶段最优路径,来源内均匀沉积,重启和可选上界处理后,仅本轮最优路径包含的边,5,1.0,0.0,0.0,0.0,0.0
不使用 GP 产生的状态,2500,历史重启阶段最优路径,来源内均匀沉积,重启和可选上界处理后,仅本轮最优路径包含的边,6,0.9600000000000001,-0.04000000419291034,0.04000000419291034,-0.019954379583941775,0.019954379583941775
不使用 GP 产生的状态,2500,历史重启阶段最优路径,来源内均匀沉积,重启和可选上界处理后,仅本轮最优路径包含的边,7,0.9726666666666668,-0.02733333289243738,0.02733333289243738,-0.01988328901643399,0.01988328901643399
不使用 GP 产生的状态,2500,历史重启阶段最优路径,来源内均匀沉积,重启和可选上界处理后,其他候选弧,0,0.9633333333333334,0.0,0.0,0.0,0.0
不使用 GP 产生的状态,2500,历史重启阶段最优路径,来源内均匀沉积,重启和可选上界处理后,其他候选弧,1,1.0,0.0,0.0,0.0,0.0
不使用 GP 产生的状态,2500,历史重启阶段最优路径,来源内均匀沉积,重启和可选上界处理后,其他候选弧,2,0.9593333333333334,0.0,0.0,0.0,0.0
不使用 GP 产生的状态,2500,历史重启阶段最优路径,来源内均匀沉积,重启和可选上界处理后,其他候选弧,3,1.0,0.0,0.0,0.0,0.0
不使用 GP 产生的状态,2500,历史重启阶段最优路径,来源内均匀沉积,重启和可选上界处理后,其他候选弧,4,1.0,0.0,0.0,0.0,0.0
不使用 GP 产生的状态,2500,历史重启阶段最优路径,来源内均匀沉积,重启和可选上界处理后,其他候选弧,5,1.0,0.0,0.0,0.0,0.0
不使用 GP 产生的状态,2500,历史重启阶段最优路径,来源内均匀沉积,重启和可选上界处理后,其他候选弧,6,0.9600000000000001,0.0,0.0,0.0,0.0
不使用 GP 产生的状态,2500,历史重启阶段最优路径,来源内均匀沉积,重启和可选上界处理后,其他候选弧,7,0.9726666666666668,0.0,0.0,0.0,0.0
