replicate,champion,instance,state_owner,snapshot_iteration,historical_source,update_rule,affected_probe_count,unaffected_probe_count,affected_probability_tv,unaffected_probability_tv
0,81002,0,不使用 GP 产生的状态,1,历史重启阶段最优路径,来源内均匀沉积,0,16,nan,0.0
0,81002,1,不使用 GP 产生的状态,1,历史重启阶段最优路径,来源内均匀沉积,0,16,nan,0.0
0,81002,2,不使用 GP 产生的状态,1,历史重启阶段最优路径,来源内均匀沉积,0,16,nan,0.0
0,81002,3,不使用 GP 产生的状态,1,历史重启阶段最优路径,来源内均匀沉积,0,16,nan,0.0
0,81002,4,不使用 GP 产生的状态,1,历史重启阶段最优路径,来源内均匀沉积,0,16,nan,0.0
0,81002,5,不使用 GP 产生的状态,1,历史重启阶段最优路径,来源内均匀沉积,0,16,nan,0.0
0,81002,6,不使用 GP 产生的状态,1,历史重启阶段最优路径,来源内均匀沉积,0,16,nan,0.0
0,81002,7,不使用 GP 产生的状态,1,历史重启阶段最优路径,来源内均匀沉积,0,16,nan,0.0
0,81002,0,不使用 GP 产生的状态,1,历史全局最优路径,来源内均匀沉积,0,16,nan,0.0
0,81002,1,不使用 GP 产生的状态,1,历史全局最优路径,来源内均匀沉积,0,16,nan,0.0
0,81002,2,不使用 GP 产生的状态,1,历史全局最优路径,来源内均匀沉积,0,16,nan,0.0
0,81002,3,不使用 GP 产生的状态,1,历史全局最优路径,来源内均匀沉积,0,16,nan,0.0
0,81002,4,不使用 GP 产生的状态,1,历史全局最优路径,来源内均匀沉积,0,16,nan,0.0
0,81002,5,不使用 GP 产生的状态,1,历史全局最优路径,来源内均匀沉积,0,16,nan,0.0
0,81002,6,不使用 GP 产生的状态,1,历史全局最优路径,来源内均匀沉积,0,16,nan,0.0
0,81002,7,不使用 GP 产生的状态,1,历史全局最优路径,来源内均匀沉积,0,16,nan,0.0
0,81002,0,不使用 GP 产生的状态,1,历史重启阶段最优路径,GP 源内重加权,0,16,nan,0.0
0,81002,1,不使用 GP 产生的状态,1,历史重启阶段最优路径,GP 源内重加权,0,16,nan,0.0
0,81002,2,不使用 GP 产生的状态,1,历史重启阶段最优路径,GP 源内重加权,0,16,nan,0.0
0,81002,3,不使用 GP 产生的状态,1,历史重启阶段最优路径,GP 源内重加权,0,16,nan,0.0
0,81002,4,不使用 GP 产生的状态,1,历史重启阶段最优路径,GP 源内重加权,0,16,nan,0.0
0,81002,5,不使用 GP 产生的状态,1,历史重启阶段最优路径,GP 源内重加权,0,16,nan,0.0
0,81002,6,不使用 GP 产生的状态,1,历史重启阶段最优路径,GP 源内重加权,0,16,nan,0.0
0,81002,7,不使用 GP 产生的状态,1,历史重启阶段最优路径,GP 源内重加权,0,16,nan,0.0
0,81002,0,不使用 GP 产生的状态,1,历史全局最优路径,GP 源内重加权,0,16,nan,0.0
0,81002,1,不使用 GP 产生的状态,1,历史全局最优路径,GP 源内重加权,0,16,nan,0.0
0,81002,2,不使用 GP 产生的状态,1,历史全局最优路径,GP 源内重加权,0,16,nan,0.0
0,81002,3,不使用 GP 产生的状态,1,历史全局最优路径,GP 源内重加权,0,16,nan,0.0
0,81002,4,不使用 GP 产生的状态,1,历史全局最优路径,GP 源内重加权,0,16,nan,0.0
0,81002,5,不使用 GP 产生的状态,1,历史全局最优路径,GP 源内重加权,0,16,nan,0.0
0,81002,6,不使用 GP 产生的状态,1,历史全局最优路径,GP 源内重加权,0,16,nan,0.0
0,81002,7,不使用 GP 产生的状态,1,历史全局最优路径,GP 源内重加权,0,16,nan,0.0
0,81003,0,不使用 GP 产生的状态,1,历史重启阶段最优路径,来源内均匀沉积,0,16,nan,0.0
0,81003,1,不使用 GP 产生的状态,1,历史重启阶段最优路径,来源内均匀沉积,0,16,nan,0.0
0,81003,2,不使用 GP 产生的状态,1,历史重启阶段最优路径,来源内均匀沉积,0,16,nan,0.0
0,81003,3,不使用 GP 产生的状态,1,历史重启阶段最优路径,来源内均匀沉积,0,16,nan,0.0
0,81003,4,不使用 GP 产生的状态,1,历史重启阶段最优路径,来源内均匀沉积,0,16,nan,0.0
0,81003,5,不使用 GP 产生的状态,1,历史重启阶段最优路径,来源内均匀沉积,0,16,nan,0.0
0,81003,6,不使用 GP 产生的状态,1,历史重启阶段最优路径,来源内均匀沉积,0,16,nan,0.0
0,81003,7,不使用 GP 产生的状态,1,历史重启阶段最优路径,来源内均匀沉积,0,16,nan,0.0
0,81003,0,不使用 GP 产生的状态,1,历史全局最优路径,来源内均匀沉积,0,16,nan,0.0
0,81003,1,不使用 GP 产生的状态,1,历史全局最优路径,来源内均匀沉积,0,16,nan,0.0
0,81003,2,不使用 GP 产生的状态,1,历史全局最优路径,来源内均匀沉积,0,16,nan,0.0
0,81003,3,不使用 GP 产生的状态,1,历史全局最优路径,来源内均匀沉积,0,16,nan,0.0
0,81003,4,不使用 GP 产生的状态,1,历史全局最优路径,来源内均匀沉积,0,16,nan,0.0
0,81003,5,不使用 GP 产生的状态,1,历史全局最优路径,来源内均匀沉积,0,16,nan,0.0
0,81003,6,不使用 GP 产生的状态,1,历史全局最优路径,来源内均匀沉积,0,16,nan,0.0
0,81003,7,不使用 GP 产生的状态,1,历史全局最优路径,来源内均匀沉积,0,16,nan,0.0
0,81003,0,不使用 GP 产生的状态,1,历史重启阶段最优路径,GP 源内重加权,0,16,nan,0.0
0,81003,1,不使用 GP 产生的状态,1,历史重启阶段最优路径,GP 源内重加权,0,16,nan,0.0
0,81003,2,不使用 GP 产生的状态,1,历史重启阶段最优路径,GP 源内重加权,0,16,nan,0.0
0,81003,3,不使用 GP 产生的状态,1,历史重启阶段最优路径,GP 源内重加权,0,16,nan,0.0
0,81003,4,不使用 GP 产生的状态,1,历史重启阶段最优路径,GP 源内重加权,0,16,nan,0.0
0,81003,5,不使用 GP 产生的状态,1,历史重启阶段最优路径,GP 源内重加权,0,16,nan,0.0
0,81003,6,不使用 GP 产生的状态,1,历史重启阶段最优路径,GP 源内重加权,0,16,nan,0.0
0,81003,7,不使用 GP 产生的状态,1,历史重启阶段最优路径,GP 源内重加权,0,16,nan,0.0
0,81003,0,不使用 GP 产生的状态,1,历史全局最优路径,GP 源内重加权,0,16,nan,0.0
0,81003,1,不使用 GP 产生的状态,1,历史全局最优路径,GP 源内重加权,0,16,nan,0.0
0,81003,2,不使用 GP 产生的状态,1,历史全局最优路径,GP 源内重加权,0,16,nan,0.0
0,81003,3,不使用 GP 产生的状态,1,历史全局最优路径,GP 源内重加权,0,16,nan,0.0
0,81003,4,不使用 GP 产生的状态,1,历史全局最优路径,GP 源内重加权,0,16,nan,0.0
0,81003,5,不使用 GP 产生的状态,1,历史全局最优路径,GP 源内重加权,0,16,nan,0.0
0,81003,6,不使用 GP 产生的状态,1,历史全局最优路径,GP 源内重加权,0,16,nan,0.0
0,81003,7,不使用 GP 产生的状态,1,历史全局最优路径,GP 源内重加权,0,16,nan,0.0
0,81001,0,不使用 GP 产生的状态,1,历史重启阶段最优路径,来源内均匀沉积,0,16,nan,0.0
0,81001,1,不使用 GP 产生的状态,1,历史重启阶段最优路径,来源内均匀沉积,0,16,nan,0.0
0,81001,2,不使用 GP 产生的状态,1,历史重启阶段最优路径,来源内均匀沉积,0,16,nan,0.0
0,81001,3,不使用 GP 产生的状态,1,历史重启阶段最优路径,来源内均匀沉积,0,16,nan,0.0
0,81001,4,不使用 GP 产生的状态,1,历史重启阶段最优路径,来源内均匀沉积,0,16,nan,0.0
0,81001,5,不使用 GP 产生的状态,1,历史重启阶段最优路径,来源内均匀沉积,0,16,nan,0.0
0,81001,6,不使用 GP 产生的状态,1,历史重启阶段最优路径,来源内均匀沉积,0,16,nan,0.0
0,81001,7,不使用 GP 产生的状态,1,历史重启阶段最优路径,来源内均匀沉积,0,16,nan,0.0
0,81001,0,不使用 GP 产生的状态,1,历史全局最优路径,来源内均匀沉积,0,16,nan,0.0
0,81001,1,不使用 GP 产生的状态,1,历史全局最优路径,来源内均匀沉积,0,16,nan,0.0
0,81001,2,不使用 GP 产生的状态,1,历史全局最优路径,来源内均匀沉积,0,16,nan,0.0
0,81001,3,不使用 GP 产生的状态,1,历史全局最优路径,来源内均匀沉积,0,16,nan,0.0
0,81001,4,不使用 GP 产生的状态,1,历史全局最优路径,来源内均匀沉积,0,16,nan,0.0
0,81001,5,不使用 GP 产生的状态,1,历史全局最优路径,来源内均匀沉积,0,16,nan,0.0
0,81001,6,不使用 GP 产生的状态,1,历史全局最优路径,来源内均匀沉积,0,16,nan,0.0
0,81001,7,不使用 GP 产生的状态,1,历史全局最优路径,来源内均匀沉积,0,16,nan,0.0
0,81001,0,不使用 GP 产生的状态,1,历史重启阶段最优路径,GP 源内重加权,0,16,nan,0.0
0,81001,1,不使用 GP 产生的状态,1,历史重启阶段最优路径,GP 源内重加权,0,16,nan,0.0
0,81001,2,不使用 GP 产生的状态,1,历史重启阶段最优路径,GP 源内重加权,0,16,nan,0.0
0,81001,3,不使用 GP 产生的状态,1,历史重启阶段最优路径,GP 源内重加权,0,16,nan,0.0
0,81001,4,不使用 GP 产生的状态,1,历史重启阶段最优路径,GP 源内重加权,0,16,nan,0.0
0,81001,5,不使用 GP 产生的状态,1,历史重启阶段最优路径,GP 源内重加权,0,16,nan,0.0
0,81001,6,不使用 GP 产生的状态,1,历史重启阶段最优路径,GP 源内重加权,0,16,nan,0.0
0,81001,7,不使用 GP 产生的状态,1,历史重启阶段最优路径,GP 源内重加权,0,16,nan,0.0
0,81001,0,不使用 GP 产生的状态,1,历史全局最优路径,GP 源内重加权,0,16,nan,0.0
0,81001,1,不使用 GP 产生的状态,1,历史全局最优路径,GP 源内重加权,0,16,nan,0.0
0,81001,2,不使用 GP 产生的状态,1,历史全局最优路径,GP 源内重加权,0,16,nan,0.0
0,81001,3,不使用 GP 产生的状态,1,历史全局最优路径,GP 源内重加权,0,16,nan,0.0
0,81001,4,不使用 GP 产生的状态,1,历史全局最优路径,GP 源内重加权,0,16,nan,0.0
0,81001,5,不使用 GP 产生的状态,1,历史全局最优路径,GP 源内重加权,0,16,nan,0.0
0,81001,6,不使用 GP 产生的状态,1,历史全局最优路径,GP 源内重加权,0,16,nan,0.0
0,81001,7,不使用 GP 产生的状态,1,历史全局最优路径,GP 源内重加权,0,16,nan,0.0
0,81001,0,GP 表达式自身产生的状态,1,历史重启阶段最优路径,来源内均匀沉积,0,16,nan,0.0
0,81001,1,GP 表达式自身产生的状态,1,历史重启阶段最优路径,来源内均匀沉积,0,16,nan,0.0
0,81001,2,GP 表达式自身产生的状态,1,历史重启阶段最优路径,来源内均匀沉积,0,16,nan,0.0
0,81001,3,GP 表达式自身产生的状态,1,历史重启阶段最优路径,来源内均匀沉积,0,16,nan,0.0
0,81001,4,GP 表达式自身产生的状态,1,历史重启阶段最优路径,来源内均匀沉积,0,16,nan,0.0
0,81001,5,GP 表达式自身产生的状态,1,历史重启阶段最优路径,来源内均匀沉积,0,16,nan,0.0
0,81001,6,GP 表达式自身产生的状态,1,历史重启阶段最优路径,来源内均匀沉积,0,16,nan,0.0
0,81001,7,GP 表达式自身产生的状态,1,历史重启阶段最优路径,来源内均匀沉积,0,16,nan,0.0
0,81001,0,GP 表达式自身产生的状态,1,历史全局最优路径,来源内均匀沉积,0,16,nan,0.0
0,81001,1,GP 表达式自身产生的状态,1,历史全局最优路径,来源内均匀沉积,0,16,nan,0.0
0,81001,2,GP 表达式自身产生的状态,1,历史全局最优路径,来源内均匀沉积,0,16,nan,0.0
0,81001,3,GP 表达式自身产生的状态,1,历史全局最优路径,来源内均匀沉积,0,16,nan,0.0
0,81001,4,GP 表达式自身产生的状态,1,历史全局最优路径,来源内均匀沉积,0,16,nan,0.0
0,81001,5,GP 表达式自身产生的状态,1,历史全局最优路径,来源内均匀沉积,0,16,nan,0.0
0,81001,6,GP 表达式自身产生的状态,1,历史全局最优路径,来源内均匀沉积,0,16,nan,0.0
0,81001,7,GP 表达式自身产生的状态,1,历史全局最优路径,来源内均匀沉积,0,16,nan,0.0
0,81001,0,GP 表达式自身产生的状态,1,历史重启阶段最优路径,GP 源内重加权,0,16,nan,0.0
0,81001,1,GP 表达式自身产生的状态,1,历史重启阶段最优路径,GP 源内重加权,0,16,nan,0.0
0,81001,2,GP 表达式自身产生的状态,1,历史重启阶段最优路径,GP 源内重加权,0,16,nan,0.0
0,81001,3,GP 表达式自身产生的状态,1,历史重启阶段最优路径,GP 源内重加权,0,16,nan,0.0
0,81001,4,GP 表达式自身产生的状态,1,历史重启阶段最优路径,GP 源内重加权,0,16,nan,0.0
0,81001,5,GP 表达式自身产生的状态,1,历史重启阶段最优路径,GP 源内重加权,0,16,nan,0.0
0,81001,6,GP 表达式自身产生的状态,1,历史重启阶段最优路径,GP 源内重加权,0,16,nan,0.0
0,81001,7,GP 表达式自身产生的状态,1,历史重启阶段最优路径,GP 源内重加权,0,16,nan,0.0
0,81001,0,GP 表达式自身产生的状态,1,历史全局最优路径,GP 源内重加权,0,16,nan,0.0
0,81001,1,GP 表达式自身产生的状态,1,历史全局最优路径,GP 源内重加权,0,16,nan,0.0
0,81001,2,GP 表达式自身产生的状态,1,历史全局最优路径,GP 源内重加权,0,16,nan,0.0
0,81001,3,GP 表达式自身产生的状态,1,历史全局最优路径,GP 源内重加权,0,16,nan,0.0
0,81001,4,GP 表达式自身产生的状态,1,历史全局最优路径,GP 源内重加权,0,16,nan,0.0
0,81001,5,GP 表达式自身产生的状态,1,历史全局最优路径,GP 源内重加权,0,16,nan,0.0
0,81001,6,GP 表达式自身产生的状态,1,历史全局最优路径,GP 源内重加权,0,16,nan,0.0
0,81001,7,GP 表达式自身产生的状态,1,历史全局最优路径,GP 源内重加权,0,16,nan,0.0
0,81002,0,GP 表达式自身产生的状态,1,历史重启阶段最优路径,来源内均匀沉积,0,16,nan,0.0
0,81002,1,GP 表达式自身产生的状态,1,历史重启阶段最优路径,来源内均匀沉积,0,16,nan,0.0
0,81002,2,GP 表达式自身产生的状态,1,历史重启阶段最优路径,来源内均匀沉积,0,16,nan,0.0
0,81002,3,GP 表达式自身产生的状态,1,历史重启阶段最优路径,来源内均匀沉积,0,16,nan,0.0
0,81002,4,GP 表达式自身产生的状态,1,历史重启阶段最优路径,来源内均匀沉积,0,16,nan,0.0
0,81002,5,GP 表达式自身产生的状态,1,历史重启阶段最优路径,来源内均匀沉积,0,16,nan,0.0
0,81002,6,GP 表达式自身产生的状态,1,历史重启阶段最优路径,来源内均匀沉积,0,16,nan,0.0
0,81002,7,GP 表达式自身产生的状态,1,历史重启阶段最优路径,来源内均匀沉积,0,16,nan,0.0
0,81002,0,GP 表达式自身产生的状态,1,历史全局最优路径,来源内均匀沉积,0,16,nan,0.0
0,81002,1,GP 表达式自身产生的状态,1,历史全局最优路径,来源内均匀沉积,0,16,nan,0.0
0,81002,2,GP 表达式自身产生的状态,1,历史全局最优路径,来源内均匀沉积,0,16,nan,0.0
0,81002,3,GP 表达式自身产生的状态,1,历史全局最优路径,来源内均匀沉积,0,16,nan,0.0
0,81002,4,GP 表达式自身产生的状态,1,历史全局最优路径,来源内均匀沉积,0,16,nan,0.0
0,81002,5,GP 表达式自身产生的状态,1,历史全局最优路径,来源内均匀沉积,0,16,nan,0.0
0,81002,6,GP 表达式自身产生的状态,1,历史全局最优路径,来源内均匀沉积,0,16,nan,0.0
0,81002,7,GP 表达式自身产生的状态,1,历史全局最优路径,来源内均匀沉积,0,16,nan,0.0
0,81002,0,GP 表达式自身产生的状态,1,历史重启阶段最优路径,GP 源内重加权,0,16,nan,0.0
0,81002,1,GP 表达式自身产生的状态,1,历史重启阶段最优路径,GP 源内重加权,0,16,nan,0.0
0,81002,2,GP 表达式自身产生的状态,1,历史重启阶段最优路径,GP 源内重加权,0,16,nan,0.0
0,81002,3,GP 表达式自身产生的状态,1,历史重启阶段最优路径,GP 源内重加权,0,16,nan,0.0
0,81002,4,GP 表达式自身产生的状态,1,历史重启阶段最优路径,GP 源内重加权,0,16,nan,0.0
0,81002,5,GP 表达式自身产生的状态,1,历史重启阶段最优路径,GP 源内重加权,0,16,nan,0.0
0,81002,6,GP 表达式自身产生的状态,1,历史重启阶段最优路径,GP 源内重加权,0,16,nan,0.0
0,81002,7,GP 表达式自身产生的状态,1,历史重启阶段最优路径,GP 源内重加权,0,16,nan,0.0
0,81002,0,GP 表达式自身产生的状态,1,历史全局最优路径,GP 源内重加权,0,16,nan,0.0
0,81002,1,GP 表达式自身产生的状态,1,历史全局最优路径,GP 源内重加权,0,16,nan,0.0
0,81002,2,GP 表达式自身产生的状态,1,历史全局最优路径,GP 源内重加权,0,16,nan,0.0
0,81002,3,GP 表达式自身产生的状态,1,历史全局最优路径,GP 源内重加权,0,16,nan,0.0
0,81002,4,GP 表达式自身产生的状态,1,历史全局最优路径,GP 源内重加权,0,16,nan,0.0
0,81002,5,GP 表达式自身产生的状态,1,历史全局最优路径,GP 源内重加权,0,16,nan,0.0
0,81002,6,GP 表达式自身产生的状态,1,历史全局最优路径,GP 源内重加权,0,16,nan,0.0
0,81002,7,GP 表达式自身产生的状态,1,历史全局最优路径,GP 源内重加权,0,16,nan,0.0
0,81003,0,GP 表达式自身产生的状态,1,历史重启阶段最优路径,来源内均匀沉积,0,16,nan,0.0
0,81003,1,GP 表达式自身产生的状态,1,历史重启阶段最优路径,来源内均匀沉积,0,16,nan,0.0
0,81003,2,GP 表达式自身产生的状态,1,历史重启阶段最优路径,来源内均匀沉积,0,16,nan,0.0
0,81003,3,GP 表达式自身产生的状态,1,历史重启阶段最优路径,来源内均匀沉积,0,16,nan,0.0
0,81003,4,GP 表达式自身产生的状态,1,历史重启阶段最优路径,来源内均匀沉积,0,16,nan,0.0
0,81003,5,GP 表达式自身产生的状态,1,历史重启阶段最优路径,来源内均匀沉积,0,16,nan,0.0
0,81003,6,GP 表达式自身产生的状态,1,历史重启阶段最优路径,来源内均匀沉积,0,16,nan,0.0
0,81003,7,GP 表达式自身产生的状态,1,历史重启阶段最优路径,来源内均匀沉积,0,16,nan,0.0
0,81003,0,GP 表达式自身产生的状态,1,历史全局最优路径,来源内均匀沉积,0,16,nan,0.0
0,81003,1,GP 表达式自身产生的状态,1,历史全局最优路径,来源内均匀沉积,0,16,nan,0.0
0,81003,2,GP 表达式自身产生的状态,1,历史全局最优路径,来源内均匀沉积,0,16,nan,0.0
0,81003,3,GP 表达式自身产生的状态,1,历史全局最优路径,来源内均匀沉积,0,16,nan,0.0
0,81003,4,GP 表达式自身产生的状态,1,历史全局最优路径,来源内均匀沉积,0,16,nan,0.0
0,81003,5,GP 表达式自身产生的状态,1,历史全局最优路径,来源内均匀沉积,0,16,nan,0.0
0,81003,6,GP 表达式自身产生的状态,1,历史全局最优路径,来源内均匀沉积,0,16,nan,0.0
0,81003,7,GP 表达式自身产生的状态,1,历史全局最优路径,来源内均匀沉积,0,16,nan,0.0
0,81003,0,GP 表达式自身产生的状态,1,历史重启阶段最优路径,GP 源内重加权,0,16,nan,0.0
0,81003,1,GP 表达式自身产生的状态,1,历史重启阶段最优路径,GP 源内重加权,0,16,nan,0.0
0,81003,2,GP 表达式自身产生的状态,1,历史重启阶段最优路径,GP 源内重加权,0,16,nan,0.0
0,81003,3,GP 表达式自身产生的状态,1,历史重启阶段最优路径,GP 源内重加权,0,16,nan,0.0
0,81003,4,GP 表达式自身产生的状态,1,历史重启阶段最优路径,GP 源内重加权,0,16,nan,0.0
0,81003,5,GP 表达式自身产生的状态,1,历史重启阶段最优路径,GP 源内重加权,0,16,nan,0.0
0,81003,6,GP 表达式自身产生的状态,1,历史重启阶段最优路径,GP 源内重加权,0,16,nan,0.0
0,81003,7,GP 表达式自身产生的状态,1,历史重启阶段最优路径,GP 源内重加权,0,16,nan,0.0
0,81003,0,GP 表达式自身产生的状态,1,历史全局最优路径,GP 源内重加权,0,16,nan,0.0
0,81003,1,GP 表达式自身产生的状态,1,历史全局最优路径,GP 源内重加权,0,16,nan,0.0
0,81003,2,GP 表达式自身产生的状态,1,历史全局最优路径,GP 源内重加权,0,16,nan,0.0
0,81003,3,GP 表达式自身产生的状态,1,历史全局最优路径,GP 源内重加权,0,16,nan,0.0
0,81003,4,GP 表达式自身产生的状态,1,历史全局最优路径,GP 源内重加权,0,16,nan,0.0
0,81003,5,GP 表达式自身产生的状态,1,历史全局最优路径,GP 源内重加权,0,16,nan,0.0
0,81003,6,GP 表达式自身产生的状态,1,历史全局最优路径,GP 源内重加权,0,16,nan,0.0
0,81003,7,GP 表达式自身产生的状态,1,历史全局最优路径,GP 源内重加权,0,16,nan,0.0
0,81002,0,不使用 GP 产生的状态,100,历史重启阶段最优路径,来源内均匀沉积,10,6,0.10639852908951986,1.8084601189646963e-09
0,81002,1,不使用 GP 产生的状态,100,历史重启阶段最优路径,来源内均匀沉积,3,13,0.11549100739484085,3.2469858120176733e-09
0,81002,2,不使用 GP 产生的状态,100,历史重启阶段最优路径,来源内均匀沉积,3,13,0.09153631913453375,1.602094843252846e-09
0,81002,3,不使用 GP 产生的状态,100,历史重启阶段最优路径,来源内均匀沉积,2,14,0.05615586113608867,1.3806151119236203e-10
0,81002,4,不使用 GP 产生的状态,100,历史重启阶段最优路径,来源内均匀沉积,4,12,0.15634140048147346,0.0
0,81002,5,不使用 GP 产生的状态,100,历史重启阶段最优路径,来源内均匀沉积,4,12,0.07973508917438532,1.9950426211270248e-09
0,81002,6,不使用 GP 产生的状态,100,历史重启阶段最优路径,来源内均匀沉积,5,11,0.03705241235652769,0.0
0,81002,7,不使用 GP 产生的状态,100,历史重启阶段最优路径,来源内均匀沉积,6,10,0.04545134327583344,0.0
0,81002,0,不使用 GP 产生的状态,100,历史全局最优路径,来源内均匀沉积,10,6,0.10639852908951986,1.8084601189646963e-09
0,81002,1,不使用 GP 产生的状态,100,历史全局最优路径,来源内均匀沉积,3,13,0.11549100739484085,3.2469858120176733e-09
0,81002,2,不使用 GP 产生的状态,100,历史全局最优路径,来源内均匀沉积,3,13,0.09153631913453375,1.602094843252846e-09
0,81002,3,不使用 GP 产生的状态,100,历史全局最优路径,来源内均匀沉积,2,14,0.05615586113608867,1.3806151119236203e-10
0,81002,4,不使用 GP 产生的状态,100,历史全局最优路径,来源内均匀沉积,4,12,0.15634140048147346,0.0
0,81002,5,不使用 GP 产生的状态,100,历史全局最优路径,来源内均匀沉积,4,12,0.07973508917438532,1.9950426211270248e-09
0,81002,6,不使用 GP 产生的状态,100,历史全局最优路径,来源内均匀沉积,5,11,0.03705241235652769,0.0
0,81002,7,不使用 GP 产生的状态,100,历史全局最优路径,来源内均匀沉积,6,10,0.04545134327583344,0.0
0,81002,0,不使用 GP 产生的状态,100,历史重启阶段最优路径,GP 源内重加权,10,6,0.07629439704150325,0.0004965118899503117
0,81002,1,不使用 GP 产生的状态,100,历史重启阶段最优路径,GP 源内重加权,3,13,0.10162496576741613,0.001293846693472053
0,81002,2,不使用 GP 产生的状态,100,历史重启阶段最优路径,GP 源内重加权,3,13,0.07800901239003645,0.00042385021137558373
0,81002,3,不使用 GP 产生的状态,100,历史重启阶段最优路径,GP 源内重加权,2,14,0.058347250310475544,2.7189141355991104e-05
0,81002,4,不使用 GP 产生的状态,100,历史重启阶段最优路径,GP 源内重加权,4,12,0.13641897860729302,4.8412740473633286e-05
0,81002,5,不使用 GP 产生的状态,100,历史重启阶段最优路径,GP 源内重加权,4,12,0.07481359330725043,0.00019361887874825396
0,81002,6,不使用 GP 产生的状态,100,历史重启阶段最优路径,GP 源内重加权,5,11,0.027408672668472654,0.0013462742279363466
0,81002,7,不使用 GP 产生的状态,100,历史重启阶段最优路径,GP 源内重加权,6,10,0.04290009226022651,0.00022622658921510596
0,81002,0,不使用 GP 产生的状态,100,历史全局最优路径,GP 源内重加权,10,6,0.07629439704150325,0.0004965118899503117
0,81002,1,不使用 GP 产生的状态,100,历史全局最优路径,GP 源内重加权,3,13,0.10162496576741613,0.001293846693472053
0,81002,2,不使用 GP 产生的状态,100,历史全局最优路径,GP 源内重加权,3,13,0.07800901239003645,0.00042385021137558373
0,81002,3,不使用 GP 产生的状态,100,历史全局最优路径,GP 源内重加权,2,14,0.058347250310475544,2.7189141355991104e-05
0,81002,4,不使用 GP 产生的状态,100,历史全局最优路径,GP 源内重加权,4,12,0.13641897860729302,4.8412740473633286e-05
0,81002,5,不使用 GP 产生的状态,100,历史全局最优路径,GP 源内重加权,4,12,0.07481359330725043,0.00019361887874825396
0,81002,6,不使用 GP 产生的状态,100,历史全局最优路径,GP 源内重加权,5,11,0.027408672668472654,0.0013462742279363466
0,81002,7,不使用 GP 产生的状态,100,历史全局最优路径,GP 源内重加权,6,10,0.04290009226022651,0.00022622658921510596
0,81003,0,不使用 GP 产生的状态,100,历史重启阶段最优路径,来源内均匀沉积,10,6,0.09762325409780892,1.742934979304923e-09
0,81003,1,不使用 GP 产生的状态,100,历史重启阶段最优路径,来源内均匀沉积,3,13,0.10114625204445706,3.4650649458505324e-09
0,81003,2,不使用 GP 产生的状态,100,历史重启阶段最优路径,来源内均匀沉积,3,13,0.0975247911727987,1.5256914466744467e-09
0,81003,3,不使用 GP 产生的状态,100,历史重启阶段最优路径,来源内均匀沉积,2,14,0.05347386948132382,2.47653955597317e-10
0,81003,4,不使用 GP 产生的状态,100,历史重启阶段最优路径,来源内均匀沉积,4,12,0.14991747931399516,0.0
0,81003,5,不使用 GP 产生的状态,100,历史重启阶段最优路径,来源内均匀沉积,4,12,0.08344883872941902,2.0639730731099738e-09
0,81003,6,不使用 GP 产生的状态,100,历史重启阶段最优路径,来源内均匀沉积,5,11,0.047317801939148176,0.0
0,81003,7,不使用 GP 产生的状态,100,历史重启阶段最优路径,来源内均匀沉积,6,10,0.05162190335348372,0.0
0,81003,0,不使用 GP 产生的状态,100,历史全局最优路径,来源内均匀沉积,10,6,0.09762325409780892,1.742934979304923e-09
0,81003,1,不使用 GP 产生的状态,100,历史全局最优路径,来源内均匀沉积,3,13,0.10114625204445706,3.4650649458505324e-09
0,81003,2,不使用 GP 产生的状态,100,历史全局最优路径,来源内均匀沉积,3,13,0.0975247911727987,1.5256914466744467e-09
0,81003,3,不使用 GP 产生的状态,100,历史全局最优路径,来源内均匀沉积,2,14,0.05347386948132382,2.47653955597317e-10
0,81003,4,不使用 GP 产生的状态,100,历史全局最优路径,来源内均匀沉积,4,12,0.14991747931399516,0.0
0,81003,5,不使用 GP 产生的状态,100,历史全局最优路径,来源内均匀沉积,4,12,0.08344883872941902,2.0639730731099738e-09
0,81003,6,不使用 GP 产生的状态,100,历史全局最优路径,来源内均匀沉积,5,11,0.047317801939148176,0.0
0,81003,7,不使用 GP 产生的状态,100,历史全局最优路径,来源内均匀沉积,6,10,0.05162190335348372,0.0
0,81003,0,不使用 GP 产生的状态,100,历史重启阶段最优路径,GP 源内重加权,10,6,0.06714465015522292,0.00010601996484016604
0,81003,1,不使用 GP 产生的状态,100,历史重启阶段最优路径,GP 源内重加权,3,13,0.0903356344593005,0.00030458270228166047
0,81003,2,不使用 GP 产生的状态,100,历史重启阶段最优路径,GP 源内重加权,3,13,0.08190941739647871,8.48275757422884e-05
0,81003,3,不使用 GP 产生的状态,100,历史重启阶段最优路径,GP 源内重加权,2,14,0.04811587998839307,7.912696658416366e-05
0,81003,4,不使用 GP 产生的状态,100,历史重启阶段最优路径,GP 源内重加权,4,12,0.1126552107076178,8.266929557454569e-05
0,81003,5,不使用 GP 产生的状态,100,历史重启阶段最优路径,GP 源内重加权,4,12,0.06555627517119994,5.4172930137505445e-05
0,81003,6,不使用 GP 产生的状态,100,历史重启阶段最优路径,GP 源内重加权,5,11,0.033382878898810885,9.68463416413302e-05
0,81003,7,不使用 GP 产生的状态,100,历史重启阶段最优路径,GP 源内重加权,6,10,0.05447644577487674,7.673240292280258e-05
0,81003,0,不使用 GP 产生的状态,100,历史全局最优路径,GP 源内重加权,10,6,0.06714465015522292,0.00010601996484016604
0,81003,1,不使用 GP 产生的状态,100,历史全局最优路径,GP 源内重加权,3,13,0.0903356344593005,0.00030458270228166047
0,81003,2,不使用 GP 产生的状态,100,历史全局最优路径,GP 源内重加权,3,13,0.08190941739647871,8.48275757422884e-05
0,81003,3,不使用 GP 产生的状态,100,历史全局最优路径,GP 源内重加权,2,14,0.04811587998839307,7.912696658416366e-05
0,81003,4,不使用 GP 产生的状态,100,历史全局最优路径,GP 源内重加权,4,12,0.1126552107076178,8.266929557454569e-05
0,81003,5,不使用 GP 产生的状态,100,历史全局最优路径,GP 源内重加权,4,12,0.06555627517119994,5.4172930137505445e-05
0,81003,6,不使用 GP 产生的状态,100,历史全局最优路径,GP 源内重加权,5,11,0.033382878898810885,9.68463416413302e-05
0,81003,7,不使用 GP 产生的状态,100,历史全局最优路径,GP 源内重加权,6,10,0.05447644577487674,7.673240292280258e-05
0,81001,0,不使用 GP 产生的状态,100,历史重启阶段最优路径,来源内均匀沉积,10,6,0.09762325409780892,1.742934979304923e-09
0,81001,1,不使用 GP 产生的状态,100,历史重启阶段最优路径,来源内均匀沉积,3,13,0.10114625204445706,3.4650649458505324e-09
0,81001,2,不使用 GP 产生的状态,100,历史重启阶段最优路径,来源内均匀沉积,3,13,0.0975247911727987,1.5256914466744467e-09
0,81001,3,不使用 GP 产生的状态,100,历史重启阶段最优路径,来源内均匀沉积,2,14,0.05347386948132382,2.47653955597317e-10
0,81001,4,不使用 GP 产生的状态,100,历史重启阶段最优路径,来源内均匀沉积,4,12,0.14991747931399516,0.0
0,81001,5,不使用 GP 产生的状态,100,历史重启阶段最优路径,来源内均匀沉积,4,12,0.08344883872941902,2.0639730731099738e-09
0,81001,6,不使用 GP 产生的状态,100,历史重启阶段最优路径,来源内均匀沉积,5,11,0.047317801939148176,0.0
0,81001,7,不使用 GP 产生的状态,100,历史重启阶段最优路径,来源内均匀沉积,6,10,0.05162190335348372,0.0
0,81001,0,不使用 GP 产生的状态,100,历史全局最优路径,来源内均匀沉积,10,6,0.09762325409780892,1.742934979304923e-09
0,81001,1,不使用 GP 产生的状态,100,历史全局最优路径,来源内均匀沉积,3,13,0.10114625204445706,3.4650649458505324e-09
0,81001,2,不使用 GP 产生的状态,100,历史全局最优路径,来源内均匀沉积,3,13,0.0975247911727987,1.5256914466744467e-09
0,81001,3,不使用 GP 产生的状态,100,历史全局最优路径,来源内均匀沉积,2,14,0.05347386948132382,2.47653955597317e-10
0,81001,4,不使用 GP 产生的状态,100,历史全局最优路径,来源内均匀沉积,4,12,0.14991747931399516,0.0
0,81001,5,不使用 GP 产生的状态,100,历史全局最优路径,来源内均匀沉积,4,12,0.08344883872941902,2.0639730731099738e-09
0,81001,6,不使用 GP 产生的状态,100,历史全局最优路径,来源内均匀沉积,5,11,0.047317801939148176,0.0
0,81001,7,不使用 GP 产生的状态,100,历史全局最优路径,来源内均匀沉积,6,10,0.05162190335348372,0.0
0,81001,0,不使用 GP 产生的状态,100,历史重启阶段最优路径,GP 源内重加权,10,6,0.06384140181808853,0.00011314514887425621
0,81001,1,不使用 GP 产生的状态,100,历史重启阶段最优路径,GP 源内重加权,3,13,0.08744602952464704,0.0003054857143998006
0,81001,2,不使用 GP 产生的状态,100,历史重启阶段最优路径,GP 源内重加权,3,13,0.07909780304231662,5.324538340219807e-05
0,81001,3,不使用 GP 产生的状态,100,历史重启阶段最优路径,GP 源内重加权,2,14,0.047652027890204104,7.8576217499651e-05
0,81001,4,不使用 GP 产生的状态,100,历史重启阶段最优路径,GP 源内重加权,4,12,0.10908002742972049,8.656690122886e-05
0,81001,5,不使用 GP 产生的状态,100,历史重启阶段最优路径,GP 源内重加权,4,12,0.06348166623285309,5.8069372850842685e-05
0,81001,6,不使用 GP 产生的状态,100,历史重启阶段最优路径,GP 源内重加权,5,11,0.03154923712147055,8.315780231447457e-05
0,81001,7,不使用 GP 产生的状态,100,历史重启阶段最优路径,GP 源内重加权,6,10,0.0534003033316689,8.230370582488754e-05
0,81001,0,不使用 GP 产生的状态,100,历史全局最优路径,GP 源内重加权,10,6,0.06384140181808853,0.00011314514887425621
0,81001,1,不使用 GP 产生的状态,100,历史全局最优路径,GP 源内重加权,3,13,0.08744602952464704,0.0003054857143998006
0,81001,2,不使用 GP 产生的状态,100,历史全局最优路径,GP 源内重加权,3,13,0.07909780304231662,5.324538340219807e-05
0,81001,3,不使用 GP 产生的状态,100,历史全局最优路径,GP 源内重加权,2,14,0.047652027890204104,7.8576217499651e-05
0,81001,4,不使用 GP 产生的状态,100,历史全局最优路径,GP 源内重加权,4,12,0.10908002742972049,8.656690122886e-05
0,81001,5,不使用 GP 产生的状态,100,历史全局最优路径,GP 源内重加权,4,12,0.06348166623285309,5.8069372850842685e-05
0,81001,6,不使用 GP 产生的状态,100,历史全局最优路径,GP 源内重加权,5,11,0.03154923712147055,8.315780231447457e-05
0,81001,7,不使用 GP 产生的状态,100,历史全局最优路径,GP 源内重加权,6,10,0.0534003033316689,8.230370582488754e-05
0,81001,0,GP 表达式自身产生的状态,100,历史重启阶段最优路径,来源内均匀沉积,0,16,nan,0.0
0,81001,1,GP 表达式自身产生的状态,100,历史重启阶段最优路径,来源内均匀沉积,2,14,0.10444358009695383,3.162719259417604e-11
0,81001,2,GP 表达式自身产生的状态,100,历史重启阶段最优路径,来源内均匀沉积,0,16,nan,0.0
0,81001,3,GP 表达式自身产生的状态,100,历史重启阶段最优路径,来源内均匀沉积,2,14,0.18346789498487379,0.0
0,81001,4,GP 表达式自身产生的状态,100,历史重启阶段最优路径,来源内均匀沉积,2,14,0.07798133030820045,0.0
0,81001,5,GP 表达式自身产生的状态,100,历史重启阶段最优路径,来源内均匀沉积,1,15,0.0051055423337338325,2.202188571289022e-09
0,81001,6,GP 表达式自身产生的状态,100,历史重启阶段最优路径,来源内均匀沉积,0,16,nan,0.0
0,81001,7,GP 表达式自身产生的状态,100,历史重启阶段最优路径,来源内均匀沉积,1,15,0.05744712747658447,0.0
0,81001,0,GP 表达式自身产生的状态,100,历史全局最优路径,来源内均匀沉积,0,16,nan,0.0
0,81001,1,GP 表达式自身产生的状态,100,历史全局最优路径,来源内均匀沉积,2,14,0.10444358009695383,3.162719259417604e-11
0,81001,2,GP 表达式自身产生的状态,100,历史全局最优路径,来源内均匀沉积,0,16,nan,0.0
0,81001,3,GP 表达式自身产生的状态,100,历史全局最优路径,来源内均匀沉积,2,14,0.18346789498487379,0.0
0,81001,4,GP 表达式自身产生的状态,100,历史全局最优路径,来源内均匀沉积,2,14,0.07798133030820045,0.0
0,81001,5,GP 表达式自身产生的状态,100,历史全局最优路径,来源内均匀沉积,1,15,0.0051055423337338325,2.202188571289022e-09
0,81001,6,GP 表达式自身产生的状态,100,历史全局最优路径,来源内均匀沉积,0,16,nan,0.0
0,81001,7,GP 表达式自身产生的状态,100,历史全局最优路径,来源内均匀沉积,1,15,0.05744712747658447,0.0
0,81001,0,GP 表达式自身产生的状态,100,历史重启阶段最优路径,GP 源内重加权,0,16,nan,0.0
0,81001,1,GP 表达式自身产生的状态,100,历史重启阶段最优路径,GP 源内重加权,2,14,0.07407668478061595,3.126337336724346e-05
0,81001,2,GP 表达式自身产生的状态,100,历史重启阶段最优路径,GP 源内重加权,0,16,nan,0.0
0,81001,3,GP 表达式自身产生的状态,100,历史重启阶段最优路径,GP 源内重加权,2,14,0.14043811992190502,2.2930408315812195e-07
0,81001,4,GP 表达式自身产生的状态,100,历史重启阶段最优路径,GP 源内重加权,2,14,0.05217226090956838,1.8930584198150146e-06
0,81001,5,GP 表达式自身产生的状态,100,历史重启阶段最优路径,GP 源内重加权,1,15,0.0036871574617365643,2.9814339039598933e-05
0,81001,6,GP 表达式自身产生的状态,100,历史重启阶段最优路径,GP 源内重加权,0,16,nan,9.12242088073804e-06
0,81001,7,GP 表达式自身产生的状态,100,历史重启阶段最优路径,GP 源内重加权,1,15,0.059755281910961154,4.9381739514524535e-05
0,81001,0,GP 表达式自身产生的状态,100,历史全局最优路径,GP 源内重加权,0,16,nan,0.0
0,81001,1,GP 表达式自身产生的状态,100,历史全局最优路径,GP 源内重加权,2,14,0.07407668478061595,3.126337336724346e-05
0,81001,2,GP 表达式自身产生的状态,100,历史全局最优路径,GP 源内重加权,0,16,nan,0.0
0,81001,3,GP 表达式自身产生的状态,100,历史全局最优路径,GP 源内重加权,2,14,0.14043811992190502,2.2930408315812195e-07
0,81001,4,GP 表达式自身产生的状态,100,历史全局最优路径,GP 源内重加权,2,14,0.05217226090956838,1.8930584198150146e-06
0,81001,5,GP 表达式自身产生的状态,100,历史全局最优路径,GP 源内重加权,1,15,0.0036871574617365643,2.9814339039598933e-05
0,81001,6,GP 表达式自身产生的状态,100,历史全局最优路径,GP 源内重加权,0,16,nan,9.12242088073804e-06
0,81001,7,GP 表达式自身产生的状态,100,历史全局最优路径,GP 源内重加权,1,15,0.059755281910961154,4.9381739514524535e-05
0,81002,0,GP 表达式自身产生的状态,100,历史重启阶段最优路径,来源内均匀沉积,1,15,0.055480736529198514,2.9130149415748606e-09
0,81002,1,GP 表达式自身产生的状态,100,历史重启阶段最优路径,来源内均匀沉积,0,16,nan,0.0
0,81002,2,GP 表达式自身产生的状态,100,历史重启阶段最优路径,来源内均匀沉积,0,16,nan,0.0
0,81002,3,GP 表达式自身产生的状态,100,历史重启阶段最优路径,来源内均匀沉积,0,16,nan,0.0
0,81002,4,GP 表达式自身产生的状态,100,历史重启阶段最优路径,来源内均匀沉积,0,16,nan,0.0
0,81002,5,GP 表达式自身产生的状态,100,历史重启阶段最优路径,来源内均匀沉积,0,16,nan,0.0
0,81002,6,GP 表达式自身产生的状态,100,历史重启阶段最优路径,来源内均匀沉积,0,16,nan,1.0242250012305159e-09
0,81002,7,GP 表达式自身产生的状态,100,历史重启阶段最优路径,来源内均匀沉积,0,16,nan,0.0
0,81002,0,GP 表达式自身产生的状态,100,历史全局最优路径,来源内均匀沉积,1,15,0.055480736529198514,2.9130149415748606e-09
0,81002,1,GP 表达式自身产生的状态,100,历史全局最优路径,来源内均匀沉积,0,16,nan,0.0
0,81002,2,GP 表达式自身产生的状态,100,历史全局最优路径,来源内均匀沉积,0,16,nan,0.0
0,81002,3,GP 表达式自身产生的状态,100,历史全局最优路径,来源内均匀沉积,0,16,nan,0.0
0,81002,4,GP 表达式自身产生的状态,100,历史全局最优路径,来源内均匀沉积,0,16,nan,0.0
0,81002,5,GP 表达式自身产生的状态,100,历史全局最优路径,来源内均匀沉积,0,16,nan,0.0
0,81002,6,GP 表达式自身产生的状态,100,历史全局最优路径,来源内均匀沉积,0,16,nan,1.0242250012305159e-09
0,81002,7,GP 表达式自身产生的状态,100,历史全局最优路径,来源内均匀沉积,0,16,nan,0.0
0,81002,0,GP 表达式自身产生的状态,100,历史重启阶段最优路径,GP 源内重加权,1,15,0.02658859944021297,4.468449517823042e-06
0,81002,1,GP 表达式自身产生的状态,100,历史重启阶段最优路径,GP 源内重加权,0,16,nan,2.9222919209537125e-09
0,81002,2,GP 表达式自身产生的状态,100,历史重启阶段最优路径,GP 源内重加权,0,16,nan,1.0715693557038724e-08
0,81002,3,GP 表达式自身产生的状态,100,历史重启阶段最优路径,GP 源内重加权,0,16,nan,4.272998472358677e-09
0,81002,4,GP 表达式自身产生的状态,100,历史重启阶段最优路径,GP 源内重加权,0,16,nan,3.6640317865952974e-09
0,81002,5,GP 表达式自身产生的状态,100,历史重启阶段最优路径,GP 源内重加权,0,16,nan,1.3897678236714515e-05
0,81002,6,GP 表达式自身产生的状态,100,历史重启阶段最优路径,GP 源内重加权,0,16,nan,3.094728821010794e-06
0,81002,7,GP 表达式自身产生的状态,100,历史重启阶段最优路径,GP 源内重加权,0,16,nan,1.7889640143162175e-08
0,81002,0,GP 表达式自身产生的状态,100,历史全局最优路径,GP 源内重加权,1,15,0.02658859944021297,4.468449517823042e-06
0,81002,1,GP 表达式自身产生的状态,100,历史全局最优路径,GP 源内重加权,0,16,nan,2.9222919209537125e-09
0,81002,2,GP 表达式自身产生的状态,100,历史全局最优路径,GP 源内重加权,0,16,nan,1.0715693557038724e-08
0,81002,3,GP 表达式自身产生的状态,100,历史全局最优路径,GP 源内重加权,0,16,nan,4.272998472358677e-09
0,81002,4,GP 表达式自身产生的状态,100,历史全局最优路径,GP 源内重加权,0,16,nan,3.6640317865952974e-09
0,81002,5,GP 表达式自身产生的状态,100,历史全局最优路径,GP 源内重加权,0,16,nan,1.3897678236714515e-05
0,81002,6,GP 表达式自身产生的状态,100,历史全局最优路径,GP 源内重加权,0,16,nan,3.094728821010794e-06
0,81002,7,GP 表达式自身产生的状态,100,历史全局最优路径,GP 源内重加权,0,16,nan,1.7889640143162175e-08
0,81003,0,GP 表达式自身产生的状态,100,历史重启阶段最优路径,来源内均匀沉积,1,15,0.14766136631353033,1.5765146404004267e-09
0,81003,1,GP 表达式自身产生的状态,100,历史重启阶段最优路径,来源内均匀沉积,1,15,0.0581228448553473,6.98625349779685e-10
0,81003,2,GP 表达式自身产生的状态,100,历史重启阶段最优路径,来源内均匀沉积,3,13,0.05926240552952878,0.0
0,81003,3,GP 表达式自身产生的状态,100,历史重启阶段最优路径,来源内均匀沉积,2,14,0.04803413645294358,1.7958566207063958e-09
0,81003,4,GP 表达式自身产生的状态,100,历史重启阶段最优路径,来源内均匀沉积,0,16,nan,2.503514873891215e-09
0,81003,5,GP 表达式自身产生的状态,100,历史重启阶段最优路径,来源内均匀沉积,5,11,0.06809201582176239,0.0
0,81003,6,GP 表达式自身产生的状态,100,历史重启阶段最优路径,来源内均匀沉积,0,16,nan,0.0
0,81003,7,GP 表达式自身产生的状态,100,历史重启阶段最优路径,来源内均匀沉积,4,12,0.05506282826934419,0.0
0,81003,0,GP 表达式自身产生的状态,100,历史全局最优路径,来源内均匀沉积,1,15,0.14766136631353033,1.5765146404004267e-09
0,81003,1,GP 表达式自身产生的状态,100,历史全局最优路径,来源内均匀沉积,1,15,0.0581228448553473,6.98625349779685e-10
0,81003,2,GP 表达式自身产生的状态,100,历史全局最优路径,来源内均匀沉积,3,13,0.05926240552952878,0.0
0,81003,3,GP 表达式自身产生的状态,100,历史全局最优路径,来源内均匀沉积,2,14,0.04803413645294358,1.7958566207063958e-09
0,81003,4,GP 表达式自身产生的状态,100,历史全局最优路径,来源内均匀沉积,0,16,nan,2.503514873891215e-09
0,81003,5,GP 表达式自身产生的状态,100,历史全局最优路径,来源内均匀沉积,5,11,0.06809201582176239,0.0
0,81003,6,GP 表达式自身产生的状态,100,历史全局最优路径,来源内均匀沉积,0,16,nan,0.0
0,81003,7,GP 表达式自身产生的状态,100,历史全局最优路径,来源内均匀沉积,4,12,0.05506282826934419,0.0
0,81003,0,GP 表达式自身产生的状态,100,历史重启阶段最优路径,GP 源内重加权,1,15,0.11320531600374675,3.6650797871769775e-05
0,81003,1,GP 表达式自身产生的状态,100,历史重启阶段最优路径,GP 源内重加权,1,15,0.03514417091176806,8.056067088352849e-05
0,81003,2,GP 表达式自身产生的状态,100,历史重启阶段最优路径,GP 源内重加权,3,13,0.03340591219119412,7.006242728847194e-06
0,81003,3,GP 表达式自身产生的状态,100,历史重启阶段最优路径,GP 源内重加权,2,14,0.04658515554174311,2.9540288737734458e-05
0,81003,4,GP 表达式自身产生的状态,100,历史重启阶段最优路径,GP 源内重加权,0,16,nan,1.2814233590309746e-06
0,81003,5,GP 表达式自身产生的状态,100,历史重启阶段最优路径,GP 源内重加权,5,11,0.04784360762510588,0.0001529540497355169
0,81003,6,GP 表达式自身产生的状态,100,历史重启阶段最优路径,GP 源内重加权,0,16,nan,2.0969462847926458e-06
0,81003,7,GP 表达式自身产生的状态,100,历史重启阶段最优路径,GP 源内重加权,4,12,0.03777227802567167,7.434120737511429e-05
0,81003,0,GP 表达式自身产生的状态,100,历史全局最优路径,GP 源内重加权,1,15,0.11320531600374675,3.6650797871769775e-05
0,81003,1,GP 表达式自身产生的状态,100,历史全局最优路径,GP 源内重加权,1,15,0.03514417091176806,8.056067088352849e-05
0,81003,2,GP 表达式自身产生的状态,100,历史全局最优路径,GP 源内重加权,3,13,0.03340591219119412,7.006242728847194e-06
0,81003,3,GP 表达式自身产生的状态,100,历史全局最优路径,GP 源内重加权,2,14,0.04658515554174311,2.9540288737734458e-05
0,81003,4,GP 表达式自身产生的状态,100,历史全局最优路径,GP 源内重加权,0,16,nan,1.2814233590309746e-06
0,81003,5,GP 表达式自身产生的状态,100,历史全局最优路径,GP 源内重加权,5,11,0.04784360762510588,0.0001529540497355169
0,81003,6,GP 表达式自身产生的状态,100,历史全局最优路径,GP 源内重加权,0,16,nan,2.0969462847926458e-06
0,81003,7,GP 表达式自身产生的状态,100,历史全局最优路径,GP 源内重加权,4,12,0.03777227802567167,7.434120737511429e-05
0,81003,0,不使用 GP 产生的状态,250,历史重启阶段最优路径,来源内均匀沉积,0,16,nan,0.0
0,81003,1,不使用 GP 产生的状态,250,历史重启阶段最优路径,来源内均匀沉积,0,16,nan,0.0
0,81003,2,不使用 GP 产生的状态,250,历史重启阶段最优路径,来源内均匀沉积,0,16,nan,0.0
0,81003,3,不使用 GP 产生的状态,250,历史重启阶段最优路径,来源内均匀沉积,0,16,nan,0.0
0,81003,4,不使用 GP 产生的状态,250,历史重启阶段最优路径,来源内均匀沉积,0,16,nan,0.0
0,81003,5,不使用 GP 产生的状态,250,历史重启阶段最优路径,来源内均匀沉积,0,16,nan,0.0
0,81003,6,不使用 GP 产生的状态,250,历史重启阶段最优路径,来源内均匀沉积,0,16,nan,0.0
0,81003,7,不使用 GP 产生的状态,250,历史重启阶段最优路径,来源内均匀沉积,0,16,nan,0.0
0,81003,0,不使用 GP 产生的状态,250,历史全局最优路径,来源内均匀沉积,0,16,nan,0.0
0,81003,1,不使用 GP 产生的状态,250,历史全局最优路径,来源内均匀沉积,0,16,nan,0.0
0,81003,2,不使用 GP 产生的状态,250,历史全局最优路径,来源内均匀沉积,0,16,nan,0.0
0,81003,3,不使用 GP 产生的状态,250,历史全局最优路径,来源内均匀沉积,0,16,nan,0.0
0,81003,4,不使用 GP 产生的状态,250,历史全局最优路径,来源内均匀沉积,0,16,nan,0.0
0,81003,5,不使用 GP 产生的状态,250,历史全局最优路径,来源内均匀沉积,0,16,nan,0.0
0,81003,6,不使用 GP 产生的状态,250,历史全局最优路径,来源内均匀沉积,0,16,nan,0.0
0,81003,7,不使用 GP 产生的状态,250,历史全局最优路径,来源内均匀沉积,0,16,nan,0.0
0,81003,0,不使用 GP 产生的状态,250,历史重启阶段最优路径,GP 源内重加权,0,16,nan,0.0
0,81003,1,不使用 GP 产生的状态,250,历史重启阶段最优路径,GP 源内重加权,0,16,nan,1.071825977504771e-08
0,81003,2,不使用 GP 产生的状态,250,历史重启阶段最优路径,GP 源内重加权,0,16,nan,1.1423621324569882e-10
0,81003,3,不使用 GP 产生的状态,250,历史重启阶段最优路径,GP 源内重加权,0,16,nan,8.034014659477704e-08
0,81003,4,不使用 GP 产生的状态,250,历史重启阶段最优路径,GP 源内重加权,0,16,nan,9.035687912491182e-11
0,81003,5,不使用 GP 产生的状态,250,历史重启阶段最优路径,GP 源内重加权,0,16,nan,2.3892517734878105e-08
0,81003,6,不使用 GP 产生的状态,250,历史重启阶段最优路径,GP 源内重加权,0,16,nan,0.0
0,81003,7,不使用 GP 产生的状态,250,历史重启阶段最优路径,GP 源内重加权,0,16,nan,1.3684409854347785e-08
0,81003,0,不使用 GP 产生的状态,250,历史全局最优路径,GP 源内重加权,0,16,nan,0.0
0,81003,1,不使用 GP 产生的状态,250,历史全局最优路径,GP 源内重加权,0,16,nan,1.071825977504771e-08
0,81003,2,不使用 GP 产生的状态,250,历史全局最优路径,GP 源内重加权,0,16,nan,1.1423621324569882e-10
0,81003,3,不使用 GP 产生的状态,250,历史全局最优路径,GP 源内重加权,0,16,nan,8.034014659477704e-08
0,81003,4,不使用 GP 产生的状态,250,历史全局最优路径,GP 源内重加权,0,16,nan,9.035687912491182e-11
0,81003,5,不使用 GP 产生的状态,250,历史全局最优路径,GP 源内重加权,0,16,nan,2.3892517734878105e-08
0,81003,6,不使用 GP 产生的状态,250,历史全局最优路径,GP 源内重加权,0,16,nan,0.0
0,81003,7,不使用 GP 产生的状态,250,历史全局最优路径,GP 源内重加权,0,16,nan,1.3684409854347785e-08
0,81001,0,不使用 GP 产生的状态,250,历史重启阶段最优路径,来源内均匀沉积,0,16,nan,0.0
0,81001,1,不使用 GP 产生的状态,250,历史重启阶段最优路径,来源内均匀沉积,0,16,nan,0.0
0,81001,2,不使用 GP 产生的状态,250,历史重启阶段最优路径,来源内均匀沉积,0,16,nan,0.0
0,81001,3,不使用 GP 产生的状态,250,历史重启阶段最优路径,来源内均匀沉积,0,16,nan,0.0
0,81001,4,不使用 GP 产生的状态,250,历史重启阶段最优路径,来源内均匀沉积,0,16,nan,0.0
0,81001,5,不使用 GP 产生的状态,250,历史重启阶段最优路径,来源内均匀沉积,0,16,nan,0.0
0,81001,6,不使用 GP 产生的状态,250,历史重启阶段最优路径,来源内均匀沉积,0,16,nan,0.0
0,81001,7,不使用 GP 产生的状态,250,历史重启阶段最优路径,来源内均匀沉积,0,16,nan,0.0
0,81001,0,不使用 GP 产生的状态,250,历史全局最优路径,来源内均匀沉积,0,16,nan,0.0
0,81001,1,不使用 GP 产生的状态,250,历史全局最优路径,来源内均匀沉积,0,16,nan,0.0
0,81001,2,不使用 GP 产生的状态,250,历史全局最优路径,来源内均匀沉积,0,16,nan,0.0
0,81001,3,不使用 GP 产生的状态,250,历史全局最优路径,来源内均匀沉积,0,16,nan,0.0
0,81001,4,不使用 GP 产生的状态,250,历史全局最优路径,来源内均匀沉积,0,16,nan,0.0
0,81001,5,不使用 GP 产生的状态,250,历史全局最优路径,来源内均匀沉积,0,16,nan,0.0
0,81001,6,不使用 GP 产生的状态,250,历史全局最优路径,来源内均匀沉积,0,16,nan,0.0
0,81001,7,不使用 GP 产生的状态,250,历史全局最优路径,来源内均匀沉积,0,16,nan,0.0
0,81001,0,不使用 GP 产生的状态,250,历史重启阶段最优路径,GP 源内重加权,0,16,nan,0.0
0,81001,1,不使用 GP 产生的状态,250,历史重启阶段最优路径,GP 源内重加权,0,16,nan,0.0
0,81001,2,不使用 GP 产生的状态,250,历史重启阶段最优路径,GP 源内重加权,0,16,nan,5.11302040422653e-10
0,81001,3,不使用 GP 产生的状态,250,历史重启阶段最优路径,GP 源内重加权,0,16,nan,1.4483425863504288e-09
0,81001,4,不使用 GP 产生的状态,250,历史重启阶段最优路径,GP 源内重加权,0,16,nan,1.4848777267393202e-10
0,81001,5,不使用 GP 产生的状态,250,历史重启阶段最优路径,GP 源内重加权,0,16,nan,1.3021817766294899e-10
0,81001,6,不使用 GP 产生的状态,250,历史重启阶段最优路径,GP 源内重加权,0,16,nan,0.0
0,81001,7,不使用 GP 产生的状态,250,历史重启阶段最优路径,GP 源内重加权,0,16,nan,6.920700418910265e-10
0,81001,0,不使用 GP 产生的状态,250,历史全局最优路径,GP 源内重加权,0,16,nan,0.0
0,81001,1,不使用 GP 产生的状态,250,历史全局最优路径,GP 源内重加权,0,16,nan,0.0
0,81001,2,不使用 GP 产生的状态,250,历史全局最优路径,GP 源内重加权,0,16,nan,5.11302040422653e-10
0,81001,3,不使用 GP 产生的状态,250,历史全局最优路径,GP 源内重加权,0,16,nan,1.4483425863504288e-09
0,81001,4,不使用 GP 产生的状态,250,历史全局最优路径,GP 源内重加权,0,16,nan,1.4848777267393202e-10
0,81001,5,不使用 GP 产生的状态,250,历史全局最优路径,GP 源内重加权,0,16,nan,1.3021817766294899e-10
0,81001,6,不使用 GP 产生的状态,250,历史全局最优路径,GP 源内重加权,0,16,nan,0.0
0,81001,7,不使用 GP 产生的状态,250,历史全局最优路径,GP 源内重加权,0,16,nan,6.920700418910265e-10
0,81002,0,不使用 GP 产生的状态,250,历史重启阶段最优路径,来源内均匀沉积,0,16,nan,0.0
0,81002,1,不使用 GP 产生的状态,250,历史重启阶段最优路径,来源内均匀沉积,0,16,nan,0.0
0,81002,2,不使用 GP 产生的状态,250,历史重启阶段最优路径,来源内均匀沉积,0,16,nan,0.0
0,81002,3,不使用 GP 产生的状态,250,历史重启阶段最优路径,来源内均匀沉积,0,16,nan,0.0
0,81002,4,不使用 GP 产生的状态,250,历史重启阶段最优路径,来源内均匀沉积,0,16,nan,0.0
0,81002,5,不使用 GP 产生的状态,250,历史重启阶段最优路径,来源内均匀沉积,0,16,nan,0.0
0,81002,6,不使用 GP 产生的状态,250,历史重启阶段最优路径,来源内均匀沉积,0,16,nan,0.0
0,81002,7,不使用 GP 产生的状态,250,历史重启阶段最优路径,来源内均匀沉积,0,16,nan,0.0
0,81002,0,不使用 GP 产生的状态,250,历史全局最优路径,来源内均匀沉积,0,16,nan,0.0
0,81002,1,不使用 GP 产生的状态,250,历史全局最优路径,来源内均匀沉积,0,16,nan,0.0
0,81002,2,不使用 GP 产生的状态,250,历史全局最优路径,来源内均匀沉积,0,16,nan,0.0
0,81002,3,不使用 GP 产生的状态,250,历史全局最优路径,来源内均匀沉积,0,16,nan,0.0
0,81002,4,不使用 GP 产生的状态,250,历史全局最优路径,来源内均匀沉积,0,16,nan,0.0
0,81002,5,不使用 GP 产生的状态,250,历史全局最优路径,来源内均匀沉积,0,16,nan,0.0
0,81002,6,不使用 GP 产生的状态,250,历史全局最优路径,来源内均匀沉积,0,16,nan,0.0
0,81002,7,不使用 GP 产生的状态,250,历史全局最优路径,来源内均匀沉积,0,16,nan,0.0
0,81002,0,不使用 GP 产生的状态,250,历史重启阶段最优路径,GP 源内重加权,0,16,nan,0.0
0,81002,1,不使用 GP 产生的状态,250,历史重启阶段最优路径,GP 源内重加权,0,16,nan,4.103215848674847e-09
0,81002,2,不使用 GP 产生的状态,250,历史重启阶段最优路径,GP 源内重加权,0,16,nan,1.9986482296652566e-09
0,81002,3,不使用 GP 产生的状态,250,历史重启阶段最优路径,GP 源内重加权,0,16,nan,2.8794212914981607e-08
0,81002,4,不使用 GP 产生的状态,250,历史重启阶段最优路径,GP 源内重加权,0,16,nan,1.9750010712314406e-09
0,81002,5,不使用 GP 产生的状态,250,历史重启阶段最优路径,GP 源内重加权,0,16,nan,3.991581618626161e-10
0,81002,6,不使用 GP 产生的状态,250,历史重启阶段最优路径,GP 源内重加权,0,16,nan,0.0
0,81002,7,不使用 GP 产生的状态,250,历史重启阶段最优路径,GP 源内重加权,0,16,nan,4.727629731895439e-08
0,81002,0,不使用 GP 产生的状态,250,历史全局最优路径,GP 源内重加权,0,16,nan,0.0
0,81002,1,不使用 GP 产生的状态,250,历史全局最优路径,GP 源内重加权,0,16,nan,4.103215848674847e-09
0,81002,2,不使用 GP 产生的状态,250,历史全局最优路径,GP 源内重加权,0,16,nan,1.9986482296652566e-09
0,81002,3,不使用 GP 产生的状态,250,历史全局最优路径,GP 源内重加权,0,16,nan,2.8794212914981607e-08
0,81002,4,不使用 GP 产生的状态,250,历史全局最优路径,GP 源内重加权,0,16,nan,1.9750010712314406e-09
0,81002,5,不使用 GP 产生的状态,250,历史全局最优路径,GP 源内重加权,0,16,nan,3.991581618626161e-10
0,81002,6,不使用 GP 产生的状态,250,历史全局最优路径,GP 源内重加权,0,16,nan,0.0
0,81002,7,不使用 GP 产生的状态,250,历史全局最优路径,GP 源内重加权,0,16,nan,4.727629731895439e-08
0,81001,0,GP 表达式自身产生的状态,250,历史重启阶段最优路径,来源内均匀沉积,0,16,nan,0.0
0,81001,1,GP 表达式自身产生的状态,250,历史重启阶段最优路径,来源内均匀沉积,0,16,nan,0.0
0,81001,2,GP 表达式自身产生的状态,250,历史重启阶段最优路径,来源内均匀沉积,0,16,nan,0.0
0,81001,3,GP 表达式自身产生的状态,250,历史重启阶段最优路径,来源内均匀沉积,0,16,nan,0.0
0,81001,4,GP 表达式自身产生的状态,250,历史重启阶段最优路径,来源内均匀沉积,0,16,nan,0.0
0,81001,5,GP 表达式自身产生的状态,250,历史重启阶段最优路径,来源内均匀沉积,0,16,nan,0.0
0,81001,6,GP 表达式自身产生的状态,250,历史重启阶段最优路径,来源内均匀沉积,0,16,nan,0.0
0,81001,7,GP 表达式自身产生的状态,250,历史重启阶段最优路径,来源内均匀沉积,0,16,nan,0.0
0,81001,0,GP 表达式自身产生的状态,250,历史全局最优路径,来源内均匀沉积,0,16,nan,0.0
0,81001,1,GP 表达式自身产生的状态,250,历史全局最优路径,来源内均匀沉积,0,16,nan,0.0
0,81001,2,GP 表达式自身产生的状态,250,历史全局最优路径,来源内均匀沉积,0,16,nan,0.0
0,81001,3,GP 表达式自身产生的状态,250,历史全局最优路径,来源内均匀沉积,0,16,nan,0.0
0,81001,4,GP 表达式自身产生的状态,250,历史全局最优路径,来源内均匀沉积,0,16,nan,0.0
0,81001,5,GP 表达式自身产生的状态,250,历史全局最优路径,来源内均匀沉积,0,16,nan,0.0
0,81001,6,GP 表达式自身产生的状态,250,历史全局最优路径,来源内均匀沉积,0,16,nan,0.0
0,81001,7,GP 表达式自身产生的状态,250,历史全局最优路径,来源内均匀沉积,0,16,nan,0.0
0,81001,0,GP 表达式自身产生的状态,250,历史重启阶段最优路径,GP 源内重加权,0,16,nan,3.9272171830120923e-07
0,81001,1,GP 表达式自身产生的状态,250,历史重启阶段最优路径,GP 源内重加权,0,16,nan,7.5620162868241e-10
0,81001,2,GP 表达式自身产生的状态,250,历史重启阶段最优路径,GP 源内重加权,0,16,nan,0.0
0,81001,3,GP 表达式自身产生的状态,250,历史重启阶段最优路径,GP 源内重加权,0,16,nan,0.0
0,81001,4,GP 表达式自身产生的状态,250,历史重启阶段最优路径,GP 源内重加权,0,16,nan,0.0
0,81001,5,GP 表达式自身产生的状态,250,历史重启阶段最优路径,GP 源内重加权,0,16,nan,8.865948622627547e-11
0,81001,6,GP 表达式自身产生的状态,250,历史重启阶段最优路径,GP 源内重加权,0,16,nan,2.6961353734884047e-09
0,81001,7,GP 表达式自身产生的状态,250,历史重启阶段最优路径,GP 源内重加权,0,16,nan,0.0
0,81001,0,GP 表达式自身产生的状态,250,历史全局最优路径,GP 源内重加权,0,16,nan,3.9272171830120923e-07
0,81001,1,GP 表达式自身产生的状态,250,历史全局最优路径,GP 源内重加权,0,16,nan,7.5620162868241e-10
0,81001,2,GP 表达式自身产生的状态,250,历史全局最优路径,GP 源内重加权,0,16,nan,0.0
0,81001,3,GP 表达式自身产生的状态,250,历史全局最优路径,GP 源内重加权,0,16,nan,0.0
0,81001,4,GP 表达式自身产生的状态,250,历史全局最优路径,GP 源内重加权,0,16,nan,0.0
0,81001,5,GP 表达式自身产生的状态,250,历史全局最优路径,GP 源内重加权,0,16,nan,8.865948622627547e-11
0,81001,6,GP 表达式自身产生的状态,250,历史全局最优路径,GP 源内重加权,0,16,nan,2.6961353734884047e-09
0,81001,7,GP 表达式自身产生的状态,250,历史全局最优路径,GP 源内重加权,0,16,nan,0.0
0,81002,0,GP 表达式自身产生的状态,250,历史重启阶段最优路径,来源内均匀沉积,0,16,nan,0.0
0,81002,1,GP 表达式自身产生的状态,250,历史重启阶段最优路径,来源内均匀沉积,0,16,nan,0.0
0,81002,2,GP 表达式自身产生的状态,250,历史重启阶段最优路径,来源内均匀沉积,0,16,nan,0.0
0,81002,3,GP 表达式自身产生的状态,250,历史重启阶段最优路径,来源内均匀沉积,0,16,nan,0.0
0,81002,4,GP 表达式自身产生的状态,250,历史重启阶段最优路径,来源内均匀沉积,0,16,nan,0.0
0,81002,5,GP 表达式自身产生的状态,250,历史重启阶段最优路径,来源内均匀沉积,0,16,nan,0.0
0,81002,6,GP 表达式自身产生的状态,250,历史重启阶段最优路径,来源内均匀沉积,0,16,nan,0.0
0,81002,7,GP 表达式自身产生的状态,250,历史重启阶段最优路径,来源内均匀沉积,0,16,nan,0.0
0,81002,0,GP 表达式自身产生的状态,250,历史全局最优路径,来源内均匀沉积,0,16,nan,0.0
0,81002,1,GP 表达式自身产生的状态,250,历史全局最优路径,来源内均匀沉积,0,16,nan,0.0
0,81002,2,GP 表达式自身产生的状态,250,历史全局最优路径,来源内均匀沉积,0,16,nan,0.0
0,81002,3,GP 表达式自身产生的状态,250,历史全局最优路径,来源内均匀沉积,0,16,nan,0.0
0,81002,4,GP 表达式自身产生的状态,250,历史全局最优路径,来源内均匀沉积,0,16,nan,0.0
0,81002,5,GP 表达式自身产生的状态,250,历史全局最优路径,来源内均匀沉积,0,16,nan,0.0
0,81002,6,GP 表达式自身产生的状态,250,历史全局最优路径,来源内均匀沉积,0,16,nan,0.0
0,81002,7,GP 表达式自身产生的状态,250,历史全局最优路径,来源内均匀沉积,0,16,nan,0.0
0,81002,0,GP 表达式自身产生的状态,250,历史重启阶段最优路径,GP 源内重加权,0,16,nan,3.466645118286781e-10
0,81002,1,GP 表达式自身产生的状态,250,历史重启阶段最优路径,GP 源内重加权,0,16,nan,3.6024674038239185e-09
0,81002,2,GP 表达式自身产生的状态,250,历史重启阶段最优路径,GP 源内重加权,0,16,nan,3.696684432754362e-06
0,81002,3,GP 表达式自身产生的状态,250,历史重启阶段最优路径,GP 源内重加权,0,16,nan,1.521687016322183e-08
0,81002,4,GP 表达式自身产生的状态,250,历史重启阶段最优路径,GP 源内重加权,0,16,nan,4.998174144197988e-11
0,81002,5,GP 表达式自身产生的状态,250,历史重启阶段最优路径,GP 源内重加权,0,16,nan,2.026498580560433e-09
0,81002,6,GP 表达式自身产生的状态,250,历史重启阶段最优路径,GP 源内重加权,0,16,nan,6.1291158551823125e-09
0,81002,7,GP 表达式自身产生的状态,250,历史重启阶段最优路径,GP 源内重加权,0,16,nan,1.7371305321105239e-09
0,81002,0,GP 表达式自身产生的状态,250,历史全局最优路径,GP 源内重加权,0,16,nan,3.466645118286781e-10
0,81002,1,GP 表达式自身产生的状态,250,历史全局最优路径,GP 源内重加权,0,16,nan,3.6024674038239185e-09
0,81002,2,GP 表达式自身产生的状态,250,历史全局最优路径,GP 源内重加权,0,16,nan,3.696684432754362e-06
0,81002,3,GP 表达式自身产生的状态,250,历史全局最优路径,GP 源内重加权,0,16,nan,1.521687016322183e-08
0,81002,4,GP 表达式自身产生的状态,250,历史全局最优路径,GP 源内重加权,0,16,nan,4.998174144197988e-11
0,81002,5,GP 表达式自身产生的状态,250,历史全局最优路径,GP 源内重加权,0,16,nan,2.026498580560433e-09
0,81002,6,GP 表达式自身产生的状态,250,历史全局最优路径,GP 源内重加权,0,16,nan,6.1291158551823125e-09
0,81002,7,GP 表达式自身产生的状态,250,历史全局最优路径,GP 源内重加权,0,16,nan,1.7371305321105239e-09
0,81003,0,GP 表达式自身产生的状态,250,历史重启阶段最优路径,来源内均匀沉积,0,16,nan,0.0
0,81003,1,GP 表达式自身产生的状态,250,历史重启阶段最优路径,来源内均匀沉积,0,16,nan,0.0
0,81003,2,GP 表达式自身产生的状态,250,历史重启阶段最优路径,来源内均匀沉积,0,16,nan,0.0
0,81003,3,GP 表达式自身产生的状态,250,历史重启阶段最优路径,来源内均匀沉积,0,16,nan,6.354558217453492e-10
0,81003,4,GP 表达式自身产生的状态,250,历史重启阶段最优路径,来源内均匀沉积,0,16,nan,0.0
0,81003,5,GP 表达式自身产生的状态,250,历史重启阶段最优路径,来源内均匀沉积,0,16,nan,0.0
0,81003,6,GP 表达式自身产生的状态,250,历史重启阶段最优路径,来源内均匀沉积,0,16,nan,0.0
0,81003,7,GP 表达式自身产生的状态,250,历史重启阶段最优路径,来源内均匀沉积,0,16,nan,0.0
0,81003,0,GP 表达式自身产生的状态,250,历史全局最优路径,来源内均匀沉积,0,16,nan,0.0
0,81003,1,GP 表达式自身产生的状态,250,历史全局最优路径,来源内均匀沉积,0,16,nan,0.0
0,81003,2,GP 表达式自身产生的状态,250,历史全局最优路径,来源内均匀沉积,0,16,nan,0.0
0,81003,3,GP 表达式自身产生的状态,250,历史全局最优路径,来源内均匀沉积,0,16,nan,6.354558217453492e-10
0,81003,4,GP 表达式自身产生的状态,250,历史全局最优路径,来源内均匀沉积,0,16,nan,0.0
0,81003,5,GP 表达式自身产生的状态,250,历史全局最优路径,来源内均匀沉积,0,16,nan,0.0
0,81003,6,GP 表达式自身产生的状态,250,历史全局最优路径,来源内均匀沉积,0,16,nan,0.0
0,81003,7,GP 表达式自身产生的状态,250,历史全局最优路径,来源内均匀沉积,0,16,nan,0.0
0,81003,0,GP 表达式自身产生的状态,250,历史重启阶段最优路径,GP 源内重加权,0,16,nan,1.4133036657309908e-09
0,81003,1,GP 表达式自身产生的状态,250,历史重启阶段最优路径,GP 源内重加权,0,16,nan,1.3144306411847562e-09
0,81003,2,GP 表达式自身产生的状态,250,历史重启阶段最优路径,GP 源内重加权,0,16,nan,4.292663264627988e-10
0,81003,3,GP 表达式自身产生的状态,250,历史重启阶段最优路径,GP 源内重加权,0,16,nan,1.9824673856507367e-09
0,81003,4,GP 表达式自身产生的状态,250,历史重启阶段最优路径,GP 源内重加权,0,16,nan,2.911505652617006e-10
0,81003,5,GP 表达式自身产生的状态,250,历史重启阶段最优路径,GP 源内重加权,0,16,nan,2.050552599911865e-09
0,81003,6,GP 表达式自身产生的状态,250,历史重启阶段最优路径,GP 源内重加权,0,16,nan,2.260962642485784e-09
0,81003,7,GP 表达式自身产生的状态,250,历史重启阶段最优路径,GP 源内重加权,0,16,nan,7.522415314008695e-11
0,81003,0,GP 表达式自身产生的状态,250,历史全局最优路径,GP 源内重加权,0,16,nan,1.4133036657309908e-09
0,81003,1,GP 表达式自身产生的状态,250,历史全局最优路径,GP 源内重加权,0,16,nan,1.3144306411847562e-09
0,81003,2,GP 表达式自身产生的状态,250,历史全局最优路径,GP 源内重加权,0,16,nan,4.292663264627988e-10
0,81003,3,GP 表达式自身产生的状态,250,历史全局最优路径,GP 源内重加权,0,16,nan,1.9824673856507367e-09
0,81003,4,GP 表达式自身产生的状态,250,历史全局最优路径,GP 源内重加权,0,16,nan,2.911505652617006e-10
0,81003,5,GP 表达式自身产生的状态,250,历史全局最优路径,GP 源内重加权,0,16,nan,2.050552599911865e-09
0,81003,6,GP 表达式自身产生的状态,250,历史全局最优路径,GP 源内重加权,0,16,nan,2.260962642485784e-09
0,81003,7,GP 表达式自身产生的状态,250,历史全局最优路径,GP 源内重加权,0,16,nan,7.522415314008695e-11
0,81002,0,不使用 GP 产生的状态,500,历史重启阶段最优路径,来源内均匀沉积,0,16,nan,0.0
0,81002,1,不使用 GP 产生的状态,500,历史重启阶段最优路径,来源内均匀沉积,0,16,nan,0.0
0,81002,2,不使用 GP 产生的状态,500,历史重启阶段最优路径,来源内均匀沉积,0,16,nan,0.0
0,81002,3,不使用 GP 产生的状态,500,历史重启阶段最优路径,来源内均匀沉积,0,16,nan,0.0
0,81002,4,不使用 GP 产生的状态,500,历史重启阶段最优路径,来源内均匀沉积,0,16,nan,0.0
0,81002,5,不使用 GP 产生的状态,500,历史重启阶段最优路径,来源内均匀沉积,0,16,nan,0.0
0,81002,6,不使用 GP 产生的状态,500,历史重启阶段最优路径,来源内均匀沉积,0,16,nan,0.0
0,81002,7,不使用 GP 产生的状态,500,历史重启阶段最优路径,来源内均匀沉积,0,16,nan,0.0
0,81002,0,不使用 GP 产生的状态,500,历史全局最优路径,来源内均匀沉积,0,16,nan,0.0
0,81002,1,不使用 GP 产生的状态,500,历史全局最优路径,来源内均匀沉积,0,16,nan,0.0
0,81002,2,不使用 GP 产生的状态,500,历史全局最优路径,来源内均匀沉积,0,16,nan,0.0
0,81002,3,不使用 GP 产生的状态,500,历史全局最优路径,来源内均匀沉积,0,16,nan,0.0
0,81002,4,不使用 GP 产生的状态,500,历史全局最优路径,来源内均匀沉积,0,16,nan,0.0
0,81002,5,不使用 GP 产生的状态,500,历史全局最优路径,来源内均匀沉积,0,16,nan,0.0
0,81002,6,不使用 GP 产生的状态,500,历史全局最优路径,来源内均匀沉积,0,16,nan,0.0
0,81002,7,不使用 GP 产生的状态,500,历史全局最优路径,来源内均匀沉积,0,16,nan,0.0
0,81002,0,不使用 GP 产生的状态,500,历史重启阶段最优路径,GP 源内重加权,0,16,nan,3.011929932703103e-07
0,81002,1,不使用 GP 产生的状态,500,历史重启阶段最优路径,GP 源内重加权,0,16,nan,4.355176640449353e-06
0,81002,2,不使用 GP 产生的状态,500,历史重启阶段最优路径,GP 源内重加权,0,16,nan,1.4828987958090366e-07
0,81002,3,不使用 GP 产生的状态,500,历史重启阶段最优路径,GP 源内重加权,0,16,nan,2.2670156281222076e-08
0,81002,4,不使用 GP 产生的状态,500,历史重启阶段最优路径,GP 源内重加权,0,16,nan,0.0
0,81002,5,不使用 GP 产生的状态,500,历史重启阶段最优路径,GP 源内重加权,0,16,nan,4.294744632972218e-06
0,81002,6,不使用 GP 产生的状态,500,历史重启阶段最优路径,GP 源内重加权,0,16,nan,9.710835753975395e-08
0,81002,7,不使用 GP 产生的状态,500,历史重启阶段最优路径,GP 源内重加权,0,16,nan,3.855116979022109e-09
0,81002,0,不使用 GP 产生的状态,500,历史全局最优路径,GP 源内重加权,0,16,nan,3.011929932703103e-07
0,81002,1,不使用 GP 产生的状态,500,历史全局最优路径,GP 源内重加权,0,16,nan,4.355176640449353e-06
0,81002,2,不使用 GP 产生的状态,500,历史全局最优路径,GP 源内重加权,0,16,nan,1.4828987958090366e-07
0,81002,3,不使用 GP 产生的状态,500,历史全局最优路径,GP 源内重加权,0,16,nan,2.2670156281222076e-08
0,81002,4,不使用 GP 产生的状态,500,历史全局最优路径,GP 源内重加权,0,16,nan,0.0
0,81002,5,不使用 GP 产生的状态,500,历史全局最优路径,GP 源内重加权,0,16,nan,4.294744632972218e-06
0,81002,6,不使用 GP 产生的状态,500,历史全局最优路径,GP 源内重加权,0,16,nan,9.710835753975395e-08
0,81002,7,不使用 GP 产生的状态,500,历史全局最优路径,GP 源内重加权,0,16,nan,3.855116979022109e-09
0,81003,0,不使用 GP 产生的状态,500,历史重启阶段最优路径,来源内均匀沉积,0,16,nan,0.0
0,81003,1,不使用 GP 产生的状态,500,历史重启阶段最优路径,来源内均匀沉积,0,16,nan,0.0
0,81003,2,不使用 GP 产生的状态,500,历史重启阶段最优路径,来源内均匀沉积,0,16,nan,0.0
0,81003,3,不使用 GP 产生的状态,500,历史重启阶段最优路径,来源内均匀沉积,0,16,nan,0.0
0,81003,4,不使用 GP 产生的状态,500,历史重启阶段最优路径,来源内均匀沉积,0,16,nan,0.0
0,81003,5,不使用 GP 产生的状态,500,历史重启阶段最优路径,来源内均匀沉积,0,16,nan,0.0
0,81003,6,不使用 GP 产生的状态,500,历史重启阶段最优路径,来源内均匀沉积,0,16,nan,0.0
0,81003,7,不使用 GP 产生的状态,500,历史重启阶段最优路径,来源内均匀沉积,0,16,nan,0.0
0,81003,0,不使用 GP 产生的状态,500,历史全局最优路径,来源内均匀沉积,0,16,nan,0.0
0,81003,1,不使用 GP 产生的状态,500,历史全局最优路径,来源内均匀沉积,0,16,nan,0.0
0,81003,2,不使用 GP 产生的状态,500,历史全局最优路径,来源内均匀沉积,0,16,nan,0.0
0,81003,3,不使用 GP 产生的状态,500,历史全局最优路径,来源内均匀沉积,0,16,nan,0.0
0,81003,4,不使用 GP 产生的状态,500,历史全局最优路径,来源内均匀沉积,0,16,nan,0.0
0,81003,5,不使用 GP 产生的状态,500,历史全局最优路径,来源内均匀沉积,0,16,nan,0.0
0,81003,6,不使用 GP 产生的状态,500,历史全局最优路径,来源内均匀沉积,0,16,nan,0.0
0,81003,7,不使用 GP 产生的状态,500,历史全局最优路径,来源内均匀沉积,0,16,nan,0.0
0,81003,0,不使用 GP 产生的状态,500,历史重启阶段最优路径,GP 源内重加权,0,16,nan,1.9588548130518095e-10
0,81003,1,不使用 GP 产生的状态,500,历史重启阶段最优路径,GP 源内重加权,0,16,nan,1.7017313852811396e-10
0,81003,2,不使用 GP 产生的状态,500,历史重启阶段最优路径,GP 源内重加权,0,16,nan,2.1318481287076754e-09
0,81003,3,不使用 GP 产生的状态,500,历史重启阶段最优路径,GP 源内重加权,0,16,nan,2.3831370528206267e-09
0,81003,4,不使用 GP 产生的状态,500,历史重启阶段最优路径,GP 源内重加权,0,16,nan,0.0
0,81003,5,不使用 GP 产生的状态,500,历史重启阶段最优路径,GP 源内重加权,0,16,nan,9.714261783427004e-10
0,81003,6,不使用 GP 产生的状态,500,历史重启阶段最优路径,GP 源内重加权,0,16,nan,1.7220802844279656e-09
0,81003,7,不使用 GP 产生的状态,500,历史重启阶段最优路径,GP 源内重加权,0,16,nan,1.5179896960520116e-09
0,81003,0,不使用 GP 产生的状态,500,历史全局最优路径,GP 源内重加权,0,16,nan,1.9588548130518095e-10
0,81003,1,不使用 GP 产生的状态,500,历史全局最优路径,GP 源内重加权,0,16,nan,1.7017313852811396e-10
0,81003,2,不使用 GP 产生的状态,500,历史全局最优路径,GP 源内重加权,0,16,nan,2.1318481287076754e-09
0,81003,3,不使用 GP 产生的状态,500,历史全局最优路径,GP 源内重加权,0,16,nan,2.3831370528206267e-09
0,81003,4,不使用 GP 产生的状态,500,历史全局最优路径,GP 源内重加权,0,16,nan,0.0
0,81003,5,不使用 GP 产生的状态,500,历史全局最优路径,GP 源内重加权,0,16,nan,9.714261783427004e-10
0,81003,6,不使用 GP 产生的状态,500,历史全局最优路径,GP 源内重加权,0,16,nan,1.7220802844279656e-09
0,81003,7,不使用 GP 产生的状态,500,历史全局最优路径,GP 源内重加权,0,16,nan,1.5179896960520116e-09
0,81001,0,不使用 GP 产生的状态,500,历史重启阶段最优路径,来源内均匀沉积,0,16,nan,0.0
0,81001,1,不使用 GP 产生的状态,500,历史重启阶段最优路径,来源内均匀沉积,0,16,nan,0.0
0,81001,2,不使用 GP 产生的状态,500,历史重启阶段最优路径,来源内均匀沉积,0,16,nan,0.0
0,81001,3,不使用 GP 产生的状态,500,历史重启阶段最优路径,来源内均匀沉积,0,16,nan,0.0
0,81001,4,不使用 GP 产生的状态,500,历史重启阶段最优路径,来源内均匀沉积,0,16,nan,0.0
0,81001,5,不使用 GP 产生的状态,500,历史重启阶段最优路径,来源内均匀沉积,0,16,nan,0.0
0,81001,6,不使用 GP 产生的状态,500,历史重启阶段最优路径,来源内均匀沉积,0,16,nan,0.0
0,81001,7,不使用 GP 产生的状态,500,历史重启阶段最优路径,来源内均匀沉积,0,16,nan,0.0
0,81001,0,不使用 GP 产生的状态,500,历史全局最优路径,来源内均匀沉积,0,16,nan,0.0
0,81001,1,不使用 GP 产生的状态,500,历史全局最优路径,来源内均匀沉积,0,16,nan,0.0
0,81001,2,不使用 GP 产生的状态,500,历史全局最优路径,来源内均匀沉积,0,16,nan,0.0
0,81001,3,不使用 GP 产生的状态,500,历史全局最优路径,来源内均匀沉积,0,16,nan,0.0
0,81001,4,不使用 GP 产生的状态,500,历史全局最优路径,来源内均匀沉积,0,16,nan,0.0
0,81001,5,不使用 GP 产生的状态,500,历史全局最优路径,来源内均匀沉积,0,16,nan,0.0
0,81001,6,不使用 GP 产生的状态,500,历史全局最优路径,来源内均匀沉积,0,16,nan,0.0
0,81001,7,不使用 GP 产生的状态,500,历史全局最优路径,来源内均匀沉积,0,16,nan,0.0
0,81001,0,不使用 GP 产生的状态,500,历史重启阶段最优路径,GP 源内重加权,0,16,nan,1.9585332989670794e-10
0,81001,1,不使用 GP 产生的状态,500,历史重启阶段最优路径,GP 源内重加权,0,16,nan,0.0
0,81001,2,不使用 GP 产生的状态,500,历史重启阶段最优路径,GP 源内重加权,0,16,nan,2.2815717354695023e-10
0,81001,3,不使用 GP 产生的状态,500,历史重启阶段最优路径,GP 源内重加权,0,16,nan,0.0
0,81001,4,不使用 GP 产生的状态,500,历史重启阶段最优路径,GP 源内重加权,0,16,nan,0.0
0,81001,5,不使用 GP 产生的状态,500,历史重启阶段最优路径,GP 源内重加权,0,16,nan,6.8008633108997e-10
0,81001,6,不使用 GP 产生的状态,500,历史重启阶段最优路径,GP 源内重加权,0,16,nan,0.0
0,81001,7,不使用 GP 产生的状态,500,历史重启阶段最优路径,GP 源内重加权,0,16,nan,0.0
0,81001,0,不使用 GP 产生的状态,500,历史全局最优路径,GP 源内重加权,0,16,nan,1.9585332989670794e-10
0,81001,1,不使用 GP 产生的状态,500,历史全局最优路径,GP 源内重加权,0,16,nan,0.0
0,81001,2,不使用 GP 产生的状态,500,历史全局最优路径,GP 源内重加权,0,16,nan,2.2815717354695023e-10
0,81001,3,不使用 GP 产生的状态,500,历史全局最优路径,GP 源内重加权,0,16,nan,0.0
0,81001,4,不使用 GP 产生的状态,500,历史全局最优路径,GP 源内重加权,0,16,nan,0.0
0,81001,5,不使用 GP 产生的状态,500,历史全局最优路径,GP 源内重加权,0,16,nan,6.8008633108997e-10
0,81001,6,不使用 GP 产生的状态,500,历史全局最优路径,GP 源内重加权,0,16,nan,0.0
0,81001,7,不使用 GP 产生的状态,500,历史全局最优路径,GP 源内重加权,0,16,nan,0.0
0,81001,0,GP 表达式自身产生的状态,500,历史重启阶段最优路径,来源内均匀沉积,0,16,nan,0.0
0,81001,1,GP 表达式自身产生的状态,500,历史重启阶段最优路径,来源内均匀沉积,0,16,nan,0.0
0,81001,2,GP 表达式自身产生的状态,500,历史重启阶段最优路径,来源内均匀沉积,0,16,nan,0.0
0,81001,3,GP 表达式自身产生的状态,500,历史重启阶段最优路径,来源内均匀沉积,0,16,nan,0.0
0,81001,4,GP 表达式自身产生的状态,500,历史重启阶段最优路径,来源内均匀沉积,0,16,nan,0.0
0,81001,5,GP 表达式自身产生的状态,500,历史重启阶段最优路径,来源内均匀沉积,0,16,nan,0.0
0,81001,6,GP 表达式自身产生的状态,500,历史重启阶段最优路径,来源内均匀沉积,0,16,nan,0.0
0,81001,7,GP 表达式自身产生的状态,500,历史重启阶段最优路径,来源内均匀沉积,0,16,nan,0.0
0,81001,0,GP 表达式自身产生的状态,500,历史全局最优路径,来源内均匀沉积,0,16,nan,0.0
0,81001,1,GP 表达式自身产生的状态,500,历史全局最优路径,来源内均匀沉积,0,16,nan,0.0
0,81001,2,GP 表达式自身产生的状态,500,历史全局最优路径,来源内均匀沉积,0,16,nan,0.0
0,81001,3,GP 表达式自身产生的状态,500,历史全局最优路径,来源内均匀沉积,0,16,nan,0.0
0,81001,4,GP 表达式自身产生的状态,500,历史全局最优路径,来源内均匀沉积,0,16,nan,0.0
0,81001,5,GP 表达式自身产生的状态,500,历史全局最优路径,来源内均匀沉积,0,16,nan,0.0
0,81001,6,GP 表达式自身产生的状态,500,历史全局最优路径,来源内均匀沉积,0,16,nan,0.0
0,81001,7,GP 表达式自身产生的状态,500,历史全局最优路径,来源内均匀沉积,0,16,nan,0.0
0,81001,0,GP 表达式自身产生的状态,500,历史重启阶段最优路径,GP 源内重加权,0,16,nan,2.187169213989503e-09
0,81001,1,GP 表达式自身产生的状态,500,历史重启阶段最优路径,GP 源内重加权,0,16,nan,2.4713344498320833e-10
0,81001,2,GP 表达式自身产生的状态,500,历史重启阶段最优路径,GP 源内重加权,0,16,nan,0.0
0,81001,3,GP 表达式自身产生的状态,500,历史重启阶段最优路径,GP 源内重加权,0,16,nan,2.0593329111241638e-10
0,81001,4,GP 表达式自身产生的状态,500,历史重启阶段最优路径,GP 源内重加权,0,16,nan,0.0
0,81001,5,GP 表达式自身产生的状态,500,历史重启阶段最优路径,GP 源内重加权,0,16,nan,4.02330564725172e-09
0,81001,6,GP 表达式自身产生的状态,500,历史重启阶段最优路径,GP 源内重加权,0,16,nan,7.507213550891734e-10
0,81001,7,GP 表达式自身产生的状态,500,历史重启阶段最优路径,GP 源内重加权,0,16,nan,1.5625722117041009e-09
0,81001,0,GP 表达式自身产生的状态,500,历史全局最优路径,GP 源内重加权,0,16,nan,2.187169213989503e-09
0,81001,1,GP 表达式自身产生的状态,500,历史全局最优路径,GP 源内重加权,0,16,nan,2.4713344498320833e-10
0,81001,2,GP 表达式自身产生的状态,500,历史全局最优路径,GP 源内重加权,0,16,nan,0.0
0,81001,3,GP 表达式自身产生的状态,500,历史全局最优路径,GP 源内重加权,0,16,nan,2.0593329111241638e-10
0,81001,4,GP 表达式自身产生的状态,500,历史全局最优路径,GP 源内重加权,0,16,nan,0.0
0,81001,5,GP 表达式自身产生的状态,500,历史全局最优路径,GP 源内重加权,0,16,nan,4.02330564725172e-09
0,81001,6,GP 表达式自身产生的状态,500,历史全局最优路径,GP 源内重加权,0,16,nan,7.507213550891734e-10
0,81001,7,GP 表达式自身产生的状态,500,历史全局最优路径,GP 源内重加权,0,16,nan,1.5625722117041009e-09
0,81002,0,GP 表达式自身产生的状态,500,历史重启阶段最优路径,来源内均匀沉积,0,16,nan,0.0
0,81002,1,GP 表达式自身产生的状态,500,历史重启阶段最优路径,来源内均匀沉积,0,16,nan,0.0
0,81002,2,GP 表达式自身产生的状态,500,历史重启阶段最优路径,来源内均匀沉积,0,16,nan,0.0
0,81002,3,GP 表达式自身产生的状态,500,历史重启阶段最优路径,来源内均匀沉积,0,16,nan,0.0
0,81002,4,GP 表达式自身产生的状态,500,历史重启阶段最优路径,来源内均匀沉积,0,16,nan,0.0
0,81002,5,GP 表达式自身产生的状态,500,历史重启阶段最优路径,来源内均匀沉积,0,16,nan,0.0
0,81002,6,GP 表达式自身产生的状态,500,历史重启阶段最优路径,来源内均匀沉积,0,16,nan,0.0
0,81002,7,GP 表达式自身产生的状态,500,历史重启阶段最优路径,来源内均匀沉积,0,16,nan,0.0
0,81002,0,GP 表达式自身产生的状态,500,历史全局最优路径,来源内均匀沉积,0,16,nan,0.0
0,81002,1,GP 表达式自身产生的状态,500,历史全局最优路径,来源内均匀沉积,0,16,nan,0.0
0,81002,2,GP 表达式自身产生的状态,500,历史全局最优路径,来源内均匀沉积,0,16,nan,0.0
0,81002,3,GP 表达式自身产生的状态,500,历史全局最优路径,来源内均匀沉积,0,16,nan,0.0
0,81002,4,GP 表达式自身产生的状态,500,历史全局最优路径,来源内均匀沉积,6,10,0.13508821274188887,0.0
0,81002,5,GP 表达式自身产生的状态,500,历史全局最优路径,来源内均匀沉积,0,16,nan,0.0
0,81002,6,GP 表达式自身产生的状态,500,历史全局最优路径,来源内均匀沉积,0,16,nan,0.0
0,81002,7,GP 表达式自身产生的状态,500,历史全局最优路径,来源内均匀沉积,0,16,nan,0.0
0,81002,0,GP 表达式自身产生的状态,500,历史重启阶段最优路径,GP 源内重加权,0,16,nan,0.0
0,81002,1,GP 表达式自身产生的状态,500,历史重启阶段最优路径,GP 源内重加权,0,16,nan,5.343728994860066e-09
0,81002,2,GP 表达式自身产生的状态,500,历史重启阶段最优路径,GP 源内重加权,0,16,nan,0.0
0,81002,3,GP 表达式自身产生的状态,500,历史重启阶段最优路径,GP 源内重加权,0,16,nan,1.231277355548497e-09
0,81002,4,GP 表达式自身产生的状态,500,历史重启阶段最优路径,GP 源内重加权,0,16,nan,6.1798869414723065e-09
0,81002,5,GP 表达式自身产生的状态,500,历史重启阶段最优路径,GP 源内重加权,0,16,nan,0.0
0,81002,6,GP 表达式自身产生的状态,500,历史重启阶段最优路径,GP 源内重加权,0,16,nan,0.0
0,81002,7,GP 表达式自身产生的状态,500,历史重启阶段最优路径,GP 源内重加权,0,16,nan,1.9254395909449798e-09
0,81002,0,GP 表达式自身产生的状态,500,历史全局最优路径,GP 源内重加权,0,16,nan,0.0
0,81002,1,GP 表达式自身产生的状态,500,历史全局最优路径,GP 源内重加权,0,16,nan,5.343728994860066e-09
0,81002,2,GP 表达式自身产生的状态,500,历史全局最优路径,GP 源内重加权,0,16,nan,0.0
0,81002,3,GP 表达式自身产生的状态,500,历史全局最优路径,GP 源内重加权,0,16,nan,1.231277355548497e-09
0,81002,4,GP 表达式自身产生的状态,500,历史全局最优路径,GP 源内重加权,6,10,0.09762145891468188,6.355888199736005e-06
0,81002,5,GP 表达式自身产生的状态,500,历史全局最优路径,GP 源内重加权,0,16,nan,0.0
0,81002,6,GP 表达式自身产生的状态,500,历史全局最优路径,GP 源内重加权,0,16,nan,0.0
0,81002,7,GP 表达式自身产生的状态,500,历史全局最优路径,GP 源内重加权,0,16,nan,1.9254395909449798e-09
0,81003,0,GP 表达式自身产生的状态,500,历史重启阶段最优路径,来源内均匀沉积,0,16,nan,0.0
0,81003,1,GP 表达式自身产生的状态,500,历史重启阶段最优路径,来源内均匀沉积,0,16,nan,0.0
0,81003,2,GP 表达式自身产生的状态,500,历史重启阶段最优路径,来源内均匀沉积,0,16,nan,0.0
0,81003,3,GP 表达式自身产生的状态,500,历史重启阶段最优路径,来源内均匀沉积,0,16,nan,0.0
0,81003,4,GP 表达式自身产生的状态,500,历史重启阶段最优路径,来源内均匀沉积,0,16,nan,0.0
0,81003,5,GP 表达式自身产生的状态,500,历史重启阶段最优路径,来源内均匀沉积,0,16,nan,0.0
0,81003,6,GP 表达式自身产生的状态,500,历史重启阶段最优路径,来源内均匀沉积,0,16,nan,0.0
0,81003,7,GP 表达式自身产生的状态,500,历史重启阶段最优路径,来源内均匀沉积,0,16,nan,0.0
0,81003,0,GP 表达式自身产生的状态,500,历史全局最优路径,来源内均匀沉积,0,16,nan,0.0
0,81003,1,GP 表达式自身产生的状态,500,历史全局最优路径,来源内均匀沉积,0,16,nan,0.0
0,81003,2,GP 表达式自身产生的状态,500,历史全局最优路径,来源内均匀沉积,0,16,nan,0.0
0,81003,3,GP 表达式自身产生的状态,500,历史全局最优路径,来源内均匀沉积,0,16,nan,0.0
0,81003,4,GP 表达式自身产生的状态,500,历史全局最优路径,来源内均匀沉积,0,16,nan,0.0
0,81003,5,GP 表达式自身产生的状态,500,历史全局最优路径,来源内均匀沉积,0,16,nan,0.0
0,81003,6,GP 表达式自身产生的状态,500,历史全局最优路径,来源内均匀沉积,0,16,nan,0.0
0,81003,7,GP 表达式自身产生的状态,500,历史全局最优路径,来源内均匀沉积,0,16,nan,0.0
0,81003,0,GP 表达式自身产生的状态,500,历史重启阶段最优路径,GP 源内重加权,0,16,nan,1.9130537455217187e-10
0,81003,1,GP 表达式自身产生的状态,500,历史重启阶段最优路径,GP 源内重加权,0,16,nan,3.90740122766248e-09
0,81003,2,GP 表达式自身产生的状态,500,历史重启阶段最优路径,GP 源内重加权,0,16,nan,2.771634159465813e-09
0,81003,3,GP 表达式自身产生的状态,500,历史重启阶段最优路径,GP 源内重加权,0,16,nan,1.7114587846086655e-09
0,81003,4,GP 表达式自身产生的状态,500,历史重启阶段最优路径,GP 源内重加权,0,16,nan,0.0
0,81003,5,GP 表达式自身产生的状态,500,历史重启阶段最优路径,GP 源内重加权,0,16,nan,5.293939158930127e-09
0,81003,6,GP 表达式自身产生的状态,500,历史重启阶段最优路径,GP 源内重加权,0,16,nan,4.966774395818885e-08
0,81003,7,GP 表达式自身产生的状态,500,历史重启阶段最优路径,GP 源内重加权,0,16,nan,6.24061258513055e-10
0,81003,0,GP 表达式自身产生的状态,500,历史全局最优路径,GP 源内重加权,0,16,nan,1.9130537455217187e-10
0,81003,1,GP 表达式自身产生的状态,500,历史全局最优路径,GP 源内重加权,0,16,nan,3.90740122766248e-09
0,81003,2,GP 表达式自身产生的状态,500,历史全局最优路径,GP 源内重加权,0,16,nan,2.771634159465813e-09
0,81003,3,GP 表达式自身产生的状态,500,历史全局最优路径,GP 源内重加权,0,16,nan,1.7114587846086655e-09
0,81003,4,GP 表达式自身产生的状态,500,历史全局最优路径,GP 源内重加权,0,16,nan,0.0
0,81003,5,GP 表达式自身产生的状态,500,历史全局最优路径,GP 源内重加权,0,16,nan,5.293939158930127e-09
0,81003,6,GP 表达式自身产生的状态,500,历史全局最优路径,GP 源内重加权,0,16,nan,4.966774395818885e-08
0,81003,7,GP 表达式自身产生的状态,500,历史全局最优路径,GP 源内重加权,0,16,nan,6.24061258513055e-10
0,81003,0,不使用 GP 产生的状态,1000,历史重启阶段最优路径,来源内均匀沉积,0,16,nan,0.0
0,81003,1,不使用 GP 产生的状态,1000,历史重启阶段最优路径,来源内均匀沉积,0,16,nan,0.0
0,81003,2,不使用 GP 产生的状态,1000,历史重启阶段最优路径,来源内均匀沉积,0,16,nan,0.0
0,81003,3,不使用 GP 产生的状态,1000,历史重启阶段最优路径,来源内均匀沉积,0,16,nan,0.0
0,81003,4,不使用 GP 产生的状态,1000,历史重启阶段最优路径,来源内均匀沉积,0,16,nan,0.0
0,81003,5,不使用 GP 产生的状态,1000,历史重启阶段最优路径,来源内均匀沉积,0,16,nan,0.0
0,81003,6,不使用 GP 产生的状态,1000,历史重启阶段最优路径,来源内均匀沉积,0,16,nan,0.0
0,81003,7,不使用 GP 产生的状态,1000,历史重启阶段最优路径,来源内均匀沉积,0,16,nan,0.0
0,81003,0,不使用 GP 产生的状态,1000,历史全局最优路径,来源内均匀沉积,0,16,nan,0.0
0,81003,1,不使用 GP 产生的状态,1000,历史全局最优路径,来源内均匀沉积,3,13,0.05605538143869604,0.0
0,81003,2,不使用 GP 产生的状态,1000,历史全局最优路径,来源内均匀沉积,0,16,nan,0.0
0,81003,3,不使用 GP 产生的状态,1000,历史全局最优路径,来源内均匀沉积,4,12,0.07596591944254863,1.9171740773702914e-11
0,81003,4,不使用 GP 产生的状态,1000,历史全局最优路径,来源内均匀沉积,0,16,nan,0.0
0,81003,5,不使用 GP 产生的状态,1000,历史全局最优路径,来源内均匀沉积,0,16,nan,0.0
0,81003,6,不使用 GP 产生的状态,1000,历史全局最优路径,来源内均匀沉积,1,15,0.10789106079546941,5.513449603898246e-10
0,81003,7,不使用 GP 产生的状态,1000,历史全局最优路径,来源内均匀沉积,4,12,0.17381911012091855,2.0524333899325502e-10
0,81003,0,不使用 GP 产生的状态,1000,历史重启阶段最优路径,GP 源内重加权,0,16,nan,1.9390684191314736e-09
0,81003,1,不使用 GP 产生的状态,1000,历史重启阶段最优路径,GP 源内重加权,0,16,nan,1.2586559821521434e-09
0,81003,2,不使用 GP 产生的状态,1000,历史重启阶段最优路径,GP 源内重加权,0,16,nan,1.2142274199547825e-09
0,81003,3,不使用 GP 产生的状态,1000,历史重启阶段最优路径,GP 源内重加权,0,16,nan,1.829902692218617e-09
0,81003,4,不使用 GP 产生的状态,1000,历史重启阶段最优路径,GP 源内重加权,0,16,nan,0.0
0,81003,5,不使用 GP 产生的状态,1000,历史重启阶段最优路径,GP 源内重加权,0,16,nan,1.0890055206862361e-08
0,81003,6,不使用 GP 产生的状态,1000,历史重启阶段最优路径,GP 源内重加权,0,16,nan,0.0
0,81003,7,不使用 GP 产生的状态,1000,历史重启阶段最优路径,GP 源内重加权,0,16,nan,4.44343691465151e-09
0,81003,0,不使用 GP 产生的状态,1000,历史全局最优路径,GP 源内重加权,0,16,nan,1.9390684191314736e-09
0,81003,1,不使用 GP 产生的状态,1000,历史全局最优路径,GP 源内重加权,3,13,0.04234078816270435,2.134937405091286e-05
0,81003,2,不使用 GP 产生的状态,1000,历史全局最优路径,GP 源内重加权,0,16,nan,1.2142274199547825e-09
0,81003,3,不使用 GP 产生的状态,1000,历史全局最优路径,GP 源内重加权,4,12,0.057840356005985444,1.6135848145726208e-05
0,81003,4,不使用 GP 产生的状态,1000,历史全局最优路径,GP 源内重加权,0,16,nan,3.3138546737164923e-09
0,81003,5,不使用 GP 产生的状态,1000,历史全局最优路径,GP 源内重加权,0,16,nan,1.0890055206862361e-08
0,81003,6,不使用 GP 产生的状态,1000,历史全局最优路径,GP 源内重加权,1,15,0.06980341467806625,2.3321943801002933e-05
0,81003,7,不使用 GP 产生的状态,1000,历史全局最优路径,GP 源内重加权,4,12,0.12904751569248976,3.058311827901588e-05
0,81001,0,不使用 GP 产生的状态,1000,历史重启阶段最优路径,来源内均匀沉积,0,16,nan,0.0
0,81001,1,不使用 GP 产生的状态,1000,历史重启阶段最优路径,来源内均匀沉积,0,16,nan,0.0
0,81001,2,不使用 GP 产生的状态,1000,历史重启阶段最优路径,来源内均匀沉积,0,16,nan,0.0
0,81001,3,不使用 GP 产生的状态,1000,历史重启阶段最优路径,来源内均匀沉积,0,16,nan,0.0
0,81001,4,不使用 GP 产生的状态,1000,历史重启阶段最优路径,来源内均匀沉积,0,16,nan,0.0
0,81001,5,不使用 GP 产生的状态,1000,历史重启阶段最优路径,来源内均匀沉积,0,16,nan,0.0
0,81001,6,不使用 GP 产生的状态,1000,历史重启阶段最优路径,来源内均匀沉积,0,16,nan,0.0
0,81001,7,不使用 GP 产生的状态,1000,历史重启阶段最优路径,来源内均匀沉积,0,16,nan,0.0
0,81001,0,不使用 GP 产生的状态,1000,历史全局最优路径,来源内均匀沉积,0,16,nan,0.0
0,81001,1,不使用 GP 产生的状态,1000,历史全局最优路径,来源内均匀沉积,3,13,0.05605538143869604,0.0
0,81001,2,不使用 GP 产生的状态,1000,历史全局最优路径,来源内均匀沉积,0,16,nan,0.0
0,81001,3,不使用 GP 产生的状态,1000,历史全局最优路径,来源内均匀沉积,4,12,0.07596591944254863,1.9171740773702914e-11
0,81001,4,不使用 GP 产生的状态,1000,历史全局最优路径,来源内均匀沉积,0,16,nan,0.0
0,81001,5,不使用 GP 产生的状态,1000,历史全局最优路径,来源内均匀沉积,0,16,nan,0.0
0,81001,6,不使用 GP 产生的状态,1000,历史全局最优路径,来源内均匀沉积,1,15,0.10789106079546941,5.513449603898246e-10
0,81001,7,不使用 GP 产生的状态,1000,历史全局最优路径,来源内均匀沉积,4,12,0.17381911012091855,2.0524333899325502e-10
0,81001,0,不使用 GP 产生的状态,1000,历史重启阶段最优路径,GP 源内重加权,0,16,nan,3.3020826920815756e-11
0,81001,1,不使用 GP 产生的状态,1000,历史重启阶段最优路径,GP 源内重加权,0,16,nan,9.033461812610829e-10
0,81001,2,不使用 GP 产生的状态,1000,历史重启阶段最优路径,GP 源内重加权,0,16,nan,1.586954072598312e-09
0,81001,3,不使用 GP 产生的状态,1000,历史重启阶段最优路径,GP 源内重加权,0,16,nan,8.116028833434297e-10
0,81001,4,不使用 GP 产生的状态,1000,历史重启阶段最优路径,GP 源内重加权,0,16,nan,1.7578628973210524e-10
0,81001,5,不使用 GP 产生的状态,1000,历史重启阶段最优路径,GP 源内重加权,0,16,nan,0.0
0,81001,6,不使用 GP 产生的状态,1000,历史重启阶段最优路径,GP 源内重加权,0,16,nan,0.0
0,81001,7,不使用 GP 产生的状态,1000,历史重启阶段最优路径,GP 源内重加权,0,16,nan,1.8965435207452584e-09
0,81001,0,不使用 GP 产生的状态,1000,历史全局最优路径,GP 源内重加权,0,16,nan,3.3020826920815756e-11
0,81001,1,不使用 GP 产生的状态,1000,历史全局最优路径,GP 源内重加权,3,13,0.03975724259700822,2.389348802387043e-05
0,81001,2,不使用 GP 产生的状态,1000,历史全局最优路径,GP 源内重加权,0,16,nan,1.586954072598312e-09
0,81001,3,不使用 GP 产生的状态,1000,历史全局最优路径,GP 源内重加权,4,12,0.05408260159013624,2.062415711810496e-05
0,81001,4,不使用 GP 产生的状态,1000,历史全局最优路径,GP 源内重加权,0,16,nan,1.0768723646786229e-09
0,81001,5,不使用 GP 产生的状态,1000,历史全局最优路径,GP 源内重加权,0,16,nan,0.0
0,81001,6,不使用 GP 产生的状态,1000,历史全局最优路径,GP 源内重加权,1,15,0.06180121938266136,2.7426674277326354e-05
0,81001,7,不使用 GP 产生的状态,1000,历史全局最优路径,GP 源内重加权,4,12,0.1172042561217996,3.6042292821112144e-05
0,81002,0,不使用 GP 产生的状态,1000,历史重启阶段最优路径,来源内均匀沉积,0,16,nan,0.0
0,81002,1,不使用 GP 产生的状态,1000,历史重启阶段最优路径,来源内均匀沉积,0,16,nan,0.0
0,81002,2,不使用 GP 产生的状态,1000,历史重启阶段最优路径,来源内均匀沉积,0,16,nan,0.0
0,81002,3,不使用 GP 产生的状态,1000,历史重启阶段最优路径,来源内均匀沉积,0,16,nan,0.0
0,81002,4,不使用 GP 产生的状态,1000,历史重启阶段最优路径,来源内均匀沉积,0,16,nan,0.0
0,81002,5,不使用 GP 产生的状态,1000,历史重启阶段最优路径,来源内均匀沉积,0,16,nan,0.0
0,81002,6,不使用 GP 产生的状态,1000,历史重启阶段最优路径,来源内均匀沉积,0,16,nan,0.0
0,81002,7,不使用 GP 产生的状态,1000,历史重启阶段最优路径,来源内均匀沉积,0,16,nan,0.0
0,81002,0,不使用 GP 产生的状态,1000,历史全局最优路径,来源内均匀沉积,0,16,nan,0.0
0,81002,1,不使用 GP 产生的状态,1000,历史全局最优路径,来源内均匀沉积,3,13,0.04466397601725161,0.0
0,81002,2,不使用 GP 产生的状态,1000,历史全局最优路径,来源内均匀沉积,0,16,nan,0.0
0,81002,3,不使用 GP 产生的状态,1000,历史全局最优路径,来源内均匀沉积,4,12,0.0738769919971778,9.877739824134613e-12
0,81002,4,不使用 GP 产生的状态,1000,历史全局最优路径,来源内均匀沉积,0,16,nan,0.0
0,81002,5,不使用 GP 产生的状态,1000,历史全局最优路径,来源内均匀沉积,0,16,nan,0.0
0,81002,6,不使用 GP 产生的状态,1000,历史全局最优路径,来源内均匀沉积,1,15,0.06280714224802326,6.829994283323885e-10
0,81002,7,不使用 GP 产生的状态,1000,历史全局最优路径,来源内均匀沉积,4,12,0.1666193129839566,1.0620480263592261e-10
0,81002,0,不使用 GP 产生的状态,1000,历史重启阶段最优路径,GP 源内重加权,0,16,nan,1.9591536991524796e-09
0,81002,1,不使用 GP 产生的状态,1000,历史重启阶段最优路径,GP 源内重加权,0,16,nan,2.752405461268984e-09
0,81002,2,不使用 GP 产生的状态,1000,历史重启阶段最优路径,GP 源内重加权,0,16,nan,3.3499393327218587e-06
0,81002,3,不使用 GP 产生的状态,1000,历史重启阶段最优路径,GP 源内重加权,0,16,nan,1.5049588625099654e-09
0,81002,4,不使用 GP 产生的状态,1000,历史重启阶段最优路径,GP 源内重加权,0,16,nan,3.1621059716291963e-06
0,81002,5,不使用 GP 产生的状态,1000,历史重启阶段最优路径,GP 源内重加权,0,16,nan,2.564038512978811e-09
0,81002,6,不使用 GP 产生的状态,1000,历史重启阶段最优路径,GP 源内重加权,0,16,nan,0.0
0,81002,7,不使用 GP 产生的状态,1000,历史重启阶段最优路径,GP 源内重加权,0,16,nan,3.4487157933843214e-06
0,81002,0,不使用 GP 产生的状态,1000,历史全局最优路径,GP 源内重加权,0,16,nan,6.700064158376688e-09
0,81002,1,不使用 GP 产生的状态,1000,历史全局最优路径,GP 源内重加权,3,13,0.03002969696408594,1.2553710485195011e-05
0,81002,2,不使用 GP 产生的状态,1000,历史全局最优路径,GP 源内重加权,0,16,nan,3.3499393327218587e-06
0,81002,3,不使用 GP 产生的状态,1000,历史全局最优路径,GP 源内重加权,4,12,0.04761269989397453,8.975758966345463e-06
0,81002,4,不使用 GP 产生的状态,1000,历史全局最优路径,GP 源内重加权,0,16,nan,3.1608549622662546e-06
0,81002,5,不使用 GP 产生的状态,1000,历史全局最优路径,GP 源内重加权,0,16,nan,2.564038512978811e-09
0,81002,6,不使用 GP 产生的状态,1000,历史全局最优路径,GP 源内重加权,1,15,0.03294761704876121,2.6971479450583293e-05
0,81002,7,不使用 GP 产生的状态,1000,历史全局最优路径,GP 源内重加权,4,12,0.11275335164740354,1.8420683398306694e-05
0,81001,0,GP 表达式自身产生的状态,1000,历史重启阶段最优路径,来源内均匀沉积,0,16,nan,0.0
0,81001,1,GP 表达式自身产生的状态,1000,历史重启阶段最优路径,来源内均匀沉积,0,16,nan,0.0
0,81001,2,GP 表达式自身产生的状态,1000,历史重启阶段最优路径,来源内均匀沉积,0,16,nan,0.0
0,81001,3,GP 表达式自身产生的状态,1000,历史重启阶段最优路径,来源内均匀沉积,0,16,nan,2.461695691144201e-09
0,81001,4,GP 表达式自身产生的状态,1000,历史重启阶段最优路径,来源内均匀沉积,0,16,nan,0.0
0,81001,5,GP 表达式自身产生的状态,1000,历史重启阶段最优路径,来源内均匀沉积,0,16,nan,0.0
0,81001,6,GP 表达式自身产生的状态,1000,历史重启阶段最优路径,来源内均匀沉积,0,16,nan,0.0
0,81001,7,GP 表达式自身产生的状态,1000,历史重启阶段最优路径,来源内均匀沉积,0,16,nan,0.0
0,81001,0,GP 表达式自身产生的状态,1000,历史全局最优路径,来源内均匀沉积,0,16,nan,0.0
0,81001,1,GP 表达式自身产生的状态,1000,历史全局最优路径,来源内均匀沉积,0,16,nan,0.0
0,81001,2,GP 表达式自身产生的状态,1000,历史全局最优路径,来源内均匀沉积,0,16,nan,0.0
0,81001,3,GP 表达式自身产生的状态,1000,历史全局最优路径,来源内均匀沉积,0,16,nan,2.461695691144201e-09
0,81001,4,GP 表达式自身产生的状态,1000,历史全局最优路径,来源内均匀沉积,0,16,nan,0.0
0,81001,5,GP 表达式自身产生的状态,1000,历史全局最优路径,来源内均匀沉积,0,16,nan,0.0
0,81001,6,GP 表达式自身产生的状态,1000,历史全局最优路径,来源内均匀沉积,0,16,nan,0.0
0,81001,7,GP 表达式自身产生的状态,1000,历史全局最优路径,来源内均匀沉积,0,16,nan,0.0
0,81001,0,GP 表达式自身产生的状态,1000,历史重启阶段最优路径,GP 源内重加权,0,16,nan,0.0
0,81001,1,GP 表达式自身产生的状态,1000,历史重启阶段最优路径,GP 源内重加权,0,16,nan,0.0
0,81001,2,GP 表达式自身产生的状态,1000,历史重启阶段最优路径,GP 源内重加权,0,16,nan,1.9001172298146877e-11
0,81001,3,GP 表达式自身产生的状态,1000,历史重启阶段最优路径,GP 源内重加权,0,16,nan,3.423993924233455e-09
0,81001,4,GP 表达式自身产生的状态,1000,历史重启阶段最优路径,GP 源内重加权,0,16,nan,2.503408668422402e-10
0,81001,5,GP 表达式自身产生的状态,1000,历史重启阶段最优路径,GP 源内重加权,0,16,nan,2.0331230005796073e-09
0,81001,6,GP 表达式自身产生的状态,1000,历史重启阶段最优路径,GP 源内重加权,0,16,nan,1.0010807895166796e-09
0,81001,7,GP 表达式自身产生的状态,1000,历史重启阶段最优路径,GP 源内重加权,0,16,nan,7.272601211688512e-10
0,81001,0,GP 表达式自身产生的状态,1000,历史全局最优路径,GP 源内重加权,0,16,nan,0.0
0,81001,1,GP 表达式自身产生的状态,1000,历史全局最优路径,GP 源内重加权,0,16,nan,0.0
0,81001,2,GP 表达式自身产生的状态,1000,历史全局最优路径,GP 源内重加权,0,16,nan,3.1167340922319373e-09
0,81001,3,GP 表达式自身产生的状态,1000,历史全局最优路径,GP 源内重加权,0,16,nan,3.423993924233455e-09
0,81001,4,GP 表达式自身产生的状态,1000,历史全局最优路径,GP 源内重加权,0,16,nan,1.0373313807345708e-09
0,81001,5,GP 表达式自身产生的状态,1000,历史全局最优路径,GP 源内重加权,0,16,nan,2.0331230005796073e-09
0,81001,6,GP 表达式自身产生的状态,1000,历史全局最优路径,GP 源内重加权,0,16,nan,1.0010807895166796e-09
0,81001,7,GP 表达式自身产生的状态,1000,历史全局最优路径,GP 源内重加权,0,16,nan,7.272601211688512e-10
0,81002,0,GP 表达式自身产生的状态,1000,历史重启阶段最优路径,来源内均匀沉积,0,16,nan,0.0
0,81002,1,GP 表达式自身产生的状态,1000,历史重启阶段最优路径,来源内均匀沉积,0,16,nan,0.0
0,81002,2,GP 表达式自身产生的状态,1000,历史重启阶段最优路径,来源内均匀沉积,0,16,nan,0.0
0,81002,3,GP 表达式自身产生的状态,1000,历史重启阶段最优路径,来源内均匀沉积,0,16,nan,0.0
0,81002,4,GP 表达式自身产生的状态,1000,历史重启阶段最优路径,来源内均匀沉积,0,16,nan,0.0
0,81002,5,GP 表达式自身产生的状态,1000,历史重启阶段最优路径,来源内均匀沉积,0,16,nan,0.0
0,81002,6,GP 表达式自身产生的状态,1000,历史重启阶段最优路径,来源内均匀沉积,0,16,nan,0.0
0,81002,7,GP 表达式自身产生的状态,1000,历史重启阶段最优路径,来源内均匀沉积,0,16,nan,0.0
0,81002,0,GP 表达式自身产生的状态,1000,历史全局最优路径,来源内均匀沉积,0,16,nan,0.0
0,81002,1,GP 表达式自身产生的状态,1000,历史全局最优路径,来源内均匀沉积,2,14,0.15844111391453825,1.6465444408111977e-09
0,81002,2,GP 表达式自身产生的状态,1000,历史全局最优路径,来源内均匀沉积,0,16,nan,0.0
0,81002,3,GP 表达式自身产生的状态,1000,历史全局最优路径,来源内均匀沉积,0,16,nan,0.0
0,81002,4,GP 表达式自身产生的状态,1000,历史全局最优路径,来源内均匀沉积,0,16,nan,0.0
0,81002,5,GP 表达式自身产生的状态,1000,历史全局最优路径,来源内均匀沉积,0,16,nan,0.0
0,81002,6,GP 表达式自身产生的状态,1000,历史全局最优路径,来源内均匀沉积,0,16,nan,0.0
0,81002,7,GP 表达式自身产生的状态,1000,历史全局最优路径,来源内均匀沉积,0,16,nan,0.0
0,81002,0,GP 表达式自身产生的状态,1000,历史重启阶段最优路径,GP 源内重加权,0,16,nan,8.010224643963272e-11
0,81002,1,GP 表达式自身产生的状态,1000,历史重启阶段最优路径,GP 源内重加权,0,16,nan,5.030049614283002e-09
0,81002,2,GP 表达式自身产生的状态,1000,历史重启阶段最优路径,GP 源内重加权,0,16,nan,2.082260948629886e-09
0,81002,3,GP 表达式自身产生的状态,1000,历史重启阶段最优路径,GP 源内重加权,0,16,nan,1.0804701924506449e-09
0,81002,4,GP 表达式自身产生的状态,1000,历史重启阶段最优路径,GP 源内重加权,0,16,nan,3.0336547301621948e-09
0,81002,5,GP 表达式自身产生的状态,1000,历史重启阶段最优路径,GP 源内重加权,0,16,nan,0.0
0,81002,6,GP 表达式自身产生的状态,1000,历史重启阶段最优路径,GP 源内重加权,0,16,nan,0.0
0,81002,7,GP 表达式自身产生的状态,1000,历史重启阶段最优路径,GP 源内重加权,0,16,nan,8.439913301648056e-07
0,81002,0,GP 表达式自身产生的状态,1000,历史全局最优路径,GP 源内重加权,0,16,nan,8.010224643963272e-11
0,81002,1,GP 表达式自身产生的状态,1000,历史全局最优路径,GP 源内重加权,2,14,0.10465199823591595,9.789906154874133e-05
0,81002,2,GP 表达式自身产生的状态,1000,历史全局最优路径,GP 源内重加权,0,16,nan,3.105122820473984e-11
0,81002,3,GP 表达式自身产生的状态,1000,历史全局最优路径,GP 源内重加权,0,16,nan,3.2264392435533386e-09
0,81002,4,GP 表达式自身产生的状态,1000,历史全局最优路径,GP 源内重加权,0,16,nan,3.0336547301621948e-09
0,81002,5,GP 表达式自身产生的状态,1000,历史全局最优路径,GP 源内重加权,0,16,nan,0.0
0,81002,6,GP 表达式自身产生的状态,1000,历史全局最优路径,GP 源内重加权,0,16,nan,0.0
0,81002,7,GP 表达式自身产生的状态,1000,历史全局最优路径,GP 源内重加权,0,16,nan,2.3240855056636202e-09
0,81003,0,GP 表达式自身产生的状态,1000,历史重启阶段最优路径,来源内均匀沉积,0,16,nan,0.0
0,81003,1,GP 表达式自身产生的状态,1000,历史重启阶段最优路径,来源内均匀沉积,0,16,nan,0.0
0,81003,2,GP 表达式自身产生的状态,1000,历史重启阶段最优路径,来源内均匀沉积,0,16,nan,0.0
0,81003,3,GP 表达式自身产生的状态,1000,历史重启阶段最优路径,来源内均匀沉积,0,16,nan,0.0
0,81003,4,GP 表达式自身产生的状态,1000,历史重启阶段最优路径,来源内均匀沉积,0,16,nan,0.0
0,81003,5,GP 表达式自身产生的状态,1000,历史重启阶段最优路径,来源内均匀沉积,0,16,nan,0.0
0,81003,6,GP 表达式自身产生的状态,1000,历史重启阶段最优路径,来源内均匀沉积,0,16,nan,0.0
0,81003,7,GP 表达式自身产生的状态,1000,历史重启阶段最优路径,来源内均匀沉积,0,16,nan,0.0
0,81003,0,GP 表达式自身产生的状态,1000,历史全局最优路径,来源内均匀沉积,0,16,nan,0.0
0,81003,1,GP 表达式自身产生的状态,1000,历史全局最优路径,来源内均匀沉积,0,16,nan,0.0
0,81003,2,GP 表达式自身产生的状态,1000,历史全局最优路径,来源内均匀沉积,2,14,0.15638663096474387,0.0
0,81003,3,GP 表达式自身产生的状态,1000,历史全局最优路径,来源内均匀沉积,0,16,nan,0.0
0,81003,4,GP 表达式自身产生的状态,1000,历史全局最优路径,来源内均匀沉积,0,16,nan,0.0
0,81003,5,GP 表达式自身产生的状态,1000,历史全局最优路径,来源内均匀沉积,0,16,nan,0.0
0,81003,6,GP 表达式自身产生的状态,1000,历史全局最优路径,来源内均匀沉积,0,16,nan,0.0
0,81003,7,GP 表达式自身产生的状态,1000,历史全局最优路径,来源内均匀沉积,0,16,nan,0.0
0,81003,0,GP 表达式自身产生的状态,1000,历史重启阶段最优路径,GP 源内重加权,0,16,nan,8.57180979917339e-11
0,81003,1,GP 表达式自身产生的状态,1000,历史重启阶段最优路径,GP 源内重加权,0,16,nan,4.254974795558377e-11
0,81003,2,GP 表达式自身产生的状态,1000,历史重启阶段最优路径,GP 源内重加权,0,16,nan,0.0
0,81003,3,GP 表达式自身产生的状态,1000,历史重启阶段最优路径,GP 源内重加权,0,16,nan,1.3771652197586362e-06
0,81003,4,GP 表达式自身产生的状态,1000,历史重启阶段最优路径,GP 源内重加权,0,16,nan,0.0
0,81003,5,GP 表达式自身产生的状态,1000,历史重启阶段最优路径,GP 源内重加权,0,16,nan,1.7647337071525554e-09
0,81003,6,GP 表达式自身产生的状态,1000,历史重启阶段最优路径,GP 源内重加权,0,16,nan,3.0311945343096272e-05
0,81003,7,GP 表达式自身产生的状态,1000,历史重启阶段最优路径,GP 源内重加权,0,16,nan,3.193591928308532e-09
0,81003,0,GP 表达式自身产生的状态,1000,历史全局最优路径,GP 源内重加权,0,16,nan,1.711561204523078e-09
0,81003,1,GP 表达式自身产生的状态,1000,历史全局最优路径,GP 源内重加权,0,16,nan,4.254974795558377e-11
0,81003,2,GP 表达式自身产生的状态,1000,历史全局最优路径,GP 源内重加权,2,14,0.10573151505625392,1.0405249767923308e-05
0,81003,3,GP 表达式自身产生的状态,1000,历史全局最优路径,GP 源内重加权,0,16,nan,1.3771652197586362e-06
0,81003,4,GP 表达式自身产生的状态,1000,历史全局最优路径,GP 源内重加权,0,16,nan,0.0
0,81003,5,GP 表达式自身产生的状态,1000,历史全局最优路径,GP 源内重加权,0,16,nan,1.7647337071525554e-09
0,81003,6,GP 表达式自身产生的状态,1000,历史全局最优路径,GP 源内重加权,0,16,nan,1.189487877123022e-05
0,81003,7,GP 表达式自身产生的状态,1000,历史全局最优路径,GP 源内重加权,0,16,nan,3.193591928308532e-09
0,81001,0,不使用 GP 产生的状态,2500,历史重启阶段最优路径,来源内均匀沉积,1,15,0.012297373185322069,1.1167907342798196e-09
0,81001,1,不使用 GP 产生的状态,2500,历史重启阶段最优路径,来源内均匀沉积,0,16,nan,0.0
0,81001,2,不使用 GP 产生的状态,2500,历史重启阶段最优路径,来源内均匀沉积,3,13,0.09331108247227259,1.0246834667420941e-09
0,81001,3,不使用 GP 产生的状态,2500,历史重启阶段最优路径,来源内均匀沉积,0,16,nan,0.0
0,81001,4,不使用 GP 产生的状态,2500,历史重启阶段最优路径,来源内均匀沉积,0,16,nan,0.0
0,81001,5,不使用 GP 产生的状态,2500,历史重启阶段最优路径,来源内均匀沉积,0,16,nan,0.0
0,81001,6,不使用 GP 产生的状态,2500,历史重启阶段最优路径,来源内均匀沉积,0,16,nan,0.0
0,81001,7,不使用 GP 产生的状态,2500,历史重启阶段最优路径,来源内均匀沉积,0,16,nan,0.0
0,81001,0,不使用 GP 产生的状态,2500,历史全局最优路径,来源内均匀沉积,2,14,0.0069782701166703305,0.0
0,81001,1,不使用 GP 产生的状态,2500,历史全局最优路径,来源内均匀沉积,0,16,nan,0.0
0,81001,2,不使用 GP 产生的状态,2500,历史全局最优路径,来源内均匀沉积,3,13,0.1687504326378105,2.0188271520740214e-11
0,81001,3,不使用 GP 产生的状态,2500,历史全局最优路径,来源内均匀沉积,0,16,nan,0.0
0,81001,4,不使用 GP 产生的状态,2500,历史全局最优路径,来源内均匀沉积,5,11,0.07841147911872515,0.0
0,81001,5,不使用 GP 产生的状态,2500,历史全局最优路径,来源内均匀沉积,0,16,nan,0.0
0,81001,6,不使用 GP 产生的状态,2500,历史全局最优路径,来源内均匀沉积,0,16,nan,0.0
0,81001,7,不使用 GP 产生的状态,2500,历史全局最优路径,来源内均匀沉积,6,10,0.16023602135373563,0.0
0,81001,0,不使用 GP 产生的状态,2500,历史重启阶段最优路径,GP 源内重加权,1,15,0.012611782516428867,5.464729081158263e-07
0,81001,1,不使用 GP 产生的状态,2500,历史重启阶段最优路径,GP 源内重加权,0,16,nan,6.041700159265798e-10
0,81001,2,不使用 GP 产生的状态,2500,历史重启阶段最优路径,GP 源内重加权,3,13,0.07570530833024051,3.801654519317875e-05
0,81001,3,不使用 GP 产生的状态,2500,历史重启阶段最优路径,GP 源内重加权,0,16,nan,1.8587349775611892e-10
0,81001,4,不使用 GP 产生的状态,2500,历史重启阶段最优路径,GP 源内重加权,0,16,nan,3.056295287265132e-09
0,81001,5,不使用 GP 产生的状态,2500,历史重启阶段最优路径,GP 源内重加权,0,16,nan,0.0
0,81001,6,不使用 GP 产生的状态,2500,历史重启阶段最优路径,GP 源内重加权,0,16,nan,3.2520890100058416e-10
0,81001,7,不使用 GP 产生的状态,2500,历史重启阶段最优路径,GP 源内重加权,0,16,nan,1.7370754932572407e-09
0,81001,0,不使用 GP 产生的状态,2500,历史全局最优路径,GP 源内重加权,2,14,0.007187330692900305,3.329446765110769e-05
0,81001,1,不使用 GP 产生的状态,2500,历史全局最优路径,GP 源内重加权,0,16,nan,6.041700159265798e-10
0,81001,2,不使用 GP 产生的状态,2500,历史全局最优路径,GP 源内重加权,3,13,0.1202060553487095,7.247715328347384e-05
0,81001,3,不使用 GP 产生的状态,2500,历史全局最优路径,GP 源内重加权,0,16,nan,8.55175363849416e-10
0,81001,4,不使用 GP 产生的状态,2500,历史全局最优路径,GP 源内重加权,5,11,0.04557364560010031,5.762414222291016e-05
0,81001,5,不使用 GP 产生的状态,2500,历史全局最优路径,GP 源内重加权,0,16,nan,1.2143103916632303e-09
0,81001,6,不使用 GP 产生的状态,2500,历史全局最优路径,GP 源内重加权,0,16,nan,3.2520890100058416e-10
0,81001,7,不使用 GP 产生的状态,2500,历史全局最优路径,GP 源内重加权,6,10,0.1044421529395949,2.1845327157164215e-05
0,81002,0,不使用 GP 产生的状态,2500,历史重启阶段最优路径,来源内均匀沉积,1,15,0.015638699967616628,1.1061614769029338e-09
0,81002,1,不使用 GP 产生的状态,2500,历史重启阶段最优路径,来源内均匀沉积,0,16,nan,0.0
0,81002,2,不使用 GP 产生的状态,2500,历史重启阶段最优路径,来源内均匀沉积,3,13,0.09509772095569498,7.795275821578764e-10
0,81002,3,不使用 GP 产生的状态,2500,历史重启阶段最优路径,来源内均匀沉积,0,16,nan,0.0
0,81002,4,不使用 GP 产生的状态,2500,历史重启阶段最优路径,来源内均匀沉积,0,16,nan,0.0
0,81002,5,不使用 GP 产生的状态,2500,历史重启阶段最优路径,来源内均匀沉积,0,16,nan,0.0
0,81002,6,不使用 GP 产生的状态,2500,历史重启阶段最优路径,来源内均匀沉积,0,16,nan,0.0
0,81002,7,不使用 GP 产生的状态,2500,历史重启阶段最优路径,来源内均匀沉积,0,16,nan,0.0
0,81002,0,不使用 GP 产生的状态,2500,历史全局最优路径,来源内均匀沉积,2,14,0.008276977281140822,0.0
0,81002,1,不使用 GP 产生的状态,2500,历史全局最优路径,来源内均匀沉积,0,16,nan,0.0
0,81002,2,不使用 GP 产生的状态,2500,历史全局最优路径,来源内均匀沉积,3,13,0.18193511598457693,1.0759556125809366e-11
0,81002,3,不使用 GP 产生的状态,2500,历史全局最优路径,来源内均匀沉积,0,16,nan,0.0
0,81002,4,不使用 GP 产生的状态,2500,历史全局最优路径,来源内均匀沉积,5,11,0.06784428002516016,0.0
0,81002,5,不使用 GP 产生的状态,2500,历史全局最优路径,来源内均匀沉积,0,16,nan,0.0
0,81002,6,不使用 GP 产生的状态,2500,历史全局最优路径,来源内均匀沉积,0,16,nan,0.0
0,81002,7,不使用 GP 产生的状态,2500,历史全局最优路径,来源内均匀沉积,6,10,0.15415754257312125,0.0
0,81002,0,不使用 GP 产生的状态,2500,历史重启阶段最优路径,GP 源内重加权,1,15,0.015899865792687224,5.150474708653754e-06
0,81002,1,不使用 GP 产生的状态,2500,历史重启阶段最优路径,GP 源内重加权,0,16,nan,5.9401862436519906e-09
0,81002,2,不使用 GP 产生的状态,2500,历史重启阶段最优路径,GP 源内重加权,3,13,0.07365535710962631,1.5025339712435358e-05
0,81002,3,不使用 GP 产生的状态,2500,历史重启阶段最优路径,GP 源内重加权,0,16,nan,1.4438266443437486e-09
0,81002,4,不使用 GP 产生的状态,2500,历史重启阶段最优路径,GP 源内重加权,0,16,nan,8.3264777609655e-09
0,81002,5,不使用 GP 产生的状态,2500,历史重启阶段最优路径,GP 源内重加权,0,16,nan,1.5190559272403396e-09
0,81002,6,不使用 GP 产生的状态,2500,历史重启阶段最优路径,GP 源内重加权,0,16,nan,6.201631058628762e-09
0,81002,7,不使用 GP 产生的状态,2500,历史重启阶段最优路径,GP 源内重加权,0,16,nan,2.2159947208843333e-09
0,81002,0,不使用 GP 产生的状态,2500,历史全局最优路径,GP 源内重加权,2,14,0.008484979858344966,1.7748215839891716e-05
0,81002,1,不使用 GP 产生的状态,2500,历史全局最优路径,GP 源内重加权,0,16,nan,5.9401862436519906e-09
0,81002,2,不使用 GP 产生的状态,2500,历史全局最优路径,GP 源内重加权,3,13,0.1379583625476414,0.000311115842057834
0,81002,3,不使用 GP 产生的状态,2500,历史全局最优路径,GP 源内重加权,0,16,nan,2.234478405459075e-09
0,81002,4,不使用 GP 产生的状态,2500,历史全局最优路径,GP 源内重加权,5,11,0.0344484569295629,3.312779660619939e-05
0,81002,5,不使用 GP 产生的状态,2500,历史全局最优路径,GP 源内重加权,0,16,nan,2.3033968946361704e-09
0,81002,6,不使用 GP 产生的状态,2500,历史全局最优路径,GP 源内重加权,0,16,nan,6.201631058628762e-09
0,81002,7,不使用 GP 产生的状态,2500,历史全局最优路径,GP 源内重加权,6,10,0.09498195722836204,9.471792264993933e-06
0,81003,0,不使用 GP 产生的状态,2500,历史重启阶段最优路径,来源内均匀沉积,1,15,0.012297373185322069,1.1167907342798196e-09
0,81003,1,不使用 GP 产生的状态,2500,历史重启阶段最优路径,来源内均匀沉积,0,16,nan,0.0
0,81003,2,不使用 GP 产生的状态,2500,历史重启阶段最优路径,来源内均匀沉积,3,13,0.09331108247227259,1.0246834667420941e-09
0,81003,3,不使用 GP 产生的状态,2500,历史重启阶段最优路径,来源内均匀沉积,0,16,nan,0.0
0,81003,4,不使用 GP 产生的状态,2500,历史重启阶段最优路径,来源内均匀沉积,0,16,nan,0.0
0,81003,5,不使用 GP 产生的状态,2500,历史重启阶段最优路径,来源内均匀沉积,0,16,nan,0.0
0,81003,6,不使用 GP 产生的状态,2500,历史重启阶段最优路径,来源内均匀沉积,0,16,nan,0.0
0,81003,7,不使用 GP 产生的状态,2500,历史重启阶段最优路径,来源内均匀沉积,0,16,nan,0.0
0,81003,0,不使用 GP 产生的状态,2500,历史全局最优路径,来源内均匀沉积,2,14,0.0069782701166703305,0.0
0,81003,1,不使用 GP 产生的状态,2500,历史全局最优路径,来源内均匀沉积,0,16,nan,0.0
0,81003,2,不使用 GP 产生的状态,2500,历史全局最优路径,来源内均匀沉积,3,13,0.1687504326378105,2.0188271520740214e-11
0,81003,3,不使用 GP 产生的状态,2500,历史全局最优路径,来源内均匀沉积,0,16,nan,0.0
0,81003,4,不使用 GP 产生的状态,2500,历史全局最优路径,来源内均匀沉积,5,11,0.07841147911872515,0.0
0,81003,5,不使用 GP 产生的状态,2500,历史全局最优路径,来源内均匀沉积,0,16,nan,0.0
0,81003,6,不使用 GP 产生的状态,2500,历史全局最优路径,来源内均匀沉积,0,16,nan,0.0
0,81003,7,不使用 GP 产生的状态,2500,历史全局最优路径,来源内均匀沉积,6,10,0.16023602135373563,0.0
0,81003,0,不使用 GP 产生的状态,2500,历史重启阶段最优路径,GP 源内重加权,1,15,0.013162054362354165,1.1533919347293697e-06
0,81003,1,不使用 GP 产生的状态,2500,历史重启阶段最优路径,GP 源内重加权,0,16,nan,0.0
0,81003,2,不使用 GP 产生的状态,2500,历史重启阶段最优路径,GP 源内重加权,3,13,0.07803261619551381,3.6160057266523323e-05
0,81003,3,不使用 GP 产生的状态,2500,历史重启阶段最优路径,GP 源内重加权,0,16,nan,3.214195346776899e-09
0,81003,4,不使用 GP 产生的状态,2500,历史重启阶段最优路径,GP 源内重加权,0,16,nan,5.086755021577459e-09
0,81003,5,不使用 GP 产生的状态,2500,历史重启阶段最优路径,GP 源内重加权,0,16,nan,1.2761341890109824e-09
0,81003,6,不使用 GP 产生的状态,2500,历史重启阶段最优路径,GP 源内重加权,0,16,nan,1.627416274173493e-09
0,81003,7,不使用 GP 产生的状态,2500,历史重启阶段最优路径,GP 源内重加权,0,16,nan,1.348948808939045e-08
0,81003,0,不使用 GP 产生的状态,2500,历史全局最优路径,GP 源内重加权,2,14,0.007463332379593583,2.8902557761784498e-05
0,81003,1,不使用 GP 产生的状态,2500,历史全局最优路径,GP 源内重加权,0,16,nan,0.0
0,81003,2,不使用 GP 产生的状态,2500,历史全局最优路径,GP 源内重加权,3,13,0.1250315435753243,7.26107654197658e-05
0,81003,3,不使用 GP 产生的状态,2500,历史全局最优路径,GP 源内重加权,0,16,nan,3.71562458096502e-10
0,81003,4,不使用 GP 产生的状态,2500,历史全局最优路径,GP 源内重加权,5,11,0.05111145144338088,5.01563034625175e-05
0,81003,5,不使用 GP 产生的状态,2500,历史全局最优路径,GP 源内重加权,0,16,nan,2.4546360273654715e-10
0,81003,6,不使用 GP 产生的状态,2500,历史全局最优路径,GP 源内重加权,0,16,nan,1.627416274173493e-09
0,81003,7,不使用 GP 产生的状态,2500,历史全局最优路径,GP 源内重加权,6,10,0.11452417323145975,1.9269220948752446e-05
0,81001,0,GP 表达式自身产生的状态,2500,历史重启阶段最优路径,来源内均匀沉积,0,16,nan,0.0
0,81001,1,GP 表达式自身产生的状态,2500,历史重启阶段最优路径,来源内均匀沉积,0,16,nan,0.0
0,81001,2,GP 表达式自身产生的状态,2500,历史重启阶段最优路径,来源内均匀沉积,0,16,nan,0.0
0,81001,3,GP 表达式自身产生的状态,2500,历史重启阶段最优路径,来源内均匀沉积,0,16,nan,0.0
0,81001,4,GP 表达式自身产生的状态,2500,历史重启阶段最优路径,来源内均匀沉积,0,16,nan,0.0
0,81001,5,GP 表达式自身产生的状态,2500,历史重启阶段最优路径,来源内均匀沉积,0,16,nan,0.0
0,81001,6,GP 表达式自身产生的状态,2500,历史重启阶段最优路径,来源内均匀沉积,0,16,nan,0.0
0,81001,7,GP 表达式自身产生的状态,2500,历史重启阶段最优路径,来源内均匀沉积,0,16,nan,0.0
0,81001,0,GP 表达式自身产生的状态,2500,历史全局最优路径,来源内均匀沉积,1,15,0.04078609025692533,0.0
0,81001,1,GP 表达式自身产生的状态,2500,历史全局最优路径,来源内均匀沉积,1,15,0.10303126131909063,0.0
0,81001,2,GP 表达式自身产生的状态,2500,历史全局最优路径,来源内均匀沉积,0,16,nan,0.0
0,81001,3,GP 表达式自身产生的状态,2500,历史全局最优路径,来源内均匀沉积,4,12,0.07517483022329403,0.0
0,81001,4,GP 表达式自身产生的状态,2500,历史全局最优路径,来源内均匀沉积,0,16,nan,0.0
0,81001,5,GP 表达式自身产生的状态,2500,历史全局最优路径,来源内均匀沉积,4,12,0.10452307497419057,0.0
0,81001,6,GP 表达式自身产生的状态,2500,历史全局最优路径,来源内均匀沉积,0,16,nan,0.0
0,81001,7,GP 表达式自身产生的状态,2500,历史全局最优路径,来源内均匀沉积,0,16,nan,0.0
0,81001,0,GP 表达式自身产生的状态,2500,历史重启阶段最优路径,GP 源内重加权,0,16,nan,0.0
0,81001,1,GP 表达式自身产生的状态,2500,历史重启阶段最优路径,GP 源内重加权,0,16,nan,2.0242220694874894e-09
0,81001,2,GP 表达式自身产生的状态,2500,历史重启阶段最优路径,GP 源内重加权,0,16,nan,1.264892140248814e-09
0,81001,3,GP 表达式自身产生的状态,2500,历史重启阶段最优路径,GP 源内重加权,0,16,nan,0.0
0,81001,4,GP 表达式自身产生的状态,2500,历史重启阶段最优路径,GP 源内重加权,0,16,nan,2.2889619530132255e-09
0,81001,5,GP 表达式自身产生的状态,2500,历史重启阶段最优路径,GP 源内重加权,0,16,nan,0.0
0,81001,6,GP 表达式自身产生的状态,2500,历史重启阶段最优路径,GP 源内重加权,0,16,nan,4.3911142945223945e-10
0,81001,7,GP 表达式自身产生的状态,2500,历史重启阶段最优路径,GP 源内重加权,0,16,nan,7.027286436158698e-10
0,81001,0,GP 表达式自身产生的状态,2500,历史全局最优路径,GP 源内重加权,1,15,0.039979587805807265,2.3236452944833068e-05
0,81001,1,GP 表达式自身产生的状态,2500,历史全局最优路径,GP 源内重加权,1,15,0.05579038339761154,5.597168982439139e-06
0,81001,2,GP 表达式自身产生的状态,2500,历史全局最优路径,GP 源内重加权,0,16,nan,2.2527310652575e-10
0,81001,3,GP 表达式自身产生的状态,2500,历史全局最优路径,GP 源内重加权,4,12,0.049702722076061495,2.540553593724855e-05
0,81001,4,GP 表达式自身产生的状态,2500,历史全局最优路径,GP 源内重加权,0,16,nan,2.2889619530132255e-09
0,81001,5,GP 表达式自身产生的状态,2500,历史全局最优路径,GP 源内重加权,4,12,0.07508528363482554,1.6513223296904715e-05
0,81001,6,GP 表达式自身产生的状态,2500,历史全局最优路径,GP 源内重加权,0,16,nan,0.0
0,81001,7,GP 表达式自身产生的状态,2500,历史全局最优路径,GP 源内重加权,0,16,nan,5.834308033354414e-10
0,81002,0,GP 表达式自身产生的状态,2500,历史重启阶段最优路径,来源内均匀沉积,0,16,nan,0.0
0,81002,1,GP 表达式自身产生的状态,2500,历史重启阶段最优路径,来源内均匀沉积,0,16,nan,0.0
0,81002,2,GP 表达式自身产生的状态,2500,历史重启阶段最优路径,来源内均匀沉积,0,16,nan,0.0
0,81002,3,GP 表达式自身产生的状态,2500,历史重启阶段最优路径,来源内均匀沉积,0,16,nan,0.0
0,81002,4,GP 表达式自身产生的状态,2500,历史重启阶段最优路径,来源内均匀沉积,0,16,nan,0.0
0,81002,5,GP 表达式自身产生的状态,2500,历史重启阶段最优路径,来源内均匀沉积,0,16,nan,0.0
0,81002,6,GP 表达式自身产生的状态,2500,历史重启阶段最优路径,来源内均匀沉积,0,16,nan,0.0
0,81002,7,GP 表达式自身产生的状态,2500,历史重启阶段最优路径,来源内均匀沉积,0,16,nan,0.0
0,81002,0,GP 表达式自身产生的状态,2500,历史全局最优路径,来源内均匀沉积,1,15,0.00041243376656061563,0.0
0,81002,1,GP 表达式自身产生的状态,2500,历史全局最优路径,来源内均匀沉积,0,16,nan,0.0
0,81002,2,GP 表达式自身产生的状态,2500,历史全局最优路径,来源内均匀沉积,1,15,0.1456538071919727,0.0
0,81002,3,GP 表达式自身产生的状态,2500,历史全局最优路径,来源内均匀沉积,0,16,nan,0.0
0,81002,4,GP 表达式自身产生的状态,2500,历史全局最优路径,来源内均匀沉积,4,12,0.0317593714739144,0.0
0,81002,5,GP 表达式自身产生的状态,2500,历史全局最优路径,来源内均匀沉积,0,16,nan,0.0
0,81002,6,GP 表达式自身产生的状态,2500,历史全局最优路径,来源内均匀沉积,0,16,nan,0.0
0,81002,7,GP 表达式自身产生的状态,2500,历史全局最优路径,来源内均匀沉积,0,16,nan,0.0
0,81002,0,GP 表达式自身产生的状态,2500,历史重启阶段最优路径,GP 源内重加权,0,16,nan,2.5613222872796504e-09
0,81002,1,GP 表达式自身产生的状态,2500,历史重启阶段最优路径,GP 源内重加权,0,16,nan,2.877362945827498e-09
0,81002,2,GP 表达式自身产生的状态,2500,历史重启阶段最优路径,GP 源内重加权,0,16,nan,3.172604770436546e-09
0,81002,3,GP 表达式自身产生的状态,2500,历史重启阶段最优路径,GP 源内重加权,0,16,nan,0.0
0,81002,4,GP 表达式自身产生的状态,2500,历史重启阶段最优路径,GP 源内重加权,0,16,nan,0.0
0,81002,5,GP 表达式自身产生的状态,2500,历史重启阶段最优路径,GP 源内重加权,0,16,nan,1.1804418564766857e-06
0,81002,6,GP 表达式自身产生的状态,2500,历史重启阶段最优路径,GP 源内重加权,0,16,nan,1.6928536817718874e-07
0,81002,7,GP 表达式自身产生的状态,2500,历史重启阶段最优路径,GP 源内重加权,0,16,nan,1.570322158452002e-09
0,81002,0,GP 表达式自身产生的状态,2500,历史全局最优路径,GP 源内重加权,1,15,0.0004141204472887373,6.644038384766925e-06
0,81002,1,GP 表达式自身产生的状态,2500,历史全局最优路径,GP 源内重加权,0,16,nan,3.1231928031074954e-09
0,81002,2,GP 表达式自身产生的状态,2500,历史全局最优路径,GP 源内重加权,1,15,0.05485582855592517,8.581815704892771e-06
0,81002,3,GP 表达式自身产生的状态,2500,历史全局最优路径,GP 源内重加权,0,16,nan,0.0
0,81002,4,GP 表达式自身产生的状态,2500,历史全局最优路径,GP 源内重加权,4,12,0.02135562753083025,1.1332724828224926e-05
0,81002,5,GP 表达式自身产生的状态,2500,历史全局最优路径,GP 源内重加权,0,16,nan,1.1804418564766857e-06
0,81002,6,GP 表达式自身产生的状态,2500,历史全局最优路径,GP 源内重加权,0,16,nan,1.6928536817718874e-07
0,81002,7,GP 表达式自身产生的状态,2500,历史全局最优路径,GP 源内重加权,0,16,nan,1.570322158452002e-09
0,81003,0,GP 表达式自身产生的状态,2500,历史重启阶段最优路径,来源内均匀沉积,0,16,nan,0.0
0,81003,1,GP 表达式自身产生的状态,2500,历史重启阶段最优路径,来源内均匀沉积,0,16,nan,0.0
0,81003,2,GP 表达式自身产生的状态,2500,历史重启阶段最优路径,来源内均匀沉积,0,16,nan,0.0
0,81003,3,GP 表达式自身产生的状态,2500,历史重启阶段最优路径,来源内均匀沉积,0,16,nan,0.0
0,81003,4,GP 表达式自身产生的状态,2500,历史重启阶段最优路径,来源内均匀沉积,0,16,nan,0.0
0,81003,5,GP 表达式自身产生的状态,2500,历史重启阶段最优路径,来源内均匀沉积,0,16,nan,0.0
0,81003,6,GP 表达式自身产生的状态,2500,历史重启阶段最优路径,来源内均匀沉积,0,16,nan,0.0
0,81003,7,GP 表达式自身产生的状态,2500,历史重启阶段最优路径,来源内均匀沉积,0,16,nan,0.0
0,81003,0,GP 表达式自身产生的状态,2500,历史全局最优路径,来源内均匀沉积,0,16,nan,0.0
0,81003,1,GP 表达式自身产生的状态,2500,历史全局最优路径,来源内均匀沉积,0,16,nan,0.0
0,81003,2,GP 表达式自身产生的状态,2500,历史全局最优路径,来源内均匀沉积,0,16,nan,1.6887418463104774e-09
0,81003,3,GP 表达式自身产生的状态,2500,历史全局最优路径,来源内均匀沉积,0,16,nan,0.0
0,81003,4,GP 表达式自身产生的状态,2500,历史全局最优路径,来源内均匀沉积,4,12,0.06660316718226272,0.0
0,81003,5,GP 表达式自身产生的状态,2500,历史全局最优路径,来源内均匀沉积,6,10,0.13100397608368172,1.5468280402416274e-11
0,81003,6,GP 表达式自身产生的状态,2500,历史全局最优路径,来源内均匀沉积,0,16,nan,0.0
0,81003,7,GP 表达式自身产生的状态,2500,历史全局最优路径,来源内均匀沉积,5,11,0.03481963540282536,0.0
0,81003,0,GP 表达式自身产生的状态,2500,历史重启阶段最优路径,GP 源内重加权,0,16,nan,6.461851149988846e-12
0,81003,1,GP 表达式自身产生的状态,2500,历史重启阶段最优路径,GP 源内重加权,0,16,nan,0.0
0,81003,2,GP 表达式自身产生的状态,2500,历史重启阶段最优路径,GP 源内重加权,0,16,nan,0.0
0,81003,3,GP 表达式自身产生的状态,2500,历史重启阶段最优路径,GP 源内重加权,0,16,nan,0.0
0,81003,4,GP 表达式自身产生的状态,2500,历史重启阶段最优路径,GP 源内重加权,0,16,nan,4.4798407311758486e-05
0,81003,5,GP 表达式自身产生的状态,2500,历史重启阶段最优路径,GP 源内重加权,0,16,nan,0.0
0,81003,6,GP 表达式自身产生的状态,2500,历史重启阶段最优路径,GP 源内重加权,0,16,nan,4.1161456736409234e-08
0,81003,7,GP 表达式自身产生的状态,2500,历史重启阶段最优路径,GP 源内重加权,0,16,nan,1.523694853388827e-09
0,81003,0,GP 表达式自身产生的状态,2500,历史全局最优路径,GP 源内重加权,0,16,nan,6.461851149988846e-12
0,81003,1,GP 表达式自身产生的状态,2500,历史全局最优路径,GP 源内重加权,0,16,nan,0.0
0,81003,2,GP 表达式自身产生的状态,2500,历史全局最优路径,GP 源内重加权,0,16,nan,2.555974084596012e-05
0,81003,3,GP 表达式自身产生的状态,2500,历史全局最优路径,GP 源内重加权,0,16,nan,0.0
0,81003,4,GP 表达式自身产生的状态,2500,历史全局最优路径,GP 源内重加权,4,12,0.05035872796332839,1.2621659442773316e-05
0,81003,5,GP 表达式自身产生的状态,2500,历史全局最优路径,GP 源内重加权,6,10,0.10115744054551012,5.717089935535116e-05
0,81003,6,GP 表达式自身产生的状态,2500,历史全局最优路径,GP 源内重加权,0,16,nan,4.1161456736409234e-08
0,81003,7,GP 表达式自身产生的状态,2500,历史全局最优路径,GP 源内重加权,5,11,0.031163089485679314,1.4203056254540285e-05
1,81002,0,不使用 GP 产生的状态,1,历史重启阶段最优路径,来源内均匀沉积,0,16,nan,0.0
1,81002,1,不使用 GP 产生的状态,1,历史重启阶段最优路径,来源内均匀沉积,0,16,nan,0.0
1,81002,2,不使用 GP 产生的状态,1,历史重启阶段最优路径,来源内均匀沉积,0,16,nan,0.0
1,81002,3,不使用 GP 产生的状态,1,历史重启阶段最优路径,来源内均匀沉积,0,16,nan,0.0
1,81002,4,不使用 GP 产生的状态,1,历史重启阶段最优路径,来源内均匀沉积,0,16,nan,0.0
1,81002,5,不使用 GP 产生的状态,1,历史重启阶段最优路径,来源内均匀沉积,0,16,nan,0.0
1,81002,6,不使用 GP 产生的状态,1,历史重启阶段最优路径,来源内均匀沉积,0,16,nan,0.0
1,81002,7,不使用 GP 产生的状态,1,历史重启阶段最优路径,来源内均匀沉积,0,16,nan,0.0
1,81002,0,不使用 GP 产生的状态,1,历史全局最优路径,来源内均匀沉积,0,16,nan,0.0
1,81002,1,不使用 GP 产生的状态,1,历史全局最优路径,来源内均匀沉积,0,16,nan,0.0
1,81002,2,不使用 GP 产生的状态,1,历史全局最优路径,来源内均匀沉积,0,16,nan,0.0
1,81002,3,不使用 GP 产生的状态,1,历史全局最优路径,来源内均匀沉积,0,16,nan,0.0
1,81002,4,不使用 GP 产生的状态,1,历史全局最优路径,来源内均匀沉积,0,16,nan,0.0
1,81002,5,不使用 GP 产生的状态,1,历史全局最优路径,来源内均匀沉积,0,16,nan,0.0
1,81002,6,不使用 GP 产生的状态,1,历史全局最优路径,来源内均匀沉积,0,16,nan,0.0
1,81002,7,不使用 GP 产生的状态,1,历史全局最优路径,来源内均匀沉积,0,16,nan,0.0
1,81002,0,不使用 GP 产生的状态,1,历史重启阶段最优路径,GP 源内重加权,0,16,nan,0.0
1,81002,1,不使用 GP 产生的状态,1,历史重启阶段最优路径,GP 源内重加权,0,16,nan,0.0
1,81002,2,不使用 GP 产生的状态,1,历史重启阶段最优路径,GP 源内重加权,0,16,nan,0.0
1,81002,3,不使用 GP 产生的状态,1,历史重启阶段最优路径,GP 源内重加权,0,16,nan,0.0
1,81002,4,不使用 GP 产生的状态,1,历史重启阶段最优路径,GP 源内重加权,0,16,nan,0.0
1,81002,5,不使用 GP 产生的状态,1,历史重启阶段最优路径,GP 源内重加权,0,16,nan,0.0
1,81002,6,不使用 GP 产生的状态,1,历史重启阶段最优路径,GP 源内重加权,0,16,nan,0.0
1,81002,7,不使用 GP 产生的状态,1,历史重启阶段最优路径,GP 源内重加权,0,16,nan,0.0
1,81002,0,不使用 GP 产生的状态,1,历史全局最优路径,GP 源内重加权,0,16,nan,0.0
1,81002,1,不使用 GP 产生的状态,1,历史全局最优路径,GP 源内重加权,0,16,nan,0.0
1,81002,2,不使用 GP 产生的状态,1,历史全局最优路径,GP 源内重加权,0,16,nan,0.0
1,81002,3,不使用 GP 产生的状态,1,历史全局最优路径,GP 源内重加权,0,16,nan,0.0
1,81002,4,不使用 GP 产生的状态,1,历史全局最优路径,GP 源内重加权,0,16,nan,0.0
1,81002,5,不使用 GP 产生的状态,1,历史全局最优路径,GP 源内重加权,0,16,nan,0.0
1,81002,6,不使用 GP 产生的状态,1,历史全局最优路径,GP 源内重加权,0,16,nan,0.0
1,81002,7,不使用 GP 产生的状态,1,历史全局最优路径,GP 源内重加权,0,16,nan,0.0
1,81003,0,不使用 GP 产生的状态,1,历史重启阶段最优路径,来源内均匀沉积,0,16,nan,0.0
1,81003,1,不使用 GP 产生的状态,1,历史重启阶段最优路径,来源内均匀沉积,0,16,nan,0.0
1,81003,2,不使用 GP 产生的状态,1,历史重启阶段最优路径,来源内均匀沉积,0,16,nan,0.0
1,81003,3,不使用 GP 产生的状态,1,历史重启阶段最优路径,来源内均匀沉积,0,16,nan,0.0
1,81003,4,不使用 GP 产生的状态,1,历史重启阶段最优路径,来源内均匀沉积,0,16,nan,0.0
1,81003,5,不使用 GP 产生的状态,1,历史重启阶段最优路径,来源内均匀沉积,0,16,nan,0.0
1,81003,6,不使用 GP 产生的状态,1,历史重启阶段最优路径,来源内均匀沉积,0,16,nan,0.0
1,81003,7,不使用 GP 产生的状态,1,历史重启阶段最优路径,来源内均匀沉积,0,16,nan,0.0
1,81003,0,不使用 GP 产生的状态,1,历史全局最优路径,来源内均匀沉积,0,16,nan,0.0
1,81003,1,不使用 GP 产生的状态,1,历史全局最优路径,来源内均匀沉积,0,16,nan,0.0
1,81003,2,不使用 GP 产生的状态,1,历史全局最优路径,来源内均匀沉积,0,16,nan,0.0
1,81003,3,不使用 GP 产生的状态,1,历史全局最优路径,来源内均匀沉积,0,16,nan,0.0
1,81003,4,不使用 GP 产生的状态,1,历史全局最优路径,来源内均匀沉积,0,16,nan,0.0
1,81003,5,不使用 GP 产生的状态,1,历史全局最优路径,来源内均匀沉积,0,16,nan,0.0
1,81003,6,不使用 GP 产生的状态,1,历史全局最优路径,来源内均匀沉积,0,16,nan,0.0
1,81003,7,不使用 GP 产生的状态,1,历史全局最优路径,来源内均匀沉积,0,16,nan,0.0
1,81003,0,不使用 GP 产生的状态,1,历史重启阶段最优路径,GP 源内重加权,0,16,nan,0.0
1,81003,1,不使用 GP 产生的状态,1,历史重启阶段最优路径,GP 源内重加权,0,16,nan,0.0
1,81003,2,不使用 GP 产生的状态,1,历史重启阶段最优路径,GP 源内重加权,0,16,nan,0.0
1,81003,3,不使用 GP 产生的状态,1,历史重启阶段最优路径,GP 源内重加权,0,16,nan,0.0
1,81003,4,不使用 GP 产生的状态,1,历史重启阶段最优路径,GP 源内重加权,0,16,nan,0.0
1,81003,5,不使用 GP 产生的状态,1,历史重启阶段最优路径,GP 源内重加权,0,16,nan,0.0
1,81003,6,不使用 GP 产生的状态,1,历史重启阶段最优路径,GP 源内重加权,0,16,nan,0.0
1,81003,7,不使用 GP 产生的状态,1,历史重启阶段最优路径,GP 源内重加权,0,16,nan,0.0
1,81003,0,不使用 GP 产生的状态,1,历史全局最优路径,GP 源内重加权,0,16,nan,0.0
1,81003,1,不使用 GP 产生的状态,1,历史全局最优路径,GP 源内重加权,0,16,nan,0.0
1,81003,2,不使用 GP 产生的状态,1,历史全局最优路径,GP 源内重加权,0,16,nan,0.0
1,81003,3,不使用 GP 产生的状态,1,历史全局最优路径,GP 源内重加权,0,16,nan,0.0
1,81003,4,不使用 GP 产生的状态,1,历史全局最优路径,GP 源内重加权,0,16,nan,0.0
1,81003,5,不使用 GP 产生的状态,1,历史全局最优路径,GP 源内重加权,0,16,nan,0.0
1,81003,6,不使用 GP 产生的状态,1,历史全局最优路径,GP 源内重加权,0,16,nan,0.0
1,81003,7,不使用 GP 产生的状态,1,历史全局最优路径,GP 源内重加权,0,16,nan,0.0
1,81001,0,不使用 GP 产生的状态,1,历史重启阶段最优路径,来源内均匀沉积,0,16,nan,0.0
1,81001,1,不使用 GP 产生的状态,1,历史重启阶段最优路径,来源内均匀沉积,0,16,nan,0.0
1,81001,2,不使用 GP 产生的状态,1,历史重启阶段最优路径,来源内均匀沉积,0,16,nan,0.0
1,81001,3,不使用 GP 产生的状态,1,历史重启阶段最优路径,来源内均匀沉积,0,16,nan,0.0
1,81001,4,不使用 GP 产生的状态,1,历史重启阶段最优路径,来源内均匀沉积,0,16,nan,0.0
1,81001,5,不使用 GP 产生的状态,1,历史重启阶段最优路径,来源内均匀沉积,0,16,nan,0.0
1,81001,6,不使用 GP 产生的状态,1,历史重启阶段最优路径,来源内均匀沉积,0,16,nan,0.0
1,81001,7,不使用 GP 产生的状态,1,历史重启阶段最优路径,来源内均匀沉积,0,16,nan,0.0
1,81001,0,不使用 GP 产生的状态,1,历史全局最优路径,来源内均匀沉积,0,16,nan,0.0
1,81001,1,不使用 GP 产生的状态,1,历史全局最优路径,来源内均匀沉积,0,16,nan,0.0
1,81001,2,不使用 GP 产生的状态,1,历史全局最优路径,来源内均匀沉积,0,16,nan,0.0
1,81001,3,不使用 GP 产生的状态,1,历史全局最优路径,来源内均匀沉积,0,16,nan,0.0
1,81001,4,不使用 GP 产生的状态,1,历史全局最优路径,来源内均匀沉积,0,16,nan,0.0
1,81001,5,不使用 GP 产生的状态,1,历史全局最优路径,来源内均匀沉积,0,16,nan,0.0
1,81001,6,不使用 GP 产生的状态,1,历史全局最优路径,来源内均匀沉积,0,16,nan,0.0
1,81001,7,不使用 GP 产生的状态,1,历史全局最优路径,来源内均匀沉积,0,16,nan,0.0
1,81001,0,不使用 GP 产生的状态,1,历史重启阶段最优路径,GP 源内重加权,0,16,nan,0.0
1,81001,1,不使用 GP 产生的状态,1,历史重启阶段最优路径,GP 源内重加权,0,16,nan,0.0
1,81001,2,不使用 GP 产生的状态,1,历史重启阶段最优路径,GP 源内重加权,0,16,nan,0.0
1,81001,3,不使用 GP 产生的状态,1,历史重启阶段最优路径,GP 源内重加权,0,16,nan,0.0
1,81001,4,不使用 GP 产生的状态,1,历史重启阶段最优路径,GP 源内重加权,0,16,nan,0.0
1,81001,5,不使用 GP 产生的状态,1,历史重启阶段最优路径,GP 源内重加权,0,16,nan,0.0
1,81001,6,不使用 GP 产生的状态,1,历史重启阶段最优路径,GP 源内重加权,0,16,nan,0.0
1,81001,7,不使用 GP 产生的状态,1,历史重启阶段最优路径,GP 源内重加权,0,16,nan,0.0
1,81001,0,不使用 GP 产生的状态,1,历史全局最优路径,GP 源内重加权,0,16,nan,0.0
1,81001,1,不使用 GP 产生的状态,1,历史全局最优路径,GP 源内重加权,0,16,nan,0.0
1,81001,2,不使用 GP 产生的状态,1,历史全局最优路径,GP 源内重加权,0,16,nan,0.0
1,81001,3,不使用 GP 产生的状态,1,历史全局最优路径,GP 源内重加权,0,16,nan,0.0
1,81001,4,不使用 GP 产生的状态,1,历史全局最优路径,GP 源内重加权,0,16,nan,0.0
1,81001,5,不使用 GP 产生的状态,1,历史全局最优路径,GP 源内重加权,0,16,nan,0.0
1,81001,6,不使用 GP 产生的状态,1,历史全局最优路径,GP 源内重加权,0,16,nan,0.0
1,81001,7,不使用 GP 产生的状态,1,历史全局最优路径,GP 源内重加权,0,16,nan,0.0
1,81001,0,GP 表达式自身产生的状态,1,历史重启阶段最优路径,来源内均匀沉积,0,16,nan,0.0
1,81001,1,GP 表达式自身产生的状态,1,历史重启阶段最优路径,来源内均匀沉积,0,16,nan,0.0
1,81001,2,GP 表达式自身产生的状态,1,历史重启阶段最优路径,来源内均匀沉积,0,16,nan,0.0
1,81001,3,GP 表达式自身产生的状态,1,历史重启阶段最优路径,来源内均匀沉积,0,16,nan,0.0
1,81001,4,GP 表达式自身产生的状态,1,历史重启阶段最优路径,来源内均匀沉积,0,16,nan,0.0
1,81001,5,GP 表达式自身产生的状态,1,历史重启阶段最优路径,来源内均匀沉积,0,16,nan,0.0
1,81001,6,GP 表达式自身产生的状态,1,历史重启阶段最优路径,来源内均匀沉积,0,16,nan,0.0
1,81001,7,GP 表达式自身产生的状态,1,历史重启阶段最优路径,来源内均匀沉积,0,16,nan,0.0
1,81001,0,GP 表达式自身产生的状态,1,历史全局最优路径,来源内均匀沉积,0,16,nan,0.0
1,81001,1,GP 表达式自身产生的状态,1,历史全局最优路径,来源内均匀沉积,0,16,nan,0.0
1,81001,2,GP 表达式自身产生的状态,1,历史全局最优路径,来源内均匀沉积,0,16,nan,0.0
1,81001,3,GP 表达式自身产生的状态,1,历史全局最优路径,来源内均匀沉积,0,16,nan,0.0
1,81001,4,GP 表达式自身产生的状态,1,历史全局最优路径,来源内均匀沉积,0,16,nan,0.0
1,81001,5,GP 表达式自身产生的状态,1,历史全局最优路径,来源内均匀沉积,0,16,nan,0.0
1,81001,6,GP 表达式自身产生的状态,1,历史全局最优路径,来源内均匀沉积,0,16,nan,0.0
1,81001,7,GP 表达式自身产生的状态,1,历史全局最优路径,来源内均匀沉积,0,16,nan,0.0
1,81001,0,GP 表达式自身产生的状态,1,历史重启阶段最优路径,GP 源内重加权,0,16,nan,0.0
1,81001,1,GP 表达式自身产生的状态,1,历史重启阶段最优路径,GP 源内重加权,0,16,nan,0.0
1,81001,2,GP 表达式自身产生的状态,1,历史重启阶段最优路径,GP 源内重加权,0,16,nan,0.0
1,81001,3,GP 表达式自身产生的状态,1,历史重启阶段最优路径,GP 源内重加权,0,16,nan,0.0
1,81001,4,GP 表达式自身产生的状态,1,历史重启阶段最优路径,GP 源内重加权,0,16,nan,0.0
1,81001,5,GP 表达式自身产生的状态,1,历史重启阶段最优路径,GP 源内重加权,0,16,nan,0.0
1,81001,6,GP 表达式自身产生的状态,1,历史重启阶段最优路径,GP 源内重加权,0,16,nan,0.0
1,81001,7,GP 表达式自身产生的状态,1,历史重启阶段最优路径,GP 源内重加权,0,16,nan,0.0
1,81001,0,GP 表达式自身产生的状态,1,历史全局最优路径,GP 源内重加权,0,16,nan,0.0
1,81001,1,GP 表达式自身产生的状态,1,历史全局最优路径,GP 源内重加权,0,16,nan,0.0
1,81001,2,GP 表达式自身产生的状态,1,历史全局最优路径,GP 源内重加权,0,16,nan,0.0
1,81001,3,GP 表达式自身产生的状态,1,历史全局最优路径,GP 源内重加权,0,16,nan,0.0
1,81001,4,GP 表达式自身产生的状态,1,历史全局最优路径,GP 源内重加权,0,16,nan,0.0
1,81001,5,GP 表达式自身产生的状态,1,历史全局最优路径,GP 源内重加权,0,16,nan,0.0
1,81001,6,GP 表达式自身产生的状态,1,历史全局最优路径,GP 源内重加权,0,16,nan,0.0
1,81001,7,GP 表达式自身产生的状态,1,历史全局最优路径,GP 源内重加权,0,16,nan,0.0
1,81002,0,GP 表达式自身产生的状态,1,历史重启阶段最优路径,来源内均匀沉积,0,16,nan,0.0
1,81002,1,GP 表达式自身产生的状态,1,历史重启阶段最优路径,来源内均匀沉积,0,16,nan,0.0
1,81002,2,GP 表达式自身产生的状态,1,历史重启阶段最优路径,来源内均匀沉积,0,16,nan,0.0
1,81002,3,GP 表达式自身产生的状态,1,历史重启阶段最优路径,来源内均匀沉积,0,16,nan,0.0
1,81002,4,GP 表达式自身产生的状态,1,历史重启阶段最优路径,来源内均匀沉积,0,16,nan,0.0
1,81002,5,GP 表达式自身产生的状态,1,历史重启阶段最优路径,来源内均匀沉积,0,16,nan,0.0
1,81002,6,GP 表达式自身产生的状态,1,历史重启阶段最优路径,来源内均匀沉积,0,16,nan,0.0
1,81002,7,GP 表达式自身产生的状态,1,历史重启阶段最优路径,来源内均匀沉积,0,16,nan,0.0
1,81002,0,GP 表达式自身产生的状态,1,历史全局最优路径,来源内均匀沉积,0,16,nan,0.0
1,81002,1,GP 表达式自身产生的状态,1,历史全局最优路径,来源内均匀沉积,0,16,nan,0.0
1,81002,2,GP 表达式自身产生的状态,1,历史全局最优路径,来源内均匀沉积,0,16,nan,0.0
1,81002,3,GP 表达式自身产生的状态,1,历史全局最优路径,来源内均匀沉积,0,16,nan,0.0
1,81002,4,GP 表达式自身产生的状态,1,历史全局最优路径,来源内均匀沉积,0,16,nan,0.0
1,81002,5,GP 表达式自身产生的状态,1,历史全局最优路径,来源内均匀沉积,0,16,nan,0.0
1,81002,6,GP 表达式自身产生的状态,1,历史全局最优路径,来源内均匀沉积,0,16,nan,0.0
1,81002,7,GP 表达式自身产生的状态,1,历史全局最优路径,来源内均匀沉积,0,16,nan,0.0
1,81002,0,GP 表达式自身产生的状态,1,历史重启阶段最优路径,GP 源内重加权,0,16,nan,0.0
1,81002,1,GP 表达式自身产生的状态,1,历史重启阶段最优路径,GP 源内重加权,0,16,nan,0.0
1,81002,2,GP 表达式自身产生的状态,1,历史重启阶段最优路径,GP 源内重加权,0,16,nan,0.0
1,81002,3,GP 表达式自身产生的状态,1,历史重启阶段最优路径,GP 源内重加权,0,16,nan,0.0
1,81002,4,GP 表达式自身产生的状态,1,历史重启阶段最优路径,GP 源内重加权,0,16,nan,0.0
1,81002,5,GP 表达式自身产生的状态,1,历史重启阶段最优路径,GP 源内重加权,0,16,nan,0.0
1,81002,6,GP 表达式自身产生的状态,1,历史重启阶段最优路径,GP 源内重加权,0,16,nan,0.0
1,81002,7,GP 表达式自身产生的状态,1,历史重启阶段最优路径,GP 源内重加权,0,16,nan,0.0
1,81002,0,GP 表达式自身产生的状态,1,历史全局最优路径,GP 源内重加权,0,16,nan,0.0
1,81002,1,GP 表达式自身产生的状态,1,历史全局最优路径,GP 源内重加权,0,16,nan,0.0
1,81002,2,GP 表达式自身产生的状态,1,历史全局最优路径,GP 源内重加权,0,16,nan,0.0
1,81002,3,GP 表达式自身产生的状态,1,历史全局最优路径,GP 源内重加权,0,16,nan,0.0
1,81002,4,GP 表达式自身产生的状态,1,历史全局最优路径,GP 源内重加权,0,16,nan,0.0
1,81002,5,GP 表达式自身产生的状态,1,历史全局最优路径,GP 源内重加权,0,16,nan,0.0
1,81002,6,GP 表达式自身产生的状态,1,历史全局最优路径,GP 源内重加权,0,16,nan,0.0
1,81002,7,GP 表达式自身产生的状态,1,历史全局最优路径,GP 源内重加权,0,16,nan,0.0
1,81003,0,GP 表达式自身产生的状态,1,历史重启阶段最优路径,来源内均匀沉积,0,16,nan,0.0
1,81003,1,GP 表达式自身产生的状态,1,历史重启阶段最优路径,来源内均匀沉积,0,16,nan,0.0
1,81003,2,GP 表达式自身产生的状态,1,历史重启阶段最优路径,来源内均匀沉积,0,16,nan,0.0
1,81003,3,GP 表达式自身产生的状态,1,历史重启阶段最优路径,来源内均匀沉积,0,16,nan,0.0
1,81003,4,GP 表达式自身产生的状态,1,历史重启阶段最优路径,来源内均匀沉积,0,16,nan,0.0
1,81003,5,GP 表达式自身产生的状态,1,历史重启阶段最优路径,来源内均匀沉积,0,16,nan,0.0
1,81003,6,GP 表达式自身产生的状态,1,历史重启阶段最优路径,来源内均匀沉积,0,16,nan,0.0
1,81003,7,GP 表达式自身产生的状态,1,历史重启阶段最优路径,来源内均匀沉积,0,16,nan,0.0
1,81003,0,GP 表达式自身产生的状态,1,历史全局最优路径,来源内均匀沉积,0,16,nan,0.0
1,81003,1,GP 表达式自身产生的状态,1,历史全局最优路径,来源内均匀沉积,0,16,nan,0.0
1,81003,2,GP 表达式自身产生的状态,1,历史全局最优路径,来源内均匀沉积,0,16,nan,0.0
1,81003,3,GP 表达式自身产生的状态,1,历史全局最优路径,来源内均匀沉积,0,16,nan,0.0
1,81003,4,GP 表达式自身产生的状态,1,历史全局最优路径,来源内均匀沉积,0,16,nan,0.0
1,81003,5,GP 表达式自身产生的状态,1,历史全局最优路径,来源内均匀沉积,0,16,nan,0.0
1,81003,6,GP 表达式自身产生的状态,1,历史全局最优路径,来源内均匀沉积,0,16,nan,0.0
1,81003,7,GP 表达式自身产生的状态,1,历史全局最优路径,来源内均匀沉积,0,16,nan,0.0
1,81003,0,GP 表达式自身产生的状态,1,历史重启阶段最优路径,GP 源内重加权,0,16,nan,0.0
1,81003,1,GP 表达式自身产生的状态,1,历史重启阶段最优路径,GP 源内重加权,0,16,nan,0.0
1,81003,2,GP 表达式自身产生的状态,1,历史重启阶段最优路径,GP 源内重加权,0,16,nan,0.0
1,81003,3,GP 表达式自身产生的状态,1,历史重启阶段最优路径,GP 源内重加权,0,16,nan,0.0
1,81003,4,GP 表达式自身产生的状态,1,历史重启阶段最优路径,GP 源内重加权,0,16,nan,0.0
1,81003,5,GP 表达式自身产生的状态,1,历史重启阶段最优路径,GP 源内重加权,0,16,nan,0.0
1,81003,6,GP 表达式自身产生的状态,1,历史重启阶段最优路径,GP 源内重加权,0,16,nan,0.0
1,81003,7,GP 表达式自身产生的状态,1,历史重启阶段最优路径,GP 源内重加权,0,16,nan,0.0
1,81003,0,GP 表达式自身产生的状态,1,历史全局最优路径,GP 源内重加权,0,16,nan,0.0
1,81003,1,GP 表达式自身产生的状态,1,历史全局最优路径,GP 源内重加权,0,16,nan,0.0
1,81003,2,GP 表达式自身产生的状态,1,历史全局最优路径,GP 源内重加权,0,16,nan,0.0
1,81003,3,GP 表达式自身产生的状态,1,历史全局最优路径,GP 源内重加权,0,16,nan,0.0
1,81003,4,GP 表达式自身产生的状态,1,历史全局最优路径,GP 源内重加权,0,16,nan,0.0
1,81003,5,GP 表达式自身产生的状态,1,历史全局最优路径,GP 源内重加权,0,16,nan,0.0
1,81003,6,GP 表达式自身产生的状态,1,历史全局最优路径,GP 源内重加权,0,16,nan,0.0
1,81003,7,GP 表达式自身产生的状态,1,历史全局最优路径,GP 源内重加权,0,16,nan,0.0
1,81002,0,不使用 GP 产生的状态,100,历史重启阶段最优路径,来源内均匀沉积,0,16,nan,1.5687771311946344e-09
1,81002,1,不使用 GP 产生的状态,100,历史重启阶段最优路径,来源内均匀沉积,4,12,0.06400394461060945,2.326109369080893e-10
1,81002,2,不使用 GP 产生的状态,100,历史重启阶段最优路径,来源内均匀沉积,3,13,0.1712865494941528,0.0
1,81002,3,不使用 GP 产生的状态,100,历史重启阶段最优路径,来源内均匀沉积,3,13,0.02220989782804893,1.3983360542623948e-09
1,81002,4,不使用 GP 产生的状态,100,历史重启阶段最优路径,来源内均匀沉积,1,15,0.01217331790624965,4.0703589393063893e-10
1,81002,5,不使用 GP 产生的状态,100,历史重启阶段最优路径,来源内均匀沉积,4,12,0.11482395905900732,8.520949905229414e-12
1,81002,6,不使用 GP 产生的状态,100,历史重启阶段最优路径,来源内均匀沉积,0,16,nan,0.0
1,81002,7,不使用 GP 产生的状态,100,历史重启阶段最优路径,来源内均匀沉积,2,14,0.08652001329624713,0.0
1,81002,0,不使用 GP 产生的状态,100,历史全局最优路径,来源内均匀沉积,0,16,nan,1.5687771311946344e-09
1,81002,1,不使用 GP 产生的状态,100,历史全局最优路径,来源内均匀沉积,4,12,0.06400394461060945,2.326109369080893e-10
1,81002,2,不使用 GP 产生的状态,100,历史全局最优路径,来源内均匀沉积,3,13,0.1712865494941528,0.0
1,81002,3,不使用 GP 产生的状态,100,历史全局最优路径,来源内均匀沉积,3,13,0.02220989782804893,1.3983360542623948e-09
1,81002,4,不使用 GP 产生的状态,100,历史全局最优路径,来源内均匀沉积,1,15,0.01217331790624965,4.0703589393063893e-10
1,81002,5,不使用 GP 产生的状态,100,历史全局最优路径,来源内均匀沉积,4,12,0.11482395905900732,8.520949905229414e-12
1,81002,6,不使用 GP 产生的状态,100,历史全局最优路径,来源内均匀沉积,0,16,nan,0.0
1,81002,7,不使用 GP 产生的状态,100,历史全局最优路径,来源内均匀沉积,2,14,0.08652001329624713,0.0
1,81002,0,不使用 GP 产生的状态,100,历史重启阶段最优路径,GP 源内重加权,0,16,nan,0.00039562090791362716
1,81002,1,不使用 GP 产生的状态,100,历史重启阶段最优路径,GP 源内重加权,4,12,0.0492960843754187,0.0006784170374828568
1,81002,2,不使用 GP 产生的状态,100,历史重启阶段最优路径,GP 源内重加权,3,13,0.1282204951966384,6.532313729200656e-05
1,81002,3,不使用 GP 产生的状态,100,历史重启阶段最优路径,GP 源内重加权,3,13,0.021784915571183627,0.002629374991513091
1,81002,4,不使用 GP 产生的状态,100,历史重启阶段最优路径,GP 源内重加权,1,15,0.006891437138088963,1.3311521407225501e-05
1,81002,5,不使用 GP 产生的状态,100,历史重启阶段最优路径,GP 源内重加权,4,12,0.06921969729274051,0.0001986217867484223
1,81002,6,不使用 GP 产生的状态,100,历史重启阶段最优路径,GP 源内重加权,0,16,nan,0.0
1,81002,7,不使用 GP 产生的状态,100,历史重启阶段最优路径,GP 源内重加权,2,14,0.07578705713223431,4.473132099537323e-05
1,81002,0,不使用 GP 产生的状态,100,历史全局最优路径,GP 源内重加权,0,16,nan,0.00039562090791362716
1,81002,1,不使用 GP 产生的状态,100,历史全局最优路径,GP 源内重加权,4,12,0.0492960843754187,0.0006784170374828568
1,81002,2,不使用 GP 产生的状态,100,历史全局最优路径,GP 源内重加权,3,13,0.1282204951966384,6.532313729200656e-05
1,81002,3,不使用 GP 产生的状态,100,历史全局最优路径,GP 源内重加权,3,13,0.021784915571183627,0.002629374991513091
1,81002,4,不使用 GP 产生的状态,100,历史全局最优路径,GP 源内重加权,1,15,0.006891437138088963,1.3311521407225501e-05
1,81002,5,不使用 GP 产生的状态,100,历史全局最优路径,GP 源内重加权,4,12,0.06921969729274051,0.0001986217867484223
1,81002,6,不使用 GP 产生的状态,100,历史全局最优路径,GP 源内重加权,0,16,nan,0.0
1,81002,7,不使用 GP 产生的状态,100,历史全局最优路径,GP 源内重加权,2,14,0.07578705713223431,4.473132099537323e-05
1,81001,0,不使用 GP 产生的状态,100,历史重启阶段最优路径,来源内均匀沉积,0,16,nan,1.7280414334396405e-09
1,81001,1,不使用 GP 产生的状态,100,历史重启阶段最优路径,来源内均匀沉积,4,12,0.06166432459891692,4.253925430421644e-10
1,81001,2,不使用 GP 产生的状态,100,历史重启阶段最优路径,来源内均匀沉积,3,13,0.15667282229901588,0.0
1,81001,3,不使用 GP 产生的状态,100,历史重启阶段最优路径,来源内均匀沉积,3,13,0.025828313490935128,1.1010141556646346e-09
1,81001,4,不使用 GP 产生的状态,100,历史重启阶段最优路径,来源内均匀沉积,1,15,0.019916043340995313,6.841757542753279e-10
1,81001,5,不使用 GP 产生的状态,100,历史重启阶段最优路径,来源内均匀沉积,4,12,0.1130520070182356,1.666082033801042e-11
1,81001,6,不使用 GP 产生的状态,100,历史重启阶段最优路径,来源内均匀沉积,0,16,nan,0.0
1,81001,7,不使用 GP 产生的状态,100,历史重启阶段最优路径,来源内均匀沉积,2,14,0.08973105719417195,0.0
1,81001,0,不使用 GP 产生的状态,100,历史全局最优路径,来源内均匀沉积,0,16,nan,1.7280414334396405e-09
1,81001,1,不使用 GP 产生的状态,100,历史全局最优路径,来源内均匀沉积,4,12,0.06166432459891692,4.253925430421644e-10
1,81001,2,不使用 GP 产生的状态,100,历史全局最优路径,来源内均匀沉积,3,13,0.15667282229901588,0.0
1,81001,3,不使用 GP 产生的状态,100,历史全局最优路径,来源内均匀沉积,3,13,0.025828313490935128,1.1010141556646346e-09
1,81001,4,不使用 GP 产生的状态,100,历史全局最优路径,来源内均匀沉积,1,15,0.019916043340995313,6.841757542753279e-10
1,81001,5,不使用 GP 产生的状态,100,历史全局最优路径,来源内均匀沉积,4,12,0.1130520070182356,1.666082033801042e-11
1,81001,6,不使用 GP 产生的状态,100,历史全局最优路径,来源内均匀沉积,0,16,nan,0.0
1,81001,7,不使用 GP 产生的状态,100,历史全局最优路径,来源内均匀沉积,2,14,0.08973105719417195,0.0
1,81001,0,不使用 GP 产生的状态,100,历史重启阶段最优路径,GP 源内重加权,0,16,nan,4.958428569383937e-05
1,81001,1,不使用 GP 产生的状态,100,历史重启阶段最优路径,GP 源内重加权,4,12,0.04347363062051837,0.0001373737768895482
1,81001,2,不使用 GP 产生的状态,100,历史重启阶段最优路径,GP 源内重加权,3,13,0.11470092921239632,5.319952331928179e-05
1,81001,3,不使用 GP 产生的状态,100,历史重启阶段最优路径,GP 源内重加权,3,13,0.023322033269603318,0.0002897247754609734
1,81001,4,不使用 GP 产生的状态,100,历史重启阶段最优路径,GP 源内重加权,1,15,0.010294943744899749,1.7818340117163595e-06
1,81001,5,不使用 GP 产生的状态,100,历史重启阶段最优路径,GP 源内重加权,4,12,0.07700123297892388,5.253847770860371e-05
1,81001,6,不使用 GP 产生的状态,100,历史重启阶段最优路径,GP 源内重加权,0,16,nan,0.0
1,81001,7,不使用 GP 产生的状态,100,历史重启阶段最优路径,GP 源内重加权,2,14,0.07811812130094875,5.604308032285632e-05
1,81001,0,不使用 GP 产生的状态,100,历史全局最优路径,GP 源内重加权,0,16,nan,4.958428569383937e-05
1,81001,1,不使用 GP 产生的状态,100,历史全局最优路径,GP 源内重加权,4,12,0.04347363062051837,0.0001373737768895482
1,81001,2,不使用 GP 产生的状态,100,历史全局最优路径,GP 源内重加权,3,13,0.11470092921239632,5.319952331928179e-05
1,81001,3,不使用 GP 产生的状态,100,历史全局最优路径,GP 源内重加权,3,13,0.023322033269603318,0.0002897247754609734
1,81001,4,不使用 GP 产生的状态,100,历史全局最优路径,GP 源内重加权,1,15,0.010294943744899749,1.7818340117163595e-06
1,81001,5,不使用 GP 产生的状态,100,历史全局最优路径,GP 源内重加权,4,12,0.07700123297892388,5.253847770860371e-05
1,81001,6,不使用 GP 产生的状态,100,历史全局最优路径,GP 源内重加权,0,16,nan,0.0
1,81001,7,不使用 GP 产生的状态,100,历史全局最优路径,GP 源内重加权,2,14,0.07811812130094875,5.604308032285632e-05
1,81003,0,不使用 GP 产生的状态,100,历史重启阶段最优路径,来源内均匀沉积,0,16,nan,1.7280414334396405e-09
1,81003,1,不使用 GP 产生的状态,100,历史重启阶段最优路径,来源内均匀沉积,4,12,0.06166432459891692,4.253925430421644e-10
1,81003,2,不使用 GP 产生的状态,100,历史重启阶段最优路径,来源内均匀沉积,3,13,0.15667282229901588,0.0
1,81003,3,不使用 GP 产生的状态,100,历史重启阶段最优路径,来源内均匀沉积,3,13,0.025828313490935128,1.1010141556646346e-09
1,81003,4,不使用 GP 产生的状态,100,历史重启阶段最优路径,来源内均匀沉积,1,15,0.019916043340995313,6.841757542753279e-10
1,81003,5,不使用 GP 产生的状态,100,历史重启阶段最优路径,来源内均匀沉积,4,12,0.1130520070182356,1.666082033801042e-11
1,81003,6,不使用 GP 产生的状态,100,历史重启阶段最优路径,来源内均匀沉积,0,16,nan,0.0
1,81003,7,不使用 GP 产生的状态,100,历史重启阶段最优路径,来源内均匀沉积,2,14,0.08973105719417195,0.0
1,81003,0,不使用 GP 产生的状态,100,历史全局最优路径,来源内均匀沉积,0,16,nan,1.7280414334396405e-09
1,81003,1,不使用 GP 产生的状态,100,历史全局最优路径,来源内均匀沉积,4,12,0.06166432459891692,4.253925430421644e-10
1,81003,2,不使用 GP 产生的状态,100,历史全局最优路径,来源内均匀沉积,3,13,0.15667282229901588,0.0
1,81003,3,不使用 GP 产生的状态,100,历史全局最优路径,来源内均匀沉积,3,13,0.025828313490935128,1.1010141556646346e-09
1,81003,4,不使用 GP 产生的状态,100,历史全局最优路径,来源内均匀沉积,1,15,0.019916043340995313,6.841757542753279e-10
1,81003,5,不使用 GP 产生的状态,100,历史全局最优路径,来源内均匀沉积,4,12,0.1130520070182356,1.666082033801042e-11
1,81003,6,不使用 GP 产生的状态,100,历史全局最优路径,来源内均匀沉积,0,16,nan,0.0
1,81003,7,不使用 GP 产生的状态,100,历史全局最优路径,来源内均匀沉积,2,14,0.08973105719417195,0.0
1,81003,0,不使用 GP 产生的状态,100,历史重启阶段最优路径,GP 源内重加权,0,16,nan,4.412708992495209e-05
1,81003,1,不使用 GP 产生的状态,100,历史重启阶段最优路径,GP 源内重加权,4,12,0.045730674748665955,0.00014908754309189627
1,81003,2,不使用 GP 产生的状态,100,历史重启阶段最优路径,GP 源内重加权,3,13,0.12091455640457903,6.129137399353102e-05
1,81003,3,不使用 GP 产生的状态,100,历史重启阶段最优路径,GP 源内重加权,3,13,0.024003000607215667,0.0002760719266351087
1,81003,4,不使用 GP 产生的状态,100,历史重启阶段最优路径,GP 源内重加权,1,15,0.010752930835071495,1.0296827418871351e-06
1,81003,5,不使用 GP 产生的状态,100,历史重启阶段最优路径,GP 源内重加权,4,12,0.08064730955921684,6.537819573097187e-05
1,81003,6,不使用 GP 产生的状态,100,历史重启阶段最优路径,GP 源内重加权,0,16,nan,0.0
1,81003,7,不使用 GP 产生的状态,100,历史重启阶段最优路径,GP 源内重加权,2,14,0.08169356576193557,5.4518227503968154e-05
1,81003,0,不使用 GP 产生的状态,100,历史全局最优路径,GP 源内重加权,0,16,nan,4.412708992495209e-05
1,81003,1,不使用 GP 产生的状态,100,历史全局最优路径,GP 源内重加权,4,12,0.045730674748665955,0.00014908754309189627
1,81003,2,不使用 GP 产生的状态,100,历史全局最优路径,GP 源内重加权,3,13,0.12091455640457903,6.129137399353102e-05
1,81003,3,不使用 GP 产生的状态,100,历史全局最优路径,GP 源内重加权,3,13,0.024003000607215667,0.0002760719266351087
1,81003,4,不使用 GP 产生的状态,100,历史全局最优路径,GP 源内重加权,1,15,0.010752930835071495,1.0296827418871351e-06
1,81003,5,不使用 GP 产生的状态,100,历史全局最优路径,GP 源内重加权,4,12,0.08064730955921684,6.537819573097187e-05
1,81003,6,不使用 GP 产生的状态,100,历史全局最优路径,GP 源内重加权,0,16,nan,0.0
1,81003,7,不使用 GP 产生的状态,100,历史全局最优路径,GP 源内重加权,2,14,0.08169356576193557,5.4518227503968154e-05
1,81001,0,GP 表达式自身产生的状态,100,历史重启阶段最优路径,来源内均匀沉积,1,15,0.21460891554493317,1.5167224236498924e-09
1,81001,1,GP 表达式自身产生的状态,100,历史重启阶段最优路径,来源内均匀沉积,3,13,0.05423547869446593,4.949339471629991e-10
1,81001,2,GP 表达式自身产生的状态,100,历史重启阶段最优路径,来源内均匀沉积,2,14,0.09306536569148655,0.0
1,81001,3,GP 表达式自身产生的状态,100,历史重启阶段最优路径,来源内均匀沉积,0,16,nan,0.0
1,81001,4,GP 表达式自身产生的状态,100,历史重启阶段最优路径,来源内均匀沉积,4,12,0.07440459924274907,0.0
1,81001,5,GP 表达式自身产生的状态,100,历史重启阶段最优路径,来源内均匀沉积,2,14,0.12637368223179893,0.0
1,81001,6,GP 表达式自身产生的状态,100,历史重启阶段最优路径,来源内均匀沉积,0,16,nan,0.0
1,81001,7,GP 表达式自身产生的状态,100,历史重启阶段最优路径,来源内均匀沉积,5,11,0.14921971618288993,1.3712479049479766e-09
1,81001,0,GP 表达式自身产生的状态,100,历史全局最优路径,来源内均匀沉积,1,15,0.21460891554493317,1.5167224236498924e-09
1,81001,1,GP 表达式自身产生的状态,100,历史全局最优路径,来源内均匀沉积,3,13,0.05423547869446593,4.949339471629991e-10
1,81001,2,GP 表达式自身产生的状态,100,历史全局最优路径,来源内均匀沉积,2,14,0.09306536569148655,0.0
1,81001,3,GP 表达式自身产生的状态,100,历史全局最优路径,来源内均匀沉积,0,16,nan,0.0
1,81001,4,GP 表达式自身产生的状态,100,历史全局最优路径,来源内均匀沉积,4,12,0.07440459924274907,0.0
1,81001,5,GP 表达式自身产生的状态,100,历史全局最优路径,来源内均匀沉积,2,14,0.12637368223179893,0.0
1,81001,6,GP 表达式自身产生的状态,100,历史全局最优路径,来源内均匀沉积,0,16,nan,0.0
1,81001,7,GP 表达式自身产生的状态,100,历史全局最优路径,来源内均匀沉积,5,11,0.14921971618288993,1.3712479049479766e-09
1,81001,0,GP 表达式自身产生的状态,100,历史重启阶段最优路径,GP 源内重加权,1,15,0.2048451563233083,8.446903287206562e-07
1,81001,1,GP 表达式自身产生的状态,100,历史重启阶段最优路径,GP 源内重加权,3,13,0.029020121403032447,3.860088677782606e-06
1,81001,2,GP 表达式自身产生的状态,100,历史重启阶段最优路径,GP 源内重加权,2,14,0.06075137350083154,3.265612833110399e-06
1,81001,3,GP 表达式自身产生的状态,100,历史重启阶段最优路径,GP 源内重加权,0,16,nan,0.0
1,81001,4,GP 表达式自身产生的状态,100,历史重启阶段最优路径,GP 源内重加权,4,12,0.05512679741951153,8.431602917754736e-06
1,81001,5,GP 表达式自身产生的状态,100,历史重启阶段最优路径,GP 源内重加权,2,14,0.0835756747999704,6.154982269766805e-06
1,81001,6,GP 表达式自身产生的状态,100,历史重启阶段最优路径,GP 源内重加权,0,16,nan,3.2051458966051844e-09
1,81001,7,GP 表达式自身产生的状态,100,历史重启阶段最优路径,GP 源内重加权,5,11,0.10328904273976418,7.577166585720698e-05
1,81001,0,GP 表达式自身产生的状态,100,历史全局最优路径,GP 源内重加权,1,15,0.2048451563233083,8.446903287206562e-07
1,81001,1,GP 表达式自身产生的状态,100,历史全局最优路径,GP 源内重加权,3,13,0.029020121403032447,3.860088677782606e-06
1,81001,2,GP 表达式自身产生的状态,100,历史全局最优路径,GP 源内重加权,2,14,0.06075137350083154,3.265612833110399e-06
1,81001,3,GP 表达式自身产生的状态,100,历史全局最优路径,GP 源内重加权,0,16,nan,0.0
1,81001,4,GP 表达式自身产生的状态,100,历史全局最优路径,GP 源内重加权,4,12,0.05512679741951153,8.431602917754736e-06
1,81001,5,GP 表达式自身产生的状态,100,历史全局最优路径,GP 源内重加权,2,14,0.0835756747999704,6.154982269766805e-06
1,81001,6,GP 表达式自身产生的状态,100,历史全局最优路径,GP 源内重加权,0,16,nan,3.2051458966051844e-09
1,81001,7,GP 表达式自身产生的状态,100,历史全局最优路径,GP 源内重加权,5,11,0.10328904273976418,7.577166585720698e-05
1,81002,0,GP 表达式自身产生的状态,100,历史重启阶段最优路径,来源内均匀沉积,1,15,0.17981226295146732,0.0
1,81002,1,GP 表达式自身产生的状态,100,历史重启阶段最优路径,来源内均匀沉积,1,15,0.016923251548874425,9.399123890756536e-10
1,81002,2,GP 表达式自身产生的状态,100,历史重启阶段最优路径,来源内均匀沉积,0,16,nan,0.0
1,81002,3,GP 表达式自身产生的状态,100,历史重启阶段最优路径,来源内均匀沉积,2,14,0.2261022210651338,1.1615752638807977e-09
1,81002,4,GP 表达式自身产生的状态,100,历史重启阶段最优路径,来源内均匀沉积,0,16,nan,0.0
1,81002,5,GP 表达式自身产生的状态,100,历史重启阶段最优路径,来源内均匀沉积,0,16,nan,0.0
1,81002,6,GP 表达式自身产生的状态,100,历史重启阶段最优路径,来源内均匀沉积,0,16,nan,0.0
1,81002,7,GP 表达式自身产生的状态,100,历史重启阶段最优路径,来源内均匀沉积,1,15,0.12341363002634193,0.0
1,81002,0,GP 表达式自身产生的状态,100,历史全局最优路径,来源内均匀沉积,1,15,0.17981226295146732,0.0
1,81002,1,GP 表达式自身产生的状态,100,历史全局最优路径,来源内均匀沉积,1,15,0.016923251548874425,9.399123890756536e-10
1,81002,2,GP 表达式自身产生的状态,100,历史全局最优路径,来源内均匀沉积,0,16,nan,0.0
1,81002,3,GP 表达式自身产生的状态,100,历史全局最优路径,来源内均匀沉积,2,14,0.2261022210651338,1.1615752638807977e-09
1,81002,4,GP 表达式自身产生的状态,100,历史全局最优路径,来源内均匀沉积,0,16,nan,0.0
1,81002,5,GP 表达式自身产生的状态,100,历史全局最优路径,来源内均匀沉积,0,16,nan,0.0
1,81002,6,GP 表达式自身产生的状态,100,历史全局最优路径,来源内均匀沉积,0,16,nan,0.0
1,81002,7,GP 表达式自身产生的状态,100,历史全局最优路径,来源内均匀沉积,1,15,0.12341363002634193,0.0
1,81002,0,GP 表达式自身产生的状态,100,历史重启阶段最优路径,GP 源内重加权,1,15,0.14092030602073272,4.0095465139810725e-06
1,81002,1,GP 表达式自身产生的状态,100,历史重启阶段最优路径,GP 源内重加权,1,15,0.008810458636366838,3.552496989109072e-06
1,81002,2,GP 表达式自身产生的状态,100,历史重启阶段最优路径,GP 源内重加权,0,16,nan,8.328670022015368e-10
1,81002,3,GP 表达式自身产生的状态,100,历史重启阶段最优路径,GP 源内重加权,2,14,0.17503183253742371,0.000485157893810852
1,81002,4,GP 表达式自身产生的状态,100,历史重启阶段最优路径,GP 源内重加权,0,16,nan,0.0
1,81002,5,GP 表达式自身产生的状态,100,历史重启阶段最优路径,GP 源内重加权,0,16,nan,1.4610461250864346e-09
1,81002,6,GP 表达式自身产生的状态,100,历史重启阶段最优路径,GP 源内重加权,0,16,nan,8.858861278888548e-10
1,81002,7,GP 表达式自身产生的状态,100,历史重启阶段最优路径,GP 源内重加权,1,15,0.0661872191783238,4.5438151562419225e-05
1,81002,0,GP 表达式自身产生的状态,100,历史全局最优路径,GP 源内重加权,1,15,0.14092030602073272,4.0095465139810725e-06
1,81002,1,GP 表达式自身产生的状态,100,历史全局最优路径,GP 源内重加权,1,15,0.008810458636366838,3.552496989109072e-06
1,81002,2,GP 表达式自身产生的状态,100,历史全局最优路径,GP 源内重加权,0,16,nan,8.328670022015368e-10
1,81002,3,GP 表达式自身产生的状态,100,历史全局最优路径,GP 源内重加权,2,14,0.17503183253742371,0.000485157893810852
1,81002,4,GP 表达式自身产生的状态,100,历史全局最优路径,GP 源内重加权,0,16,nan,0.0
1,81002,5,GP 表达式自身产生的状态,100,历史全局最优路径,GP 源内重加权,0,16,nan,1.4610461250864346e-09
1,81002,6,GP 表达式自身产生的状态,100,历史全局最优路径,GP 源内重加权,0,16,nan,8.858861278888548e-10
1,81002,7,GP 表达式自身产生的状态,100,历史全局最优路径,GP 源内重加权,1,15,0.0661872191783238,4.5438151562419225e-05
1,81003,0,GP 表达式自身产生的状态,100,历史重启阶段最优路径,来源内均匀沉积,0,16,nan,0.0
1,81003,1,GP 表达式自身产生的状态,100,历史重启阶段最优路径,来源内均匀沉积,4,12,0.1044698423538649,9.046600349591278e-10
1,81003,2,GP 表达式自身产生的状态,100,历史重启阶段最优路径,来源内均匀沉积,1,15,0.041800486583598064,0.0
1,81003,3,GP 表达式自身产生的状态,100,历史重启阶段最优路径,来源内均匀沉积,4,12,0.07219779859647704,0.0
1,81003,4,GP 表达式自身产生的状态,100,历史重启阶段最优路径,来源内均匀沉积,0,16,nan,0.0
1,81003,5,GP 表达式自身产生的状态,100,历史重启阶段最优路径,来源内均匀沉积,0,16,nan,0.0
1,81003,6,GP 表达式自身产生的状态,100,历史重启阶段最优路径,来源内均匀沉积,0,16,nan,0.0
1,81003,7,GP 表达式自身产生的状态,100,历史重启阶段最优路径,来源内均匀沉积,0,16,nan,0.0
1,81003,0,GP 表达式自身产生的状态,100,历史全局最优路径,来源内均匀沉积,0,16,nan,0.0
1,81003,1,GP 表达式自身产生的状态,100,历史全局最优路径,来源内均匀沉积,4,12,0.1044698423538649,9.046600349591278e-10
1,81003,2,GP 表达式自身产生的状态,100,历史全局最优路径,来源内均匀沉积,1,15,0.041800486583598064,0.0
1,81003,3,GP 表达式自身产生的状态,100,历史全局最优路径,来源内均匀沉积,4,12,0.07219779859647704,0.0
1,81003,4,GP 表达式自身产生的状态,100,历史全局最优路径,来源内均匀沉积,0,16,nan,0.0
1,81003,5,GP 表达式自身产生的状态,100,历史全局最优路径,来源内均匀沉积,0,16,nan,0.0
1,81003,6,GP 表达式自身产生的状态,100,历史全局最优路径,来源内均匀沉积,0,16,nan,0.0
1,81003,7,GP 表达式自身产生的状态,100,历史全局最优路径,来源内均匀沉积,0,16,nan,0.0
1,81003,0,GP 表达式自身产生的状态,100,历史重启阶段最优路径,GP 源内重加权,0,16,nan,1.28461579773662e-05
1,81003,1,GP 表达式自身产生的状态,100,历史重启阶段最优路径,GP 源内重加权,4,12,0.07818403174344361,0.00011315019903236231
1,81003,2,GP 表达式自身产生的状态,100,历史重启阶段最优路径,GP 源内重加权,1,15,0.025865314252320692,3.073338102607646e-05
1,81003,3,GP 表达式自身产生的状态,100,历史重启阶段最优路径,GP 源内重加权,4,12,0.06625502041831068,2.2624296016945946e-05
1,81003,4,GP 表达式自身产生的状态,100,历史重启阶段最优路径,GP 源内重加权,0,16,nan,4.973245952996274e-07
1,81003,5,GP 表达式自身产生的状态,100,历史重启阶段最优路径,GP 源内重加权,0,16,nan,5.402001826159627e-06
1,81003,6,GP 表达式自身产生的状态,100,历史重启阶段最优路径,GP 源内重加权,0,16,nan,6.849625009197121e-06
1,81003,7,GP 表达式自身产生的状态,100,历史重启阶段最优路径,GP 源内重加权,0,16,nan,0.0
1,81003,0,GP 表达式自身产生的状态,100,历史全局最优路径,GP 源内重加权,0,16,nan,1.28461579773662e-05
1,81003,1,GP 表达式自身产生的状态,100,历史全局最优路径,GP 源内重加权,4,12,0.07818403174344361,0.00011315019903236231
1,81003,2,GP 表达式自身产生的状态,100,历史全局最优路径,GP 源内重加权,1,15,0.025865314252320692,3.073338102607646e-05
1,81003,3,GP 表达式自身产生的状态,100,历史全局最优路径,GP 源内重加权,4,12,0.06625502041831068,2.2624296016945946e-05
1,81003,4,GP 表达式自身产生的状态,100,历史全局最优路径,GP 源内重加权,0,16,nan,4.973245952996274e-07
1,81003,5,GP 表达式自身产生的状态,100,历史全局最优路径,GP 源内重加权,0,16,nan,5.402001826159627e-06
1,81003,6,GP 表达式自身产生的状态,100,历史全局最优路径,GP 源内重加权,0,16,nan,6.849625009197121e-06
1,81003,7,GP 表达式自身产生的状态,100,历史全局最优路径,GP 源内重加权,0,16,nan,0.0
1,81003,0,不使用 GP 产生的状态,250,历史重启阶段最优路径,来源内均匀沉积,0,16,nan,0.0
1,81003,1,不使用 GP 产生的状态,250,历史重启阶段最优路径,来源内均匀沉积,0,16,nan,0.0
1,81003,2,不使用 GP 产生的状态,250,历史重启阶段最优路径,来源内均匀沉积,0,16,nan,0.0
1,81003,3,不使用 GP 产生的状态,250,历史重启阶段最优路径,来源内均匀沉积,0,16,nan,0.0
1,81003,4,不使用 GP 产生的状态,250,历史重启阶段最优路径,来源内均匀沉积,0,16,nan,0.0
1,81003,5,不使用 GP 产生的状态,250,历史重启阶段最优路径,来源内均匀沉积,0,16,nan,0.0
1,81003,6,不使用 GP 产生的状态,250,历史重启阶段最优路径,来源内均匀沉积,0,16,nan,0.0
1,81003,7,不使用 GP 产生的状态,250,历史重启阶段最优路径,来源内均匀沉积,0,16,nan,0.0
1,81003,0,不使用 GP 产生的状态,250,历史全局最优路径,来源内均匀沉积,0,16,nan,0.0
1,81003,1,不使用 GP 产生的状态,250,历史全局最优路径,来源内均匀沉积,0,16,nan,0.0
1,81003,2,不使用 GP 产生的状态,250,历史全局最优路径,来源内均匀沉积,0,16,nan,0.0
1,81003,3,不使用 GP 产生的状态,250,历史全局最优路径,来源内均匀沉积,0,16,nan,0.0
1,81003,4,不使用 GP 产生的状态,250,历史全局最优路径,来源内均匀沉积,0,16,nan,0.0
1,81003,5,不使用 GP 产生的状态,250,历史全局最优路径,来源内均匀沉积,0,16,nan,0.0
1,81003,6,不使用 GP 产生的状态,250,历史全局最优路径,来源内均匀沉积,0,16,nan,0.0
1,81003,7,不使用 GP 产生的状态,250,历史全局最优路径,来源内均匀沉积,0,16,nan,0.0
1,81003,0,不使用 GP 产生的状态,250,历史重启阶段最优路径,GP 源内重加权,0,16,nan,1.6576749671791273e-10
1,81003,1,不使用 GP 产生的状态,250,历史重启阶段最优路径,GP 源内重加权,0,16,nan,0.0
1,81003,2,不使用 GP 产生的状态,250,历史重启阶段最优路径,GP 源内重加权,0,16,nan,5.239501803446858e-10
1,81003,3,不使用 GP 产生的状态,250,历史重启阶段最优路径,GP 源内重加权,0,16,nan,1.4172103971223971e-08
1,81003,4,不使用 GP 产生的状态,250,历史重启阶段最优路径,GP 源内重加权,0,16,nan,2.3639644941779827e-11
1,81003,5,不使用 GP 产生的状态,250,历史重启阶段最优路径,GP 源内重加权,0,16,nan,1.7000976956547558e-09
1,81003,6,不使用 GP 产生的状态,250,历史重启阶段最优路径,GP 源内重加权,0,16,nan,8.626987862029146e-08
1,81003,7,不使用 GP 产生的状态,250,历史重启阶段最优路径,GP 源内重加权,0,16,nan,2.3298711731406584e-09
1,81003,0,不使用 GP 产生的状态,250,历史全局最优路径,GP 源内重加权,0,16,nan,1.6576749671791273e-10
1,81003,1,不使用 GP 产生的状态,250,历史全局最优路径,GP 源内重加权,0,16,nan,0.0
1,81003,2,不使用 GP 产生的状态,250,历史全局最优路径,GP 源内重加权,0,16,nan,5.239501803446858e-10
1,81003,3,不使用 GP 产生的状态,250,历史全局最优路径,GP 源内重加权,0,16,nan,1.4172103971223971e-08
1,81003,4,不使用 GP 产生的状态,250,历史全局最优路径,GP 源内重加权,0,16,nan,2.3639644941779827e-11
1,81003,5,不使用 GP 产生的状态,250,历史全局最优路径,GP 源内重加权,0,16,nan,1.7000976956547558e-09
1,81003,6,不使用 GP 产生的状态,250,历史全局最优路径,GP 源内重加权,0,16,nan,8.626987862029146e-08
1,81003,7,不使用 GP 产生的状态,250,历史全局最优路径,GP 源内重加权,0,16,nan,2.3298711731406584e-09
1,81001,0,不使用 GP 产生的状态,250,历史重启阶段最优路径,来源内均匀沉积,0,16,nan,0.0
1,81001,1,不使用 GP 产生的状态,250,历史重启阶段最优路径,来源内均匀沉积,0,16,nan,0.0
1,81001,2,不使用 GP 产生的状态,250,历史重启阶段最优路径,来源内均匀沉积,0,16,nan,0.0
1,81001,3,不使用 GP 产生的状态,250,历史重启阶段最优路径,来源内均匀沉积,0,16,nan,0.0
1,81001,4,不使用 GP 产生的状态,250,历史重启阶段最优路径,来源内均匀沉积,0,16,nan,0.0
1,81001,5,不使用 GP 产生的状态,250,历史重启阶段最优路径,来源内均匀沉积,0,16,nan,0.0
1,81001,6,不使用 GP 产生的状态,250,历史重启阶段最优路径,来源内均匀沉积,0,16,nan,0.0
1,81001,7,不使用 GP 产生的状态,250,历史重启阶段最优路径,来源内均匀沉积,0,16,nan,0.0
1,81001,0,不使用 GP 产生的状态,250,历史全局最优路径,来源内均匀沉积,0,16,nan,0.0
1,81001,1,不使用 GP 产生的状态,250,历史全局最优路径,来源内均匀沉积,0,16,nan,0.0
1,81001,2,不使用 GP 产生的状态,250,历史全局最优路径,来源内均匀沉积,0,16,nan,0.0
1,81001,3,不使用 GP 产生的状态,250,历史全局最优路径,来源内均匀沉积,0,16,nan,0.0
1,81001,4,不使用 GP 产生的状态,250,历史全局最优路径,来源内均匀沉积,0,16,nan,0.0
1,81001,5,不使用 GP 产生的状态,250,历史全局最优路径,来源内均匀沉积,0,16,nan,0.0
1,81001,6,不使用 GP 产生的状态,250,历史全局最优路径,来源内均匀沉积,0,16,nan,0.0
1,81001,7,不使用 GP 产生的状态,250,历史全局最优路径,来源内均匀沉积,0,16,nan,0.0
1,81001,0,不使用 GP 产生的状态,250,历史重启阶段最优路径,GP 源内重加权,0,16,nan,2.1365127585677587e-09
1,81001,1,不使用 GP 产生的状态,250,历史重启阶段最优路径,GP 源内重加权,0,16,nan,0.0
1,81001,2,不使用 GP 产生的状态,250,历史重启阶段最优路径,GP 源内重加权,0,16,nan,1.264584111527086e-10
1,81001,3,不使用 GP 产生的状态,250,历史重启阶段最优路径,GP 源内重加权,0,16,nan,1.3668262205114942e-09
1,81001,4,不使用 GP 产生的状态,250,历史重启阶段最优路径,GP 源内重加权,0,16,nan,3.3995764072125596e-12
1,81001,5,不使用 GP 产生的状态,250,历史重启阶段最优路径,GP 源内重加权,0,16,nan,0.0
1,81001,6,不使用 GP 产生的状态,250,历史重启阶段最优路径,GP 源内重加权,0,16,nan,9.08332899936571e-10
1,81001,7,不使用 GP 产生的状态,250,历史重启阶段最优路径,GP 源内重加权,0,16,nan,4.5166416028016193e-10
1,81001,0,不使用 GP 产生的状态,250,历史全局最优路径,GP 源内重加权,0,16,nan,2.1365127585677587e-09
1,81001,1,不使用 GP 产生的状态,250,历史全局最优路径,GP 源内重加权,0,16,nan,0.0
1,81001,2,不使用 GP 产生的状态,250,历史全局最优路径,GP 源内重加权,0,16,nan,1.264584111527086e-10
1,81001,3,不使用 GP 产生的状态,250,历史全局最优路径,GP 源内重加权,0,16,nan,1.3668262205114942e-09
1,81001,4,不使用 GP 产生的状态,250,历史全局最优路径,GP 源内重加权,0,16,nan,3.3995764072125596e-12
1,81001,5,不使用 GP 产生的状态,250,历史全局最优路径,GP 源内重加权,0,16,nan,0.0
1,81001,6,不使用 GP 产生的状态,250,历史全局最优路径,GP 源内重加权,0,16,nan,9.08332899936571e-10
1,81001,7,不使用 GP 产生的状态,250,历史全局最优路径,GP 源内重加权,0,16,nan,4.5166416028016193e-10
1,81002,0,不使用 GP 产生的状态,250,历史重启阶段最优路径,来源内均匀沉积,0,16,nan,0.0
1,81002,1,不使用 GP 产生的状态,250,历史重启阶段最优路径,来源内均匀沉积,0,16,nan,0.0
1,81002,2,不使用 GP 产生的状态,250,历史重启阶段最优路径,来源内均匀沉积,0,16,nan,0.0
1,81002,3,不使用 GP 产生的状态,250,历史重启阶段最优路径,来源内均匀沉积,0,16,nan,0.0
1,81002,4,不使用 GP 产生的状态,250,历史重启阶段最优路径,来源内均匀沉积,0,16,nan,0.0
1,81002,5,不使用 GP 产生的状态,250,历史重启阶段最优路径,来源内均匀沉积,0,16,nan,0.0
1,81002,6,不使用 GP 产生的状态,250,历史重启阶段最优路径,来源内均匀沉积,0,16,nan,0.0
1,81002,7,不使用 GP 产生的状态,250,历史重启阶段最优路径,来源内均匀沉积,0,16,nan,0.0
1,81002,0,不使用 GP 产生的状态,250,历史全局最优路径,来源内均匀沉积,0,16,nan,0.0
1,81002,1,不使用 GP 产生的状态,250,历史全局最优路径,来源内均匀沉积,0,16,nan,0.0
1,81002,2,不使用 GP 产生的状态,250,历史全局最优路径,来源内均匀沉积,0,16,nan,0.0
1,81002,3,不使用 GP 产生的状态,250,历史全局最优路径,来源内均匀沉积,0,16,nan,0.0
1,81002,4,不使用 GP 产生的状态,250,历史全局最优路径,来源内均匀沉积,0,16,nan,0.0
1,81002,5,不使用 GP 产生的状态,250,历史全局最优路径,来源内均匀沉积,0,16,nan,0.0
1,81002,6,不使用 GP 产生的状态,250,历史全局最优路径,来源内均匀沉积,0,16,nan,0.0
1,81002,7,不使用 GP 产生的状态,250,历史全局最优路径,来源内均匀沉积,0,16,nan,0.0
1,81002,0,不使用 GP 产生的状态,250,历史重启阶段最优路径,GP 源内重加权,0,16,nan,7.794850278390835e-10
1,81002,1,不使用 GP 产生的状态,250,历史重启阶段最优路径,GP 源内重加权,0,16,nan,0.0
1,81002,2,不使用 GP 产生的状态,250,历史重启阶段最优路径,GP 源内重加权,0,16,nan,1.0353824582389134e-09
1,81002,3,不使用 GP 产生的状态,250,历史重启阶段最优路径,GP 源内重加权,0,16,nan,1.8864044985953574e-09
1,81002,4,不使用 GP 产生的状态,250,历史重启阶段最优路径,GP 源内重加权,0,16,nan,1.7266995776139612e-06
1,81002,5,不使用 GP 产生的状态,250,历史重启阶段最优路径,GP 源内重加权,0,16,nan,4.894483297921442e-09
1,81002,6,不使用 GP 产生的状态,250,历史重启阶段最优路径,GP 源内重加权,0,16,nan,7.391117354831759e-08
1,81002,7,不使用 GP 产生的状态,250,历史重启阶段最优路径,GP 源内重加权,0,16,nan,2.799128445780323e-11
1,81002,0,不使用 GP 产生的状态,250,历史全局最优路径,GP 源内重加权,0,16,nan,7.794850278390835e-10
1,81002,1,不使用 GP 产生的状态,250,历史全局最优路径,GP 源内重加权,0,16,nan,0.0
1,81002,2,不使用 GP 产生的状态,250,历史全局最优路径,GP 源内重加权,0,16,nan,1.0353824582389134e-09
1,81002,3,不使用 GP 产生的状态,250,历史全局最优路径,GP 源内重加权,0,16,nan,1.8864044985953574e-09
1,81002,4,不使用 GP 产生的状态,250,历史全局最优路径,GP 源内重加权,0,16,nan,1.7266995776139612e-06
1,81002,5,不使用 GP 产生的状态,250,历史全局最优路径,GP 源内重加权,0,16,nan,4.894483297921442e-09
1,81002,6,不使用 GP 产生的状态,250,历史全局最优路径,GP 源内重加权,0,16,nan,7.391117354831759e-08
1,81002,7,不使用 GP 产生的状态,250,历史全局最优路径,GP 源内重加权,0,16,nan,2.799128445780323e-11
1,81001,0,GP 表达式自身产生的状态,250,历史重启阶段最优路径,来源内均匀沉积,0,16,nan,0.0
1,81001,1,GP 表达式自身产生的状态,250,历史重启阶段最优路径,来源内均匀沉积,0,16,nan,0.0
1,81001,2,GP 表达式自身产生的状态,250,历史重启阶段最优路径,来源内均匀沉积,0,16,nan,0.0
1,81001,3,GP 表达式自身产生的状态,250,历史重启阶段最优路径,来源内均匀沉积,0,16,nan,0.0
1,81001,4,GP 表达式自身产生的状态,250,历史重启阶段最优路径,来源内均匀沉积,0,16,nan,0.0
1,81001,5,GP 表达式自身产生的状态,250,历史重启阶段最优路径,来源内均匀沉积,0,16,nan,0.0
1,81001,6,GP 表达式自身产生的状态,250,历史重启阶段最优路径,来源内均匀沉积,0,16,nan,0.0
1,81001,7,GP 表达式自身产生的状态,250,历史重启阶段最优路径,来源内均匀沉积,0,16,nan,0.0
1,81001,0,GP 表达式自身产生的状态,250,历史全局最优路径,来源内均匀沉积,0,16,nan,0.0
1,81001,1,GP 表达式自身产生的状态,250,历史全局最优路径,来源内均匀沉积,0,16,nan,0.0
1,81001,2,GP 表达式自身产生的状态,250,历史全局最优路径,来源内均匀沉积,0,16,nan,0.0
1,81001,3,GP 表达式自身产生的状态,250,历史全局最优路径,来源内均匀沉积,0,16,nan,0.0
1,81001,4,GP 表达式自身产生的状态,250,历史全局最优路径,来源内均匀沉积,0,16,nan,0.0
1,81001,5,GP 表达式自身产生的状态,250,历史全局最优路径,来源内均匀沉积,0,16,nan,0.0
1,81001,6,GP 表达式自身产生的状态,250,历史全局最优路径,来源内均匀沉积,0,16,nan,0.0
1,81001,7,GP 表达式自身产生的状态,250,历史全局最优路径,来源内均匀沉积,0,16,nan,0.0
1,81001,0,GP 表达式自身产生的状态,250,历史重启阶段最优路径,GP 源内重加权,0,16,nan,8.722014168745415e-10
1,81001,1,GP 表达式自身产生的状态,250,历史重启阶段最优路径,GP 源内重加权,0,16,nan,7.608523263333513e-10
1,81001,2,GP 表达式自身产生的状态,250,历史重启阶段最优路径,GP 源内重加权,0,16,nan,1.2183826798204518e-09
1,81001,3,GP 表达式自身产生的状态,250,历史重启阶段最优路径,GP 源内重加权,0,16,nan,2.1949934183186843e-09
1,81001,4,GP 表达式自身产生的状态,250,历史重启阶段最优路径,GP 源内重加权,0,16,nan,1.9399433703621464e-09
1,81001,5,GP 表达式自身产生的状态,250,历史重启阶段最优路径,GP 源内重加权,0,16,nan,3.97384184352709e-09
1,81001,6,GP 表达式自身产生的状态,250,历史重启阶段最优路径,GP 源内重加权,0,16,nan,1.7681609589690041e-09
1,81001,7,GP 表达式自身产生的状态,250,历史重启阶段最优路径,GP 源内重加权,0,16,nan,4.5723469225939844e-10
1,81001,0,GP 表达式自身产生的状态,250,历史全局最优路径,GP 源内重加权,0,16,nan,8.722014168745415e-10
1,81001,1,GP 表达式自身产生的状态,250,历史全局最优路径,GP 源内重加权,0,16,nan,7.608523263333513e-10
1,81001,2,GP 表达式自身产生的状态,250,历史全局最优路径,GP 源内重加权,0,16,nan,1.2183826798204518e-09
1,81001,3,GP 表达式自身产生的状态,250,历史全局最优路径,GP 源内重加权,0,16,nan,2.1949934183186843e-09
1,81001,4,GP 表达式自身产生的状态,250,历史全局最优路径,GP 源内重加权,0,16,nan,1.9399433703621464e-09
1,81001,5,GP 表达式自身产生的状态,250,历史全局最优路径,GP 源内重加权,0,16,nan,3.97384184352709e-09
1,81001,6,GP 表达式自身产生的状态,250,历史全局最优路径,GP 源内重加权,0,16,nan,1.7681609589690041e-09
1,81001,7,GP 表达式自身产生的状态,250,历史全局最优路径,GP 源内重加权,0,16,nan,4.5723469225939844e-10
1,81002,0,GP 表达式自身产生的状态,250,历史重启阶段最优路径,来源内均匀沉积,0,16,nan,0.0
1,81002,1,GP 表达式自身产生的状态,250,历史重启阶段最优路径,来源内均匀沉积,0,16,nan,0.0
1,81002,2,GP 表达式自身产生的状态,250,历史重启阶段最优路径,来源内均匀沉积,0,16,nan,0.0
1,81002,3,GP 表达式自身产生的状态,250,历史重启阶段最优路径,来源内均匀沉积,0,16,nan,0.0
1,81002,4,GP 表达式自身产生的状态,250,历史重启阶段最优路径,来源内均匀沉积,0,16,nan,0.0
1,81002,5,GP 表达式自身产生的状态,250,历史重启阶段最优路径,来源内均匀沉积,0,16,nan,0.0
1,81002,6,GP 表达式自身产生的状态,250,历史重启阶段最优路径,来源内均匀沉积,0,16,nan,0.0
1,81002,7,GP 表达式自身产生的状态,250,历史重启阶段最优路径,来源内均匀沉积,0,16,nan,0.0
1,81002,0,GP 表达式自身产生的状态,250,历史全局最优路径,来源内均匀沉积,0,16,nan,0.0
1,81002,1,GP 表达式自身产生的状态,250,历史全局最优路径,来源内均匀沉积,0,16,nan,0.0
1,81002,2,GP 表达式自身产生的状态,250,历史全局最优路径,来源内均匀沉积,0,16,nan,0.0
1,81002,3,GP 表达式自身产生的状态,250,历史全局最优路径,来源内均匀沉积,0,16,nan,0.0
1,81002,4,GP 表达式自身产生的状态,250,历史全局最优路径,来源内均匀沉积,0,16,nan,0.0
1,81002,5,GP 表达式自身产生的状态,250,历史全局最优路径,来源内均匀沉积,0,16,nan,0.0
1,81002,6,GP 表达式自身产生的状态,250,历史全局最优路径,来源内均匀沉积,0,16,nan,0.0
1,81002,7,GP 表达式自身产生的状态,250,历史全局最优路径,来源内均匀沉积,0,16,nan,0.0
1,81002,0,GP 表达式自身产生的状态,250,历史重启阶段最优路径,GP 源内重加权,0,16,nan,2.779912975910507e-09
1,81002,1,GP 表达式自身产生的状态,250,历史重启阶段最优路径,GP 源内重加权,0,16,nan,9.178005241727185e-10
1,81002,2,GP 表达式自身产生的状态,250,历史重启阶段最优路径,GP 源内重加权,0,16,nan,2.5224664783361786e-09
1,81002,3,GP 表达式自身产生的状态,250,历史重启阶段最优路径,GP 源内重加权,0,16,nan,2.112795800238438e-10
1,81002,4,GP 表达式自身产生的状态,250,历史重启阶段最优路径,GP 源内重加权,0,16,nan,8.870344735215575e-10
1,81002,5,GP 表达式自身产生的状态,250,历史重启阶段最优路径,GP 源内重加权,0,16,nan,0.0
1,81002,6,GP 表达式自身产生的状态,250,历史重启阶段最优路径,GP 源内重加权,0,16,nan,2.2514743334767173e-06
1,81002,7,GP 表达式自身产生的状态,250,历史重启阶段最优路径,GP 源内重加权,0,16,nan,3.1993345720249395e-07
1,81002,0,GP 表达式自身产生的状态,250,历史全局最优路径,GP 源内重加权,0,16,nan,2.779912975910507e-09
1,81002,1,GP 表达式自身产生的状态,250,历史全局最优路径,GP 源内重加权,0,16,nan,9.178005241727185e-10
1,81002,2,GP 表达式自身产生的状态,250,历史全局最优路径,GP 源内重加权,0,16,nan,2.5224664783361786e-09
1,81002,3,GP 表达式自身产生的状态,250,历史全局最优路径,GP 源内重加权,0,16,nan,2.112795800238438e-10
1,81002,4,GP 表达式自身产生的状态,250,历史全局最优路径,GP 源内重加权,0,16,nan,8.870344735215575e-10
1,81002,5,GP 表达式自身产生的状态,250,历史全局最优路径,GP 源内重加权,0,16,nan,0.0
1,81002,6,GP 表达式自身产生的状态,250,历史全局最优路径,GP 源内重加权,0,16,nan,2.2514743334767173e-06
1,81002,7,GP 表达式自身产生的状态,250,历史全局最优路径,GP 源内重加权,0,16,nan,3.1993345720249395e-07
1,81003,0,GP 表达式自身产生的状态,250,历史重启阶段最优路径,来源内均匀沉积,0,16,nan,0.0
1,81003,1,GP 表达式自身产生的状态,250,历史重启阶段最优路径,来源内均匀沉积,0,16,nan,0.0
1,81003,2,GP 表达式自身产生的状态,250,历史重启阶段最优路径,来源内均匀沉积,0,16,nan,0.0
1,81003,3,GP 表达式自身产生的状态,250,历史重启阶段最优路径,来源内均匀沉积,0,16,nan,1.078293783392565e-09
1,81003,4,GP 表达式自身产生的状态,250,历史重启阶段最优路径,来源内均匀沉积,0,16,nan,0.0
1,81003,5,GP 表达式自身产生的状态,250,历史重启阶段最优路径,来源内均匀沉积,0,16,nan,0.0
1,81003,6,GP 表达式自身产生的状态,250,历史重启阶段最优路径,来源内均匀沉积,0,16,nan,0.0
1,81003,7,GP 表达式自身产生的状态,250,历史重启阶段最优路径,来源内均匀沉积,0,16,nan,0.0
1,81003,0,GP 表达式自身产生的状态,250,历史全局最优路径,来源内均匀沉积,0,16,nan,0.0
1,81003,1,GP 表达式自身产生的状态,250,历史全局最优路径,来源内均匀沉积,0,16,nan,0.0
1,81003,2,GP 表达式自身产生的状态,250,历史全局最优路径,来源内均匀沉积,0,16,nan,0.0
1,81003,3,GP 表达式自身产生的状态,250,历史全局最优路径,来源内均匀沉积,0,16,nan,1.078293783392565e-09
1,81003,4,GP 表达式自身产生的状态,250,历史全局最优路径,来源内均匀沉积,0,16,nan,0.0
1,81003,5,GP 表达式自身产生的状态,250,历史全局最优路径,来源内均匀沉积,0,16,nan,0.0
1,81003,6,GP 表达式自身产生的状态,250,历史全局最优路径,来源内均匀沉积,0,16,nan,0.0
1,81003,7,GP 表达式自身产生的状态,250,历史全局最优路径,来源内均匀沉积,0,16,nan,0.0
1,81003,0,GP 表达式自身产生的状态,250,历史重启阶段最优路径,GP 源内重加权,0,16,nan,1.0108060766067642e-10
1,81003,1,GP 表达式自身产生的状态,250,历史重启阶段最优路径,GP 源内重加权,0,16,nan,1.531624310297235e-09
1,81003,2,GP 表达式自身产生的状态,250,历史重启阶段最优路径,GP 源内重加权,0,16,nan,1.4177980957813491e-09
1,81003,3,GP 表达式自身产生的状态,250,历史重启阶段最优路径,GP 源内重加权,0,16,nan,4.522310070834483e-06
1,81003,4,GP 表达式自身产生的状态,250,历史重启阶段最优路径,GP 源内重加权,0,16,nan,1.1465133154918577e-09
1,81003,5,GP 表达式自身产生的状态,250,历史重启阶段最优路径,GP 源内重加权,0,16,nan,4.414137009647311e-08
1,81003,6,GP 表达式自身产生的状态,250,历史重启阶段最优路径,GP 源内重加权,0,16,nan,2.342686453220234e-09
1,81003,7,GP 表达式自身产生的状态,250,历史重启阶段最优路径,GP 源内重加权,0,16,nan,4.827020274139924e-09
1,81003,0,GP 表达式自身产生的状态,250,历史全局最优路径,GP 源内重加权,0,16,nan,1.0108060766067642e-10
1,81003,1,GP 表达式自身产生的状态,250,历史全局最优路径,GP 源内重加权,0,16,nan,1.531624310297235e-09
1,81003,2,GP 表达式自身产生的状态,250,历史全局最优路径,GP 源内重加权,0,16,nan,1.4177980957813491e-09
1,81003,3,GP 表达式自身产生的状态,250,历史全局最优路径,GP 源内重加权,0,16,nan,4.522310070834483e-06
1,81003,4,GP 表达式自身产生的状态,250,历史全局最优路径,GP 源内重加权,0,16,nan,1.1465133154918577e-09
1,81003,5,GP 表达式自身产生的状态,250,历史全局最优路径,GP 源内重加权,0,16,nan,4.414137009647311e-08
1,81003,6,GP 表达式自身产生的状态,250,历史全局最优路径,GP 源内重加权,0,16,nan,2.342686453220234e-09
1,81003,7,GP 表达式自身产生的状态,250,历史全局最优路径,GP 源内重加权,0,16,nan,4.827020274139924e-09
1,81003,0,不使用 GP 产生的状态,500,历史重启阶段最优路径,来源内均匀沉积,0,16,nan,0.0
1,81003,1,不使用 GP 产生的状态,500,历史重启阶段最优路径,来源内均匀沉积,0,16,nan,0.0
1,81003,2,不使用 GP 产生的状态,500,历史重启阶段最优路径,来源内均匀沉积,0,16,nan,0.0
1,81003,3,不使用 GP 产生的状态,500,历史重启阶段最优路径,来源内均匀沉积,0,16,nan,0.0
1,81003,4,不使用 GP 产生的状态,500,历史重启阶段最优路径,来源内均匀沉积,0,16,nan,0.0
1,81003,5,不使用 GP 产生的状态,500,历史重启阶段最优路径,来源内均匀沉积,0,16,nan,0.0
1,81003,6,不使用 GP 产生的状态,500,历史重启阶段最优路径,来源内均匀沉积,0,16,nan,0.0
1,81003,7,不使用 GP 产生的状态,500,历史重启阶段最优路径,来源内均匀沉积,0,16,nan,0.0
1,81003,0,不使用 GP 产生的状态,500,历史全局最优路径,来源内均匀沉积,0,16,nan,0.0
1,81003,1,不使用 GP 产生的状态,500,历史全局最优路径,来源内均匀沉积,0,16,nan,0.0
1,81003,2,不使用 GP 产生的状态,500,历史全局最优路径,来源内均匀沉积,0,16,nan,0.0
1,81003,3,不使用 GP 产生的状态,500,历史全局最优路径,来源内均匀沉积,0,16,nan,0.0
1,81003,4,不使用 GP 产生的状态,500,历史全局最优路径,来源内均匀沉积,0,16,nan,0.0
1,81003,5,不使用 GP 产生的状态,500,历史全局最优路径,来源内均匀沉积,0,16,nan,0.0
1,81003,6,不使用 GP 产生的状态,500,历史全局最优路径,来源内均匀沉积,0,16,nan,0.0
1,81003,7,不使用 GP 产生的状态,500,历史全局最优路径,来源内均匀沉积,0,16,nan,0.0
1,81003,0,不使用 GP 产生的状态,500,历史重启阶段最优路径,GP 源内重加权,0,16,nan,2.5901937952104895e-09
1,81003,1,不使用 GP 产生的状态,500,历史重启阶段最优路径,GP 源内重加权,0,16,nan,1.356536360201887e-09
1,81003,2,不使用 GP 产生的状态,500,历史重启阶段最优路径,GP 源内重加权,0,16,nan,1.5639100400680377e-10
1,81003,3,不使用 GP 产生的状态,500,历史重启阶段最优路径,GP 源内重加权,0,16,nan,2.304703508866413e-10
1,81003,4,不使用 GP 产生的状态,500,历史重启阶段最优路径,GP 源内重加权,0,16,nan,0.0
1,81003,5,不使用 GP 产生的状态,500,历史重启阶段最优路径,GP 源内重加权,0,16,nan,3.5618970864016878e-09
1,81003,6,不使用 GP 产生的状态,500,历史重启阶段最优路径,GP 源内重加权,0,16,nan,1.6191158334110128e-09
1,81003,7,不使用 GP 产生的状态,500,历史重启阶段最优路径,GP 源内重加权,0,16,nan,1.720509129151969e-09
1,81003,0,不使用 GP 产生的状态,500,历史全局最优路径,GP 源内重加权,0,16,nan,2.5901937952104895e-09
1,81003,1,不使用 GP 产生的状态,500,历史全局最优路径,GP 源内重加权,0,16,nan,1.356536360201887e-09
1,81003,2,不使用 GP 产生的状态,500,历史全局最优路径,GP 源内重加权,0,16,nan,1.5639100400680377e-10
1,81003,3,不使用 GP 产生的状态,500,历史全局最优路径,GP 源内重加权,0,16,nan,2.304703508866413e-10
1,81003,4,不使用 GP 产生的状态,500,历史全局最优路径,GP 源内重加权,0,16,nan,0.0
1,81003,5,不使用 GP 产生的状态,500,历史全局最优路径,GP 源内重加权,0,16,nan,3.5618970864016878e-09
1,81003,6,不使用 GP 产生的状态,500,历史全局最优路径,GP 源内重加权,0,16,nan,1.6191158334110128e-09
1,81003,7,不使用 GP 产生的状态,500,历史全局最优路径,GP 源内重加权,0,16,nan,1.720509129151969e-09
1,81001,0,不使用 GP 产生的状态,500,历史重启阶段最优路径,来源内均匀沉积,0,16,nan,0.0
1,81001,1,不使用 GP 产生的状态,500,历史重启阶段最优路径,来源内均匀沉积,0,16,nan,0.0
1,81001,2,不使用 GP 产生的状态,500,历史重启阶段最优路径,来源内均匀沉积,0,16,nan,0.0
1,81001,3,不使用 GP 产生的状态,500,历史重启阶段最优路径,来源内均匀沉积,0,16,nan,0.0
1,81001,4,不使用 GP 产生的状态,500,历史重启阶段最优路径,来源内均匀沉积,0,16,nan,0.0
1,81001,5,不使用 GP 产生的状态,500,历史重启阶段最优路径,来源内均匀沉积,0,16,nan,0.0
1,81001,6,不使用 GP 产生的状态,500,历史重启阶段最优路径,来源内均匀沉积,0,16,nan,0.0
1,81001,7,不使用 GP 产生的状态,500,历史重启阶段最优路径,来源内均匀沉积,0,16,nan,0.0
1,81001,0,不使用 GP 产生的状态,500,历史全局最优路径,来源内均匀沉积,0,16,nan,0.0
1,81001,1,不使用 GP 产生的状态,500,历史全局最优路径,来源内均匀沉积,0,16,nan,0.0
1,81001,2,不使用 GP 产生的状态,500,历史全局最优路径,来源内均匀沉积,0,16,nan,0.0
1,81001,3,不使用 GP 产生的状态,500,历史全局最优路径,来源内均匀沉积,0,16,nan,0.0
1,81001,4,不使用 GP 产生的状态,500,历史全局最优路径,来源内均匀沉积,0,16,nan,0.0
1,81001,5,不使用 GP 产生的状态,500,历史全局最优路径,来源内均匀沉积,0,16,nan,0.0
1,81001,6,不使用 GP 产生的状态,500,历史全局最优路径,来源内均匀沉积,0,16,nan,0.0
1,81001,7,不使用 GP 产生的状态,500,历史全局最优路径,来源内均匀沉积,0,16,nan,0.0
1,81001,0,不使用 GP 产生的状态,500,历史重启阶段最优路径,GP 源内重加权,0,16,nan,0.0
1,81001,1,不使用 GP 产生的状态,500,历史重启阶段最优路径,GP 源内重加权,0,16,nan,2.7286584143710863e-10
1,81001,2,不使用 GP 产生的状态,500,历史重启阶段最优路径,GP 源内重加权,0,16,nan,9.49420647619136e-10
1,81001,3,不使用 GP 产生的状态,500,历史重启阶段最优路径,GP 源内重加权,0,16,nan,3.4663433062670624e-09
1,81001,4,不使用 GP 产生的状态,500,历史重启阶段最优路径,GP 源内重加权,0,16,nan,0.0
1,81001,5,不使用 GP 产生的状态,500,历史重启阶段最优路径,GP 源内重加权,0,16,nan,2.392795190748853e-09
1,81001,6,不使用 GP 产生的状态,500,历史重启阶段最优路径,GP 源内重加权,0,16,nan,3.567978745697362e-10
1,81001,7,不使用 GP 产生的状态,500,历史重启阶段最优路径,GP 源内重加权,0,16,nan,1.5281023284473617e-10
1,81001,0,不使用 GP 产生的状态,500,历史全局最优路径,GP 源内重加权,0,16,nan,0.0
1,81001,1,不使用 GP 产生的状态,500,历史全局最优路径,GP 源内重加权,0,16,nan,2.7286584143710863e-10
1,81001,2,不使用 GP 产生的状态,500,历史全局最优路径,GP 源内重加权,0,16,nan,9.49420647619136e-10
1,81001,3,不使用 GP 产生的状态,500,历史全局最优路径,GP 源内重加权,0,16,nan,3.4663433062670624e-09
1,81001,4,不使用 GP 产生的状态,500,历史全局最优路径,GP 源内重加权,0,16,nan,0.0
1,81001,5,不使用 GP 产生的状态,500,历史全局最优路径,GP 源内重加权,0,16,nan,2.392795190748853e-09
1,81001,6,不使用 GP 产生的状态,500,历史全局最优路径,GP 源内重加权,0,16,nan,3.567978745697362e-10
1,81001,7,不使用 GP 产生的状态,500,历史全局最优路径,GP 源内重加权,0,16,nan,1.5281023284473617e-10
1,81002,0,不使用 GP 产生的状态,500,历史重启阶段最优路径,来源内均匀沉积,0,16,nan,0.0
1,81002,1,不使用 GP 产生的状态,500,历史重启阶段最优路径,来源内均匀沉积,0,16,nan,0.0
1,81002,2,不使用 GP 产生的状态,500,历史重启阶段最优路径,来源内均匀沉积,0,16,nan,0.0
1,81002,3,不使用 GP 产生的状态,500,历史重启阶段最优路径,来源内均匀沉积,0,16,nan,0.0
1,81002,4,不使用 GP 产生的状态,500,历史重启阶段最优路径,来源内均匀沉积,0,16,nan,0.0
1,81002,5,不使用 GP 产生的状态,500,历史重启阶段最优路径,来源内均匀沉积,0,16,nan,0.0
1,81002,6,不使用 GP 产生的状态,500,历史重启阶段最优路径,来源内均匀沉积,0,16,nan,0.0
1,81002,7,不使用 GP 产生的状态,500,历史重启阶段最优路径,来源内均匀沉积,0,16,nan,0.0
1,81002,0,不使用 GP 产生的状态,500,历史全局最优路径,来源内均匀沉积,0,16,nan,0.0
1,81002,1,不使用 GP 产生的状态,500,历史全局最优路径,来源内均匀沉积,0,16,nan,0.0
1,81002,2,不使用 GP 产生的状态,500,历史全局最优路径,来源内均匀沉积,0,16,nan,0.0
1,81002,3,不使用 GP 产生的状态,500,历史全局最优路径,来源内均匀沉积,0,16,nan,0.0
1,81002,4,不使用 GP 产生的状态,500,历史全局最优路径,来源内均匀沉积,0,16,nan,0.0
1,81002,5,不使用 GP 产生的状态,500,历史全局最优路径,来源内均匀沉积,0,16,nan,0.0
1,81002,6,不使用 GP 产生的状态,500,历史全局最优路径,来源内均匀沉积,0,16,nan,0.0
1,81002,7,不使用 GP 产生的状态,500,历史全局最优路径,来源内均匀沉积,0,16,nan,0.0
1,81002,0,不使用 GP 产生的状态,500,历史重启阶段最优路径,GP 源内重加权,0,16,nan,3.066955443734342e-09
1,81002,1,不使用 GP 产生的状态,500,历史重启阶段最优路径,GP 源内重加权,0,16,nan,1.036413222428923e-07
1,81002,2,不使用 GP 产生的状态,500,历史重启阶段最优路径,GP 源内重加权,0,16,nan,2.9616714495089965e-06
1,81002,3,不使用 GP 产生的状态,500,历史重启阶段最优路径,GP 源内重加权,0,16,nan,3.490925072544359e-09
1,81002,4,不使用 GP 产生的状态,500,历史重启阶段最优路径,GP 源内重加权,0,16,nan,0.0
1,81002,5,不使用 GP 产生的状态,500,历史重启阶段最优路径,GP 源内重加权,0,16,nan,5.730307240629898e-09
1,81002,6,不使用 GP 产生的状态,500,历史重启阶段最优路径,GP 源内重加权,0,16,nan,5.804356865089894e-10
1,81002,7,不使用 GP 产生的状态,500,历史重启阶段最优路径,GP 源内重加权,0,16,nan,0.0
1,81002,0,不使用 GP 产生的状态,500,历史全局最优路径,GP 源内重加权,0,16,nan,3.066955443734342e-09
1,81002,1,不使用 GP 产生的状态,500,历史全局最优路径,GP 源内重加权,0,16,nan,1.036413222428923e-07
1,81002,2,不使用 GP 产生的状态,500,历史全局最优路径,GP 源内重加权,0,16,nan,2.9616714495089965e-06
1,81002,3,不使用 GP 产生的状态,500,历史全局最优路径,GP 源内重加权,0,16,nan,3.490925072544359e-09
1,81002,4,不使用 GP 产生的状态,500,历史全局最优路径,GP 源内重加权,0,16,nan,0.0
1,81002,5,不使用 GP 产生的状态,500,历史全局最优路径,GP 源内重加权,0,16,nan,5.730307240629898e-09
1,81002,6,不使用 GP 产生的状态,500,历史全局最优路径,GP 源内重加权,0,16,nan,5.804356865089894e-10
1,81002,7,不使用 GP 产生的状态,500,历史全局最优路径,GP 源内重加权,0,16,nan,0.0
1,81001,0,GP 表达式自身产生的状态,500,历史重启阶段最优路径,来源内均匀沉积,0,16,nan,0.0
1,81001,1,GP 表达式自身产生的状态,500,历史重启阶段最优路径,来源内均匀沉积,0,16,nan,3.8530437100235403e-10
1,81001,2,GP 表达式自身产生的状态,500,历史重启阶段最优路径,来源内均匀沉积,0,16,nan,0.0
1,81001,3,GP 表达式自身产生的状态,500,历史重启阶段最优路径,来源内均匀沉积,0,16,nan,0.0
1,81001,4,GP 表达式自身产生的状态,500,历史重启阶段最优路径,来源内均匀沉积,0,16,nan,0.0
1,81001,5,GP 表达式自身产生的状态,500,历史重启阶段最优路径,来源内均匀沉积,0,16,nan,0.0
1,81001,6,GP 表达式自身产生的状态,500,历史重启阶段最优路径,来源内均匀沉积,0,16,nan,0.0
1,81001,7,GP 表达式自身产生的状态,500,历史重启阶段最优路径,来源内均匀沉积,0,16,nan,0.0
1,81001,0,GP 表达式自身产生的状态,500,历史全局最优路径,来源内均匀沉积,0,16,nan,0.0
1,81001,1,GP 表达式自身产生的状态,500,历史全局最优路径,来源内均匀沉积,0,16,nan,3.8530437100235403e-10
1,81001,2,GP 表达式自身产生的状态,500,历史全局最优路径,来源内均匀沉积,0,16,nan,0.0
1,81001,3,GP 表达式自身产生的状态,500,历史全局最优路径,来源内均匀沉积,0,16,nan,0.0
1,81001,4,GP 表达式自身产生的状态,500,历史全局最优路径,来源内均匀沉积,0,16,nan,0.0
1,81001,5,GP 表达式自身产生的状态,500,历史全局最优路径,来源内均匀沉积,0,16,nan,0.0
1,81001,6,GP 表达式自身产生的状态,500,历史全局最优路径,来源内均匀沉积,0,16,nan,0.0
1,81001,7,GP 表达式自身产生的状态,500,历史全局最优路径,来源内均匀沉积,0,16,nan,0.0
1,81001,0,GP 表达式自身产生的状态,500,历史重启阶段最优路径,GP 源内重加权,0,16,nan,1.4230842978454502e-09
1,81001,1,GP 表达式自身产生的状态,500,历史重启阶段最优路径,GP 源内重加权,0,16,nan,2.586156639093007e-09
1,81001,2,GP 表达式自身产生的状态,500,历史重启阶段最优路径,GP 源内重加权,0,16,nan,1.8667018202317065e-09
1,81001,3,GP 表达式自身产生的状态,500,历史重启阶段最优路径,GP 源内重加权,0,16,nan,1.5570682724530449e-09
1,81001,4,GP 表达式自身产生的状态,500,历史重启阶段最优路径,GP 源内重加权,0,16,nan,2.2401983674147973e-09
1,81001,5,GP 表达式自身产生的状态,500,历史重启阶段最优路径,GP 源内重加权,0,16,nan,0.0
1,81001,6,GP 表达式自身产生的状态,500,历史重启阶段最优路径,GP 源内重加权,0,16,nan,7.588287385296365e-10
1,81001,7,GP 表达式自身产生的状态,500,历史重启阶段最优路径,GP 源内重加权,0,16,nan,1.3885789555195287e-09
1,81001,0,GP 表达式自身产生的状态,500,历史全局最优路径,GP 源内重加权,0,16,nan,1.4230842978454502e-09
1,81001,1,GP 表达式自身产生的状态,500,历史全局最优路径,GP 源内重加权,0,16,nan,2.586156639093007e-09
1,81001,2,GP 表达式自身产生的状态,500,历史全局最优路径,GP 源内重加权,0,16,nan,1.8667018202317065e-09
1,81001,3,GP 表达式自身产生的状态,500,历史全局最优路径,GP 源内重加权,0,16,nan,1.5570682724530449e-09
1,81001,4,GP 表达式自身产生的状态,500,历史全局最优路径,GP 源内重加权,0,16,nan,2.2401983674147973e-09
1,81001,5,GP 表达式自身产生的状态,500,历史全局最优路径,GP 源内重加权,0,16,nan,0.0
1,81001,6,GP 表达式自身产生的状态,500,历史全局最优路径,GP 源内重加权,0,16,nan,7.588287385296365e-10
1,81001,7,GP 表达式自身产生的状态,500,历史全局最优路径,GP 源内重加权,0,16,nan,1.3885789555195287e-09
1,81002,0,GP 表达式自身产生的状态,500,历史重启阶段最优路径,来源内均匀沉积,0,16,nan,0.0
1,81002,1,GP 表达式自身产生的状态,500,历史重启阶段最优路径,来源内均匀沉积,0,16,nan,0.0
1,81002,2,GP 表达式自身产生的状态,500,历史重启阶段最优路径,来源内均匀沉积,0,16,nan,0.0
1,81002,3,GP 表达式自身产生的状态,500,历史重启阶段最优路径,来源内均匀沉积,0,16,nan,0.0
1,81002,4,GP 表达式自身产生的状态,500,历史重启阶段最优路径,来源内均匀沉积,0,16,nan,0.0
1,81002,5,GP 表达式自身产生的状态,500,历史重启阶段最优路径,来源内均匀沉积,0,16,nan,0.0
1,81002,6,GP 表达式自身产生的状态,500,历史重启阶段最优路径,来源内均匀沉积,0,16,nan,0.0
1,81002,7,GP 表达式自身产生的状态,500,历史重启阶段最优路径,来源内均匀沉积,0,16,nan,0.0
1,81002,0,GP 表达式自身产生的状态,500,历史全局最优路径,来源内均匀沉积,0,16,nan,0.0
1,81002,1,GP 表达式自身产生的状态,500,历史全局最优路径,来源内均匀沉积,0,16,nan,0.0
1,81002,2,GP 表达式自身产生的状态,500,历史全局最优路径,来源内均匀沉积,0,16,nan,0.0
1,81002,3,GP 表达式自身产生的状态,500,历史全局最优路径,来源内均匀沉积,0,16,nan,0.0
1,81002,4,GP 表达式自身产生的状态,500,历史全局最优路径,来源内均匀沉积,0,16,nan,0.0
1,81002,5,GP 表达式自身产生的状态,500,历史全局最优路径,来源内均匀沉积,0,16,nan,0.0
1,81002,6,GP 表达式自身产生的状态,500,历史全局最优路径,来源内均匀沉积,0,16,nan,0.0
1,81002,7,GP 表达式自身产生的状态,500,历史全局最优路径,来源内均匀沉积,0,16,nan,0.0
1,81002,0,GP 表达式自身产生的状态,500,历史重启阶段最优路径,GP 源内重加权,0,16,nan,7.271611329817959e-10
1,81002,1,GP 表达式自身产生的状态,500,历史重启阶段最优路径,GP 源内重加权,0,16,nan,0.0
1,81002,2,GP 表达式自身产生的状态,500,历史重启阶段最优路径,GP 源内重加权,0,16,nan,3.175906358168638e-09
1,81002,3,GP 表达式自身产生的状态,500,历史重启阶段最优路径,GP 源内重加权,0,16,nan,4.4464760687506386e-11
1,81002,4,GP 表达式自身产生的状态,500,历史重启阶段最优路径,GP 源内重加权,0,16,nan,2.362612858829947e-09
1,81002,5,GP 表达式自身产生的状态,500,历史重启阶段最优路径,GP 源内重加权,0,16,nan,0.0
1,81002,6,GP 表达式自身产生的状态,500,历史重启阶段最优路径,GP 源内重加权,0,16,nan,3.2834719691303345e-09
1,81002,7,GP 表达式自身产生的状态,500,历史重启阶段最优路径,GP 源内重加权,0,16,nan,0.0
1,81002,0,GP 表达式自身产生的状态,500,历史全局最优路径,GP 源内重加权,0,16,nan,7.271611329817959e-10
1,81002,1,GP 表达式自身产生的状态,500,历史全局最优路径,GP 源内重加权,0,16,nan,0.0
1,81002,2,GP 表达式自身产生的状态,500,历史全局最优路径,GP 源内重加权,0,16,nan,3.175906358168638e-09
1,81002,3,GP 表达式自身产生的状态,500,历史全局最优路径,GP 源内重加权,0,16,nan,4.4464760687506386e-11
1,81002,4,GP 表达式自身产生的状态,500,历史全局最优路径,GP 源内重加权,0,16,nan,2.362612858829947e-09
1,81002,5,GP 表达式自身产生的状态,500,历史全局最优路径,GP 源内重加权,0,16,nan,0.0
1,81002,6,GP 表达式自身产生的状态,500,历史全局最优路径,GP 源内重加权,0,16,nan,3.2834719691303345e-09
1,81002,7,GP 表达式自身产生的状态,500,历史全局最优路径,GP 源内重加权,0,16,nan,0.0
1,81003,0,GP 表达式自身产生的状态,500,历史重启阶段最优路径,来源内均匀沉积,0,16,nan,0.0
1,81003,1,GP 表达式自身产生的状态,500,历史重启阶段最优路径,来源内均匀沉积,0,16,nan,0.0
1,81003,2,GP 表达式自身产生的状态,500,历史重启阶段最优路径,来源内均匀沉积,0,16,nan,0.0
1,81003,3,GP 表达式自身产生的状态,500,历史重启阶段最优路径,来源内均匀沉积,0,16,nan,0.0
1,81003,4,GP 表达式自身产生的状态,500,历史重启阶段最优路径,来源内均匀沉积,0,16,nan,0.0
1,81003,5,GP 表达式自身产生的状态,500,历史重启阶段最优路径,来源内均匀沉积,0,16,nan,0.0
1,81003,6,GP 表达式自身产生的状态,500,历史重启阶段最优路径,来源内均匀沉积,0,16,nan,0.0
1,81003,7,GP 表达式自身产生的状态,500,历史重启阶段最优路径,来源内均匀沉积,0,16,nan,0.0
1,81003,0,GP 表达式自身产生的状态,500,历史全局最优路径,来源内均匀沉积,0,16,nan,0.0
1,81003,1,GP 表达式自身产生的状态,500,历史全局最优路径,来源内均匀沉积,0,16,nan,0.0
1,81003,2,GP 表达式自身产生的状态,500,历史全局最优路径,来源内均匀沉积,0,16,nan,0.0
1,81003,3,GP 表达式自身产生的状态,500,历史全局最优路径,来源内均匀沉积,0,16,nan,0.0
1,81003,4,GP 表达式自身产生的状态,500,历史全局最优路径,来源内均匀沉积,0,16,nan,0.0
1,81003,5,GP 表达式自身产生的状态,500,历史全局最优路径,来源内均匀沉积,0,16,nan,0.0
1,81003,6,GP 表达式自身产生的状态,500,历史全局最优路径,来源内均匀沉积,0,16,nan,0.0
1,81003,7,GP 表达式自身产生的状态,500,历史全局最优路径,来源内均匀沉积,0,16,nan,0.0
1,81003,0,GP 表达式自身产生的状态,500,历史重启阶段最优路径,GP 源内重加权,0,16,nan,1.4140470069372267e-10
1,81003,1,GP 表达式自身产生的状态,500,历史重启阶段最优路径,GP 源内重加权,0,16,nan,1.313011839878424e-09
1,81003,2,GP 表达式自身产生的状态,500,历史重启阶段最优路径,GP 源内重加权,0,16,nan,1.87703602170184e-09
1,81003,3,GP 表达式自身产生的状态,500,历史重启阶段最优路径,GP 源内重加权,0,16,nan,1.5919524102490689e-09
1,81003,4,GP 表达式自身产生的状态,500,历史重启阶段最优路径,GP 源内重加权,0,16,nan,1.7489320584120963e-09
1,81003,5,GP 表达式自身产生的状态,500,历史重启阶段最优路径,GP 源内重加权,0,16,nan,0.0
1,81003,6,GP 表达式自身产生的状态,500,历史重启阶段最优路径,GP 源内重加权,0,16,nan,0.0
1,81003,7,GP 表达式自身产生的状态,500,历史重启阶段最优路径,GP 源内重加权,0,16,nan,1.4741039997183456e-09
1,81003,0,GP 表达式自身产生的状态,500,历史全局最优路径,GP 源内重加权,0,16,nan,1.4140470069372267e-10
1,81003,1,GP 表达式自身产生的状态,500,历史全局最优路径,GP 源内重加权,0,16,nan,1.313011839878424e-09
1,81003,2,GP 表达式自身产生的状态,500,历史全局最优路径,GP 源内重加权,0,16,nan,1.87703602170184e-09
1,81003,3,GP 表达式自身产生的状态,500,历史全局最优路径,GP 源内重加权,0,16,nan,1.5919524102490689e-09
1,81003,4,GP 表达式自身产生的状态,500,历史全局最优路径,GP 源内重加权,0,16,nan,1.7489320584120963e-09
1,81003,5,GP 表达式自身产生的状态,500,历史全局最优路径,GP 源内重加权,0,16,nan,0.0
1,81003,6,GP 表达式自身产生的状态,500,历史全局最优路径,GP 源内重加权,0,16,nan,0.0
1,81003,7,GP 表达式自身产生的状态,500,历史全局最优路径,GP 源内重加权,0,16,nan,1.4741039997183456e-09
1,81002,0,不使用 GP 产生的状态,1000,历史重启阶段最优路径,来源内均匀沉积,0,16,nan,0.0
1,81002,1,不使用 GP 产生的状态,1000,历史重启阶段最优路径,来源内均匀沉积,0,16,nan,0.0
1,81002,2,不使用 GP 产生的状态,1000,历史重启阶段最优路径,来源内均匀沉积,0,16,nan,0.0
1,81002,3,不使用 GP 产生的状态,1000,历史重启阶段最优路径,来源内均匀沉积,0,16,nan,0.0
1,81002,4,不使用 GP 产生的状态,1000,历史重启阶段最优路径,来源内均匀沉积,0,16,nan,0.0
1,81002,5,不使用 GP 产生的状态,1000,历史重启阶段最优路径,来源内均匀沉积,0,16,nan,0.0
1,81002,6,不使用 GP 产生的状态,1000,历史重启阶段最优路径,来源内均匀沉积,0,16,nan,0.0
1,81002,7,不使用 GP 产生的状态,1000,历史重启阶段最优路径,来源内均匀沉积,0,16,nan,0.0
1,81002,0,不使用 GP 产生的状态,1000,历史全局最优路径,来源内均匀沉积,0,16,nan,0.0
1,81002,1,不使用 GP 产生的状态,1000,历史全局最优路径,来源内均匀沉积,0,16,nan,0.0
1,81002,2,不使用 GP 产生的状态,1000,历史全局最优路径,来源内均匀沉积,0,16,nan,0.0
1,81002,3,不使用 GP 产生的状态,1000,历史全局最优路径,来源内均匀沉积,5,11,0.0356221835846659,0.0
1,81002,4,不使用 GP 产生的状态,1000,历史全局最优路径,来源内均匀沉积,0,16,nan,0.0
1,81002,5,不使用 GP 产生的状态,1000,历史全局最优路径,来源内均匀沉积,0,16,nan,0.0
1,81002,6,不使用 GP 产生的状态,1000,历史全局最优路径,来源内均匀沉积,0,16,nan,0.0
1,81002,7,不使用 GP 产生的状态,1000,历史全局最优路径,来源内均匀沉积,0,16,nan,0.0
1,81002,0,不使用 GP 产生的状态,1000,历史重启阶段最优路径,GP 源内重加权,0,16,nan,4.066617698285679e-06
1,81002,1,不使用 GP 产生的状态,1000,历史重启阶段最优路径,GP 源内重加权,0,16,nan,4.439569176548563e-09
1,81002,2,不使用 GP 产生的状态,1000,历史重启阶段最优路径,GP 源内重加权,0,16,nan,1.6695624937141734e-08
1,81002,3,不使用 GP 产生的状态,1000,历史重启阶段最优路径,GP 源内重加权,0,16,nan,3.78735071166597e-09
1,81002,4,不使用 GP 产生的状态,1000,历史重启阶段最优路径,GP 源内重加权,0,16,nan,7.127428321215142e-09
1,81002,5,不使用 GP 产生的状态,1000,历史重启阶段最优路径,GP 源内重加权,0,16,nan,3.742199676739376e-08
1,81002,6,不使用 GP 产生的状态,1000,历史重启阶段最优路径,GP 源内重加权,0,16,nan,0.0
1,81002,7,不使用 GP 产生的状态,1000,历史重启阶段最优路径,GP 源内重加权,0,16,nan,1.8787638900024923e-09
1,81002,0,不使用 GP 产生的状态,1000,历史全局最优路径,GP 源内重加权,0,16,nan,2.4621882101877107e-06
1,81002,1,不使用 GP 产生的状态,1000,历史全局最优路径,GP 源内重加权,0,16,nan,4.439569176548563e-09
1,81002,2,不使用 GP 产生的状态,1000,历史全局最优路径,GP 源内重加权,0,16,nan,2.0393601432969594e-06
1,81002,3,不使用 GP 产生的状态,1000,历史全局最优路径,GP 源内重加权,5,11,0.026404675685712354,1.1367187067365441e-05
1,81002,4,不使用 GP 产生的状态,1000,历史全局最优路径,GP 源内重加权,0,16,nan,4.106241093609328e-09
1,81002,5,不使用 GP 产生的状态,1000,历史全局最优路径,GP 源内重加权,0,16,nan,3.742199676739376e-08
1,81002,6,不使用 GP 产生的状态,1000,历史全局最优路径,GP 源内重加权,0,16,nan,0.0
1,81002,7,不使用 GP 产生的状态,1000,历史全局最优路径,GP 源内重加权,0,16,nan,1.8787638900024923e-09
1,81001,0,不使用 GP 产生的状态,1000,历史重启阶段最优路径,来源内均匀沉积,0,16,nan,0.0
1,81001,1,不使用 GP 产生的状态,1000,历史重启阶段最优路径,来源内均匀沉积,0,16,nan,0.0
1,81001,2,不使用 GP 产生的状态,1000,历史重启阶段最优路径,来源内均匀沉积,0,16,nan,0.0
1,81001,3,不使用 GP 产生的状态,1000,历史重启阶段最优路径,来源内均匀沉积,0,16,nan,0.0
1,81001,4,不使用 GP 产生的状态,1000,历史重启阶段最优路径,来源内均匀沉积,0,16,nan,0.0
1,81001,5,不使用 GP 产生的状态,1000,历史重启阶段最优路径,来源内均匀沉积,0,16,nan,0.0
1,81001,6,不使用 GP 产生的状态,1000,历史重启阶段最优路径,来源内均匀沉积,0,16,nan,0.0
1,81001,7,不使用 GP 产生的状态,1000,历史重启阶段最优路径,来源内均匀沉积,0,16,nan,0.0
1,81001,0,不使用 GP 产生的状态,1000,历史全局最优路径,来源内均匀沉积,0,16,nan,0.0
1,81001,1,不使用 GP 产生的状态,1000,历史全局最优路径,来源内均匀沉积,0,16,nan,0.0
1,81001,2,不使用 GP 产生的状态,1000,历史全局最优路径,来源内均匀沉积,0,16,nan,0.0
1,81001,3,不使用 GP 产生的状态,1000,历史全局最优路径,来源内均匀沉积,5,11,0.03842839711705252,0.0
1,81001,4,不使用 GP 产生的状态,1000,历史全局最优路径,来源内均匀沉积,0,16,nan,0.0
1,81001,5,不使用 GP 产生的状态,1000,历史全局最优路径,来源内均匀沉积,0,16,nan,0.0
1,81001,6,不使用 GP 产生的状态,1000,历史全局最优路径,来源内均匀沉积,0,16,nan,0.0
1,81001,7,不使用 GP 产生的状态,1000,历史全局最优路径,来源内均匀沉积,0,16,nan,0.0
1,81001,0,不使用 GP 产生的状态,1000,历史重启阶段最优路径,GP 源内重加权,0,16,nan,2.4896410614222095e-10
1,81001,1,不使用 GP 产生的状态,1000,历史重启阶段最优路径,GP 源内重加权,0,16,nan,2.256373791367206e-09
1,81001,2,不使用 GP 产生的状态,1000,历史重启阶段最优路径,GP 源内重加权,0,16,nan,2.762147899634341e-09
1,81001,3,不使用 GP 产生的状态,1000,历史重启阶段最优路径,GP 源内重加权,0,16,nan,3.024086164038527e-09
1,81001,4,不使用 GP 产生的状态,1000,历史重启阶段最优路径,GP 源内重加权,0,16,nan,1.7556158419624085e-09
1,81001,5,不使用 GP 产生的状态,1000,历史重启阶段最优路径,GP 源内重加权,0,16,nan,3.7836389304419886e-11
1,81001,6,不使用 GP 产生的状态,1000,历史重启阶段最优路径,GP 源内重加权,0,16,nan,0.0
1,81001,7,不使用 GP 产生的状态,1000,历史重启阶段最优路径,GP 源内重加权,0,16,nan,1.7822317642097876e-09
1,81001,0,不使用 GP 产生的状态,1000,历史全局最优路径,GP 源内重加权,0,16,nan,2.4896410614222095e-10
1,81001,1,不使用 GP 产生的状态,1000,历史全局最优路径,GP 源内重加权,0,16,nan,2.256373791367206e-09
1,81001,2,不使用 GP 产生的状态,1000,历史全局最优路径,GP 源内重加权,0,16,nan,0.0
1,81001,3,不使用 GP 产生的状态,1000,历史全局最优路径,GP 源内重加权,5,11,0.029346156754909848,2.240125306534642e-05
1,81001,4,不使用 GP 产生的状态,1000,历史全局最优路径,GP 源内重加权,0,16,nan,3.9569080456296623e-10
1,81001,5,不使用 GP 产生的状态,1000,历史全局最优路径,GP 源内重加权,0,16,nan,3.7836389304419886e-11
1,81001,6,不使用 GP 产生的状态,1000,历史全局最优路径,GP 源内重加权,0,16,nan,0.0
1,81001,7,不使用 GP 产生的状态,1000,历史全局最优路径,GP 源内重加权,0,16,nan,1.7822317642097876e-09
1,81003,0,不使用 GP 产生的状态,1000,历史重启阶段最优路径,来源内均匀沉积,0,16,nan,0.0
1,81003,1,不使用 GP 产生的状态,1000,历史重启阶段最优路径,来源内均匀沉积,0,16,nan,0.0
1,81003,2,不使用 GP 产生的状态,1000,历史重启阶段最优路径,来源内均匀沉积,0,16,nan,0.0
1,81003,3,不使用 GP 产生的状态,1000,历史重启阶段最优路径,来源内均匀沉积,0,16,nan,0.0
1,81003,4,不使用 GP 产生的状态,1000,历史重启阶段最优路径,来源内均匀沉积,0,16,nan,0.0
1,81003,5,不使用 GP 产生的状态,1000,历史重启阶段最优路径,来源内均匀沉积,0,16,nan,0.0
1,81003,6,不使用 GP 产生的状态,1000,历史重启阶段最优路径,来源内均匀沉积,0,16,nan,0.0
1,81003,7,不使用 GP 产生的状态,1000,历史重启阶段最优路径,来源内均匀沉积,0,16,nan,0.0
1,81003,0,不使用 GP 产生的状态,1000,历史全局最优路径,来源内均匀沉积,0,16,nan,0.0
1,81003,1,不使用 GP 产生的状态,1000,历史全局最优路径,来源内均匀沉积,0,16,nan,0.0
1,81003,2,不使用 GP 产生的状态,1000,历史全局最优路径,来源内均匀沉积,0,16,nan,0.0
1,81003,3,不使用 GP 产生的状态,1000,历史全局最优路径,来源内均匀沉积,5,11,0.03842839711705252,0.0
1,81003,4,不使用 GP 产生的状态,1000,历史全局最优路径,来源内均匀沉积,0,16,nan,0.0
1,81003,5,不使用 GP 产生的状态,1000,历史全局最优路径,来源内均匀沉积,0,16,nan,0.0
1,81003,6,不使用 GP 产生的状态,1000,历史全局最优路径,来源内均匀沉积,0,16,nan,0.0
1,81003,7,不使用 GP 产生的状态,1000,历史全局最优路径,来源内均匀沉积,0,16,nan,0.0
1,81003,0,不使用 GP 产生的状态,1000,历史重启阶段最优路径,GP 源内重加权,0,16,nan,1.3691245187685218e-10
1,81003,1,不使用 GP 产生的状态,1000,历史重启阶段最优路径,GP 源内重加权,0,16,nan,2.299812331205149e-09
1,81003,2,不使用 GP 产生的状态,1000,历史重启阶段最优路径,GP 源内重加权,0,16,nan,0.0
1,81003,3,不使用 GP 产生的状态,1000,历史重启阶段最优路径,GP 源内重加权,0,16,nan,6.0143039747652815e-09
1,81003,4,不使用 GP 产生的状态,1000,历史重启阶段最优路径,GP 源内重加权,0,16,nan,0.0
1,81003,5,不使用 GP 产生的状态,1000,历史重启阶段最优路径,GP 源内重加权,0,16,nan,4.1033668923505545e-09
1,81003,6,不使用 GP 产生的状态,1000,历史重启阶段最优路径,GP 源内重加权,0,16,nan,0.0
1,81003,7,不使用 GP 产生的状态,1000,历史重启阶段最优路径,GP 源内重加权,0,16,nan,2.1426052677322564e-10
1,81003,0,不使用 GP 产生的状态,1000,历史全局最优路径,GP 源内重加权,0,16,nan,3.674797732291048e-09
1,81003,1,不使用 GP 产生的状态,1000,历史全局最优路径,GP 源内重加权,0,16,nan,2.299812331205149e-09
1,81003,2,不使用 GP 产生的状态,1000,历史全局最优路径,GP 源内重加权,0,16,nan,0.0
1,81003,3,不使用 GP 产生的状态,1000,历史全局最优路径,GP 源内重加权,5,11,0.03033511928596881,1.8602653368384504e-05
1,81003,4,不使用 GP 产生的状态,1000,历史全局最优路径,GP 源内重加权,0,16,nan,2.1064070942562645e-09
1,81003,5,不使用 GP 产生的状态,1000,历史全局最优路径,GP 源内重加权,0,16,nan,4.1033668923505545e-09
1,81003,6,不使用 GP 产生的状态,1000,历史全局最优路径,GP 源内重加权,0,16,nan,0.0
1,81003,7,不使用 GP 产生的状态,1000,历史全局最优路径,GP 源内重加权,0,16,nan,2.1426052677322564e-10
1,81001,0,GP 表达式自身产生的状态,1000,历史重启阶段最优路径,来源内均匀沉积,0,16,nan,2.1472528025584635e-11
1,81001,1,GP 表达式自身产生的状态,1000,历史重启阶段最优路径,来源内均匀沉积,0,16,nan,1.5522735160102718e-09
1,81001,2,GP 表达式自身产生的状态,1000,历史重启阶段最优路径,来源内均匀沉积,0,16,nan,0.0
1,81001,3,GP 表达式自身产生的状态,1000,历史重启阶段最优路径,来源内均匀沉积,0,16,nan,0.0
1,81001,4,GP 表达式自身产生的状态,1000,历史重启阶段最优路径,来源内均匀沉积,1,15,0.14452891971117013,0.0
1,81001,5,GP 表达式自身产生的状态,1000,历史重启阶段最优路径,来源内均匀沉积,0,16,nan,0.0
1,81001,6,GP 表达式自身产生的状态,1000,历史重启阶段最优路径,来源内均匀沉积,0,16,nan,0.0
1,81001,7,GP 表达式自身产生的状态,1000,历史重启阶段最优路径,来源内均匀沉积,0,16,nan,0.0
1,81001,0,GP 表达式自身产生的状态,1000,历史全局最优路径,来源内均匀沉积,4,12,0.03167170035536309,5.556336712645101e-12
1,81001,1,GP 表达式自身产生的状态,1000,历史全局最优路径,来源内均匀沉积,0,16,nan,1.5522735160102718e-09
1,81001,2,GP 表达式自身产生的状态,1000,历史全局最优路径,来源内均匀沉积,0,16,nan,0.0
1,81001,3,GP 表达式自身产生的状态,1000,历史全局最优路径,来源内均匀沉积,0,16,nan,0.0
1,81001,4,GP 表达式自身产生的状态,1000,历史全局最优路径,来源内均匀沉积,3,13,0.04848005808175137,0.0
1,81001,5,GP 表达式自身产生的状态,1000,历史全局最优路径,来源内均匀沉积,0,16,nan,0.0
1,81001,6,GP 表达式自身产生的状态,1000,历史全局最优路径,来源内均匀沉积,0,16,nan,0.0
1,81001,7,GP 表达式自身产生的状态,1000,历史全局最优路径,来源内均匀沉积,0,16,nan,0.0
1,81001,0,GP 表达式自身产生的状态,1000,历史重启阶段最优路径,GP 源内重加权,0,16,nan,2.1162836957991206e-07
1,81001,1,GP 表达式自身产生的状态,1000,历史重启阶段最优路径,GP 源内重加权,0,16,nan,1.9991491810505278e-09
1,81001,2,GP 表达式自身产生的状态,1000,历史重启阶段最优路径,GP 源内重加权,0,16,nan,1.2826284224953485e-09
1,81001,3,GP 表达式自身产生的状态,1000,历史重启阶段最优路径,GP 源内重加权,0,16,nan,2.870786418546896e-09
1,81001,4,GP 表达式自身产生的状态,1000,历史重启阶段最优路径,GP 源内重加权,1,15,0.0885737210494859,6.919422634122773e-07
1,81001,5,GP 表达式自身产生的状态,1000,历史重启阶段最优路径,GP 源内重加权,0,16,nan,5.213147196554272e-10
1,81001,6,GP 表达式自身产生的状态,1000,历史重启阶段最优路径,GP 源内重加权,0,16,nan,2.440308262453443e-10
1,81001,7,GP 表达式自身产生的状态,1000,历史重启阶段最优路径,GP 源内重加权,0,16,nan,0.0
1,81001,0,GP 表达式自身产生的状态,1000,历史全局最优路径,GP 源内重加权,4,12,0.029188630268358117,3.402392805831461e-05
1,81001,1,GP 表达式自身产生的状态,1000,历史全局最优路径,GP 源内重加权,0,16,nan,1.8753174918202646e-09
1,81001,2,GP 表达式自身产生的状态,1000,历史全局最优路径,GP 源内重加权,0,16,nan,1.2826284224953485e-09
1,81001,3,GP 表达式自身产生的状态,1000,历史全局最优路径,GP 源内重加权,0,16,nan,2.870786418546896e-09
1,81001,4,GP 表达式自身产生的状态,1000,历史全局最优路径,GP 源内重加权,3,13,0.03048719487392883,7.1111029568902305e-06
1,81001,5,GP 表达式自身产生的状态,1000,历史全局最优路径,GP 源内重加权,0,16,nan,3.0292821037082134e-09
1,81001,6,GP 表达式自身产生的状态,1000,历史全局最优路径,GP 源内重加权,0,16,nan,2.670503746006727e-10
1,81001,7,GP 表达式自身产生的状态,1000,历史全局最优路径,GP 源内重加权,0,16,nan,0.0
1,81002,0,GP 表达式自身产生的状态,1000,历史重启阶段最优路径,来源内均匀沉积,0,16,nan,2.8826102649463223e-09
1,81002,1,GP 表达式自身产生的状态,1000,历史重启阶段最优路径,来源内均匀沉积,0,16,nan,0.0
1,81002,2,GP 表达式自身产生的状态,1000,历史重启阶段最优路径,来源内均匀沉积,0,16,nan,0.0
1,81002,3,GP 表达式自身产生的状态,1000,历史重启阶段最优路径,来源内均匀沉积,0,16,nan,0.0
1,81002,4,GP 表达式自身产生的状态,1000,历史重启阶段最优路径,来源内均匀沉积,0,16,nan,0.0
1,81002,5,GP 表达式自身产生的状态,1000,历史重启阶段最优路径,来源内均匀沉积,0,16,nan,0.0
1,81002,6,GP 表达式自身产生的状态,1000,历史重启阶段最优路径,来源内均匀沉积,0,16,nan,0.0
1,81002,7,GP 表达式自身产生的状态,1000,历史重启阶段最优路径,来源内均匀沉积,0,16,nan,0.0
1,81002,0,GP 表达式自身产生的状态,1000,历史全局最优路径,来源内均匀沉积,4,12,0.08138649235199964,2.8267114080617354e-09
1,81002,1,GP 表达式自身产生的状态,1000,历史全局最优路径,来源内均匀沉积,0,16,nan,0.0
1,81002,2,GP 表达式自身产生的状态,1000,历史全局最优路径,来源内均匀沉积,6,10,0.1057144537679962,4.2742654407572315e-11
1,81002,3,GP 表达式自身产生的状态,1000,历史全局最优路径,来源内均匀沉积,0,16,nan,0.0
1,81002,4,GP 表达式自身产生的状态,1000,历史全局最优路径,来源内均匀沉积,0,16,nan,0.0
1,81002,5,GP 表达式自身产生的状态,1000,历史全局最优路径,来源内均匀沉积,0,16,nan,0.0
1,81002,6,GP 表达式自身产生的状态,1000,历史全局最优路径,来源内均匀沉积,0,16,nan,0.0
1,81002,7,GP 表达式自身产生的状态,1000,历史全局最优路径,来源内均匀沉积,0,16,nan,0.0
1,81002,0,GP 表达式自身产生的状态,1000,历史重启阶段最优路径,GP 源内重加权,0,16,nan,1.5623689278221383e-09
1,81002,1,GP 表达式自身产生的状态,1000,历史重启阶段最优路径,GP 源内重加权,0,16,nan,0.0
1,81002,2,GP 表达式自身产生的状态,1000,历史重启阶段最优路径,GP 源内重加权,0,16,nan,2.7091317655847737e-11
1,81002,3,GP 表达式自身产生的状态,1000,历史重启阶段最优路径,GP 源内重加权,0,16,nan,6.586405618761463e-09
1,81002,4,GP 表达式自身产生的状态,1000,历史重启阶段最优路径,GP 源内重加权,0,16,nan,3.400833484769431e-09
1,81002,5,GP 表达式自身产生的状态,1000,历史重启阶段最优路径,GP 源内重加权,0,16,nan,0.0
1,81002,6,GP 表达式自身产生的状态,1000,历史重启阶段最优路径,GP 源内重加权,0,16,nan,0.0
1,81002,7,GP 表达式自身产生的状态,1000,历史重启阶段最优路径,GP 源内重加权,0,16,nan,2.6441638303027987e-05
1,81002,0,GP 表达式自身产生的状态,1000,历史全局最优路径,GP 源内重加权,4,12,0.05519506713695826,4.017198577510962e-05
1,81002,1,GP 表达式自身产生的状态,1000,历史全局最优路径,GP 源内重加权,0,16,nan,1.546708877593135e-09
1,81002,2,GP 表达式自身产生的状态,1000,历史全局最优路径,GP 源内重加权,6,10,0.07108980779204753,7.3304641932091955e-06
1,81002,3,GP 表达式自身产生的状态,1000,历史全局最优路径,GP 源内重加权,0,16,nan,2.843154119768881e-09
1,81002,4,GP 表达式自身产生的状态,1000,历史全局最优路径,GP 源内重加权,0,16,nan,3.400833484769431e-09
1,81002,5,GP 表达式自身产生的状态,1000,历史全局最优路径,GP 源内重加权,0,16,nan,0.0
1,81002,6,GP 表达式自身产生的状态,1000,历史全局最优路径,GP 源内重加权,0,16,nan,0.0
1,81002,7,GP 表达式自身产生的状态,1000,历史全局最优路径,GP 源内重加权,0,16,nan,2.9461461414397292e-05
1,81003,0,GP 表达式自身产生的状态,1000,历史重启阶段最优路径,来源内均匀沉积,0,16,nan,0.0
1,81003,1,GP 表达式自身产生的状态,1000,历史重启阶段最优路径,来源内均匀沉积,0,16,nan,0.0
1,81003,2,GP 表达式自身产生的状态,1000,历史重启阶段最优路径,来源内均匀沉积,0,16,nan,0.0
1,81003,3,GP 表达式自身产生的状态,1000,历史重启阶段最优路径,来源内均匀沉积,0,16,nan,0.0
1,81003,4,GP 表达式自身产生的状态,1000,历史重启阶段最优路径,来源内均匀沉积,0,16,nan,0.0
1,81003,5,GP 表达式自身产生的状态,1000,历史重启阶段最优路径,来源内均匀沉积,0,16,nan,0.0
1,81003,6,GP 表达式自身产生的状态,1000,历史重启阶段最优路径,来源内均匀沉积,0,16,nan,0.0
1,81003,7,GP 表达式自身产生的状态,1000,历史重启阶段最优路径,来源内均匀沉积,3,13,0.09758417063369847,0.0
1,81003,0,GP 表达式自身产生的状态,1000,历史全局最优路径,来源内均匀沉积,0,16,nan,0.0
1,81003,1,GP 表达式自身产生的状态,1000,历史全局最优路径,来源内均匀沉积,0,16,nan,0.0
1,81003,2,GP 表达式自身产生的状态,1000,历史全局最优路径,来源内均匀沉积,0,16,nan,0.0
1,81003,3,GP 表达式自身产生的状态,1000,历史全局最优路径,来源内均匀沉积,0,16,nan,0.0
1,81003,4,GP 表达式自身产生的状态,1000,历史全局最优路径,来源内均匀沉积,0,16,nan,0.0
1,81003,5,GP 表达式自身产生的状态,1000,历史全局最优路径,来源内均匀沉积,0,16,nan,0.0
1,81003,6,GP 表达式自身产生的状态,1000,历史全局最优路径,来源内均匀沉积,0,16,nan,0.0
1,81003,7,GP 表达式自身产生的状态,1000,历史全局最优路径,来源内均匀沉积,5,11,0.08351360830920598,0.0
1,81003,0,GP 表达式自身产生的状态,1000,历史重启阶段最优路径,GP 源内重加权,0,16,nan,1.4978914202946577e-10
1,81003,1,GP 表达式自身产生的状态,1000,历史重启阶段最优路径,GP 源内重加权,0,16,nan,4.643361197291321e-09
1,81003,2,GP 表达式自身产生的状态,1000,历史重启阶段最优路径,GP 源内重加权,0,16,nan,2.592027486495669e-09
1,81003,3,GP 表达式自身产生的状态,1000,历史重启阶段最优路径,GP 源内重加权,0,16,nan,1.5638562404151948e-09
1,81003,4,GP 表达式自身产生的状态,1000,历史重启阶段最优路径,GP 源内重加权,0,16,nan,2.3808369482385752e-09
1,81003,5,GP 表达式自身产生的状态,1000,历史重启阶段最优路径,GP 源内重加权,0,16,nan,2.568351503690898e-09
1,81003,6,GP 表达式自身产生的状态,1000,历史重启阶段最优路径,GP 源内重加权,0,16,nan,1.1186283026449768e-11
1,81003,7,GP 表达式自身产生的状态,1000,历史重启阶段最优路径,GP 源内重加权,3,13,0.07119536175918968,3.983654621677654e-05
1,81003,0,GP 表达式自身产生的状态,1000,历史全局最优路径,GP 源内重加权,0,16,nan,1.4978914202946577e-10
1,81003,1,GP 表达式自身产生的状态,1000,历史全局最优路径,GP 源内重加权,0,16,nan,4.643361197291321e-09
1,81003,2,GP 表达式自身产生的状态,1000,历史全局最优路径,GP 源内重加权,0,16,nan,1.329533121503461e-09
1,81003,3,GP 表达式自身产生的状态,1000,历史全局最优路径,GP 源内重加权,0,16,nan,1.5638562404151948e-09
1,81003,4,GP 表达式自身产生的状态,1000,历史全局最优路径,GP 源内重加权,0,16,nan,2.3808369482385752e-09
1,81003,5,GP 表达式自身产生的状态,1000,历史全局最优路径,GP 源内重加权,0,16,nan,2.568351503690898e-09
1,81003,6,GP 表达式自身产生的状态,1000,历史全局最优路径,GP 源内重加权,0,16,nan,1.1186283026449768e-11
1,81003,7,GP 表达式自身产生的状态,1000,历史全局最优路径,GP 源内重加权,5,11,0.057059347911340444,4.397457184102111e-05
1,81001,0,不使用 GP 产生的状态,2500,历史重启阶段最优路径,来源内均匀沉积,0,16,nan,0.0
1,81001,1,不使用 GP 产生的状态,2500,历史重启阶段最优路径,来源内均匀沉积,0,16,nan,0.0
1,81001,2,不使用 GP 产生的状态,2500,历史重启阶段最优路径,来源内均匀沉积,0,16,nan,0.0
1,81001,3,不使用 GP 产生的状态,2500,历史重启阶段最优路径,来源内均匀沉积,0,16,nan,0.0
1,81001,4,不使用 GP 产生的状态,2500,历史重启阶段最优路径,来源内均匀沉积,0,16,nan,0.0
1,81001,5,不使用 GP 产生的状态,2500,历史重启阶段最优路径,来源内均匀沉积,0,16,nan,0.0
1,81001,6,不使用 GP 产生的状态,2500,历史重启阶段最优路径,来源内均匀沉积,0,16,nan,0.0
1,81001,7,不使用 GP 产生的状态,2500,历史重启阶段最优路径,来源内均匀沉积,1,15,0.12988125970934783,2.8493230966241287e-09
1,81001,0,不使用 GP 产生的状态,2500,历史全局最优路径,来源内均匀沉积,0,16,nan,0.0
1,81001,1,不使用 GP 产生的状态,2500,历史全局最优路径,来源内均匀沉积,0,16,nan,0.0
1,81001,2,不使用 GP 产生的状态,2500,历史全局最优路径,来源内均匀沉积,0,16,nan,0.0
1,81001,3,不使用 GP 产生的状态,2500,历史全局最优路径,来源内均匀沉积,0,16,nan,0.0
1,81001,4,不使用 GP 产生的状态,2500,历史全局最优路径,来源内均匀沉积,0,16,nan,0.0
1,81001,5,不使用 GP 产生的状态,2500,历史全局最优路径,来源内均匀沉积,0,16,nan,0.0
1,81001,6,不使用 GP 产生的状态,2500,历史全局最优路径,来源内均匀沉积,1,15,0.0315483332282573,0.0
1,81001,7,不使用 GP 产生的状态,2500,历史全局最优路径,来源内均匀沉积,3,13,0.05568002619417082,2.3299510306321976e-09
1,81001,0,不使用 GP 产生的状态,2500,历史重启阶段最优路径,GP 源内重加权,0,16,nan,3.9405485373154884e-10
1,81001,1,不使用 GP 产生的状态,2500,历史重启阶段最优路径,GP 源内重加权,0,16,nan,1.957647550808704e-09
1,81001,2,不使用 GP 产生的状态,2500,历史重启阶段最优路径,GP 源内重加权,0,16,nan,0.0
1,81001,3,不使用 GP 产生的状态,2500,历史重启阶段最优路径,GP 源内重加权,0,16,nan,4.208744448782731e-09
1,81001,4,不使用 GP 产生的状态,2500,历史重启阶段最优路径,GP 源内重加权,0,16,nan,0.0
1,81001,5,不使用 GP 产生的状态,2500,历史重启阶段最优路径,GP 源内重加权,0,16,nan,0.0
1,81001,6,不使用 GP 产生的状态,2500,历史重启阶段最优路径,GP 源内重加权,0,16,nan,1.7763678232463927e-09
1,81001,7,不使用 GP 产生的状态,2500,历史重启阶段最优路径,GP 源内重加权,1,15,0.13230157327911535,2.3261960563917113e-05
1,81001,0,不使用 GP 产生的状态,2500,历史全局最优路径,GP 源内重加权,0,16,nan,3.9405485373154884e-10
1,81001,1,不使用 GP 产生的状态,2500,历史全局最优路径,GP 源内重加权,0,16,nan,1.957647550808704e-09
1,81001,2,不使用 GP 产生的状态,2500,历史全局最优路径,GP 源内重加权,0,16,nan,0.0
1,81001,3,不使用 GP 产生的状态,2500,历史全局最优路径,GP 源内重加权,0,16,nan,4.208744448782731e-09
1,81001,4,不使用 GP 产生的状态,2500,历史全局最优路径,GP 源内重加权,0,16,nan,0.0
1,81001,5,不使用 GP 产生的状态,2500,历史全局最优路径,GP 源内重加权,0,16,nan,0.0
1,81001,6,不使用 GP 产生的状态,2500,历史全局最优路径,GP 源内重加权,1,15,0.031242874641043673,1.748754587717902e-05
1,81001,7,不使用 GP 产生的状态,2500,历史全局最优路径,GP 源内重加权,3,13,0.040418113082540924,0.0002911417396357818
1,81003,0,不使用 GP 产生的状态,2500,历史重启阶段最优路径,来源内均匀沉积,0,16,nan,0.0
1,81003,1,不使用 GP 产生的状态,2500,历史重启阶段最优路径,来源内均匀沉积,0,16,nan,0.0
1,81003,2,不使用 GP 产生的状态,2500,历史重启阶段最优路径,来源内均匀沉积,0,16,nan,0.0
1,81003,3,不使用 GP 产生的状态,2500,历史重启阶段最优路径,来源内均匀沉积,0,16,nan,0.0
1,81003,4,不使用 GP 产生的状态,2500,历史重启阶段最优路径,来源内均匀沉积,0,16,nan,0.0
1,81003,5,不使用 GP 产生的状态,2500,历史重启阶段最优路径,来源内均匀沉积,0,16,nan,0.0
1,81003,6,不使用 GP 产生的状态,2500,历史重启阶段最优路径,来源内均匀沉积,0,16,nan,0.0
1,81003,7,不使用 GP 产生的状态,2500,历史重启阶段最优路径,来源内均匀沉积,1,15,0.12988125970934783,2.8493230966241287e-09
1,81003,0,不使用 GP 产生的状态,2500,历史全局最优路径,来源内均匀沉积,0,16,nan,0.0
1,81003,1,不使用 GP 产生的状态,2500,历史全局最优路径,来源内均匀沉积,0,16,nan,0.0
1,81003,2,不使用 GP 产生的状态,2500,历史全局最优路径,来源内均匀沉积,0,16,nan,0.0
1,81003,3,不使用 GP 产生的状态,2500,历史全局最优路径,来源内均匀沉积,0,16,nan,0.0
1,81003,4,不使用 GP 产生的状态,2500,历史全局最优路径,来源内均匀沉积,0,16,nan,0.0
1,81003,5,不使用 GP 产生的状态,2500,历史全局最优路径,来源内均匀沉积,0,16,nan,0.0
1,81003,6,不使用 GP 产生的状态,2500,历史全局最优路径,来源内均匀沉积,1,15,0.0315483332282573,0.0
1,81003,7,不使用 GP 产生的状态,2500,历史全局最优路径,来源内均匀沉积,3,13,0.05568002619417082,2.3299510306321976e-09
1,81003,0,不使用 GP 产生的状态,2500,历史重启阶段最优路径,GP 源内重加权,0,16,nan,3.813217734820407e-11
1,81003,1,不使用 GP 产生的状态,2500,历史重启阶段最优路径,GP 源内重加权,0,16,nan,1.2815633634841525e-10
1,81003,2,不使用 GP 产生的状态,2500,历史重启阶段最优路径,GP 源内重加权,0,16,nan,2.6054414897026495e-09
1,81003,3,不使用 GP 产生的状态,2500,历史重启阶段最优路径,GP 源内重加权,0,16,nan,4.231720475457485e-09
1,81003,4,不使用 GP 产生的状态,2500,历史重启阶段最优路径,GP 源内重加权,0,16,nan,0.0
1,81003,5,不使用 GP 产生的状态,2500,历史重启阶段最优路径,GP 源内重加权,0,16,nan,0.0
1,81003,6,不使用 GP 产生的状态,2500,历史重启阶段最优路径,GP 源内重加权,0,16,nan,4.388965150939337e-08
1,81003,7,不使用 GP 产生的状态,2500,历史重启阶段最优路径,GP 源内重加权,1,15,0.13651823600280313,2.1607547153991733e-05
1,81003,0,不使用 GP 产生的状态,2500,历史全局最优路径,GP 源内重加权,0,16,nan,3.813217734820407e-11
1,81003,1,不使用 GP 产生的状态,2500,历史全局最优路径,GP 源内重加权,0,16,nan,1.2815633634841525e-10
1,81003,2,不使用 GP 产生的状态,2500,历史全局最优路径,GP 源内重加权,0,16,nan,1.808084891837601e-09
1,81003,3,不使用 GP 产生的状态,2500,历史全局最优路径,GP 源内重加权,0,16,nan,4.231720475457485e-09
1,81003,4,不使用 GP 产生的状态,2500,历史全局最优路径,GP 源内重加权,0,16,nan,0.0
1,81003,5,不使用 GP 产生的状态,2500,历史全局最优路径,GP 源内重加权,0,16,nan,0.0
1,81003,6,不使用 GP 产生的状态,2500,历史全局最优路径,GP 源内重加权,1,15,0.031228511092793645,1.3175792902780156e-05
1,81003,7,不使用 GP 产生的状态,2500,历史全局最优路径,GP 源内重加权,3,13,0.04357656280541177,0.0002664977239467287
1,81002,0,不使用 GP 产生的状态,2500,历史重启阶段最优路径,来源内均匀沉积,0,16,nan,0.0
1,81002,1,不使用 GP 产生的状态,2500,历史重启阶段最优路径,来源内均匀沉积,0,16,nan,0.0
1,81002,2,不使用 GP 产生的状态,2500,历史重启阶段最优路径,来源内均匀沉积,0,16,nan,0.0
1,81002,3,不使用 GP 产生的状态,2500,历史重启阶段最优路径,来源内均匀沉积,0,16,nan,0.0
1,81002,4,不使用 GP 产生的状态,2500,历史重启阶段最优路径,来源内均匀沉积,0,16,nan,0.0
1,81002,5,不使用 GP 产生的状态,2500,历史重启阶段最优路径,来源内均匀沉积,0,16,nan,0.0
1,81002,6,不使用 GP 产生的状态,2500,历史重启阶段最优路径,来源内均匀沉积,0,16,nan,0.0
1,81002,7,不使用 GP 产生的状态,2500,历史重启阶段最优路径,来源内均匀沉积,1,15,0.13105904305382424,2.8295536347157987e-09
1,81002,0,不使用 GP 产生的状态,2500,历史全局最优路径,来源内均匀沉积,0,16,nan,0.0
1,81002,1,不使用 GP 产生的状态,2500,历史全局最优路径,来源内均匀沉积,0,16,nan,0.0
1,81002,2,不使用 GP 产生的状态,2500,历史全局最优路径,来源内均匀沉积,0,16,nan,0.0
1,81002,3,不使用 GP 产生的状态,2500,历史全局最优路径,来源内均匀沉积,0,16,nan,0.0
1,81002,4,不使用 GP 产生的状态,2500,历史全局最优路径,来源内均匀沉积,0,16,nan,0.0
1,81002,5,不使用 GP 产生的状态,2500,历史全局最优路径,来源内均匀沉积,0,16,nan,0.0
1,81002,6,不使用 GP 产生的状态,2500,历史全局最优路径,来源内均匀沉积,1,15,0.030502905555018018,0.0
1,81002,7,不使用 GP 产生的状态,2500,历史全局最优路径,来源内均匀沉积,3,13,0.04027114086050848,2.269156692512845e-09
1,81002,0,不使用 GP 产生的状态,2500,历史重启阶段最优路径,GP 源内重加权,0,16,nan,6.30015529308404e-10
1,81002,1,不使用 GP 产生的状态,2500,历史重启阶段最优路径,GP 源内重加权,0,16,nan,1.7102045053073835e-09
1,81002,2,不使用 GP 产生的状态,2500,历史重启阶段最优路径,GP 源内重加权,0,16,nan,4.528694644807496e-09
1,81002,3,不使用 GP 产生的状态,2500,历史重启阶段最优路径,GP 源内重加权,0,16,nan,3.13484133092177e-09
1,81002,4,不使用 GP 产生的状态,2500,历史重启阶段最优路径,GP 源内重加权,0,16,nan,0.0
1,81002,5,不使用 GP 产生的状态,2500,历史重启阶段最优路径,GP 源内重加权,0,16,nan,0.0
1,81002,6,不使用 GP 产生的状态,2500,历史重启阶段最优路径,GP 源内重加权,0,16,nan,1.669705107340399e-05
1,81002,7,不使用 GP 产生的状态,2500,历史重启阶段最优路径,GP 源内重加权,1,15,0.09570080211943381,3.643646250661538e-05
1,81002,0,不使用 GP 产生的状态,2500,历史全局最优路径,GP 源内重加权,0,16,nan,6.30015529308404e-10
1,81002,1,不使用 GP 产生的状态,2500,历史全局最优路径,GP 源内重加权,0,16,nan,1.7102045053073835e-09
1,81002,2,不使用 GP 产生的状态,2500,历史全局最优路径,GP 源内重加权,0,16,nan,3.916553960646076e-09
1,81002,3,不使用 GP 产生的状态,2500,历史全局最优路径,GP 源内重加权,0,16,nan,3.13484133092177e-09
1,81002,4,不使用 GP 产生的状态,2500,历史全局最优路径,GP 源内重加权,0,16,nan,0.0
1,81002,5,不使用 GP 产生的状态,2500,历史全局最优路径,GP 源内重加权,0,16,nan,0.0
1,81002,6,不使用 GP 产生的状态,2500,历史全局最优路径,GP 源内重加权,1,15,0.030809558765750644,8.521466447885606e-06
1,81002,7,不使用 GP 产生的状态,2500,历史全局最优路径,GP 源内重加权,3,13,0.030333380398399366,0.0022668420889575833
1,81001,0,GP 表达式自身产生的状态,2500,历史重启阶段最优路径,来源内均匀沉积,0,16,nan,0.0
1,81001,1,GP 表达式自身产生的状态,2500,历史重启阶段最优路径,来源内均匀沉积,0,16,nan,9.579273627490471e-10
1,81001,2,GP 表达式自身产生的状态,2500,历史重启阶段最优路径,来源内均匀沉积,3,13,0.04326075159307324,0.0
1,81001,3,GP 表达式自身产生的状态,2500,历史重启阶段最优路径,来源内均匀沉积,0,16,nan,0.0
1,81001,4,GP 表达式自身产生的状态,2500,历史重启阶段最优路径,来源内均匀沉积,0,16,nan,0.0
1,81001,5,GP 表达式自身产生的状态,2500,历史重启阶段最优路径,来源内均匀沉积,1,15,0.000536045694715399,0.0
1,81001,6,GP 表达式自身产生的状态,2500,历史重启阶段最优路径,来源内均匀沉积,0,16,nan,0.0
1,81001,7,GP 表达式自身产生的状态,2500,历史重启阶段最优路径,来源内均匀沉积,4,12,0.10817040111606525,0.0
1,81001,0,GP 表达式自身产生的状态,2500,历史全局最优路径,来源内均匀沉积,3,13,0.12124569975457382,5.821391571670443e-11
1,81001,1,GP 表达式自身产生的状态,2500,历史全局最优路径,来源内均匀沉积,0,16,nan,9.579273627490471e-10
1,81001,2,GP 表达式自身产生的状态,2500,历史全局最优路径,来源内均匀沉积,1,15,0.0013844912427197393,3.6371869257019694e-12
1,81001,3,GP 表达式自身产生的状态,2500,历史全局最优路径,来源内均匀沉积,0,16,nan,0.0
1,81001,4,GP 表达式自身产生的状态,2500,历史全局最优路径,来源内均匀沉积,0,16,nan,0.0
1,81001,5,GP 表达式自身产生的状态,2500,历史全局最优路径,来源内均匀沉积,6,10,0.07751073222024764,2.515352595115327e-09
1,81001,6,GP 表达式自身产生的状态,2500,历史全局最优路径,来源内均匀沉积,3,13,0.02457711474027173,0.0
1,81001,7,GP 表达式自身产生的状态,2500,历史全局最优路径,来源内均匀沉积,3,13,0.1906346884840764,0.0
1,81001,0,GP 表达式自身产生的状态,2500,历史重启阶段最优路径,GP 源内重加权,0,16,nan,0.0
1,81001,1,GP 表达式自身产生的状态,2500,历史重启阶段最优路径,GP 源内重加权,0,16,nan,2.8892752353142845e-09
1,81001,2,GP 表达式自身产生的状态,2500,历史重启阶段最优路径,GP 源内重加权,3,13,0.044217900445752516,1.1524825049697272e-06
1,81001,3,GP 表达式自身产生的状态,2500,历史重启阶段最优路径,GP 源内重加权,0,16,nan,1.0551900043225212e-09
1,81001,4,GP 表达式自身产生的状态,2500,历史重启阶段最优路径,GP 源内重加权,0,16,nan,0.0
1,81001,5,GP 表达式自身产生的状态,2500,历史重启阶段最优路径,GP 源内重加权,1,15,0.0005437314713607192,1.4722253228781362e-06
1,81001,6,GP 表达式自身产生的状态,2500,历史重启阶段最优路径,GP 源内重加权,0,16,nan,0.0
1,81001,7,GP 表达式自身产生的状态,2500,历史重启阶段最优路径,GP 源内重加权,4,12,0.08146543822419393,2.6292164164376346e-05
1,81001,0,GP 表达式自身产生的状态,2500,历史全局最优路径,GP 源内重加权,3,13,0.07448770446761982,1.5170405321139847e-05
1,81001,1,GP 表达式自身产生的状态,2500,历史全局最优路径,GP 源内重加权,0,16,nan,2.6937007875873027e-09
1,81001,2,GP 表达式自身产生的状态,2500,历史全局最优路径,GP 源内重加权,1,15,0.001424390701756987,2.937757167974417e-05
1,81001,3,GP 表达式自身产生的状态,2500,历史全局最优路径,GP 源内重加权,0,16,nan,1.4760346327777073e-09
1,81001,4,GP 表达式自身产生的状态,2500,历史全局最优路径,GP 源内重加权,0,16,nan,1.0981136906798508e-09
1,81001,5,GP 表达式自身产生的状态,2500,历史全局最优路径,GP 源内重加权,6,10,0.0506227158698345,2.9774240106701174e-05
1,81001,6,GP 表达式自身产生的状态,2500,历史全局最优路径,GP 源内重加权,3,13,0.016056432090488747,4.4534113937693974e-05
1,81001,7,GP 表达式自身产生的状态,2500,历史全局最优路径,GP 源内重加权,3,13,0.14107643680229784,2.5498895339716753e-05
1,81002,0,GP 表达式自身产生的状态,2500,历史重启阶段最优路径,来源内均匀沉积,0,16,nan,0.0
1,81002,1,GP 表达式自身产生的状态,2500,历史重启阶段最优路径,来源内均匀沉积,0,16,nan,0.0
1,81002,2,GP 表达式自身产生的状态,2500,历史重启阶段最优路径,来源内均匀沉积,0,16,nan,0.0
1,81002,3,GP 表达式自身产生的状态,2500,历史重启阶段最优路径,来源内均匀沉积,0,16,nan,0.0
1,81002,4,GP 表达式自身产生的状态,2500,历史重启阶段最优路径,来源内均匀沉积,0,16,nan,0.0
1,81002,5,GP 表达式自身产生的状态,2500,历史重启阶段最优路径,来源内均匀沉积,0,16,nan,0.0
1,81002,6,GP 表达式自身产生的状态,2500,历史重启阶段最优路径,来源内均匀沉积,0,16,nan,0.0
1,81002,7,GP 表达式自身产生的状态,2500,历史重启阶段最优路径,来源内均匀沉积,0,16,nan,0.0
1,81002,0,GP 表达式自身产生的状态,2500,历史全局最优路径,来源内均匀沉积,0,16,nan,0.0
1,81002,1,GP 表达式自身产生的状态,2500,历史全局最优路径,来源内均匀沉积,0,16,nan,0.0
1,81002,2,GP 表达式自身产生的状态,2500,历史全局最优路径,来源内均匀沉积,2,14,0.02192260163570916,1.9908465668887276e-10
1,81002,3,GP 表达式自身产生的状态,2500,历史全局最优路径,来源内均匀沉积,0,16,nan,0.0
1,81002,4,GP 表达式自身产生的状态,2500,历史全局最优路径,来源内均匀沉积,1,15,0.08847606051150787,0.0
1,81002,5,GP 表达式自身产生的状态,2500,历史全局最优路径,来源内均匀沉积,3,13,0.08509067553575138,1.880723196141513e-09
1,81002,6,GP 表达式自身产生的状态,2500,历史全局最优路径,来源内均匀沉积,1,15,0.017398557666114516,0.0
1,81002,7,GP 表达式自身产生的状态,2500,历史全局最优路径,来源内均匀沉积,0,16,nan,0.0
1,81002,0,GP 表达式自身产生的状态,2500,历史重启阶段最优路径,GP 源内重加权,0,16,nan,0.0
1,81002,1,GP 表达式自身产生的状态,2500,历史重启阶段最优路径,GP 源内重加权,0,16,nan,2.249445248373799e-09
1,81002,2,GP 表达式自身产生的状态,2500,历史重启阶段最优路径,GP 源内重加权,0,16,nan,0.0
1,81002,3,GP 表达式自身产生的状态,2500,历史重启阶段最优路径,GP 源内重加权,0,16,nan,0.0
1,81002,4,GP 表达式自身产生的状态,2500,历史重启阶段最优路径,GP 源内重加权,0,16,nan,0.0
1,81002,5,GP 表达式自身产生的状态,2500,历史重启阶段最优路径,GP 源内重加权,0,16,nan,1.3612368645298344e-09
1,81002,6,GP 表达式自身产生的状态,2500,历史重启阶段最优路径,GP 源内重加权,0,16,nan,3.050042386346289e-07
1,81002,7,GP 表达式自身产生的状态,2500,历史重启阶段最优路径,GP 源内重加权,0,16,nan,0.0
1,81002,0,GP 表达式自身产生的状态,2500,历史全局最优路径,GP 源内重加权,0,16,nan,0.0
1,81002,1,GP 表达式自身产生的状态,2500,历史全局最优路径,GP 源内重加权,0,16,nan,2.249445248373799e-09
1,81002,2,GP 表达式自身产生的状态,2500,历史全局最优路径,GP 源内重加权,2,14,0.022257885081437067,0.0001784953708899969
1,81002,3,GP 表达式自身产生的状态,2500,历史全局最优路径,GP 源内重加权,0,16,nan,0.0
1,81002,4,GP 表达式自身产生的状态,2500,历史全局最优路径,GP 源内重加权,1,15,0.037686187315766055,1.3766936741415142e-05
1,81002,5,GP 表达式自身产生的状态,2500,历史全局最优路径,GP 源内重加权,3,13,0.04301486515016634,3.244404191402455e-06
1,81002,6,GP 表达式自身产生的状态,2500,历史全局最优路径,GP 源内重加权,1,15,0.008977619863605383,7.099713117471153e-06
1,81002,7,GP 表达式自身产生的状态,2500,历史全局最优路径,GP 源内重加权,0,16,nan,0.0
1,81003,0,GP 表达式自身产生的状态,2500,历史重启阶段最优路径,来源内均匀沉积,0,16,nan,0.0
1,81003,1,GP 表达式自身产生的状态,2500,历史重启阶段最优路径,来源内均匀沉积,0,16,nan,0.0
1,81003,2,GP 表达式自身产生的状态,2500,历史重启阶段最优路径,来源内均匀沉积,0,16,nan,0.0
1,81003,3,GP 表达式自身产生的状态,2500,历史重启阶段最优路径,来源内均匀沉积,0,16,nan,0.0
1,81003,4,GP 表达式自身产生的状态,2500,历史重启阶段最优路径,来源内均匀沉积,0,16,nan,0.0
1,81003,5,GP 表达式自身产生的状态,2500,历史重启阶段最优路径,来源内均匀沉积,0,16,nan,0.0
1,81003,6,GP 表达式自身产生的状态,2500,历史重启阶段最优路径,来源内均匀沉积,0,16,nan,0.0
1,81003,7,GP 表达式自身产生的状态,2500,历史重启阶段最优路径,来源内均匀沉积,1,15,0.14328181024587586,0.0
1,81003,0,GP 表达式自身产生的状态,2500,历史全局最优路径,来源内均匀沉积,0,16,nan,0.0
1,81003,1,GP 表达式自身产生的状态,2500,历史全局最优路径,来源内均匀沉积,0,16,nan,0.0
1,81003,2,GP 表达式自身产生的状态,2500,历史全局最优路径,来源内均匀沉积,0,16,nan,0.0
1,81003,3,GP 表达式自身产生的状态,2500,历史全局最优路径,来源内均匀沉积,0,16,nan,0.0
1,81003,4,GP 表达式自身产生的状态,2500,历史全局最优路径,来源内均匀沉积,0,16,nan,0.0
1,81003,5,GP 表达式自身产生的状态,2500,历史全局最优路径,来源内均匀沉积,3,13,0.03853041863080356,1.892894289021818e-09
1,81003,6,GP 表达式自身产生的状态,2500,历史全局最优路径,来源内均匀沉积,4,12,0.08525863190984938,0.0
1,81003,7,GP 表达式自身产生的状态,2500,历史全局最优路径,来源内均匀沉积,0,16,nan,5.55827448966852e-10
1,81003,0,GP 表达式自身产生的状态,2500,历史重启阶段最优路径,GP 源内重加权,0,16,nan,6.114649324748071e-10
1,81003,1,GP 表达式自身产生的状态,2500,历史重启阶段最优路径,GP 源内重加权,0,16,nan,0.0
1,81003,2,GP 表达式自身产生的状态,2500,历史重启阶段最优路径,GP 源内重加权,0,16,nan,0.0
1,81003,3,GP 表达式自身产生的状态,2500,历史重启阶段最优路径,GP 源内重加权,0,16,nan,1.7713640923746273e-09
1,81003,4,GP 表达式自身产生的状态,2500,历史重启阶段最优路径,GP 源内重加权,0,16,nan,0.0
1,81003,5,GP 表达式自身产生的状态,2500,历史重启阶段最优路径,GP 源内重加权,0,16,nan,0.0001155687287230367
1,81003,6,GP 表达式自身产生的状态,2500,历史重启阶段最优路径,GP 源内重加权,0,16,nan,0.0
1,81003,7,GP 表达式自身产生的状态,2500,历史重启阶段最优路径,GP 源内重加权,1,15,0.1375330506222551,1.2358315227843104e-05
1,81003,0,GP 表达式自身产生的状态,2500,历史全局最优路径,GP 源内重加权,0,16,nan,6.114649324748071e-10
1,81003,1,GP 表达式自身产生的状态,2500,历史全局最优路径,GP 源内重加权,0,16,nan,0.0
1,81003,2,GP 表达式自身产生的状态,2500,历史全局最优路径,GP 源内重加权,0,16,nan,0.0
1,81003,3,GP 表达式自身产生的状态,2500,历史全局最优路径,GP 源内重加权,0,16,nan,1.7924091113337675e-09
1,81003,4,GP 表达式自身产生的状态,2500,历史全局最优路径,GP 源内重加权,0,16,nan,0.0
1,81003,5,GP 表达式自身产生的状态,2500,历史全局最优路径,GP 源内重加权,3,13,0.02294451210278306,3.0111892311428306e-05
1,81003,6,GP 表达式自身产生的状态,2500,历史全局最优路径,GP 源内重加权,4,12,0.07325684031984366,0.00017888217985954818
1,81003,7,GP 表达式自身产生的状态,2500,历史全局最优路径,GP 源内重加权,0,16,nan,5.966845473643789e-05
2,81003,0,不使用 GP 产生的状态,1,历史重启阶段最优路径,来源内均匀沉积,0,16,nan,0.0
2,81003,1,不使用 GP 产生的状态,1,历史重启阶段最优路径,来源内均匀沉积,0,16,nan,0.0
2,81003,2,不使用 GP 产生的状态,1,历史重启阶段最优路径,来源内均匀沉积,0,16,nan,0.0
2,81003,3,不使用 GP 产生的状态,1,历史重启阶段最优路径,来源内均匀沉积,0,16,nan,0.0
2,81003,4,不使用 GP 产生的状态,1,历史重启阶段最优路径,来源内均匀沉积,0,16,nan,0.0
2,81003,5,不使用 GP 产生的状态,1,历史重启阶段最优路径,来源内均匀沉积,0,16,nan,0.0
2,81003,6,不使用 GP 产生的状态,1,历史重启阶段最优路径,来源内均匀沉积,0,16,nan,0.0
2,81003,7,不使用 GP 产生的状态,1,历史重启阶段最优路径,来源内均匀沉积,0,16,nan,0.0
2,81003,0,不使用 GP 产生的状态,1,历史全局最优路径,来源内均匀沉积,0,16,nan,0.0
2,81003,1,不使用 GP 产生的状态,1,历史全局最优路径,来源内均匀沉积,0,16,nan,0.0
2,81003,2,不使用 GP 产生的状态,1,历史全局最优路径,来源内均匀沉积,0,16,nan,0.0
2,81003,3,不使用 GP 产生的状态,1,历史全局最优路径,来源内均匀沉积,0,16,nan,0.0
2,81003,4,不使用 GP 产生的状态,1,历史全局最优路径,来源内均匀沉积,0,16,nan,0.0
2,81003,5,不使用 GP 产生的状态,1,历史全局最优路径,来源内均匀沉积,0,16,nan,0.0
2,81003,6,不使用 GP 产生的状态,1,历史全局最优路径,来源内均匀沉积,0,16,nan,0.0
2,81003,7,不使用 GP 产生的状态,1,历史全局最优路径,来源内均匀沉积,0,16,nan,0.0
2,81003,0,不使用 GP 产生的状态,1,历史重启阶段最优路径,GP 源内重加权,0,16,nan,0.0
2,81003,1,不使用 GP 产生的状态,1,历史重启阶段最优路径,GP 源内重加权,0,16,nan,0.0
2,81003,2,不使用 GP 产生的状态,1,历史重启阶段最优路径,GP 源内重加权,0,16,nan,0.0
2,81003,3,不使用 GP 产生的状态,1,历史重启阶段最优路径,GP 源内重加权,0,16,nan,0.0
2,81003,4,不使用 GP 产生的状态,1,历史重启阶段最优路径,GP 源内重加权,0,16,nan,0.0
2,81003,5,不使用 GP 产生的状态,1,历史重启阶段最优路径,GP 源内重加权,0,16,nan,0.0
2,81003,6,不使用 GP 产生的状态,1,历史重启阶段最优路径,GP 源内重加权,0,16,nan,0.0
2,81003,7,不使用 GP 产生的状态,1,历史重启阶段最优路径,GP 源内重加权,0,16,nan,0.0
2,81003,0,不使用 GP 产生的状态,1,历史全局最优路径,GP 源内重加权,0,16,nan,0.0
2,81003,1,不使用 GP 产生的状态,1,历史全局最优路径,GP 源内重加权,0,16,nan,0.0
2,81003,2,不使用 GP 产生的状态,1,历史全局最优路径,GP 源内重加权,0,16,nan,0.0
2,81003,3,不使用 GP 产生的状态,1,历史全局最优路径,GP 源内重加权,0,16,nan,0.0
2,81003,4,不使用 GP 产生的状态,1,历史全局最优路径,GP 源内重加权,0,16,nan,0.0
2,81003,5,不使用 GP 产生的状态,1,历史全局最优路径,GP 源内重加权,0,16,nan,0.0
2,81003,6,不使用 GP 产生的状态,1,历史全局最优路径,GP 源内重加权,0,16,nan,0.0
2,81003,7,不使用 GP 产生的状态,1,历史全局最优路径,GP 源内重加权,0,16,nan,0.0
2,81002,0,不使用 GP 产生的状态,1,历史重启阶段最优路径,来源内均匀沉积,0,16,nan,0.0
2,81002,1,不使用 GP 产生的状态,1,历史重启阶段最优路径,来源内均匀沉积,0,16,nan,0.0
2,81002,2,不使用 GP 产生的状态,1,历史重启阶段最优路径,来源内均匀沉积,0,16,nan,0.0
2,81002,3,不使用 GP 产生的状态,1,历史重启阶段最优路径,来源内均匀沉积,0,16,nan,0.0
2,81002,4,不使用 GP 产生的状态,1,历史重启阶段最优路径,来源内均匀沉积,0,16,nan,0.0
2,81002,5,不使用 GP 产生的状态,1,历史重启阶段最优路径,来源内均匀沉积,0,16,nan,0.0
2,81002,6,不使用 GP 产生的状态,1,历史重启阶段最优路径,来源内均匀沉积,0,16,nan,0.0
2,81002,7,不使用 GP 产生的状态,1,历史重启阶段最优路径,来源内均匀沉积,0,16,nan,0.0
2,81002,0,不使用 GP 产生的状态,1,历史全局最优路径,来源内均匀沉积,0,16,nan,0.0
2,81002,1,不使用 GP 产生的状态,1,历史全局最优路径,来源内均匀沉积,0,16,nan,0.0
2,81002,2,不使用 GP 产生的状态,1,历史全局最优路径,来源内均匀沉积,0,16,nan,0.0
2,81002,3,不使用 GP 产生的状态,1,历史全局最优路径,来源内均匀沉积,0,16,nan,0.0
2,81002,4,不使用 GP 产生的状态,1,历史全局最优路径,来源内均匀沉积,0,16,nan,0.0
2,81002,5,不使用 GP 产生的状态,1,历史全局最优路径,来源内均匀沉积,0,16,nan,0.0
2,81002,6,不使用 GP 产生的状态,1,历史全局最优路径,来源内均匀沉积,0,16,nan,0.0
2,81002,7,不使用 GP 产生的状态,1,历史全局最优路径,来源内均匀沉积,0,16,nan,0.0
2,81002,0,不使用 GP 产生的状态,1,历史重启阶段最优路径,GP 源内重加权,0,16,nan,0.0
2,81002,1,不使用 GP 产生的状态,1,历史重启阶段最优路径,GP 源内重加权,0,16,nan,0.0
2,81002,2,不使用 GP 产生的状态,1,历史重启阶段最优路径,GP 源内重加权,0,16,nan,0.0
2,81002,3,不使用 GP 产生的状态,1,历史重启阶段最优路径,GP 源内重加权,0,16,nan,0.0
2,81002,4,不使用 GP 产生的状态,1,历史重启阶段最优路径,GP 源内重加权,0,16,nan,0.0
2,81002,5,不使用 GP 产生的状态,1,历史重启阶段最优路径,GP 源内重加权,0,16,nan,0.0
2,81002,6,不使用 GP 产生的状态,1,历史重启阶段最优路径,GP 源内重加权,0,16,nan,0.0
2,81002,7,不使用 GP 产生的状态,1,历史重启阶段最优路径,GP 源内重加权,0,16,nan,0.0
2,81002,0,不使用 GP 产生的状态,1,历史全局最优路径,GP 源内重加权,0,16,nan,0.0
2,81002,1,不使用 GP 产生的状态,1,历史全局最优路径,GP 源内重加权,0,16,nan,0.0
2,81002,2,不使用 GP 产生的状态,1,历史全局最优路径,GP 源内重加权,0,16,nan,0.0
2,81002,3,不使用 GP 产生的状态,1,历史全局最优路径,GP 源内重加权,0,16,nan,0.0
2,81002,4,不使用 GP 产生的状态,1,历史全局最优路径,GP 源内重加权,0,16,nan,0.0
2,81002,5,不使用 GP 产生的状态,1,历史全局最优路径,GP 源内重加权,0,16,nan,0.0
2,81002,6,不使用 GP 产生的状态,1,历史全局最优路径,GP 源内重加权,0,16,nan,0.0
2,81002,7,不使用 GP 产生的状态,1,历史全局最优路径,GP 源内重加权,0,16,nan,0.0
2,81001,0,不使用 GP 产生的状态,1,历史重启阶段最优路径,来源内均匀沉积,0,16,nan,0.0
2,81001,1,不使用 GP 产生的状态,1,历史重启阶段最优路径,来源内均匀沉积,0,16,nan,0.0
2,81001,2,不使用 GP 产生的状态,1,历史重启阶段最优路径,来源内均匀沉积,0,16,nan,0.0
2,81001,3,不使用 GP 产生的状态,1,历史重启阶段最优路径,来源内均匀沉积,0,16,nan,0.0
2,81001,4,不使用 GP 产生的状态,1,历史重启阶段最优路径,来源内均匀沉积,0,16,nan,0.0
2,81001,5,不使用 GP 产生的状态,1,历史重启阶段最优路径,来源内均匀沉积,0,16,nan,0.0
2,81001,6,不使用 GP 产生的状态,1,历史重启阶段最优路径,来源内均匀沉积,0,16,nan,0.0
2,81001,7,不使用 GP 产生的状态,1,历史重启阶段最优路径,来源内均匀沉积,0,16,nan,0.0
2,81001,0,不使用 GP 产生的状态,1,历史全局最优路径,来源内均匀沉积,0,16,nan,0.0
2,81001,1,不使用 GP 产生的状态,1,历史全局最优路径,来源内均匀沉积,0,16,nan,0.0
2,81001,2,不使用 GP 产生的状态,1,历史全局最优路径,来源内均匀沉积,0,16,nan,0.0
2,81001,3,不使用 GP 产生的状态,1,历史全局最优路径,来源内均匀沉积,0,16,nan,0.0
2,81001,4,不使用 GP 产生的状态,1,历史全局最优路径,来源内均匀沉积,0,16,nan,0.0
2,81001,5,不使用 GP 产生的状态,1,历史全局最优路径,来源内均匀沉积,0,16,nan,0.0
2,81001,6,不使用 GP 产生的状态,1,历史全局最优路径,来源内均匀沉积,0,16,nan,0.0
2,81001,7,不使用 GP 产生的状态,1,历史全局最优路径,来源内均匀沉积,0,16,nan,0.0
2,81001,0,不使用 GP 产生的状态,1,历史重启阶段最优路径,GP 源内重加权,0,16,nan,0.0
2,81001,1,不使用 GP 产生的状态,1,历史重启阶段最优路径,GP 源内重加权,0,16,nan,0.0
2,81001,2,不使用 GP 产生的状态,1,历史重启阶段最优路径,GP 源内重加权,0,16,nan,0.0
2,81001,3,不使用 GP 产生的状态,1,历史重启阶段最优路径,GP 源内重加权,0,16,nan,0.0
2,81001,4,不使用 GP 产生的状态,1,历史重启阶段最优路径,GP 源内重加权,0,16,nan,0.0
2,81001,5,不使用 GP 产生的状态,1,历史重启阶段最优路径,GP 源内重加权,0,16,nan,0.0
2,81001,6,不使用 GP 产生的状态,1,历史重启阶段最优路径,GP 源内重加权,0,16,nan,0.0
2,81001,7,不使用 GP 产生的状态,1,历史重启阶段最优路径,GP 源内重加权,0,16,nan,0.0
2,81001,0,不使用 GP 产生的状态,1,历史全局最优路径,GP 源内重加权,0,16,nan,0.0
2,81001,1,不使用 GP 产生的状态,1,历史全局最优路径,GP 源内重加权,0,16,nan,0.0
2,81001,2,不使用 GP 产生的状态,1,历史全局最优路径,GP 源内重加权,0,16,nan,0.0
2,81001,3,不使用 GP 产生的状态,1,历史全局最优路径,GP 源内重加权,0,16,nan,0.0
2,81001,4,不使用 GP 产生的状态,1,历史全局最优路径,GP 源内重加权,0,16,nan,0.0
2,81001,5,不使用 GP 产生的状态,1,历史全局最优路径,GP 源内重加权,0,16,nan,0.0
2,81001,6,不使用 GP 产生的状态,1,历史全局最优路径,GP 源内重加权,0,16,nan,0.0
2,81001,7,不使用 GP 产生的状态,1,历史全局最优路径,GP 源内重加权,0,16,nan,0.0
2,81001,0,GP 表达式自身产生的状态,1,历史重启阶段最优路径,来源内均匀沉积,0,16,nan,0.0
2,81001,1,GP 表达式自身产生的状态,1,历史重启阶段最优路径,来源内均匀沉积,0,16,nan,0.0
2,81001,2,GP 表达式自身产生的状态,1,历史重启阶段最优路径,来源内均匀沉积,0,16,nan,0.0
2,81001,3,GP 表达式自身产生的状态,1,历史重启阶段最优路径,来源内均匀沉积,0,16,nan,0.0
2,81001,4,GP 表达式自身产生的状态,1,历史重启阶段最优路径,来源内均匀沉积,0,16,nan,0.0
2,81001,5,GP 表达式自身产生的状态,1,历史重启阶段最优路径,来源内均匀沉积,0,16,nan,0.0
2,81001,6,GP 表达式自身产生的状态,1,历史重启阶段最优路径,来源内均匀沉积,0,16,nan,0.0
2,81001,7,GP 表达式自身产生的状态,1,历史重启阶段最优路径,来源内均匀沉积,0,16,nan,0.0
2,81001,0,GP 表达式自身产生的状态,1,历史全局最优路径,来源内均匀沉积,0,16,nan,0.0
2,81001,1,GP 表达式自身产生的状态,1,历史全局最优路径,来源内均匀沉积,0,16,nan,0.0
2,81001,2,GP 表达式自身产生的状态,1,历史全局最优路径,来源内均匀沉积,0,16,nan,0.0
2,81001,3,GP 表达式自身产生的状态,1,历史全局最优路径,来源内均匀沉积,0,16,nan,0.0
2,81001,4,GP 表达式自身产生的状态,1,历史全局最优路径,来源内均匀沉积,0,16,nan,0.0
2,81001,5,GP 表达式自身产生的状态,1,历史全局最优路径,来源内均匀沉积,0,16,nan,0.0
2,81001,6,GP 表达式自身产生的状态,1,历史全局最优路径,来源内均匀沉积,0,16,nan,0.0
2,81001,7,GP 表达式自身产生的状态,1,历史全局最优路径,来源内均匀沉积,0,16,nan,0.0
2,81001,0,GP 表达式自身产生的状态,1,历史重启阶段最优路径,GP 源内重加权,0,16,nan,0.0
2,81001,1,GP 表达式自身产生的状态,1,历史重启阶段最优路径,GP 源内重加权,0,16,nan,0.0
2,81001,2,GP 表达式自身产生的状态,1,历史重启阶段最优路径,GP 源内重加权,0,16,nan,0.0
2,81001,3,GP 表达式自身产生的状态,1,历史重启阶段最优路径,GP 源内重加权,0,16,nan,0.0
2,81001,4,GP 表达式自身产生的状态,1,历史重启阶段最优路径,GP 源内重加权,0,16,nan,0.0
2,81001,5,GP 表达式自身产生的状态,1,历史重启阶段最优路径,GP 源内重加权,0,16,nan,0.0
2,81001,6,GP 表达式自身产生的状态,1,历史重启阶段最优路径,GP 源内重加权,0,16,nan,0.0
2,81001,7,GP 表达式自身产生的状态,1,历史重启阶段最优路径,GP 源内重加权,0,16,nan,0.0
2,81001,0,GP 表达式自身产生的状态,1,历史全局最优路径,GP 源内重加权,0,16,nan,0.0
2,81001,1,GP 表达式自身产生的状态,1,历史全局最优路径,GP 源内重加权,0,16,nan,0.0
2,81001,2,GP 表达式自身产生的状态,1,历史全局最优路径,GP 源内重加权,0,16,nan,0.0
2,81001,3,GP 表达式自身产生的状态,1,历史全局最优路径,GP 源内重加权,0,16,nan,0.0
2,81001,4,GP 表达式自身产生的状态,1,历史全局最优路径,GP 源内重加权,0,16,nan,0.0
2,81001,5,GP 表达式自身产生的状态,1,历史全局最优路径,GP 源内重加权,0,16,nan,0.0
2,81001,6,GP 表达式自身产生的状态,1,历史全局最优路径,GP 源内重加权,0,16,nan,0.0
2,81001,7,GP 表达式自身产生的状态,1,历史全局最优路径,GP 源内重加权,0,16,nan,0.0
2,81002,0,GP 表达式自身产生的状态,1,历史重启阶段最优路径,来源内均匀沉积,0,16,nan,0.0
2,81002,1,GP 表达式自身产生的状态,1,历史重启阶段最优路径,来源内均匀沉积,0,16,nan,0.0
2,81002,2,GP 表达式自身产生的状态,1,历史重启阶段最优路径,来源内均匀沉积,0,16,nan,0.0
2,81002,3,GP 表达式自身产生的状态,1,历史重启阶段最优路径,来源内均匀沉积,0,16,nan,0.0
2,81002,4,GP 表达式自身产生的状态,1,历史重启阶段最优路径,来源内均匀沉积,0,16,nan,0.0
2,81002,5,GP 表达式自身产生的状态,1,历史重启阶段最优路径,来源内均匀沉积,0,16,nan,0.0
2,81002,6,GP 表达式自身产生的状态,1,历史重启阶段最优路径,来源内均匀沉积,0,16,nan,0.0
2,81002,7,GP 表达式自身产生的状态,1,历史重启阶段最优路径,来源内均匀沉积,0,16,nan,0.0
2,81002,0,GP 表达式自身产生的状态,1,历史全局最优路径,来源内均匀沉积,0,16,nan,0.0
2,81002,1,GP 表达式自身产生的状态,1,历史全局最优路径,来源内均匀沉积,0,16,nan,0.0
2,81002,2,GP 表达式自身产生的状态,1,历史全局最优路径,来源内均匀沉积,0,16,nan,0.0
2,81002,3,GP 表达式自身产生的状态,1,历史全局最优路径,来源内均匀沉积,0,16,nan,0.0
2,81002,4,GP 表达式自身产生的状态,1,历史全局最优路径,来源内均匀沉积,0,16,nan,0.0
2,81002,5,GP 表达式自身产生的状态,1,历史全局最优路径,来源内均匀沉积,0,16,nan,0.0
2,81002,6,GP 表达式自身产生的状态,1,历史全局最优路径,来源内均匀沉积,0,16,nan,0.0
2,81002,7,GP 表达式自身产生的状态,1,历史全局最优路径,来源内均匀沉积,0,16,nan,0.0
2,81002,0,GP 表达式自身产生的状态,1,历史重启阶段最优路径,GP 源内重加权,0,16,nan,0.0
2,81002,1,GP 表达式自身产生的状态,1,历史重启阶段最优路径,GP 源内重加权,0,16,nan,0.0
2,81002,2,GP 表达式自身产生的状态,1,历史重启阶段最优路径,GP 源内重加权,0,16,nan,0.0
2,81002,3,GP 表达式自身产生的状态,1,历史重启阶段最优路径,GP 源内重加权,0,16,nan,0.0
2,81002,4,GP 表达式自身产生的状态,1,历史重启阶段最优路径,GP 源内重加权,0,16,nan,0.0
2,81002,5,GP 表达式自身产生的状态,1,历史重启阶段最优路径,GP 源内重加权,0,16,nan,0.0
2,81002,6,GP 表达式自身产生的状态,1,历史重启阶段最优路径,GP 源内重加权,0,16,nan,0.0
2,81002,7,GP 表达式自身产生的状态,1,历史重启阶段最优路径,GP 源内重加权,0,16,nan,0.0
2,81002,0,GP 表达式自身产生的状态,1,历史全局最优路径,GP 源内重加权,0,16,nan,0.0
2,81002,1,GP 表达式自身产生的状态,1,历史全局最优路径,GP 源内重加权,0,16,nan,0.0
2,81002,2,GP 表达式自身产生的状态,1,历史全局最优路径,GP 源内重加权,0,16,nan,0.0
2,81002,3,GP 表达式自身产生的状态,1,历史全局最优路径,GP 源内重加权,0,16,nan,0.0
2,81002,4,GP 表达式自身产生的状态,1,历史全局最优路径,GP 源内重加权,0,16,nan,0.0
2,81002,5,GP 表达式自身产生的状态,1,历史全局最优路径,GP 源内重加权,0,16,nan,0.0
2,81002,6,GP 表达式自身产生的状态,1,历史全局最优路径,GP 源内重加权,0,16,nan,0.0
2,81002,7,GP 表达式自身产生的状态,1,历史全局最优路径,GP 源内重加权,0,16,nan,0.0
2,81003,0,GP 表达式自身产生的状态,1,历史重启阶段最优路径,来源内均匀沉积,0,16,nan,0.0
2,81003,1,GP 表达式自身产生的状态,1,历史重启阶段最优路径,来源内均匀沉积,0,16,nan,0.0
2,81003,2,GP 表达式自身产生的状态,1,历史重启阶段最优路径,来源内均匀沉积,0,16,nan,0.0
2,81003,3,GP 表达式自身产生的状态,1,历史重启阶段最优路径,来源内均匀沉积,0,16,nan,0.0
2,81003,4,GP 表达式自身产生的状态,1,历史重启阶段最优路径,来源内均匀沉积,0,16,nan,0.0
2,81003,5,GP 表达式自身产生的状态,1,历史重启阶段最优路径,来源内均匀沉积,0,16,nan,0.0
2,81003,6,GP 表达式自身产生的状态,1,历史重启阶段最优路径,来源内均匀沉积,0,16,nan,0.0
2,81003,7,GP 表达式自身产生的状态,1,历史重启阶段最优路径,来源内均匀沉积,0,16,nan,0.0
2,81003,0,GP 表达式自身产生的状态,1,历史全局最优路径,来源内均匀沉积,0,16,nan,0.0
2,81003,1,GP 表达式自身产生的状态,1,历史全局最优路径,来源内均匀沉积,0,16,nan,0.0
2,81003,2,GP 表达式自身产生的状态,1,历史全局最优路径,来源内均匀沉积,0,16,nan,0.0
2,81003,3,GP 表达式自身产生的状态,1,历史全局最优路径,来源内均匀沉积,0,16,nan,0.0
2,81003,4,GP 表达式自身产生的状态,1,历史全局最优路径,来源内均匀沉积,0,16,nan,0.0
2,81003,5,GP 表达式自身产生的状态,1,历史全局最优路径,来源内均匀沉积,0,16,nan,0.0
2,81003,6,GP 表达式自身产生的状态,1,历史全局最优路径,来源内均匀沉积,0,16,nan,0.0
2,81003,7,GP 表达式自身产生的状态,1,历史全局最优路径,来源内均匀沉积,0,16,nan,0.0
2,81003,0,GP 表达式自身产生的状态,1,历史重启阶段最优路径,GP 源内重加权,0,16,nan,0.0
2,81003,1,GP 表达式自身产生的状态,1,历史重启阶段最优路径,GP 源内重加权,0,16,nan,0.0
2,81003,2,GP 表达式自身产生的状态,1,历史重启阶段最优路径,GP 源内重加权,0,16,nan,0.0
2,81003,3,GP 表达式自身产生的状态,1,历史重启阶段最优路径,GP 源内重加权,0,16,nan,0.0
2,81003,4,GP 表达式自身产生的状态,1,历史重启阶段最优路径,GP 源内重加权,0,16,nan,0.0
2,81003,5,GP 表达式自身产生的状态,1,历史重启阶段最优路径,GP 源内重加权,0,16,nan,0.0
2,81003,6,GP 表达式自身产生的状态,1,历史重启阶段最优路径,GP 源内重加权,0,16,nan,0.0
2,81003,7,GP 表达式自身产生的状态,1,历史重启阶段最优路径,GP 源内重加权,0,16,nan,0.0
2,81003,0,GP 表达式自身产生的状态,1,历史全局最优路径,GP 源内重加权,0,16,nan,0.0
2,81003,1,GP 表达式自身产生的状态,1,历史全局最优路径,GP 源内重加权,0,16,nan,0.0
2,81003,2,GP 表达式自身产生的状态,1,历史全局最优路径,GP 源内重加权,0,16,nan,0.0
2,81003,3,GP 表达式自身产生的状态,1,历史全局最优路径,GP 源内重加权,0,16,nan,0.0
2,81003,4,GP 表达式自身产生的状态,1,历史全局最优路径,GP 源内重加权,0,16,nan,0.0
2,81003,5,GP 表达式自身产生的状态,1,历史全局最优路径,GP 源内重加权,0,16,nan,0.0
2,81003,6,GP 表达式自身产生的状态,1,历史全局最优路径,GP 源内重加权,0,16,nan,0.0
2,81003,7,GP 表达式自身产生的状态,1,历史全局最优路径,GP 源内重加权,0,16,nan,0.0
2,81003,0,不使用 GP 产生的状态,100,历史重启阶段最优路径,来源内均匀沉积,4,12,0.09912065669546127,0.0
2,81003,1,不使用 GP 产生的状态,100,历史重启阶段最优路径,来源内均匀沉积,8,8,0.09651766645451286,4.985802767532088e-09
2,81003,2,不使用 GP 产生的状态,100,历史重启阶段最优路径,来源内均匀沉积,3,13,0.12010081360036019,0.0
2,81003,3,不使用 GP 产生的状态,100,历史重启阶段最优路径,来源内均匀沉积,4,12,0.04557185070203948,0.0
2,81003,4,不使用 GP 产生的状态,100,历史重启阶段最优路径,来源内均匀沉积,2,14,0.07030767640458088,1.8559783937109553e-09
2,81003,5,不使用 GP 产生的状态,100,历史重启阶段最优路径,来源内均匀沉积,4,12,0.07985581900561123,0.0
2,81003,6,不使用 GP 产生的状态,100,历史重启阶段最优路径,来源内均匀沉积,0,16,nan,0.0
2,81003,7,不使用 GP 产生的状态,100,历史重启阶段最优路径,来源内均匀沉积,6,10,0.053859346454552044,0.0
2,81003,0,不使用 GP 产生的状态,100,历史全局最优路径,来源内均匀沉积,4,12,0.09912065669546127,0.0
2,81003,1,不使用 GP 产生的状态,100,历史全局最优路径,来源内均匀沉积,8,8,0.09651766645451286,4.985802767532088e-09
2,81003,2,不使用 GP 产生的状态,100,历史全局最优路径,来源内均匀沉积,3,13,0.12010081360036019,0.0
2,81003,3,不使用 GP 产生的状态,100,历史全局最优路径,来源内均匀沉积,4,12,0.04557185070203948,0.0
2,81003,4,不使用 GP 产生的状态,100,历史全局最优路径,来源内均匀沉积,2,14,0.07030767640458088,1.8559783937109553e-09
2,81003,5,不使用 GP 产生的状态,100,历史全局最优路径,来源内均匀沉积,4,12,0.07985581900561123,0.0
2,81003,6,不使用 GP 产生的状态,100,历史全局最优路径,来源内均匀沉积,0,16,nan,0.0
2,81003,7,不使用 GP 产生的状态,100,历史全局最优路径,来源内均匀沉积,6,10,0.053859346454552044,0.0
2,81003,0,不使用 GP 产生的状态,100,历史重启阶段最优路径,GP 源内重加权,4,12,0.08473811997380674,0.00011177533312852769
2,81003,1,不使用 GP 产生的状态,100,历史重启阶段最优路径,GP 源内重加权,8,8,0.08520549197168845,4.51152602945095e-05
2,81003,2,不使用 GP 产生的状态,100,历史重启阶段最优路径,GP 源内重加权,3,13,0.0901760170091293,0.00018280581859362932
2,81003,3,不使用 GP 产生的状态,100,历史重启阶段最优路径,GP 源内重加权,4,12,0.03190180599643518,8.815455610013984e-05
2,81003,4,不使用 GP 产生的状态,100,历史重启阶段最优路径,GP 源内重加权,2,14,0.04459377464166471,0.0001073383892144901
2,81003,5,不使用 GP 产生的状态,100,历史重启阶段最优路径,GP 源内重加权,4,12,0.07719381347468231,0.000180474077197986
2,81003,6,不使用 GP 产生的状态,100,历史重启阶段最优路径,GP 源内重加权,0,16,nan,0.0
2,81003,7,不使用 GP 产生的状态,100,历史重启阶段最优路径,GP 源内重加权,6,10,0.04019571489514404,4.7624400832572514e-05
2,81003,0,不使用 GP 产生的状态,100,历史全局最优路径,GP 源内重加权,4,12,0.08473811997380674,0.00011177533312852769
2,81003,1,不使用 GP 产生的状态,100,历史全局最优路径,GP 源内重加权,8,8,0.08520549197168845,4.51152602945095e-05
2,81003,2,不使用 GP 产生的状态,100,历史全局最优路径,GP 源内重加权,3,13,0.0901760170091293,0.00018280581859362932
2,81003,3,不使用 GP 产生的状态,100,历史全局最优路径,GP 源内重加权,4,12,0.03190180599643518,8.815455610013984e-05
2,81003,4,不使用 GP 产生的状态,100,历史全局最优路径,GP 源内重加权,2,14,0.04459377464166471,0.0001073383892144901
2,81003,5,不使用 GP 产生的状态,100,历史全局最优路径,GP 源内重加权,4,12,0.07719381347468231,0.000180474077197986
2,81003,6,不使用 GP 产生的状态,100,历史全局最优路径,GP 源内重加权,0,16,nan,0.0
2,81003,7,不使用 GP 产生的状态,100,历史全局最优路径,GP 源内重加权,6,10,0.04019571489514404,4.7624400832572514e-05
2,81002,0,不使用 GP 产生的状态,100,历史重启阶段最优路径,来源内均匀沉积,4,12,0.09988444560118952,0.0
2,81002,1,不使用 GP 产生的状态,100,历史重启阶段最优路径,来源内均匀沉积,8,8,0.10635093842408633,4.6436690258515535e-09
2,81002,2,不使用 GP 产生的状态,100,历史重启阶段最优路径,来源内均匀沉积,3,13,0.12343245848590506,0.0
2,81002,3,不使用 GP 产生的状态,100,历史重启阶段最优路径,来源内均匀沉积,4,12,0.05381552731386659,0.0
2,81002,4,不使用 GP 产生的状态,100,历史重启阶段最优路径,来源内均匀沉积,2,14,0.07356843431375981,1.8658091172708127e-09
2,81002,5,不使用 GP 产生的状态,100,历史重启阶段最优路径,来源内均匀沉积,4,12,0.08180684667499169,0.0
2,81002,6,不使用 GP 产生的状态,100,历史重启阶段最优路径,来源内均匀沉积,0,16,nan,0.0
2,81002,7,不使用 GP 产生的状态,100,历史重启阶段最优路径,来源内均匀沉积,6,10,0.05075934350420438,0.0
2,81002,0,不使用 GP 产生的状态,100,历史全局最优路径,来源内均匀沉积,4,12,0.09988444560118952,0.0
2,81002,1,不使用 GP 产生的状态,100,历史全局最优路径,来源内均匀沉积,8,8,0.10635093842408633,4.6436690258515535e-09
2,81002,2,不使用 GP 产生的状态,100,历史全局最优路径,来源内均匀沉积,3,13,0.12343245848590506,0.0
2,81002,3,不使用 GP 产生的状态,100,历史全局最优路径,来源内均匀沉积,4,12,0.05381552731386659,0.0
2,81002,4,不使用 GP 产生的状态,100,历史全局最优路径,来源内均匀沉积,2,14,0.07356843431375981,1.8658091172708127e-09
2,81002,5,不使用 GP 产生的状态,100,历史全局最优路径,来源内均匀沉积,4,12,0.08180684667499169,0.0
2,81002,6,不使用 GP 产生的状态,100,历史全局最优路径,来源内均匀沉积,0,16,nan,0.0
2,81002,7,不使用 GP 产生的状态,100,历史全局最优路径,来源内均匀沉积,6,10,0.05075934350420438,0.0
2,81002,0,不使用 GP 产生的状态,100,历史重启阶段最优路径,GP 源内重加权,4,12,0.07646595570562374,0.00018192967868342136
2,81002,1,不使用 GP 产生的状态,100,历史重启阶段最优路径,GP 源内重加权,8,8,0.09254890492294757,2.5376847669680138e-05
2,81002,2,不使用 GP 产生的状态,100,历史重启阶段最优路径,GP 源内重加权,3,13,0.09014681927809144,0.0016813487533362593
2,81002,3,不使用 GP 产生的状态,100,历史重启阶段最优路径,GP 源内重加权,4,12,0.03837709837988829,0.0010184640779725936
2,81002,4,不使用 GP 产生的状态,100,历史重启阶段最优路径,GP 源内重加权,2,14,0.04361224152843487,0.00029779648878336265
2,81002,5,不使用 GP 产生的状态,100,历史重启阶段最优路径,GP 源内重加权,4,12,0.07751698175801908,0.0016936215444518724
2,81002,6,不使用 GP 产生的状态,100,历史重启阶段最优路径,GP 源内重加权,0,16,nan,0.0
2,81002,7,不使用 GP 产生的状态,100,历史重启阶段最优路径,GP 源内重加权,6,10,0.04660119114018838,0.0007805527554288265
2,81002,0,不使用 GP 产生的状态,100,历史全局最优路径,GP 源内重加权,4,12,0.07646595570562374,0.00018192967868342136
2,81002,1,不使用 GP 产生的状态,100,历史全局最优路径,GP 源内重加权,8,8,0.09254890492294757,2.5376847669680138e-05
2,81002,2,不使用 GP 产生的状态,100,历史全局最优路径,GP 源内重加权,3,13,0.09014681927809144,0.0016813487533362593
2,81002,3,不使用 GP 产生的状态,100,历史全局最优路径,GP 源内重加权,4,12,0.03837709837988829,0.0010184640779725936
2,81002,4,不使用 GP 产生的状态,100,历史全局最优路径,GP 源内重加权,2,14,0.04361224152843487,0.00029779648878336265
2,81002,5,不使用 GP 产生的状态,100,历史全局最优路径,GP 源内重加权,4,12,0.07751698175801908,0.0016936215444518724
2,81002,6,不使用 GP 产生的状态,100,历史全局最优路径,GP 源内重加权,0,16,nan,0.0
2,81002,7,不使用 GP 产生的状态,100,历史全局最优路径,GP 源内重加权,6,10,0.04660119114018838,0.0007805527554288265
2,81001,0,不使用 GP 产生的状态,100,历史重启阶段最优路径,来源内均匀沉积,4,12,0.09912065669546127,0.0
2,81001,1,不使用 GP 产生的状态,100,历史重启阶段最优路径,来源内均匀沉积,8,8,0.09651766645451286,4.985802767532088e-09
2,81001,2,不使用 GP 产生的状态,100,历史重启阶段最优路径,来源内均匀沉积,3,13,0.12010081360036019,0.0
2,81001,3,不使用 GP 产生的状态,100,历史重启阶段最优路径,来源内均匀沉积,4,12,0.04557185070203948,0.0
2,81001,4,不使用 GP 产生的状态,100,历史重启阶段最优路径,来源内均匀沉积,2,14,0.07030767640458088,1.8559783937109553e-09
2,81001,5,不使用 GP 产生的状态,100,历史重启阶段最优路径,来源内均匀沉积,4,12,0.07985581900561123,0.0
2,81001,6,不使用 GP 产生的状态,100,历史重启阶段最优路径,来源内均匀沉积,0,16,nan,0.0
2,81001,7,不使用 GP 产生的状态,100,历史重启阶段最优路径,来源内均匀沉积,6,10,0.053859346454552044,0.0
2,81001,0,不使用 GP 产生的状态,100,历史全局最优路径,来源内均匀沉积,4,12,0.09912065669546127,0.0
2,81001,1,不使用 GP 产生的状态,100,历史全局最优路径,来源内均匀沉积,8,8,0.09651766645451286,4.985802767532088e-09
2,81001,2,不使用 GP 产生的状态,100,历史全局最优路径,来源内均匀沉积,3,13,0.12010081360036019,0.0
2,81001,3,不使用 GP 产生的状态,100,历史全局最优路径,来源内均匀沉积,4,12,0.04557185070203948,0.0
2,81001,4,不使用 GP 产生的状态,100,历史全局最优路径,来源内均匀沉积,2,14,0.07030767640458088,1.8559783937109553e-09
2,81001,5,不使用 GP 产生的状态,100,历史全局最优路径,来源内均匀沉积,4,12,0.07985581900561123,0.0
2,81001,6,不使用 GP 产生的状态,100,历史全局最优路径,来源内均匀沉积,0,16,nan,0.0
2,81001,7,不使用 GP 产生的状态,100,历史全局最优路径,来源内均匀沉积,6,10,0.053859346454552044,0.0
2,81001,0,不使用 GP 产生的状态,100,历史重启阶段最优路径,GP 源内重加权,4,12,0.08171671307755496,9.625668550165011e-05
2,81001,1,不使用 GP 产生的状态,100,历史重启阶段最优路径,GP 源内重加权,8,8,0.08278099369907305,4.779666258728286e-05
2,81001,2,不使用 GP 产生的状态,100,历史重启阶段最优路径,GP 源内重加权,3,13,0.08799676475770368,0.00014687235856822834
2,81001,3,不使用 GP 产生的状态,100,历史重启阶段最优路径,GP 源内重加权,4,12,0.031206840613511214,9.0480867831247e-05
2,81001,4,不使用 GP 产生的状态,100,历史重启阶段最优路径,GP 源内重加权,2,14,0.04301692801456345,6.619109636363137e-05
2,81001,5,不使用 GP 产生的状态,100,历史重启阶段最优路径,GP 源内重加权,4,12,0.07545053003088865,0.00017404792841779607
2,81001,6,不使用 GP 产生的状态,100,历史重启阶段最优路径,GP 源内重加权,0,16,nan,0.0
2,81001,7,不使用 GP 产生的状态,100,历史重启阶段最优路径,GP 源内重加权,6,10,0.039209178204957056,5.317612233480885e-05
2,81001,0,不使用 GP 产生的状态,100,历史全局最优路径,GP 源内重加权,4,12,0.08171671307755496,9.625668550165011e-05
2,81001,1,不使用 GP 产生的状态,100,历史全局最优路径,GP 源内重加权,8,8,0.08278099369907305,4.779666258728286e-05
2,81001,2,不使用 GP 产生的状态,100,历史全局最优路径,GP 源内重加权,3,13,0.08799676475770368,0.00014687235856822834
2,81001,3,不使用 GP 产生的状态,100,历史全局最优路径,GP 源内重加权,4,12,0.031206840613511214,9.0480867831247e-05
2,81001,4,不使用 GP 产生的状态,100,历史全局最优路径,GP 源内重加权,2,14,0.04301692801456345,6.619109636363137e-05
2,81001,5,不使用 GP 产生的状态,100,历史全局最优路径,GP 源内重加权,4,12,0.07545053003088865,0.00017404792841779607
2,81001,6,不使用 GP 产生的状态,100,历史全局最优路径,GP 源内重加权,0,16,nan,0.0
2,81001,7,不使用 GP 产生的状态,100,历史全局最优路径,GP 源内重加权,6,10,0.039209178204957056,5.317612233480885e-05
2,81001,0,GP 表达式自身产生的状态,100,历史重启阶段最优路径,来源内均匀沉积,0,16,nan,0.0
2,81001,1,GP 表达式自身产生的状态,100,历史重启阶段最优路径,来源内均匀沉积,1,15,0.06876028560181756,0.0
2,81001,2,GP 表达式自身产生的状态,100,历史重启阶段最优路径,来源内均匀沉积,0,16,nan,0.0
2,81001,3,GP 表达式自身产生的状态,100,历史重启阶段最优路径,来源内均匀沉积,0,16,nan,0.0
2,81001,4,GP 表达式自身产生的状态,100,历史重启阶段最优路径,来源内均匀沉积,0,16,nan,0.0
2,81001,5,GP 表达式自身产生的状态,100,历史重启阶段最优路径,来源内均匀沉积,0,16,nan,9.741221285933774e-10
2,81001,6,GP 表达式自身产生的状态,100,历史重启阶段最优路径,来源内均匀沉积,0,16,nan,1.5487540994319227e-09
2,81001,7,GP 表达式自身产生的状态,100,历史重启阶段最优路径,来源内均匀沉积,1,15,0.018360217622875475,1.5697521535133168e-09
2,81001,0,GP 表达式自身产生的状态,100,历史全局最优路径,来源内均匀沉积,0,16,nan,0.0
2,81001,1,GP 表达式自身产生的状态,100,历史全局最优路径,来源内均匀沉积,1,15,0.06876028560181756,0.0
2,81001,2,GP 表达式自身产生的状态,100,历史全局最优路径,来源内均匀沉积,0,16,nan,0.0
2,81001,3,GP 表达式自身产生的状态,100,历史全局最优路径,来源内均匀沉积,0,16,nan,0.0
2,81001,4,GP 表达式自身产生的状态,100,历史全局最优路径,来源内均匀沉积,0,16,nan,0.0
2,81001,5,GP 表达式自身产生的状态,100,历史全局最优路径,来源内均匀沉积,0,16,nan,9.741221285933774e-10
2,81001,6,GP 表达式自身产生的状态,100,历史全局最优路径,来源内均匀沉积,0,16,nan,1.5487540994319227e-09
2,81001,7,GP 表达式自身产生的状态,100,历史全局最优路径,来源内均匀沉积,1,15,0.018360217622875475,1.5697521535133168e-09
2,81001,0,GP 表达式自身产生的状态,100,历史重启阶段最优路径,GP 源内重加权,0,16,nan,1.0782246043920805e-06
2,81001,1,GP 表达式自身产生的状态,100,历史重启阶段最优路径,GP 源内重加权,1,15,0.03630626660313554,4.9254915478680585e-06
2,81001,2,GP 表达式自身产生的状态,100,历史重启阶段最优路径,GP 源内重加权,0,16,nan,0.0
2,81001,3,GP 表达式自身产生的状态,100,历史重启阶段最优路径,GP 源内重加权,0,16,nan,2.293493928168353e-06
2,81001,4,GP 表达式自身产生的状态,100,历史重启阶段最优路径,GP 源内重加权,0,16,nan,4.861825699333224e-06
2,81001,5,GP 表达式自身产生的状态,100,历史重启阶段最优路径,GP 源内重加权,0,16,nan,3.776814002047185e-06
2,81001,6,GP 表达式自身产生的状态,100,历史重启阶段最优路径,GP 源内重加权,0,16,nan,1.7369232760331245e-06
2,81001,7,GP 表达式自身产生的状态,100,历史重启阶段最优路径,GP 源内重加权,1,15,0.018656092193863473,6.457146889053087e-06
2,81001,0,GP 表达式自身产生的状态,100,历史全局最优路径,GP 源内重加权,0,16,nan,1.0782246043920805e-06
2,81001,1,GP 表达式自身产生的状态,100,历史全局最优路径,GP 源内重加权,1,15,0.03630626660313554,4.9254915478680585e-06
2,81001,2,GP 表达式自身产生的状态,100,历史全局最优路径,GP 源内重加权,0,16,nan,0.0
2,81001,3,GP 表达式自身产生的状态,100,历史全局最优路径,GP 源内重加权,0,16,nan,2.293493928168353e-06
2,81001,4,GP 表达式自身产生的状态,100,历史全局最优路径,GP 源内重加权,0,16,nan,4.861825699333224e-06
2,81001,5,GP 表达式自身产生的状态,100,历史全局最优路径,GP 源内重加权,0,16,nan,3.776814002047185e-06
2,81001,6,GP 表达式自身产生的状态,100,历史全局最优路径,GP 源内重加权,0,16,nan,1.7369232760331245e-06
2,81001,7,GP 表达式自身产生的状态,100,历史全局最优路径,GP 源内重加权,1,15,0.018656092193863473,6.457146889053087e-06
2,81002,0,GP 表达式自身产生的状态,100,历史重启阶段最优路径,来源内均匀沉积,0,16,nan,0.0
2,81002,1,GP 表达式自身产生的状态,100,历史重启阶段最优路径,来源内均匀沉积,0,16,nan,0.0
2,81002,2,GP 表达式自身产生的状态,100,历史重启阶段最优路径,来源内均匀沉积,1,15,0.03935927567298479,9.936101145832625e-10
2,81002,3,GP 表达式自身产生的状态,100,历史重启阶段最优路径,来源内均匀沉积,2,14,0.1349037831936484,9.777078824845062e-10
2,81002,4,GP 表达式自身产生的状态,100,历史重启阶段最优路径,来源内均匀沉积,0,16,nan,0.0
2,81002,5,GP 表达式自身产生的状态,100,历史重启阶段最优路径,来源内均匀沉积,0,16,nan,1.0098918083920011e-10
2,81002,6,GP 表达式自身产生的状态,100,历史重启阶段最优路径,来源内均匀沉积,0,16,nan,0.0
2,81002,7,GP 表达式自身产生的状态,100,历史重启阶段最优路径,来源内均匀沉积,0,16,nan,3.1201561424453133e-09
2,81002,0,GP 表达式自身产生的状态,100,历史全局最优路径,来源内均匀沉积,0,16,nan,0.0
2,81002,1,GP 表达式自身产生的状态,100,历史全局最优路径,来源内均匀沉积,0,16,nan,0.0
2,81002,2,GP 表达式自身产生的状态,100,历史全局最优路径,来源内均匀沉积,1,15,0.03935927567298479,9.936101145832625e-10
2,81002,3,GP 表达式自身产生的状态,100,历史全局最优路径,来源内均匀沉积,2,14,0.1349037831936484,9.777078824845062e-10
2,81002,4,GP 表达式自身产生的状态,100,历史全局最优路径,来源内均匀沉积,0,16,nan,0.0
2,81002,5,GP 表达式自身产生的状态,100,历史全局最优路径,来源内均匀沉积,0,16,nan,1.0098918083920011e-10
2,81002,6,GP 表达式自身产生的状态,100,历史全局最优路径,来源内均匀沉积,0,16,nan,0.0
2,81002,7,GP 表达式自身产生的状态,100,历史全局最优路径,来源内均匀沉积,0,16,nan,3.1201561424453133e-09
2,81002,0,GP 表达式自身产生的状态,100,历史重启阶段最优路径,GP 源内重加权,0,16,nan,1.8187470916281742e-07
2,81002,1,GP 表达式自身产生的状态,100,历史重启阶段最优路径,GP 源内重加权,0,16,nan,2.7515581731642743e-06
2,81002,2,GP 表达式自身产生的状态,100,历史重启阶段最优路径,GP 源内重加权,1,15,0.01931519667351484,1.975371163037094e-05
2,81002,3,GP 表达式自身产生的状态,100,历史重启阶段最优路径,GP 源内重加权,2,14,0.08494604743695115,0.00043378082357680526
2,81002,4,GP 表达式自身产生的状态,100,历史重启阶段最优路径,GP 源内重加权,0,16,nan,9.697970212671179e-08
2,81002,5,GP 表达式自身产生的状态,100,历史重启阶段最优路径,GP 源内重加权,0,16,nan,0.0007664564136765228
2,81002,6,GP 表达式自身产生的状态,100,历史重启阶段最优路径,GP 源内重加权,0,16,nan,0.00013612681495502198
2,81002,7,GP 表达式自身产生的状态,100,历史重启阶段最优路径,GP 源内重加权,0,16,nan,0.00017720173217023195
2,81002,0,GP 表达式自身产生的状态,100,历史全局最优路径,GP 源内重加权,0,16,nan,1.8187470916281742e-07
2,81002,1,GP 表达式自身产生的状态,100,历史全局最优路径,GP 源内重加权,0,16,nan,2.7515581731642743e-06
2,81002,2,GP 表达式自身产生的状态,100,历史全局最优路径,GP 源内重加权,1,15,0.01931519667351484,1.975371163037094e-05
2,81002,3,GP 表达式自身产生的状态,100,历史全局最优路径,GP 源内重加权,2,14,0.08494604743695115,0.00043378082357680526
2,81002,4,GP 表达式自身产生的状态,100,历史全局最优路径,GP 源内重加权,0,16,nan,9.697970212671179e-08
2,81002,5,GP 表达式自身产生的状态,100,历史全局最优路径,GP 源内重加权,0,16,nan,0.0007664564136765228
2,81002,6,GP 表达式自身产生的状态,100,历史全局最优路径,GP 源内重加权,0,16,nan,0.00013612681495502198
2,81002,7,GP 表达式自身产生的状态,100,历史全局最优路径,GP 源内重加权,0,16,nan,0.00017720173217023195
2,81003,0,GP 表达式自身产生的状态,100,历史重启阶段最优路径,来源内均匀沉积,2,14,0.21087990494140502,0.0
2,81003,1,GP 表达式自身产生的状态,100,历史重启阶段最优路径,来源内均匀沉积,1,15,0.0757680287325132,0.0
2,81003,2,GP 表达式自身产生的状态,100,历史重启阶段最优路径,来源内均匀沉积,0,16,nan,0.0
2,81003,3,GP 表达式自身产生的状态,100,历史重启阶段最优路径,来源内均匀沉积,1,15,0.00047961939147873054,0.0
2,81003,4,GP 表达式自身产生的状态,100,历史重启阶段最优路径,来源内均匀沉积,0,16,nan,0.0
2,81003,5,GP 表达式自身产生的状态,100,历史重启阶段最优路径,来源内均匀沉积,1,15,0.10923648270025348,0.0
2,81003,6,GP 表达式自身产生的状态,100,历史重启阶段最优路径,来源内均匀沉积,0,16,nan,0.0
2,81003,7,GP 表达式自身产生的状态,100,历史重启阶段最优路径,来源内均匀沉积,2,14,0.15295986117450616,0.0
2,81003,0,GP 表达式自身产生的状态,100,历史全局最优路径,来源内均匀沉积,2,14,0.21087990494140502,0.0
2,81003,1,GP 表达式自身产生的状态,100,历史全局最优路径,来源内均匀沉积,1,15,0.0757680287325132,0.0
2,81003,2,GP 表达式自身产生的状态,100,历史全局最优路径,来源内均匀沉积,0,16,nan,0.0
2,81003,3,GP 表达式自身产生的状态,100,历史全局最优路径,来源内均匀沉积,1,15,0.00047961939147873054,0.0
2,81003,4,GP 表达式自身产生的状态,100,历史全局最优路径,来源内均匀沉积,0,16,nan,0.0
2,81003,5,GP 表达式自身产生的状态,100,历史全局最优路径,来源内均匀沉积,1,15,0.10923648270025348,0.0
2,81003,6,GP 表达式自身产生的状态,100,历史全局最优路径,来源内均匀沉积,0,16,nan,0.0
2,81003,7,GP 表达式自身产生的状态,100,历史全局最优路径,来源内均匀沉积,2,14,0.15295986117450616,0.0
2,81003,0,GP 表达式自身产生的状态,100,历史重启阶段最优路径,GP 源内重加权,2,14,0.15191567217483112,1.7870892579051545e-06
2,81003,1,GP 表达式自身产生的状态,100,历史重启阶段最优路径,GP 源内重加权,1,15,0.04593123567083879,1.3693009737298608e-05
2,81003,2,GP 表达式自身产生的状态,100,历史重启阶段最优路径,GP 源内重加权,0,16,nan,2.170909406727151e-06
2,81003,3,GP 表达式自身产生的状态,100,历史重启阶段最优路径,GP 源内重加权,1,15,0.0004231935670732887,6.309478932225548e-06
2,81003,4,GP 表达式自身产生的状态,100,历史重启阶段最优路径,GP 源内重加权,0,16,nan,6.371206978242087e-09
2,81003,5,GP 表达式自身产生的状态,100,历史重启阶段最优路径,GP 源内重加权,1,15,0.09744343266541677,2.266869573492908e-05
2,81003,6,GP 表达式自身产生的状态,100,历史重启阶段最优路径,GP 源内重加权,0,16,nan,0.0
2,81003,7,GP 表达式自身产生的状态,100,历史重启阶段最优路径,GP 源内重加权,2,14,0.0981634814030353,8.821747160178235e-05
2,81003,0,GP 表达式自身产生的状态,100,历史全局最优路径,GP 源内重加权,2,14,0.15191567217483112,1.7870892579051545e-06
2,81003,1,GP 表达式自身产生的状态,100,历史全局最优路径,GP 源内重加权,1,15,0.04593123567083879,1.3693009737298608e-05
2,81003,2,GP 表达式自身产生的状态,100,历史全局最优路径,GP 源内重加权,0,16,nan,2.170909406727151e-06
2,81003,3,GP 表达式自身产生的状态,100,历史全局最优路径,GP 源内重加权,1,15,0.0004231935670732887,6.309478932225548e-06
2,81003,4,GP 表达式自身产生的状态,100,历史全局最优路径,GP 源内重加权,0,16,nan,6.371206978242087e-09
2,81003,5,GP 表达式自身产生的状态,100,历史全局最优路径,GP 源内重加权,1,15,0.09744343266541677,2.266869573492908e-05
2,81003,6,GP 表达式自身产生的状态,100,历史全局最优路径,GP 源内重加权,0,16,nan,0.0
2,81003,7,GP 表达式自身产生的状态,100,历史全局最优路径,GP 源内重加权,2,14,0.0981634814030353,8.821747160178235e-05
2,81002,0,不使用 GP 产生的状态,250,历史重启阶段最优路径,来源内均匀沉积,0,16,nan,0.0
2,81002,1,不使用 GP 产生的状态,250,历史重启阶段最优路径,来源内均匀沉积,0,16,nan,0.0
2,81002,2,不使用 GP 产生的状态,250,历史重启阶段最优路径,来源内均匀沉积,0,16,nan,0.0
2,81002,3,不使用 GP 产生的状态,250,历史重启阶段最优路径,来源内均匀沉积,0,16,nan,0.0
2,81002,4,不使用 GP 产生的状态,250,历史重启阶段最优路径,来源内均匀沉积,0,16,nan,0.0
2,81002,5,不使用 GP 产生的状态,250,历史重启阶段最优路径,来源内均匀沉积,0,16,nan,0.0
2,81002,6,不使用 GP 产生的状态,250,历史重启阶段最优路径,来源内均匀沉积,0,16,nan,0.0
2,81002,7,不使用 GP 产生的状态,250,历史重启阶段最优路径,来源内均匀沉积,0,16,nan,0.0
2,81002,0,不使用 GP 产生的状态,250,历史全局最优路径,来源内均匀沉积,0,16,nan,0.0
2,81002,1,不使用 GP 产生的状态,250,历史全局最优路径,来源内均匀沉积,0,16,nan,0.0
2,81002,2,不使用 GP 产生的状态,250,历史全局最优路径,来源内均匀沉积,0,16,nan,0.0
2,81002,3,不使用 GP 产生的状态,250,历史全局最优路径,来源内均匀沉积,0,16,nan,0.0
2,81002,4,不使用 GP 产生的状态,250,历史全局最优路径,来源内均匀沉积,0,16,nan,0.0
2,81002,5,不使用 GP 产生的状态,250,历史全局最优路径,来源内均匀沉积,0,16,nan,0.0
2,81002,6,不使用 GP 产生的状态,250,历史全局最优路径,来源内均匀沉积,0,16,nan,0.0
2,81002,7,不使用 GP 产生的状态,250,历史全局最优路径,来源内均匀沉积,0,16,nan,0.0
2,81002,0,不使用 GP 产生的状态,250,历史重启阶段最优路径,GP 源内重加权,0,16,nan,3.571075198913783e-09
2,81002,1,不使用 GP 产生的状态,250,历史重启阶段最优路径,GP 源内重加权,0,16,nan,3.211401894136688e-09
2,81002,2,不使用 GP 产生的状态,250,历史重启阶段最优路径,GP 源内重加权,0,16,nan,1.141309688107867e-09
2,81002,3,不使用 GP 产生的状态,250,历史重启阶段最优路径,GP 源内重加权,0,16,nan,0.0
2,81002,4,不使用 GP 产生的状态,250,历史重启阶段最优路径,GP 源内重加权,0,16,nan,2.8583636156258628e-06
2,81002,5,不使用 GP 产生的状态,250,历史重启阶段最优路径,GP 源内重加权,0,16,nan,3.031423142476972e-09
2,81002,6,不使用 GP 产生的状态,250,历史重启阶段最优路径,GP 源内重加权,0,16,nan,1.166582312199846e-09
2,81002,7,不使用 GP 产生的状态,250,历史重启阶段最优路径,GP 源内重加权,0,16,nan,2.2461266839949228e-08
2,81002,0,不使用 GP 产生的状态,250,历史全局最优路径,GP 源内重加权,0,16,nan,3.571075198913783e-09
2,81002,1,不使用 GP 产生的状态,250,历史全局最优路径,GP 源内重加权,0,16,nan,3.211401894136688e-09
2,81002,2,不使用 GP 产生的状态,250,历史全局最优路径,GP 源内重加权,0,16,nan,1.141309688107867e-09
2,81002,3,不使用 GP 产生的状态,250,历史全局最优路径,GP 源内重加权,0,16,nan,0.0
2,81002,4,不使用 GP 产生的状态,250,历史全局最优路径,GP 源内重加权,0,16,nan,2.8583636156258628e-06
2,81002,5,不使用 GP 产生的状态,250,历史全局最优路径,GP 源内重加权,0,16,nan,3.031423142476972e-09
2,81002,6,不使用 GP 产生的状态,250,历史全局最优路径,GP 源内重加权,0,16,nan,1.166582312199846e-09
2,81002,7,不使用 GP 产生的状态,250,历史全局最优路径,GP 源内重加权,0,16,nan,2.2461266839949228e-08
2,81001,0,不使用 GP 产生的状态,250,历史重启阶段最优路径,来源内均匀沉积,0,16,nan,0.0
2,81001,1,不使用 GP 产生的状态,250,历史重启阶段最优路径,来源内均匀沉积,0,16,nan,0.0
2,81001,2,不使用 GP 产生的状态,250,历史重启阶段最优路径,来源内均匀沉积,0,16,nan,0.0
2,81001,3,不使用 GP 产生的状态,250,历史重启阶段最优路径,来源内均匀沉积,0,16,nan,0.0
2,81001,4,不使用 GP 产生的状态,250,历史重启阶段最优路径,来源内均匀沉积,0,16,nan,0.0
2,81001,5,不使用 GP 产生的状态,250,历史重启阶段最优路径,来源内均匀沉积,0,16,nan,0.0
2,81001,6,不使用 GP 产生的状态,250,历史重启阶段最优路径,来源内均匀沉积,0,16,nan,0.0
2,81001,7,不使用 GP 产生的状态,250,历史重启阶段最优路径,来源内均匀沉积,0,16,nan,0.0
2,81001,0,不使用 GP 产生的状态,250,历史全局最优路径,来源内均匀沉积,0,16,nan,0.0
2,81001,1,不使用 GP 产生的状态,250,历史全局最优路径,来源内均匀沉积,0,16,nan,0.0
2,81001,2,不使用 GP 产生的状态,250,历史全局最优路径,来源内均匀沉积,0,16,nan,0.0
2,81001,3,不使用 GP 产生的状态,250,历史全局最优路径,来源内均匀沉积,0,16,nan,0.0
2,81001,4,不使用 GP 产生的状态,250,历史全局最优路径,来源内均匀沉积,0,16,nan,0.0
2,81001,5,不使用 GP 产生的状态,250,历史全局最优路径,来源内均匀沉积,0,16,nan,0.0
2,81001,6,不使用 GP 产生的状态,250,历史全局最优路径,来源内均匀沉积,0,16,nan,0.0
2,81001,7,不使用 GP 产生的状态,250,历史全局最优路径,来源内均匀沉积,0,16,nan,0.0
2,81001,0,不使用 GP 产生的状态,250,历史重启阶段最优路径,GP 源内重加权,0,16,nan,1.5413365047100095e-09
2,81001,1,不使用 GP 产生的状态,250,历史重启阶段最优路径,GP 源内重加权,0,16,nan,1.6233164845332155e-09
2,81001,2,不使用 GP 产生的状态,250,历史重启阶段最优路径,GP 源内重加权,0,16,nan,2.2630726848227976e-09
2,81001,3,不使用 GP 产生的状态,250,历史重启阶段最优路径,GP 源内重加权,0,16,nan,0.0
2,81001,4,不使用 GP 产生的状态,250,历史重启阶段最优路径,GP 源内重加权,0,16,nan,2.8628701222408208e-06
2,81001,5,不使用 GP 产生的状态,250,历史重启阶段最优路径,GP 源内重加权,0,16,nan,1.392343706709198e-09
2,81001,6,不使用 GP 产生的状态,250,历史重启阶段最优路径,GP 源内重加权,0,16,nan,1.2570682777245054e-09
2,81001,7,不使用 GP 产生的状态,250,历史重启阶段最优路径,GP 源内重加权,0,16,nan,2.3576650525339655e-09
2,81001,0,不使用 GP 产生的状态,250,历史全局最优路径,GP 源内重加权,0,16,nan,1.5413365047100095e-09
2,81001,1,不使用 GP 产生的状态,250,历史全局最优路径,GP 源内重加权,0,16,nan,1.6233164845332155e-09
2,81001,2,不使用 GP 产生的状态,250,历史全局最优路径,GP 源内重加权,0,16,nan,2.2630726848227976e-09
2,81001,3,不使用 GP 产生的状态,250,历史全局最优路径,GP 源内重加权,0,16,nan,0.0
2,81001,4,不使用 GP 产生的状态,250,历史全局最优路径,GP 源内重加权,0,16,nan,2.8628701222408208e-06
2,81001,5,不使用 GP 产生的状态,250,历史全局最优路径,GP 源内重加权,0,16,nan,1.392343706709198e-09
2,81001,6,不使用 GP 产生的状态,250,历史全局最优路径,GP 源内重加权,0,16,nan,1.2570682777245054e-09
2,81001,7,不使用 GP 产生的状态,250,历史全局最优路径,GP 源内重加权,0,16,nan,2.3576650525339655e-09
2,81003,0,不使用 GP 产生的状态,250,历史重启阶段最优路径,来源内均匀沉积,0,16,nan,0.0
2,81003,1,不使用 GP 产生的状态,250,历史重启阶段最优路径,来源内均匀沉积,0,16,nan,0.0
2,81003,2,不使用 GP 产生的状态,250,历史重启阶段最优路径,来源内均匀沉积,0,16,nan,0.0
2,81003,3,不使用 GP 产生的状态,250,历史重启阶段最优路径,来源内均匀沉积,0,16,nan,0.0
2,81003,4,不使用 GP 产生的状态,250,历史重启阶段最优路径,来源内均匀沉积,0,16,nan,0.0
2,81003,5,不使用 GP 产生的状态,250,历史重启阶段最优路径,来源内均匀沉积,0,16,nan,0.0
2,81003,6,不使用 GP 产生的状态,250,历史重启阶段最优路径,来源内均匀沉积,0,16,nan,0.0
2,81003,7,不使用 GP 产生的状态,250,历史重启阶段最优路径,来源内均匀沉积,0,16,nan,0.0
2,81003,0,不使用 GP 产生的状态,250,历史全局最优路径,来源内均匀沉积,0,16,nan,0.0
2,81003,1,不使用 GP 产生的状态,250,历史全局最优路径,来源内均匀沉积,0,16,nan,0.0
2,81003,2,不使用 GP 产生的状态,250,历史全局最优路径,来源内均匀沉积,0,16,nan,0.0
2,81003,3,不使用 GP 产生的状态,250,历史全局最优路径,来源内均匀沉积,0,16,nan,0.0
2,81003,4,不使用 GP 产生的状态,250,历史全局最优路径,来源内均匀沉积,0,16,nan,0.0
2,81003,5,不使用 GP 产生的状态,250,历史全局最优路径,来源内均匀沉积,0,16,nan,0.0
2,81003,6,不使用 GP 产生的状态,250,历史全局最优路径,来源内均匀沉积,0,16,nan,0.0
2,81003,7,不使用 GP 产生的状态,250,历史全局最优路径,来源内均匀沉积,0,16,nan,0.0
2,81003,0,不使用 GP 产生的状态,250,历史重启阶段最优路径,GP 源内重加权,0,16,nan,0.0
2,81003,1,不使用 GP 产生的状态,250,历史重启阶段最优路径,GP 源内重加权,0,16,nan,1.4208219067408104e-08
2,81003,2,不使用 GP 产生的状态,250,历史重启阶段最优路径,GP 源内重加权,0,16,nan,1.4623177700801383e-09
2,81003,3,不使用 GP 产生的状态,250,历史重启阶段最优路径,GP 源内重加权,0,16,nan,0.0
2,81003,4,不使用 GP 产生的状态,250,历史重启阶段最优路径,GP 源内重加权,0,16,nan,2.168674154065879e-06
2,81003,5,不使用 GP 产生的状态,250,历史重启阶段最优路径,GP 源内重加权,0,16,nan,1.2467248529658835e-08
2,81003,6,不使用 GP 产生的状态,250,历史重启阶段最优路径,GP 源内重加权,0,16,nan,1.5464491955742896e-09
2,81003,7,不使用 GP 产生的状态,250,历史重启阶段最优路径,GP 源内重加权,0,16,nan,3.769769138174416e-09
2,81003,0,不使用 GP 产生的状态,250,历史全局最优路径,GP 源内重加权,0,16,nan,0.0
2,81003,1,不使用 GP 产生的状态,250,历史全局最优路径,GP 源内重加权,0,16,nan,1.4208219067408104e-08
2,81003,2,不使用 GP 产生的状态,250,历史全局最优路径,GP 源内重加权,0,16,nan,1.4623177700801383e-09
2,81003,3,不使用 GP 产生的状态,250,历史全局最优路径,GP 源内重加权,0,16,nan,0.0
2,81003,4,不使用 GP 产生的状态,250,历史全局最优路径,GP 源内重加权,0,16,nan,2.168674154065879e-06
2,81003,5,不使用 GP 产生的状态,250,历史全局最优路径,GP 源内重加权,0,16,nan,1.2467248529658835e-08
2,81003,6,不使用 GP 产生的状态,250,历史全局最优路径,GP 源内重加权,0,16,nan,1.5464491955742896e-09
2,81003,7,不使用 GP 产生的状态,250,历史全局最优路径,GP 源内重加权,0,16,nan,3.769769138174416e-09
2,81001,0,GP 表达式自身产生的状态,250,历史重启阶段最优路径,来源内均匀沉积,0,16,nan,0.0
2,81001,1,GP 表达式自身产生的状态,250,历史重启阶段最优路径,来源内均匀沉积,0,16,nan,0.0
2,81001,2,GP 表达式自身产生的状态,250,历史重启阶段最优路径,来源内均匀沉积,0,16,nan,0.0
2,81001,3,GP 表达式自身产生的状态,250,历史重启阶段最优路径,来源内均匀沉积,0,16,nan,0.0
2,81001,4,GP 表达式自身产生的状态,250,历史重启阶段最优路径,来源内均匀沉积,0,16,nan,0.0
2,81001,5,GP 表达式自身产生的状态,250,历史重启阶段最优路径,来源内均匀沉积,0,16,nan,0.0
2,81001,6,GP 表达式自身产生的状态,250,历史重启阶段最优路径,来源内均匀沉积,0,16,nan,0.0
2,81001,7,GP 表达式自身产生的状态,250,历史重启阶段最优路径,来源内均匀沉积,0,16,nan,0.0
2,81001,0,GP 表达式自身产生的状态,250,历史全局最优路径,来源内均匀沉积,0,16,nan,0.0
2,81001,1,GP 表达式自身产生的状态,250,历史全局最优路径,来源内均匀沉积,0,16,nan,0.0
2,81001,2,GP 表达式自身产生的状态,250,历史全局最优路径,来源内均匀沉积,0,16,nan,0.0
2,81001,3,GP 表达式自身产生的状态,250,历史全局最优路径,来源内均匀沉积,0,16,nan,0.0
2,81001,4,GP 表达式自身产生的状态,250,历史全局最优路径,来源内均匀沉积,0,16,nan,0.0
2,81001,5,GP 表达式自身产生的状态,250,历史全局最优路径,来源内均匀沉积,0,16,nan,0.0
2,81001,6,GP 表达式自身产生的状态,250,历史全局最优路径,来源内均匀沉积,0,16,nan,0.0
2,81001,7,GP 表达式自身产生的状态,250,历史全局最优路径,来源内均匀沉积,0,16,nan,0.0
2,81001,0,GP 表达式自身产生的状态,250,历史重启阶段最优路径,GP 源内重加权,0,16,nan,3.97903895740554e-09
2,81001,1,GP 表达式自身产生的状态,250,历史重启阶段最优路径,GP 源内重加权,0,16,nan,5.073053919355653e-09
2,81001,2,GP 表达式自身产生的状态,250,历史重启阶段最优路径,GP 源内重加权,0,16,nan,2.514182435258617e-09
2,81001,3,GP 表达式自身产生的状态,250,历史重启阶段最优路径,GP 源内重加权,0,16,nan,5.704265783179069e-10
2,81001,4,GP 表达式自身产生的状态,250,历史重启阶段最优路径,GP 源内重加权,0,16,nan,2.1573321879611876e-10
2,81001,5,GP 表达式自身产生的状态,250,历史重启阶段最优路径,GP 源内重加权,0,16,nan,0.0
2,81001,6,GP 表达式自身产生的状态,250,历史重启阶段最优路径,GP 源内重加权,0,16,nan,2.2125756322390915e-09
2,81001,7,GP 表达式自身产生的状态,250,历史重启阶段最优路径,GP 源内重加权,0,16,nan,0.0
2,81001,0,GP 表达式自身产生的状态,250,历史全局最优路径,GP 源内重加权,0,16,nan,3.97903895740554e-09
2,81001,1,GP 表达式自身产生的状态,250,历史全局最优路径,GP 源内重加权,0,16,nan,5.073053919355653e-09
2,81001,2,GP 表达式自身产生的状态,250,历史全局最优路径,GP 源内重加权,0,16,nan,2.514182435258617e-09
2,81001,3,GP 表达式自身产生的状态,250,历史全局最优路径,GP 源内重加权,0,16,nan,5.704265783179069e-10
2,81001,4,GP 表达式自身产生的状态,250,历史全局最优路径,GP 源内重加权,0,16,nan,2.1573321879611876e-10
2,81001,5,GP 表达式自身产生的状态,250,历史全局最优路径,GP 源内重加权,0,16,nan,0.0
2,81001,6,GP 表达式自身产生的状态,250,历史全局最优路径,GP 源内重加权,0,16,nan,2.2125756322390915e-09
2,81001,7,GP 表达式自身产生的状态,250,历史全局最优路径,GP 源内重加权,0,16,nan,0.0
2,81002,0,GP 表达式自身产生的状态,250,历史重启阶段最优路径,来源内均匀沉积,0,16,nan,0.0
2,81002,1,GP 表达式自身产生的状态,250,历史重启阶段最优路径,来源内均匀沉积,0,16,nan,0.0
2,81002,2,GP 表达式自身产生的状态,250,历史重启阶段最优路径,来源内均匀沉积,0,16,nan,0.0
2,81002,3,GP 表达式自身产生的状态,250,历史重启阶段最优路径,来源内均匀沉积,0,16,nan,3.114704549605689e-09
2,81002,4,GP 表达式自身产生的状态,250,历史重启阶段最优路径,来源内均匀沉积,0,16,nan,0.0
2,81002,5,GP 表达式自身产生的状态,250,历史重启阶段最优路径,来源内均匀沉积,0,16,nan,0.0
2,81002,6,GP 表达式自身产生的状态,250,历史重启阶段最优路径,来源内均匀沉积,0,16,nan,0.0
2,81002,7,GP 表达式自身产生的状态,250,历史重启阶段最优路径,来源内均匀沉积,0,16,nan,0.0
2,81002,0,GP 表达式自身产生的状态,250,历史全局最优路径,来源内均匀沉积,0,16,nan,0.0
2,81002,1,GP 表达式自身产生的状态,250,历史全局最优路径,来源内均匀沉积,0,16,nan,0.0
2,81002,2,GP 表达式自身产生的状态,250,历史全局最优路径,来源内均匀沉积,0,16,nan,0.0
2,81002,3,GP 表达式自身产生的状态,250,历史全局最优路径,来源内均匀沉积,0,16,nan,3.114704549605689e-09
2,81002,4,GP 表达式自身产生的状态,250,历史全局最优路径,来源内均匀沉积,0,16,nan,0.0
2,81002,5,GP 表达式自身产生的状态,250,历史全局最优路径,来源内均匀沉积,0,16,nan,0.0
2,81002,6,GP 表达式自身产生的状态,250,历史全局最优路径,来源内均匀沉积,0,16,nan,0.0
2,81002,7,GP 表达式自身产生的状态,250,历史全局最优路径,来源内均匀沉积,0,16,nan,0.0
2,81002,0,GP 表达式自身产生的状态,250,历史重启阶段最优路径,GP 源内重加权,0,16,nan,8.376272215461467e-11
2,81002,1,GP 表达式自身产生的状态,250,历史重启阶段最优路径,GP 源内重加权,0,16,nan,3.840263633748636e-09
2,81002,2,GP 表达式自身产生的状态,250,历史重启阶段最优路径,GP 源内重加权,0,16,nan,1.0093915401083104e-09
2,81002,3,GP 表达式自身产生的状态,250,历史重启阶段最优路径,GP 源内重加权,0,16,nan,3.0739977471529004e-07
2,81002,4,GP 表达式自身产生的状态,250,历史重启阶段最优路径,GP 源内重加权,0,16,nan,1.5115460472538163e-06
2,81002,5,GP 表达式自身产生的状态,250,历史重启阶段最优路径,GP 源内重加权,0,16,nan,1.2613658124095104e-10
2,81002,6,GP 表达式自身产生的状态,250,历史重启阶段最优路径,GP 源内重加权,0,16,nan,3.9534383256704e-09
2,81002,7,GP 表达式自身产生的状态,250,历史重启阶段最优路径,GP 源内重加权,0,16,nan,4.1834862169491405e-09
2,81002,0,GP 表达式自身产生的状态,250,历史全局最优路径,GP 源内重加权,0,16,nan,8.376272215461467e-11
2,81002,1,GP 表达式自身产生的状态,250,历史全局最优路径,GP 源内重加权,0,16,nan,3.840263633748636e-09
2,81002,2,GP 表达式自身产生的状态,250,历史全局最优路径,GP 源内重加权,0,16,nan,1.0093915401083104e-09
2,81002,3,GP 表达式自身产生的状态,250,历史全局最优路径,GP 源内重加权,0,16,nan,3.0739977471529004e-07
2,81002,4,GP 表达式自身产生的状态,250,历史全局最优路径,GP 源内重加权,0,16,nan,1.5115460472538163e-06
2,81002,5,GP 表达式自身产生的状态,250,历史全局最优路径,GP 源内重加权,0,16,nan,1.2613658124095104e-10
2,81002,6,GP 表达式自身产生的状态,250,历史全局最优路径,GP 源内重加权,0,16,nan,3.9534383256704e-09
2,81002,7,GP 表达式自身产生的状态,250,历史全局最优路径,GP 源内重加权,0,16,nan,4.1834862169491405e-09
2,81003,0,GP 表达式自身产生的状态,250,历史重启阶段最优路径,来源内均匀沉积,0,16,nan,0.0
2,81003,1,GP 表达式自身产生的状态,250,历史重启阶段最优路径,来源内均匀沉积,0,16,nan,0.0
2,81003,2,GP 表达式自身产生的状态,250,历史重启阶段最优路径,来源内均匀沉积,0,16,nan,0.0
2,81003,3,GP 表达式自身产生的状态,250,历史重启阶段最优路径,来源内均匀沉积,0,16,nan,0.0
2,81003,4,GP 表达式自身产生的状态,250,历史重启阶段最优路径,来源内均匀沉积,0,16,nan,0.0
2,81003,5,GP 表达式自身产生的状态,250,历史重启阶段最优路径,来源内均匀沉积,0,16,nan,1.531711419629029e-09
2,81003,6,GP 表达式自身产生的状态,250,历史重启阶段最优路径,来源内均匀沉积,0,16,nan,1.0112936080059263e-10
2,81003,7,GP 表达式自身产生的状态,250,历史重启阶段最优路径,来源内均匀沉积,0,16,nan,0.0
2,81003,0,GP 表达式自身产生的状态,250,历史全局最优路径,来源内均匀沉积,0,16,nan,0.0
2,81003,1,GP 表达式自身产生的状态,250,历史全局最优路径,来源内均匀沉积,0,16,nan,0.0
2,81003,2,GP 表达式自身产生的状态,250,历史全局最优路径,来源内均匀沉积,0,16,nan,0.0
2,81003,3,GP 表达式自身产生的状态,250,历史全局最优路径,来源内均匀沉积,0,16,nan,0.0
2,81003,4,GP 表达式自身产生的状态,250,历史全局最优路径,来源内均匀沉积,0,16,nan,0.0
2,81003,5,GP 表达式自身产生的状态,250,历史全局最优路径,来源内均匀沉积,0,16,nan,1.531711419629029e-09
2,81003,6,GP 表达式自身产生的状态,250,历史全局最优路径,来源内均匀沉积,0,16,nan,1.0112936080059263e-10
2,81003,7,GP 表达式自身产生的状态,250,历史全局最优路径,来源内均匀沉积,0,16,nan,0.0
2,81003,0,GP 表达式自身产生的状态,250,历史重启阶段最优路径,GP 源内重加权,0,16,nan,1.8367646052211835e-10
2,81003,1,GP 表达式自身产生的状态,250,历史重启阶段最优路径,GP 源内重加权,0,16,nan,1.7754685258315202e-09
2,81003,2,GP 表达式自身产生的状态,250,历史重启阶段最优路径,GP 源内重加权,0,16,nan,3.183406034026134e-09
2,81003,3,GP 表达式自身产生的状态,250,历史重启阶段最优路径,GP 源内重加权,0,16,nan,4.287528420174691e-09
2,81003,4,GP 表达式自身产生的状态,250,历史重启阶段最优路径,GP 源内重加权,0,16,nan,0.0
2,81003,5,GP 表达式自身产生的状态,250,历史重启阶段最优路径,GP 源内重加权,0,16,nan,3.832687858555714e-09
2,81003,6,GP 表达式自身产生的状态,250,历史重启阶段最优路径,GP 源内重加权,0,16,nan,1.282581240679344e-09
2,81003,7,GP 表达式自身产生的状态,250,历史重启阶段最优路径,GP 源内重加权,0,16,nan,0.0
2,81003,0,GP 表达式自身产生的状态,250,历史全局最优路径,GP 源内重加权,0,16,nan,1.8367646052211835e-10
2,81003,1,GP 表达式自身产生的状态,250,历史全局最优路径,GP 源内重加权,0,16,nan,1.7754685258315202e-09
2,81003,2,GP 表达式自身产生的状态,250,历史全局最优路径,GP 源内重加权,0,16,nan,3.183406034026134e-09
2,81003,3,GP 表达式自身产生的状态,250,历史全局最优路径,GP 源内重加权,0,16,nan,4.287528420174691e-09
2,81003,4,GP 表达式自身产生的状态,250,历史全局最优路径,GP 源内重加权,0,16,nan,0.0
2,81003,5,GP 表达式自身产生的状态,250,历史全局最优路径,GP 源内重加权,0,16,nan,3.832687858555714e-09
2,81003,6,GP 表达式自身产生的状态,250,历史全局最优路径,GP 源内重加权,0,16,nan,1.282581240679344e-09
2,81003,7,GP 表达式自身产生的状态,250,历史全局最优路径,GP 源内重加权,0,16,nan,0.0
2,81003,0,不使用 GP 产生的状态,500,历史重启阶段最优路径,来源内均匀沉积,0,16,nan,0.0
2,81003,1,不使用 GP 产生的状态,500,历史重启阶段最优路径,来源内均匀沉积,0,16,nan,0.0
2,81003,2,不使用 GP 产生的状态,500,历史重启阶段最优路径,来源内均匀沉积,0,16,nan,0.0
2,81003,3,不使用 GP 产生的状态,500,历史重启阶段最优路径,来源内均匀沉积,0,16,nan,0.0
2,81003,4,不使用 GP 产生的状态,500,历史重启阶段最优路径,来源内均匀沉积,0,16,nan,0.0
2,81003,5,不使用 GP 产生的状态,500,历史重启阶段最优路径,来源内均匀沉积,0,16,nan,0.0
2,81003,6,不使用 GP 产生的状态,500,历史重启阶段最优路径,来源内均匀沉积,0,16,nan,0.0
2,81003,7,不使用 GP 产生的状态,500,历史重启阶段最优路径,来源内均匀沉积,0,16,nan,0.0
2,81003,0,不使用 GP 产生的状态,500,历史全局最优路径,来源内均匀沉积,0,16,nan,0.0
2,81003,1,不使用 GP 产生的状态,500,历史全局最优路径,来源内均匀沉积,0,16,nan,0.0
2,81003,2,不使用 GP 产生的状态,500,历史全局最优路径,来源内均匀沉积,0,16,nan,0.0
2,81003,3,不使用 GP 产生的状态,500,历史全局最优路径,来源内均匀沉积,0,16,nan,0.0
2,81003,4,不使用 GP 产生的状态,500,历史全局最优路径,来源内均匀沉积,0,16,nan,0.0
2,81003,5,不使用 GP 产生的状态,500,历史全局最优路径,来源内均匀沉积,0,16,nan,0.0
2,81003,6,不使用 GP 产生的状态,500,历史全局最优路径,来源内均匀沉积,0,16,nan,0.0
2,81003,7,不使用 GP 产生的状态,500,历史全局最优路径,来源内均匀沉积,0,16,nan,0.0
2,81003,0,不使用 GP 产生的状态,500,历史重启阶段最优路径,GP 源内重加权,0,16,nan,3.519887022590959e-09
2,81003,1,不使用 GP 产生的状态,500,历史重启阶段最优路径,GP 源内重加权,0,16,nan,4.38778333414381e-09
2,81003,2,不使用 GP 产生的状态,500,历史重启阶段最优路径,GP 源内重加权,0,16,nan,0.0
2,81003,3,不使用 GP 产生的状态,500,历史重启阶段最优路径,GP 源内重加权,0,16,nan,2.2689480080214304e-09
2,81003,4,不使用 GP 产生的状态,500,历史重启阶段最优路径,GP 源内重加权,0,16,nan,4.3590676800139826e-09
2,81003,5,不使用 GP 产生的状态,500,历史重启阶段最优路径,GP 源内重加权,0,16,nan,1.359180105265923e-09
2,81003,6,不使用 GP 产生的状态,500,历史重启阶段最优路径,GP 源内重加权,0,16,nan,1.3525470954408106e-09
2,81003,7,不使用 GP 产生的状态,500,历史重启阶段最优路径,GP 源内重加权,0,16,nan,1.8034701115452136e-08
2,81003,0,不使用 GP 产生的状态,500,历史全局最优路径,GP 源内重加权,0,16,nan,3.519887022590959e-09
2,81003,1,不使用 GP 产生的状态,500,历史全局最优路径,GP 源内重加权,0,16,nan,4.38778333414381e-09
2,81003,2,不使用 GP 产生的状态,500,历史全局最优路径,GP 源内重加权,0,16,nan,0.0
2,81003,3,不使用 GP 产生的状态,500,历史全局最优路径,GP 源内重加权,0,16,nan,2.2689480080214304e-09
2,81003,4,不使用 GP 产生的状态,500,历史全局最优路径,GP 源内重加权,0,16,nan,4.3590676800139826e-09
2,81003,5,不使用 GP 产生的状态,500,历史全局最优路径,GP 源内重加权,0,16,nan,1.359180105265923e-09
2,81003,6,不使用 GP 产生的状态,500,历史全局最优路径,GP 源内重加权,0,16,nan,1.3525470954408106e-09
2,81003,7,不使用 GP 产生的状态,500,历史全局最优路径,GP 源内重加权,0,16,nan,1.8034701115452136e-08
2,81002,0,不使用 GP 产生的状态,500,历史重启阶段最优路径,来源内均匀沉积,0,16,nan,0.0
2,81002,1,不使用 GP 产生的状态,500,历史重启阶段最优路径,来源内均匀沉积,0,16,nan,0.0
2,81002,2,不使用 GP 产生的状态,500,历史重启阶段最优路径,来源内均匀沉积,0,16,nan,0.0
2,81002,3,不使用 GP 产生的状态,500,历史重启阶段最优路径,来源内均匀沉积,0,16,nan,0.0
2,81002,4,不使用 GP 产生的状态,500,历史重启阶段最优路径,来源内均匀沉积,0,16,nan,0.0
2,81002,5,不使用 GP 产生的状态,500,历史重启阶段最优路径,来源内均匀沉积,0,16,nan,0.0
2,81002,6,不使用 GP 产生的状态,500,历史重启阶段最优路径,来源内均匀沉积,0,16,nan,0.0
2,81002,7,不使用 GP 产生的状态,500,历史重启阶段最优路径,来源内均匀沉积,0,16,nan,0.0
2,81002,0,不使用 GP 产生的状态,500,历史全局最优路径,来源内均匀沉积,0,16,nan,0.0
2,81002,1,不使用 GP 产生的状态,500,历史全局最优路径,来源内均匀沉积,0,16,nan,0.0
2,81002,2,不使用 GP 产生的状态,500,历史全局最优路径,来源内均匀沉积,0,16,nan,0.0
2,81002,3,不使用 GP 产生的状态,500,历史全局最优路径,来源内均匀沉积,0,16,nan,0.0
2,81002,4,不使用 GP 产生的状态,500,历史全局最优路径,来源内均匀沉积,0,16,nan,0.0
2,81002,5,不使用 GP 产生的状态,500,历史全局最优路径,来源内均匀沉积,0,16,nan,0.0
2,81002,6,不使用 GP 产生的状态,500,历史全局最优路径,来源内均匀沉积,0,16,nan,0.0
2,81002,7,不使用 GP 产生的状态,500,历史全局最优路径,来源内均匀沉积,0,16,nan,0.0
2,81002,0,不使用 GP 产生的状态,500,历史重启阶段最优路径,GP 源内重加权,0,16,nan,6.852025635500412e-08
2,81002,1,不使用 GP 产生的状态,500,历史重启阶段最优路径,GP 源内重加权,0,16,nan,5.699424644410348e-06
2,81002,2,不使用 GP 产生的状态,500,历史重启阶段最优路径,GP 源内重加权,0,16,nan,2.699017885300666e-07
2,81002,3,不使用 GP 产生的状态,500,历史重启阶段最优路径,GP 源内重加权,0,16,nan,3.260958358705561e-06
2,81002,4,不使用 GP 产生的状态,500,历史重启阶段最优路径,GP 源内重加权,0,16,nan,4.367133743357896e-09
2,81002,5,不使用 GP 产生的状态,500,历史重启阶段最优路径,GP 源内重加权,0,16,nan,2.0352244436177973e-06
2,81002,6,不使用 GP 产生的状态,500,历史重启阶段最优路径,GP 源内重加权,0,16,nan,1.87068601803692e-06
2,81002,7,不使用 GP 产生的状态,500,历史重启阶段最优路径,GP 源内重加权,0,16,nan,6.702744388200736e-07
2,81002,0,不使用 GP 产生的状态,500,历史全局最优路径,GP 源内重加权,0,16,nan,6.852025635500412e-08
2,81002,1,不使用 GP 产生的状态,500,历史全局最优路径,GP 源内重加权,0,16,nan,5.699424644410348e-06
2,81002,2,不使用 GP 产生的状态,500,历史全局最优路径,GP 源内重加权,0,16,nan,2.699017885300666e-07
2,81002,3,不使用 GP 产生的状态,500,历史全局最优路径,GP 源内重加权,0,16,nan,3.260958358705561e-06
2,81002,4,不使用 GP 产生的状态,500,历史全局最优路径,GP 源内重加权,0,16,nan,4.367133743357896e-09
2,81002,5,不使用 GP 产生的状态,500,历史全局最优路径,GP 源内重加权,0,16,nan,2.0352244436177973e-06
2,81002,6,不使用 GP 产生的状态,500,历史全局最优路径,GP 源内重加权,0,16,nan,1.87068601803692e-06
2,81002,7,不使用 GP 产生的状态,500,历史全局最优路径,GP 源内重加权,0,16,nan,6.702744388200736e-07
2,81001,0,不使用 GP 产生的状态,500,历史重启阶段最优路径,来源内均匀沉积,0,16,nan,0.0
2,81001,1,不使用 GP 产生的状态,500,历史重启阶段最优路径,来源内均匀沉积,0,16,nan,0.0
2,81001,2,不使用 GP 产生的状态,500,历史重启阶段最优路径,来源内均匀沉积,0,16,nan,0.0
2,81001,3,不使用 GP 产生的状态,500,历史重启阶段最优路径,来源内均匀沉积,0,16,nan,0.0
2,81001,4,不使用 GP 产生的状态,500,历史重启阶段最优路径,来源内均匀沉积,0,16,nan,0.0
2,81001,5,不使用 GP 产生的状态,500,历史重启阶段最优路径,来源内均匀沉积,0,16,nan,0.0
2,81001,6,不使用 GP 产生的状态,500,历史重启阶段最优路径,来源内均匀沉积,0,16,nan,0.0
2,81001,7,不使用 GP 产生的状态,500,历史重启阶段最优路径,来源内均匀沉积,0,16,nan,0.0
2,81001,0,不使用 GP 产生的状态,500,历史全局最优路径,来源内均匀沉积,0,16,nan,0.0
2,81001,1,不使用 GP 产生的状态,500,历史全局最优路径,来源内均匀沉积,0,16,nan,0.0
2,81001,2,不使用 GP 产生的状态,500,历史全局最优路径,来源内均匀沉积,0,16,nan,0.0
2,81001,3,不使用 GP 产生的状态,500,历史全局最优路径,来源内均匀沉积,0,16,nan,0.0
2,81001,4,不使用 GP 产生的状态,500,历史全局最优路径,来源内均匀沉积,0,16,nan,0.0
2,81001,5,不使用 GP 产生的状态,500,历史全局最优路径,来源内均匀沉积,0,16,nan,0.0
2,81001,6,不使用 GP 产生的状态,500,历史全局最优路径,来源内均匀沉积,0,16,nan,0.0
2,81001,7,不使用 GP 产生的状态,500,历史全局最优路径,来源内均匀沉积,0,16,nan,0.0
2,81001,0,不使用 GP 产生的状态,500,历史重启阶段最优路径,GP 源内重加权,0,16,nan,2.9341940986411034e-09
2,81001,1,不使用 GP 产生的状态,500,历史重启阶段最优路径,GP 源内重加权,0,16,nan,1.8160141743031205e-09
2,81001,2,不使用 GP 产生的状态,500,历史重启阶段最优路径,GP 源内重加权,0,16,nan,2.6627461983679236e-10
2,81001,3,不使用 GP 产生的状态,500,历史重启阶段最优路径,GP 源内重加权,0,16,nan,8.319792928962313e-10
2,81001,4,不使用 GP 产生的状态,500,历史重启阶段最优路径,GP 源内重加权,0,16,nan,1.748078564578444e-09
2,81001,5,不使用 GP 产生的状态,500,历史重启阶段最优路径,GP 源内重加权,0,16,nan,6.17179072624048e-10
2,81001,6,不使用 GP 产生的状态,500,历史重启阶段最优路径,GP 源内重加权,0,16,nan,1.6973349707949024e-10
2,81001,7,不使用 GP 产生的状态,500,历史重启阶段最优路径,GP 源内重加权,0,16,nan,1.890046570798702e-10
2,81001,0,不使用 GP 产生的状态,500,历史全局最优路径,GP 源内重加权,0,16,nan,2.9341940986411034e-09
2,81001,1,不使用 GP 产生的状态,500,历史全局最优路径,GP 源内重加权,0,16,nan,1.8160141743031205e-09
2,81001,2,不使用 GP 产生的状态,500,历史全局最优路径,GP 源内重加权,0,16,nan,2.6627461983679236e-10
2,81001,3,不使用 GP 产生的状态,500,历史全局最优路径,GP 源内重加权,0,16,nan,8.319792928962313e-10
2,81001,4,不使用 GP 产生的状态,500,历史全局最优路径,GP 源内重加权,0,16,nan,1.748078564578444e-09
2,81001,5,不使用 GP 产生的状态,500,历史全局最优路径,GP 源内重加权,0,16,nan,6.17179072624048e-10
2,81001,6,不使用 GP 产生的状态,500,历史全局最优路径,GP 源内重加权,0,16,nan,1.6973349707949024e-10
2,81001,7,不使用 GP 产生的状态,500,历史全局最优路径,GP 源内重加权,0,16,nan,1.890046570798702e-10
2,81001,0,GP 表达式自身产生的状态,500,历史重启阶段最优路径,来源内均匀沉积,0,16,nan,0.0
2,81001,1,GP 表达式自身产生的状态,500,历史重启阶段最优路径,来源内均匀沉积,0,16,nan,0.0
2,81001,2,GP 表达式自身产生的状态,500,历史重启阶段最优路径,来源内均匀沉积,0,16,nan,0.0
2,81001,3,GP 表达式自身产生的状态,500,历史重启阶段最优路径,来源内均匀沉积,0,16,nan,0.0
2,81001,4,GP 表达式自身产生的状态,500,历史重启阶段最优路径,来源内均匀沉积,0,16,nan,0.0
2,81001,5,GP 表达式自身产生的状态,500,历史重启阶段最优路径,来源内均匀沉积,0,16,nan,0.0
2,81001,6,GP 表达式自身产生的状态,500,历史重启阶段最优路径,来源内均匀沉积,0,16,nan,0.0
2,81001,7,GP 表达式自身产生的状态,500,历史重启阶段最优路径,来源内均匀沉积,0,16,nan,0.0
2,81001,0,GP 表达式自身产生的状态,500,历史全局最优路径,来源内均匀沉积,0,16,nan,0.0
2,81001,1,GP 表达式自身产生的状态,500,历史全局最优路径,来源内均匀沉积,0,16,nan,0.0
2,81001,2,GP 表达式自身产生的状态,500,历史全局最优路径,来源内均匀沉积,0,16,nan,0.0
2,81001,3,GP 表达式自身产生的状态,500,历史全局最优路径,来源内均匀沉积,0,16,nan,0.0
2,81001,4,GP 表达式自身产生的状态,500,历史全局最优路径,来源内均匀沉积,0,16,nan,0.0
2,81001,5,GP 表达式自身产生的状态,500,历史全局最优路径,来源内均匀沉积,0,16,nan,0.0
2,81001,6,GP 表达式自身产生的状态,500,历史全局最优路径,来源内均匀沉积,0,16,nan,0.0
2,81001,7,GP 表达式自身产生的状态,500,历史全局最优路径,来源内均匀沉积,0,16,nan,0.0
2,81001,0,GP 表达式自身产生的状态,500,历史重启阶段最优路径,GP 源内重加权,0,16,nan,3.0279787230080194e-09
2,81001,1,GP 表达式自身产生的状态,500,历史重启阶段最优路径,GP 源内重加权,0,16,nan,1.0731327589356724e-09
2,81001,2,GP 表达式自身产生的状态,500,历史重启阶段最优路径,GP 源内重加权,0,16,nan,5.4118034989486445e-09
2,81001,3,GP 表达式自身产生的状态,500,历史重启阶段最优路径,GP 源内重加权,0,16,nan,0.0
2,81001,4,GP 表达式自身产生的状态,500,历史重启阶段最优路径,GP 源内重加权,0,16,nan,1.18147658592024e-10
2,81001,5,GP 表达式自身产生的状态,500,历史重启阶段最优路径,GP 源内重加权,0,16,nan,1.3245605090940906e-09
2,81001,6,GP 表达式自身产生的状态,500,历史重启阶段最优路径,GP 源内重加权,0,16,nan,1.3074738141587465e-09
2,81001,7,GP 表达式自身产生的状态,500,历史重启阶段最优路径,GP 源内重加权,0,16,nan,2.5327631293371607e-10
2,81001,0,GP 表达式自身产生的状态,500,历史全局最优路径,GP 源内重加权,0,16,nan,3.0279787230080194e-09
2,81001,1,GP 表达式自身产生的状态,500,历史全局最优路径,GP 源内重加权,0,16,nan,1.0731327589356724e-09
2,81001,2,GP 表达式自身产生的状态,500,历史全局最优路径,GP 源内重加权,0,16,nan,5.4118034989486445e-09
2,81001,3,GP 表达式自身产生的状态,500,历史全局最优路径,GP 源内重加权,0,16,nan,0.0
2,81001,4,GP 表达式自身产生的状态,500,历史全局最优路径,GP 源内重加权,0,16,nan,1.18147658592024e-10
2,81001,5,GP 表达式自身产生的状态,500,历史全局最优路径,GP 源内重加权,0,16,nan,1.3245605090940906e-09
2,81001,6,GP 表达式自身产生的状态,500,历史全局最优路径,GP 源内重加权,0,16,nan,1.3074738141587465e-09
2,81001,7,GP 表达式自身产生的状态,500,历史全局最优路径,GP 源内重加权,0,16,nan,2.5327631293371607e-10
2,81002,0,GP 表达式自身产生的状态,500,历史重启阶段最优路径,来源内均匀沉积,0,16,nan,0.0
2,81002,1,GP 表达式自身产生的状态,500,历史重启阶段最优路径,来源内均匀沉积,0,16,nan,0.0
2,81002,2,GP 表达式自身产生的状态,500,历史重启阶段最优路径,来源内均匀沉积,0,16,nan,0.0
2,81002,3,GP 表达式自身产生的状态,500,历史重启阶段最优路径,来源内均匀沉积,0,16,nan,0.0
2,81002,4,GP 表达式自身产生的状态,500,历史重启阶段最优路径,来源内均匀沉积,0,16,nan,0.0
2,81002,5,GP 表达式自身产生的状态,500,历史重启阶段最优路径,来源内均匀沉积,0,16,nan,0.0
2,81002,6,GP 表达式自身产生的状态,500,历史重启阶段最优路径,来源内均匀沉积,0,16,nan,0.0
2,81002,7,GP 表达式自身产生的状态,500,历史重启阶段最优路径,来源内均匀沉积,0,16,nan,0.0
2,81002,0,GP 表达式自身产生的状态,500,历史全局最优路径,来源内均匀沉积,0,16,nan,0.0
2,81002,1,GP 表达式自身产生的状态,500,历史全局最优路径,来源内均匀沉积,0,16,nan,0.0
2,81002,2,GP 表达式自身产生的状态,500,历史全局最优路径,来源内均匀沉积,0,16,nan,0.0
2,81002,3,GP 表达式自身产生的状态,500,历史全局最优路径,来源内均匀沉积,0,16,nan,0.0
2,81002,4,GP 表达式自身产生的状态,500,历史全局最优路径,来源内均匀沉积,0,16,nan,0.0
2,81002,5,GP 表达式自身产生的状态,500,历史全局最优路径,来源内均匀沉积,0,16,nan,0.0
2,81002,6,GP 表达式自身产生的状态,500,历史全局最优路径,来源内均匀沉积,0,16,nan,0.0
2,81002,7,GP 表达式自身产生的状态,500,历史全局最优路径,来源内均匀沉积,0,16,nan,0.0
2,81002,0,GP 表达式自身产生的状态,500,历史重启阶段最优路径,GP 源内重加权,0,16,nan,0.0
2,81002,1,GP 表达式自身产生的状态,500,历史重启阶段最优路径,GP 源内重加权,0,16,nan,0.0
2,81002,2,GP 表达式自身产生的状态,500,历史重启阶段最优路径,GP 源内重加权,0,16,nan,3.6575523589534335e-11
2,81002,3,GP 表达式自身产生的状态,500,历史重启阶段最优路径,GP 源内重加权,0,16,nan,1.4551728516221956e-10
2,81002,4,GP 表达式自身产生的状态,500,历史重启阶段最优路径,GP 源内重加权,0,16,nan,2.2224936937078474e-09
2,81002,5,GP 表达式自身产生的状态,500,历史重启阶段最优路径,GP 源内重加权,0,16,nan,0.0
2,81002,6,GP 表达式自身产生的状态,500,历史重启阶段最优路径,GP 源内重加权,0,16,nan,9.077482690628774e-10
2,81002,7,GP 表达式自身产生的状态,500,历史重启阶段最优路径,GP 源内重加权,0,16,nan,1.6698000888620116e-09
2,81002,0,GP 表达式自身产生的状态,500,历史全局最优路径,GP 源内重加权,0,16,nan,0.0
2,81002,1,GP 表达式自身产生的状态,500,历史全局最优路径,GP 源内重加权,0,16,nan,0.0
2,81002,2,GP 表达式自身产生的状态,500,历史全局最优路径,GP 源内重加权,0,16,nan,3.6575523589534335e-11
2,81002,3,GP 表达式自身产生的状态,500,历史全局最优路径,GP 源内重加权,0,16,nan,1.4551728516221956e-10
2,81002,4,GP 表达式自身产生的状态,500,历史全局最优路径,GP 源内重加权,0,16,nan,2.2224936937078474e-09
2,81002,5,GP 表达式自身产生的状态,500,历史全局最优路径,GP 源内重加权,0,16,nan,0.0
2,81002,6,GP 表达式自身产生的状态,500,历史全局最优路径,GP 源内重加权,0,16,nan,9.077482690628774e-10
2,81002,7,GP 表达式自身产生的状态,500,历史全局最优路径,GP 源内重加权,0,16,nan,1.6698000888620116e-09
2,81003,0,GP 表达式自身产生的状态,500,历史重启阶段最优路径,来源内均匀沉积,0,16,nan,0.0
2,81003,1,GP 表达式自身产生的状态,500,历史重启阶段最优路径,来源内均匀沉积,0,16,nan,0.0
2,81003,2,GP 表达式自身产生的状态,500,历史重启阶段最优路径,来源内均匀沉积,0,16,nan,0.0
2,81003,3,GP 表达式自身产生的状态,500,历史重启阶段最优路径,来源内均匀沉积,0,16,nan,0.0
2,81003,4,GP 表达式自身产生的状态,500,历史重启阶段最优路径,来源内均匀沉积,0,16,nan,0.0
2,81003,5,GP 表达式自身产生的状态,500,历史重启阶段最优路径,来源内均匀沉积,0,16,nan,0.0
2,81003,6,GP 表达式自身产生的状态,500,历史重启阶段最优路径,来源内均匀沉积,0,16,nan,0.0
2,81003,7,GP 表达式自身产生的状态,500,历史重启阶段最优路径,来源内均匀沉积,0,16,nan,0.0
2,81003,0,GP 表达式自身产生的状态,500,历史全局最优路径,来源内均匀沉积,0,16,nan,0.0
2,81003,1,GP 表达式自身产生的状态,500,历史全局最优路径,来源内均匀沉积,0,16,nan,0.0
2,81003,2,GP 表达式自身产生的状态,500,历史全局最优路径,来源内均匀沉积,0,16,nan,0.0
2,81003,3,GP 表达式自身产生的状态,500,历史全局最优路径,来源内均匀沉积,0,16,nan,0.0
2,81003,4,GP 表达式自身产生的状态,500,历史全局最优路径,来源内均匀沉积,0,16,nan,0.0
2,81003,5,GP 表达式自身产生的状态,500,历史全局最优路径,来源内均匀沉积,0,16,nan,0.0
2,81003,6,GP 表达式自身产生的状态,500,历史全局最优路径,来源内均匀沉积,0,16,nan,0.0
2,81003,7,GP 表达式自身产生的状态,500,历史全局最优路径,来源内均匀沉积,0,16,nan,0.0
2,81003,0,GP 表达式自身产生的状态,500,历史重启阶段最优路径,GP 源内重加权,0,16,nan,8.928965906056075e-10
2,81003,1,GP 表达式自身产生的状态,500,历史重启阶段最优路径,GP 源内重加权,0,16,nan,1.7841012923057567e-09
2,81003,2,GP 表达式自身产生的状态,500,历史重启阶段最优路径,GP 源内重加权,0,16,nan,0.0
2,81003,3,GP 表达式自身产生的状态,500,历史重启阶段最优路径,GP 源内重加权,0,16,nan,8.354283275266111e-09
2,81003,4,GP 表达式自身产生的状态,500,历史重启阶段最优路径,GP 源内重加权,0,16,nan,1.5195899419283374e-09
2,81003,5,GP 表达式自身产生的状态,500,历史重启阶段最优路径,GP 源内重加权,0,16,nan,1.894019433843135e-09
2,81003,6,GP 表达式自身产生的状态,500,历史重启阶段最优路径,GP 源内重加权,0,16,nan,0.0
2,81003,7,GP 表达式自身产生的状态,500,历史重启阶段最优路径,GP 源内重加权,0,16,nan,2.416233647753595e-10
2,81003,0,GP 表达式自身产生的状态,500,历史全局最优路径,GP 源内重加权,0,16,nan,8.928965906056075e-10
2,81003,1,GP 表达式自身产生的状态,500,历史全局最优路径,GP 源内重加权,0,16,nan,1.7841012923057567e-09
2,81003,2,GP 表达式自身产生的状态,500,历史全局最优路径,GP 源内重加权,0,16,nan,0.0
2,81003,3,GP 表达式自身产生的状态,500,历史全局最优路径,GP 源内重加权,0,16,nan,8.354283275266111e-09
2,81003,4,GP 表达式自身产生的状态,500,历史全局最优路径,GP 源内重加权,0,16,nan,1.5195899419283374e-09
2,81003,5,GP 表达式自身产生的状态,500,历史全局最优路径,GP 源内重加权,0,16,nan,1.894019433843135e-09
2,81003,6,GP 表达式自身产生的状态,500,历史全局最优路径,GP 源内重加权,0,16,nan,0.0
2,81003,7,GP 表达式自身产生的状态,500,历史全局最优路径,GP 源内重加权,0,16,nan,2.416233647753595e-10
2,81002,0,不使用 GP 产生的状态,1000,历史重启阶段最优路径,来源内均匀沉积,0,16,nan,0.0
2,81002,1,不使用 GP 产生的状态,1000,历史重启阶段最优路径,来源内均匀沉积,0,16,nan,0.0
2,81002,2,不使用 GP 产生的状态,1000,历史重启阶段最优路径,来源内均匀沉积,4,12,0.1423272473189515,1.8160848203288564e-09
2,81002,3,不使用 GP 产生的状态,1000,历史重启阶段最优路径,来源内均匀沉积,0,16,nan,0.0
2,81002,4,不使用 GP 产生的状态,1000,历史重启阶段最优路径,来源内均匀沉积,0,16,nan,0.0
2,81002,5,不使用 GP 产生的状态,1000,历史重启阶段最优路径,来源内均匀沉积,0,16,nan,0.0
2,81002,6,不使用 GP 产生的状态,1000,历史重启阶段最优路径,来源内均匀沉积,0,16,nan,0.0
2,81002,7,不使用 GP 产生的状态,1000,历史重启阶段最优路径,来源内均匀沉积,0,16,nan,0.0
2,81002,0,不使用 GP 产生的状态,1000,历史全局最优路径,来源内均匀沉积,0,16,nan,0.0
2,81002,1,不使用 GP 产生的状态,1000,历史全局最优路径,来源内均匀沉积,0,16,nan,0.0
2,81002,2,不使用 GP 产生的状态,1000,历史全局最优路径,来源内均匀沉积,4,12,0.09401736975648795,3.5057117562725706e-09
2,81002,3,不使用 GP 产生的状态,1000,历史全局最优路径,来源内均匀沉积,0,16,nan,0.0
2,81002,4,不使用 GP 产生的状态,1000,历史全局最优路径,来源内均匀沉积,1,15,0.00018500920582824857,0.0
2,81002,5,不使用 GP 产生的状态,1000,历史全局最优路径,来源内均匀沉积,1,15,0.07392279744101449,0.0
2,81002,6,不使用 GP 产生的状态,1000,历史全局最优路径,来源内均匀沉积,0,16,nan,0.0
2,81002,7,不使用 GP 产生的状态,1000,历史全局最优路径,来源内均匀沉积,0,16,nan,0.0
2,81002,0,不使用 GP 产生的状态,1000,历史重启阶段最优路径,GP 源内重加权,0,16,nan,2.7668524859557776e-06
2,81002,1,不使用 GP 产生的状态,1000,历史重启阶段最优路径,GP 源内重加权,0,16,nan,3.2331965484306705e-06
2,81002,2,不使用 GP 产生的状态,1000,历史重启阶段最优路径,GP 源内重加权,4,12,0.11974337051132497,0.0009861306725680009
2,81002,3,不使用 GP 产生的状态,1000,历史重启阶段最优路径,GP 源内重加权,0,16,nan,0.0
2,81002,4,不使用 GP 产生的状态,1000,历史重启阶段最优路径,GP 源内重加权,0,16,nan,1.183836810092057e-08
2,81002,5,不使用 GP 产生的状态,1000,历史重启阶段最优路径,GP 源内重加权,0,16,nan,3.050387835697049e-08
2,81002,6,不使用 GP 产生的状态,1000,历史重启阶段最优路径,GP 源内重加权,0,16,nan,9.504154521381853e-09
2,81002,7,不使用 GP 产生的状态,1000,历史重启阶段最优路径,GP 源内重加权,0,16,nan,1.873276499162473e-09
2,81002,0,不使用 GP 产生的状态,1000,历史全局最优路径,GP 源内重加权,0,16,nan,2.765778218110603e-06
2,81002,1,不使用 GP 产生的状态,1000,历史全局最优路径,GP 源内重加权,0,16,nan,3.2331965484306705e-06
2,81002,2,不使用 GP 产生的状态,1000,历史全局最优路径,GP 源内重加权,4,12,0.08698141553259628,2.9080475056315167e-05
2,81002,3,不使用 GP 产生的状态,1000,历史全局最优路径,GP 源内重加权,0,16,nan,0.0
2,81002,4,不使用 GP 产生的状态,1000,历史全局最优路径,GP 源内重加权,1,15,0.00018521901708396004,4.035413001942556e-06
2,81002,5,不使用 GP 产生的状态,1000,历史全局最优路径,GP 源内重加权,1,15,0.06496094038471498,2.1551938727133015e-05
2,81002,6,不使用 GP 产生的状态,1000,历史全局最优路径,GP 源内重加权,0,16,nan,9.504154521381853e-09
2,81002,7,不使用 GP 产生的状态,1000,历史全局最优路径,GP 源内重加权,0,16,nan,1.873276499162473e-09
2,81003,0,不使用 GP 产生的状态,1000,历史重启阶段最优路径,来源内均匀沉积,0,16,nan,0.0
2,81003,1,不使用 GP 产生的状态,1000,历史重启阶段最优路径,来源内均匀沉积,0,16,nan,0.0
2,81003,2,不使用 GP 产生的状态,1000,历史重启阶段最优路径,来源内均匀沉积,4,12,0.12727063106459707,1.217156979921754e-09
2,81003,3,不使用 GP 产生的状态,1000,历史重启阶段最优路径,来源内均匀沉积,0,16,nan,0.0
2,81003,4,不使用 GP 产生的状态,1000,历史重启阶段最优路径,来源内均匀沉积,0,16,nan,0.0
2,81003,5,不使用 GP 产生的状态,1000,历史重启阶段最优路径,来源内均匀沉积,0,16,nan,0.0
2,81003,6,不使用 GP 产生的状态,1000,历史重启阶段最优路径,来源内均匀沉积,0,16,nan,0.0
2,81003,7,不使用 GP 产生的状态,1000,历史重启阶段最优路径,来源内均匀沉积,0,16,nan,0.0
2,81003,0,不使用 GP 产生的状态,1000,历史全局最优路径,来源内均匀沉积,0,16,nan,0.0
2,81003,1,不使用 GP 产生的状态,1000,历史全局最优路径,来源内均匀沉积,0,16,nan,0.0
2,81003,2,不使用 GP 产生的状态,1000,历史全局最优路径,来源内均匀沉积,4,12,0.08111791755479562,3.4807638840870822e-09
2,81003,3,不使用 GP 产生的状态,1000,历史全局最优路径,来源内均匀沉积,0,16,nan,0.0
2,81003,4,不使用 GP 产生的状态,1000,历史全局最优路径,来源内均匀沉积,1,15,0.0003584664305380518,0.0
2,81003,5,不使用 GP 产生的状态,1000,历史全局最优路径,来源内均匀沉积,1,15,0.08709086438423141,0.0
2,81003,6,不使用 GP 产生的状态,1000,历史全局最优路径,来源内均匀沉积,0,16,nan,0.0
2,81003,7,不使用 GP 产生的状态,1000,历史全局最优路径,来源内均匀沉积,0,16,nan,0.0
2,81003,0,不使用 GP 产生的状态,1000,历史重启阶段最优路径,GP 源内重加权,0,16,nan,1.5269478299376294e-09
2,81003,1,不使用 GP 产生的状态,1000,历史重启阶段最优路径,GP 源内重加权,0,16,nan,4.31892534659407e-09
2,81003,2,不使用 GP 产生的状态,1000,历史重启阶段最优路径,GP 源内重加权,4,12,0.09107339085725118,4.923928580262887e-05
2,81003,3,不使用 GP 产生的状态,1000,历史重启阶段最优路径,GP 源内重加权,0,16,nan,0.0
2,81003,4,不使用 GP 产生的状态,1000,历史重启阶段最优路径,GP 源内重加权,0,16,nan,1.3784335157228827e-08
2,81003,5,不使用 GP 产生的状态,1000,历史重启阶段最优路径,GP 源内重加权,0,16,nan,0.0
2,81003,6,不使用 GP 产生的状态,1000,历史重启阶段最优路径,GP 源内重加权,0,16,nan,3.341942203722689e-09
2,81003,7,不使用 GP 产生的状态,1000,历史重启阶段最优路径,GP 源内重加权,0,16,nan,2.7378420840392643e-09
2,81003,0,不使用 GP 产生的状态,1000,历史全局最优路径,GP 源内重加权,0,16,nan,1.5269478299376294e-09
2,81003,1,不使用 GP 产生的状态,1000,历史全局最优路径,GP 源内重加权,0,16,nan,4.31892534659407e-09
2,81003,2,不使用 GP 产生的状态,1000,历史全局最优路径,GP 源内重加权,4,12,0.05888709877249294,5.4004420086774936e-05
2,81003,3,不使用 GP 产生的状态,1000,历史全局最优路径,GP 源内重加权,0,16,nan,0.0
2,81003,4,不使用 GP 产生的状态,1000,历史全局最优路径,GP 源内重加权,1,15,0.00035871705324918467,7.3767205087058955e-06
2,81003,5,不使用 GP 产生的状态,1000,历史全局最优路径,GP 源内重加权,1,15,0.07575578984303942,1.2301600647064455e-05
2,81003,6,不使用 GP 产生的状态,1000,历史全局最优路径,GP 源内重加权,0,16,nan,3.341942203722689e-09
2,81003,7,不使用 GP 产生的状态,1000,历史全局最优路径,GP 源内重加权,0,16,nan,2.7378420840392643e-09
2,81001,0,不使用 GP 产生的状态,1000,历史重启阶段最优路径,来源内均匀沉积,0,16,nan,0.0
2,81001,1,不使用 GP 产生的状态,1000,历史重启阶段最优路径,来源内均匀沉积,0,16,nan,0.0
2,81001,2,不使用 GP 产生的状态,1000,历史重启阶段最优路径,来源内均匀沉积,4,12,0.12727063106459707,1.217156979921754e-09
2,81001,3,不使用 GP 产生的状态,1000,历史重启阶段最优路径,来源内均匀沉积,0,16,nan,0.0
2,81001,4,不使用 GP 产生的状态,1000,历史重启阶段最优路径,来源内均匀沉积,0,16,nan,0.0
2,81001,5,不使用 GP 产生的状态,1000,历史重启阶段最优路径,来源内均匀沉积,0,16,nan,0.0
2,81001,6,不使用 GP 产生的状态,1000,历史重启阶段最优路径,来源内均匀沉积,0,16,nan,0.0
2,81001,7,不使用 GP 产生的状态,1000,历史重启阶段最优路径,来源内均匀沉积,0,16,nan,0.0
2,81001,0,不使用 GP 产生的状态,1000,历史全局最优路径,来源内均匀沉积,0,16,nan,0.0
2,81001,1,不使用 GP 产生的状态,1000,历史全局最优路径,来源内均匀沉积,0,16,nan,0.0
2,81001,2,不使用 GP 产生的状态,1000,历史全局最优路径,来源内均匀沉积,4,12,0.08111791755479562,3.4807638840870822e-09
2,81001,3,不使用 GP 产生的状态,1000,历史全局最优路径,来源内均匀沉积,0,16,nan,0.0
2,81001,4,不使用 GP 产生的状态,1000,历史全局最优路径,来源内均匀沉积,1,15,0.0003584664305380518,0.0
2,81001,5,不使用 GP 产生的状态,1000,历史全局最优路径,来源内均匀沉积,1,15,0.08709086438423141,0.0
2,81001,6,不使用 GP 产生的状态,1000,历史全局最优路径,来源内均匀沉积,0,16,nan,0.0
2,81001,7,不使用 GP 产生的状态,1000,历史全局最优路径,来源内均匀沉积,0,16,nan,0.0
2,81001,0,不使用 GP 产生的状态,1000,历史重启阶段最优路径,GP 源内重加权,0,16,nan,1.210468730065955e-09
2,81001,1,不使用 GP 产生的状态,1000,历史重启阶段最优路径,GP 源内重加权,0,16,nan,0.0
2,81001,2,不使用 GP 产生的状态,1000,历史重启阶段最优路径,GP 源内重加权,4,12,0.08707913345801706,5.3545048453883866e-05
2,81001,3,不使用 GP 产生的状态,1000,历史重启阶段最优路径,GP 源内重加权,0,16,nan,0.0
2,81001,4,不使用 GP 产生的状态,1000,历史重启阶段最优路径,GP 源内重加权,0,16,nan,1.3441832690428276e-09
2,81001,5,不使用 GP 产生的状态,1000,历史重启阶段最优路径,GP 源内重加权,0,16,nan,1.3645525885433556e-10
2,81001,6,不使用 GP 产生的状态,1000,历史重启阶段最优路径,GP 源内重加权,0,16,nan,0.0
2,81001,7,不使用 GP 产生的状态,1000,历史重启阶段最优路径,GP 源内重加权,0,16,nan,3.0037309540235763e-09
2,81001,0,不使用 GP 产生的状态,1000,历史全局最优路径,GP 源内重加权,0,16,nan,1.210468730065955e-09
2,81001,1,不使用 GP 产生的状态,1000,历史全局最优路径,GP 源内重加权,0,16,nan,0.0
2,81001,2,不使用 GP 产生的状态,1000,历史全局最优路径,GP 源内重加权,4,12,0.05748716277185274,5.626418177260314e-05
2,81001,3,不使用 GP 产生的状态,1000,历史全局最优路径,GP 源内重加权,0,16,nan,0.0
2,81001,4,不使用 GP 产生的状态,1000,历史全局最优路径,GP 源内重加权,1,15,0.00035838425372056767,9.006373091235228e-06
2,81001,5,不使用 GP 产生的状态,1000,历史全局最优路径,GP 源内重加权,1,15,0.0735010199525894,1.5795826043237986e-05
2,81001,6,不使用 GP 产生的状态,1000,历史全局最优路径,GP 源内重加权,0,16,nan,0.0
2,81001,7,不使用 GP 产生的状态,1000,历史全局最优路径,GP 源内重加权,0,16,nan,3.0037309540235763e-09
2,81001,0,GP 表达式自身产生的状态,1000,历史重启阶段最优路径,来源内均匀沉积,0,16,nan,0.0
2,81001,1,GP 表达式自身产生的状态,1000,历史重启阶段最优路径,来源内均匀沉积,0,16,nan,0.0
2,81001,2,GP 表达式自身产生的状态,1000,历史重启阶段最优路径,来源内均匀沉积,0,16,nan,0.0
2,81001,3,GP 表达式自身产生的状态,1000,历史重启阶段最优路径,来源内均匀沉积,0,16,nan,0.0
2,81001,4,GP 表达式自身产生的状态,1000,历史重启阶段最优路径,来源内均匀沉积,0,16,nan,0.0
2,81001,5,GP 表达式自身产生的状态,1000,历史重启阶段最优路径,来源内均匀沉积,0,16,nan,0.0
2,81001,6,GP 表达式自身产生的状态,1000,历史重启阶段最优路径,来源内均匀沉积,0,16,nan,0.0
2,81001,7,GP 表达式自身产生的状态,1000,历史重启阶段最优路径,来源内均匀沉积,0,16,nan,0.0
2,81001,0,GP 表达式自身产生的状态,1000,历史全局最优路径,来源内均匀沉积,0,16,nan,0.0
2,81001,1,GP 表达式自身产生的状态,1000,历史全局最优路径,来源内均匀沉积,1,15,0.07661191468797633,0.0
2,81001,2,GP 表达式自身产生的状态,1000,历史全局最优路径,来源内均匀沉积,0,16,nan,0.0
2,81001,3,GP 表达式自身产生的状态,1000,历史全局最优路径,来源内均匀沉积,0,16,nan,0.0
2,81001,4,GP 表达式自身产生的状态,1000,历史全局最优路径,来源内均匀沉积,0,16,nan,0.0
2,81001,5,GP 表达式自身产生的状态,1000,历史全局最优路径,来源内均匀沉积,0,16,nan,8.935241531775193e-12
2,81001,6,GP 表达式自身产生的状态,1000,历史全局最优路径,来源内均匀沉积,0,16,nan,0.0
2,81001,7,GP 表达式自身产生的状态,1000,历史全局最优路径,来源内均匀沉积,3,13,0.1320686913927358,0.0
2,81001,0,GP 表达式自身产生的状态,1000,历史重启阶段最优路径,GP 源内重加权,0,16,nan,1.033791487811718e-09
2,81001,1,GP 表达式自身产生的状态,1000,历史重启阶段最优路径,GP 源内重加权,0,16,nan,0.0
2,81001,2,GP 表达式自身产生的状态,1000,历史重启阶段最优路径,GP 源内重加权,0,16,nan,3.739156227382198e-09
2,81001,3,GP 表达式自身产生的状态,1000,历史重启阶段最优路径,GP 源内重加权,0,16,nan,0.0
2,81001,4,GP 表达式自身产生的状态,1000,历史重启阶段最优路径,GP 源内重加权,0,16,nan,5.916492170790135e-10
2,81001,5,GP 表达式自身产生的状态,1000,历史重启阶段最优路径,GP 源内重加权,0,16,nan,0.0
2,81001,6,GP 表达式自身产生的状态,1000,历史重启阶段最优路径,GP 源内重加权,0,16,nan,1.0340031870394617e-09
2,81001,7,GP 表达式自身产生的状态,1000,历史重启阶段最优路径,GP 源内重加权,0,16,nan,1.9476125680162373e-06
2,81001,0,GP 表达式自身产生的状态,1000,历史全局最优路径,GP 源内重加权,0,16,nan,1.033791487811718e-09
2,81001,1,GP 表达式自身产生的状态,1000,历史全局最优路径,GP 源内重加权,1,15,0.05074042036475733,3.353763905711718e-05
2,81001,2,GP 表达式自身产生的状态,1000,历史全局最优路径,GP 源内重加权,0,16,nan,3.739156227382198e-09
2,81001,3,GP 表达式自身产生的状态,1000,历史全局最优路径,GP 源内重加权,0,16,nan,5.443821407391936e-10
2,81001,4,GP 表达式自身产生的状态,1000,历史全局最优路径,GP 源内重加权,0,16,nan,2.096940295609062e-09
2,81001,5,GP 表达式自身产生的状态,1000,历史全局最优路径,GP 源内重加权,0,16,nan,1.5871742860153434e-05
2,81001,6,GP 表达式自身产生的状态,1000,历史全局最优路径,GP 源内重加权,0,16,nan,1.0340031870394617e-09
2,81001,7,GP 表达式自身产生的状态,1000,历史全局最优路径,GP 源内重加权,3,13,0.07678296301969885,2.1479006305510237e-05
2,81002,0,GP 表达式自身产生的状态,1000,历史重启阶段最优路径,来源内均匀沉积,0,16,nan,0.0
2,81002,1,GP 表达式自身产生的状态,1000,历史重启阶段最优路径,来源内均匀沉积,0,16,nan,0.0
2,81002,2,GP 表达式自身产生的状态,1000,历史重启阶段最优路径,来源内均匀沉积,0,16,nan,0.0
2,81002,3,GP 表达式自身产生的状态,1000,历史重启阶段最优路径,来源内均匀沉积,0,16,nan,0.0
2,81002,4,GP 表达式自身产生的状态,1000,历史重启阶段最优路径,来源内均匀沉积,0,16,nan,0.0
2,81002,5,GP 表达式自身产生的状态,1000,历史重启阶段最优路径,来源内均匀沉积,0,16,nan,0.0
2,81002,6,GP 表达式自身产生的状态,1000,历史重启阶段最优路径,来源内均匀沉积,0,16,nan,0.0
2,81002,7,GP 表达式自身产生的状态,1000,历史重启阶段最优路径,来源内均匀沉积,0,16,nan,0.0
2,81002,0,GP 表达式自身产生的状态,1000,历史全局最优路径,来源内均匀沉积,0,16,nan,0.0
2,81002,1,GP 表达式自身产生的状态,1000,历史全局最优路径,来源内均匀沉积,0,16,nan,0.0
2,81002,2,GP 表达式自身产生的状态,1000,历史全局最优路径,来源内均匀沉积,2,14,0.2276453272060248,0.0
2,81002,3,GP 表达式自身产生的状态,1000,历史全局最优路径,来源内均匀沉积,0,16,nan,0.0
2,81002,4,GP 表达式自身产生的状态,1000,历史全局最优路径,来源内均匀沉积,0,16,nan,0.0
2,81002,5,GP 表达式自身产生的状态,1000,历史全局最优路径,来源内均匀沉积,0,16,nan,0.0
2,81002,6,GP 表达式自身产生的状态,1000,历史全局最优路径,来源内均匀沉积,1,15,0.027648485031741443,1.3528671515871514e-09
2,81002,7,GP 表达式自身产生的状态,1000,历史全局最优路径,来源内均匀沉积,0,16,nan,0.0
2,81002,0,GP 表达式自身产生的状态,1000,历史重启阶段最优路径,GP 源内重加权,0,16,nan,2.463761488864716e-09
2,81002,1,GP 表达式自身产生的状态,1000,历史重启阶段最优路径,GP 源内重加权,0,16,nan,1.6355012208289723e-09
2,81002,2,GP 表达式自身产生的状态,1000,历史重启阶段最优路径,GP 源内重加权,0,16,nan,0.0
2,81002,3,GP 表达式自身产生的状态,1000,历史重启阶段最优路径,GP 源内重加权,0,16,nan,2.1935148729086237e-09
2,81002,4,GP 表达式自身产生的状态,1000,历史重启阶段最优路径,GP 源内重加权,0,16,nan,3.7822072998145745e-09
2,81002,5,GP 表达式自身产生的状态,1000,历史重启阶段最优路径,GP 源内重加权,0,16,nan,1.5373914186997262e-09
2,81002,6,GP 表达式自身产生的状态,1000,历史重启阶段最优路径,GP 源内重加权,0,16,nan,3.482221910312061e-09
2,81002,7,GP 表达式自身产生的状态,1000,历史重启阶段最优路径,GP 源内重加权,0,16,nan,2.24814974236578e-08
2,81002,0,GP 表达式自身产生的状态,1000,历史全局最优路径,GP 源内重加权,0,16,nan,2.463761488864716e-09
2,81002,1,GP 表达式自身产生的状态,1000,历史全局最优路径,GP 源内重加权,0,16,nan,1.6973423076218806e-09
2,81002,2,GP 表达式自身产生的状态,1000,历史全局最优路径,GP 源内重加权,2,14,0.158422150919453,7.23867476810759e-05
2,81002,3,GP 表达式自身产生的状态,1000,历史全局最优路径,GP 源内重加权,0,16,nan,1.5346959362325482e-09
2,81002,4,GP 表达式自身产生的状态,1000,历史全局最优路径,GP 源内重加权,0,16,nan,3.7822072998145745e-09
2,81002,5,GP 表达式自身产生的状态,1000,历史全局最优路径,GP 源内重加权,0,16,nan,1.5304794463976178e-09
2,81002,6,GP 表达式自身产生的状态,1000,历史全局最优路径,GP 源内重加权,1,15,0.027237235943600027,2.9988620292374555e-06
2,81002,7,GP 表达式自身产生的状态,1000,历史全局最优路径,GP 源内重加权,0,16,nan,2.1897765925411708e-08
2,81003,0,GP 表达式自身产生的状态,1000,历史重启阶段最优路径,来源内均匀沉积,0,16,nan,0.0
2,81003,1,GP 表达式自身产生的状态,1000,历史重启阶段最优路径,来源内均匀沉积,0,16,nan,0.0
2,81003,2,GP 表达式自身产生的状态,1000,历史重启阶段最优路径,来源内均匀沉积,0,16,nan,0.0
2,81003,3,GP 表达式自身产生的状态,1000,历史重启阶段最优路径,来源内均匀沉积,0,16,nan,0.0
2,81003,4,GP 表达式自身产生的状态,1000,历史重启阶段最优路径,来源内均匀沉积,0,16,nan,1.6405769400828568e-09
2,81003,5,GP 表达式自身产生的状态,1000,历史重启阶段最优路径,来源内均匀沉积,0,16,nan,0.0
2,81003,6,GP 表达式自身产生的状态,1000,历史重启阶段最优路径,来源内均匀沉积,0,16,nan,0.0
2,81003,7,GP 表达式自身产生的状态,1000,历史重启阶段最优路径,来源内均匀沉积,0,16,nan,0.0
2,81003,0,GP 表达式自身产生的状态,1000,历史全局最优路径,来源内均匀沉积,2,14,0.07713222825342177,0.0
2,81003,1,GP 表达式自身产生的状态,1000,历史全局最优路径,来源内均匀沉积,0,16,nan,0.0
2,81003,2,GP 表达式自身产生的状态,1000,历史全局最优路径,来源内均匀沉积,0,16,nan,0.0
2,81003,3,GP 表达式自身产生的状态,1000,历史全局最优路径,来源内均匀沉积,4,12,0.05821069416467013,0.0
2,81003,4,GP 表达式自身产生的状态,1000,历史全局最优路径,来源内均匀沉积,0,16,nan,1.6405769400828568e-09
2,81003,5,GP 表达式自身产生的状态,1000,历史全局最优路径,来源内均匀沉积,0,16,nan,0.0
2,81003,6,GP 表达式自身产生的状态,1000,历史全局最优路径,来源内均匀沉积,0,16,nan,0.0
2,81003,7,GP 表达式自身产生的状态,1000,历史全局最优路径,来源内均匀沉积,6,10,0.08947860467606598,0.0
2,81003,0,GP 表达式自身产生的状态,1000,历史重启阶段最优路径,GP 源内重加权,0,16,nan,0.0
2,81003,1,GP 表达式自身产生的状态,1000,历史重启阶段最优路径,GP 源内重加权,0,16,nan,2.874241949113709e-10
2,81003,2,GP 表达式自身产生的状态,1000,历史重启阶段最优路径,GP 源内重加权,0,16,nan,0.0
2,81003,3,GP 表达式自身产生的状态,1000,历史重启阶段最优路径,GP 源内重加权,0,16,nan,1.8274076557084207e-06
2,81003,4,GP 表达式自身产生的状态,1000,历史重启阶段最优路径,GP 源内重加权,0,16,nan,1.5967371381564304e-10
2,81003,5,GP 表达式自身产生的状态,1000,历史重启阶段最优路径,GP 源内重加权,0,16,nan,0.0
2,81003,6,GP 表达式自身产生的状态,1000,历史重启阶段最优路径,GP 源内重加权,0,16,nan,5.598914508619973e-10
2,81003,7,GP 表达式自身产生的状态,1000,历史重启阶段最优路径,GP 源内重加权,0,16,nan,0.0
2,81003,0,GP 表达式自身产生的状态,1000,历史全局最优路径,GP 源内重加权,2,14,0.05172544637286129,3.0325528168106597e-05
2,81003,1,GP 表达式自身产生的状态,1000,历史全局最优路径,GP 源内重加权,0,16,nan,2.874241949113709e-10
2,81003,2,GP 表达式自身产生的状态,1000,历史全局最优路径,GP 源内重加权,0,16,nan,0.0
2,81003,3,GP 表达式自身产生的状态,1000,历史全局最优路径,GP 源内重加权,4,12,0.04664202985516281,1.723852196204832e-05
2,81003,4,GP 表达式自身产生的状态,1000,历史全局最优路径,GP 源内重加权,0,16,nan,1.5967371381564304e-10
2,81003,5,GP 表达式自身产生的状态,1000,历史全局最优路径,GP 源内重加权,0,16,nan,0.0
2,81003,6,GP 表达式自身产生的状态,1000,历史全局最优路径,GP 源内重加权,0,16,nan,5.598914508619973e-10
2,81003,7,GP 表达式自身产生的状态,1000,历史全局最优路径,GP 源内重加权,6,10,0.06670805381225309,4.6743466358442704e-05
2,81002,0,不使用 GP 产生的状态,2500,历史重启阶段最优路径,来源内均匀沉积,0,16,nan,0.0
2,81002,1,不使用 GP 产生的状态,2500,历史重启阶段最优路径,来源内均匀沉积,0,16,nan,0.0
2,81002,2,不使用 GP 产生的状态,2500,历史重启阶段最优路径,来源内均匀沉积,0,16,nan,0.0
2,81002,3,不使用 GP 产生的状态,2500,历史重启阶段最优路径,来源内均匀沉积,0,16,nan,0.0
2,81002,4,不使用 GP 产生的状态,2500,历史重启阶段最优路径,来源内均匀沉积,0,16,nan,0.0
2,81002,5,不使用 GP 产生的状态,2500,历史重启阶段最优路径,来源内均匀沉积,0,16,nan,0.0
2,81002,6,不使用 GP 产生的状态,2500,历史重启阶段最优路径,来源内均匀沉积,4,12,0.1219936057409649,3.7242871531660173e-09
2,81002,7,不使用 GP 产生的状态,2500,历史重启阶段最优路径,来源内均匀沉积,0,16,nan,0.0
2,81002,0,不使用 GP 产生的状态,2500,历史全局最优路径,来源内均匀沉积,0,16,nan,0.0
2,81002,1,不使用 GP 产生的状态,2500,历史全局最优路径,来源内均匀沉积,0,16,nan,0.0
2,81002,2,不使用 GP 产生的状态,2500,历史全局最优路径,来源内均匀沉积,6,10,0.10243659015111539,0.0
2,81002,3,不使用 GP 产生的状态,2500,历史全局最优路径,来源内均匀沉积,4,12,0.05825625687353279,2.1011779654850148e-09
2,81002,4,不使用 GP 产生的状态,2500,历史全局最优路径,来源内均匀沉积,0,16,nan,0.0
2,81002,5,不使用 GP 产生的状态,2500,历史全局最优路径,来源内均匀沉积,0,16,nan,0.0
2,81002,6,不使用 GP 产生的状态,2500,历史全局最优路径,来源内均匀沉积,4,12,0.13392135503939326,6.348009927162904e-09
2,81002,7,不使用 GP 产生的状态,2500,历史全局最优路径,来源内均匀沉积,0,16,nan,0.0
2,81002,0,不使用 GP 产生的状态,2500,历史重启阶段最优路径,GP 源内重加权,0,16,nan,1.2518608433115878e-06
2,81002,1,不使用 GP 产生的状态,2500,历史重启阶段最优路径,GP 源内重加权,0,16,nan,3.819083249221087e-09
2,81002,2,不使用 GP 产生的状态,2500,历史重启阶段最优路径,GP 源内重加权,0,16,nan,2.531950469725684e-09
2,81002,3,不使用 GP 产生的状态,2500,历史重启阶段最优路径,GP 源内重加权,0,16,nan,0.0
2,81002,4,不使用 GP 产生的状态,2500,历史重启阶段最优路径,GP 源内重加权,0,16,nan,4.458938970297907e-09
2,81002,5,不使用 GP 产生的状态,2500,历史重启阶段最优路径,GP 源内重加权,0,16,nan,3.2860693426511254e-06
2,81002,6,不使用 GP 产生的状态,2500,历史重启阶段最优路径,GP 源内重加权,4,12,0.08779613597963244,0.00029821538631849955
2,81002,7,不使用 GP 产生的状态,2500,历史重启阶段最优路径,GP 源内重加权,0,16,nan,0.0
2,81002,0,不使用 GP 产生的状态,2500,历史全局最优路径,GP 源内重加权,0,16,nan,3.811148960622952e-09
2,81002,1,不使用 GP 产生的状态,2500,历史全局最优路径,GP 源内重加权,0,16,nan,3.819083249221087e-09
2,81002,2,不使用 GP 产生的状态,2500,历史全局最优路径,GP 源内重加权,6,10,0.05976897495000528,1.2167583821286087e-05
2,81002,3,不使用 GP 产生的状态,2500,历史全局最优路径,GP 源内重加权,4,12,0.032612251148598004,3.781634610248914e-05
2,81002,4,不使用 GP 产生的状态,2500,历史全局最优路径,GP 源内重加权,0,16,nan,2.8390937063752963e-08
2,81002,5,不使用 GP 产生的状态,2500,历史全局最优路径,GP 源内重加权,0,16,nan,3.2860693426511254e-06
2,81002,6,不使用 GP 产生的状态,2500,历史全局最优路径,GP 源内重加权,4,12,0.10027816816009096,1.009909811198658e-05
2,81002,7,不使用 GP 产生的状态,2500,历史全局最优路径,GP 源内重加权,0,16,nan,0.0
2,81003,0,不使用 GP 产生的状态,2500,历史重启阶段最优路径,来源内均匀沉积,0,16,nan,0.0
2,81003,1,不使用 GP 产生的状态,2500,历史重启阶段最优路径,来源内均匀沉积,0,16,nan,0.0
2,81003,2,不使用 GP 产生的状态,2500,历史重启阶段最优路径,来源内均匀沉积,0,16,nan,0.0
2,81003,3,不使用 GP 产生的状态,2500,历史重启阶段最优路径,来源内均匀沉积,0,16,nan,0.0
2,81003,4,不使用 GP 产生的状态,2500,历史重启阶段最优路径,来源内均匀沉积,0,16,nan,0.0
2,81003,5,不使用 GP 产生的状态,2500,历史重启阶段最优路径,来源内均匀沉积,0,16,nan,0.0
2,81003,6,不使用 GP 产生的状态,2500,历史重启阶段最优路径,来源内均匀沉积,4,12,0.11802607841063242,3.585213475057006e-09
2,81003,7,不使用 GP 产生的状态,2500,历史重启阶段最优路径,来源内均匀沉积,0,16,nan,0.0
2,81003,0,不使用 GP 产生的状态,2500,历史全局最优路径,来源内均匀沉积,0,16,nan,0.0
2,81003,1,不使用 GP 产生的状态,2500,历史全局最优路径,来源内均匀沉积,0,16,nan,0.0
2,81003,2,不使用 GP 产生的状态,2500,历史全局最优路径,来源内均匀沉积,6,10,0.10382156158218052,0.0
2,81003,3,不使用 GP 产生的状态,2500,历史全局最优路径,来源内均匀沉积,4,12,0.06488913501857636,2.1100283982524866e-09
2,81003,4,不使用 GP 产生的状态,2500,历史全局最优路径,来源内均匀沉积,0,16,nan,0.0
2,81003,5,不使用 GP 产生的状态,2500,历史全局最优路径,来源内均匀沉积,0,16,nan,0.0
2,81003,6,不使用 GP 产生的状态,2500,历史全局最优路径,来源内均匀沉积,4,12,0.13109552671319286,6.20985696925617e-09
2,81003,7,不使用 GP 产生的状态,2500,历史全局最优路径,来源内均匀沉积,0,16,nan,0.0
2,81003,0,不使用 GP 产生的状态,2500,历史重启阶段最优路径,GP 源内重加权,0,16,nan,9.80351110667239e-10
2,81003,1,不使用 GP 产生的状态,2500,历史重启阶段最优路径,GP 源内重加权,0,16,nan,1.973864686059098e-09
2,81003,2,不使用 GP 产生的状态,2500,历史重启阶段最优路径,GP 源内重加权,0,16,nan,3.884476741310996e-09
2,81003,3,不使用 GP 产生的状态,2500,历史重启阶段最优路径,GP 源内重加权,0,16,nan,0.0
2,81003,4,不使用 GP 产生的状态,2500,历史重启阶段最优路径,GP 源内重加权,0,16,nan,0.0
2,81003,5,不使用 GP 产生的状态,2500,历史重启阶段最优路径,GP 源内重加权,0,16,nan,2.797943416948555e-09
2,81003,6,不使用 GP 产生的状态,2500,历史重启阶段最优路径,GP 源内重加权,4,12,0.08878448077275482,0.00014594531360921493
2,81003,7,不使用 GP 产生的状态,2500,历史重启阶段最优路径,GP 源内重加权,0,16,nan,0.0
2,81003,0,不使用 GP 产生的状态,2500,历史全局最优路径,GP 源内重加权,0,16,nan,1.681106256220506e-09
2,81003,1,不使用 GP 产生的状态,2500,历史全局最优路径,GP 源内重加权,0,16,nan,1.973864686059098e-09
2,81003,2,不使用 GP 产生的状态,2500,历史全局最优路径,GP 源内重加权,6,10,0.07458078912964759,2.0604461988810032e-05
2,81003,3,不使用 GP 产生的状态,2500,历史全局最优路径,GP 源内重加权,4,12,0.04708842744354594,6.177812512962279e-05
2,81003,4,不使用 GP 产生的状态,2500,历史全局最优路径,GP 源内重加权,0,16,nan,7.092669934727102e-10
2,81003,5,不使用 GP 产生的状态,2500,历史全局最优路径,GP 源内重加权,0,16,nan,2.797943416948555e-09
2,81003,6,不使用 GP 产生的状态,2500,历史全局最优路径,GP 源内重加权,4,12,0.09544710854177829,5.544499936359756e-06
2,81003,7,不使用 GP 产生的状态,2500,历史全局最优路径,GP 源内重加权,0,16,nan,0.0
2,81001,0,不使用 GP 产生的状态,2500,历史重启阶段最优路径,来源内均匀沉积,0,16,nan,0.0
2,81001,1,不使用 GP 产生的状态,2500,历史重启阶段最优路径,来源内均匀沉积,0,16,nan,0.0
2,81001,2,不使用 GP 产生的状态,2500,历史重启阶段最优路径,来源内均匀沉积,0,16,nan,0.0
2,81001,3,不使用 GP 产生的状态,2500,历史重启阶段最优路径,来源内均匀沉积,0,16,nan,0.0
2,81001,4,不使用 GP 产生的状态,2500,历史重启阶段最优路径,来源内均匀沉积,0,16,nan,0.0
2,81001,5,不使用 GP 产生的状态,2500,历史重启阶段最优路径,来源内均匀沉积,0,16,nan,0.0
2,81001,6,不使用 GP 产生的状态,2500,历史重启阶段最优路径,来源内均匀沉积,4,12,0.11802607841063242,3.585213475057006e-09
2,81001,7,不使用 GP 产生的状态,2500,历史重启阶段最优路径,来源内均匀沉积,0,16,nan,0.0
2,81001,0,不使用 GP 产生的状态,2500,历史全局最优路径,来源内均匀沉积,0,16,nan,0.0
2,81001,1,不使用 GP 产生的状态,2500,历史全局最优路径,来源内均匀沉积,0,16,nan,0.0
2,81001,2,不使用 GP 产生的状态,2500,历史全局最优路径,来源内均匀沉积,6,10,0.10382156158218052,0.0
2,81001,3,不使用 GP 产生的状态,2500,历史全局最优路径,来源内均匀沉积,4,12,0.06488913501857636,2.1100283982524866e-09
2,81001,4,不使用 GP 产生的状态,2500,历史全局最优路径,来源内均匀沉积,0,16,nan,0.0
2,81001,5,不使用 GP 产生的状态,2500,历史全局最优路径,来源内均匀沉积,0,16,nan,0.0
2,81001,6,不使用 GP 产生的状态,2500,历史全局最优路径,来源内均匀沉积,4,12,0.13109552671319286,6.20985696925617e-09
2,81001,7,不使用 GP 产生的状态,2500,历史全局最优路径,来源内均匀沉积,0,16,nan,0.0
2,81001,0,不使用 GP 产生的状态,2500,历史重启阶段最优路径,GP 源内重加权,0,16,nan,0.0
2,81001,1,不使用 GP 产生的状态,2500,历史重启阶段最优路径,GP 源内重加权,0,16,nan,1.7002731924287924e-10
2,81001,2,不使用 GP 产生的状态,2500,历史重启阶段最优路径,GP 源内重加权,0,16,nan,0.0
2,81001,3,不使用 GP 产生的状态,2500,历史重启阶段最优路径,GP 源内重加权,0,16,nan,0.0
2,81001,4,不使用 GP 产生的状态,2500,历史重启阶段最优路径,GP 源内重加权,0,16,nan,1.63781989368237e-09
2,81001,5,不使用 GP 产生的状态,2500,历史重启阶段最优路径,GP 源内重加权,0,16,nan,1.6247353046223842e-09
2,81001,6,不使用 GP 产生的状态,2500,历史重启阶段最优路径,GP 源内重加权,4,12,0.08573475516785946,0.0001603158257858078
2,81001,7,不使用 GP 产生的状态,2500,历史重启阶段最优路径,GP 源内重加权,0,16,nan,0.0
2,81001,0,不使用 GP 产生的状态,2500,历史全局最优路径,GP 源内重加权,0,16,nan,0.0
2,81001,1,不使用 GP 产生的状态,2500,历史全局最优路径,GP 源内重加权,0,16,nan,1.7002731924287924e-10
2,81001,2,不使用 GP 产生的状态,2500,历史全局最优路径,GP 源内重加权,6,10,0.06778363888212634,2.7677546071298805e-05
2,81001,3,不使用 GP 产生的状态,2500,历史全局最优路径,GP 源内重加权,4,12,0.04326698787585001,7.324034857868929e-05
2,81001,4,不使用 GP 产生的状态,2500,历史全局最优路径,GP 源内重加权,0,16,nan,1.4978083559638983e-09
2,81001,5,不使用 GP 产生的状态,2500,历史全局最优路径,GP 源内重加权,0,16,nan,1.6247353046223842e-09
2,81001,6,不使用 GP 产生的状态,2500,历史全局最优路径,GP 源内重加权,4,12,0.09209974961374054,1.0233173196150764e-05
2,81001,7,不使用 GP 产生的状态,2500,历史全局最优路径,GP 源内重加权,0,16,nan,0.0
2,81001,0,GP 表达式自身产生的状态,2500,历史重启阶段最优路径,来源内均匀沉积,0,16,nan,0.0
2,81001,1,GP 表达式自身产生的状态,2500,历史重启阶段最优路径,来源内均匀沉积,0,16,nan,0.0
2,81001,2,GP 表达式自身产生的状态,2500,历史重启阶段最优路径,来源内均匀沉积,0,16,nan,0.0
2,81001,3,GP 表达式自身产生的状态,2500,历史重启阶段最优路径,来源内均匀沉积,1,15,0.07918965927143136,4.709677275043867e-12
2,81001,4,GP 表达式自身产生的状态,2500,历史重启阶段最优路径,来源内均匀沉积,0,16,nan,0.0
2,81001,5,GP 表达式自身产生的状态,2500,历史重启阶段最优路径,来源内均匀沉积,0,16,nan,0.0
2,81001,6,GP 表达式自身产生的状态,2500,历史重启阶段最优路径,来源内均匀沉积,0,16,nan,0.0
2,81001,7,GP 表达式自身产生的状态,2500,历史重启阶段最优路径,来源内均匀沉积,2,14,0.08291760497358142,8.904407979278721e-12
2,81001,0,GP 表达式自身产生的状态,2500,历史全局最优路径,来源内均匀沉积,0,16,nan,0.0
2,81001,1,GP 表达式自身产生的状态,2500,历史全局最优路径,来源内均匀沉积,5,11,0.09356611645795765,5.774584626402645e-11
2,81001,2,GP 表达式自身产生的状态,2500,历史全局最优路径,来源内均匀沉积,2,14,0.05683801922346558,0.0
2,81001,3,GP 表达式自身产生的状态,2500,历史全局最优路径,来源内均匀沉积,5,11,0.14796577603650307,6.4222871932416364e-12
2,81001,4,GP 表达式自身产生的状态,2500,历史全局最优路径,来源内均匀沉积,2,14,0.12654381050759794,3.9140642796740235e-09
2,81001,5,GP 表达式自身产生的状态,2500,历史全局最优路径,来源内均匀沉积,2,14,0.1211613169904676,0.0
2,81001,6,GP 表达式自身产生的状态,2500,历史全局最优路径,来源内均匀沉积,0,16,nan,0.0
2,81001,7,GP 表达式自身产生的状态,2500,历史全局最优路径,来源内均匀沉积,3,13,0.1906331077963717,9.589362439223237e-12
2,81001,0,GP 表达式自身产生的状态,2500,历史重启阶段最优路径,GP 源内重加权,0,16,nan,0.0
2,81001,1,GP 表达式自身产生的状态,2500,历史重启阶段最优路径,GP 源内重加权,0,16,nan,6.090049948263697e-10
2,81001,2,GP 表达式自身产生的状态,2500,历史重启阶段最优路径,GP 源内重加权,0,16,nan,9.124575964158572e-06
2,81001,3,GP 表达式自身产生的状态,2500,历史重启阶段最优路径,GP 源内重加权,1,15,0.07250026914161611,1.3953572961395213e-06
2,81001,4,GP 表达式自身产生的状态,2500,历史重启阶段最优路径,GP 源内重加权,0,16,nan,1.7464141896510823e-06
2,81001,5,GP 表达式自身产生的状态,2500,历史重启阶段最优路径,GP 源内重加权,0,16,nan,1.265526607195722e-09
2,81001,6,GP 表达式自身产生的状态,2500,历史重启阶段最优路径,GP 源内重加权,0,16,nan,4.6185755849513614e-10
2,81001,7,GP 表达式自身产生的状态,2500,历史重启阶段最优路径,GP 源内重加权,2,14,0.07680527113473536,3.5613344151096087e-06
2,81001,0,GP 表达式自身产生的状态,2500,历史全局最优路径,GP 源内重加权,0,16,nan,0.0
2,81001,1,GP 表达式自身产生的状态,2500,历史全局最优路径,GP 源内重加权,5,11,0.05779411742077478,2.952218654588742e-05
2,81001,2,GP 表达式自身产生的状态,2500,历史全局最优路径,GP 源内重加权,2,14,0.04173786759469952,0.00013553662196960943
2,81001,3,GP 表达式自身产生的状态,2500,历史全局最优路径,GP 源内重加权,5,11,0.09676778651074766,0.00012386421787873267
2,81001,4,GP 表达式自身产生的状态,2500,历史全局最优路径,GP 源内重加权,2,14,0.08450753173658299,1.9815089162049633e-05
2,81001,5,GP 表达式自身产生的状态,2500,历史全局最优路径,GP 源内重加权,2,14,0.0680964230397543,1.7768514266180056e-05
2,81001,6,GP 表达式自身产生的状态,2500,历史全局最优路径,GP 源内重加权,0,16,nan,1.9469866061175464e-09
2,81001,7,GP 表达式自身产生的状态,2500,历史全局最优路径,GP 源内重加权,3,13,0.1168360283701398,0.0001171581068983273
2,81002,0,GP 表达式自身产生的状态,2500,历史重启阶段最优路径,来源内均匀沉积,0,16,nan,0.0
2,81002,1,GP 表达式自身产生的状态,2500,历史重启阶段最优路径,来源内均匀沉积,0,16,nan,0.0
2,81002,2,GP 表达式自身产生的状态,2500,历史重启阶段最优路径,来源内均匀沉积,0,16,nan,0.0
2,81002,3,GP 表达式自身产生的状态,2500,历史重启阶段最优路径,来源内均匀沉积,0,16,nan,0.0
2,81002,4,GP 表达式自身产生的状态,2500,历史重启阶段最优路径,来源内均匀沉积,0,16,nan,0.0
2,81002,5,GP 表达式自身产生的状态,2500,历史重启阶段最优路径,来源内均匀沉积,0,16,nan,0.0
2,81002,6,GP 表达式自身产生的状态,2500,历史重启阶段最优路径,来源内均匀沉积,0,16,nan,0.0
2,81002,7,GP 表达式自身产生的状态,2500,历史重启阶段最优路径,来源内均匀沉积,0,16,nan,0.0
2,81002,0,GP 表达式自身产生的状态,2500,历史全局最优路径,来源内均匀沉积,0,16,nan,0.0
2,81002,1,GP 表达式自身产生的状态,2500,历史全局最优路径,来源内均匀沉积,0,16,nan,0.0
2,81002,2,GP 表达式自身产生的状态,2500,历史全局最优路径,来源内均匀沉积,0,16,nan,0.0
2,81002,3,GP 表达式自身产生的状态,2500,历史全局最优路径,来源内均匀沉积,0,16,nan,0.0
2,81002,4,GP 表达式自身产生的状态,2500,历史全局最优路径,来源内均匀沉积,0,16,nan,0.0
2,81002,5,GP 表达式自身产生的状态,2500,历史全局最优路径,来源内均匀沉积,2,14,0.023960463013184788,0.0
2,81002,6,GP 表达式自身产生的状态,2500,历史全局最优路径,来源内均匀沉积,0,16,nan,0.0
2,81002,7,GP 表达式自身产生的状态,2500,历史全局最优路径,来源内均匀沉积,0,16,nan,0.0
2,81002,0,GP 表达式自身产生的状态,2500,历史重启阶段最优路径,GP 源内重加权,0,16,nan,1.0453460257675743e-09
2,81002,1,GP 表达式自身产生的状态,2500,历史重启阶段最优路径,GP 源内重加权,0,16,nan,1.6953953232491865e-06
2,81002,2,GP 表达式自身产生的状态,2500,历史重启阶段最优路径,GP 源内重加权,0,16,nan,2.4095149454410005e-09
2,81002,3,GP 表达式自身产生的状态,2500,历史重启阶段最优路径,GP 源内重加权,0,16,nan,0.0
2,81002,4,GP 表达式自身产生的状态,2500,历史重启阶段最优路径,GP 源内重加权,0,16,nan,4.209947439150931e-09
2,81002,5,GP 表达式自身产生的状态,2500,历史重启阶段最优路径,GP 源内重加权,0,16,nan,1.527046114564547e-09
2,81002,6,GP 表达式自身产生的状态,2500,历史重启阶段最优路径,GP 源内重加权,0,16,nan,4.778085744828555e-06
2,81002,7,GP 表达式自身产生的状态,2500,历史重启阶段最优路径,GP 源内重加权,0,16,nan,1.4866005475805393e-09
2,81002,0,GP 表达式自身产生的状态,2500,历史全局最优路径,GP 源内重加权,0,16,nan,1.8540324488527526e-09
2,81002,1,GP 表达式自身产生的状态,2500,历史全局最优路径,GP 源内重加权,0,16,nan,1.6953953232491865e-06
2,81002,2,GP 表达式自身产生的状态,2500,历史全局最优路径,GP 源内重加权,0,16,nan,2.4095149454410005e-09
2,81002,3,GP 表达式自身产生的状态,2500,历史全局最优路径,GP 源内重加权,0,16,nan,0.0
2,81002,4,GP 表达式自身产生的状态,2500,历史全局最优路径,GP 源内重加权,0,16,nan,0.0
2,81002,5,GP 表达式自身产生的状态,2500,历史全局最优路径,GP 源内重加权,2,14,0.014318095267065185,8.187861302047753e-06
2,81002,6,GP 表达式自身产生的状态,2500,历史全局最优路径,GP 源内重加权,0,16,nan,4.777734286931632e-06
2,81002,7,GP 表达式自身产生的状态,2500,历史全局最优路径,GP 源内重加权,0,16,nan,1.4866005475805393e-09
2,81003,0,GP 表达式自身产生的状态,2500,历史重启阶段最优路径,来源内均匀沉积,0,16,nan,0.0
2,81003,1,GP 表达式自身产生的状态,2500,历史重启阶段最优路径,来源内均匀沉积,0,16,nan,0.0
2,81003,2,GP 表达式自身产生的状态,2500,历史重启阶段最优路径,来源内均匀沉积,0,16,nan,0.0
2,81003,3,GP 表达式自身产生的状态,2500,历史重启阶段最优路径,来源内均匀沉积,0,16,nan,0.0
2,81003,4,GP 表达式自身产生的状态,2500,历史重启阶段最优路径,来源内均匀沉积,0,16,nan,0.0
2,81003,5,GP 表达式自身产生的状态,2500,历史重启阶段最优路径,来源内均匀沉积,0,16,nan,0.0
2,81003,6,GP 表达式自身产生的状态,2500,历史重启阶段最优路径,来源内均匀沉积,0,16,nan,0.0
2,81003,7,GP 表达式自身产生的状态,2500,历史重启阶段最优路径,来源内均匀沉积,0,16,nan,0.0
2,81003,0,GP 表达式自身产生的状态,2500,历史全局最优路径,来源内均匀沉积,0,16,nan,0.0
2,81003,1,GP 表达式自身产生的状态,2500,历史全局最优路径,来源内均匀沉积,0,16,nan,0.0
2,81003,2,GP 表达式自身产生的状态,2500,历史全局最优路径,来源内均匀沉积,0,16,nan,0.0
2,81003,3,GP 表达式自身产生的状态,2500,历史全局最优路径,来源内均匀沉积,0,16,nan,0.0
2,81003,4,GP 表达式自身产生的状态,2500,历史全局最优路径,来源内均匀沉积,0,16,nan,0.0
2,81003,5,GP 表达式自身产生的状态,2500,历史全局最优路径,来源内均匀沉积,2,14,0.21614570929256496,1.7334701390645288e-09
2,81003,6,GP 表达式自身产生的状态,2500,历史全局最优路径,来源内均匀沉积,0,16,nan,0.0
2,81003,7,GP 表达式自身产生的状态,2500,历史全局最优路径,来源内均匀沉积,0,16,nan,0.0
2,81003,0,GP 表达式自身产生的状态,2500,历史重启阶段最优路径,GP 源内重加权,0,16,nan,0.0
2,81003,1,GP 表达式自身产生的状态,2500,历史重启阶段最优路径,GP 源内重加权,0,16,nan,1.7290685661827726e-10
2,81003,2,GP 表达式自身产生的状态,2500,历史重启阶段最优路径,GP 源内重加权,0,16,nan,4.315307465628819e-09
2,81003,3,GP 表达式自身产生的状态,2500,历史重启阶段最优路径,GP 源内重加权,0,16,nan,0.0
2,81003,4,GP 表达式自身产生的状态,2500,历史重启阶段最优路径,GP 源内重加权,0,16,nan,0.0
2,81003,5,GP 表达式自身产生的状态,2500,历史重启阶段最优路径,GP 源内重加权,0,16,nan,6.612759272519305e-10
2,81003,6,GP 表达式自身产生的状态,2500,历史重启阶段最优路径,GP 源内重加权,0,16,nan,4.6930119202981406e-08
2,81003,7,GP 表达式自身产生的状态,2500,历史重启阶段最优路径,GP 源内重加权,0,16,nan,3.454726835231911e-09
2,81003,0,GP 表达式自身产生的状态,2500,历史全局最优路径,GP 源内重加权,0,16,nan,0.0
2,81003,1,GP 表达式自身产生的状态,2500,历史全局最优路径,GP 源内重加权,0,16,nan,5.319399912570998e-10
2,81003,2,GP 表达式自身产生的状态,2500,历史全局最优路径,GP 源内重加权,0,16,nan,4.315307465628819e-09
2,81003,3,GP 表达式自身产生的状态,2500,历史全局最优路径,GP 源内重加权,0,16,nan,2.8825334068763924e-09
2,81003,4,GP 表达式自身产生的状态,2500,历史全局最优路径,GP 源内重加权,0,16,nan,0.0
2,81003,5,GP 表达式自身产生的状态,2500,历史全局最优路径,GP 源内重加权,2,14,0.14511476048966632,1.135513015947196e-05
2,81003,6,GP 表达式自身产生的状态,2500,历史全局最优路径,GP 源内重加权,0,16,nan,8.219867041407492e-06
2,81003,7,GP 表达式自身产生的状态,2500,历史全局最优路径,GP 源内重加权,0,16,nan,9.71737434161629e-10
