replicate,champion,instance,state_owner,snapshot_iteration,source,phase,deposit_l1_over_budget,source_edge_tau_l1_over_two_budget,global_tau_relative_l1
0,81002,0,不使用 GP 产生的状态,1,本轮最优路径,更新前,0.16528653866055718,0.0,0.0
0,81002,0,不使用 GP 产生的状态,1,本轮最优路径,蒸发和下界保护后,0.16528653866055718,0.0,0.0
0,81002,0,不使用 GP 产生的状态,1,本轮最优路径,沉积后,0.16528653866055718,0.16528653303087842,0.0001352373680032252
0,81002,0,不使用 GP 产生的状态,1,本轮最优路径,重启和可选上界处理后,0.16528653866055718,0.16528653303087842,0.0001352373680032252
0,81002,1,不使用 GP 产生的状态,1,本轮最优路径,更新前,0.16444382865941534,0.0,0.0
0,81002,1,不使用 GP 产生的状态,1,本轮最优路径,蒸发和下界保护后,0.16444382865941534,0.0,0.0
0,81002,1,不使用 GP 产生的状态,1,本轮最优路径,沉积后,0.16444382865941534,0.1644438263832108,0.0001338452237680614
0,81002,1,不使用 GP 产生的状态,1,本轮最优路径,重启和可选上界处理后,0.16444382865941534,0.1644438263832108,0.0001338452237680614
0,81002,2,不使用 GP 产生的状态,1,本轮最优路径,更新前,0.16139847030004145,0.0,0.0
0,81002,2,不使用 GP 产生的状态,1,本轮最优路径,蒸发和下界保护后,0.16139847030004145,0.0,0.0
0,81002,2,不使用 GP 产生的状态,1,本轮最优路径,沉积后,0.16139847030004145,0.16139850615823736,0.00012974424981292566
0,81002,2,不使用 GP 产生的状态,1,本轮最优路径,重启和可选上界处理后,0.16139847030004145,0.16139850615823736,0.00012974424981292566
0,81002,3,不使用 GP 产生的状态,1,本轮最优路径,更新前,0.16375895868508425,0.0,0.0
0,81002,3,不使用 GP 产生的状态,1,本轮最优路径,蒸发和下界保护后,0.16375895868508425,0.0,0.0
0,81002,3,不使用 GP 产生的状态,1,本轮最优路径,沉积后,0.16375895868508425,0.16375898046236606,0.00013358682519597082
0,81002,3,不使用 GP 产生的状态,1,本轮最优路径,重启和可选上界处理后,0.16375895868508425,0.16375898046236606,0.00013358682519597082
0,81002,4,不使用 GP 产生的状态,1,本轮最优路径,更新前,0.1607941738025964,0.0,0.0
0,81002,4,不使用 GP 产生的状态,1,本轮最优路径,蒸发和下界保护后,0.1607941738025964,0.0,0.0
0,81002,4,不使用 GP 产生的状态,1,本轮最优路径,沉积后,0.1607941738025964,0.16079414267701295,0.000127272890731352
0,81002,4,不使用 GP 产生的状态,1,本轮最优路径,重启和可选上界处理后,0.1607941738025964,0.16079414267701295,0.000127272890731352
0,81002,5,不使用 GP 产生的状态,1,本轮最优路径,更新前,0.16346344772877844,0.0,0.0
0,81002,5,不使用 GP 产生的状态,1,本轮最优路径,蒸发和下界保护后,0.16346344772877844,0.0,0.0
0,81002,5,不使用 GP 产生的状态,1,本轮最优路径,沉积后,0.16346344772877844,0.16346345940485005,0.00012801532642316146
0,81002,5,不使用 GP 产生的状态,1,本轮最优路径,重启和可选上界处理后,0.16346344772877844,0.16346345940485005,0.00012801532642316146
0,81002,6,不使用 GP 产生的状态,1,本轮最优路径,更新前,0.1642979463240356,0.0,0.0
0,81002,6,不使用 GP 产生的状态,1,本轮最优路径,蒸发和下界保护后,0.1642979463240356,0.0,0.0
0,81002,6,不使用 GP 产生的状态,1,本轮最优路径,沉积后,0.1642979463240356,0.16429794789431634,0.00013126763746680375
0,81002,6,不使用 GP 产生的状态,1,本轮最优路径,重启和可选上界处理后,0.1642979463240356,0.16429794789431634,0.00013126763746680375
0,81002,7,不使用 GP 产生的状态,1,本轮最优路径,更新前,0.16122288561362486,0.0,0.0
0,81002,7,不使用 GP 产生的状态,1,本轮最优路径,蒸发和下界保护后,0.16122288561362486,0.0,0.0
0,81002,7,不使用 GP 产生的状态,1,本轮最优路径,沉积后,0.16122288561362486,0.16122288259877662,0.0001300640419318132
0,81002,7,不使用 GP 产生的状态,1,本轮最优路径,重启和可选上界处理后,0.16122288561362486,0.16122288259877662,0.0001300640419318132
0,81002,0,不使用 GP 产生的状态,1,历史重启阶段最优路径,更新前,0.16528653866055718,0.0,0.0
0,81002,0,不使用 GP 产生的状态,1,历史重启阶段最优路径,蒸发和下界保护后,0.16528653866055718,0.0,0.0
0,81002,0,不使用 GP 产生的状态,1,历史重启阶段最优路径,沉积后,0.16528653866055718,0.16528653303087842,0.0001352373680032252
0,81002,0,不使用 GP 产生的状态,1,历史重启阶段最优路径,重启和可选上界处理后,0.16528653866055718,0.16528653303087842,0.0001352373680032252
0,81002,1,不使用 GP 产生的状态,1,历史重启阶段最优路径,更新前,0.16444382865941534,0.0,0.0
0,81002,1,不使用 GP 产生的状态,1,历史重启阶段最优路径,蒸发和下界保护后,0.16444382865941534,0.0,0.0
0,81002,1,不使用 GP 产生的状态,1,历史重启阶段最优路径,沉积后,0.16444382865941534,0.1644438263832108,0.0001338452237680614
0,81002,1,不使用 GP 产生的状态,1,历史重启阶段最优路径,重启和可选上界处理后,0.16444382865941534,0.1644438263832108,0.0001338452237680614
0,81002,2,不使用 GP 产生的状态,1,历史重启阶段最优路径,更新前,0.16139847030004145,0.0,0.0
0,81002,2,不使用 GP 产生的状态,1,历史重启阶段最优路径,蒸发和下界保护后,0.16139847030004145,0.0,0.0
0,81002,2,不使用 GP 产生的状态,1,历史重启阶段最优路径,沉积后,0.16139847030004145,0.16139850615823736,0.00012974424981292566
0,81002,2,不使用 GP 产生的状态,1,历史重启阶段最优路径,重启和可选上界处理后,0.16139847030004145,0.16139850615823736,0.00012974424981292566
0,81002,3,不使用 GP 产生的状态,1,历史重启阶段最优路径,更新前,0.16375895868508425,0.0,0.0
0,81002,3,不使用 GP 产生的状态,1,历史重启阶段最优路径,蒸发和下界保护后,0.16375895868508425,0.0,0.0
0,81002,3,不使用 GP 产生的状态,1,历史重启阶段最优路径,沉积后,0.16375895868508425,0.16375898046236606,0.00013358682519597082
0,81002,3,不使用 GP 产生的状态,1,历史重启阶段最优路径,重启和可选上界处理后,0.16375895868508425,0.16375898046236606,0.00013358682519597082
0,81002,4,不使用 GP 产生的状态,1,历史重启阶段最优路径,更新前,0.1607941738025964,0.0,0.0
0,81002,4,不使用 GP 产生的状态,1,历史重启阶段最优路径,蒸发和下界保护后,0.1607941738025964,0.0,0.0
0,81002,4,不使用 GP 产生的状态,1,历史重启阶段最优路径,沉积后,0.1607941738025964,0.16079414267701295,0.000127272890731352
0,81002,4,不使用 GP 产生的状态,1,历史重启阶段最优路径,重启和可选上界处理后,0.1607941738025964,0.16079414267701295,0.000127272890731352
0,81002,5,不使用 GP 产生的状态,1,历史重启阶段最优路径,更新前,0.16346344772877844,0.0,0.0
0,81002,5,不使用 GP 产生的状态,1,历史重启阶段最优路径,蒸发和下界保护后,0.16346344772877844,0.0,0.0
0,81002,5,不使用 GP 产生的状态,1,历史重启阶段最优路径,沉积后,0.16346344772877844,0.16346345940485005,0.00012801532642316146
0,81002,5,不使用 GP 产生的状态,1,历史重启阶段最优路径,重启和可选上界处理后,0.16346344772877844,0.16346345940485005,0.00012801532642316146
0,81002,6,不使用 GP 产生的状态,1,历史重启阶段最优路径,更新前,0.1642979463240356,0.0,0.0
0,81002,6,不使用 GP 产生的状态,1,历史重启阶段最优路径,蒸发和下界保护后,0.1642979463240356,0.0,0.0
0,81002,6,不使用 GP 产生的状态,1,历史重启阶段最优路径,沉积后,0.1642979463240356,0.16429794789431634,0.00013126763746680375
0,81002,6,不使用 GP 产生的状态,1,历史重启阶段最优路径,重启和可选上界处理后,0.1642979463240356,0.16429794789431634,0.00013126763746680375
0,81002,7,不使用 GP 产生的状态,1,历史重启阶段最优路径,更新前,0.16122288561362486,0.0,0.0
0,81002,7,不使用 GP 产生的状态,1,历史重启阶段最优路径,蒸发和下界保护后,0.16122288561362486,0.0,0.0
0,81002,7,不使用 GP 产生的状态,1,历史重启阶段最优路径,沉积后,0.16122288561362486,0.16122288259877662,0.0001300640419318132
0,81002,7,不使用 GP 产生的状态,1,历史重启阶段最优路径,重启和可选上界处理后,0.16122288561362486,0.16122288259877662,0.0001300640419318132
0,81002,0,不使用 GP 产生的状态,1,历史全局最优路径,更新前,0.16528653866055718,0.0,0.0
0,81002,0,不使用 GP 产生的状态,1,历史全局最优路径,蒸发和下界保护后,0.16528653866055718,0.0,0.0
0,81002,0,不使用 GP 产生的状态,1,历史全局最优路径,沉积后,0.16528653866055718,0.16528653303087842,0.0001352373680032252
0,81002,0,不使用 GP 产生的状态,1,历史全局最优路径,重启和可选上界处理后,0.16528653866055718,0.16528653303087842,0.0001352373680032252
0,81002,1,不使用 GP 产生的状态,1,历史全局最优路径,更新前,0.16444382865941534,0.0,0.0
0,81002,1,不使用 GP 产生的状态,1,历史全局最优路径,蒸发和下界保护后,0.16444382865941534,0.0,0.0
0,81002,1,不使用 GP 产生的状态,1,历史全局最优路径,沉积后,0.16444382865941534,0.1644438263832108,0.0001338452237680614
0,81002,1,不使用 GP 产生的状态,1,历史全局最优路径,重启和可选上界处理后,0.16444382865941534,0.1644438263832108,0.0001338452237680614
0,81002,2,不使用 GP 产生的状态,1,历史全局最优路径,更新前,0.16139847030004145,0.0,0.0
0,81002,2,不使用 GP 产生的状态,1,历史全局最优路径,蒸发和下界保护后,0.16139847030004145,0.0,0.0
0,81002,2,不使用 GP 产生的状态,1,历史全局最优路径,沉积后,0.16139847030004145,0.16139850615823736,0.00012974424981292566
0,81002,2,不使用 GP 产生的状态,1,历史全局最优路径,重启和可选上界处理后,0.16139847030004145,0.16139850615823736,0.00012974424981292566
0,81002,3,不使用 GP 产生的状态,1,历史全局最优路径,更新前,0.16375895868508425,0.0,0.0
0,81002,3,不使用 GP 产生的状态,1,历史全局最优路径,蒸发和下界保护后,0.16375895868508425,0.0,0.0
0,81002,3,不使用 GP 产生的状态,1,历史全局最优路径,沉积后,0.16375895868508425,0.16375898046236606,0.00013358682519597082
0,81002,3,不使用 GP 产生的状态,1,历史全局最优路径,重启和可选上界处理后,0.16375895868508425,0.16375898046236606,0.00013358682519597082
0,81002,4,不使用 GP 产生的状态,1,历史全局最优路径,更新前,0.1607941738025964,0.0,0.0
0,81002,4,不使用 GP 产生的状态,1,历史全局最优路径,蒸发和下界保护后,0.1607941738025964,0.0,0.0
0,81002,4,不使用 GP 产生的状态,1,历史全局最优路径,沉积后,0.1607941738025964,0.16079414267701295,0.000127272890731352
0,81002,4,不使用 GP 产生的状态,1,历史全局最优路径,重启和可选上界处理后,0.1607941738025964,0.16079414267701295,0.000127272890731352
0,81002,5,不使用 GP 产生的状态,1,历史全局最优路径,更新前,0.16346344772877844,0.0,0.0
0,81002,5,不使用 GP 产生的状态,1,历史全局最优路径,蒸发和下界保护后,0.16346344772877844,0.0,0.0
0,81002,5,不使用 GP 产生的状态,1,历史全局最优路径,沉积后,0.16346344772877844,0.16346345940485005,0.00012801532642316146
0,81002,5,不使用 GP 产生的状态,1,历史全局最优路径,重启和可选上界处理后,0.16346344772877844,0.16346345940485005,0.00012801532642316146
0,81002,6,不使用 GP 产生的状态,1,历史全局最优路径,更新前,0.1642979463240356,0.0,0.0
0,81002,6,不使用 GP 产生的状态,1,历史全局最优路径,蒸发和下界保护后,0.1642979463240356,0.0,0.0
0,81002,6,不使用 GP 产生的状态,1,历史全局最优路径,沉积后,0.1642979463240356,0.16429794789431634,0.00013126763746680375
0,81002,6,不使用 GP 产生的状态,1,历史全局最优路径,重启和可选上界处理后,0.1642979463240356,0.16429794789431634,0.00013126763746680375
0,81002,7,不使用 GP 产生的状态,1,历史全局最优路径,更新前,0.16122288561362486,0.0,0.0
0,81002,7,不使用 GP 产生的状态,1,历史全局最优路径,蒸发和下界保护后,0.16122288561362486,0.0,0.0
0,81002,7,不使用 GP 产生的状态,1,历史全局最优路径,沉积后,0.16122288561362486,0.16122288259877662,0.0001300640419318132
0,81002,7,不使用 GP 产生的状态,1,历史全局最优路径,重启和可选上界处理后,0.16122288561362486,0.16122288259877662,0.0001300640419318132
0,81003,0,不使用 GP 产生的状态,1,本轮最优路径,更新前,0.22511038695020233,0.0,0.0
0,81003,0,不使用 GP 产生的状态,1,本轮最优路径,蒸发和下界保护后,0.22511038695020233,0.0,0.0
0,81003,0,不使用 GP 产生的状态,1,本轮最优路径,沉积后,0.22511038695020233,0.22511044560359944,0.00018418526673178286
0,81003,0,不使用 GP 产生的状态,1,本轮最优路径,重启和可选上界处理后,0.22511038695020233,0.22511044560359944,0.00018418526673178286
0,81003,1,不使用 GP 产生的状态,1,本轮最优路径,更新前,0.2349115093038901,0.0,0.0
0,81003,1,不使用 GP 产生的状态,1,本轮最优路径,蒸发和下界保护后,0.2349115093038901,0.0,0.0
0,81003,1,不使用 GP 产生的状态,1,本轮最优路径,沉积后,0.2349115093038901,0.2349115115800946,0.0001912007554474019
0,81003,1,不使用 GP 产生的状态,1,本轮最优路径,重启和可选上界处理后,0.2349115093038901,0.2349115115800946,0.0001912007554474019
0,81003,2,不使用 GP 产生的状态,1,本轮最优路径,更新前,0.2293232297008648,0.0,0.0
0,81003,2,不使用 GP 产生的状态,1,本轮最优路径,蒸发和下界保护后,0.2293232297008648,0.0,0.0
0,81003,2,不使用 GP 产生的状态,1,本轮最优路径,沉积后,0.2293232297008648,0.22932329631335283,0.0001843473013042177
0,81003,2,不使用 GP 产生的状态,1,本轮最优路径,重启和可选上界处理后,0.2293232297008648,0.22932329631335283,0.0001843473013042177
0,81003,3,不使用 GP 产生的状态,1,本轮最优路径,更新前,0.2182666335770961,0.0,0.0
0,81003,3,不使用 GP 产生的状态,1,本轮最优路径,蒸发和下界保护后,0.2182666335770961,0.0,0.0
0,81003,3,不使用 GP 产生的状态,1,本轮最优路径,沉积后,0.2182666335770961,0.21826674405696492,0.00017805167876660212
0,81003,3,不使用 GP 产生的状态,1,本轮最优路径,重启和可选上界处理后,0.2182666335770961,0.21826674405696492,0.00017805167876660212
0,81003,4,不使用 GP 产生的状态,1,本轮最优路径,更新前,0.24073571594977092,0.0,0.0
0,81003,4,不使用 GP 产生的状态,1,本轮最优路径,蒸发和下界保护后,0.24073571594977092,0.0,0.0
0,81003,4,不使用 GP 产生的状态,1,本轮最优路径,沉积后,0.24073571594977092,0.240735685085747,0.00019054877269130525
0,81003,4,不使用 GP 产生的状态,1,本轮最优路径,重启和可选上界处理后,0.24073571594977092,0.240735685085747,0.00019054877269130525
0,81003,5,不使用 GP 产生的状态,1,本轮最优路径,更新前,0.2201083245053929,0.0,0.0
0,81003,5,不使用 GP 产生的状态,1,本轮最优路径,蒸发和下界保护后,0.2201083245053929,0.0,0.0
0,81003,5,不使用 GP 产生的状态,1,本轮最优路径,沉积后,0.2201083245053929,0.22010833086236523,0.0001723763826263845
0,81003,5,不使用 GP 产生的状态,1,本轮最优路径,重启和可选上界处理后,0.2201083245053929,0.22010833086236523,0.0001723763826263845
0,81003,6,不使用 GP 产生的状态,1,本轮最优路径,更新前,0.22808039434355565,0.0,0.0
0,81003,6,不使用 GP 产生的状态,1,本轮最优路径,蒸发和下界保护后,0.22808039434355565,0.0,0.0
0,81003,6,不使用 GP 产生的状态,1,本轮最优路径,沉积后,0.22808039434355565,0.22808036791049652,0.0001822272976131675
0,81003,6,不使用 GP 产生的状态,1,本轮最优路径,重启和可选上界处理后,0.22808039434355565,0.22808036791049652,0.0001822272976131675
0,81003,7,不使用 GP 产生的状态,1,本轮最优路径,更新前,0.22202642814609302,0.0,0.0
0,81003,7,不使用 GP 产生的状态,1,本轮最优路径,蒸发和下界保护后,0.22202642814609302,0.0,0.0
0,81003,7,不使用 GP 产生的状态,1,本轮最优路径,沉积后,0.22202642814609302,0.22202645632837012,0.0001791163751719457
0,81003,7,不使用 GP 产生的状态,1,本轮最优路径,重启和可选上界处理后,0.22202642814609302,0.22202645632837012,0.0001791163751719457
0,81003,0,不使用 GP 产生的状态,1,历史重启阶段最优路径,更新前,0.22511038695020233,0.0,0.0
0,81003,0,不使用 GP 产生的状态,1,历史重启阶段最优路径,蒸发和下界保护后,0.22511038695020233,0.0,0.0
0,81003,0,不使用 GP 产生的状态,1,历史重启阶段最优路径,沉积后,0.22511038695020233,0.22511044560359944,0.00018418526673178286
0,81003,0,不使用 GP 产生的状态,1,历史重启阶段最优路径,重启和可选上界处理后,0.22511038695020233,0.22511044560359944,0.00018418526673178286
0,81003,1,不使用 GP 产生的状态,1,历史重启阶段最优路径,更新前,0.2349115093038901,0.0,0.0
0,81003,1,不使用 GP 产生的状态,1,历史重启阶段最优路径,蒸发和下界保护后,0.2349115093038901,0.0,0.0
0,81003,1,不使用 GP 产生的状态,1,历史重启阶段最优路径,沉积后,0.2349115093038901,0.2349115115800946,0.0001912007554474019
0,81003,1,不使用 GP 产生的状态,1,历史重启阶段最优路径,重启和可选上界处理后,0.2349115093038901,0.2349115115800946,0.0001912007554474019
0,81003,2,不使用 GP 产生的状态,1,历史重启阶段最优路径,更新前,0.2293232297008648,0.0,0.0
0,81003,2,不使用 GP 产生的状态,1,历史重启阶段最优路径,蒸发和下界保护后,0.2293232297008648,0.0,0.0
0,81003,2,不使用 GP 产生的状态,1,历史重启阶段最优路径,沉积后,0.2293232297008648,0.22932329631335283,0.0001843473013042177
0,81003,2,不使用 GP 产生的状态,1,历史重启阶段最优路径,重启和可选上界处理后,0.2293232297008648,0.22932329631335283,0.0001843473013042177
0,81003,3,不使用 GP 产生的状态,1,历史重启阶段最优路径,更新前,0.2182666335770961,0.0,0.0
0,81003,3,不使用 GP 产生的状态,1,历史重启阶段最优路径,蒸发和下界保护后,0.2182666335770961,0.0,0.0
0,81003,3,不使用 GP 产生的状态,1,历史重启阶段最优路径,沉积后,0.2182666335770961,0.21826674405696492,0.00017805167876660212
0,81003,3,不使用 GP 产生的状态,1,历史重启阶段最优路径,重启和可选上界处理后,0.2182666335770961,0.21826674405696492,0.00017805167876660212
0,81003,4,不使用 GP 产生的状态,1,历史重启阶段最优路径,更新前,0.24073571594977092,0.0,0.0
0,81003,4,不使用 GP 产生的状态,1,历史重启阶段最优路径,蒸发和下界保护后,0.24073571594977092,0.0,0.0
0,81003,4,不使用 GP 产生的状态,1,历史重启阶段最优路径,沉积后,0.24073571594977092,0.240735685085747,0.00019054877269130525
0,81003,4,不使用 GP 产生的状态,1,历史重启阶段最优路径,重启和可选上界处理后,0.24073571594977092,0.240735685085747,0.00019054877269130525
0,81003,5,不使用 GP 产生的状态,1,历史重启阶段最优路径,更新前,0.2201083245053929,0.0,0.0
0,81003,5,不使用 GP 产生的状态,1,历史重启阶段最优路径,蒸发和下界保护后,0.2201083245053929,0.0,0.0
0,81003,5,不使用 GP 产生的状态,1,历史重启阶段最优路径,沉积后,0.2201083245053929,0.22010833086236523,0.0001723763826263845
0,81003,5,不使用 GP 产生的状态,1,历史重启阶段最优路径,重启和可选上界处理后,0.2201083245053929,0.22010833086236523,0.0001723763826263845
0,81003,6,不使用 GP 产生的状态,1,历史重启阶段最优路径,更新前,0.22808039434355565,0.0,0.0
0,81003,6,不使用 GP 产生的状态,1,历史重启阶段最优路径,蒸发和下界保护后,0.22808039434355565,0.0,0.0
0,81003,6,不使用 GP 产生的状态,1,历史重启阶段最优路径,沉积后,0.22808039434355565,0.22808036791049652,0.0001822272976131675
0,81003,6,不使用 GP 产生的状态,1,历史重启阶段最优路径,重启和可选上界处理后,0.22808039434355565,0.22808036791049652,0.0001822272976131675
0,81003,7,不使用 GP 产生的状态,1,历史重启阶段最优路径,更新前,0.22202642814609302,0.0,0.0
0,81003,7,不使用 GP 产生的状态,1,历史重启阶段最优路径,蒸发和下界保护后,0.22202642814609302,0.0,0.0
0,81003,7,不使用 GP 产生的状态,1,历史重启阶段最优路径,沉积后,0.22202642814609302,0.22202645632837012,0.0001791163751719457
0,81003,7,不使用 GP 产生的状态,1,历史重启阶段最优路径,重启和可选上界处理后,0.22202642814609302,0.22202645632837012,0.0001791163751719457
0,81003,0,不使用 GP 产生的状态,1,历史全局最优路径,更新前,0.22511038695020233,0.0,0.0
0,81003,0,不使用 GP 产生的状态,1,历史全局最优路径,蒸发和下界保护后,0.22511038695020233,0.0,0.0
0,81003,0,不使用 GP 产生的状态,1,历史全局最优路径,沉积后,0.22511038695020233,0.22511044560359944,0.00018418526673178286
0,81003,0,不使用 GP 产生的状态,1,历史全局最优路径,重启和可选上界处理后,0.22511038695020233,0.22511044560359944,0.00018418526673178286
0,81003,1,不使用 GP 产生的状态,1,历史全局最优路径,更新前,0.2349115093038901,0.0,0.0
0,81003,1,不使用 GP 产生的状态,1,历史全局最优路径,蒸发和下界保护后,0.2349115093038901,0.0,0.0
0,81003,1,不使用 GP 产生的状态,1,历史全局最优路径,沉积后,0.2349115093038901,0.2349115115800946,0.0001912007554474019
0,81003,1,不使用 GP 产生的状态,1,历史全局最优路径,重启和可选上界处理后,0.2349115093038901,0.2349115115800946,0.0001912007554474019
0,81003,2,不使用 GP 产生的状态,1,历史全局最优路径,更新前,0.2293232297008648,0.0,0.0
0,81003,2,不使用 GP 产生的状态,1,历史全局最优路径,蒸发和下界保护后,0.2293232297008648,0.0,0.0
0,81003,2,不使用 GP 产生的状态,1,历史全局最优路径,沉积后,0.2293232297008648,0.22932329631335283,0.0001843473013042177
0,81003,2,不使用 GP 产生的状态,1,历史全局最优路径,重启和可选上界处理后,0.2293232297008648,0.22932329631335283,0.0001843473013042177
0,81003,3,不使用 GP 产生的状态,1,历史全局最优路径,更新前,0.2182666335770961,0.0,0.0
0,81003,3,不使用 GP 产生的状态,1,历史全局最优路径,蒸发和下界保护后,0.2182666335770961,0.0,0.0
0,81003,3,不使用 GP 产生的状态,1,历史全局最优路径,沉积后,0.2182666335770961,0.21826674405696492,0.00017805167876660212
0,81003,3,不使用 GP 产生的状态,1,历史全局最优路径,重启和可选上界处理后,0.2182666335770961,0.21826674405696492,0.00017805167876660212
0,81003,4,不使用 GP 产生的状态,1,历史全局最优路径,更新前,0.24073571594977092,0.0,0.0
0,81003,4,不使用 GP 产生的状态,1,历史全局最优路径,蒸发和下界保护后,0.24073571594977092,0.0,0.0
0,81003,4,不使用 GP 产生的状态,1,历史全局最优路径,沉积后,0.24073571594977092,0.240735685085747,0.00019054877269130525
0,81003,4,不使用 GP 产生的状态,1,历史全局最优路径,重启和可选上界处理后,0.24073571594977092,0.240735685085747,0.00019054877269130525
0,81003,5,不使用 GP 产生的状态,1,历史全局最优路径,更新前,0.2201083245053929,0.0,0.0
0,81003,5,不使用 GP 产生的状态,1,历史全局最优路径,蒸发和下界保护后,0.2201083245053929,0.0,0.0
0,81003,5,不使用 GP 产生的状态,1,历史全局最优路径,沉积后,0.2201083245053929,0.22010833086236523,0.0001723763826263845
0,81003,5,不使用 GP 产生的状态,1,历史全局最优路径,重启和可选上界处理后,0.2201083245053929,0.22010833086236523,0.0001723763826263845
0,81003,6,不使用 GP 产生的状态,1,历史全局最优路径,更新前,0.22808039434355565,0.0,0.0
0,81003,6,不使用 GP 产生的状态,1,历史全局最优路径,蒸发和下界保护后,0.22808039434355565,0.0,0.0
0,81003,6,不使用 GP 产生的状态,1,历史全局最优路径,沉积后,0.22808039434355565,0.22808036791049652,0.0001822272976131675
0,81003,6,不使用 GP 产生的状态,1,历史全局最优路径,重启和可选上界处理后,0.22808039434355565,0.22808036791049652,0.0001822272976131675
0,81003,7,不使用 GP 产生的状态,1,历史全局最优路径,更新前,0.22202642814609302,0.0,0.0
0,81003,7,不使用 GP 产生的状态,1,历史全局最优路径,蒸发和下界保护后,0.22202642814609302,0.0,0.0
0,81003,7,不使用 GP 产生的状态,1,历史全局最优路径,沉积后,0.22202642814609302,0.22202645632837012,0.0001791163751719457
0,81003,7,不使用 GP 产生的状态,1,历史全局最优路径,重启和可选上界处理后,0.22202642814609302,0.22202645632837012,0.0001791163751719457
0,81001,0,不使用 GP 产生的状态,1,本轮最优路径,更新前,0.24172419707814582,0.0,0.0
0,81001,0,不使用 GP 产生的状态,1,本轮最优路径,蒸发和下界保护后,0.24172419707814582,0.0,0.0
0,81001,0,不使用 GP 产生的状态,1,本轮最优路径,沉积后,0.24172419707814582,0.24172429369914372,0.00019777870987350003
0,81001,0,不使用 GP 产生的状态,1,本轮最优路径,重启和可选上界处理后,0.24172419707814582,0.24172429369914372,0.00019777870987350003
0,81001,1,不使用 GP 产生的状态,1,本轮最优路径,更新前,0.25146969598202706,0.0,0.0
0,81001,1,不使用 GP 产生的状态,1,本轮最优路径,蒸发和下界保护后,0.25146969598202706,0.0,0.0
0,81001,1,不使用 GP 产生的状态,1,本轮最优路径,沉积后,0.25146969598202706,0.2514697661426839,0.00020467796122570627
0,81001,1,不使用 GP 产生的状态,1,本轮最优路径,重启和可选上界处理后,0.25146969598202706,0.2514697661426839,0.00020467796122570627
0,81001,2,不使用 GP 产生的状态,1,本轮最优路径,更新前,0.24696102417842036,0.0,0.0
0,81001,2,不使用 GP 产生的状态,1,本轮最优路径,蒸发和下界保护后,0.24696102417842036,0.0,0.0
0,81001,2,不使用 GP 产生的状态,1,本轮最优路径,沉积后,0.24696102417842036,0.2469611670877267,0.000198525947478767
0,81001,2,不使用 GP 产生的状态,1,本轮最优路径,重启和可选上界处理后,0.24696102417842036,0.2469611670877267,0.000198525947478767
0,81001,3,不使用 GP 产生的状态,1,本轮最优路径,更新前,0.23565709577226177,0.0,0.0
0,81001,3,不使用 GP 产生的状态,1,本轮最优路径,蒸发和下界保护后,0.23565709577226177,0.0,0.0
0,81001,3,不使用 GP 产生的状态,1,本轮最优路径,沉积后,0.23565709577226177,0.23565722457691649,0.00019223800964588233
0,81001,3,不使用 GP 产生的状态,1,本轮最优路径,重启和可选上界处理后,0.23565709577226177,0.23565722457691649,0.00019223800964588233
0,81001,4,不使用 GP 产生的状态,1,本轮最优路径,更新前,0.26039061089147925,0.0,0.0
0,81001,4,不使用 GP 产生的状态,1,本轮最优路径,蒸发和下界保护后,0.26039061089147925,0.0,0.0
0,81001,4,不使用 GP 产生的状态,1,本轮最优路径,沉积后,0.26039061089147925,0.2603905002518002,0.00020610608778579112
0,81001,4,不使用 GP 产生的状态,1,本轮最优路径,重启和可选上界处理后,0.26039061089147925,0.2603905002518002,0.00020610608778579112
0,81001,5,不使用 GP 产生的状态,1,本轮最优路径,更新前,0.2382210939708594,0.0,0.0
0,81001,5,不使用 GP 产生的状态,1,本轮最优路径,蒸发和下界保护后,0.2382210939708594,0.0,0.0
0,81001,5,不使用 GP 产生的状态,1,本轮最优路径,沉积后,0.2382210939708594,0.23822108968963313,0.00018656126983077157
0,81001,5,不使用 GP 产生的状态,1,本轮最优路径,重启和可选上界处理后,0.2382210939708594,0.23822108968963313,0.00018656126983077157
0,81001,6,不使用 GP 产生的状态,1,本轮最优路径,更新前,0.24609833090149189,0.0,0.0
0,81001,6,不使用 GP 产生的状态,1,本轮最优路径,蒸发和下界保护后,0.24609833090149189,0.0,0.0
0,81001,6,不使用 GP 产生的状态,1,本轮最优路径,沉积后,0.24609833090149189,0.2460983464734426,0.00019662295810800724
0,81001,6,不使用 GP 产生的状态,1,本轮最优路径,重启和可选上界处理后,0.24609833090149189,0.2460983464734426,0.00019662295810800724
0,81001,7,不使用 GP 产生的状态,1,本轮最优路径,更新前,0.23984296721431494,0.0,0.0
0,81001,7,不使用 GP 产生的状态,1,本轮最优路径,蒸发和下界保护后,0.23984296721431494,0.0,0.0
0,81001,7,不使用 GP 产生的状态,1,本轮最优路径,沉积后,0.23984296721431494,0.23984295528600233,0.0001934895573787819
0,81001,7,不使用 GP 产生的状态,1,本轮最优路径,重启和可选上界处理后,0.23984296721431494,0.23984295528600233,0.0001934895573787819
0,81001,0,不使用 GP 产生的状态,1,历史重启阶段最优路径,更新前,0.24172419707814582,0.0,0.0
0,81001,0,不使用 GP 产生的状态,1,历史重启阶段最优路径,蒸发和下界保护后,0.24172419707814582,0.0,0.0
0,81001,0,不使用 GP 产生的状态,1,历史重启阶段最优路径,沉积后,0.24172419707814582,0.24172429369914372,0.00019777870987350003
0,81001,0,不使用 GP 产生的状态,1,历史重启阶段最优路径,重启和可选上界处理后,0.24172419707814582,0.24172429369914372,0.00019777870987350003
0,81001,1,不使用 GP 产生的状态,1,历史重启阶段最优路径,更新前,0.25146969598202706,0.0,0.0
0,81001,1,不使用 GP 产生的状态,1,历史重启阶段最优路径,蒸发和下界保护后,0.25146969598202706,0.0,0.0
0,81001,1,不使用 GP 产生的状态,1,历史重启阶段最优路径,沉积后,0.25146969598202706,0.2514697661426839,0.00020467796122570627
0,81001,1,不使用 GP 产生的状态,1,历史重启阶段最优路径,重启和可选上界处理后,0.25146969598202706,0.2514697661426839,0.00020467796122570627
0,81001,2,不使用 GP 产生的状态,1,历史重启阶段最优路径,更新前,0.24696102417842036,0.0,0.0
0,81001,2,不使用 GP 产生的状态,1,历史重启阶段最优路径,蒸发和下界保护后,0.24696102417842036,0.0,0.0
0,81001,2,不使用 GP 产生的状态,1,历史重启阶段最优路径,沉积后,0.24696102417842036,0.2469611670877267,0.000198525947478767
0,81001,2,不使用 GP 产生的状态,1,历史重启阶段最优路径,重启和可选上界处理后,0.24696102417842036,0.2469611670877267,0.000198525947478767
0,81001,3,不使用 GP 产生的状态,1,历史重启阶段最优路径,更新前,0.23565709577226177,0.0,0.0
0,81001,3,不使用 GP 产生的状态,1,历史重启阶段最优路径,蒸发和下界保护后,0.23565709577226177,0.0,0.0
0,81001,3,不使用 GP 产生的状态,1,历史重启阶段最优路径,沉积后,0.23565709577226177,0.23565722457691649,0.00019223800964588233
0,81001,3,不使用 GP 产生的状态,1,历史重启阶段最优路径,重启和可选上界处理后,0.23565709577226177,0.23565722457691649,0.00019223800964588233
0,81001,4,不使用 GP 产生的状态,1,历史重启阶段最优路径,更新前,0.26039061089147925,0.0,0.0
0,81001,4,不使用 GP 产生的状态,1,历史重启阶段最优路径,蒸发和下界保护后,0.26039061089147925,0.0,0.0
0,81001,4,不使用 GP 产生的状态,1,历史重启阶段最优路径,沉积后,0.26039061089147925,0.2603905002518002,0.00020610608778579112
0,81001,4,不使用 GP 产生的状态,1,历史重启阶段最优路径,重启和可选上界处理后,0.26039061089147925,0.2603905002518002,0.00020610608778579112
0,81001,5,不使用 GP 产生的状态,1,历史重启阶段最优路径,更新前,0.2382210939708594,0.0,0.0
0,81001,5,不使用 GP 产生的状态,1,历史重启阶段最优路径,蒸发和下界保护后,0.2382210939708594,0.0,0.0
0,81001,5,不使用 GP 产生的状态,1,历史重启阶段最优路径,沉积后,0.2382210939708594,0.23822108968963313,0.00018656126983077157
0,81001,5,不使用 GP 产生的状态,1,历史重启阶段最优路径,重启和可选上界处理后,0.2382210939708594,0.23822108968963313,0.00018656126983077157
0,81001,6,不使用 GP 产生的状态,1,历史重启阶段最优路径,更新前,0.24609833090149189,0.0,0.0
0,81001,6,不使用 GP 产生的状态,1,历史重启阶段最优路径,蒸发和下界保护后,0.24609833090149189,0.0,0.0
0,81001,6,不使用 GP 产生的状态,1,历史重启阶段最优路径,沉积后,0.24609833090149189,0.2460983464734426,0.00019662295810800724
0,81001,6,不使用 GP 产生的状态,1,历史重启阶段最优路径,重启和可选上界处理后,0.24609833090149189,0.2460983464734426,0.00019662295810800724
0,81001,7,不使用 GP 产生的状态,1,历史重启阶段最优路径,更新前,0.23984296721431494,0.0,0.0
0,81001,7,不使用 GP 产生的状态,1,历史重启阶段最优路径,蒸发和下界保护后,0.23984296721431494,0.0,0.0
0,81001,7,不使用 GP 产生的状态,1,历史重启阶段最优路径,沉积后,0.23984296721431494,0.23984295528600233,0.0001934895573787819
0,81001,7,不使用 GP 产生的状态,1,历史重启阶段最优路径,重启和可选上界处理后,0.23984296721431494,0.23984295528600233,0.0001934895573787819
0,81001,0,不使用 GP 产生的状态,1,历史全局最优路径,更新前,0.24172419707814582,0.0,0.0
0,81001,0,不使用 GP 产生的状态,1,历史全局最优路径,蒸发和下界保护后,0.24172419707814582,0.0,0.0
0,81001,0,不使用 GP 产生的状态,1,历史全局最优路径,沉积后,0.24172419707814582,0.24172429369914372,0.00019777870987350003
0,81001,0,不使用 GP 产生的状态,1,历史全局最优路径,重启和可选上界处理后,0.24172419707814582,0.24172429369914372,0.00019777870987350003
0,81001,1,不使用 GP 产生的状态,1,历史全局最优路径,更新前,0.25146969598202706,0.0,0.0
0,81001,1,不使用 GP 产生的状态,1,历史全局最优路径,蒸发和下界保护后,0.25146969598202706,0.0,0.0
0,81001,1,不使用 GP 产生的状态,1,历史全局最优路径,沉积后,0.25146969598202706,0.2514697661426839,0.00020467796122570627
0,81001,1,不使用 GP 产生的状态,1,历史全局最优路径,重启和可选上界处理后,0.25146969598202706,0.2514697661426839,0.00020467796122570627
0,81001,2,不使用 GP 产生的状态,1,历史全局最优路径,更新前,0.24696102417842036,0.0,0.0
0,81001,2,不使用 GP 产生的状态,1,历史全局最优路径,蒸发和下界保护后,0.24696102417842036,0.0,0.0
0,81001,2,不使用 GP 产生的状态,1,历史全局最优路径,沉积后,0.24696102417842036,0.2469611670877267,0.000198525947478767
0,81001,2,不使用 GP 产生的状态,1,历史全局最优路径,重启和可选上界处理后,0.24696102417842036,0.2469611670877267,0.000198525947478767
0,81001,3,不使用 GP 产生的状态,1,历史全局最优路径,更新前,0.23565709577226177,0.0,0.0
0,81001,3,不使用 GP 产生的状态,1,历史全局最优路径,蒸发和下界保护后,0.23565709577226177,0.0,0.0
0,81001,3,不使用 GP 产生的状态,1,历史全局最优路径,沉积后,0.23565709577226177,0.23565722457691649,0.00019223800964588233
0,81001,3,不使用 GP 产生的状态,1,历史全局最优路径,重启和可选上界处理后,0.23565709577226177,0.23565722457691649,0.00019223800964588233
0,81001,4,不使用 GP 产生的状态,1,历史全局最优路径,更新前,0.26039061089147925,0.0,0.0
0,81001,4,不使用 GP 产生的状态,1,历史全局最优路径,蒸发和下界保护后,0.26039061089147925,0.0,0.0
0,81001,4,不使用 GP 产生的状态,1,历史全局最优路径,沉积后,0.26039061089147925,0.2603905002518002,0.00020610608778579112
0,81001,4,不使用 GP 产生的状态,1,历史全局最优路径,重启和可选上界处理后,0.26039061089147925,0.2603905002518002,0.00020610608778579112
0,81001,5,不使用 GP 产生的状态,1,历史全局最优路径,更新前,0.2382210939708594,0.0,0.0
0,81001,5,不使用 GP 产生的状态,1,历史全局最优路径,蒸发和下界保护后,0.2382210939708594,0.0,0.0
0,81001,5,不使用 GP 产生的状态,1,历史全局最优路径,沉积后,0.2382210939708594,0.23822108968963313,0.00018656126983077157
0,81001,5,不使用 GP 产生的状态,1,历史全局最优路径,重启和可选上界处理后,0.2382210939708594,0.23822108968963313,0.00018656126983077157
0,81001,6,不使用 GP 产生的状态,1,历史全局最优路径,更新前,0.24609833090149189,0.0,0.0
0,81001,6,不使用 GP 产生的状态,1,历史全局最优路径,蒸发和下界保护后,0.24609833090149189,0.0,0.0
0,81001,6,不使用 GP 产生的状态,1,历史全局最优路径,沉积后,0.24609833090149189,0.2460983464734426,0.00019662295810800724
0,81001,6,不使用 GP 产生的状态,1,历史全局最优路径,重启和可选上界处理后,0.24609833090149189,0.2460983464734426,0.00019662295810800724
0,81001,7,不使用 GP 产生的状态,1,历史全局最优路径,更新前,0.23984296721431494,0.0,0.0
0,81001,7,不使用 GP 产生的状态,1,历史全局最优路径,蒸发和下界保护后,0.23984296721431494,0.0,0.0
0,81001,7,不使用 GP 产生的状态,1,历史全局最优路径,沉积后,0.23984296721431494,0.23984295528600233,0.0001934895573787819
0,81001,7,不使用 GP 产生的状态,1,历史全局最优路径,重启和可选上界处理后,0.23984296721431494,0.23984295528600233,0.0001934895573787819
0,81001,0,GP 表达式自身产生的状态,1,本轮最优路径,更新前,0.24172419707814582,0.0,0.0
0,81001,0,GP 表达式自身产生的状态,1,本轮最优路径,蒸发和下界保护后,0.24172419707814582,0.0,0.0
0,81001,0,GP 表达式自身产生的状态,1,本轮最优路径,沉积后,0.24172419707814582,0.24172429369914372,0.00019777870987350003
0,81001,0,GP 表达式自身产生的状态,1,本轮最优路径,重启和可选上界处理后,0.24172419707814582,0.24172429369914372,0.00019777870987350003
0,81001,1,GP 表达式自身产生的状态,1,本轮最优路径,更新前,0.25146969598202706,0.0,0.0
0,81001,1,GP 表达式自身产生的状态,1,本轮最优路径,蒸发和下界保护后,0.25146969598202706,0.0,0.0
0,81001,1,GP 表达式自身产生的状态,1,本轮最优路径,沉积后,0.25146969598202706,0.2514697661426839,0.00020467796122570627
0,81001,1,GP 表达式自身产生的状态,1,本轮最优路径,重启和可选上界处理后,0.25146969598202706,0.2514697661426839,0.00020467796122570627
0,81001,2,GP 表达式自身产生的状态,1,本轮最优路径,更新前,0.24696102417842036,0.0,0.0
0,81001,2,GP 表达式自身产生的状态,1,本轮最优路径,蒸发和下界保护后,0.24696102417842036,0.0,0.0
0,81001,2,GP 表达式自身产生的状态,1,本轮最优路径,沉积后,0.24696102417842036,0.2469611670877267,0.000198525947478767
0,81001,2,GP 表达式自身产生的状态,1,本轮最优路径,重启和可选上界处理后,0.24696102417842036,0.2469611670877267,0.000198525947478767
0,81001,3,GP 表达式自身产生的状态,1,本轮最优路径,更新前,0.23565709577226177,0.0,0.0
0,81001,3,GP 表达式自身产生的状态,1,本轮最优路径,蒸发和下界保护后,0.23565709577226177,0.0,0.0
0,81001,3,GP 表达式自身产生的状态,1,本轮最优路径,沉积后,0.23565709577226177,0.23565722457691649,0.00019223800964588233
0,81001,3,GP 表达式自身产生的状态,1,本轮最优路径,重启和可选上界处理后,0.23565709577226177,0.23565722457691649,0.00019223800964588233
0,81001,4,GP 表达式自身产生的状态,1,本轮最优路径,更新前,0.26039061089147925,0.0,0.0
0,81001,4,GP 表达式自身产生的状态,1,本轮最优路径,蒸发和下界保护后,0.26039061089147925,0.0,0.0
0,81001,4,GP 表达式自身产生的状态,1,本轮最优路径,沉积后,0.26039061089147925,0.2603905002518002,0.00020610608778579112
0,81001,4,GP 表达式自身产生的状态,1,本轮最优路径,重启和可选上界处理后,0.26039061089147925,0.2603905002518002,0.00020610608778579112
0,81001,5,GP 表达式自身产生的状态,1,本轮最优路径,更新前,0.2382210939708594,0.0,0.0
0,81001,5,GP 表达式自身产生的状态,1,本轮最优路径,蒸发和下界保护后,0.2382210939708594,0.0,0.0
0,81001,5,GP 表达式自身产生的状态,1,本轮最优路径,沉积后,0.2382210939708594,0.23822108968963313,0.00018656126983077157
0,81001,5,GP 表达式自身产生的状态,1,本轮最优路径,重启和可选上界处理后,0.2382210939708594,0.23822108968963313,0.00018656126983077157
0,81001,6,GP 表达式自身产生的状态,1,本轮最优路径,更新前,0.24609833090149189,0.0,0.0
0,81001,6,GP 表达式自身产生的状态,1,本轮最优路径,蒸发和下界保护后,0.24609833090149189,0.0,0.0
0,81001,6,GP 表达式自身产生的状态,1,本轮最优路径,沉积后,0.24609833090149189,0.2460983464734426,0.00019662295810800724
0,81001,6,GP 表达式自身产生的状态,1,本轮最优路径,重启和可选上界处理后,0.24609833090149189,0.2460983464734426,0.00019662295810800724
0,81001,7,GP 表达式自身产生的状态,1,本轮最优路径,更新前,0.23984296721431494,0.0,0.0
0,81001,7,GP 表达式自身产生的状态,1,本轮最优路径,蒸发和下界保护后,0.23984296721431494,0.0,0.0
0,81001,7,GP 表达式自身产生的状态,1,本轮最优路径,沉积后,0.23984296721431494,0.23984295528600233,0.0001934895573787819
0,81001,7,GP 表达式自身产生的状态,1,本轮最优路径,重启和可选上界处理后,0.23984296721431494,0.23984295528600233,0.0001934895573787819
0,81001,0,GP 表达式自身产生的状态,1,历史重启阶段最优路径,更新前,0.24172419707814582,0.0,0.0
0,81001,0,GP 表达式自身产生的状态,1,历史重启阶段最优路径,蒸发和下界保护后,0.24172419707814582,0.0,0.0
0,81001,0,GP 表达式自身产生的状态,1,历史重启阶段最优路径,沉积后,0.24172419707814582,0.24172429369914372,0.00019777870987350003
0,81001,0,GP 表达式自身产生的状态,1,历史重启阶段最优路径,重启和可选上界处理后,0.24172419707814582,0.24172429369914372,0.00019777870987350003
0,81001,1,GP 表达式自身产生的状态,1,历史重启阶段最优路径,更新前,0.25146969598202706,0.0,0.0
0,81001,1,GP 表达式自身产生的状态,1,历史重启阶段最优路径,蒸发和下界保护后,0.25146969598202706,0.0,0.0
0,81001,1,GP 表达式自身产生的状态,1,历史重启阶段最优路径,沉积后,0.25146969598202706,0.2514697661426839,0.00020467796122570627
0,81001,1,GP 表达式自身产生的状态,1,历史重启阶段最优路径,重启和可选上界处理后,0.25146969598202706,0.2514697661426839,0.00020467796122570627
0,81001,2,GP 表达式自身产生的状态,1,历史重启阶段最优路径,更新前,0.24696102417842036,0.0,0.0
0,81001,2,GP 表达式自身产生的状态,1,历史重启阶段最优路径,蒸发和下界保护后,0.24696102417842036,0.0,0.0
0,81001,2,GP 表达式自身产生的状态,1,历史重启阶段最优路径,沉积后,0.24696102417842036,0.2469611670877267,0.000198525947478767
0,81001,2,GP 表达式自身产生的状态,1,历史重启阶段最优路径,重启和可选上界处理后,0.24696102417842036,0.2469611670877267,0.000198525947478767
0,81001,3,GP 表达式自身产生的状态,1,历史重启阶段最优路径,更新前,0.23565709577226177,0.0,0.0
0,81001,3,GP 表达式自身产生的状态,1,历史重启阶段最优路径,蒸发和下界保护后,0.23565709577226177,0.0,0.0
0,81001,3,GP 表达式自身产生的状态,1,历史重启阶段最优路径,沉积后,0.23565709577226177,0.23565722457691649,0.00019223800964588233
0,81001,3,GP 表达式自身产生的状态,1,历史重启阶段最优路径,重启和可选上界处理后,0.23565709577226177,0.23565722457691649,0.00019223800964588233
0,81001,4,GP 表达式自身产生的状态,1,历史重启阶段最优路径,更新前,0.26039061089147925,0.0,0.0
0,81001,4,GP 表达式自身产生的状态,1,历史重启阶段最优路径,蒸发和下界保护后,0.26039061089147925,0.0,0.0
0,81001,4,GP 表达式自身产生的状态,1,历史重启阶段最优路径,沉积后,0.26039061089147925,0.2603905002518002,0.00020610608778579112
0,81001,4,GP 表达式自身产生的状态,1,历史重启阶段最优路径,重启和可选上界处理后,0.26039061089147925,0.2603905002518002,0.00020610608778579112
0,81001,5,GP 表达式自身产生的状态,1,历史重启阶段最优路径,更新前,0.2382210939708594,0.0,0.0
0,81001,5,GP 表达式自身产生的状态,1,历史重启阶段最优路径,蒸发和下界保护后,0.2382210939708594,0.0,0.0
0,81001,5,GP 表达式自身产生的状态,1,历史重启阶段最优路径,沉积后,0.2382210939708594,0.23822108968963313,0.00018656126983077157
0,81001,5,GP 表达式自身产生的状态,1,历史重启阶段最优路径,重启和可选上界处理后,0.2382210939708594,0.23822108968963313,0.00018656126983077157
0,81001,6,GP 表达式自身产生的状态,1,历史重启阶段最优路径,更新前,0.24609833090149189,0.0,0.0
0,81001,6,GP 表达式自身产生的状态,1,历史重启阶段最优路径,蒸发和下界保护后,0.24609833090149189,0.0,0.0
0,81001,6,GP 表达式自身产生的状态,1,历史重启阶段最优路径,沉积后,0.24609833090149189,0.2460983464734426,0.00019662295810800724
0,81001,6,GP 表达式自身产生的状态,1,历史重启阶段最优路径,重启和可选上界处理后,0.24609833090149189,0.2460983464734426,0.00019662295810800724
0,81001,7,GP 表达式自身产生的状态,1,历史重启阶段最优路径,更新前,0.23984296721431494,0.0,0.0
0,81001,7,GP 表达式自身产生的状态,1,历史重启阶段最优路径,蒸发和下界保护后,0.23984296721431494,0.0,0.0
0,81001,7,GP 表达式自身产生的状态,1,历史重启阶段最优路径,沉积后,0.23984296721431494,0.23984295528600233,0.0001934895573787819
0,81001,7,GP 表达式自身产生的状态,1,历史重启阶段最优路径,重启和可选上界处理后,0.23984296721431494,0.23984295528600233,0.0001934895573787819
0,81001,0,GP 表达式自身产生的状态,1,历史全局最优路径,更新前,0.24172419707814582,0.0,0.0
0,81001,0,GP 表达式自身产生的状态,1,历史全局最优路径,蒸发和下界保护后,0.24172419707814582,0.0,0.0
0,81001,0,GP 表达式自身产生的状态,1,历史全局最优路径,沉积后,0.24172419707814582,0.24172429369914372,0.00019777870987350003
0,81001,0,GP 表达式自身产生的状态,1,历史全局最优路径,重启和可选上界处理后,0.24172419707814582,0.24172429369914372,0.00019777870987350003
0,81001,1,GP 表达式自身产生的状态,1,历史全局最优路径,更新前,0.25146969598202706,0.0,0.0
0,81001,1,GP 表达式自身产生的状态,1,历史全局最优路径,蒸发和下界保护后,0.25146969598202706,0.0,0.0
0,81001,1,GP 表达式自身产生的状态,1,历史全局最优路径,沉积后,0.25146969598202706,0.2514697661426839,0.00020467796122570627
0,81001,1,GP 表达式自身产生的状态,1,历史全局最优路径,重启和可选上界处理后,0.25146969598202706,0.2514697661426839,0.00020467796122570627
0,81001,2,GP 表达式自身产生的状态,1,历史全局最优路径,更新前,0.24696102417842036,0.0,0.0
0,81001,2,GP 表达式自身产生的状态,1,历史全局最优路径,蒸发和下界保护后,0.24696102417842036,0.0,0.0
0,81001,2,GP 表达式自身产生的状态,1,历史全局最优路径,沉积后,0.24696102417842036,0.2469611670877267,0.000198525947478767
0,81001,2,GP 表达式自身产生的状态,1,历史全局最优路径,重启和可选上界处理后,0.24696102417842036,0.2469611670877267,0.000198525947478767
0,81001,3,GP 表达式自身产生的状态,1,历史全局最优路径,更新前,0.23565709577226177,0.0,0.0
0,81001,3,GP 表达式自身产生的状态,1,历史全局最优路径,蒸发和下界保护后,0.23565709577226177,0.0,0.0
0,81001,3,GP 表达式自身产生的状态,1,历史全局最优路径,沉积后,0.23565709577226177,0.23565722457691649,0.00019223800964588233
0,81001,3,GP 表达式自身产生的状态,1,历史全局最优路径,重启和可选上界处理后,0.23565709577226177,0.23565722457691649,0.00019223800964588233
0,81001,4,GP 表达式自身产生的状态,1,历史全局最优路径,更新前,0.26039061089147925,0.0,0.0
0,81001,4,GP 表达式自身产生的状态,1,历史全局最优路径,蒸发和下界保护后,0.26039061089147925,0.0,0.0
0,81001,4,GP 表达式自身产生的状态,1,历史全局最优路径,沉积后,0.26039061089147925,0.2603905002518002,0.00020610608778579112
0,81001,4,GP 表达式自身产生的状态,1,历史全局最优路径,重启和可选上界处理后,0.26039061089147925,0.2603905002518002,0.00020610608778579112
0,81001,5,GP 表达式自身产生的状态,1,历史全局最优路径,更新前,0.2382210939708594,0.0,0.0
0,81001,5,GP 表达式自身产生的状态,1,历史全局最优路径,蒸发和下界保护后,0.2382210939708594,0.0,0.0
0,81001,5,GP 表达式自身产生的状态,1,历史全局最优路径,沉积后,0.2382210939708594,0.23822108968963313,0.00018656126983077157
0,81001,5,GP 表达式自身产生的状态,1,历史全局最优路径,重启和可选上界处理后,0.2382210939708594,0.23822108968963313,0.00018656126983077157
0,81001,6,GP 表达式自身产生的状态,1,历史全局最优路径,更新前,0.24609833090149189,0.0,0.0
0,81001,6,GP 表达式自身产生的状态,1,历史全局最优路径,蒸发和下界保护后,0.24609833090149189,0.0,0.0
0,81001,6,GP 表达式自身产生的状态,1,历史全局最优路径,沉积后,0.24609833090149189,0.2460983464734426,0.00019662295810800724
0,81001,6,GP 表达式自身产生的状态,1,历史全局最优路径,重启和可选上界处理后,0.24609833090149189,0.2460983464734426,0.00019662295810800724
0,81001,7,GP 表达式自身产生的状态,1,历史全局最优路径,更新前,0.23984296721431494,0.0,0.0
0,81001,7,GP 表达式自身产生的状态,1,历史全局最优路径,蒸发和下界保护后,0.23984296721431494,0.0,0.0
0,81001,7,GP 表达式自身产生的状态,1,历史全局最优路径,沉积后,0.23984296721431494,0.23984295528600233,0.0001934895573787819
0,81001,7,GP 表达式自身产生的状态,1,历史全局最优路径,重启和可选上界处理后,0.23984296721431494,0.23984295528600233,0.0001934895573787819
0,81002,0,GP 表达式自身产生的状态,1,本轮最优路径,更新前,0.1473690988105335,0.0,0.0
0,81002,0,GP 表达式自身产生的状态,1,本轮最优路径,蒸发和下界保护后,0.1473690988105335,0.0,0.0
0,81002,0,GP 表达式自身产生的状态,1,本轮最优路径,沉积后,0.1473690988105335,0.14736914577215066,0.00012034322020739539
0,81002,0,GP 表达式自身产生的状态,1,本轮最优路径,重启和可选上界处理后,0.1473690988105335,0.14736914577215066,0.00012034322020739539
0,81002,1,GP 表达式自身产生的状态,1,本轮最优路径,更新前,0.14712891498124078,0.0,0.0
0,81002,1,GP 表达式自身产生的状态,1,本轮最优路径,蒸发和下界保护后,0.14712891498124078,0.0,0.0
0,81002,1,GP 表达式自身产生的状态,1,本轮最优路径,沉积后,0.14712891498124078,0.14712895122261865,0.00012033953205493249
0,81002,1,GP 表达式自身产生的状态,1,本轮最优路径,重启和可选上界处理后,0.14712891498124078,0.14712895122261865,0.00012033953205493249
0,81002,2,GP 表达式自身产生的状态,1,本轮最优路径,更新前,0.15540129229931268,0.0,0.0
0,81002,2,GP 表达式自身产生的状态,1,本轮最优路径,蒸发和下界保护后,0.15540129229931268,0.0,0.0
0,81002,2,GP 表达式自身产生的状态,1,本轮最优路径,沉积后,0.15540129229931268,0.15540125230541108,0.00012467739859443847
0,81002,2,GP 表达式自身产生的状态,1,本轮最优路径,重启和可选上界处理后,0.15540129229931268,0.15540125230541108,0.00012467739859443847
0,81002,3,GP 表达式自身产生的状态,1,本轮最优路径,更新前,0.16147177558860634,0.0,0.0
0,81002,3,GP 表达式自身产生的状态,1,本轮最优路径,蒸发和下界保护后,0.16147177558860634,0.0,0.0
0,81002,3,GP 表达式自身产生的状态,1,本轮最优路径,沉积后,0.16147177558860634,0.1614717557675983,0.0001323666688961133
0,81002,3,GP 表达式自身产生的状态,1,本轮最优路径,重启和可选上界处理后,0.16147177558860634,0.1614717557675983,0.0001323666688961133
0,81002,4,GP 表达式自身产生的状态,1,本轮最优路径,更新前,0.16217097695175048,0.0,0.0
0,81002,4,GP 表达式自身产生的状态,1,本轮最优路径,蒸发和下界保护后,0.16217097695175048,0.0,0.0
0,81002,4,GP 表达式自身产生的状态,1,本轮最优路径,沉积后,0.16217097695175048,0.16217101670898154,0.0001296278643758433
0,81002,4,GP 表达式自身产生的状态,1,本轮最优路径,重启和可选上界处理后,0.16217097695175048,0.16217101670898154,0.0001296278643758433
0,81002,5,GP 表达式自身产生的状态,1,本轮最优路径,更新前,0.14927695759508844,0.0,0.0
0,81002,5,GP 表达式自身产生的状态,1,本轮最优路径,蒸发和下界保护后,0.14927695759508844,0.0,0.0
0,81002,5,GP 表达式自身产生的状态,1,本轮最优路径,沉积后,0.14927695759508844,0.14927690989091524,0.00011699823966273919
0,81002,5,GP 表达式自身产生的状态,1,本轮最优路径,重启和可选上界处理后,0.14927695759508844,0.14927690989091524,0.00011699823966273919
0,81002,6,GP 表达式自身产生的状态,1,本轮最优路径,更新前,0.1485037411571903,0.0,0.0
0,81002,6,GP 表达式自身产生的状态,1,本轮最优路径,蒸发和下界保护后,0.1485037411571903,0.0,0.0
0,81002,6,GP 表达式自身产生的状态,1,本轮最优路径,沉积后,0.1485037411571903,0.1485038063126384,0.0001203358436034778
0,81002,6,GP 表达式自身产生的状态,1,本轮最优路径,重启和可选上界处理后,0.1485037411571903,0.1485038063126384,0.0001203358436034778
0,81002,7,GP 表达式自身产生的状态,1,本轮最优路径,更新前,0.1504050276268832,0.0,0.0
0,81002,7,GP 表达式自身产生的状态,1,本轮最优路径,蒸发和下界保护后,0.1504050276268832,0.0,0.0
0,81002,7,GP 表达式自身产生的状态,1,本轮最优路径,沉积后,0.1504050276268832,0.15040504783358924,0.00012042845226223918
0,81002,7,GP 表达式自身产生的状态,1,本轮最优路径,重启和可选上界处理后,0.1504050276268832,0.15040504783358924,0.00012042845226223918
0,81002,0,GP 表达式自身产生的状态,1,历史重启阶段最优路径,更新前,0.1473690988105335,0.0,0.0
0,81002,0,GP 表达式自身产生的状态,1,历史重启阶段最优路径,蒸发和下界保护后,0.1473690988105335,0.0,0.0
0,81002,0,GP 表达式自身产生的状态,1,历史重启阶段最优路径,沉积后,0.1473690988105335,0.14736914577215066,0.00012034322020739539
0,81002,0,GP 表达式自身产生的状态,1,历史重启阶段最优路径,重启和可选上界处理后,0.1473690988105335,0.14736914577215066,0.00012034322020739539
0,81002,1,GP 表达式自身产生的状态,1,历史重启阶段最优路径,更新前,0.14712891498124078,0.0,0.0
0,81002,1,GP 表达式自身产生的状态,1,历史重启阶段最优路径,蒸发和下界保护后,0.14712891498124078,0.0,0.0
0,81002,1,GP 表达式自身产生的状态,1,历史重启阶段最优路径,沉积后,0.14712891498124078,0.14712895122261865,0.00012033953205493249
0,81002,1,GP 表达式自身产生的状态,1,历史重启阶段最优路径,重启和可选上界处理后,0.14712891498124078,0.14712895122261865,0.00012033953205493249
0,81002,2,GP 表达式自身产生的状态,1,历史重启阶段最优路径,更新前,0.15540129229931268,0.0,0.0
0,81002,2,GP 表达式自身产生的状态,1,历史重启阶段最优路径,蒸发和下界保护后,0.15540129229931268,0.0,0.0
0,81002,2,GP 表达式自身产生的状态,1,历史重启阶段最优路径,沉积后,0.15540129229931268,0.15540125230541108,0.00012467739859443847
0,81002,2,GP 表达式自身产生的状态,1,历史重启阶段最优路径,重启和可选上界处理后,0.15540129229931268,0.15540125230541108,0.00012467739859443847
0,81002,3,GP 表达式自身产生的状态,1,历史重启阶段最优路径,更新前,0.16147177558860634,0.0,0.0
0,81002,3,GP 表达式自身产生的状态,1,历史重启阶段最优路径,蒸发和下界保护后,0.16147177558860634,0.0,0.0
0,81002,3,GP 表达式自身产生的状态,1,历史重启阶段最优路径,沉积后,0.16147177558860634,0.1614717557675983,0.0001323666688961133
0,81002,3,GP 表达式自身产生的状态,1,历史重启阶段最优路径,重启和可选上界处理后,0.16147177558860634,0.1614717557675983,0.0001323666688961133
0,81002,4,GP 表达式自身产生的状态,1,历史重启阶段最优路径,更新前,0.16217097695175048,0.0,0.0
0,81002,4,GP 表达式自身产生的状态,1,历史重启阶段最优路径,蒸发和下界保护后,0.16217097695175048,0.0,0.0
0,81002,4,GP 表达式自身产生的状态,1,历史重启阶段最优路径,沉积后,0.16217097695175048,0.16217101670898154,0.0001296278643758433
0,81002,4,GP 表达式自身产生的状态,1,历史重启阶段最优路径,重启和可选上界处理后,0.16217097695175048,0.16217101670898154,0.0001296278643758433
0,81002,5,GP 表达式自身产生的状态,1,历史重启阶段最优路径,更新前,0.14927695759508844,0.0,0.0
0,81002,5,GP 表达式自身产生的状态,1,历史重启阶段最优路径,蒸发和下界保护后,0.14927695759508844,0.0,0.0
0,81002,5,GP 表达式自身产生的状态,1,历史重启阶段最优路径,沉积后,0.14927695759508844,0.14927690989091524,0.00011699823966273919
0,81002,5,GP 表达式自身产生的状态,1,历史重启阶段最优路径,重启和可选上界处理后,0.14927695759508844,0.14927690989091524,0.00011699823966273919
0,81002,6,GP 表达式自身产生的状态,1,历史重启阶段最优路径,更新前,0.1485037411571903,0.0,0.0
0,81002,6,GP 表达式自身产生的状态,1,历史重启阶段最优路径,蒸发和下界保护后,0.1485037411571903,0.0,0.0
0,81002,6,GP 表达式自身产生的状态,1,历史重启阶段最优路径,沉积后,0.1485037411571903,0.1485038063126384,0.0001203358436034778
0,81002,6,GP 表达式自身产生的状态,1,历史重启阶段最优路径,重启和可选上界处理后,0.1485037411571903,0.1485038063126384,0.0001203358436034778
0,81002,7,GP 表达式自身产生的状态,1,历史重启阶段最优路径,更新前,0.1504050276268832,0.0,0.0
0,81002,7,GP 表达式自身产生的状态,1,历史重启阶段最优路径,蒸发和下界保护后,0.1504050276268832,0.0,0.0
0,81002,7,GP 表达式自身产生的状态,1,历史重启阶段最优路径,沉积后,0.1504050276268832,0.15040504783358924,0.00012042845226223918
0,81002,7,GP 表达式自身产生的状态,1,历史重启阶段最优路径,重启和可选上界处理后,0.1504050276268832,0.15040504783358924,0.00012042845226223918
0,81002,0,GP 表达式自身产生的状态,1,历史全局最优路径,更新前,0.1473690988105335,0.0,0.0
0,81002,0,GP 表达式自身产生的状态,1,历史全局最优路径,蒸发和下界保护后,0.1473690988105335,0.0,0.0
0,81002,0,GP 表达式自身产生的状态,1,历史全局最优路径,沉积后,0.1473690988105335,0.14736914577215066,0.00012034322020739539
0,81002,0,GP 表达式自身产生的状态,1,历史全局最优路径,重启和可选上界处理后,0.1473690988105335,0.14736914577215066,0.00012034322020739539
0,81002,1,GP 表达式自身产生的状态,1,历史全局最优路径,更新前,0.14712891498124078,0.0,0.0
0,81002,1,GP 表达式自身产生的状态,1,历史全局最优路径,蒸发和下界保护后,0.14712891498124078,0.0,0.0
0,81002,1,GP 表达式自身产生的状态,1,历史全局最优路径,沉积后,0.14712891498124078,0.14712895122261865,0.00012033953205493249
0,81002,1,GP 表达式自身产生的状态,1,历史全局最优路径,重启和可选上界处理后,0.14712891498124078,0.14712895122261865,0.00012033953205493249
0,81002,2,GP 表达式自身产生的状态,1,历史全局最优路径,更新前,0.15540129229931268,0.0,0.0
0,81002,2,GP 表达式自身产生的状态,1,历史全局最优路径,蒸发和下界保护后,0.15540129229931268,0.0,0.0
0,81002,2,GP 表达式自身产生的状态,1,历史全局最优路径,沉积后,0.15540129229931268,0.15540125230541108,0.00012467739859443847
0,81002,2,GP 表达式自身产生的状态,1,历史全局最优路径,重启和可选上界处理后,0.15540129229931268,0.15540125230541108,0.00012467739859443847
0,81002,3,GP 表达式自身产生的状态,1,历史全局最优路径,更新前,0.16147177558860634,0.0,0.0
0,81002,3,GP 表达式自身产生的状态,1,历史全局最优路径,蒸发和下界保护后,0.16147177558860634,0.0,0.0
0,81002,3,GP 表达式自身产生的状态,1,历史全局最优路径,沉积后,0.16147177558860634,0.1614717557675983,0.0001323666688961133
0,81002,3,GP 表达式自身产生的状态,1,历史全局最优路径,重启和可选上界处理后,0.16147177558860634,0.1614717557675983,0.0001323666688961133
0,81002,4,GP 表达式自身产生的状态,1,历史全局最优路径,更新前,0.16217097695175048,0.0,0.0
0,81002,4,GP 表达式自身产生的状态,1,历史全局最优路径,蒸发和下界保护后,0.16217097695175048,0.0,0.0
0,81002,4,GP 表达式自身产生的状态,1,历史全局最优路径,沉积后,0.16217097695175048,0.16217101670898154,0.0001296278643758433
0,81002,4,GP 表达式自身产生的状态,1,历史全局最优路径,重启和可选上界处理后,0.16217097695175048,0.16217101670898154,0.0001296278643758433
0,81002,5,GP 表达式自身产生的状态,1,历史全局最优路径,更新前,0.14927695759508844,0.0,0.0
0,81002,5,GP 表达式自身产生的状态,1,历史全局最优路径,蒸发和下界保护后,0.14927695759508844,0.0,0.0
0,81002,5,GP 表达式自身产生的状态,1,历史全局最优路径,沉积后,0.14927695759508844,0.14927690989091524,0.00011699823966273919
0,81002,5,GP 表达式自身产生的状态,1,历史全局最优路径,重启和可选上界处理后,0.14927695759508844,0.14927690989091524,0.00011699823966273919
0,81002,6,GP 表达式自身产生的状态,1,历史全局最优路径,更新前,0.1485037411571903,0.0,0.0
0,81002,6,GP 表达式自身产生的状态,1,历史全局最优路径,蒸发和下界保护后,0.1485037411571903,0.0,0.0
0,81002,6,GP 表达式自身产生的状态,1,历史全局最优路径,沉积后,0.1485037411571903,0.1485038063126384,0.0001203358436034778
0,81002,6,GP 表达式自身产生的状态,1,历史全局最优路径,重启和可选上界处理后,0.1485037411571903,0.1485038063126384,0.0001203358436034778
0,81002,7,GP 表达式自身产生的状态,1,历史全局最优路径,更新前,0.1504050276268832,0.0,0.0
0,81002,7,GP 表达式自身产生的状态,1,历史全局最优路径,蒸发和下界保护后,0.1504050276268832,0.0,0.0
0,81002,7,GP 表达式自身产生的状态,1,历史全局最优路径,沉积后,0.1504050276268832,0.15040504783358924,0.00012042845226223918
0,81002,7,GP 表达式自身产生的状态,1,历史全局最优路径,重启和可选上界处理后,0.1504050276268832,0.15040504783358924,0.00012042845226223918
0,81003,0,GP 表达式自身产生的状态,1,本轮最优路径,更新前,0.22511038695020233,0.0,0.0
0,81003,0,GP 表达式自身产生的状态,1,本轮最优路径,蒸发和下界保护后,0.22511038695020233,0.0,0.0
0,81003,0,GP 表达式自身产生的状态,1,本轮最优路径,沉积后,0.22511038695020233,0.22511044560359944,0.00018418526673178286
0,81003,0,GP 表达式自身产生的状态,1,本轮最优路径,重启和可选上界处理后,0.22511038695020233,0.22511044560359944,0.00018418526673178286
0,81003,1,GP 表达式自身产生的状态,1,本轮最优路径,更新前,0.2349115093038901,0.0,0.0
0,81003,1,GP 表达式自身产生的状态,1,本轮最优路径,蒸发和下界保护后,0.2349115093038901,0.0,0.0
0,81003,1,GP 表达式自身产生的状态,1,本轮最优路径,沉积后,0.2349115093038901,0.2349115115800946,0.0001912007554474019
0,81003,1,GP 表达式自身产生的状态,1,本轮最优路径,重启和可选上界处理后,0.2349115093038901,0.2349115115800946,0.0001912007554474019
0,81003,2,GP 表达式自身产生的状态,1,本轮最优路径,更新前,0.2293232297008648,0.0,0.0
0,81003,2,GP 表达式自身产生的状态,1,本轮最优路径,蒸发和下界保护后,0.2293232297008648,0.0,0.0
0,81003,2,GP 表达式自身产生的状态,1,本轮最优路径,沉积后,0.2293232297008648,0.22932329631335283,0.0001843473013042177
0,81003,2,GP 表达式自身产生的状态,1,本轮最优路径,重启和可选上界处理后,0.2293232297008648,0.22932329631335283,0.0001843473013042177
0,81003,3,GP 表达式自身产生的状态,1,本轮最优路径,更新前,0.2182666335770961,0.0,0.0
0,81003,3,GP 表达式自身产生的状态,1,本轮最优路径,蒸发和下界保护后,0.2182666335770961,0.0,0.0
0,81003,3,GP 表达式自身产生的状态,1,本轮最优路径,沉积后,0.2182666335770961,0.21826674405696492,0.00017805167876660212
0,81003,3,GP 表达式自身产生的状态,1,本轮最优路径,重启和可选上界处理后,0.2182666335770961,0.21826674405696492,0.00017805167876660212
0,81003,4,GP 表达式自身产生的状态,1,本轮最优路径,更新前,0.24073571594977092,0.0,0.0
0,81003,4,GP 表达式自身产生的状态,1,本轮最优路径,蒸发和下界保护后,0.24073571594977092,0.0,0.0
0,81003,4,GP 表达式自身产生的状态,1,本轮最优路径,沉积后,0.24073571594977092,0.240735685085747,0.00019054877269130525
0,81003,4,GP 表达式自身产生的状态,1,本轮最优路径,重启和可选上界处理后,0.24073571594977092,0.240735685085747,0.00019054877269130525
0,81003,5,GP 表达式自身产生的状态,1,本轮最优路径,更新前,0.2201083245053929,0.0,0.0
0,81003,5,GP 表达式自身产生的状态,1,本轮最优路径,蒸发和下界保护后,0.2201083245053929,0.0,0.0
0,81003,5,GP 表达式自身产生的状态,1,本轮最优路径,沉积后,0.2201083245053929,0.22010833086236523,0.0001723763826263845
0,81003,5,GP 表达式自身产生的状态,1,本轮最优路径,重启和可选上界处理后,0.2201083245053929,0.22010833086236523,0.0001723763826263845
0,81003,6,GP 表达式自身产生的状态,1,本轮最优路径,更新前,0.22808039434355565,0.0,0.0
0,81003,6,GP 表达式自身产生的状态,1,本轮最优路径,蒸发和下界保护后,0.22808039434355565,0.0,0.0
0,81003,6,GP 表达式自身产生的状态,1,本轮最优路径,沉积后,0.22808039434355565,0.22808036791049652,0.0001822272976131675
0,81003,6,GP 表达式自身产生的状态,1,本轮最优路径,重启和可选上界处理后,0.22808039434355565,0.22808036791049652,0.0001822272976131675
0,81003,7,GP 表达式自身产生的状态,1,本轮最优路径,更新前,0.22202642814609302,0.0,0.0
0,81003,7,GP 表达式自身产生的状态,1,本轮最优路径,蒸发和下界保护后,0.22202642814609302,0.0,0.0
0,81003,7,GP 表达式自身产生的状态,1,本轮最优路径,沉积后,0.22202642814609302,0.22202645632837012,0.0001791163751719457
0,81003,7,GP 表达式自身产生的状态,1,本轮最优路径,重启和可选上界处理后,0.22202642814609302,0.22202645632837012,0.0001791163751719457
0,81003,0,GP 表达式自身产生的状态,1,历史重启阶段最优路径,更新前,0.22511038695020233,0.0,0.0
0,81003,0,GP 表达式自身产生的状态,1,历史重启阶段最优路径,蒸发和下界保护后,0.22511038695020233,0.0,0.0
0,81003,0,GP 表达式自身产生的状态,1,历史重启阶段最优路径,沉积后,0.22511038695020233,0.22511044560359944,0.00018418526673178286
0,81003,0,GP 表达式自身产生的状态,1,历史重启阶段最优路径,重启和可选上界处理后,0.22511038695020233,0.22511044560359944,0.00018418526673178286
0,81003,1,GP 表达式自身产生的状态,1,历史重启阶段最优路径,更新前,0.2349115093038901,0.0,0.0
0,81003,1,GP 表达式自身产生的状态,1,历史重启阶段最优路径,蒸发和下界保护后,0.2349115093038901,0.0,0.0
0,81003,1,GP 表达式自身产生的状态,1,历史重启阶段最优路径,沉积后,0.2349115093038901,0.2349115115800946,0.0001912007554474019
0,81003,1,GP 表达式自身产生的状态,1,历史重启阶段最优路径,重启和可选上界处理后,0.2349115093038901,0.2349115115800946,0.0001912007554474019
0,81003,2,GP 表达式自身产生的状态,1,历史重启阶段最优路径,更新前,0.2293232297008648,0.0,0.0
0,81003,2,GP 表达式自身产生的状态,1,历史重启阶段最优路径,蒸发和下界保护后,0.2293232297008648,0.0,0.0
0,81003,2,GP 表达式自身产生的状态,1,历史重启阶段最优路径,沉积后,0.2293232297008648,0.22932329631335283,0.0001843473013042177
0,81003,2,GP 表达式自身产生的状态,1,历史重启阶段最优路径,重启和可选上界处理后,0.2293232297008648,0.22932329631335283,0.0001843473013042177
0,81003,3,GP 表达式自身产生的状态,1,历史重启阶段最优路径,更新前,0.2182666335770961,0.0,0.0
0,81003,3,GP 表达式自身产生的状态,1,历史重启阶段最优路径,蒸发和下界保护后,0.2182666335770961,0.0,0.0
0,81003,3,GP 表达式自身产生的状态,1,历史重启阶段最优路径,沉积后,0.2182666335770961,0.21826674405696492,0.00017805167876660212
0,81003,3,GP 表达式自身产生的状态,1,历史重启阶段最优路径,重启和可选上界处理后,0.2182666335770961,0.21826674405696492,0.00017805167876660212
0,81003,4,GP 表达式自身产生的状态,1,历史重启阶段最优路径,更新前,0.24073571594977092,0.0,0.0
0,81003,4,GP 表达式自身产生的状态,1,历史重启阶段最优路径,蒸发和下界保护后,0.24073571594977092,0.0,0.0
0,81003,4,GP 表达式自身产生的状态,1,历史重启阶段最优路径,沉积后,0.24073571594977092,0.240735685085747,0.00019054877269130525
0,81003,4,GP 表达式自身产生的状态,1,历史重启阶段最优路径,重启和可选上界处理后,0.24073571594977092,0.240735685085747,0.00019054877269130525
0,81003,5,GP 表达式自身产生的状态,1,历史重启阶段最优路径,更新前,0.2201083245053929,0.0,0.0
0,81003,5,GP 表达式自身产生的状态,1,历史重启阶段最优路径,蒸发和下界保护后,0.2201083245053929,0.0,0.0
0,81003,5,GP 表达式自身产生的状态,1,历史重启阶段最优路径,沉积后,0.2201083245053929,0.22010833086236523,0.0001723763826263845
0,81003,5,GP 表达式自身产生的状态,1,历史重启阶段最优路径,重启和可选上界处理后,0.2201083245053929,0.22010833086236523,0.0001723763826263845
0,81003,6,GP 表达式自身产生的状态,1,历史重启阶段最优路径,更新前,0.22808039434355565,0.0,0.0
0,81003,6,GP 表达式自身产生的状态,1,历史重启阶段最优路径,蒸发和下界保护后,0.22808039434355565,0.0,0.0
0,81003,6,GP 表达式自身产生的状态,1,历史重启阶段最优路径,沉积后,0.22808039434355565,0.22808036791049652,0.0001822272976131675
0,81003,6,GP 表达式自身产生的状态,1,历史重启阶段最优路径,重启和可选上界处理后,0.22808039434355565,0.22808036791049652,0.0001822272976131675
0,81003,7,GP 表达式自身产生的状态,1,历史重启阶段最优路径,更新前,0.22202642814609302,0.0,0.0
0,81003,7,GP 表达式自身产生的状态,1,历史重启阶段最优路径,蒸发和下界保护后,0.22202642814609302,0.0,0.0
0,81003,7,GP 表达式自身产生的状态,1,历史重启阶段最优路径,沉积后,0.22202642814609302,0.22202645632837012,0.0001791163751719457
0,81003,7,GP 表达式自身产生的状态,1,历史重启阶段最优路径,重启和可选上界处理后,0.22202642814609302,0.22202645632837012,0.0001791163751719457
0,81003,0,GP 表达式自身产生的状态,1,历史全局最优路径,更新前,0.22511038695020233,0.0,0.0
0,81003,0,GP 表达式自身产生的状态,1,历史全局最优路径,蒸发和下界保护后,0.22511038695020233,0.0,0.0
0,81003,0,GP 表达式自身产生的状态,1,历史全局最优路径,沉积后,0.22511038695020233,0.22511044560359944,0.00018418526673178286
0,81003,0,GP 表达式自身产生的状态,1,历史全局最优路径,重启和可选上界处理后,0.22511038695020233,0.22511044560359944,0.00018418526673178286
0,81003,1,GP 表达式自身产生的状态,1,历史全局最优路径,更新前,0.2349115093038901,0.0,0.0
0,81003,1,GP 表达式自身产生的状态,1,历史全局最优路径,蒸发和下界保护后,0.2349115093038901,0.0,0.0
0,81003,1,GP 表达式自身产生的状态,1,历史全局最优路径,沉积后,0.2349115093038901,0.2349115115800946,0.0001912007554474019
0,81003,1,GP 表达式自身产生的状态,1,历史全局最优路径,重启和可选上界处理后,0.2349115093038901,0.2349115115800946,0.0001912007554474019
0,81003,2,GP 表达式自身产生的状态,1,历史全局最优路径,更新前,0.2293232297008648,0.0,0.0
0,81003,2,GP 表达式自身产生的状态,1,历史全局最优路径,蒸发和下界保护后,0.2293232297008648,0.0,0.0
0,81003,2,GP 表达式自身产生的状态,1,历史全局最优路径,沉积后,0.2293232297008648,0.22932329631335283,0.0001843473013042177
0,81003,2,GP 表达式自身产生的状态,1,历史全局最优路径,重启和可选上界处理后,0.2293232297008648,0.22932329631335283,0.0001843473013042177
0,81003,3,GP 表达式自身产生的状态,1,历史全局最优路径,更新前,0.2182666335770961,0.0,0.0
0,81003,3,GP 表达式自身产生的状态,1,历史全局最优路径,蒸发和下界保护后,0.2182666335770961,0.0,0.0
0,81003,3,GP 表达式自身产生的状态,1,历史全局最优路径,沉积后,0.2182666335770961,0.21826674405696492,0.00017805167876660212
0,81003,3,GP 表达式自身产生的状态,1,历史全局最优路径,重启和可选上界处理后,0.2182666335770961,0.21826674405696492,0.00017805167876660212
0,81003,4,GP 表达式自身产生的状态,1,历史全局最优路径,更新前,0.24073571594977092,0.0,0.0
0,81003,4,GP 表达式自身产生的状态,1,历史全局最优路径,蒸发和下界保护后,0.24073571594977092,0.0,0.0
0,81003,4,GP 表达式自身产生的状态,1,历史全局最优路径,沉积后,0.24073571594977092,0.240735685085747,0.00019054877269130525
0,81003,4,GP 表达式自身产生的状态,1,历史全局最优路径,重启和可选上界处理后,0.24073571594977092,0.240735685085747,0.00019054877269130525
0,81003,5,GP 表达式自身产生的状态,1,历史全局最优路径,更新前,0.2201083245053929,0.0,0.0
0,81003,5,GP 表达式自身产生的状态,1,历史全局最优路径,蒸发和下界保护后,0.2201083245053929,0.0,0.0
0,81003,5,GP 表达式自身产生的状态,1,历史全局最优路径,沉积后,0.2201083245053929,0.22010833086236523,0.0001723763826263845
0,81003,5,GP 表达式自身产生的状态,1,历史全局最优路径,重启和可选上界处理后,0.2201083245053929,0.22010833086236523,0.0001723763826263845
0,81003,6,GP 表达式自身产生的状态,1,历史全局最优路径,更新前,0.22808039434355565,0.0,0.0
0,81003,6,GP 表达式自身产生的状态,1,历史全局最优路径,蒸发和下界保护后,0.22808039434355565,0.0,0.0
0,81003,6,GP 表达式自身产生的状态,1,历史全局最优路径,沉积后,0.22808039434355565,0.22808036791049652,0.0001822272976131675
0,81003,6,GP 表达式自身产生的状态,1,历史全局最优路径,重启和可选上界处理后,0.22808039434355565,0.22808036791049652,0.0001822272976131675
0,81003,7,GP 表达式自身产生的状态,1,历史全局最优路径,更新前,0.22202642814609302,0.0,0.0
0,81003,7,GP 表达式自身产生的状态,1,历史全局最优路径,蒸发和下界保护后,0.22202642814609302,0.0,0.0
0,81003,7,GP 表达式自身产生的状态,1,历史全局最优路径,沉积后,0.22202642814609302,0.22202645632837012,0.0001791163751719457
0,81003,7,GP 表达式自身产生的状态,1,历史全局最优路径,重启和可选上界处理后,0.22202642814609302,0.22202645632837012,0.0001791163751719457
0,81002,0,不使用 GP 产生的状态,100,本轮最优路径,更新前,0.06925219071884696,0.0,0.0
0,81002,0,不使用 GP 产生的状态,100,本轮最优路径,蒸发和下界保护后,0.06925219071884696,0.0,0.0
0,81002,0,不使用 GP 产生的状态,100,本轮最优路径,沉积后,0.06925219071884696,0.06925219159982635,6.068795505950941e-05
0,81002,0,不使用 GP 产生的状态,100,本轮最优路径,重启和可选上界处理后,0.06925219071884696,0.06925219159982635,6.068795505950941e-05
0,81002,1,不使用 GP 产生的状态,100,本轮最优路径,更新前,0.11137934594970449,0.0,0.0
0,81002,1,不使用 GP 产生的状态,100,本轮最优路径,蒸发和下界保护后,0.11137934594970449,0.0,0.0
0,81002,1,不使用 GP 产生的状态,100,本轮最优路径,沉积后,0.11137934594970449,0.11137931417299861,9.675462115244547e-05
0,81002,1,不使用 GP 产生的状态,100,本轮最优路径,重启和可选上界处理后,0.11137934594970449,0.11137931417299861,9.675462115244547e-05
0,81002,2,不使用 GP 产生的状态,100,本轮最优路径,更新前,0.0623765640587011,0.0,0.0
0,81002,2,不使用 GP 产生的状态,100,本轮最优路径,蒸发和下界保护后,0.0623765640587011,0.0,0.0
0,81002,2,不使用 GP 产生的状态,100,本轮最优路径,沉积后,0.0623765640587011,0.06237662227711884,5.396733335900679e-05
0,81002,2,不使用 GP 产生的状态,100,本轮最优路径,重启和可选上界处理后,0.0623765640587011,0.06237662227711884,5.396733335900679e-05
0,81002,3,不使用 GP 产生的状态,100,本轮最优路径,更新前,0.10221179938346833,0.0,0.0
0,81002,3,不使用 GP 产生的状态,100,本轮最优路径,蒸发和下界保护后,0.10221179938346833,0.0,0.0
0,81002,3,不使用 GP 产生的状态,100,本轮最优路径,沉积后,0.10221179938346833,0.1022117124206408,8.91404035926231e-05
0,81002,3,不使用 GP 产生的状态,100,本轮最优路径,重启和可选上界处理后,0.10221179938346833,0.1022117124206408,8.91404035926231e-05
0,81002,4,不使用 GP 产生的状态,100,本轮最优路径,更新前,0.08278605044061965,0.0,0.0
0,81002,4,不使用 GP 产生的状态,100,本轮最优路径,蒸发和下界保护后,0.08278605044061965,0.0,0.0
0,81002,4,不使用 GP 产生的状态,100,本轮最优路径,沉积后,0.08278605044061965,0.08278610607087561,7.153397185960349e-05
0,81002,4,不使用 GP 产生的状态,100,本轮最优路径,重启和可选上界处理后,0.08278605044061965,0.08278610607087561,7.153397185960349e-05
0,81002,5,不使用 GP 产生的状态,100,本轮最优路径,更新前,0.07829039816424709,0.0,0.0
0,81002,5,不使用 GP 产生的状态,100,本轮最优路径,蒸发和下界保护后,0.07829039816424709,0.0,0.0
0,81002,5,不使用 GP 产生的状态,100,本轮最优路径,沉积后,0.07829039816424709,0.07829036914984348,6.577783022659805e-05
0,81002,5,不使用 GP 产生的状态,100,本轮最优路径,重启和可选上界处理后,0.07829039816424709,0.07829036914984348,6.577783022659805e-05
0,81002,6,不使用 GP 产生的状态,100,本轮最优路径,更新前,0.07256446915458034,0.0,0.0
0,81002,6,不使用 GP 产生的状态,100,本轮最优路径,蒸发和下界保护后,0.07256446915458034,0.0,0.0
0,81002,6,不使用 GP 产生的状态,100,本轮最优路径,沉积后,0.07256446915458034,0.07256444383119254,6.292548726546033e-05
0,81002,6,不使用 GP 产生的状态,100,本轮最优路径,重启和可选上界处理后,0.07256446915458034,0.07256444383119254,6.292548726546033e-05
0,81002,7,不使用 GP 产生的状态,100,本轮最优路径,更新前,0.10245072191719268,0.0,0.0
0,81002,7,不使用 GP 产生的状态,100,本轮最优路径,蒸发和下界保护后,0.10245072191719268,0.0,0.0
0,81002,7,不使用 GP 产生的状态,100,本轮最优路径,沉积后,0.10245072191719268,0.10245070824528522,8.729897490130141e-05
0,81002,7,不使用 GP 产生的状态,100,本轮最优路径,重启和可选上界处理后,0.10245072191719268,0.10245070824528522,8.729897490130141e-05
0,81002,0,不使用 GP 产生的状态,100,历史重启阶段最优路径,更新前,0.05839705713116061,0.0,0.0
0,81002,0,不使用 GP 产生的状态,100,历史重启阶段最优路径,蒸发和下界保护后,0.05839705713116061,0.0,0.0
0,81002,0,不使用 GP 产生的状态,100,历史重启阶段最优路径,沉积后,0.05839705713116061,0.058397117918738056,5.117529981341607e-05
0,81002,0,不使用 GP 产生的状态,100,历史重启阶段最优路径,重启和可选上界处理后,0.05839705713116061,0.058397117918738056,5.117529981341607e-05
0,81002,1,不使用 GP 产生的状态,100,历史重启阶段最优路径,更新前,0.07038371618352929,0.0,0.0
0,81002,1,不使用 GP 产生的状态,100,历史重启阶段最优路径,蒸发和下界保护后,0.07038371618352929,0.0,0.0
0,81002,1,不使用 GP 产生的状态,100,历史重启阶段最优路径,沉积后,0.07038371618352929,0.07038374724978036,6.114198898607415e-05
0,81002,1,不使用 GP 产生的状态,100,历史重启阶段最优路径,重启和可选上界处理后,0.07038371618352929,0.07038374724978036,6.114198898607415e-05
0,81002,2,不使用 GP 产生的状态,100,历史重启阶段最优路径,更新前,0.055898909337113604,0.0,0.0
0,81002,2,不使用 GP 产生的状态,100,历史重启阶段最优路径,蒸发和下界保护后,0.055898909337113604,0.0,0.0
0,81002,2,不使用 GP 产生的状态,100,历史重启阶段最优路径,沉积后,0.055898909337113604,0.05589899797934965,4.836298838022543e-05
0,81002,2,不使用 GP 产生的状态,100,历史重启阶段最优路径,重启和可选上界处理后,0.055898909337113604,0.05589899797934965,4.836298838022543e-05
0,81002,3,不使用 GP 产生的状态,100,历史重启阶段最优路径,更新前,0.08435630702050292,0.0,0.0
0,81002,3,不使用 GP 产生的状态,100,历史重启阶段最优路径,蒸发和下界保护后,0.08435630702050292,0.0,0.0
0,81002,3,不使用 GP 产生的状态,100,历史重启阶段最优路径,沉积后,0.08435630702050292,0.08435625823179894,7.356838787124735e-05
0,81002,3,不使用 GP 产生的状态,100,历史重启阶段最优路径,重启和可选上界处理后,0.08435630702050292,0.08435625823179894,7.356838787124735e-05
0,81002,4,不使用 GP 产生的状态,100,历史重启阶段最优路径,更新前,0.04186695330920399,0.0,0.0
0,81002,4,不使用 GP 产生的状态,100,历史重启阶段最优路径,蒸发和下界保护后,0.04186695330920399,0.0,0.0
0,81002,4,不使用 GP 产生的状态,100,历史重启阶段最优路径,沉积后,0.04186695330920399,0.04186708763591959,3.617659062533255e-05
0,81002,4,不使用 GP 产生的状态,100,历史重启阶段最优路径,重启和可选上界处理后,0.04186695330920399,0.04186708763591959,3.617659062533255e-05
0,81002,5,不使用 GP 产生的状态,100,历史重启阶段最优路径,更新前,0.05091131248095659,0.0,0.0
0,81002,5,不使用 GP 产生的状态,100,历史重启阶段最优路径,蒸发和下界保护后,0.05091131248095659,0.0,0.0
0,81002,5,不使用 GP 产生的状态,100,历史重启阶段最优路径,沉积后,0.05091131248095659,0.05091129903222016,4.277454328957699e-05
0,81002,5,不使用 GP 产生的状态,100,历史重启阶段最优路径,重启和可选上界处理后,0.05091131248095659,0.05091129903222016,4.277454328957699e-05
0,81002,6,不使用 GP 产生的状态,100,历史重启阶段最优路径,更新前,0.05555914304928736,0.0,0.0
0,81002,6,不使用 GP 产生的状态,100,历史重启阶段最优路径,蒸发和下界保护后,0.05555914304928736,0.0,0.0
0,81002,6,不使用 GP 产生的状态,100,历史重启阶段最优路径,沉积后,0.05555914304928736,0.05555910469180289,4.8179013791935985e-05
0,81002,6,不使用 GP 产生的状态,100,历史重启阶段最优路径,重启和可选上界处理后,0.05555914304928736,0.05555910469180289,4.8179013791935985e-05
0,81002,7,不使用 GP 产生的状态,100,历史重启阶段最优路径,更新前,0.07404140414968835,0.0,0.0
0,81002,7,不使用 GP 产生的状态,100,历史重启阶段最优路径,蒸发和下界保护后,0.07404140414968835,0.0,0.0
0,81002,7,不使用 GP 产生的状态,100,历史重启阶段最优路径,沉积后,0.07404140414968835,0.07404140517188704,6.309120632218875e-05
0,81002,7,不使用 GP 产生的状态,100,历史重启阶段最优路径,重启和可选上界处理后,0.07404140414968835,0.07404140517188704,6.309120632218875e-05
0,81002,0,不使用 GP 产生的状态,100,历史全局最优路径,更新前,0.05839705713116061,0.0,0.0
0,81002,0,不使用 GP 产生的状态,100,历史全局最优路径,蒸发和下界保护后,0.05839705713116061,0.0,0.0
0,81002,0,不使用 GP 产生的状态,100,历史全局最优路径,沉积后,0.05839705713116061,0.058397117918738056,5.117529981341607e-05
0,81002,0,不使用 GP 产生的状态,100,历史全局最优路径,重启和可选上界处理后,0.05839705713116061,0.058397117918738056,5.117529981341607e-05
0,81002,1,不使用 GP 产生的状态,100,历史全局最优路径,更新前,0.07038371618352929,0.0,0.0
0,81002,1,不使用 GP 产生的状态,100,历史全局最优路径,蒸发和下界保护后,0.07038371618352929,0.0,0.0
0,81002,1,不使用 GP 产生的状态,100,历史全局最优路径,沉积后,0.07038371618352929,0.07038374724978036,6.114198898607415e-05
0,81002,1,不使用 GP 产生的状态,100,历史全局最优路径,重启和可选上界处理后,0.07038371618352929,0.07038374724978036,6.114198898607415e-05
0,81002,2,不使用 GP 产生的状态,100,历史全局最优路径,更新前,0.055898909337113604,0.0,0.0
0,81002,2,不使用 GP 产生的状态,100,历史全局最优路径,蒸发和下界保护后,0.055898909337113604,0.0,0.0
0,81002,2,不使用 GP 产生的状态,100,历史全局最优路径,沉积后,0.055898909337113604,0.05589899797934965,4.836298838022543e-05
0,81002,2,不使用 GP 产生的状态,100,历史全局最优路径,重启和可选上界处理后,0.055898909337113604,0.05589899797934965,4.836298838022543e-05
0,81002,3,不使用 GP 产生的状态,100,历史全局最优路径,更新前,0.08435630702050292,0.0,0.0
0,81002,3,不使用 GP 产生的状态,100,历史全局最优路径,蒸发和下界保护后,0.08435630702050292,0.0,0.0
0,81002,3,不使用 GP 产生的状态,100,历史全局最优路径,沉积后,0.08435630702050292,0.08435625823179894,7.356838787124735e-05
0,81002,3,不使用 GP 产生的状态,100,历史全局最优路径,重启和可选上界处理后,0.08435630702050292,0.08435625823179894,7.356838787124735e-05
0,81002,4,不使用 GP 产生的状态,100,历史全局最优路径,更新前,0.04186695330920399,0.0,0.0
0,81002,4,不使用 GP 产生的状态,100,历史全局最优路径,蒸发和下界保护后,0.04186695330920399,0.0,0.0
0,81002,4,不使用 GP 产生的状态,100,历史全局最优路径,沉积后,0.04186695330920399,0.04186708763591959,3.617659062533255e-05
0,81002,4,不使用 GP 产生的状态,100,历史全局最优路径,重启和可选上界处理后,0.04186695330920399,0.04186708763591959,3.617659062533255e-05
0,81002,5,不使用 GP 产生的状态,100,历史全局最优路径,更新前,0.05091131248095659,0.0,0.0
0,81002,5,不使用 GP 产生的状态,100,历史全局最优路径,蒸发和下界保护后,0.05091131248095659,0.0,0.0
0,81002,5,不使用 GP 产生的状态,100,历史全局最优路径,沉积后,0.05091131248095659,0.05091129903222016,4.277454328957699e-05
0,81002,5,不使用 GP 产生的状态,100,历史全局最优路径,重启和可选上界处理后,0.05091131248095659,0.05091129903222016,4.277454328957699e-05
0,81002,6,不使用 GP 产生的状态,100,历史全局最优路径,更新前,0.05555914304928736,0.0,0.0
0,81002,6,不使用 GP 产生的状态,100,历史全局最优路径,蒸发和下界保护后,0.05555914304928736,0.0,0.0
0,81002,6,不使用 GP 产生的状态,100,历史全局最优路径,沉积后,0.05555914304928736,0.05555910469180289,4.8179013791935985e-05
0,81002,6,不使用 GP 产生的状态,100,历史全局最优路径,重启和可选上界处理后,0.05555914304928736,0.05555910469180289,4.8179013791935985e-05
0,81002,7,不使用 GP 产生的状态,100,历史全局最优路径,更新前,0.07404140414968835,0.0,0.0
0,81002,7,不使用 GP 产生的状态,100,历史全局最优路径,蒸发和下界保护后,0.07404140414968835,0.0,0.0
0,81002,7,不使用 GP 产生的状态,100,历史全局最优路径,沉积后,0.07404140414968835,0.07404140517188704,6.309120632218875e-05
0,81002,7,不使用 GP 产生的状态,100,历史全局最优路径,重启和可选上界处理后,0.07404140414968835,0.07404140517188704,6.309120632218875e-05
0,81003,0,不使用 GP 产生的状态,100,本轮最优路径,更新前,0.09328104674547086,0.0,0.0
0,81003,0,不使用 GP 产生的状态,100,本轮最优路径,蒸发和下界保护后,0.09328104674547086,0.0,0.0
0,81003,0,不使用 GP 产生的状态,100,本轮最优路径,沉积后,0.09328104674547086,0.09328106272895395,8.174523884399684e-05
0,81003,0,不使用 GP 产生的状态,100,本轮最优路径,重启和可选上界处理后,0.09328104674547086,0.09328106272895395,8.174523884399684e-05
0,81003,1,不使用 GP 产生的状态,100,本轮最优路径,更新前,0.14477742633636684,0.0,0.0
0,81003,1,不使用 GP 产生的状态,100,本轮最优路径,蒸发和下界保护后,0.14477742633636684,0.0,0.0
0,81003,1,不使用 GP 产生的状态,100,本轮最优路径,沉积后,0.14477742633636684,0.14477739029693212,0.00012576735324354595
0,81003,1,不使用 GP 产生的状态,100,本轮最优路径,重启和可选上界处理后,0.14477742633636684,0.14477739029693212,0.00012576735324354595
0,81003,2,不使用 GP 产生的状态,100,本轮最优路径,更新前,0.08601975811703265,0.0,0.0
0,81003,2,不使用 GP 产生的状态,100,本轮最优路径,蒸发和下界保护后,0.08601975811703265,0.0,0.0
0,81003,2,不使用 GP 产生的状态,100,本轮最优路径,沉积后,0.08601975811703265,0.08601982509951328,7.442308363548211e-05
0,81003,2,不使用 GP 产生的状态,100,本轮最优路径,重启和可选上界处理后,0.08601975811703265,0.08601982509951328,7.442308363548211e-05
0,81003,3,不使用 GP 产生的状态,100,本轮最优路径,更新前,0.1331156063776778,0.0,0.0
0,81003,3,不使用 GP 产生的状态,100,本轮最优路径,蒸发和下界保护后,0.1331156063776778,0.0,0.0
0,81003,3,不使用 GP 产生的状态,100,本轮最优路径,沉积后,0.1331156063776778,0.13311554243442225,0.00011609210819423775
0,81003,3,不使用 GP 产生的状态,100,本轮最优路径,重启和可选上界处理后,0.1331156063776778,0.13311554243442225,0.00011609210819423775
0,81003,4,不使用 GP 产生的状态,100,本轮最优路径,更新前,0.09719609971228062,0.0,0.0
0,81003,4,不使用 GP 产生的状态,100,本轮最优路径,蒸发和下界保护后,0.09719609971228062,0.0,0.0
0,81003,4,不使用 GP 产生的状态,100,本轮最优路径,沉积后,0.09719609971228062,0.0971961084700371,8.398539342104199e-05
0,81003,4,不使用 GP 产生的状态,100,本轮最优路径,重启和可选上界处理后,0.09719609971228062,0.0971961084700371,8.398539342104199e-05
0,81003,5,不使用 GP 产生的状态,100,本轮最优路径,更新前,0.10459991505419439,0.0,0.0
0,81003,5,不使用 GP 产生的状态,100,本轮最优路径,蒸发和下界保护后,0.10459991505419439,0.0,0.0
0,81003,5,不使用 GP 产生的状态,100,本轮最优路径,沉积后,0.10459991505419439,0.1045999174201758,8.788252864936522e-05
0,81003,5,不使用 GP 产生的状态,100,本轮最优路径,重启和可选上界处理后,0.10459991505419439,0.1045999174201758,8.788252864936522e-05
0,81003,6,不使用 GP 产生的状态,100,本轮最优路径,更新前,0.1056443715425929,0.0,0.0
0,81003,6,不使用 GP 产生的状态,100,本轮最优路径,蒸发和下界保护后,0.1056443715425929,0.0,0.0
0,81003,6,不使用 GP 产生的状态,100,本轮最优路径,沉积后,0.1056443715425929,0.10564440828633206,9.161133907059713e-05
0,81003,6,不使用 GP 产生的状态,100,本轮最优路径,重启和可选上界处理后,0.1056443715425929,0.10564440828633206,9.161133907059713e-05
0,81003,7,不使用 GP 产生的状态,100,本轮最优路径,更新前,0.14324822977777793,0.0,0.0
0,81003,7,不使用 GP 产生的状态,100,本轮最优路径,蒸发和下界保护后,0.14324822977777793,0.0,0.0
0,81003,7,不使用 GP 产生的状态,100,本轮最优路径,沉积后,0.14324822977777793,0.1432482288833541,0.0001220628315033567
0,81003,7,不使用 GP 产生的状态,100,本轮最优路径,重启和可选上界处理后,0.14324822977777793,0.1432482288833541,0.0001220628315033567
0,81003,0,不使用 GP 产生的状态,100,历史重启阶段最优路径,更新前,0.07112369398582057,0.0,0.0
0,81003,0,不使用 GP 产生的状态,100,历史重启阶段最优路径,蒸发和下界保护后,0.07112369398582057,0.0,0.0
0,81003,0,不使用 GP 产生的状态,100,历史重启阶段最优路径,沉积后,0.07112369398582057,0.07112373627283096,6.232805072122494e-05
0,81003,0,不使用 GP 产生的状态,100,历史重启阶段最优路径,重启和可选上界处理后,0.07112369398582057,0.07112373627283096,6.232805072122494e-05
0,81003,1,不使用 GP 产生的状态,100,历史重启阶段最优路径,更新前,0.09997943256587433,0.0,0.0
0,81003,1,不使用 GP 产生的状态,100,历史重启阶段最优路径,蒸发和下界保护后,0.09997943256587433,0.0,0.0
0,81003,1,不使用 GP 产生的状态,100,历史重启阶段最优路径,沉积后,0.09997943256587433,0.09997947080126025,8.685163750759595e-05
0,81003,1,不使用 GP 产生的状态,100,历史重启阶段最优路径,重启和可选上界处理后,0.09997943256587433,0.09997947080126025,8.685163750759595e-05
0,81003,2,不使用 GP 产生的状态,100,历史重启阶段最优路径,更新前,0.07083768609280601,0.0,0.0
0,81003,2,不使用 GP 产生的状态,100,历史重启阶段最优路径,蒸发和下界保护后,0.07083768609280601,0.0,0.0
0,81003,2,不使用 GP 产生的状态,100,历史重启阶段最优路径,沉积后,0.07083768609280601,0.07083777936747529,6.128780164710277e-05
0,81003,2,不使用 GP 产生的状态,100,历史重启阶段最优路径,重启和可选上界处理后,0.07083768609280601,0.07083777936747529,6.128780164710277e-05
0,81003,3,不使用 GP 产生的状态,100,历史重启阶段最优路径,更新前,0.10259116372039336,0.0,0.0
0,81003,3,不使用 GP 产生的状态,100,历史重启阶段最优路径,蒸发和下界保护后,0.10259116372039336,0.0,0.0
0,81003,3,不使用 GP 产生的状态,100,历史重启阶段最优路径,沉积后,0.10259116372039336,0.10259112190150423,8.947129242571346e-05
0,81003,3,不使用 GP 产生的状态,100,历史重启阶段最优路径,重启和可选上界处理后,0.10259116372039336,0.10259112190150423,8.947129242571346e-05
0,81003,4,不使用 GP 产生的状态,100,历史重启阶段最优路径,更新前,0.057412688952222526,0.0,0.0
0,81003,4,不使用 GP 产生的状态,100,历史重启阶段最优路径,蒸发和下界保护后,0.057412688952222526,0.0,0.0
0,81003,4,不使用 GP 产生的状态,100,历史重启阶段最优路径,沉积后,0.057412688952222526,0.05741285460950357,4.960940574375654e-05
0,81003,4,不使用 GP 产生的状态,100,历史重启阶段最优路径,重启和可选上界处理后,0.057412688952222526,0.05741285460950357,4.960940574375654e-05
0,81003,5,不使用 GP 产生的状态,100,历史重启阶段最优路径,更新前,0.08299414852152522,0.0,0.0
0,81003,5,不使用 GP 产生的状态,100,历史重启阶段最优路径,蒸发和下界保护后,0.08299414852152522,0.0,0.0
0,81003,5,不使用 GP 产生的状态,100,历史重启阶段最优路径,沉积后,0.08299414852152522,0.08299411278275341,6.972981121065512e-05
0,81003,5,不使用 GP 产生的状态,100,历史重启阶段最优路径,重启和可选上界处理后,0.08299414852152522,0.08299411278275341,6.972981121065512e-05
0,81003,6,不使用 GP 产生的状态,100,历史重启阶段最优路径,更新前,0.08386326155312139,0.0,0.0
0,81003,6,不使用 GP 产生的状态,100,历史重启阶段最优路径,蒸发和下界保护后,0.08386326155312139,0.0,0.0
0,81003,6,不使用 GP 产生的状态,100,历史重启阶段最优路径,沉积后,0.08386326155312139,0.08386327570442634,7.27234526044587e-05
0,81003,6,不使用 GP 产生的状态,100,历史重启阶段最优路径,重启和可选上界处理后,0.08386326155312139,0.08386327570442634,7.27234526044587e-05
0,81003,7,不使用 GP 产生的状态,100,历史重启阶段最优路径,更新前,0.11367035504166056,0.0,0.0
0,81003,7,不使用 GP 产生的状态,100,历史重启阶段最优路径,蒸发和下界保护后,0.11367035504166056,0.0,0.0
0,81003,7,不使用 GP 产生的状态,100,历史重启阶段最优路径,沉积后,0.11367035504166056,0.11367035401946188,9.685931461604824e-05
0,81003,7,不使用 GP 产生的状态,100,历史重启阶段最优路径,重启和可选上界处理后,0.11367035504166056,0.11367035401946188,9.685931461604824e-05
0,81003,0,不使用 GP 产生的状态,100,历史全局最优路径,更新前,0.07112369398582057,0.0,0.0
0,81003,0,不使用 GP 产生的状态,100,历史全局最优路径,蒸发和下界保护后,0.07112369398582057,0.0,0.0
0,81003,0,不使用 GP 产生的状态,100,历史全局最优路径,沉积后,0.07112369398582057,0.07112373627283096,6.232805072122494e-05
0,81003,0,不使用 GP 产生的状态,100,历史全局最优路径,重启和可选上界处理后,0.07112369398582057,0.07112373627283096,6.232805072122494e-05
0,81003,1,不使用 GP 产生的状态,100,历史全局最优路径,更新前,0.09997943256587433,0.0,0.0
0,81003,1,不使用 GP 产生的状态,100,历史全局最优路径,蒸发和下界保护后,0.09997943256587433,0.0,0.0
0,81003,1,不使用 GP 产生的状态,100,历史全局最优路径,沉积后,0.09997943256587433,0.09997947080126025,8.685163750759595e-05
0,81003,1,不使用 GP 产生的状态,100,历史全局最优路径,重启和可选上界处理后,0.09997943256587433,0.09997947080126025,8.685163750759595e-05
0,81003,2,不使用 GP 产生的状态,100,历史全局最优路径,更新前,0.07083768609280601,0.0,0.0
0,81003,2,不使用 GP 产生的状态,100,历史全局最优路径,蒸发和下界保护后,0.07083768609280601,0.0,0.0
0,81003,2,不使用 GP 产生的状态,100,历史全局最优路径,沉积后,0.07083768609280601,0.07083777936747529,6.128780164710277e-05
0,81003,2,不使用 GP 产生的状态,100,历史全局最优路径,重启和可选上界处理后,0.07083768609280601,0.07083777936747529,6.128780164710277e-05
0,81003,3,不使用 GP 产生的状态,100,历史全局最优路径,更新前,0.10259116372039336,0.0,0.0
0,81003,3,不使用 GP 产生的状态,100,历史全局最优路径,蒸发和下界保护后,0.10259116372039336,0.0,0.0
0,81003,3,不使用 GP 产生的状态,100,历史全局最优路径,沉积后,0.10259116372039336,0.10259112190150423,8.947129242571346e-05
0,81003,3,不使用 GP 产生的状态,100,历史全局最优路径,重启和可选上界处理后,0.10259116372039336,0.10259112190150423,8.947129242571346e-05
0,81003,4,不使用 GP 产生的状态,100,历史全局最优路径,更新前,0.057412688952222526,0.0,0.0
0,81003,4,不使用 GP 产生的状态,100,历史全局最优路径,蒸发和下界保护后,0.057412688952222526,0.0,0.0
0,81003,4,不使用 GP 产生的状态,100,历史全局最优路径,沉积后,0.057412688952222526,0.05741285460950357,4.960940574375654e-05
0,81003,4,不使用 GP 产生的状态,100,历史全局最优路径,重启和可选上界处理后,0.057412688952222526,0.05741285460950357,4.960940574375654e-05
0,81003,5,不使用 GP 产生的状态,100,历史全局最优路径,更新前,0.08299414852152522,0.0,0.0
0,81003,5,不使用 GP 产生的状态,100,历史全局最优路径,蒸发和下界保护后,0.08299414852152522,0.0,0.0
0,81003,5,不使用 GP 产生的状态,100,历史全局最优路径,沉积后,0.08299414852152522,0.08299411278275341,6.972981121065512e-05
0,81003,5,不使用 GP 产生的状态,100,历史全局最优路径,重启和可选上界处理后,0.08299414852152522,0.08299411278275341,6.972981121065512e-05
0,81003,6,不使用 GP 产生的状态,100,历史全局最优路径,更新前,0.08386326155312139,0.0,0.0
0,81003,6,不使用 GP 产生的状态,100,历史全局最优路径,蒸发和下界保护后,0.08386326155312139,0.0,0.0
0,81003,6,不使用 GP 产生的状态,100,历史全局最优路径,沉积后,0.08386326155312139,0.08386327570442634,7.27234526044587e-05
0,81003,6,不使用 GP 产生的状态,100,历史全局最优路径,重启和可选上界处理后,0.08386326155312139,0.08386327570442634,7.27234526044587e-05
0,81003,7,不使用 GP 产生的状态,100,历史全局最优路径,更新前,0.11367035504166056,0.0,0.0
0,81003,7,不使用 GP 产生的状态,100,历史全局最优路径,蒸发和下界保护后,0.11367035504166056,0.0,0.0
0,81003,7,不使用 GP 产生的状态,100,历史全局最优路径,沉积后,0.11367035504166056,0.11367035401946188,9.685931461604824e-05
0,81003,7,不使用 GP 产生的状态,100,历史全局最优路径,重启和可选上界处理后,0.11367035504166056,0.11367035401946188,9.685931461604824e-05
0,81001,0,不使用 GP 产生的状态,100,本轮最优路径,更新前,0.10276479446297913,0.0,0.0
0,81001,0,不使用 GP 产生的状态,100,本轮最优路径,蒸发和下界保护后,0.10276479446297913,0.0,0.0
0,81001,0,不使用 GP 产生的状态,100,本轮最优路径,沉积后,0.10276479446297913,0.10276477180922357,9.00561225455071e-05
0,81001,0,不使用 GP 产生的状态,100,本轮最优路径,重启和可选上界处理后,0.10276479446297913,0.10276477180922357,9.00561225455071e-05
0,81001,1,不使用 GP 产生的状态,100,本轮最优路径,更新前,0.15903366488187193,0.0,0.0
0,81001,1,不使用 GP 产生的状态,100,本轮最优路径,蒸发和下界保护后,0.15903366488187193,0.0,0.0
0,81001,1,不使用 GP 产生的状态,100,本轮最优路径,沉积后,0.15903366488187193,0.15903360972474423,0.0001381516556613327
0,81001,1,不使用 GP 产生的状态,100,本轮最优路径,重启和可选上界处理后,0.15903366488187193,0.15903360972474423,0.0001381516556613327
0,81001,2,不使用 GP 产生的状态,100,本轮最优路径,更新前,0.09446916497787682,0.0,0.0
0,81001,2,不使用 GP 产生的状态,100,本轮最优路径,蒸发和下界保护后,0.09446916497787682,0.0,0.0
0,81001,2,不使用 GP 产生的状态,100,本轮最优路径,沉积后,0.09446916497787682,0.09446926901982336,8.173341786165704e-05
0,81001,2,不使用 GP 产生的状态,100,本轮最优路径,重启和可选上界处理后,0.09446916497787682,0.09446926901982336,8.173341786165704e-05
0,81001,3,不使用 GP 产生的状态,100,本轮最优路径,更新前,0.14418099135413523,0.0,0.0
0,81001,3,不使用 GP 产生的状态,100,本轮最优路径,蒸发和下界保护后,0.14418099135413523,0.0,0.0
0,81001,3,不使用 GP 产生的状态,100,本轮最优路径,沉积后,0.14418099135413523,0.14418093956009823,0.0001257424109074542
0,81001,3,不使用 GP 产生的状态,100,本轮最优路径,重启和可选上界处理后,0.14418099135413523,0.14418093956009823,0.0001257424109074542
0,81001,4,不使用 GP 产生的状态,100,本轮最优路径,更新前,0.1077693867243219,0.0,0.0
0,81001,4,不使用 GP 产生的状态,100,本轮最优路径,蒸发和下界保护后,0.1077693867243219,0.0,0.0
0,81001,4,不使用 GP 产生的状态,100,本轮最优路径,沉积后,0.1077693867243219,0.1077693623012827,9.312155017397875e-05
0,81001,4,不使用 GP 产生的状态,100,本轮最优路径,重启和可选上界处理后,0.1077693867243219,0.1077693623012827,9.312155017397875e-05
0,81001,5,不使用 GP 产生的状态,100,本轮最优路径,更新前,0.11480604743871824,0.0,0.0
0,81001,5,不使用 GP 产生的状态,100,本轮最优路径,蒸发和下界保护后,0.11480604743871824,0.0,0.0
0,81001,5,不使用 GP 产生的状态,100,本轮最优路径,沉积后,0.11480604743871824,0.11480604071435002,9.645748687993657e-05
0,81001,5,不使用 GP 产生的状态,100,本轮最优路径,重启和可选上界处理后,0.11480604743871824,0.11480604071435002,9.645748687993657e-05
0,81001,6,不使用 GP 产生的状态,100,本轮最优路径,更新前,0.11455684924887535,0.0,0.0
0,81001,6,不使用 GP 产生的状态,100,本轮最优路径,蒸发和下界保护后,0.11455684924887535,0.0,0.0
0,81001,6,不使用 GP 产生的状态,100,本轮最优路径,沉积后,0.11455684924887535,0.11455681089139087,9.933988003390858e-05
0,81001,6,不使用 GP 产生的状态,100,本轮最优路径,重启和可选上界处理后,0.11455684924887535,0.11455681089139087,9.933988003390858e-05
0,81001,7,不使用 GP 产生的状态,100,本轮最优路径,更新前,0.15641438322097162,0.0,0.0
0,81001,7,不使用 GP 产生的状态,100,本轮最优路径,蒸发和下界保护后,0.15641438322097162,0.0,0.0
0,81001,7,不使用 GP 产生的状态,100,本轮最优路径,沉积后,0.15641438322097162,0.15641437696000465,0.00013328179963131232
0,81001,7,不使用 GP 产生的状态,100,本轮最优路径,重启和可选上界处理后,0.15641438322097162,0.15641437696000465,0.00013328179963131232
0,81001,0,不使用 GP 产生的状态,100,历史重启阶段最优路径,更新前,0.07690830485924063,0.0,0.0
0,81001,0,不使用 GP 产生的状态,100,历史重启阶段最优路径,蒸发和下界保护后,0.07690830485924063,0.0,0.0
0,81001,0,不使用 GP 产生的状态,100,历史重启阶段最优路径,沉积后,0.07690830485924063,0.07690834733503234,6.739729413532793e-05
0,81001,0,不使用 GP 产生的状态,100,历史重启阶段最优路径,重启和可选上界处理后,0.07690830485924063,0.07690834733503234,6.739729413532793e-05
0,81001,1,不使用 GP 产生的状态,100,历史重启阶段最优路径,更新前,0.10706902581209314,0.0,0.0
0,81001,1,不使用 GP 产生的状态,100,历史重启阶段最优路径,蒸发和下界保护后,0.10706902581209314,0.0,0.0
0,81001,1,不使用 GP 产生的状态,100,历史重启阶段最优路径,沉积后,0.10706902581209314,0.10706909388658094,9.30103555857876e-05
0,81001,1,不使用 GP 产生的状态,100,历史重启阶段最优路径,重启和可选上界处理后,0.10706902581209314,0.10706909388658094,9.30103555857876e-05
0,81001,2,不使用 GP 产生的状态,100,历史重启阶段最优路径,更新前,0.07577967842824339,0.0,0.0
0,81001,2,不使用 GP 产生的状态,100,历史重启阶段最优路径,蒸发和下界保护后,0.07577967842824339,0.0,0.0
0,81001,2,不使用 GP 产生的状态,100,历史重启阶段最优路径,沉积后,0.07577967842824339,0.07577983943659868,6.556359910926279e-05
0,81001,2,不使用 GP 产生的状态,100,历史重启阶段最优路径,重启和可选上界处理后,0.07577967842824339,0.07577983943659868,6.556359910926279e-05
0,81001,3,不使用 GP 产生的状态,100,历史重启阶段最优路径,更新前,0.11075782431159817,0.0,0.0
0,81001,3,不使用 GP 产生的状态,100,历史重启阶段最优路径,蒸发和下界保护后,0.11075782431159817,0.0,0.0
0,81001,3,不使用 GP 产生的状态,100,历史重启阶段最优路径,沉积后,0.11075782431159817,0.11075780026893407,9.659357800770153e-05
0,81001,3,不使用 GP 产生的状态,100,历史重启阶段最优路径,重启和可选上界处理后,0.11075782431159817,0.11075780026893407,9.659357800770153e-05
0,81001,4,不使用 GP 产生的状态,100,历史重启阶段最优路径,更新前,0.062287214641012625,0.0,0.0
0,81001,4,不使用 GP 产生的状态,100,历史重启阶段最优路径,蒸发和下界保护后,0.062287214641012625,0.0,0.0
0,81001,4,不使用 GP 产生的状态,100,历史重启阶段最优路径,沉积后,0.062287214641012625,0.06228727631535404,5.382130507913085e-05
0,81001,4,不使用 GP 产生的状态,100,历史重启阶段最优路径,重启和可选上界处理后,0.062287214641012625,0.06228727631535404,5.382130507913085e-05
0,81001,5,不使用 GP 产生的状态,100,历史重启阶段最优路径,更新前,0.08930584599457816,0.0,0.0
0,81001,5,不使用 GP 产生的状态,100,历史重启阶段最优路径,蒸发和下界保护后,0.08930584599457816,0.0,0.0
0,81001,5,不使用 GP 产生的状态,100,历史重启阶段最优路径,沉积后,0.08930584599457816,0.08930584387764744,7.503278756527242e-05
0,81001,5,不使用 GP 产生的状态,100,历史重启阶段最优路径,重启和可选上界处理后,0.08930584599457816,0.08930584387764744,7.503278756527242e-05
0,81001,6,不使用 GP 产生的状态,100,历史重启阶段最优路径,更新前,0.09006725136568336,0.0,0.0
0,81001,6,不使用 GP 产生的状态,100,历史重启阶段最优路径,蒸发和下界保护后,0.09006725136568336,0.0,0.0
0,81001,6,不使用 GP 产生的状态,100,历史重启阶段最优路径,沉积后,0.09006725136568336,0.09006728773701976,7.810336617473182e-05
0,81001,6,不使用 GP 产生的状态,100,历史重启阶段最优路径,重启和可选上界处理后,0.09006725136568336,0.09006728773701976,7.810336617473182e-05
0,81001,7,不使用 GP 产生的状态,100,历史重启阶段最优路径,更新前,0.12172655148938683,0.0,0.0
0,81001,7,不使用 GP 产生的状态,100,历史重启阶段最优路径,蒸发和下界保护后,0.12172655148938683,0.0,0.0
0,81001,7,不使用 GP 产生的状态,100,历史重启阶段最优路径,沉积后,0.12172655148938683,0.12172657429719506,0.00010372407703566333
0,81001,7,不使用 GP 产生的状态,100,历史重启阶段最优路径,重启和可选上界处理后,0.12172655148938683,0.12172657429719506,0.00010372407703566333
0,81001,0,不使用 GP 产生的状态,100,历史全局最优路径,更新前,0.07690830485924063,0.0,0.0
0,81001,0,不使用 GP 产生的状态,100,历史全局最优路径,蒸发和下界保护后,0.07690830485924063,0.0,0.0
0,81001,0,不使用 GP 产生的状态,100,历史全局最优路径,沉积后,0.07690830485924063,0.07690834733503234,6.739729413532793e-05
0,81001,0,不使用 GP 产生的状态,100,历史全局最优路径,重启和可选上界处理后,0.07690830485924063,0.07690834733503234,6.739729413532793e-05
0,81001,1,不使用 GP 产生的状态,100,历史全局最优路径,更新前,0.10706902581209314,0.0,0.0
0,81001,1,不使用 GP 产生的状态,100,历史全局最优路径,蒸发和下界保护后,0.10706902581209314,0.0,0.0
0,81001,1,不使用 GP 产生的状态,100,历史全局最优路径,沉积后,0.10706902581209314,0.10706909388658094,9.30103555857876e-05
0,81001,1,不使用 GP 产生的状态,100,历史全局最优路径,重启和可选上界处理后,0.10706902581209314,0.10706909388658094,9.30103555857876e-05
0,81001,2,不使用 GP 产生的状态,100,历史全局最优路径,更新前,0.07577967842824339,0.0,0.0
0,81001,2,不使用 GP 产生的状态,100,历史全局最优路径,蒸发和下界保护后,0.07577967842824339,0.0,0.0
0,81001,2,不使用 GP 产生的状态,100,历史全局最优路径,沉积后,0.07577967842824339,0.07577983943659868,6.556359910926279e-05
0,81001,2,不使用 GP 产生的状态,100,历史全局最优路径,重启和可选上界处理后,0.07577967842824339,0.07577983943659868,6.556359910926279e-05
0,81001,3,不使用 GP 产生的状态,100,历史全局最优路径,更新前,0.11075782431159817,0.0,0.0
0,81001,3,不使用 GP 产生的状态,100,历史全局最优路径,蒸发和下界保护后,0.11075782431159817,0.0,0.0
0,81001,3,不使用 GP 产生的状态,100,历史全局最优路径,沉积后,0.11075782431159817,0.11075780026893407,9.659357800770153e-05
0,81001,3,不使用 GP 产生的状态,100,历史全局最优路径,重启和可选上界处理后,0.11075782431159817,0.11075780026893407,9.659357800770153e-05
0,81001,4,不使用 GP 产生的状态,100,历史全局最优路径,更新前,0.062287214641012625,0.0,0.0
0,81001,4,不使用 GP 产生的状态,100,历史全局最优路径,蒸发和下界保护后,0.062287214641012625,0.0,0.0
0,81001,4,不使用 GP 产生的状态,100,历史全局最优路径,沉积后,0.062287214641012625,0.06228727631535404,5.382130507913085e-05
0,81001,4,不使用 GP 产生的状态,100,历史全局最优路径,重启和可选上界处理后,0.062287214641012625,0.06228727631535404,5.382130507913085e-05
0,81001,5,不使用 GP 产生的状态,100,历史全局最优路径,更新前,0.08930584599457816,0.0,0.0
0,81001,5,不使用 GP 产生的状态,100,历史全局最优路径,蒸发和下界保护后,0.08930584599457816,0.0,0.0
0,81001,5,不使用 GP 产生的状态,100,历史全局最优路径,沉积后,0.08930584599457816,0.08930584387764744,7.503278756527242e-05
0,81001,5,不使用 GP 产生的状态,100,历史全局最优路径,重启和可选上界处理后,0.08930584599457816,0.08930584387764744,7.503278756527242e-05
0,81001,6,不使用 GP 产生的状态,100,历史全局最优路径,更新前,0.09006725136568336,0.0,0.0
0,81001,6,不使用 GP 产生的状态,100,历史全局最优路径,蒸发和下界保护后,0.09006725136568336,0.0,0.0
0,81001,6,不使用 GP 产生的状态,100,历史全局最优路径,沉积后,0.09006725136568336,0.09006728773701976,7.810336617473182e-05
0,81001,6,不使用 GP 产生的状态,100,历史全局最优路径,重启和可选上界处理后,0.09006725136568336,0.09006728773701976,7.810336617473182e-05
0,81001,7,不使用 GP 产生的状态,100,历史全局最优路径,更新前,0.12172655148938683,0.0,0.0
0,81001,7,不使用 GP 产生的状态,100,历史全局最优路径,蒸发和下界保护后,0.12172655148938683,0.0,0.0
0,81001,7,不使用 GP 产生的状态,100,历史全局最优路径,沉积后,0.12172655148938683,0.12172657429719506,0.00010372407703566333
0,81001,7,不使用 GP 产生的状态,100,历史全局最优路径,重启和可选上界处理后,0.12172655148938683,0.12172657429719506,0.00010372407703566333
0,81001,0,GP 表达式自身产生的状态,100,本轮最优路径,更新前,0.035197141035544346,0.0,0.0
0,81001,0,GP 表达式自身产生的状态,100,本轮最优路径,蒸发和下界保护后,0.035197141035544346,0.0,0.0
0,81001,0,GP 表达式自身产生的状态,100,本轮最优路径,沉积后,0.035197141035544346,0.035197061413866464,3.110572885388094e-05
0,81001,0,GP 表达式自身产生的状态,100,本轮最优路径,重启和可选上界处理后,0.035197141035544346,0.035197061413866464,3.110572885388094e-05
0,81001,1,GP 表达式自身产生的状态,100,本轮最优路径,更新前,0.05303373190671855,0.0,0.0
0,81001,1,GP 表达式自身产生的状态,100,本轮最优路径,蒸发和下界保护后,0.05303373190671855,0.0,0.0
0,81001,1,GP 表达式自身产生的状态,100,本轮最优路径,沉积后,0.05303373190671855,0.05303373845903953,4.677283043693135e-05
0,81001,1,GP 表达式自身产生的状态,100,本轮最优路径,重启和可选上界处理后,0.05303373190671855,0.05303373845903953,4.677283043693135e-05
0,81001,2,GP 表达式自身产生的状态,100,本轮最优路径,更新前,0.020695223188531148,0.0,0.0
0,81001,2,GP 表达式自身产生的状态,100,本轮最优路径,蒸发和下界保护后,0.020695223188531148,0.0,0.0
0,81001,2,GP 表达式自身产生的状态,100,本轮最优路径,沉积后,0.020695223188531148,0.020695254313541946,1.8257531465605504e-05
0,81001,2,GP 表达式自身产生的状态,100,本轮最优路径,重启和可选上界处理后,0.020695223188531148,0.020695254313541946,1.8257531465605504e-05
0,81001,3,GP 表达式自身产生的状态,100,本轮最优路径,更新前,0.037112814473937814,0.0,0.0
0,81001,3,GP 表达式自身产生的状态,100,本轮最优路径,蒸发和下界保护后,0.037112814473937814,0.0,0.0
0,81001,3,GP 表达式自身产生的状态,100,本轮最优路径,沉积后,0.037112814473937814,0.03711281409793629,3.3023637018375134e-05
0,81001,3,GP 表达式自身产生的状态,100,本轮最优路径,重启和可选上界处理后,0.037112814473937814,0.03711281409793629,3.3023637018375134e-05
0,81001,4,GP 表达式自身产生的状态,100,本轮最优路径,更新前,0.046334006791246364,0.0,0.0
0,81001,4,GP 表达式自身产生的状态,100,本轮最优路径,蒸发和下界保护后,0.046334006791246364,0.0,0.0
0,81001,4,GP 表达式自身产生的状态,100,本轮最优路径,沉积后,0.046334006791246364,0.04633400582056245,4.0698990581477693e-05
0,81001,4,GP 表达式自身产生的状态,100,本轮最优路径,重启和可选上界处理后,0.046334006791246364,0.04633400582056245,4.0698990581477693e-05
0,81001,5,GP 表达式自身产生的状态,100,本轮最优路径,更新前,0.08608967580034997,0.0,0.0
0,81001,5,GP 表达式自身产生的状态,100,本轮最优路径,蒸发和下界保护后,0.08608967580034997,0.0,0.0
0,81001,5,GP 表达式自身产生的状态,100,本轮最优路径,沉积后,0.08608967580034997,0.08608969325806429,7.274792108761841e-05
0,81001,5,GP 表达式自身产生的状态,100,本轮最优路径,重启和可选上界处理后,0.08608967580034997,0.08608969325806429,7.274792108761841e-05
0,81001,6,GP 表达式自身产生的状态,100,本轮最优路径,更新前,0.05651638233495427,0.0,0.0
0,81001,6,GP 表达式自身产生的状态,100,本轮最优路径,蒸发和下界保护后,0.05651638233495427,0.0,0.0
0,81001,6,GP 表达式自身产生的状态,100,本轮最优路径,沉积后,0.05651638233495427,0.05651636284235111,4.962395583585207e-05
0,81001,6,GP 表达式自身产生的状态,100,本轮最优路径,重启和可选上界处理后,0.05651638233495427,0.05651636284235111,4.962395583585207e-05
0,81001,7,GP 表达式自身产生的状态,100,本轮最优路径,更新前,0.10385260886050272,0.0,0.0
0,81001,7,GP 表达式自身产生的状态,100,本轮最优路径,蒸发和下界保护后,0.10385260886050272,0.0,0.0
0,81001,7,GP 表达式自身产生的状态,100,本轮最优路径,沉积后,0.10385260886050272,0.10385265744549609,8.890750476886686e-05
0,81001,7,GP 表达式自身产生的状态,100,本轮最优路径,重启和可选上界处理后,0.10385260886050272,0.10385265744549609,8.890750476886686e-05
0,81001,0,GP 表达式自身产生的状态,100,历史重启阶段最优路径,更新前,0.035197141035544346,0.0,0.0
0,81001,0,GP 表达式自身产生的状态,100,历史重启阶段最优路径,蒸发和下界保护后,0.035197141035544346,0.0,0.0
0,81001,0,GP 表达式自身产生的状态,100,历史重启阶段最优路径,沉积后,0.035197141035544346,0.035197061413866464,3.110572885388094e-05
0,81001,0,GP 表达式自身产生的状态,100,历史重启阶段最优路径,重启和可选上界处理后,0.035197141035544346,0.035197061413866464,3.110572885388094e-05
0,81001,1,GP 表达式自身产生的状态,100,历史重启阶段最优路径,更新前,0.02926766437135631,0.0,0.0
0,81001,1,GP 表达式自身产生的状态,100,历史重启阶段最优路径,蒸发和下界保护后,0.02926766437135631,0.0,0.0
0,81001,1,GP 表达式自身产生的状态,100,历史重启阶段最优路径,沉积后,0.02926766437135631,0.029267732566386376,2.5812524863928584e-05
0,81001,1,GP 表达式自身产生的状态,100,历史重启阶段最优路径,重启和可选上界处理后,0.02926766437135631,0.029267732566386376,2.5812524863928584e-05
0,81001,2,GP 表达式自身产生的状态,100,历史重启阶段最优路径,更新前,0.020695223188531148,0.0,0.0
0,81001,2,GP 表达式自身产生的状态,100,历史重启阶段最优路径,蒸发和下界保护后,0.020695223188531148,0.0,0.0
0,81001,2,GP 表达式自身产生的状态,100,历史重启阶段最优路径,沉积后,0.020695223188531148,0.020695254313541946,1.8257531465605504e-05
0,81001,2,GP 表达式自身产生的状态,100,历史重启阶段最优路径,重启和可选上界处理后,0.020695223188531148,0.020695254313541946,1.8257531465605504e-05
0,81001,3,GP 表达式自身产生的状态,100,历史重启阶段最优路径,更新前,0.03712395865776416,0.0,0.0
0,81001,3,GP 表达式自身产生的状态,100,历史重启阶段最优路径,蒸发和下界保护后,0.03712395865776416,0.0,0.0
0,81001,3,GP 表达式自身产生的状态,100,历史重启阶段最优路径,沉积后,0.03712395865776416,0.037123999829931004,3.3033590280130046e-05
0,81001,3,GP 表达式自身产生的状态,100,历史重启阶段最优路径,重启和可选上界处理后,0.03712395865776416,0.037123999829931004,3.3033590280130046e-05
0,81001,4,GP 表达式自身产生的状态,100,历史重启阶段最优路径,更新前,0.034093580677780275,0.0,0.0
0,81001,4,GP 表达式自身产生的状态,100,历史重启阶段最优路径,蒸发和下界保护后,0.034093580677780275,0.0,0.0
0,81001,4,GP 表达式自身产生的状态,100,历史重启阶段最优路径,沉积后,0.034093580677780275,0.03409350083902812,2.994714238416702e-05
0,81001,4,GP 表达式自身产生的状态,100,历史重启阶段最优路径,重启和可选上界处理后,0.034093580677780275,0.03409350083902812,2.994714238416702e-05
0,81001,5,GP 表达式自身产生的状态,100,历史重启阶段最优路径,更新前,0.07251477679379684,0.0,0.0
0,81001,5,GP 表达式自身产生的状态,100,历史重启阶段最优路径,蒸发和下界保护后,0.07251477679379684,0.0,0.0
0,81001,5,GP 表达式自身产生的状态,100,历史重启阶段最优路径,沉积后,0.07251477679379684,0.07251468653369941,6.127670449276224e-05
0,81001,5,GP 表达式自身产生的状态,100,历史重启阶段最优路径,重启和可选上界处理后,0.07251477679379684,0.07251468653369941,6.127670449276224e-05
0,81001,6,GP 表达式自身产生的状态,100,历史重启阶段最优路径,更新前,0.03978670752039714,0.0,0.0
0,81001,6,GP 表达式自身产生的状态,100,历史重启阶段最优路径,蒸发和下界保护后,0.03978670752039714,0.0,0.0
0,81001,6,GP 表达式自身产生的状态,100,历史重启阶段最优路径,沉积后,0.03978670752039714,0.03978673945639162,3.493458004620588e-05
0,81001,6,GP 表达式自身产生的状态,100,历史重启阶段最优路径,重启和可选上界处理后,0.03978670752039714,0.03978673945639162,3.493458004620588e-05
0,81001,7,GP 表达式自身产生的状态,100,历史重启阶段最优路径,更新前,0.09243670235142007,0.0,0.0
0,81001,7,GP 表达式自身产生的状态,100,历史重启阶段最优路径,蒸发和下界保护后,0.09243670235142007,0.0,0.0
0,81001,7,GP 表达式自身产生的状态,100,历史重启阶段最优路径,沉积后,0.09243670235142007,0.09243670642136716,7.913439211980859e-05
0,81001,7,GP 表达式自身产生的状态,100,历史重启阶段最优路径,重启和可选上界处理后,0.09243670235142007,0.09243670642136716,7.913439211980859e-05
0,81001,0,GP 表达式自身产生的状态,100,历史全局最优路径,更新前,0.035197141035544346,0.0,0.0
0,81001,0,GP 表达式自身产生的状态,100,历史全局最优路径,蒸发和下界保护后,0.035197141035544346,0.0,0.0
0,81001,0,GP 表达式自身产生的状态,100,历史全局最优路径,沉积后,0.035197141035544346,0.035197061413866464,3.110572885388094e-05
0,81001,0,GP 表达式自身产生的状态,100,历史全局最优路径,重启和可选上界处理后,0.035197141035544346,0.035197061413866464,3.110572885388094e-05
0,81001,1,GP 表达式自身产生的状态,100,历史全局最优路径,更新前,0.02926766437135631,0.0,0.0
0,81001,1,GP 表达式自身产生的状态,100,历史全局最优路径,蒸发和下界保护后,0.02926766437135631,0.0,0.0
0,81001,1,GP 表达式自身产生的状态,100,历史全局最优路径,沉积后,0.02926766437135631,0.029267732566386376,2.5812524863928584e-05
0,81001,1,GP 表达式自身产生的状态,100,历史全局最优路径,重启和可选上界处理后,0.02926766437135631,0.029267732566386376,2.5812524863928584e-05
0,81001,2,GP 表达式自身产生的状态,100,历史全局最优路径,更新前,0.020695223188531148,0.0,0.0
0,81001,2,GP 表达式自身产生的状态,100,历史全局最优路径,蒸发和下界保护后,0.020695223188531148,0.0,0.0
0,81001,2,GP 表达式自身产生的状态,100,历史全局最优路径,沉积后,0.020695223188531148,0.020695254313541946,1.8257531465605504e-05
0,81001,2,GP 表达式自身产生的状态,100,历史全局最优路径,重启和可选上界处理后,0.020695223188531148,0.020695254313541946,1.8257531465605504e-05
0,81001,3,GP 表达式自身产生的状态,100,历史全局最优路径,更新前,0.03712395865776416,0.0,0.0
0,81001,3,GP 表达式自身产生的状态,100,历史全局最优路径,蒸发和下界保护后,0.03712395865776416,0.0,0.0
0,81001,3,GP 表达式自身产生的状态,100,历史全局最优路径,沉积后,0.03712395865776416,0.037123999829931004,3.3033590280130046e-05
0,81001,3,GP 表达式自身产生的状态,100,历史全局最优路径,重启和可选上界处理后,0.03712395865776416,0.037123999829931004,3.3033590280130046e-05
0,81001,4,GP 表达式自身产生的状态,100,历史全局最优路径,更新前,0.034093580677780275,0.0,0.0
0,81001,4,GP 表达式自身产生的状态,100,历史全局最优路径,蒸发和下界保护后,0.034093580677780275,0.0,0.0
0,81001,4,GP 表达式自身产生的状态,100,历史全局最优路径,沉积后,0.034093580677780275,0.03409350083902812,2.994714238416702e-05
0,81001,4,GP 表达式自身产生的状态,100,历史全局最优路径,重启和可选上界处理后,0.034093580677780275,0.03409350083902812,2.994714238416702e-05
0,81001,5,GP 表达式自身产生的状态,100,历史全局最优路径,更新前,0.07251477679379684,0.0,0.0
0,81001,5,GP 表达式自身产生的状态,100,历史全局最优路径,蒸发和下界保护后,0.07251477679379684,0.0,0.0
0,81001,5,GP 表达式自身产生的状态,100,历史全局最优路径,沉积后,0.07251477679379684,0.07251468653369941,6.127670449276224e-05
0,81001,5,GP 表达式自身产生的状态,100,历史全局最优路径,重启和可选上界处理后,0.07251477679379684,0.07251468653369941,6.127670449276224e-05
0,81001,6,GP 表达式自身产生的状态,100,历史全局最优路径,更新前,0.03978670752039714,0.0,0.0
0,81001,6,GP 表达式自身产生的状态,100,历史全局最优路径,蒸发和下界保护后,0.03978670752039714,0.0,0.0
0,81001,6,GP 表达式自身产生的状态,100,历史全局最优路径,沉积后,0.03978670752039714,0.03978673945639162,3.493458004620588e-05
0,81001,6,GP 表达式自身产生的状态,100,历史全局最优路径,重启和可选上界处理后,0.03978670752039714,0.03978673945639162,3.493458004620588e-05
0,81001,7,GP 表达式自身产生的状态,100,历史全局最优路径,更新前,0.09243670235142007,0.0,0.0
0,81001,7,GP 表达式自身产生的状态,100,历史全局最优路径,蒸发和下界保护后,0.09243670235142007,0.0,0.0
0,81001,7,GP 表达式自身产生的状态,100,历史全局最优路径,沉积后,0.09243670235142007,0.09243670642136716,7.913439211980859e-05
0,81001,7,GP 表达式自身产生的状态,100,历史全局最优路径,重启和可选上界处理后,0.09243670235142007,0.09243670642136716,7.913439211980859e-05
0,81002,0,GP 表达式自身产生的状态,100,本轮最优路径,更新前,0.01422145061457612,0.0,0.0
0,81002,0,GP 表达式自身产生的状态,100,本轮最优路径,蒸发和下界保护后,0.01422145061457612,0.0,0.0
0,81002,0,GP 表达式自身产生的状态,100,本轮最优路径,沉积后,0.01422145061457612,0.01422151869027502,1.2614713466899484e-05
0,81002,0,GP 表达式自身产生的状态,100,本轮最优路径,重启和可选上界处理后,0.01422145061457612,0.01422151869027502,1.2614713466899484e-05
0,81002,1,GP 表达式自身产生的状态,100,本轮最优路径,更新前,0.0016267363256900287,0.0,0.0
0,81002,1,GP 表达式自身产生的状态,100,本轮最优路径,蒸发和下界保护后,0.0016267363256900287,0.0,0.0
0,81002,1,GP 表达式自身产生的状态,100,本轮最优路径,沉积后,0.0016267363256900287,0.0016267365782018303,1.4456898015067037e-06
0,81002,1,GP 表达式自身产生的状态,100,本轮最优路径,重启和可选上界处理后,0.0016267363256900287,0.0016267365782018303,1.4456898015067037e-06
0,81002,2,GP 表达式自身产生的状态,100,本轮最优路径,更新前,0.0014935502395002035,0.0,0.0
0,81002,2,GP 表达式自身产生的状态,100,本轮最优路径,蒸发和下界保护后,0.0014935502395002035,0.0,0.0
0,81002,2,GP 表达式自身产生的状态,100,本轮最优路径,沉积后,0.0014935502395002035,0.001493566881901075,1.3220211593936948e-06
0,81002,2,GP 表达式自身产生的状态,100,本轮最优路径,重启和可选上界处理后,0.0014935502395002035,0.001493566881901075,1.3220211593936948e-06
0,81002,3,GP 表达式自身产生的状态,100,本轮最优路径,更新前,0.000681360013589246,0.0,0.0
0,81002,3,GP 表达式自身产生的状态,100,本轮最优路径,蒸发和下界保护后,0.000681360013589246,0.0,0.0
0,81002,3,GP 表达式自身产生的状态,100,本轮最优路径,沉积后,0.000681360013589246,0.0006814019961835983,6.081921946857137e-07
0,81002,3,GP 表达式自身产生的状态,100,本轮最优路径,重启和可选上界处理后,0.000681360013589246,0.0006814019961835983,6.081921946857137e-07
0,81002,4,GP 表达式自身产生的状态,100,本轮最优路径,更新前,0.0002810358628198684,0.0,0.0
0,81002,4,GP 表达式自身产生的状态,100,本轮最优路径,蒸发和下界保护后,0.0002810358628198684,0.0,0.0
0,81002,4,GP 表达式自身产生的状态,100,本轮最优路径,沉积后,0.0002810358628198684,0.0002810081093377302,2.4819805242025766e-07
0,81002,4,GP 表达式自身产生的状态,100,本轮最优路径,重启和可选上界处理后,0.0002810358628198684,0.0002810081093377302,2.4819805242025766e-07
0,81002,5,GP 表达式自身产生的状态,100,本轮最优路径,更新前,0.017890165254350766,0.0,0.0
0,81002,5,GP 表达式自身产生的状态,100,本轮最优路径,蒸发和下界保护后,0.017890165254350766,0.0,0.0
0,81002,5,GP 表达式自身产生的状态,100,本轮最优路径,沉积后,0.017890165254350766,0.017890107081594317,1.531490358315105e-05
0,81002,5,GP 表达式自身产生的状态,100,本轮最优路径,重启和可选上界处理后,0.017890165254350766,0.017890107081594317,1.531490358315105e-05
0,81002,6,GP 表达式自身产生的状态,100,本轮最优路径,更新前,0.022438283056171092,0.0,0.0
0,81002,6,GP 表达式自身产生的状态,100,本轮最优路径,蒸发和下界保护后,0.022438283056171092,0.0,0.0
0,81002,6,GP 表达式自身产生的状态,100,本轮最优路径,沉积后,0.022438283056171092,0.02243830868219664,1.9792984626786984e-05
0,81002,6,GP 表达式自身产生的状态,100,本轮最优路径,重启和可选上界处理后,0.022438283056171092,0.02243830868219664,1.9792984626786984e-05
0,81002,7,GP 表达式自身产生的状态,100,本轮最优路径,更新前,0.009705664229878522,0.0,0.0
0,81002,7,GP 表达式自身产生的状态,100,本轮最优路径,蒸发和下界保护后,0.009705664229878522,0.0,0.0
0,81002,7,GP 表达式自身产生的状态,100,本轮最优路径,沉积后,0.009705664229878522,0.009705711049909088,8.55365691711994e-06
0,81002,7,GP 表达式自身产生的状态,100,本轮最优路径,重启和可选上界处理后,0.009705664229878522,0.009705711049909088,8.55365691711994e-06
0,81002,0,GP 表达式自身产生的状态,100,历史重启阶段最优路径,更新前,0.02333108294842699,0.0,0.0
0,81002,0,GP 表达式自身产生的状态,100,历史重启阶段最优路径,蒸发和下界保护后,0.02333108294842699,0.0,0.0
0,81002,0,GP 表达式自身产生的状态,100,历史重启阶段最优路径,沉积后,0.02333108294842699,0.023331091279151787,2.069504936612966e-05
0,81002,0,GP 表达式自身产生的状态,100,历史重启阶段最优路径,重启和可选上界处理后,0.02333108294842699,0.023331091279151787,2.069504936612966e-05
0,81002,1,GP 表达式自身产生的状态,100,历史重启阶段最优路径,更新前,0.0016269066449001762,0.0,0.0
0,81002,1,GP 表达式自身产生的状态,100,历史重启阶段最优路径,蒸发和下界保护后,0.0016269066449001762,0.0,0.0
0,81002,1,GP 表达式自身产生的状态,100,历史重启阶段最优路径,沉积后,0.0016269066449001762,0.0016269557584455785,1.4458845882025489e-06
0,81002,1,GP 表达式自身产生的状态,100,历史重启阶段最优路径,重启和可选上界处理后,0.0016269066449001762,0.0016269557584455785,1.4458845882025489e-06
0,81002,2,GP 表达式自身产生的状态,100,历史重启阶段最优路径,更新前,0.001539116398862634,0.0,0.0
0,81002,2,GP 表达式自身产生的状态,100,历史重启阶段最优路径,蒸发和下界保护后,0.001539116398862634,0.0,0.0
0,81002,2,GP 表达式自身产生的状态,100,历史重启阶段最优路径,沉积后,0.001539116398862634,0.0015391499284055663,1.3623687010530682e-06
0,81002,2,GP 表达式自身产生的状态,100,历史重启阶段最优路径,重启和可选上界处理后,0.001539116398862634,0.0015391499284055663,1.3623687010530682e-06
0,81002,3,GP 表达式自身产生的状态,100,历史重启阶段最优路径,更新前,0.0006973962400980253,0.0,0.0
0,81002,3,GP 表达式自身产生的状态,100,历史重启阶段最优路径,蒸发和下界保护后,0.0006973962400980253,0.0,0.0
0,81002,3,GP 表达式自身产生的状态,100,历史重启阶段最优路径,沉积后,0.0006973962400980253,0.0006974253530280374,6.224940027520728e-07
0,81002,3,GP 表达式自身产生的状态,100,历史重启阶段最优路径,重启和可选上界处理后,0.0006973962400980253,0.0006974253530280374,6.224940027520728e-07
0,81002,4,GP 表达式自身产生的状态,100,历史重启阶段最优路径,更新前,0.0002807744974185149,0.0,0.0
0,81002,4,GP 表达式自身产生的状态,100,历史重启阶段最优路径,蒸发和下界保护后,0.0002807744974185149,0.0,0.0
0,81002,4,GP 表达式自身产生的状态,100,历史重启阶段最优路径,沉积后,0.0002807744974185149,0.00028072816117007555,2.4795079055242663e-07
0,81002,4,GP 表达式自身产生的状态,100,历史重启阶段最优路径,重启和可选上界处理后,0.0002807744974185149,0.00028072816117007555,2.4795079055242663e-07
0,81002,5,GP 表达式自身产生的状态,100,历史重启阶段最优路径,更新前,0.017352365575880487,0.0,0.0
0,81002,5,GP 表达式自身产生的状态,100,历史重启阶段最优路径,蒸发和下界保护后,0.017352365575880487,0.0,0.0
0,81002,5,GP 表达式自身产生的状态,100,历史重启阶段最优路径,沉积后,0.017352365575880487,0.017352323779488248,1.4854531860230706e-05
0,81002,5,GP 表达式自身产生的状态,100,历史重启阶段最优路径,重启和可选上界处理后,0.017352365575880487,0.017352323779488248,1.4854531860230706e-05
0,81002,6,GP 表达式自身产生的状态,100,历史重启阶段最优路径,更新前,0.018264608273525086,0.0,0.0
0,81002,6,GP 表达式自身产生的状态,100,历史重启阶段最优路径,蒸发和下界保护后,0.018264608273525086,0.0,0.0
0,81002,6,GP 表达式自身产生的状态,100,历史重启阶段最优路径,沉积后,0.018264608273525086,0.01826458191532738,1.6111311872253627e-05
0,81002,6,GP 表达式自身产生的状态,100,历史重启阶段最优路径,重启和可选上界处理后,0.018264608273525086,0.01826458191532738,1.6111311872253627e-05
0,81002,7,GP 表达式自身产生的状态,100,历史重启阶段最优路径,更新前,0.009706279314132319,0.0,0.0
0,81002,7,GP 表达式自身产生的状态,100,历史重启阶段最优路径,蒸发和下界保护后,0.009706279314132319,0.0,0.0
0,81002,7,GP 表达式自身产生的状态,100,历史重启阶段最优路径,沉积后,0.009706279314132319,0.009706321810413362,8.554195181218801e-06
0,81002,7,GP 表达式自身产生的状态,100,历史重启阶段最优路径,重启和可选上界处理后,0.009706279314132319,0.009706321810413362,8.554195181218801e-06
0,81002,0,GP 表达式自身产生的状态,100,历史全局最优路径,更新前,0.02333108294842699,0.0,0.0
0,81002,0,GP 表达式自身产生的状态,100,历史全局最优路径,蒸发和下界保护后,0.02333108294842699,0.0,0.0
0,81002,0,GP 表达式自身产生的状态,100,历史全局最优路径,沉积后,0.02333108294842699,0.023331091279151787,2.069504936612966e-05
0,81002,0,GP 表达式自身产生的状态,100,历史全局最优路径,重启和可选上界处理后,0.02333108294842699,0.023331091279151787,2.069504936612966e-05
0,81002,1,GP 表达式自身产生的状态,100,历史全局最优路径,更新前,0.0016269066449001762,0.0,0.0
0,81002,1,GP 表达式自身产生的状态,100,历史全局最优路径,蒸发和下界保护后,0.0016269066449001762,0.0,0.0
0,81002,1,GP 表达式自身产生的状态,100,历史全局最优路径,沉积后,0.0016269066449001762,0.0016269557584455785,1.4458845882025489e-06
0,81002,1,GP 表达式自身产生的状态,100,历史全局最优路径,重启和可选上界处理后,0.0016269066449001762,0.0016269557584455785,1.4458845882025489e-06
0,81002,2,GP 表达式自身产生的状态,100,历史全局最优路径,更新前,0.001539116398862634,0.0,0.0
0,81002,2,GP 表达式自身产生的状态,100,历史全局最优路径,蒸发和下界保护后,0.001539116398862634,0.0,0.0
0,81002,2,GP 表达式自身产生的状态,100,历史全局最优路径,沉积后,0.001539116398862634,0.0015391499284055663,1.3623687010530682e-06
0,81002,2,GP 表达式自身产生的状态,100,历史全局最优路径,重启和可选上界处理后,0.001539116398862634,0.0015391499284055663,1.3623687010530682e-06
0,81002,3,GP 表达式自身产生的状态,100,历史全局最优路径,更新前,0.0006973962400980253,0.0,0.0
0,81002,3,GP 表达式自身产生的状态,100,历史全局最优路径,蒸发和下界保护后,0.0006973962400980253,0.0,0.0
0,81002,3,GP 表达式自身产生的状态,100,历史全局最优路径,沉积后,0.0006973962400980253,0.0006974253530280374,6.224940027520728e-07
0,81002,3,GP 表达式自身产生的状态,100,历史全局最优路径,重启和可选上界处理后,0.0006973962400980253,0.0006974253530280374,6.224940027520728e-07
0,81002,4,GP 表达式自身产生的状态,100,历史全局最优路径,更新前,0.0002807744974185149,0.0,0.0
0,81002,4,GP 表达式自身产生的状态,100,历史全局最优路径,蒸发和下界保护后,0.0002807744974185149,0.0,0.0
0,81002,4,GP 表达式自身产生的状态,100,历史全局最优路径,沉积后,0.0002807744974185149,0.00028072816117007555,2.4795079055242663e-07
0,81002,4,GP 表达式自身产生的状态,100,历史全局最优路径,重启和可选上界处理后,0.0002807744974185149,0.00028072816117007555,2.4795079055242663e-07
0,81002,5,GP 表达式自身产生的状态,100,历史全局最优路径,更新前,0.017352365575880487,0.0,0.0
0,81002,5,GP 表达式自身产生的状态,100,历史全局最优路径,蒸发和下界保护后,0.017352365575880487,0.0,0.0
0,81002,5,GP 表达式自身产生的状态,100,历史全局最优路径,沉积后,0.017352365575880487,0.017352323779488248,1.4854531860230706e-05
0,81002,5,GP 表达式自身产生的状态,100,历史全局最优路径,重启和可选上界处理后,0.017352365575880487,0.017352323779488248,1.4854531860230706e-05
0,81002,6,GP 表达式自身产生的状态,100,历史全局最优路径,更新前,0.018264608273525086,0.0,0.0
0,81002,6,GP 表达式自身产生的状态,100,历史全局最优路径,蒸发和下界保护后,0.018264608273525086,0.0,0.0
0,81002,6,GP 表达式自身产生的状态,100,历史全局最优路径,沉积后,0.018264608273525086,0.01826458191532738,1.6111311872253627e-05
0,81002,6,GP 表达式自身产生的状态,100,历史全局最优路径,重启和可选上界处理后,0.018264608273525086,0.01826458191532738,1.6111311872253627e-05
0,81002,7,GP 表达式自身产生的状态,100,历史全局最优路径,更新前,0.009706279314132319,0.0,0.0
0,81002,7,GP 表达式自身产生的状态,100,历史全局最优路径,蒸发和下界保护后,0.009706279314132319,0.0,0.0
0,81002,7,GP 表达式自身产生的状态,100,历史全局最优路径,沉积后,0.009706279314132319,0.009706321810413362,8.554195181218801e-06
0,81002,7,GP 表达式自身产生的状态,100,历史全局最优路径,重启和可选上界处理后,0.009706279314132319,0.009706321810413362,8.554195181218801e-06
0,81003,0,GP 表达式自身产生的状态,100,本轮最优路径,更新前,0.05098464735437439,0.0,0.0
0,81003,0,GP 表达式自身产生的状态,100,本轮最优路径,蒸发和下界保护后,0.05098464735437439,0.0,0.0
0,81003,0,GP 表达式自身产生的状态,100,本轮最优路径,沉积后,0.05098464735437439,0.05098455607305266,4.4847537397523196e-05
0,81003,0,GP 表达式自身产生的状态,100,本轮最优路径,重启和可选上界处理后,0.05098464735437439,0.05098455607305266,4.4847537397523196e-05
0,81003,1,GP 表达式自身产生的状态,100,本轮最优路径,更新前,0.08154007926187215,0.0,0.0
0,81003,1,GP 表达式自身产生的状态,100,本轮最优路径,蒸发和下界保护后,0.08154007926187215,0.0,0.0
0,81003,1,GP 表达式自身产生的状态,100,本轮最优路径,沉积后,0.08154007926187215,0.08154004885156511,7.19080243692852e-05
0,81003,1,GP 表达式自身产生的状态,100,本轮最优路径,重启和可选上界处理后,0.08154007926187215,0.08154004885156511,7.19080243692852e-05
0,81003,2,GP 表达式自身产生的状态,100,本轮最优路径,更新前,0.06198862707906296,0.0,0.0
0,81003,2,GP 表达式自身产生的状态,100,本轮最优路径,蒸发和下界保护后,0.06198862707906296,0.0,0.0
0,81003,2,GP 表达式自身产生的状态,100,本轮最优路径,沉积后,0.06198862707906296,0.06198869470105918,5.411735604637736e-05
0,81003,2,GP 表达式自身产生的状态,100,本轮最优路径,重启和可选上界处理后,0.06198862707906296,0.06198869470105918,5.411735604637736e-05
0,81003,3,GP 表达式自身产生的状态,100,本轮最优路径,更新前,0.059434507666319365,0.0,0.0
0,81003,3,GP 表达式自身产生的状态,100,本轮最优路径,蒸发和下界保护后,0.059434507666319365,0.0,0.0
0,81003,3,GP 表达式自身产生的状态,100,本轮最优路径,沉积后,0.059434507666319365,0.05943452282425781,5.2475516153337886e-05
0,81003,3,GP 表达式自身产生的状态,100,本轮最优路径,重启和可选上界处理后,0.059434507666319365,0.05943452282425781,5.2475516153337886e-05
0,81003,4,GP 表达式自身产生的状态,100,本轮最优路径,更新前,0.008100676980232951,0.0,0.0
0,81003,4,GP 表达式自身产生的状态,100,本轮最优路径,蒸发和下界保护后,0.008100676980232951,0.0,0.0
0,81003,4,GP 表达式自身产生的状态,100,本轮最优路径,沉积后,0.008100676980232951,0.00810070870454103,7.1572750845961984e-06
0,81003,4,GP 表达式自身产生的状态,100,本轮最优路径,重启和可选上界处理后,0.008100676980232951,0.00810070870454103,7.1572750845961984e-06
0,81003,5,GP 表达式自身产生的状态,100,本轮最优路径,更新前,0.13145414588211488,0.0,0.0
0,81003,5,GP 表达式自身产生的状态,100,本轮最优路径,蒸发和下界保护后,0.13145414588211488,0.0,0.0
0,81003,5,GP 表达式自身产生的状态,100,本轮最优路径,沉积后,0.13145414588211488,0.1314541430126714,0.0001102399703136588
0,81003,5,GP 表达式自身产生的状态,100,本轮最优路径,重启和可选上界处理后,0.13145414588211488,0.1314541430126714,0.0001102399703136588
0,81003,6,GP 表达式自身产生的状态,100,本轮最优路径,更新前,0.029399073269101437,0.0,0.0
0,81003,6,GP 表达式自身产生的状态,100,本轮最优路径,蒸发和下界保护后,0.029399073269101437,0.0,0.0
0,81003,6,GP 表达式自身产生的状态,100,本轮最优路径,沉积后,0.029399073269101437,0.02939908865637923,2.5912866275141103e-05
0,81003,6,GP 表达式自身产生的状态,100,本轮最优路径,重启和可选上界处理后,0.029399073269101437,0.02939908865637923,2.5912866275141103e-05
0,81003,7,GP 表达式自身产生的状态,100,本轮最优路径,更新前,0.10624295701888331,0.0,0.0
0,81003,7,GP 表达式自身产生的状态,100,本轮最优路径,蒸发和下界保护后,0.10624295701888331,0.0,0.0
0,81003,7,GP 表达式自身产生的状态,100,本轮最优路径,沉积后,0.10624295701888331,0.10624300413200519,9.133864104033804e-05
0,81003,7,GP 表达式自身产生的状态,100,本轮最优路径,重启和可选上界处理后,0.10624295701888331,0.10624300413200519,9.133864104033804e-05
0,81003,0,GP 表达式自身产生的状态,100,历史重启阶段最优路径,更新前,0.064331858265626,0.0,0.0
0,81003,0,GP 表达式自身产生的状态,100,历史重启阶段最优路径,蒸发和下界保护后,0.064331858265626,0.0,0.0
0,81003,0,GP 表达式自身产生的状态,100,历史重启阶段最优路径,沉积后,0.064331858265626,0.06433179118388543,5.658816381248939e-05
0,81003,0,GP 表达式自身产生的状态,100,历史重启阶段最优路径,重启和可选上界处理后,0.064331858265626,0.06433179118388543,5.658816381248939e-05
0,81003,1,GP 表达式自身产生的状态,100,历史重启阶段最优路径,更新前,0.046787595306258534,0.0,0.0
0,81003,1,GP 表达式自身产生的状态,100,历史重启阶段最优路径,蒸发和下界保护后,0.046787595306258534,0.0,0.0
0,81003,1,GP 表达式自身产生的状态,100,历史重启阶段最优路径,沉积后,0.046787595306258534,0.04678763462335006,4.1260784339258955e-05
0,81003,1,GP 表达式自身产生的状态,100,历史重启阶段最优路径,重启和可选上界处理后,0.046787595306258534,0.04678763462335006,4.1260784339258955e-05
0,81003,2,GP 表达式自身产生的状态,100,历史重启阶段最优路径,更新前,0.051065719359907225,0.0,0.0
0,81003,2,GP 表达式自身产生的状态,100,历史重启阶段最优路径,蒸发和下界保护后,0.051065719359907225,0.0,0.0
0,81003,2,GP 表达式自身产生的状态,100,历史重启阶段最优路径,沉积后,0.051065719359907225,0.05106576564064959,4.458142302048954e-05
0,81003,2,GP 表达式自身产生的状态,100,历史重启阶段最优路径,重启和可选上界处理后,0.051065719359907225,0.05106576564064959,4.458142302048954e-05
0,81003,3,GP 表达式自身产生的状态,100,历史重启阶段最优路径,更新前,0.04488542255805208,0.0,0.0
0,81003,3,GP 表达式自身产生的状态,100,历史重启阶段最优路径,蒸发和下界保护后,0.04488542255805208,0.0,0.0
0,81003,3,GP 表达式自身产生的状态,100,历史重启阶段最优路径,沉积后,0.04488542255805208,0.04488544807391512,3.962994810974079e-05
0,81003,3,GP 表达式自身产生的状态,100,历史重启阶段最优路径,重启和可选上界处理后,0.04488542255805208,0.04488544807391512,3.962994810974079e-05
0,81003,4,GP 表达式自身产生的状态,100,历史重启阶段最优路径,更新前,0.01067853044428074,0.0,0.0
0,81003,4,GP 表达式自身产生的状态,100,历史重启阶段最优路径,蒸发和下界保护后,0.01067853044428074,0.0,0.0
0,81003,4,GP 表达式自身产生的状态,100,历史重启阶段最优路径,沉积后,0.01067853044428074,0.010678508973076033,9.434856751581505e-06
0,81003,4,GP 表达式自身产生的状态,100,历史重启阶段最优路径,重启和可选上界处理后,0.01067853044428074,0.010678508973076033,9.434856751581505e-06
0,81003,5,GP 表达式自身产生的状态,100,历史重启阶段最优路径,更新前,0.09507927305684762,0.0,0.0
0,81003,5,GP 表达式自身产生的状态,100,历史重启阶段最优路径,蒸发和下界保护后,0.09507927305684762,0.0,0.0
0,81003,5,GP 表达式自身产生的状态,100,历史重启阶段最优路径,沉积后,0.09507927305684762,0.09507926369996672,7.973529755329591e-05
0,81003,5,GP 表达式自身产生的状态,100,历史重启阶段最优路径,重启和可选上界处理后,0.09507927305684762,0.09507926369996672,7.973529755329591e-05
0,81003,6,GP 表达式自身产生的状态,100,历史重启阶段最优路径,更新前,0.022818677908991537,0.0,0.0
0,81003,6,GP 表达式自身产生的状态,100,历史重启阶段最优路径,蒸发和下界保护后,0.022818677908991537,0.0,0.0
0,81003,6,GP 表达式自身产生的状态,100,历史重启阶段最优路径,沉积后,0.022818677908991537,0.02281870379869703,2.011280101294522e-05
0,81003,6,GP 表达式自身产生的状态,100,历史重启阶段最优路径,重启和可选上界处理后,0.022818677908991537,0.02281870379869703,2.011280101294522e-05
0,81003,7,GP 表达式自身产生的状态,100,历史重启阶段最优路径,更新前,0.08800917288632824,0.0,0.0
0,81003,7,GP 表达式自身产生的状态,100,历史重启阶段最优路径,蒸发和下界保护后,0.08800917288632824,0.0,0.0
0,81003,7,GP 表达式自身产生的状态,100,历史重启阶段最优路径,沉积后,0.08800917288632824,0.0880092129071522,7.566279671229239e-05
0,81003,7,GP 表达式自身产生的状态,100,历史重启阶段最优路径,重启和可选上界处理后,0.08800917288632824,0.0880092129071522,7.566279671229239e-05
0,81003,0,GP 表达式自身产生的状态,100,历史全局最优路径,更新前,0.064331858265626,0.0,0.0
0,81003,0,GP 表达式自身产生的状态,100,历史全局最优路径,蒸发和下界保护后,0.064331858265626,0.0,0.0
0,81003,0,GP 表达式自身产生的状态,100,历史全局最优路径,沉积后,0.064331858265626,0.06433179118388543,5.658816381248939e-05
0,81003,0,GP 表达式自身产生的状态,100,历史全局最优路径,重启和可选上界处理后,0.064331858265626,0.06433179118388543,5.658816381248939e-05
0,81003,1,GP 表达式自身产生的状态,100,历史全局最优路径,更新前,0.046787595306258534,0.0,0.0
0,81003,1,GP 表达式自身产生的状态,100,历史全局最优路径,蒸发和下界保护后,0.046787595306258534,0.0,0.0
0,81003,1,GP 表达式自身产生的状态,100,历史全局最优路径,沉积后,0.046787595306258534,0.04678763462335006,4.1260784339258955e-05
0,81003,1,GP 表达式自身产生的状态,100,历史全局最优路径,重启和可选上界处理后,0.046787595306258534,0.04678763462335006,4.1260784339258955e-05
0,81003,2,GP 表达式自身产生的状态,100,历史全局最优路径,更新前,0.051065719359907225,0.0,0.0
0,81003,2,GP 表达式自身产生的状态,100,历史全局最优路径,蒸发和下界保护后,0.051065719359907225,0.0,0.0
0,81003,2,GP 表达式自身产生的状态,100,历史全局最优路径,沉积后,0.051065719359907225,0.05106576564064959,4.458142302048954e-05
0,81003,2,GP 表达式自身产生的状态,100,历史全局最优路径,重启和可选上界处理后,0.051065719359907225,0.05106576564064959,4.458142302048954e-05
0,81003,3,GP 表达式自身产生的状态,100,历史全局最优路径,更新前,0.04488542255805208,0.0,0.0
0,81003,3,GP 表达式自身产生的状态,100,历史全局最优路径,蒸发和下界保护后,0.04488542255805208,0.0,0.0
0,81003,3,GP 表达式自身产生的状态,100,历史全局最优路径,沉积后,0.04488542255805208,0.04488544807391512,3.962994810974079e-05
0,81003,3,GP 表达式自身产生的状态,100,历史全局最优路径,重启和可选上界处理后,0.04488542255805208,0.04488544807391512,3.962994810974079e-05
0,81003,4,GP 表达式自身产生的状态,100,历史全局最优路径,更新前,0.01067853044428074,0.0,0.0
0,81003,4,GP 表达式自身产生的状态,100,历史全局最优路径,蒸发和下界保护后,0.01067853044428074,0.0,0.0
0,81003,4,GP 表达式自身产生的状态,100,历史全局最优路径,沉积后,0.01067853044428074,0.010678508973076033,9.434856751581505e-06
0,81003,4,GP 表达式自身产生的状态,100,历史全局最优路径,重启和可选上界处理后,0.01067853044428074,0.010678508973076033,9.434856751581505e-06
0,81003,5,GP 表达式自身产生的状态,100,历史全局最优路径,更新前,0.09507927305684762,0.0,0.0
0,81003,5,GP 表达式自身产生的状态,100,历史全局最优路径,蒸发和下界保护后,0.09507927305684762,0.0,0.0
0,81003,5,GP 表达式自身产生的状态,100,历史全局最优路径,沉积后,0.09507927305684762,0.09507926369996672,7.973529755329591e-05
0,81003,5,GP 表达式自身产生的状态,100,历史全局最优路径,重启和可选上界处理后,0.09507927305684762,0.09507926369996672,7.973529755329591e-05
0,81003,6,GP 表达式自身产生的状态,100,历史全局最优路径,更新前,0.022818677908991537,0.0,0.0
0,81003,6,GP 表达式自身产生的状态,100,历史全局最优路径,蒸发和下界保护后,0.022818677908991537,0.0,0.0
0,81003,6,GP 表达式自身产生的状态,100,历史全局最优路径,沉积后,0.022818677908991537,0.02281870379869703,2.011280101294522e-05
0,81003,6,GP 表达式自身产生的状态,100,历史全局最优路径,重启和可选上界处理后,0.022818677908991537,0.02281870379869703,2.011280101294522e-05
0,81003,7,GP 表达式自身产生的状态,100,历史全局最优路径,更新前,0.08800917288632824,0.0,0.0
0,81003,7,GP 表达式自身产生的状态,100,历史全局最优路径,蒸发和下界保护后,0.08800917288632824,0.0,0.0
0,81003,7,GP 表达式自身产生的状态,100,历史全局最优路径,沉积后,0.08800917288632824,0.0880092129071522,7.566279671229239e-05
0,81003,7,GP 表达式自身产生的状态,100,历史全局最优路径,重启和可选上界处理后,0.08800917288632824,0.0880092129071522,7.566279671229239e-05
0,81003,0,不使用 GP 产生的状态,250,本轮最优路径,更新前,0.011621598281869518,0.0,0.0
0,81003,0,不使用 GP 产生的状态,250,本轮最优路径,蒸发和下界保护后,0.011621598281869518,0.0,0.0
0,81003,0,不使用 GP 产生的状态,250,本轮最优路径,沉积后,0.011621598281869518,0.01162177285951545,1.036602840040187e-05
0,81003,0,不使用 GP 产生的状态,250,本轮最优路径,重启和可选上界处理后,0.011621598281869518,0.01162177285951545,1.036602840040187e-05
0,81003,1,不使用 GP 产生的状态,250,本轮最优路径,更新前,0.005644491245533592,0.0,0.0
0,81003,1,不使用 GP 产生的状态,250,本轮最优路径,蒸发和下界保护后,0.005644491245533592,0.0,0.0
0,81003,1,不使用 GP 产生的状态,250,本轮最优路径,沉积后,0.005644491245533592,0.005644501925453328,5.0403902322276335e-06
0,81003,1,不使用 GP 产生的状态,250,本轮最优路径,重启和可选上界处理后,0.005644491245533592,0.005644501925453328,5.0403902322276335e-06
0,81003,2,不使用 GP 产生的状态,250,本轮最优路径,更新前,0.0026688653158715462,0.0,0.0
0,81003,2,不使用 GP 产生的状态,250,本轮最优路径,蒸发和下界保护后,0.0026688653158715462,0.0,0.0
0,81003,2,不使用 GP 产生的状态,250,本轮最优路径,沉积后,0.0026688653158715462,0.002668843198958956,2.3656262578252457e-06
0,81003,2,不使用 GP 产生的状态,250,本轮最优路径,重启和可选上界处理后,0.0026688653158715462,0.002668843198958956,2.3656262578252457e-06
0,81003,3,不使用 GP 产生的状态,250,本轮最优路径,更新前,0.009145711317190943,0.0,0.0
0,81003,3,不使用 GP 产生的状态,250,本轮最优路径,蒸发和下界保护后,0.009145711317190943,0.0,0.0
0,81003,3,不使用 GP 产生的状态,250,本轮最优路径,沉积后,0.009145711317190943,0.009145761550489639,8.182083177139908e-06
0,81003,3,不使用 GP 产生的状态,250,本轮最优路径,重启和可选上界处理后,0.009145711317190943,0.009145761550489639,8.182083177139908e-06
0,81003,4,不使用 GP 产生的状态,250,本轮最优路径,更新前,0.0026517751349423176,0.0,0.0
0,81003,4,不使用 GP 产生的状态,250,本轮最优路径,蒸发和下界保护后,0.0026517751349423176,0.0,0.0
0,81003,4,不使用 GP 产生的状态,250,本轮最优路径,沉积后,0.0026517751349423176,0.0026516912702629404,2.345283676210183e-06
0,81003,4,不使用 GP 产生的状态,250,本轮最优路径,重启和可选上界处理后,0.0026517751349423176,0.0026516912702629404,2.345283676210183e-06
0,81003,5,不使用 GP 产生的状态,250,本轮最优路径,更新前,0.010077995598603144,0.0,0.0
0,81003,5,不使用 GP 产生的状态,250,本轮最优路径,蒸发和下界保护后,0.010077995598603144,0.0,0.0
0,81003,5,不使用 GP 产生的状态,250,本轮最优路径,沉积后,0.010077995598603144,0.01007799086600395,8.688093073192012e-06
0,81003,5,不使用 GP 产生的状态,250,本轮最优路径,重启和可选上界处理后,0.010077995598603144,0.01007799086600395,8.688093073192012e-06
0,81003,6,不使用 GP 产生的状态,250,本轮最优路径,更新前,0.00515011472166518,0.0,0.0
0,81003,6,不使用 GP 产生的状态,250,本轮最优路径,蒸发和下界保护后,0.00515011472166518,0.0,0.0
0,81003,6,不使用 GP 产生的状态,250,本轮最优路径,沉积后,0.00515011472166518,0.0051502883078990945,4.5788905832350226e-06
0,81003,6,不使用 GP 产生的状态,250,本轮最优路径,重启和可选上界处理后,0.00515011472166518,0.0051502883078990945,4.5788905832350226e-06
0,81003,7,不使用 GP 产生的状态,250,本轮最优路径,更新前,0.0053815609583824225,0.0,0.0
0,81003,7,不使用 GP 产生的状态,250,本轮最优路径,蒸发和下界保护后,0.0053815609583824225,0.0,0.0
0,81003,7,不使用 GP 产生的状态,250,本轮最优路径,沉积后,0.0053815609583824225,0.0053815616964128215,4.7620060565309205e-06
0,81003,7,不使用 GP 产生的状态,250,本轮最优路径,重启和可选上界处理后,0.0053815609583824225,0.0053815616964128215,4.7620060565309205e-06
0,81003,0,不使用 GP 产生的状态,250,历史重启阶段最优路径,更新前,0.011621598281869518,0.0,0.0
0,81003,0,不使用 GP 产生的状态,250,历史重启阶段最优路径,蒸发和下界保护后,0.011621598281869518,0.0,0.0
0,81003,0,不使用 GP 产生的状态,250,历史重启阶段最优路径,沉积后,0.011621598281869518,0.01162177285951545,1.036602840040187e-05
0,81003,0,不使用 GP 产生的状态,250,历史重启阶段最优路径,重启和可选上界处理后,0.011621598281869518,0.01162177285951545,1.036602840040187e-05
0,81003,1,不使用 GP 产生的状态,250,历史重启阶段最优路径,更新前,0.0056113424080733625,0.0,0.0
0,81003,1,不使用 GP 产生的状态,250,历史重启阶段最优路径,蒸发和下界保护后,0.0056113424080733625,0.0,0.0
0,81003,1,不使用 GP 产生的状态,250,历史重启阶段最优路径,沉积后,0.0056113424080733625,0.0056113735683097675,5.010807489593927e-06
0,81003,1,不使用 GP 产生的状态,250,历史重启阶段最优路径,重启和可选上界处理后,0.0056113424080733625,0.0056113735683097675,5.010807489593927e-06
0,81003,2,不使用 GP 产生的状态,250,历史重启阶段最优路径,更新前,0.002669170675896759,0.0,0.0
0,81003,2,不使用 GP 产生的状态,250,历史重启阶段最优路径,蒸发和下界保护后,0.002669170675896759,0.0,0.0
0,81003,2,不使用 GP 产生的状态,250,历史重启阶段最优路径,沉积后,0.002669170675896759,0.0026691521025778986,2.365900065785336e-06
0,81003,2,不使用 GP 产生的状态,250,历史重启阶段最优路径,重启和可选上界处理后,0.002669170675896759,0.0026691521025778986,2.365900065785336e-06
0,81003,3,不使用 GP 产生的状态,250,历史重启阶段最优路径,更新前,0.009083768798611672,0.0,0.0
0,81003,3,不使用 GP 产生的状态,250,历史重启阶段最优路径,蒸发和下界保护后,0.009083768798611672,0.0,0.0
0,81003,3,不使用 GP 产生的状态,250,历史重启阶段最优路径,沉积后,0.009083768798611672,0.009083813796678247,8.126662786883324e-06
0,81003,3,不使用 GP 产生的状态,250,历史重启阶段最优路径,重启和可选上界处理后,0.009083768798611672,0.009083813796678247,8.126662786883324e-06
0,81003,4,不使用 GP 产生的状态,250,历史重启阶段最优路径,更新前,0.002651811644996702,0.0,0.0
0,81003,4,不使用 GP 产生的状态,250,历史重启阶段最优路径,蒸发和下界保护后,0.002651811644996702,0.0,0.0
0,81003,4,不使用 GP 产生的状态,250,历史重启阶段最优路径,沉积后,0.002651811644996702,0.0026517799547514775,2.345362113049958e-06
0,81003,4,不使用 GP 产生的状态,250,历史重启阶段最优路径,重启和可选上界处理后,0.002651811644996702,0.0026517799547514775,2.345362113049958e-06
0,81003,5,不使用 GP 产生的状态,250,历史重启阶段最优路径,更新前,0.009986328307265743,0.0,0.0
0,81003,5,不使用 GP 产生的状态,250,历史重启阶段最优路径,蒸发和下界保护后,0.009986328307265743,0.0,0.0
0,81003,5,不使用 GP 产生的状态,250,历史重启阶段最优路径,沉积后,0.009986328307265743,0.009986351242169534,8.609091852447564e-06
0,81003,5,不使用 GP 产生的状态,250,历史重启阶段最优路径,重启和可选上界处理后,0.009986328307265743,0.009986351242169534,8.609091852447564e-06
0,81003,6,不使用 GP 产生的状态,250,历史重启阶段最优路径,更新前,0.00515011472166518,0.0,0.0
0,81003,6,不使用 GP 产生的状态,250,历史重启阶段最优路径,蒸发和下界保护后,0.00515011472166518,0.0,0.0
0,81003,6,不使用 GP 产生的状态,250,历史重启阶段最优路径,沉积后,0.00515011472166518,0.0051502883078990945,4.5788905832350226e-06
0,81003,6,不使用 GP 产生的状态,250,历史重启阶段最优路径,重启和可选上界处理后,0.00515011472166518,0.0051502883078990945,4.5788905832350226e-06
0,81003,7,不使用 GP 产生的状态,250,历史重启阶段最优路径,更新前,0.005396889972767111,0.0,0.0
0,81003,7,不使用 GP 产生的状态,250,历史重启阶段最优路径,蒸发和下界保护后,0.005396889972767111,0.0,0.0
0,81003,7,不使用 GP 产生的状态,250,历史重启阶段最优路径,沉积后,0.005396889972767111,0.00539688861971138,4.775568458244976e-06
0,81003,7,不使用 GP 产生的状态,250,历史重启阶段最优路径,重启和可选上界处理后,0.005396889972767111,0.00539688861971138,4.775568458244976e-06
0,81003,0,不使用 GP 产生的状态,250,历史全局最优路径,更新前,0.011621598281869518,0.0,0.0
0,81003,0,不使用 GP 产生的状态,250,历史全局最优路径,蒸发和下界保护后,0.011621598281869518,0.0,0.0
0,81003,0,不使用 GP 产生的状态,250,历史全局最优路径,沉积后,0.011621598281869518,0.01162177285951545,1.036602840040187e-05
0,81003,0,不使用 GP 产生的状态,250,历史全局最优路径,重启和可选上界处理后,0.011621598281869518,0.01162177285951545,1.036602840040187e-05
0,81003,1,不使用 GP 产生的状态,250,历史全局最优路径,更新前,0.0056113424080733625,0.0,0.0
0,81003,1,不使用 GP 产生的状态,250,历史全局最优路径,蒸发和下界保护后,0.0056113424080733625,0.0,0.0
0,81003,1,不使用 GP 产生的状态,250,历史全局最优路径,沉积后,0.0056113424080733625,0.0056113735683097675,5.010807489593927e-06
0,81003,1,不使用 GP 产生的状态,250,历史全局最优路径,重启和可选上界处理后,0.0056113424080733625,0.0056113735683097675,5.010807489593927e-06
0,81003,2,不使用 GP 产生的状态,250,历史全局最优路径,更新前,0.002669170675896759,0.0,0.0
0,81003,2,不使用 GP 产生的状态,250,历史全局最优路径,蒸发和下界保护后,0.002669170675896759,0.0,0.0
0,81003,2,不使用 GP 产生的状态,250,历史全局最优路径,沉积后,0.002669170675896759,0.0026691521025778986,2.365900065785336e-06
0,81003,2,不使用 GP 产生的状态,250,历史全局最优路径,重启和可选上界处理后,0.002669170675896759,0.0026691521025778986,2.365900065785336e-06
0,81003,3,不使用 GP 产生的状态,250,历史全局最优路径,更新前,0.009083768798611672,0.0,0.0
0,81003,3,不使用 GP 产生的状态,250,历史全局最优路径,蒸发和下界保护后,0.009083768798611672,0.0,0.0
0,81003,3,不使用 GP 产生的状态,250,历史全局最优路径,沉积后,0.009083768798611672,0.009083813796678247,8.126662786883324e-06
0,81003,3,不使用 GP 产生的状态,250,历史全局最优路径,重启和可选上界处理后,0.009083768798611672,0.009083813796678247,8.126662786883324e-06
0,81003,4,不使用 GP 产生的状态,250,历史全局最优路径,更新前,0.002651811644996702,0.0,0.0
0,81003,4,不使用 GP 产生的状态,250,历史全局最优路径,蒸发和下界保护后,0.002651811644996702,0.0,0.0
0,81003,4,不使用 GP 产生的状态,250,历史全局最优路径,沉积后,0.002651811644996702,0.0026517799547514775,2.345362113049958e-06
0,81003,4,不使用 GP 产生的状态,250,历史全局最优路径,重启和可选上界处理后,0.002651811644996702,0.0026517799547514775,2.345362113049958e-06
0,81003,5,不使用 GP 产生的状态,250,历史全局最优路径,更新前,0.009986328307265743,0.0,0.0
0,81003,5,不使用 GP 产生的状态,250,历史全局最优路径,蒸发和下界保护后,0.009986328307265743,0.0,0.0
0,81003,5,不使用 GP 产生的状态,250,历史全局最优路径,沉积后,0.009986328307265743,0.009986351242169534,8.609091852447564e-06
0,81003,5,不使用 GP 产生的状态,250,历史全局最优路径,重启和可选上界处理后,0.009986328307265743,0.009986351242169534,8.609091852447564e-06
0,81003,6,不使用 GP 产生的状态,250,历史全局最优路径,更新前,0.00515011472166518,0.0,0.0
0,81003,6,不使用 GP 产生的状态,250,历史全局最优路径,蒸发和下界保护后,0.00515011472166518,0.0,0.0
0,81003,6,不使用 GP 产生的状态,250,历史全局最优路径,沉积后,0.00515011472166518,0.0051502883078990945,4.5788905832350226e-06
0,81003,6,不使用 GP 产生的状态,250,历史全局最优路径,重启和可选上界处理后,0.00515011472166518,0.0051502883078990945,4.5788905832350226e-06
0,81003,7,不使用 GP 产生的状态,250,历史全局最优路径,更新前,0.005396889972767111,0.0,0.0
0,81003,7,不使用 GP 产生的状态,250,历史全局最优路径,蒸发和下界保护后,0.005396889972767111,0.0,0.0
0,81003,7,不使用 GP 产生的状态,250,历史全局最优路径,沉积后,0.005396889972767111,0.00539688861971138,4.775568458244976e-06
0,81003,7,不使用 GP 产生的状态,250,历史全局最优路径,重启和可选上界处理后,0.005396889972767111,0.00539688861971138,4.775568458244976e-06
0,81001,0,不使用 GP 产生的状态,250,本轮最优路径,更新前,0.012735946374380153,0.0,0.0
0,81001,0,不使用 GP 产生的状态,250,本轮最优路径,蒸发和下界保护后,0.012735946374380153,0.0,0.0
0,81001,0,不使用 GP 产生的状态,250,本轮最优路径,沉积后,0.012735946374380153,0.01273616682193164,1.1360010953948716e-05
0,81001,0,不使用 GP 产生的状态,250,本轮最优路径,重启和可选上界处理后,0.012735946374380153,0.01273616682193164,1.1360010953948716e-05
0,81001,1,不使用 GP 产生的状态,250,本轮最优路径,更新前,0.0006321713374266171,0.0,0.0
0,81001,1,不使用 GP 产生的状态,250,本轮最优路径,蒸发和下界保护后,0.0006321713374266171,0.0,0.0
0,81001,1,不使用 GP 产生的状态,250,本轮最优路径,沉积后,0.0006321713374266171,0.0006322638129669171,5.645947842977308e-07
0,81001,1,不使用 GP 产生的状态,250,本轮最优路径,重启和可选上界处理后,0.0006321713374266171,0.0006322638129669171,5.645947842977308e-07
0,81001,2,不使用 GP 产生的状态,250,本轮最优路径,更新前,0.0006643784908064027,0.0,0.0
0,81001,2,不使用 GP 产生的状态,250,本轮最优路径,蒸发和下界保护后,0.0006643784908064027,0.0,0.0
0,81001,2,不使用 GP 产生的状态,250,本轮最优路径,沉积后,0.0006643784908064027,0.0006645533488280432,5.890510361667358e-07
0,81001,2,不使用 GP 产生的状态,250,本轮最优路径,重启和可选上界处理后,0.0006643784908064027,0.0006645533488280432,5.890510361667358e-07
0,81001,3,不使用 GP 产生的状态,250,本轮最优路径,更新前,0.0039530762844200255,0.0,0.0
0,81001,3,不使用 GP 产生的状态,250,本轮最优路径,蒸发和下界保护后,0.0039530762844200255,0.0,0.0
0,81001,3,不使用 GP 产生的状态,250,本轮最优路径,沉积后,0.0039530762844200255,0.003952946276155659,3.5364288744811504e-06
0,81001,3,不使用 GP 产生的状态,250,本轮最优路径,重启和可选上界处理后,0.0039530762844200255,0.003952946276155659,3.5364288744811504e-06
0,81001,4,不使用 GP 产生的状态,250,本轮最优路径,更新前,0.0007572102137555287,0.0,0.0
0,81001,4,不使用 GP 产生的状态,250,本轮最优路径,蒸发和下界保护后,0.0007572102137555287,0.0,0.0
0,81001,4,不使用 GP 产生的状态,250,本轮最优路径,沉积后,0.0007572102137555287,0.0007571650280446573,6.696732762160038e-07
0,81001,4,不使用 GP 产生的状态,250,本轮最优路径,重启和可选上界处理后,0.0007572102137555287,0.0007571650280446573,6.696732762160038e-07
0,81001,5,不使用 GP 产生的状态,250,本轮最优路径,更新前,0.0059393421533151984,0.0,0.0
0,81001,5,不使用 GP 产生的状态,250,本轮最优路径,蒸发和下界保护后,0.0059393421533151984,0.0,0.0
0,81001,5,不使用 GP 产生的状态,250,本轮最优路径,沉积后,0.0059393421533151984,0.005939444510941373,5.120310923101589e-06
0,81001,5,不使用 GP 产生的状态,250,本轮最优路径,重启和可选上界处理后,0.0059393421533151984,0.005939444510941373,5.120310923101589e-06
0,81001,6,不使用 GP 产生的状态,250,本轮最优路径,更新前,0.005594180144266633,0.0,0.0
0,81001,6,不使用 GP 产生的状态,250,本轮最优路径,蒸发和下界保护后,0.005594180144266633,0.0,0.0
0,81001,6,不使用 GP 产生的状态,250,本轮最优路径,沉积后,0.005594180144266633,0.005594437981559686,4.973764158594338e-06
0,81001,6,不使用 GP 产生的状态,250,本轮最优路径,重启和可选上界处理后,0.005594180144266633,0.005594437981559686,4.973764158594338e-06
0,81001,7,不使用 GP 产生的状态,250,本轮最优路径,更新前,0.000650509710756007,0.0,0.0
0,81001,7,不使用 GP 产生的状态,250,本轮最优路径,蒸发和下界保护后,0.000650509710756007,0.0,0.0
0,81001,7,不使用 GP 产生的状态,250,本轮最优路径,沉积后,0.000650509710756007,0.0006504124137484537,5.755332797870872e-07
0,81001,7,不使用 GP 产生的状态,250,本轮最优路径,重启和可选上界处理后,0.000650509710756007,0.0006504124137484537,5.755332797870872e-07
0,81001,0,不使用 GP 产生的状态,250,历史重启阶段最优路径,更新前,0.012735946374380153,0.0,0.0
0,81001,0,不使用 GP 产生的状态,250,历史重启阶段最优路径,蒸发和下界保护后,0.012735946374380153,0.0,0.0
0,81001,0,不使用 GP 产生的状态,250,历史重启阶段最优路径,沉积后,0.012735946374380153,0.01273616682193164,1.1360010953948716e-05
0,81001,0,不使用 GP 产生的状态,250,历史重启阶段最优路径,重启和可选上界处理后,0.012735946374380153,0.01273616682193164,1.1360010953948716e-05
0,81001,1,不使用 GP 产生的状态,250,历史重启阶段最优路径,更新前,0.0006321713374266171,0.0,0.0
0,81001,1,不使用 GP 产生的状态,250,历史重启阶段最优路径,蒸发和下界保护后,0.0006321713374266171,0.0,0.0
0,81001,1,不使用 GP 产生的状态,250,历史重启阶段最优路径,沉积后,0.0006321713374266171,0.0006322638129669171,5.645947842977308e-07
0,81001,1,不使用 GP 产生的状态,250,历史重启阶段最优路径,重启和可选上界处理后,0.0006321713374266171,0.0006322638129669171,5.645947842977308e-07
0,81001,2,不使用 GP 产生的状态,250,历史重启阶段最优路径,更新前,0.0006638322886004398,0.0,0.0
0,81001,2,不使用 GP 产生的状态,250,历史重启阶段最优路径,蒸发和下界保护后,0.0006638322886004398,0.0,0.0
0,81001,2,不使用 GP 产生的状态,250,历史重启阶段最优路径,沉积后,0.0006638322886004398,0.0006638895970645554,5.884626956448959e-07
0,81001,2,不使用 GP 产生的状态,250,历史重启阶段最优路径,重启和可选上界处理后,0.0006638322886004398,0.0006638895970645554,5.884626956448959e-07
0,81001,3,不使用 GP 产生的状态,250,历史重启阶段最优路径,更新前,0.003954191014916898,0.0,0.0
0,81001,3,不使用 GP 产生的状态,250,历史重启阶段最优路径,蒸发和下界保护后,0.003954191014916898,0.0,0.0
0,81001,3,不使用 GP 产生的状态,250,历史重启阶段最优路径,沉积后,0.003954191014916898,0.003953960415406754,3.5373361550460176e-06
0,81001,3,不使用 GP 产生的状态,250,历史重启阶段最优路径,重启和可选上界处理后,0.003954191014916898,0.003953960415406754,3.5373361550460176e-06
0,81001,4,不使用 GP 产生的状态,250,历史重启阶段最优路径,更新前,0.0007568954802174056,0.0,0.0
0,81001,4,不使用 GP 产生的状态,250,历史重启阶段最优路径,蒸发和下界保护后,0.0007568954802174056,0.0,0.0
0,81001,4,不使用 GP 产生的状态,250,历史重启阶段最优路径,沉积后,0.0007568954802174056,0.0007569009025027102,6.694396708453692e-07
0,81001,4,不使用 GP 产生的状态,250,历史重启阶段最优路径,重启和可选上界处理后,0.0007568954802174056,0.0007569009025027102,6.694396708453692e-07
0,81001,5,不使用 GP 产生的状态,250,历史重启阶段最优路径,更新前,0.005939883550528215,0.0,0.0
0,81001,5,不使用 GP 产生的状态,250,历史重启阶段最优路径,蒸发和下界保护后,0.005939883550528215,0.0,0.0
0,81001,5,不使用 GP 产生的状态,250,历史重启阶段最优路径,沉积后,0.005939883550528215,0.005939932332704531,5.120731467328885e-06
0,81001,5,不使用 GP 产生的状态,250,历史重启阶段最优路径,重启和可选上界处理后,0.005939883550528215,0.005939932332704531,5.120731467328885e-06
0,81001,6,不使用 GP 产生的状态,250,历史重启阶段最优路径,更新前,0.005594180144266633,0.0,0.0
0,81001,6,不使用 GP 产生的状态,250,历史重启阶段最优路径,蒸发和下界保护后,0.005594180144266633,0.0,0.0
0,81001,6,不使用 GP 产生的状态,250,历史重启阶段最优路径,沉积后,0.005594180144266633,0.005594437981559686,4.973764158594338e-06
0,81001,6,不使用 GP 产生的状态,250,历史重启阶段最优路径,重启和可选上界处理后,0.005594180144266633,0.005594437981559686,4.973764158594338e-06
0,81001,7,不使用 GP 产生的状态,250,历史重启阶段最优路径,更新前,0.0006505387399516866,0.0,0.0
0,81001,7,不使用 GP 产生的状态,250,历史重启阶段最优路径,蒸发和下界保护后,0.0006505387399516866,0.0,0.0
0,81001,7,不使用 GP 产生的状态,250,历史重启阶段最优路径,沉积后,0.0006505387399516866,0.0006506908972188716,5.7577970267464e-07
0,81001,7,不使用 GP 产生的状态,250,历史重启阶段最优路径,重启和可选上界处理后,0.0006505387399516866,0.0006506908972188716,5.7577970267464e-07
0,81001,0,不使用 GP 产生的状态,250,历史全局最优路径,更新前,0.012735946374380153,0.0,0.0
0,81001,0,不使用 GP 产生的状态,250,历史全局最优路径,蒸发和下界保护后,0.012735946374380153,0.0,0.0
0,81001,0,不使用 GP 产生的状态,250,历史全局最优路径,沉积后,0.012735946374380153,0.01273616682193164,1.1360010953948716e-05
0,81001,0,不使用 GP 产生的状态,250,历史全局最优路径,重启和可选上界处理后,0.012735946374380153,0.01273616682193164,1.1360010953948716e-05
0,81001,1,不使用 GP 产生的状态,250,历史全局最优路径,更新前,0.0006321713374266171,0.0,0.0
0,81001,1,不使用 GP 产生的状态,250,历史全局最优路径,蒸发和下界保护后,0.0006321713374266171,0.0,0.0
0,81001,1,不使用 GP 产生的状态,250,历史全局最优路径,沉积后,0.0006321713374266171,0.0006322638129669171,5.645947842977308e-07
0,81001,1,不使用 GP 产生的状态,250,历史全局最优路径,重启和可选上界处理后,0.0006321713374266171,0.0006322638129669171,5.645947842977308e-07
0,81001,2,不使用 GP 产生的状态,250,历史全局最优路径,更新前,0.0006638322886004398,0.0,0.0
0,81001,2,不使用 GP 产生的状态,250,历史全局最优路径,蒸发和下界保护后,0.0006638322886004398,0.0,0.0
0,81001,2,不使用 GP 产生的状态,250,历史全局最优路径,沉积后,0.0006638322886004398,0.0006638895970645554,5.884626956448959e-07
0,81001,2,不使用 GP 产生的状态,250,历史全局最优路径,重启和可选上界处理后,0.0006638322886004398,0.0006638895970645554,5.884626956448959e-07
0,81001,3,不使用 GP 产生的状态,250,历史全局最优路径,更新前,0.003954191014916898,0.0,0.0
0,81001,3,不使用 GP 产生的状态,250,历史全局最优路径,蒸发和下界保护后,0.003954191014916898,0.0,0.0
0,81001,3,不使用 GP 产生的状态,250,历史全局最优路径,沉积后,0.003954191014916898,0.003953960415406754,3.5373361550460176e-06
0,81001,3,不使用 GP 产生的状态,250,历史全局最优路径,重启和可选上界处理后,0.003954191014916898,0.003953960415406754,3.5373361550460176e-06
0,81001,4,不使用 GP 产生的状态,250,历史全局最优路径,更新前,0.0007568954802174056,0.0,0.0
0,81001,4,不使用 GP 产生的状态,250,历史全局最优路径,蒸发和下界保护后,0.0007568954802174056,0.0,0.0
0,81001,4,不使用 GP 产生的状态,250,历史全局最优路径,沉积后,0.0007568954802174056,0.0007569009025027102,6.694396708453692e-07
0,81001,4,不使用 GP 产生的状态,250,历史全局最优路径,重启和可选上界处理后,0.0007568954802174056,0.0007569009025027102,6.694396708453692e-07
0,81001,5,不使用 GP 产生的状态,250,历史全局最优路径,更新前,0.005939883550528215,0.0,0.0
0,81001,5,不使用 GP 产生的状态,250,历史全局最优路径,蒸发和下界保护后,0.005939883550528215,0.0,0.0
0,81001,5,不使用 GP 产生的状态,250,历史全局最优路径,沉积后,0.005939883550528215,0.005939932332704531,5.120731467328885e-06
0,81001,5,不使用 GP 产生的状态,250,历史全局最优路径,重启和可选上界处理后,0.005939883550528215,0.005939932332704531,5.120731467328885e-06
0,81001,6,不使用 GP 产生的状态,250,历史全局最优路径,更新前,0.005594180144266633,0.0,0.0
0,81001,6,不使用 GP 产生的状态,250,历史全局最优路径,蒸发和下界保护后,0.005594180144266633,0.0,0.0
0,81001,6,不使用 GP 产生的状态,250,历史全局最优路径,沉积后,0.005594180144266633,0.005594437981559686,4.973764158594338e-06
0,81001,6,不使用 GP 产生的状态,250,历史全局最优路径,重启和可选上界处理后,0.005594180144266633,0.005594437981559686,4.973764158594338e-06
0,81001,7,不使用 GP 产生的状态,250,历史全局最优路径,更新前,0.0006505387399516866,0.0,0.0
0,81001,7,不使用 GP 产生的状态,250,历史全局最优路径,蒸发和下界保护后,0.0006505387399516866,0.0,0.0
0,81001,7,不使用 GP 产生的状态,250,历史全局最优路径,沉积后,0.0006505387399516866,0.0006506908972188716,5.7577970267464e-07
0,81001,7,不使用 GP 产生的状态,250,历史全局最优路径,重启和可选上界处理后,0.0006505387399516866,0.0006506908972188716,5.7577970267464e-07
0,81002,0,不使用 GP 产生的状态,250,本轮最优路径,更新前,0.01186783535319307,0.0,0.0
0,81002,0,不使用 GP 产生的状态,250,本轮最优路径,蒸发和下界保护后,0.01186783535319307,0.0,0.0
0,81002,0,不使用 GP 产生的状态,250,本轮最优路径,沉积后,0.01186783535319307,0.011868032000321865,1.0585678988854712e-05
0,81002,0,不使用 GP 产生的状态,250,本轮最优路径,重启和可选上界处理后,0.01186783535319307,0.011868032000321865,1.0585678988854712e-05
0,81002,1,不使用 GP 产生的状态,250,本轮最优路径,更新前,0.0018070187978166895,0.0,0.0
0,81002,1,不使用 GP 产生的状态,250,本轮最优路径,蒸发和下界保护后,0.0018070187978166895,0.0,0.0
0,81002,1,不使用 GP 产生的状态,250,本轮最优路径,沉积后,0.0018070187978166895,0.0018069318507054292,1.61354212840758e-06
0,81002,1,不使用 GP 产生的状态,250,本轮最优路径,重启和可选上界处理后,0.0018070187978166895,0.0018069318507054292,1.61354212840758e-06
0,81002,2,不使用 GP 产生的状态,250,本轮最优路径,更新前,0.0002743914598706828,0.0,0.0
0,81002,2,不使用 GP 产生的状态,250,本轮最优路径,蒸发和下界保护后,0.0002743914598706828,0.0,0.0
0,81002,2,不使用 GP 产生的状态,250,本轮最优路径,沉积后,0.0002743914598706828,0.0002744667306892226,2.4328357142568147e-07
0,81002,2,不使用 GP 产生的状态,250,本轮最优路径,重启和可选上界处理后,0.0002743914598706828,0.0002744667306892226,2.4328357142568147e-07
0,81002,3,不使用 GP 产生的状态,250,本轮最优路径,更新前,0.00385314742015579,0.0,0.0
0,81002,3,不使用 GP 产生的状态,250,本轮最优路径,蒸发和下界保护后,0.00385314742015579,0.0,0.0
0,81002,3,不使用 GP 产生的状态,250,本轮最优路径,沉积后,0.00385314742015579,0.0038531388194173034,3.4471380146414585e-06
0,81002,3,不使用 GP 产生的状态,250,本轮最优路径,重启和可选上界处理后,0.00385314742015579,0.0038531388194173034,3.4471380146414585e-06
0,81002,4,不使用 GP 产生的状态,250,本轮最优路径,更新前,0.00014121763698653376,0.0,0.0
0,81002,4,不使用 GP 产生的状态,250,本轮最优路径,蒸发和下界保护后,0.00014121763698653376,0.0,0.0
0,81002,4,不使用 GP 产生的状态,250,本轮最优路径,沉积后,0.00014121763698653376,0.00014147007449126877,1.2512295835393815e-07
0,81002,4,不使用 GP 产生的状态,250,本轮最优路径,重启和可选上界处理后,0.00014121763698653376,0.00014147007449126877,1.2512295835393815e-07
0,81002,5,不使用 GP 产生的状态,250,本轮最优路径,更新前,0.00960707297638058,0.0,0.0
0,81002,5,不使用 GP 产生的状态,250,本轮最优路径,蒸发和下界保护后,0.00960707297638058,0.0,0.0
0,81002,5,不使用 GP 产生的状态,250,本轮最优路径,沉积后,0.00960707297638058,0.009607075403354527,8.282123527922347e-06
0,81002,5,不使用 GP 产生的状态,250,本轮最优路径,重启和可选上界处理后,0.00960707297638058,0.009607075403354527,8.282123527922347e-06
0,81002,6,不使用 GP 产生的状态,250,本轮最优路径,更新前,0.005888141047328286,0.0,0.0
0,81002,6,不使用 GP 产生的状态,250,本轮最优路径,蒸发和下界保护后,0.005888141047328286,0.0,0.0
0,81002,6,不使用 GP 产生的状态,250,本轮最优路径,沉积后,0.005888141047328286,0.00588819903045663,5.234933945624019e-06
0,81002,6,不使用 GP 产生的状态,250,本轮最优路径,重启和可选上界处理后,0.005888141047328286,0.00588819903045663,5.234933945624019e-06
0,81002,7,不使用 GP 产生的状态,250,本轮最优路径,更新前,0.0005208723341397323,0.0,0.0
0,81002,7,不使用 GP 产生的状态,250,本轮最优路径,蒸发和下界保护后,0.0005208723341397323,0.0,0.0
0,81002,7,不使用 GP 产生的状态,250,本轮最优路径,沉积后,0.0005208723341397323,0.0005208738102005295,4.609078885998125e-07
0,81002,7,不使用 GP 产生的状态,250,本轮最优路径,重启和可选上界处理后,0.0005208723341397323,0.0005208738102005295,4.609078885998125e-07
0,81002,0,不使用 GP 产生的状态,250,历史重启阶段最优路径,更新前,0.01186783535319307,0.0,0.0
0,81002,0,不使用 GP 产生的状态,250,历史重启阶段最优路径,蒸发和下界保护后,0.01186783535319307,0.0,0.0
0,81002,0,不使用 GP 产生的状态,250,历史重启阶段最优路径,沉积后,0.01186783535319307,0.011868032000321865,1.0585678988854712e-05
0,81002,0,不使用 GP 产生的状态,250,历史重启阶段最优路径,重启和可选上界处理后,0.01186783535319307,0.011868032000321865,1.0585678988854712e-05
0,81002,1,不使用 GP 产生的状态,250,历史重启阶段最优路径,更新前,0.001797327084771797,0.0,0.0
0,81002,1,不使用 GP 产生的状态,250,历史重启阶段最优路径,蒸发和下界保护后,0.001797327084771797,0.0,0.0
0,81002,1,不使用 GP 产生的状态,250,历史重启阶段最优路径,沉积后,0.001797327084771797,0.001797222924142845,1.604872314975364e-06
0,81002,1,不使用 GP 产生的状态,250,历史重启阶段最优路径,重启和可选上界处理后,0.001797327084771797,0.001797222924142845,1.604872314975364e-06
0,81002,2,不使用 GP 产生的状态,250,历史重启阶段最优路径,更新前,0.00030502301722978365,0.0,0.0
0,81002,2,不使用 GP 产生的状态,250,历史重启阶段最优路径,蒸发和下界保护后,0.00030502301722978365,0.0,0.0
0,81002,2,不使用 GP 产生的状态,250,历史重启阶段最优路径,沉积后,0.00030502301722978365,0.00030504525633526133,2.7038796003197675e-07
0,81002,2,不使用 GP 产生的状态,250,历史重启阶段最优路径,重启和可选上界处理后,0.00030502301722978365,0.00030504525633526133,2.7038796003197675e-07
0,81002,3,不使用 GP 产生的状态,250,历史重启阶段最优路径,更新前,0.00391244577256821,0.0,0.0
0,81002,3,不使用 GP 产生的状态,250,历史重启阶段最优路径,蒸发和下界保护后,0.00391244577256821,0.0,0.0
0,81002,3,不使用 GP 产生的状态,250,历史重启阶段最优路径,沉积后,0.00391244577256821,0.003912388185014866,3.5001443427460957e-06
0,81002,3,不使用 GP 产生的状态,250,历史重启阶段最优路径,重启和可选上界处理后,0.00391244577256821,0.003912388185014866,3.5001443427460957e-06
0,81002,4,不使用 GP 产生的状态,250,历史重启阶段最优路径,更新前,0.00011715473975714208,0.0,0.0
0,81002,4,不使用 GP 产生的状态,250,历史重启阶段最优路径,蒸发和下界保护后,0.00011715473975714208,0.0,0.0
0,81002,4,不使用 GP 产生的状态,250,历史重启阶段最优路径,沉积后,0.00011715473975714208,0.00011741344301378456,1.0384611299058135e-07
0,81002,4,不使用 GP 产生的状态,250,历史重启阶段最优路径,重启和可选上界处理后,0.00011715473975714208,0.00011741344301378456,1.0384611299058135e-07
0,81002,5,不使用 GP 产生的状态,250,历史重启阶段最优路径,更新前,0.009587676115208896,0.0,0.0
0,81002,5,不使用 GP 产生的状态,250,历史重启阶段最优路径,蒸发和下界保护后,0.009587676115208896,0.0,0.0
0,81002,5,不使用 GP 产生的状态,250,历史重启阶段最优路径,沉积后,0.009587676115208896,0.009587687279289048,8.265409300986134e-06
0,81002,5,不使用 GP 产生的状态,250,历史重启阶段最优路径,重启和可选上界处理后,0.009587676115208896,0.009587687279289048,8.265409300986134e-06
0,81002,6,不使用 GP 产生的状态,250,历史重启阶段最优路径,更新前,0.005888141047328286,0.0,0.0
0,81002,6,不使用 GP 产生的状态,250,历史重启阶段最优路径,蒸发和下界保护后,0.005888141047328286,0.0,0.0
0,81002,6,不使用 GP 产生的状态,250,历史重启阶段最优路径,沉积后,0.005888141047328286,0.00588819903045663,5.234933945624019e-06
0,81002,6,不使用 GP 产生的状态,250,历史重启阶段最优路径,重启和可选上界处理后,0.005888141047328286,0.00588819903045663,5.234933945624019e-06
0,81002,7,不使用 GP 产生的状态,250,历史重启阶段最优路径,更新前,0.0007891351905820425,0.0,0.0
0,81002,7,不使用 GP 产生的状态,250,历史重启阶段最优路径,蒸发和下界保护后,0.0007891351905820425,0.0,0.0
0,81002,7,不使用 GP 产生的状态,250,历史重启阶段最优路径,沉积后,0.0007891351905820425,0.0007891837775832859,6.983285039866006e-07
0,81002,7,不使用 GP 产生的状态,250,历史重启阶段最优路径,重启和可选上界处理后,0.0007891351905820425,0.0007891837775832859,6.983285039866006e-07
0,81002,0,不使用 GP 产生的状态,250,历史全局最优路径,更新前,0.01186783535319307,0.0,0.0
0,81002,0,不使用 GP 产生的状态,250,历史全局最优路径,蒸发和下界保护后,0.01186783535319307,0.0,0.0
0,81002,0,不使用 GP 产生的状态,250,历史全局最优路径,沉积后,0.01186783535319307,0.011868032000321865,1.0585678988854712e-05
0,81002,0,不使用 GP 产生的状态,250,历史全局最优路径,重启和可选上界处理后,0.01186783535319307,0.011868032000321865,1.0585678988854712e-05
0,81002,1,不使用 GP 产生的状态,250,历史全局最优路径,更新前,0.001797327084771797,0.0,0.0
0,81002,1,不使用 GP 产生的状态,250,历史全局最优路径,蒸发和下界保护后,0.001797327084771797,0.0,0.0
0,81002,1,不使用 GP 产生的状态,250,历史全局最优路径,沉积后,0.001797327084771797,0.001797222924142845,1.604872314975364e-06
0,81002,1,不使用 GP 产生的状态,250,历史全局最优路径,重启和可选上界处理后,0.001797327084771797,0.001797222924142845,1.604872314975364e-06
0,81002,2,不使用 GP 产生的状态,250,历史全局最优路径,更新前,0.00030502301722978365,0.0,0.0
0,81002,2,不使用 GP 产生的状态,250,历史全局最优路径,蒸发和下界保护后,0.00030502301722978365,0.0,0.0
0,81002,2,不使用 GP 产生的状态,250,历史全局最优路径,沉积后,0.00030502301722978365,0.00030504525633526133,2.7038796003197675e-07
0,81002,2,不使用 GP 产生的状态,250,历史全局最优路径,重启和可选上界处理后,0.00030502301722978365,0.00030504525633526133,2.7038796003197675e-07
0,81002,3,不使用 GP 产生的状态,250,历史全局最优路径,更新前,0.00391244577256821,0.0,0.0
0,81002,3,不使用 GP 产生的状态,250,历史全局最优路径,蒸发和下界保护后,0.00391244577256821,0.0,0.0
0,81002,3,不使用 GP 产生的状态,250,历史全局最优路径,沉积后,0.00391244577256821,0.003912388185014866,3.5001443427460957e-06
0,81002,3,不使用 GP 产生的状态,250,历史全局最优路径,重启和可选上界处理后,0.00391244577256821,0.003912388185014866,3.5001443427460957e-06
0,81002,4,不使用 GP 产生的状态,250,历史全局最优路径,更新前,0.00011715473975714208,0.0,0.0
0,81002,4,不使用 GP 产生的状态,250,历史全局最优路径,蒸发和下界保护后,0.00011715473975714208,0.0,0.0
0,81002,4,不使用 GP 产生的状态,250,历史全局最优路径,沉积后,0.00011715473975714208,0.00011741344301378456,1.0384611299058135e-07
0,81002,4,不使用 GP 产生的状态,250,历史全局最优路径,重启和可选上界处理后,0.00011715473975714208,0.00011741344301378456,1.0384611299058135e-07
0,81002,5,不使用 GP 产生的状态,250,历史全局最优路径,更新前,0.009587676115208896,0.0,0.0
0,81002,5,不使用 GP 产生的状态,250,历史全局最优路径,蒸发和下界保护后,0.009587676115208896,0.0,0.0
0,81002,5,不使用 GP 产生的状态,250,历史全局最优路径,沉积后,0.009587676115208896,0.009587687279289048,8.265409300986134e-06
0,81002,5,不使用 GP 产生的状态,250,历史全局最优路径,重启和可选上界处理后,0.009587676115208896,0.009587687279289048,8.265409300986134e-06
0,81002,6,不使用 GP 产生的状态,250,历史全局最优路径,更新前,0.005888141047328286,0.0,0.0
0,81002,6,不使用 GP 产生的状态,250,历史全局最优路径,蒸发和下界保护后,0.005888141047328286,0.0,0.0
0,81002,6,不使用 GP 产生的状态,250,历史全局最优路径,沉积后,0.005888141047328286,0.00588819903045663,5.234933945624019e-06
0,81002,6,不使用 GP 产生的状态,250,历史全局最优路径,重启和可选上界处理后,0.005888141047328286,0.00588819903045663,5.234933945624019e-06
0,81002,7,不使用 GP 产生的状态,250,历史全局最优路径,更新前,0.0007891351905820425,0.0,0.0
0,81002,7,不使用 GP 产生的状态,250,历史全局最优路径,蒸发和下界保护后,0.0007891351905820425,0.0,0.0
0,81002,7,不使用 GP 产生的状态,250,历史全局最优路径,沉积后,0.0007891351905820425,0.0007891837775832859,6.983285039866006e-07
0,81002,7,不使用 GP 产生的状态,250,历史全局最优路径,重启和可选上界处理后,0.0007891351905820425,0.0007891837775832859,6.983285039866006e-07
0,81001,0,GP 表达式自身产生的状态,250,本轮最优路径,更新前,0.011832199906623275,0.0,0.0
0,81001,0,GP 表达式自身产生的状态,250,本轮最优路径,蒸发和下界保护后,0.011832199906623275,0.0,0.0
0,81001,0,GP 表达式自身产生的状态,250,本轮最优路径,沉积后,0.011832199906623275,0.011832179125805378,1.0549538284897746e-05
0,81001,0,GP 表达式自身产生的状态,250,本轮最优路径,重启和可选上界处理后,0.011832199906623275,0.011832179125805378,1.0549538284897746e-05
0,81001,1,GP 表达式自身产生的状态,250,本轮最优路径,更新前,0.0008399274126378816,0.0,0.0
0,81001,1,GP 表达式自身产生的状态,250,本轮最优路径,蒸发和下界保护后,0.0008399274126378816,0.0,0.0
0,81001,1,GP 表达式自身产生的状态,250,本轮最优路径,沉积后,0.0008399274126378816,0.0008399122051338877,7.498341599471513e-07
0,81001,1,GP 表达式自身产生的状态,250,本轮最优路径,重启和可选上界处理后,0.0008399274126378816,0.0008399122051338877,7.498341599471513e-07
0,81001,2,GP 表达式自身产生的状态,250,本轮最优路径,更新前,0.0005401177698273517,0.0,0.0
0,81001,2,GP 表达式自身产生的状态,250,本轮最优路径,蒸发和下界保护后,0.0005401177698273517,0.0,0.0
0,81001,2,GP 表达式自身产生的状态,250,本轮最优路径,沉积后,0.0005401177698273517,0.0005401822365427412,4.79206850506295e-07
0,81001,2,GP 表达式自身产生的状态,250,本轮最优路径,重启和可选上界处理后,0.0005401177698273517,0.0005401822365427412,4.79206850506295e-07
0,81001,3,GP 表达式自身产生的状态,250,本轮最优路径,更新前,0.019497319172081397,0.0,0.0
0,81001,3,GP 表达式自身产生的状态,250,本轮最优路径,蒸发和下界保护后,0.019497319172081397,0.0,0.0
0,81001,3,GP 表达式自身产生的状态,250,本轮最优路径,沉积后,0.019497319172081397,0.01949728702984167,1.748685509038906e-05
0,81001,3,GP 表达式自身产生的状态,250,本轮最优路径,重启和可选上界处理后,0.019497319172081397,0.01949728702984167,1.748685509038906e-05
0,81001,4,GP 表达式自身产生的状态,250,本轮最优路径,更新前,0.0007881918109620612,0.0,0.0
0,81001,4,GP 表达式自身产生的状态,250,本轮最优路径,蒸发和下界保护后,0.0007881918109620612,0.0,0.0
0,81001,4,GP 表达式自身产生的状态,250,本轮最优路径,沉积后,0.0007881918109620612,0.0007881611688911352,6.990190836156516e-07
0,81001,4,GP 表达式自身产生的状态,250,本轮最优路径,重启和可选上界处理后,0.0007881918109620612,0.0007881611688911352,6.990190836156516e-07
0,81001,5,GP 表达式自身产生的状态,250,本轮最优路径,更新前,0.0006893914886912714,0.0,0.0
0,81001,5,GP 表达式自身产生的状态,250,本轮最优路径,蒸发和下界保护后,0.0006893914886912714,0.0,0.0
0,81001,5,GP 表达式自身产生的状态,250,本轮最优路径,沉积后,0.0006893914886912714,0.0006894225638836035,5.941660488163739e-07
0,81001,5,GP 表达式自身产生的状态,250,本轮最优路径,重启和可选上界处理后,0.0006893914886912714,0.0006894225638836035,5.941660488163739e-07
0,81001,6,GP 表达式自身产生的状态,250,本轮最优路径,更新前,0.00039785878060184126,0.0,0.0
0,81001,6,GP 表达式自身产生的状态,250,本轮最优路径,蒸发和下界保护后,0.00039785878060184126,0.0,0.0
0,81001,6,GP 表达式自身产生的状态,250,本轮最优路径,沉积后,0.00039785878060184126,0.00039780078734837196,3.536232271438613e-07
0,81001,6,GP 表达式自身产生的状态,250,本轮最优路径,重启和可选上界处理后,0.00039785878060184126,0.00039780078734837196,3.536232271438613e-07
0,81001,7,GP 表达式自身产生的状态,250,本轮最优路径,更新前,0.0007452890435153072,0.0,0.0
0,81001,7,GP 表达式自身产生的状态,250,本轮最优路径,蒸发和下界保护后,0.0007452890435153072,0.0,0.0
0,81001,7,GP 表达式自身产生的状态,250,本轮最优路径,沉积后,0.0007452890435153072,0.0007452799172078755,6.578185537019895e-07
0,81001,7,GP 表达式自身产生的状态,250,本轮最优路径,重启和可选上界处理后,0.0007452890435153072,0.0007452799172078755,6.578185537019895e-07
0,81001,0,GP 表达式自身产生的状态,250,历史重启阶段最优路径,更新前,0.013775622058247627,0.0,0.0
0,81001,0,GP 表达式自身产生的状态,250,历史重启阶段最优路径,蒸发和下界保护后,0.013775622058247627,0.0,0.0
0,81001,0,GP 表达式自身产生的状态,250,历史重启阶段最优路径,沉积后,0.013775622058247627,0.01377561333772583,1.2282298869811505e-05
0,81001,0,GP 表达式自身产生的状态,250,历史重启阶段最优路径,重启和可选上界处理后,0.013775622058247627,0.01377561333772583,1.2282298869811505e-05
0,81001,1,GP 表达式自身产生的状态,250,历史重启阶段最优路径,更新前,0.0008397200375834181,0.0,0.0
0,81001,1,GP 表达式自身产生的状态,250,历史重启阶段最优路径,蒸发和下界保护后,0.0008397200375834181,0.0,0.0
0,81001,1,GP 表达式自身产生的状态,250,历史重启阶段最优路径,沉积后,0.0008397200375834181,0.0008396879887113647,7.496339900582019e-07
0,81001,1,GP 表达式自身产生的状态,250,历史重启阶段最优路径,重启和可选上界处理后,0.0008397200375834181,0.0008396879887113647,7.496339900582019e-07
0,81001,2,GP 表达式自身产生的状态,250,历史重启阶段最优路径,更新前,0.0005401177698273517,0.0,0.0
0,81001,2,GP 表达式自身产生的状态,250,历史重启阶段最优路径,蒸发和下界保护后,0.0005401177698273517,0.0,0.0
0,81001,2,GP 表达式自身产生的状态,250,历史重启阶段最优路径,沉积后,0.0005401177698273517,0.0005401822365427412,4.79206850506295e-07
0,81001,2,GP 表达式自身产生的状态,250,历史重启阶段最优路径,重启和可选上界处理后,0.0005401177698273517,0.0005401822365427412,4.79206850506295e-07
0,81001,3,GP 表达式自身产生的状态,250,历史重启阶段最优路径,更新前,0.019497319172081397,0.0,0.0
0,81001,3,GP 表达式自身产生的状态,250,历史重启阶段最优路径,蒸发和下界保护后,0.019497319172081397,0.0,0.0
0,81001,3,GP 表达式自身产生的状态,250,历史重启阶段最优路径,沉积后,0.019497319172081397,0.01949728702984167,1.748685509038906e-05
0,81001,3,GP 表达式自身产生的状态,250,历史重启阶段最优路径,重启和可选上界处理后,0.019497319172081397,0.01949728702984167,1.748685509038906e-05
0,81001,4,GP 表达式自身产生的状态,250,历史重启阶段最优路径,更新前,0.0007881689796150967,0.0,0.0
0,81001,4,GP 表达式自身产生的状态,250,历史重启阶段最优路径,蒸发和下界保护后,0.0007881689796150967,0.0,0.0
0,81001,4,GP 表达式自身产生的状态,250,历史重启阶段最优路径,沉积后,0.0007881689796150967,0.0007881621302110074,6.990199362089569e-07
0,81001,4,GP 表达式自身产生的状态,250,历史重启阶段最优路径,重启和可选上界处理后,0.0007881689796150967,0.0007881621302110074,6.990199362089569e-07
0,81001,5,GP 表达式自身产生的状态,250,历史重启阶段最优路径,更新前,0.0006892920723533026,0.0,0.0
0,81001,5,GP 表达式自身产生的状态,250,历史重启阶段最优路径,蒸发和下界保护后,0.0006892920723533026,0.0,0.0
0,81001,5,GP 表达式自身产生的状态,250,历史重启阶段最优路径,沉积后,0.0006892920723533026,0.0006893254539075656,5.940823563847858e-07
0,81001,5,GP 表达式自身产生的状态,250,历史重启阶段最优路径,重启和可选上界处理后,0.0006892920723533026,0.0006893254539075656,5.940823563847858e-07
0,81001,6,GP 表达式自身产生的状态,250,历史重启阶段最优路径,更新前,0.00039843471777669157,0.0,0.0
0,81001,6,GP 表达式自身产生的状态,250,历史重启阶段最优路径,蒸发和下界保护后,0.00039843471777669157,0.0,0.0
0,81001,6,GP 表达式自身产生的状态,250,历史重启阶段最优路径,沉积后,0.00039843471777669157,0.00039841389347690723,3.5416824508914867e-07
0,81001,6,GP 表达式自身产生的状态,250,历史重启阶段最优路径,重启和可选上界处理后,0.00039843471777669157,0.00039841389347690723,3.5416824508914867e-07
0,81001,7,GP 表达式自身产生的状态,250,历史重启阶段最优路径,更新前,0.0007452890435153072,0.0,0.0
0,81001,7,GP 表达式自身产生的状态,250,历史重启阶段最优路径,蒸发和下界保护后,0.0007452890435153072,0.0,0.0
0,81001,7,GP 表达式自身产生的状态,250,历史重启阶段最优路径,沉积后,0.0007452890435153072,0.0007452799172078755,6.578185537019895e-07
0,81001,7,GP 表达式自身产生的状态,250,历史重启阶段最优路径,重启和可选上界处理后,0.0007452890435153072,0.0007452799172078755,6.578185537019895e-07
0,81001,0,GP 表达式自身产生的状态,250,历史全局最优路径,更新前,0.013775622058247627,0.0,0.0
0,81001,0,GP 表达式自身产生的状态,250,历史全局最优路径,蒸发和下界保护后,0.013775622058247627,0.0,0.0
0,81001,0,GP 表达式自身产生的状态,250,历史全局最优路径,沉积后,0.013775622058247627,0.01377561333772583,1.2282298869811505e-05
0,81001,0,GP 表达式自身产生的状态,250,历史全局最优路径,重启和可选上界处理后,0.013775622058247627,0.01377561333772583,1.2282298869811505e-05
0,81001,1,GP 表达式自身产生的状态,250,历史全局最优路径,更新前,0.0008397200375834181,0.0,0.0
0,81001,1,GP 表达式自身产生的状态,250,历史全局最优路径,蒸发和下界保护后,0.0008397200375834181,0.0,0.0
0,81001,1,GP 表达式自身产生的状态,250,历史全局最优路径,沉积后,0.0008397200375834181,0.0008396879887113647,7.496339900582019e-07
0,81001,1,GP 表达式自身产生的状态,250,历史全局最优路径,重启和可选上界处理后,0.0008397200375834181,0.0008396879887113647,7.496339900582019e-07
0,81001,2,GP 表达式自身产生的状态,250,历史全局最优路径,更新前,0.0005401177698273517,0.0,0.0
0,81001,2,GP 表达式自身产生的状态,250,历史全局最优路径,蒸发和下界保护后,0.0005401177698273517,0.0,0.0
0,81001,2,GP 表达式自身产生的状态,250,历史全局最优路径,沉积后,0.0005401177698273517,0.0005401822365427412,4.79206850506295e-07
0,81001,2,GP 表达式自身产生的状态,250,历史全局最优路径,重启和可选上界处理后,0.0005401177698273517,0.0005401822365427412,4.79206850506295e-07
0,81001,3,GP 表达式自身产生的状态,250,历史全局最优路径,更新前,0.019497319172081397,0.0,0.0
0,81001,3,GP 表达式自身产生的状态,250,历史全局最优路径,蒸发和下界保护后,0.019497319172081397,0.0,0.0
0,81001,3,GP 表达式自身产生的状态,250,历史全局最优路径,沉积后,0.019497319172081397,0.01949728702984167,1.748685509038906e-05
0,81001,3,GP 表达式自身产生的状态,250,历史全局最优路径,重启和可选上界处理后,0.019497319172081397,0.01949728702984167,1.748685509038906e-05
0,81001,4,GP 表达式自身产生的状态,250,历史全局最优路径,更新前,0.0007881689796150967,0.0,0.0
0,81001,4,GP 表达式自身产生的状态,250,历史全局最优路径,蒸发和下界保护后,0.0007881689796150967,0.0,0.0
0,81001,4,GP 表达式自身产生的状态,250,历史全局最优路径,沉积后,0.0007881689796150967,0.0007881621302110074,6.990199362089569e-07
0,81001,4,GP 表达式自身产生的状态,250,历史全局最优路径,重启和可选上界处理后,0.0007881689796150967,0.0007881621302110074,6.990199362089569e-07
0,81001,5,GP 表达式自身产生的状态,250,历史全局最优路径,更新前,0.0006892920723533026,0.0,0.0
0,81001,5,GP 表达式自身产生的状态,250,历史全局最优路径,蒸发和下界保护后,0.0006892920723533026,0.0,0.0
0,81001,5,GP 表达式自身产生的状态,250,历史全局最优路径,沉积后,0.0006892920723533026,0.0006893254539075656,5.940823563847858e-07
0,81001,5,GP 表达式自身产生的状态,250,历史全局最优路径,重启和可选上界处理后,0.0006892920723533026,0.0006893254539075656,5.940823563847858e-07
0,81001,6,GP 表达式自身产生的状态,250,历史全局最优路径,更新前,0.00039843471777669157,0.0,0.0
0,81001,6,GP 表达式自身产生的状态,250,历史全局最优路径,蒸发和下界保护后,0.00039843471777669157,0.0,0.0
0,81001,6,GP 表达式自身产生的状态,250,历史全局最优路径,沉积后,0.00039843471777669157,0.00039841389347690723,3.5416824508914867e-07
0,81001,6,GP 表达式自身产生的状态,250,历史全局最优路径,重启和可选上界处理后,0.00039843471777669157,0.00039841389347690723,3.5416824508914867e-07
0,81001,7,GP 表达式自身产生的状态,250,历史全局最优路径,更新前,0.0007452890435153072,0.0,0.0
0,81001,7,GP 表达式自身产生的状态,250,历史全局最优路径,蒸发和下界保护后,0.0007452890435153072,0.0,0.0
0,81001,7,GP 表达式自身产生的状态,250,历史全局最优路径,沉积后,0.0007452890435153072,0.0007452799172078755,6.578185537019895e-07
0,81001,7,GP 表达式自身产生的状态,250,历史全局最优路径,重启和可选上界处理后,0.0007452890435153072,0.0007452799172078755,6.578185537019895e-07
0,81002,0,GP 表达式自身产生的状态,250,本轮最优路径,更新前,0.0004659772399221906,0.0,0.0
0,81002,0,GP 表达式自身产生的状态,250,本轮最优路径,蒸发和下界保护后,0.0004659772399221906,0.0,0.0
0,81002,0,GP 表达式自身产生的状态,250,本轮最优路径,沉积后,0.0004659772399221906,0.00046600349486818646,4.1499667355342824e-07
0,81002,0,GP 表达式自身产生的状态,250,本轮最优路径,重启和可选上界处理后,0.0004659772399221906,0.00046600349486818646,4.1499667355342824e-07
0,81002,1,GP 表达式自身产生的状态,250,本轮最优路径,更新前,0.0006917756842414559,0.0,0.0
0,81002,1,GP 表达式自身产生的状态,250,本轮最优路径,蒸发和下界保护后,0.0006917756842414559,0.0,0.0
0,81002,1,GP 表达式自身产生的状态,250,本轮最优路径,沉积后,0.0006917756842414559,0.0006917463509346146,6.165175095506782e-07
0,81002,1,GP 表达式自身产生的状态,250,本轮最优路径,重启和可选上界处理后,0.0006917756842414559,0.0006917463509346146,6.165175095506782e-07
0,81002,2,GP 表达式自身产生的状态,250,本轮最优路径,更新前,0.00026460863084439267,0.0,0.0
0,81002,2,GP 表达式自身产生的状态,250,本轮最优路径,蒸发和下界保护后,0.00026460863084439267,0.0,0.0
0,81002,2,GP 表达式自身产生的状态,250,本轮最优路径,沉积后,0.00026460863084439267,0.000264636122472471,2.3459485445769496e-07
0,81002,2,GP 表达式自身产生的状态,250,本轮最优路径,重启和可选上界处理后,0.00026460863084439267,0.000264636122472471,2.3459485445769496e-07
0,81002,3,GP 表达式自身产生的状态,250,本轮最优路径,更新前,0.005519402243188842,0.0,0.0
0,81002,3,GP 表达式自身产生的状态,250,本轮最优路径,蒸发和下界保护后,0.005519402243188842,0.0,0.0
0,81002,3,GP 表达式自身产生的状态,250,本轮最优路径,沉积后,0.005519402243188842,0.005519408722950008,4.939681565328625e-06
0,81002,3,GP 表达式自身产生的状态,250,本轮最优路径,重启和可选上界处理后,0.005519402243188842,0.005519408722950008,4.939681565328625e-06
0,81002,4,GP 表达式自身产生的状态,250,本轮最优路径,更新前,0.00025013431336013873,0.0,0.0
0,81002,4,GP 表达式自身产生的状态,250,本轮最优路径,蒸发和下界保护后,0.00025013431336013873,0.0,0.0
0,81002,4,GP 表达式自身产生的状态,250,本轮最优路径,沉积后,0.00025013431336013873,0.00025018941595558643,2.2114678850502088e-07
0,81002,4,GP 表达式自身产生的状态,250,本轮最优路径,重启和可选上界处理后,0.00025013431336013873,0.00025018941595558643,2.2114678850502088e-07
0,81002,5,GP 表达式自身产生的状态,250,本轮最优路径,更新前,0.00029598445070282977,0.0,0.0
0,81002,5,GP 表达式自身产生的状态,250,本轮最优路径,蒸发和下界保护后,0.00029598445070282977,0.0,0.0
0,81002,5,GP 表达式自身产生的状态,250,本轮最优路径,沉积后,0.00029598445070282977,0.0002960612552470729,2.5526828199764276e-07
0,81002,5,GP 表达式自身产生的状态,250,本轮最优路径,重启和可选上界处理后,0.00029598445070282977,0.0002960612552470729,2.5526828199764276e-07
0,81002,6,GP 表达式自身产生的状态,250,本轮最优路径,更新前,0.0009485668170830735,0.0,0.0
0,81002,6,GP 表达式自身产生的状态,250,本轮最优路径,蒸发和下界保护后,0.0009485668170830735,0.0,0.0
0,81002,6,GP 表达式自身产生的状态,250,本轮最优路径,沉积后,0.0009485668170830735,0.0009485285566453471,8.43150030033553e-07
0,81002,6,GP 表达式自身产生的状态,250,本轮最优路径,重启和可选上界处理后,0.0009485668170830735,0.0009485285566453471,8.43150030033553e-07
0,81002,7,GP 表达式自身产生的状态,250,本轮最优路径,更新前,0.0012423407774326061,0.0,0.0
0,81002,7,GP 表达式自身产生的状态,250,本轮最优路径,蒸发和下界保护后,0.0012423407774326061,0.0,0.0
0,81002,7,GP 表达式自身产生的状态,250,本轮最优路径,沉积后,0.0012423407774326061,0.0012423236272270728,1.0960855907949193e-06
0,81002,7,GP 表达式自身产生的状态,250,本轮最优路径,重启和可选上界处理后,0.0012423407774326061,0.0012423236272270728,1.0960855907949193e-06
0,81002,0,GP 表达式自身产生的状态,250,历史重启阶段最优路径,更新前,0.000465595552452571,0.0,0.0
0,81002,0,GP 表达式自身产生的状态,250,历史重启阶段最优路径,蒸发和下界保护后,0.000465595552452571,0.0,0.0
0,81002,0,GP 表达式自身产生的状态,250,历史重启阶段最优路径,沉积后,0.000465595552452571,0.00046560422153851306,4.146411030363017e-07
0,81002,0,GP 表达式自身产生的状态,250,历史重启阶段最优路径,重启和可选上界处理后,0.000465595552452571,0.00046560422153851306,4.146411030363017e-07
0,81002,1,GP 表达式自身产生的状态,250,历史重启阶段最优路径,更新前,0.0006920286053291982,0.0,0.0
0,81002,1,GP 表达式自身产生的状态,250,历史重启阶段最优路径,蒸发和下界保护后,0.0006920286053291982,0.0,0.0
0,81002,1,GP 表达式自身产生的状态,250,历史重启阶段最优路径,沉积后,0.0006920286053291982,0.0006920182820194944,6.167598675696153e-07
0,81002,1,GP 表达式自身产生的状态,250,历史重启阶段最优路径,重启和可选上界处理后,0.0006920286053291982,0.0006920182820194944,6.167598675696153e-07
0,81002,2,GP 表达式自身产生的状态,250,历史重启阶段最优路径,更新前,0.0002511356559407644,0.0,0.0
0,81002,2,GP 表达式自身产生的状态,250,历史重启阶段最优路径,蒸发和下界保护后,0.0002511356559407644,0.0,0.0
0,81002,2,GP 表达式自身产生的状态,250,历史重启阶段最优路径,沉积后,0.0002511356559407644,0.0002511322347603813,2.2262391661733911e-07
0,81002,2,GP 表达式自身产生的状态,250,历史重启阶段最优路径,重启和可选上界处理后,0.0002511356559407644,0.0002511322347603813,2.2262391661733911e-07
0,81002,3,GP 表达式自身产生的状态,250,历史重启阶段最优路径,更新前,0.005519730031876278,0.0,0.0
0,81002,3,GP 表达式自身产生的状态,250,历史重启阶段最优路径,蒸发和下界保护后,0.005519730031876278,0.0,0.0
0,81002,3,GP 表达式自身产生的状态,250,历史重启阶段最优路径,沉积后,0.005519730031876278,0.005519771091132127,4.940005872427252e-06
0,81002,3,GP 表达式自身产生的状态,250,历史重启阶段最优路径,重启和可选上界处理后,0.005519730031876278,0.005519771091132127,4.940005872427252e-06
0,81002,4,GP 表达式自身产生的状态,250,历史重启阶段最优路径,更新前,0.0002505089386644189,0.0,0.0
0,81002,4,GP 表达式自身产生的状态,250,历史重启阶段最优路径,蒸发和下界保护后,0.0002505089386644189,0.0,0.0
0,81002,4,GP 表达式自身产生的状态,250,历史重启阶段最优路径,沉积后,0.0002505089386644189,0.00025056367953604525,2.214776066116012e-07
0,81002,4,GP 表达式自身产生的状态,250,历史重启阶段最优路径,重启和可选上界处理后,0.0002505089386644189,0.00025056367953604525,2.214776066116012e-07
0,81002,5,GP 表达式自身产生的状态,250,历史重启阶段最优路径,更新前,0.0002964447926315162,0.0,0.0
0,81002,5,GP 表达式自身产生的状态,250,历史重启阶段最优路径,蒸发和下界保护后,0.0002964447926315162,0.0,0.0
0,81002,5,GP 表达式自身产生的状态,250,历史重启阶段最优路径,沉积后,0.0002964447926315162,0.0002964669967888566,2.5561811820373383e-07
0,81002,5,GP 表达式自身产生的状态,250,历史重启阶段最优路径,重启和可选上界处理后,0.0002964447926315162,0.0002964669967888566,2.5561811820373383e-07
0,81002,6,GP 表达式自身产生的状态,250,历史重启阶段最优路径,更新前,0.0009790223676679362,0.0,0.0
0,81002,6,GP 表达式自身产生的状态,250,历史重启阶段最优路径,蒸发和下界保护后,0.0009790223676679362,0.0,0.0
0,81002,6,GP 表达式自身产生的状态,250,历史重启阶段最优路径,沉积后,0.0009790223676679362,0.0009789940355716452,8.702308904796969e-07
0,81002,6,GP 表达式自身产生的状态,250,历史重启阶段最优路径,重启和可选上界处理后,0.0009790223676679362,0.0009789940355716452,8.702308904796969e-07
0,81002,7,GP 表达式自身产生的状态,250,历史重启阶段最优路径,更新前,0.0012533597227962975,0.0,0.0
0,81002,7,GP 表达式自身产生的状态,250,历史重启阶段最优路径,蒸发和下界保护后,0.0012533597227962975,0.0,0.0
0,81002,7,GP 表达式自身产生的状态,250,历史重启阶段最优路径,沉积后,0.0012533597227962975,0.0012533676192938092,1.1058295579093678e-06
0,81002,7,GP 表达式自身产生的状态,250,历史重启阶段最优路径,重启和可选上界处理后,0.0012533597227962975,0.0012533676192938092,1.1058295579093678e-06
0,81002,0,GP 表达式自身产生的状态,250,历史全局最优路径,更新前,0.000465595552452571,0.0,0.0
0,81002,0,GP 表达式自身产生的状态,250,历史全局最优路径,蒸发和下界保护后,0.000465595552452571,0.0,0.0
0,81002,0,GP 表达式自身产生的状态,250,历史全局最优路径,沉积后,0.000465595552452571,0.00046560422153851306,4.146411030363017e-07
0,81002,0,GP 表达式自身产生的状态,250,历史全局最优路径,重启和可选上界处理后,0.000465595552452571,0.00046560422153851306,4.146411030363017e-07
0,81002,1,GP 表达式自身产生的状态,250,历史全局最优路径,更新前,0.0006920286053291982,0.0,0.0
0,81002,1,GP 表达式自身产生的状态,250,历史全局最优路径,蒸发和下界保护后,0.0006920286053291982,0.0,0.0
0,81002,1,GP 表达式自身产生的状态,250,历史全局最优路径,沉积后,0.0006920286053291982,0.0006920182820194944,6.167598675696153e-07
0,81002,1,GP 表达式自身产生的状态,250,历史全局最优路径,重启和可选上界处理后,0.0006920286053291982,0.0006920182820194944,6.167598675696153e-07
0,81002,2,GP 表达式自身产生的状态,250,历史全局最优路径,更新前,0.0002511356559407644,0.0,0.0
0,81002,2,GP 表达式自身产生的状态,250,历史全局最优路径,蒸发和下界保护后,0.0002511356559407644,0.0,0.0
0,81002,2,GP 表达式自身产生的状态,250,历史全局最优路径,沉积后,0.0002511356559407644,0.0002511322347603813,2.2262391661733911e-07
0,81002,2,GP 表达式自身产生的状态,250,历史全局最优路径,重启和可选上界处理后,0.0002511356559407644,0.0002511322347603813,2.2262391661733911e-07
0,81002,3,GP 表达式自身产生的状态,250,历史全局最优路径,更新前,0.005519730031876278,0.0,0.0
0,81002,3,GP 表达式自身产生的状态,250,历史全局最优路径,蒸发和下界保护后,0.005519730031876278,0.0,0.0
0,81002,3,GP 表达式自身产生的状态,250,历史全局最优路径,沉积后,0.005519730031876278,0.005519771091132127,4.940005872427252e-06
0,81002,3,GP 表达式自身产生的状态,250,历史全局最优路径,重启和可选上界处理后,0.005519730031876278,0.005519771091132127,4.940005872427252e-06
0,81002,4,GP 表达式自身产生的状态,250,历史全局最优路径,更新前,0.0002505089386644189,0.0,0.0
0,81002,4,GP 表达式自身产生的状态,250,历史全局最优路径,蒸发和下界保护后,0.0002505089386644189,0.0,0.0
0,81002,4,GP 表达式自身产生的状态,250,历史全局最优路径,沉积后,0.0002505089386644189,0.00025056367953604525,2.214776066116012e-07
0,81002,4,GP 表达式自身产生的状态,250,历史全局最优路径,重启和可选上界处理后,0.0002505089386644189,0.00025056367953604525,2.214776066116012e-07
0,81002,5,GP 表达式自身产生的状态,250,历史全局最优路径,更新前,0.0002964447926315162,0.0,0.0
0,81002,5,GP 表达式自身产生的状态,250,历史全局最优路径,蒸发和下界保护后,0.0002964447926315162,0.0,0.0
0,81002,5,GP 表达式自身产生的状态,250,历史全局最优路径,沉积后,0.0002964447926315162,0.0002964669967888566,2.5561811820373383e-07
0,81002,5,GP 表达式自身产生的状态,250,历史全局最优路径,重启和可选上界处理后,0.0002964447926315162,0.0002964669967888566,2.5561811820373383e-07
0,81002,6,GP 表达式自身产生的状态,250,历史全局最优路径,更新前,0.0009790223676679362,0.0,0.0
0,81002,6,GP 表达式自身产生的状态,250,历史全局最优路径,蒸发和下界保护后,0.0009790223676679362,0.0,0.0
0,81002,6,GP 表达式自身产生的状态,250,历史全局最优路径,沉积后,0.0009790223676679362,0.0009789940355716452,8.702308904796969e-07
0,81002,6,GP 表达式自身产生的状态,250,历史全局最优路径,重启和可选上界处理后,0.0009790223676679362,0.0009789940355716452,8.702308904796969e-07
0,81002,7,GP 表达式自身产生的状态,250,历史全局最优路径,更新前,0.0012533597227962975,0.0,0.0
0,81002,7,GP 表达式自身产生的状态,250,历史全局最优路径,蒸发和下界保护后,0.0012533597227962975,0.0,0.0
0,81002,7,GP 表达式自身产生的状态,250,历史全局最优路径,沉积后,0.0012533597227962975,0.0012533676192938092,1.1058295579093678e-06
0,81002,7,GP 表达式自身产生的状态,250,历史全局最优路径,重启和可选上界处理后,0.0012533597227962975,0.0012533676192938092,1.1058295579093678e-06
0,81003,0,GP 表达式自身产生的状态,250,本轮最优路径,更新前,0.0029235173700341583,0.0,0.0
0,81003,0,GP 表达式自身产生的状态,250,本轮最优路径,蒸发和下界保护后,0.0029235173700341583,0.0,0.0
0,81003,0,GP 表达式自身产生的状态,250,本轮最优路径,沉积后,0.0029235173700341583,0.0029234218824275276,2.609998002363393e-06
0,81003,0,GP 表达式自身产生的状态,250,本轮最优路径,重启和可选上界处理后,0.0029235173700341583,0.0029234218824275276,2.609998002363393e-06
0,81003,1,GP 表达式自身产生的状态,250,本轮最优路径,更新前,0.005105205073492426,0.0,0.0
0,81003,1,GP 表达式自身产生的状态,250,本轮最优路径,蒸发和下界保护后,0.005105205073492426,0.0,0.0
0,81003,1,GP 表达式自身产生的状态,250,本轮最优路径,沉积后,0.005105205073492426,0.005105197391366416,4.548502870075885e-06
0,81003,1,GP 表达式自身产生的状态,250,本轮最优路径,重启和可选上界处理后,0.005105205073492426,0.005105197391366416,4.548502870075885e-06
0,81003,2,GP 表达式自身产生的状态,250,本轮最优路径,更新前,0.003336985268994116,0.0,0.0
0,81003,2,GP 表达式自身产生的状态,250,本轮最优路径,蒸发和下界保护后,0.003336985268994116,0.0,0.0
0,81003,2,GP 表达式自身产生的状态,250,本轮最优路径,沉积后,0.003336985268994116,0.0033369404250545836,2.9579532181505294e-06
0,81003,2,GP 表达式自身产生的状态,250,本轮最优路径,重启和可选上界处理后,0.003336985268994116,0.0033369404250545836,2.9579532181505294e-06
0,81003,3,GP 表达式自身产生的状态,250,本轮最优路径,更新前,0.00378700380271959,0.0,0.0
0,81003,3,GP 表达式自身产生的状态,250,本轮最优路径,蒸发和下界保护后,0.00378700380271959,0.0,0.0
0,81003,3,GP 表达式自身产生的状态,250,本轮最优路径,沉积后,0.00378700380271959,0.003787062262713125,3.395361114119192e-06
0,81003,3,GP 表达式自身产生的状态,250,本轮最优路径,重启和可选上界处理后,0.00378700380271959,0.003787062262713125,3.395361114119192e-06
0,81003,4,GP 表达式自身产生的状态,250,本轮最优路径,更新前,0.003471932891644023,0.0,0.0
0,81003,4,GP 表达式自身产生的状态,250,本轮最优路径,蒸发和下界保护后,0.003471932891644023,0.0,0.0
0,81003,4,GP 表达式自身产生的状态,250,本轮最优路径,沉积后,0.003471932891644023,0.0034719249607550774,3.0792535057124764e-06
0,81003,4,GP 表达式自身产生的状态,250,本轮最优路径,重启和可选上界处理后,0.003471932891644023,0.0034719249607550774,3.0792535057124764e-06
0,81003,5,GP 表达式自身产生的状态,250,本轮最优路径,更新前,0.00298793651711845,0.0,0.0
0,81003,5,GP 表达式自身产生的状态,250,本轮最优路径,蒸发和下界保护后,0.00298793651711845,0.0,0.0
0,81003,5,GP 表达式自身产生的状态,250,本轮最优路径,沉积后,0.00298793651711845,0.002987949007396309,2.5776572438172855e-06
0,81003,5,GP 表达式自身产生的状态,250,本轮最优路径,重启和可选上界处理后,0.00298793651711845,0.002987949007396309,2.5776572438172855e-06
0,81003,6,GP 表达式自身产生的状态,250,本轮最优路径,更新前,0.004154450107341032,0.0,0.0
0,81003,6,GP 表达式自身产生的状态,250,本轮最优路径,蒸发和下界保护后,0.004154450107341032,0.0,0.0
0,81003,6,GP 表达式自身产生的状态,250,本轮最优路径,沉积后,0.004154450107341032,0.0041544129383873475,3.692940905458348e-06
0,81003,6,GP 表达式自身产生的状态,250,本轮最优路径,重启和可选上界处理后,0.004154450107341032,0.0041544129383873475,3.692940905458348e-06
0,81003,7,GP 表达式自身产生的状态,250,本轮最优路径,更新前,0.006561867240916548,0.0,0.0
0,81003,7,GP 表达式自身产生的状态,250,本轮最优路径,蒸发和下界保护后,0.006561867240916548,0.0,0.0
0,81003,7,GP 表达式自身产生的状态,250,本轮最优路径,沉积后,0.006561867240916548,0.006561863169044253,5.788781023032795e-06
0,81003,7,GP 表达式自身产生的状态,250,本轮最优路径,重启和可选上界处理后,0.006561867240916548,0.006561863169044253,5.788781023032795e-06
0,81003,0,GP 表达式自身产生的状态,250,历史重启阶段最优路径,更新前,0.0029235681402881367,0.0,0.0
0,81003,0,GP 表达式自身产生的状态,250,历史重启阶段最优路径,蒸发和下界保护后,0.0029235681402881367,0.0,0.0
0,81003,0,GP 表达式自身产生的状态,250,历史重启阶段最优路径,沉积后,0.0029235681402881367,0.002923523669992681,2.61008887715068e-06
0,81003,0,GP 表达式自身产生的状态,250,历史重启阶段最优路径,重启和可选上界处理后,0.0029235681402881367,0.002923523669992681,2.61008887715068e-06
0,81003,1,GP 表达式自身产生的状态,250,历史重启阶段最优路径,更新前,0.005105147268642615,0.0,0.0
0,81003,1,GP 表达式自身产生的状态,250,历史重启阶段最优路径,蒸发和下界保护后,0.005105147268642615,0.0,0.0
0,81003,1,GP 表达式自身产生的状态,250,历史重启阶段最优路径,沉积后,0.005105147268642615,0.0051051329118825305,4.548445421735491e-06
0,81003,1,GP 表达式自身产生的状态,250,历史重启阶段最优路径,重启和可选上界处理后,0.005105147268642615,0.0051051329118825305,4.548445421735491e-06
0,81003,2,GP 表达式自身产生的状态,250,历史重启阶段最优路径,更新前,0.003336688223716179,0.0,0.0
0,81003,2,GP 表达式自身产生的状态,250,历史重启阶段最优路径,蒸发和下界保护后,0.003336688223716179,0.0,0.0
0,81003,2,GP 表达式自身产生的状态,250,历史重启阶段最优路径,沉积后,0.003336688223716179,0.0033366852911424763,2.9577270606288936e-06
0,81003,2,GP 表达式自身产生的状态,250,历史重启阶段最优路径,重启和可选上界处理后,0.003336688223716179,0.0033366852911424763,2.9577270606288936e-06
0,81003,3,GP 表达式自身产生的状态,250,历史重启阶段最优路径,更新前,0.003787356179659344,0.0,0.0
0,81003,3,GP 表达式自身产生的状态,250,历史重启阶段最优路径,蒸发和下界保护后,0.003787356179659344,0.0,0.0
0,81003,3,GP 表达式自身产生的状态,250,历史重启阶段最优路径,沉积后,0.003787356179659344,0.0037873219743439776,3.3955939634126833e-06
0,81003,3,GP 表达式自身产生的状态,250,历史重启阶段最优路径,重启和可选上界处理后,0.003787356179659344,0.0037873219743439776,3.3955939634126833e-06
0,81003,4,GP 表达式自身产生的状态,250,历史重启阶段最优路径,更新前,0.0034718802593810207,0.0,0.0
0,81003,4,GP 表达式自身产生的状态,250,历史重启阶段最优路径,蒸发和下界保护后,0.0034718802593810207,0.0,0.0
0,81003,4,GP 表达式自身产生的状态,250,历史重启阶段最优路径,沉积后,0.0034718802593810207,0.0034718470938454303,3.0791844454772407e-06
0,81003,4,GP 表达式自身产生的状态,250,历史重启阶段最优路径,重启和可选上界处理后,0.0034718802593810207,0.0034718470938454303,3.0791844454772407e-06
0,81003,5,GP 表达式自身产生的状态,250,历史重启阶段最优路径,更新前,0.0029872250563398356,0.0,0.0
0,81003,5,GP 表达式自身产生的状态,250,历史重启阶段最优路径,蒸发和下界保护后,0.0029872250563398356,0.0,0.0
0,81003,5,GP 表达式自身产生的状态,250,历史重启阶段最优路径,沉积后,0.0029872250563398356,0.0029872641036162483,2.5770663879540763e-06
0,81003,5,GP 表达式自身产生的状态,250,历史重启阶段最优路径,重启和可选上界处理后,0.0029872250563398356,0.0029872641036162483,2.5770663879540763e-06
0,81003,6,GP 表达式自身产生的状态,250,历史重启阶段最优路径,更新前,0.004154512580240385,0.0,0.0
0,81003,6,GP 表达式自身产生的状态,250,历史重启阶段最优路径,蒸发和下界保护后,0.004154512580240385,0.0,0.0
0,81003,6,GP 表达式自身产生的状态,250,历史重启阶段最优路径,沉积后,0.004154512580240385,0.004154535462755847,3.6930498198246027e-06
0,81003,6,GP 表达式自身产生的状态,250,历史重启阶段最优路径,重启和可选上界处理后,0.004154512580240385,0.004154535462755847,3.6930498198246027e-06
0,81003,7,GP 表达式自身产生的状态,250,历史重启阶段最优路径,更新前,0.0065619177074549935,0.0,0.0
0,81003,7,GP 表达式自身产生的状态,250,历史重启阶段最优路径,蒸发和下界保护后,0.0065619177074549935,0.0,0.0
0,81003,7,GP 表达式自身产生的状态,250,历史重启阶段最优路径,沉积后,0.0065619177074549935,0.006561922889837915,5.7888337078554016e-06
0,81003,7,GP 表达式自身产生的状态,250,历史重启阶段最优路径,重启和可选上界处理后,0.0065619177074549935,0.006561922889837915,5.7888337078554016e-06
0,81003,0,GP 表达式自身产生的状态,250,历史全局最优路径,更新前,0.0029235681402881367,0.0,0.0
0,81003,0,GP 表达式自身产生的状态,250,历史全局最优路径,蒸发和下界保护后,0.0029235681402881367,0.0,0.0
0,81003,0,GP 表达式自身产生的状态,250,历史全局最优路径,沉积后,0.0029235681402881367,0.002923523669992681,2.61008887715068e-06
0,81003,0,GP 表达式自身产生的状态,250,历史全局最优路径,重启和可选上界处理后,0.0029235681402881367,0.002923523669992681,2.61008887715068e-06
0,81003,1,GP 表达式自身产生的状态,250,历史全局最优路径,更新前,0.005105147268642615,0.0,0.0
0,81003,1,GP 表达式自身产生的状态,250,历史全局最优路径,蒸发和下界保护后,0.005105147268642615,0.0,0.0
0,81003,1,GP 表达式自身产生的状态,250,历史全局最优路径,沉积后,0.005105147268642615,0.0051051329118825305,4.548445421735491e-06
0,81003,1,GP 表达式自身产生的状态,250,历史全局最优路径,重启和可选上界处理后,0.005105147268642615,0.0051051329118825305,4.548445421735491e-06
0,81003,2,GP 表达式自身产生的状态,250,历史全局最优路径,更新前,0.003336688223716179,0.0,0.0
0,81003,2,GP 表达式自身产生的状态,250,历史全局最优路径,蒸发和下界保护后,0.003336688223716179,0.0,0.0
0,81003,2,GP 表达式自身产生的状态,250,历史全局最优路径,沉积后,0.003336688223716179,0.0033366852911424763,2.9577270606288936e-06
0,81003,2,GP 表达式自身产生的状态,250,历史全局最优路径,重启和可选上界处理后,0.003336688223716179,0.0033366852911424763,2.9577270606288936e-06
0,81003,3,GP 表达式自身产生的状态,250,历史全局最优路径,更新前,0.003787356179659344,0.0,0.0
0,81003,3,GP 表达式自身产生的状态,250,历史全局最优路径,蒸发和下界保护后,0.003787356179659344,0.0,0.0
0,81003,3,GP 表达式自身产生的状态,250,历史全局最优路径,沉积后,0.003787356179659344,0.0037873219743439776,3.3955939634126833e-06
0,81003,3,GP 表达式自身产生的状态,250,历史全局最优路径,重启和可选上界处理后,0.003787356179659344,0.0037873219743439776,3.3955939634126833e-06
0,81003,4,GP 表达式自身产生的状态,250,历史全局最优路径,更新前,0.0034718802593810207,0.0,0.0
0,81003,4,GP 表达式自身产生的状态,250,历史全局最优路径,蒸发和下界保护后,0.0034718802593810207,0.0,0.0
0,81003,4,GP 表达式自身产生的状态,250,历史全局最优路径,沉积后,0.0034718802593810207,0.0034718470938454303,3.0791844454772407e-06
0,81003,4,GP 表达式自身产生的状态,250,历史全局最优路径,重启和可选上界处理后,0.0034718802593810207,0.0034718470938454303,3.0791844454772407e-06
0,81003,5,GP 表达式自身产生的状态,250,历史全局最优路径,更新前,0.0029872250563398356,0.0,0.0
0,81003,5,GP 表达式自身产生的状态,250,历史全局最优路径,蒸发和下界保护后,0.0029872250563398356,0.0,0.0
0,81003,5,GP 表达式自身产生的状态,250,历史全局最优路径,沉积后,0.0029872250563398356,0.0029872641036162483,2.5770663879540763e-06
0,81003,5,GP 表达式自身产生的状态,250,历史全局最优路径,重启和可选上界处理后,0.0029872250563398356,0.0029872641036162483,2.5770663879540763e-06
0,81003,6,GP 表达式自身产生的状态,250,历史全局最优路径,更新前,0.004154512580240385,0.0,0.0
0,81003,6,GP 表达式自身产生的状态,250,历史全局最优路径,蒸发和下界保护后,0.004154512580240385,0.0,0.0
0,81003,6,GP 表达式自身产生的状态,250,历史全局最优路径,沉积后,0.004154512580240385,0.004154535462755847,3.6930498198246027e-06
0,81003,6,GP 表达式自身产生的状态,250,历史全局最优路径,重启和可选上界处理后,0.004154512580240385,0.004154535462755847,3.6930498198246027e-06
0,81003,7,GP 表达式自身产生的状态,250,历史全局最优路径,更新前,0.0065619177074549935,0.0,0.0
0,81003,7,GP 表达式自身产生的状态,250,历史全局最优路径,蒸发和下界保护后,0.0065619177074549935,0.0,0.0
0,81003,7,GP 表达式自身产生的状态,250,历史全局最优路径,沉积后,0.0065619177074549935,0.006561922889837915,5.7888337078554016e-06
0,81003,7,GP 表达式自身产生的状态,250,历史全局最优路径,重启和可选上界处理后,0.0065619177074549935,0.006561922889837915,5.7888337078554016e-06
0,81002,0,不使用 GP 产生的状态,500,本轮最优路径,更新前,1.8459365728829465e-05,0.0,0.0
0,81002,0,不使用 GP 产生的状态,500,本轮最优路径,蒸发和下界保护后,1.8459365728829465e-05,0.0,0.0
0,81002,0,不使用 GP 产生的状态,500,本轮最优路径,沉积后,1.8459365728829465e-05,1.8568349368947237e-05,1.6628013519563977e-08
0,81002,0,不使用 GP 产生的状态,500,本轮最优路径,重启和可选上界处理后,1.8459365728829465e-05,1.8568349368947237e-05,1.6628013519563977e-08
0,81002,1,不使用 GP 产生的状态,500,本轮最优路径,更新前,4.333421327318007e-05,0.0,0.0
0,81002,1,不使用 GP 产生的状态,500,本轮最优路径,蒸发和下界保护后,4.333421327318007e-05,0.0,0.0
0,81002,1,不使用 GP 产生的状态,500,本轮最优路径,沉积后,4.333421327318007e-05,4.347630006206411e-05,3.889666812373985e-08
0,81002,1,不使用 GP 产生的状态,500,本轮最优路径,重启和可选上界处理后,4.333421327318007e-05,4.347630006206411e-05,3.889666812373985e-08
0,81002,2,不使用 GP 产生的状态,500,本轮最优路径,更新前,3.19479650291784e-05,0.0,0.0
0,81002,2,不使用 GP 产生的状态,500,本轮最优路径,蒸发和下界保护后,3.19479650291784e-05,0.0,0.0
0,81002,2,不使用 GP 产生的状态,500,本轮最优路径,沉积后,3.19479650291784e-05,3.178411177930201e-05,2.8195185572906488e-08
0,81002,2,不使用 GP 产生的状态,500,本轮最优路径,重启和可选上界处理后,3.19479650291784e-05,3.178411177930201e-05,2.8195185572906488e-08
0,81002,3,不使用 GP 产生的状态,500,本轮最优路径,更新前,0.00020062418720917969,0.0,0.0
0,81002,3,不使用 GP 产生的状态,500,本轮最优路径,蒸发和下界保护后,0.00020062418720917969,0.0,0.0
0,81002,3,不使用 GP 产生的状态,500,本轮最优路径,沉积后,0.00020062418720917969,0.00020081217217211614,1.8023121839231267e-07
0,81002,3,不使用 GP 产生的状态,500,本轮最优路径,重启和可选上界处理后,0.00020062418720917969,0.00020081217217211614,1.8023121839231267e-07
0,81002,4,不使用 GP 产生的状态,500,本轮最优路径,更新前,1.4319532517995394e-05,0.0,0.0
0,81002,4,不使用 GP 产生的状态,500,本轮最优路径,蒸发和下界保护后,1.4319532517995394e-05,0.0,0.0
0,81002,4,不使用 GP 产生的状态,500,本轮最优路径,沉积后,1.4319532517995394e-05,1.4448823898702141e-05,1.2779236862932964e-08
0,81002,4,不使用 GP 产生的状态,500,本轮最优路径,重启和可选上界处理后,1.4319532517995394e-05,0.0,0.0
0,81002,5,不使用 GP 产生的状态,500,本轮最优路径,更新前,4.283759268384124e-05,0.0,0.0
0,81002,5,不使用 GP 产生的状态,500,本轮最优路径,蒸发和下界保护后,4.283759268384124e-05,0.0,0.0
0,81002,5,不使用 GP 产生的状态,500,本轮最优路径,沉积后,4.283759268384124e-05,4.29492757240976e-05,3.709209786386079e-08
0,81002,5,不使用 GP 产生的状态,500,本轮最优路径,重启和可选上界处理后,4.283759268384124e-05,4.29492757240976e-05,3.709209786386079e-08
0,81002,6,不使用 GP 产生的状态,500,本轮最优路径,更新前,0.0007810810071716,0.0,0.0
0,81002,6,不使用 GP 产生的状态,500,本轮最优路径,蒸发和下界保护后,0.0007810810071716,0.0,0.0
0,81002,6,不使用 GP 产生的状态,500,本轮最优路径,沉积后,0.0007810810071716,0.0007812997763333115,6.95128508135452e-07
0,81002,6,不使用 GP 产生的状态,500,本轮最优路径,重启和可选上界处理后,0.0007810810071716,0.0007812997763333115,6.95128508135452e-07
0,81002,7,不使用 GP 产生的状态,500,本轮最优路径,更新前,1.093316613500182e-05,0.0,0.0
0,81002,7,不使用 GP 产生的状态,500,本轮最优路径,蒸发和下界保护后,1.093316613500182e-05,0.0,0.0
0,81002,7,不使用 GP 产生的状态,500,本轮最优路径,沉积后,1.093316613500182e-05,1.0718573312263186e-05,9.4860955113872e-09
0,81002,7,不使用 GP 产生的状态,500,本轮最优路径,重启和可选上界处理后,1.093316613500182e-05,1.0718573312263186e-05,9.4860955113872e-09
0,81002,0,不使用 GP 产生的状态,500,历史重启阶段最优路径,更新前,9.520773857081842e-05,0.0,0.0
0,81002,0,不使用 GP 产生的状态,500,历史重启阶段最优路径,蒸发和下界保护后,9.520773857081842e-05,0.0,0.0
0,81002,0,不使用 GP 产生的状态,500,历史重启阶段最优路径,沉积后,9.520773857081842e-05,9.533322368864895e-05,8.537119271406443e-08
0,81002,0,不使用 GP 产生的状态,500,历史重启阶段最优路径,重启和可选上界处理后,9.520773857081842e-05,9.533322368864895e-05,8.537119271406443e-08
0,81002,1,不使用 GP 产生的状态,500,历史重启阶段最优路径,更新前,6.888224560456262e-05,0.0,0.0
0,81002,1,不使用 GP 产生的状态,500,历史重启阶段最优路径,蒸发和下界保护后,6.888224560456262e-05,0.0,0.0
0,81002,1,不使用 GP 产生的状态,500,历史重启阶段最优路径,沉积后,6.888224560456262e-05,6.90644628192568e-05,6.178946887361835e-08
0,81002,1,不使用 GP 产生的状态,500,历史重启阶段最优路径,重启和可选上界处理后,6.888224560456262e-05,6.90644628192568e-05,6.178946887361835e-08
0,81002,2,不使用 GP 产生的状态,500,历史重启阶段最优路径,更新前,7.103429090338174e-05,0.0,0.0
0,81002,2,不使用 GP 产生的状态,500,历史重启阶段最优路径,蒸发和下界保护后,7.103429090338174e-05,0.0,0.0
0,81002,2,不使用 GP 产生的状态,500,历史重启阶段最优路径,沉积后,7.103429090338174e-05,7.092135181535218e-05,6.291321555247678e-08
0,81002,2,不使用 GP 产生的状态,500,历史重启阶段最优路径,重启和可选上界处理后,7.103429090338174e-05,7.092135181535218e-05,6.291321555247678e-08
0,81002,3,不使用 GP 产生的状态,500,历史重启阶段最优路径,更新前,0.00021204231682510634,0.0,0.0
0,81002,3,不使用 GP 产生的状态,500,历史重启阶段最优路径,蒸发和下界保护后,0.00021204231682510634,0.0,0.0
0,81002,3,不使用 GP 产生的状态,500,历史重启阶段最优路径,沉积后,0.00021204231682510634,0.00021231242872822852,1.9055283001830413e-07
0,81002,3,不使用 GP 产生的状态,500,历史重启阶段最优路径,重启和可选上界处理后,0.00021204231682510634,0.00021231242872822852,1.9055283001830413e-07
0,81002,4,不使用 GP 产生的状态,500,历史重启阶段最优路径,更新前,2.1474177729760997e-05,0.0,0.0
0,81002,4,不使用 GP 产生的状态,500,历史重启阶段最优路径,蒸发和下界保护后,2.1474177729760997e-05,0.0,0.0
0,81002,4,不使用 GP 产生的状态,500,历史重启阶段最优路径,沉积后,2.1474177729760997e-05,2.16052765389026e-05,1.9108748803050005e-08
0,81002,4,不使用 GP 产生的状态,500,历史重启阶段最优路径,重启和可选上界处理后,2.1474177729760997e-05,0.0,0.0
0,81002,5,不使用 GP 产生的状态,500,历史重启阶段最优路径,更新前,3.381428136629572e-05,0.0,0.0
0,81002,5,不使用 GP 产生的状态,500,历史重启阶段最优路径,蒸发和下界保护后,3.381428136629572e-05,0.0,0.0
0,81002,5,不使用 GP 产生的状态,500,历史重启阶段最优路径,沉积后,3.381428136629572e-05,3.3920634630227487e-05,2.9294731473265116e-08
0,81002,5,不使用 GP 产生的状态,500,历史重启阶段最优路径,重启和可选上界处理后,3.381428136629572e-05,3.3920634630227487e-05,2.9294731473265116e-08
0,81002,6,不使用 GP 产生的状态,500,历史重启阶段最优路径,更新前,0.00037605814229437824,0.0,0.0
0,81002,6,不使用 GP 产生的状态,500,历史重启阶段最优路径,蒸发和下界保护后,0.00037605814229437824,0.0,0.0
0,81002,6,不使用 GP 产生的状态,500,历史重启阶段最优路径,沉积后,0.00037605814229437824,0.0003762234587366445,3.3472894722242246e-07
0,81002,6,不使用 GP 产生的状态,500,历史重启阶段最优路径,重启和可选上界处理后,0.00037605814229437824,0.0003762234587366445,3.3472894722242246e-07
0,81002,7,不使用 GP 产生的状态,500,历史重启阶段最优路径,更新前,2.9705426531020353e-05,0.0,0.0
0,81002,7,不使用 GP 产生的状态,500,历史重启阶段最优路径,蒸发和下界保护后,2.9705426531020353e-05,0.0,0.0
0,81002,7,不使用 GP 产生的状态,500,历史重启阶段最优路径,沉积后,2.9705426531020353e-05,2.950731246945477e-05,2.6114406853881257e-08
0,81002,7,不使用 GP 产生的状态,500,历史重启阶段最优路径,重启和可选上界处理后,2.9705426531020353e-05,2.950731246945477e-05,2.6114406853881257e-08
0,81002,0,不使用 GP 产生的状态,500,历史全局最优路径,更新前,9.520773857081842e-05,0.0,0.0
0,81002,0,不使用 GP 产生的状态,500,历史全局最优路径,蒸发和下界保护后,9.520773857081842e-05,0.0,0.0
0,81002,0,不使用 GP 产生的状态,500,历史全局最优路径,沉积后,9.520773857081842e-05,9.533322368864895e-05,8.537119271406443e-08
0,81002,0,不使用 GP 产生的状态,500,历史全局最优路径,重启和可选上界处理后,9.520773857081842e-05,9.533322368864895e-05,8.537119271406443e-08
0,81002,1,不使用 GP 产生的状态,500,历史全局最优路径,更新前,6.888224560456262e-05,0.0,0.0
0,81002,1,不使用 GP 产生的状态,500,历史全局最优路径,蒸发和下界保护后,6.888224560456262e-05,0.0,0.0
0,81002,1,不使用 GP 产生的状态,500,历史全局最优路径,沉积后,6.888224560456262e-05,6.90644628192568e-05,6.178946887361835e-08
0,81002,1,不使用 GP 产生的状态,500,历史全局最优路径,重启和可选上界处理后,6.888224560456262e-05,6.90644628192568e-05,6.178946887361835e-08
0,81002,2,不使用 GP 产生的状态,500,历史全局最优路径,更新前,7.103429090338174e-05,0.0,0.0
0,81002,2,不使用 GP 产生的状态,500,历史全局最优路径,蒸发和下界保护后,7.103429090338174e-05,0.0,0.0
0,81002,2,不使用 GP 产生的状态,500,历史全局最优路径,沉积后,7.103429090338174e-05,7.092135181535218e-05,6.291321555247678e-08
0,81002,2,不使用 GP 产生的状态,500,历史全局最优路径,重启和可选上界处理后,7.103429090338174e-05,7.092135181535218e-05,6.291321555247678e-08
0,81002,3,不使用 GP 产生的状态,500,历史全局最优路径,更新前,0.00021204231682510634,0.0,0.0
0,81002,3,不使用 GP 产生的状态,500,历史全局最优路径,蒸发和下界保护后,0.00021204231682510634,0.0,0.0
0,81002,3,不使用 GP 产生的状态,500,历史全局最优路径,沉积后,0.00021204231682510634,0.00021231242872822852,1.9055283001830413e-07
0,81002,3,不使用 GP 产生的状态,500,历史全局最优路径,重启和可选上界处理后,0.00021204231682510634,0.00021231242872822852,1.9055283001830413e-07
0,81002,4,不使用 GP 产生的状态,500,历史全局最优路径,更新前,2.1474177729760997e-05,0.0,0.0
0,81002,4,不使用 GP 产生的状态,500,历史全局最优路径,蒸发和下界保护后,2.1474177729760997e-05,0.0,0.0
0,81002,4,不使用 GP 产生的状态,500,历史全局最优路径,沉积后,2.1474177729760997e-05,2.16052765389026e-05,1.9108748803050005e-08
0,81002,4,不使用 GP 产生的状态,500,历史全局最优路径,重启和可选上界处理后,2.1474177729760997e-05,0.0,0.0
0,81002,5,不使用 GP 产生的状态,500,历史全局最优路径,更新前,3.381428136629572e-05,0.0,0.0
0,81002,5,不使用 GP 产生的状态,500,历史全局最优路径,蒸发和下界保护后,3.381428136629572e-05,0.0,0.0
0,81002,5,不使用 GP 产生的状态,500,历史全局最优路径,沉积后,3.381428136629572e-05,3.3920634630227487e-05,2.9294731473265116e-08
0,81002,5,不使用 GP 产生的状态,500,历史全局最优路径,重启和可选上界处理后,3.381428136629572e-05,3.3920634630227487e-05,2.9294731473265116e-08
0,81002,6,不使用 GP 产生的状态,500,历史全局最优路径,更新前,0.00037605814229437824,0.0,0.0
0,81002,6,不使用 GP 产生的状态,500,历史全局最优路径,蒸发和下界保护后,0.00037605814229437824,0.0,0.0
0,81002,6,不使用 GP 产生的状态,500,历史全局最优路径,沉积后,0.00037605814229437824,0.0003762234587366445,3.3472894722242246e-07
0,81002,6,不使用 GP 产生的状态,500,历史全局最优路径,重启和可选上界处理后,0.00037605814229437824,0.0003762234587366445,3.3472894722242246e-07
0,81002,7,不使用 GP 产生的状态,500,历史全局最优路径,更新前,2.9705426531020353e-05,0.0,0.0
0,81002,7,不使用 GP 产生的状态,500,历史全局最优路径,蒸发和下界保护后,2.9705426531020353e-05,0.0,0.0
0,81002,7,不使用 GP 产生的状态,500,历史全局最优路径,沉积后,2.9705426531020353e-05,2.950731246945477e-05,2.6114406853881257e-08
0,81002,7,不使用 GP 产生的状态,500,历史全局最优路径,重启和可选上界处理后,2.9705426531020353e-05,2.950731246945477e-05,2.6114406853881257e-08
0,81003,0,不使用 GP 产生的状态,500,本轮最优路径,更新前,0.004143584104093221,0.0,0.0
0,81003,0,不使用 GP 产生的状态,500,本轮最优路径,蒸发和下界保护后,0.004143584104093221,0.0,0.0
0,81003,0,不使用 GP 产生的状态,500,本轮最优路径,沉积后,0.004143584104093221,0.004143490513622611,3.7105083984429657e-06
0,81003,0,不使用 GP 产生的状态,500,本轮最优路径,重启和可选上界处理后,0.004143584104093221,0.004143490513622611,3.7105083984429657e-06
0,81003,1,不使用 GP 产生的状态,500,本轮最优路径,更新前,0.0024923893851363835,0.0,0.0
0,81003,1,不使用 GP 产生的状态,500,本轮最优路径,蒸发和下界保护后,0.0024923893851363835,0.0,0.0
0,81003,1,不使用 GP 产生的状态,500,本轮最优路径,沉积后,0.0024923893851363835,0.002492319156891216,2.2297875156268344e-06
0,81003,1,不使用 GP 产生的状态,500,本轮最优路径,重启和可选上界处理后,0.0024923893851363835,0.002492319156891216,2.2297875156268344e-06
0,81003,2,不使用 GP 产生的状态,500,本轮最优路径,更新前,0.004339514133181359,0.0,0.0
0,81003,2,不使用 GP 产生的状态,500,本轮最优路径,蒸发和下界保护后,0.004339514133181359,0.0,0.0
0,81003,2,不使用 GP 产生的状态,500,本轮最优路径,沉积后,0.004339514133181359,0.00433956272751329,3.8495578311923624e-06
0,81003,2,不使用 GP 产生的状态,500,本轮最优路径,重启和可选上界处理后,0.004339514133181359,0.00433956272751329,3.8495578311923624e-06
0,81003,3,不使用 GP 产生的状态,500,本轮最优路径,更新前,0.004047362223228882,0.0,0.0
0,81003,3,不使用 GP 产生的状态,500,本轮最优路径,蒸发和下界保护后,0.004047362223228882,0.0,0.0
0,81003,3,不使用 GP 产生的状态,500,本轮最优路径,沉积后,0.004047362223228882,0.0040472454315136405,3.632449006274488e-06
0,81003,3,不使用 GP 产生的状态,500,本轮最优路径,重启和可选上界处理后,0.004047362223228882,0.0040472454315136405,3.632449006274488e-06
0,81003,4,不使用 GP 产生的状态,500,本轮最优路径,更新前,0.0019021547951656682,0.0,0.0
0,81003,4,不使用 GP 产生的状态,500,本轮最优路径,蒸发和下界保护后,0.0019021547951656682,0.0,0.0
0,81003,4,不使用 GP 产生的状态,500,本轮最优路径,沉积后,0.0019021547951656682,0.0019020759912859084,1.6822877622672123e-06
0,81003,4,不使用 GP 产生的状态,500,本轮最优路径,重启和可选上界处理后,0.0019021547951656682,0.0,0.0
0,81003,5,不使用 GP 产生的状态,500,本轮最优路径,更新前,0.002661498666819441,0.0,0.0
0,81003,5,不使用 GP 产生的状态,500,本轮最优路径,蒸发和下界保护后,0.002661498666819441,0.0,0.0
0,81003,5,不使用 GP 产生的状态,500,本轮最优路径,沉积后,0.002661498666819441,0.0026613327169656975,2.298395302871205e-06
0,81003,5,不使用 GP 产生的状态,500,本轮最优路径,重启和可选上界处理后,0.002661498666819441,0.0026613327169656975,2.298395302871205e-06
0,81003,6,不使用 GP 产生的状态,500,本轮最优路径,更新前,0.007277681718000472,0.0,0.0
0,81003,6,不使用 GP 产生的状态,500,本轮最优路径,蒸发和下界保护后,0.007277681718000472,0.0,0.0
0,81003,6,不使用 GP 产生的状态,500,本轮最优路径,沉积后,0.007277681718000472,0.007277728035628407,6.475051427460949e-06
0,81003,6,不使用 GP 产生的状态,500,本轮最优路径,重启和可选上界处理后,0.007277681718000472,0.007277728035628407,6.475051427460949e-06
0,81003,7,不使用 GP 产生的状态,500,本轮最优路径,更新前,0.0020069437731603823,0.0,0.0
0,81003,7,不使用 GP 产生的状态,500,本轮最优路径,蒸发和下界保护后,0.0020069437731603823,0.0,0.0
0,81003,7,不使用 GP 产生的状态,500,本轮最优路径,沉积后,0.0020069437731603823,0.0020071318032039167,1.7763412568491338e-06
0,81003,7,不使用 GP 产生的状态,500,本轮最优路径,重启和可选上界处理后,0.0020069437731603823,0.0020071318032039167,1.7763412568491338e-06
0,81003,0,不使用 GP 产生的状态,500,历史重启阶段最优路径,更新前,0.004143782614407198,0.0,0.0
0,81003,0,不使用 GP 产生的状态,500,历史重启阶段最优路径,蒸发和下界保护后,0.004143782614407198,0.0,0.0
0,81003,0,不使用 GP 产生的状态,500,历史重启阶段最优路径,沉积后,0.004143782614407198,0.0041436855758666185,3.7106830772776894e-06
0,81003,0,不使用 GP 产生的状态,500,历史重启阶段最优路径,重启和可选上界处理后,0.004143782614407198,0.0041436855758666185,3.7106830772776894e-06
0,81003,1,不使用 GP 产生的状态,500,历史重启阶段最优路径,更新前,0.002492633553695922,0.0,0.0
0,81003,1,不使用 GP 产生的状态,500,历史重启阶段最优路径,蒸发和下界保护后,0.002492633553695922,0.0,0.0
0,81003,1,不使用 GP 产生的状态,500,历史重启阶段最优路径,沉积后,0.002492633553695922,0.002492528838366074,2.2299751100340774e-06
0,81003,1,不使用 GP 产生的状态,500,历史重启阶段最优路径,重启和可选上界处理后,0.002492633553695922,0.002492528838366074,2.2299751100340774e-06
0,81003,2,不使用 GP 产生的状态,500,历史重启阶段最优路径,更新前,0.004339590931761219,0.0,0.0
0,81003,2,不使用 GP 产生的状态,500,历史重启阶段最优路径,蒸发和下界保护后,0.004339590931761219,0.0,0.0
0,81003,2,不使用 GP 产生的状态,500,历史重启阶段最优路径,沉积后,0.004339590931761219,0.00433960863572637,3.849598555646017e-06
0,81003,2,不使用 GP 产生的状态,500,历史重启阶段最优路径,重启和可选上界处理后,0.004339590931761219,0.00433960863572637,3.849598555646017e-06
0,81003,3,不使用 GP 产生的状态,500,历史重启阶段最优路径,更新前,0.004047269286842711,0.0,0.0
0,81003,3,不使用 GP 产生的状态,500,历史重启阶段最优路径,蒸发和下界保护后,0.004047269286842711,0.0,0.0
0,81003,3,不使用 GP 产生的状态,500,历史重启阶段最优路径,沉积后,0.004047269286842711,0.004047123172952153,3.632339277819e-06
0,81003,3,不使用 GP 产生的状态,500,历史重启阶段最优路径,重启和可选上界处理后,0.004047269286842711,0.004047123172952153,3.632339277819e-06
0,81003,4,不使用 GP 产生的状态,500,历史重启阶段最优路径,更新前,0.0019022690246427512,0.0,0.0
0,81003,4,不使用 GP 产生的状态,500,历史重启阶段最优路径,蒸发和下界保护后,0.0019022690246427512,0.0,0.0
0,81003,4,不使用 GP 产生的状态,500,历史重启阶段最优路径,沉积后,0.0019022690246427512,0.0019020856309042277,1.6822962880106661e-06
0,81003,4,不使用 GP 产生的状态,500,历史重启阶段最优路径,重启和可选上界处理后,0.0019022690246427512,0.0,0.0
0,81003,5,不使用 GP 产生的状态,500,历史重启阶段最优路径,更新前,0.0026615874560477573,0.0,0.0
0,81003,5,不使用 GP 产生的状态,500,历史重启阶段最优路径,蒸发和下界保护后,0.0026615874560477573,0.0,0.0
0,81003,5,不使用 GP 产生的状态,500,历史重启阶段最优路径,沉积后,0.0026615874560477573,0.0026615003626573623,2.2985400859972726e-06
0,81003,5,不使用 GP 产生的状态,500,历史重启阶段最优路径,重启和可选上界处理后,0.0026615874560477573,0.0026615003626573623,2.2985400859972726e-06
0,81003,6,不使用 GP 产生的状态,500,历史重启阶段最优路径,更新前,0.0072778736398687064,0.0,0.0
0,81003,6,不使用 GP 产生的状态,500,历史重启阶段最优路径,蒸发和下界保护后,0.0072778736398687064,0.0,0.0
0,81003,6,不使用 GP 产生的状态,500,历史重启阶段最优路径,沉积后,0.0072778736398687064,0.007277831071187157,6.4751430990016405e-06
0,81003,6,不使用 GP 产生的状态,500,历史重启阶段最优路径,重启和可选上界处理后,0.0072778736398687064,0.007277831071187157,6.4751430990016405e-06
0,81003,7,不使用 GP 产生的状态,500,历史重启阶段最优路径,更新前,0.002006854000804738,0.0,0.0
0,81003,7,不使用 GP 产生的状态,500,历史重启阶段最优路径,蒸发和下界保护后,0.002006854000804738,0.0,0.0
0,81003,7,不使用 GP 产生的状态,500,历史重启阶段最优路径,沉积后,0.002006854000804738,0.0020070668719658616,1.776283791745531e-06
0,81003,7,不使用 GP 产生的状态,500,历史重启阶段最优路径,重启和可选上界处理后,0.002006854000804738,0.0020070668719658616,1.776283791745531e-06
0,81003,0,不使用 GP 产生的状态,500,历史全局最优路径,更新前,0.004143782614407198,0.0,0.0
0,81003,0,不使用 GP 产生的状态,500,历史全局最优路径,蒸发和下界保护后,0.004143782614407198,0.0,0.0
0,81003,0,不使用 GP 产生的状态,500,历史全局最优路径,沉积后,0.004143782614407198,0.0041436855758666185,3.7106830772776894e-06
0,81003,0,不使用 GP 产生的状态,500,历史全局最优路径,重启和可选上界处理后,0.004143782614407198,0.0041436855758666185,3.7106830772776894e-06
0,81003,1,不使用 GP 产生的状态,500,历史全局最优路径,更新前,0.002492633553695922,0.0,0.0
0,81003,1,不使用 GP 产生的状态,500,历史全局最优路径,蒸发和下界保护后,0.002492633553695922,0.0,0.0
0,81003,1,不使用 GP 产生的状态,500,历史全局最优路径,沉积后,0.002492633553695922,0.002492528838366074,2.2299751100340774e-06
0,81003,1,不使用 GP 产生的状态,500,历史全局最优路径,重启和可选上界处理后,0.002492633553695922,0.002492528838366074,2.2299751100340774e-06
0,81003,2,不使用 GP 产生的状态,500,历史全局最优路径,更新前,0.004339590931761219,0.0,0.0
0,81003,2,不使用 GP 产生的状态,500,历史全局最优路径,蒸发和下界保护后,0.004339590931761219,0.0,0.0
0,81003,2,不使用 GP 产生的状态,500,历史全局最优路径,沉积后,0.004339590931761219,0.00433960863572637,3.849598555646017e-06
0,81003,2,不使用 GP 产生的状态,500,历史全局最优路径,重启和可选上界处理后,0.004339590931761219,0.00433960863572637,3.849598555646017e-06
0,81003,3,不使用 GP 产生的状态,500,历史全局最优路径,更新前,0.004047269286842711,0.0,0.0
0,81003,3,不使用 GP 产生的状态,500,历史全局最优路径,蒸发和下界保护后,0.004047269286842711,0.0,0.0
0,81003,3,不使用 GP 产生的状态,500,历史全局最优路径,沉积后,0.004047269286842711,0.004047123172952153,3.632339277819e-06
0,81003,3,不使用 GP 产生的状态,500,历史全局最优路径,重启和可选上界处理后,0.004047269286842711,0.004047123172952153,3.632339277819e-06
0,81003,4,不使用 GP 产生的状态,500,历史全局最优路径,更新前,0.0019022690246427512,0.0,0.0
0,81003,4,不使用 GP 产生的状态,500,历史全局最优路径,蒸发和下界保护后,0.0019022690246427512,0.0,0.0
0,81003,4,不使用 GP 产生的状态,500,历史全局最优路径,沉积后,0.0019022690246427512,0.0019020856309042277,1.6822962880106661e-06
0,81003,4,不使用 GP 产生的状态,500,历史全局最优路径,重启和可选上界处理后,0.0019022690246427512,0.0,0.0
0,81003,5,不使用 GP 产生的状态,500,历史全局最优路径,更新前,0.0026615874560477573,0.0,0.0
0,81003,5,不使用 GP 产生的状态,500,历史全局最优路径,蒸发和下界保护后,0.0026615874560477573,0.0,0.0
0,81003,5,不使用 GP 产生的状态,500,历史全局最优路径,沉积后,0.0026615874560477573,0.0026615003626573623,2.2985400859972726e-06
0,81003,5,不使用 GP 产生的状态,500,历史全局最优路径,重启和可选上界处理后,0.0026615874560477573,0.0026615003626573623,2.2985400859972726e-06
0,81003,6,不使用 GP 产生的状态,500,历史全局最优路径,更新前,0.0072778736398687064,0.0,0.0
0,81003,6,不使用 GP 产生的状态,500,历史全局最优路径,蒸发和下界保护后,0.0072778736398687064,0.0,0.0
0,81003,6,不使用 GP 产生的状态,500,历史全局最优路径,沉积后,0.0072778736398687064,0.007277831071187157,6.4751430990016405e-06
0,81003,6,不使用 GP 产生的状态,500,历史全局最优路径,重启和可选上界处理后,0.0072778736398687064,0.007277831071187157,6.4751430990016405e-06
0,81003,7,不使用 GP 产生的状态,500,历史全局最优路径,更新前,0.002006854000804738,0.0,0.0
0,81003,7,不使用 GP 产生的状态,500,历史全局最优路径,蒸发和下界保护后,0.002006854000804738,0.0,0.0
0,81003,7,不使用 GP 产生的状态,500,历史全局最优路径,沉积后,0.002006854000804738,0.0020070668719658616,1.776283791745531e-06
0,81003,7,不使用 GP 产生的状态,500,历史全局最优路径,重启和可选上界处理后,0.002006854000804738,0.0020070668719658616,1.776283791745531e-06
0,81001,0,不使用 GP 产生的状态,500,本轮最优路径,更新前,0.0007010423755898524,0.0,0.0
0,81001,0,不使用 GP 产生的状态,500,本轮最优路径,蒸发和下界保护后,0.0007010423755898524,0.0,0.0
0,81001,0,不使用 GP 产生的状态,500,本轮最优路径,沉积后,0.0007010423755898524,0.0007010458236598223,6.277886742665431e-07
0,81001,0,不使用 GP 产生的状态,500,本轮最优路径,重启和可选上界处理后,0.0007010423755898524,0.0007010458236598223,6.277886742665431e-07
0,81001,1,不使用 GP 产生的状态,500,本轮最优路径,更新前,0.0003293835122251403,0.0,0.0
0,81001,1,不使用 GP 产生的状态,500,本轮最优路径,蒸发和下界保护后,0.0003293835122251403,0.0,0.0
0,81001,1,不使用 GP 产生的状态,500,本轮最优路径,沉积后,0.0003293835122251403,0.00032958817739677204,2.948705831777234e-07
0,81001,1,不使用 GP 产生的状态,500,本轮最优路径,重启和可选上界处理后,0.0003293835122251403,0.00032958817739677204,2.948705831777234e-07
0,81001,2,不使用 GP 产生的状态,500,本轮最优路径,更新前,0.0007933166319384384,0.0,0.0
0,81001,2,不使用 GP 产生的状态,500,本轮最优路径,蒸发和下界保护后,0.0007933166319384384,0.0,0.0
0,81001,2,不使用 GP 产生的状态,500,本轮最优路径,沉积后,0.0007933166319384384,0.0007933486211720209,7.03767081907923e-07
0,81001,2,不使用 GP 产生的状态,500,本轮最优路径,重启和可选上界处理后,0.0007933166319384384,0.0007933486211720209,7.03767081907923e-07
0,81001,3,不使用 GP 产生的状态,500,本轮最优路径,更新前,0.00046768472040091205,0.0,0.0
0,81001,3,不使用 GP 产生的状态,500,本轮最优路径,蒸发和下界保护后,0.00046768472040091205,0.0,0.0
0,81001,3,不使用 GP 产生的状态,500,本轮最优路径,沉积后,0.00046768472040091205,0.0004679014063066365,4.199468569755921e-07
0,81001,3,不使用 GP 产生的状态,500,本轮最优路径,重启和可选上界处理后,0.00046768472040091205,0.0004679014063066365,4.199468569755921e-07
0,81001,4,不使用 GP 产生的状态,500,本轮最优路径,更新前,0.00038346461921533447,0.0,0.0
0,81001,4,不使用 GP 产生的状态,500,本轮最优路径,蒸发和下界保护后,0.00038346461921533447,0.0,0.0
0,81001,4,不使用 GP 产生的状态,500,本轮最优路径,沉积后,0.00038346461921533447,0.00038338882771629944,3.390875737940773e-07
0,81001,4,不使用 GP 产生的状态,500,本轮最优路径,重启和可选上界处理后,0.00038346461921533447,0.0,0.0
0,81001,5,不使用 GP 产生的状态,500,本轮最优路径,更新前,0.0007211004458949016,0.0,0.0
0,81001,5,不使用 GP 产生的状态,500,本轮最优路径,蒸发和下界保护后,0.0007211004458949016,0.0,0.0
0,81001,5,不使用 GP 产生的状态,500,本轮最优路径,沉积后,0.0007211004458949016,0.0007213358039721446,6.229641311187364e-07
0,81001,5,不使用 GP 产生的状态,500,本轮最优路径,重启和可选上界处理后,0.0007211004458949016,0.0007213358039721446,6.229641311187364e-07
0,81001,6,不使用 GP 产生的状态,500,本轮最优路径,更新前,0.00120730307546031,0.0,0.0
0,81001,6,不使用 GP 产生的状态,500,本轮最优路径,蒸发和下界保护后,0.00120730307546031,0.0,0.0
0,81001,6,不使用 GP 产生的状态,500,本轮最优路径,沉积后,0.00120730307546031,0.001207435497921379,1.0742647851236682e-06
0,81001,6,不使用 GP 产生的状态,500,本轮最优路径,重启和可选上界处理后,0.00120730307546031,0.001207435497921379,1.0742647851236682e-06
0,81001,7,不使用 GP 产生的状态,500,本轮最优路径,更新前,0.0004355368551753518,0.0,0.0
0,81001,7,不使用 GP 产生的状态,500,本轮最优路径,蒸发和下界保护后,0.0004355368551753518,0.0,0.0
0,81001,7,不使用 GP 产生的状态,500,本轮最优路径,沉积后,0.0004355368551753518,0.00043527245714160506,3.852225461011123e-07
0,81001,7,不使用 GP 产生的状态,500,本轮最优路径,重启和可选上界处理后,0.0004355368551753518,0.00043527245714160506,3.852225461011123e-07
0,81001,0,不使用 GP 产生的状态,500,历史重启阶段最优路径,更新前,0.0007007985477848432,0.0,0.0
0,81001,0,不使用 GP 产生的状态,500,历史重启阶段最优路径,蒸发和下界保护后,0.0007007985477848432,0.0,0.0
0,81001,0,不使用 GP 产生的状态,500,历史重启阶段最优路径,沉积后,0.0007007985477848432,0.0007008507614158149,6.276139954318193e-07
0,81001,0,不使用 GP 产生的状态,500,历史重启阶段最优路径,重启和可选上界处理后,0.0007007985477848432,0.0007008507614158149,6.276139954318193e-07
0,81001,1,不使用 GP 产生的状态,500,历史重启阶段最优路径,更新前,0.00032945286261724347,0.0,0.0
0,81001,1,不使用 GP 产生的状态,500,历史重启阶段最优路径,蒸发和下界保护后,0.00032945286261724347,0.0,0.0
0,81001,1,不使用 GP 产生的状态,500,历史重启阶段最优路径,沉积后,0.00032945286261724347,0.00032958817739677204,2.948705831777234e-07
0,81001,1,不使用 GP 产生的状态,500,历史重启阶段最优路径,重启和可选上界处理后,0.00032945286261724347,0.00032958817739677204,2.948705831777234e-07
0,81001,2,不使用 GP 产生的状态,500,历史重启阶段最优路径,更新前,0.0007932846427048559,0.0,0.0
0,81001,2,不使用 GP 产生的状态,500,历史重启阶段最优路径,蒸发和下界保护后,0.0007932846427048559,0.0,0.0
0,81001,2,不使用 GP 产生的状态,500,历史重启阶段最优路径,沉积后,0.0007932846427048559,0.0007930614506476473,7.035123374531463e-07
0,81001,2,不使用 GP 产生的状态,500,历史重启阶段最优路径,重启和可选上界处理后,0.0007932846427048559,0.0007930614506476473,7.035123374531463e-07
0,81001,3,不使用 GP 产生的状态,500,历史重启阶段最优路径,更新前,0.0004678471105836998,0.0,0.0
0,81001,3,不使用 GP 产生的状态,500,历史重启阶段最优路径,蒸发和下界保护后,0.0004678471105836998,0.0,0.0
0,81001,3,不使用 GP 产生的状态,500,历史重启阶段最优路径,沉积后,0.0004678471105836998,0.0004678606534528076,4.1991028082376274e-07
0,81001,3,不使用 GP 产生的状态,500,历史重启阶段最优路径,重启和可选上界处理后,0.0004678471105836998,0.0004678606534528076,4.1991028082376274e-07
0,81001,4,不使用 GP 产生的状态,500,历史重启阶段最优路径,更新前,0.0003836043936809634,0.0,0.0
0,81001,4,不使用 GP 产生的状态,500,历史重启阶段最优路径,蒸发和下界保护后,0.0003836043936809634,0.0,0.0
0,81001,4,不使用 GP 产生的状态,500,历史重启阶段最优路径,沉积后,0.0003836043936809634,0.00038380525922769045,3.3945588591128235e-07
0,81001,4,不使用 GP 产生的状态,500,历史重启阶段最优路径,重启和可选上界处理后,0.0003836043936809634,0.0,0.0
0,81001,5,不使用 GP 产生的状态,500,历史重启阶段最优路径,更新前,0.0007221426594289208,0.0,0.0
0,81001,5,不使用 GP 产生的状态,500,历史重启阶段最优路径,蒸发和下界保护后,0.0007221426594289208,0.0,0.0
0,81001,5,不使用 GP 产生的状态,500,历史重启阶段最优路径,沉积后,0.0007221426594289208,0.0007221468990237245,6.236646136419658e-07
0,81001,5,不使用 GP 产生的状态,500,历史重启阶段最优路径,重启和可选上界处理后,0.0007221426594289208,0.0007221468990237245,6.236646136419658e-07
0,81001,6,不使用 GP 产生的状态,500,历史重启阶段最优路径,更新前,0.0012073805939968808,0.0,0.0
0,81001,6,不使用 GP 产生的状态,500,历史重启阶段最优路径,蒸发和下界保护后,0.0012073805939968808,0.0,0.0
0,81001,6,不使用 GP 产生的状态,500,历史重启阶段最优路径,沉积后,0.0012073805939968808,0.001207435497921379,1.0742647851236682e-06
0,81001,6,不使用 GP 产生的状态,500,历史重启阶段最优路径,重启和可选上界处理后,0.0012073805939968808,0.001207435497921379,1.0742647851236682e-06
0,81001,7,不使用 GP 产生的状态,500,历史重启阶段最优路径,更新前,0.0004355368551753518,0.0,0.0
0,81001,7,不使用 GP 产生的状态,500,历史重启阶段最优路径,蒸发和下界保护后,0.0004355368551753518,0.0,0.0
0,81001,7,不使用 GP 产生的状态,500,历史重启阶段最优路径,沉积后,0.0004355368551753518,0.00043527245714160506,3.852225461011123e-07
0,81001,7,不使用 GP 产生的状态,500,历史重启阶段最优路径,重启和可选上界处理后,0.0004355368551753518,0.00043527245714160506,3.852225461011123e-07
0,81001,0,不使用 GP 产生的状态,500,历史全局最优路径,更新前,0.0007007985477848432,0.0,0.0
0,81001,0,不使用 GP 产生的状态,500,历史全局最优路径,蒸发和下界保护后,0.0007007985477848432,0.0,0.0
0,81001,0,不使用 GP 产生的状态,500,历史全局最优路径,沉积后,0.0007007985477848432,0.0007008507614158149,6.276139954318193e-07
0,81001,0,不使用 GP 产生的状态,500,历史全局最优路径,重启和可选上界处理后,0.0007007985477848432,0.0007008507614158149,6.276139954318193e-07
0,81001,1,不使用 GP 产生的状态,500,历史全局最优路径,更新前,0.00032945286261724347,0.0,0.0
0,81001,1,不使用 GP 产生的状态,500,历史全局最优路径,蒸发和下界保护后,0.00032945286261724347,0.0,0.0
0,81001,1,不使用 GP 产生的状态,500,历史全局最优路径,沉积后,0.00032945286261724347,0.00032958817739677204,2.948705831777234e-07
0,81001,1,不使用 GP 产生的状态,500,历史全局最优路径,重启和可选上界处理后,0.00032945286261724347,0.00032958817739677204,2.948705831777234e-07
0,81001,2,不使用 GP 产生的状态,500,历史全局最优路径,更新前,0.0007932846427048559,0.0,0.0
0,81001,2,不使用 GP 产生的状态,500,历史全局最优路径,蒸发和下界保护后,0.0007932846427048559,0.0,0.0
0,81001,2,不使用 GP 产生的状态,500,历史全局最优路径,沉积后,0.0007932846427048559,0.0007930614506476473,7.035123374531463e-07
0,81001,2,不使用 GP 产生的状态,500,历史全局最优路径,重启和可选上界处理后,0.0007932846427048559,0.0007930614506476473,7.035123374531463e-07
0,81001,3,不使用 GP 产生的状态,500,历史全局最优路径,更新前,0.0004678471105836998,0.0,0.0
0,81001,3,不使用 GP 产生的状态,500,历史全局最优路径,蒸发和下界保护后,0.0004678471105836998,0.0,0.0
0,81001,3,不使用 GP 产生的状态,500,历史全局最优路径,沉积后,0.0004678471105836998,0.0004678606534528076,4.1991028082376274e-07
0,81001,3,不使用 GP 产生的状态,500,历史全局最优路径,重启和可选上界处理后,0.0004678471105836998,0.0004678606534528076,4.1991028082376274e-07
0,81001,4,不使用 GP 产生的状态,500,历史全局最优路径,更新前,0.0003836043936809634,0.0,0.0
0,81001,4,不使用 GP 产生的状态,500,历史全局最优路径,蒸发和下界保护后,0.0003836043936809634,0.0,0.0
0,81001,4,不使用 GP 产生的状态,500,历史全局最优路径,沉积后,0.0003836043936809634,0.00038380525922769045,3.3945588591128235e-07
0,81001,4,不使用 GP 产生的状态,500,历史全局最优路径,重启和可选上界处理后,0.0003836043936809634,0.0,0.0
0,81001,5,不使用 GP 产生的状态,500,历史全局最优路径,更新前,0.0007221426594289208,0.0,0.0
0,81001,5,不使用 GP 产生的状态,500,历史全局最优路径,蒸发和下界保护后,0.0007221426594289208,0.0,0.0
0,81001,5,不使用 GP 产生的状态,500,历史全局最优路径,沉积后,0.0007221426594289208,0.0007221468990237245,6.236646136419658e-07
0,81001,5,不使用 GP 产生的状态,500,历史全局最优路径,重启和可选上界处理后,0.0007221426594289208,0.0007221468990237245,6.236646136419658e-07
0,81001,6,不使用 GP 产生的状态,500,历史全局最优路径,更新前,0.0012073805939968808,0.0,0.0
0,81001,6,不使用 GP 产生的状态,500,历史全局最优路径,蒸发和下界保护后,0.0012073805939968808,0.0,0.0
0,81001,6,不使用 GP 产生的状态,500,历史全局最优路径,沉积后,0.0012073805939968808,0.001207435497921379,1.0742647851236682e-06
0,81001,6,不使用 GP 产生的状态,500,历史全局最优路径,重启和可选上界处理后,0.0012073805939968808,0.001207435497921379,1.0742647851236682e-06
0,81001,7,不使用 GP 产生的状态,500,历史全局最优路径,更新前,0.0004355368551753518,0.0,0.0
0,81001,7,不使用 GP 产生的状态,500,历史全局最优路径,蒸发和下界保护后,0.0004355368551753518,0.0,0.0
0,81001,7,不使用 GP 产生的状态,500,历史全局最优路径,沉积后,0.0004355368551753518,0.00043527245714160506,3.852225461011123e-07
0,81001,7,不使用 GP 产生的状态,500,历史全局最优路径,重启和可选上界处理后,0.0004355368551753518,0.00043527245714160506,3.852225461011123e-07
0,81001,0,GP 表达式自身产生的状态,500,本轮最优路径,更新前,0.0008632617618511656,0.0,0.0
0,81001,0,GP 表达式自身产生的状态,500,本轮最优路径,蒸发和下界保护后,0.0008632617618511656,0.0,0.0
0,81001,0,GP 表达式自身产生的状态,500,本轮最优路径,沉积后,0.0008632617618511656,0.000863149624720991,7.70798574111462e-07
0,81001,0,GP 表达式自身产生的状态,500,本轮最优路径,重启和可选上界处理后,0.0008632617618511656,0.000863149624720991,7.70798574111462e-07
0,81001,1,GP 表达式自身产生的状态,500,本轮最优路径,更新前,0.00044280036613784376,0.0,0.0
0,81001,1,GP 表达式自身产生的状态,500,本轮最优路径,蒸发和下界保护后,0.00044280036613784376,0.0,0.0
0,81001,1,GP 表达式自身产生的状态,500,本轮最优路径,沉积后,0.00044280036613784376,0.0004427923283383232,3.9559000344807314e-07
0,81001,1,GP 表达式自身产生的状态,500,本轮最优路径,重启和可选上界处理后,0.00044280036613784376,0.0004427923283383232,3.9559000344807314e-07
0,81001,2,GP 表达式自身产生的状态,500,本轮最优路径,更新前,0.0008027705524264584,0.0,0.0
0,81001,2,GP 表达式自身产生的状态,500,本轮最优路径,蒸发和下界保护后,0.0008027705524264584,0.0,0.0
0,81001,2,GP 表达式自身产生的状态,500,本轮最优路径,沉积后,0.0008027705524264584,0.0008027385632608674,7.121260061089614e-07
0,81001,2,GP 表达式自身产生的状态,500,本轮最优路径,重启和可选上界处理后,0.0008027705524264584,0.0,0.0
0,81001,3,GP 表达式自身产生的状态,500,本轮最优路径,更新前,0.00040870027635687793,0.0,0.0
0,81001,3,GP 表达式自身产生的状态,500,本轮最优路径,蒸发和下界保护后,0.00040870027635687793,0.0,0.0
0,81001,3,GP 表达式自身产生的状态,500,本轮最优路径,沉积后,0.00040870027635687793,0.00040867814359887774,3.6653756072866156e-07
0,81001,3,GP 表达式自身产生的状态,500,本轮最优路径,重启和可选上界处理后,0.00040870027635687793,0.00040867814359887774,3.6653756072866156e-07
0,81001,4,GP 表达式自身产生的状态,500,本轮最优路径,更新前,0.0006265787996590929,0.0,0.0
0,81001,4,GP 表达式自身产生的状态,500,本轮最优路径,蒸发和下界保护后,0.0006265787996590929,0.0,0.0
0,81001,4,GP 表达式自身产生的状态,500,本轮最优路径,沉积后,0.0006265787996590929,0.000626573872894748,5.557075896166647e-07
0,81001,4,GP 表达式自身产生的状态,500,本轮最优路径,重启和可选上界处理后,0.0006265787996590929,0.0,0.0
0,81001,5,GP 表达式自身产生的状态,500,本轮最优路径,更新前,0.0006716111959657267,0.0,0.0
0,81001,5,GP 表达式自身产生的状态,500,本轮最优路径,蒸发和下界保护后,0.0006716111959657267,0.0,0.0
0,81001,5,GP 表达式自身产生的状态,500,本轮最优路径,沉积后,0.0006716111959657267,0.0006715851063102737,5.789841259553012e-07
0,81001,5,GP 表达式自身产生的状态,500,本轮最优路径,重启和可选上界处理后,0.0006716111959657267,0.0006715851063102737,5.789841259553012e-07
0,81001,6,GP 表达式自身产生的状态,500,本轮最优路径,更新前,0.00041822958272664856,0.0,0.0
0,81001,6,GP 表达式自身产生的状态,500,本轮最优路径,蒸发和下界保护后,0.00041822958272664856,0.0,0.0
0,81001,6,GP 表达式自身产生的状态,500,本轮最优路径,沉积后,0.00041822958272664856,0.00041826612591956805,3.719411654687945e-07
0,81001,6,GP 表达式自身产生的状态,500,本轮最优路径,重启和可选上界处理后,0.00041822958272664856,0.00041826612591956805,3.719411654687945e-07
0,81001,7,GP 表达式自身产生的状态,500,本轮最优路径,更新前,0.0008116796503652775,0.0,0.0
0,81001,7,GP 表达式自身产生的状态,500,本轮最优路径,蒸发和下界保护后,0.0008116796503652775,0.0,0.0
0,81001,7,GP 表达式自身产生的状态,500,本轮最优路径,沉积后,0.0008116796503652775,0.0008117191999535715,7.171545570189903e-07
0,81001,7,GP 表达式自身产生的状态,500,本轮最优路径,重启和可选上界处理后,0.0008116796503652775,0.0008117191999535715,7.171545570189903e-07
0,81001,0,GP 表达式自身产生的状态,500,历史重启阶段最优路径,更新前,0.0008638091096054986,0.0,0.0
0,81001,0,GP 表达式自身产生的状态,500,历史重启阶段最优路径,蒸发和下界保护后,0.0008638091096054986,0.0,0.0
0,81001,0,GP 表达式自身产生的状态,500,历史重启阶段最优路径,沉积后,0.0008638091096054986,0.0008637661319388678,7.713491193134279e-07
0,81001,0,GP 表达式自身产生的状态,500,历史重启阶段最优路径,重启和可选上界处理后,0.0008638091096054986,0.0008637661319388678,7.713491193134279e-07
0,81001,1,GP 表达式自身产生的状态,500,历史重启阶段最优路径,更新前,0.0004429699134714806,0.0,0.0
0,81001,1,GP 表达式自身产生的状态,500,历史重启阶段最优路径,蒸发和下界保护后,0.0004429699134714806,0.0,0.0
0,81001,1,GP 表达式自身产生的状态,500,历史重启阶段最优路径,沉积后,0.0004429699134714806,0.0004430244197994794,3.957973536121187e-07
0,81001,1,GP 表达式自身产生的状态,500,历史重启阶段最优路径,重启和可选上界处理后,0.0004429699134714806,0.0004430244197994794,3.957973536121187e-07
0,81001,2,GP 表达式自身产生的状态,500,历史重启阶段最优路径,更新前,0.0008035701594701809,0.0,0.0
0,81001,2,GP 表达式自身产生的状态,500,历史重启阶段最优路径,蒸发和下界保护后,0.0008035701594701809,0.0,0.0
0,81001,2,GP 表达式自身产生的状态,500,历史重启阶段最优路径,沉积后,0.0008035701594701809,0.0008036176548343598,7.129058664519005e-07
0,81001,2,GP 表达式自身产生的状态,500,历史重启阶段最优路径,重启和可选上界处理后,0.0008035701594701809,0.0,0.0
0,81001,3,GP 表达式自身产生的状态,500,历史重启阶段最优路径,更新前,0.0004084745968300782,0.0,0.0
0,81001,3,GP 表达式自身产生的状态,500,历史重启阶段最优路径,蒸发和下界保护后,0.0004084745968300782,0.0,0.0
0,81001,3,GP 表达式自身产生的状态,500,历史重启阶段最优路径,沉积后,0.0004084745968300782,0.0004084523397307409,3.6633504048057313e-07
0,81001,3,GP 表达式自身产生的状态,500,历史重启阶段最优路径,重启和可选上界处理后,0.0004084745968300782,0.0004084523397307409,3.6633504048057313e-07
0,81001,4,GP 表达式自身产生的状态,500,历史重启阶段最优路径,更新前,0.0006266025923259296,0.0,0.0
0,81001,4,GP 表达式自身产生的状态,500,历史重启阶段最优路径,蒸发和下界保护后,0.0006266025923259296,0.0,0.0
0,81001,4,GP 表达式自身产生的状态,500,历史重启阶段最优路径,沉积后,0.0006266025923259296,0.0006265729115748757,5.557067370232641e-07
0,81001,4,GP 表达式自身产生的状态,500,历史重启阶段最优路径,重启和可选上界处理后,0.0006266025923259296,0.0,0.0
0,81001,5,GP 表达式自身产生的状态,500,历史重启阶段最优路径,更新前,0.0006721828627882356,0.0,0.0
0,81001,5,GP 表达式自身产生的状态,500,历史重启阶段最优路径,蒸发和下界保护后,0.0006721828627882356,0.0,0.0
0,81001,5,GP 表达式自身产生的状态,500,历史重启阶段最优路径,沉积后,0.0006721828627882356,0.0006721636899251585,5.794829320268006e-07
0,81001,5,GP 表达式自身产生的状态,500,历史重启阶段最优路径,重启和可选上界处理后,0.0006721828627882356,0.0006721636899251585,5.794829320268006e-07
0,81001,6,GP 表达式自身产生的状态,500,历史重启阶段最优路径,更新前,0.000417701884500417,0.0,0.0
0,81001,6,GP 表达式自身产生的状态,500,历史重启阶段最优路径,蒸发和下界保护后,0.000417701884500417,0.0,0.0
0,81001,6,GP 表达式自身产生的状态,500,历史重启阶段最优路径,沉积后,0.000417701884500417,0.0004177017634964669,3.7143930886509865e-07
0,81001,6,GP 表达式自身产生的状态,500,历史重启阶段最优路径,重启和可选上界处理后,0.000417701884500417,0.0004177017634964669,3.7143930886509865e-07
0,81001,7,GP 表达式自身产生的状态,500,历史重启阶段最优路径,更新前,0.0008093515225758611,0.0,0.0
0,81001,7,GP 表达式自身产生的状态,500,历史重启阶段最优路径,蒸发和下界保护后,0.0008093515225758611,0.0,0.0
0,81001,7,GP 表达式自身产生的状态,500,历史重启阶段最优路径,沉积后,0.0008093515225758611,0.0008093634736975574,7.150732710032271e-07
0,81001,7,GP 表达式自身产生的状态,500,历史重启阶段最优路径,重启和可选上界处理后,0.0008093515225758611,0.0008093634736975574,7.150732710032271e-07
0,81001,0,GP 表达式自身产生的状态,500,历史全局最优路径,更新前,0.0008638091096054986,0.0,0.0
0,81001,0,GP 表达式自身产生的状态,500,历史全局最优路径,蒸发和下界保护后,0.0008638091096054986,0.0,0.0
0,81001,0,GP 表达式自身产生的状态,500,历史全局最优路径,沉积后,0.0008638091096054986,0.0008637661319388678,7.713491193134279e-07
0,81001,0,GP 表达式自身产生的状态,500,历史全局最优路径,重启和可选上界处理后,0.0008638091096054986,0.0008637661319388678,7.713491193134279e-07
0,81001,1,GP 表达式自身产生的状态,500,历史全局最优路径,更新前,0.0004429699134714806,0.0,0.0
0,81001,1,GP 表达式自身产生的状态,500,历史全局最优路径,蒸发和下界保护后,0.0004429699134714806,0.0,0.0
0,81001,1,GP 表达式自身产生的状态,500,历史全局最优路径,沉积后,0.0004429699134714806,0.0004430244197994794,3.957973536121187e-07
0,81001,1,GP 表达式自身产生的状态,500,历史全局最优路径,重启和可选上界处理后,0.0004429699134714806,0.0004430244197994794,3.957973536121187e-07
0,81001,2,GP 表达式自身产生的状态,500,历史全局最优路径,更新前,0.0008035701594701809,0.0,0.0
0,81001,2,GP 表达式自身产生的状态,500,历史全局最优路径,蒸发和下界保护后,0.0008035701594701809,0.0,0.0
0,81001,2,GP 表达式自身产生的状态,500,历史全局最优路径,沉积后,0.0008035701594701809,0.0008036176548343598,7.129058664519005e-07
0,81001,2,GP 表达式自身产生的状态,500,历史全局最优路径,重启和可选上界处理后,0.0008035701594701809,0.0,0.0
0,81001,3,GP 表达式自身产生的状态,500,历史全局最优路径,更新前,0.0004084745968300782,0.0,0.0
0,81001,3,GP 表达式自身产生的状态,500,历史全局最优路径,蒸发和下界保护后,0.0004084745968300782,0.0,0.0
0,81001,3,GP 表达式自身产生的状态,500,历史全局最优路径,沉积后,0.0004084745968300782,0.0004084523397307409,3.6633504048057313e-07
0,81001,3,GP 表达式自身产生的状态,500,历史全局最优路径,重启和可选上界处理后,0.0004084745968300782,0.0004084523397307409,3.6633504048057313e-07
0,81001,4,GP 表达式自身产生的状态,500,历史全局最优路径,更新前,0.0006266025923259296,0.0,0.0
0,81001,4,GP 表达式自身产生的状态,500,历史全局最优路径,蒸发和下界保护后,0.0006266025923259296,0.0,0.0
0,81001,4,GP 表达式自身产生的状态,500,历史全局最优路径,沉积后,0.0006266025923259296,0.0006265729115748757,5.557067370232641e-07
0,81001,4,GP 表达式自身产生的状态,500,历史全局最优路径,重启和可选上界处理后,0.0006266025923259296,0.0,0.0
0,81001,5,GP 表达式自身产生的状态,500,历史全局最优路径,更新前,0.0006721828627882356,0.0,0.0
0,81001,5,GP 表达式自身产生的状态,500,历史全局最优路径,蒸发和下界保护后,0.0006721828627882356,0.0,0.0
0,81001,5,GP 表达式自身产生的状态,500,历史全局最优路径,沉积后,0.0006721828627882356,0.0006721636899251585,5.794829320268006e-07
0,81001,5,GP 表达式自身产生的状态,500,历史全局最优路径,重启和可选上界处理后,0.0006721828627882356,0.0006721636899251585,5.794829320268006e-07
0,81001,6,GP 表达式自身产生的状态,500,历史全局最优路径,更新前,0.000417701884500417,0.0,0.0
0,81001,6,GP 表达式自身产生的状态,500,历史全局最优路径,蒸发和下界保护后,0.000417701884500417,0.0,0.0
0,81001,6,GP 表达式自身产生的状态,500,历史全局最优路径,沉积后,0.000417701884500417,0.0004177017634964669,3.7143930886509865e-07
0,81001,6,GP 表达式自身产生的状态,500,历史全局最优路径,重启和可选上界处理后,0.000417701884500417,0.0004177017634964669,3.7143930886509865e-07
0,81001,7,GP 表达式自身产生的状态,500,历史全局最优路径,更新前,0.0008093515225758611,0.0,0.0
0,81001,7,GP 表达式自身产生的状态,500,历史全局最优路径,蒸发和下界保护后,0.0008093515225758611,0.0,0.0
0,81001,7,GP 表达式自身产生的状态,500,历史全局最优路径,沉积后,0.0008093515225758611,0.0008093634736975574,7.150732710032271e-07
0,81001,7,GP 表达式自身产生的状态,500,历史全局最优路径,重启和可选上界处理后,0.0008093515225758611,0.0008093634736975574,7.150732710032271e-07
0,81002,0,GP 表达式自身产生的状态,500,本轮最优路径,更新前,0.00045242584862167755,0.0,0.0
0,81002,0,GP 表达式自身产生的状态,500,本轮最优路径,蒸发和下界保护后,0.00045242584862167755,0.0,0.0
0,81002,0,GP 表达式自身产生的状态,500,本轮最优路径,沉积后,0.00045242584862167755,0.0004524311739173277,4.029099228980515e-07
0,81002,0,GP 表达式自身产生的状态,500,本轮最优路径,重启和可选上界处理后,0.00045242584862167755,0.0,0.0
0,81002,1,GP 表达式自身产生的状态,500,本轮最优路径,更新前,0.0002839695091901143,0.0,0.0
0,81002,1,GP 表达式自身产生的状态,500,本轮最优路径,蒸发和下界保护后,0.0002839695091901143,0.0,0.0
0,81002,1,GP 表达式自身产生的状态,500,本轮最优路径,沉积后,0.0002839695091901143,0.00028389927273580307,2.5306916710558003e-07
0,81002,1,GP 表达式自身产生的状态,500,本轮最优路径,重启和可选上界处理后,0.0002839695091901143,0.00028389927273580307,2.5306916710558003e-07
0,81002,2,GP 表达式自身产生的状态,500,本轮最优路径,更新前,0.0001812854160593257,0.0,0.0
0,81002,2,GP 表达式自身产生的状态,500,本轮最优路径,蒸发和下界保护后,0.0001812854160593257,0.0,0.0
0,81002,2,GP 表达式自身产生的状态,500,本轮最优路径,沉积后,0.0001812854160593257,0.00018128346109910678,1.6070427995401812e-07
0,81002,2,GP 表达式自身产生的状态,500,本轮最优路径,重启和可选上界处理后,0.0001812854160593257,0.0,0.0
0,81002,3,GP 表达式自身产生的状态,500,本轮最优路径,更新前,0.0006542260380044181,0.0,0.0
0,81002,3,GP 表达式自身产生的状态,500,本轮最优路径,蒸发和下界保护后,0.0006542260380044181,0.0,0.0
0,81002,3,GP 表达式自身产生的状态,500,本轮最优路径,沉积后,0.0006542260380044181,0.000654271372290511,5.874614197112141e-07
0,81002,3,GP 表达式自身产生的状态,500,本轮最优路径,重启和可选上界处理后,0.0006542260380044181,0.000654271372290511,5.874614197112141e-07
0,81002,4,GP 表达式自身产生的状态,500,本轮最优路径,更新前,0.014772984501687075,0.0,0.0
0,81002,4,GP 表达式自身产生的状态,500,本轮最优路径,蒸发和下界保护后,0.014772984501687075,0.0,0.0
0,81002,4,GP 表达式自身产生的状态,500,本轮最优路径,沉积后,0.014772984501687075,0.014772864944564913,1.2265016789107356e-05
0,81002,4,GP 表达式自身产生的状态,500,本轮最优路径,重启和可选上界处理后,0.014772984501687075,0.014772864944564913,1.2265016789107356e-05
0,81002,5,GP 表达式自身产生的状态,500,本轮最优路径,更新前,0.00030393099101265014,0.0,0.0
0,81002,5,GP 表达式自身产生的状态,500,本轮最优路径,蒸发和下界保护后,0.00030393099101265014,0.0,0.0
0,81002,5,GP 表达式自身产生的状态,500,本轮最优路径,沉积后,0.00030393099101265014,0.00030395380184095614,2.6207332069306606e-07
0,81002,5,GP 表达式自身产生的状态,500,本轮最优路径,重启和可选上界处理后,0.00030393099101265014,0.0,0.0
0,81002,6,GP 表达式自身产生的状态,500,本轮最优路径,更新前,0.0011966703789171172,0.0,0.0
0,81002,6,GP 表达式自身产生的状态,500,本轮最优路径,蒸发和下界保护后,0.0011966703789171172,0.0,0.0
0,81002,6,GP 表达式自身产生的状态,500,本轮最优路径,沉积后,0.0011966703789171172,0.0011966319974020562,1.0635148501210179e-06
0,81002,6,GP 表达式自身产生的状态,500,本轮最优路径,重启和可选上界处理后,0.0011966703789171172,0.0,0.0
0,81002,7,GP 表达式自身产生的状态,500,本轮最优路径,更新前,0.0004109262417346389,0.0,0.0
0,81002,7,GP 表达式自身产生的状态,500,本轮最优路径,蒸发和下界保护后,0.0004109262417346389,0.0,0.0
0,81002,7,GP 表达式自身产生的状态,500,本轮最优路径,沉积后,0.0004109262417346389,0.0004109595376613058,3.627571629902541e-07
0,81002,7,GP 表达式自身产生的状态,500,本轮最优路径,重启和可选上界处理后,0.0004109262417346389,0.0004109595376613058,3.627571629902541e-07
0,81002,0,GP 表达式自身产生的状态,500,历史重启阶段最优路径,更新前,0.0004523353185956257,0.0,0.0
0,81002,0,GP 表达式自身产生的状态,500,历史重启阶段最优路径,蒸发和下界保护后,0.0004523353185956257,0.0,0.0
0,81002,0,GP 表达式自身产生的状态,500,历史重启阶段最优路径,沉积后,0.0004523353185956257,0.00045234398768156773,4.028322797082075e-07
0,81002,0,GP 表达式自身产生的状态,500,历史重启阶段最优路径,重启和可选上界处理后,0.0004523353185956257,0.0,0.0
0,81002,1,GP 表达式自身产生的状态,500,历史重启阶段最优路径,更新前,0.00030416236393280514,0.0,0.0
0,81002,1,GP 表达式自身产生的状态,500,历史重启阶段最优路径,蒸发和下界保护后,0.00030416236393280514,0.0,0.0
0,81002,1,GP 表达式自身产生的状态,500,历史重启阶段最优路径,沉积后,0.00030416236393280514,0.0003041032041953029,2.710790480659726e-07
0,81002,1,GP 表达式自身产生的状态,500,历史重启阶段最优路径,重启和可选上界处理后,0.00030416236393280514,0.0003041032041953029,2.710790480659726e-07
0,81002,2,GP 表达式自身产生的状态,500,历史重启阶段最优路径,更新前,0.00018065323079853712,0.0,0.0
0,81002,2,GP 表达式自身产生的状态,500,历史重启阶段最优路径,蒸发和下界保护后,0.00018065323079853712,0.0,0.0
0,81002,2,GP 表达式自身产生的状态,500,历史重启阶段最优路径,沉积后,0.00018065323079853712,0.00018066373870971375,1.601549080490745e-07
0,81002,2,GP 表达式自身产生的状态,500,历史重启阶段最优路径,重启和可选上界处理后,0.00018065323079853712,0.0,0.0
0,81002,3,GP 表达式自身产生的状态,500,历史重启阶段最优路径,更新前,0.0006544545724877359,0.0,0.0
0,81002,3,GP 表达式自身产生的状态,500,历史重启阶段最优路径,蒸发和下界保护后,0.0006544545724877359,0.0,0.0
0,81002,3,GP 表达式自身产生的状态,500,历史重启阶段最优路径,沉积后,0.0006544545724877359,0.0006544750660691204,5.876443136011749e-07
0,81002,3,GP 表达式自身产生的状态,500,历史重启阶段最优路径,重启和可选上界处理后,0.0006544545724877359,0.0006544750660691204,5.876443136011749e-07
0,81002,4,GP 表达式自身产生的状态,500,历史重启阶段最优路径,更新前,0.014774661682810887,0.0,0.0
0,81002,4,GP 表达式自身产生的状态,500,历史重启阶段最优路径,蒸发和下界保护后,0.014774661682810887,0.0,0.0
0,81002,4,GP 表达式自身产生的状态,500,历史重启阶段最优路径,沉积后,0.014774661682810887,0.014774531981448059,1.2266400829064166e-05
0,81002,4,GP 表达式自身产生的状态,500,历史重启阶段最优路径,重启和可选上界处理后,0.014774661682810887,0.014774531981448059,1.2266400829064166e-05
0,81002,5,GP 表达式自身产生的状态,500,历史重启阶段最优路径,更新前,0.00028654465047831684,0.0,0.0
0,81002,5,GP 表达式自身产生的状态,500,历史重启阶段最优路径,蒸发和下界保护后,0.00028654465047831684,0.0,0.0
0,81002,5,GP 表达式自身产生的状态,500,历史重启阶段最优路径,沉积后,0.00028654465047831684,0.0002865457424860549,2.470638426265666e-07
0,81002,5,GP 表达式自身产生的状态,500,历史重启阶段最优路径,重启和可选上界处理后,0.00028654465047831684,0.0,0.0
0,81002,6,GP 表达式自身产生的状态,500,历史重启阶段最优路径,更新前,0.0012203533477150735,0.0,0.0
0,81002,6,GP 表达式自身产生的状态,500,历史重启阶段最优路径,蒸发和下界保护后,0.0012203533477150735,0.0,0.0
0,81002,6,GP 表达式自身产生的状态,500,历史重启阶段最优路径,沉积后,0.0012203533477150735,0.0012202972889091643,1.0845475393729299e-06
0,81002,6,GP 表达式自身产生的状态,500,历史重启阶段最优路径,重启和可选上界处理后,0.0012203533477150735,0.0,0.0
0,81002,7,GP 表达式自身产生的状态,500,历史重启阶段最优路径,更新前,0.0004106287981230813,0.0,0.0
0,81002,7,GP 表达式自身产生的状态,500,历史重启阶段最优路径,蒸发和下界保护后,0.0004106287981230813,0.0,0.0
0,81002,7,GP 表达式自身产生的状态,500,历史重启阶段最优路径,沉积后,0.0004106287981230813,0.0004106556815009086,3.624889468069042e-07
0,81002,7,GP 表达式自身产生的状态,500,历史重启阶段最优路径,重启和可选上界处理后,0.0004106287981230813,0.0004106556815009086,3.624889468069042e-07
0,81002,0,GP 表达式自身产生的状态,500,历史全局最优路径,更新前,0.0004523353185956257,0.0,0.0
0,81002,0,GP 表达式自身产生的状态,500,历史全局最优路径,蒸发和下界保护后,0.0004523353185956257,0.0,0.0
0,81002,0,GP 表达式自身产生的状态,500,历史全局最优路径,沉积后,0.0004523353185956257,0.00045234398768156773,4.028322797082075e-07
0,81002,0,GP 表达式自身产生的状态,500,历史全局最优路径,重启和可选上界处理后,0.0004523353185956257,0.0,0.0
0,81002,1,GP 表达式自身产生的状态,500,历史全局最优路径,更新前,0.00030416236393280514,0.0,0.0
0,81002,1,GP 表达式自身产生的状态,500,历史全局最优路径,蒸发和下界保护后,0.00030416236393280514,0.0,0.0
0,81002,1,GP 表达式自身产生的状态,500,历史全局最优路径,沉积后,0.00030416236393280514,0.0003041032041953029,2.710790480659726e-07
0,81002,1,GP 表达式自身产生的状态,500,历史全局最优路径,重启和可选上界处理后,0.00030416236393280514,0.0003041032041953029,2.710790480659726e-07
0,81002,2,GP 表达式自身产生的状态,500,历史全局最优路径,更新前,0.00018065323079853712,0.0,0.0
0,81002,2,GP 表达式自身产生的状态,500,历史全局最优路径,蒸发和下界保护后,0.00018065323079853712,0.0,0.0
0,81002,2,GP 表达式自身产生的状态,500,历史全局最优路径,沉积后,0.00018065323079853712,0.00018066373870971375,1.601549080490745e-07
0,81002,2,GP 表达式自身产生的状态,500,历史全局最优路径,重启和可选上界处理后,0.00018065323079853712,0.0,0.0
0,81002,3,GP 表达式自身产生的状态,500,历史全局最优路径,更新前,0.0006544545724877359,0.0,0.0
0,81002,3,GP 表达式自身产生的状态,500,历史全局最优路径,蒸发和下界保护后,0.0006544545724877359,0.0,0.0
0,81002,3,GP 表达式自身产生的状态,500,历史全局最优路径,沉积后,0.0006544545724877359,0.0006544750660691204,5.876443136011749e-07
0,81002,3,GP 表达式自身产生的状态,500,历史全局最优路径,重启和可选上界处理后,0.0006544545724877359,0.0006544750660691204,5.876443136011749e-07
0,81002,4,GP 表达式自身产生的状态,500,历史全局最优路径,更新前,0.11466880182161192,0.0,0.0
0,81002,4,GP 表达式自身产生的状态,500,历史全局最优路径,蒸发和下界保护后,0.11466880182161192,0.0,0.0
0,81002,4,GP 表达式自身产生的状态,500,历史全局最优路径,沉积后,0.11466880182161192,0.11466871764856733,9.520251490044108e-05
0,81002,4,GP 表达式自身产生的状态,500,历史全局最优路径,重启和可选上界处理后,0.11466880182161192,0.11466871764856733,9.520251490044108e-05
0,81002,5,GP 表达式自身产生的状态,500,历史全局最优路径,更新前,0.00028654465047831684,0.0,0.0
0,81002,5,GP 表达式自身产生的状态,500,历史全局最优路径,蒸发和下界保护后,0.00028654465047831684,0.0,0.0
0,81002,5,GP 表达式自身产生的状态,500,历史全局最优路径,沉积后,0.00028654465047831684,0.0002865457424860549,2.470638426265666e-07
0,81002,5,GP 表达式自身产生的状态,500,历史全局最优路径,重启和可选上界处理后,0.00028654465047831684,0.0,0.0
0,81002,6,GP 表达式自身产生的状态,500,历史全局最优路径,更新前,0.0012203533477150735,0.0,0.0
0,81002,6,GP 表达式自身产生的状态,500,历史全局最优路径,蒸发和下界保护后,0.0012203533477150735,0.0,0.0
0,81002,6,GP 表达式自身产生的状态,500,历史全局最优路径,沉积后,0.0012203533477150735,0.0012202972889091643,1.0845475393729299e-06
0,81002,6,GP 表达式自身产生的状态,500,历史全局最优路径,重启和可选上界处理后,0.0012203533477150735,0.0,0.0
0,81002,7,GP 表达式自身产生的状态,500,历史全局最优路径,更新前,0.0004106287981230813,0.0,0.0
0,81002,7,GP 表达式自身产生的状态,500,历史全局最优路径,蒸发和下界保护后,0.0004106287981230813,0.0,0.0
0,81002,7,GP 表达式自身产生的状态,500,历史全局最优路径,沉积后,0.0004106287981230813,0.0004106556815009086,3.624889468069042e-07
0,81002,7,GP 表达式自身产生的状态,500,历史全局最优路径,重启和可选上界处理后,0.0004106287981230813,0.0004106556815009086,3.624889468069042e-07
0,81003,0,GP 表达式自身产生的状态,500,本轮最优路径,更新前,0.0032207829780825864,0.0,0.0
0,81003,0,GP 表达式自身产生的状态,500,本轮最优路径,蒸发和下界保护后,0.0032207829780825864,0.0,0.0
0,81003,0,GP 表达式自身产生的状态,500,本轮最优路径,沉积后,0.0032207829780825864,0.0032208040917714653,2.876812741497321e-06
0,81003,0,GP 表达式自身产生的状态,500,本轮最优路径,重启和可选上界处理后,0.0032207829780825864,0.0032208040917714653,2.876812741497321e-06
0,81003,1,GP 表达式自身产生的状态,500,本轮最优路径,更新前,0.004942988672639372,0.0,0.0
0,81003,1,GP 表达式自身产生的状态,500,本轮最优路径,蒸发和下界保护后,0.004942988672639372,0.0,0.0
0,81003,1,GP 表达式自身产生的状态,500,本轮最优路径,沉积后,0.004942988672639372,0.004942989302311966,4.404051711047712e-06
0,81003,1,GP 表达式自身产生的状态,500,本轮最优路径,重启和可选上界处理后,0.004942988672639372,0.004942989302311966,4.404051711047712e-06
0,81003,2,GP 表达式自身产生的状态,500,本轮最优路径,更新前,0.0042428434429148485,0.0,0.0
0,81003,2,GP 表达式自身产生的状态,500,本轮最优路径,蒸发和下界保护后,0.0042428434429148485,0.0,0.0
0,81003,2,GP 表达式自身产生的状态,500,本轮最优路径,沉积后,0.0042428434429148485,0.004242858960411587,3.7611534074914707e-06
0,81003,2,GP 表达式自身产生的状态,500,本轮最优路径,重启和可选上界处理后,0.0042428434429148485,0.004242858960411587,3.7611534074914707e-06
0,81003,3,GP 表达式自身产生的状态,500,本轮最优路径,更新前,0.0031295297727705587,0.0,0.0
0,81003,3,GP 表达式自身产生的状态,500,本轮最优路径,蒸发和下界保护后,0.0031295297727705587,0.0,0.0
0,81003,3,GP 表达式自身产生的状态,500,本轮最优路径,沉积后,0.0031295297727705587,0.0031295298970980523,2.807084215324014e-06
0,81003,3,GP 表达式自身产生的状态,500,本轮最优路径,重启和可选上界处理后,0.0031295297727705587,0.0031295298970980523,2.807084215324014e-06
0,81003,4,GP 表达式自身产生的状态,500,本轮最优路径,更新前,0.004000516786336891,0.0,0.0
0,81003,4,GP 表达式自身产生的状态,500,本轮最优路径,蒸发和下界保护后,0.004000516786336891,0.0,0.0
0,81003,4,GP 表达式自身产生的状态,500,本轮最优路径,沉积后,0.004000516786336891,0.004000526880195549,3.548070647597003e-06
0,81003,4,GP 表达式自身产生的状态,500,本轮最优路径,重启和可选上界处理后,0.004000516786336891,0.0,0.0
0,81003,5,GP 表达式自身产生的状态,500,本轮最优路径,更新前,0.0029772614653913302,0.0,0.0
0,81003,5,GP 表达式自身产生的状态,500,本轮最优路径,蒸发和下界保护后,0.0029772614653913302,0.0,0.0
0,81003,5,GP 表达式自身产生的状态,500,本轮最优路径,沉积后,0.0029772614653913302,0.0029772252374390172,2.5705400932392003e-06
0,81003,5,GP 表达式自身产生的状态,500,本轮最优路径,重启和可选上界处理后,0.0029772614653913302,0.0029772252374390172,2.5705400932392003e-06
0,81003,6,GP 表达式自身产生的状态,500,本轮最优路径,更新前,0.00549112803491072,0.0,0.0
0,81003,6,GP 表达式自身产生的状态,500,本轮最优路径,蒸发和下界保护后,0.00549112803491072,0.0,0.0
0,81003,6,GP 表达式自身产生的状态,500,本轮最优路径,沉积后,0.00549112803491072,0.005491136989203025,4.882807163106715e-06
0,81003,6,GP 表达式自身产生的状态,500,本轮最优路径,重启和可选上界处理后,0.00549112803491072,0.005491136989203025,4.882807163106715e-06
0,81003,7,GP 表达式自身产生的状态,500,本轮最优路径,更新前,0.003433496550583193,0.0,0.0
0,81003,7,GP 表达式自身产生的状态,500,本轮最优路径,蒸发和下界保护后,0.003433496550583193,0.0,0.0
0,81003,7,GP 表达式自身产生的状态,500,本轮最优路径,沉积后,0.003433496550583193,0.0034334812724991963,3.033247213854445e-06
0,81003,7,GP 表达式自身产生的状态,500,本轮最优路径,重启和可选上界处理后,0.003433496550583193,0.0034334812724991963,3.033247213854445e-06
0,81003,0,GP 表达式自身产生的状态,500,历史重启阶段最优路径,更新前,0.0032207543326099554,0.0,0.0
0,81003,0,GP 表达式自身产生的状态,500,历史重启阶段最优路径,蒸发和下界保护后,0.0032207543326099554,0.0,0.0
0,81003,0,GP 表达式自身产生的状态,500,历史重启阶段最优路径,沉积后,0.0032207543326099554,0.00322075470302555,2.8767686276147354e-06
0,81003,0,GP 表达式自身产生的状态,500,历史重启阶段最优路径,重启和可选上界处理后,0.0032207543326099554,0.00322075470302555,2.8767686276147354e-06
0,81003,1,GP 表达式自身产生的状态,500,历史重启阶段最优路径,更新前,0.0049429150009459,0.0,0.0
0,81003,1,GP 表达式自身产生的状态,500,历史重启阶段最优路径,蒸发和下界保护后,0.0049429150009459,0.0,0.0
0,81003,1,GP 表达式自身产生的状态,500,历史重启阶段最优路径,沉积后,0.0049429150009459,0.004942854300507858,4.403931428585014e-06
0,81003,1,GP 表达式自身产生的状态,500,历史重启阶段最优路径,重启和可选上界处理后,0.0049429150009459,0.004942854300507858,4.403931428585014e-06
0,81003,2,GP 表达式自身产生的状态,500,历史重启阶段最优路径,更新前,0.004242626320145537,0.0,0.0
0,81003,2,GP 表达式自身产生的状态,500,历史重启阶段最优路径,蒸发和下界保护后,0.004242626320145537,0.0,0.0
0,81003,2,GP 表达式自身产生的状态,500,历史重启阶段最优路径,沉积后,0.004242626320145537,0.004242627297625646,3.7609480461337498e-06
0,81003,2,GP 表达式自身产生的状态,500,历史重启阶段最优路径,重启和可选上界处理后,0.004242626320145537,0.004242627297625646,3.7609480461337498e-06
0,81003,3,GP 表达式自身产生的状态,500,历史重启阶段最优路径,更新前,0.0031291878721629142,0.0,0.0
0,81003,3,GP 表达式自身产生的状态,500,历史重启阶段最优路径,蒸发和下界保护后,0.0031291878721629142,0.0,0.0
0,81003,3,GP 表达式自身产生的状态,500,历史重启阶段最优路径,沉积后,0.0031291878721629142,0.0031291957047950166,2.8067844559449445e-06
0,81003,3,GP 表达式自身产生的状态,500,历史重启阶段最优路径,重启和可选上界处理后,0.0031291878721629142,0.0031291957047950166,2.8067844559449445e-06
0,81003,4,GP 表达式自身产生的状态,500,历史重启阶段最优路径,更新前,0.004000317793123348,0.0,0.0
0,81003,4,GP 表达式自身产生的状态,500,历史重启阶段最优路径,蒸发和下界保护后,0.004000317793123348,0.0,0.0
0,81003,4,GP 表达式自身产生的状态,500,历史重启阶段最优路径,沉积后,0.004000317793123348,0.004000276937028781,3.5478489727926237e-06
0,81003,4,GP 表达式自身产生的状态,500,历史重启阶段最优路径,重启和可选上界处理后,0.004000317793123348,0.0,0.0
0,81003,5,GP 表达式自身产生的状态,500,历史重启阶段最优路径,更新前,0.0029771028620817065,0.0,0.0
0,81003,5,GP 表达式自身产生的状态,500,历史重启阶段最优路径,蒸发和下界保护后,0.0029771028620817065,0.0,0.0
0,81003,5,GP 表达式自身产生的状态,500,历史重启阶段最优路径,沉积后,0.0029771028620817065,0.0029770488230625373,2.570387776840003e-06
0,81003,5,GP 表达式自身产生的状态,500,历史重启阶段最优路径,重启和可选上界处理后,0.0029771028620817065,0.0029770488230625373,2.570387776840003e-06
0,81003,6,GP 表达式自身产生的状态,500,历史重启阶段最优路径,更新前,0.005347209203810582,0.0,0.0
0,81003,6,GP 表达式自身产生的状态,500,历史重启阶段最优路径,蒸发和下界保护后,0.005347209203810582,0.0,0.0
0,81003,6,GP 表达式自身产生的状态,500,历史重启阶段最优路径,沉积后,0.005347209203810582,0.005347238123754647,4.7548499818606775e-06
0,81003,6,GP 表达式自身产生的状态,500,历史重启阶段最优路径,重启和可选上界处理后,0.005347209203810582,0.005347238123754647,4.7548499818606775e-06
0,81003,7,GP 表达式自身产生的状态,500,历史重启阶段最优路径,更新前,0.0034336769305426365,0.0,0.0
0,81003,7,GP 表达式自身产生的状态,500,历史重启阶段最优路径,蒸发和下界保护后,0.0034336769305426365,0.0,0.0
0,81003,7,GP 表达式自身产生的状态,500,历史重启阶段最优路径,沉积后,0.0034336769305426365,0.0034337089652348874,3.0334483649024155e-06
0,81003,7,GP 表达式自身产生的状态,500,历史重启阶段最优路径,重启和可选上界处理后,0.0034336769305426365,0.0034337089652348874,3.0334483649024155e-06
0,81003,0,GP 表达式自身产生的状态,500,历史全局最优路径,更新前,0.0032207543326099554,0.0,0.0
0,81003,0,GP 表达式自身产生的状态,500,历史全局最优路径,蒸发和下界保护后,0.0032207543326099554,0.0,0.0
0,81003,0,GP 表达式自身产生的状态,500,历史全局最优路径,沉积后,0.0032207543326099554,0.00322075470302555,2.8767686276147354e-06
0,81003,0,GP 表达式自身产生的状态,500,历史全局最优路径,重启和可选上界处理后,0.0032207543326099554,0.00322075470302555,2.8767686276147354e-06
0,81003,1,GP 表达式自身产生的状态,500,历史全局最优路径,更新前,0.0049429150009459,0.0,0.0
0,81003,1,GP 表达式自身产生的状态,500,历史全局最优路径,蒸发和下界保护后,0.0049429150009459,0.0,0.0
0,81003,1,GP 表达式自身产生的状态,500,历史全局最优路径,沉积后,0.0049429150009459,0.004942854300507858,4.403931428585014e-06
0,81003,1,GP 表达式自身产生的状态,500,历史全局最优路径,重启和可选上界处理后,0.0049429150009459,0.004942854300507858,4.403931428585014e-06
0,81003,2,GP 表达式自身产生的状态,500,历史全局最优路径,更新前,0.004242626320145537,0.0,0.0
0,81003,2,GP 表达式自身产生的状态,500,历史全局最优路径,蒸发和下界保护后,0.004242626320145537,0.0,0.0
0,81003,2,GP 表达式自身产生的状态,500,历史全局最优路径,沉积后,0.004242626320145537,0.004242627297625646,3.7609480461337498e-06
0,81003,2,GP 表达式自身产生的状态,500,历史全局最优路径,重启和可选上界处理后,0.004242626320145537,0.004242627297625646,3.7609480461337498e-06
0,81003,3,GP 表达式自身产生的状态,500,历史全局最优路径,更新前,0.0031291878721629142,0.0,0.0
0,81003,3,GP 表达式自身产生的状态,500,历史全局最优路径,蒸发和下界保护后,0.0031291878721629142,0.0,0.0
0,81003,3,GP 表达式自身产生的状态,500,历史全局最优路径,沉积后,0.0031291878721629142,0.0031291957047950166,2.8067844559449445e-06
0,81003,3,GP 表达式自身产生的状态,500,历史全局最优路径,重启和可选上界处理后,0.0031291878721629142,0.0031291957047950166,2.8067844559449445e-06
0,81003,4,GP 表达式自身产生的状态,500,历史全局最优路径,更新前,0.004000317793123348,0.0,0.0
0,81003,4,GP 表达式自身产生的状态,500,历史全局最优路径,蒸发和下界保护后,0.004000317793123348,0.0,0.0
0,81003,4,GP 表达式自身产生的状态,500,历史全局最优路径,沉积后,0.004000317793123348,0.004000276937028781,3.5478489727926237e-06
0,81003,4,GP 表达式自身产生的状态,500,历史全局最优路径,重启和可选上界处理后,0.004000317793123348,0.0,0.0
0,81003,5,GP 表达式自身产生的状态,500,历史全局最优路径,更新前,0.0029771028620817065,0.0,0.0
0,81003,5,GP 表达式自身产生的状态,500,历史全局最优路径,蒸发和下界保护后,0.0029771028620817065,0.0,0.0
0,81003,5,GP 表达式自身产生的状态,500,历史全局最优路径,沉积后,0.0029771028620817065,0.0029770488230625373,2.570387776840003e-06
0,81003,5,GP 表达式自身产生的状态,500,历史全局最优路径,重启和可选上界处理后,0.0029771028620817065,0.0029770488230625373,2.570387776840003e-06
0,81003,6,GP 表达式自身产生的状态,500,历史全局最优路径,更新前,0.005347209203810582,0.0,0.0
0,81003,6,GP 表达式自身产生的状态,500,历史全局最优路径,蒸发和下界保护后,0.005347209203810582,0.0,0.0
0,81003,6,GP 表达式自身产生的状态,500,历史全局最优路径,沉积后,0.005347209203810582,0.005347238123754647,4.7548499818606775e-06
0,81003,6,GP 表达式自身产生的状态,500,历史全局最优路径,重启和可选上界处理后,0.005347209203810582,0.005347238123754647,4.7548499818606775e-06
0,81003,7,GP 表达式自身产生的状态,500,历史全局最优路径,更新前,0.0034336769305426365,0.0,0.0
0,81003,7,GP 表达式自身产生的状态,500,历史全局最优路径,蒸发和下界保护后,0.0034336769305426365,0.0,0.0
0,81003,7,GP 表达式自身产生的状态,500,历史全局最优路径,沉积后,0.0034336769305426365,0.0034337089652348874,3.0334483649024155e-06
0,81003,7,GP 表达式自身产生的状态,500,历史全局最优路径,重启和可选上界处理后,0.0034336769305426365,0.0034337089652348874,3.0334483649024155e-06
0,81003,0,不使用 GP 产生的状态,1000,本轮最优路径,更新前,0.003417668336903879,0.0,0.0
0,81003,0,不使用 GP 产生的状态,1000,本轮最优路径,蒸发和下界保护后,0.003417668336903879,0.0,0.0
0,81003,0,不使用 GP 产生的状态,1000,本轮最优路径,沉积后,0.003417668336903879,0.0034175772093403903,2.841553274834395e-06
0,81003,0,不使用 GP 产生的状态,1000,本轮最优路径,重启和可选上界处理后,0.003417668336903879,0.0034175772093403903,2.841553274834395e-06
0,81003,1,不使用 GP 产生的状态,1000,本轮最优路径,更新前,0.004952247172863096,0.0,0.0
0,81003,1,不使用 GP 产生的状态,1000,本轮最优路径,蒸发和下界保护后,0.004952247172863096,0.0,0.0
0,81003,1,不使用 GP 产生的状态,1000,本轮最优路径,沉积后,0.004952247172863096,0.004952269884825566,4.115546361889732e-06
0,81003,1,不使用 GP 产生的状态,1000,本轮最优路径,重启和可选上界处理后,0.004952247172863096,0.004952269884825566,4.115546361889732e-06
0,81003,2,不使用 GP 产生的状态,1000,本轮最优路径,更新前,0.003549589238764635,0.0,0.0
0,81003,2,不使用 GP 产生的状态,1000,本轮最优路径,蒸发和下界保护后,0.003549589238764635,0.0,0.0
0,81003,2,不使用 GP 产生的状态,1000,本轮最优路径,沉积后,0.003549589238764635,0.003549541542281395,2.9540688079342115e-06
0,81003,2,不使用 GP 产生的状态,1000,本轮最优路径,重启和可选上界处理后,0.003549589238764635,0.003549541542281395,2.9540688079342115e-06
0,81003,3,不使用 GP 产生的状态,1000,本轮最优路径,更新前,0.002765076656332146,0.0,0.0
0,81003,3,不使用 GP 产生的状态,1000,本轮最优路径,蒸发和下界保护后,0.002765076656332146,0.0,0.0
0,81003,3,不使用 GP 产生的状态,1000,本轮最优路径,沉积后,0.002765076656332146,0.002764944418553208,2.2962721762834462e-06
0,81003,3,不使用 GP 产生的状态,1000,本轮最优路径,重启和可选上界处理后,0.002765076656332146,0.002764944418553208,2.2962721762834462e-06
0,81003,4,不使用 GP 产生的状态,1000,本轮最优路径,更新前,0.003456567589178654,0.0,0.0
0,81003,4,不使用 GP 产生的状态,1000,本轮最优路径,蒸发和下界保护后,0.003456567589178654,0.0,0.0
0,81003,4,不使用 GP 产生的状态,1000,本轮最优路径,沉积后,0.003456567589178654,0.0034564827605374445,2.874121980138659e-06
0,81003,4,不使用 GP 产生的状态,1000,本轮最优路径,重启和可选上界处理后,0.003456567589178654,0.0034564827605374445,2.874121980138659e-06
0,81003,5,不使用 GP 产生的状态,1000,本轮最优路径,更新前,0.005793721118551795,0.0,0.0
0,81003,5,不使用 GP 产生的状态,1000,本轮最优路径,蒸发和下界保护后,0.005793721118551795,0.0,0.0
0,81003,5,不使用 GP 产生的状态,1000,本轮最优路径,沉积后,0.005793721118551795,0.005793757064234339,4.821544649673965e-06
0,81003,5,不使用 GP 产生的状态,1000,本轮最优路径,重启和可选上界处理后,0.005793721118551795,0.005793757064234339,4.821544649673965e-06
0,81003,6,不使用 GP 产生的状态,1000,本轮最优路径,更新前,0.004794781853031407,0.0,0.0
0,81003,6,不使用 GP 产生的状态,1000,本轮最优路径,蒸发和下界保护后,0.004794781853031407,0.0,0.0
0,81003,6,不使用 GP 产生的状态,1000,本轮最优路径,沉积后,0.004794781853031407,0.004794827014182901,3.981827580148373e-06
0,81003,6,不使用 GP 产生的状态,1000,本轮最优路径,重启和可选上界处理后,0.004794781853031407,0.004794827014182901,3.981827580148373e-06
0,81003,7,不使用 GP 产生的状态,1000,本轮最优路径,更新前,0.0066628602916399765,0.0,0.0
0,81003,7,不使用 GP 产生的状态,1000,本轮最优路径,蒸发和下界保护后,0.0066628602916399765,0.0,0.0
0,81003,7,不使用 GP 产生的状态,1000,本轮最优路径,沉积后,0.0066628602916399765,0.006662841745765661,5.5083793679065614e-06
0,81003,7,不使用 GP 产生的状态,1000,本轮最优路径,重启和可选上界处理后,0.0066628602916399765,0.006662841745765661,5.5083793679065614e-06
0,81003,0,不使用 GP 产生的状态,1000,历史重启阶段最优路径,更新前,0.0034175926025098984,0.0,0.0
0,81003,0,不使用 GP 产生的状态,1000,历史重启阶段最优路径,蒸发和下界保护后,0.0034175926025098984,0.0,0.0
0,81003,0,不使用 GP 产生的状态,1000,历史重启阶段最优路径,沉积后,0.0034175926025098984,0.0034175486396177835,2.84152952046577e-06
0,81003,0,不使用 GP 产生的状态,1000,历史重启阶段最优路径,重启和可选上界处理后,0.0034175926025098984,0.0034175486396177835,2.84152952046577e-06
0,81003,1,不使用 GP 产生的状态,1000,历史重启阶段最优路径,更新前,0.004952392228269805,0.0,0.0
0,81003,1,不使用 GP 产生的状态,1000,历史重启阶段最优路径,蒸发和下界保护后,0.004952392228269805,0.0,0.0
0,81003,1,不使用 GP 产生的状态,1000,历史重启阶段最优路径,沉积后,0.004952392228269805,0.004952470653554574,4.1157132092206455e-06
0,81003,1,不使用 GP 产生的状态,1000,历史重启阶段最优路径,重启和可选上界处理后,0.004952392228269805,0.004952470653554574,4.1157132092206455e-06
0,81003,2,不使用 GP 产生的状态,1000,历史重启阶段最优路径,更新前,0.0035496218089974356,0.0,0.0
0,81003,2,不使用 GP 产生的状态,1000,历史重启阶段最优路径,蒸发和下界保护后,0.0035496218089974356,0.0,0.0
0,81003,2,不使用 GP 产生的状态,1000,历史重启阶段最优路径,沉积后,0.0035496218089974356,0.003549515193329017,2.954046879294297e-06
0,81003,2,不使用 GP 产生的状态,1000,历史重启阶段最优路径,重启和可选上界处理后,0.0035496218089974356,0.003549515193329017,2.954046879294297e-06
0,81003,3,不使用 GP 产生的状态,1000,历史重启阶段最优路径,更新前,0.002765583961753134,0.0,0.0
0,81003,3,不使用 GP 产生的状态,1000,历史重启阶段最优路径,蒸发和下界保护后,0.002765583961753134,0.0,0.0
0,81003,3,不使用 GP 产生的状态,1000,历史重启阶段最优路径,沉积后,0.002765583961753134,0.0027654071885792196,2.2966565044195263e-06
0,81003,3,不使用 GP 产生的状态,1000,历史重启阶段最优路径,重启和可选上界处理后,0.002765583961753134,0.0027654071885792196,2.2966565044195263e-06
0,81003,4,不使用 GP 产生的状态,1000,历史重启阶段最优路径,更新前,0.003456567589178654,0.0,0.0
0,81003,4,不使用 GP 产生的状态,1000,历史重启阶段最优路径,蒸发和下界保护后,0.003456567589178654,0.0,0.0
0,81003,4,不使用 GP 产生的状态,1000,历史重启阶段最优路径,沉积后,0.003456567589178654,0.0034564827605374445,2.874121980138659e-06
0,81003,4,不使用 GP 产生的状态,1000,历史重启阶段最优路径,重启和可选上界处理后,0.003456567589178654,0.0034564827605374445,2.874121980138659e-06
0,81003,5,不使用 GP 产生的状态,1000,历史重启阶段最优路径,更新前,0.005770485926178441,0.0,0.0
0,81003,5,不使用 GP 产生的状态,1000,历史重启阶段最优路径,蒸发和下界保护后,0.005770485926178441,0.0,0.0
0,81003,5,不使用 GP 产生的状态,1000,历史重启阶段最优路径,沉积后,0.005770485926178441,0.005770575608840952,4.802253122434478e-06
0,81003,5,不使用 GP 产生的状态,1000,历史重启阶段最优路径,重启和可选上界处理后,0.005770485926178441,0.005770575608840952,4.802253122434478e-06
0,81003,6,不使用 GP 产生的状态,1000,历史重启阶段最优路径,更新前,0.004794781853031407,0.0,0.0
0,81003,6,不使用 GP 产生的状态,1000,历史重启阶段最优路径,蒸发和下界保护后,0.004794781853031407,0.0,0.0
0,81003,6,不使用 GP 产生的状态,1000,历史重启阶段最优路径,沉积后,0.004794781853031407,0.004794827014182901,3.981827580148373e-06
0,81003,6,不使用 GP 产生的状态,1000,历史重启阶段最优路径,重启和可选上界处理后,0.004794781853031407,0.004794827014182901,3.981827580148373e-06
0,81003,7,不使用 GP 产生的状态,1000,历史重启阶段最优路径,更新前,0.006662912714644707,0.0,0.0
0,81003,7,不使用 GP 产生的状态,1000,历史重启阶段最优路径,蒸发和下界保护后,0.006662912714644707,0.0,0.0
0,81003,7,不使用 GP 产生的状态,1000,历史重启阶段最优路径,沉积后,0.006662912714644707,0.006662857077021762,5.508392042734812e-06
0,81003,7,不使用 GP 产生的状态,1000,历史重启阶段最优路径,重启和可选上界处理后,0.006662912714644707,0.006662857077021762,5.508392042734812e-06
0,81003,0,不使用 GP 产生的状态,1000,历史全局最优路径,更新前,0.0034175926025098984,0.0,0.0
0,81003,0,不使用 GP 产生的状态,1000,历史全局最优路径,蒸发和下界保护后,0.0034175926025098984,0.0,0.0
0,81003,0,不使用 GP 产生的状态,1000,历史全局最优路径,沉积后,0.0034175926025098984,0.0034175486396177835,2.84152952046577e-06
0,81003,0,不使用 GP 产生的状态,1000,历史全局最优路径,重启和可选上界处理后,0.0034175926025098984,0.0034175486396177835,2.84152952046577e-06
0,81003,1,不使用 GP 产生的状态,1000,历史全局最优路径,更新前,0.0868123428352274,0.0,0.0
0,81003,1,不使用 GP 产生的状态,1000,历史全局最优路径,蒸发和下界保护后,0.0868123428352274,0.0,0.0
0,81003,1,不使用 GP 产生的状态,1000,历史全局最优路径,沉积后,0.0868123428352274,0.08681226729599312,7.214467691516127e-05
0,81003,1,不使用 GP 产生的状态,1000,历史全局最优路径,重启和可选上界处理后,0.0868123428352274,0.08681226729599312,7.214467691516127e-05
0,81003,2,不使用 GP 产生的状态,1000,历史全局最优路径,更新前,0.0035496218089974356,0.0,0.0
0,81003,2,不使用 GP 产生的状态,1000,历史全局最优路径,蒸发和下界保护后,0.0035496218089974356,0.0,0.0
0,81003,2,不使用 GP 产生的状态,1000,历史全局最优路径,沉积后,0.0035496218089974356,0.003549515193329017,2.954046879294297e-06
0,81003,2,不使用 GP 产生的状态,1000,历史全局最优路径,重启和可选上界处理后,0.0035496218089974356,0.003549515193329017,2.954046879294297e-06
0,81003,3,不使用 GP 产生的状态,1000,历史全局最优路径,更新前,0.09042321221529113,0.0,0.0
0,81003,3,不使用 GP 产生的状态,1000,历史全局最优路径,蒸发和下界保护后,0.09042321221529113,0.0,0.0
0,81003,3,不使用 GP 产生的状态,1000,历史全局最优路径,沉积后,0.09042321221529113,0.09042326520992315,7.509605856702676e-05
0,81003,3,不使用 GP 产生的状态,1000,历史全局最优路径,重启和可选上界处理后,0.09042321221529113,0.09042326520992315,7.509605856702676e-05
0,81003,4,不使用 GP 产生的状态,1000,历史全局最优路径,更新前,0.0034567157983103123,0.0,0.0
0,81003,4,不使用 GP 产生的状态,1000,历史全局最优路径,蒸发和下界保护后,0.0034567157983103123,0.0,0.0
0,81003,4,不使用 GP 产生的状态,1000,历史全局最优路径,沉积后,0.0034567157983103123,0.0034566234989649057,2.8742390064442533e-06
0,81003,4,不使用 GP 产生的状态,1000,历史全局最优路径,重启和可选上界处理后,0.0034567157983103123,0.0034566234989649057,2.8742390064442533e-06
0,81003,5,不使用 GP 产生的状态,1000,历史全局最优路径,更新前,0.005770485926178441,0.0,0.0
0,81003,5,不使用 GP 产生的状态,1000,历史全局最优路径,蒸发和下界保护后,0.005770485926178441,0.0,0.0
0,81003,5,不使用 GP 产生的状态,1000,历史全局最优路径,沉积后,0.005770485926178441,0.005770575608840952,4.802253122434478e-06
0,81003,5,不使用 GP 产生的状态,1000,历史全局最优路径,重启和可选上界处理后,0.005770485926178441,0.005770575608840952,4.802253122434478e-06
0,81003,6,不使用 GP 产生的状态,1000,历史全局最优路径,更新前,0.09635053371637713,0.0,0.0
0,81003,6,不使用 GP 产生的状态,1000,历史全局最优路径,蒸发和下界保护后,0.09635053371637713,0.0,0.0
0,81003,6,不使用 GP 产生的状态,1000,历史全局最优路径,沉积后,0.09635053371637713,0.09635055502566041,8.00135846880301e-05
0,81003,6,不使用 GP 产生的状态,1000,历史全局最优路径,重启和可选上界处理后,0.09635053371637713,0.09635055502566041,8.00135846880301e-05
0,81003,7,不使用 GP 产生的状态,1000,历史全局最优路径,更新前,0.1221796404909069,0.0,0.0
0,81003,7,不使用 GP 产生的状态,1000,历史全局最优路径,蒸发和下界保护后,0.1221796404909069,0.0,0.0
0,81003,7,不使用 GP 产生的状态,1000,历史全局最优路径,沉积后,0.1221796404909069,0.1221795321830009,0.00010100964604471747
0,81003,7,不使用 GP 产生的状态,1000,历史全局最优路径,重启和可选上界处理后,0.1221796404909069,0.1221795321830009,0.00010100964604471747
0,81001,0,不使用 GP 产生的状态,1000,本轮最优路径,更新前,0.0008729117926719899,0.0,0.0
0,81001,0,不使用 GP 产生的状态,1000,本轮最优路径,蒸发和下界保护后,0.0008729117926719899,0.0,0.0
0,81001,0,不使用 GP 产生的状态,1000,本轮最优路径,沉积后,0.0008729117926719899,0.0008731606694365978,7.259916624306574e-07
0,81001,0,不使用 GP 产生的状态,1000,本轮最优路径,重启和可选上界处理后,0.0008729117926719899,0.0008731606694365978,7.259916624306574e-07
0,81001,1,不使用 GP 产生的状态,1000,本轮最优路径,更新前,0.000700539440077216,0.0,0.0
0,81001,1,不使用 GP 产生的状态,1000,本轮最优路径,蒸发和下界保护后,0.000700539440077216,0.0,0.0
0,81001,1,不使用 GP 产生的状态,1000,本轮最优路径,沉积后,0.000700539440077216,0.0007004469609814167,5.821011392769291e-07
0,81001,1,不使用 GP 产生的状态,1000,本轮最优路径,重启和可选上界处理后,0.000700539440077216,0.0007004469609814167,5.821011392769291e-07
0,81001,2,不使用 GP 产生的状态,1000,本轮最优路径,更新前,0.00050208136132569,0.0,0.0
0,81001,2,不使用 GP 产生的状态,1000,本轮最优路径,蒸发和下界保护后,0.00050208136132569,0.0,0.0
0,81001,2,不使用 GP 产生的状态,1000,本轮最优路径,沉积后,0.00050208136132569,0.0005020246378865426,4.178047519460571e-07
0,81001,2,不使用 GP 产生的状态,1000,本轮最优路径,重启和可选上界处理后,0.00050208136132569,0.0005020246378865426,4.178047519460571e-07
0,81001,3,不使用 GP 产生的状态,1000,本轮最优路径,更新前,0.0005248227592790784,0.0,0.0
0,81001,3,不使用 GP 产生的状态,1000,本轮最优路径,蒸发和下界保护后,0.0005248227592790784,0.0,0.0
0,81001,3,不使用 GP 产生的状态,1000,本轮最优路径,沉积后,0.0005248227592790784,0.0005249553702596505,4.3597274593627164e-07
0,81001,3,不使用 GP 产生的状态,1000,本轮最优路径,重启和可选上界处理后,0.0005248227592790784,0.0005249553702596505,4.3597274593627164e-07
0,81001,4,不使用 GP 产生的状态,1000,本轮最优路径,更新前,0.0008908741253318804,0.0,0.0
0,81001,4,不使用 GP 产生的状态,1000,本轮最优路径,蒸发和下界保护后,0.0008908741253318804,0.0,0.0
0,81001,4,不使用 GP 产生的状态,1000,本轮最优路径,沉积后,0.0008908741253318804,0.0008908607503614626,7.407652927100317e-07
0,81001,4,不使用 GP 产生的状态,1000,本轮最优路径,重启和可选上界处理后,0.0008908741253318804,0.0008908607503614626,7.407652927100317e-07
0,81001,5,不使用 GP 产生的状态,1000,本轮最优路径,更新前,0.0011733203311142962,0.0,0.0
0,81001,5,不使用 GP 产生的状态,1000,本轮最优路径,蒸发和下界保护后,0.0011733203311142962,0.0,0.0
0,81001,5,不使用 GP 产生的状态,1000,本轮最优路径,沉积后,0.0011733203311142962,0.0011733856869007406,9.764875223376205e-07
0,81001,5,不使用 GP 产生的状态,1000,本轮最优路径,重启和可选上界处理后,0.0011733203311142962,0.0011733856869007406,9.764875223376205e-07
0,81001,6,不使用 GP 产生的状态,1000,本轮最优路径,更新前,0.0006984011048096246,0.0,0.0
0,81001,6,不使用 GP 产生的状态,1000,本轮最优路径,蒸发和下界保护后,0.0006984011048096246,0.0,0.0
0,81001,6,不使用 GP 产生的状态,1000,本轮最优路径,沉积后,0.0006984011048096246,0.0006984776245086699,5.800454241953701e-07
0,81001,6,不使用 GP 产生的状态,1000,本轮最优路径,重启和可选上界处理后,0.0006984011048096246,0.0006984776245086699,5.800454241953701e-07
0,81001,7,不使用 GP 产生的状态,1000,本轮最优路径,更新前,0.0005339407907364175,0.0,0.0
0,81001,7,不使用 GP 产生的状态,1000,本轮最优路径,蒸发和下界保护后,0.0005339407907364175,0.0,0.0
0,81001,7,不使用 GP 产生的状态,1000,本轮最优路径,沉积后,0.0005339407907364175,0.0005340796375154562,4.4154031693440503e-07
0,81001,7,不使用 GP 产生的状态,1000,本轮最优路径,重启和可选上界处理后,0.0005339407907364175,0.0005340796375154562,4.4154031693440503e-07
0,81001,0,不使用 GP 产生的状态,1000,历史重启阶段最优路径,更新前,0.0008730388786794492,0.0,0.0
0,81001,0,不使用 GP 产生的状态,1000,历史重启阶段最优路径,蒸发和下界保护后,0.0008730388786794492,0.0,0.0
0,81001,0,不使用 GP 产生的状态,1000,历史重启阶段最优路径,沉积后,0.0008730388786794492,0.0008730434350576237,7.258941876076786e-07
0,81001,0,不使用 GP 产生的状态,1000,历史重启阶段最优路径,重启和可选上界处理后,0.0008730388786794492,0.0008730434350576237,7.258941876076786e-07
0,81001,1,不使用 GP 产生的状态,1000,历史重启阶段最优路径,更新前,0.0007009155050027392,0.0,0.0
0,81001,1,不使用 GP 产生的状态,1000,历史重启阶段最优路径,蒸发和下界保护后,0.0007009155050027392,0.0,0.0
0,81001,1,不使用 GP 产生的状态,1000,历史重启阶段最优路径,沉积后,0.0007009155050027392,0.0007006286566811689,5.822521361114065e-07
0,81001,1,不使用 GP 产生的状态,1000,历史重启阶段最优路径,重启和可选上界处理后,0.0007009155050027392,0.0007006286566811689,5.822521361114065e-07
0,81001,2,不使用 GP 产生的状态,1000,历史重启阶段最优路径,更新前,0.0005024170664967301,0.0,0.0
0,81001,2,不使用 GP 产生的状态,1000,历史重启阶段最优路径,蒸发和下界保护后,0.0005024170664967301,0.0,0.0
0,81001,2,不使用 GP 产生的状态,1000,历史重启阶段最优路径,沉积后,0.0005024170664967301,0.0005025779658864837,4.1826525338426024e-07
0,81001,2,不使用 GP 产生的状态,1000,历史重启阶段最优路径,重启和可选上界处理后,0.0005024170664967301,0.0005025779658864837,4.1826525338426024e-07
0,81001,3,不使用 GP 产生的状态,1000,历史重启阶段最优路径,更新前,0.0005244205723183,0.0,0.0
0,81001,3,不使用 GP 产生的状态,1000,历史重启阶段最优路径,蒸发和下界保护后,0.0005244205723183,0.0,0.0
0,81001,3,不使用 GP 产生的状态,1000,历史重启阶段最优路径,沉积后,0.0005244205723183,0.0005246478521133332,4.357173536910053e-07
0,81001,3,不使用 GP 产生的状态,1000,历史重启阶段最优路径,重启和可选上界处理后,0.0005244205723183,0.0005246478521133332,4.357173536910053e-07
0,81001,4,不使用 GP 产生的状态,1000,历史重启阶段最优路径,更新前,0.0008909358188891236,0.0,0.0
0,81001,4,不使用 GP 产生的状态,1000,历史重启阶段最优路径,蒸发和下界保护后,0.0008909358188891236,0.0,0.0
0,81001,4,不使用 GP 产生的状态,1000,历史重启阶段最优路径,沉积后,0.0008909358188891236,0.0008912222360484338,7.410658739744001e-07
0,81001,4,不使用 GP 产生的状态,1000,历史重启阶段最优路径,重启和可选上界处理后,0.0008909358188891236,0.0008912222360484338,7.410658739744001e-07
0,81001,5,不使用 GP 产生的状态,1000,历史重启阶段最优路径,更新前,0.001173361238995441,0.0,0.0
0,81001,5,不使用 GP 产生的状态,1000,历史重启阶段最优路径,蒸发和下界保护后,0.001173361238995441,0.0,0.0
0,81001,5,不使用 GP 产生的状态,1000,历史重启阶段最优路径,沉积后,0.001173361238995441,0.0011733726157434519,9.764766445655993e-07
0,81001,5,不使用 GP 产生的状态,1000,历史重启阶段最优路径,重启和可选上界处理后,0.001173361238995441,0.0011733726157434519,9.764766445655993e-07
0,81001,6,不使用 GP 产生的状态,1000,历史重启阶段最优路径,更新前,0.0006984011048096246,0.0,0.0
0,81001,6,不使用 GP 产生的状态,1000,历史重启阶段最优路径,蒸发和下界保护后,0.0006984011048096246,0.0,0.0
0,81001,6,不使用 GP 产生的状态,1000,历史重启阶段最优路径,沉积后,0.0006984011048096246,0.0006984776245086699,5.800454241953701e-07
0,81001,6,不使用 GP 产生的状态,1000,历史重启阶段最优路径,重启和可选上界处理后,0.0006984011048096246,0.0006984776245086699,5.800454241953701e-07
0,81001,7,不使用 GP 产生的状态,1000,历史重启阶段最优路径,更新前,0.0005338819384952577,0.0,0.0
0,81001,7,不使用 GP 产生的状态,1000,历史重启阶段最优路径,蒸发和下界保护后,0.0005338819384952577,0.0,0.0
0,81001,7,不使用 GP 产生的状态,1000,历史重启阶段最优路径,沉积后,0.0005338819384952577,0.0005337982347825156,4.4130767250619425e-07
0,81001,7,不使用 GP 产生的状态,1000,历史重启阶段最优路径,重启和可选上界处理后,0.0005338819384952577,0.0005337982347825156,4.4130767250619425e-07
0,81001,0,不使用 GP 产生的状态,1000,历史全局最优路径,更新前,0.0008729732422046665,0.0,0.0
0,81001,0,不使用 GP 产生的状态,1000,历史全局最优路径,蒸发和下界保护后,0.0008729732422046665,0.0,0.0
0,81001,0,不使用 GP 产生的状态,1000,历史全局最优路径,沉积后,0.0008729732422046665,0.0008730690492916853,7.259154846278252e-07
0,81001,0,不使用 GP 产生的状态,1000,历史全局最优路径,重启和可选上界处理后,0.0008729732422046665,0.0008730690492916853,7.259154846278252e-07
0,81001,1,不使用 GP 产生的状态,1000,历史全局最优路径,更新前,0.10245679155296732,0.0,0.0
0,81001,1,不使用 GP 产生的状态,1000,历史全局最优路径,蒸发和下界保护后,0.10245679155296732,0.0,0.0
0,81001,1,不使用 GP 产生的状态,1000,历史全局最优路径,沉积后,0.10245679155296732,0.1024566173860949,8.514579551225801e-05
0,81001,1,不使用 GP 产生的状态,1000,历史全局最优路径,重启和可选上界处理后,0.10245679155296732,0.1024566173860949,8.514579551225801e-05
0,81001,2,不使用 GP 产生的状态,1000,历史全局最优路径,更新前,0.0005024170664967301,0.0,0.0
0,81001,2,不使用 GP 产生的状态,1000,历史全局最优路径,蒸发和下界保护后,0.0005024170664967301,0.0,0.0
0,81001,2,不使用 GP 产生的状态,1000,历史全局最优路径,沉积后,0.0005024170664967301,0.0005025779658864837,4.1826525338426024e-07
0,81001,2,不使用 GP 产生的状态,1000,历史全局最优路径,重启和可选上界处理后,0.0005024170664967301,0.0005025779658864837,4.1826525338426024e-07
0,81001,3,不使用 GP 产生的状态,1000,历史全局最优路径,更新前,0.10905870564406027,0.0,0.0
0,81001,3,不使用 GP 产生的状态,1000,历史全局最优路径,蒸发和下界保护后,0.10905870564406027,0.0,0.0
0,81001,3,不使用 GP 产生的状态,1000,历史全局最优路径,沉积后,0.10905870564406027,0.10905877207395111,9.057275155791086e-05
0,81001,3,不使用 GP 产生的状态,1000,历史全局最优路径,重启和可选上界处理后,0.10905870564406027,0.10905877207395111,9.057275155791086e-05
0,81001,4,不使用 GP 产生的状态,1000,历史全局最优路径,更新前,0.000891182593118096,0.0,0.0
0,81001,4,不使用 GP 产生的状态,1000,历史全局最优路径,蒸发和下界保护后,0.000891182593118096,0.0,0.0
0,81001,4,不使用 GP 产生的状态,1000,历史全局最优路径,沉积后,0.000891182593118096,0.0008910834255446369,7.409504507688826e-07
0,81001,4,不使用 GP 产生的状态,1000,历史全局最优路径,重启和可选上界处理后,0.000891182593118096,0.0008910834255446369,7.409504507688826e-07
0,81001,5,不使用 GP 产生的状态,1000,历史全局最优路径,更新前,0.001173361238995441,0.0,0.0
0,81001,5,不使用 GP 产生的状态,1000,历史全局最优路径,蒸发和下界保护后,0.001173361238995441,0.0,0.0
0,81001,5,不使用 GP 产生的状态,1000,历史全局最优路径,沉积后,0.001173361238995441,0.0011733726157434519,9.764766445655993e-07
0,81001,5,不使用 GP 产生的状态,1000,历史全局最优路径,重启和可选上界处理后,0.001173361238995441,0.0011733726157434519,9.764766445655993e-07
0,81001,6,不使用 GP 产生的状态,1000,历史全局最优路径,更新前,0.11459392558074538,0.0,0.0
0,81001,6,不使用 GP 产生的状态,1000,历史全局最优路径,蒸发和下界保护后,0.11459392558074538,0.0,0.0
0,81001,6,不使用 GP 产生的状态,1000,历史全局最优路径,沉积后,0.11459392558074538,0.11459379021836638,9.516354042711718e-05
0,81001,6,不使用 GP 产生的状态,1000,历史全局最优路径,重启和可选上界处理后,0.11459392558074538,0.11459379021836638,9.516354042711718e-05
0,81001,7,不使用 GP 产生的状态,1000,历史全局最优路径,更新前,0.1478666278206267,0.0,0.0
0,81001,7,不使用 GP 产生的状态,1000,历史全局最优路径,蒸发和下界保护后,0.1478666278206267,0.0,0.0
0,81001,7,不使用 GP 产生的状态,1000,历史全局最优路径,沉积后,0.1478666278206267,0.14786644384555347,0.00012224582045673046
0,81001,7,不使用 GP 产生的状态,1000,历史全局最优路径,重启和可选上界处理后,0.1478666278206267,0.14786644384555347,0.00012224582045673046
0,81002,0,不使用 GP 产生的状态,1000,本轮最优路径,更新前,2.8680060846179542e-05,0.0,0.0
0,81002,0,不使用 GP 产生的状态,1000,本轮最优路径,蒸发和下界保护后,2.8680060846179542e-05,0.0,0.0
0,81002,0,不使用 GP 产生的状态,1000,本轮最优路径,沉积后,2.8680060846179542e-05,2.866626856630023e-05,2.3834642008738772e-08
0,81002,0,不使用 GP 产生的状态,1000,本轮最优路径,重启和可选上界处理后,2.8680060846179542e-05,2.866626856630023e-05,2.3834642008738772e-08
0,81002,1,不使用 GP 产生的状态,1000,本轮最优路径,更新前,0.00017809277942975642,0.0,0.0
0,81002,1,不使用 GP 产生的状态,1000,本轮最优路径,蒸发和下界保护后,0.00017809277942975642,0.0,0.0
0,81002,1,不使用 GP 产生的状态,1000,本轮最优路径,沉积后,0.00017809277942975642,0.00017792425917784532,1.4786260736617735e-07
0,81002,1,不使用 GP 产生的状态,1000,本轮最优路径,重启和可选上界处理后,0.00017809277942975642,0.00017792425917784532,1.4786260736617735e-07
0,81002,2,不使用 GP 产生的状态,1000,本轮最优路径,更新前,3.342571985181755e-05,0.0,0.0
0,81002,2,不使用 GP 产生的状态,1000,本轮最优路径,蒸发和下界保护后,3.342571985181755e-05,0.0,0.0
0,81002,2,不使用 GP 产生的状态,1000,本轮最优路径,沉积后,3.342571985181755e-05,3.359198662075927e-05,2.795657937536021e-08
0,81002,2,不使用 GP 产生的状态,1000,本轮最优路径,重启和可选上界处理后,3.342571985181755e-05,3.359198662075927e-05,2.795657937536021e-08
0,81002,3,不使用 GP 产生的状态,1000,本轮最优路径,更新前,0.0004089781109100958,0.0,0.0
0,81002,3,不使用 GP 产生的状态,1000,本轮最优路径,蒸发和下界保护后,0.0004089781109100958,0.0,0.0
0,81002,3,不使用 GP 产生的状态,1000,本轮最优路径,沉积后,0.0004089781109100958,0.0004091663289341161,3.398105402404748e-07
0,81002,3,不使用 GP 产生的状态,1000,本轮最优路径,重启和可选上界处理后,0.0004089781109100958,0.0004091663289341161,3.398105402404748e-07
0,81002,4,不使用 GP 产生的状态,1000,本轮最优路径,更新前,3.729797268647309e-05,0.0,0.0
0,81002,4,不使用 GP 产生的状态,1000,本轮最优路径,蒸发和下界保护后,3.729797268647309e-05,0.0,0.0
0,81002,4,不使用 GP 产生的状态,1000,本轮最优路径,沉积后,3.729797268647309e-05,3.743449378091927e-05,3.11273941879504e-08
0,81002,4,不使用 GP 产生的状态,1000,本轮最优路径,重启和可选上界处理后,3.729797268647309e-05,3.743449378091927e-05,3.11273941879504e-08
0,81002,5,不使用 GP 产生的状态,1000,本轮最优路径,更新前,0.002714750472769236,0.0,0.0
0,81002,5,不使用 GP 产生的状态,1000,本轮最优路径,蒸发和下界保护后,0.002714750472769236,0.0,0.0
0,81002,5,不使用 GP 产生的状态,1000,本轮最优路径,沉积后,0.002714750472769236,0.0027146465086570954,2.2591194633221034e-06
0,81002,5,不使用 GP 产生的状态,1000,本轮最优路径,重启和可选上界处理后,0.002714750472769236,0.0027146465086570954,2.2591194633221034e-06
0,81002,6,不使用 GP 产生的状态,1000,本轮最优路径,更新前,0.0009483374462316415,0.0,0.0
0,81002,6,不使用 GP 产生的状态,1000,本轮最优路径,蒸发和下界保护后,0.0009483374462316415,0.0,0.0
0,81002,6,不使用 GP 产生的状态,1000,本轮最优路径,沉积后,0.0009483374462316415,0.0009483270337409486,7.875309634279886e-07
0,81002,6,不使用 GP 产生的状态,1000,本轮最优路径,重启和可选上界处理后,0.0009483374462316415,0.0009483270337409486,7.875309634279886e-07
0,81002,7,不使用 GP 产生的状态,1000,本轮最优路径,更新前,0.00031297671304452747,0.0,0.0
0,81002,7,不使用 GP 产生的状态,1000,本轮最优路径,蒸发和下界保护后,0.00031297671304452747,0.0,0.0
0,81002,7,不使用 GP 产生的状态,1000,本轮最优路径,沉积后,0.00031297671304452747,0.0003132655341271941,2.5898640110416863e-07
0,81002,7,不使用 GP 产生的状态,1000,本轮最优路径,重启和可选上界处理后,0.00031297671304452747,0.0003132655341271941,2.5898640110416863e-07
0,81002,0,不使用 GP 产生的状态,1000,历史重启阶段最优路径,更新前,2.8412835423517882e-05,0.0,0.0
0,81002,0,不使用 GP 产生的状态,1000,历史重启阶段最优路径,蒸发和下界保护后,2.8412835423517882e-05,0.0,0.0
0,81002,0,不使用 GP 产生的状态,1000,历史重启阶段最优路径,沉积后,2.8412835423517882e-05,2.8500761207748495e-05,2.3697030493945036e-08
0,81002,0,不使用 GP 产生的状态,1000,历史重启阶段最优路径,重启和可选上界处理后,2.8412835423517882e-05,2.8500761207748495e-05,2.3697030493945036e-08
0,81002,1,不使用 GP 产生的状态,1000,历史重启阶段最优路径,更新前,0.00016692941069463218,0.0,0.0
0,81002,1,不使用 GP 产生的状态,1000,历史重启阶段最优路径,蒸发和下界保护后,0.00016692941069463218,0.0,0.0
0,81002,1,不使用 GP 产生的状态,1000,历史重启阶段最优路径,沉积后,0.00016692941069463218,0.0001666611334804952,1.385024721018876e-07
0,81002,1,不使用 GP 产生的状态,1000,历史重启阶段最优路径,重启和可选上界处理后,0.00016692941069463218,0.0001666611334804952,1.385024721018876e-07
0,81002,2,不使用 GP 产生的状态,1000,历史重启阶段最优路径,更新前,2.864082329148084e-05,0.0,0.0
0,81002,2,不使用 GP 产生的状态,1000,历史重启阶段最优路径,蒸发和下界保护后,2.864082329148084e-05,0.0,0.0
0,81002,2,不使用 GP 产生的状态,1000,历史重启阶段最优路径,沉积后,2.864082329148084e-05,2.8783790755310402e-05,2.395500867689993e-08
0,81002,2,不使用 GP 产生的状态,1000,历史重启阶段最优路径,重启和可选上界处理后,2.864082329148084e-05,2.8783790755310402e-05,2.395500867689993e-08
0,81002,3,不使用 GP 产生的状态,1000,历史重启阶段最优路径,更新前,0.00042174210439098177,0.0,0.0
0,81002,3,不使用 GP 产生的状态,1000,历史重启阶段最优路径,蒸发和下界保护后,0.00042174210439098177,0.0,0.0
0,81002,3,不使用 GP 产生的状态,1000,历史重启阶段最优路径,沉积后,0.00042174210439098177,0.0004218989734777561,3.5038493631146953e-07
0,81002,3,不使用 GP 产生的状态,1000,历史重启阶段最优路径,重启和可选上界处理后,0.00042174210439098177,0.0004218989734777561,3.5038493631146953e-07
0,81002,4,不使用 GP 产生的状态,1000,历史重启阶段最优路径,更新前,3.110005959289162e-05,0.0,0.0
0,81002,4,不使用 GP 产生的状态,1000,历史重启阶段最优路径,蒸发和下界保护后,3.110005959289162e-05,0.0,0.0
0,81002,4,不使用 GP 产生的状态,1000,历史重启阶段最优路径,沉积后,3.110005959289162e-05,3.112343566731577e-05,2.5879646087097765e-08
0,81002,4,不使用 GP 产生的状态,1000,历史重启阶段最优路径,重启和可选上界处理后,3.110005959289162e-05,3.112343566731577e-05,2.5879646087097765e-08
0,81002,5,不使用 GP 产生的状态,1000,历史重启阶段最优路径,更新前,0.0027145467805681505,0.0,0.0
0,81002,5,不使用 GP 产生的状态,1000,历史重启阶段最优路径,蒸发和下界保护后,0.0027145467805681505,0.0,0.0
0,81002,5,不使用 GP 产生的状态,1000,历史重启阶段最优路径,沉积后,0.0027145467805681505,0.002714537098229418,2.259028412341481e-06
0,81002,5,不使用 GP 产生的状态,1000,历史重启阶段最优路径,重启和可选上界处理后,0.0027145467805681505,0.002714537098229418,2.259028412341481e-06
0,81002,6,不使用 GP 产生的状态,1000,历史重启阶段最优路径,更新前,0.0009483374462316415,0.0,0.0
0,81002,6,不使用 GP 产生的状态,1000,历史重启阶段最优路径,蒸发和下界保护后,0.0009483374462316415,0.0,0.0
0,81002,6,不使用 GP 产生的状态,1000,历史重启阶段最优路径,沉积后,0.0009483374462316415,0.0009483270337409486,7.875309634279886e-07
0,81002,6,不使用 GP 产生的状态,1000,历史重启阶段最优路径,重启和可选上界处理后,0.0009483374462316415,0.0009483270337409486,7.875309634279886e-07
0,81002,7,不使用 GP 产生的状态,1000,历史重启阶段最优路径,更新前,0.00029449772751615703,0.0,0.0
0,81002,7,不使用 GP 产生的状态,1000,历史重启阶段最优路径,蒸发和下界保护后,0.00029449772751615703,0.0,0.0
0,81002,7,不使用 GP 产生的状态,1000,历史重启阶段最优路径,沉积后,0.00029449772751615703,0.00029463805796514105,2.435864847798116e-07
0,81002,7,不使用 GP 产生的状态,1000,历史重启阶段最优路径,重启和可选上界处理后,0.00029449772751615703,0.00029463805796514105,2.435864847798116e-07
0,81002,0,不使用 GP 产生的状态,1000,历史全局最优路径,更新前,9.480936334394723e-05,0.0,0.0
0,81002,0,不使用 GP 产生的状态,1000,历史全局最优路径,蒸发和下界保护后,9.480936334394723e-05,0.0,0.0
0,81002,0,不使用 GP 产生的状态,1000,历史全局最优路径,沉积后,9.480936334394723e-05,9.493620306069448e-05,7.893494782507803e-08
0,81002,0,不使用 GP 产生的状态,1000,历史全局最优路径,重启和可选上界处理后,9.480936334394723e-05,9.493620306069448e-05,7.893494782507803e-08
0,81002,1,不使用 GP 产生的状态,1000,历史全局最优路径,更新前,0.10500351816078433,0.0,0.0
0,81002,1,不使用 GP 产生的状态,1000,历史全局最优路径,蒸发和下界保护后,0.10500351816078433,0.0,0.0
0,81002,1,不使用 GP 产生的状态,1000,历史全局最优路径,沉积后,0.10500351816078433,0.10500341275720161,8.726229050703857e-05
0,81002,1,不使用 GP 产生的状态,1000,历史全局最优路径,重启和可选上界处理后,0.10500351816078433,0.10500341275720161,8.726229050703857e-05
0,81002,2,不使用 GP 产生的状态,1000,历史全局最优路径,更新前,2.864082329148084e-05,0.0,0.0
0,81002,2,不使用 GP 产生的状态,1000,历史全局最优路径,蒸发和下界保护后,2.864082329148084e-05,0.0,0.0
0,81002,2,不使用 GP 产生的状态,1000,历史全局最优路径,沉积后,2.864082329148084e-05,2.8783790755310402e-05,2.395500867689993e-08
0,81002,2,不使用 GP 产生的状态,1000,历史全局最优路径,重启和可选上界处理后,2.864082329148084e-05,2.8783790755310402e-05,2.395500867689993e-08
0,81002,3,不使用 GP 产生的状态,1000,历史全局最优路径,更新前,0.11013722751463938,0.0,0.0
0,81002,3,不使用 GP 产生的状态,1000,历史全局最优路径,蒸发和下界保护后,0.11013722751463938,0.0,0.0
0,81002,3,不使用 GP 产生的状态,1000,历史全局最优路径,沉积后,0.11013722751463938,0.11013742829711841,9.14685700258749e-05
0,81002,3,不使用 GP 产生的状态,1000,历史全局最优路径,重启和可选上界处理后,0.11013722751463938,0.11013742829711841,9.14685700258749e-05
0,81002,4,不使用 GP 产生的状态,1000,历史全局最优路径,更新前,2.935022787749239e-05,0.0,0.0
0,81002,4,不使用 GP 产生的状态,1000,历史全局最优路径,蒸发和下界保护后,2.935022787749239e-05,0.0,0.0
0,81002,4,不使用 GP 产生的状态,1000,历史全局最优路径,沉积后,2.935022787749239e-05,2.944807000343263e-05,2.4486552120505146e-08
0,81002,4,不使用 GP 产生的状态,1000,历史全局最优路径,重启和可选上界处理后,2.935022787749239e-05,2.944807000343263e-05,2.4486552120505146e-08
0,81002,5,不使用 GP 产生的状态,1000,历史全局最优路径,更新前,0.0027145467805681505,0.0,0.0
0,81002,5,不使用 GP 产生的状态,1000,历史全局最优路径,蒸发和下界保护后,0.0027145467805681505,0.0,0.0
0,81002,5,不使用 GP 产生的状态,1000,历史全局最优路径,沉积后,0.0027145467805681505,0.002714537098229418,2.259028412341481e-06
0,81002,5,不使用 GP 产生的状态,1000,历史全局最优路径,重启和可选上界处理后,0.0027145467805681505,0.002714537098229418,2.259028412341481e-06
0,81002,6,不使用 GP 产生的状态,1000,历史全局最优路径,更新前,0.11688833146537447,0.0,0.0
0,81002,6,不使用 GP 产生的状态,1000,历史全局最优路径,蒸发和下界保护后,0.11688833146537447,0.0,0.0
0,81002,6,不使用 GP 产生的状态,1000,历史全局最优路径,沉积后,0.11688833146537447,0.11688829490058157,9.706899436724875e-05
0,81002,6,不使用 GP 产生的状态,1000,历史全局最优路径,重启和可选上界处理后,0.11688833146537447,0.11688829490058157,9.706899436724875e-05
0,81002,7,不使用 GP 产生的状态,1000,历史全局最优路径,更新前,0.14617112714627298,0.0,0.0
0,81002,7,不使用 GP 产生的状态,1000,历史全局最优路径,蒸发和下界保护后,0.14617112714627298,0.0,0.0
0,81002,7,不使用 GP 产生的状态,1000,历史全局最优路径,沉积后,0.14617112714627298,0.14617102600943838,0.0001208441654293779
0,81002,7,不使用 GP 产生的状态,1000,历史全局最优路径,重启和可选上界处理后,0.14617112714627298,0.14617102600943838,0.0001208441654293779
0,81001,0,GP 表达式自身产生的状态,1000,本轮最优路径,更新前,0.0006643953667305794,0.0,0.0
0,81001,0,GP 表达式自身产生的状态,1000,本轮最优路径,蒸发和下界保护后,0.0006643953667305794,0.0,0.0
0,81001,0,GP 表达式自身产生的状态,1000,本轮最优路径,沉积后,0.0006643953667305794,0.0006643724025708038,5.52614852492036e-07
0,81001,0,GP 表达式自身产生的状态,1000,本轮最优路径,重启和可选上界处理后,0.0006643953667305794,0.0,0.0
0,81001,1,GP 表达式自身产生的状态,1000,本轮最优路径,更新前,0.0007181660366253827,0.0,0.0
0,81001,1,GP 表达式自身产生的状态,1000,本轮最优路径,蒸发和下界保护后,0.0007181660366253827,0.0,0.0
0,81001,1,GP 表达式自身产生的状态,1000,本轮最优路径,沉积后,0.0007181660366253827,0.000718212364958069,5.990319163801347e-07
0,81001,1,GP 表达式自身产生的状态,1000,本轮最优路径,重启和可选上界处理后,0.0007181660366253827,0.000718212364958069,5.990319163801347e-07
0,81001,2,GP 表达式自身产生的状态,1000,本轮最优路径,更新前,0.0005525509328857264,0.0,0.0
0,81001,2,GP 表达式自身产生的状态,1000,本轮最优路径,蒸发和下界保护后,0.0005525509328857264,0.0,0.0
0,81001,2,GP 表达式自身产生的状态,1000,本轮最优路径,沉积后,0.0005525509328857264,0.0005525774277289832,4.594932123837068e-07
0,81001,2,GP 表达式自身产生的状态,1000,本轮最优路径,重启和可选上界处理后,0.0005525509328857264,0.0005525774277289832,4.594932123837068e-07
0,81001,3,GP 表达式自身产生的状态,1000,本轮最优路径,更新前,0.0006849915145633312,0.0,0.0
0,81001,3,GP 表达式自身产生的状态,1000,本轮最优路径,蒸发和下界保护后,0.0006849915145633312,0.0,0.0
0,81001,3,GP 表达式自身产生的状态,1000,本轮最优路径,沉积后,0.0006849915145633312,0.0006850666728642747,5.711000819874196e-07
0,81001,3,GP 表达式自身产生的状态,1000,本轮最优路径,重启和可选上界处理后,0.0006849915145633312,0.0006850666728642747,5.711000819874196e-07
0,81001,4,GP 表达式自身产生的状态,1000,本轮最优路径,更新前,0.0006187561793641384,0.0,0.0
0,81001,4,GP 表达式自身产生的状态,1000,本轮最优路径,蒸发和下界保护后,0.0006187561793641384,0.0,0.0
0,81001,4,GP 表达式自身产生的状态,1000,本轮最优路径,沉积后,0.0006187561793641384,0.0006187881432498887,5.145515947532207e-07
0,81001,4,GP 表达式自身产生的状态,1000,本轮最优路径,重启和可选上界处理后,0.0006187561793641384,0.0006187881432498887,5.145515947532207e-07
0,81001,5,GP 表达式自身产生的状态,1000,本轮最优路径,更新前,0.0009116515309959206,0.0,0.0
0,81001,5,GP 表达式自身产生的状态,1000,本轮最优路径,蒸发和下界保护后,0.0009116515309959206,0.0,0.0
0,81001,5,GP 表达式自身产生的状态,1000,本轮最优路径,沉积后,0.0009116515309959206,0.000911704671272367,7.582436671638223e-07
0,81001,5,GP 表达式自身产生的状态,1000,本轮最优路径,重启和可选上界处理后,0.0009116515309959206,0.000911704671272367,7.582436671638223e-07
0,81001,6,GP 表达式自身产生的状态,1000,本轮最优路径,更新前,0.0004660978223169199,0.0,0.0
0,81001,6,GP 表达式自身产生的状态,1000,本轮最优路径,蒸发和下界保护后,0.0004660978223169199,0.0,0.0
0,81001,6,GP 表达式自身产生的状态,1000,本轮最优路径,沉积后,0.0004660978223169199,0.00046609009545517735,3.883806282794494e-07
0,81001,6,GP 表达式自身产生的状态,1000,本轮最优路径,重启和可选上界处理后,0.0004660978223169199,0.00046609009545517735,3.883806282794494e-07
0,81001,7,GP 表达式自身产生的状态,1000,本轮最优路径,更新前,0.0008220796337252165,0.0,0.0
0,81001,7,GP 表达式自身产生的状态,1000,本轮最优路径,蒸发和下界保护后,0.0008220796337252165,0.0,0.0
0,81001,7,GP 表达式自身产生的状态,1000,本轮最优路径,沉积后,0.0008220796337252165,0.0008221501165560181,7.275504473125888e-07
0,81001,7,GP 表达式自身产生的状态,1000,本轮最优路径,重启和可选上界处理后,0.0008220796337252165,0.0008221501165560181,7.275504473125888e-07
0,81001,0,GP 表达式自身产生的状态,1000,历史重启阶段最优路径,更新前,0.0006645042612946765,0.0,0.0
0,81001,0,GP 表达式自身产生的状态,1000,历史重启阶段最优路径,蒸发和下界保护后,0.0006645042612946765,0.0,0.0
0,81001,0,GP 表达式自身产生的状态,1000,历史重启阶段最优路径,沉积后,0.0006645042612946765,0.0006646074765504421,5.528103834503959e-07
0,81001,0,GP 表达式自身产生的状态,1000,历史重启阶段最优路径,重启和可选上界处理后,0.0006645042612946765,0.0,0.0
0,81001,1,GP 表达式自身产生的状态,1000,历史重启阶段最优路径,更新前,0.0007181998437870726,0.0,0.0
0,81001,1,GP 表达式自身产生的状态,1000,历史重启阶段最优路径,蒸发和下界保护后,0.0007181998437870726,0.0,0.0
0,81001,1,GP 表达式自身产生的状态,1000,历史重启阶段最优路径,沉积后,0.0007181998437870726,0.0007181973395528734,5.990193842967179e-07
0,81001,1,GP 表达式自身产生的状态,1000,历史重启阶段最优路径,重启和可选上界处理后,0.0007181998437870726,0.0007181973395528734,5.990193842967179e-07
0,81001,2,GP 表达式自身产生的状态,1000,历史重启阶段最优路径,更新前,0.0005525829220513175,0.0,0.0
0,81001,2,GP 表达式自身产生的状态,1000,历史重启阶段最优路径,蒸发和下界保护后,0.0005525829220513175,0.0,0.0
0,81001,2,GP 表达式自身产生的状态,1000,历史重启阶段最优路径,沉积后,0.0005525829220513175,0.0005525559388238533,4.594753433837202e-07
0,81001,2,GP 表达式自身产生的状态,1000,历史重启阶段最优路径,重启和可选上界处理后,0.0005525829220513175,0.0005525559388238533,4.594753433837202e-07
0,81001,3,GP 表达式自身产生的状态,1000,历史重启阶段最优路径,更新前,0.0006856069196611559,0.0,0.0
0,81001,3,GP 表达式自身产生的状态,1000,历史重启阶段最优路径,蒸发和下界保护后,0.0006856069196611559,0.0,0.0
0,81001,3,GP 表达式自身产生的状态,1000,历史重启阶段最优路径,沉积后,0.0006856069196611559,0.0006856242829650043,5.71564928967805e-07
0,81001,3,GP 表达式自身产生的状态,1000,历史重启阶段最优路径,重启和可选上界处理后,0.0006856069196611559,0.0006856242829650043,5.71564928967805e-07
0,81001,4,GP 表达式自身产生的状态,1000,历史重启阶段最优路径,更新前,0.0006192253034617667,0.0,0.0
0,81001,4,GP 表达式自身产生的状态,1000,历史重启阶段最优路径,蒸发和下界保护后,0.0006192253034617667,0.0,0.0
0,81001,4,GP 表达式自身产生的状态,1000,历史重启阶段最优路径,沉积后,0.0006192253034617667,0.0006192543833879004,5.149392954698051e-07
0,81001,4,GP 表达式自身产生的状态,1000,历史重启阶段最优路径,重启和可选上界处理后,0.0006192253034617667,0.0006192543833879004,5.149392954698051e-07
0,81001,5,GP 表达式自身产生的状态,1000,历史重启阶段最优路径,更新前,0.0009106223324454762,0.0,0.0
0,81001,5,GP 表达式自身产生的状态,1000,历史重启阶段最优路径,蒸发和下界保护后,0.0009106223324454762,0.0,0.0
0,81001,5,GP 表达式自身产生的状态,1000,历史重启阶段最优路径,沉积后,0.0009106223324454762,0.0009106874838802975,7.573976959599245e-07
0,81001,5,GP 表达式自身产生的状态,1000,历史重启阶段最优路径,重启和可选上界处理后,0.0009106223324454762,0.0009106874838802975,7.573976959599245e-07
0,81001,6,GP 表达式自身产生的状态,1000,历史重启阶段最优路径,更新前,0.0004660583428827042,0.0,0.0
0,81001,6,GP 表达式自身产生的状态,1000,历史重启阶段最优路径,蒸发和下界保护后,0.0004660583428827042,0.0,0.0
0,81001,6,GP 表达式自身产生的状态,1000,历史重启阶段最优路径,沉积后,0.0004660583428827042,0.0004661103784672515,3.883975295803986e-07
0,81001,6,GP 表达式自身产生的状态,1000,历史重启阶段最优路径,重启和可选上界处理后,0.0004660583428827042,0.0004661103784672515,3.883975295803986e-07
0,81001,7,GP 表达式自身产生的状态,1000,历史重启阶段最优路径,更新前,0.0008220641348828413,0.0,0.0
0,81001,7,GP 表达式自身产生的状态,1000,历史重启阶段最优路径,蒸发和下界保护后,0.0008220641348828413,0.0,0.0
0,81001,7,GP 表达式自身产生的状态,1000,历史重启阶段最优路径,沉积后,0.0008220641348828413,0.0008221609411443437,7.275600263832714e-07
0,81001,7,GP 表达式自身产生的状态,1000,历史重启阶段最优路径,重启和可选上界处理后,0.0008220641348828413,0.0008221609411443437,7.275600263832714e-07
0,81001,0,GP 表达式自身产生的状态,1000,历史全局最优路径,更新前,0.0006645042612946765,0.0,0.0
0,81001,0,GP 表达式自身产生的状态,1000,历史全局最优路径,蒸发和下界保护后,0.0006645042612946765,0.0,0.0
0,81001,0,GP 表达式自身产生的状态,1000,历史全局最优路径,沉积后,0.0006645042612946765,0.0006646074765504421,5.528103834503959e-07
0,81001,0,GP 表达式自身产生的状态,1000,历史全局最优路径,重启和可选上界处理后,0.0006645042612946765,0.0,0.0
0,81001,1,GP 表达式自身产生的状态,1000,历史全局最优路径,更新前,0.0007181998437870726,0.0,0.0
0,81001,1,GP 表达式自身产生的状态,1000,历史全局最优路径,蒸发和下界保护后,0.0007181998437870726,0.0,0.0
0,81001,1,GP 表达式自身产生的状态,1000,历史全局最优路径,沉积后,0.0007181998437870726,0.0007181973395528734,5.990193842967179e-07
0,81001,1,GP 表达式自身产生的状态,1000,历史全局最优路径,重启和可选上界处理后,0.0007181998437870726,0.0007181973395528734,5.990193842967179e-07
0,81001,2,GP 表达式自身产生的状态,1000,历史全局最优路径,更新前,0.0005527186928610012,0.0,0.0
0,81001,2,GP 表达式自身产生的状态,1000,历史全局最优路径,蒸发和下界保护后,0.0005527186928610012,0.0,0.0
0,81001,2,GP 表达式自身产生的状态,1000,历史全局最优路径,沉积后,0.0005527186928610012,0.0005526848722546321,4.5958255738364e-07
0,81001,2,GP 表达式自身产生的状态,1000,历史全局最优路径,重启和可选上界处理后,0.0005527186928610012,0.0005526848722546321,4.5958255738364e-07
0,81001,3,GP 表达式自身产生的状态,1000,历史全局最优路径,更新前,0.0006856069196611559,0.0,0.0
0,81001,3,GP 表达式自身产生的状态,1000,历史全局最优路径,蒸发和下界保护后,0.0006856069196611559,0.0,0.0
0,81001,3,GP 表达式自身产生的状态,1000,历史全局最优路径,沉积后,0.0006856069196611559,0.0006856242829650043,5.71564928967805e-07
0,81001,3,GP 表达式自身产生的状态,1000,历史全局最优路径,重启和可选上界处理后,0.0006856069196611559,0.0006856242829650043,5.71564928967805e-07
0,81001,4,GP 表达式自身产生的状态,1000,历史全局最优路径,更新前,0.0006191342184038768,0.0,0.0
0,81001,4,GP 表达式自身产生的状态,1000,历史全局最优路径,蒸发和下界保护后,0.0006191342184038768,0.0,0.0
0,81001,4,GP 表达式自身产生的状态,1000,历史全局最优路径,沉积后,0.0006191342184038768,0.0006191688259192756,5.148681503898546e-07
0,81001,4,GP 表达式自身产生的状态,1000,历史全局最优路径,重启和可选上界处理后,0.0006191342184038768,0.0006191688259192756,5.148681503898546e-07
0,81001,5,GP 表达式自身产生的状态,1000,历史全局最优路径,更新前,0.0009106223324454762,0.0,0.0
0,81001,5,GP 表达式自身产生的状态,1000,历史全局最优路径,蒸发和下界保护后,0.0009106223324454762,0.0,0.0
0,81001,5,GP 表达式自身产生的状态,1000,历史全局最优路径,沉积后,0.0009106223324454762,0.0009106874838802975,7.573976959599245e-07
0,81001,5,GP 表达式自身产生的状态,1000,历史全局最优路径,重启和可选上界处理后,0.0009106223324454762,0.0009106874838802975,7.573976959599245e-07
0,81001,6,GP 表达式自身产生的状态,1000,历史全局最优路径,更新前,0.0004660583428827042,0.0,0.0
0,81001,6,GP 表达式自身产生的状态,1000,历史全局最优路径,蒸发和下界保护后,0.0004660583428827042,0.0,0.0
0,81001,6,GP 表达式自身产生的状态,1000,历史全局最优路径,沉积后,0.0004660583428827042,0.0004661103784672515,3.883975295803986e-07
0,81001,6,GP 表达式自身产生的状态,1000,历史全局最优路径,重启和可选上界处理后,0.0004660583428827042,0.0004661103784672515,3.883975295803986e-07
0,81001,7,GP 表达式自身产生的状态,1000,历史全局最优路径,更新前,0.0008220641348828413,0.0,0.0
0,81001,7,GP 表达式自身产生的状态,1000,历史全局最优路径,蒸发和下界保护后,0.0008220641348828413,0.0,0.0
0,81001,7,GP 表达式自身产生的状态,1000,历史全局最优路径,沉积后,0.0008220641348828413,0.0008221609411443437,7.275600263832714e-07
0,81001,7,GP 表达式自身产生的状态,1000,历史全局最优路径,重启和可选上界处理后,0.0008220641348828413,0.0008221609411443437,7.275600263832714e-07
0,81002,0,GP 表达式自身产生的状态,1000,本轮最优路径,更新前,0.000559105678669251,0.0,0.0
0,81002,0,GP 表达式自身产生的状态,1000,本轮最优路径,蒸发和下界保护后,0.000559105678669251,0.0,0.0
0,81002,0,GP 表达式自身产生的状态,1000,本轮最优路径,沉积后,0.000559105678669251,0.000559142399800264,4.656927195687017e-07
0,81002,0,GP 表达式自身产生的状态,1000,本轮最优路径,重启和可选上界处理后,0.000559105678669251,0.000559142399800264,4.656927195687017e-07
0,81002,1,GP 表达式自身产生的状态,1000,本轮最优路径,更新前,0.0005414496216471839,0.0,0.0
0,81002,1,GP 表达式自身产生的状态,1000,本轮最优路径,蒸发和下界保护后,0.0005414496216471839,0.0,0.0
0,81002,1,GP 表达式自身产生的状态,1000,本轮最优路径,沉积后,0.0005414496216471839,0.000541530463252519,4.501340579571182e-07
0,81002,1,GP 表达式自身产生的状态,1000,本轮最优路径,重启和可选上界处理后,0.0005414496216471839,0.000541530463252519,4.501340579571182e-07
0,81002,2,GP 表达式自身产生的状态,1000,本轮最优路径,更新前,0.0014660796514133893,0.0,0.0
0,81002,2,GP 表达式自身产生的状态,1000,本轮最优路径,蒸发和下界保护后,0.0014660796514133893,0.0,0.0
0,81002,2,GP 表达式自身产生的状态,1000,本轮最优路径,沉积后,0.0014660796514133893,0.0014660637673616108,1.2190951782553927e-06
0,81002,2,GP 表达式自身产生的状态,1000,本轮最优路径,重启和可选上界处理后,0.0014660796514133893,0.0014660637673616108,1.2190951782553927e-06
0,81002,3,GP 表达式自身产生的状态,1000,本轮最优路径,更新前,0.0014246280774175308,0.0,0.0
0,81002,3,GP 表达式自身产生的状态,1000,本轮最优路径,蒸发和下界保护后,0.0014246280774175308,0.0,0.0
0,81002,3,GP 表达式自身产生的状态,1000,本轮最优路径,沉积后,0.0014246280774175308,0.0014246839690031249,1.1846815097394712e-06
0,81002,3,GP 表达式自身产生的状态,1000,本轮最优路径,重启和可选上界处理后,0.0014246280774175308,0.0014246839690031249,1.1846815097394712e-06
0,81002,4,GP 表达式自身产生的状态,1000,本轮最优路径,更新前,0.000640025085444403,0.0,0.0
0,81002,4,GP 表达式自身产生的状态,1000,本轮最优路径,蒸发和下界保护后,0.000640025085444403,0.0,0.0
0,81002,4,GP 表达式自身产生的状态,1000,本轮最优路径,沉积后,0.000640025085444403,0.0006399331760064467,5.333378673752474e-07
0,81002,4,GP 表达式自身产生的状态,1000,本轮最优路径,重启和可选上界处理后,0.000640025085444403,0.0006399331760064467,5.333378673752474e-07
0,81002,5,GP 表达式自身产生的状态,1000,本轮最优路径,更新前,0.00027090248897004236,0.0,0.0
0,81002,5,GP 表达式自身产生的状态,1000,本轮最优路径,蒸发和下界保护后,0.00027090248897004236,0.0,0.0
0,81002,5,GP 表达式自身产生的状态,1000,本轮最优路径,沉积后,0.00027090248897004236,0.0002710062297051575,2.2535481204726436e-07
0,81002,5,GP 表达式自身产生的状态,1000,本轮最优路径,重启和可选上界处理后,0.00027090248897004236,0.0,0.0
0,81002,6,GP 表达式自身产生的状态,1000,本轮最优路径,更新前,0.0009491186545397041,0.0,0.0
0,81002,6,GP 表达式自身产生的状态,1000,本轮最优路径,蒸发和下界保护后,0.0009491186545397041,0.0,0.0
0,81002,6,GP 表达式自身产生的状态,1000,本轮最优路径,沉积后,0.0009491186545397041,0.0009491554327248482,7.89656130395707e-07
0,81002,6,GP 表达式自身产生的状态,1000,本轮最优路径,重启和可选上界处理后,0.0009491186545397041,0.0,0.0
0,81002,7,GP 表达式自身产生的状态,1000,本轮最优路径,更新前,0.002061048196969634,0.0,0.0
0,81002,7,GP 表达式自身产生的状态,1000,本轮最优路径,蒸发和下界保护后,0.002061048196969634,0.0,0.0
0,81002,7,GP 表达式自身产生的状态,1000,本轮最优路径,沉积后,0.002061048196969634,0.002061030685778572,1.7136452741208082e-06
0,81002,7,GP 表达式自身产生的状态,1000,本轮最优路径,重启和可选上界处理后,0.002061048196969634,0.002061030685778572,1.7136452741208082e-06
0,81002,0,GP 表达式自身产生的状态,1000,历史重启阶段最优路径,更新前,0.0005595760058826292,0.0,0.0
0,81002,0,GP 表达式自身产生的状态,1000,历史重启阶段最优路径,蒸发和下界保护后,0.0005595760058826292,0.0,0.0
0,81002,0,GP 表达式自身产生的状态,1000,历史重启阶段最优路径,沉积后,0.0005595760058826292,0.0005596201454239479,4.660906193860557e-07
0,81002,0,GP 表达式自身产生的状态,1000,历史重启阶段最优路径,重启和可选上界处理后,0.0005595760058826292,0.0005596201454239479,4.660906193860557e-07
0,81002,1,GP 表达式自身产生的状态,1000,历史重启阶段最优路径,更新前,0.0005361697329996703,0.0,0.0
0,81002,1,GP 表达式自身产生的状态,1000,历史重启阶段最优路径,蒸发和下界保护后,0.0005361697329996703,0.0,0.0
0,81002,1,GP 表达式自身产生的状态,1000,历史重启阶段最优路径,沉积后,0.0005361697329996703,0.0005362331974375034,4.457308342805241e-07
0,81002,1,GP 表达式自身产生的状态,1000,历史重启阶段最优路径,重启和可选上界处理后,0.0005361697329996703,0.0005362331974375034,4.457308342805241e-07
0,81002,2,GP 表达式自身产生的状态,1000,历史重启阶段最优路径,更新前,0.0014665412663950783,0.0,0.0
0,81002,2,GP 表达式自身产生的状态,1000,历史重启阶段最优路径,蒸发和下界保护后,0.0014665412663950783,0.0,0.0
0,81002,2,GP 表达式自身产生的状态,1000,历史重启阶段最优路径,沉积后,0.0014665412663950783,0.0014665212280528346,1.2194755765268238e-06
0,81002,2,GP 表达式自身产生的状态,1000,历史重启阶段最优路径,重启和可选上界处理后,0.0014665412663950783,0.0014665212280528346,1.2194755765268238e-06
0,81002,3,GP 表达式自身产生的状态,1000,历史重启阶段最优路径,更新前,0.0014280043017979806,0.0,0.0
0,81002,3,GP 表达式自身产生的状态,1000,历史重启阶段最优路径,蒸发和下界保护后,0.0014280043017979806,0.0,0.0
0,81002,3,GP 表达式自身产生的状态,1000,历史重启阶段最优路径,沉积后,0.0014280043017979806,0.0014280275278568829,1.1874618122044064e-06
0,81002,3,GP 表达式自身产生的状态,1000,历史重启阶段最优路径,重启和可选上界处理后,0.0014280043017979806,0.0014280275278568829,1.1874618122044064e-06
0,81002,4,GP 表达式自身产生的状态,1000,历史重启阶段最优路径,更新前,0.0006404875198416596,0.0,0.0
0,81002,4,GP 表达式自身产生的状态,1000,历史重启阶段最优路径,蒸发和下界保护后,0.0006404875198416596,0.0,0.0
0,81002,4,GP 表达式自身产生的状态,1000,历史重启阶段最优路径,沉积后,0.0006404875198416596,0.0006404778958167428,5.337918518111747e-07
0,81002,4,GP 表达式自身产生的状态,1000,历史重启阶段最优路径,重启和可选上界处理后,0.0006404875198416596,0.0006404778958167428,5.337918518111747e-07
0,81002,5,GP 表达式自身产生的状态,1000,历史重启阶段最优路径,更新前,0.00027105670472949426,0.0,0.0
0,81002,5,GP 表达式自身产生的状态,1000,历史重启阶段最优路径,蒸发和下界保护后,0.00027105670472949426,0.0,0.0
0,81002,5,GP 表达式自身产生的状态,1000,历史重启阶段最优路径,沉积后,0.00027105670472949426,0.0002711159158157354,2.2544602136322868e-07
0,81002,5,GP 表达式自身产生的状态,1000,历史重启阶段最优路径,重启和可选上界处理后,0.00027105670472949426,0.0,0.0
0,81002,6,GP 表达式自身产生的状态,1000,历史重启阶段最优路径,更新前,0.0009658902328506652,0.0,0.0
0,81002,6,GP 表达式自身产生的状态,1000,历史重启阶段最优路径,蒸发和下界保护后,0.0009658902328506652,0.0,0.0
0,81002,6,GP 表达式自身产生的状态,1000,历史重启阶段最优路径,沉积后,0.0009658902328506652,0.0009658868453862441,8.035759396521554e-07
0,81002,6,GP 表达式自身产生的状态,1000,历史重启阶段最优路径,重启和可选上界处理后,0.0009658902328506652,0.0,0.0
0,81002,7,GP 表达式自身产生的状态,1000,历史重启阶段最优路径,更新前,0.0020633260083083903,0.0,0.0
0,81002,7,GP 表达式自身产生的状态,1000,历史重启阶段最优路径,蒸发和下界保护后,0.0020633260083083903,0.0,0.0
0,81002,7,GP 表达式自身产生的状态,1000,历史重启阶段最优路径,沉积后,0.0020633260083083903,0.0020632819836942417,1.7155171172041966e-06
0,81002,7,GP 表达式自身产生的状态,1000,历史重启阶段最优路径,重启和可选上界处理后,0.0020633260083083903,0.0020632819836942417,1.7155171172041966e-06
0,81002,0,GP 表达式自身产生的状态,1000,历史全局最优路径,更新前,0.0005595760058826292,0.0,0.0
0,81002,0,GP 表达式自身产生的状态,1000,历史全局最优路径,蒸发和下界保护后,0.0005595760058826292,0.0,0.0
0,81002,0,GP 表达式自身产生的状态,1000,历史全局最优路径,沉积后,0.0005595760058826292,0.0005596201454239479,4.660906193860557e-07
0,81002,0,GP 表达式自身产生的状态,1000,历史全局最优路径,重启和可选上界处理后,0.0005595760058826292,0.0005596201454239479,4.660906193860557e-07
0,81002,1,GP 表达式自身产生的状态,1000,历史全局最优路径,更新前,0.10834996798370217,0.0,0.0
0,81002,1,GP 表达式自身产生的状态,1000,历史全局最优路径,蒸发和下界保护后,0.10834996798370217,0.0,0.0
0,81002,1,GP 表达式自身产生的状态,1000,历史全局最优路径,沉积后,0.10834996798370217,0.10834992693329198,9.006324777540224e-05
0,81002,1,GP 表达式自身产生的状态,1000,历史全局最优路径,重启和可选上界处理后,0.10834996798370217,0.10834992693329198,9.006324777540224e-05
0,81002,2,GP 表达式自身产生的状态,1000,历史全局最优路径,更新前,0.001466230549905286,0.0,0.0
0,81002,2,GP 表达式自身产生的状态,1000,历史全局最优路径,蒸发和下界保护后,0.001466230549905286,0.0,0.0
0,81002,2,GP 表达式自身产生的状态,1000,历史全局最优路径,沉积后,0.001466230549905286,0.0014662211416592327,1.2192260417632995e-06
0,81002,2,GP 表达式自身产生的状态,1000,历史全局最优路径,重启和可选上界处理后,0.001466230549905286,0.0014662211416592327,1.2192260417632995e-06
0,81002,3,GP 表达式自身产生的状态,1000,历史全局最优路径,更新前,0.0014323927848952998,0.0,0.0
0,81002,3,GP 表达式自身产生的状态,1000,历史全局最优路径,蒸发和下界保护后,0.0014323927848952998,0.0,0.0
0,81002,3,GP 表达式自身产生的状态,1000,历史全局最优路径,沉积后,0.0014323927848952998,0.001432410421795643,1.1911063632215919e-06
0,81002,3,GP 表达式自身产生的状态,1000,历史全局最优路径,重启和可选上界处理后,0.0014323927848952998,0.001432410421795643,1.1911063632215919e-06
0,81002,4,GP 表达式自身产生的状态,1000,历史全局最优路径,更新前,0.0006404875198416596,0.0,0.0
0,81002,4,GP 表达式自身产生的状态,1000,历史全局最优路径,蒸发和下界保护后,0.0006404875198416596,0.0,0.0
0,81002,4,GP 表达式自身产生的状态,1000,历史全局最优路径,沉积后,0.0006404875198416596,0.0006404778958167428,5.337918518111747e-07
0,81002,4,GP 表达式自身产生的状态,1000,历史全局最优路径,重启和可选上界处理后,0.0006404875198416596,0.0006404778958167428,5.337918518111747e-07
0,81002,5,GP 表达式自身产生的状态,1000,历史全局最优路径,更新前,0.00027105670472949426,0.0,0.0
0,81002,5,GP 表达式自身产生的状态,1000,历史全局最优路径,蒸发和下界保护后,0.00027105670472949426,0.0,0.0
0,81002,5,GP 表达式自身产生的状态,1000,历史全局最优路径,沉积后,0.00027105670472949426,0.0002711159158157354,2.2544602136322868e-07
0,81002,5,GP 表达式自身产生的状态,1000,历史全局最优路径,重启和可选上界处理后,0.00027105670472949426,0.0,0.0
0,81002,6,GP 表达式自身产生的状态,1000,历史全局最优路径,更新前,0.0009658902328506652,0.0,0.0
0,81002,6,GP 表达式自身产生的状态,1000,历史全局最优路径,蒸发和下界保护后,0.0009658902328506652,0.0,0.0
0,81002,6,GP 表达式自身产生的状态,1000,历史全局最优路径,沉积后,0.0009658902328506652,0.0009658868453862441,8.035759396521554e-07
0,81002,6,GP 表达式自身产生的状态,1000,历史全局最优路径,重启和可选上界处理后,0.0009658902328506652,0.0,0.0
0,81002,7,GP 表达式自身产生的状态,1000,历史全局最优路径,更新前,0.002062271637297272,0.0,0.0
0,81002,7,GP 表达式自身产生的状态,1000,历史全局最优路径,蒸发和下界保护后,0.002062271637297272,0.0,0.0
0,81002,7,GP 表达式自身产生的状态,1000,历史全局最优路径,沉积后,0.002062271637297272,0.0020622865588051484,1.7146894705472557e-06
0,81002,7,GP 表达式自身产生的状态,1000,历史全局最优路径,重启和可选上界处理后,0.002062271637297272,0.0020622865588051484,1.7146894705472557e-06
0,81003,0,GP 表达式自身产生的状态,1000,本轮最优路径,更新前,0.0026093612926474585,0.0,0.0
0,81003,0,GP 表达式自身产生的状态,1000,本轮最优路径,蒸发和下界保护后,0.0026093612926474585,0.0,0.0
0,81003,0,GP 表达式自身产生的状态,1000,本轮最优路径,沉积后,0.0026093612926474585,0.002609351661842005,2.1697007729105884e-06
0,81003,0,GP 表达式自身产生的状态,1000,本轮最优路径,重启和可选上界处理后,0.0026093612926474585,0.002609351661842005,2.1697007729105884e-06
0,81003,1,GP 表达式自身产生的状态,1000,本轮最优路径,更新前,0.002131631359774593,0.0,0.0
0,81003,1,GP 表达式自身产生的状态,1000,本轮最优路径,蒸发和下界保护后,0.002131631359774593,0.0,0.0
0,81003,1,GP 表达式自身产生的状态,1000,本轮最优路径,沉积后,0.002131631359774593,0.0021316958773532806,1.7818750908144447e-06
0,81003,1,GP 表达式自身产生的状态,1000,本轮最优路径,重启和可选上界处理后,0.002131631359774593,0.0021316958773532806,1.7818750908144447e-06
0,81003,2,GP 表达式自身产生的状态,1000,本轮最优路径,更新前,0.003471496538273742,0.0,0.0
0,81003,2,GP 表达式自身产生的状态,1000,本轮最优路径,蒸发和下界保护后,0.003471496538273742,0.0,0.0
0,81003,2,GP 表达式自身产生的状态,1000,本轮最优路径,沉积后,0.003471496538273742,0.003471537225883298,2.886709685903398e-06
0,81003,2,GP 表达式自身产生的状态,1000,本轮最优路径,重启和可选上界处理后,0.003471496538273742,0.003471537225883298,2.886709685903398e-06
0,81003,3,GP 表达式自身产生的状态,1000,本轮最优路径,更新前,0.011275656651745623,0.0,0.0
0,81003,3,GP 表达式自身产生的状态,1000,本轮最优路径,蒸发和下界保护后,0.011275656651745623,0.0,0.0
0,81003,3,GP 表达式自身产生的状态,1000,本轮最优路径,沉积后,0.011275656651745623,0.011275675912432675,9.381030153911839e-06
0,81003,3,GP 表达式自身产生的状态,1000,本轮最优路径,重启和可选上界处理后,0.011275656651745623,0.011275675912432675,9.381030153911839e-06
0,81003,4,GP 表达式自身产生的状态,1000,本轮最优路径,更新前,0.0038914448328134003,0.0,0.0
0,81003,4,GP 表达式自身产生的状态,1000,本轮最优路径,蒸发和下界保护后,0.0038914448328134003,0.0,0.0
0,81003,4,GP 表达式自身产生的状态,1000,本轮最优路径,沉积后,0.0038914448328134003,0.0038914805218136553,3.2359005254756894e-06
0,81003,4,GP 表达式自身产生的状态,1000,本轮最优路径,重启和可选上界处理后,0.0038914448328134003,0.0,0.0
0,81003,5,GP 表达式自身产生的状态,1000,本轮最优路径,更新前,0.0029759318616182284,0.0,0.0
0,81003,5,GP 表达式自身产生的状态,1000,本轮最优路径,蒸发和下界保护后,0.0029759318616182284,0.0,0.0
0,81003,5,GP 表达式自身产生的状态,1000,本轮最优路径,沉积后,0.0029759318616182284,0.002975879157901162,2.474639222312742e-06
0,81003,5,GP 表达式自身产生的状态,1000,本轮最优路径,重启和可选上界处理后,0.0029759318616182284,0.002975879157901162,2.474639222312742e-06
0,81003,6,GP 表达式自身产生的状态,1000,本轮最优路径,更新前,0.0068783376274573,0.0,0.0
0,81003,6,GP 表达式自身产生的状态,1000,本轮最优路径,蒸发和下界保护后,0.0068783376274573,0.0,0.0
0,81003,6,GP 表达式自身产生的状态,1000,本轮最优路径,沉积后,0.0068783376274573,0.0068783814415577646,5.717759874572665e-06
0,81003,6,GP 表达式自身产生的状态,1000,本轮最优路径,重启和可选上界处理后,0.0068783376274573,0.0068783814415577646,5.717759874572665e-06
0,81003,7,GP 表达式自身产生的状态,1000,本轮最优路径,更新前,0.004308158516039144,0.0,0.0
0,81003,7,GP 表达式自身产生的状态,1000,本轮最优路径,蒸发和下界保护后,0.004308158516039144,0.0,0.0
0,81003,7,GP 表达式自身产生的状态,1000,本轮最优路径,沉积后,0.004308158516039144,0.004308133031564056,3.5844817518592007e-06
0,81003,7,GP 表达式自身产生的状态,1000,本轮最优路径,重启和可选上界处理后,0.004308158516039144,0.004308133031564056,3.5844817518592007e-06
0,81003,0,GP 表达式自身产生的状态,1000,历史重启阶段最优路径,更新前,0.0026094803195251147,0.0,0.0
0,81003,0,GP 表达式自身产生的状态,1000,历史重启阶段最优路径,蒸发和下界保护后,0.0026094803195251147,0.0,0.0
0,81003,0,GP 表达式自身产生的状态,1000,历史重启阶段最优路径,沉积后,0.0026094803195251147,0.00260952353467779,2.1698436868114235e-06
0,81003,0,GP 表达式自身产生的状态,1000,历史重启阶段最优路径,重启和可选上界处理后,0.0026094803195251147,0.00260952353467779,2.1698436868114235e-06
0,81003,1,GP 表达式自身产生的状态,1000,历史重启阶段最优路径,更新前,0.002131679716639396,0.0,0.0
0,81003,1,GP 表达式自身产生的状态,1000,历史重启阶段最优路径,蒸发和下界保护后,0.002131679716639396,0.0,0.0
0,81003,1,GP 表达式自身产生的状态,1000,历史重启阶段最优路径,沉积后,0.002131679716639396,0.0021317299526569756,1.7819035742090563e-06
0,81003,1,GP 表达式自身产生的状态,1000,历史重启阶段最优路径,重启和可选上界处理后,0.002131679716639396,0.0021317299526569756,1.7819035742090563e-06
0,81003,2,GP 表达式自身产生的状态,1000,历史重启阶段最优路径,更新前,0.003471496538273742,0.0,0.0
0,81003,2,GP 表达式自身产生的状态,1000,历史重启阶段最优路径,蒸发和下界保护后,0.003471496538273742,0.0,0.0
0,81003,2,GP 表达式自身产生的状态,1000,历史重启阶段最优路径,沉积后,0.003471496538273742,0.003471537225883298,2.886709685903398e-06
0,81003,2,GP 表达式自身产生的状态,1000,历史重启阶段最优路径,重启和可选上界处理后,0.003471496538273742,0.003471537225883298,2.886709685903398e-06
0,81003,3,GP 表达式自身产生的状态,1000,历史重启阶段最优路径,更新前,0.014704821794457026,0.0,0.0
0,81003,3,GP 表达式自身产生的状态,1000,历史重启阶段最优路径,蒸发和下界保护后,0.014704821794457026,0.0,0.0
0,81003,3,GP 表达式自身产生的状态,1000,历史重启阶段最优路径,沉积后,0.014704821794457026,0.014704736798909003,1.2233907784082566e-05
0,81003,3,GP 表达式自身产生的状态,1000,历史重启阶段最优路径,重启和可选上界处理后,0.014704821794457026,0.014704736798909003,1.2233907784082566e-05
0,81003,4,GP 表达式自身产生的状态,1000,历史重启阶段最优路径,更新前,0.0038915728085213855,0.0,0.0
0,81003,4,GP 表达式自身产生的状态,1000,历史重启阶段最优路径,蒸发和下界保护后,0.0038915728085213855,0.0,0.0
0,81003,4,GP 表达式自身产生的状态,1000,历史重启阶段最优路径,沉积后,0.0038915728085213855,0.0038915929962387015,3.2359940518467116e-06
0,81003,4,GP 表达式自身产生的状态,1000,历史重启阶段最优路径,重启和可选上界处理后,0.0038915728085213855,0.0,0.0
0,81003,5,GP 表达式自身产生的状态,1000,历史重启阶段最优路径,更新前,0.0029763493719837677,0.0,0.0
0,81003,5,GP 表达式自身产生的状态,1000,历史重启阶段最优路径,蒸发和下界保护后,0.0029763493719837677,0.0,0.0
0,81003,5,GP 表达式自身产生的状态,1000,历史重启阶段最优路径,沉积后,0.0029763493719837677,0.0029763211421766954,2.4750067613040267e-06
0,81003,5,GP 表达式自身产生的状态,1000,历史重启阶段最优路径,重启和可选上界处理后,0.0029763493719837677,0.0029763211421766954,2.4750067613040267e-06
0,81003,6,GP 表达式自身产生的状态,1000,历史重启阶段最优路径,更新前,0.006755263819251957,0.0,0.0
0,81003,6,GP 表达式自身产生的状态,1000,历史重启阶段最优路径,蒸发和下界保护后,0.006755263819251957,0.0,0.0
0,81003,6,GP 表达式自身产生的状态,1000,历史重启阶段最优路径,沉积后,0.006755263819251957,0.006755289962472124,5.615438198172834e-06
0,81003,6,GP 表达式自身产生的状态,1000,历史重启阶段最优路径,重启和可选上界处理后,0.006755263819251957,0.006755289962472124,5.615438198172834e-06
0,81003,7,GP 表达式自身产生的状态,1000,历史重启阶段最优路径,更新前,0.004308342570581447,0.0,0.0
0,81003,7,GP 表达式自身产生的状态,1000,历史重启阶段最优路径,蒸发和下界保护后,0.004308342570581447,0.0,0.0
0,81003,7,GP 表达式自身产生的状态,1000,历史重启阶段最优路径,沉积后,0.004308342570581447,0.004308326073385014,3.5846423678103564e-06
0,81003,7,GP 表达式自身产生的状态,1000,历史重启阶段最优路径,重启和可选上界处理后,0.004308342570581447,0.004308326073385014,3.5846423678103564e-06
0,81003,0,GP 表达式自身产生的状态,1000,历史全局最优路径,更新前,0.0026096297204815082,0.0,0.0
0,81003,0,GP 表达式自身产生的状态,1000,历史全局最优路径,蒸发和下界保护后,0.0026096297204815082,0.0,0.0
0,81003,0,GP 表达式自身产生的状态,1000,历史全局最优路径,沉积后,0.0026096297204815082,0.002609647994317497,2.1699471761878908e-06
0,81003,0,GP 表达式自身产生的状态,1000,历史全局最优路径,重启和可选上界处理后,0.0026096297204815082,0.002609647994317497,2.1699471761878908e-06
0,81003,1,GP 表达式自身产生的状态,1000,历史全局最优路径,更新前,0.002131679716639396,0.0,0.0
0,81003,1,GP 表达式自身产生的状态,1000,历史全局最优路径,蒸发和下界保护后,0.002131679716639396,0.0,0.0
0,81003,1,GP 表达式自身产生的状态,1000,历史全局最优路径,沉积后,0.002131679716639396,0.0021317299526569756,1.7819035742090563e-06
0,81003,1,GP 表达式自身产生的状态,1000,历史全局最优路径,重启和可选上界处理后,0.002131679716639396,0.0021317299526569756,1.7819035742090563e-06
0,81003,2,GP 表达式自身产生的状态,1000,历史全局最优路径,更新前,0.05754837864299017,0.0,0.0
0,81003,2,GP 表达式自身产生的状态,1000,历史全局最优路径,蒸发和下界保护后,0.05754837864299017,0.0,0.0
0,81003,2,GP 表达式自身产生的状态,1000,历史全局最优路径,沉积后,0.05754837864299017,0.05754834809673675,4.785354816880047e-05
0,81003,2,GP 表达式自身产生的状态,1000,历史全局最优路径,重启和可选上界处理后,0.05754837864299017,0.05754834809673675,4.785354816880047e-05
0,81003,3,GP 表达式自身产生的状态,1000,历史全局最优路径,更新前,0.014704821794457026,0.0,0.0
0,81003,3,GP 表达式自身产生的状态,1000,历史全局最优路径,蒸发和下界保护后,0.014704821794457026,0.0,0.0
0,81003,3,GP 表达式自身产生的状态,1000,历史全局最优路径,沉积后,0.014704821794457026,0.014704736798909003,1.2233907784082566e-05
0,81003,3,GP 表达式自身产生的状态,1000,历史全局最优路径,重启和可选上界处理后,0.014704821794457026,0.014704736798909003,1.2233907784082566e-05
0,81003,4,GP 表达式自身产生的状态,1000,历史全局最优路径,更新前,0.0038914448328134003,0.0,0.0
0,81003,4,GP 表达式自身产生的状态,1000,历史全局最优路径,蒸发和下界保护后,0.0038914448328134003,0.0,0.0
0,81003,4,GP 表达式自身产生的状态,1000,历史全局最优路径,沉积后,0.0038914448328134003,0.0038914805218136553,3.2359005254756894e-06
0,81003,4,GP 表达式自身产生的状态,1000,历史全局最优路径,重启和可选上界处理后,0.0038914448328134003,0.0,0.0
0,81003,5,GP 表达式自身产生的状态,1000,历史全局最优路径,更新前,0.0029763493719837677,0.0,0.0
0,81003,5,GP 表达式自身产生的状态,1000,历史全局最优路径,蒸发和下界保护后,0.0029763493719837677,0.0,0.0
0,81003,5,GP 表达式自身产生的状态,1000,历史全局最优路径,沉积后,0.0029763493719837677,0.0029763211421766954,2.4750067613040267e-06
0,81003,5,GP 表达式自身产生的状态,1000,历史全局最优路径,重启和可选上界处理后,0.0029763493719837677,0.0029763211421766954,2.4750067613040267e-06
0,81003,6,GP 表达式自身产生的状态,1000,历史全局最优路径,更新前,0.017220657615584327,0.0,0.0
0,81003,6,GP 表达式自身产生的状态,1000,历史全局最优路径,蒸发和下界保护后,0.017220657615584327,0.0,0.0
0,81003,6,GP 表达式自身产生的状态,1000,历史全局最优路径,沉积后,0.017220657615584327,0.017220632319598146,1.431491424666734e-05
0,81003,6,GP 表达式自身产生的状态,1000,历史全局最优路径,重启和可选上界处理后,0.017220657615584327,0.017220632319598146,1.431491424666734e-05
0,81003,7,GP 表达式自身产生的状态,1000,历史全局最优路径,更新前,0.004308342570581447,0.0,0.0
0,81003,7,GP 表达式自身产生的状态,1000,历史全局最优路径,蒸发和下界保护后,0.004308342570581447,0.0,0.0
0,81003,7,GP 表达式自身产生的状态,1000,历史全局最优路径,沉积后,0.004308342570581447,0.004308326073385014,3.5846423678103564e-06
0,81003,7,GP 表达式自身产生的状态,1000,历史全局最优路径,重启和可选上界处理后,0.004308342570581447,0.004308326073385014,3.5846423678103564e-06
0,81001,0,不使用 GP 产生的状态,2500,本轮最优路径,更新前,0.07249797559299068,0.0,0.0
0,81001,0,不使用 GP 产生的状态,2500,本轮最优路径,蒸发和下界保护后,0.07249797559299068,0.0,0.0
0,81001,0,不使用 GP 产生的状态,2500,本轮最优路径,沉积后,0.07249797559299068,0.07249795767131863,5.923767590424743e-05
0,81001,0,不使用 GP 产生的状态,2500,本轮最优路径,重启和可选上界处理后,0.07249797559299068,0.07249795767131863,5.923767590424743e-05
0,81001,1,不使用 GP 产生的状态,2500,本轮最优路径,更新前,0.0005212476846845018,0.0,0.0
0,81001,1,不使用 GP 产生的状态,2500,本轮最优路径,蒸发和下界保护后,0.0005212476846845018,0.0,0.0
0,81001,1,不使用 GP 产生的状态,2500,本轮最优路径,沉积后,0.0005212476846845018,0.0005211181712107678,4.3423161035911355e-07
0,81001,1,不使用 GP 产生的状态,2500,本轮最优路径,重启和可选上界处理后,0.0005212476846845018,0.0005211181712107678,4.3423161035911355e-07
0,81001,2,不使用 GP 产生的状态,2500,本轮最优路径,更新前,0.10715388039213689,0.0,0.0
0,81001,2,不使用 GP 产生的状态,2500,本轮最优路径,蒸发和下界保护后,0.10715388039213689,0.0,0.0
0,81001,2,不使用 GP 产生的状态,2500,本轮最优路径,沉积后,0.10715388039213689,0.10715389115640013,8.684712913689187e-05
0,81001,2,不使用 GP 产生的状态,2500,本轮最优路径,重启和可选上界处理后,0.10715388039213689,0.10715389115640013,8.684712913689187e-05
0,81001,3,不使用 GP 产生的状态,2500,本轮最优路径,更新前,0.0006995684234459491,0.0,0.0
0,81001,3,不使用 GP 产生的状态,2500,本轮最优路径,蒸发和下界保护后,0.0006995684234459491,0.0,0.0
0,81001,3,不使用 GP 产生的状态,2500,本轮最优路径,沉积后,0.0006995684234459491,0.0006994999636126668,5.816311927094398e-07
0,81001,3,不使用 GP 产生的状态,2500,本轮最优路径,重启和可选上界处理后,0.0006995684234459491,0.0006994999636126668,5.816311927094398e-07
0,81001,4,不使用 GP 产生的状态,2500,本轮最优路径,更新前,0.0007030994388817136,0.0,0.0
0,81001,4,不使用 GP 产生的状态,2500,本轮最优路径,蒸发和下界保护后,0.0007030994388817136,0.0,0.0
0,81001,4,不使用 GP 产生的状态,2500,本轮最优路径,沉积后,0.0007030994388817136,0.0007029925320142581,5.837449433992182e-07
0,81001,4,不使用 GP 产生的状态,2500,本轮最优路径,重启和可选上界处理后,0.0007030994388817136,0.0007029925320142581,5.837449433992182e-07
0,81001,5,不使用 GP 产生的状态,2500,本轮最优路径,更新前,0.0006457169130661021,0.0,0.0
0,81001,5,不使用 GP 产生的状态,2500,本轮最优路径,蒸发和下界保护后,0.0006457169130661021,0.0,0.0
0,81001,5,不使用 GP 产生的状态,2500,本轮最优路径,沉积后,0.0006457169130661021,0.0006457701416495061,5.369529145295797e-07
0,81001,5,不使用 GP 产生的状态,2500,本轮最优路径,重启和可选上界处理后,0.0006457169130661021,0.0006457701416495061,5.369529145295797e-07
0,81001,6,不使用 GP 产生的状态,2500,本轮最优路径,更新前,0.0006668322643142976,0.0,0.0
0,81001,6,不使用 GP 产生的状态,2500,本轮最优路径,蒸发和下界保护后,0.0006668322643142976,0.0,0.0
0,81001,6,不使用 GP 产生的状态,2500,本轮最优路径,沉积后,0.0006668322643142976,0.0006666990334093988,5.553749118042984e-07
0,81001,6,不使用 GP 产生的状态,2500,本轮最优路径,重启和可选上界处理后,0.0006668322643142976,0.0006666990334093988,5.553749118042984e-07
0,81001,7,不使用 GP 产生的状态,2500,本轮最优路径,更新前,0.005923865836244024,0.0,0.0
0,81001,7,不使用 GP 产生的状态,2500,本轮最优路径,蒸发和下界保护后,0.005923865836244024,0.0,0.0
0,81001,7,不使用 GP 产生的状态,2500,本轮最优路径,沉积后,0.005923865836244024,0.005923633473883675,4.901929982373123e-06
0,81001,7,不使用 GP 产生的状态,2500,本轮最优路径,重启和可选上界处理后,0.005923865836244024,0.005923633473883675,4.901929982373123e-06
0,81001,0,不使用 GP 产生的状态,2500,历史重启阶段最优路径,更新前,0.0733444523204999,0.0,0.0
0,81001,0,不使用 GP 产生的状态,2500,历史重启阶段最优路径,蒸发和下界保护后,0.0733444523204999,0.0,0.0
0,81001,0,不使用 GP 产生的状态,2500,历史重启阶段最优路径,沉积后,0.0733444523204999,0.07334444937533002,5.9929345978259756e-05
0,81001,0,不使用 GP 产生的状态,2500,历史重启阶段最优路径,重启和可选上界处理后,0.0733444523204999,0.07334444937533002,5.9929345978259756e-05
0,81001,1,不使用 GP 产生的状态,2500,历史重启阶段最优路径,更新前,0.0005215681523233737,0.0,0.0
0,81001,1,不使用 GP 产生的状态,2500,历史重启阶段最优路径,蒸发和下界保护后,0.0005215681523233737,0.0,0.0
0,81001,1,不使用 GP 产生的状态,2500,历史重启阶段最优路径,沉积后,0.0005215681523233737,0.0005214064794653407,4.344718486861942e-07
0,81001,1,不使用 GP 产生的状态,2500,历史重启阶段最优路径,重启和可选上界处理后,0.0005215681523233737,0.0005214064794653407,4.344718486861942e-07
0,81001,2,不使用 GP 产生的状态,2500,历史重启阶段最优路径,更新前,0.08790476698892728,0.0,0.0
0,81001,2,不使用 GP 产生的状态,2500,历史重启阶段最优路径,蒸发和下界保护后,0.08790476698892728,0.0,0.0
0,81001,2,不使用 GP 产生的状态,2500,历史重启阶段最优路径,沉积后,0.08790476698892728,0.08790478050683927,7.124592249556979e-05
0,81001,2,不使用 GP 产生的状态,2500,历史重启阶段最优路径,重启和可选上界处理后,0.08790476698892728,0.08790478050683927,7.124592249556979e-05
0,81001,3,不使用 GP 产生的状态,2500,历史重启阶段最优路径,更新前,0.0006998244955265209,0.0,0.0
0,81001,3,不使用 GP 产生的状态,2500,历史重启阶段最优路径,蒸发和下界保护后,0.0006998244955265209,0.0,0.0
0,81001,3,不使用 GP 产生的状态,2500,历史重启阶段最优路径,沉积后,0.0006998244955265209,0.0006997206254346441,5.818146720595162e-07
0,81001,3,不使用 GP 产生的状态,2500,历史重启阶段最优路径,重启和可选上界处理后,0.0006998244955265209,0.0006997206254346441,5.818146720595162e-07
0,81001,4,不使用 GP 产生的状态,2500,历史重启阶段最优路径,更新前,0.0007031650792156817,0.0,0.0
0,81001,4,不使用 GP 产生的状态,2500,历史重启阶段最优路径,蒸发和下界保护后,0.0007031650792156817,0.0,0.0
0,81001,4,不使用 GP 产生的状态,2500,历史重启阶段最优路径,沉积后,0.0007031650792156817,0.0007032792258258542,5.839830057614791e-07
0,81001,4,不使用 GP 产生的状态,2500,历史重启阶段最优路径,重启和可选上界处理后,0.0007031650792156817,0.0007032792258258542,5.839830057614791e-07
0,81001,5,不使用 GP 产生的状态,2500,历史重启阶段最优路径,更新前,0.0006457169130661021,0.0,0.0
0,81001,5,不使用 GP 产生的状态,2500,历史重启阶段最优路径,蒸发和下界保护后,0.0006457169130661021,0.0,0.0
0,81001,5,不使用 GP 产生的状态,2500,历史重启阶段最优路径,沉积后,0.0006457169130661021,0.0006457701416495061,5.369529145295797e-07
0,81001,5,不使用 GP 产生的状态,2500,历史重启阶段最优路径,重启和可选上界处理后,0.0006457169130661021,0.0006457701416495061,5.369529145295797e-07
0,81001,6,不使用 GP 产生的状态,2500,历史重启阶段最优路径,更新前,0.0006670951057190706,0.0,0.0
0,81001,6,不使用 GP 产生的状态,2500,历史重启阶段最优路径,蒸发和下界保护后,0.0006670951057190706,0.0,0.0
0,81001,6,不使用 GP 产生的状态,2500,历史重启阶段最优路径,沉积后,0.0006670951057190706,0.0006669283257276122,5.55565917332466e-07
0,81001,6,不使用 GP 产生的状态,2500,历史重启阶段最优路径,重启和可选上界处理后,0.0006670951057190706,0.0006669283257276122,5.55565917332466e-07
0,81001,7,不使用 GP 产生的状态,2500,历史重启阶段最优路径,更新前,0.005923466689207804,0.0,0.0
0,81001,7,不使用 GP 产生的状态,2500,历史重启阶段最优路径,蒸发和下界保护后,0.005923466689207804,0.0,0.0
0,81001,7,不使用 GP 产生的状态,2500,历史重启阶段最优路径,沉积后,0.005923466689207804,0.0059232481586754425,4.9016111260191266e-06
0,81001,7,不使用 GP 产生的状态,2500,历史重启阶段最优路径,重启和可选上界处理后,0.005923466689207804,0.0059232481586754425,4.9016111260191266e-06
0,81001,0,不使用 GP 产生的状态,2500,历史全局最优路径,更新前,0.1316615568111249,0.0,0.0
0,81001,0,不使用 GP 产生的状态,2500,历史全局最优路径,蒸发和下界保护后,0.1316615568111249,0.0,0.0
0,81001,0,不使用 GP 产生的状态,2500,历史全局最优路径,沉积后,0.1316615568111249,0.131661602931232,0.00010757995968429293
0,81001,0,不使用 GP 产生的状态,2500,历史全局最优路径,重启和可选上界处理后,0.1316615568111249,0.131661602931232,0.00010757995968429293
0,81001,1,不使用 GP 产生的状态,2500,历史全局最优路径,更新前,0.0005215681523233737,0.0,0.0
0,81001,1,不使用 GP 产生的状态,2500,历史全局最优路径,蒸发和下界保护后,0.0005215681523233737,0.0,0.0
0,81001,1,不使用 GP 产生的状态,2500,历史全局最优路径,沉积后,0.0005215681523233737,0.0005214064794653407,4.344718486861942e-07
0,81001,1,不使用 GP 产生的状态,2500,历史全局最优路径,重启和可选上界处理后,0.0005215681523233737,0.0005214064794653407,4.344718486861942e-07
0,81001,2,不使用 GP 产生的状态,2500,历史全局最优路径,更新前,0.13272290390515695,0.0,0.0
0,81001,2,不使用 GP 产生的状态,2500,历史全局最优路径,蒸发和下界保护后,0.13272290390515695,0.0,0.0
0,81001,2,不使用 GP 产生的状态,2500,历史全局最优路径,沉积后,0.13272290390515695,0.13272288888525474,0.00010757053939940476
0,81001,2,不使用 GP 产生的状态,2500,历史全局最优路径,重启和可选上界处理后,0.13272290390515695,0.13272288888525474,0.00010757053939940476
0,81001,3,不使用 GP 产生的状态,2500,历史全局最优路径,更新前,0.0007004269669087103,0.0,0.0
0,81001,3,不使用 GP 产生的状态,2500,历史全局最优路径,蒸发和下界保护后,0.0007004269669087103,0.0,0.0
0,81001,3,不使用 GP 产生的状态,2500,历史全局最优路径,沉积后,0.0007004269669087103,0.0007003905626779449,5.823717219782168e-07
0,81001,3,不使用 GP 产生的状态,2500,历史全局最优路径,重启和可选上界处理后,0.0007004269669087103,0.0007003905626779449,5.823717219782168e-07
0,81001,4,不使用 GP 产生的状态,2500,历史全局最优路径,更新前,0.12048021981337727,0.0,0.0
0,81001,4,不使用 GP 产生的状态,2500,历史全局最优路径,蒸发和下界保护后,0.12048021981337727,0.0,0.0
0,81001,4,不使用 GP 产生的状态,2500,历史全局最优路径,沉积后,0.12048021981337727,0.12048050542122746,0.00010004357459717253
0,81001,4,不使用 GP 产生的状态,2500,历史全局最优路径,重启和可选上界处理后,0.12048021981337727,0.12048050542122746,0.00010004357459717253
0,81001,5,不使用 GP 产生的状态,2500,历史全局最优路径,更新前,0.0006458077645800483,0.0,0.0
0,81001,5,不使用 GP 产生的状态,2500,历史全局最优路径,蒸发和下界保护后,0.0006458077645800483,0.0,0.0
0,81001,5,不使用 GP 产生的状态,2500,历史全局最优路径,沉积后,0.0006458077645800483,0.000646128224846951,5.372506579588763e-07
0,81001,5,不使用 GP 产生的状态,2500,历史全局最优路径,重启和可选上界处理后,0.0006458077645800483,0.000646128224846951,5.372506579588763e-07
0,81001,6,不使用 GP 产生的状态,2500,历史全局最优路径,更新前,0.0006670951057190706,0.0,0.0
0,81001,6,不使用 GP 产生的状态,2500,历史全局最优路径,蒸发和下界保护后,0.0006670951057190706,0.0,0.0
0,81001,6,不使用 GP 产生的状态,2500,历史全局最优路径,沉积后,0.0006670951057190706,0.0006669283257276122,5.55565917332466e-07
0,81001,6,不使用 GP 产生的状态,2500,历史全局最优路径,重启和可选上界处理后,0.0006670951057190706,0.0006669283257276122,5.55565917332466e-07
0,81001,7,不使用 GP 产生的状态,2500,历史全局最优路径,更新前,0.12339607011842069,0.0,0.0
0,81001,7,不使用 GP 产生的状态,2500,历史全局最优路径,蒸发和下界保护后,0.12339607011842069,0.0,0.0
0,81001,7,不使用 GP 产生的状态,2500,历史全局最优路径,沉积后,0.12339607011842069,0.12339595859930753,0.00010211274574436096
0,81001,7,不使用 GP 产生的状态,2500,历史全局最优路径,重启和可选上界处理后,0.12339607011842069,0.12339595859930753,0.00010211274574436096
0,81002,0,不使用 GP 产生的状态,2500,本轮最优路径,更新前,0.060760074093195275,0.0,0.0
0,81002,0,不使用 GP 产生的状态,2500,本轮最优路径,蒸发和下界保护后,0.060760074093195275,0.0,0.0
0,81002,0,不使用 GP 产生的状态,2500,本轮最优路径,沉积后,0.060760074093195275,0.060760068954813784,4.9646712656140384e-05
0,81002,0,不使用 GP 产生的状态,2500,本轮最优路径,重启和可选上界处理后,0.060760074093195275,0.060760068954813784,4.9646712656140384e-05
0,81002,1,不使用 GP 产生的状态,2500,本轮最优路径,更新前,2.083990669479957e-05,0.0,0.0
0,81002,1,不使用 GP 产生的状态,2500,本轮最优路径,蒸发和下界保护后,2.083990669479957e-05,0.0,0.0
0,81002,1,不使用 GP 产生的状态,2500,本轮最优路径,沉积后,2.083990669479957e-05,2.0878322768651076e-05,1.73972588527563e-08
0,81002,1,不使用 GP 产生的状态,2500,本轮最优路径,重启和可选上界处理后,2.083990669479957e-05,2.0878322768651076e-05,1.73972588527563e-08
0,81002,2,不使用 GP 产生的状态,2500,本轮最优路径,更新前,0.07584356046485533,0.0,0.0
0,81002,2,不使用 GP 产生的状态,2500,本轮最优路径,蒸发和下界保护后,0.07584356046485533,0.0,0.0
0,81002,2,不使用 GP 产生的状态,2500,本轮最优路径,沉积后,0.07584356046485533,0.07584357999072819,6.147044325291906e-05
0,81002,2,不使用 GP 产生的状态,2500,本轮最优路径,重启和可选上界处理后,0.07584356046485533,0.07584357999072819,6.147044325291906e-05
0,81002,3,不使用 GP 产生的状态,2500,本轮最优路径,更新前,0.0017902837816789268,0.0,0.0
0,81002,3,不使用 GP 产生的状态,2500,本轮最优路径,蒸发和下界保护后,0.0017902837816789268,0.0,0.0
0,81002,3,不使用 GP 产生的状态,2500,本轮最优路径,沉积后,0.0017902837816789268,0.0017902542110068375,1.4885886292591486e-06
0,81002,3,不使用 GP 产生的状态,2500,本轮最优路径,重启和可选上界处理后,0.0017902837816789268,0.0017902542110068375,1.4885886292591486e-06
0,81002,4,不使用 GP 产生的状态,2500,本轮最优路径,更新前,0.0014015477050548432,0.0,0.0
0,81002,4,不使用 GP 产生的状态,2500,本轮最优路径,蒸发和下界保护后,0.0014015477050548432,0.0,0.0
0,81002,4,不使用 GP 产生的状态,2500,本轮最优路径,沉积后,0.0014015477050548432,0.0014016151553244906,1.1638612392767023e-06
0,81002,4,不使用 GP 产生的状态,2500,本轮最优路径,重启和可选上界处理后,0.0014015477050548432,0.0014016151553244906,1.1638612392767023e-06
0,81002,5,不使用 GP 产生的状态,2500,本轮最优路径,更新前,5.1557931729413784e-05,0.0,0.0
0,81002,5,不使用 GP 产生的状态,2500,本轮最优路径,蒸发和下界保护后,5.1557931729413784e-05,0.0,0.0
0,81002,5,不使用 GP 产生的状态,2500,本轮最优路径,沉积后,5.1557931729413784e-05,5.169560020194499e-05,4.298449464679043e-08
0,81002,5,不使用 GP 产生的状态,2500,本轮最优路径,重启和可选上界处理后,5.1557931729413784e-05,5.169560020194499e-05,4.298449464679043e-08
0,81002,6,不使用 GP 产生的状态,2500,本轮最优路径,更新前,0.00048033337484988545,0.0,0.0
0,81002,6,不使用 GP 产生的状态,2500,本轮最优路径,蒸发和下界保护后,0.00048033337484988545,0.0,0.0
0,81002,6,不使用 GP 产生的状态,2500,本轮最优路径,沉积后,0.00048033337484988545,0.00048020569523269085,4.0002187234912185e-07
0,81002,6,不使用 GP 产生的状态,2500,本轮最优路径,重启和可选上界处理后,0.00048033337484988545,0.00048020569523269085,4.0002187234912185e-07
0,81002,7,不使用 GP 产生的状态,2500,本轮最优路径,更新前,0.0049559697792184165,0.0,0.0
0,81002,7,不使用 GP 产生的状态,2500,本轮最优路径,蒸发和下界保护后,0.0049559697792184165,0.0,0.0
0,81002,7,不使用 GP 产生的状态,2500,本轮最优路径,沉积后,0.0049559697792184165,0.004955845663261919,4.10106542747153e-06
0,81002,7,不使用 GP 产生的状态,2500,本轮最优路径,重启和可选上界处理后,0.0049559697792184165,0.004955845663261919,4.10106542747153e-06
0,81002,0,不使用 GP 产生的状态,2500,历史重启阶段最优路径,更新前,0.05890293919792979,0.0,0.0
0,81002,0,不使用 GP 产生的状态,2500,历史重启阶段最优路径,蒸发和下界保护后,0.05890293919792979,0.0,0.0
0,81002,0,不使用 GP 产生的状态,2500,历史重启阶段最优路径,沉积后,0.05890293919792979,0.058902940200540814,4.812926830155335e-05
0,81002,0,不使用 GP 产生的状态,2500,历史重启阶段最优路径,重启和可选上界处理后,0.05890293919792979,0.058902940200540814,4.812926830155335e-05
0,81002,1,不使用 GP 产生的状态,2500,历史重启阶段最优路径,更新前,4.803198002453055e-05,0.0,0.0
0,81002,1,不使用 GP 产生的状态,2500,历史重启阶段最优路径,蒸发和下界保护后,4.803198002453055e-05,0.0,0.0
0,81002,1,不使用 GP 产生的状态,2500,历史重启阶段最优路径,沉积后,4.803198002453055e-05,4.808040680166583e-05,4.0063911844986207e-08
0,81002,1,不使用 GP 产生的状态,2500,历史重启阶段最优路径,重启和可选上界处理后,4.803198002453055e-05,4.808040680166583e-05,4.0063911844986207e-08
0,81002,2,不使用 GP 产生的状态,2500,历史重启阶段最优路径,更新前,0.06278760972399043,0.0,0.0
0,81002,2,不使用 GP 产生的状态,2500,历史重启阶段最优路径,蒸发和下界保护后,0.06278760972399043,0.0,0.0
0,81002,2,不使用 GP 产生的状态,2500,历史重启阶段最优路径,沉积后,0.06278760972399043,0.06278759382792726,5.088870045241487e-05
0,81002,2,不使用 GP 产生的状态,2500,历史重启阶段最优路径,重启和可选上界处理后,0.06278760972399043,0.06278759382792726,5.088870045241487e-05
0,81002,3,不使用 GP 产生的状态,2500,历史重启阶段最优路径,更新前,0.0017901661202231764,0.0,0.0
0,81002,3,不使用 GP 产生的状态,2500,历史重启阶段最优路径,蒸发和下界保护后,0.0017901661202231764,0.0,0.0
0,81002,3,不使用 GP 产生的状态,2500,历史重启阶段最优路径,沉积后,0.0017901661202231764,0.0017901786691218362,1.488525816508672e-06
0,81002,3,不使用 GP 产生的状态,2500,历史重启阶段最优路径,重启和可选上界处理后,0.0017901661202231764,0.0017901786691218362,1.488525816508672e-06
0,81002,4,不使用 GP 产生的状态,2500,历史重启阶段最优路径,更新前,0.0014094068077613626,0.0,0.0
0,81002,4,不使用 GP 产生的状态,2500,历史重启阶段最优路径,蒸发和下界保护后,0.0014094068077613626,0.0,0.0
0,81002,4,不使用 GP 产生的状态,2500,历史重启阶段最优路径,沉积后,0.0014094068077613626,0.0014094485569443643,1.1703658725081742e-06
0,81002,4,不使用 GP 产生的状态,2500,历史重启阶段最优路径,重启和可选上界处理后,0.0014094068077613626,0.0014094485569443643,1.1703658725081742e-06
0,81002,5,不使用 GP 产生的状态,2500,历史重启阶段最优路径,更新前,4.933987246415932e-05,0.0,0.0
0,81002,5,不使用 GP 产生的状态,2500,历史重启阶段最优路径,蒸发和下界保护后,4.933987246415932e-05,0.0,0.0
0,81002,5,不使用 GP 产生的状态,2500,历史重启阶段最优路径,沉积后,4.933987246415932e-05,4.935741370187199e-05,4.104031052468009e-08
0,81002,5,不使用 GP 产生的状态,2500,历史重启阶段最优路径,重启和可选上界处理后,4.933987246415932e-05,4.935741370187199e-05,4.104031052468009e-08
0,81002,6,不使用 GP 产生的状态,2500,历史重启阶段最优路径,更新前,0.0004951220052936461,0.0,0.0
0,81002,6,不使用 GP 产生的状态,2500,历史重启阶段最优路径,蒸发和下界保护后,0.0004951220052936461,0.0,0.0
0,81002,6,不使用 GP 产生的状态,2500,历史重启阶段最优路径,沉积后,0.0004951220052936461,0.0004949421918440998,4.1229769711522726e-07
0,81002,6,不使用 GP 产生的状态,2500,历史重启阶段最优路径,重启和可选上界处理后,0.0004951220052936461,0.0004949421918440998,4.1229769711522726e-07
0,81002,7,不使用 GP 产生的状态,2500,历史重启阶段最优路径,更新前,0.004956902933613738,0.0,0.0
0,81002,7,不使用 GP 产生的状态,2500,历史重启阶段最优路径,蒸发和下界保护后,0.004956902933613738,0.0,0.0
0,81002,7,不使用 GP 产生的状态,2500,历史重启阶段最优路径,沉积后,0.004956902933613738,0.0049566706330026215,4.101748107101242e-06
0,81002,7,不使用 GP 产生的状态,2500,历史重启阶段最优路径,重启和可选上界处理后,0.004956902933613738,0.0049566706330026215,4.101748107101242e-06
0,81002,0,不使用 GP 产生的状态,2500,历史全局最优路径,更新前,0.10833626502645224,0.0,0.0
0,81002,0,不使用 GP 产生的状态,2500,历史全局最优路径,蒸发和下界保护后,0.10833626502645224,0.0,0.0
0,81002,0,不使用 GP 产生的状态,2500,历史全局最优路径,沉积后,0.10833626502645224,0.1083362732979932,8.852096324417423e-05
0,81002,0,不使用 GP 产生的状态,2500,历史全局最优路径,重启和可选上界处理后,0.10833626502645224,0.1083362732979932,8.852096324417423e-05
0,81002,1,不使用 GP 产生的状态,2500,历史全局最优路径,更新前,4.803198002453055e-05,0.0,0.0
0,81002,1,不使用 GP 产生的状态,2500,历史全局最优路径,蒸发和下界保护后,4.803198002453055e-05,0.0,0.0
0,81002,1,不使用 GP 产生的状态,2500,历史全局最优路径,沉积后,4.803198002453055e-05,4.808040680166583e-05,4.0063911844986207e-08
0,81002,1,不使用 GP 产生的状态,2500,历史全局最优路径,重启和可选上界处理后,4.803198002453055e-05,4.808040680166583e-05,4.0063911844986207e-08
0,81002,2,不使用 GP 产生的状态,2500,历史全局最优路径,更新前,0.09157262523149876,0.0,0.0
0,81002,2,不使用 GP 产生的状态,2500,历史全局最优路径,蒸发和下界保护后,0.09157262523149876,0.0,0.0
0,81002,2,不使用 GP 产生的状态,2500,历史全局最优路径,沉积后,0.09157262523149876,0.091572596318187,7.421864957044115e-05
0,81002,2,不使用 GP 产生的状态,2500,历史全局最优路径,重启和可选上界处理后,0.09157262523149876,0.091572596318187,7.421864957044115e-05
0,81002,3,不使用 GP 产生的状态,2500,历史全局最优路径,更新前,0.0017895287355684784,0.0,0.0
0,81002,3,不使用 GP 产生的状态,2500,历史全局最优路径,蒸发和下界保护后,0.0017895287355684784,0.0,0.0
0,81002,3,不使用 GP 产生的状态,2500,历史全局最优路径,沉积后,0.0017895287355684784,0.0017895942134852475,1.488039844176037e-06
0,81002,3,不使用 GP 产生的状态,2500,历史全局最优路径,重启和可选上界处理后,0.0017895287355684784,0.0017895942134852475,1.488039844176037e-06
0,81002,4,不使用 GP 产生的状态,2500,历史全局最优路径,更新前,0.12188319145516219,0.0,0.0
0,81002,4,不使用 GP 产生的状态,2500,历史全局最优路径,蒸发和下界保护后,0.12188319145516219,0.0,0.0
0,81002,4,不使用 GP 产生的状态,2500,历史全局最优路径,沉积后,0.12188319145516219,0.12188330741170804,0.00010120842135050444
0,81002,4,不使用 GP 产生的状态,2500,历史全局最优路径,重启和可选上界处理后,0.12188319145516219,0.12188330741170804,0.00010120842135050444
0,81002,5,不使用 GP 产生的状态,2500,历史全局最优路径,更新前,6.329664898078915e-05,0.0,0.0
0,81002,5,不使用 GP 产生的状态,2500,历史全局最优路径,蒸发和下界保护后,6.329664898078915e-05,0.0,0.0
0,81002,5,不使用 GP 产生的状态,2500,历史全局最优路径,沉积后,6.329664898078915e-05,6.335265996741652e-05,5.267725033835458e-08
0,81002,5,不使用 GP 产生的状态,2500,历史全局最优路径,重启和可选上界处理后,6.329664898078915e-05,6.335265996741652e-05,5.267725033835458e-08
0,81002,6,不使用 GP 产生的状态,2500,历史全局最优路径,更新前,0.0004951220052936461,0.0,0.0
0,81002,6,不使用 GP 产生的状态,2500,历史全局最优路径,蒸发和下界保护后,0.0004951220052936461,0.0,0.0
0,81002,6,不使用 GP 产生的状态,2500,历史全局最优路径,沉积后,0.0004951220052936461,0.0004949421918440998,4.1229769711522726e-07
0,81002,6,不使用 GP 产生的状态,2500,历史全局最优路径,重启和可选上界处理后,0.0004951220052936461,0.0004949421918440998,4.1229769711522726e-07
0,81002,7,不使用 GP 产生的状态,2500,历史全局最优路径,更新前,0.11687879731101676,0.0,0.0
0,81002,7,不使用 GP 产生的状态,2500,历史全局最优路径,蒸发和下界保护后,0.11687879731101676,0.0,0.0
0,81002,7,不使用 GP 产生的状态,2500,历史全局最优路径,沉积后,0.11687879731101676,0.1168787027111932,9.671957970385101e-05
0,81002,7,不使用 GP 产生的状态,2500,历史全局最优路径,重启和可选上界处理后,0.11687879731101676,0.1168787027111932,9.671957970385101e-05
0,81003,0,不使用 GP 产生的状态,2500,本轮最优路径,更新前,0.06591488575243375,0.0,0.0
0,81003,0,不使用 GP 产生的状态,2500,本轮最优路径,蒸发和下界保护后,0.06591488575243375,0.0,0.0
0,81003,0,不使用 GP 产生的状态,2500,本轮最优路径,沉积后,0.06591488575243375,0.06591489828507154,5.385869488316971e-05
0,81003,0,不使用 GP 产生的状态,2500,本轮最优路径,重启和可选上界处理后,0.06591488575243375,0.06591489828507154,5.385869488316971e-05
0,81003,1,不使用 GP 产生的状态,2500,本轮最优路径,更新前,0.004831935853503592,0.0,0.0
0,81003,1,不使用 GP 产生的状态,2500,本轮最优路径,蒸发和下界保护后,0.004831935853503592,0.0,0.0
0,81003,1,不使用 GP 产生的状态,2500,本轮最优路径,沉积后,0.004831935853503592,0.0048319602545928465,4.026322624037734e-06
0,81003,1,不使用 GP 产生的状态,2500,本轮最优路径,重启和可选上界处理后,0.004831935853503592,0.0048319602545928465,4.026322624037734e-06
0,81003,2,不使用 GP 产生的状态,2500,本轮最优路径,更新前,0.09861604866197585,0.0,0.0
0,81003,2,不使用 GP 产生的状态,2500,本轮最优路径,蒸发和下界保护后,0.09861604866197585,0.0,0.0
0,81003,2,不使用 GP 产生的状态,2500,本轮最优路径,沉积后,0.09861604866197585,0.09861611011840905,7.992734522286991e-05
0,81003,2,不使用 GP 产生的状态,2500,本轮最优路径,重启和可选上界处理后,0.09861604866197585,0.09861611011840905,7.992734522286991e-05
0,81003,3,不使用 GP 产生的状态,2500,本轮最优路径,更新前,0.0035205866854342398,0.0,0.0
0,81003,3,不使用 GP 产生的状态,2500,本轮最优路径,蒸发和下界保护后,0.0035205866854342398,0.0,0.0
0,81003,3,不使用 GP 产生的状态,2500,本轮最优路径,沉积后,0.0035205866854342398,0.003520484430547141,2.9272675693632695e-06
0,81003,3,不使用 GP 产生的状态,2500,本轮最优路径,重启和可选上界处理后,0.0035205866854342398,0.003520484430547141,2.9272675693632695e-06
0,81003,4,不使用 GP 产生的状态,2500,本轮最优路径,更新前,0.005533274182833443,0.0,0.0
0,81003,4,不使用 GP 产生的状态,2500,本轮最优路径,蒸发和下界保护后,0.005533274182833443,0.0,0.0
0,81003,4,不使用 GP 产生的状态,2500,本轮最优路径,沉积后,0.005533274182833443,0.005533263926531261,4.594664509950179e-06
0,81003,4,不使用 GP 产生的状态,2500,本轮最优路径,重启和可选上界处理后,0.005533274182833443,0.005533263926531261,4.594664509950179e-06
0,81003,5,不使用 GP 产生的状态,2500,本轮最优路径,更新前,0.003249672399360582,0.0,0.0
0,81003,5,不使用 GP 产生的状态,2500,本轮最优路径,蒸发和下界保护后,0.003249672399360582,0.0,0.0
0,81003,5,不使用 GP 产生的状态,2500,本轮最优路径,沉积后,0.003249672399360582,0.003249661148773635,2.702068294161863e-06
0,81003,5,不使用 GP 产生的状态,2500,本轮最优路径,重启和可选上界处理后,0.003249672399360582,0.003249661148773635,2.702068294161863e-06
0,81003,6,不使用 GP 产生的状态,2500,本轮最优路径,更新前,0.004047416229311442,0.0,0.0
0,81003,6,不使用 GP 产生的状态,2500,本轮最优路径,蒸发和下界保护后,0.004047416229311442,0.0,0.0
0,81003,6,不使用 GP 产生的状态,2500,本轮最优路径,沉积后,0.004047416229311442,0.0040474839308853984,3.3716428530719745e-06
0,81003,6,不使用 GP 产生的状态,2500,本轮最优路径,重启和可选上界处理后,0.004047416229311442,0.0040474839308853984,3.3716428530719745e-06
0,81003,7,不使用 GP 产生的状态,2500,本轮最优路径,更新前,0.008406627522949137,0.0,0.0
0,81003,7,不使用 GP 产生的状态,2500,本轮最优路径,蒸发和下界保护后,0.008406627522949137,0.0,0.0
0,81003,7,不使用 GP 产生的状态,2500,本轮最优路径,沉积后,0.008406627522949137,0.008406628387438386,6.956659949461026e-06
0,81003,7,不使用 GP 产生的状态,2500,本轮最优路径,重启和可选上界处理后,0.008406627522949137,0.008406628387438386,6.956659949461026e-06
0,81003,0,不使用 GP 产生的状态,2500,历史重启阶段最优路径,更新前,0.06707835556343884,0.0,0.0
0,81003,0,不使用 GP 产生的状态,2500,历史重启阶段最优路径,蒸发和下界保护后,0.06707835556343884,0.0,0.0
0,81003,0,不使用 GP 产生的状态,2500,历史重启阶段最优路径,沉积后,0.06707835556343884,0.06707831520834513,5.480932223225367e-05
0,81003,0,不使用 GP 产生的状态,2500,历史重启阶段最优路径,重启和可选上界处理后,0.06707835556343884,0.06707831520834513,5.480932223225367e-05
0,81003,1,不使用 GP 产生的状态,2500,历史重启阶段最优路径,更新前,0.004831935853503592,0.0,0.0
0,81003,1,不使用 GP 产生的状态,2500,历史重启阶段最优路径,蒸发和下界保护后,0.004831935853503592,0.0,0.0
0,81003,1,不使用 GP 产生的状态,2500,历史重启阶段最优路径,沉积后,0.004831935853503592,0.0048319602545928465,4.026322624037734e-06
0,81003,1,不使用 GP 产生的状态,2500,历史重启阶段最优路径,重启和可选上界处理后,0.004831935853503592,0.0048319602545928465,4.026322624037734e-06
0,81003,2,不使用 GP 产生的状态,2500,历史重启阶段最优路径,更新前,0.08214089491064672,0.0,0.0
0,81003,2,不使用 GP 产生的状态,2500,历史重启阶段最优路径,蒸发和下界保护后,0.08214089491064672,0.0,0.0
0,81003,2,不使用 GP 产生的状态,2500,历史重启阶段最优路径,沉积后,0.08214089491064672,0.08214087175496415,6.657433360313542e-05
0,81003,2,不使用 GP 产生的状态,2500,历史重启阶段最优路径,重启和可选上界处理后,0.08214089491064672,0.08214087175496415,6.657433360313542e-05
0,81003,3,不使用 GP 产生的状态,2500,历史重启阶段最优路径,更新前,0.003520227116001355,0.0,0.0
0,81003,3,不使用 GP 产生的状态,2500,历史重启阶段最优路径,蒸发和下界保护后,0.003520227116001355,0.0,0.0
0,81003,3,不使用 GP 产生的状态,2500,历史重启阶段最优路径,沉积后,0.003520227116001355,0.003520201148478386,2.927032021548982e-06
0,81003,3,不使用 GP 产生的状态,2500,历史重启阶段最优路径,重启和可选上界处理后,0.003520227116001355,0.003520201148478386,2.927032021548982e-06
0,81003,4,不使用 GP 产生的状态,2500,历史重启阶段最优路径,更新前,0.005523958926541763,0.0,0.0
0,81003,4,不使用 GP 产生的状态,2500,历史重启阶段最优路径,蒸发和下界保护后,0.005523958926541763,0.0,0.0
0,81003,4,不使用 GP 产生的状态,2500,历史重启阶段最优路径,沉积后,0.005523958926541763,0.005523890872960222,4.58688139366212e-06
0,81003,4,不使用 GP 产生的状态,2500,历史重启阶段最优路径,重启和可选上界处理后,0.005523958926541763,0.005523890872960222,4.58688139366212e-06
0,81003,5,不使用 GP 产生的状态,2500,历史重启阶段最优路径,更新前,0.00324954646537121,0.0,0.0
0,81003,5,不使用 GP 产生的状态,2500,历史重启阶段最优路径,蒸发和下界保护后,0.00324954646537121,0.0,0.0
0,81003,5,不使用 GP 产生的状态,2500,历史重启阶段最优路径,沉积后,0.00324954646537121,0.003249378553385381,2.7018333182663098e-06
0,81003,5,不使用 GP 产生的状态,2500,历史重启阶段最优路径,重启和可选上界处理后,0.00324954646537121,0.003249378553385381,2.7018333182663098e-06
0,81003,6,不使用 GP 产生的状态,2500,历史重启阶段最优路径,更新前,0.004047519410854638,0.0,0.0
0,81003,6,不使用 GP 产生的状态,2500,历史重启阶段最优路径,蒸发和下界保护后,0.004047519410854638,0.0,0.0
0,81003,6,不使用 GP 产生的状态,2500,历史重启阶段最优路径,沉积后,0.004047519410854638,0.004047573234209334,3.3717172446987346e-06
0,81003,6,不使用 GP 产生的状态,2500,历史重启阶段最优路径,重启和可选上界处理后,0.004047519410854638,0.004047573234209334,3.3717172446987346e-06
0,81003,7,不使用 GP 产生的状态,2500,历史重启阶段最优路径,更新前,0.008385978703237198,0.0,0.0
0,81003,7,不使用 GP 产生的状态,2500,历史重启阶段最优路径,蒸发和下界保护后,0.008385978703237198,0.0,0.0
0,81003,7,不使用 GP 产生的状态,2500,历史重启阶段最优路径,沉积后,0.008385978703237198,0.008386041193460071,6.939623617983031e-06
0,81003,7,不使用 GP 产生的状态,2500,历史重启阶段最优路径,重启和可选上界处理后,0.008385978703237198,0.008386041193460071,6.939623617983031e-06
0,81003,0,不使用 GP 产生的状态,2500,历史全局最优路径,更新前,0.11498402377934273,0.0,0.0
0,81003,0,不使用 GP 产生的状态,2500,历史全局最优路径,蒸发和下界保护后,0.11498402377934273,0.0,0.0
0,81003,0,不使用 GP 产生的状态,2500,历史全局最优路径,沉积后,0.11498402377934273,0.11498404909527109,9.395282368289995e-05
0,81003,0,不使用 GP 产生的状态,2500,历史全局最优路径,重启和可选上界处理后,0.11498402377934273,0.11498404909527109,9.395282368289995e-05
0,81003,1,不使用 GP 产生的状态,2500,历史全局最优路径,更新前,0.004831935853503592,0.0,0.0
0,81003,1,不使用 GP 产生的状态,2500,历史全局最优路径,蒸发和下界保护后,0.004831935853503592,0.0,0.0
0,81003,1,不使用 GP 产生的状态,2500,历史全局最优路径,沉积后,0.004831935853503592,0.0048319602545928465,4.026322624037734e-06
0,81003,1,不使用 GP 产生的状态,2500,历史全局最优路径,重启和可选上界处理后,0.004831935853503592,0.0048319602545928465,4.026322624037734e-06
0,81003,2,不使用 GP 产生的状态,2500,历史全局最优路径,更新前,0.12113444892835921,0.0,0.0
0,81003,2,不使用 GP 产生的状态,2500,历史全局最优路径,蒸发和下界保护后,0.12113444892835921,0.0,0.0
0,81003,2,不使用 GP 产生的状态,2500,历史全局最优路径,沉积后,0.12113444892835921,0.12113442552234494,9.817820876805319e-05
0,81003,2,不使用 GP 产生的状态,2500,历史全局最优路径,重启和可选上界处理后,0.12113444892835921,0.12113442552234494,9.817820876805319e-05
0,81003,3,不使用 GP 产生的状态,2500,历史全局最优路径,更新前,0.0035201349250824888,0.0,0.0
0,81003,3,不使用 GP 产生的状态,2500,历史全局最优路径,蒸发和下界保护后,0.0035201349250824888,0.0,0.0
0,81003,3,不使用 GP 产生的状态,2500,历史全局最优路径,沉积后,0.0035201349250824888,0.0035199993721276588,2.9268642453865245e-06
0,81003,3,不使用 GP 产生的状态,2500,历史全局最优路径,重启和可选上界处理后,0.0035201349250824888,0.0035199993721276588,2.9268642453865245e-06
0,81003,4,不使用 GP 产生的状态,2500,历史全局最优路径,更新前,0.10120407445557598,0.0,0.0
0,81003,4,不使用 GP 产生的状态,2500,历史全局最优路径,蒸发和下界保护后,0.10120407445557598,0.0,0.0
0,81003,4,不使用 GP 产生的状态,2500,历史全局最优路径,沉积后,0.10120407445557598,0.10120416772759465,8.403705369762237e-05
0,81003,4,不使用 GP 产生的状态,2500,历史全局最优路径,重启和可选上界处理后,0.10120407445557598,0.10120416772759465,8.403705369762237e-05
0,81003,5,不使用 GP 产生的状态,2500,历史全局最优路径,更新前,0.00324951537503954,0.0,0.0
0,81003,5,不使用 GP 产生的状态,2500,历史全局最优路径,蒸发和下界保护后,0.00324951537503954,0.0,0.0
0,81003,5,不使用 GP 产生的状态,2500,历史全局最优路径,沉积后,0.00324951537503954,0.003249383392347509,2.7018373418261654e-06
0,81003,5,不使用 GP 产生的状态,2500,历史全局最优路径,重启和可选上界处理后,0.00324951537503954,0.003249383392347509,2.7018373418261654e-06
0,81003,6,不使用 GP 产生的状态,2500,历史全局最优路径,更新前,0.004047519410854638,0.0,0.0
0,81003,6,不使用 GP 产生的状态,2500,历史全局最优路径,蒸发和下界保护后,0.004047519410854638,0.0,0.0
0,81003,6,不使用 GP 产生的状态,2500,历史全局最优路径,沉积后,0.004047519410854638,0.004047573234209334,3.3717172446987346e-06
0,81003,6,不使用 GP 产生的状态,2500,历史全局最优路径,重启和可选上界处理后,0.004047519410854638,0.004047573234209334,3.3717172446987346e-06
0,81003,7,不使用 GP 产生的状态,2500,历史全局最优路径,更新前,0.10202134718179114,0.0,0.0
0,81003,7,不使用 GP 产生的状态,2500,历史全局最优路径,蒸发和下界保护后,0.10202134718179114,0.0,0.0
0,81003,7,不使用 GP 产生的状态,2500,历史全局最优路径,沉积后,0.10202134718179114,0.10202130605680255,8.442477212494684e-05
0,81003,7,不使用 GP 产生的状态,2500,历史全局最优路径,重启和可选上界处理后,0.10202134718179114,0.10202130605680255,8.442477212494684e-05
0,81001,0,GP 表达式自身产生的状态,2500,本轮最优路径,更新前,0.0004679568240576249,0.0,0.0
0,81001,0,GP 表达式自身产生的状态,2500,本轮最优路径,蒸发和下界保护后,0.0004679568240576249,0.0,0.0
0,81001,0,GP 表达式自身产生的状态,2500,本轮最优路径,沉积后,0.0004679568240576249,0.0004679955548064168,3.870529515699475e-07
0,81001,0,GP 表达式自身产生的状态,2500,本轮最优路径,重启和可选上界处理后,0.0004679568240576249,0.0004679955548064168,3.870529515699475e-07
0,81001,1,GP 表达式自身产生的状态,2500,本轮最优路径,更新前,0.0058540038493412085,0.0,0.0
0,81001,1,GP 表达式自身产生的状态,2500,本轮最优路径,蒸发和下界保护后,0.0058540038493412085,0.0,0.0
0,81001,1,GP 表达式自身产生的状态,2500,本轮最优路径,沉积后,0.0058540038493412085,0.005854065516183479,4.865508623232823e-06
0,81001,1,GP 表达式自身产生的状态,2500,本轮最优路径,重启和可选上界处理后,0.0058540038493412085,0.005854065516183479,4.865508623232823e-06
0,81001,2,GP 表达式自身产生的状态,2500,本轮最优路径,更新前,0.0008390861916155825,0.0,0.0
0,81001,2,GP 表达式自身产生的状态,2500,本轮最优路径,蒸发和下界保护后,0.0008390861916155825,0.0,0.0
0,81001,2,GP 表达式自身产生的状态,2500,本轮最优路径,沉积后,0.0008390861916155825,0.000839043091709271,6.976993691564721e-07
0,81001,2,GP 表达式自身产生的状态,2500,本轮最优路径,重启和可选上界处理后,0.0008390861916155825,0.000839043091709271,6.976993691564721e-07
0,81001,3,GP 表达式自身产生的状态,2500,本轮最优路径,更新前,0.049268218567310576,0.0,0.0
0,81001,3,GP 表达式自身产生的状态,2500,本轮最优路径,蒸发和下界保护后,0.049268218567310576,0.0,0.0
0,81001,3,GP 表达式自身产生的状态,2500,本轮最优路径,沉积后,0.049268218567310576,0.049268165938970376,4.045547064710716e-05
0,81001,3,GP 表达式自身产生的状态,2500,本轮最优路径,重启和可选上界处理后,0.049268218567310576,0.049268165938970376,4.045547064710716e-05
0,81001,4,GP 表达式自身产生的状态,2500,本轮最优路径,更新前,0.00047675598252873116,0.0,0.0
0,81001,4,GP 表达式自身产生的状态,2500,本轮最优路径,蒸发和下界保护后,0.00047675598252873116,0.0,0.0
0,81001,4,GP 表达式自身产生的状态,2500,本轮最优路径,沉积后,0.00047675598252873116,0.0004767729231472582,3.965206091788337e-07
0,81001,4,GP 表达式自身产生的状态,2500,本轮最优路径,重启和可选上界处理后,0.00047675598252873116,0.0004767729231472582,3.965206091788337e-07
0,81001,5,GP 表达式自身产生的状态,2500,本轮最优路径,更新前,0.02944494355303076,0.0,0.0
0,81001,5,GP 表达式自身产生的状态,2500,本轮最优路径,蒸发和下界保护后,0.02944494355303076,0.0,0.0
0,81001,5,GP 表达式自身产生的状态,2500,本轮最优路径,沉积后,0.02944494355303076,0.029444919187808352,2.438488793984553e-05
0,81001,5,GP 表达式自身产生的状态,2500,本轮最优路径,重启和可选上界处理后,0.02944494355303076,0.029444919187808352,2.438488793984553e-05
0,81001,6,GP 表达式自身产生的状态,2500,本轮最优路径,更新前,0.0007295437133456679,0.0,0.0
0,81001,6,GP 表达式自身产生的状态,2500,本轮最优路径,蒸发和下界保护后,0.0007295437133456679,0.0,0.0
0,81001,6,GP 表达式自身产生的状态,2500,本轮最优路径,沉积后,0.0007295437133456679,0.0007295005098457098,6.064166819515782e-07
0,81001,6,GP 表达式自身产生的状态,2500,本轮最优路径,重启和可选上界处理后,0.0007295437133456679,0.0007295005098457098,6.064166819515782e-07
0,81001,7,GP 表达式自身产生的状态,2500,本轮最优路径,更新前,0.0005237349134366725,0.0,0.0
0,81001,7,GP 表达式自身产生的状态,2500,本轮最优路径,蒸发和下界保护后,0.0005237349134366725,0.0,0.0
0,81001,7,GP 表达式自身产生的状态,2500,本轮最优路径,沉积后,0.0005237349134366725,0.0005237742755760382,4.3540666343633486e-07
0,81001,7,GP 表达式自身产生的状态,2500,本轮最优路径,重启和可选上界处理后,0.0005237349134366725,0.0005237742755760382,4.3540666343633486e-07
0,81001,0,GP 表达式自身产生的状态,2500,历史重启阶段最优路径,更新前,0.0004679568240576249,0.0,0.0
0,81001,0,GP 表达式自身产生的状态,2500,历史重启阶段最优路径,蒸发和下界保护后,0.0004679568240576249,0.0,0.0
0,81001,0,GP 表达式自身产生的状态,2500,历史重启阶段最优路径,沉积后,0.0004679568240576249,0.0004679955548064168,3.870529515699475e-07
0,81001,0,GP 表达式自身产生的状态,2500,历史重启阶段最优路径,重启和可选上界处理后,0.0004679568240576249,0.0004679955548064168,3.870529515699475e-07
0,81001,1,GP 表达式自身产生的状态,2500,历史重启阶段最优路径,更新前,0.0058535874572925375,0.0,0.0
0,81001,1,GP 表达式自身产生的状态,2500,历史重启阶段最优路径,蒸发和下界保护后,0.0058535874572925375,0.0,0.0
0,81001,1,GP 表达式自身产生的状态,2500,历史重启阶段最优路径,沉积后,0.0058535874572925375,0.005853656073393176,4.865168321707083e-06
0,81001,1,GP 表达式自身产生的状态,2500,历史重启阶段最优路径,重启和可选上界处理后,0.0058535874572925375,0.005853656073393176,4.865168321707083e-06
0,81001,2,GP 表达式自身产生的状态,2500,历史重启阶段最优路径,更新前,0.0008393301395272266,0.0,0.0
0,81001,2,GP 表达式自身产生的状态,2500,历史重启阶段最优路径,蒸发和下界保护后,0.0008393301395272266,0.0,0.0
0,81001,2,GP 表达式自身产生的状态,2500,历史重启阶段最优路径,沉积后,0.0008393301395272266,0.0008393654252862181,6.979674029863388e-07
0,81001,2,GP 表达式自身产生的状态,2500,历史重启阶段最优路径,重启和可选上界处理后,0.0008393301395272266,0.0008393654252862181,6.979674029863388e-07
0,81001,3,GP 表达式自身产生的状态,2500,历史重启阶段最优路径,更新前,0.049268218567310576,0.0,0.0
0,81001,3,GP 表达式自身产生的状态,2500,历史重启阶段最优路径,蒸发和下界保护后,0.049268218567310576,0.0,0.0
0,81001,3,GP 表达式自身产生的状态,2500,历史重启阶段最优路径,沉积后,0.049268218567310576,0.049268165938970376,4.045547064710716e-05
0,81001,3,GP 表达式自身产生的状态,2500,历史重启阶段最优路径,重启和可选上界处理后,0.049268218567310576,0.049268165938970376,4.045547064710716e-05
0,81001,4,GP 表达式自身产生的状态,2500,历史重启阶段最优路径,更新前,0.0004785588968664448,0.0,0.0
0,81001,4,GP 表达式自身产生的状态,2500,历史重启阶段最优路径,蒸发和下界保护后,0.0004785588968664448,0.0,0.0
0,81001,4,GP 表达式自身产生的状态,2500,历史重启阶段最优路径,沉积后,0.0004785588968664448,0.00047847419377380934,3.979355151696459e-07
0,81001,4,GP 表达式自身产生的状态,2500,历史重启阶段最优路径,重启和可选上界处理后,0.0004785588968664448,0.00047847419377380934,3.979355151696459e-07
0,81001,5,GP 表达式自身产生的状态,2500,历史重启阶段最优路径,更新前,0.02944494355303076,0.0,0.0
0,81001,5,GP 表达式自身产生的状态,2500,历史重启阶段最优路径,蒸发和下界保护后,0.02944494355303076,0.0,0.0
0,81001,5,GP 表达式自身产生的状态,2500,历史重启阶段最优路径,沉积后,0.02944494355303076,0.029444919187808352,2.438488793984553e-05
0,81001,5,GP 表达式自身产生的状态,2500,历史重启阶段最优路径,重启和可选上界处理后,0.02944494355303076,0.029444919187808352,2.438488793984553e-05
0,81001,6,GP 表达式自身产生的状态,2500,历史重启阶段最优路径,更新前,0.0007289181073574478,0.0,0.0
0,81001,6,GP 表达式自身产生的状态,2500,历史重启阶段最优路径,蒸发和下界保护后,0.0007289181073574478,0.0,0.0
0,81001,6,GP 表达式自身产生的状态,2500,历史重启阶段最优路径,沉积后,0.0007289181073574478,0.0007289067634217045,6.059231144605259e-07
0,81001,6,GP 表达式自身产生的状态,2500,历史重启阶段最优路径,重启和可选上界处理后,0.0007289181073574478,0.0007289067634217045,6.059231144605259e-07
0,81001,7,GP 表达式自身产生的状态,2500,历史重启阶段最优路径,更新前,0.0005239304940666456,0.0,0.0
0,81001,7,GP 表达式自身产生的状态,2500,历史重启阶段最优路径,蒸发和下界保护后,0.0005239304940666456,0.0,0.0
0,81001,7,GP 表达式自身产生的状态,2500,历史重启阶段最优路径,沉积后,0.0005239304940666456,0.000523940580614858,4.3554491062685517e-07
0,81001,7,GP 表达式自身产生的状态,2500,历史重启阶段最优路径,重启和可选上界处理后,0.0005239304940666456,0.000523940580614858,4.3554491062685517e-07
0,81001,0,GP 表达式自身产生的状态,2500,历史全局最优路径,更新前,0.13707400332436145,0.0,0.0
0,81001,0,GP 表达式自身产生的状态,2500,历史全局最优路径,蒸发和下界保护后,0.13707400332436145,0.0,0.0
0,81001,0,GP 表达式自身产生的状态,2500,历史全局最优路径,沉积后,0.13707400332436145,0.13707412473036248,0.00011336634294037205
0,81001,0,GP 表达式自身产生的状态,2500,历史全局最优路径,重启和可选上界处理后,0.13707400332436145,0.13707412473036248,0.00011336634294037205
0,81001,1,GP 表达式自身产生的状态,2500,历史全局最优路径,更新前,0.021331167580643812,0.0,0.0
0,81001,1,GP 表达式自身产生的状态,2500,历史全局最优路径,蒸发和下界保护后,0.021331167580643812,0.0,0.0
0,81001,1,GP 表达式自身产生的状态,2500,历史全局最优路径,沉积后,0.021331167580643812,0.021331153995156733,1.7729031801920383e-05
0,81001,1,GP 表达式自身产生的状态,2500,历史全局最优路径,重启和可选上界处理后,0.021331167580643812,0.021331153995156733,1.7729031801920383e-05
0,81001,2,GP 表达式自身产生的状态,2500,历史全局最优路径,更新前,0.0008388409006473678,0.0,0.0
0,81001,2,GP 表达式自身产生的状态,2500,历史全局最优路径,蒸发和下界保护后,0.0008388409006473678,0.0,0.0
0,81001,2,GP 表达式自身产生的状态,2500,历史全局最优路径,沉积后,0.0008388409006473678,0.0008388448077210277,6.975344877399177e-07
0,81001,2,GP 表达式自身产生的状态,2500,历史全局最优路径,重启和可选上界处理后,0.0008388409006473678,0.0008388448077210277,6.975344877399177e-07
0,81001,3,GP 表达式自身产生的状态,2500,历史全局最优路径,更新前,0.14250871625797398,0.0,0.0
0,81001,3,GP 表达式自身产生的状态,2500,历史全局最优路径,蒸发和下界保护后,0.14250871625797398,0.0,0.0
0,81001,3,GP 表达式自身产生的状态,2500,历史全局最优路径,沉积后,0.14250871625797398,0.14250871173620727,0.00011701789369920422
0,81001,3,GP 表达式自身产生的状态,2500,历史全局最优路径,重启和可选上界处理后,0.14250871625797398,0.14250871173620727,0.00011701789369920422
0,81001,4,GP 表达式自身产生的状态,2500,历史全局最优路径,更新前,0.0004785588968664448,0.0,0.0
0,81001,4,GP 表达式自身产生的状态,2500,历史全局最优路径,蒸发和下界保护后,0.0004785588968664448,0.0,0.0
0,81001,4,GP 表达式自身产生的状态,2500,历史全局最优路径,沉积后,0.0004785588968664448,0.00047847419377380934,3.979355151696459e-07
0,81001,4,GP 表达式自身产生的状态,2500,历史全局最优路径,重启和可选上界处理后,0.0004785588968664448,0.00047847419377380934,3.979355151696459e-07
0,81001,5,GP 表达式自身产生的状态,2500,历史全局最优路径,更新前,0.10140507544521538,0.0,0.0
0,81001,5,GP 表达式自身产生的状态,2500,历史全局最优路径,蒸发和下界保护后,0.10140507544521538,0.0,0.0
0,81001,5,GP 表达式自身产生的状态,2500,历史全局最优路径,沉积后,0.10140507544521538,0.10140515524131878,8.397894833095822e-05
0,81001,5,GP 表达式自身产生的状态,2500,历史全局最优路径,重启和可选上界处理后,0.10140507544521538,0.10140515524131878,8.397894833095822e-05
0,81001,6,GP 表达式自身产生的状态,2500,历史全局最优路径,更新前,0.0007295044922912367,0.0,0.0
0,81001,6,GP 表达式自身产生的状态,2500,历史全局最优路径,蒸发和下界保护后,0.0007295044922912367,0.0,0.0
0,81001,6,GP 表达式自身产生的状态,2500,历史全局最优路径,沉积后,0.0007295044922912367,0.0007294532032200573,6.063773570620471e-07
0,81001,6,GP 表达式自身产生的状态,2500,历史全局最优路径,重启和可选上界处理后,0.0007295044922912367,0.0007294532032200573,6.063773570620471e-07
0,81001,7,GP 表达式自身产生的状态,2500,历史全局最优路径,更新前,0.0005236454875763012,0.0,0.0
0,81001,7,GP 表达式自身产生的状态,2500,历史全局最优路径,蒸发和下界保护后,0.0005236454875763012,0.0,0.0
0,81001,7,GP 表达式自身产生的状态,2500,历史全局最优路径,沉积后,0.0005236454875763012,0.0005237172004739579,4.3535921765497285e-07
0,81001,7,GP 表达式自身产生的状态,2500,历史全局最优路径,重启和可选上界处理后,0.0005236454875763012,0.0005237172004739579,4.3535921765497285e-07
0,81002,0,GP 表达式自身产生的状态,2500,本轮最优路径,更新前,0.01004556112995699,0.0,0.0
0,81002,0,GP 表达式自身产生的状态,2500,本轮最优路径,蒸发和下界保护后,0.01004556112995699,0.0,0.0
0,81002,0,GP 表达式自身产生的状态,2500,本轮最优路径,沉积后,0.01004556112995699,0.010045610048600054,8.331783112824042e-06
0,81002,0,GP 表达式自身产生的状态,2500,本轮最优路径,重启和可选上界处理后,0.01004556112995699,0.010045610048600054,8.331783112824042e-06
0,81002,1,GP 表达式自身产生的状态,2500,本轮最优路径,更新前,0.0011808282288231799,0.0,0.0
0,81002,1,GP 表达式自身产生的状态,2500,本轮最优路径,蒸发和下界保护后,0.0011808282288231799,0.0,0.0
0,81002,1,GP 表达式自身产生的状态,2500,本轮最优路径,沉积后,0.0011808282288231799,0.001180767686944577,9.81869288567345e-07
0,81002,1,GP 表达式自身产生的状态,2500,本轮最优路径,重启和可选上界处理后,0.0011808282288231799,0.001180767686944577,9.81869288567345e-07
0,81002,2,GP 表达式自身产生的状态,2500,本轮最优路径,更新前,0.00026209436968201204,0.0,0.0
0,81002,2,GP 表达式自身产生的状态,2500,本轮最优路径,蒸发和下界保护后,0.00026209436968201204,0.0,0.0
0,81002,2,GP 表达式自身产生的状态,2500,本轮最优路径,沉积后,0.00026209436968201204,0.0002620497085874376,2.1681066356438778e-07
0,81002,2,GP 表达式自身产生的状态,2500,本轮最优路径,重启和可选上界处理后,0.00026209436968201204,0.0002620497085874376,2.1681066356438778e-07
0,81002,3,GP 表达式自身产生的状态,2500,本轮最优路径,更新前,0.0022105089809521,0.0,0.0
0,81002,3,GP 表达式自身产生的状态,2500,本轮最优路径,蒸发和下界保护后,0.0022105089809521,0.0,0.0
0,81002,3,GP 表达式自身产生的状态,2500,本轮最优路径,沉积后,0.0022105089809521,0.0022105226433396896,1.8381191790081159e-06
0,81002,3,GP 表达式自身产生的状态,2500,本轮最优路径,重启和可选上界处理后,0.0022105089809521,0.0,0.0
0,81002,4,GP 表达式自身产生的状态,2500,本轮最优路径,更新前,0.019448494246429925,0.0,0.0
0,81002,4,GP 表达式自身产生的状态,2500,本轮最优路径,蒸发和下界保护后,0.019448494246429925,0.0,0.0
0,81002,4,GP 表达式自身产生的状态,2500,本轮最优路径,沉积后,0.019448494246429925,0.019448485312782805,1.611562077956372e-05
0,81002,4,GP 表达式自身产生的状态,2500,本轮最优路径,重启和可选上界处理后,0.019448494246429925,0.019448485312782805,1.611562077956372e-05
0,81002,5,GP 表达式自身产生的状态,2500,本轮最优路径,更新前,0.0003295593818520063,0.0,0.0
0,81002,5,GP 表达式自身产生的状态,2500,本轮最优路径,蒸发和下界保护后,0.0003295593818520063,0.0,0.0
0,81002,5,GP 表达式自身产生的状态,2500,本轮最优路径,沉积后,0.0003295593818520063,0.0003296839316542186,2.7435148668663536e-07
0,81002,5,GP 表达式自身产生的状态,2500,本轮最优路径,重启和可选上界处理后,0.0003295593818520063,0.0003296839316542186,2.7435148668663536e-07
0,81002,6,GP 表达式自身产生的状态,2500,本轮最优路径,更新前,3.439821321841705e-05,0.0,0.0
0,81002,6,GP 表达式自身产生的状态,2500,本轮最优路径,蒸发和下界保护后,3.439821321841705e-05,0.0,0.0
0,81002,6,GP 表达式自身产生的状态,2500,本轮最优路径,沉积后,3.439821321841705e-05,3.432507996597395e-05,2.854550416277087e-08
0,81002,6,GP 表达式自身产生的状态,2500,本轮最优路径,重启和可选上界处理后,3.439821321841705e-05,3.432507996597395e-05,2.854550416277087e-08
0,81002,7,GP 表达式自身产生的状态,2500,本轮最优路径,更新前,0.00032547590347632173,0.0,0.0
0,81002,7,GP 表达式自身产生的状态,2500,本轮最优路径,蒸发和下界保护后,0.00032547590347632173,0.0,0.0
0,81002,7,GP 表达式自身产生的状态,2500,本轮最优路径,沉积后,0.00032547590347632173,0.00032555514079603547,2.707438364565594e-07
0,81002,7,GP 表达式自身产生的状态,2500,本轮最优路径,重启和可选上界处理后,0.00032547590347632173,0.00032555514079603547,2.707438364565594e-07
0,81002,0,GP 表达式自身产生的状态,2500,历史重启阶段最优路径,更新前,0.01004671548608869,0.0,0.0
0,81002,0,GP 表达式自身产生的状态,2500,历史重启阶段最优路径,蒸发和下界保护后,0.01004671548608869,0.0,0.0
0,81002,0,GP 表达式自身产生的状态,2500,历史重启阶段最优路径,沉积后,0.01004671548608869,0.010046769482363061,8.332744741893886e-06
0,81002,0,GP 表达式自身产生的状态,2500,历史重启阶段最优路径,重启和可选上界处理后,0.01004671548608869,0.010046769482363061,8.332744741893886e-06
0,81002,1,GP 表达式自身产生的状态,2500,历史重启阶段最优路径,更新前,0.0011784738642149038,0.0,0.0
0,81002,1,GP 表达式自身产生的状态,2500,历史重启阶段最优路径,蒸发和下界保护后,0.0011784738642149038,0.0,0.0
0,81002,1,GP 表达式自身产生的状态,2500,历史重启阶段最优路径,沉积后,0.0011784738642149038,0.0011783690753732641,9.79874719218002e-07
0,81002,1,GP 表达式自身产生的状态,2500,历史重启阶段最优路径,重启和可选上界处理后,0.0011784738642149038,0.0011783690753732641,9.79874719218002e-07
0,81002,2,GP 表达式自身产生的状态,2500,历史重启阶段最优路径,更新前,0.00026905082594324073,0.0,0.0
0,81002,2,GP 表达式自身产生的状态,2500,历史重启阶段最优路径,蒸发和下界保护后,0.00026905082594324073,0.0,0.0
0,81002,2,GP 表达式自身产生的状态,2500,历史重启阶段最优路径,沉积后,0.00026905082594324073,0.0002690060421533515,2.2256608800096097e-07
0,81002,2,GP 表达式自身产生的状态,2500,历史重启阶段最优路径,重启和可选上界处理后,0.00026905082594324073,0.0002690060421533515,2.2256608800096097e-07
0,81002,3,GP 表达式自身产生的状态,2500,历史重启阶段最优路径,更新前,0.0022117982135264687,0.0,0.0
0,81002,3,GP 表达式自身产生的状态,2500,历史重启阶段最优路径,蒸发和下界保护后,0.0022117982135264687,0.0,0.0
0,81002,3,GP 表达式自身产生的状态,2500,历史重启阶段最优路径,沉积后,0.0022117982135264687,0.0022118093918435874,1.8391891509039937e-06
0,81002,3,GP 表达式自身产生的状态,2500,历史重启阶段最优路径,重启和可选上界处理后,0.0022117982135264687,0.0,0.0
0,81002,4,GP 表达式自身产生的状态,2500,历史重启阶段最优路径,更新前,0.019448494246429925,0.0,0.0
0,81002,4,GP 表达式自身产生的状态,2500,历史重启阶段最优路径,蒸发和下界保护后,0.019448494246429925,0.0,0.0
0,81002,4,GP 表达式自身产生的状态,2500,历史重启阶段最优路径,沉积后,0.019448494246429925,0.019448485312782805,1.611562077956372e-05
0,81002,4,GP 表达式自身产生的状态,2500,历史重启阶段最优路径,重启和可选上界处理后,0.019448494246429925,0.019448485312782805,1.611562077956372e-05
0,81002,5,GP 表达式自身产生的状态,2500,历史重启阶段最优路径,更新前,0.00031831855038295476,0.0,0.0
0,81002,5,GP 表达式自身产生的状态,2500,历史重启阶段最优路径,蒸发和下界保护后,0.00031831855038295476,0.0,0.0
0,81002,5,GP 表达式自身产生的状态,2500,历史重启阶段最优路径,沉积后,0.00031831855038295476,0.00031840109942582044,2.6496230663055807e-07
0,81002,5,GP 表达式自身产生的状态,2500,历史重启阶段最优路径,重启和可选上界处理后,0.00031831855038295476,0.00031840109942582044,2.6496230663055807e-07
0,81002,6,GP 表达式自身产生的状态,2500,历史重启阶段最优路径,更新前,0.0003659375552047442,0.0,0.0
0,81002,6,GP 表达式自身产生的状态,2500,历史重启阶段最优路径,蒸发和下界保护后,0.0003659375552047442,0.0,0.0
0,81002,6,GP 表达式自身产生的状态,2500,历史重启阶段最优路径,沉积后,0.0003659375552047442,0.0003658422164763118,3.042425690979905e-07
0,81002,6,GP 表达式自身产生的状态,2500,历史重启阶段最优路径,重启和可选上界处理后,0.0003659375552047442,0.0003658422164763118,3.042425690979905e-07
0,81002,7,GP 表达式自身产生的状态,2500,历史重启阶段最优路径,更新前,0.00032571201592435073,0.0,0.0
0,81002,7,GP 表达式自身产生的状态,2500,历史重启阶段最优路径,蒸发和下界保护后,0.00032571201592435073,0.0,0.0
0,81002,7,GP 表达式自身产生的状态,2500,历史重启阶段最优路径,沉积后,0.00032571201592435073,0.0003258277959210132,2.7097058666048956e-07
0,81002,7,GP 表达式自身产生的状态,2500,历史重启阶段最优路径,重启和可选上界处理后,0.00032571201592435073,0.0003258277959210132,2.7097058666048956e-07
0,81002,0,GP 表达式自身产生的状态,2500,历史全局最优路径,更新前,0.10985187577548558,0.0,0.0
0,81002,0,GP 表达式自身产生的状态,2500,历史全局最优路径,蒸发和下界保护后,0.10985187577548558,0.0,0.0
0,81002,0,GP 表达式自身产生的状态,2500,历史全局最优路径,沉积后,0.10985187577548558,0.10985194314698388,9.111070013617511e-05
0,81002,0,GP 表达式自身产生的状态,2500,历史全局最优路径,重启和可选上界处理后,0.10985187577548558,0.10985194314698388,9.111070013617511e-05
0,81002,1,GP 表达式自身产生的状态,2500,历史全局最优路径,更新前,0.0011771937105789392,0.0,0.0
0,81002,1,GP 表达式自身产生的状态,2500,历史全局最优路径,蒸发和下界保护后,0.0011771937105789392,0.0,0.0
0,81002,1,GP 表达式自身产生的状态,2500,历史全局最优路径,沉积后,0.0011771937105789392,0.0011771186286218312,9.788349081901462e-07
0,81002,1,GP 表达式自身产生的状态,2500,历史全局最优路径,重启和可选上界处理后,0.0011771937105789392,0.0011771186286218312,9.788349081901462e-07
0,81002,2,GP 表达式自身产生的状态,2500,历史全局最优路径,更新前,0.11012434421219226,0.0,0.0
0,81002,2,GP 表达式自身产生的状态,2500,历史全局最优路径,蒸发和下界保护后,0.11012434421219226,0.0,0.0
0,81002,2,GP 表达式自身产生的状态,2500,历史全局最优路径,沉积后,0.11012434421219226,0.11012432801641071,9.111297532259458e-05
0,81002,2,GP 表达式自身产生的状态,2500,历史全局最优路径,重启和可选上界处理后,0.11012434421219226,0.11012432801641071,9.111297532259458e-05
0,81002,3,GP 表达式自身产生的状态,2500,历史全局最优路径,更新前,0.0022088970676235682,0.0,0.0
0,81002,3,GP 表达式自身产生的状态,2500,历史全局最优路径,蒸发和下界保护后,0.0022088970676235682,0.0,0.0
0,81002,3,GP 表达式自身产生的状态,2500,历史全局最优路径,沉积后,0.0022088970676235682,0.00220892588284103,1.8367914223774783e-06
0,81002,3,GP 表达式自身产生的状态,2500,历史全局最优路径,重启和可选上界处理后,0.0022088970676235682,0.0,0.0
0,81002,4,GP 表达式自身产生的状态,2500,历史全局最优路径,更新前,0.11170790435923657,0.0,0.0
0,81002,4,GP 表达式自身产生的状态,2500,历史全局最优路径,蒸发和下界保护后,0.11170790435923657,0.0,0.0
0,81002,4,GP 表达式自身产生的状态,2500,历史全局最优路径,沉积后,0.11170790435923657,0.11170791039548462,9.256465442210444e-05
0,81002,4,GP 表达式自身产生的状态,2500,历史全局最优路径,重启和可选上界处理后,0.11170790435923657,0.11170791039548462,9.256465442210444e-05
0,81002,5,GP 表达式自身产生的状态,2500,历史全局最优路径,更新前,0.00031831855038295476,0.0,0.0
0,81002,5,GP 表达式自身产生的状态,2500,历史全局最优路径,蒸发和下界保护后,0.00031831855038295476,0.0,0.0
0,81002,5,GP 表达式自身产生的状态,2500,历史全局最优路径,沉积后,0.00031831855038295476,0.00031840109942582044,2.6496230663055807e-07
0,81002,5,GP 表达式自身产生的状态,2500,历史全局最优路径,重启和可选上界处理后,0.00031831855038295476,0.00031840109942582044,2.6496230663055807e-07
0,81002,6,GP 表达式自身产生的状态,2500,历史全局最优路径,更新前,0.0003659375552047442,0.0,0.0
0,81002,6,GP 表达式自身产生的状态,2500,历史全局最优路径,蒸发和下界保护后,0.0003659375552047442,0.0,0.0
0,81002,6,GP 表达式自身产生的状态,2500,历史全局最优路径,沉积后,0.0003659375552047442,0.0003658422164763118,3.042425690979905e-07
0,81002,6,GP 表达式自身产生的状态,2500,历史全局最优路径,重启和可选上界处理后,0.0003659375552047442,0.0003658422164763118,3.042425690979905e-07
0,81002,7,GP 表达式自身产生的状态,2500,历史全局最优路径,更新前,0.00032571201592435073,0.0,0.0
0,81002,7,GP 表达式自身产生的状态,2500,历史全局最优路径,蒸发和下界保护后,0.00032571201592435073,0.0,0.0
0,81002,7,GP 表达式自身产生的状态,2500,历史全局最优路径,沉积后,0.00032571201592435073,0.0003258277959210132,2.7097058666048956e-07
0,81002,7,GP 表达式自身产生的状态,2500,历史全局最优路径,重启和可选上界处理后,0.00032571201592435073,0.0003258277959210132,2.7097058666048956e-07
0,81003,0,GP 表达式自身产生的状态,2500,本轮最优路径,更新前,0.00261346426271437,0.0,0.0
0,81003,0,GP 表达式自身产生的状态,2500,本轮最优路径,蒸发和下界保护后,0.00261346426271437,0.0,0.0
0,81003,0,GP 表达式自身产生的状态,2500,本轮最优路径,沉积后,0.00261346426271437,0.002613414380080996,2.1731159255165407e-06
0,81003,0,GP 表达式自身产生的状态,2500,本轮最优路径,重启和可选上界处理后,0.00261346426271437,0.002613414380080996,2.1731159255165407e-06
0,81003,1,GP 表达式自身产生的状态,2500,本轮最优路径,更新前,0.0029803314322849107,0.0,0.0
0,81003,1,GP 表达式自身产生的状态,2500,本轮最优路径,蒸发和下界保护后,0.0029803314322849107,0.0,0.0
0,81003,1,GP 表达式自身产生的状态,2500,本轮最优路径,沉积后,0.0029803314322849107,0.002980234727022188,2.478394325343379e-06
0,81003,1,GP 表达式自身产生的状态,2500,本轮最优路径,重启和可选上界处理后,0.0029803314322849107,0.0,0.0
0,81003,2,GP 表达式自身产生的状态,2500,本轮最优路径,更新前,0.0279922340737958,0.0,0.0
0,81003,2,GP 表达式自身产生的状态,2500,本轮最优路径,蒸发和下界保护后,0.0279922340737958,0.0,0.0
0,81003,2,GP 表达式自身产生的状态,2500,本轮最优路径,沉积后,0.0279922340737958,0.027992237529557623,2.3024378767210686e-05
0,81003,2,GP 表达式自身产生的状态,2500,本轮最优路径,重启和可选上界处理后,0.0279922340737958,0.027992237529557623,2.3024378767210686e-05
0,81003,3,GP 表达式自身产生的状态,2500,本轮最优路径,更新前,0.0038189242816315454,0.0,0.0
0,81003,3,GP 表达式自身产生的状态,2500,本轮最优路径,蒸发和下界保护后,0.0038189242816315454,0.0,0.0
0,81003,3,GP 表达式自身产生的状态,2500,本轮最优路径,沉积后,0.0038189242816315454,0.0038189811938552213,3.175608844720812e-06
0,81003,3,GP 表达式自身产生的状态,2500,本轮最优路径,重启和可选上界处理后,0.0038189242816315454,0.0,0.0
0,81003,4,GP 表达式自身产生的状态,2500,本轮最优路径,更新前,0.04199008983995639,0.0,0.0
0,81003,4,GP 表达式自身产生的状态,2500,本轮最优路径,蒸发和下界保护后,0.04199008983995639,0.0,0.0
0,81003,4,GP 表达式自身产生的状态,2500,本轮最优路径,沉积后,0.04199008983995639,0.041990078304117925,3.491669863553362e-05
0,81003,4,GP 表达式自身产生的状态,2500,本轮最优路径,重启和可选上界处理后,0.04199008983995639,0.041990078304117925,3.491669863553362e-05
0,81003,5,GP 表达式自身产生的状态,2500,本轮最优路径,更新前,0.056587488612970575,0.0,0.0
0,81003,5,GP 表达式自身产生的状态,2500,本轮最优路径,蒸发和下界保护后,0.056587488612970575,0.0,0.0
0,81003,5,GP 表达式自身产生的状态,2500,本轮最优路径,沉积后,0.056587488612970575,0.05658745096981676,4.634703405529767e-05
0,81003,5,GP 表达式自身产生的状态,2500,本轮最优路径,重启和可选上界处理后,0.056587488612970575,0.05658745096981676,4.634703405529767e-05
0,81003,6,GP 表达式自身产生的状态,2500,本轮最优路径,更新前,0.0029499694869727154,0.0,0.0
0,81003,6,GP 表达式自身产生的状态,2500,本轮最优路径,蒸发和下界保护后,0.0029499694869727154,0.0,0.0
0,81003,6,GP 表达式自身产生的状态,2500,本轮最优路径,沉积后,0.0029499694869727154,0.0029499825206216654,2.4527926181357673e-06
0,81003,6,GP 表达式自身产生的状态,2500,本轮最优路径,重启和可选上界处理后,0.0029499694869727154,0.0029499825206216654,2.4527926181357673e-06
0,81003,7,GP 表达式自身产生的状态,2500,本轮最优路径,更新前,0.00611543095971195,0.0,0.0
0,81003,7,GP 表达式自身产生的状态,2500,本轮最优路径,蒸发和下界保护后,0.00611543095971195,0.0,0.0
0,81003,7,GP 表达式自身产生的状态,2500,本轮最优路径,沉积后,0.00611543095971195,0.006115434165642663,5.062764447338509e-06
0,81003,7,GP 表达式自身产生的状态,2500,本轮最优路径,重启和可选上界处理后,0.00611543095971195,0.006115434165642663,5.062764447338509e-06
0,81003,0,GP 表达式自身产生的状态,2500,历史重启阶段最优路径,更新前,0.002613431789613931,0.0,0.0
0,81003,0,GP 表达式自身产生的状态,2500,历史重启阶段最优路径,蒸发和下界保护后,0.002613431789613931,0.0,0.0
0,81003,0,GP 表达式自身产生的状态,2500,历史重启阶段最优路径,沉积后,0.002613431789613931,0.0026134203067305056,2.173120853665912e-06
0,81003,0,GP 表达式自身产生的状态,2500,历史重启阶段最优路径,重启和可选上界处理后,0.002613431789613931,0.0026134203067305056,2.173120853665912e-06
0,81003,1,GP 表达式自身产生的状态,2500,历史重启阶段最优路径,更新前,0.0029807309051901204,0.0,0.0
0,81003,1,GP 表达式自身产生的状态,2500,历史重启阶段最优路径,蒸发和下界保护后,0.0029807309051901204,0.0,0.0
0,81003,1,GP 表达式自身产生的状态,2500,历史重启阶段最优路径,沉积后,0.0029807309051901204,0.0029806776671892693,2.478762679012507e-06
0,81003,1,GP 表达式自身产生的状态,2500,历史重启阶段最优路径,重启和可选上界处理后,0.0029807309051901204,0.0,0.0
0,81003,2,GP 表达式自身产生的状态,2500,历史重启阶段最优路径,更新前,0.0279922340737958,0.0,0.0
0,81003,2,GP 表达式自身产生的状态,2500,历史重启阶段最优路径,蒸发和下界保护后,0.0279922340737958,0.0,0.0
0,81003,2,GP 表达式自身产生的状态,2500,历史重启阶段最优路径,沉积后,0.0279922340737958,0.027992237529557623,2.3024378767210686e-05
0,81003,2,GP 表达式自身产生的状态,2500,历史重启阶段最优路径,重启和可选上界处理后,0.0279922340737958,0.027992237529557623,2.3024378767210686e-05
0,81003,3,GP 表达式自身产生的状态,2500,历史重启阶段最优路径,更新前,0.003818856434308124,0.0,0.0
0,81003,3,GP 表达式自身产生的状态,2500,历史重启阶段最优路径,蒸发和下界保护后,0.003818856434308124,0.0,0.0
0,81003,3,GP 表达式自身产生的状态,2500,历史重启阶段最优路径,沉积后,0.003818856434308124,0.0038189026599570485,3.1755435411937742e-06
0,81003,3,GP 表达式自身产生的状态,2500,历史重启阶段最优路径,重启和可选上界处理后,0.003818856434308124,0.0,0.0
0,81003,4,GP 表达式自身产生的状态,2500,历史重启阶段最优路径,更新前,0.020088483029358863,0.0,0.0
0,81003,4,GP 表达式自身产生的状态,2500,历史重启阶段最优路径,蒸发和下界保护后,0.020088483029358863,0.0,0.0
0,81003,4,GP 表达式自身产生的状态,2500,历史重启阶段最优路径,沉积后,0.020088483029358863,0.02008846680708602,1.6704492343948666e-05
0,81003,4,GP 表达式自身产生的状态,2500,历史重启阶段最优路径,重启和可选上界处理后,0.020088483029358863,0.02008846680708602,1.6704492343948666e-05
0,81003,5,GP 表达式自身产生的状态,2500,历史重启阶段最优路径,更新前,0.056587488612970575,0.0,0.0
0,81003,5,GP 表达式自身产生的状态,2500,历史重启阶段最优路径,蒸发和下界保护后,0.056587488612970575,0.0,0.0
0,81003,5,GP 表达式自身产生的状态,2500,历史重启阶段最优路径,沉积后,0.056587488612970575,0.05658745096981676,4.634703405529767e-05
0,81003,5,GP 表达式自身产生的状态,2500,历史重启阶段最优路径,重启和可选上界处理后,0.056587488612970575,0.05658745096981676,4.634703405529767e-05
0,81003,6,GP 表达式自身产生的状态,2500,历史重启阶段最优路径,更新前,0.0030881104771939027,0.0,0.0
0,81003,6,GP 表达式自身产生的状态,2500,历史重启阶段最优路径,蒸发和下界保护后,0.0030881104771939027,0.0,0.0
0,81003,6,GP 表达式自身产生的状态,2500,历史重启阶段最优路径,沉积后,0.0030881104771939027,0.003088211125927463,2.5677241814040855e-06
0,81003,6,GP 表达式自身产生的状态,2500,历史重启阶段最优路径,重启和可选上界处理后,0.0030881104771939027,0.003088211125927463,2.5677241814040855e-06
0,81003,7,GP 表达式自身产生的状态,2500,历史重启阶段最优路径,更新前,0.0061153151762912295,0.0,0.0
0,81003,7,GP 表达式自身产生的状态,2500,历史重启阶段最优路径,蒸发和下界保护后,0.0061153151762912295,0.0,0.0
0,81003,7,GP 表达式自身产生的状态,2500,历史重启阶段最优路径,沉积后,0.0061153151762912295,0.0061153148063761474,5.062665633773583e-06
0,81003,7,GP 表达式自身产生的状态,2500,历史重启阶段最优路径,重启和可选上界处理后,0.0061153151762912295,0.0061153148063761474,5.062665633773583e-06
0,81003,0,GP 表达式自身产生的状态,2500,历史全局最优路径,更新前,0.002613431789613931,0.0,0.0
0,81003,0,GP 表达式自身产生的状态,2500,历史全局最优路径,蒸发和下界保护后,0.002613431789613931,0.0,0.0
0,81003,0,GP 表达式自身产生的状态,2500,历史全局最优路径,沉积后,0.002613431789613931,0.0026134203067305056,2.173120853665912e-06
0,81003,0,GP 表达式自身产生的状态,2500,历史全局最优路径,重启和可选上界处理后,0.002613431789613931,0.0026134203067305056,2.173120853665912e-06
0,81003,1,GP 表达式自身产生的状态,2500,历史全局最优路径,更新前,0.0029807309051901204,0.0,0.0
0,81003,1,GP 表达式自身产生的状态,2500,历史全局最优路径,蒸发和下界保护后,0.0029807309051901204,0.0,0.0
0,81003,1,GP 表达式自身产生的状态,2500,历史全局最优路径,沉积后,0.0029807309051901204,0.0029806776671892693,2.478762679012507e-06
0,81003,1,GP 表达式自身产生的状态,2500,历史全局最优路径,重启和可选上界处理后,0.0029807309051901204,0.0,0.0
0,81003,2,GP 表达式自身产生的状态,2500,历史全局最优路径,更新前,0.09820822982668426,0.0,0.0
0,81003,2,GP 表达式自身产生的状态,2500,历史全局最优路径,蒸发和下界保护后,0.09820822982668426,0.0,0.0
0,81003,2,GP 表达式自身产生的状态,2500,历史全局最优路径,沉积后,0.09820822982668426,0.09820821106683436,8.077893191872686e-05
0,81003,2,GP 表达式自身产生的状态,2500,历史全局最优路径,重启和可选上界处理后,0.09820822982668426,0.09820821106683436,8.077893191872686e-05
0,81003,3,GP 表达式自身产生的状态,2500,历史全局最优路径,更新前,0.0038189538561058576,0.0,0.0
0,81003,3,GP 表达式自身产生的状态,2500,历史全局最优路径,蒸发和下界保护后,0.0038189538561058576,0.0,0.0
0,81003,3,GP 表达式自身产生的状态,2500,历史全局最优路径,沉积后,0.0038189538561058576,0.003818986164355106,3.1756129778554343e-06
0,81003,3,GP 表达式自身产生的状态,2500,历史全局最优路径,重启和可选上界处理后,0.0038189538561058576,0.0,0.0
0,81003,4,GP 表达式自身产生的状态,2500,历史全局最优路径,更新前,0.09544618414555121,0.0,0.0
0,81003,4,GP 表达式自身产生的状态,2500,历史全局最优路径,蒸发和下界保护后,0.09544618414555121,0.0,0.0
0,81003,4,GP 表达式自身产生的状态,2500,历史全局最优路径,沉积后,0.09544618414555121,0.09544618066076667,7.936792834505994e-05
0,81003,4,GP 表达式自身产生的状态,2500,历史全局最优路径,重启和可选上界处理后,0.09544618414555121,0.09544618066076667,7.936792834505994e-05
0,81003,5,GP 表达式自身产生的状态,2500,历史全局最优路径,更新前,0.10925943883924598,0.0,0.0
0,81003,5,GP 表达式自身产生的状态,2500,历史全局最优路径,蒸发和下界保护后,0.10925943883924598,0.0,0.0
0,81003,5,GP 表达式自身产生的状态,2500,历史全局最优路径,沉积后,0.10925943883924598,0.1092593940611153,8.948714433354598e-05
0,81003,5,GP 表达式自身产生的状态,2500,历史全局最优路径,重启和可选上界处理后,0.10925943883924598,0.1092593940611153,8.948714433354598e-05
0,81003,6,GP 表达式自身产生的状态,2500,历史全局最优路径,更新前,0.0030881104771939027,0.0,0.0
0,81003,6,GP 表达式自身产生的状态,2500,历史全局最优路径,蒸发和下界保护后,0.0030881104771939027,0.0,0.0
0,81003,6,GP 表达式自身产生的状态,2500,历史全局最优路径,沉积后,0.0030881104771939027,0.003088211125927463,2.5677241814040855e-06
0,81003,6,GP 表达式自身产生的状态,2500,历史全局最优路径,重启和可选上界处理后,0.0030881104771939027,0.003088211125927463,2.5677241814040855e-06
0,81003,7,GP 表达式自身产生的状态,2500,历史全局最优路径,更新前,0.10248694947974828,0.0,0.0
0,81003,7,GP 表达式自身产生的状态,2500,历史全局最优路径,蒸发和下界保护后,0.10248694947974828,0.0,0.0
0,81003,7,GP 表达式自身产生的状态,2500,历史全局最优路径,沉积后,0.10248694947974828,0.10248699608904863,8.484558276633462e-05
0,81003,7,GP 表达式自身产生的状态,2500,历史全局最优路径,重启和可选上界处理后,0.10248694947974828,0.10248699608904863,8.484558276633462e-05
1,81002,0,不使用 GP 产生的状态,1,本轮最优路径,更新前,0.16441424556740483,0.0,0.0
1,81002,0,不使用 GP 产生的状态,1,本轮最优路径,蒸发和下界保护后,0.16441424556740483,0.0,0.0
1,81002,0,不使用 GP 产生的状态,1,本轮最优路径,沉积后,0.16441424556740483,0.16441423563910462,0.00013283659630610313
1,81002,0,不使用 GP 产生的状态,1,本轮最优路径,重启和可选上界处理后,0.16441424556740483,0.16441423563910462,0.00013283659630610313
1,81002,1,不使用 GP 产生的状态,1,本轮最优路径,更新前,0.15938196731835186,0.0,0.0
1,81002,1,不使用 GP 产生的状态,1,本轮最优路径,蒸发和下界保护后,0.15938196731835186,0.0,0.0
1,81002,1,不使用 GP 产生的状态,1,本轮最优路径,沉积后,0.15938196731835186,0.15938197722096545,0.00012806435414344889
1,81002,1,不使用 GP 产生的状态,1,本轮最优路径,重启和可选上界处理后,0.15938196731835186,0.15938197722096545,0.00012806435414344889
1,81002,2,不使用 GP 产生的状态,1,本轮最优路径,更新前,0.1663673176821298,0.0,0.0
1,81002,2,不使用 GP 产生的状态,1,本轮最优路径,蒸发和下界保护后,0.1663673176821298,0.0,0.0
1,81002,2,不使用 GP 产生的状态,1,本轮最优路径,沉积后,0.1663673176821298,0.16636730834564703,0.00013591228258844377
1,81002,2,不使用 GP 产生的状态,1,本轮最优路径,重启和可选上界处理后,0.1663673176821298,0.16636730834564703,0.00013591228258844377
1,81002,3,不使用 GP 产生的状态,1,本轮最优路径,更新前,0.1642106167542487,0.0,0.0
1,81002,3,不使用 GP 产生的状态,1,本轮最优路径,蒸发和下界保护后,0.1642106167542487,0.0,0.0
1,81002,3,不使用 GP 产生的状态,1,本轮最优路径,沉积后,0.1642106167542487,0.16421061396432807,0.00013221369002968316
1,81002,3,不使用 GP 产生的状态,1,本轮最优路径,重启和可选上界处理后,0.1642106167542487,0.16421061396432807,0.00013221369002968316
1,81002,4,不使用 GP 产生的状态,1,本轮最优路径,更新前,0.1618203774762052,0.0,0.0
1,81002,4,不使用 GP 产生的状态,1,本轮最优路径,蒸发和下界保护后,0.1618203774762052,0.0,0.0
1,81002,4,不使用 GP 产生的状态,1,本轮最优路径,沉积后,0.1618203774762052,0.16182037313622072,0.00013144275845571008
1,81002,4,不使用 GP 产生的状态,1,本轮最优路径,重启和可选上界处理后,0.1618203774762052,0.16182037313622072,0.00013144275845571008
1,81002,5,不使用 GP 产生的状态,1,本轮最优路径,更新前,0.16682981422507637,0.0,0.0
1,81002,5,不使用 GP 产生的状态,1,本轮最优路径,蒸发和下界保护后,0.16682981422507637,0.0,0.0
1,81002,5,不使用 GP 产生的状态,1,本轮最优路径,沉积后,0.16682981422507637,0.1668298188968614,0.00013686707454981192
1,81002,5,不使用 GP 产生的状态,1,本轮最优路径,重启和可选上界处理后,0.16682981422507637,0.1668298188968614,0.00013686707454981192
1,81002,6,不使用 GP 产生的状态,1,本轮最优路径,更新前,0.1540393696958822,0.0,0.0
1,81002,6,不使用 GP 产生的状态,1,本轮最优路径,蒸发和下界保护后,0.1540393696958822,0.0,0.0
1,81002,6,不使用 GP 产生的状态,1,本轮最优路径,沉积后,0.1540393696958822,0.15403932136967063,0.0001230034488922306
1,81002,6,不使用 GP 产生的状态,1,本轮最优路径,重启和可选上界处理后,0.1540393696958822,0.15403932136967063,0.0001230034488922306
1,81002,7,不使用 GP 产生的状态,1,本轮最优路径,更新前,0.1648901260584347,0.0,0.0
1,81002,7,不使用 GP 产生的状态,1,本轮最优路径,蒸发和下界保护后,0.1648901260584347,0.0,0.0
1,81002,7,不使用 GP 产生的状态,1,本轮最优路径,沉积后,0.1648901260584347,0.16489013276779305,0.00013291250003425953
1,81002,7,不使用 GP 产生的状态,1,本轮最优路径,重启和可选上界处理后,0.1648901260584347,0.16489013276779305,0.00013291250003425953
1,81002,0,不使用 GP 产生的状态,1,历史重启阶段最优路径,更新前,0.16441424556740483,0.0,0.0
1,81002,0,不使用 GP 产生的状态,1,历史重启阶段最优路径,蒸发和下界保护后,0.16441424556740483,0.0,0.0
1,81002,0,不使用 GP 产生的状态,1,历史重启阶段最优路径,沉积后,0.16441424556740483,0.16441423563910462,0.00013283659630610313
1,81002,0,不使用 GP 产生的状态,1,历史重启阶段最优路径,重启和可选上界处理后,0.16441424556740483,0.16441423563910462,0.00013283659630610313
1,81002,1,不使用 GP 产生的状态,1,历史重启阶段最优路径,更新前,0.15938196731835186,0.0,0.0
1,81002,1,不使用 GP 产生的状态,1,历史重启阶段最优路径,蒸发和下界保护后,0.15938196731835186,0.0,0.0
1,81002,1,不使用 GP 产生的状态,1,历史重启阶段最优路径,沉积后,0.15938196731835186,0.15938197722096545,0.00012806435414344889
1,81002,1,不使用 GP 产生的状态,1,历史重启阶段最优路径,重启和可选上界处理后,0.15938196731835186,0.15938197722096545,0.00012806435414344889
1,81002,2,不使用 GP 产生的状态,1,历史重启阶段最优路径,更新前,0.1663673176821298,0.0,0.0
1,81002,2,不使用 GP 产生的状态,1,历史重启阶段最优路径,蒸发和下界保护后,0.1663673176821298,0.0,0.0
1,81002,2,不使用 GP 产生的状态,1,历史重启阶段最优路径,沉积后,0.1663673176821298,0.16636730834564703,0.00013591228258844377
1,81002,2,不使用 GP 产生的状态,1,历史重启阶段最优路径,重启和可选上界处理后,0.1663673176821298,0.16636730834564703,0.00013591228258844377
1,81002,3,不使用 GP 产生的状态,1,历史重启阶段最优路径,更新前,0.1642106167542487,0.0,0.0
1,81002,3,不使用 GP 产生的状态,1,历史重启阶段最优路径,蒸发和下界保护后,0.1642106167542487,0.0,0.0
1,81002,3,不使用 GP 产生的状态,1,历史重启阶段最优路径,沉积后,0.1642106167542487,0.16421061396432807,0.00013221369002968316
1,81002,3,不使用 GP 产生的状态,1,历史重启阶段最优路径,重启和可选上界处理后,0.1642106167542487,0.16421061396432807,0.00013221369002968316
1,81002,4,不使用 GP 产生的状态,1,历史重启阶段最优路径,更新前,0.1618203774762052,0.0,0.0
1,81002,4,不使用 GP 产生的状态,1,历史重启阶段最优路径,蒸发和下界保护后,0.1618203774762052,0.0,0.0
1,81002,4,不使用 GP 产生的状态,1,历史重启阶段最优路径,沉积后,0.1618203774762052,0.16182037313622072,0.00013144275845571008
1,81002,4,不使用 GP 产生的状态,1,历史重启阶段最优路径,重启和可选上界处理后,0.1618203774762052,0.16182037313622072,0.00013144275845571008
1,81002,5,不使用 GP 产生的状态,1,历史重启阶段最优路径,更新前,0.16682981422507637,0.0,0.0
1,81002,5,不使用 GP 产生的状态,1,历史重启阶段最优路径,蒸发和下界保护后,0.16682981422507637,0.0,0.0
1,81002,5,不使用 GP 产生的状态,1,历史重启阶段最优路径,沉积后,0.16682981422507637,0.1668298188968614,0.00013686707454981192
1,81002,5,不使用 GP 产生的状态,1,历史重启阶段最优路径,重启和可选上界处理后,0.16682981422507637,0.1668298188968614,0.00013686707454981192
1,81002,6,不使用 GP 产生的状态,1,历史重启阶段最优路径,更新前,0.1540393696958822,0.0,0.0
1,81002,6,不使用 GP 产生的状态,1,历史重启阶段最优路径,蒸发和下界保护后,0.1540393696958822,0.0,0.0
1,81002,6,不使用 GP 产生的状态,1,历史重启阶段最优路径,沉积后,0.1540393696958822,0.15403932136967063,0.0001230034488922306
1,81002,6,不使用 GP 产生的状态,1,历史重启阶段最优路径,重启和可选上界处理后,0.1540393696958822,0.15403932136967063,0.0001230034488922306
1,81002,7,不使用 GP 产生的状态,1,历史重启阶段最优路径,更新前,0.1648901260584347,0.0,0.0
1,81002,7,不使用 GP 产生的状态,1,历史重启阶段最优路径,蒸发和下界保护后,0.1648901260584347,0.0,0.0
1,81002,7,不使用 GP 产生的状态,1,历史重启阶段最优路径,沉积后,0.1648901260584347,0.16489013276779305,0.00013291250003425953
1,81002,7,不使用 GP 产生的状态,1,历史重启阶段最优路径,重启和可选上界处理后,0.1648901260584347,0.16489013276779305,0.00013291250003425953
1,81002,0,不使用 GP 产生的状态,1,历史全局最优路径,更新前,0.16441424556740483,0.0,0.0
1,81002,0,不使用 GP 产生的状态,1,历史全局最优路径,蒸发和下界保护后,0.16441424556740483,0.0,0.0
1,81002,0,不使用 GP 产生的状态,1,历史全局最优路径,沉积后,0.16441424556740483,0.16441423563910462,0.00013283659630610313
1,81002,0,不使用 GP 产生的状态,1,历史全局最优路径,重启和可选上界处理后,0.16441424556740483,0.16441423563910462,0.00013283659630610313
1,81002,1,不使用 GP 产生的状态,1,历史全局最优路径,更新前,0.15938196731835186,0.0,0.0
1,81002,1,不使用 GP 产生的状态,1,历史全局最优路径,蒸发和下界保护后,0.15938196731835186,0.0,0.0
1,81002,1,不使用 GP 产生的状态,1,历史全局最优路径,沉积后,0.15938196731835186,0.15938197722096545,0.00012806435414344889
1,81002,1,不使用 GP 产生的状态,1,历史全局最优路径,重启和可选上界处理后,0.15938196731835186,0.15938197722096545,0.00012806435414344889
1,81002,2,不使用 GP 产生的状态,1,历史全局最优路径,更新前,0.1663673176821298,0.0,0.0
1,81002,2,不使用 GP 产生的状态,1,历史全局最优路径,蒸发和下界保护后,0.1663673176821298,0.0,0.0
1,81002,2,不使用 GP 产生的状态,1,历史全局最优路径,沉积后,0.1663673176821298,0.16636730834564703,0.00013591228258844377
1,81002,2,不使用 GP 产生的状态,1,历史全局最优路径,重启和可选上界处理后,0.1663673176821298,0.16636730834564703,0.00013591228258844377
1,81002,3,不使用 GP 产生的状态,1,历史全局最优路径,更新前,0.1642106167542487,0.0,0.0
1,81002,3,不使用 GP 产生的状态,1,历史全局最优路径,蒸发和下界保护后,0.1642106167542487,0.0,0.0
1,81002,3,不使用 GP 产生的状态,1,历史全局最优路径,沉积后,0.1642106167542487,0.16421061396432807,0.00013221369002968316
1,81002,3,不使用 GP 产生的状态,1,历史全局最优路径,重启和可选上界处理后,0.1642106167542487,0.16421061396432807,0.00013221369002968316
1,81002,4,不使用 GP 产生的状态,1,历史全局最优路径,更新前,0.1618203774762052,0.0,0.0
1,81002,4,不使用 GP 产生的状态,1,历史全局最优路径,蒸发和下界保护后,0.1618203774762052,0.0,0.0
1,81002,4,不使用 GP 产生的状态,1,历史全局最优路径,沉积后,0.1618203774762052,0.16182037313622072,0.00013144275845571008
1,81002,4,不使用 GP 产生的状态,1,历史全局最优路径,重启和可选上界处理后,0.1618203774762052,0.16182037313622072,0.00013144275845571008
1,81002,5,不使用 GP 产生的状态,1,历史全局最优路径,更新前,0.16682981422507637,0.0,0.0
1,81002,5,不使用 GP 产生的状态,1,历史全局最优路径,蒸发和下界保护后,0.16682981422507637,0.0,0.0
1,81002,5,不使用 GP 产生的状态,1,历史全局最优路径,沉积后,0.16682981422507637,0.1668298188968614,0.00013686707454981192
1,81002,5,不使用 GP 产生的状态,1,历史全局最优路径,重启和可选上界处理后,0.16682981422507637,0.1668298188968614,0.00013686707454981192
1,81002,6,不使用 GP 产生的状态,1,历史全局最优路径,更新前,0.1540393696958822,0.0,0.0
1,81002,6,不使用 GP 产生的状态,1,历史全局最优路径,蒸发和下界保护后,0.1540393696958822,0.0,0.0
1,81002,6,不使用 GP 产生的状态,1,历史全局最优路径,沉积后,0.1540393696958822,0.15403932136967063,0.0001230034488922306
1,81002,6,不使用 GP 产生的状态,1,历史全局最优路径,重启和可选上界处理后,0.1540393696958822,0.15403932136967063,0.0001230034488922306
1,81002,7,不使用 GP 产生的状态,1,历史全局最优路径,更新前,0.1648901260584347,0.0,0.0
1,81002,7,不使用 GP 产生的状态,1,历史全局最优路径,蒸发和下界保护后,0.1648901260584347,0.0,0.0
1,81002,7,不使用 GP 产生的状态,1,历史全局最优路径,沉积后,0.1648901260584347,0.16489013276779305,0.00013291250003425953
1,81002,7,不使用 GP 产生的状态,1,历史全局最优路径,重启和可选上界处理后,0.1648901260584347,0.16489013276779305,0.00013291250003425953
1,81003,0,不使用 GP 产生的状态,1,本轮最优路径,更新前,0.21408330843698842,0.0,0.0
1,81003,0,不使用 GP 产生的状态,1,本轮最优路径,蒸发和下界保护后,0.21408330843698842,0.0,0.0
1,81003,0,不使用 GP 产生的状态,1,本轮最优路径,沉积后,0.21408330843698842,0.21408331431558722,0.00017296615885521575
1,81003,0,不使用 GP 产生的状态,1,本轮最优路径,重启和可选上界处理后,0.21408330843698842,0.21408331431558722,0.00017296615885521575
1,81003,1,不使用 GP 产生的状态,1,本轮最优路径,更新前,0.23957880431501133,0.0,0.0
1,81003,1,不使用 GP 产生的状态,1,本轮最优路径,蒸发和下界保护后,0.23957880431501133,0.0,0.0
1,81003,1,不使用 GP 产生的状态,1,本轮最优路径,沉积后,0.23957880431501133,0.23957883736832972,0.00019250300196412427
1,81003,1,不使用 GP 产生的状态,1,本轮最优路径,重启和可选上界处理后,0.23957880431501133,0.23957883736832972,0.00019250300196412427
1,81003,2,不使用 GP 产生的状态,1,本轮最优路径,更新前,0.21270214258424855,0.0,0.0
1,81003,2,不使用 GP 产生的状态,1,本轮最优路径,蒸发和下界保护后,0.21270214258424855,0.0,0.0
1,81003,2,不使用 GP 产生的状态,1,本轮最优路径,沉积后,0.21270214258424855,0.21270210734231357,0.0001737650816601819
1,81003,2,不使用 GP 产生的状态,1,本轮最优路径,重启和可选上界处理后,0.21270214258424855,0.21270210734231357,0.0001737650816601819
1,81003,3,不使用 GP 产生的状态,1,本轮最优路径,更新前,0.23136881719361796,0.0,0.0
1,81003,3,不使用 GP 产生的状态,1,本轮最优路径,蒸发和下界保护后,0.23136881719361796,0.0,0.0
1,81003,3,不使用 GP 产生的状态,1,本轮最优路径,沉积后,0.23136881719361796,0.23136872074207562,0.00018628584102001037
1,81003,3,不使用 GP 产生的状态,1,本轮最优路径,重启和可选上界处理后,0.23136881719361796,0.23136872074207562,0.00018628584102001037
1,81003,4,不使用 GP 产生的状态,1,本轮最优路径,更新前,0.231242071282364,0.0,0.0
1,81003,4,不使用 GP 产生的状态,1,本轮最优路径,蒸发和下界保护后,0.231242071282364,0.0,0.0
1,81003,4,不使用 GP 产生的状态,1,本轮最优路径,沉积后,0.231242071282364,0.23124206681473292,0.00018783231396668119
1,81003,4,不使用 GP 产生的状态,1,本轮最优路径,重启和可选上界处理后,0.231242071282364,0.23124206681473292,0.00018783231396668119
1,81003,5,不使用 GP 产生的状态,1,本轮最优路径,更新前,0.22816283424358808,0.0,0.0
1,81003,5,不使用 GP 产生的状态,1,本轮最优路径,蒸发和下界保护后,0.22816283424358808,0.0,0.0
1,81003,5,不使用 GP 产生的状态,1,本轮最优路径,沉积后,0.22816283424358808,0.22816282983134664,0.00018718463669452841
1,81003,5,不使用 GP 产生的状态,1,本轮最优路径,重启和可选上界处理后,0.22816283424358808,0.22816282983134664,0.00018718463669452841
1,81003,6,不使用 GP 产生的状态,1,本轮最优路径,更新前,0.219409132171079,0.0,0.0
1,81003,6,不使用 GP 产生的状态,1,本轮最优路径,蒸发和下界保护后,0.219409132171079,0.0,0.0
1,81003,6,不使用 GP 产生的状态,1,本轮最优路径,沉积后,0.219409132171079,0.2194090101800476,0.00017520244006664502
1,81003,6,不使用 GP 产生的状态,1,本轮最优路径,重启和可选上界处理后,0.219409132171079,0.2194090101800476,0.00017520244006664502
1,81003,7,不使用 GP 产生的状态,1,本轮最优路径,更新前,0.21305897871930032,0.0,0.0
1,81003,7,不使用 GP 产生的状态,1,本轮最优路径,蒸发和下界保护后,0.21305897871930032,0.0,0.0
1,81003,7,不使用 GP 产生的状态,1,本轮最优路径,沉积后,0.21305897871930032,0.21305890018034082,0.00017173975544915117
1,81003,7,不使用 GP 产生的状态,1,本轮最优路径,重启和可选上界处理后,0.21305897871930032,0.21305890018034082,0.00017173975544915117
1,81003,0,不使用 GP 产生的状态,1,历史重启阶段最优路径,更新前,0.21408330843698842,0.0,0.0
1,81003,0,不使用 GP 产生的状态,1,历史重启阶段最优路径,蒸发和下界保护后,0.21408330843698842,0.0,0.0
1,81003,0,不使用 GP 产生的状态,1,历史重启阶段最优路径,沉积后,0.21408330843698842,0.21408331431558722,0.00017296615885521575
1,81003,0,不使用 GP 产生的状态,1,历史重启阶段最优路径,重启和可选上界处理后,0.21408330843698842,0.21408331431558722,0.00017296615885521575
1,81003,1,不使用 GP 产生的状态,1,历史重启阶段最优路径,更新前,0.23957880431501133,0.0,0.0
1,81003,1,不使用 GP 产生的状态,1,历史重启阶段最优路径,蒸发和下界保护后,0.23957880431501133,0.0,0.0
1,81003,1,不使用 GP 产生的状态,1,历史重启阶段最优路径,沉积后,0.23957880431501133,0.23957883736832972,0.00019250300196412427
1,81003,1,不使用 GP 产生的状态,1,历史重启阶段最优路径,重启和可选上界处理后,0.23957880431501133,0.23957883736832972,0.00019250300196412427
1,81003,2,不使用 GP 产生的状态,1,历史重启阶段最优路径,更新前,0.21270214258424855,0.0,0.0
1,81003,2,不使用 GP 产生的状态,1,历史重启阶段最优路径,蒸发和下界保护后,0.21270214258424855,0.0,0.0
1,81003,2,不使用 GP 产生的状态,1,历史重启阶段最优路径,沉积后,0.21270214258424855,0.21270210734231357,0.0001737650816601819
1,81003,2,不使用 GP 产生的状态,1,历史重启阶段最优路径,重启和可选上界处理后,0.21270214258424855,0.21270210734231357,0.0001737650816601819
1,81003,3,不使用 GP 产生的状态,1,历史重启阶段最优路径,更新前,0.23136881719361796,0.0,0.0
1,81003,3,不使用 GP 产生的状态,1,历史重启阶段最优路径,蒸发和下界保护后,0.23136881719361796,0.0,0.0
1,81003,3,不使用 GP 产生的状态,1,历史重启阶段最优路径,沉积后,0.23136881719361796,0.23136872074207562,0.00018628584102001037
1,81003,3,不使用 GP 产生的状态,1,历史重启阶段最优路径,重启和可选上界处理后,0.23136881719361796,0.23136872074207562,0.00018628584102001037
1,81003,4,不使用 GP 产生的状态,1,历史重启阶段最优路径,更新前,0.231242071282364,0.0,0.0
1,81003,4,不使用 GP 产生的状态,1,历史重启阶段最优路径,蒸发和下界保护后,0.231242071282364,0.0,0.0
1,81003,4,不使用 GP 产生的状态,1,历史重启阶段最优路径,沉积后,0.231242071282364,0.23124206681473292,0.00018783231396668119
1,81003,4,不使用 GP 产生的状态,1,历史重启阶段最优路径,重启和可选上界处理后,0.231242071282364,0.23124206681473292,0.00018783231396668119
1,81003,5,不使用 GP 产生的状态,1,历史重启阶段最优路径,更新前,0.22816283424358808,0.0,0.0
1,81003,5,不使用 GP 产生的状态,1,历史重启阶段最优路径,蒸发和下界保护后,0.22816283424358808,0.0,0.0
1,81003,5,不使用 GP 产生的状态,1,历史重启阶段最优路径,沉积后,0.22816283424358808,0.22816282983134664,0.00018718463669452841
1,81003,5,不使用 GP 产生的状态,1,历史重启阶段最优路径,重启和可选上界处理后,0.22816283424358808,0.22816282983134664,0.00018718463669452841
1,81003,6,不使用 GP 产生的状态,1,历史重启阶段最优路径,更新前,0.219409132171079,0.0,0.0
1,81003,6,不使用 GP 产生的状态,1,历史重启阶段最优路径,蒸发和下界保护后,0.219409132171079,0.0,0.0
1,81003,6,不使用 GP 产生的状态,1,历史重启阶段最优路径,沉积后,0.219409132171079,0.2194090101800476,0.00017520244006664502
1,81003,6,不使用 GP 产生的状态,1,历史重启阶段最优路径,重启和可选上界处理后,0.219409132171079,0.2194090101800476,0.00017520244006664502
1,81003,7,不使用 GP 产生的状态,1,历史重启阶段最优路径,更新前,0.21305897871930032,0.0,0.0
1,81003,7,不使用 GP 产生的状态,1,历史重启阶段最优路径,蒸发和下界保护后,0.21305897871930032,0.0,0.0
1,81003,7,不使用 GP 产生的状态,1,历史重启阶段最优路径,沉积后,0.21305897871930032,0.21305890018034082,0.00017173975544915117
1,81003,7,不使用 GP 产生的状态,1,历史重启阶段最优路径,重启和可选上界处理后,0.21305897871930032,0.21305890018034082,0.00017173975544915117
1,81003,0,不使用 GP 产生的状态,1,历史全局最优路径,更新前,0.21408330843698842,0.0,0.0
1,81003,0,不使用 GP 产生的状态,1,历史全局最优路径,蒸发和下界保护后,0.21408330843698842,0.0,0.0
1,81003,0,不使用 GP 产生的状态,1,历史全局最优路径,沉积后,0.21408330843698842,0.21408331431558722,0.00017296615885521575
1,81003,0,不使用 GP 产生的状态,1,历史全局最优路径,重启和可选上界处理后,0.21408330843698842,0.21408331431558722,0.00017296615885521575
1,81003,1,不使用 GP 产生的状态,1,历史全局最优路径,更新前,0.23957880431501133,0.0,0.0
1,81003,1,不使用 GP 产生的状态,1,历史全局最优路径,蒸发和下界保护后,0.23957880431501133,0.0,0.0
1,81003,1,不使用 GP 产生的状态,1,历史全局最优路径,沉积后,0.23957880431501133,0.23957883736832972,0.00019250300196412427
1,81003,1,不使用 GP 产生的状态,1,历史全局最优路径,重启和可选上界处理后,0.23957880431501133,0.23957883736832972,0.00019250300196412427
1,81003,2,不使用 GP 产生的状态,1,历史全局最优路径,更新前,0.21270214258424855,0.0,0.0
1,81003,2,不使用 GP 产生的状态,1,历史全局最优路径,蒸发和下界保护后,0.21270214258424855,0.0,0.0
1,81003,2,不使用 GP 产生的状态,1,历史全局最优路径,沉积后,0.21270214258424855,0.21270210734231357,0.0001737650816601819
1,81003,2,不使用 GP 产生的状态,1,历史全局最优路径,重启和可选上界处理后,0.21270214258424855,0.21270210734231357,0.0001737650816601819
1,81003,3,不使用 GP 产生的状态,1,历史全局最优路径,更新前,0.23136881719361796,0.0,0.0
1,81003,3,不使用 GP 产生的状态,1,历史全局最优路径,蒸发和下界保护后,0.23136881719361796,0.0,0.0
1,81003,3,不使用 GP 产生的状态,1,历史全局最优路径,沉积后,0.23136881719361796,0.23136872074207562,0.00018628584102001037
1,81003,3,不使用 GP 产生的状态,1,历史全局最优路径,重启和可选上界处理后,0.23136881719361796,0.23136872074207562,0.00018628584102001037
1,81003,4,不使用 GP 产生的状态,1,历史全局最优路径,更新前,0.231242071282364,0.0,0.0
1,81003,4,不使用 GP 产生的状态,1,历史全局最优路径,蒸发和下界保护后,0.231242071282364,0.0,0.0
1,81003,4,不使用 GP 产生的状态,1,历史全局最优路径,沉积后,0.231242071282364,0.23124206681473292,0.00018783231396668119
1,81003,4,不使用 GP 产生的状态,1,历史全局最优路径,重启和可选上界处理后,0.231242071282364,0.23124206681473292,0.00018783231396668119
1,81003,5,不使用 GP 产生的状态,1,历史全局最优路径,更新前,0.22816283424358808,0.0,0.0
1,81003,5,不使用 GP 产生的状态,1,历史全局最优路径,蒸发和下界保护后,0.22816283424358808,0.0,0.0
1,81003,5,不使用 GP 产生的状态,1,历史全局最优路径,沉积后,0.22816283424358808,0.22816282983134664,0.00018718463669452841
1,81003,5,不使用 GP 产生的状态,1,历史全局最优路径,重启和可选上界处理后,0.22816283424358808,0.22816282983134664,0.00018718463669452841
1,81003,6,不使用 GP 产生的状态,1,历史全局最优路径,更新前,0.219409132171079,0.0,0.0
1,81003,6,不使用 GP 产生的状态,1,历史全局最优路径,蒸发和下界保护后,0.219409132171079,0.0,0.0
1,81003,6,不使用 GP 产生的状态,1,历史全局最优路径,沉积后,0.219409132171079,0.2194090101800476,0.00017520244006664502
1,81003,6,不使用 GP 产生的状态,1,历史全局最优路径,重启和可选上界处理后,0.219409132171079,0.2194090101800476,0.00017520244006664502
1,81003,7,不使用 GP 产生的状态,1,历史全局最优路径,更新前,0.21305897871930032,0.0,0.0
1,81003,7,不使用 GP 产生的状态,1,历史全局最优路径,蒸发和下界保护后,0.21305897871930032,0.0,0.0
1,81003,7,不使用 GP 产生的状态,1,历史全局最优路径,沉积后,0.21305897871930032,0.21305890018034082,0.00017173975544915117
1,81003,7,不使用 GP 产生的状态,1,历史全局最优路径,重启和可选上界处理后,0.21305897871930032,0.21305890018034082,0.00017173975544915117
1,81001,0,不使用 GP 产生的状态,1,本轮最优路径,更新前,0.23077961200290611,0.0,0.0
1,81001,0,不使用 GP 产生的状态,1,本轮最优路径,蒸发和下界保护后,0.23077961200290611,0.0,0.0
1,81001,0,不使用 GP 产生的状态,1,本轮最优路径,沉积后,0.23077961200290611,0.23077961030464422,0.0001864557397390384
1,81001,0,不使用 GP 产生的状态,1,本轮最优路径,重启和可选上界处理后,0.23077961200290611,0.23077961030464422,0.0001864557397390384
1,81001,1,不使用 GP 产生的状态,1,本轮最优路径,更新前,0.25719024424975245,0.0,0.0
1,81001,1,不使用 GP 产生的状态,1,本轮最优路径,蒸发和下界保护后,0.25719024424975245,0.0,0.0
1,81001,1,不使用 GP 产生的状态,1,本轮最优路径,沉积后,0.25719024424975245,0.2571902920231722,0.00020665390914462796
1,81001,1,不使用 GP 产生的状态,1,本轮最优路径,重启和可选上界处理后,0.25719024424975245,0.2571902920231722,0.00020665390914462796
1,81001,2,不使用 GP 产生的状态,1,本轮最优路径,更新前,0.22907813335917657,0.0,0.0
1,81001,2,不使用 GP 产生的状态,1,本轮最优路径,蒸发和下界保护后,0.22907813335917657,0.0,0.0
1,81001,2,不使用 GP 产生的状态,1,本轮最优路径,沉积后,0.22907813335917657,0.229078056168819,0.00018714326639307288
1,81001,2,不使用 GP 产生的状态,1,本轮最优路径,重启和可选上界处理后,0.22907813335917657,0.229078056168819,0.00018714326639307288
1,81001,3,不使用 GP 产生的状态,1,本轮最优路径,更新前,0.24946119989655377,0.0,0.0
1,81001,3,不使用 GP 产生的状态,1,本轮最优路径,蒸发和下界保护后,0.24946119989655377,0.0,0.0
1,81001,3,不使用 GP 产生的状态,1,本轮最优路径,沉积后,0.24946119989655377,0.24946110530495855,0.00020085287092597287
1,81001,3,不使用 GP 产生的状态,1,本轮最优路径,重启和可选上界处理后,0.24946119989655377,0.24946110530495855,0.00020085287092597287
1,81001,4,不使用 GP 产生的状态,1,本轮最优路径,更新前,0.2488596038519766,0.0,0.0
1,81001,4,不使用 GP 产生的状态,1,本轮最优路径,蒸发和下界保护后,0.2488596038519766,0.0,0.0
1,81001,4,不使用 GP 产生的状态,1,本轮最优路径,沉积后,0.2488596038519766,0.24885956900445422,0.0002021425830634353
1,81001,4,不使用 GP 产生的状态,1,本轮最优路径,重启和可选上界处理后,0.2488596038519766,0.24885956900445422,0.0002021425830634353
1,81001,5,不使用 GP 产生的状态,1,本轮最优路径,更新前,0.24622783438361706,0.0,0.0
1,81001,5,不使用 GP 产生的状态,1,本轮最优路径,蒸发和下界保护后,0.24622783438361706,0.0,0.0
1,81001,5,不使用 GP 产生的状态,1,本轮最优路径,沉积后,0.24622783438361706,0.24622790316267473,0.0002020052110662795
1,81001,5,不使用 GP 产生的状态,1,本轮最优路径,重启和可选上界处理后,0.24622783438361706,0.24622790316267473,0.0002020052110662795
1,81001,6,不使用 GP 产生的状态,1,本轮最优路径,更新前,0.23695365373577476,0.0,0.0
1,81001,6,不使用 GP 产生的状态,1,本轮最优路径,蒸发和下界保护后,0.23695365373577476,0.0,0.0
1,81001,6,不使用 GP 产生的状态,1,本轮最优路径,沉积后,0.23695365373577476,0.23695349491233347,0.00018921205859728825
1,81001,6,不使用 GP 产生的状态,1,本轮最优路径,重启和可选上界处理后,0.23695365373577476,0.23695349491233347,0.00018921205859728825
1,81001,7,不使用 GP 产生的状态,1,本轮最优路径,更新前,0.22937360708984622,0.0,0.0
1,81001,7,不使用 GP 产生的状态,1,本轮最优路径,蒸发和下界保护后,0.22937360708984622,0.0,0.0
1,81001,7,不使用 GP 产生的状态,1,本轮最优路径,沉积后,0.22937360708984622,0.22937348013826175,0.00018489040050484874
1,81001,7,不使用 GP 产生的状态,1,本轮最优路径,重启和可选上界处理后,0.22937360708984622,0.22937348013826175,0.00018489040050484874
1,81001,0,不使用 GP 产生的状态,1,历史重启阶段最优路径,更新前,0.23077961200290611,0.0,0.0
1,81001,0,不使用 GP 产生的状态,1,历史重启阶段最优路径,蒸发和下界保护后,0.23077961200290611,0.0,0.0
1,81001,0,不使用 GP 产生的状态,1,历史重启阶段最优路径,沉积后,0.23077961200290611,0.23077961030464422,0.0001864557397390384
1,81001,0,不使用 GP 产生的状态,1,历史重启阶段最优路径,重启和可选上界处理后,0.23077961200290611,0.23077961030464422,0.0001864557397390384
1,81001,1,不使用 GP 产生的状态,1,历史重启阶段最优路径,更新前,0.25719024424975245,0.0,0.0
1,81001,1,不使用 GP 产生的状态,1,历史重启阶段最优路径,蒸发和下界保护后,0.25719024424975245,0.0,0.0
1,81001,1,不使用 GP 产生的状态,1,历史重启阶段最优路径,沉积后,0.25719024424975245,0.2571902920231722,0.00020665390914462796
1,81001,1,不使用 GP 产生的状态,1,历史重启阶段最优路径,重启和可选上界处理后,0.25719024424975245,0.2571902920231722,0.00020665390914462796
1,81001,2,不使用 GP 产生的状态,1,历史重启阶段最优路径,更新前,0.22907813335917657,0.0,0.0
1,81001,2,不使用 GP 产生的状态,1,历史重启阶段最优路径,蒸发和下界保护后,0.22907813335917657,0.0,0.0
1,81001,2,不使用 GP 产生的状态,1,历史重启阶段最优路径,沉积后,0.22907813335917657,0.229078056168819,0.00018714326639307288
1,81001,2,不使用 GP 产生的状态,1,历史重启阶段最优路径,重启和可选上界处理后,0.22907813335917657,0.229078056168819,0.00018714326639307288
1,81001,3,不使用 GP 产生的状态,1,历史重启阶段最优路径,更新前,0.24946119989655377,0.0,0.0
1,81001,3,不使用 GP 产生的状态,1,历史重启阶段最优路径,蒸发和下界保护后,0.24946119989655377,0.0,0.0
1,81001,3,不使用 GP 产生的状态,1,历史重启阶段最优路径,沉积后,0.24946119989655377,0.24946110530495855,0.00020085287092597287
1,81001,3,不使用 GP 产生的状态,1,历史重启阶段最优路径,重启和可选上界处理后,0.24946119989655377,0.24946110530495855,0.00020085287092597287
1,81001,4,不使用 GP 产生的状态,1,历史重启阶段最优路径,更新前,0.2488596038519766,0.0,0.0
1,81001,4,不使用 GP 产生的状态,1,历史重启阶段最优路径,蒸发和下界保护后,0.2488596038519766,0.0,0.0
1,81001,4,不使用 GP 产生的状态,1,历史重启阶段最优路径,沉积后,0.2488596038519766,0.24885956900445422,0.0002021425830634353
1,81001,4,不使用 GP 产生的状态,1,历史重启阶段最优路径,重启和可选上界处理后,0.2488596038519766,0.24885956900445422,0.0002021425830634353
1,81001,5,不使用 GP 产生的状态,1,历史重启阶段最优路径,更新前,0.24622783438361706,0.0,0.0
1,81001,5,不使用 GP 产生的状态,1,历史重启阶段最优路径,蒸发和下界保护后,0.24622783438361706,0.0,0.0
1,81001,5,不使用 GP 产生的状态,1,历史重启阶段最优路径,沉积后,0.24622783438361706,0.24622790316267473,0.0002020052110662795
1,81001,5,不使用 GP 产生的状态,1,历史重启阶段最优路径,重启和可选上界处理后,0.24622783438361706,0.24622790316267473,0.0002020052110662795
1,81001,6,不使用 GP 产生的状态,1,历史重启阶段最优路径,更新前,0.23695365373577476,0.0,0.0
1,81001,6,不使用 GP 产生的状态,1,历史重启阶段最优路径,蒸发和下界保护后,0.23695365373577476,0.0,0.0
1,81001,6,不使用 GP 产生的状态,1,历史重启阶段最优路径,沉积后,0.23695365373577476,0.23695349491233347,0.00018921205859728825
1,81001,6,不使用 GP 产生的状态,1,历史重启阶段最优路径,重启和可选上界处理后,0.23695365373577476,0.23695349491233347,0.00018921205859728825
1,81001,7,不使用 GP 产生的状态,1,历史重启阶段最优路径,更新前,0.22937360708984622,0.0,0.0
1,81001,7,不使用 GP 产生的状态,1,历史重启阶段最优路径,蒸发和下界保护后,0.22937360708984622,0.0,0.0
1,81001,7,不使用 GP 产生的状态,1,历史重启阶段最优路径,沉积后,0.22937360708984622,0.22937348013826175,0.00018489040050484874
1,81001,7,不使用 GP 产生的状态,1,历史重启阶段最优路径,重启和可选上界处理后,0.22937360708984622,0.22937348013826175,0.00018489040050484874
1,81001,0,不使用 GP 产生的状态,1,历史全局最优路径,更新前,0.23077961200290611,0.0,0.0
1,81001,0,不使用 GP 产生的状态,1,历史全局最优路径,蒸发和下界保护后,0.23077961200290611,0.0,0.0
1,81001,0,不使用 GP 产生的状态,1,历史全局最优路径,沉积后,0.23077961200290611,0.23077961030464422,0.0001864557397390384
1,81001,0,不使用 GP 产生的状态,1,历史全局最优路径,重启和可选上界处理后,0.23077961200290611,0.23077961030464422,0.0001864557397390384
1,81001,1,不使用 GP 产生的状态,1,历史全局最优路径,更新前,0.25719024424975245,0.0,0.0
1,81001,1,不使用 GP 产生的状态,1,历史全局最优路径,蒸发和下界保护后,0.25719024424975245,0.0,0.0
1,81001,1,不使用 GP 产生的状态,1,历史全局最优路径,沉积后,0.25719024424975245,0.2571902920231722,0.00020665390914462796
1,81001,1,不使用 GP 产生的状态,1,历史全局最优路径,重启和可选上界处理后,0.25719024424975245,0.2571902920231722,0.00020665390914462796
1,81001,2,不使用 GP 产生的状态,1,历史全局最优路径,更新前,0.22907813335917657,0.0,0.0
1,81001,2,不使用 GP 产生的状态,1,历史全局最优路径,蒸发和下界保护后,0.22907813335917657,0.0,0.0
1,81001,2,不使用 GP 产生的状态,1,历史全局最优路径,沉积后,0.22907813335917657,0.229078056168819,0.00018714326639307288
1,81001,2,不使用 GP 产生的状态,1,历史全局最优路径,重启和可选上界处理后,0.22907813335917657,0.229078056168819,0.00018714326639307288
1,81001,3,不使用 GP 产生的状态,1,历史全局最优路径,更新前,0.24946119989655377,0.0,0.0
1,81001,3,不使用 GP 产生的状态,1,历史全局最优路径,蒸发和下界保护后,0.24946119989655377,0.0,0.0
1,81001,3,不使用 GP 产生的状态,1,历史全局最优路径,沉积后,0.24946119989655377,0.24946110530495855,0.00020085287092597287
1,81001,3,不使用 GP 产生的状态,1,历史全局最优路径,重启和可选上界处理后,0.24946119989655377,0.24946110530495855,0.00020085287092597287
1,81001,4,不使用 GP 产生的状态,1,历史全局最优路径,更新前,0.2488596038519766,0.0,0.0
1,81001,4,不使用 GP 产生的状态,1,历史全局最优路径,蒸发和下界保护后,0.2488596038519766,0.0,0.0
1,81001,4,不使用 GP 产生的状态,1,历史全局最优路径,沉积后,0.2488596038519766,0.24885956900445422,0.0002021425830634353
1,81001,4,不使用 GP 产生的状态,1,历史全局最优路径,重启和可选上界处理后,0.2488596038519766,0.24885956900445422,0.0002021425830634353
1,81001,5,不使用 GP 产生的状态,1,历史全局最优路径,更新前,0.24622783438361706,0.0,0.0
1,81001,5,不使用 GP 产生的状态,1,历史全局最优路径,蒸发和下界保护后,0.24622783438361706,0.0,0.0
1,81001,5,不使用 GP 产生的状态,1,历史全局最优路径,沉积后,0.24622783438361706,0.24622790316267473,0.0002020052110662795
1,81001,5,不使用 GP 产生的状态,1,历史全局最优路径,重启和可选上界处理后,0.24622783438361706,0.24622790316267473,0.0002020052110662795
1,81001,6,不使用 GP 产生的状态,1,历史全局最优路径,更新前,0.23695365373577476,0.0,0.0
1,81001,6,不使用 GP 产生的状态,1,历史全局最优路径,蒸发和下界保护后,0.23695365373577476,0.0,0.0
1,81001,6,不使用 GP 产生的状态,1,历史全局最优路径,沉积后,0.23695365373577476,0.23695349491233347,0.00018921205859728825
1,81001,6,不使用 GP 产生的状态,1,历史全局最优路径,重启和可选上界处理后,0.23695365373577476,0.23695349491233347,0.00018921205859728825
1,81001,7,不使用 GP 产生的状态,1,历史全局最优路径,更新前,0.22937360708984622,0.0,0.0
1,81001,7,不使用 GP 产生的状态,1,历史全局最优路径,蒸发和下界保护后,0.22937360708984622,0.0,0.0
1,81001,7,不使用 GP 产生的状态,1,历史全局最优路径,沉积后,0.22937360708984622,0.22937348013826175,0.00018489040050484874
1,81001,7,不使用 GP 产生的状态,1,历史全局最优路径,重启和可选上界处理后,0.22937360708984622,0.22937348013826175,0.00018489040050484874
1,81001,0,GP 表达式自身产生的状态,1,本轮最优路径,更新前,0.23077961200290611,0.0,0.0
1,81001,0,GP 表达式自身产生的状态,1,本轮最优路径,蒸发和下界保护后,0.23077961200290611,0.0,0.0
1,81001,0,GP 表达式自身产生的状态,1,本轮最优路径,沉积后,0.23077961200290611,0.23077961030464422,0.0001864557397390384
1,81001,0,GP 表达式自身产生的状态,1,本轮最优路径,重启和可选上界处理后,0.23077961200290611,0.23077961030464422,0.0001864557397390384
1,81001,1,GP 表达式自身产生的状态,1,本轮最优路径,更新前,0.25719024424975245,0.0,0.0
1,81001,1,GP 表达式自身产生的状态,1,本轮最优路径,蒸发和下界保护后,0.25719024424975245,0.0,0.0
1,81001,1,GP 表达式自身产生的状态,1,本轮最优路径,沉积后,0.25719024424975245,0.2571902920231722,0.00020665390914462796
1,81001,1,GP 表达式自身产生的状态,1,本轮最优路径,重启和可选上界处理后,0.25719024424975245,0.2571902920231722,0.00020665390914462796
1,81001,2,GP 表达式自身产生的状态,1,本轮最优路径,更新前,0.22907813335917657,0.0,0.0
1,81001,2,GP 表达式自身产生的状态,1,本轮最优路径,蒸发和下界保护后,0.22907813335917657,0.0,0.0
1,81001,2,GP 表达式自身产生的状态,1,本轮最优路径,沉积后,0.22907813335917657,0.229078056168819,0.00018714326639307288
1,81001,2,GP 表达式自身产生的状态,1,本轮最优路径,重启和可选上界处理后,0.22907813335917657,0.229078056168819,0.00018714326639307288
1,81001,3,GP 表达式自身产生的状态,1,本轮最优路径,更新前,0.24946119989655377,0.0,0.0
1,81001,3,GP 表达式自身产生的状态,1,本轮最优路径,蒸发和下界保护后,0.24946119989655377,0.0,0.0
1,81001,3,GP 表达式自身产生的状态,1,本轮最优路径,沉积后,0.24946119989655377,0.24946110530495855,0.00020085287092597287
1,81001,3,GP 表达式自身产生的状态,1,本轮最优路径,重启和可选上界处理后,0.24946119989655377,0.24946110530495855,0.00020085287092597287
1,81001,4,GP 表达式自身产生的状态,1,本轮最优路径,更新前,0.2488596038519766,0.0,0.0
1,81001,4,GP 表达式自身产生的状态,1,本轮最优路径,蒸发和下界保护后,0.2488596038519766,0.0,0.0
1,81001,4,GP 表达式自身产生的状态,1,本轮最优路径,沉积后,0.2488596038519766,0.24885956900445422,0.0002021425830634353
1,81001,4,GP 表达式自身产生的状态,1,本轮最优路径,重启和可选上界处理后,0.2488596038519766,0.24885956900445422,0.0002021425830634353
1,81001,5,GP 表达式自身产生的状态,1,本轮最优路径,更新前,0.24622783438361706,0.0,0.0
1,81001,5,GP 表达式自身产生的状态,1,本轮最优路径,蒸发和下界保护后,0.24622783438361706,0.0,0.0
1,81001,5,GP 表达式自身产生的状态,1,本轮最优路径,沉积后,0.24622783438361706,0.24622790316267473,0.0002020052110662795
1,81001,5,GP 表达式自身产生的状态,1,本轮最优路径,重启和可选上界处理后,0.24622783438361706,0.24622790316267473,0.0002020052110662795
1,81001,6,GP 表达式自身产生的状态,1,本轮最优路径,更新前,0.23695365373577476,0.0,0.0
1,81001,6,GP 表达式自身产生的状态,1,本轮最优路径,蒸发和下界保护后,0.23695365373577476,0.0,0.0
1,81001,6,GP 表达式自身产生的状态,1,本轮最优路径,沉积后,0.23695365373577476,0.23695349491233347,0.00018921205859728825
1,81001,6,GP 表达式自身产生的状态,1,本轮最优路径,重启和可选上界处理后,0.23695365373577476,0.23695349491233347,0.00018921205859728825
1,81001,7,GP 表达式自身产生的状态,1,本轮最优路径,更新前,0.22937360708984622,0.0,0.0
1,81001,7,GP 表达式自身产生的状态,1,本轮最优路径,蒸发和下界保护后,0.22937360708984622,0.0,0.0
1,81001,7,GP 表达式自身产生的状态,1,本轮最优路径,沉积后,0.22937360708984622,0.22937348013826175,0.00018489040050484874
1,81001,7,GP 表达式自身产生的状态,1,本轮最优路径,重启和可选上界处理后,0.22937360708984622,0.22937348013826175,0.00018489040050484874
1,81001,0,GP 表达式自身产生的状态,1,历史重启阶段最优路径,更新前,0.23077961200290611,0.0,0.0
1,81001,0,GP 表达式自身产生的状态,1,历史重启阶段最优路径,蒸发和下界保护后,0.23077961200290611,0.0,0.0
1,81001,0,GP 表达式自身产生的状态,1,历史重启阶段最优路径,沉积后,0.23077961200290611,0.23077961030464422,0.0001864557397390384
1,81001,0,GP 表达式自身产生的状态,1,历史重启阶段最优路径,重启和可选上界处理后,0.23077961200290611,0.23077961030464422,0.0001864557397390384
1,81001,1,GP 表达式自身产生的状态,1,历史重启阶段最优路径,更新前,0.25719024424975245,0.0,0.0
1,81001,1,GP 表达式自身产生的状态,1,历史重启阶段最优路径,蒸发和下界保护后,0.25719024424975245,0.0,0.0
1,81001,1,GP 表达式自身产生的状态,1,历史重启阶段最优路径,沉积后,0.25719024424975245,0.2571902920231722,0.00020665390914462796
1,81001,1,GP 表达式自身产生的状态,1,历史重启阶段最优路径,重启和可选上界处理后,0.25719024424975245,0.2571902920231722,0.00020665390914462796
1,81001,2,GP 表达式自身产生的状态,1,历史重启阶段最优路径,更新前,0.22907813335917657,0.0,0.0
1,81001,2,GP 表达式自身产生的状态,1,历史重启阶段最优路径,蒸发和下界保护后,0.22907813335917657,0.0,0.0
1,81001,2,GP 表达式自身产生的状态,1,历史重启阶段最优路径,沉积后,0.22907813335917657,0.229078056168819,0.00018714326639307288
1,81001,2,GP 表达式自身产生的状态,1,历史重启阶段最优路径,重启和可选上界处理后,0.22907813335917657,0.229078056168819,0.00018714326639307288
1,81001,3,GP 表达式自身产生的状态,1,历史重启阶段最优路径,更新前,0.24946119989655377,0.0,0.0
1,81001,3,GP 表达式自身产生的状态,1,历史重启阶段最优路径,蒸发和下界保护后,0.24946119989655377,0.0,0.0
1,81001,3,GP 表达式自身产生的状态,1,历史重启阶段最优路径,沉积后,0.24946119989655377,0.24946110530495855,0.00020085287092597287
1,81001,3,GP 表达式自身产生的状态,1,历史重启阶段最优路径,重启和可选上界处理后,0.24946119989655377,0.24946110530495855,0.00020085287092597287
1,81001,4,GP 表达式自身产生的状态,1,历史重启阶段最优路径,更新前,0.2488596038519766,0.0,0.0
1,81001,4,GP 表达式自身产生的状态,1,历史重启阶段最优路径,蒸发和下界保护后,0.2488596038519766,0.0,0.0
1,81001,4,GP 表达式自身产生的状态,1,历史重启阶段最优路径,沉积后,0.2488596038519766,0.24885956900445422,0.0002021425830634353
1,81001,4,GP 表达式自身产生的状态,1,历史重启阶段最优路径,重启和可选上界处理后,0.2488596038519766,0.24885956900445422,0.0002021425830634353
1,81001,5,GP 表达式自身产生的状态,1,历史重启阶段最优路径,更新前,0.24622783438361706,0.0,0.0
1,81001,5,GP 表达式自身产生的状态,1,历史重启阶段最优路径,蒸发和下界保护后,0.24622783438361706,0.0,0.0
1,81001,5,GP 表达式自身产生的状态,1,历史重启阶段最优路径,沉积后,0.24622783438361706,0.24622790316267473,0.0002020052110662795
1,81001,5,GP 表达式自身产生的状态,1,历史重启阶段最优路径,重启和可选上界处理后,0.24622783438361706,0.24622790316267473,0.0002020052110662795
1,81001,6,GP 表达式自身产生的状态,1,历史重启阶段最优路径,更新前,0.23695365373577476,0.0,0.0
1,81001,6,GP 表达式自身产生的状态,1,历史重启阶段最优路径,蒸发和下界保护后,0.23695365373577476,0.0,0.0
1,81001,6,GP 表达式自身产生的状态,1,历史重启阶段最优路径,沉积后,0.23695365373577476,0.23695349491233347,0.00018921205859728825
1,81001,6,GP 表达式自身产生的状态,1,历史重启阶段最优路径,重启和可选上界处理后,0.23695365373577476,0.23695349491233347,0.00018921205859728825
1,81001,7,GP 表达式自身产生的状态,1,历史重启阶段最优路径,更新前,0.22937360708984622,0.0,0.0
1,81001,7,GP 表达式自身产生的状态,1,历史重启阶段最优路径,蒸发和下界保护后,0.22937360708984622,0.0,0.0
1,81001,7,GP 表达式自身产生的状态,1,历史重启阶段最优路径,沉积后,0.22937360708984622,0.22937348013826175,0.00018489040050484874
1,81001,7,GP 表达式自身产生的状态,1,历史重启阶段最优路径,重启和可选上界处理后,0.22937360708984622,0.22937348013826175,0.00018489040050484874
1,81001,0,GP 表达式自身产生的状态,1,历史全局最优路径,更新前,0.23077961200290611,0.0,0.0
1,81001,0,GP 表达式自身产生的状态,1,历史全局最优路径,蒸发和下界保护后,0.23077961200290611,0.0,0.0
1,81001,0,GP 表达式自身产生的状态,1,历史全局最优路径,沉积后,0.23077961200290611,0.23077961030464422,0.0001864557397390384
1,81001,0,GP 表达式自身产生的状态,1,历史全局最优路径,重启和可选上界处理后,0.23077961200290611,0.23077961030464422,0.0001864557397390384
1,81001,1,GP 表达式自身产生的状态,1,历史全局最优路径,更新前,0.25719024424975245,0.0,0.0
1,81001,1,GP 表达式自身产生的状态,1,历史全局最优路径,蒸发和下界保护后,0.25719024424975245,0.0,0.0
1,81001,1,GP 表达式自身产生的状态,1,历史全局最优路径,沉积后,0.25719024424975245,0.2571902920231722,0.00020665390914462796
1,81001,1,GP 表达式自身产生的状态,1,历史全局最优路径,重启和可选上界处理后,0.25719024424975245,0.2571902920231722,0.00020665390914462796
1,81001,2,GP 表达式自身产生的状态,1,历史全局最优路径,更新前,0.22907813335917657,0.0,0.0
1,81001,2,GP 表达式自身产生的状态,1,历史全局最优路径,蒸发和下界保护后,0.22907813335917657,0.0,0.0
1,81001,2,GP 表达式自身产生的状态,1,历史全局最优路径,沉积后,0.22907813335917657,0.229078056168819,0.00018714326639307288
1,81001,2,GP 表达式自身产生的状态,1,历史全局最优路径,重启和可选上界处理后,0.22907813335917657,0.229078056168819,0.00018714326639307288
1,81001,3,GP 表达式自身产生的状态,1,历史全局最优路径,更新前,0.24946119989655377,0.0,0.0
1,81001,3,GP 表达式自身产生的状态,1,历史全局最优路径,蒸发和下界保护后,0.24946119989655377,0.0,0.0
1,81001,3,GP 表达式自身产生的状态,1,历史全局最优路径,沉积后,0.24946119989655377,0.24946110530495855,0.00020085287092597287
1,81001,3,GP 表达式自身产生的状态,1,历史全局最优路径,重启和可选上界处理后,0.24946119989655377,0.24946110530495855,0.00020085287092597287
1,81001,4,GP 表达式自身产生的状态,1,历史全局最优路径,更新前,0.2488596038519766,0.0,0.0
1,81001,4,GP 表达式自身产生的状态,1,历史全局最优路径,蒸发和下界保护后,0.2488596038519766,0.0,0.0
1,81001,4,GP 表达式自身产生的状态,1,历史全局最优路径,沉积后,0.2488596038519766,0.24885956900445422,0.0002021425830634353
1,81001,4,GP 表达式自身产生的状态,1,历史全局最优路径,重启和可选上界处理后,0.2488596038519766,0.24885956900445422,0.0002021425830634353
1,81001,5,GP 表达式自身产生的状态,1,历史全局最优路径,更新前,0.24622783438361706,0.0,0.0
1,81001,5,GP 表达式自身产生的状态,1,历史全局最优路径,蒸发和下界保护后,0.24622783438361706,0.0,0.0
1,81001,5,GP 表达式自身产生的状态,1,历史全局最优路径,沉积后,0.24622783438361706,0.24622790316267473,0.0002020052110662795
1,81001,5,GP 表达式自身产生的状态,1,历史全局最优路径,重启和可选上界处理后,0.24622783438361706,0.24622790316267473,0.0002020052110662795
1,81001,6,GP 表达式自身产生的状态,1,历史全局最优路径,更新前,0.23695365373577476,0.0,0.0
1,81001,6,GP 表达式自身产生的状态,1,历史全局最优路径,蒸发和下界保护后,0.23695365373577476,0.0,0.0
1,81001,6,GP 表达式自身产生的状态,1,历史全局最优路径,沉积后,0.23695365373577476,0.23695349491233347,0.00018921205859728825
1,81001,6,GP 表达式自身产生的状态,1,历史全局最优路径,重启和可选上界处理后,0.23695365373577476,0.23695349491233347,0.00018921205859728825
1,81001,7,GP 表达式自身产生的状态,1,历史全局最优路径,更新前,0.22937360708984622,0.0,0.0
1,81001,7,GP 表达式自身产生的状态,1,历史全局最优路径,蒸发和下界保护后,0.22937360708984622,0.0,0.0
1,81001,7,GP 表达式自身产生的状态,1,历史全局最优路径,沉积后,0.22937360708984622,0.22937348013826175,0.00018489040050484874
1,81001,7,GP 表达式自身产生的状态,1,历史全局最优路径,重启和可选上界处理后,0.22937360708984622,0.22937348013826175,0.00018489040050484874
1,81002,0,GP 表达式自身产生的状态,1,本轮最优路径,更新前,0.16237836168104114,0.0,0.0
1,81002,0,GP 表达式自身产生的状态,1,本轮最优路径,蒸发和下界保护后,0.16237836168104114,0.0,0.0
1,81002,0,GP 表达式自身产生的状态,1,本轮最优路径,沉积后,0.16237836168104114,0.1623783906885414,0.00013057245255265556
1,81002,0,GP 表达式自身产生的状态,1,本轮最优路径,重启和可选上界处理后,0.16237836168104114,0.1623783906885414,0.00013057245255265556
1,81002,1,GP 表达式自身产生的状态,1,本轮最优路径,更新前,0.14766439713602114,0.0,0.0
1,81002,1,GP 表达式自身产生的状态,1,本轮最优路径,蒸发和下界保护后,0.14766439713602114,0.0,0.0
1,81002,1,GP 表达式自身产生的状态,1,本轮最优路径,沉积后,0.14766439713602114,0.1476643891567686,0.00011939050149632008
1,81002,1,GP 表达式自身产生的状态,1,本轮最优路径,重启和可选上界处理后,0.14766439713602114,0.1476643891567686,0.00011939050149632008
1,81002,2,GP 表达式自身产生的状态,1,本轮最优路径,更新前,0.14918113912272676,0.0,0.0
1,81002,2,GP 表达式自身产生的状态,1,本轮最优路径,蒸发和下界保护后,0.14918113912272676,0.0,0.0
1,81002,2,GP 表达式自身产生的状态,1,本轮最优路径,沉积后,0.14918113912272676,0.14918114529718376,0.00012199115650655799
1,81002,2,GP 表达式自身产生的状态,1,本轮最优路径,重启和可选上界处理后,0.14918113912272676,0.14918114529718376,0.00012199115650655799
1,81002,3,GP 表达式自身产生的状态,1,本轮最优路径,更新前,0.1537577121420763,0.0,0.0
1,81002,3,GP 表达式自身产生的状态,1,本轮最优路径,蒸发和下界保护后,0.1537577121420763,0.0,0.0
1,81002,3,GP 表达式自身产生的状态,1,本轮最优路径,沉积后,0.1537577121420763,0.15375768351783084,0.00012468315609975088
1,81002,3,GP 表达式自身产生的状态,1,本轮最优路径,重启和可选上界处理后,0.1537577121420763,0.15375768351783084,0.00012468315609975088
1,81002,4,GP 表达式自身产生的状态,1,本轮最优路径,更新前,0.1537954346390074,0.0,0.0
1,81002,4,GP 表达式自身产生的状态,1,本轮最优路径,蒸发和下界保护后,0.1537954346390074,0.0,0.0
1,81002,4,GP 表达式自身产生的状态,1,本轮最优路径,沉积后,0.1537954346390074,0.15379547060187557,0.0001232682770178602
1,81002,4,GP 表达式自身产生的状态,1,本轮最优路径,重启和可选上界处理后,0.1537954346390074,0.15379547060187557,0.0001232682770178602
1,81002,5,GP 表达式自身产生的状态,1,本轮最优路径,更新前,0.15193849566349976,0.0,0.0
1,81002,5,GP 表达式自身产生的状态,1,本轮最优路径,蒸发和下界保护后,0.15193849566349976,0.0,0.0
1,81002,5,GP 表达式自身产生的状态,1,本轮最优路径,沉积后,0.15193849566349976,0.15193845335400727,0.00012578479444717887
1,81002,5,GP 表达式自身产生的状态,1,本轮最优路径,重启和可选上界处理后,0.15193849566349976,0.15193845335400727,0.00012578479444717887
1,81002,6,GP 表达式自身产生的状态,1,本轮最优路径,更新前,0.15167645541382263,0.0,0.0
1,81002,6,GP 表达式自身产生的状态,1,本轮最优路径,蒸发和下界保护后,0.15167645541382263,0.0,0.0
1,81002,6,GP 表达式自身产生的状态,1,本轮最优路径,沉积后,0.15167645541382263,0.1516764369878984,0.00012191064276312382
1,81002,6,GP 表达式自身产生的状态,1,本轮最优路径,重启和可选上界处理后,0.15167645541382263,0.1516764369878984,0.00012191064276312382
1,81002,7,GP 表达式自身产生的状态,1,本轮最优路径,更新前,0.15111957533280726,0.0,0.0
1,81002,7,GP 表达式自身产生的状态,1,本轮最优路径,蒸发和下界保护后,0.15111957533280726,0.0,0.0
1,81002,7,GP 表达式自身产生的状态,1,本轮最优路径,沉积后,0.15111957533280726,0.15111955822569897,0.0001217781835048077
1,81002,7,GP 表达式自身产生的状态,1,本轮最优路径,重启和可选上界处理后,0.15111957533280726,0.15111955822569897,0.0001217781835048077
1,81002,0,GP 表达式自身产生的状态,1,历史重启阶段最优路径,更新前,0.16237836168104114,0.0,0.0
1,81002,0,GP 表达式自身产生的状态,1,历史重启阶段最优路径,蒸发和下界保护后,0.16237836168104114,0.0,0.0
1,81002,0,GP 表达式自身产生的状态,1,历史重启阶段最优路径,沉积后,0.16237836168104114,0.1623783906885414,0.00013057245255265556
1,81002,0,GP 表达式自身产生的状态,1,历史重启阶段最优路径,重启和可选上界处理后,0.16237836168104114,0.1623783906885414,0.00013057245255265556
1,81002,1,GP 表达式自身产生的状态,1,历史重启阶段最优路径,更新前,0.14766439713602114,0.0,0.0
1,81002,1,GP 表达式自身产生的状态,1,历史重启阶段最优路径,蒸发和下界保护后,0.14766439713602114,0.0,0.0
1,81002,1,GP 表达式自身产生的状态,1,历史重启阶段最优路径,沉积后,0.14766439713602114,0.1476643891567686,0.00011939050149632008
1,81002,1,GP 表达式自身产生的状态,1,历史重启阶段最优路径,重启和可选上界处理后,0.14766439713602114,0.1476643891567686,0.00011939050149632008
1,81002,2,GP 表达式自身产生的状态,1,历史重启阶段最优路径,更新前,0.14918113912272676,0.0,0.0
1,81002,2,GP 表达式自身产生的状态,1,历史重启阶段最优路径,蒸发和下界保护后,0.14918113912272676,0.0,0.0
1,81002,2,GP 表达式自身产生的状态,1,历史重启阶段最优路径,沉积后,0.14918113912272676,0.14918114529718376,0.00012199115650655799
1,81002,2,GP 表达式自身产生的状态,1,历史重启阶段最优路径,重启和可选上界处理后,0.14918113912272676,0.14918114529718376,0.00012199115650655799
1,81002,3,GP 表达式自身产生的状态,1,历史重启阶段最优路径,更新前,0.1537577121420763,0.0,0.0
1,81002,3,GP 表达式自身产生的状态,1,历史重启阶段最优路径,蒸发和下界保护后,0.1537577121420763,0.0,0.0
1,81002,3,GP 表达式自身产生的状态,1,历史重启阶段最优路径,沉积后,0.1537577121420763,0.15375768351783084,0.00012468315609975088
1,81002,3,GP 表达式自身产生的状态,1,历史重启阶段最优路径,重启和可选上界处理后,0.1537577121420763,0.15375768351783084,0.00012468315609975088
1,81002,4,GP 表达式自身产生的状态,1,历史重启阶段最优路径,更新前,0.1537954346390074,0.0,0.0
1,81002,4,GP 表达式自身产生的状态,1,历史重启阶段最优路径,蒸发和下界保护后,0.1537954346390074,0.0,0.0
1,81002,4,GP 表达式自身产生的状态,1,历史重启阶段最优路径,沉积后,0.1537954346390074,0.15379547060187557,0.0001232682770178602
1,81002,4,GP 表达式自身产生的状态,1,历史重启阶段最优路径,重启和可选上界处理后,0.1537954346390074,0.15379547060187557,0.0001232682770178602
1,81002,5,GP 表达式自身产生的状态,1,历史重启阶段最优路径,更新前,0.15193849566349976,0.0,0.0
1,81002,5,GP 表达式自身产生的状态,1,历史重启阶段最优路径,蒸发和下界保护后,0.15193849566349976,0.0,0.0
1,81002,5,GP 表达式自身产生的状态,1,历史重启阶段最优路径,沉积后,0.15193849566349976,0.15193845335400727,0.00012578479444717887
1,81002,5,GP 表达式自身产生的状态,1,历史重启阶段最优路径,重启和可选上界处理后,0.15193849566349976,0.15193845335400727,0.00012578479444717887
1,81002,6,GP 表达式自身产生的状态,1,历史重启阶段最优路径,更新前,0.15167645541382263,0.0,0.0
1,81002,6,GP 表达式自身产生的状态,1,历史重启阶段最优路径,蒸发和下界保护后,0.15167645541382263,0.0,0.0
1,81002,6,GP 表达式自身产生的状态,1,历史重启阶段最优路径,沉积后,0.15167645541382263,0.1516764369878984,0.00012191064276312382
1,81002,6,GP 表达式自身产生的状态,1,历史重启阶段最优路径,重启和可选上界处理后,0.15167645541382263,0.1516764369878984,0.00012191064276312382
1,81002,7,GP 表达式自身产生的状态,1,历史重启阶段最优路径,更新前,0.15111957533280726,0.0,0.0
1,81002,7,GP 表达式自身产生的状态,1,历史重启阶段最优路径,蒸发和下界保护后,0.15111957533280726,0.0,0.0
1,81002,7,GP 表达式自身产生的状态,1,历史重启阶段最优路径,沉积后,0.15111957533280726,0.15111955822569897,0.0001217781835048077
1,81002,7,GP 表达式自身产生的状态,1,历史重启阶段最优路径,重启和可选上界处理后,0.15111957533280726,0.15111955822569897,0.0001217781835048077
1,81002,0,GP 表达式自身产生的状态,1,历史全局最优路径,更新前,0.16237836168104114,0.0,0.0
1,81002,0,GP 表达式自身产生的状态,1,历史全局最优路径,蒸发和下界保护后,0.16237836168104114,0.0,0.0
1,81002,0,GP 表达式自身产生的状态,1,历史全局最优路径,沉积后,0.16237836168104114,0.1623783906885414,0.00013057245255265556
1,81002,0,GP 表达式自身产生的状态,1,历史全局最优路径,重启和可选上界处理后,0.16237836168104114,0.1623783906885414,0.00013057245255265556
1,81002,1,GP 表达式自身产生的状态,1,历史全局最优路径,更新前,0.14766439713602114,0.0,0.0
1,81002,1,GP 表达式自身产生的状态,1,历史全局最优路径,蒸发和下界保护后,0.14766439713602114,0.0,0.0
1,81002,1,GP 表达式自身产生的状态,1,历史全局最优路径,沉积后,0.14766439713602114,0.1476643891567686,0.00011939050149632008
1,81002,1,GP 表达式自身产生的状态,1,历史全局最优路径,重启和可选上界处理后,0.14766439713602114,0.1476643891567686,0.00011939050149632008
1,81002,2,GP 表达式自身产生的状态,1,历史全局最优路径,更新前,0.14918113912272676,0.0,0.0
1,81002,2,GP 表达式自身产生的状态,1,历史全局最优路径,蒸发和下界保护后,0.14918113912272676,0.0,0.0
1,81002,2,GP 表达式自身产生的状态,1,历史全局最优路径,沉积后,0.14918113912272676,0.14918114529718376,0.00012199115650655799
1,81002,2,GP 表达式自身产生的状态,1,历史全局最优路径,重启和可选上界处理后,0.14918113912272676,0.14918114529718376,0.00012199115650655799
1,81002,3,GP 表达式自身产生的状态,1,历史全局最优路径,更新前,0.1537577121420763,0.0,0.0
1,81002,3,GP 表达式自身产生的状态,1,历史全局最优路径,蒸发和下界保护后,0.1537577121420763,0.0,0.0
1,81002,3,GP 表达式自身产生的状态,1,历史全局最优路径,沉积后,0.1537577121420763,0.15375768351783084,0.00012468315609975088
1,81002,3,GP 表达式自身产生的状态,1,历史全局最优路径,重启和可选上界处理后,0.1537577121420763,0.15375768351783084,0.00012468315609975088
1,81002,4,GP 表达式自身产生的状态,1,历史全局最优路径,更新前,0.1537954346390074,0.0,0.0
1,81002,4,GP 表达式自身产生的状态,1,历史全局最优路径,蒸发和下界保护后,0.1537954346390074,0.0,0.0
1,81002,4,GP 表达式自身产生的状态,1,历史全局最优路径,沉积后,0.1537954346390074,0.15379547060187557,0.0001232682770178602
1,81002,4,GP 表达式自身产生的状态,1,历史全局最优路径,重启和可选上界处理后,0.1537954346390074,0.15379547060187557,0.0001232682770178602
1,81002,5,GP 表达式自身产生的状态,1,历史全局最优路径,更新前,0.15193849566349976,0.0,0.0
1,81002,5,GP 表达式自身产生的状态,1,历史全局最优路径,蒸发和下界保护后,0.15193849566349976,0.0,0.0
1,81002,5,GP 表达式自身产生的状态,1,历史全局最优路径,沉积后,0.15193849566349976,0.15193845335400727,0.00012578479444717887
1,81002,5,GP 表达式自身产生的状态,1,历史全局最优路径,重启和可选上界处理后,0.15193849566349976,0.15193845335400727,0.00012578479444717887
1,81002,6,GP 表达式自身产生的状态,1,历史全局最优路径,更新前,0.15167645541382263,0.0,0.0
1,81002,6,GP 表达式自身产生的状态,1,历史全局最优路径,蒸发和下界保护后,0.15167645541382263,0.0,0.0
1,81002,6,GP 表达式自身产生的状态,1,历史全局最优路径,沉积后,0.15167645541382263,0.1516764369878984,0.00012191064276312382
1,81002,6,GP 表达式自身产生的状态,1,历史全局最优路径,重启和可选上界处理后,0.15167645541382263,0.1516764369878984,0.00012191064276312382
1,81002,7,GP 表达式自身产生的状态,1,历史全局最优路径,更新前,0.15111957533280726,0.0,0.0
1,81002,7,GP 表达式自身产生的状态,1,历史全局最优路径,蒸发和下界保护后,0.15111957533280726,0.0,0.0
1,81002,7,GP 表达式自身产生的状态,1,历史全局最优路径,沉积后,0.15111957533280726,0.15111955822569897,0.0001217781835048077
1,81002,7,GP 表达式自身产生的状态,1,历史全局最优路径,重启和可选上界处理后,0.15111957533280726,0.15111955822569897,0.0001217781835048077
1,81003,0,GP 表达式自身产生的状态,1,本轮最优路径,更新前,0.21408330843698842,0.0,0.0
1,81003,0,GP 表达式自身产生的状态,1,本轮最优路径,蒸发和下界保护后,0.21408330843698842,0.0,0.0
1,81003,0,GP 表达式自身产生的状态,1,本轮最优路径,沉积后,0.21408330843698842,0.21408331431558722,0.00017296615885521575
1,81003,0,GP 表达式自身产生的状态,1,本轮最优路径,重启和可选上界处理后,0.21408330843698842,0.21408331431558722,0.00017296615885521575
1,81003,1,GP 表达式自身产生的状态,1,本轮最优路径,更新前,0.23957880431501133,0.0,0.0
1,81003,1,GP 表达式自身产生的状态,1,本轮最优路径,蒸发和下界保护后,0.23957880431501133,0.0,0.0
1,81003,1,GP 表达式自身产生的状态,1,本轮最优路径,沉积后,0.23957880431501133,0.23957883736832972,0.00019250300196412427
1,81003,1,GP 表达式自身产生的状态,1,本轮最优路径,重启和可选上界处理后,0.23957880431501133,0.23957883736832972,0.00019250300196412427
1,81003,2,GP 表达式自身产生的状态,1,本轮最优路径,更新前,0.21270214258424855,0.0,0.0
1,81003,2,GP 表达式自身产生的状态,1,本轮最优路径,蒸发和下界保护后,0.21270214258424855,0.0,0.0
1,81003,2,GP 表达式自身产生的状态,1,本轮最优路径,沉积后,0.21270214258424855,0.21270210734231357,0.0001737650816601819
1,81003,2,GP 表达式自身产生的状态,1,本轮最优路径,重启和可选上界处理后,0.21270214258424855,0.21270210734231357,0.0001737650816601819
1,81003,3,GP 表达式自身产生的状态,1,本轮最优路径,更新前,0.23136881719361796,0.0,0.0
1,81003,3,GP 表达式自身产生的状态,1,本轮最优路径,蒸发和下界保护后,0.23136881719361796,0.0,0.0
1,81003,3,GP 表达式自身产生的状态,1,本轮最优路径,沉积后,0.23136881719361796,0.23136872074207562,0.00018628584102001037
1,81003,3,GP 表达式自身产生的状态,1,本轮最优路径,重启和可选上界处理后,0.23136881719361796,0.23136872074207562,0.00018628584102001037
1,81003,4,GP 表达式自身产生的状态,1,本轮最优路径,更新前,0.231242071282364,0.0,0.0
1,81003,4,GP 表达式自身产生的状态,1,本轮最优路径,蒸发和下界保护后,0.231242071282364,0.0,0.0
1,81003,4,GP 表达式自身产生的状态,1,本轮最优路径,沉积后,0.231242071282364,0.23124206681473292,0.00018783231396668119
1,81003,4,GP 表达式自身产生的状态,1,本轮最优路径,重启和可选上界处理后,0.231242071282364,0.23124206681473292,0.00018783231396668119
1,81003,5,GP 表达式自身产生的状态,1,本轮最优路径,更新前,0.22816283424358808,0.0,0.0
1,81003,5,GP 表达式自身产生的状态,1,本轮最优路径,蒸发和下界保护后,0.22816283424358808,0.0,0.0
1,81003,5,GP 表达式自身产生的状态,1,本轮最优路径,沉积后,0.22816283424358808,0.22816282983134664,0.00018718463669452841
1,81003,5,GP 表达式自身产生的状态,1,本轮最优路径,重启和可选上界处理后,0.22816283424358808,0.22816282983134664,0.00018718463669452841
1,81003,6,GP 表达式自身产生的状态,1,本轮最优路径,更新前,0.219409132171079,0.0,0.0
1,81003,6,GP 表达式自身产生的状态,1,本轮最优路径,蒸发和下界保护后,0.219409132171079,0.0,0.0
1,81003,6,GP 表达式自身产生的状态,1,本轮最优路径,沉积后,0.219409132171079,0.2194090101800476,0.00017520244006664502
1,81003,6,GP 表达式自身产生的状态,1,本轮最优路径,重启和可选上界处理后,0.219409132171079,0.2194090101800476,0.00017520244006664502
1,81003,7,GP 表达式自身产生的状态,1,本轮最优路径,更新前,0.21305897871930032,0.0,0.0
1,81003,7,GP 表达式自身产生的状态,1,本轮最优路径,蒸发和下界保护后,0.21305897871930032,0.0,0.0
1,81003,7,GP 表达式自身产生的状态,1,本轮最优路径,沉积后,0.21305897871930032,0.21305890018034082,0.00017173975544915117
1,81003,7,GP 表达式自身产生的状态,1,本轮最优路径,重启和可选上界处理后,0.21305897871930032,0.21305890018034082,0.00017173975544915117
1,81003,0,GP 表达式自身产生的状态,1,历史重启阶段最优路径,更新前,0.21408330843698842,0.0,0.0
1,81003,0,GP 表达式自身产生的状态,1,历史重启阶段最优路径,蒸发和下界保护后,0.21408330843698842,0.0,0.0
1,81003,0,GP 表达式自身产生的状态,1,历史重启阶段最优路径,沉积后,0.21408330843698842,0.21408331431558722,0.00017296615885521575
1,81003,0,GP 表达式自身产生的状态,1,历史重启阶段最优路径,重启和可选上界处理后,0.21408330843698842,0.21408331431558722,0.00017296615885521575
1,81003,1,GP 表达式自身产生的状态,1,历史重启阶段最优路径,更新前,0.23957880431501133,0.0,0.0
1,81003,1,GP 表达式自身产生的状态,1,历史重启阶段最优路径,蒸发和下界保护后,0.23957880431501133,0.0,0.0
1,81003,1,GP 表达式自身产生的状态,1,历史重启阶段最优路径,沉积后,0.23957880431501133,0.23957883736832972,0.00019250300196412427
1,81003,1,GP 表达式自身产生的状态,1,历史重启阶段最优路径,重启和可选上界处理后,0.23957880431501133,0.23957883736832972,0.00019250300196412427
1,81003,2,GP 表达式自身产生的状态,1,历史重启阶段最优路径,更新前,0.21270214258424855,0.0,0.0
1,81003,2,GP 表达式自身产生的状态,1,历史重启阶段最优路径,蒸发和下界保护后,0.21270214258424855,0.0,0.0
1,81003,2,GP 表达式自身产生的状态,1,历史重启阶段最优路径,沉积后,0.21270214258424855,0.21270210734231357,0.0001737650816601819
1,81003,2,GP 表达式自身产生的状态,1,历史重启阶段最优路径,重启和可选上界处理后,0.21270214258424855,0.21270210734231357,0.0001737650816601819
1,81003,3,GP 表达式自身产生的状态,1,历史重启阶段最优路径,更新前,0.23136881719361796,0.0,0.0
1,81003,3,GP 表达式自身产生的状态,1,历史重启阶段最优路径,蒸发和下界保护后,0.23136881719361796,0.0,0.0
1,81003,3,GP 表达式自身产生的状态,1,历史重启阶段最优路径,沉积后,0.23136881719361796,0.23136872074207562,0.00018628584102001037
1,81003,3,GP 表达式自身产生的状态,1,历史重启阶段最优路径,重启和可选上界处理后,0.23136881719361796,0.23136872074207562,0.00018628584102001037
1,81003,4,GP 表达式自身产生的状态,1,历史重启阶段最优路径,更新前,0.231242071282364,0.0,0.0
1,81003,4,GP 表达式自身产生的状态,1,历史重启阶段最优路径,蒸发和下界保护后,0.231242071282364,0.0,0.0
1,81003,4,GP 表达式自身产生的状态,1,历史重启阶段最优路径,沉积后,0.231242071282364,0.23124206681473292,0.00018783231396668119
1,81003,4,GP 表达式自身产生的状态,1,历史重启阶段最优路径,重启和可选上界处理后,0.231242071282364,0.23124206681473292,0.00018783231396668119
1,81003,5,GP 表达式自身产生的状态,1,历史重启阶段最优路径,更新前,0.22816283424358808,0.0,0.0
1,81003,5,GP 表达式自身产生的状态,1,历史重启阶段最优路径,蒸发和下界保护后,0.22816283424358808,0.0,0.0
1,81003,5,GP 表达式自身产生的状态,1,历史重启阶段最优路径,沉积后,0.22816283424358808,0.22816282983134664,0.00018718463669452841
1,81003,5,GP 表达式自身产生的状态,1,历史重启阶段最优路径,重启和可选上界处理后,0.22816283424358808,0.22816282983134664,0.00018718463669452841
1,81003,6,GP 表达式自身产生的状态,1,历史重启阶段最优路径,更新前,0.219409132171079,0.0,0.0
1,81003,6,GP 表达式自身产生的状态,1,历史重启阶段最优路径,蒸发和下界保护后,0.219409132171079,0.0,0.0
1,81003,6,GP 表达式自身产生的状态,1,历史重启阶段最优路径,沉积后,0.219409132171079,0.2194090101800476,0.00017520244006664502
1,81003,6,GP 表达式自身产生的状态,1,历史重启阶段最优路径,重启和可选上界处理后,0.219409132171079,0.2194090101800476,0.00017520244006664502
1,81003,7,GP 表达式自身产生的状态,1,历史重启阶段最优路径,更新前,0.21305897871930032,0.0,0.0
1,81003,7,GP 表达式自身产生的状态,1,历史重启阶段最优路径,蒸发和下界保护后,0.21305897871930032,0.0,0.0
1,81003,7,GP 表达式自身产生的状态,1,历史重启阶段最优路径,沉积后,0.21305897871930032,0.21305890018034082,0.00017173975544915117
1,81003,7,GP 表达式自身产生的状态,1,历史重启阶段最优路径,重启和可选上界处理后,0.21305897871930032,0.21305890018034082,0.00017173975544915117
1,81003,0,GP 表达式自身产生的状态,1,历史全局最优路径,更新前,0.21408330843698842,0.0,0.0
1,81003,0,GP 表达式自身产生的状态,1,历史全局最优路径,蒸发和下界保护后,0.21408330843698842,0.0,0.0
1,81003,0,GP 表达式自身产生的状态,1,历史全局最优路径,沉积后,0.21408330843698842,0.21408331431558722,0.00017296615885521575
1,81003,0,GP 表达式自身产生的状态,1,历史全局最优路径,重启和可选上界处理后,0.21408330843698842,0.21408331431558722,0.00017296615885521575
1,81003,1,GP 表达式自身产生的状态,1,历史全局最优路径,更新前,0.23957880431501133,0.0,0.0
1,81003,1,GP 表达式自身产生的状态,1,历史全局最优路径,蒸发和下界保护后,0.23957880431501133,0.0,0.0
1,81003,1,GP 表达式自身产生的状态,1,历史全局最优路径,沉积后,0.23957880431501133,0.23957883736832972,0.00019250300196412427
1,81003,1,GP 表达式自身产生的状态,1,历史全局最优路径,重启和可选上界处理后,0.23957880431501133,0.23957883736832972,0.00019250300196412427
1,81003,2,GP 表达式自身产生的状态,1,历史全局最优路径,更新前,0.21270214258424855,0.0,0.0
1,81003,2,GP 表达式自身产生的状态,1,历史全局最优路径,蒸发和下界保护后,0.21270214258424855,0.0,0.0
1,81003,2,GP 表达式自身产生的状态,1,历史全局最优路径,沉积后,0.21270214258424855,0.21270210734231357,0.0001737650816601819
1,81003,2,GP 表达式自身产生的状态,1,历史全局最优路径,重启和可选上界处理后,0.21270214258424855,0.21270210734231357,0.0001737650816601819
1,81003,3,GP 表达式自身产生的状态,1,历史全局最优路径,更新前,0.23136881719361796,0.0,0.0
1,81003,3,GP 表达式自身产生的状态,1,历史全局最优路径,蒸发和下界保护后,0.23136881719361796,0.0,0.0
1,81003,3,GP 表达式自身产生的状态,1,历史全局最优路径,沉积后,0.23136881719361796,0.23136872074207562,0.00018628584102001037
1,81003,3,GP 表达式自身产生的状态,1,历史全局最优路径,重启和可选上界处理后,0.23136881719361796,0.23136872074207562,0.00018628584102001037
1,81003,4,GP 表达式自身产生的状态,1,历史全局最优路径,更新前,0.231242071282364,0.0,0.0
1,81003,4,GP 表达式自身产生的状态,1,历史全局最优路径,蒸发和下界保护后,0.231242071282364,0.0,0.0
1,81003,4,GP 表达式自身产生的状态,1,历史全局最优路径,沉积后,0.231242071282364,0.23124206681473292,0.00018783231396668119
1,81003,4,GP 表达式自身产生的状态,1,历史全局最优路径,重启和可选上界处理后,0.231242071282364,0.23124206681473292,0.00018783231396668119
1,81003,5,GP 表达式自身产生的状态,1,历史全局最优路径,更新前,0.22816283424358808,0.0,0.0
1,81003,5,GP 表达式自身产生的状态,1,历史全局最优路径,蒸发和下界保护后,0.22816283424358808,0.0,0.0
1,81003,5,GP 表达式自身产生的状态,1,历史全局最优路径,沉积后,0.22816283424358808,0.22816282983134664,0.00018718463669452841
1,81003,5,GP 表达式自身产生的状态,1,历史全局最优路径,重启和可选上界处理后,0.22816283424358808,0.22816282983134664,0.00018718463669452841
1,81003,6,GP 表达式自身产生的状态,1,历史全局最优路径,更新前,0.219409132171079,0.0,0.0
1,81003,6,GP 表达式自身产生的状态,1,历史全局最优路径,蒸发和下界保护后,0.219409132171079,0.0,0.0
1,81003,6,GP 表达式自身产生的状态,1,历史全局最优路径,沉积后,0.219409132171079,0.2194090101800476,0.00017520244006664502
1,81003,6,GP 表达式自身产生的状态,1,历史全局最优路径,重启和可选上界处理后,0.219409132171079,0.2194090101800476,0.00017520244006664502
1,81003,7,GP 表达式自身产生的状态,1,历史全局最优路径,更新前,0.21305897871930032,0.0,0.0
1,81003,7,GP 表达式自身产生的状态,1,历史全局最优路径,蒸发和下界保护后,0.21305897871930032,0.0,0.0
1,81003,7,GP 表达式自身产生的状态,1,历史全局最优路径,沉积后,0.21305897871930032,0.21305890018034082,0.00017173975544915117
1,81003,7,GP 表达式自身产生的状态,1,历史全局最优路径,重启和可选上界处理后,0.21305897871930032,0.21305890018034082,0.00017173975544915117
1,81002,0,不使用 GP 产生的状态,100,本轮最优路径,更新前,0.05365799296950201,0.0,0.0
1,81002,0,不使用 GP 产生的状态,100,本轮最优路径,蒸发和下界保护后,0.05365799296950201,0.0,0.0
1,81002,0,不使用 GP 产生的状态,100,本轮最优路径,沉积后,0.05365799296950201,0.053658075353547066,4.607889173053969e-05
1,81002,0,不使用 GP 产生的状态,100,本轮最优路径,重启和可选上界处理后,0.05365799296950201,0.053658075353547066,4.607889173053969e-05
1,81002,1,不使用 GP 产生的状态,100,本轮最优路径,更新前,0.08791711627358034,0.0,0.0
1,81002,1,不使用 GP 产生的状态,100,本轮最优路径,蒸发和下界保护后,0.08791711627358034,0.0,0.0
1,81002,1,不使用 GP 产生的状态,100,本轮最优路径,沉积后,0.08791711627358034,0.08791707013960844,7.553773932416934e-05
1,81002,1,不使用 GP 产生的状态,100,本轮最优路径,重启和可选上界处理后,0.08791711627358034,0.08791707013960844,7.553773932416934e-05
1,81002,2,不使用 GP 产生的状态,100,本轮最优路径,更新前,0.08458683412224793,0.0,0.0
1,81002,2,不使用 GP 产生的状态,100,本轮最优路径,蒸发和下界保护后,0.08458683412224793,0.0,0.0
1,81002,2,不使用 GP 产生的状态,100,本轮最优路径,沉积后,0.08458683412224793,0.08458692261126784,7.448413632021941e-05
1,81002,2,不使用 GP 产生的状态,100,本轮最优路径,重启和可选上界处理后,0.08458683412224793,0.08458692261126784,7.448413632021941e-05
1,81002,3,不使用 GP 产生的状态,100,本轮最优路径,更新前,0.10286439742731766,0.0,0.0
1,81002,3,不使用 GP 产生的状态,100,本轮最优路径,蒸发和下界保护后,0.10286439742731766,0.0,0.0
1,81002,3,不使用 GP 产生的状态,100,本轮最优路径,沉积后,0.10286439742731766,0.10286439498400594,8.810024431089382e-05
1,81002,3,不使用 GP 产生的状态,100,本轮最优路径,重启和可选上界处理后,0.10286439742731766,0.10286439498400594,8.810024431089382e-05
1,81002,4,不使用 GP 产生的状态,100,本轮最优路径,更新前,0.04369690618567286,0.0,0.0
1,81002,4,不使用 GP 产生的状态,100,本轮最优路径,蒸发和下界保护后,0.04369690618567286,0.0,0.0
1,81002,4,不使用 GP 产生的状态,100,本轮最优路径,沉积后,0.04369690618567286,0.04369692422988923,3.826123912524516e-05
1,81002,4,不使用 GP 产生的状态,100,本轮最优路径,重启和可选上界处理后,0.04369690618567286,0.04369692422988923,3.826123912524516e-05
1,81002,5,不使用 GP 产生的状态,100,本轮最优路径,更新前,0.09610533703511792,0.0,0.0
1,81002,5,不使用 GP 产生的状态,100,本轮最优路径,蒸发和下界保护后,0.09610533703511792,0.0,0.0
1,81002,5,不使用 GP 产生的状态,100,本轮最优路径,沉积后,0.09610533703511792,0.09610540167701567,8.409027376220165e-05
1,81002,5,不使用 GP 产生的状态,100,本轮最优路径,重启和可选上界处理后,0.09610533703511792,0.09610540167701567,8.409027376220165e-05
1,81002,6,不使用 GP 产生的状态,100,本轮最优路径,更新前,0.08167313940327862,0.0,0.0
1,81002,6,不使用 GP 产生的状态,100,本轮最优路径,蒸发和下界保护后,0.08167313940327862,0.0,0.0
1,81002,6,不使用 GP 产生的状态,100,本轮最优路径,沉积后,0.08167313940327862,0.08167306494198222,7.090519866013856e-05
1,81002,6,不使用 GP 产生的状态,100,本轮最优路径,重启和可选上界处理后,0.08167313940327862,0.08167306494198222,7.090519866013856e-05
1,81002,7,不使用 GP 产生的状态,100,本轮最优路径,更新前,0.09235410857421812,0.0,0.0
1,81002,7,不使用 GP 产生的状态,100,本轮最优路径,蒸发和下界保护后,0.09235410857421812,0.0,0.0
1,81002,7,不使用 GP 产生的状态,100,本轮最优路径,沉积后,0.09235410857421812,0.09235405543160065,7.95021088311325e-05
1,81002,7,不使用 GP 产生的状态,100,本轮最优路径,重启和可选上界处理后,0.09235410857421812,0.09235405543160065,7.95021088311325e-05
1,81002,0,不使用 GP 产生的状态,100,历史重启阶段最优路径,更新前,0.05315783696423957,0.0,0.0
1,81002,0,不使用 GP 产生的状态,100,历史重启阶段最优路径,蒸发和下界保护后,0.05315783696423957,0.0,0.0
1,81002,0,不使用 GP 产生的状态,100,历史重启阶段最优路径,沉积后,0.05315783696423957,0.05315786746278774,4.564933802237567e-05
1,81002,0,不使用 GP 产生的状态,100,历史重启阶段最优路径,重启和可选上界处理后,0.05315783696423957,0.05315786746278774,4.564933802237567e-05
1,81002,1,不使用 GP 产生的状态,100,历史重启阶段最优路径,更新前,0.07201660619071676,0.0,0.0
1,81002,1,不使用 GP 产生的状态,100,历史重启阶段最优路径,蒸发和下界保护后,0.07201660619071676,0.0,0.0
1,81002,1,不使用 GP 产生的状态,100,历史重启阶段最优路径,沉积后,0.07201660619071676,0.07201645902592367,6.187604409827951e-05
1,81002,1,不使用 GP 产生的状态,100,历史重启阶段最优路径,重启和可选上界处理后,0.07201660619071676,0.07201645902592367,6.187604409827951e-05
1,81002,2,不使用 GP 产生的状态,100,历史重启阶段最优路径,更新前,0.06745233729925722,0.0,0.0
1,81002,2,不使用 GP 产生的状态,100,历史重启阶段最优路径,蒸发和下界保护后,0.06745233729925722,0.0,0.0
1,81002,2,不使用 GP 产生的状态,100,历史重启阶段最优路径,沉积后,0.06745233729925722,0.06745246805450168,5.939616515895663e-05
1,81002,2,不使用 GP 产生的状态,100,历史重启阶段最优路径,重启和可选上界处理后,0.06745233729925722,0.06745246805450168,5.939616515895663e-05
1,81002,3,不使用 GP 产生的状态,100,历史重启阶段最优路径,更新前,0.060979634691855245,0.0,0.0
1,81002,3,不使用 GP 产生的状态,100,历史重启阶段最优路径,蒸发和下界保护后,0.060979634691855245,0.0,0.0
1,81002,3,不使用 GP 产生的状态,100,历史重启阶段最优路径,沉积后,0.060979634691855245,0.06097976065100375,5.222732134096143e-05
1,81002,3,不使用 GP 产生的状态,100,历史重启阶段最优路径,重启和可选上界处理后,0.060979634691855245,0.06097976065100375,5.222732134096143e-05
1,81002,4,不使用 GP 产生的状态,100,历史重启阶段最优路径,更新前,0.03991902347248627,0.0,0.0
1,81002,4,不使用 GP 产生的状态,100,历史重启阶段最优路径,蒸发和下界保护后,0.03991902347248627,0.0,0.0
1,81002,4,不使用 GP 产生的状态,100,历史重启阶段最优路径,沉积后,0.03991902347248627,0.0399190296904257,3.4953296314352757e-05
1,81002,4,不使用 GP 产生的状态,100,历史重启阶段最优路径,重启和可选上界处理后,0.03991902347248627,0.0399190296904257,3.4953296314352757e-05
1,81002,5,不使用 GP 产生的状态,100,历史重启阶段最优路径,更新前,0.07967367192048484,0.0,0.0
1,81002,5,不使用 GP 产生的状态,100,历史重启阶段最优路径,蒸发和下界保护后,0.07967367192048484,0.0,0.0
1,81002,5,不使用 GP 产生的状态,100,历史重启阶段最优路径,沉积后,0.07967367192048484,0.07967363346106118,6.971281044000096e-05
1,81002,5,不使用 GP 产生的状态,100,历史重启阶段最优路径,重启和可选上界处理后,0.07967367192048484,0.07967363346106118,6.971281044000096e-05
1,81002,6,不使用 GP 产生的状态,100,历史重启阶段最优路径,更新前,0.08167313940327862,0.0,0.0
1,81002,6,不使用 GP 产生的状态,100,历史重启阶段最优路径,蒸发和下界保护后,0.08167313940327862,0.0,0.0
1,81002,6,不使用 GP 产生的状态,100,历史重启阶段最优路径,沉积后,0.08167313940327862,0.08167306494198222,7.090519866013856e-05
1,81002,6,不使用 GP 产生的状态,100,历史重启阶段最优路径,重启和可选上界处理后,0.08167313940327862,0.08167306494198222,7.090519866013856e-05
1,81002,7,不使用 GP 产生的状态,100,历史重启阶段最优路径,更新前,0.05751385523161597,0.0,0.0
1,81002,7,不使用 GP 产生的状态,100,历史重启阶段最优路径,蒸发和下界保护后,0.05751385523161597,0.0,0.0
1,81002,7,不使用 GP 产生的状态,100,历史重启阶段最优路径,沉积后,0.05751385523161597,0.05751375325866979,4.95101666027447e-05
1,81002,7,不使用 GP 产生的状态,100,历史重启阶段最优路径,重启和可选上界处理后,0.05751385523161597,0.05751375325866979,4.95101666027447e-05
1,81002,0,不使用 GP 产生的状态,100,历史全局最优路径,更新前,0.05315783696423957,0.0,0.0
1,81002,0,不使用 GP 产生的状态,100,历史全局最优路径,蒸发和下界保护后,0.05315783696423957,0.0,0.0
1,81002,0,不使用 GP 产生的状态,100,历史全局最优路径,沉积后,0.05315783696423957,0.05315786746278774,4.564933802237567e-05
1,81002,0,不使用 GP 产生的状态,100,历史全局最优路径,重启和可选上界处理后,0.05315783696423957,0.05315786746278774,4.564933802237567e-05
1,81002,1,不使用 GP 产生的状态,100,历史全局最优路径,更新前,0.07201660619071676,0.0,0.0
1,81002,1,不使用 GP 产生的状态,100,历史全局最优路径,蒸发和下界保护后,0.07201660619071676,0.0,0.0
1,81002,1,不使用 GP 产生的状态,100,历史全局最优路径,沉积后,0.07201660619071676,0.07201645902592367,6.187604409827951e-05
1,81002,1,不使用 GP 产生的状态,100,历史全局最优路径,重启和可选上界处理后,0.07201660619071676,0.07201645902592367,6.187604409827951e-05
1,81002,2,不使用 GP 产生的状态,100,历史全局最优路径,更新前,0.06745233729925722,0.0,0.0
1,81002,2,不使用 GP 产生的状态,100,历史全局最优路径,蒸发和下界保护后,0.06745233729925722,0.0,0.0
1,81002,2,不使用 GP 产生的状态,100,历史全局最优路径,沉积后,0.06745233729925722,0.06745246805450168,5.939616515895663e-05
1,81002,2,不使用 GP 产生的状态,100,历史全局最优路径,重启和可选上界处理后,0.06745233729925722,0.06745246805450168,5.939616515895663e-05
1,81002,3,不使用 GP 产生的状态,100,历史全局最优路径,更新前,0.060979634691855245,0.0,0.0
1,81002,3,不使用 GP 产生的状态,100,历史全局最优路径,蒸发和下界保护后,0.060979634691855245,0.0,0.0
1,81002,3,不使用 GP 产生的状态,100,历史全局最优路径,沉积后,0.060979634691855245,0.06097976065100375,5.222732134096143e-05
1,81002,3,不使用 GP 产生的状态,100,历史全局最优路径,重启和可选上界处理后,0.060979634691855245,0.06097976065100375,5.222732134096143e-05
1,81002,4,不使用 GP 产生的状态,100,历史全局最优路径,更新前,0.03991902347248627,0.0,0.0
1,81002,4,不使用 GP 产生的状态,100,历史全局最优路径,蒸发和下界保护后,0.03991902347248627,0.0,0.0
1,81002,4,不使用 GP 产生的状态,100,历史全局最优路径,沉积后,0.03991902347248627,0.0399190296904257,3.4953296314352757e-05
1,81002,4,不使用 GP 产生的状态,100,历史全局最优路径,重启和可选上界处理后,0.03991902347248627,0.0399190296904257,3.4953296314352757e-05
1,81002,5,不使用 GP 产生的状态,100,历史全局最优路径,更新前,0.07967367192048484,0.0,0.0
1,81002,5,不使用 GP 产生的状态,100,历史全局最优路径,蒸发和下界保护后,0.07967367192048484,0.0,0.0
1,81002,5,不使用 GP 产生的状态,100,历史全局最优路径,沉积后,0.07967367192048484,0.07967363346106118,6.971281044000096e-05
1,81002,5,不使用 GP 产生的状态,100,历史全局最优路径,重启和可选上界处理后,0.07967367192048484,0.07967363346106118,6.971281044000096e-05
1,81002,6,不使用 GP 产生的状态,100,历史全局最优路径,更新前,0.08167313940327862,0.0,0.0
1,81002,6,不使用 GP 产生的状态,100,历史全局最优路径,蒸发和下界保护后,0.08167313940327862,0.0,0.0
1,81002,6,不使用 GP 产生的状态,100,历史全局最优路径,沉积后,0.08167313940327862,0.08167306494198222,7.090519866013856e-05
1,81002,6,不使用 GP 产生的状态,100,历史全局最优路径,重启和可选上界处理后,0.08167313940327862,0.08167306494198222,7.090519866013856e-05
1,81002,7,不使用 GP 产生的状态,100,历史全局最优路径,更新前,0.05751385523161597,0.0,0.0
1,81002,7,不使用 GP 产生的状态,100,历史全局最优路径,蒸发和下界保护后,0.05751385523161597,0.0,0.0
1,81002,7,不使用 GP 产生的状态,100,历史全局最优路径,沉积后,0.05751385523161597,0.05751375325866979,4.95101666027447e-05
1,81002,7,不使用 GP 产生的状态,100,历史全局最优路径,重启和可选上界处理后,0.05751385523161597,0.05751375325866979,4.95101666027447e-05
1,81001,0,不使用 GP 产生的状态,100,本轮最优路径,更新前,0.09205196378121804,0.0,0.0
1,81001,0,不使用 GP 产生的状态,100,本轮最优路径,蒸发和下界保护后,0.09205196378121804,0.0,0.0
1,81001,0,不使用 GP 产生的状态,100,本轮最优路径,沉积后,0.09205196378121804,0.09205205027813786,7.904973166466947e-05
1,81001,0,不使用 GP 产生的状态,100,本轮最优路径,重启和可选上界处理后,0.09205196378121804,0.09205205027813786,7.904973166466947e-05
1,81001,1,不使用 GP 产生的状态,100,本轮最优路径,更新前,0.13169914305678093,0.0,0.0
1,81001,1,不使用 GP 产生的状态,100,本轮最优路径,蒸发和下界保护后,0.13169914305678093,0.0,0.0
1,81001,1,不使用 GP 产生的状态,100,本轮最优路径,沉积后,0.13169914305678093,0.13169911251557606,0.00011315496768293855
1,81001,1,不使用 GP 产生的状态,100,本轮最优路径,重启和可选上界处理后,0.13169914305678093,0.13169911251557606,0.00011315496768293855
1,81001,2,不使用 GP 产生的状态,100,本轮最优路径,更新前,0.10929919750454624,0.0,0.0
1,81001,2,不使用 GP 产生的状态,100,本轮最优路径,蒸发和下界保护后,0.10929919750454624,0.0,0.0
1,81001,2,不使用 GP 产生的状态,100,本轮最优路径,沉积后,0.10929919750454624,0.109299386666312,9.624502422890463e-05
1,81001,2,不使用 GP 产生的状态,100,本轮最优路径,重启和可选上界处理后,0.10929919750454624,0.109299386666312,9.624502422890463e-05
1,81001,3,不使用 GP 产生的状态,100,本轮最优路径,更新前,0.13327055214741976,0.0,0.0
1,81001,3,不使用 GP 产生的状态,100,本轮最优路径,蒸发和下界保护后,0.13327055214741976,0.0,0.0
1,81001,3,不使用 GP 产生的状态,100,本轮最优路径,沉积后,0.13327055214741976,0.13327057310846235,0.00011414221657682393
1,81001,3,不使用 GP 产生的状态,100,本轮最优路径,重启和可选上界处理后,0.13327055214741976,0.13327057310846235,0.00011414221657682393
1,81001,4,不使用 GP 产生的状态,100,本轮最优路径,更新前,0.052083171301147105,0.0,0.0
1,81001,4,不使用 GP 产生的状态,100,本轮最优路径,蒸发和下界保护后,0.052083171301147105,0.0,0.0
1,81001,4,不使用 GP 产生的状态,100,本轮最优路径,沉积后,0.052083171301147105,0.05208316325440196,4.560427075351859e-05
1,81001,4,不使用 GP 产生的状态,100,本轮最优路径,重启和可选上界处理后,0.052083171301147105,0.05208316325440196,4.560427075351859e-05
1,81001,5,不使用 GP 产生的状态,100,本轮最优路径,更新前,0.14149844495546576,0.0,0.0
1,81001,5,不使用 GP 产生的状态,100,本轮最优路径,蒸发和下界保护后,0.14149844495546576,0.0,0.0
1,81001,5,不使用 GP 产生的状态,100,本轮最优路径,沉积后,0.14149844495546576,0.14149847464563972,0.0001238082902964594
1,81001,5,不使用 GP 产生的状态,100,本轮最优路径,重启和可选上界处理后,0.14149844495546576,0.14149847464563972,0.0001238082902964594
1,81001,6,不使用 GP 产生的状态,100,本轮最优路径,更新前,0.10943987595062683,0.0,0.0
1,81001,6,不使用 GP 产生的状态,100,本轮最优路径,蒸发和下界保护后,0.10943987595062683,0.0,0.0
1,81001,6,不使用 GP 产生的状态,100,本轮最优路径,沉积后,0.10943987595062683,0.10943983105120723,9.501116393183222e-05
1,81001,6,不使用 GP 产生的状态,100,本轮最优路径,重启和可选上界处理后,0.10943987595062683,0.10943983105120723,9.501116393183222e-05
1,81001,7,不使用 GP 产生的状态,100,本轮最优路径,更新前,0.11811512404699433,0.0,0.0
1,81001,7,不使用 GP 产生的状态,100,本轮最优路径,蒸发和下界保护后,0.11811512404699433,0.0,0.0
1,81001,7,不使用 GP 产生的状态,100,本轮最优路径,沉积后,0.11811512404699433,0.11811504896243694,0.00010167821470667229
1,81001,7,不使用 GP 产生的状态,100,本轮最优路径,重启和可选上界处理后,0.11811512404699433,0.11811504896243694,0.00010167821470667229
1,81001,0,不使用 GP 产生的状态,100,历史重启阶段最优路径,更新前,0.07709546114217893,0.0,0.0
1,81001,0,不使用 GP 产生的状态,100,历史重启阶段最优路径,蒸发和下界保护后,0.07709546114217893,0.0,0.0
1,81001,0,不使用 GP 产生的状态,100,历史重启阶段最优路径,沉积后,0.07709546114217893,0.07709549531067687,6.620578464520296e-05
1,81001,0,不使用 GP 产生的状态,100,历史重启阶段最优路径,重启和可选上界处理后,0.07709546114217893,0.07709549531067687,6.620578464520296e-05
1,81001,1,不使用 GP 产生的状态,100,历史重启阶段最优路径,更新前,0.10627109670453297,0.0,0.0
1,81001,1,不使用 GP 产生的状态,100,历史重启阶段最优路径,蒸发和下界保护后,0.10627109670453297,0.0,0.0
1,81001,1,不使用 GP 产生的状态,100,历史重启阶段最优路径,沉积后,0.10627109670453297,0.10627101539018581,9.13073222926034e-05
1,81001,1,不使用 GP 产生的状态,100,历史重启阶段最优路径,重启和可选上界处理后,0.10627109670453297,0.10627101539018581,9.13073222926034e-05
1,81001,2,不使用 GP 产生的状态,100,历史重启阶段最优路径,更新前,0.08687474216221362,0.0,0.0
1,81001,2,不使用 GP 产生的状态,100,历史重启阶段最优路径,蒸发和下界保护后,0.08687474216221362,0.0,0.0
1,81001,2,不使用 GP 产生的状态,100,历史重启阶段最优路径,沉积后,0.08687474216221362,0.08687481664622895,7.649877174997034e-05
1,81001,2,不使用 GP 产生的状态,100,历史重启阶段最优路径,重启和可选上界处理后,0.08687474216221362,0.08687481664622895,7.649877174997034e-05
1,81001,3,不使用 GP 产生的状态,100,历史重启阶段最优路径,更新前,0.08672287451592182,0.0,0.0
1,81001,3,不使用 GP 产生的状态,100,历史重启阶段最优路径,蒸发和下界保护后,0.08672287451592182,0.0,0.0
1,81001,3,不使用 GP 产生的状态,100,历史重启阶段最优路径,沉积后,0.08672287451592182,0.08672299385240964,7.427562225935806e-05
1,81001,3,不使用 GP 产生的状态,100,历史重启阶段最优路径,重启和可选上界处理后,0.08672287451592182,0.08672299385240964,7.427562225935806e-05
1,81001,4,不使用 GP 产生的状态,100,历史重启阶段最优路径,更新前,0.05019720309496272,0.0,0.0
1,81001,4,不使用 GP 产生的状态,100,历史重启阶段最优路径,蒸发和下界保护后,0.05019720309496272,0.0,0.0
1,81001,4,不使用 GP 产生的状态,100,历史重启阶段最优路径,沉积后,0.05019720309496272,0.0501972108978671,4.395292170861619e-05
1,81001,4,不使用 GP 产生的状态,100,历史重启阶段最优路径,重启和可选上界处理后,0.05019720309496272,0.0501972108978671,4.395292170861619e-05
1,81001,5,不使用 GP 产生的状态,100,历史重启阶段最优路径,更新前,0.11436889477820786,0.0,0.0
1,81001,5,不使用 GP 产生的状态,100,历史重启阶段最优路径,蒸发和下界保护后,0.11436889477820786,0.0,0.0
1,81001,5,不使用 GP 产生的状态,100,历史重启阶段最优路径,沉积后,0.11436889477820786,0.11436886796935879,0.00010007043568412166
1,81001,5,不使用 GP 产生的状态,100,历史重启阶段最优路径,重启和可选上界处理后,0.11436889477820786,0.11436886796935879,0.00010007043568412166
1,81001,6,不使用 GP 产生的状态,100,历史重启阶段最优路径,更新前,0.10943987595062683,0.0,0.0
1,81001,6,不使用 GP 产生的状态,100,历史重启阶段最优路径,蒸发和下界保护后,0.10943987595062683,0.0,0.0
1,81001,6,不使用 GP 产生的状态,100,历史重启阶段最优路径,沉积后,0.10943987595062683,0.10943983105120723,9.501116393183222e-05
1,81001,6,不使用 GP 产生的状态,100,历史重启阶段最优路径,重启和可选上界处理后,0.10943987595062683,0.10943983105120723,9.501116393183222e-05
1,81001,7,不使用 GP 产生的状态,100,历史重启阶段最优路径,更新前,0.0768436694083962,0.0,0.0
1,81001,7,不使用 GP 产生的状态,100,历史重启阶段最优路径,蒸发和下界保护后,0.0768436694083962,0.0,0.0
1,81001,7,不使用 GP 产生的状态,100,历史重启阶段最优路径,沉积后,0.0768436694083962,0.07684363332468576,6.615010971644263e-05
1,81001,7,不使用 GP 产生的状态,100,历史重启阶段最优路径,重启和可选上界处理后,0.0768436694083962,0.07684363332468576,6.615010971644263e-05
1,81001,0,不使用 GP 产生的状态,100,历史全局最优路径,更新前,0.07709546114217893,0.0,0.0
1,81001,0,不使用 GP 产生的状态,100,历史全局最优路径,蒸发和下界保护后,0.07709546114217893,0.0,0.0
1,81001,0,不使用 GP 产生的状态,100,历史全局最优路径,沉积后,0.07709546114217893,0.07709549531067687,6.620578464520296e-05
1,81001,0,不使用 GP 产生的状态,100,历史全局最优路径,重启和可选上界处理后,0.07709546114217893,0.07709549531067687,6.620578464520296e-05
1,81001,1,不使用 GP 产生的状态,100,历史全局最优路径,更新前,0.10627109670453297,0.0,0.0
1,81001,1,不使用 GP 产生的状态,100,历史全局最优路径,蒸发和下界保护后,0.10627109670453297,0.0,0.0
1,81001,1,不使用 GP 产生的状态,100,历史全局最优路径,沉积后,0.10627109670453297,0.10627101539018581,9.13073222926034e-05
1,81001,1,不使用 GP 产生的状态,100,历史全局最优路径,重启和可选上界处理后,0.10627109670453297,0.10627101539018581,9.13073222926034e-05
1,81001,2,不使用 GP 产生的状态,100,历史全局最优路径,更新前,0.08687474216221362,0.0,0.0
1,81001,2,不使用 GP 产生的状态,100,历史全局最优路径,蒸发和下界保护后,0.08687474216221362,0.0,0.0
1,81001,2,不使用 GP 产生的状态,100,历史全局最优路径,沉积后,0.08687474216221362,0.08687481664622895,7.649877174997034e-05
1,81001,2,不使用 GP 产生的状态,100,历史全局最优路径,重启和可选上界处理后,0.08687474216221362,0.08687481664622895,7.649877174997034e-05
1,81001,3,不使用 GP 产生的状态,100,历史全局最优路径,更新前,0.08672287451592182,0.0,0.0
1,81001,3,不使用 GP 产生的状态,100,历史全局最优路径,蒸发和下界保护后,0.08672287451592182,0.0,0.0
1,81001,3,不使用 GP 产生的状态,100,历史全局最优路径,沉积后,0.08672287451592182,0.08672299385240964,7.427562225935806e-05
1,81001,3,不使用 GP 产生的状态,100,历史全局最优路径,重启和可选上界处理后,0.08672287451592182,0.08672299385240964,7.427562225935806e-05
1,81001,4,不使用 GP 产生的状态,100,历史全局最优路径,更新前,0.05019720309496272,0.0,0.0
1,81001,4,不使用 GP 产生的状态,100,历史全局最优路径,蒸发和下界保护后,0.05019720309496272,0.0,0.0
1,81001,4,不使用 GP 产生的状态,100,历史全局最优路径,沉积后,0.05019720309496272,0.0501972108978671,4.395292170861619e-05
1,81001,4,不使用 GP 产生的状态,100,历史全局最优路径,重启和可选上界处理后,0.05019720309496272,0.0501972108978671,4.395292170861619e-05
1,81001,5,不使用 GP 产生的状态,100,历史全局最优路径,更新前,0.11436889477820786,0.0,0.0
1,81001,5,不使用 GP 产生的状态,100,历史全局最优路径,蒸发和下界保护后,0.11436889477820786,0.0,0.0
1,81001,5,不使用 GP 产生的状态,100,历史全局最优路径,沉积后,0.11436889477820786,0.11436886796935879,0.00010007043568412166
1,81001,5,不使用 GP 产生的状态,100,历史全局最优路径,重启和可选上界处理后,0.11436889477820786,0.11436886796935879,0.00010007043568412166
1,81001,6,不使用 GP 产生的状态,100,历史全局最优路径,更新前,0.10943987595062683,0.0,0.0
1,81001,6,不使用 GP 产生的状态,100,历史全局最优路径,蒸发和下界保护后,0.10943987595062683,0.0,0.0
1,81001,6,不使用 GP 产生的状态,100,历史全局最优路径,沉积后,0.10943987595062683,0.10943983105120723,9.501116393183222e-05
1,81001,6,不使用 GP 产生的状态,100,历史全局最优路径,重启和可选上界处理后,0.10943987595062683,0.10943983105120723,9.501116393183222e-05
1,81001,7,不使用 GP 产生的状态,100,历史全局最优路径,更新前,0.0768436694083962,0.0,0.0
1,81001,7,不使用 GP 产生的状态,100,历史全局最优路径,蒸发和下界保护后,0.0768436694083962,0.0,0.0
1,81001,7,不使用 GP 产生的状态,100,历史全局最优路径,沉积后,0.0768436694083962,0.07684363332468576,6.615010971644263e-05
1,81001,7,不使用 GP 产生的状态,100,历史全局最优路径,重启和可选上界处理后,0.0768436694083962,0.07684363332468576,6.615010971644263e-05
1,81003,0,不使用 GP 产生的状态,100,本轮最优路径,更新前,0.08448576126101362,0.0,0.0
1,81003,0,不使用 GP 产生的状态,100,本轮最优路径,蒸发和下界保护后,0.08448576126101362,0.0,0.0
1,81003,0,不使用 GP 产生的状态,100,本轮最优路径,沉积后,0.08448576126101362,0.08448585263010813,7.255225668185911e-05
1,81003,0,不使用 GP 产生的状态,100,本轮最优路径,重启和可选上界处理后,0.08448576126101362,0.08448585263010813,7.255225668185911e-05
1,81003,1,不使用 GP 产生的状态,100,本轮最优路径,更新前,0.12170481984460256,0.0,0.0
1,81003,1,不使用 GP 产生的状态,100,本轮最优路径,蒸发和下界保护后,0.12170481984460256,0.0,0.0
1,81003,1,不使用 GP 产生的状态,100,本轮最优路径,沉积后,0.12170481984460256,0.12170474265396239,0.00010456787413993175
1,81003,1,不使用 GP 产生的状态,100,本轮最优路径,重启和可选上界处理后,0.12170481984460256,0.12170474265396239,0.00010456787413993175
1,81003,2,不使用 GP 产生的状态,100,本轮最优路径,更新前,0.09981819388872586,0.0,0.0
1,81003,2,不使用 GP 产生的状态,100,本轮最优路径,蒸发和下界保护后,0.09981819388872586,0.0,0.0
1,81003,2,不使用 GP 产生的状态,100,本轮最优路径,沉积后,0.09981819388872586,0.09981834668772191,8.789636875803303e-05
1,81003,2,不使用 GP 产生的状态,100,本轮最优路径,重启和可选上界处理后,0.09981819388872586,0.09981834668772191,8.789636875803303e-05
1,81003,3,不使用 GP 产生的状态,100,本轮最优路径,更新前,0.12075305307178374,0.0,0.0
1,81003,3,不使用 GP 产生的状态,100,本轮最优路径,蒸发和下界保护后,0.12075305307178374,0.0,0.0
1,81003,3,不使用 GP 产生的状态,100,本轮最优路径,沉积后,0.12075305307178374,0.12075307120372855,0.00010342135464845119
1,81003,3,不使用 GP 产生的状态,100,本轮最优路径,重启和可选上界处理后,0.12075305307178374,0.12075307120372855,0.00010342135464845119
1,81003,4,不使用 GP 产生的状态,100,本轮最优路径,更新前,0.04776796096328665,0.0,0.0
1,81003,4,不使用 GP 产生的状态,100,本轮最优路径,蒸发和下界保护后,0.04776796096328665,0.0,0.0
1,81003,4,不使用 GP 产生的状态,100,本轮最优路径,沉积后,0.04776796096328665,0.047767946698602085,4.182584617493597e-05
1,81003,4,不使用 GP 产生的状态,100,本轮最优路径,重启和可选上界处理后,0.04776796096328665,0.047767946698602085,4.182584617493597e-05
1,81003,5,不使用 GP 产生的状态,100,本轮最优路径,更新前,0.13000943601834355,0.0,0.0
1,81003,5,不使用 GP 产生的状态,100,本轮最优路径,蒸发和下界保护后,0.13000943601834355,0.0,0.0
1,81003,5,不使用 GP 产生的状态,100,本轮最优路径,沉积后,0.13000943601834355,0.13000947967667956,0.00011375565313627912
1,81003,5,不使用 GP 产生的状态,100,本轮最优路径,重启和可选上界处理后,0.13000943601834355,0.13000947967667956,0.00011375565313627912
1,81003,6,不使用 GP 产生的状态,100,本轮最优路径,更新前,0.09978342221957225,0.0,0.0
1,81003,6,不使用 GP 产生的状态,100,本轮最优路径,蒸发和下界保护后,0.09978342221957225,0.0,0.0
1,81003,6,不使用 GP 产生的状态,100,本轮最优路径,沉积后,0.09978342221957225,0.09978341603507919,8.662786124140809e-05
1,81003,6,不使用 GP 产生的状态,100,本轮最优路径,重启和可选上界处理后,0.09978342221957225,0.09978341603507919,8.662786124140809e-05
1,81003,7,不使用 GP 产生的状态,100,本轮最优路径,更新前,0.10767407451586289,0.0,0.0
1,81003,7,不使用 GP 产生的状态,100,本轮最优路径,蒸发和下界保护后,0.10767407451586289,0.0,0.0
1,81003,7,不使用 GP 产生的状态,100,本轮最优路径,沉积后,0.10767407451586289,0.10767401883660496,9.26901533866385e-05
1,81003,7,不使用 GP 产生的状态,100,本轮最优路径,重启和可选上界处理后,0.10767407451586289,0.10767401883660496,9.26901533866385e-05
1,81003,0,不使用 GP 产生的状态,100,历史重启阶段最优路径,更新前,0.07183501663113925,0.0,0.0
1,81003,0,不使用 GP 产生的状态,100,历史重启阶段最优路径,蒸发和下界保护后,0.07183501663113925,0.0,0.0
1,81003,0,不使用 GP 产生的状态,100,历史重启阶段最优路径,沉积后,0.07183501663113925,0.07183506649183627,6.168838948329201e-05
1,81003,0,不使用 GP 产生的状态,100,历史重启阶段最优路径,重启和可选上界处理后,0.07183501663113925,0.07183506649183627,6.168838948329201e-05
1,81003,1,不使用 GP 产生的状态,100,历史重启阶段最优路径,更新前,0.09870175147361494,0.0,0.0
1,81003,1,不使用 GP 产生的状态,100,历史重启阶段最优路径,蒸发和下界保护后,0.09870175147361494,0.0,0.0
1,81003,1,不使用 GP 产生的状态,100,历史重启阶段最优路径,沉积后,0.09870175147361494,0.09870164941186702,8.48037753339578e-05
1,81003,1,不使用 GP 产生的状态,100,历史重启阶段最优路径,重启和可选上界处理后,0.09870175147361494,0.09870164941186702,8.48037753339578e-05
1,81003,2,不使用 GP 产生的状态,100,历史重启阶段最优路径,更新前,0.08011451866864748,0.0,0.0
1,81003,2,不使用 GP 产生的状态,100,历史重启阶段最优路径,蒸发和下界保护后,0.08011451866864748,0.0,0.0
1,81003,2,不使用 GP 产生的状态,100,历史重启阶段最优路径,沉积后,0.08011451866864748,0.08011464364604252,7.054601177537969e-05
1,81003,2,不使用 GP 产生的状态,100,历史重启阶段最优路径,重启和可选上界处理后,0.08011451866864748,0.08011464364604252,7.054601177537969e-05
1,81003,3,不使用 GP 产生的状态,100,历史重启阶段最优路径,更新前,0.08065333008613264,0.0,0.0
1,81003,3,不使用 GP 产生的状态,100,历史重启阶段最优路径,蒸发和下界保护后,0.08065333008613264,0.0,0.0
1,81003,3,不使用 GP 产生的状态,100,历史重启阶段最优路径,沉积后,0.08065333008613264,0.08065341817394961,6.907721419776462e-05
1,81003,3,不使用 GP 产生的状态,100,历史重启阶段最优路径,重启和可选上界处理后,0.08065333008613264,0.08065341817394961,6.907721419776462e-05
1,81003,4,不使用 GP 产生的状态,100,历史重启阶段最优路径,更新前,0.046579222618953094,0.0,0.0
1,81003,4,不使用 GP 产生的状态,100,历史重启阶段最优路径,蒸发和下界保护后,0.046579222618953094,0.0,0.0
1,81003,4,不使用 GP 产生的状态,100,历史重启阶段最优路径,沉积后,0.046579222618953094,0.04657924505230318,4.07850132389989e-05
1,81003,4,不使用 GP 产生的状态,100,历史重启阶段最优路径,重启和可选上界处理后,0.046579222618953094,0.04657924505230318,4.07850132389989e-05
1,81003,5,不使用 GP 产生的状态,100,历史重启阶段最优路径,更新前,0.10588696579053758,0.0,0.0
1,81003,5,不使用 GP 产生的状态,100,历史重启阶段最优路径,蒸发和下界保护后,0.10588696579053758,0.0,0.0
1,81003,5,不使用 GP 产生的状态,100,历史重启阶段最优路径,沉积后,0.10588696579053758,0.1058869592762378,9.264893791620671e-05
1,81003,5,不使用 GP 产生的状态,100,历史重启阶段最优路径,重启和可选上界处理后,0.10588696579053758,0.1058869592762378,9.264893791620671e-05
1,81003,6,不使用 GP 产生的状态,100,历史重启阶段最优路径,更新前,0.09978342221957225,0.0,0.0
1,81003,6,不使用 GP 产生的状态,100,历史重启阶段最优路径,蒸发和下界保护后,0.09978342221957225,0.0,0.0
1,81003,6,不使用 GP 产生的状态,100,历史重启阶段最优路径,沉积后,0.09978342221957225,0.09978341603507919,8.662786124140809e-05
1,81003,6,不使用 GP 产生的状态,100,历史重启阶段最优路径,重启和可选上界处理后,0.09978342221957225,0.09978341603507919,8.662786124140809e-05
1,81003,7,不使用 GP 产生的状态,100,历史重启阶段最优路径,更新前,0.06985942950733004,0.0,0.0
1,81003,7,不使用 GP 产生的状态,100,历史重启阶段最优路径,蒸发和下界保护后,0.06985942950733004,0.0,0.0
1,81003,7,不使用 GP 产生的状态,100,历史重启阶段最优路径,沉积后,0.06985942950733004,0.06985931244137317,6.0137723618379915e-05
1,81003,7,不使用 GP 产生的状态,100,历史重启阶段最优路径,重启和可选上界处理后,0.06985942950733004,0.06985931244137317,6.0137723618379915e-05
1,81003,0,不使用 GP 产生的状态,100,历史全局最优路径,更新前,0.07183501663113925,0.0,0.0
1,81003,0,不使用 GP 产生的状态,100,历史全局最优路径,蒸发和下界保护后,0.07183501663113925,0.0,0.0
1,81003,0,不使用 GP 产生的状态,100,历史全局最优路径,沉积后,0.07183501663113925,0.07183506649183627,6.168838948329201e-05
1,81003,0,不使用 GP 产生的状态,100,历史全局最优路径,重启和可选上界处理后,0.07183501663113925,0.07183506649183627,6.168838948329201e-05
1,81003,1,不使用 GP 产生的状态,100,历史全局最优路径,更新前,0.09870175147361494,0.0,0.0
1,81003,1,不使用 GP 产生的状态,100,历史全局最优路径,蒸发和下界保护后,0.09870175147361494,0.0,0.0
1,81003,1,不使用 GP 产生的状态,100,历史全局最优路径,沉积后,0.09870175147361494,0.09870164941186702,8.48037753339578e-05
1,81003,1,不使用 GP 产生的状态,100,历史全局最优路径,重启和可选上界处理后,0.09870175147361494,0.09870164941186702,8.48037753339578e-05
1,81003,2,不使用 GP 产生的状态,100,历史全局最优路径,更新前,0.08011451866864748,0.0,0.0
1,81003,2,不使用 GP 产生的状态,100,历史全局最优路径,蒸发和下界保护后,0.08011451866864748,0.0,0.0
1,81003,2,不使用 GP 产生的状态,100,历史全局最优路径,沉积后,0.08011451866864748,0.08011464364604252,7.054601177537969e-05
1,81003,2,不使用 GP 产生的状态,100,历史全局最优路径,重启和可选上界处理后,0.08011451866864748,0.08011464364604252,7.054601177537969e-05
1,81003,3,不使用 GP 产生的状态,100,历史全局最优路径,更新前,0.08065333008613264,0.0,0.0
1,81003,3,不使用 GP 产生的状态,100,历史全局最优路径,蒸发和下界保护后,0.08065333008613264,0.0,0.0
1,81003,3,不使用 GP 产生的状态,100,历史全局最优路径,沉积后,0.08065333008613264,0.08065341817394961,6.907721419776462e-05
1,81003,3,不使用 GP 产生的状态,100,历史全局最优路径,重启和可选上界处理后,0.08065333008613264,0.08065341817394961,6.907721419776462e-05
1,81003,4,不使用 GP 产生的状态,100,历史全局最优路径,更新前,0.046579222618953094,0.0,0.0
1,81003,4,不使用 GP 产生的状态,100,历史全局最优路径,蒸发和下界保护后,0.046579222618953094,0.0,0.0
1,81003,4,不使用 GP 产生的状态,100,历史全局最优路径,沉积后,0.046579222618953094,0.04657924505230318,4.07850132389989e-05
1,81003,4,不使用 GP 产生的状态,100,历史全局最优路径,重启和可选上界处理后,0.046579222618953094,0.04657924505230318,4.07850132389989e-05
1,81003,5,不使用 GP 产生的状态,100,历史全局最优路径,更新前,0.10588696579053758,0.0,0.0
1,81003,5,不使用 GP 产生的状态,100,历史全局最优路径,蒸发和下界保护后,0.10588696579053758,0.0,0.0
1,81003,5,不使用 GP 产生的状态,100,历史全局最优路径,沉积后,0.10588696579053758,0.1058869592762378,9.264893791620671e-05
1,81003,5,不使用 GP 产生的状态,100,历史全局最优路径,重启和可选上界处理后,0.10588696579053758,0.1058869592762378,9.264893791620671e-05
1,81003,6,不使用 GP 产生的状态,100,历史全局最优路径,更新前,0.09978342221957225,0.0,0.0
1,81003,6,不使用 GP 产生的状态,100,历史全局最优路径,蒸发和下界保护后,0.09978342221957225,0.0,0.0
1,81003,6,不使用 GP 产生的状态,100,历史全局最优路径,沉积后,0.09978342221957225,0.09978341603507919,8.662786124140809e-05
1,81003,6,不使用 GP 产生的状态,100,历史全局最优路径,重启和可选上界处理后,0.09978342221957225,0.09978341603507919,8.662786124140809e-05
1,81003,7,不使用 GP 产生的状态,100,历史全局最优路径,更新前,0.06985942950733004,0.0,0.0
1,81003,7,不使用 GP 产生的状态,100,历史全局最优路径,蒸发和下界保护后,0.06985942950733004,0.0,0.0
1,81003,7,不使用 GP 产生的状态,100,历史全局最优路径,沉积后,0.06985942950733004,0.06985931244137317,6.0137723618379915e-05
1,81003,7,不使用 GP 产生的状态,100,历史全局最优路径,重启和可选上界处理后,0.06985942950733004,0.06985931244137317,6.0137723618379915e-05
1,81001,0,GP 表达式自身产生的状态,100,本轮最优路径,更新前,0.03519383360736572,0.0,0.0
1,81001,0,GP 表达式自身产生的状态,100,本轮最优路径,蒸发和下界保护后,0.03519383360736572,0.0,0.0
1,81001,0,GP 表达式自身产生的状态,100,本轮最优路径,沉积后,0.03519383360736572,0.035193852138888565,3.075187604693413e-05
1,81001,0,GP 表达式自身产生的状态,100,本轮最优路径,重启和可选上界处理后,0.03519383360736572,0.035193852138888565,3.075187604693413e-05
1,81001,1,GP 表达式自身产生的状态,100,本轮最优路径,更新前,0.02065193222560969,0.0,0.0
1,81001,1,GP 表达式自身产生的状态,100,本轮最优路径,蒸发和下界保护后,0.02065193222560969,0.0,0.0
1,81001,1,GP 表达式自身产生的状态,100,本轮最优路径,沉积后,0.02065193222560969,0.020651859789903627,1.8070999412192494e-05
1,81001,1,GP 表达式自身产生的状态,100,本轮最优路径,重启和可选上界处理后,0.02065193222560969,0.020651859789903627,1.8070999412192494e-05
1,81001,2,GP 表达式自身产生的状态,100,本轮最优路径,更新前,0.0216683487899726,0.0,0.0
1,81001,2,GP 表达式自身产生的状态,100,本轮最优路径,蒸发和下界保护后,0.0216683487899726,0.0,0.0
1,81001,2,GP 表达式自身产生的状态,100,本轮最优路径,沉积后,0.0216683487899726,0.021668353311349916,1.9347148746523616e-05
1,81001,2,GP 表达式自身产生的状态,100,本轮最优路径,重启和可选上界处理后,0.0216683487899726,0.021668353311349916,1.9347148746523616e-05
1,81001,3,GP 表达式自身产生的状态,100,本轮最优路径,更新前,0.07117748366292602,0.0,0.0
1,81001,3,GP 表达式自身产生的状态,100,本轮最优路径,蒸发和下界保护后,0.07117748366292602,0.0,0.0
1,81001,3,GP 表达式自身产生的状态,100,本轮最优路径,沉积后,0.07117748366292602,0.07117751824285729,6.2117241042784e-05
1,81001,3,GP 表达式自身产生的状态,100,本轮最优路径,重启和可选上界处理后,0.07117748366292602,0.07117751824285729,6.2117241042784e-05
1,81001,4,GP 表达式自身产生的状态,100,本轮最优路径,更新前,0.067737157729905,0.0,0.0
1,81001,4,GP 表达式自身产生的状态,100,本轮最优路径,蒸发和下界保护后,0.067737157729905,0.0,0.0
1,81001,4,GP 表达式自身产生的状态,100,本轮最优路径,沉积后,0.067737157729905,0.06773725057862541,5.919245908796163e-05
1,81001,4,GP 表达式自身产生的状态,100,本轮最优路径,重启和可选上界处理后,0.067737157729905,0.06773725057862541,5.919245908796163e-05
1,81001,5,GP 表达式自身产生的状态,100,本轮最优路径,更新前,0.039833937366328696,0.0,0.0
1,81001,5,GP 表达式自身产生的状态,100,本轮最优路径,蒸发和下界保护后,0.039833937366328696,0.0,0.0
1,81001,5,GP 表达式自身产生的状态,100,本轮最优路径,沉积后,0.039833937366328696,0.039833881566232854,3.564140793488726e-05
1,81001,5,GP 表达式自身产生的状态,100,本轮最优路径,重启和可选上界处理后,0.039833937366328696,0.039833881566232854,3.564140793488726e-05
1,81001,6,GP 表达式自身产生的状态,100,本轮最优路径,更新前,0.003970297338738491,0.0,0.0
1,81001,6,GP 表达式自身产生的状态,100,本轮最优路径,蒸发和下界保护后,0.003970297338738491,0.0,0.0
1,81001,6,GP 表达式自身产生的状态,100,本轮最优路径,沉积后,0.003970297338738491,0.003970364176286382,3.5050323621830317e-06
1,81001,6,GP 表达式自身产生的状态,100,本轮最优路径,重启和可选上界处理后,0.003970297338738491,0.003970364176286382,3.5050323621830317e-06
1,81001,7,GP 表达式自身产生的状态,100,本轮最优路径,更新前,0.1308412461624536,0.0,0.0
1,81001,7,GP 表达式自身产生的状态,100,本轮最优路径,蒸发和下界保护后,0.1308412461624536,0.0,0.0
1,81001,7,GP 表达式自身产生的状态,100,本轮最优路径,沉积后,0.1308412461624536,0.13084125639417254,0.00011309377082249029
1,81001,7,GP 表达式自身产生的状态,100,本轮最优路径,重启和可选上界处理后,0.1308412461624536,0.13084125639417254,0.00011309377082249029
1,81001,0,GP 表达式自身产生的状态,100,历史重启阶段最优路径,更新前,0.030359030250991223,0.0,0.0
1,81001,0,GP 表达式自身产生的状态,100,历史重启阶段最优路径,蒸发和下界保护后,0.030359030250991223,0.0,0.0
1,81001,0,GP 表达式自身产生的状态,100,历史重启阶段最优路径,沉积后,0.030359030250991223,0.030359094178526416,2.6527331847720542e-05
1,81001,0,GP 表达式自身产生的状态,100,历史重启阶段最优路径,重启和可选上界处理后,0.030359030250991223,0.030359094178526416,2.6527331847720542e-05
1,81001,1,GP 表达式自身产生的状态,100,历史重启阶段最优路径,更新前,0.022603145935171653,0.0,0.0
1,81001,1,GP 表达式自身产生的状态,100,历史重启阶段最优路径,蒸发和下界保护后,0.022603145935171653,0.0,0.0
1,81001,1,GP 表达式自身产生的状态,100,历史重启阶段最优路径,沉积后,0.022603145935171653,0.022603138723232358,1.977842725723558e-05
1,81001,1,GP 表达式自身产生的状态,100,历史重启阶段最优路径,重启和可选上界处理后,0.022603145935171653,0.022603138723232358,1.977842725723558e-05
1,81001,2,GP 表达式自身产生的状态,100,历史重启阶段最优路径,更新前,0.031365706009405844,0.0,0.0
1,81001,2,GP 表达式自身产生的状态,100,历史重启阶段最优路径,蒸发和下界保护后,0.031365706009405844,0.0,0.0
1,81001,2,GP 表达式自身产生的状态,100,历史重启阶段最优路径,沉积后,0.031365706009405844,0.03136567925276201,2.8005656605251795e-05
1,81001,2,GP 表达式自身产生的状态,100,历史重启阶段最优路径,重启和可选上界处理后,0.031365706009405844,0.03136567925276201,2.8005656605251795e-05
1,81001,3,GP 表达式自身产生的状态,100,历史重启阶段最优路径,更新前,0.07117748366292602,0.0,0.0
1,81001,3,GP 表达式自身产生的状态,100,历史重启阶段最优路径,蒸发和下界保护后,0.07117748366292602,0.0,0.0
1,81001,3,GP 表达式自身产生的状态,100,历史重启阶段最优路径,沉积后,0.07117748366292602,0.07117751824285729,6.2117241042784e-05
1,81001,3,GP 表达式自身产生的状态,100,历史重启阶段最优路径,重启和可选上界处理后,0.07117748366292602,0.07117751824285729,6.2117241042784e-05
1,81001,4,GP 表达式自身产生的状态,100,历史重启阶段最优路径,更新前,0.057837364618551344,0.0,0.0
1,81001,4,GP 表达式自身产生的状态,100,历史重启阶段最优路径,蒸发和下界保护后,0.057837364618551344,0.0,0.0
1,81001,4,GP 表达式自身产生的状态,100,历史重启阶段最优路径,沉积后,0.057837364618551344,0.05783736987183421,5.05414156006317e-05
1,81001,4,GP 表达式自身产生的状态,100,历史重启阶段最优路径,重启和可选上界处理后,0.057837364618551344,0.05783736987183421,5.05414156006317e-05
1,81001,5,GP 表达式自身产生的状态,100,历史重启阶段最优路径,更新前,0.06063141379899467,0.0,0.0
1,81001,5,GP 表达式自身产生的状态,100,历史重启阶段最优路径,蒸发和下界保护后,0.06063141379899467,0.0,0.0
1,81001,5,GP 表达式自身产生的状态,100,历史重启阶段最优路径,沉积后,0.06063141379899467,0.06063148595323497,5.4250086599381384e-05
1,81001,5,GP 表达式自身产生的状态,100,历史重启阶段最优路径,重启和可选上界处理后,0.06063141379899467,0.06063148595323497,5.4250086599381384e-05
1,81001,6,GP 表达式自身产生的状态,100,历史重启阶段最优路径,更新前,0.003970474558587951,0.0,0.0
1,81001,6,GP 表达式自身产生的状态,100,历史重启阶段最优路径,蒸发和下界保护后,0.003970474558587951,0.0,0.0
1,81001,6,GP 表达式自身产生的状态,100,历史重启阶段最优路径,沉积后,0.003970474558587951,0.003970525948695293,3.5051751746564885e-06
1,81001,6,GP 表达式自身产生的状态,100,历史重启阶段最优路径,重启和可选上界处理后,0.003970474558587951,0.003970525948695293,3.5051751746564885e-06
1,81001,7,GP 表达式自身产生的状态,100,历史重启阶段最优路径,更新前,0.11309906881231879,0.0,0.0
1,81001,7,GP 表达式自身产生的状态,100,历史重启阶段最优路径,蒸发和下界保护后,0.11309906881231879,0.0,0.0
1,81001,7,GP 表达式自身产生的状态,100,历史重启阶段最优路径,沉积后,0.11309906881231879,0.11309915243451571,9.775822992033495e-05
1,81001,7,GP 表达式自身产生的状态,100,历史重启阶段最优路径,重启和可选上界处理后,0.11309906881231879,0.11309915243451571,9.775822992033495e-05
1,81001,0,GP 表达式自身产生的状态,100,历史全局最优路径,更新前,0.030359030250991223,0.0,0.0
1,81001,0,GP 表达式自身产生的状态,100,历史全局最优路径,蒸发和下界保护后,0.030359030250991223,0.0,0.0
1,81001,0,GP 表达式自身产生的状态,100,历史全局最优路径,沉积后,0.030359030250991223,0.030359094178526416,2.6527331847720542e-05
1,81001,0,GP 表达式自身产生的状态,100,历史全局最优路径,重启和可选上界处理后,0.030359030250991223,0.030359094178526416,2.6527331847720542e-05
1,81001,1,GP 表达式自身产生的状态,100,历史全局最优路径,更新前,0.022603145935171653,0.0,0.0
1,81001,1,GP 表达式自身产生的状态,100,历史全局最优路径,蒸发和下界保护后,0.022603145935171653,0.0,0.0
1,81001,1,GP 表达式自身产生的状态,100,历史全局最优路径,沉积后,0.022603145935171653,0.022603138723232358,1.977842725723558e-05
1,81001,1,GP 表达式自身产生的状态,100,历史全局最优路径,重启和可选上界处理后,0.022603145935171653,0.022603138723232358,1.977842725723558e-05
1,81001,2,GP 表达式自身产生的状态,100,历史全局最优路径,更新前,0.031365706009405844,0.0,0.0
1,81001,2,GP 表达式自身产生的状态,100,历史全局最优路径,蒸发和下界保护后,0.031365706009405844,0.0,0.0
1,81001,2,GP 表达式自身产生的状态,100,历史全局最优路径,沉积后,0.031365706009405844,0.03136567925276201,2.8005656605251795e-05
1,81001,2,GP 表达式自身产生的状态,100,历史全局最优路径,重启和可选上界处理后,0.031365706009405844,0.03136567925276201,2.8005656605251795e-05
1,81001,3,GP 表达式自身产生的状态,100,历史全局最优路径,更新前,0.07117748366292602,0.0,0.0
1,81001,3,GP 表达式自身产生的状态,100,历史全局最优路径,蒸发和下界保护后,0.07117748366292602,0.0,0.0
1,81001,3,GP 表达式自身产生的状态,100,历史全局最优路径,沉积后,0.07117748366292602,0.07117751824285729,6.2117241042784e-05
1,81001,3,GP 表达式自身产生的状态,100,历史全局最优路径,重启和可选上界处理后,0.07117748366292602,0.07117751824285729,6.2117241042784e-05
1,81001,4,GP 表达式自身产生的状态,100,历史全局最优路径,更新前,0.057837364618551344,0.0,0.0
1,81001,4,GP 表达式自身产生的状态,100,历史全局最优路径,蒸发和下界保护后,0.057837364618551344,0.0,0.0
1,81001,4,GP 表达式自身产生的状态,100,历史全局最优路径,沉积后,0.057837364618551344,0.05783736987183421,5.05414156006317e-05
1,81001,4,GP 表达式自身产生的状态,100,历史全局最优路径,重启和可选上界处理后,0.057837364618551344,0.05783736987183421,5.05414156006317e-05
1,81001,5,GP 表达式自身产生的状态,100,历史全局最优路径,更新前,0.06063141379899467,0.0,0.0
1,81001,5,GP 表达式自身产生的状态,100,历史全局最优路径,蒸发和下界保护后,0.06063141379899467,0.0,0.0
1,81001,5,GP 表达式自身产生的状态,100,历史全局最优路径,沉积后,0.06063141379899467,0.06063148595323497,5.4250086599381384e-05
1,81001,5,GP 表达式自身产生的状态,100,历史全局最优路径,重启和可选上界处理后,0.06063141379899467,0.06063148595323497,5.4250086599381384e-05
1,81001,6,GP 表达式自身产生的状态,100,历史全局最优路径,更新前,0.003970474558587951,0.0,0.0
1,81001,6,GP 表达式自身产生的状态,100,历史全局最优路径,蒸发和下界保护后,0.003970474558587951,0.0,0.0
1,81001,6,GP 表达式自身产生的状态,100,历史全局最优路径,沉积后,0.003970474558587951,0.003970525948695293,3.5051751746564885e-06
1,81001,6,GP 表达式自身产生的状态,100,历史全局最优路径,重启和可选上界处理后,0.003970474558587951,0.003970525948695293,3.5051751746564885e-06
1,81001,7,GP 表达式自身产生的状态,100,历史全局最优路径,更新前,0.11309906881231879,0.0,0.0
1,81001,7,GP 表达式自身产生的状态,100,历史全局最优路径,蒸发和下界保护后,0.11309906881231879,0.0,0.0
1,81001,7,GP 表达式自身产生的状态,100,历史全局最优路径,沉积后,0.11309906881231879,0.11309915243451571,9.775822992033495e-05
1,81001,7,GP 表达式自身产生的状态,100,历史全局最优路径,重启和可选上界处理后,0.11309906881231879,0.11309915243451571,9.775822992033495e-05
1,81002,0,GP 表达式自身产生的状态,100,本轮最优路径,更新前,0.01820856363117616,0.0,0.0
1,81002,0,GP 表达式自身产生的状态,100,本轮最优路径,蒸发和下界保护后,0.01820856363117616,0.0,0.0
1,81002,0,GP 表达式自身产生的状态,100,本轮最优路径,沉积后,0.01820856363117616,0.01820852265473879,1.593591405749345e-05
1,81002,0,GP 表达式自身产生的状态,100,本轮最优路径,重启和可选上界处理后,0.01820856363117616,0.01820852265473879,1.593591405749345e-05
1,81002,1,GP 表达式自身产生的状态,100,本轮最优路径,更新前,0.01673263834585716,0.0,0.0
1,81002,1,GP 表达式自身产生的状态,100,本轮最优路径,蒸发和下界保护后,0.01673263834585716,0.0,0.0
1,81002,1,GP 表达式自身产生的状态,100,本轮最优路径,沉积后,0.01673263834585716,0.01673265701117152,1.4688703332886283e-05
1,81002,1,GP 表达式自身产生的状态,100,本轮最优路径,重启和可选上界处理后,0.01673263834585716,0.01673265701117152,1.4688703332886283e-05
1,81002,2,GP 表达式自身产生的状态,100,本轮最优路径,更新前,0.0008483398933764967,0.0,0.0
1,81002,2,GP 表达式自身产生的状态,100,本轮最优路径,蒸发和下界保护后,0.0008483398933764967,0.0,0.0
1,81002,2,GP 表达式自身产生的状态,100,本轮最优路径,沉积后,0.0008483398933764967,0.0008482536131064619,7.644000676544815e-07
1,81002,2,GP 表达式自身产生的状态,100,本轮最优路径,重启和可选上界处理后,0.0008483398933764967,0.0008482536131064619,7.644000676544815e-07
1,81002,3,GP 表达式自身产生的状态,100,本轮最优路径,更新前,0.05493908663303815,0.0,0.0
1,81002,3,GP 表达式自身产生的状态,100,本轮最优路径,蒸发和下界保护后,0.05493908663303815,0.0,0.0
1,81002,3,GP 表达式自身产生的状态,100,本轮最优路径,沉积后,0.05493908663303815,0.05493917931873434,4.804754327776423e-05
1,81002,3,GP 表达式自身产生的状态,100,本轮最优路径,重启和可选上界处理后,0.05493908663303815,0.05493917931873434,4.804754327776423e-05
1,81002,4,GP 表达式自身产生的状态,100,本轮最优路径,更新前,0.008670063503501298,0.0,0.0
1,81002,4,GP 表达式自身产生的状态,100,本轮最优路径,蒸发和下界保护后,0.008670063503501298,0.0,0.0
1,81002,4,GP 表达式自身产生的状态,100,本轮最优路径,沉积后,0.008670063503501298,0.008670123438369802,7.690415717547123e-06
1,81002,4,GP 表达式自身产生的状态,100,本轮最优路径,重启和可选上界处理后,0.008670063503501298,0.008670123438369802,7.690415717547123e-06
1,81002,5,GP 表达式自身产生的状态,100,本轮最优路径,更新前,0.005500370638089196,0.0,0.0
1,81002,5,GP 表达式自身产生的状态,100,本轮最优路径,蒸发和下界保护后,0.005500370638089196,0.0,0.0
1,81002,5,GP 表达式自身产生的状态,100,本轮最优路径,沉积后,0.005500370638089196,0.005500410159782631,4.957609463482363e-06
1,81002,5,GP 表达式自身产生的状态,100,本轮最优路径,重启和可选上界处理后,0.005500370638089196,0.005500410159782631,4.957609463482363e-06
1,81002,6,GP 表达式自身产生的状态,100,本轮最优路径,更新前,0.0017512298450185718,0.0,0.0
1,81002,6,GP 表达式自身产生的状态,100,本轮最优路径,蒸发和下界保护后,0.0017512298450185718,0.0,0.0
1,81002,6,GP 表达式自身产生的状态,100,本轮最优路径,沉积后,0.0017512298450185718,0.0017512480527882767,1.5491565358687777e-06
1,81002,6,GP 表达式自身产生的状态,100,本轮最优路径,重启和可选上界处理后,0.0017512298450185718,0.0017512480527882767,1.5491565358687777e-06
1,81002,7,GP 表达式自身产生的状态,100,本轮最优路径,更新前,0.039861219202709075,0.0,0.0
1,81002,7,GP 表达式自身产生的状态,100,本轮最优路径,蒸发和下界保护后,0.039861219202709075,0.0,0.0
1,81002,7,GP 表达式自身产生的状态,100,本轮最优路径,沉积后,0.039861219202709075,0.03986121551577043,3.482257839275665e-05
1,81002,7,GP 表达式自身产生的状态,100,本轮最优路径,重启和可选上界处理后,0.039861219202709075,0.03986121551577043,3.482257839275665e-05
1,81002,0,GP 表达式自身产生的状态,100,历史重启阶段最优路径,更新前,0.024389723613741195,0.0,0.0
1,81002,0,GP 表达式自身产生的状态,100,历史重启阶段最优路径,蒸发和下界保护后,0.024389723613741195,0.0,0.0
1,81002,0,GP 表达式自身产生的状态,100,历史重启阶段最优路径,沉积后,0.024389723613741195,0.02438970722316625,2.134562400067378e-05
1,81002,0,GP 表达式自身产生的状态,100,历史重启阶段最优路径,重启和可选上界处理后,0.024389723613741195,0.02438970722316625,2.134562400067378e-05
1,81002,1,GP 表达式自身产生的状态,100,历史重启阶段最优路径,更新前,0.01240186809347047,0.0,0.0
1,81002,1,GP 表达式自身产生的状态,100,历史重启阶段最优路径,蒸发和下界保护后,0.01240186809347047,0.0,0.0
1,81002,1,GP 表达式自身产生的状态,100,历史重启阶段最优路径,沉积后,0.01240186809347047,0.012401909333725845,1.0886971916225156e-05
1,81002,1,GP 表达式自身产生的状态,100,历史重启阶段最优路径,重启和可选上界处理后,0.01240186809347047,0.012401909333725845,1.0886971916225156e-05
1,81002,2,GP 表达式自身产生的状态,100,历史重启阶段最优路径,更新前,0.0008565111136017867,0.0,0.0
1,81002,2,GP 表达式自身产生的状态,100,历史重启阶段最优路径,蒸发和下界保护后,0.0008565111136017867,0.0,0.0
1,81002,2,GP 表达式自身产生的状态,100,历史重启阶段最优路径,沉积后,0.0008565111136017867,0.0008564452067667815,7.717818867842756e-07
1,81002,2,GP 表达式自身产生的状态,100,历史重启阶段最优路径,重启和可选上界处理后,0.0008565111136017867,0.0008564452067667815,7.717818867842756e-07
1,81002,3,GP 表达式自身产生的状态,100,历史重启阶段最优路径,更新前,0.03278954417094015,0.0,0.0
1,81002,3,GP 表达式自身产生的状态,100,历史重启阶段最优路径,蒸发和下界保护后,0.03278954417094015,0.0,0.0
1,81002,3,GP 表达式自身产生的状态,100,历史重启阶段最优路径,沉积后,0.03278954417094015,0.03278954820075303,2.867638824915581e-05
1,81002,3,GP 表达式自身产生的状态,100,历史重启阶段最优路径,重启和可选上界处理后,0.03278954417094015,0.03278954820075303,2.867638824915581e-05
1,81002,4,GP 表达式自身产生的状态,100,历史重启阶段最优路径,更新前,0.008670063503501298,0.0,0.0
1,81002,4,GP 表达式自身产生的状态,100,历史重启阶段最优路径,蒸发和下界保护后,0.008670063503501298,0.0,0.0
1,81002,4,GP 表达式自身产生的状态,100,历史重启阶段最优路径,沉积后,0.008670063503501298,0.008670123438369802,7.690415717547123e-06
1,81002,4,GP 表达式自身产生的状态,100,历史重启阶段最优路径,重启和可选上界处理后,0.008670063503501298,0.008670123438369802,7.690415717547123e-06
1,81002,5,GP 表达式自身产生的状态,100,历史重启阶段最优路径,更新前,0.005500551951458157,0.0,0.0
1,81002,5,GP 表达式自身产生的状态,100,历史重启阶段最优路径,蒸发和下界保护后,0.005500551951458157,0.0,0.0
1,81002,5,GP 表达式自身产生的状态,100,历史重启阶段最优路径,沉积后,0.005500551951458157,0.005500606673802914,4.9577865847766596e-06
1,81002,5,GP 表达式自身产生的状态,100,历史重启阶段最优路径,重启和可选上界处理后,0.005500551951458157,0.005500606673802914,4.9577865847766596e-06
1,81002,6,GP 表达式自身产生的状态,100,历史重启阶段最优路径,更新前,0.0017518629898637783,0.0,0.0
1,81002,6,GP 表达式自身产生的状态,100,历史重启阶段最优路径,蒸发和下界保护后,0.0017518629898637783,0.0,0.0
1,81002,6,GP 表达式自身产生的状态,100,历史重启阶段最优路径,沉积后,0.0017518629898637783,0.0017518875096603143,1.549722200333698e-06
1,81002,6,GP 表达式自身产生的状态,100,历史重启阶段最优路径,重启和可选上界处理后,0.0017518629898637783,0.0017518875096603143,1.549722200333698e-06
1,81002,7,GP 表达式自身产生的状态,100,历史重启阶段最优路径,更新前,0.03683315455621989,0.0,0.0
1,81002,7,GP 表达式自身产生的状态,100,历史重启阶段最优路径,蒸发和下界保护后,0.03683315455621989,0.0,0.0
1,81002,7,GP 表达式自身产生的状态,100,历史重启阶段最优路径,沉积后,0.03683315455621989,0.03683313143474027,3.2177257774026056e-05
1,81002,7,GP 表达式自身产生的状态,100,历史重启阶段最优路径,重启和可选上界处理后,0.03683315455621989,0.03683313143474027,3.2177257774026056e-05
1,81002,0,GP 表达式自身产生的状态,100,历史全局最优路径,更新前,0.024389723613741195,0.0,0.0
1,81002,0,GP 表达式自身产生的状态,100,历史全局最优路径,蒸发和下界保护后,0.024389723613741195,0.0,0.0
1,81002,0,GP 表达式自身产生的状态,100,历史全局最优路径,沉积后,0.024389723613741195,0.02438970722316625,2.134562400067378e-05
1,81002,0,GP 表达式自身产生的状态,100,历史全局最优路径,重启和可选上界处理后,0.024389723613741195,0.02438970722316625,2.134562400067378e-05
1,81002,1,GP 表达式自身产生的状态,100,历史全局最优路径,更新前,0.01240186809347047,0.0,0.0
1,81002,1,GP 表达式自身产生的状态,100,历史全局最优路径,蒸发和下界保护后,0.01240186809347047,0.0,0.0
1,81002,1,GP 表达式自身产生的状态,100,历史全局最优路径,沉积后,0.01240186809347047,0.012401909333725845,1.0886971916225156e-05
1,81002,1,GP 表达式自身产生的状态,100,历史全局最优路径,重启和可选上界处理后,0.01240186809347047,0.012401909333725845,1.0886971916225156e-05
1,81002,2,GP 表达式自身产生的状态,100,历史全局最优路径,更新前,0.0008565111136017867,0.0,0.0
1,81002,2,GP 表达式自身产生的状态,100,历史全局最优路径,蒸发和下界保护后,0.0008565111136017867,0.0,0.0
1,81002,2,GP 表达式自身产生的状态,100,历史全局最优路径,沉积后,0.0008565111136017867,0.0008564452067667815,7.717818867842756e-07
1,81002,2,GP 表达式自身产生的状态,100,历史全局最优路径,重启和可选上界处理后,0.0008565111136017867,0.0008564452067667815,7.717818867842756e-07
1,81002,3,GP 表达式自身产生的状态,100,历史全局最优路径,更新前,0.03278954417094015,0.0,0.0
1,81002,3,GP 表达式自身产生的状态,100,历史全局最优路径,蒸发和下界保护后,0.03278954417094015,0.0,0.0
1,81002,3,GP 表达式自身产生的状态,100,历史全局最优路径,沉积后,0.03278954417094015,0.03278954820075303,2.867638824915581e-05
1,81002,3,GP 表达式自身产生的状态,100,历史全局最优路径,重启和可选上界处理后,0.03278954417094015,0.03278954820075303,2.867638824915581e-05
1,81002,4,GP 表达式自身产生的状态,100,历史全局最优路径,更新前,0.008670063503501298,0.0,0.0
1,81002,4,GP 表达式自身产生的状态,100,历史全局最优路径,蒸发和下界保护后,0.008670063503501298,0.0,0.0
1,81002,4,GP 表达式自身产生的状态,100,历史全局最优路径,沉积后,0.008670063503501298,0.008670123438369802,7.690415717547123e-06
1,81002,4,GP 表达式自身产生的状态,100,历史全局最优路径,重启和可选上界处理后,0.008670063503501298,0.008670123438369802,7.690415717547123e-06
1,81002,5,GP 表达式自身产生的状态,100,历史全局最优路径,更新前,0.005500551951458157,0.0,0.0
1,81002,5,GP 表达式自身产生的状态,100,历史全局最优路径,蒸发和下界保护后,0.005500551951458157,0.0,0.0
1,81002,5,GP 表达式自身产生的状态,100,历史全局最优路径,沉积后,0.005500551951458157,0.005500606673802914,4.9577865847766596e-06
1,81002,5,GP 表达式自身产生的状态,100,历史全局最优路径,重启和可选上界处理后,0.005500551951458157,0.005500606673802914,4.9577865847766596e-06
1,81002,6,GP 表达式自身产生的状态,100,历史全局最优路径,更新前,0.0017518629898637783,0.0,0.0
1,81002,6,GP 表达式自身产生的状态,100,历史全局最优路径,蒸发和下界保护后,0.0017518629898637783,0.0,0.0
1,81002,6,GP 表达式自身产生的状态,100,历史全局最优路径,沉积后,0.0017518629898637783,0.0017518875096603143,1.549722200333698e-06
1,81002,6,GP 表达式自身产生的状态,100,历史全局最优路径,重启和可选上界处理后,0.0017518629898637783,0.0017518875096603143,1.549722200333698e-06
1,81002,7,GP 表达式自身产生的状态,100,历史全局最优路径,更新前,0.03683315455621989,0.0,0.0
1,81002,7,GP 表达式自身产生的状态,100,历史全局最优路径,蒸发和下界保护后,0.03683315455621989,0.0,0.0
1,81002,7,GP 表达式自身产生的状态,100,历史全局最优路径,沉积后,0.03683315455621989,0.03683313143474027,3.2177257774026056e-05
1,81002,7,GP 表达式自身产生的状态,100,历史全局最优路径,重启和可选上界处理后,0.03683315455621989,0.03683313143474027,3.2177257774026056e-05
1,81003,0,GP 表达式自身产生的状态,100,本轮最优路径,更新前,0.06700589413729365,0.0,0.0
1,81003,0,GP 表达式自身产生的状态,100,本轮最优路径,蒸发和下界保护后,0.06700589413729365,0.0,0.0
1,81003,0,GP 表达式自身产生的状态,100,本轮最优路径,沉积后,0.06700589413729365,0.0670058705533094,5.835464140544378e-05
1,81003,0,GP 表达式自身产生的状态,100,本轮最优路径,重启和可选上界处理后,0.06700589413729365,0.0670058705533094,5.835464140544378e-05
1,81003,1,GP 表达式自身产生的状态,100,本轮最优路径,更新前,0.0781261511699695,0.0,0.0
1,81003,1,GP 表达式自身产生的状态,100,本轮最优路径,蒸发和下界保护后,0.0781261511699695,0.0,0.0
1,81003,1,GP 表达式自身产生的状态,100,本轮最优路径,沉积后,0.0781261511699695,0.07812609697320433,6.767082715901811e-05
1,81003,1,GP 表达式自身产生的状态,100,本轮最优路径,重启和可选上界处理后,0.0781261511699695,0.07812609697320433,6.767082715901811e-05
1,81003,2,GP 表达式自身产生的状态,100,本轮最优路径,更新前,0.04571033199984278,0.0,0.0
1,81003,2,GP 表达式自身产生的状态,100,本轮最优路径,蒸发和下界保护后,0.04571033199984278,0.0,0.0
1,81003,2,GP 表达式自身产生的状态,100,本轮最优路径,沉积后,0.04571033199984278,0.04571031394399005,4.06005618130757e-05
1,81003,2,GP 表达式自身产生的状态,100,本轮最优路径,重启和可选上界处理后,0.04571033199984278,0.04571031394399005,4.06005618130757e-05
1,81003,3,GP 表达式自身产生的状态,100,本轮最优路径,更新前,0.07433535367240626,0.0,0.0
1,81003,3,GP 表达式自身产生的状态,100,本轮最优路径,蒸发和下界保护后,0.07433535367240626,0.0,0.0
1,81003,3,GP 表达式自身产生的状态,100,本轮最优路径,沉积后,0.07433535367240626,0.0743353398034981,6.434760952247314e-05
1,81003,3,GP 表达式自身产生的状态,100,本轮最优路径,重启和可选上界处理后,0.07433535367240626,0.0743353398034981,6.434760952247314e-05
1,81003,4,GP 表达式自身产生的状态,100,本轮最优路径,更新前,0.028750536402412295,0.0,0.0
1,81003,4,GP 表达式自身产生的状态,100,本轮最优路径,蒸发和下界保护后,0.028750536402412295,0.0,0.0
1,81003,4,GP 表达式自身产生的状态,100,本轮最优路径,沉积后,0.028750536402412295,0.028750629232119747,2.522767400963603e-05
1,81003,4,GP 表达式自身产生的状态,100,本轮最优路径,重启和可选上界处理后,0.028750536402412295,0.028750629232119747,2.522767400963603e-05
1,81003,5,GP 表达式自身产生的状态,100,本轮最优路径,更新前,0.054455270977268315,0.0,0.0
1,81003,5,GP 表达式自身产生的状态,100,本轮最优路径,蒸发和下界保护后,0.054455270977268315,0.0,0.0
1,81003,5,GP 表达式自身产生的状态,100,本轮最优路径,沉积后,0.054455270977268315,0.054455233786958185,4.831000580201392e-05
1,81003,5,GP 表达式自身产生的状态,100,本轮最优路径,重启和可选上界处理后,0.054455270977268315,0.054455233786958185,4.831000580201392e-05
1,81003,6,GP 表达式自身产生的状态,100,本轮最优路径,更新前,0.04027078987544859,0.0,0.0
1,81003,6,GP 表达式自身产生的状态,100,本轮最优路径,蒸发和下界保护后,0.04027078987544859,0.0,0.0
1,81003,6,GP 表达式自身产生的状态,100,本轮最优路径,沉积后,0.04027078987544859,0.04027078606904043,3.521791250485659e-05
1,81003,6,GP 表达式自身产生的状态,100,本轮最优路径,重启和可选上界处理后,0.04027078987544859,0.04027078606904043,3.521791250485659e-05
1,81003,7,GP 表达式自身产生的状态,100,本轮最优路径,更新前,0.08196596326972887,0.0,0.0
1,81003,7,GP 表达式自身产生的状态,100,本轮最优路径,蒸发和下界保护后,0.08196596326972887,0.0,0.0
1,81003,7,GP 表达式自身产生的状态,100,本轮最优路径,沉积后,0.08196596326972887,0.08196589840863776,7.140099940786091e-05
1,81003,7,GP 表达式自身产生的状态,100,本轮最优路径,重启和可选上界处理后,0.08196596326972887,0.08196589840863776,7.140099940786091e-05
1,81003,0,GP 表达式自身产生的状态,100,历史重启阶段最优路径,更新前,0.04222734702560328,0.0,0.0
1,81003,0,GP 表达式自身产生的状态,100,历史重启阶段最优路径,蒸发和下界保护后,0.04222734702560328,0.0,0.0
1,81003,0,GP 表达式自身产生的状态,100,历史重启阶段最优路径,沉积后,0.04222734702560328,0.04222734265819879,3.6775306670533e-05
1,81003,0,GP 表达式自身产生的状态,100,历史重启阶段最优路径,重启和可选上界处理后,0.04222734702560328,0.04222734265819879,3.6775306670533e-05
1,81003,1,GP 表达式自身产生的状态,100,历史重启阶段最优路径,更新前,0.04273326032592765,0.0,0.0
1,81003,1,GP 表达式自身产生的状态,100,历史重启阶段最优路径,蒸发和下界保护后,0.04273326032592765,0.0,0.0
1,81003,1,GP 表达式自身产生的状态,100,历史重启阶段最优路径,沉积后,0.04273326032592765,0.042733289597293736,3.701448256485357e-05
1,81003,1,GP 表达式自身产生的状态,100,历史重启阶段最优路径,重启和可选上界处理后,0.04273326032592765,0.042733289597293736,3.701448256485357e-05
1,81003,2,GP 表达式自身产生的状态,100,历史重启阶段最优路径,更新前,0.03313452533646666,0.0,0.0
1,81003,2,GP 表达式自身产生的状态,100,历史重启阶段最优路径,蒸发和下界保护后,0.03313452533646666,0.0,0.0
1,81003,2,GP 表达式自身产生的状态,100,历史重启阶段最优路径,沉积后,0.03313452533646666,0.03313445049807017,2.943049805428149e-05
1,81003,2,GP 表达式自身产生的状态,100,历史重启阶段最优路径,重启和可选上界处理后,0.03313452533646666,0.03313445049807017,2.943049805428149e-05
1,81003,3,GP 表达式自身产生的状态,100,历史重启阶段最优路径,更新前,0.07751941870571884,0.0,0.0
1,81003,3,GP 表达式自身产生的状态,100,历史重启阶段最优路径,蒸发和下界保护后,0.07751941870571884,0.0,0.0
1,81003,3,GP 表达式自身产生的状态,100,历史重启阶段最优路径,沉积后,0.07751941870571884,0.07751943919098686,6.710389185882201e-05
1,81003,3,GP 表达式自身产生的状态,100,历史重启阶段最优路径,重启和可选上界处理后,0.07751941870571884,0.07751943919098686,6.710389185882201e-05
1,81003,4,GP 表达式自身产生的状态,100,历史重启阶段最优路径,更新前,0.02887683115856583,0.0,0.0
1,81003,4,GP 表达式自身产生的状态,100,历史重启阶段最优路径,蒸发和下界保护后,0.02887683115856583,0.0,0.0
1,81003,4,GP 表达式自身产生的状态,100,历史重启阶段最优路径,沉积后,0.02887683115856583,0.028876897830492017,2.533846746262216e-05
1,81003,4,GP 表达式自身产生的状态,100,历史重启阶段最优路径,重启和可选上界处理后,0.02887683115856583,0.028876897830492017,2.533846746262216e-05
1,81003,5,GP 表达式自身产生的状态,100,历史重启阶段最优路径,更新前,0.038002338316162086,0.0,0.0
1,81003,5,GP 表达式自身产生的状态,100,历史重启阶段最优路径,蒸发和下界保护后,0.038002338316162086,0.0,0.0
1,81003,5,GP 表达式自身产生的状态,100,历史重启阶段最优路径,沉积后,0.038002338316162086,0.03800232386012792,3.37137931195969e-05
1,81003,5,GP 表达式自身产生的状态,100,历史重启阶段最优路径,重启和可选上界处理后,0.038002338316162086,0.03800232386012792,3.37137931195969e-05
1,81003,6,GP 表达式自身产生的状态,100,历史重启阶段最优路径,更新前,0.0335870383446733,0.0,0.0
1,81003,6,GP 表达式自身产生的状态,100,历史重启阶段最优路径,蒸发和下界保护后,0.0335870383446733,0.0,0.0
1,81003,6,GP 表达式自身产生的状态,100,历史重启阶段最优路径,沉积后,0.0335870383446733,0.03358698382708547,2.9372746508682333e-05
1,81003,6,GP 表达式自身产生的状态,100,历史重启阶段最优路径,重启和可选上界处理后,0.0335870383446733,0.03358698382708547,2.9372746508682333e-05
1,81003,7,GP 表达式自身产生的状态,100,历史重启阶段最优路径,更新前,0.08196596326972887,0.0,0.0
1,81003,7,GP 表达式自身产生的状态,100,历史重启阶段最优路径,蒸发和下界保护后,0.08196596326972887,0.0,0.0
1,81003,7,GP 表达式自身产生的状态,100,历史重启阶段最优路径,沉积后,0.08196596326972887,0.08196589840863776,7.140099940786091e-05
1,81003,7,GP 表达式自身产生的状态,100,历史重启阶段最优路径,重启和可选上界处理后,0.08196596326972887,0.08196589840863776,7.140099940786091e-05
1,81003,0,GP 表达式自身产生的状态,100,历史全局最优路径,更新前,0.04222734702560328,0.0,0.0
1,81003,0,GP 表达式自身产生的状态,100,历史全局最优路径,蒸发和下界保护后,0.04222734702560328,0.0,0.0
1,81003,0,GP 表达式自身产生的状态,100,历史全局最优路径,沉积后,0.04222734702560328,0.04222734265819879,3.6775306670533e-05
1,81003,0,GP 表达式自身产生的状态,100,历史全局最优路径,重启和可选上界处理后,0.04222734702560328,0.04222734265819879,3.6775306670533e-05
1,81003,1,GP 表达式自身产生的状态,100,历史全局最优路径,更新前,0.04273326032592765,0.0,0.0
1,81003,1,GP 表达式自身产生的状态,100,历史全局最优路径,蒸发和下界保护后,0.04273326032592765,0.0,0.0
1,81003,1,GP 表达式自身产生的状态,100,历史全局最优路径,沉积后,0.04273326032592765,0.042733289597293736,3.701448256485357e-05
1,81003,1,GP 表达式自身产生的状态,100,历史全局最优路径,重启和可选上界处理后,0.04273326032592765,0.042733289597293736,3.701448256485357e-05
1,81003,2,GP 表达式自身产生的状态,100,历史全局最优路径,更新前,0.03313452533646666,0.0,0.0
1,81003,2,GP 表达式自身产生的状态,100,历史全局最优路径,蒸发和下界保护后,0.03313452533646666,0.0,0.0
1,81003,2,GP 表达式自身产生的状态,100,历史全局最优路径,沉积后,0.03313452533646666,0.03313445049807017,2.943049805428149e-05
1,81003,2,GP 表达式自身产生的状态,100,历史全局最优路径,重启和可选上界处理后,0.03313452533646666,0.03313445049807017,2.943049805428149e-05
1,81003,3,GP 表达式自身产生的状态,100,历史全局最优路径,更新前,0.07751941870571884,0.0,0.0
1,81003,3,GP 表达式自身产生的状态,100,历史全局最优路径,蒸发和下界保护后,0.07751941870571884,0.0,0.0
1,81003,3,GP 表达式自身产生的状态,100,历史全局最优路径,沉积后,0.07751941870571884,0.07751943919098686,6.710389185882201e-05
1,81003,3,GP 表达式自身产生的状态,100,历史全局最优路径,重启和可选上界处理后,0.07751941870571884,0.07751943919098686,6.710389185882201e-05
1,81003,4,GP 表达式自身产生的状态,100,历史全局最优路径,更新前,0.02887683115856583,0.0,0.0
1,81003,4,GP 表达式自身产生的状态,100,历史全局最优路径,蒸发和下界保护后,0.02887683115856583,0.0,0.0
1,81003,4,GP 表达式自身产生的状态,100,历史全局最优路径,沉积后,0.02887683115856583,0.028876897830492017,2.533846746262216e-05
1,81003,4,GP 表达式自身产生的状态,100,历史全局最优路径,重启和可选上界处理后,0.02887683115856583,0.028876897830492017,2.533846746262216e-05
1,81003,5,GP 表达式自身产生的状态,100,历史全局最优路径,更新前,0.038002338316162086,0.0,0.0
1,81003,5,GP 表达式自身产生的状态,100,历史全局最优路径,蒸发和下界保护后,0.038002338316162086,0.0,0.0
1,81003,5,GP 表达式自身产生的状态,100,历史全局最优路径,沉积后,0.038002338316162086,0.03800232386012792,3.37137931195969e-05
1,81003,5,GP 表达式自身产生的状态,100,历史全局最优路径,重启和可选上界处理后,0.038002338316162086,0.03800232386012792,3.37137931195969e-05
1,81003,6,GP 表达式自身产生的状态,100,历史全局最优路径,更新前,0.0335870383446733,0.0,0.0
1,81003,6,GP 表达式自身产生的状态,100,历史全局最优路径,蒸发和下界保护后,0.0335870383446733,0.0,0.0
1,81003,6,GP 表达式自身产生的状态,100,历史全局最优路径,沉积后,0.0335870383446733,0.03358698382708547,2.9372746508682333e-05
1,81003,6,GP 表达式自身产生的状态,100,历史全局最优路径,重启和可选上界处理后,0.0335870383446733,0.03358698382708547,2.9372746508682333e-05
1,81003,7,GP 表达式自身产生的状态,100,历史全局最优路径,更新前,0.08196596326972887,0.0,0.0
1,81003,7,GP 表达式自身产生的状态,100,历史全局最优路径,蒸发和下界保护后,0.08196596326972887,0.0,0.0
1,81003,7,GP 表达式自身产生的状态,100,历史全局最优路径,沉积后,0.08196596326972887,0.08196589840863776,7.140099940786091e-05
1,81003,7,GP 表达式自身产生的状态,100,历史全局最优路径,重启和可选上界处理后,0.08196596326972887,0.08196589840863776,7.140099940786091e-05
1,81003,0,不使用 GP 产生的状态,250,本轮最优路径,更新前,0.0029540277859569585,0.0,0.0
1,81003,0,不使用 GP 产生的状态,250,本轮最优路径,蒸发和下界保护后,0.0029540277859569585,0.0,0.0
1,81003,0,不使用 GP 产生的状态,250,本轮最优路径,沉积后,0.0029540277859569585,0.002953977283467611,2.599555387557806e-06
1,81003,0,不使用 GP 产生的状态,250,本轮最优路径,重启和可选上界处理后,0.0029540277859569585,0.002953977283467611,2.599555387557806e-06
1,81003,1,不使用 GP 产生的状态,250,本轮最优路径,更新前,0.008096421391723507,0.0,0.0
1,81003,1,不使用 GP 产生的状态,250,本轮最优路径,蒸发和下界保护后,0.008096421391723507,0.0,0.0
1,81003,1,不使用 GP 产生的状态,250,本轮最优路径,沉积后,0.008096421391723507,0.008096395385931368,7.100100562877652e-06
1,81003,1,不使用 GP 产生的状态,250,本轮最优路径,重启和可选上界处理后,0.008096421391723507,0.008096395385931368,7.100100562877652e-06
1,81003,2,不使用 GP 产生的状态,250,本轮最优路径,更新前,0.004129867037131971,0.0,0.0
1,81003,2,不使用 GP 产生的状态,250,本轮最优路径,蒸发和下界保护后,0.004129867037131971,0.0,0.0
1,81003,2,不使用 GP 产生的状态,250,本轮最优路径,沉积后,0.004129867037131971,0.004129861167546093,3.7349997947921907e-06
1,81003,2,不使用 GP 产生的状态,250,本轮最优路径,重启和可选上界处理后,0.004129867037131971,0.004129861167546093,3.7349997947921907e-06
1,81003,3,不使用 GP 产生的状态,250,本轮最优路径,更新前,0.0049436363631077795,0.0,0.0
1,81003,3,不使用 GP 产生的状态,250,本轮最优路径,蒸发和下界保护后,0.0049436363631077795,0.0,0.0
1,81003,3,不使用 GP 产生的状态,250,本轮最优路径,沉积后,0.0049436363631077795,0.0049435350587626135,4.374344522852932e-06
1,81003,3,不使用 GP 产生的状态,250,本轮最优路径,重启和可选上界处理后,0.0049436363631077795,0.0049435350587626135,4.374344522852932e-06
1,81003,4,不使用 GP 产生的状态,250,本轮最优路径,更新前,0.004048888931237139,0.0,0.0
1,81003,4,不使用 GP 产生的状态,250,本轮最优路径,蒸发和下界保护后,0.004048888931237139,0.0,0.0
1,81003,4,不使用 GP 产生的状态,250,本轮最优路径,沉积后,0.004048888931237139,0.004048894589691966,3.589948610583353e-06
1,81003,4,不使用 GP 产生的状态,250,本轮最优路径,重启和可选上界处理后,0.004048888931237139,0.004048894589691966,3.589948610583353e-06
1,81003,5,不使用 GP 产生的状态,250,本轮最优路径,更新前,0.004287072381295857,0.0,0.0
1,81003,5,不使用 GP 产生的状态,250,本轮最优路径,蒸发和下界保护后,0.004287072381295857,0.0,0.0
1,81003,5,不使用 GP 产生的状态,250,本轮最优路径,沉积后,0.004287072381295857,0.004286998654672651,3.855523049204885e-06
1,81003,5,不使用 GP 产生的状态,250,本轮最优路径,重启和可选上界处理后,0.004287072381295857,0.004286998654672651,3.855523049204885e-06
1,81003,6,不使用 GP 产生的状态,250,本轮最优路径,更新前,0.008068523363261531,0.0,0.0
1,81003,6,不使用 GP 产生的状态,250,本轮最优路径,蒸发和下界保护后,0.008068523363261531,0.0,0.0
1,81003,6,不使用 GP 产生的状态,250,本轮最优路径,沉积后,0.008068523363261531,0.00806857689956779,7.135340373583068e-06
1,81003,6,不使用 GP 产生的状态,250,本轮最优路径,重启和可选上界处理后,0.008068523363261531,0.00806857689956779,7.135340373583068e-06
1,81003,7,不使用 GP 产生的状态,250,本轮最优路径,更新前,0.007613374057074607,0.0,0.0
1,81003,7,不使用 GP 产生的状态,250,本轮最优路径,蒸发和下界保护后,0.007613374057074607,0.0,0.0
1,81003,7,不使用 GP 产生的状态,250,本轮最优路径,沉积后,0.007613374057074607,0.007613419765960384,6.726826324008803e-06
1,81003,7,不使用 GP 产生的状态,250,本轮最优路径,重启和可选上界处理后,0.007613374057074607,0.007613419765960384,6.726826324008803e-06
1,81003,0,不使用 GP 产生的状态,250,历史重启阶段最优路径,更新前,0.0029542937575023237,0.0,0.0
1,81003,0,不使用 GP 产生的状态,250,历史重启阶段最优路径,蒸发和下界保护后,0.0029542937575023237,0.0,0.0
1,81003,0,不使用 GP 产生的状态,250,历史重启阶段最优路径,沉积后,0.0029542937575023237,0.0029542815331833863,2.599823133011447e-06
1,81003,0,不使用 GP 产生的状态,250,历史重启阶段最优路径,重启和可选上界处理后,0.0029542937575023237,0.0029542815331833863,2.599823133011447e-06
1,81003,1,不使用 GP 产生的状态,250,历史重启阶段最优路径,更新前,0.008096421391723507,0.0,0.0
1,81003,1,不使用 GP 产生的状态,250,历史重启阶段最优路径,蒸发和下界保护后,0.008096421391723507,0.0,0.0
1,81003,1,不使用 GP 产生的状态,250,历史重启阶段最优路径,沉积后,0.008096421391723507,0.008096395385931368,7.100100562877652e-06
1,81003,1,不使用 GP 产生的状态,250,历史重启阶段最优路径,重启和可选上界处理后,0.008096421391723507,0.008096395385931368,7.100100562877652e-06
1,81003,2,不使用 GP 产生的状态,250,历史重启阶段最优路径,更新前,0.004130093260754365,0.0,0.0
1,81003,2,不使用 GP 产生的状态,250,历史重启阶段最优路径,蒸发和下界保护后,0.004130093260754365,0.0,0.0
1,81003,2,不使用 GP 产生的状态,250,历史重启阶段最优路径,沉积后,0.004130093260754365,0.0041301076901529826,3.7352227470534875e-06
1,81003,2,不使用 GP 产生的状态,250,历史重启阶段最优路径,重启和可选上界处理后,0.004130093260754365,0.0041301076901529826,3.7352227470534875e-06
1,81003,3,不使用 GP 产生的状态,250,历史重启阶段最优路径,更新前,0.004875872218962253,0.0,0.0
1,81003,3,不使用 GP 产生的状态,250,历史重启阶段最优路径,蒸发和下界保护后,0.004875872218962253,0.0,0.0
1,81003,3,不使用 GP 产生的状态,250,历史重启阶段最优路径,沉积后,0.004875872218962253,0.004875788586873859,4.3143982688612875e-06
1,81003,3,不使用 GP 产生的状态,250,历史重启阶段最优路径,重启和可选上界处理后,0.004875872218962253,0.004875788586873859,4.3143982688612875e-06
1,81003,4,不使用 GP 产生的状态,250,历史重启阶段最优路径,更新前,0.004048916862333306,0.0,0.0
1,81003,4,不使用 GP 产生的状态,250,历史重启阶段最优路径,蒸发和下界保护后,0.004048916862333306,0.0,0.0
1,81003,4,不使用 GP 产生的状态,250,历史重启阶段最优路径,沉积后,0.004048916862333306,0.004048905184245684,3.589958004234523e-06
1,81003,4,不使用 GP 产生的状态,250,历史重启阶段最优路径,重启和可选上界处理后,0.004048916862333306,0.004048905184245684,3.589958004234523e-06
1,81003,5,不使用 GP 产生的状态,250,历史重启阶段最优路径,更新前,0.004287246766085622,0.0,0.0
1,81003,5,不使用 GP 产生的状态,250,历史重启阶段最优路径,蒸发和下界保护后,0.004287246766085622,0.0,0.0
1,81003,5,不使用 GP 产生的状态,250,历史重启阶段最优路径,沉积后,0.004287246766085622,0.004287202408249511,3.855706295497973e-06
1,81003,5,不使用 GP 产生的状态,250,历史重启阶段最优路径,重启和可选上界处理后,0.004287246766085622,0.004287202408249511,3.855706295497973e-06
1,81003,6,不使用 GP 产生的状态,250,历史重启阶段最优路径,更新前,0.008203091785638567,0.0,0.0
1,81003,6,不使用 GP 产生的状态,250,历史重启阶段最优路径,蒸发和下界保护后,0.008203091785638567,0.0,0.0
1,81003,6,不使用 GP 产生的状态,250,历史重启阶段最优路径,沉积后,0.008203091785638567,0.008203130268652362,7.254330884398203e-06
1,81003,6,不使用 GP 产生的状态,250,历史重启阶段最优路径,重启和可选上界处理后,0.008203091785638567,0.008203130268652362,7.254330884398203e-06
1,81003,7,不使用 GP 产生的状态,250,历史重启阶段最优路径,更新前,0.007613596424627038,0.0,0.0
1,81003,7,不使用 GP 产生的状态,250,历史重启阶段最优路径,蒸发和下界保护后,0.007613596424627038,0.0,0.0
1,81003,7,不使用 GP 产生的状态,250,历史重启阶段最优路径,沉积后,0.007613596424627038,0.007613605072254077,6.726990051123915e-06
1,81003,7,不使用 GP 产生的状态,250,历史重启阶段最优路径,重启和可选上界处理后,0.007613596424627038,0.007613605072254077,6.726990051123915e-06
1,81003,0,不使用 GP 产生的状态,250,历史全局最优路径,更新前,0.0029542937575023237,0.0,0.0
1,81003,0,不使用 GP 产生的状态,250,历史全局最优路径,蒸发和下界保护后,0.0029542937575023237,0.0,0.0
1,81003,0,不使用 GP 产生的状态,250,历史全局最优路径,沉积后,0.0029542937575023237,0.0029542815331833863,2.599823133011447e-06
1,81003,0,不使用 GP 产生的状态,250,历史全局最优路径,重启和可选上界处理后,0.0029542937575023237,0.0029542815331833863,2.599823133011447e-06
1,81003,1,不使用 GP 产生的状态,250,历史全局最优路径,更新前,0.008096421391723507,0.0,0.0
1,81003,1,不使用 GP 产生的状态,250,历史全局最优路径,蒸发和下界保护后,0.008096421391723507,0.0,0.0
1,81003,1,不使用 GP 产生的状态,250,历史全局最优路径,沉积后,0.008096421391723507,0.008096395385931368,7.100100562877652e-06
1,81003,1,不使用 GP 产生的状态,250,历史全局最优路径,重启和可选上界处理后,0.008096421391723507,0.008096395385931368,7.100100562877652e-06
1,81003,2,不使用 GP 产生的状态,250,历史全局最优路径,更新前,0.004130093260754365,0.0,0.0
1,81003,2,不使用 GP 产生的状态,250,历史全局最优路径,蒸发和下界保护后,0.004130093260754365,0.0,0.0
1,81003,2,不使用 GP 产生的状态,250,历史全局最优路径,沉积后,0.004130093260754365,0.0041301076901529826,3.7352227470534875e-06
1,81003,2,不使用 GP 产生的状态,250,历史全局最优路径,重启和可选上界处理后,0.004130093260754365,0.0041301076901529826,3.7352227470534875e-06
1,81003,3,不使用 GP 产生的状态,250,历史全局最优路径,更新前,0.004875872218962253,0.0,0.0
1,81003,3,不使用 GP 产生的状态,250,历史全局最优路径,蒸发和下界保护后,0.004875872218962253,0.0,0.0
1,81003,3,不使用 GP 产生的状态,250,历史全局最优路径,沉积后,0.004875872218962253,0.004875788586873859,4.3143982688612875e-06
1,81003,3,不使用 GP 产生的状态,250,历史全局最优路径,重启和可选上界处理后,0.004875872218962253,0.004875788586873859,4.3143982688612875e-06
1,81003,4,不使用 GP 产生的状态,250,历史全局最优路径,更新前,0.004048916862333306,0.0,0.0
1,81003,4,不使用 GP 产生的状态,250,历史全局最优路径,蒸发和下界保护后,0.004048916862333306,0.0,0.0
1,81003,4,不使用 GP 产生的状态,250,历史全局最优路径,沉积后,0.004048916862333306,0.004048905184245684,3.589958004234523e-06
1,81003,4,不使用 GP 产生的状态,250,历史全局最优路径,重启和可选上界处理后,0.004048916862333306,0.004048905184245684,3.589958004234523e-06
1,81003,5,不使用 GP 产生的状态,250,历史全局最优路径,更新前,0.004287246766085622,0.0,0.0
1,81003,5,不使用 GP 产生的状态,250,历史全局最优路径,蒸发和下界保护后,0.004287246766085622,0.0,0.0
1,81003,5,不使用 GP 产生的状态,250,历史全局最优路径,沉积后,0.004287246766085622,0.004287202408249511,3.855706295497973e-06
1,81003,5,不使用 GP 产生的状态,250,历史全局最优路径,重启和可选上界处理后,0.004287246766085622,0.004287202408249511,3.855706295497973e-06
1,81003,6,不使用 GP 产生的状态,250,历史全局最优路径,更新前,0.008203091785638567,0.0,0.0
1,81003,6,不使用 GP 产生的状态,250,历史全局最优路径,蒸发和下界保护后,0.008203091785638567,0.0,0.0
1,81003,6,不使用 GP 产生的状态,250,历史全局最优路径,沉积后,0.008203091785638567,0.008203130268652362,7.254330884398203e-06
1,81003,6,不使用 GP 产生的状态,250,历史全局最优路径,重启和可选上界处理后,0.008203091785638567,0.008203130268652362,7.254330884398203e-06
1,81003,7,不使用 GP 产生的状态,250,历史全局最优路径,更新前,0.007613596424627038,0.0,0.0
1,81003,7,不使用 GP 产生的状态,250,历史全局最优路径,蒸发和下界保护后,0.007613596424627038,0.0,0.0
1,81003,7,不使用 GP 产生的状态,250,历史全局最优路径,沉积后,0.007613596424627038,0.007613605072254077,6.726990051123915e-06
1,81003,7,不使用 GP 产生的状态,250,历史全局最优路径,重启和可选上界处理后,0.007613596424627038,0.007613605072254077,6.726990051123915e-06
1,81001,0,不使用 GP 产生的状态,250,本轮最优路径,更新前,0.0007769705499393429,0.0,0.0
1,81001,0,不使用 GP 产生的状态,250,本轮最优路径,蒸发和下界保护后,0.0007769705499393429,0.0,0.0
1,81001,0,不使用 GP 产生的状态,250,本轮最优路径,沉积后,0.0007769705499393429,0.0007771347756381989,6.838931714794135e-07
1,81001,0,不使用 GP 产生的状态,250,本轮最优路径,重启和可选上界处理后,0.0007769705499393429,0.0007771347756381989,6.838931714794135e-07
1,81001,1,不使用 GP 产生的状态,250,本轮最优路径,更新前,0.005794098504983869,0.0,0.0
1,81001,1,不使用 GP 产生的状态,250,本轮最优路径,蒸发和下界保护后,0.005794098504983869,0.0,0.0
1,81001,1,不使用 GP 产生的状态,250,本轮最优路径,沉积后,0.005794098504983869,0.005794195016770716,5.081195438093613e-06
1,81001,1,不使用 GP 产生的状态,250,本轮最优路径,重启和可选上界处理后,0.005794098504983869,0.005794195016770716,5.081195438093613e-06
1,81001,2,不使用 GP 产生的状态,250,本轮最优路径,更新前,0.000528051668524482,0.0,0.0
1,81001,2,不使用 GP 产生的状态,250,本轮最优路径,蒸发和下界保护后,0.000528051668524482,0.0,0.0
1,81001,2,不使用 GP 产生的状态,250,本轮最优路径,沉积后,0.000528051668524482,0.0005280152281788206,4.775310086432914e-07
1,81001,2,不使用 GP 产生的状态,250,本轮最优路径,重启和可选上界处理后,0.000528051668524482,0.0005280152281788206,4.775310086432914e-07
1,81001,3,不使用 GP 产生的状态,250,本轮最优路径,更新前,0.0008414958683040248,0.0,0.0
1,81001,3,不使用 GP 产生的状态,250,本轮最优路径,蒸发和下界保护后,0.0008414958683040248,0.0,0.0
1,81001,3,不使用 GP 产生的状态,250,本轮最优路径,沉积后,0.0008414958683040248,0.0008413786340372596,7.445036751428656e-07
1,81001,3,不使用 GP 产生的状态,250,本轮最优路径,重启和可选上界处理后,0.0008414958683040248,0.0008413786340372596,7.445036751428656e-07
1,81001,4,不使用 GP 产生的状态,250,本轮最优路径,更新前,0.0005774040203935065,0.0,0.0
1,81001,4,不使用 GP 产生的状态,250,本轮最优路径,蒸发和下界保护后,0.0005774040203935065,0.0,0.0
1,81001,4,不使用 GP 产生的状态,250,本轮最优路径,沉积后,0.0005774040203935065,0.000577257743316601,5.118250395660642e-07
1,81001,4,不使用 GP 产生的状态,250,本轮最优路径,重启和可选上界处理后,0.0005774040203935065,0.000577257743316601,5.118250395660642e-07
1,81001,5,不使用 GP 产生的状态,250,本轮最优路径,更新前,0.000584700501311011,0.0,0.0
1,81001,5,不使用 GP 产生的状态,250,本轮最优路径,蒸发和下界保护后,0.000584700501311011,0.0,0.0
1,81001,5,不使用 GP 产生的状态,250,本轮最优路径,沉积后,0.000584700501311011,0.0005848663557476775,5.260010317082362e-07
1,81001,5,不使用 GP 产生的状态,250,本轮最优路径,重启和可选上界处理后,0.000584700501311011,0.0005848663557476775,5.260010317082362e-07
1,81001,6,不使用 GP 产生的状态,250,本轮最优路径,更新前,0.007841678015295296,0.0,0.0
1,81001,6,不使用 GP 产生的状态,250,本轮最优路径,蒸发和下界保护后,0.007841678015295296,0.0,0.0
1,81001,6,不使用 GP 产生的状态,250,本轮最优路径,沉积后,0.007841678015295296,0.007841727666880917,6.934729223828309e-06
1,81001,6,不使用 GP 产生的状态,250,本轮最优路径,重启和可选上界处理后,0.007841678015295296,0.007841727666880917,6.934729223828309e-06
1,81001,7,不使用 GP 产生的状态,250,本轮最优路径,更新前,0.0005298224428103072,0.0,0.0
1,81001,7,不使用 GP 产生的状态,250,本轮最优路径,蒸发和下界保护后,0.0005298224428103072,0.0,0.0
1,81001,7,不使用 GP 产生的状态,250,本轮最优路径,沉积后,0.0005298224428103072,0.0005299270790974785,4.682163252597627e-07
1,81001,7,不使用 GP 产生的状态,250,本轮最优路径,重启和可选上界处理后,0.0005298224428103072,0.0005299270790974785,4.682163252597627e-07
1,81001,0,不使用 GP 产生的状态,250,历史重启阶段最优路径,更新前,0.0007769342474164379,0.0,0.0
1,81001,0,不使用 GP 产生的状态,250,历史重启阶段最优路径,蒸发和下界保护后,0.0007769342474164379,0.0,0.0
1,81001,0,不使用 GP 产生的状态,250,历史重启阶段最优路径,沉积后,0.0007769342474164379,0.0007767465609034595,6.835515352349951e-07
1,81001,0,不使用 GP 产生的状态,250,历史重启阶段最优路径,重启和可选上界处理后,0.0007769342474164379,0.0007767465609034595,6.835515352349951e-07
1,81001,1,不使用 GP 产生的状态,250,历史重启阶段最优路径,更新前,0.005794098504983869,0.0,0.0
1,81001,1,不使用 GP 产生的状态,250,历史重启阶段最优路径,蒸发和下界保护后,0.005794098504983869,0.0,0.0
1,81001,1,不使用 GP 产生的状态,250,历史重启阶段最优路径,沉积后,0.005794098504983869,0.005794195016770716,5.081195438093613e-06
1,81001,1,不使用 GP 产生的状态,250,历史重启阶段最优路径,重启和可选上界处理后,0.005794098504983869,0.005794195016770716,5.081195438093613e-06
1,81001,2,不使用 GP 产生的状态,250,历史重启阶段最优路径,更新前,0.0005282150386647622,0.0,0.0
1,81001,2,不使用 GP 产生的状态,250,历史重启阶段最优路径,蒸发和下界保护后,0.0005282150386647622,0.0,0.0
1,81001,2,不使用 GP 产生的状态,250,历史重启阶段最优路径,沉积后,0.0005282150386647622,0.0005282030549269272,4.777008770328508e-07
1,81001,2,不使用 GP 产生的状态,250,历史重启阶段最优路径,重启和可选上界处理后,0.0005282150386647622,0.0005282030549269272,4.777008770328508e-07
1,81001,3,不使用 GP 产生的状态,250,历史重启阶段最优路径,更新前,0.0008416138492858648,0.0,0.0
1,81001,3,不使用 GP 产生的状态,250,历史重启阶段最优路径,蒸发和下界保护后,0.0008416138492858648,0.0,0.0
1,81001,3,不使用 GP 产生的状态,250,历史重启阶段最优路径,沉积后,0.0008416138492858648,0.0008416907609385834,7.447798642636084e-07
1,81001,3,不使用 GP 产生的状态,250,历史重启阶段最优路径,重启和可选上界处理后,0.0008416138492858648,0.0008416907609385834,7.447798642636084e-07
1,81001,4,不使用 GP 产生的状态,250,历史重启阶段最优路径,更新前,0.0005772053725112893,0.0,0.0
1,81001,4,不使用 GP 产生的状态,250,历史重启阶段最优路径,蒸发和下界保护后,0.0005772053725112893,0.0,0.0
1,81001,4,不使用 GP 产生的状态,250,历史重启阶段最优路径,沉积后,0.0005772053725112893,0.000577350204876324,5.119070205217317e-07
1,81001,4,不使用 GP 产生的状态,250,历史重启阶段最优路径,重启和可选上界处理后,0.0005772053725112893,0.000577350204876324,5.119070205217317e-07
1,81001,5,不使用 GP 产生的状态,250,历史重启阶段最优路径,更新前,0.000584675641424839,0.0,0.0
1,81001,5,不使用 GP 产生的状态,250,历史重启阶段最优路径,蒸发和下界保护后,0.000584675641424839,0.0,0.0
1,81001,5,不使用 GP 产生的状态,250,历史重启阶段最优路径,沉积后,0.000584675641424839,0.0005848702553376652,5.260045388143239e-07
1,81001,5,不使用 GP 产生的状态,250,历史重启阶段最优路径,重启和可选上界处理后,0.000584675641424839,0.0005848702553376652,5.260045388143239e-07
1,81001,6,不使用 GP 产生的状态,250,历史重启阶段最优路径,更新前,0.007841805604088665,0.0,0.0
1,81001,6,不使用 GP 产生的状态,250,历史重启阶段最优路径,蒸发和下界保护后,0.007841805604088665,0.0,0.0
1,81001,6,不使用 GP 产生的状态,250,历史重启阶段最优路径,沉积后,0.007841805604088665,0.007841740535018021,6.934740603596929e-06
1,81001,6,不使用 GP 产生的状态,250,历史重启阶段最优路径,重启和可选上界处理后,0.007841805604088665,0.007841740535018021,6.934740603596929e-06
1,81001,7,不使用 GP 产生的状态,250,历史重启阶段最优路径,更新前,0.0005297915584280251,0.0,0.0
1,81001,7,不使用 GP 产生的状态,250,历史重启阶段最优路径,蒸发和下界保护后,0.0005297915584280251,0.0,0.0
1,81001,7,不使用 GP 产生的状态,250,历史重启阶段最优路径,沉积后,0.0005297915584280251,0.0005297274424504077,4.6803993658108285e-07
1,81001,7,不使用 GP 产生的状态,250,历史重启阶段最优路径,重启和可选上界处理后,0.0005297915584280251,0.0005297274424504077,4.6803993658108285e-07
1,81001,0,不使用 GP 产生的状态,250,历史全局最优路径,更新前,0.0007769342474164379,0.0,0.0
1,81001,0,不使用 GP 产生的状态,250,历史全局最优路径,蒸发和下界保护后,0.0007769342474164379,0.0,0.0
1,81001,0,不使用 GP 产生的状态,250,历史全局最优路径,沉积后,0.0007769342474164379,0.0007767465609034595,6.835515352349951e-07
1,81001,0,不使用 GP 产生的状态,250,历史全局最优路径,重启和可选上界处理后,0.0007769342474164379,0.0007767465609034595,6.835515352349951e-07
1,81001,1,不使用 GP 产生的状态,250,历史全局最优路径,更新前,0.005794098504983869,0.0,0.0
1,81001,1,不使用 GP 产生的状态,250,历史全局最优路径,蒸发和下界保护后,0.005794098504983869,0.0,0.0
1,81001,1,不使用 GP 产生的状态,250,历史全局最优路径,沉积后,0.005794098504983869,0.005794195016770716,5.081195438093613e-06
1,81001,1,不使用 GP 产生的状态,250,历史全局最优路径,重启和可选上界处理后,0.005794098504983869,0.005794195016770716,5.081195438093613e-06
1,81001,2,不使用 GP 产生的状态,250,历史全局最优路径,更新前,0.0005282150386647622,0.0,0.0
1,81001,2,不使用 GP 产生的状态,250,历史全局最优路径,蒸发和下界保护后,0.0005282150386647622,0.0,0.0
1,81001,2,不使用 GP 产生的状态,250,历史全局最优路径,沉积后,0.0005282150386647622,0.0005282030549269272,4.777008770328508e-07
1,81001,2,不使用 GP 产生的状态,250,历史全局最优路径,重启和可选上界处理后,0.0005282150386647622,0.0005282030549269272,4.777008770328508e-07
1,81001,3,不使用 GP 产生的状态,250,历史全局最优路径,更新前,0.0008416138492858648,0.0,0.0
1,81001,3,不使用 GP 产生的状态,250,历史全局最优路径,蒸发和下界保护后,0.0008416138492858648,0.0,0.0
1,81001,3,不使用 GP 产生的状态,250,历史全局最优路径,沉积后,0.0008416138492858648,0.0008416907609385834,7.447798642636084e-07
1,81001,3,不使用 GP 产生的状态,250,历史全局最优路径,重启和可选上界处理后,0.0008416138492858648,0.0008416907609385834,7.447798642636084e-07
1,81001,4,不使用 GP 产生的状态,250,历史全局最优路径,更新前,0.0005772053725112893,0.0,0.0
1,81001,4,不使用 GP 产生的状态,250,历史全局最优路径,蒸发和下界保护后,0.0005772053725112893,0.0,0.0
1,81001,4,不使用 GP 产生的状态,250,历史全局最优路径,沉积后,0.0005772053725112893,0.000577350204876324,5.119070205217317e-07
1,81001,4,不使用 GP 产生的状态,250,历史全局最优路径,重启和可选上界处理后,0.0005772053725112893,0.000577350204876324,5.119070205217317e-07
1,81001,5,不使用 GP 产生的状态,250,历史全局最优路径,更新前,0.000584675641424839,0.0,0.0
1,81001,5,不使用 GP 产生的状态,250,历史全局最优路径,蒸发和下界保护后,0.000584675641424839,0.0,0.0
1,81001,5,不使用 GP 产生的状态,250,历史全局最优路径,沉积后,0.000584675641424839,0.0005848702553376652,5.260045388143239e-07
1,81001,5,不使用 GP 产生的状态,250,历史全局最优路径,重启和可选上界处理后,0.000584675641424839,0.0005848702553376652,5.260045388143239e-07
1,81001,6,不使用 GP 产生的状态,250,历史全局最优路径,更新前,0.007841805604088665,0.0,0.0
1,81001,6,不使用 GP 产生的状态,250,历史全局最优路径,蒸发和下界保护后,0.007841805604088665,0.0,0.0
1,81001,6,不使用 GP 产生的状态,250,历史全局最优路径,沉积后,0.007841805604088665,0.007841740535018021,6.934740603596929e-06
1,81001,6,不使用 GP 产生的状态,250,历史全局最优路径,重启和可选上界处理后,0.007841805604088665,0.007841740535018021,6.934740603596929e-06
1,81001,7,不使用 GP 产生的状态,250,历史全局最优路径,更新前,0.0005297915584280251,0.0,0.0
1,81001,7,不使用 GP 产生的状态,250,历史全局最优路径,蒸发和下界保护后,0.0005297915584280251,0.0,0.0
1,81001,7,不使用 GP 产生的状态,250,历史全局最优路径,沉积后,0.0005297915584280251,0.0005297274424504077,4.6803993658108285e-07
1,81001,7,不使用 GP 产生的状态,250,历史全局最优路径,重启和可选上界处理后,0.0005297915584280251,0.0005297274424504077,4.6803993658108285e-07
1,81002,0,不使用 GP 产生的状态,250,本轮最优路径,更新前,0.00016337049044232315,0.0,0.0
1,81002,0,不使用 GP 产生的状态,250,本轮最优路径,蒸发和下界保护后,0.00016337049044232315,0.0,0.0
1,81002,0,不使用 GP 产生的状态,250,本轮最优路径,沉积后,0.00016337049044232315,0.00016333863312630444,1.437410592546516e-07
1,81002,0,不使用 GP 产生的状态,250,本轮最优路径,重启和可选上界处理后,0.00016337049044232315,0.00016333863312630444,1.437410592546516e-07
1,81002,1,不使用 GP 产生的状态,250,本轮最优路径,更新前,0.006356712230585245,0.0,0.0
1,81002,1,不使用 GP 产生的状态,250,本轮最优路径,蒸发和下界保护后,0.006356712230585245,0.0,0.0
1,81002,1,不使用 GP 产生的状态,250,本轮最优路径,沉积后,0.006356712230585245,0.006356680354553618,5.57446463667332e-06
1,81002,1,不使用 GP 产生的状态,250,本轮最优路径,重启和可选上界处理后,0.006356712230585245,0.006356680354553618,5.57446463667332e-06
1,81002,2,不使用 GP 产生的状态,250,本轮最优路径,更新前,0.0001173200597057406,0.0,0.0
1,81002,2,不使用 GP 产生的状态,250,本轮最优路径,蒸发和下界保护后,0.0001173200597057406,0.0,0.0
1,81002,2,不使用 GP 产生的状态,250,本轮最优路径,沉积后,0.0001173200597057406,0.00011727432584910526,1.0606157573114398e-07
1,81002,2,不使用 GP 产生的状态,250,本轮最优路径,重启和可选上界处理后,0.0001173200597057406,0.00011727432584910526,1.0606157573114398e-07
1,81002,3,不使用 GP 产生的状态,250,本轮最优路径,更新前,0.0011850664436233384,0.0,0.0
1,81002,3,不使用 GP 产生的状态,250,本轮最优路径,蒸发和下界保护后,0.0011850664436233384,0.0,0.0
1,81002,3,不使用 GP 产生的状态,250,本轮最优路径,沉积后,0.0011850664436233384,0.0011851996078117023,1.0487376647059232e-06
1,81002,3,不使用 GP 产生的状态,250,本轮最优路径,重启和可选上界处理后,0.0011850664436233384,0.0011851996078117023,1.0487376647059232e-06
1,81002,4,不使用 GP 产生的状态,250,本轮最优路径,更新前,0.00029059897707927246,0.0,0.0
1,81002,4,不使用 GP 产生的状态,250,本轮最优路径,蒸发和下界保护后,0.00029059897707927246,0.0,0.0
1,81002,4,不使用 GP 产生的状态,250,本轮最优路径,沉积后,0.00029059897707927246,0.0002905816405368244,2.576439404873633e-07
1,81002,4,不使用 GP 产生的状态,250,本轮最优路径,重启和可选上界处理后,0.00029059897707927246,0.0002905816405368244,2.576439404873633e-07
1,81002,5,不使用 GP 产生的状态,250,本轮最优路径,更新前,0.0005372115381645697,0.0,0.0
1,81002,5,不使用 GP 产生的状态,250,本轮最优路径,蒸发和下界保护后,0.0005372115381645697,0.0,0.0
1,81002,5,不使用 GP 产生的状态,250,本轮最优路径,沉积后,0.0005372115381645697,0.0005372952574871192,4.832178445430939e-07
1,81002,5,不使用 GP 产生的状态,250,本轮最优路径,重启和可选上界处理后,0.0005372115381645697,0.0005372952574871192,4.832178445430939e-07
1,81002,6,不使用 GP 产生的状态,250,本轮最优路径,更新前,0.00811302660146365,0.0,0.0
1,81002,6,不使用 GP 产生的状态,250,本轮最优路径,蒸发和下界保护后,0.00811302660146365,0.0,0.0
1,81002,6,不使用 GP 产生的状态,250,本轮最优路径,沉积后,0.00811302660146365,0.008112923899161852,7.174558062227485e-06
1,81002,6,不使用 GP 产生的状态,250,本轮最优路径,重启和可选上界处理后,0.00811302660146365,0.008112923899161852,7.174558062227485e-06
1,81002,7,不使用 GP 产生的状态,250,本轮最优路径,更新前,0.001076642043640745,0.0,0.0
1,81002,7,不使用 GP 产生的状态,250,本轮最优路径,蒸发和下界保护后,0.001076642043640745,0.0,0.0
1,81002,7,不使用 GP 产生的状态,250,本轮最优路径,沉积后,0.001076642043640745,0.0010766028822440114,9.512309620917399e-07
1,81002,7,不使用 GP 产生的状态,250,本轮最优路径,重启和可选上界处理后,0.001076642043640745,0.0010766028822440114,9.512309620917399e-07
1,81002,0,不使用 GP 产生的状态,250,历史重启阶段最优路径,更新前,0.00016313415360953327,0.0,0.0
1,81002,0,不使用 GP 产生的状态,250,历史重启阶段最优路径,蒸发和下界保护后,0.00016313415360953327,0.0,0.0
1,81002,0,不使用 GP 产生的状态,250,历史重启阶段最优路径,沉积后,0.00016313415360953327,0.00016326553416861814,1.436767308015041e-07
1,81002,0,不使用 GP 产生的状态,250,历史重启阶段最优路径,重启和可选上界处理后,0.00016313415360953327,0.00016326553416861814,1.436767308015041e-07
1,81002,1,不使用 GP 产生的状态,250,历史重启阶段最优路径,更新前,0.006356712230585245,0.0,0.0
1,81002,1,不使用 GP 产生的状态,250,历史重启阶段最优路径,蒸发和下界保护后,0.006356712230585245,0.0,0.0
1,81002,1,不使用 GP 产生的状态,250,历史重启阶段最优路径,沉积后,0.006356712230585245,0.006356680354553618,5.57446463667332e-06
1,81002,1,不使用 GP 产生的状态,250,历史重启阶段最优路径,重启和可选上界处理后,0.006356712230585245,0.006356680354553618,5.57446463667332e-06
1,81002,2,不使用 GP 产生的状态,250,历史重启阶段最优路径,更新前,0.00013155918591442137,0.0,0.0
1,81002,2,不使用 GP 产生的状态,250,历史重启阶段最优路径,蒸发和下界保护后,0.00013155918591442137,0.0,0.0
1,81002,2,不使用 GP 产生的状态,250,历史重启阶段最优路径,沉积后,0.00013155918591442137,0.0001315237238330731,1.1894857032657144e-07
1,81002,2,不使用 GP 产生的状态,250,历史重启阶段最优路径,重启和可选上界处理后,0.00013155918591442137,0.0001315237238330731,1.1894857032657144e-07
1,81002,3,不使用 GP 产生的状态,250,历史重启阶段最优路径,更新前,0.0011942119609561444,0.0,0.0
1,81002,3,不使用 GP 产生的状态,250,历史重启阶段最优路径,蒸发和下界保护后,0.0011942119609561444,0.0,0.0
1,81002,3,不使用 GP 产生的状态,250,历史重启阶段最优路径,沉积后,0.0011942119609561444,0.0011944056090655783,1.0568837020422802e-06
1,81002,3,不使用 GP 产生的状态,250,历史重启阶段最优路径,重启和可选上界处理后,0.0011942119609561444,0.0011944056090655783,1.0568837020422802e-06
1,81002,4,不使用 GP 产生的状态,250,历史重启阶段最优路径,更新前,0.000278287864873348,0.0,0.0
1,81002,4,不使用 GP 产生的状态,250,历史重启阶段最优路径,蒸发和下界保护后,0.000278287864873348,0.0,0.0
1,81002,4,不使用 GP 产生的状态,250,历史重启阶段最优路径,沉积后,0.000278287864873348,0.0002782784742461886,2.4673534957386065e-07
1,81002,4,不使用 GP 产生的状态,250,历史重启阶段最优路径,重启和可选上界处理后,0.000278287864873348,0.0002782784742461886,2.4673534957386065e-07
1,81002,5,不使用 GP 产生的状态,250,历史重启阶段最优路径,更新前,0.0005269865694923158,0.0,0.0
1,81002,5,不使用 GP 产生的状态,250,历史重启阶段最优路径,蒸发和下界保护后,0.0005269865694923158,0.0,0.0
1,81002,5,不使用 GP 产生的状态,250,历史重启阶段最优路径,沉积后,0.0005269865694923158,0.0005270393358193376,4.7399415553216487e-07
1,81002,5,不使用 GP 产生的状态,250,历史重启阶段最优路径,重启和可选上界处理后,0.0005269865694923158,0.0005270393358193376,4.7399415553216487e-07
1,81002,6,不使用 GP 产生的状态,250,历史重启阶段最优路径,更新前,0.008330751475160506,0.0,0.0
1,81002,6,不使用 GP 产生的状态,250,历史重启阶段最优路径,蒸发和下界保护后,0.008330751475160506,0.0,0.0
1,81002,6,不使用 GP 产生的状态,250,历史重启阶段最优路径,沉积后,0.008330751475160506,0.00833056003127169,7.367021727074872e-06
1,81002,6,不使用 GP 产生的状态,250,历史重启阶段最优路径,重启和可选上界处理后,0.008330751475160506,0.00833056003127169,7.367021727074872e-06
1,81002,7,不使用 GP 产生的状态,250,历史重启阶段最优路径,更新前,0.0010765770629004236,0.0,0.0
1,81002,7,不使用 GP 产生的状态,250,历史重启阶段最优路径,蒸发和下界保护后,0.0010765770629004236,0.0,0.0
1,81002,7,不使用 GP 产生的状态,250,历史重启阶段最优路径,沉积后,0.0010765770629004236,0.0010765712566365546,9.512030193307609e-07
1,81002,7,不使用 GP 产生的状态,250,历史重启阶段最优路径,重启和可选上界处理后,0.0010765770629004236,0.0010765712566365546,9.512030193307609e-07
1,81002,0,不使用 GP 产生的状态,250,历史全局最优路径,更新前,0.00016313415360953327,0.0,0.0
1,81002,0,不使用 GP 产生的状态,250,历史全局最优路径,蒸发和下界保护后,0.00016313415360953327,0.0,0.0
1,81002,0,不使用 GP 产生的状态,250,历史全局最优路径,沉积后,0.00016313415360953327,0.00016326553416861814,1.436767308015041e-07
1,81002,0,不使用 GP 产生的状态,250,历史全局最优路径,重启和可选上界处理后,0.00016313415360953327,0.00016326553416861814,1.436767308015041e-07
1,81002,1,不使用 GP 产生的状态,250,历史全局最优路径,更新前,0.006356712230585245,0.0,0.0
1,81002,1,不使用 GP 产生的状态,250,历史全局最优路径,蒸发和下界保护后,0.006356712230585245,0.0,0.0
1,81002,1,不使用 GP 产生的状态,250,历史全局最优路径,沉积后,0.006356712230585245,0.006356680354553618,5.57446463667332e-06
1,81002,1,不使用 GP 产生的状态,250,历史全局最优路径,重启和可选上界处理后,0.006356712230585245,0.006356680354553618,5.57446463667332e-06
1,81002,2,不使用 GP 产生的状态,250,历史全局最优路径,更新前,0.00013155918591442137,0.0,0.0
1,81002,2,不使用 GP 产生的状态,250,历史全局最优路径,蒸发和下界保护后,0.00013155918591442137,0.0,0.0
1,81002,2,不使用 GP 产生的状态,250,历史全局最优路径,沉积后,0.00013155918591442137,0.0001315237238330731,1.1894857032657144e-07
1,81002,2,不使用 GP 产生的状态,250,历史全局最优路径,重启和可选上界处理后,0.00013155918591442137,0.0001315237238330731,1.1894857032657144e-07
1,81002,3,不使用 GP 产生的状态,250,历史全局最优路径,更新前,0.0011942119609561444,0.0,0.0
1,81002,3,不使用 GP 产生的状态,250,历史全局最优路径,蒸发和下界保护后,0.0011942119609561444,0.0,0.0
1,81002,3,不使用 GP 产生的状态,250,历史全局最优路径,沉积后,0.0011942119609561444,0.0011944056090655783,1.0568837020422802e-06
1,81002,3,不使用 GP 产生的状态,250,历史全局最优路径,重启和可选上界处理后,0.0011942119609561444,0.0011944056090655783,1.0568837020422802e-06
1,81002,4,不使用 GP 产生的状态,250,历史全局最优路径,更新前,0.000278287864873348,0.0,0.0
1,81002,4,不使用 GP 产生的状态,250,历史全局最优路径,蒸发和下界保护后,0.000278287864873348,0.0,0.0
1,81002,4,不使用 GP 产生的状态,250,历史全局最优路径,沉积后,0.000278287864873348,0.0002782784742461886,2.4673534957386065e-07
1,81002,4,不使用 GP 产生的状态,250,历史全局最优路径,重启和可选上界处理后,0.000278287864873348,0.0002782784742461886,2.4673534957386065e-07
1,81002,5,不使用 GP 产生的状态,250,历史全局最优路径,更新前,0.0005269865694923158,0.0,0.0
1,81002,5,不使用 GP 产生的状态,250,历史全局最优路径,蒸发和下界保护后,0.0005269865694923158,0.0,0.0
1,81002,5,不使用 GP 产生的状态,250,历史全局最优路径,沉积后,0.0005269865694923158,0.0005270393358193376,4.7399415553216487e-07
1,81002,5,不使用 GP 产生的状态,250,历史全局最优路径,重启和可选上界处理后,0.0005269865694923158,0.0005270393358193376,4.7399415553216487e-07
1,81002,6,不使用 GP 产生的状态,250,历史全局最优路径,更新前,0.008330751475160506,0.0,0.0
1,81002,6,不使用 GP 产生的状态,250,历史全局最优路径,蒸发和下界保护后,0.008330751475160506,0.0,0.0
1,81002,6,不使用 GP 产生的状态,250,历史全局最优路径,沉积后,0.008330751475160506,0.00833056003127169,7.367021727074872e-06
1,81002,6,不使用 GP 产生的状态,250,历史全局最优路径,重启和可选上界处理后,0.008330751475160506,0.00833056003127169,7.367021727074872e-06
1,81002,7,不使用 GP 产生的状态,250,历史全局最优路径,更新前,0.0010765770629004236,0.0,0.0
1,81002,7,不使用 GP 产生的状态,250,历史全局最优路径,蒸发和下界保护后,0.0010765770629004236,0.0,0.0
1,81002,7,不使用 GP 产生的状态,250,历史全局最优路径,沉积后,0.0010765770629004236,0.0010765712566365546,9.512030193307609e-07
1,81002,7,不使用 GP 产生的状态,250,历史全局最优路径,重启和可选上界处理后,0.0010765770629004236,0.0010765712566365546,9.512030193307609e-07
1,81001,0,GP 表达式自身产生的状态,250,本轮最优路径,更新前,0.0005729661776062498,0.0,0.0
1,81001,0,GP 表达式自身产生的状态,250,本轮最优路径,蒸发和下界保护后,0.0005729661776062498,0.0,0.0
1,81001,0,GP 表达式自身产生的状态,250,本轮最优路径,沉积后,0.0005729661776062498,0.0005730026907070889,5.030943237920918e-07
1,81001,0,GP 表达式自身产生的状态,250,本轮最优路径,重启和可选上界处理后,0.0005729661776062498,0.0005730026907070889,5.030943237920918e-07
1,81001,1,GP 表达式自身产生的状态,250,本轮最优路径,更新前,0.000631797420440122,0.0,0.0
1,81001,1,GP 表达式自身产生的状态,250,本轮最优路径,蒸发和下界保护后,0.000631797420440122,0.0,0.0
1,81001,1,GP 表达式自身产生的状态,250,本轮最优路径,沉积后,0.000631797420440122,0.0006318209932677128,5.578549924084087e-07
1,81001,1,GP 表达式自身产生的状态,250,本轮最优路径,重启和可选上界处理后,0.000631797420440122,0.0006318209932677128,5.578549924084087e-07
1,81001,2,GP 表达式自身产生的状态,250,本轮最优路径,更新前,0.0006945952715460468,0.0,0.0
1,81001,2,GP 表达式自身产生的状态,250,本轮最优路径,蒸发和下界保护后,0.0006945952715460468,0.0,0.0
1,81001,2,GP 表达式自身产生的状态,250,本轮最优路径,沉积后,0.0006945952715460468,0.0006945750338889748,6.26309011767524e-07
1,81001,2,GP 表达式自身产生的状态,250,本轮最优路径,重启和可选上界处理后,0.0006945952715460468,0.0006945750338889748,6.26309011767524e-07
1,81001,3,GP 表达式自身产生的状态,250,本轮最优路径,更新前,0.000633820822191807,0.0,0.0
1,81001,3,GP 表达式自身产生的状态,250,本轮最优路径,蒸发和下界保护后,0.000633820822191807,0.0,0.0
1,81001,3,GP 表达式自身产生的状态,250,本轮最优路径,沉积后,0.000633820822191807,0.0006337885262502051,5.597677442168562e-07
1,81001,3,GP 表达式自身产生的状态,250,本轮最优路径,重启和可选上界处理后,0.000633820822191807,0.0006337885262502051,5.597677442168562e-07
1,81001,4,GP 表达式自身产生的状态,250,本轮最优路径,更新前,0.00982168772869426,0.0,0.0
1,81001,4,GP 表达式自身产生的状态,250,本轮最优路径,蒸发和下界保护后,0.00982168772869426,0.0,0.0
1,81001,4,GP 表达式自身产生的状态,250,本轮最优路径,沉积后,0.00982168772869426,0.009821714884086015,8.687385669615439e-06
1,81001,4,GP 表达式自身产生的状态,250,本轮最优路径,重启和可选上界处理后,0.00982168772869426,0.009821714884086015,8.687385669615439e-06
1,81001,5,GP 表达式自身产生的状态,250,本轮最优路径,更新前,0.0004331441385484465,0.0,0.0
1,81001,5,GP 表达式自身产生的状态,250,本轮最优路径,蒸发和下界保护后,0.0004331441385484465,0.0,0.0
1,81001,5,GP 表达式自身产生的状态,250,本轮最优路径,沉积后,0.0004331441385484465,0.00043308696458423714,3.91868666897714e-07
1,81001,5,GP 表达式自身产生的状态,250,本轮最优路径,重启和可选上界处理后,0.0004331441385484465,0.00043308696458423714,3.91868666897714e-07
1,81001,6,GP 表达式自身产生的状态,250,本轮最优路径,更新前,0.0006711148771350892,0.0,0.0
1,81001,6,GP 表达式自身产生的状态,250,本轮最优路径,蒸发和下界保护后,0.0006711148771350892,0.0,0.0
1,81001,6,GP 表达式自身产生的状态,250,本轮最优路径,沉积后,0.0006711148771350892,0.0006711391984724902,5.954819827481321e-07
1,81001,6,GP 表达式自身产生的状态,250,本轮最优路径,重启和可选上界处理后,0.0006711148771350892,0.0006711391984724902,5.954819827481321e-07
1,81001,7,GP 表达式自身产生的状态,250,本轮最优路径,更新前,0.0006186414531752745,0.0,0.0
1,81001,7,GP 表达式自身产生的状态,250,本轮最优路径,蒸发和下界保护后,0.0006186414531752745,0.0,0.0
1,81001,7,GP 表达式自身产生的状态,250,本轮最优路径,沉积后,0.0006186414531752745,0.0006186391128313864,5.48228583813556e-07
1,81001,7,GP 表达式自身产生的状态,250,本轮最优路径,重启和可选上界处理后,0.0006186414531752745,0.0006186391128313864,5.48228583813556e-07
1,81001,0,GP 表达式自身产生的状态,250,历史重启阶段最优路径,更新前,0.0005731602540202019,0.0,0.0
1,81001,0,GP 表达式自身产生的状态,250,历史重启阶段最优路径,蒸发和下界保护后,0.0005731602540202019,0.0,0.0
1,81001,0,GP 表达式自身产生的状态,250,历史重启阶段最优路径,沉积后,0.0005731602540202019,0.0005731551793180513,5.032282082499874e-07
1,81001,0,GP 表达式自身产生的状态,250,历史重启阶段最优路径,重启和可选上界处理后,0.0005731602540202019,0.0005731551793180513,5.032282082499874e-07
1,81001,1,GP 表达式自身产生的状态,250,历史重启阶段最优路径,更新前,0.000631419126712242,0.0,0.0
1,81001,1,GP 表达式自身产生的状态,250,历史重启阶段最优路径,蒸发和下界保护后,0.000631419126712242,0.0,0.0
1,81001,1,GP 表达式自身产生的状态,250,历史重启阶段最优路径,沉积后,0.000631419126712242,0.0006314408187291207,5.575193241311592e-07
1,81001,1,GP 表达式自身产生的状态,250,历史重启阶段最优路径,重启和可选上界处理后,0.000631419126712242,0.0006314408187291207,5.575193241311592e-07
1,81001,2,GP 表达式自身产生的状态,250,历史重启阶段最优路径,更新前,0.0006947252831611767,0.0,0.0
1,81001,2,GP 表达式自身产生的状态,250,历史重启阶段最优路径,蒸发和下界保护后,0.0006947252831611767,0.0,0.0
1,81001,2,GP 表达式自身产生的状态,250,历史重启阶段最优路径,沉积后,0.0006947252831611767,0.0006947104422126571,6.264311115396908e-07
1,81001,2,GP 表达式自身产生的状态,250,历史重启阶段最优路径,重启和可选上界处理后,0.0006947252831611767,0.0006947104422126571,6.264311115396908e-07
1,81001,3,GP 表达式自身产生的状态,250,历史重启阶段最优路径,更新前,0.0006337014893110618,0.0,0.0
1,81001,3,GP 表达式自身产生的状态,250,历史重启阶段最优路径,蒸发和下界保护后,0.0006337014893110618,0.0,0.0
1,81001,3,GP 表达式自身产生的状态,250,历史重启阶段最优路径,沉积后,0.0006337014893110618,0.0006337381495690964,5.59723251077619e-07
1,81001,3,GP 表达式自身产生的状态,250,历史重启阶段最优路径,重启和可选上界处理后,0.0006337014893110618,0.0006337381495690964,5.59723251077619e-07
1,81001,4,GP 表达式自身产生的状态,250,历史重启阶段最优路径,更新前,0.009821820609077913,0.0,0.0
1,81001,4,GP 表达式自身产生的状态,250,历史重启阶段最优路径,蒸发和下界保护后,0.009821820609077913,0.0,0.0
1,81001,4,GP 表达式自身产生的状态,250,历史重启阶段最优路径,沉积后,0.009821820609077913,0.009821826160846894,8.687484094803833e-06
1,81001,4,GP 表达式自身产生的状态,250,历史重启阶段最优路径,重启和可选上界处理后,0.009821820609077913,0.009821826160846894,8.687484094803833e-06
1,81001,5,GP 表达式自身产生的状态,250,历史重启阶段最优路径,更新前,0.0004337167261095005,0.0,0.0
1,81001,5,GP 表达式自身产生的状态,250,历史重启阶段最优路径,蒸发和下界保护后,0.0004337167261095005,0.0,0.0
1,81001,5,GP 表达式自身产生的状态,250,历史重启阶段最优路径,沉积后,0.0004337167261095005,0.0004337333210948748,3.9245350755300225e-07
1,81001,5,GP 表达式自身产生的状态,250,历史重启阶段最优路径,重启和可选上界处理后,0.0004337167261095005,0.0004337333210948748,3.9245350755300225e-07
1,81001,6,GP 表达式自身产生的状态,250,历史重启阶段最优路径,更新前,0.0006704963165540209,0.0,0.0
1,81001,6,GP 表达式自身产生的状态,250,历史重启阶段最优路径,蒸发和下界保护后,0.0006704963165540209,0.0,0.0
1,81001,6,GP 表达式自身产生的状态,250,历史重启阶段最优路径,沉积后,0.0006704963165540209,0.0006705554863748625,5.949640722490277e-07
1,81001,6,GP 表达式自身产生的状态,250,历史重启阶段最优路径,重启和可选上界处理后,0.0006704963165540209,0.0006705554863748625,5.949640722490277e-07
1,81001,7,GP 表达式自身产生的状态,250,历史重启阶段最优路径,更新前,0.0006186425617592216,0.0,0.0
1,81001,7,GP 表达式自身产生的状态,250,历史重启阶段最优路径,蒸发和下界保护后,0.0006186425617592216,0.0,0.0
1,81001,7,GP 表达式自身产生的状态,250,历史重启阶段最优路径,沉积后,0.0006186425617592216,0.0006185937840655529,5.481884141498806e-07
1,81001,7,GP 表达式自身产生的状态,250,历史重启阶段最优路径,重启和可选上界处理后,0.0006186425617592216,0.0006185937840655529,5.481884141498806e-07
1,81001,0,GP 表达式自身产生的状态,250,历史全局最优路径,更新前,0.0005731602540202019,0.0,0.0
1,81001,0,GP 表达式自身产生的状态,250,历史全局最优路径,蒸发和下界保护后,0.0005731602540202019,0.0,0.0
1,81001,0,GP 表达式自身产生的状态,250,历史全局最优路径,沉积后,0.0005731602540202019,0.0005731551793180513,5.032282082499874e-07
1,81001,0,GP 表达式自身产生的状态,250,历史全局最优路径,重启和可选上界处理后,0.0005731602540202019,0.0005731551793180513,5.032282082499874e-07
1,81001,1,GP 表达式自身产生的状态,250,历史全局最优路径,更新前,0.000631419126712242,0.0,0.0
1,81001,1,GP 表达式自身产生的状态,250,历史全局最优路径,蒸发和下界保护后,0.000631419126712242,0.0,0.0
1,81001,1,GP 表达式自身产生的状态,250,历史全局最优路径,沉积后,0.000631419126712242,0.0006314408187291207,5.575193241311592e-07
1,81001,1,GP 表达式自身产生的状态,250,历史全局最优路径,重启和可选上界处理后,0.000631419126712242,0.0006314408187291207,5.575193241311592e-07
1,81001,2,GP 表达式自身产生的状态,250,历史全局最优路径,更新前,0.0006947252831611767,0.0,0.0
1,81001,2,GP 表达式自身产生的状态,250,历史全局最优路径,蒸发和下界保护后,0.0006947252831611767,0.0,0.0
1,81001,2,GP 表达式自身产生的状态,250,历史全局最优路径,沉积后,0.0006947252831611767,0.0006947104422126571,6.264311115396908e-07
1,81001,2,GP 表达式自身产生的状态,250,历史全局最优路径,重启和可选上界处理后,0.0006947252831611767,0.0006947104422126571,6.264311115396908e-07
1,81001,3,GP 表达式自身产生的状态,250,历史全局最优路径,更新前,0.0006337014893110618,0.0,0.0
1,81001,3,GP 表达式自身产生的状态,250,历史全局最优路径,蒸发和下界保护后,0.0006337014893110618,0.0,0.0
1,81001,3,GP 表达式自身产生的状态,250,历史全局最优路径,沉积后,0.0006337014893110618,0.0006337381495690964,5.59723251077619e-07
1,81001,3,GP 表达式自身产生的状态,250,历史全局最优路径,重启和可选上界处理后,0.0006337014893110618,0.0006337381495690964,5.59723251077619e-07
1,81001,4,GP 表达式自身产生的状态,250,历史全局最优路径,更新前,0.009821820609077913,0.0,0.0
1,81001,4,GP 表达式自身产生的状态,250,历史全局最优路径,蒸发和下界保护后,0.009821820609077913,0.0,0.0
1,81001,4,GP 表达式自身产生的状态,250,历史全局最优路径,沉积后,0.009821820609077913,0.009821826160846894,8.687484094803833e-06
1,81001,4,GP 表达式自身产生的状态,250,历史全局最优路径,重启和可选上界处理后,0.009821820609077913,0.009821826160846894,8.687484094803833e-06
1,81001,5,GP 表达式自身产生的状态,250,历史全局最优路径,更新前,0.0004337167261095005,0.0,0.0
1,81001,5,GP 表达式自身产生的状态,250,历史全局最优路径,蒸发和下界保护后,0.0004337167261095005,0.0,0.0
1,81001,5,GP 表达式自身产生的状态,250,历史全局最优路径,沉积后,0.0004337167261095005,0.0004337333210948748,3.9245350755300225e-07
1,81001,5,GP 表达式自身产生的状态,250,历史全局最优路径,重启和可选上界处理后,0.0004337167261095005,0.0004337333210948748,3.9245350755300225e-07
1,81001,6,GP 表达式自身产生的状态,250,历史全局最优路径,更新前,0.0006704963165540209,0.0,0.0
1,81001,6,GP 表达式自身产生的状态,250,历史全局最优路径,蒸发和下界保护后,0.0006704963165540209,0.0,0.0
1,81001,6,GP 表达式自身产生的状态,250,历史全局最优路径,沉积后,0.0006704963165540209,0.0006705554863748625,5.949640722490277e-07
1,81001,6,GP 表达式自身产生的状态,250,历史全局最优路径,重启和可选上界处理后,0.0006704963165540209,0.0006705554863748625,5.949640722490277e-07
1,81001,7,GP 表达式自身产生的状态,250,历史全局最优路径,更新前,0.0006186425617592216,0.0,0.0
1,81001,7,GP 表达式自身产生的状态,250,历史全局最优路径,蒸发和下界保护后,0.0006186425617592216,0.0,0.0
1,81001,7,GP 表达式自身产生的状态,250,历史全局最优路径,沉积后,0.0006186425617592216,0.0006185937840655529,5.481884141498806e-07
1,81001,7,GP 表达式自身产生的状态,250,历史全局最优路径,重启和可选上界处理后,0.0006186425617592216,0.0006185937840655529,5.481884141498806e-07
1,81002,0,GP 表达式自身产生的状态,250,本轮最优路径,更新前,0.009002546808966692,0.0,0.0
1,81002,0,GP 表达式自身产生的状态,250,本轮最优路径,蒸发和下界保护后,0.009002546808966692,0.0,0.0
1,81002,0,GP 表达式自身产生的状态,250,本轮最优路径,沉积后,0.009002546808966692,0.009002615491749275,7.919659442293384e-06
1,81002,0,GP 表达式自身产生的状态,250,本轮最优路径,重启和可选上界处理后,0.009002546808966692,0.009002615491749275,7.919659442293384e-06
1,81002,1,GP 表达式自身产生的状态,250,本轮最优路径,更新前,0.001325773600441174,0.0,0.0
1,81002,1,GP 表达式自身产生的状态,250,本轮最优路径,蒸发和下界保护后,0.001325773600441174,0.0,0.0
1,81002,1,GP 表达式自身产生的状态,250,本轮最优路径,沉积后,0.001325773600441174,0.0013258468101183748,1.1708948570553046e-06
1,81002,1,GP 表达式自身产生的状态,250,本轮最优路径,重启和可选上界处理后,0.001325773600441174,0.0013258468101183748,1.1708948570553046e-06
1,81002,2,GP 表达式自身产生的状态,250,本轮最优路径,更新前,0.00022022938866461013,0.0,0.0
1,81002,2,GP 表达式自身产生的状态,250,本轮最优路径,蒸发和下界保护后,0.00022022938866461013,0.0,0.0
1,81002,2,GP 表达式自身产生的状态,250,本轮最优路径,沉积后,0.00022022938866461013,0.00022025142418820895,1.9898206716349076e-07
1,81002,2,GP 表达式自身产生的状态,250,本轮最优路径,重启和可选上界处理后,0.00022022938866461013,0.00022025142418820895,1.9898206716349076e-07
1,81002,3,GP 表达式自身产生的状态,250,本轮最优路径,更新前,0.0002697899803800234,0.0,0.0
1,81002,3,GP 表达式自身产生的状态,250,本轮最优路径,蒸发和下界保护后,0.0002697899803800234,0.0,0.0
1,81002,3,GP 表达式自身产生的状态,250,本轮最优路径,沉积后,0.0002697899803800234,0.0002698622604709941,2.388941482772024e-07
1,81002,3,GP 表达式自身产生的状态,250,本轮最优路径,重启和可选上界处理后,0.0002697899803800234,0.0002698622604709941,2.388941482772024e-07
1,81002,4,GP 表达式自身产生的状态,250,本轮最优路径,更新前,0.0007070876088923033,0.0,0.0
1,81002,4,GP 表达式自身产生的状态,250,本轮最优路径,蒸发和下界保护后,0.0007070876088923033,0.0,0.0
1,81002,4,GP 表达式自身产生的状态,250,本轮最优路径,沉积后,0.0007070876088923033,0.000707055524800116,6.281255661533524e-07
1,81002,4,GP 表达式自身产生的状态,250,本轮最优路径,重启和可选上界处理后,0.0007070876088923033,0.000707055524800116,6.281255661533524e-07
1,81002,5,GP 表达式自身产生的状态,250,本轮最优路径,更新前,0.0004743853001396812,0.0,0.0
1,81002,5,GP 表达式自身产生的状态,250,本轮最优路径,蒸发和下界保护后,0.0004743853001396812,0.0,0.0
1,81002,5,GP 表达式自身产生的状态,250,本轮最优路径,沉积后,0.0004743853001396812,0.0004743143132824661,4.291470525603525e-07
1,81002,5,GP 表达式自身产生的状态,250,本轮最优路径,重启和可选上界处理后,0.0004743853001396812,0.0004743143132824661,4.291470525603525e-07
1,81002,6,GP 表达式自身产生的状态,250,本轮最优路径,更新前,0.0006308404164238645,0.0,0.0
1,81002,6,GP 表达式自身产生的状态,250,本轮最优路径,蒸发和下界保护后,0.0006308404164238645,0.0,0.0
1,81002,6,GP 表达式自身产生的状态,250,本轮最优路径,沉积后,0.0006308404164238645,0.0006307769174088884,5.588614206238995e-07
1,81002,6,GP 表达式自身产生的状态,250,本轮最优路径,重启和可选上界处理后,0.0006308404164238645,0.0006307769174088884,5.588614206238995e-07
1,81002,7,GP 表达式自身产生的状态,250,本轮最优路径,更新前,0.0014431256094152923,0.0,0.0
1,81002,7,GP 表达式自身产生的状态,250,本轮最优路径,蒸发和下界保护后,0.0014431256094152923,0.0,0.0
1,81002,7,GP 表达式自身产生的状态,250,本轮最优路径,沉积后,0.0014431256094152923,0.0014430919388355907,1.2772643453650225e-06
1,81002,7,GP 表达式自身产生的状态,250,本轮最优路径,重启和可选上界处理后,0.0014431256094152923,0.0014430919388355907,1.2772643453650225e-06
1,81002,0,GP 表达式自身产生的状态,250,历史重启阶段最优路径,更新前,0.009001434419655271,0.0,0.0
1,81002,0,GP 表达式自身产生的状态,250,历史重启阶段最优路径,蒸发和下界保护后,0.009001434419655271,0.0,0.0
1,81002,0,GP 表达式自身产生的状态,250,历史重启阶段最优路径,沉积后,0.009001434419655271,0.00900148074347446,7.918661196850434e-06
1,81002,0,GP 表达式自身产生的状态,250,历史重启阶段最优路径,重启和可选上界处理后,0.009001434419655271,0.00900148074347446,7.918661196850434e-06
1,81002,1,GP 表达式自身产生的状态,250,历史重启阶段最优路径,更新前,0.0013285921730134096,0.0,0.0
1,81002,1,GP 表达式自身产生的状态,250,历史重启阶段最优路径,蒸发和下界保护后,0.0013285921730134096,0.0,0.0
1,81002,1,GP 表达式自身产生的状态,250,历史重启阶段最优路径,沉积后,0.0013285921730134096,0.0013287230478473099,1.1734349483680993e-06
1,81002,1,GP 表达式自身产生的状态,250,历史重启阶段最优路径,重启和可选上界处理后,0.0013285921730134096,0.0013287230478473099,1.1734349483680993e-06
1,81002,2,GP 表达式自身产生的状态,250,历史重启阶段最优路径,更新前,0.0002337781751885003,0.0,0.0
1,81002,2,GP 表达式自身产生的状态,250,历史重启阶段最优路径,蒸发和下界保护后,0.0002337781751885003,0.0,0.0
1,81002,2,GP 表达式自身产生的状态,250,历史重启阶段最优路径,沉积后,0.0002337781751885003,0.00023379396731374613,2.1121682676017518e-07
1,81002,2,GP 表达式自身产生的状态,250,历史重启阶段最优路径,重启和可选上界处理后,0.0002337781751885003,0.00023379396731374613,2.1121682676017518e-07
1,81002,3,GP 表达式自身产生的状态,250,历史重启阶段最优路径,更新前,0.00026939822477508923,0.0,0.0
1,81002,3,GP 表达式自身产生的状态,250,历史重启阶段最优路径,蒸发和下界保护后,0.00026939822477508923,0.0,0.0
1,81002,3,GP 表达式自身产生的状态,250,历史重启阶段最优路径,沉积后,0.00026939822477508923,0.0002694780936535801,2.385540666204257e-07
1,81002,3,GP 表达式自身产生的状态,250,历史重启阶段最优路径,重启和可选上界处理后,0.00026939822477508923,0.0002694780936535801,2.385540666204257e-07
1,81002,4,GP 表达式自身产生的状态,250,历史重启阶段最优路径,更新前,0.0007069615556612001,0.0,0.0
1,81002,4,GP 表达式自身产生的状态,250,历史重启阶段最优路径,蒸发和下界保护后,0.0007069615556612001,0.0,0.0
1,81002,4,GP 表达式自身产生的状态,250,历史重启阶段最优路径,沉积后,0.0007069615556612001,0.00070698823232212,6.280657856631977e-07
1,81002,4,GP 表达式自身产生的状态,250,历史重启阶段最优路径,重启和可选上界处理后,0.0007069615556612001,0.00070698823232212,6.280657856631977e-07
1,81002,5,GP 表达式自身产生的状态,250,历史重启阶段最优路径,更新前,0.00047438735948536834,0.0,0.0
1,81002,5,GP 表达式自身产生的状态,250,历史重启阶段最优路径,蒸发和下界保护后,0.00047438735948536834,0.0,0.0
1,81002,5,GP 表达式自身产生的状态,250,历史重启阶段最优路径,沉积后,0.00047438735948536834,0.00047431722059402436,4.291496830189981e-07
1,81002,5,GP 表达式自身产生的状态,250,历史重启阶段最优路径,重启和可选上界处理后,0.00047438735948536834,0.00047431722059402436,4.291496830189981e-07
1,81002,6,GP 表达式自身产生的状态,250,历史重启阶段最优路径,更新前,0.0005929029056901074,0.0,0.0
1,81002,6,GP 表达式自身产生的状态,250,历史重启阶段最优路径,蒸发和下界保护后,0.0005929029056901074,0.0,0.0
1,81002,6,GP 表达式自身产生的状态,250,历史重启阶段最优路径,沉积后,0.0005929029056901074,0.0005928454657414458,5.252545710703793e-07
1,81002,6,GP 表达式自身产生的状态,250,历史重启阶段最优路径,重启和可选上界处理后,0.0005929029056901074,0.0005928454657414458,5.252545710703793e-07
1,81002,7,GP 表达式自身产生的状态,250,历史重启阶段最优路径,更新前,0.0014439186564023992,0.0,0.0
1,81002,7,GP 表达式自身产生的状态,250,历史重启阶段最优路径,蒸发和下界保护后,0.0014439186564023992,0.0,0.0
1,81002,7,GP 表达式自身产生的状态,250,历史重启阶段最优路径,沉积后,0.0014439186564023992,0.0014438679655296618,1.2779511978106042e-06
1,81002,7,GP 表达式自身产生的状态,250,历史重启阶段最优路径,重启和可选上界处理后,0.0014439186564023992,0.0014438679655296618,1.2779511978106042e-06
1,81002,0,GP 表达式自身产生的状态,250,历史全局最优路径,更新前,0.009001434419655271,0.0,0.0
1,81002,0,GP 表达式自身产生的状态,250,历史全局最优路径,蒸发和下界保护后,0.009001434419655271,0.0,0.0
1,81002,0,GP 表达式自身产生的状态,250,历史全局最优路径,沉积后,0.009001434419655271,0.00900148074347446,7.918661196850434e-06
1,81002,0,GP 表达式自身产生的状态,250,历史全局最优路径,重启和可选上界处理后,0.009001434419655271,0.00900148074347446,7.918661196850434e-06
1,81002,1,GP 表达式自身产生的状态,250,历史全局最优路径,更新前,0.0013285921730134096,0.0,0.0
1,81002,1,GP 表达式自身产生的状态,250,历史全局最优路径,蒸发和下界保护后,0.0013285921730134096,0.0,0.0
1,81002,1,GP 表达式自身产生的状态,250,历史全局最优路径,沉积后,0.0013285921730134096,0.0013287230478473099,1.1734349483680993e-06
1,81002,1,GP 表达式自身产生的状态,250,历史全局最优路径,重启和可选上界处理后,0.0013285921730134096,0.0013287230478473099,1.1734349483680993e-06
1,81002,2,GP 表达式自身产生的状态,250,历史全局最优路径,更新前,0.0002337781751885003,0.0,0.0
1,81002,2,GP 表达式自身产生的状态,250,历史全局最优路径,蒸发和下界保护后,0.0002337781751885003,0.0,0.0
1,81002,2,GP 表达式自身产生的状态,250,历史全局最优路径,沉积后,0.0002337781751885003,0.00023379396731374613,2.1121682676017518e-07
1,81002,2,GP 表达式自身产生的状态,250,历史全局最优路径,重启和可选上界处理后,0.0002337781751885003,0.00023379396731374613,2.1121682676017518e-07
1,81002,3,GP 表达式自身产生的状态,250,历史全局最优路径,更新前,0.00026939822477508923,0.0,0.0
1,81002,3,GP 表达式自身产生的状态,250,历史全局最优路径,蒸发和下界保护后,0.00026939822477508923,0.0,0.0
1,81002,3,GP 表达式自身产生的状态,250,历史全局最优路径,沉积后,0.00026939822477508923,0.0002694780936535801,2.385540666204257e-07
1,81002,3,GP 表达式自身产生的状态,250,历史全局最优路径,重启和可选上界处理后,0.00026939822477508923,0.0002694780936535801,2.385540666204257e-07
1,81002,4,GP 表达式自身产生的状态,250,历史全局最优路径,更新前,0.0007069615556612001,0.0,0.0
1,81002,4,GP 表达式自身产生的状态,250,历史全局最优路径,蒸发和下界保护后,0.0007069615556612001,0.0,0.0
1,81002,4,GP 表达式自身产生的状态,250,历史全局最优路径,沉积后,0.0007069615556612001,0.00070698823232212,6.280657856631977e-07
1,81002,4,GP 表达式自身产生的状态,250,历史全局最优路径,重启和可选上界处理后,0.0007069615556612001,0.00070698823232212,6.280657856631977e-07
1,81002,5,GP 表达式自身产生的状态,250,历史全局最优路径,更新前,0.00047438735948536834,0.0,0.0
1,81002,5,GP 表达式自身产生的状态,250,历史全局最优路径,蒸发和下界保护后,0.00047438735948536834,0.0,0.0
1,81002,5,GP 表达式自身产生的状态,250,历史全局最优路径,沉积后,0.00047438735948536834,0.00047431722059402436,4.291496830189981e-07
1,81002,5,GP 表达式自身产生的状态,250,历史全局最优路径,重启和可选上界处理后,0.00047438735948536834,0.00047431722059402436,4.291496830189981e-07
1,81002,6,GP 表达式自身产生的状态,250,历史全局最优路径,更新前,0.0005929029056901074,0.0,0.0
1,81002,6,GP 表达式自身产生的状态,250,历史全局最优路径,蒸发和下界保护后,0.0005929029056901074,0.0,0.0
1,81002,6,GP 表达式自身产生的状态,250,历史全局最优路径,沉积后,0.0005929029056901074,0.0005928454657414458,5.252545710703793e-07
1,81002,6,GP 表达式自身产生的状态,250,历史全局最优路径,重启和可选上界处理后,0.0005929029056901074,0.0005928454657414458,5.252545710703793e-07
1,81002,7,GP 表达式自身产生的状态,250,历史全局最优路径,更新前,0.0014439186564023992,0.0,0.0
1,81002,7,GP 表达式自身产生的状态,250,历史全局最优路径,蒸发和下界保护后,0.0014439186564023992,0.0,0.0
1,81002,7,GP 表达式自身产生的状态,250,历史全局最优路径,沉积后,0.0014439186564023992,0.0014438679655296618,1.2779511978106042e-06
1,81002,7,GP 表达式自身产生的状态,250,历史全局最优路径,重启和可选上界处理后,0.0014439186564023992,0.0014438679655296618,1.2779511978106042e-06
1,81003,0,GP 表达式自身产生的状态,250,本轮最优路径,更新前,0.010044195361427446,0.0,0.0
1,81003,0,GP 表达式自身产生的状态,250,本轮最优路径,蒸发和下界保护后,0.010044195361427446,0.0,0.0
1,81003,0,GP 表达式自身产生的状态,250,本轮最优路径,沉积后,0.010044195361427446,0.01004418560449291,8.837396291972174e-06
1,81003,0,GP 表达式自身产生的状态,250,本轮最优路径,重启和可选上界处理后,0.010044195361427446,0.01004418560449291,8.837396291972174e-06
1,81003,1,GP 表达式自身产生的状态,250,本轮最优路径,更新前,0.005338786635599935,0.0,0.0
1,81003,1,GP 表达式自身产生的状态,250,本轮最优路径,蒸发和下界保护后,0.005338786635599935,0.0,0.0
1,81003,1,GP 表达式自身产生的状态,250,本轮最优路径,沉积后,0.005338786635599935,0.005338763783551829,4.7071827444445e-06
1,81003,1,GP 表达式自身产生的状态,250,本轮最优路径,重启和可选上界处理后,0.005338786635599935,0.005338763783551829,4.7071827444445e-06
1,81003,2,GP 表达式自身产生的状态,250,本轮最优路径,更新前,0.0047442028960620886,0.0,0.0
1,81003,2,GP 表达式自身产生的状态,250,本轮最优路径,蒸发和下界保护后,0.0047442028960620886,0.0,0.0
1,81003,2,GP 表达式自身产生的状态,250,本轮最优路径,沉积后,0.0047442028960620886,0.00474417102899255,4.297232318289431e-06
1,81003,2,GP 表达式自身产生的状态,250,本轮最优路径,重启和可选上界处理后,0.0047442028960620886,0.00474417102899255,4.297232318289431e-06
1,81003,3,GP 表达式自身产生的状态,250,本轮最优路径,更新前,0.009126522283002479,0.0,0.0
1,81003,3,GP 表达式自身产生的状态,250,本轮最优路径,蒸发和下界保护后,0.009126522283002479,0.0,0.0
1,81003,3,GP 表达式自身产生的状态,250,本轮最优路径,沉积后,0.009126522283002479,0.009126515553650929,8.065539326288285e-06
1,81003,3,GP 表达式自身产生的状态,250,本轮最优路径,重启和可选上界处理后,0.009126522283002479,0.009126515553650929,8.065539326288285e-06
1,81003,4,GP 表达式自身产生的状态,250,本轮最优路径,更新前,0.004002521325670272,0.0,0.0
1,81003,4,GP 表达式自身产生的状态,250,本轮最优路径,蒸发和下界保护后,0.004002521325670272,0.0,0.0
1,81003,4,GP 表达式自身产生的状态,250,本轮最优路径,沉积后,0.004002521325670272,0.0040024940746549945,3.543468486712918e-06
1,81003,4,GP 表达式自身产生的状态,250,本轮最优路径,重启和可选上界处理后,0.004002521325670272,0.0040024940746549945,3.543468486712918e-06
1,81003,5,GP 表达式自身产生的状态,250,本轮最优路径,更新前,0.010211117129368992,0.0,0.0
1,81003,5,GP 表达式自身产生的状态,250,本轮最优路径,蒸发和下界保护后,0.010211117129368992,0.0,0.0
1,81003,5,GP 表达式自身产生的状态,250,本轮最优路径,沉积后,0.010211117129368992,0.010211104019083045,9.219471492681475e-06
1,81003,5,GP 表达式自身产生的状态,250,本轮最优路径,重启和可选上界处理后,0.010211117129368992,0.010211104019083045,9.219471492681475e-06
1,81003,6,GP 表达式自身产生的状态,250,本轮最优路径,更新前,0.00373982918816836,0.0,0.0
1,81003,6,GP 表达式自身产生的状态,250,本轮最优路径,蒸发和下界保护后,0.00373982918816836,0.0,0.0
1,81003,6,GP 表达式自身产生的状态,250,本轮最优路径,沉积后,0.00373982918816836,0.0037398678506870304,3.312910015629994e-06
1,81003,6,GP 表达式自身产生的状态,250,本轮最优路径,重启和可选上界处理后,0.00373982918816836,0.0037398678506870304,3.312910015629994e-06
1,81003,7,GP 表达式自身产生的状态,250,本轮最优路径,更新前,0.008399590976977445,0.0,0.0
1,81003,7,GP 表达式自身产生的状态,250,本轮最优路径,蒸发和下界保护后,0.008399590976977445,0.0,0.0
1,81003,7,GP 表达式自身产生的状态,250,本轮最优路径,沉积后,0.008399590976977445,0.008399570375869993,7.432426445141631e-06
1,81003,7,GP 表达式自身产生的状态,250,本轮最优路径,重启和可选上界处理后,0.008399590976977445,0.008399570375869993,7.432426445141631e-06
1,81003,0,GP 表达式自身产生的状态,250,历史重启阶段最优路径,更新前,0.010044162508964326,0.0,0.0
1,81003,0,GP 表达式自身产生的状态,250,历史重启阶段最优路径,蒸发和下界保护后,0.010044162508964326,0.0,0.0
1,81003,0,GP 表达式自身产生的状态,250,历史重启阶段最优路径,沉积后,0.010044162508964326,0.01004414138952375,8.837357389345332e-06
1,81003,0,GP 表达式自身产生的状态,250,历史重启阶段最优路径,重启和可选上界处理后,0.010044162508964326,0.01004414138952375,8.837357389345332e-06
1,81003,1,GP 表达式自身产生的状态,250,历史重启阶段最优路径,更新前,0.005338823676007579,0.0,0.0
1,81003,1,GP 表达式自身产生的状态,250,历史重启阶段最优路径,蒸发和下界保护后,0.005338823676007579,0.0,0.0
1,81003,1,GP 表达式自身产生的状态,250,历史重启阶段最优路径,沉积后,0.005338823676007579,0.005338779855321925,4.707196914908289e-06
1,81003,1,GP 表达式自身产生的状态,250,历史重启阶段最优路径,重启和可选上界处理后,0.005338823676007579,0.005338779855321925,4.707196914908289e-06
1,81003,2,GP 表达式自身产生的状态,250,历史重启阶段最优路径,更新前,0.004744448309126355,0.0,0.0
1,81003,2,GP 表达式自身产生的状态,250,历史重启阶段最优路径,蒸发和下界保护后,0.004744448309126355,0.0,0.0
1,81003,2,GP 表达式自身产生的状态,250,历史重启阶段最优路径,沉积后,0.004744448309126355,0.0047444328029277675,4.297469431034235e-06
1,81003,2,GP 表达式自身产生的状态,250,历史重启阶段最优路径,重启和可选上界处理后,0.004744448309126355,0.0047444328029277675,4.297469431034235e-06
1,81003,3,GP 表达式自身产生的状态,250,历史重启阶段最优路径,更新前,0.012471185215745044,0.0,0.0
1,81003,3,GP 表达式自身产生的状态,250,历史重启阶段最优路径,蒸发和下界保护后,0.012471185215745044,0.0,0.0
1,81003,3,GP 表达式自身产生的状态,250,历史重启阶段最优路径,沉积后,0.012471185215745044,0.012471146833517684,1.1021350332265017e-05
1,81003,3,GP 表达式自身产生的状态,250,历史重启阶段最优路径,重启和可选上界处理后,0.012471185215745044,0.012471146833517684,1.1021350332265017e-05
1,81003,4,GP 表达式自身产生的状态,250,历史重启阶段最优路径,更新前,0.004002268711170246,0.0,0.0
1,81003,4,GP 表达式自身产生的状态,250,历史重启阶段最优路径,蒸发和下界保护后,0.004002268711170246,0.0,0.0
1,81003,4,GP 表达式自身产生的状态,250,历史重启阶段最优路径,沉积后,0.004002268711170246,0.004002275101895067,3.5432746268196167e-06
1,81003,4,GP 表达式自身产生的状态,250,历史重启阶段最优路径,重启和可选上界处理后,0.004002268711170246,0.004002275101895067,3.5432746268196167e-06
1,81003,5,GP 表达式自身产生的状态,250,历史重启阶段最优路径,更新前,0.010208560623609262,0.0,0.0
1,81003,5,GP 表达式自身产生的状态,250,历史重启阶段最优路径,蒸发和下界保护后,0.010208560623609262,0.0,0.0
1,81003,5,GP 表达式自身产生的状态,250,历史重启阶段最优路径,沉积后,0.010208560623609262,0.010208519593269906,9.21713804861268e-06
1,81003,5,GP 表达式自身产生的状态,250,历史重启阶段最优路径,重启和可选上界处理后,0.010208560623609262,0.010208519593269906,9.21713804861268e-06
1,81003,6,GP 表达式自身产生的状态,250,历史重启阶段最优路径,更新前,0.0037397565898966245,0.0,0.0
1,81003,6,GP 表达式自身产生的状态,250,历史重启阶段最优路径,蒸发和下界保护后,0.0037397565898966245,0.0,0.0
1,81003,6,GP 表达式自身产生的状态,250,历史重启阶段最优路径,沉积后,0.0037397565898966245,0.003739841671677523,3.31288682531786e-06
1,81003,6,GP 表达式自身产生的状态,250,历史重启阶段最优路径,重启和可选上界处理后,0.0037397565898966245,0.003739841671677523,3.31288682531786e-06
1,81003,7,GP 表达式自身产生的状态,250,历史重启阶段最优路径,更新前,0.00838228987087512,0.0,0.0
1,81003,7,GP 表达式自身产生的状态,250,历史重启阶段最优路径,蒸发和下界保护后,0.00838228987087512,0.0,0.0
1,81003,7,GP 表达式自身产生的状态,250,历史重启阶段最优路径,沉积后,0.00838228987087512,0.008382266432489396,7.417114913642751e-06
1,81003,7,GP 表达式自身产生的状态,250,历史重启阶段最优路径,重启和可选上界处理后,0.00838228987087512,0.008382266432489396,7.417114913642751e-06
1,81003,0,GP 表达式自身产生的状态,250,历史全局最优路径,更新前,0.010044162508964326,0.0,0.0
1,81003,0,GP 表达式自身产生的状态,250,历史全局最优路径,蒸发和下界保护后,0.010044162508964326,0.0,0.0
1,81003,0,GP 表达式自身产生的状态,250,历史全局最优路径,沉积后,0.010044162508964326,0.01004414138952375,8.837357389345332e-06
1,81003,0,GP 表达式自身产生的状态,250,历史全局最优路径,重启和可选上界处理后,0.010044162508964326,0.01004414138952375,8.837357389345332e-06
1,81003,1,GP 表达式自身产生的状态,250,历史全局最优路径,更新前,0.005338823676007579,0.0,0.0
1,81003,1,GP 表达式自身产生的状态,250,历史全局最优路径,蒸发和下界保护后,0.005338823676007579,0.0,0.0
1,81003,1,GP 表达式自身产生的状态,250,历史全局最优路径,沉积后,0.005338823676007579,0.005338779855321925,4.707196914908289e-06
1,81003,1,GP 表达式自身产生的状态,250,历史全局最优路径,重启和可选上界处理后,0.005338823676007579,0.005338779855321925,4.707196914908289e-06
1,81003,2,GP 表达式自身产生的状态,250,历史全局最优路径,更新前,0.004744448309126355,0.0,0.0
1,81003,2,GP 表达式自身产生的状态,250,历史全局最优路径,蒸发和下界保护后,0.004744448309126355,0.0,0.0
1,81003,2,GP 表达式自身产生的状态,250,历史全局最优路径,沉积后,0.004744448309126355,0.0047444328029277675,4.297469431034235e-06
1,81003,2,GP 表达式自身产生的状态,250,历史全局最优路径,重启和可选上界处理后,0.004744448309126355,0.0047444328029277675,4.297469431034235e-06
1,81003,3,GP 表达式自身产生的状态,250,历史全局最优路径,更新前,0.012471185215745044,0.0,0.0
1,81003,3,GP 表达式自身产生的状态,250,历史全局最优路径,蒸发和下界保护后,0.012471185215745044,0.0,0.0
1,81003,3,GP 表达式自身产生的状态,250,历史全局最优路径,沉积后,0.012471185215745044,0.012471146833517684,1.1021350332265017e-05
1,81003,3,GP 表达式自身产生的状态,250,历史全局最优路径,重启和可选上界处理后,0.012471185215745044,0.012471146833517684,1.1021350332265017e-05
1,81003,4,GP 表达式自身产生的状态,250,历史全局最优路径,更新前,0.004002268711170246,0.0,0.0
1,81003,4,GP 表达式自身产生的状态,250,历史全局最优路径,蒸发和下界保护后,0.004002268711170246,0.0,0.0
1,81003,4,GP 表达式自身产生的状态,250,历史全局最优路径,沉积后,0.004002268711170246,0.004002275101895067,3.5432746268196167e-06
1,81003,4,GP 表达式自身产生的状态,250,历史全局最优路径,重启和可选上界处理后,0.004002268711170246,0.004002275101895067,3.5432746268196167e-06
1,81003,5,GP 表达式自身产生的状态,250,历史全局最优路径,更新前,0.010208560623609262,0.0,0.0
1,81003,5,GP 表达式自身产生的状态,250,历史全局最优路径,蒸发和下界保护后,0.010208560623609262,0.0,0.0
1,81003,5,GP 表达式自身产生的状态,250,历史全局最优路径,沉积后,0.010208560623609262,0.010208519593269906,9.21713804861268e-06
1,81003,5,GP 表达式自身产生的状态,250,历史全局最优路径,重启和可选上界处理后,0.010208560623609262,0.010208519593269906,9.21713804861268e-06
1,81003,6,GP 表达式自身产生的状态,250,历史全局最优路径,更新前,0.0037397565898966245,0.0,0.0
1,81003,6,GP 表达式自身产生的状态,250,历史全局最优路径,蒸发和下界保护后,0.0037397565898966245,0.0,0.0
1,81003,6,GP 表达式自身产生的状态,250,历史全局最优路径,沉积后,0.0037397565898966245,0.003739841671677523,3.31288682531786e-06
1,81003,6,GP 表达式自身产生的状态,250,历史全局最优路径,重启和可选上界处理后,0.0037397565898966245,0.003739841671677523,3.31288682531786e-06
1,81003,7,GP 表达式自身产生的状态,250,历史全局最优路径,更新前,0.00838228987087512,0.0,0.0
1,81003,7,GP 表达式自身产生的状态,250,历史全局最优路径,蒸发和下界保护后,0.00838228987087512,0.0,0.0
1,81003,7,GP 表达式自身产生的状态,250,历史全局最优路径,沉积后,0.00838228987087512,0.008382266432489396,7.417114913642751e-06
1,81003,7,GP 表达式自身产生的状态,250,历史全局最优路径,重启和可选上界处理后,0.00838228987087512,0.008382266432489396,7.417114913642751e-06
1,81003,0,不使用 GP 产生的状态,500,本轮最优路径,更新前,0.003643752484355985,0.0,0.0
1,81003,0,不使用 GP 产生的状态,500,本轮最优路径,蒸发和下界保护后,0.003643752484355985,0.0,0.0
1,81003,0,不使用 GP 产生的状态,500,本轮最优路径,沉积后,0.003643752484355985,0.003643720135970763,3.206822712831914e-06
1,81003,0,不使用 GP 产生的状态,500,本轮最优路径,重启和可选上界处理后,0.003643752484355985,0.003643720135970763,3.206822712831914e-06
1,81003,1,不使用 GP 产生的状态,500,本轮最优路径,更新前,0.0031707373164032862,0.0,0.0
1,81003,1,不使用 GP 产生的状态,500,本轮最优路径,蒸发和下界保护后,0.0031707373164032862,0.0,0.0
1,81003,1,不使用 GP 产生的状态,500,本轮最优路径,沉积后,0.0031707373164032862,0.0031707268615030915,2.7866841672974418e-06
1,81003,1,不使用 GP 产生的状态,500,本轮最优路径,重启和可选上界处理后,0.0031707373164032862,0.0031707268615030915,2.7866841672974418e-06
1,81003,2,不使用 GP 产生的状态,500,本轮最优路径,更新前,0.0024073889900679984,0.0,0.0
1,81003,2,不使用 GP 产生的状态,500,本轮最优路径,蒸发和下界保护后,0.0024073889900679984,0.0,0.0
1,81003,2,不使用 GP 产生的状态,500,本轮最优路径,沉积后,0.0024073889900679984,0.0024072627346711866,2.1823801883457086e-06
1,81003,2,不使用 GP 产生的状态,500,本轮最优路径,重启和可选上界处理后,0.0024073889900679984,0.0024072627346711866,2.1823801883457086e-06
1,81003,3,不使用 GP 产生的状态,500,本轮最优路径,更新前,0.0018765633273695832,0.0,0.0
1,81003,3,不使用 GP 产生的状态,500,本轮最优路径,蒸发和下界保护后,0.0018765633273695832,0.0,0.0
1,81003,3,不使用 GP 产生的状态,500,本轮最优路径,沉积后,0.0018765633273695832,0.0018767344103184883,1.6610294076381306e-06
1,81003,3,不使用 GP 产生的状态,500,本轮最优路径,重启和可选上界处理后,0.0018765633273695832,0.0018767344103184883,1.6610294076381306e-06
1,81003,4,不使用 GP 产生的状态,500,本轮最优路径,更新前,0.0035917063683762233,0.0,0.0
1,81003,4,不使用 GP 产生的状态,500,本轮最优路径,蒸发和下界保护后,0.0035917063683762233,0.0,0.0
1,81003,4,不使用 GP 产生的状态,500,本轮最优路径,沉积后,0.0035917063683762233,0.0035916586928844913,3.1845404728018264e-06
1,81003,4,不使用 GP 产生的状态,500,本轮最优路径,重启和可选上界处理后,0.0035917063683762233,0.0,0.0
1,81003,5,不使用 GP 产生的状态,500,本轮最优路径,更新前,0.0020674022058652587,0.0,0.0
1,81003,5,不使用 GP 产生的状态,500,本轮最优路径,蒸发和下界保护后,0.0020674022058652587,0.0,0.0
1,81003,5,不使用 GP 产生的状态,500,本轮最优路径,沉积后,0.0020674022058652587,0.002067324140947322,1.8661866574094487e-06
1,81003,5,不使用 GP 产生的状态,500,本轮最优路径,重启和可选上界处理后,0.0020674022058652587,0.002067324140947322,1.8661866574094487e-06
1,81003,6,不使用 GP 产生的状态,500,本轮最优路径,更新前,0.003955433515941656,0.0,0.0
1,81003,6,不使用 GP 产生的状态,500,本轮最优路径,蒸发和下界保护后,0.003955433515941656,0.0,0.0
1,81003,6,不使用 GP 产生的状态,500,本轮最优路径,沉积后,0.003955433515941656,0.0039554319423441625,3.5072609941410674e-06
1,81003,6,不使用 GP 产生的状态,500,本轮最优路径,重启和可选上界处理后,0.003955433515941656,0.0039554319423441625,3.5072609941410674e-06
1,81003,7,不使用 GP 产生的状态,500,本轮最优路径,更新前,0.004912305292751113,0.0,0.0
1,81003,7,不使用 GP 产生的状态,500,本轮最优路径,蒸发和下界保护后,0.004912305292751113,0.0,0.0
1,81003,7,不使用 GP 产生的状态,500,本轮最优路径,沉积后,0.004912305292751113,0.004912277816620129,4.351652917508953e-06
1,81003,7,不使用 GP 产生的状态,500,本轮最优路径,重启和可选上界处理后,0.004912305292751113,0.004912277816620129,4.351652917508953e-06
1,81003,0,不使用 GP 产生的状态,500,历史重启阶段最优路径,更新前,0.003643934227955402,0.0,0.0
1,81003,0,不使用 GP 产生的状态,500,历史重启阶段最优路径,蒸发和下界保护后,0.003643934227955402,0.0,0.0
1,81003,0,不使用 GP 产生的状态,500,历史重启阶段最优路径,沉积后,0.003643934227955402,0.003643812983244378,3.2069044273255476e-06
1,81003,0,不使用 GP 产生的状态,500,历史重启阶段最优路径,重启和可选上界处理后,0.003643934227955402,0.003643812983244378,3.2069044273255476e-06
1,81003,1,不使用 GP 产生的状态,500,历史重启阶段最优路径,更新前,0.0031709557356434984,0.0,0.0
1,81003,1,不使用 GP 产生的状态,500,历史重启阶段最优路径,蒸发和下界保护后,0.0031709557356434984,0.0,0.0
1,81003,1,不使用 GP 产生的状态,500,历史重启阶段最优路径,沉积后,0.0031709557356434984,0.0031708054621985312,2.786753247771127e-06
1,81003,1,不使用 GP 产生的状态,500,历史重启阶段最优路径,重启和可选上界处理后,0.0031709557356434984,0.0031708054621985312,2.786753247771127e-06
1,81003,2,不使用 GP 产生的状态,500,历史重启阶段最优路径,更新前,0.0024070732905830234,0.0,0.0
1,81003,2,不使用 GP 产生的状态,500,历史重启阶段最优路径,蒸发和下界保护后,0.0024070732905830234,0.0,0.0
1,81003,2,不使用 GP 产生的状态,500,历史重启阶段最优路径,沉积后,0.0024070732905830234,0.0024069406919198983,2.182088230301375e-06
1,81003,2,不使用 GP 产生的状态,500,历史重启阶段最优路径,重启和可选上界处理后,0.0024070732905830234,0.0024069406919198983,2.182088230301375e-06
1,81003,3,不使用 GP 产生的状态,500,历史重启阶段最优路径,更新前,0.0018761824656193299,0.0,0.0
1,81003,3,不使用 GP 产生的状态,500,历史重启阶段最优路径,蒸发和下界保护后,0.0018761824656193299,0.0,0.0
1,81003,3,不使用 GP 产生的状态,500,历史重启阶段最优路径,沉积后,0.0018761824656193299,0.0018763700969552926,1.6607069671230868e-06
1,81003,3,不使用 GP 产生的状态,500,历史重启阶段最优路径,重启和可选上界处理后,0.0018761824656193299,0.0018763700969552926,1.6607069671230868e-06
1,81003,4,不使用 GP 产生的状态,500,历史重启阶段最优路径,更新前,0.003591773186300242,0.0,0.0
1,81003,4,不使用 GP 产生的状态,500,历史重启阶段最优路径,蒸发和下界保护后,0.003591773186300242,0.0,0.0
1,81003,4,不使用 GP 产生的状态,500,历史重启阶段最优路径,沉积后,0.003591773186300242,0.0035918330214502188,3.18469504104469e-06
1,81003,4,不使用 GP 产生的状态,500,历史重启阶段最优路径,重启和可选上界处理后,0.003591773186300242,0.0,0.0
1,81003,5,不使用 GP 产生的状态,500,历史重启阶段最优路径,更新前,0.0020671437296439716,0.0,0.0
1,81003,5,不使用 GP 产生的状态,500,历史重启阶段最优路径,蒸发和下界保护后,0.0020671437296439716,0.0,0.0
1,81003,5,不使用 GP 产生的状态,500,历史重启阶段最优路径,沉积后,0.0020671437296439716,0.0020670871538247516,1.8659727276258416e-06
1,81003,5,不使用 GP 产生的状态,500,历史重启阶段最优路径,重启和可选上界处理后,0.0020671437296439716,0.0020670871538247516,1.8659727276258416e-06
1,81003,6,不使用 GP 产生的状态,500,历史重启阶段最优路径,更新前,0.003955165399137921,0.0,0.0
1,81003,6,不使用 GP 产生的状态,500,历史重启阶段最优路径,蒸发和下界保护后,0.003955165399137921,0.0,0.0
1,81003,6,不使用 GP 产生的状态,500,历史重启阶段最优路径,沉积后,0.003955165399137921,0.0039551332009122794,3.506996101662408e-06
1,81003,6,不使用 GP 产生的状态,500,历史重启阶段最优路径,重启和可选上界处理后,0.003955165399137921,0.0039551332009122794,3.506996101662408e-06
1,81003,7,不使用 GP 产生的状态,500,历史重启阶段最优路径,更新前,0.004912391787118608,0.0,0.0
1,81003,7,不使用 GP 产生的状态,500,历史重启阶段最优路径,蒸发和下界保护后,0.004912391787118608,0.0,0.0
1,81003,7,不使用 GP 产生的状态,500,历史重启阶段最优路径,沉积后,0.004912391787118608,0.004912266974021354,4.35164331234647e-06
1,81003,7,不使用 GP 产生的状态,500,历史重启阶段最优路径,重启和可选上界处理后,0.004912391787118608,0.004912266974021354,4.35164331234647e-06
1,81003,0,不使用 GP 产生的状态,500,历史全局最优路径,更新前,0.003643934227955402,0.0,0.0
1,81003,0,不使用 GP 产生的状态,500,历史全局最优路径,蒸发和下界保护后,0.003643934227955402,0.0,0.0
1,81003,0,不使用 GP 产生的状态,500,历史全局最优路径,沉积后,0.003643934227955402,0.003643812983244378,3.2069044273255476e-06
1,81003,0,不使用 GP 产生的状态,500,历史全局最优路径,重启和可选上界处理后,0.003643934227955402,0.003643812983244378,3.2069044273255476e-06
1,81003,1,不使用 GP 产生的状态,500,历史全局最优路径,更新前,0.0031709557356434984,0.0,0.0
1,81003,1,不使用 GP 产生的状态,500,历史全局最优路径,蒸发和下界保护后,0.0031709557356434984,0.0,0.0
1,81003,1,不使用 GP 产生的状态,500,历史全局最优路径,沉积后,0.0031709557356434984,0.0031708054621985312,2.786753247771127e-06
1,81003,1,不使用 GP 产生的状态,500,历史全局最优路径,重启和可选上界处理后,0.0031709557356434984,0.0031708054621985312,2.786753247771127e-06
1,81003,2,不使用 GP 产生的状态,500,历史全局最优路径,更新前,0.0024070732905830234,0.0,0.0
1,81003,2,不使用 GP 产生的状态,500,历史全局最优路径,蒸发和下界保护后,0.0024070732905830234,0.0,0.0
1,81003,2,不使用 GP 产生的状态,500,历史全局最优路径,沉积后,0.0024070732905830234,0.0024069406919198983,2.182088230301375e-06
1,81003,2,不使用 GP 产生的状态,500,历史全局最优路径,重启和可选上界处理后,0.0024070732905830234,0.0024069406919198983,2.182088230301375e-06
1,81003,3,不使用 GP 产生的状态,500,历史全局最优路径,更新前,0.0018761824656193299,0.0,0.0
1,81003,3,不使用 GP 产生的状态,500,历史全局最优路径,蒸发和下界保护后,0.0018761824656193299,0.0,0.0
1,81003,3,不使用 GP 产生的状态,500,历史全局最优路径,沉积后,0.0018761824656193299,0.0018763700969552926,1.6607069671230868e-06
1,81003,3,不使用 GP 产生的状态,500,历史全局最优路径,重启和可选上界处理后,0.0018761824656193299,0.0018763700969552926,1.6607069671230868e-06
1,81003,4,不使用 GP 产生的状态,500,历史全局最优路径,更新前,0.003591773186300242,0.0,0.0
1,81003,4,不使用 GP 产生的状态,500,历史全局最优路径,蒸发和下界保护后,0.003591773186300242,0.0,0.0
1,81003,4,不使用 GP 产生的状态,500,历史全局最优路径,沉积后,0.003591773186300242,0.0035918330214502188,3.18469504104469e-06
1,81003,4,不使用 GP 产生的状态,500,历史全局最优路径,重启和可选上界处理后,0.003591773186300242,0.0,0.0
1,81003,5,不使用 GP 产生的状态,500,历史全局最优路径,更新前,0.0020671437296439716,0.0,0.0
1,81003,5,不使用 GP 产生的状态,500,历史全局最优路径,蒸发和下界保护后,0.0020671437296439716,0.0,0.0
1,81003,5,不使用 GP 产生的状态,500,历史全局最优路径,沉积后,0.0020671437296439716,0.0020670871538247516,1.8659727276258416e-06
1,81003,5,不使用 GP 产生的状态,500,历史全局最优路径,重启和可选上界处理后,0.0020671437296439716,0.0020670871538247516,1.8659727276258416e-06
1,81003,6,不使用 GP 产生的状态,500,历史全局最优路径,更新前,0.003955165399137921,0.0,0.0
1,81003,6,不使用 GP 产生的状态,500,历史全局最优路径,蒸发和下界保护后,0.003955165399137921,0.0,0.0
1,81003,6,不使用 GP 产生的状态,500,历史全局最优路径,沉积后,0.003955165399137921,0.0039551332009122794,3.506996101662408e-06
1,81003,6,不使用 GP 产生的状态,500,历史全局最优路径,重启和可选上界处理后,0.003955165399137921,0.0039551332009122794,3.506996101662408e-06
1,81003,7,不使用 GP 产生的状态,500,历史全局最优路径,更新前,0.004912391787118608,0.0,0.0
1,81003,7,不使用 GP 产生的状态,500,历史全局最优路径,蒸发和下界保护后,0.004912391787118608,0.0,0.0
1,81003,7,不使用 GP 产生的状态,500,历史全局最优路径,沉积后,0.004912391787118608,0.004912266974021354,4.35164331234647e-06
1,81003,7,不使用 GP 产生的状态,500,历史全局最优路径,重启和可选上界处理后,0.004912391787118608,0.004912266974021354,4.35164331234647e-06
1,81001,0,不使用 GP 产生的状态,500,本轮最优路径,更新前,0.0008068499688096375,0.0,0.0
1,81001,0,不使用 GP 产生的状态,500,本轮最优路径,蒸发和下界保护后,0.0008068499688096375,0.0,0.0
1,81001,0,不使用 GP 产生的状态,500,本轮最优路径,沉积后,0.0008068499688096375,0.0008068191020298453,7.100780864023849e-07
1,81001,0,不使用 GP 产生的状态,500,本轮最优路径,重启和可选上界处理后,0.0008068499688096375,0.0008068191020298453,7.100780864023849e-07
1,81001,1,不使用 GP 产生的状态,500,本轮最优路径,更新前,0.0007079496618412665,0.0,0.0
1,81001,1,不使用 GP 产生的状态,500,本轮最优路径,蒸发和下界保护后,0.0007079496618412665,0.0,0.0
1,81001,1,不使用 GP 产生的状态,500,本轮最优路径,沉积后,0.0007079496618412665,0.0007081116498129578,6.223442161388822e-07
1,81001,1,不使用 GP 产生的状态,500,本轮最优路径,重启和可选上界处理后,0.0007079496618412665,0.0007081116498129578,6.223442161388822e-07
1,81001,2,不使用 GP 产生的状态,500,本轮最优路径,更新前,0.0005415467246089628,0.0,0.0
1,81001,2,不使用 GP 产生的状态,500,本轮最优路径,蒸发和下界保护后,0.0005415467246089628,0.0,0.0
1,81001,2,不使用 GP 产生的状态,500,本轮最优路径,沉积后,0.0005415467246089628,0.0005416817629899008,4.910787388975256e-07
1,81001,2,不使用 GP 产生的状态,500,本轮最优路径,重启和可选上界处理后,0.0005415467246089628,0.0005416817629899008,4.910787388975256e-07
1,81001,3,不使用 GP 产生的状态,500,本轮最优路径,更新前,0.000422721704071735,0.0,0.0
1,81001,3,不使用 GP 产生的状态,500,本轮最优路径,蒸发和下界保护后,0.000422721704071735,0.0,0.0
1,81001,3,不使用 GP 产生的状态,500,本轮最优路径,沉积后,0.000422721704071735,0.00042229492987919354,3.737578920966154e-07
1,81001,3,不使用 GP 产生的状态,500,本轮最优路径,重启和可选上界处理后,0.000422721704071735,0.00042229492987919354,3.737578920966154e-07
1,81001,4,不使用 GP 产生的状态,500,本轮最优路径,更新前,0.0007293750679592464,0.0,0.0
1,81001,4,不使用 GP 产生的状态,500,本轮最优路径,蒸发和下界保护后,0.0007293750679592464,0.0,0.0
1,81001,4,不使用 GP 产生的状态,500,本轮最优路径,沉积后,0.0007293750679592464,0.0007293078888572601,6.466400868770673e-07
1,81001,4,不使用 GP 产生的状态,500,本轮最优路径,重启和可选上界处理后,0.0007293750679592464,0.0,0.0
1,81001,5,不使用 GP 产生的状态,500,本轮最优路径,更新前,0.0005169158989656608,0.0,0.0
1,81001,5,不使用 GP 产生的状态,500,本轮最优路径,蒸发和下界保护后,0.0005169158989656608,0.0,0.0
1,81001,5,不使用 GP 产生的状态,500,本轮最优路径,沉积后,0.0005169158989656608,0.0005170825912398868,4.667737455570928e-07
1,81001,5,不使用 GP 产生的状态,500,本轮最优路径,重启和可选上界处理后,0.0005169158989656608,0.0005170825912398868,4.667737455570928e-07
1,81001,6,不使用 GP 产生的状态,500,本轮最优路径,更新前,0.00046304595117722524,0.0,0.0
1,81001,6,不使用 GP 产生的状态,500,本轮最优路径,蒸发和下界保护后,0.00046304595117722524,0.0,0.0
1,81001,6,不使用 GP 产生的状态,500,本轮最优路径,沉积后,0.00046304595117722524,0.0004631179735240527,4.106443058312232e-07
1,81001,6,不使用 GP 产生的状态,500,本轮最优路径,重启和可选上界处理后,0.00046304595117722524,0.0004631179735240527,4.106443058312232e-07
1,81001,7,不使用 GP 产生的状态,500,本轮最优路径,更新前,0.0006153045432476016,0.0,0.0
1,81001,7,不使用 GP 产生的状态,500,本轮最优路径,蒸发和下界保护后,0.0006153045432476016,0.0,0.0
1,81001,7,不使用 GP 产生的状态,500,本轮最优路径,沉积后,0.0006153045432476016,0.0006152632674454497,5.450449450876669e-07
1,81001,7,不使用 GP 产生的状态,500,本轮最优路径,重启和可选上界处理后,0.0006153045432476016,0.0006152632674454497,5.450449450876669e-07
1,81001,0,不使用 GP 产生的状态,500,历史重启阶段最优路径,更新前,0.0008068499688096375,0.0,0.0
1,81001,0,不使用 GP 产生的状态,500,历史重启阶段最优路径,蒸发和下界保护后,0.0008068499688096375,0.0,0.0
1,81001,0,不使用 GP 产生的状态,500,历史重启阶段最优路径,沉积后,0.0008068499688096375,0.0008068191020298453,7.100780864023849e-07
1,81001,0,不使用 GP 产生的状态,500,历史重启阶段最优路径,重启和可选上界处理后,0.0008068499688096375,0.0008068191020298453,7.100780864023849e-07
1,81001,1,不使用 GP 产生的状态,500,历史重启阶段最优路径,更新前,0.000707919430804559,0.0,0.0
1,81001,1,不使用 GP 产生的状态,500,历史重启阶段最优路径,蒸发和下界保护后,0.000707919430804559,0.0,0.0
1,81001,1,不使用 GP 产生的状态,500,历史重启阶段最优路径,沉积后,0.000707919430804559,0.000707763992890821,6.220386678898885e-07
1,81001,1,不使用 GP 产生的状态,500,历史重启阶段最优路径,重启和可选上界处理后,0.000707919430804559,0.000707763992890821,6.220386678898885e-07
1,81001,2,不使用 GP 产生的状态,500,历史重启阶段最优路径,更新前,0.0005414758508065012,0.0,0.0
1,81001,2,不使用 GP 产生的状态,500,历史重启阶段最优路径,蒸发和下界保护后,0.0005414758508065012,0.0,0.0
1,81001,2,不使用 GP 产生的状态,500,历史重启阶段最优路径,沉积后,0.0005414758508065012,0.0005417510509757841,4.911415541131248e-07
1,81001,2,不使用 GP 产生的状态,500,历史重启阶段最优路径,重启和可选上界处理后,0.0005414758508065012,0.0005417510509757841,4.911415541131248e-07
1,81001,3,不使用 GP 产生的状态,500,历史重启阶段最优路径,更新前,0.000423094353840441,0.0,0.0
1,81001,3,不使用 GP 产生的状态,500,历史重启阶段最优路径,蒸发和下界保护后,0.000423094353840441,0.0,0.0
1,81001,3,不使用 GP 产生的状态,500,历史重启阶段最优路径,沉积后,0.000423094353840441,0.0004231449943933169,3.7451025329838446e-07
1,81001,3,不使用 GP 产生的状态,500,历史重启阶段最优路径,重启和可选上界处理后,0.000423094353840441,0.0004231449943933169,3.7451025329838446e-07
1,81001,4,不使用 GP 产生的状态,500,历史重启阶段最优路径,更新前,0.0007296004430110711,0.0,0.0
1,81001,4,不使用 GP 产生的状态,500,历史重启阶段最优路径,蒸发和下界保护后,0.0007296004430110711,0.0,0.0
1,81001,4,不使用 GP 产生的状态,500,历史重启阶段最优路径,沉积后,0.0007296004430110711,0.0007297374498534731,6.470209566909744e-07
1,81001,4,不使用 GP 产生的状态,500,历史重启阶段最优路径,重启和可选上界处理后,0.0007296004430110711,0.0,0.0
1,81001,5,不使用 GP 产生的状态,500,历史重启阶段最优路径,更新前,0.0005164532156028965,0.0,0.0
1,81001,5,不使用 GP 产生的状态,500,历史重启阶段最优路径,蒸发和下界保护后,0.0005164532156028965,0.0,0.0
1,81001,5,不使用 GP 产生的状态,500,历史重启阶段最优路径,沉积后,0.0005164532156028965,0.0005163347220416113,4.660986392727586e-07
1,81001,5,不使用 GP 产生的状态,500,历史重启阶段最优路径,重启和可选上界处理后,0.0005164532156028965,0.0005163347220416113,4.660986392727586e-07
1,81001,6,不使用 GP 产生的状态,500,历史重启阶段最优路径,更新前,0.000463322662244196,0.0,0.0
1,81001,6,不使用 GP 产生的状态,500,历史重启阶段最优路径,蒸发和下界保护后,0.000463322662244196,0.0,0.0
1,81001,6,不使用 GP 产生的状态,500,历史重启阶段最优路径,沉积后,0.000463322662244196,0.0004633876639252823,4.1088343891163373e-07
1,81001,6,不使用 GP 产生的状态,500,历史重启阶段最优路径,重启和可选上界处理后,0.000463322662244196,0.0004633876639252823,4.1088343891163373e-07
1,81001,7,不使用 GP 产生的状态,500,历史重启阶段最优路径,更新前,0.0006151617412932907,0.0,0.0
1,81001,7,不使用 GP 产生的状态,500,历史重启阶段最优路径,蒸发和下界保护后,0.0006151617412932907,0.0,0.0
1,81001,7,不使用 GP 产生的状态,500,历史重启阶段最优路径,沉积后,0.0006151617412932907,0.0006151252707337772,5.449226975651583e-07
1,81001,7,不使用 GP 产生的状态,500,历史重启阶段最优路径,重启和可选上界处理后,0.0006151617412932907,0.0006151252707337772,5.449226975651583e-07
1,81001,0,不使用 GP 产生的状态,500,历史全局最优路径,更新前,0.0008068499688096375,0.0,0.0
1,81001,0,不使用 GP 产生的状态,500,历史全局最优路径,蒸发和下界保护后,0.0008068499688096375,0.0,0.0
1,81001,0,不使用 GP 产生的状态,500,历史全局最优路径,沉积后,0.0008068499688096375,0.0008068191020298453,7.100780864023849e-07
1,81001,0,不使用 GP 产生的状态,500,历史全局最优路径,重启和可选上界处理后,0.0008068499688096375,0.0008068191020298453,7.100780864023849e-07
1,81001,1,不使用 GP 产生的状态,500,历史全局最优路径,更新前,0.000707919430804559,0.0,0.0
1,81001,1,不使用 GP 产生的状态,500,历史全局最优路径,蒸发和下界保护后,0.000707919430804559,0.0,0.0
1,81001,1,不使用 GP 产生的状态,500,历史全局最优路径,沉积后,0.000707919430804559,0.000707763992890821,6.220386678898885e-07
1,81001,1,不使用 GP 产生的状态,500,历史全局最优路径,重启和可选上界处理后,0.000707919430804559,0.000707763992890821,6.220386678898885e-07
1,81001,2,不使用 GP 产生的状态,500,历史全局最优路径,更新前,0.0005414758508065012,0.0,0.0
1,81001,2,不使用 GP 产生的状态,500,历史全局最优路径,蒸发和下界保护后,0.0005414758508065012,0.0,0.0
1,81001,2,不使用 GP 产生的状态,500,历史全局最优路径,沉积后,0.0005414758508065012,0.0005417510509757841,4.911415541131248e-07
1,81001,2,不使用 GP 产生的状态,500,历史全局最优路径,重启和可选上界处理后,0.0005414758508065012,0.0005417510509757841,4.911415541131248e-07
1,81001,3,不使用 GP 产生的状态,500,历史全局最优路径,更新前,0.000423094353840441,0.0,0.0
1,81001,3,不使用 GP 产生的状态,500,历史全局最优路径,蒸发和下界保护后,0.000423094353840441,0.0,0.0
1,81001,3,不使用 GP 产生的状态,500,历史全局最优路径,沉积后,0.000423094353840441,0.0004231449943933169,3.7451025329838446e-07
1,81001,3,不使用 GP 产生的状态,500,历史全局最优路径,重启和可选上界处理后,0.000423094353840441,0.0004231449943933169,3.7451025329838446e-07
1,81001,4,不使用 GP 产生的状态,500,历史全局最优路径,更新前,0.0007296004430110711,0.0,0.0
1,81001,4,不使用 GP 产生的状态,500,历史全局最优路径,蒸发和下界保护后,0.0007296004430110711,0.0,0.0
1,81001,4,不使用 GP 产生的状态,500,历史全局最优路径,沉积后,0.0007296004430110711,0.0007297374498534731,6.470209566909744e-07
1,81001,4,不使用 GP 产生的状态,500,历史全局最优路径,重启和可选上界处理后,0.0007296004430110711,0.0,0.0
1,81001,5,不使用 GP 产生的状态,500,历史全局最优路径,更新前,0.0005164532156028965,0.0,0.0
1,81001,5,不使用 GP 产生的状态,500,历史全局最优路径,蒸发和下界保护后,0.0005164532156028965,0.0,0.0
1,81001,5,不使用 GP 产生的状态,500,历史全局最优路径,沉积后,0.0005164532156028965,0.0005163347220416113,4.660986392727586e-07
1,81001,5,不使用 GP 产生的状态,500,历史全局最优路径,重启和可选上界处理后,0.0005164532156028965,0.0005163347220416113,4.660986392727586e-07
1,81001,6,不使用 GP 产生的状态,500,历史全局最优路径,更新前,0.000463322662244196,0.0,0.0
1,81001,6,不使用 GP 产生的状态,500,历史全局最优路径,蒸发和下界保护后,0.000463322662244196,0.0,0.0
1,81001,6,不使用 GP 产生的状态,500,历史全局最优路径,沉积后,0.000463322662244196,0.0004633876639252823,4.1088343891163373e-07
1,81001,6,不使用 GP 产生的状态,500,历史全局最优路径,重启和可选上界处理后,0.000463322662244196,0.0004633876639252823,4.1088343891163373e-07
1,81001,7,不使用 GP 产生的状态,500,历史全局最优路径,更新前,0.0006151617412932907,0.0,0.0
1,81001,7,不使用 GP 产生的状态,500,历史全局最优路径,蒸发和下界保护后,0.0006151617412932907,0.0,0.0
1,81001,7,不使用 GP 产生的状态,500,历史全局最优路径,沉积后,0.0006151617412932907,0.0006151252707337772,5.449226975651583e-07
1,81001,7,不使用 GP 产生的状态,500,历史全局最优路径,重启和可选上界处理后,0.0006151617412932907,0.0006151252707337772,5.449226975651583e-07
1,81002,0,不使用 GP 产生的状态,500,本轮最优路径,更新前,2.240508424716649e-05,0.0,0.0
1,81002,0,不使用 GP 产生的状态,500,本轮最优路径,蒸发和下界保护后,2.240508424716649e-05,0.0,0.0
1,81002,0,不使用 GP 产生的状态,500,本轮最优路径,沉积后,2.240508424716649e-05,2.253126764295746e-05,1.982967355616648e-08
1,81002,0,不使用 GP 产生的状态,500,本轮最优路径,重启和可选上界处理后,2.240508424716649e-05,2.253126764295746e-05,1.982967355616648e-08
1,81002,1,不使用 GP 产生的状态,500,本轮最优路径,更新前,2.008172190890149e-05,0.0,0.0
1,81002,1,不使用 GP 产生的状态,500,本轮最优路径,蒸发和下界保护后,2.008172190890149e-05,0.0,0.0
1,81002,1,不使用 GP 产生的状态,500,本轮最优路径,沉积后,2.008172190890149e-05,2.0219525051226693e-05,1.777050903205731e-08
1,81002,1,不使用 GP 产生的状态,500,本轮最优路径,重启和可选上界处理后,2.008172190890149e-05,2.0219525051226693e-05,1.777050903205731e-08
1,81002,2,不使用 GP 产生的状态,500,本轮最优路径,更新前,4.53915598364332e-05,0.0,0.0
1,81002,2,不使用 GP 产生的状态,500,本轮最优路径,蒸发和下界保护后,4.53915598364332e-05,0.0,0.0
1,81002,2,不使用 GP 产生的状态,500,本轮最优路径,沉积后,4.53915598364332e-05,4.5447063416674195e-05,4.1201473104924044e-08
1,81002,2,不使用 GP 产生的状态,500,本轮最优路径,重启和可选上界处理后,4.53915598364332e-05,4.5447063416674195e-05,4.1201473104924044e-08
1,81002,3,不使用 GP 产生的状态,500,本轮最优路径,更新前,3.141045614708685e-05,0.0,0.0
1,81002,3,不使用 GP 产生的状态,500,本轮最优路径,蒸发和下界保护后,3.141045614708685e-05,0.0,0.0
1,81002,3,不使用 GP 产生的状态,500,本轮最优路径,沉积后,3.141045614708685e-05,3.120652527199198e-05,2.7619761167050063e-08
1,81002,3,不使用 GP 产生的状态,500,本轮最优路径,重启和可选上界处理后,3.141045614708685e-05,3.120652527199198e-05,2.7619761167050063e-08
1,81002,4,不使用 GP 产生的状态,500,本轮最优路径,更新前,2.175134113951352e-05,0.0,0.0
1,81002,4,不使用 GP 产生的状态,500,本轮最优路径,蒸发和下界保护后,2.175134113951352e-05,0.0,0.0
1,81002,4,不使用 GP 产生的状态,500,本轮最优路径,沉积后,2.175134113951352e-05,2.1855601179513624e-05,1.9378246226865194e-08
1,81002,4,不使用 GP 产生的状态,500,本轮最优路径,重启和可选上界处理后,2.175134113951352e-05,0.0,0.0
1,81002,5,不使用 GP 产生的状态,500,本轮最优路径,更新前,0.00023197312094386827,0.0,0.0
1,81002,5,不使用 GP 产生的状态,500,本轮最优路径,蒸发和下界保护后,0.00023197312094386827,0.0,0.0
1,81002,5,不使用 GP 产生的状态,500,本轮最优路径,沉积后,0.00023197312094386827,0.0002320045654442503,2.094319975829904e-07
1,81002,5,不使用 GP 产生的状态,500,本轮最优路径,重启和可选上界处理后,0.00023197312094386827,0.0002320045654442503,2.094319975829904e-07
1,81002,6,不使用 GP 产生的状态,500,本轮最优路径,更新前,0.00023861294014248174,0.0,0.0
1,81002,6,不使用 GP 产生的状态,500,本轮最优路径,蒸发和下界保护后,0.00023861294014248174,0.0,0.0
1,81002,6,不使用 GP 产生的状态,500,本轮最优路径,沉积后,0.00023861294014248174,0.00023879220921080356,2.1173581375628006e-07
1,81002,6,不使用 GP 产生的状态,500,本轮最优路径,重启和可选上界处理后,0.00023861294014248174,0.00023879220921080356,2.1173581375628006e-07
1,81002,7,不使用 GP 产生的状态,500,本轮最优路径,更新前,0.00045493104872075627,0.0,0.0
1,81002,7,不使用 GP 产生的状态,500,本轮最优路径,蒸发和下界保护后,0.00045493104872075627,0.0,0.0
1,81002,7,不使用 GP 产生的状态,500,本轮最优路径,沉积后,0.00045493104872075627,0.00045501557170665567,4.030858827711114e-07
1,81002,7,不使用 GP 产生的状态,500,本轮最优路径,重启和可选上界处理后,0.00045493104872075627,0.00045501557170665567,4.030858827711114e-07
1,81002,0,不使用 GP 产生的状态,500,历史重启阶段最优路径,更新前,4.5130689135696346e-05,0.0,0.0
1,81002,0,不使用 GP 产生的状态,500,历史重启阶段最优路径,蒸发和下界保护后,4.5130689135696346e-05,0.0,0.0
1,81002,0,不使用 GP 产生的状态,500,历史重启阶段最优路径,沉积后,4.5130689135696346e-05,4.525316851791224e-05,3.9827122615219295e-08
1,81002,0,不使用 GP 产生的状态,500,历史重启阶段最优路径,重启和可选上界处理后,4.5130689135696346e-05,4.525316851791224e-05,3.9827122615219295e-08
1,81002,1,不使用 GP 产生的状态,500,历史重启阶段最优路径,更新前,6.296873020874797e-05,0.0,0.0
1,81002,1,不使用 GP 产生的状态,500,历史重启阶段最优路径,蒸发和下界保护后,6.296873020874797e-05,0.0,0.0
1,81002,1,不使用 GP 产生的状态,500,历史重启阶段最优路径,沉积后,6.296873020874797e-05,6.305891946825879e-05,5.5421138484876667e-08
1,81002,1,不使用 GP 产生的状态,500,历史重启阶段最优路径,重启和可选上界处理后,6.296873020874797e-05,6.305891946825879e-05,5.5421138484876667e-08
1,81002,2,不使用 GP 产生的状态,500,历史重启阶段最优路径,更新前,3.061126138298164e-05,0.0,0.0
1,81002,2,不使用 GP 产生的状态,500,历史重启阶段最优路径,蒸发和下界保护后,3.061126138298164e-05,0.0,0.0
1,81002,2,不使用 GP 产生的状态,500,历史重启阶段最优路径,沉积后,3.061126138298164e-05,3.061845855052937e-05,2.7758132245372384e-08
1,81002,2,不使用 GP 产生的状态,500,历史重启阶段最优路径,重启和可选上界处理后,3.061126138298164e-05,3.061845855052937e-05,2.7758132245372384e-08
1,81002,3,不使用 GP 产生的状态,500,历史重启阶段最优路径,更新前,1.7465889359711818e-05,0.0,0.0
1,81002,3,不使用 GP 产生的状态,500,历史重启阶段最优路径,蒸发和下界保护后,1.7465889359711818e-05,0.0,0.0
1,81002,3,不使用 GP 产生的状态,500,历史重启阶段最优路径,沉积后,1.7465889359711818e-05,1.7334746502878386e-05,1.5342354014997188e-08
1,81002,3,不使用 GP 产生的状态,500,历史重启阶段最优路径,重启和可选上界处理后,1.7465889359711818e-05,1.7334746502878386e-05,1.5342354014997188e-08
1,81002,4,不使用 GP 产生的状态,500,历史重启阶段最优路径,更新前,3.778944879380197e-05,0.0,0.0
1,81002,4,不使用 GP 产生的状态,500,历史重启阶段最优路径,蒸发和下界保护后,3.778944879380197e-05,0.0,0.0
1,81002,4,不使用 GP 产生的状态,500,历史重启阶段最优路径,沉积后,3.778944879380197e-05,3.77599525931091e-05,3.3479822991549886e-08
1,81002,4,不使用 GP 产生的状态,500,历史重启阶段最优路径,重启和可选上界处理后,3.778944879380197e-05,0.0,0.0
1,81002,5,不使用 GP 产生的状态,500,历史重启阶段最优路径,更新前,0.00022037774896515106,0.0,0.0
1,81002,5,不使用 GP 产生的状态,500,历史重启阶段最优路径,蒸发和下界保护后,0.00022037774896515106,0.0,0.0
1,81002,5,不使用 GP 产生的状态,500,历史重启阶段最优路径,沉积后,0.00022037774896515106,0.0002204834947560111,1.990318537586113e-07
1,81002,5,不使用 GP 产生的状态,500,历史重启阶段最优路径,重启和可选上界处理后,0.00022037774896515106,0.0002204834947560111,1.990318537586113e-07
1,81002,6,不使用 GP 产生的状态,500,历史重启阶段最优路径,更新前,0.00024146429880108334,0.0,0.0
1,81002,6,不使用 GP 产生的状态,500,历史重启阶段最优路径,蒸发和下界保护后,0.00024146429880108334,0.0,0.0
1,81002,6,不使用 GP 产生的状态,500,历史重启阶段最优路径,沉积后,0.00024146429880108334,0.00024160870663262143,2.1423318741650955e-07
1,81002,6,不使用 GP 产生的状态,500,历史重启阶段最优路径,重启和可选上界处理后,0.00024146429880108334,0.00024160870663262143,2.1423318741650955e-07
1,81002,7,不使用 GP 产生的状态,500,历史重启阶段最优路径,更新前,0.00045356771513624264,0.0,0.0
1,81002,7,不使用 GP 产生的状态,500,历史重启阶段最优路径,蒸发和下界保护后,0.00045356771513624264,0.0,0.0
1,81002,7,不使用 GP 产生的状态,500,历史重启阶段最优路径,沉积后,0.00045356771513624264,0.0004536503899518964,4.0187650549486536e-07
1,81002,7,不使用 GP 产生的状态,500,历史重启阶段最优路径,重启和可选上界处理后,0.00045356771513624264,0.0004536503899518964,4.0187650549486536e-07
1,81002,0,不使用 GP 产生的状态,500,历史全局最优路径,更新前,4.5130689135696346e-05,0.0,0.0
1,81002,0,不使用 GP 产生的状态,500,历史全局最优路径,蒸发和下界保护后,4.5130689135696346e-05,0.0,0.0
1,81002,0,不使用 GP 产生的状态,500,历史全局最优路径,沉积后,4.5130689135696346e-05,4.525316851791224e-05,3.9827122615219295e-08
1,81002,0,不使用 GP 产生的状态,500,历史全局最优路径,重启和可选上界处理后,4.5130689135696346e-05,4.525316851791224e-05,3.9827122615219295e-08
1,81002,1,不使用 GP 产生的状态,500,历史全局最优路径,更新前,6.296873020874797e-05,0.0,0.0
1,81002,1,不使用 GP 产生的状态,500,历史全局最优路径,蒸发和下界保护后,6.296873020874797e-05,0.0,0.0
1,81002,1,不使用 GP 产生的状态,500,历史全局最优路径,沉积后,6.296873020874797e-05,6.305891946825879e-05,5.5421138484876667e-08
1,81002,1,不使用 GP 产生的状态,500,历史全局最优路径,重启和可选上界处理后,6.296873020874797e-05,6.305891946825879e-05,5.5421138484876667e-08
1,81002,2,不使用 GP 产生的状态,500,历史全局最优路径,更新前,3.061126138298164e-05,0.0,0.0
1,81002,2,不使用 GP 产生的状态,500,历史全局最优路径,蒸发和下界保护后,3.061126138298164e-05,0.0,0.0
1,81002,2,不使用 GP 产生的状态,500,历史全局最优路径,沉积后,3.061126138298164e-05,3.061845855052937e-05,2.7758132245372384e-08
1,81002,2,不使用 GP 产生的状态,500,历史全局最优路径,重启和可选上界处理后,3.061126138298164e-05,3.061845855052937e-05,2.7758132245372384e-08
1,81002,3,不使用 GP 产生的状态,500,历史全局最优路径,更新前,1.7465889359711818e-05,0.0,0.0
1,81002,3,不使用 GP 产生的状态,500,历史全局最优路径,蒸发和下界保护后,1.7465889359711818e-05,0.0,0.0
1,81002,3,不使用 GP 产生的状态,500,历史全局最优路径,沉积后,1.7465889359711818e-05,1.7334746502878386e-05,1.5342354014997188e-08
1,81002,3,不使用 GP 产生的状态,500,历史全局最优路径,重启和可选上界处理后,1.7465889359711818e-05,1.7334746502878386e-05,1.5342354014997188e-08
1,81002,4,不使用 GP 产生的状态,500,历史全局最优路径,更新前,3.778944879380197e-05,0.0,0.0
1,81002,4,不使用 GP 产生的状态,500,历史全局最优路径,蒸发和下界保护后,3.778944879380197e-05,0.0,0.0
1,81002,4,不使用 GP 产生的状态,500,历史全局最优路径,沉积后,3.778944879380197e-05,3.77599525931091e-05,3.3479822991549886e-08
1,81002,4,不使用 GP 产生的状态,500,历史全局最优路径,重启和可选上界处理后,3.778944879380197e-05,0.0,0.0
1,81002,5,不使用 GP 产生的状态,500,历史全局最优路径,更新前,0.00022037774896515106,0.0,0.0
1,81002,5,不使用 GP 产生的状态,500,历史全局最优路径,蒸发和下界保护后,0.00022037774896515106,0.0,0.0
1,81002,5,不使用 GP 产生的状态,500,历史全局最优路径,沉积后,0.00022037774896515106,0.0002204834947560111,1.990318537586113e-07
1,81002,5,不使用 GP 产生的状态,500,历史全局最优路径,重启和可选上界处理后,0.00022037774896515106,0.0002204834947560111,1.990318537586113e-07
1,81002,6,不使用 GP 产生的状态,500,历史全局最优路径,更新前,0.00024146429880108334,0.0,0.0
1,81002,6,不使用 GP 产生的状态,500,历史全局最优路径,蒸发和下界保护后,0.00024146429880108334,0.0,0.0
1,81002,6,不使用 GP 产生的状态,500,历史全局最优路径,沉积后,0.00024146429880108334,0.00024160870663262143,2.1423318741650955e-07
1,81002,6,不使用 GP 产生的状态,500,历史全局最优路径,重启和可选上界处理后,0.00024146429880108334,0.00024160870663262143,2.1423318741650955e-07
1,81002,7,不使用 GP 产生的状态,500,历史全局最优路径,更新前,0.00045356771513624264,0.0,0.0
1,81002,7,不使用 GP 产生的状态,500,历史全局最优路径,蒸发和下界保护后,0.00045356771513624264,0.0,0.0
1,81002,7,不使用 GP 产生的状态,500,历史全局最优路径,沉积后,0.00045356771513624264,0.0004536503899518964,4.0187650549486536e-07
1,81002,7,不使用 GP 产生的状态,500,历史全局最优路径,重启和可选上界处理后,0.00045356771513624264,0.0004536503899518964,4.0187650549486536e-07
1,81001,0,GP 表达式自身产生的状态,500,本轮最优路径,更新前,0.0008170092279554178,0.0,0.0
1,81001,0,GP 表达式自身产生的状态,500,本轮最优路径,蒸发和下界保护后,0.0008170092279554178,0.0,0.0
1,81001,0,GP 表达式自身产生的状态,500,本轮最优路径,沉积后,0.0008170092279554178,0.0008169401899198252,7.175542643571762e-07
1,81001,0,GP 表达式自身产生的状态,500,本轮最优路径,重启和可选上界处理后,0.0008170092279554178,0.0008169401899198252,7.175542643571762e-07
1,81001,1,GP 表达式自身产生的状态,500,本轮最优路径,更新前,0.0007260232393731061,0.0,0.0
1,81001,1,GP 表达式自身产生的状态,500,本轮最优路径,蒸发和下界保护后,0.0007260232393731061,0.0,0.0
1,81001,1,GP 表达式自身产生的状态,500,本轮最优路径,沉积后,0.0007260232393731061,0.0007260958053388626,6.41386415933103e-07
1,81001,1,GP 表达式自身产生的状态,500,本轮最优路径,重启和可选上界处理后,0.0007260232393731061,0.0007260958053388626,6.41386415933103e-07
1,81001,2,GP 表达式自身产生的状态,500,本轮最优路径,更新前,0.0005338706915690923,0.0,0.0
1,81001,2,GP 表达式自身产生的状态,500,本轮最优路径,蒸发和下界保护后,0.0005338706915690923,0.0,0.0
1,81001,2,GP 表达式自身产生的状态,500,本轮最优路径,沉积后,0.0005338706915690923,0.0005338426368862316,4.819331369506987e-07
1,81001,2,GP 表达式自身产生的状态,500,本轮最优路径,重启和可选上界处理后,0.0005338706915690923,0.0005338426368862316,4.819331369506987e-07
1,81001,3,GP 表达式自身产生的状态,500,本轮最优路径,更新前,0.0008427418225883353,0.0,0.0
1,81001,3,GP 表达式自身产生的状态,500,本轮最优路径,蒸发和下界保护后,0.0008427418225883353,0.0,0.0
1,81001,3,GP 表达式自身产生的状态,500,本轮最优路径,沉积后,0.0008427418225883353,0.0008426874034372636,7.452556930055702e-07
1,81001,3,GP 表达式自身产生的状态,500,本轮最优路径,重启和可选上界处理后,0.0008427418225883353,0.0008426874034372636,7.452556930055702e-07
1,81001,4,GP 表达式自身产生的状态,500,本轮最优路径,更新前,0.0007585076576056051,0.0,0.0
1,81001,4,GP 表达式自身产生的状态,500,本轮最优路径,蒸发和下界保护后,0.0007585076576056051,0.0,0.0
1,81001,4,GP 表达式自身产生的状态,500,本轮最优路径,沉积后,0.0007585076576056051,0.0007584845585756904,6.730125268251411e-07
1,81001,4,GP 表达式自身产生的状态,500,本轮最优路径,重启和可选上界处理后,0.0007585076576056051,0.0007584845585756904,6.730125268251411e-07
1,81001,5,GP 表达式自身产生的状态,500,本轮最优路径,更新前,0.0009521065185063789,0.0,0.0
1,81001,5,GP 表达式自身产生的状态,500,本轮最优路径,蒸发和下界保护后,0.0009521065185063789,0.0,0.0
1,81001,5,GP 表达式自身产生的状态,500,本轮最优路径,沉积后,0.0009521065185063789,0.0009520463162601669,8.614368669796305e-07
1,81001,5,GP 表达式自身产生的状态,500,本轮最优路径,重启和可选上界处理后,0.0009521065185063789,0.0,0.0
1,81001,6,GP 表达式自身产生的状态,500,本轮最优路径,更新前,0.00039167339604217794,0.0,0.0
1,81001,6,GP 表达式自身产生的状态,500,本轮最优路径,蒸发和下界保护后,0.00039167339604217794,0.0,0.0
1,81001,6,GP 表达式自身产生的状态,500,本轮最优路径,沉积后,0.00039167339604217794,0.0003916750897743885,3.4750439565830296e-07
1,81001,6,GP 表达式自身产生的状态,500,本轮最优路径,重启和可选上界处理后,0.00039167339604217794,0.0003916750897743885,3.4750439565830296e-07
1,81001,7,GP 表达式自身产生的状态,500,本轮最优路径,更新前,0.0006806710931662041,0.0,0.0
1,81001,7,GP 表达式自身产生的状态,500,本轮最优路径,蒸发和下界保护后,0.0006806710931662041,0.0,0.0
1,81001,7,GP 表达式自身产生的状态,500,本轮最优路径,沉积后,0.0006806710931662041,0.0006807809300291057,6.041563109335053e-07
1,81001,7,GP 表达式自身产生的状态,500,本轮最优路径,重启和可选上界处理后,0.0006806710931662041,0.0006807809300291057,6.041563109335053e-07
1,81001,0,GP 表达式自身产生的状态,500,历史重启阶段最优路径,更新前,0.0008163734099179438,0.0,0.0
1,81001,0,GP 表达式自身产生的状态,500,历史重启阶段最优路径,蒸发和下界保护后,0.0008163734099179438,0.0,0.0
1,81001,0,GP 表达式自身产生的状态,500,历史重启阶段最优路径,沉积后,0.0008163734099179438,0.00081633344704071,7.170213355753027e-07
1,81001,0,GP 表达式自身产生的状态,500,历史重启阶段最优路径,重启和可选上界处理后,0.0008163734099179438,0.00081633344704071,7.170213355753027e-07
1,81001,1,GP 表达式自身产生的状态,500,历史重启阶段最优路径,更新前,0.0007265829623490451,0.0,0.0
1,81001,1,GP 表达式自身产生的状态,500,历史重启阶段最优路径,蒸发和下界保护后,0.0007265829623490451,0.0,0.0
1,81001,1,GP 表达式自身产生的状态,500,历史重启阶段最优路径,沉积后,0.0007265829623490451,0.0007264928502084942,6.41737139878931e-07
1,81001,1,GP 表达式自身产生的状态,500,历史重启阶段最优路径,重启和可选上界处理后,0.0007265829623490451,0.0007264928502084942,6.41737139878931e-07
1,81001,2,GP 表达式自身产生的状态,500,历史重启阶段最优路径,更新前,0.0005346355185782628,0.0,0.0
1,81001,2,GP 表达式自身产生的状态,500,历史重启阶段最优路径,蒸发和下界保护后,0.0005346355185782628,0.0,0.0
1,81001,2,GP 表达式自身产生的状态,500,历史重启阶段最优路径,沉积后,0.0005346355185782628,0.000534623757663177,4.826383035304355e-07
1,81001,2,GP 表达式自身产生的状态,500,历史重启阶段最优路径,重启和可选上界处理后,0.0005346355185782628,0.000534623757663177,4.826383035304355e-07
1,81001,3,GP 表达式自身产生的状态,500,历史重启阶段最优路径,更新前,0.0008427119356403783,0.0,0.0
1,81001,3,GP 表达式自身产生的状态,500,历史重启阶段最优路径,蒸发和下界保护后,0.0008427119356403783,0.0,0.0
1,81001,3,GP 表达式自身产生的状态,500,历史重启阶段最优路径,沉积后,0.0008427119356403783,0.0008427093205324321,7.452750760411796e-07
1,81001,3,GP 表达式自身产生的状态,500,历史重启阶段最优路径,重启和可选上界处理后,0.0008427119356403783,0.0008427093205324321,7.452750760411796e-07
1,81001,4,GP 表达式自身产生的状态,500,历史重启阶段最优路径,更新前,0.0007583945686049813,0.0,0.0
1,81001,4,GP 表达式自身产生的状态,500,历史重启阶段最优路径,蒸发和下界保护后,0.0007583945686049813,0.0,0.0
1,81001,4,GP 表达式自身产生的状态,500,历史重启阶段最优路径,沉积后,0.0007583945686049813,0.0007584441352733398,6.729766587398255e-07
1,81001,4,GP 表达式自身产生的状态,500,历史重启阶段最优路径,重启和可选上界处理后,0.0007583945686049813,0.0007584441352733398,6.729766587398255e-07
1,81001,5,GP 表达式自身产生的状态,500,历史重启阶段最优路径,更新前,0.0009520711481725883,0.0,0.0
1,81001,5,GP 表达式自身产生的状态,500,历史重启阶段最优路径,蒸发和下界保护后,0.0009520711481725883,0.0,0.0
1,81001,5,GP 表达式自身产生的状态,500,历史重启阶段最优路径,沉积后,0.0009520711481725883,0.0009520240281046277,8.614167000628003e-07
1,81001,5,GP 表达式自身产生的状态,500,历史重启阶段最优路径,重启和可选上界处理后,0.0009520711481725883,0.0,0.0
1,81001,6,GP 表达式自身产生的状态,500,历史重启阶段最优路径,更新前,0.00039180115184320495,0.0,0.0
1,81001,6,GP 表达式自身产生的状态,500,历史重启阶段最优路径,蒸发和下界保护后,0.00039180115184320495,0.0,0.0
1,81001,6,GP 表达式自身产生的状态,500,历史重启阶段最优路径,沉积后,0.00039180115184320495,0.00039187930548663624,3.476855811855967e-07
1,81001,6,GP 表达式自身产生的状态,500,历史重启阶段最优路径,重启和可选上界处理后,0.00039180115184320495,0.00039187930548663624,3.476855811855967e-07
1,81001,7,GP 表达式自身产生的状态,500,历史重启阶段最优路径,更新前,0.0006805841338581735,0.0,0.0
1,81001,7,GP 表达式自身产生的状态,500,历史重启阶段最优路径,蒸发和下界保护后,0.0006805841338581735,0.0,0.0
1,81001,7,GP 表达式自身产生的状态,500,历史重启阶段最优路径,沉积后,0.0006805841338581735,0.0006805920057050108,6.03988650798422e-07
1,81001,7,GP 表达式自身产生的状态,500,历史重启阶段最优路径,重启和可选上界处理后,0.0006805841338581735,0.0006805920057050108,6.03988650798422e-07
1,81001,0,GP 表达式自身产生的状态,500,历史全局最优路径,更新前,0.0008163734099179438,0.0,0.0
1,81001,0,GP 表达式自身产生的状态,500,历史全局最优路径,蒸发和下界保护后,0.0008163734099179438,0.0,0.0
1,81001,0,GP 表达式自身产生的状态,500,历史全局最优路径,沉积后,0.0008163734099179438,0.00081633344704071,7.170213355753027e-07
1,81001,0,GP 表达式自身产生的状态,500,历史全局最优路径,重启和可选上界处理后,0.0008163734099179438,0.00081633344704071,7.170213355753027e-07
1,81001,1,GP 表达式自身产生的状态,500,历史全局最优路径,更新前,0.0007265829623490451,0.0,0.0
1,81001,1,GP 表达式自身产生的状态,500,历史全局最优路径,蒸发和下界保护后,0.0007265829623490451,0.0,0.0
1,81001,1,GP 表达式自身产生的状态,500,历史全局最优路径,沉积后,0.0007265829623490451,0.0007264928502084942,6.41737139878931e-07
1,81001,1,GP 表达式自身产生的状态,500,历史全局最优路径,重启和可选上界处理后,0.0007265829623490451,0.0007264928502084942,6.41737139878931e-07
1,81001,2,GP 表达式自身产生的状态,500,历史全局最优路径,更新前,0.0005346355185782628,0.0,0.0
1,81001,2,GP 表达式自身产生的状态,500,历史全局最优路径,蒸发和下界保护后,0.0005346355185782628,0.0,0.0
1,81001,2,GP 表达式自身产生的状态,500,历史全局最优路径,沉积后,0.0005346355185782628,0.000534623757663177,4.826383035304355e-07
1,81001,2,GP 表达式自身产生的状态,500,历史全局最优路径,重启和可选上界处理后,0.0005346355185782628,0.000534623757663177,4.826383035304355e-07
1,81001,3,GP 表达式自身产生的状态,500,历史全局最优路径,更新前,0.0008427119356403783,0.0,0.0
1,81001,3,GP 表达式自身产生的状态,500,历史全局最优路径,蒸发和下界保护后,0.0008427119356403783,0.0,0.0
1,81001,3,GP 表达式自身产生的状态,500,历史全局最优路径,沉积后,0.0008427119356403783,0.0008427093205324321,7.452750760411796e-07
1,81001,3,GP 表达式自身产生的状态,500,历史全局最优路径,重启和可选上界处理后,0.0008427119356403783,0.0008427093205324321,7.452750760411796e-07
1,81001,4,GP 表达式自身产生的状态,500,历史全局最优路径,更新前,0.0007583945686049813,0.0,0.0
1,81001,4,GP 表达式自身产生的状态,500,历史全局最优路径,蒸发和下界保护后,0.0007583945686049813,0.0,0.0
1,81001,4,GP 表达式自身产生的状态,500,历史全局最优路径,沉积后,0.0007583945686049813,0.0007584441352733398,6.729766587398255e-07
1,81001,4,GP 表达式自身产生的状态,500,历史全局最优路径,重启和可选上界处理后,0.0007583945686049813,0.0007584441352733398,6.729766587398255e-07
1,81001,5,GP 表达式自身产生的状态,500,历史全局最优路径,更新前,0.0009520711481725883,0.0,0.0
1,81001,5,GP 表达式自身产生的状态,500,历史全局最优路径,蒸发和下界保护后,0.0009520711481725883,0.0,0.0
1,81001,5,GP 表达式自身产生的状态,500,历史全局最优路径,沉积后,0.0009520711481725883,0.0009520240281046277,8.614167000628003e-07
1,81001,5,GP 表达式自身产生的状态,500,历史全局最优路径,重启和可选上界处理后,0.0009520711481725883,0.0,0.0
1,81001,6,GP 表达式自身产生的状态,500,历史全局最优路径,更新前,0.00039180115184320495,0.0,0.0
1,81001,6,GP 表达式自身产生的状态,500,历史全局最优路径,蒸发和下界保护后,0.00039180115184320495,0.0,0.0
1,81001,6,GP 表达式自身产生的状态,500,历史全局最优路径,沉积后,0.00039180115184320495,0.00039187930548663624,3.476855811855967e-07
1,81001,6,GP 表达式自身产生的状态,500,历史全局最优路径,重启和可选上界处理后,0.00039180115184320495,0.00039187930548663624,3.476855811855967e-07
1,81001,7,GP 表达式自身产生的状态,500,历史全局最优路径,更新前,0.0006805841338581735,0.0,0.0
1,81001,7,GP 表达式自身产生的状态,500,历史全局最优路径,蒸发和下界保护后,0.0006805841338581735,0.0,0.0
1,81001,7,GP 表达式自身产生的状态,500,历史全局最优路径,沉积后,0.0006805841338581735,0.0006805920057050108,6.03988650798422e-07
1,81001,7,GP 表达式自身产生的状态,500,历史全局最优路径,重启和可选上界处理后,0.0006805841338581735,0.0006805920057050108,6.03988650798422e-07
1,81002,0,GP 表达式自身产生的状态,500,本轮最优路径,更新前,0.00045485124365541213,0.0,0.0
1,81002,0,GP 表达式自身产生的状态,500,本轮最优路径,蒸发和下界保护后,0.00045485124365541213,0.0,0.0
1,81002,0,GP 表达式自身产生的状态,500,本轮最优路径,沉积后,0.00045485124365541213,0.0004547883428187203,4.007105313235144e-07
1,81002,0,GP 表达式自身产生的状态,500,本轮最优路径,重启和可选上界处理后,0.00045485124365541213,0.0004547883428187203,4.007105313235144e-07
1,81002,1,GP 表达式自身产生的状态,500,本轮最优路径,更新前,0.0003655781642594415,0.0,0.0
1,81002,1,GP 表达式自身产生的状态,500,本轮最优路径,蒸发和下界保护后,0.0003655781642594415,0.0,0.0
1,81002,1,GP 表达式自身产生的状态,500,本轮最优路径,沉积后,0.0003655781642594415,0.0003656392141101211,3.2290681900299503e-07
1,81002,1,GP 表达式自身产生的状态,500,本轮最优路径,重启和可选上界处理后,0.0003655781642594415,0.0,0.0
1,81002,2,GP 表达式自身产生的状态,500,本轮最优路径,更新前,0.0003192263455837474,0.0,0.0
1,81002,2,GP 表达式自身产生的状态,500,本轮最优路径,蒸发和下界保护后,0.0003192263455837474,0.0,0.0
1,81002,2,GP 表达式自身产生的状态,500,本轮最优路径,沉积后,0.0003192263455837474,0.0003193041966360383,2.889498551330335e-07
1,81002,2,GP 表达式自身产生的状态,500,本轮最优路径,重启和可选上界处理后,0.0003192263455837474,0.0003193041966360383,2.889498551330335e-07
1,81002,3,GP 表达式自身产生的状态,500,本轮最优路径,更新前,0.00035449242704358586,0.0,0.0
1,81002,3,GP 表达式自身产生的状态,500,本轮最优路径,蒸发和下界保护后,0.00035449242704358586,0.0,0.0
1,81002,3,GP 表达式自身产生的状态,500,本轮最优路径,沉积后,0.00035449242704358586,0.0003545329623194739,3.140118948833159e-07
1,81002,3,GP 表达式自身产生的状态,500,本轮最优路径,重启和可选上界处理后,0.00035449242704358586,0.0003545329623194739,3.140118948833159e-07
1,81002,4,GP 表达式自身产生的状态,500,本轮最优路径,更新前,0.000385203052605163,0.0,0.0
1,81002,4,GP 表达式自身产生的状态,500,本轮最优路径,蒸发和下界保护后,0.000385203052605163,0.0,0.0
1,81002,4,GP 表达式自身产生的状态,500,本轮最优路径,沉积后,0.000385203052605163,0.0003851539124673208,3.4220973172241886e-07
1,81002,4,GP 表达式自身产生的状态,500,本轮最优路径,重启和可选上界处理后,0.000385203052605163,0.0003851539124673208,3.4220973172241886e-07
1,81002,5,GP 表达式自身产生的状态,500,本轮最优路径,更新前,0.00043195163429053505,0.0,0.0
1,81002,5,GP 表达式自身产生的状态,500,本轮最优路径,蒸发和下界保护后,0.00043195163429053505,0.0,0.0
1,81002,5,GP 表达式自身产生的状态,500,本轮最优路径,沉积后,0.00043195163429053505,0.00043192571076247356,3.90794965507112e-07
1,81002,5,GP 表达式自身产生的状态,500,本轮最优路径,重启和可选上界处理后,0.00043195163429053505,0.0,0.0
1,81002,6,GP 表达式自身产生的状态,500,本轮最优路径,更新前,0.0004982114482086054,0.0,0.0
1,81002,6,GP 表达式自身产生的状态,500,本轮最优路径,蒸发和下界保护后,0.0004982114482086054,0.0,0.0
1,81002,6,GP 表达式自身产生的状态,500,本轮最优路径,沉积后,0.0004982114482086054,0.0004982147177186231,4.4166242480890837e-07
1,81002,6,GP 表达式自身产生的状态,500,本轮最优路径,重启和可选上界处理后,0.0004982114482086054,0.0004982147177186231,4.4166242480890837e-07
1,81002,7,GP 表达式自身产生的状态,500,本轮最优路径,更新前,0.00029404777999375657,0.0,0.0
1,81002,7,GP 表达式自身产生的状态,500,本轮最优路径,蒸发和下界保护后,0.00029404777999375657,0.0,0.0
1,81002,7,GP 表达式自身产生的状态,500,本轮最优路径,沉积后,0.00029404777999375657,0.0002939133433083399,2.603516175478314e-07
1,81002,7,GP 表达式自身产生的状态,500,本轮最优路径,重启和可选上界处理后,0.00029404777999375657,0.0002939133433083399,2.603516175478314e-07
1,81002,0,GP 表达式自身产生的状态,500,历史重启阶段最优路径,更新前,0.00045477193926719085,0.0,0.0
1,81002,0,GP 表达式自身产生的状态,500,历史重启阶段最优路径,蒸发和下界保护后,0.00045477193926719085,0.0,0.0
1,81002,0,GP 表达式自身产生的状态,500,历史重启阶段最优路径,沉积后,0.00045477193926719085,0.0004547439422281143,4.006714103026401e-07
1,81002,0,GP 表达式自身产生的状态,500,历史重启阶段最优路径,重启和可选上界处理后,0.00045477193926719085,0.0004547439422281143,4.006714103026401e-07
1,81002,1,GP 表达式自身产生的状态,500,历史重启阶段最优路径,更新前,0.0003660557821877558,0.0,0.0
1,81002,1,GP 表达式自身产生的状态,500,历史重启阶段最优路径,蒸发和下界保护后,0.0003660557821877558,0.0,0.0
1,81002,1,GP 表达式自身产生的状态,500,历史重启阶段最优路径,沉积后,0.0003660557821877558,0.00036610956121432977,3.233221964608449e-07
1,81002,1,GP 表达式自身产生的状态,500,历史重启阶段最优路径,重启和可选上界处理后,0.0003660557821877558,0.0,0.0
1,81002,2,GP 表达式自身产生的状态,500,历史重启阶段最优路径,更新前,0.0003245604259247741,0.0,0.0
1,81002,2,GP 表达式自身产生的状态,500,历史重启阶段最优路径,蒸发和下界保护后,0.0003245604259247741,0.0,0.0
1,81002,2,GP 表达式自身产生的状态,500,历史重启阶段最优路径,沉积后,0.0003245604259247741,0.0003246151783131984,2.9375595352571723e-07
1,81002,2,GP 表达式自身产生的状态,500,历史重启阶段最优路径,重启和可选上界处理后,0.0003245604259247741,0.0003246151783131984,2.9375595352571723e-07
1,81002,3,GP 表达式自身产生的状态,500,历史重启阶段最优路径,更新前,0.00035425406470040397,0.0,0.0
1,81002,3,GP 表达式自身产生的状态,500,历史重启阶段最优路径,蒸发和下界保护后,0.00035425406470040397,0.0,0.0
1,81002,3,GP 表达式自身产生的状态,500,历史重启阶段最优路径,沉积后,0.00035425406470040397,0.00035429422695228076,3.138004455880585e-07
1,81002,3,GP 表达式自身产生的状态,500,历史重启阶段最优路径,重启和可选上界处理后,0.00035425406470040397,0.00035429422695228076,3.138004455880585e-07
1,81002,4,GP 表达式自身产生的状态,500,历史重启阶段最优路径,更新前,0.00038503256396066885,0.0,0.0
1,81002,4,GP 表达式自身产生的状态,500,历史重启阶段最优路径,蒸发和下界保护后,0.00038503256396066885,0.0,0.0
1,81002,4,GP 表达式自身产生的状态,500,历史重启阶段最优路径,沉积后,0.00038503256396066885,0.00038500204661345145,3.420747987217971e-07
1,81002,4,GP 表达式自身产生的状态,500,历史重启阶段最优路径,重启和可选上界处理后,0.00038503256396066885,0.00038500204661345145,3.420747987217971e-07
1,81002,5,GP 表达式自身产生的状态,500,历史重启阶段最优路径,更新前,0.000425364150851357,0.0,0.0
1,81002,5,GP 表达式自身产生的状态,500,历史重启阶段最优路径,蒸发和下界保护后,0.000425364150851357,0.0,0.0
1,81002,5,GP 表达式自身产生的状态,500,历史重启阶段最优路径,沉积后,0.000425364150851357,0.0004253425882906329,3.848387303138641e-07
1,81002,5,GP 表达式自身产生的状态,500,历史重启阶段最优路径,重启和可选上界处理后,0.000425364150851357,0.0,0.0
1,81002,6,GP 表达式自身产生的状态,500,历史重启阶段最优路径,更新前,0.000515314981669509,0.0,0.0
1,81002,6,GP 表达式自身产生的状态,500,历史重启阶段最优路径,蒸发和下界保护后,0.000515314981669509,0.0,0.0
1,81002,6,GP 表达式自身产生的状态,500,历史重启阶段最优路径,沉积后,0.000515314981669509,0.0005153285440814348,4.5683366279193964e-07
1,81002,6,GP 表达式自身产生的状态,500,历史重启阶段最优路径,重启和可选上界处理后,0.000515314981669509,0.0005153285440814348,4.5683366279193964e-07
1,81002,7,GP 表达式自身产生的状态,500,历史重启阶段最优路径,更新前,0.00029398333417664116,0.0,0.0
1,81002,7,GP 表达式自身产生的状态,500,历史重启阶段最优路径,蒸发和下界保护后,0.00029398333417664116,0.0,0.0
1,81002,7,GP 表达式自身产生的状态,500,历史重启阶段最优路径,沉积后,0.00029398333417664116,0.0002938827839151379,2.6032454770689846e-07
1,81002,7,GP 表达式自身产生的状态,500,历史重启阶段最优路径,重启和可选上界处理后,0.00029398333417664116,0.0002938827839151379,2.6032454770689846e-07
1,81002,0,GP 表达式自身产生的状态,500,历史全局最优路径,更新前,0.00045477193926719085,0.0,0.0
1,81002,0,GP 表达式自身产生的状态,500,历史全局最优路径,蒸发和下界保护后,0.00045477193926719085,0.0,0.0
1,81002,0,GP 表达式自身产生的状态,500,历史全局最优路径,沉积后,0.00045477193926719085,0.0004547439422281143,4.006714103026401e-07
1,81002,0,GP 表达式自身产生的状态,500,历史全局最优路径,重启和可选上界处理后,0.00045477193926719085,0.0004547439422281143,4.006714103026401e-07
1,81002,1,GP 表达式自身产生的状态,500,历史全局最优路径,更新前,0.0003660557821877558,0.0,0.0
1,81002,1,GP 表达式自身产生的状态,500,历史全局最优路径,蒸发和下界保护后,0.0003660557821877558,0.0,0.0
1,81002,1,GP 表达式自身产生的状态,500,历史全局最优路径,沉积后,0.0003660557821877558,0.00036610956121432977,3.233221964608449e-07
1,81002,1,GP 表达式自身产生的状态,500,历史全局最优路径,重启和可选上界处理后,0.0003660557821877558,0.0,0.0
1,81002,2,GP 表达式自身产生的状态,500,历史全局最优路径,更新前,0.0003245604259247741,0.0,0.0
1,81002,2,GP 表达式自身产生的状态,500,历史全局最优路径,蒸发和下界保护后,0.0003245604259247741,0.0,0.0
1,81002,2,GP 表达式自身产生的状态,500,历史全局最优路径,沉积后,0.0003245604259247741,0.0003246151783131984,2.9375595352571723e-07
1,81002,2,GP 表达式自身产生的状态,500,历史全局最优路径,重启和可选上界处理后,0.0003245604259247741,0.0003246151783131984,2.9375595352571723e-07
1,81002,3,GP 表达式自身产生的状态,500,历史全局最优路径,更新前,0.00035425406470040397,0.0,0.0
1,81002,3,GP 表达式自身产生的状态,500,历史全局最优路径,蒸发和下界保护后,0.00035425406470040397,0.0,0.0
1,81002,3,GP 表达式自身产生的状态,500,历史全局最优路径,沉积后,0.00035425406470040397,0.00035429422695228076,3.138004455880585e-07
1,81002,3,GP 表达式自身产生的状态,500,历史全局最优路径,重启和可选上界处理后,0.00035425406470040397,0.00035429422695228076,3.138004455880585e-07
1,81002,4,GP 表达式自身产生的状态,500,历史全局最优路径,更新前,0.00038503256396066885,0.0,0.0
1,81002,4,GP 表达式自身产生的状态,500,历史全局最优路径,蒸发和下界保护后,0.00038503256396066885,0.0,0.0
1,81002,4,GP 表达式自身产生的状态,500,历史全局最优路径,沉积后,0.00038503256396066885,0.00038500204661345145,3.420747987217971e-07
1,81002,4,GP 表达式自身产生的状态,500,历史全局最优路径,重启和可选上界处理后,0.00038503256396066885,0.00038500204661345145,3.420747987217971e-07
1,81002,5,GP 表达式自身产生的状态,500,历史全局最优路径,更新前,0.000425364150851357,0.0,0.0
1,81002,5,GP 表达式自身产生的状态,500,历史全局最优路径,蒸发和下界保护后,0.000425364150851357,0.0,0.0
1,81002,5,GP 表达式自身产生的状态,500,历史全局最优路径,沉积后,0.000425364150851357,0.0004253425882906329,3.848387303138641e-07
1,81002,5,GP 表达式自身产生的状态,500,历史全局最优路径,重启和可选上界处理后,0.000425364150851357,0.0,0.0
1,81002,6,GP 表达式自身产生的状态,500,历史全局最优路径,更新前,0.000515314981669509,0.0,0.0
1,81002,6,GP 表达式自身产生的状态,500,历史全局最优路径,蒸发和下界保护后,0.000515314981669509,0.0,0.0
1,81002,6,GP 表达式自身产生的状态,500,历史全局最优路径,沉积后,0.000515314981669509,0.0005153285440814348,4.5683366279193964e-07
1,81002,6,GP 表达式自身产生的状态,500,历史全局最优路径,重启和可选上界处理后,0.000515314981669509,0.0005153285440814348,4.5683366279193964e-07
1,81002,7,GP 表达式自身产生的状态,500,历史全局最优路径,更新前,0.00029398333417664116,0.0,0.0
1,81002,7,GP 表达式自身产生的状态,500,历史全局最优路径,蒸发和下界保护后,0.00029398333417664116,0.0,0.0
1,81002,7,GP 表达式自身产生的状态,500,历史全局最优路径,沉积后,0.00029398333417664116,0.0002938827839151379,2.6032454770689846e-07
1,81002,7,GP 表达式自身产生的状态,500,历史全局最优路径,重启和可选上界处理后,0.00029398333417664116,0.0002938827839151379,2.6032454770689846e-07
1,81003,0,GP 表达式自身产生的状态,500,本轮最优路径,更新前,0.003215879008771856,0.0,0.0
1,81003,0,GP 表达式自身产生的状态,500,本轮最优路径,蒸发和下界保护后,0.003215879008771856,0.0,0.0
1,81003,0,GP 表达式自身产生的状态,500,本轮最优路径,沉积后,0.003215879008771856,0.0032159272802044,2.830658340133406e-06
1,81003,0,GP 表达式自身产生的状态,500,本轮最优路径,重启和可选上界处理后,0.003215879008771856,0.0032159272802044,2.830658340133406e-06
1,81003,1,GP 表达式自身产生的状态,500,本轮最优路径,更新前,0.0041099534825563095,0.0,0.0
1,81003,1,GP 表达式自身产生的状态,500,本轮最优路径,蒸发和下界保护后,0.0041099534825563095,0.0,0.0
1,81003,1,GP 表达式自身产生的状态,500,本轮最优路径,沉积后,0.0041099534825563095,0.004109910581820283,3.627153754212505e-06
1,81003,1,GP 表达式自身产生的状态,500,本轮最优路径,重启和可选上界处理后,0.0041099534825563095,0.004109910581820283,3.627153754212505e-06
1,81003,2,GP 表达式自身产生的状态,500,本轮最优路径,更新前,0.0024073889900679984,0.0,0.0
1,81003,2,GP 表达式自身产生的状态,500,本轮最优路径,蒸发和下界保护后,0.0024073889900679984,0.0,0.0
1,81003,2,GP 表达式自身产生的状态,500,本轮最优路径,沉积后,0.0024073889900679984,0.002407326167334319,2.1824979299995466e-06
1,81003,2,GP 表达式自身产生的状态,500,本轮最优路径,重启和可选上界处理后,0.0024073889900679984,0.002407326167334319,2.1824979299995466e-06
1,81003,3,GP 表达式自身产生的状态,500,本轮最优路径,更新前,0.0026030364461079097,0.0,0.0
1,81003,3,GP 表达式自身产生的状态,500,本轮最优路径,蒸发和下界保护后,0.0026030364461079097,0.0,0.0
1,81003,3,GP 表达式自身产生的状态,500,本轮最优路径,沉积后,0.0026030364461079097,0.0026030468957549896,2.3044318345920985e-06
1,81003,3,GP 表达式自身产生的状态,500,本轮最优路径,重启和可选上界处理后,0.0026030364461079097,0.0026030468957549896,2.3044318345920985e-06
1,81003,4,GP 表达式自身产生的状态,500,本轮最优路径,更新前,0.0033604839827609412,0.0,0.0
1,81003,4,GP 表达式自身产生的状态,500,本轮最优路径,蒸发和下界保护后,0.0033604839827609412,0.0,0.0
1,81003,4,GP 表达式自身产生的状态,500,本轮最优路径,沉积后,0.0033604839827609412,0.0033605198539394176,2.9802023887464864e-06
1,81003,4,GP 表达式自身产生的状态,500,本轮最优路径,重启和可选上界处理后,0.0033604839827609412,0.0033605198539394176,2.9802023887464864e-06
1,81003,5,GP 表达式自身产生的状态,500,本轮最优路径,更新前,0.002045241389420569,0.0,0.0
1,81003,5,GP 表达式自身产生的状态,500,本轮最优路径,蒸发和下界保护后,0.002045241389420569,0.0,0.0
1,81003,5,GP 表达式自身产生的状态,500,本轮最优路径,沉积后,0.002045241389420569,0.0020452890962944325,1.8466631338326809e-06
1,81003,5,GP 表达式自身产生的状态,500,本轮最优路径,重启和可选上界处理后,0.002045241389420569,0.0,0.0
1,81003,6,GP 表达式自身产生的状态,500,本轮最优路径,更新前,0.005194400767514261,0.0,0.0
1,81003,6,GP 表达式自身产生的状态,500,本轮最优路径,蒸发和下界保护后,0.005194400767514261,0.0,0.0
1,81003,6,GP 表达式自身产生的状态,500,本轮最优路径,沉积后,0.005194400767514261,0.005194394949956593,4.600332879702802e-06
1,81003,6,GP 表达式自身产生的状态,500,本轮最优路径,重启和可选上界处理后,0.005194400767514261,0.0,0.0
1,81003,7,GP 表达式自身产生的状态,500,本轮最优路径,更新前,0.003572540943515757,0.0,0.0
1,81003,7,GP 表达式自身产生的状态,500,本轮最优路径,蒸发和下界保护后,0.003572540943515757,0.0,0.0
1,81003,7,GP 表达式自身产生的状态,500,本轮最优路径,沉积后,0.003572540943515757,0.003572526898324755,3.1648438439482988e-06
1,81003,7,GP 表达式自身产生的状态,500,本轮最优路径,重启和可选上界处理后,0.003572540943515757,0.003572526898324755,3.1648438439482988e-06
1,81003,0,GP 表达式自身产生的状态,500,历史重启阶段最优路径,更新前,0.0032156066640654842,0.0,0.0
1,81003,0,GP 表达式自身产生的状态,500,历史重启阶段最优路径,蒸发和下界保护后,0.0032156066640654842,0.0,0.0
1,81003,0,GP 表达式自身产生的状态,500,历史重启阶段最优路径,沉积后,0.0032156066640654842,0.003215668515696442,2.830430575682048e-06
1,81003,0,GP 表达式自身产生的状态,500,历史重启阶段最优路径,重启和可选上界处理后,0.0032156066640654842,0.003215668515696442,2.830430575682048e-06
1,81003,1,GP 表达式自身产生的状态,500,历史重启阶段最优路径,更新前,0.004109808974813906,0.0,0.0
1,81003,1,GP 表达式自身产生的状态,500,历史重启阶段最优路径,蒸发和下界保护后,0.004109808974813906,0.0,0.0
1,81003,1,GP 表达式自身产生的状态,500,历史重启阶段最优路径,沉积后,0.004109808974813906,0.004109813239799359,3.627067846144772e-06
1,81003,1,GP 表达式自身产生的状态,500,历史重启阶段最优路径,重启和可选上界处理后,0.004109808974813906,0.004109813239799359,3.627067846144772e-06
1,81003,2,GP 表达式自身产生的状态,500,历史重启阶段最优路径,更新前,0.0024070732905830234,0.0,0.0
1,81003,2,GP 表达式自身产生的状态,500,历史重启阶段最优路径,蒸发和下界保护后,0.0024070732905830234,0.0,0.0
1,81003,2,GP 表达式自身产生的状态,500,历史重启阶段最优路径,沉积后,0.0024070732905830234,0.002407029497648284,2.182228967287118e-06
1,81003,2,GP 表达式自身产生的状态,500,历史重启阶段最优路径,重启和可选上界处理后,0.0024070732905830234,0.002407029497648284,2.182228967287118e-06
1,81003,3,GP 表达式自身产生的状态,500,历史重启阶段最优路径,更新前,0.0026032728071728097,0.0,0.0
1,81003,3,GP 表达式自身产生的状态,500,历史重启阶段最优路径,蒸发和下界保护后,0.0026032728071728097,0.0,0.0
1,81003,3,GP 表达式自身产生的状态,500,历史重启阶段最优路径,沉积后,0.0026032728071728097,0.0026033026633073236,2.304658261127408e-06
1,81003,3,GP 表达式自身产生的状态,500,历史重启阶段最优路径,重启和可选上界处理后,0.0026032728071728097,0.0026033026633073236,2.304658261127408e-06
1,81003,4,GP 表达式自身产生的状态,500,历史重启阶段最优路径,更新前,0.0033605605400411796,0.0,0.0
1,81003,4,GP 表达式自身产生的状态,500,历史重启阶段最优路径,蒸发和下界保护后,0.0033605605400411796,0.0,0.0
1,81003,4,GP 表达式自身产生的状态,500,历史重启阶段最优路径,沉积后,0.0033605605400411796,0.0033606132634511547,2.9802852268971625e-06
1,81003,4,GP 表达式自身产生的状态,500,历史重启阶段最优路径,重启和可选上界处理后,0.0033605605400411796,0.0033606132634511547,2.9802852268971625e-06
1,81003,5,GP 表达式自身产生的状态,500,历史重启阶段最优路径,更新前,0.0020453959208465962,0.0,0.0
1,81003,5,GP 表达式自身产生的状态,500,历史重启阶段最优路径,蒸发和下界保护后,0.0020453959208465962,0.0,0.0
1,81003,5,GP 表达式自身产生的状态,500,历史重启阶段最优路径,沉积后,0.0020453959208465962,0.0020454240836830758,1.8467850120720902e-06
1,81003,5,GP 表达式自身产生的状态,500,历史重启阶段最优路径,重启和可选上界处理后,0.0020453959208465962,0.0,0.0
1,81003,6,GP 表达式自身产生的状态,500,历史重启阶段最优路径,更新前,0.005194308534985395,0.0,0.0
1,81003,6,GP 表达式自身产生的状态,500,历史重启阶段最优路径,蒸发和下界保护后,0.005194308534985395,0.0,0.0
1,81003,6,GP 表达式自身产生的状态,500,历史重启阶段最优路径,沉积后,0.005194308534985395,0.005194318836910433,4.6002654713997754e-06
1,81003,6,GP 表达式自身产生的状态,500,历史重启阶段最优路径,重启和可选上界处理后,0.005194308534985395,0.0,0.0
1,81003,7,GP 表达式自身产生的状态,500,历史重启阶段最优路径,更新前,0.003572551662214154,0.0,0.0
1,81003,7,GP 表达式自身产生的状态,500,历史重启阶段最优路径,蒸发和下界保护后,0.003572551662214154,0.0,0.0
1,81003,7,GP 表达式自身产生的状态,500,历史重启阶段最优路径,沉积后,0.003572551662214154,0.0035725209845601227,3.1648386050397825e-06
1,81003,7,GP 表达式自身产生的状态,500,历史重启阶段最优路径,重启和可选上界处理后,0.003572551662214154,0.0035725209845601227,3.1648386050397825e-06
1,81003,0,GP 表达式自身产生的状态,500,历史全局最优路径,更新前,0.0032156066640654842,0.0,0.0
1,81003,0,GP 表达式自身产生的状态,500,历史全局最优路径,蒸发和下界保护后,0.0032156066640654842,0.0,0.0
1,81003,0,GP 表达式自身产生的状态,500,历史全局最优路径,沉积后,0.0032156066640654842,0.003215668515696442,2.830430575682048e-06
1,81003,0,GP 表达式自身产生的状态,500,历史全局最优路径,重启和可选上界处理后,0.0032156066640654842,0.003215668515696442,2.830430575682048e-06
1,81003,1,GP 表达式自身产生的状态,500,历史全局最优路径,更新前,0.004109808974813906,0.0,0.0
1,81003,1,GP 表达式自身产生的状态,500,历史全局最优路径,蒸发和下界保护后,0.004109808974813906,0.0,0.0
1,81003,1,GP 表达式自身产生的状态,500,历史全局最优路径,沉积后,0.004109808974813906,0.004109813239799359,3.627067846144772e-06
1,81003,1,GP 表达式自身产生的状态,500,历史全局最优路径,重启和可选上界处理后,0.004109808974813906,0.004109813239799359,3.627067846144772e-06
1,81003,2,GP 表达式自身产生的状态,500,历史全局最优路径,更新前,0.0024070732905830234,0.0,0.0
1,81003,2,GP 表达式自身产生的状态,500,历史全局最优路径,蒸发和下界保护后,0.0024070732905830234,0.0,0.0
1,81003,2,GP 表达式自身产生的状态,500,历史全局最优路径,沉积后,0.0024070732905830234,0.002407029497648284,2.182228967287118e-06
1,81003,2,GP 表达式自身产生的状态,500,历史全局最优路径,重启和可选上界处理后,0.0024070732905830234,0.002407029497648284,2.182228967287118e-06
1,81003,3,GP 表达式自身产生的状态,500,历史全局最优路径,更新前,0.0026032728071728097,0.0,0.0
1,81003,3,GP 表达式自身产生的状态,500,历史全局最优路径,蒸发和下界保护后,0.0026032728071728097,0.0,0.0
1,81003,3,GP 表达式自身产生的状态,500,历史全局最优路径,沉积后,0.0026032728071728097,0.0026033026633073236,2.304658261127408e-06
1,81003,3,GP 表达式自身产生的状态,500,历史全局最优路径,重启和可选上界处理后,0.0026032728071728097,0.0026033026633073236,2.304658261127408e-06
1,81003,4,GP 表达式自身产生的状态,500,历史全局最优路径,更新前,0.0033605605400411796,0.0,0.0
1,81003,4,GP 表达式自身产生的状态,500,历史全局最优路径,蒸发和下界保护后,0.0033605605400411796,0.0,0.0
1,81003,4,GP 表达式自身产生的状态,500,历史全局最优路径,沉积后,0.0033605605400411796,0.0033606132634511547,2.9802852268971625e-06
1,81003,4,GP 表达式自身产生的状态,500,历史全局最优路径,重启和可选上界处理后,0.0033605605400411796,0.0033606132634511547,2.9802852268971625e-06
1,81003,5,GP 表达式自身产生的状态,500,历史全局最优路径,更新前,0.0020453959208465962,0.0,0.0
1,81003,5,GP 表达式自身产生的状态,500,历史全局最优路径,蒸发和下界保护后,0.0020453959208465962,0.0,0.0
1,81003,5,GP 表达式自身产生的状态,500,历史全局最优路径,沉积后,0.0020453959208465962,0.0020454240836830758,1.8467850120720902e-06
1,81003,5,GP 表达式自身产生的状态,500,历史全局最优路径,重启和可选上界处理后,0.0020453959208465962,0.0,0.0
1,81003,6,GP 表达式自身产生的状态,500,历史全局最优路径,更新前,0.005194308534985395,0.0,0.0
1,81003,6,GP 表达式自身产生的状态,500,历史全局最优路径,蒸发和下界保护后,0.005194308534985395,0.0,0.0
1,81003,6,GP 表达式自身产生的状态,500,历史全局最优路径,沉积后,0.005194308534985395,0.005194318836910433,4.6002654713997754e-06
1,81003,6,GP 表达式自身产生的状态,500,历史全局最优路径,重启和可选上界处理后,0.005194308534985395,0.0,0.0
1,81003,7,GP 表达式自身产生的状态,500,历史全局最优路径,更新前,0.003572551662214154,0.0,0.0
1,81003,7,GP 表达式自身产生的状态,500,历史全局最优路径,蒸发和下界保护后,0.003572551662214154,0.0,0.0
1,81003,7,GP 表达式自身产生的状态,500,历史全局最优路径,沉积后,0.003572551662214154,0.0035725209845601227,3.1648386050397825e-06
1,81003,7,GP 表达式自身产生的状态,500,历史全局最优路径,重启和可选上界处理后,0.003572551662214154,0.0035725209845601227,3.1648386050397825e-06
1,81002,0,不使用 GP 产生的状态,1000,本轮最优路径,更新前,5.3843146399874224e-05,0.0,0.0
1,81002,0,不使用 GP 产生的状态,1000,本轮最优路径,蒸发和下界保护后,5.3843146399874224e-05,0.0,0.0
1,81002,0,不使用 GP 产生的状态,1000,本轮最优路径,沉积后,5.3843146399874224e-05,5.381783564044453e-05,4.474822244910786e-08
1,81002,0,不使用 GP 产生的状态,1000,本轮最优路径,重启和可选上界处理后,5.3843146399874224e-05,5.381783564044453e-05,4.474822244910786e-08
1,81002,1,不使用 GP 产生的状态,1000,本轮最优路径,更新前,2.0101738340814462e-05,0.0,0.0
1,81002,1,不使用 GP 产生的状态,1000,本轮最优路径,蒸发和下界保护后,2.0101738340814462e-05,0.0,0.0
1,81002,1,不使用 GP 产生的状态,1000,本轮最优路径,沉积后,2.0101738340814462e-05,2.021317676268117e-05,1.6908411160688007e-08
1,81002,1,不使用 GP 产生的状态,1000,本轮最优路径,重启和可选上界处理后,2.0101738340814462e-05,2.021317676268117e-05,1.6908411160688007e-08
1,81002,2,不使用 GP 产生的状态,1000,本轮最优路径,更新前,0.000916858274621882,0.0,0.0
1,81002,2,不使用 GP 产生的状态,1000,本轮最优路径,蒸发和下界保护后,0.000916858274621882,0.0,0.0
1,81002,2,不使用 GP 产生的状态,1000,本轮最优路径,沉积后,0.000916858274621882,0.0009169503739693149,7.624492528671719e-07
1,81002,2,不使用 GP 产生的状态,1000,本轮最优路径,重启和可选上界处理后,0.000916858274621882,0.0009169503739693149,7.624492528671719e-07
1,81002,3,不使用 GP 产生的状态,1000,本轮最优路径,更新前,0.0021617716058973057,0.0,0.0
1,81002,3,不使用 GP 产生的状态,1000,本轮最优路径,蒸发和下界保护后,0.0021617716058973057,0.0,0.0
1,81002,3,不使用 GP 产生的状态,1000,本轮最优路径,沉积后,0.0021617716058973057,0.002161954046374256,1.794876112751237e-06
1,81002,3,不使用 GP 产生的状态,1000,本轮最优路径,重启和可选上界处理后,0.0021617716058973057,0.002161954046374256,1.794876112751237e-06
1,81002,4,不使用 GP 产生的状态,1000,本轮最优路径,更新前,1.5920484029484635e-05,0.0,0.0
1,81002,4,不使用 GP 产生的状态,1000,本轮最优路径,蒸发和下界保护后,1.5920484029484635e-05,0.0,0.0
1,81002,4,不使用 GP 产生的状态,1000,本轮最优路径,沉积后,1.5920484029484635e-05,1.6020891504496282e-05,1.3321393615549889e-08
1,81002,4,不使用 GP 产生的状态,1000,本轮最优路径,重启和可选上界处理后,1.5920484029484635e-05,1.6020891504496282e-05,1.3321393615549889e-08
1,81002,5,不使用 GP 产生的状态,1000,本轮最优路径,更新前,2.1624282455146303e-05,0.0,0.0
1,81002,5,不使用 GP 产生的状态,1000,本轮最优路径,蒸发和下界保护后,2.1624282455146303e-05,0.0,0.0
1,81002,5,不使用 GP 产生的状态,1000,本轮最优路径,沉积后,2.1624282455146303e-05,2.1738077866784866e-05,1.963763431940711e-08
1,81002,5,不使用 GP 产生的状态,1000,本轮最优路径,重启和可选上界处理后,2.1624282455146303e-05,2.1738077866784866e-05,1.963763431940711e-08
1,81002,6,不使用 GP 产生的状态,1000,本轮最优路径,更新前,2.9782606044036245e-05,0.0,0.0
1,81002,6,不使用 GP 产生的状态,1000,本轮最优路径,蒸发和下界保护后,2.9782606044036245e-05,0.0,0.0
1,81002,6,不使用 GP 产生的状态,1000,本轮最优路径,沉积后,2.9782606044036245e-05,2.9859347583812996e-05,2.65064883276014e-08
1,81002,6,不使用 GP 产生的状态,1000,本轮最优路径,重启和可选上界处理后,2.9782606044036245e-05,0.0,0.0
1,81002,7,不使用 GP 产生的状态,1000,本轮最优路径,更新前,0.0003774838981485212,0.0,0.0
1,81002,7,不使用 GP 产生的状态,1000,本轮最优路径,蒸发和下界保护后,0.0003774838981485212,0.0,0.0
1,81002,7,不使用 GP 产生的状态,1000,本轮最优路径,沉积后,0.0003774838981485212,0.0003773228461939376,3.1437216093464874e-07
1,81002,7,不使用 GP 产生的状态,1000,本轮最优路径,重启和可选上界处理后,0.0003774838981485212,0.0003773228461939376,3.1437216093464874e-07
1,81002,0,不使用 GP 产生的状态,1000,历史重启阶段最优路径,更新前,5.189298325259598e-05,0.0,0.0
1,81002,0,不使用 GP 产生的状态,1000,历史重启阶段最优路径,蒸发和下界保护后,5.189298325259598e-05,0.0,0.0
1,81002,0,不使用 GP 产生的状态,1000,历史重启阶段最优路径,沉积后,5.189298325259598e-05,5.197373074853267e-05,4.321489404708745e-08
1,81002,0,不使用 GP 产生的状态,1000,历史重启阶段最优路径,重启和可选上界处理后,5.189298325259598e-05,5.197373074853267e-05,4.321489404708745e-08
1,81002,1,不使用 GP 产生的状态,1000,历史重启阶段最优路径,更新前,4.461456001190108e-05,0.0,0.0
1,81002,1,不使用 GP 产生的状态,1000,历史重启阶段最优路径,蒸发和下界保护后,4.461456001190108e-05,0.0,0.0
1,81002,1,不使用 GP 产生的状态,1000,历史重启阶段最优路径,沉积后,4.461456001190108e-05,4.4687558438809275e-05,3.7381338951415495e-08
1,81002,1,不使用 GP 产生的状态,1000,历史重启阶段最优路径,重启和可选上界处理后,4.461456001190108e-05,4.4687558438809275e-05,3.7381338951415495e-08
1,81002,2,不使用 GP 产生的状态,1000,历史重启阶段最优路径,更新前,0.0009237269341661236,0.0,0.0
1,81002,2,不使用 GP 产生的状态,1000,历史重启阶段最优路径,蒸发和下界保护后,0.0009237269341661236,0.0,0.0
1,81002,2,不使用 GP 产生的状态,1000,历史重启阶段最优路径,沉积后,0.0009237269341661236,0.0009239299186881479,7.68252782488073e-07
1,81002,2,不使用 GP 产生的状态,1000,历史重启阶段最优路径,重启和可选上界处理后,0.0009237269341661236,0.0009239299186881479,7.68252782488073e-07
1,81002,3,不使用 GP 产生的状态,1000,历史重启阶段最优路径,更新前,0.002154136521784071,0.0,0.0
1,81002,3,不使用 GP 产生的状态,1000,历史重启阶段最优路径,蒸发和下界保护后,0.002154136521784071,0.0,0.0
1,81002,3,不使用 GP 产生的状态,1000,历史重启阶段最优路径,沉积后,0.002154136521784071,0.0021543478735934337,1.7885613911887453e-06
1,81002,3,不使用 GP 产生的状态,1000,历史重启阶段最优路径,重启和可选上界处理后,0.002154136521784071,0.0021543478735934337,1.7885613911887453e-06
1,81002,4,不使用 GP 产生的状态,1000,历史重启阶段最优路径,更新前,4.965306149778604e-05,0.0,0.0
1,81002,4,不使用 GP 产生的状态,1000,历史重启阶段最优路径,蒸发和下界保护后,4.965306149778604e-05,0.0,0.0
1,81002,4,不使用 GP 产生的状态,1000,历史重启阶段最优路径,沉积后,4.965306149778604e-05,4.978284478083467e-05,4.139450482148267e-08
1,81002,4,不使用 GP 产生的状态,1000,历史重启阶段最优路径,重启和可选上界处理后,4.965306149778604e-05,4.978284478083467e-05,4.139450482148267e-08
1,81002,5,不使用 GP 产生的状态,1000,历史重启阶段最优路径,更新前,5.973337101292711e-05,0.0,0.0
1,81002,5,不使用 GP 产生的状态,1000,历史重启阶段最优路径,蒸发和下界保护后,5.973337101292711e-05,0.0,0.0
1,81002,5,不使用 GP 产生的状态,1000,历史重启阶段最优路径,沉积后,5.973337101292711e-05,5.98714298385611e-05,5.408634804580343e-08
1,81002,5,不使用 GP 产生的状态,1000,历史重启阶段最优路径,重启和可选上界处理后,5.973337101292711e-05,5.98714298385611e-05,5.408634804580343e-08
1,81002,6,不使用 GP 产生的状态,1000,历史重启阶段最优路径,更新前,2.9891856992001888e-05,0.0,0.0
1,81002,6,不使用 GP 产生的状态,1000,历史重启阶段最优路径,蒸发和下界保护后,2.9891856992001888e-05,0.0,0.0
1,81002,6,不使用 GP 产生的状态,1000,历史重启阶段最优路径,沉积后,2.9891856992001888e-05,3.0003404143519903e-05,2.663436900241077e-08
1,81002,6,不使用 GP 产生的状态,1000,历史重启阶段最优路径,重启和可选上界处理后,2.9891856992001888e-05,0.0,0.0
1,81002,7,不使用 GP 产生的状态,1000,历史重启阶段最优路径,更新前,0.0003777265825442066,0.0,0.0
1,81002,7,不使用 GP 产生的状态,1000,历史重启阶段最优路径,蒸发和下界保护后,0.0003777265825442066,0.0,0.0
1,81002,7,不使用 GP 产生的状态,1000,历史重启阶段最优路径,沉积后,0.0003777265825442066,0.0003775579082833756,3.145680064228184e-07
1,81002,7,不使用 GP 产生的状态,1000,历史重启阶段最优路径,重启和可选上界处理后,0.0003777265825442066,0.0003775579082833756,3.145680064228184e-07
1,81002,0,不使用 GP 产生的状态,1000,历史全局最优路径,更新前,4.209846015601882e-05,0.0,0.0
1,81002,0,不使用 GP 产生的状态,1000,历史全局最优路径,蒸发和下界保护后,4.209846015601882e-05,0.0,0.0
1,81002,0,不使用 GP 产生的状态,1000,历史全局最优路径,沉积后,4.209846015601882e-05,4.207166779115909e-05,3.49815693388632e-08
1,81002,0,不使用 GP 产生的状态,1000,历史全局最优路径,重启和可选上界处理后,4.209846015601882e-05,4.207166779115909e-05,3.49815693388632e-08
1,81002,1,不使用 GP 产生的状态,1000,历史全局最优路径,更新前,4.461456001190108e-05,0.0,0.0
1,81002,1,不使用 GP 产生的状态,1000,历史全局最优路径,蒸发和下界保护后,4.461456001190108e-05,0.0,0.0
1,81002,1,不使用 GP 产生的状态,1000,历史全局最优路径,沉积后,4.461456001190108e-05,4.4687558438809275e-05,3.7381338951415495e-08
1,81002,1,不使用 GP 产生的状态,1000,历史全局最优路径,重启和可选上界处理后,4.461456001190108e-05,4.4687558438809275e-05,3.7381338951415495e-08
1,81002,2,不使用 GP 产生的状态,1000,历史全局最优路径,更新前,0.0009207792671047094,0.0,0.0
1,81002,2,不使用 GP 产生的状态,1000,历史全局最优路径,蒸发和下界保护后,0.0009207792671047094,0.0,0.0
1,81002,2,不使用 GP 产生的状态,1000,历史全局最优路径,沉积后,0.0009207792671047094,0.0009209690771505445,7.657908265498999e-07
1,81002,2,不使用 GP 产生的状态,1000,历史全局最优路径,重启和可选上界处理后,0.0009207792671047094,0.0009209690771505445,7.657908265498999e-07
1,81002,3,不使用 GP 产生的状态,1000,历史全局最优路径,更新前,0.15243520825849619,0.0,0.0
1,81002,3,不使用 GP 产生的状态,1000,历史全局最优路径,蒸发和下界保护后,0.15243520825849619,0.0,0.0
1,81002,3,不使用 GP 产生的状态,1000,历史全局最优路径,沉积后,0.15243520825849619,0.15243530421421153,0.00012655334483846373
1,81002,3,不使用 GP 产生的状态,1000,历史全局最优路径,重启和可选上界处理后,0.15243520825849619,0.15243530421421153,0.00012655334483846373
1,81002,4,不使用 GP 产生的状态,1000,历史全局最优路径,更新前,3.608119739938919e-05,0.0,0.0
1,81002,4,不使用 GP 产生的状态,1000,历史全局最优路径,蒸发和下界保护后,3.608119739938919e-05,0.0,0.0
1,81002,4,不使用 GP 产生的状态,1000,历史全局最优路径,沉积后,3.608119739938919e-05,3.6129354461744894e-05,3.0041608591229255e-08
1,81002,4,不使用 GP 产生的状态,1000,历史全局最优路径,重启和可选上界处理后,3.608119739938919e-05,3.6129354461744894e-05,3.0041608591229255e-08
1,81002,5,不使用 GP 产生的状态,1000,历史全局最优路径,更新前,5.973337101292711e-05,0.0,0.0
1,81002,5,不使用 GP 产生的状态,1000,历史全局最优路径,蒸发和下界保护后,5.973337101292711e-05,0.0,0.0
1,81002,5,不使用 GP 产生的状态,1000,历史全局最优路径,沉积后,5.973337101292711e-05,5.98714298385611e-05,5.408634804580343e-08
1,81002,5,不使用 GP 产生的状态,1000,历史全局最优路径,重启和可选上界处理后,5.973337101292711e-05,5.98714298385611e-05,5.408634804580343e-08
1,81002,6,不使用 GP 产生的状态,1000,历史全局最优路径,更新前,2.9891856992001888e-05,0.0,0.0
1,81002,6,不使用 GP 产生的状态,1000,历史全局最优路径,蒸发和下界保护后,2.9891856992001888e-05,0.0,0.0
1,81002,6,不使用 GP 产生的状态,1000,历史全局最优路径,沉积后,2.9891856992001888e-05,3.0003404143519903e-05,2.663436900241077e-08
1,81002,6,不使用 GP 产生的状态,1000,历史全局最优路径,重启和可选上界处理后,2.9891856992001888e-05,0.0,0.0
1,81002,7,不使用 GP 产生的状态,1000,历史全局最优路径,更新前,0.0003777265825442066,0.0,0.0
1,81002,7,不使用 GP 产生的状态,1000,历史全局最优路径,蒸发和下界保护后,0.0003777265825442066,0.0,0.0
1,81002,7,不使用 GP 产生的状态,1000,历史全局最优路径,沉积后,0.0003777265825442066,0.0003775579082833756,3.145680064228184e-07
1,81002,7,不使用 GP 产生的状态,1000,历史全局最优路径,重启和可选上界处理后,0.0003777265825442066,0.0003775579082833756,3.145680064228184e-07
1,81001,0,不使用 GP 产生的状态,1000,本轮最优路径,更新前,0.0005769664161612983,0.0,0.0
1,81001,0,不使用 GP 产生的状态,1000,本轮最优路径,蒸发和下界保护后,0.0005769664161612983,0.0,0.0
1,81001,0,不使用 GP 产生的状态,1000,本轮最优路径,沉积后,0.0005769664161612983,0.000576908510082408,4.796854060505979e-07
1,81001,0,不使用 GP 产生的状态,1000,本轮最优路径,重启和可选上界处理后,0.0005769664161612983,0.000576908510082408,4.796854060505979e-07
1,81001,1,不使用 GP 产生的状态,1000,本轮最优路径,更新前,0.0006322471385778617,0.0,0.0
1,81001,1,不使用 GP 产生的状态,1000,本轮最优路径,蒸发和下界保护后,0.0006322471385778617,0.0,0.0
1,81001,1,不使用 GP 产生的状态,1000,本轮最优路径,沉积后,0.0006322471385778617,0.0006324994401734362,5.290885603445774e-07
1,81001,1,不使用 GP 产生的状态,1000,本轮最优路径,重启和可选上界处理后,0.0006322471385778617,0.0006324994401734362,5.290885603445774e-07
1,81001,2,不使用 GP 产生的状态,1000,本轮最优路径,更新前,0.0007405014427359116,0.0,0.0
1,81001,2,不使用 GP 产生的状态,1000,本轮最优路径,蒸发和下界保护后,0.0007405014427359116,0.0,0.0
1,81001,2,不使用 GP 产生的状态,1000,本轮最优路径,沉积后,0.0007405014427359116,0.0007404045859387438,6.156504641845692e-07
1,81001,2,不使用 GP 产生的状态,1000,本轮最优路径,重启和可选上界处理后,0.0007405014427359116,0.0007404045859387438,6.156504641845692e-07
1,81001,3,不使用 GP 产生的状态,1000,本轮最优路径,更新前,0.0004352470246051789,0.0,0.0
1,81001,3,不使用 GP 产生的状态,1000,本轮最优路径,蒸发和下界保护后,0.0004352470246051789,0.0,0.0
1,81001,3,不使用 GP 产生的状态,1000,本轮最优路径,沉积后,0.0004352470246051789,0.0004352785529116463,3.6137265652074533e-07
1,81001,3,不使用 GP 产生的状态,1000,本轮最优路径,重启和可选上界处理后,0.0004352470246051789,0.0004352785529116463,3.6137265652074533e-07
1,81001,4,不使用 GP 产生的状态,1000,本轮最优路径,更新前,0.0005696577161282794,0.0,0.0
1,81001,4,不使用 GP 产生的状态,1000,本轮最优路径,蒸发和下界保护后,0.0005696577161282794,0.0,0.0
1,81001,4,不使用 GP 产生的状态,1000,本轮最优路径,沉积后,0.0005696577161282794,0.0005699234227198271,4.738921203380906e-07
1,81001,4,不使用 GP 产生的状态,1000,本轮最优路径,重启和可选上界处理后,0.0005696577161282794,0.0005699234227198271,4.738921203380906e-07
1,81001,5,不使用 GP 产生的状态,1000,本轮最优路径,更新前,0.0007222041570860473,0.0,0.0
1,81001,5,不使用 GP 产生的状态,1000,本轮最优路径,蒸发和下界保护后,0.0007222041570860473,0.0,0.0
1,81001,5,不使用 GP 产生的状态,1000,本轮最优路径,沉积后,0.0007222041570860473,0.0007223771552278348,6.52577403668852e-07
1,81001,5,不使用 GP 产生的状态,1000,本轮最优路径,重启和可选上界处理后,0.0007222041570860473,0.0007223771552278348,6.52577403668852e-07
1,81001,6,不使用 GP 产生的状态,1000,本轮最优路径,更新前,0.0005151445655724422,0.0,0.0
1,81001,6,不使用 GP 产生的状态,1000,本轮最优路径,蒸发和下界保护后,0.0005151445655724422,0.0,0.0
1,81001,6,不使用 GP 产生的状态,1000,本轮最优路径,沉积后,0.0005151445655724422,0.0005153956977293809,4.5752272408542964e-07
1,81001,6,不使用 GP 产生的状态,1000,本轮最优路径,重启和可选上界处理后,0.0005151445655724422,0.0,0.0
1,81001,7,不使用 GP 产生的状态,1000,本轮最优路径,更新前,0.0005223631629813128,0.0,0.0
1,81001,7,不使用 GP 产生的状态,1000,本轮最优路径,蒸发和下界保护后,0.0005223631629813128,0.0,0.0
1,81001,7,不使用 GP 产生的状态,1000,本轮最优路径,沉积后,0.0005223631629813128,0.0005224181173505485,4.3526045167826776e-07
1,81001,7,不使用 GP 产生的状态,1000,本轮最优路径,重启和可选上界处理后,0.0005223631629813128,0.0005224181173505485,4.3526045167826776e-07
1,81001,0,不使用 GP 产生的状态,1000,历史重启阶段最优路径,更新前,0.0005764982288454085,0.0,0.0
1,81001,0,不使用 GP 产生的状态,1000,历史重启阶段最优路径,蒸发和下界保护后,0.0005764982288454085,0.0,0.0
1,81001,0,不使用 GP 产生的状态,1000,历史重启阶段最优路径,沉积后,0.0005764982288454085,0.0005764264944491712,4.792846217655491e-07
1,81001,0,不使用 GP 产生的状态,1000,历史重启阶段最优路径,重启和可选上界处理后,0.0005764982288454085,0.0005764264944491712,4.792846217655491e-07
1,81001,1,不使用 GP 产生的状态,1000,历史重启阶段最优路径,更新前,0.000631901053411525,0.0,0.0
1,81001,1,不使用 GP 产生的状态,1000,历史重启阶段最优路径,蒸发和下界保护后,0.000631901053411525,0.0,0.0
1,81001,1,不使用 GP 产生的状态,1000,历史重启阶段最优路径,沉积后,0.000631901053411525,0.0006319284747760068,5.28610945281314e-07
1,81001,1,不使用 GP 产生的状态,1000,历史重启阶段最优路径,重启和可选上界处理后,0.000631901053411525,0.0006319284747760068,5.28610945281314e-07
1,81001,2,不使用 GP 产生的状态,1000,历史重启阶段最优路径,更新前,0.0007404050738823063,0.0,0.0
1,81001,2,不使用 GP 产生的状态,1000,历史重启阶段最优路径,蒸发和下界保护后,0.0007404050738823063,0.0,0.0
1,81001,2,不使用 GP 产生的状态,1000,历史重启阶段最优路径,沉积后,0.0007404050738823063,0.0007405607278787624,6.157802970619942e-07
1,81001,2,不使用 GP 产生的状态,1000,历史重启阶段最优路径,重启和可选上界处理后,0.0007404050738823063,0.0007405607278787624,6.157802970619942e-07
1,81001,3,不使用 GP 产生的状态,1000,历史重启阶段最优路径,更新前,0.0004350510007867073,0.0,0.0
1,81001,3,不使用 GP 产生的状态,1000,历史重启阶段最优路径,蒸发和下界保护后,0.0004350510007867073,0.0,0.0
1,81001,3,不使用 GP 产生的状态,1000,历史重启阶段最优路径,沉积后,0.0004350510007867073,0.0004351723785357164,3.61284509480126e-07
1,81001,3,不使用 GP 产生的状态,1000,历史重启阶段最优路径,重启和可选上界处理后,0.0004350510007867073,0.0004351723785357164,3.61284509480126e-07
1,81001,4,不使用 GP 产生的状态,1000,历史重启阶段最优路径,更新前,0.0005692492238468472,0.0,0.0
1,81001,4,不使用 GP 产生的状态,1000,历史重启阶段最优路径,蒸发和下界保护后,0.0005692492238468472,0.0,0.0
1,81001,4,不使用 GP 产生的状态,1000,历史重启阶段最优路径,沉积后,0.0005692492238468472,0.0005692376661518818,4.733219127960519e-07
1,81001,4,不使用 GP 产生的状态,1000,历史重启阶段最优路径,重启和可选上界处理后,0.0005692492238468472,0.0005692376661518818,4.733219127960519e-07
1,81001,5,不使用 GP 产生的状态,1000,历史重启阶段最优路径,更新前,0.0007222392177192707,0.0,0.0
1,81001,5,不使用 GP 产生的状态,1000,历史重启阶段最优路径,蒸发和下界保护后,0.0007222392177192707,0.0,0.0
1,81001,5,不使用 GP 产生的状态,1000,历史重启阶段最优路径,沉积后,0.0007222392177192707,0.0007223412453751215,6.52544963608587e-07
1,81001,5,不使用 GP 产生的状态,1000,历史重启阶段最优路径,重启和可选上界处理后,0.0007222392177192707,0.0007223412453751215,6.52544963608587e-07
1,81001,6,不使用 GP 产生的状态,1000,历史重启阶段最优路径,更新前,0.0005151406982822487,0.0,0.0
1,81001,6,不使用 GP 产生的状态,1000,历史重启阶段最优路径,蒸发和下界保护后,0.0005151406982822487,0.0,0.0
1,81001,6,不使用 GP 产生的状态,1000,历史重启阶段最优路径,沉积后,0.0005151406982822487,0.0005151027504972253,4.572626714379985e-07
1,81001,6,不使用 GP 产生的状态,1000,历史重启阶段最优路径,重启和可选上界处理后,0.0005151406982822487,0.0,0.0
1,81001,7,不使用 GP 产生的状态,1000,历史重启阶段最优路径,更新前,0.0005225914633474667,0.0,0.0
1,81001,7,不使用 GP 产生的状态,1000,历史重启阶段最优路径,蒸发和下界保护后,0.0005225914633474667,0.0,0.0
1,81001,7,不使用 GP 产生的状态,1000,历史重启阶段最优路径,沉积后,0.0005225914633474667,0.0005226059703174216,4.3541696418136576e-07
1,81001,7,不使用 GP 产生的状态,1000,历史重启阶段最优路径,重启和可选上界处理后,0.0005225914633474667,0.0005226059703174216,4.3541696418136576e-07
1,81001,0,不使用 GP 产生的状态,1000,历史全局最优路径,更新前,0.0005764982288454085,0.0,0.0
1,81001,0,不使用 GP 产生的状态,1000,历史全局最优路径,蒸发和下界保护后,0.0005764982288454085,0.0,0.0
1,81001,0,不使用 GP 产生的状态,1000,历史全局最优路径,沉积后,0.0005764982288454085,0.0005764264944491712,4.792846217655491e-07
1,81001,0,不使用 GP 产生的状态,1000,历史全局最优路径,重启和可选上界处理后,0.0005764982288454085,0.0005764264944491712,4.792846217655491e-07
1,81001,1,不使用 GP 产生的状态,1000,历史全局最优路径,更新前,0.000631901053411525,0.0,0.0
1,81001,1,不使用 GP 产生的状态,1000,历史全局最优路径,蒸发和下界保护后,0.000631901053411525,0.0,0.0
1,81001,1,不使用 GP 产生的状态,1000,历史全局最优路径,沉积后,0.000631901053411525,0.0006319284747760068,5.28610945281314e-07
1,81001,1,不使用 GP 产生的状态,1000,历史全局最优路径,重启和可选上界处理后,0.000631901053411525,0.0006319284747760068,5.28610945281314e-07
1,81001,2,不使用 GP 产生的状态,1000,历史全局最优路径,更新前,0.0007405014427359116,0.0,0.0
1,81001,2,不使用 GP 产生的状态,1000,历史全局最优路径,蒸发和下界保护后,0.0007405014427359116,0.0,0.0
1,81001,2,不使用 GP 产生的状态,1000,历史全局最优路径,沉积后,0.0007405014427359116,0.0007404045859387438,6.156504641845692e-07
1,81001,2,不使用 GP 产生的状态,1000,历史全局最优路径,重启和可选上界处理后,0.0007405014427359116,0.0007404045859387438,6.156504641845692e-07
1,81001,3,不使用 GP 产生的状态,1000,历史全局最优路径,更新前,0.1532800451202217,0.0,0.0
1,81001,3,不使用 GP 产生的状态,1000,历史全局最优路径,蒸发和下界保护后,0.1532800451202217,0.0,0.0
1,81001,3,不使用 GP 产生的状态,1000,历史全局最优路径,沉积后,0.1532800451202217,0.15328022656375614,0.00012725480799370096
1,81001,3,不使用 GP 产生的状态,1000,历史全局最优路径,重启和可选上界处理后,0.1532800451202217,0.15328022656375614,0.00012725480799370096
1,81001,4,不使用 GP 产生的状态,1000,历史全局最优路径,更新前,0.0005690638191567776,0.0,0.0
1,81001,4,不使用 GP 产生的状态,1000,历史全局最优路径,蒸发和下界保护后,0.0005690638191567776,0.0,0.0
1,81001,4,不使用 GP 产生的状态,1000,历史全局最优路径,沉积后,0.0005690638191567776,0.0005693301277116048,4.7339879471183236e-07
1,81001,4,不使用 GP 产生的状态,1000,历史全局最优路径,重启和可选上界处理后,0.0005690638191567776,0.0005693301277116048,4.7339879471183236e-07
1,81001,5,不使用 GP 产生的状态,1000,历史全局最优路径,更新前,0.0007222392177192707,0.0,0.0
1,81001,5,不使用 GP 产生的状态,1000,历史全局最优路径,蒸发和下界保护后,0.0007222392177192707,0.0,0.0
1,81001,5,不使用 GP 产生的状态,1000,历史全局最优路径,沉积后,0.0007222392177192707,0.0007223412453751215,6.52544963608587e-07
1,81001,5,不使用 GP 产生的状态,1000,历史全局最优路径,重启和可选上界处理后,0.0007222392177192707,0.0007223412453751215,6.52544963608587e-07
1,81001,6,不使用 GP 产生的状态,1000,历史全局最优路径,更新前,0.0005151406982822487,0.0,0.0
1,81001,6,不使用 GP 产生的状态,1000,历史全局最优路径,蒸发和下界保护后,0.0005151406982822487,0.0,0.0
1,81001,6,不使用 GP 产生的状态,1000,历史全局最优路径,沉积后,0.0005151406982822487,0.0005151027504972253,4.572626714379985e-07
1,81001,6,不使用 GP 产生的状态,1000,历史全局最优路径,重启和可选上界处理后,0.0005151406982822487,0.0,0.0
1,81001,7,不使用 GP 产生的状态,1000,历史全局最优路径,更新前,0.0005225914633474667,0.0,0.0
1,81001,7,不使用 GP 产生的状态,1000,历史全局最优路径,蒸发和下界保护后,0.0005225914633474667,0.0,0.0
1,81001,7,不使用 GP 产生的状态,1000,历史全局最优路径,沉积后,0.0005225914633474667,0.0005226059703174216,4.3541696418136576e-07
1,81001,7,不使用 GP 产生的状态,1000,历史全局最优路径,重启和可选上界处理后,0.0005225914633474667,0.0005226059703174216,4.3541696418136576e-07
1,81003,0,不使用 GP 产生的状态,1000,本轮最优路径,更新前,0.0038764594830854866,0.0,0.0
1,81003,0,不使用 GP 产生的状态,1000,本轮最优路径,蒸发和下界保护后,0.0038764594830854866,0.0,0.0
1,81003,0,不使用 GP 产生的状态,1000,本轮最优路径,沉积后,0.0038764594830854866,0.003876440839550492,3.223166352469448e-06
1,81003,0,不使用 GP 产生的状态,1000,本轮最优路径,重启和可选上界处理后,0.0038764594830854866,0.003876440839550492,3.223166352469448e-06
1,81003,1,不使用 GP 产生的状态,1000,本轮最优路径,更新前,0.003119175451760644,0.0,0.0
1,81003,1,不使用 GP 产生的状态,1000,本轮最优路径,蒸发和下界保护后,0.003119175451760644,0.0,0.0
1,81003,1,不使用 GP 产生的状态,1000,本轮最优路径,沉积后,0.003119175451760644,0.003119206003417875,2.6092295248735577e-06
1,81003,1,不使用 GP 产生的状态,1000,本轮最优路径,重启和可选上界处理后,0.003119175451760644,0.003119206003417875,2.6092295248735577e-06
1,81003,2,不使用 GP 产生的状态,1000,本轮最优路径,更新前,0.004582834861575173,0.0,0.0
1,81003,2,不使用 GP 产生的状态,1000,本轮最优路径,蒸发和下界保护后,0.004582834861575173,0.0,0.0
1,81003,2,不使用 GP 产生的状态,1000,本轮最优路径,沉积后,0.004582834861575173,0.004582780577853839,3.810607124258368e-06
1,81003,2,不使用 GP 产生的状态,1000,本轮最优路径,重启和可选上界处理后,0.004582834861575173,0.004582780577853839,3.810607124258368e-06
1,81003,3,不使用 GP 产生的状态,1000,本轮最优路径,更新前,0.004782324559455099,0.0,0.0
1,81003,3,不使用 GP 产生的状态,1000,本轮最优路径,蒸发和下界保护后,0.004782324559455099,0.0,0.0
1,81003,3,不使用 GP 产生的状态,1000,本轮最优路径,沉积后,0.004782324559455099,0.0047823600755315535,3.970363697851169e-06
1,81003,3,不使用 GP 产生的状态,1000,本轮最优路径,重启和可选上界处理后,0.004782324559455099,0.0047823600755315535,3.970363697851169e-06
1,81003,4,不使用 GP 产生的状态,1000,本轮最优路径,更新前,0.0026242103985059323,0.0,0.0
1,81003,4,不使用 GP 产生的状态,1000,本轮最优路径,蒸发和下界保护后,0.0026242103985059323,0.0,0.0
1,81003,4,不使用 GP 产生的状态,1000,本轮最优路径,沉积后,0.0026242103985059323,0.0026241707893221444,2.182001668832077e-06
1,81003,4,不使用 GP 产生的状态,1000,本轮最优路径,重启和可选上界处理后,0.0026242103985059323,0.0026241707893221444,2.182001668832077e-06
1,81003,5,不使用 GP 产生的状态,1000,本轮最优路径,更新前,0.0038577105550338642,0.0,0.0
1,81003,5,不使用 GP 产生的状态,1000,本轮最优路径,蒸发和下界保护后,0.0038577105550338642,0.0,0.0
1,81003,5,不使用 GP 产生的状态,1000,本轮最优路径,沉积后,0.0038577105550338642,0.003857657660791354,3.4849111745906403e-06
1,81003,5,不使用 GP 产生的状态,1000,本轮最优路径,重启和可选上界处理后,0.0038577105550338642,0.003857657660791354,3.4849111745906403e-06
1,81003,6,不使用 GP 产生的状态,1000,本轮最优路径,更新前,0.005821041452779737,0.0,0.0
1,81003,6,不使用 GP 产生的状态,1000,本轮最优路径,蒸发和下界保护后,0.005821041452779737,0.0,0.0
1,81003,6,不使用 GP 产生的状态,1000,本轮最优路径,沉积后,0.005821041452779737,0.0058210026590249835,5.167371410352807e-06
1,81003,6,不使用 GP 产生的状态,1000,本轮最优路径,重启和可选上界处理后,0.005821041452779737,0.0,0.0
1,81003,7,不使用 GP 产生的状态,1000,本轮最优路径,更新前,0.0035497500650699073,0.0,0.0
1,81003,7,不使用 GP 产生的状态,1000,本轮最优路径,蒸发和下界保护后,0.0035497500650699073,0.0,0.0
1,81003,7,不使用 GP 产生的状态,1000,本轮最优路径,沉积后,0.0035497500650699073,0.0035498348939620164,2.9575979239870073e-06
1,81003,7,不使用 GP 产生的状态,1000,本轮最优路径,重启和可选上界处理后,0.0035497500650699073,0.0035498348939620164,2.9575979239870073e-06
1,81003,0,不使用 GP 产生的状态,1000,历史重启阶段最优路径,更新前,0.003876705553053991,0.0,0.0
1,81003,0,不使用 GP 产生的状态,1000,历史重启阶段最优路径,蒸发和下界保护后,0.003876705553053991,0.0,0.0
1,81003,0,不使用 GP 产生的状态,1000,历史重启阶段最优路径,沉积后,0.003876705553053991,0.003876692712473597,3.2233757786839714e-06
1,81003,0,不使用 GP 产生的状态,1000,历史重启阶段最优路径,重启和可选上界处理后,0.003876705553053991,0.003876692712473597,3.2233757786839714e-06
1,81003,1,不使用 GP 产生的状态,1000,历史重启阶段最优路径,更新前,0.00311952416637289,0.0,0.0
1,81003,1,不使用 GP 产生的状态,1000,历史重启阶段最优路径,蒸发和下界保护后,0.00311952416637289,0.0,0.0
1,81003,1,不使用 GP 产生的状态,1000,历史重启阶段最优路径,沉积后,0.00311952416637289,0.00311939031505494,2.609383702367664e-06
1,81003,1,不使用 GP 产生的状态,1000,历史重启阶段最优路径,重启和可选上界处理后,0.00311952416637289,0.00311939031505494,2.609383702367664e-06
1,81003,2,不使用 GP 产生的状态,1000,历史重启阶段最优路径,更新前,0.004582817539578703,0.0,0.0
1,81003,2,不使用 GP 产生的状态,1000,历史重启阶段最优路径,蒸发和下界保护后,0.004582817539578703,0.0,0.0
1,81003,2,不使用 GP 产生的状态,1000,历史重启阶段最优路径,沉积后,0.004582817539578703,0.004582783505515215,3.81060955862482e-06
1,81003,2,不使用 GP 产生的状态,1000,历史重启阶段最优路径,重启和可选上界处理后,0.004582817539578703,0.004582783505515215,3.81060955862482e-06
1,81003,3,不使用 GP 产生的状态,1000,历史重启阶段最优路径,更新前,0.004764264572268601,0.0,0.0
1,81003,3,不使用 GP 产生的状态,1000,历史重启阶段最优路径,蒸发和下界保护后,0.004764264572268601,0.0,0.0
1,81003,3,不使用 GP 产生的状态,1000,历史重启阶段最优路径,沉积后,0.004764264572268601,0.004764189303110078,3.955278138829116e-06
1,81003,3,不使用 GP 产生的状态,1000,历史重启阶段最优路径,重启和可选上界处理后,0.004764264572268601,0.004764189303110078,3.955278138829116e-06
1,81003,4,不使用 GP 产生的状态,1000,历史重启阶段最优路径,更新前,0.0026242103985059323,0.0,0.0
1,81003,4,不使用 GP 产生的状态,1000,历史重启阶段最优路径,蒸发和下界保护后,0.0026242103985059323,0.0,0.0
1,81003,4,不使用 GP 产生的状态,1000,历史重启阶段最优路径,沉积后,0.0026242103985059323,0.0026241707893221444,2.182001668832077e-06
1,81003,4,不使用 GP 产生的状态,1000,历史重启阶段最优路径,重启和可选上界处理后,0.0026242103985059323,0.0026241707893221444,2.182001668832077e-06
1,81003,5,不使用 GP 产生的状态,1000,历史重启阶段最优路径,更新前,0.0038573913698227544,0.0,0.0
1,81003,5,不使用 GP 产生的状态,1000,历史重启阶段最优路径,蒸发和下界保护后,0.0038573913698227544,0.0,0.0
1,81003,5,不使用 GP 产生的状态,1000,历史重启阶段最优路径,沉积后,0.0038573913698227544,0.003857371352506208,3.484652530866905e-06
1,81003,5,不使用 GP 产生的状态,1000,历史重启阶段最优路径,重启和可选上界处理后,0.0038573913698227544,0.003857371352506208,3.484652530866905e-06
1,81003,6,不使用 GP 产生的状态,1000,历史重启阶段最优路径,更新前,0.0058210528129446805,0.0,0.0
1,81003,6,不使用 GP 产生的状态,1000,历史重启阶段最优路径,蒸发和下界保护后,0.0058210528129446805,0.0,0.0
1,81003,6,不使用 GP 产生的状态,1000,历史重启阶段最优路径,沉积后,0.0058210528129446805,0.005820953351075017,5.167327639115121e-06
1,81003,6,不使用 GP 产生的状态,1000,历史重启阶段最优路径,重启和可选上界处理后,0.0058210528129446805,0.0,0.0
1,81003,7,不使用 GP 产生的状态,1000,历史重启阶段最优路径,更新前,0.0035498267798940754,0.0,0.0
1,81003,7,不使用 GP 产生的状态,1000,历史重启阶段最优路径,蒸发和下界保护后,0.0035498267798940754,0.0,0.0
1,81003,7,不使用 GP 产生的状态,1000,历史重启阶段最优路径,沉积后,0.0035498267798940754,0.0035498624326168455,2.957620868228299e-06
1,81003,7,不使用 GP 产生的状态,1000,历史重启阶段最优路径,重启和可选上界处理后,0.0035498267798940754,0.0035498624326168455,2.957620868228299e-06
1,81003,0,不使用 GP 产生的状态,1000,历史全局最优路径,更新前,0.0038768203774748183,0.0,0.0
1,81003,0,不使用 GP 产生的状态,1000,历史全局最优路径,蒸发和下界保护后,0.0038768203774748183,0.0,0.0
1,81003,0,不使用 GP 产生的状态,1000,历史全局最优路径,沉积后,0.0038768203774748183,0.0038767924739058863,3.2234587278905082e-06
1,81003,0,不使用 GP 产生的状态,1000,历史全局最优路径,重启和可选上界处理后,0.0038768203774748183,0.0038767924739058863,3.2234587278905082e-06
1,81003,1,不使用 GP 产生的状态,1000,历史全局最优路径,更新前,0.00311952416637289,0.0,0.0
1,81003,1,不使用 GP 产生的状态,1000,历史全局最优路径,蒸发和下界保护后,0.00311952416637289,0.0,0.0
1,81003,1,不使用 GP 产生的状态,1000,历史全局最优路径,沉积后,0.00311952416637289,0.00311939031505494,2.609383702367664e-06
1,81003,1,不使用 GP 产生的状态,1000,历史全局最优路径,重启和可选上界处理后,0.00311952416637289,0.00311939031505494,2.609383702367664e-06
1,81003,2,不使用 GP 产生的状态,1000,历史全局最优路径,更新前,0.004582834861575173,0.0,0.0
1,81003,2,不使用 GP 产生的状态,1000,历史全局最优路径,蒸发和下界保护后,0.004582834861575173,0.0,0.0
1,81003,2,不使用 GP 产生的状态,1000,历史全局最优路径,沉积后,0.004582834861575173,0.004582780577853839,3.810607124258368e-06
1,81003,2,不使用 GP 产生的状态,1000,历史全局最优路径,重启和可选上界处理后,0.004582834861575173,0.004582780577853839,3.810607124258368e-06
1,81003,3,不使用 GP 产生的状态,1000,历史全局最优路径,更新前,0.12578308923428913,0.0,0.0
1,81003,3,不使用 GP 产生的状态,1000,历史全局最优路径,蒸发和下界保护后,0.12578308923428913,0.0,0.0
1,81003,3,不使用 GP 产生的状态,1000,历史全局最优路径,沉积后,0.12578308923428913,0.12578328862278854,0.00010442656956702364
1,81003,3,不使用 GP 产生的状态,1000,历史全局最优路径,重启和可选上界处理后,0.12578308923428913,0.12578328862278854,0.00010442656956702364
1,81003,4,不使用 GP 产生的状态,1000,历史全局最优路径,更新前,0.0026240794112963248,0.0,0.0
1,81003,4,不使用 GP 产生的状态,1000,历史全局最优路径,蒸发和下界保护后,0.0026240794112963248,0.0,0.0
1,81003,4,不使用 GP 产生的状态,1000,历史全局最优路径,沉积后,0.0026240794112963248,0.002624050396666255,2.1819015621709043e-06
1,81003,4,不使用 GP 产生的状态,1000,历史全局最优路径,重启和可选上界处理后,0.0026240794112963248,0.002624050396666255,2.1819015621709043e-06
1,81003,5,不使用 GP 产生的状态,1000,历史全局最优路径,更新前,0.0038573913698227544,0.0,0.0
1,81003,5,不使用 GP 产生的状态,1000,历史全局最优路径,蒸发和下界保护后,0.0038573913698227544,0.0,0.0
1,81003,5,不使用 GP 产生的状态,1000,历史全局最优路径,沉积后,0.0038573913698227544,0.003857371352506208,3.484652530866905e-06
1,81003,5,不使用 GP 产生的状态,1000,历史全局最优路径,重启和可选上界处理后,0.0038573913698227544,0.003857371352506208,3.484652530866905e-06
1,81003,6,不使用 GP 产生的状态,1000,历史全局最优路径,更新前,0.0058210528129446805,0.0,0.0
1,81003,6,不使用 GP 产生的状态,1000,历史全局最优路径,蒸发和下界保护后,0.0058210528129446805,0.0,0.0
1,81003,6,不使用 GP 产生的状态,1000,历史全局最优路径,沉积后,0.0058210528129446805,0.005820953351075017,5.167327639115121e-06
1,81003,6,不使用 GP 产生的状态,1000,历史全局最优路径,重启和可选上界处理后,0.0058210528129446805,0.0,0.0
1,81003,7,不使用 GP 产生的状态,1000,历史全局最优路径,更新前,0.0035498267798940754,0.0,0.0
1,81003,7,不使用 GP 产生的状态,1000,历史全局最优路径,蒸发和下界保护后,0.0035498267798940754,0.0,0.0
1,81003,7,不使用 GP 产生的状态,1000,历史全局最优路径,沉积后,0.0035498267798940754,0.0035498624326168455,2.957620868228299e-06
1,81003,7,不使用 GP 产生的状态,1000,历史全局最优路径,重启和可选上界处理后,0.0035498267798940754,0.0035498624326168455,2.957620868228299e-06
1,81001,0,GP 表达式自身产生的状态,1000,本轮最优路径,更新前,0.0426448359360384,0.0,0.0
1,81001,0,GP 表达式自身产生的状态,1000,本轮最优路径,蒸发和下界保护后,0.0426448359360384,0.0,0.0
1,81001,0,GP 表达式自身产生的状态,1000,本轮最优路径,沉积后,0.0426448359360384,0.0426448763558171,3.511212918278849e-05
1,81001,0,GP 表达式自身产生的状态,1000,本轮最优路径,重启和可选上界处理后,0.0426448359360384,0.0426448763558171,3.511212918278849e-05
1,81001,1,GP 表达式自身产生的状态,1000,本轮最优路径,更新前,0.0005223496236271311,0.0,0.0
1,81001,1,GP 表达式自身产生的状态,1000,本轮最优路径,蒸发和下界保护后,0.0005223496236271311,0.0,0.0
1,81001,1,GP 表达式自身产生的状态,1000,本轮最优路径,沉积后,0.0005223496236271311,0.0005223937397237569,4.3440068730201254e-07
1,81001,1,GP 表达式自身产生的状态,1000,本轮最优路径,重启和可选上界处理后,0.0005223496236271311,0.0005223937397237569,4.3440068730201254e-07
1,81001,2,GP 表达式自身产生的状态,1000,本轮最优路径,更新前,0.0006009552093242597,0.0,0.0
1,81001,2,GP 表达式自身产生的状态,1000,本轮最优路径,蒸发和下界保护后,0.0006009552093242597,0.0,0.0
1,81001,2,GP 表达式自身产生的状态,1000,本轮最优路径,沉积后,0.0006009552093242597,0.0006009808451473623,5.015108637095057e-07
1,81001,2,GP 表达式自身产生的状态,1000,本轮最优路径,重启和可选上界处理后,0.0006009552093242597,0.0006009808451473623,5.015108637095057e-07
1,81001,3,GP 表达式自身产生的状态,1000,本轮最优路径,更新前,0.0007677519833536553,0.0,0.0
1,81001,3,GP 表达式自身产生的状态,1000,本轮最优路径,蒸发和下界保护后,0.0007677519833536553,0.0,0.0
1,81001,3,GP 表达式自身产生的状态,1000,本轮最优路径,沉积后,0.0007677519833536553,0.0007677309379611357,6.383980146438307e-07
1,81001,3,GP 表达式自身产生的状态,1000,本轮最优路径,重启和可选上界处理后,0.0007677519833536553,0.0007677309379611357,6.383980146438307e-07
1,81001,4,GP 表达式自身产生的状态,1000,本轮最优路径,更新前,0.007921668519738408,0.0,0.0
1,81001,4,GP 表达式自身产生的状态,1000,本轮最优路径,蒸发和下界保护后,0.007921668519738408,0.0,0.0
1,81001,4,GP 表达式自身产生的状态,1000,本轮最优路径,沉积后,0.007921668519738408,0.00792168358323303,6.576301824852269e-06
1,81001,4,GP 表达式自身产生的状态,1000,本轮最优路径,重启和可选上界处理后,0.007921668519738408,0.00792168358323303,6.576301824852269e-06
1,81001,5,GP 表达式自身产生的状态,1000,本轮最优路径,更新前,0.0005661679666023425,0.0,0.0
1,81001,5,GP 表达式自身产生的状态,1000,本轮最优路径,蒸发和下界保护后,0.0005661679666023425,0.0,0.0
1,81001,5,GP 表达式自身产生的状态,1000,本轮最优路径,沉积后,0.0005661679666023425,0.0005661559746056121,4.7078656039671933e-07
1,81001,5,GP 表达式自身产生的状态,1000,本轮最优路径,重启和可选上界处理后,0.0005661679666023425,0.0005661559746056121,4.7078656039671933e-07
1,81001,6,GP 表达式自身产生的状态,1000,本轮最优路径,更新前,0.0007371663364966392,0.0,0.0
1,81001,6,GP 表达式自身产生的状态,1000,本轮最优路径,蒸发和下界保护后,0.0007371663364966392,0.0,0.0
1,81001,6,GP 表达式自身产生的状态,1000,本轮最优路径,沉积后,0.0007371663364966392,0.0007371916214989258,6.129176858737227e-07
1,81001,6,GP 表达式自身产生的状态,1000,本轮最优路径,重启和可选上界处理后,0.0007371663364966392,0.0007371916214989258,6.129176858737227e-07
1,81001,7,GP 表达式自身产生的状态,1000,本轮最优路径,更新前,0.000477066550964371,0.0,0.0
1,81001,7,GP 表达式自身产生的状态,1000,本轮最优路径,蒸发和下界保护后,0.000477066550964371,0.0,0.0
1,81001,7,GP 表达式自身产生的状态,1000,本轮最优路径,沉积后,0.000477066550964371,0.00047697166120504945,4.2411872224091574e-07
1,81001,7,GP 表达式自身产生的状态,1000,本轮最优路径,重启和可选上界处理后,0.000477066550964371,0.0,0.0
1,81001,0,GP 表达式自身产生的状态,1000,历史重启阶段最优路径,更新前,0.04265043108133116,0.0,0.0
1,81001,0,GP 表达式自身产生的状态,1000,历史重启阶段最优路径,蒸发和下界保护后,0.04265043108133116,0.0,0.0
1,81001,0,GP 表达式自身产生的状态,1000,历史重启阶段最优路径,沉积后,0.04265043108133116,0.042650442246671263,3.511671192039705e-05
1,81001,0,GP 表达式自身产生的状态,1000,历史重启阶段最优路径,重启和可选上界处理后,0.04265043108133116,0.042650442246671263,3.511671192039705e-05
1,81001,1,GP 表达式自身产生的状态,1000,历史重启阶段最优路径,更新前,0.0005229012001647729,0.0,0.0
1,81001,1,GP 表达式自身产生的状态,1000,历史重启阶段最优路径,蒸发和下界保护后,0.0005229012001647729,0.0,0.0
1,81001,1,GP 表达式自身产生的状态,1000,历史重启阶段最优路径,沉积后,0.0005229012001647729,0.000522841919159932,4.34773374492353e-07
1,81001,1,GP 表达式自身产生的状态,1000,历史重启阶段最优路径,重启和可选上界处理后,0.0005229012001647729,0.000522841919159932,4.34773374492353e-07
1,81001,2,GP 表达式自身产生的状态,1000,历史重启阶段最优路径,更新前,0.0006034474996312348,0.0,0.0
1,81001,2,GP 表达式自身产生的状态,1000,历史重启阶段最优路径,蒸发和下界保护后,0.0006034474996312348,0.0,0.0
1,81001,2,GP 表达式自身产生的状态,1000,历史重启阶段最优路径,沉积后,0.0006034474996312348,0.000603520012388011,5.036297664436658e-07
1,81001,2,GP 表达式自身产生的状态,1000,历史重启阶段最优路径,重启和可选上界处理后,0.0006034474996312348,0.000603520012388011,5.036297664436658e-07
1,81001,3,GP 表达式自身产生的状态,1000,历史重启阶段最优路径,更新前,0.0007677214737609493,0.0,0.0
1,81001,3,GP 表达式自身产生的状态,1000,历史重启阶段最优路径,蒸发和下界保护后,0.0007677214737609493,0.0,0.0
1,81001,3,GP 表达式自身产生的状态,1000,历史重启阶段最优路径,沉积后,0.0007677214737609493,0.0007676970660867844,6.383698488682069e-07
1,81001,3,GP 表达式自身产生的状态,1000,历史重启阶段最优路径,重启和可选上界处理后,0.0007677214737609493,0.0007676970660867844,6.383698488682069e-07
1,81001,4,GP 表达式自身产生的状态,1000,历史重启阶段最优路径,更新前,0.013778633842630937,0.0,0.0
1,81001,4,GP 表达式自身产生的状态,1000,历史重启阶段最优路径,蒸发和下界保护后,0.013778633842630937,0.0,0.0
1,81001,4,GP 表达式自身产生的状态,1000,历史重启阶段最优路径,沉积后,0.013778633842630937,0.013778612753738468,1.1438517487385172e-05
1,81001,4,GP 表达式自身产生的状态,1000,历史重启阶段最优路径,重启和可选上界处理后,0.013778633842630937,0.013778612753738468,1.1438517487385172e-05
1,81001,5,GP 表达式自身产生的状态,1000,历史重启阶段最优路径,更新前,0.0005666480098653966,0.0,0.0
1,81001,5,GP 表达式自身产生的状态,1000,历史重启阶段最优路径,蒸发和下界保护后,0.0005666480098653966,0.0,0.0
1,81001,5,GP 表达式自身产生的状态,1000,历史重启阶段最优路径,沉积后,0.0005666480098653966,0.0005665930162642291,4.7114998204806506e-07
1,81001,5,GP 表达式自身产生的状态,1000,历史重启阶段最优路径,重启和可选上界处理后,0.0005666480098653966,0.0005665930162642291,4.7114998204806506e-07
1,81001,6,GP 表达式自身产生的状态,1000,历史重启阶段最优路径,更新前,0.000737090844432396,0.0,0.0
1,81001,6,GP 表达式自身产生的状态,1000,历史重启阶段最优路径,蒸发和下界保护后,0.000737090844432396,0.0,0.0
1,81001,6,GP 表达式自身产生的状态,1000,历史重启阶段最优路径,沉积后,0.000737090844432396,0.000737100643883043,6.128420450387389e-07
1,81001,6,GP 表达式自身产生的状态,1000,历史重启阶段最优路径,重启和可选上界处理后,0.000737090844432396,0.000737100643883043,6.128420450387389e-07
1,81001,7,GP 表达式自身产生的状态,1000,历史重启阶段最优路径,更新前,0.0004772682377361244,0.0,0.0
1,81001,7,GP 表达式自身产生的状态,1000,历史重启阶段最优路径,蒸发和下界保护后,0.0004772682377361244,0.0,0.0
1,81001,7,GP 表达式自身产生的状态,1000,历史重启阶段最优路径,沉积后,0.0004772682377361244,0.0004772937708149587,4.244051390813441e-07
1,81001,7,GP 表达式自身产生的状态,1000,历史重启阶段最优路径,重启和可选上界处理后,0.0004772682377361244,0.0,0.0
1,81001,0,GP 表达式自身产生的状态,1000,历史全局最优路径,更新前,0.1292701098459084,0.0,0.0
1,81001,0,GP 表达式自身产生的状态,1000,历史全局最优路径,蒸发和下界保护后,0.1292701098459084,0.0,0.0
1,81001,0,GP 表达式自身产生的状态,1000,历史全局最优路径,沉积后,0.1292701098459084,0.12927008988552385,0.00010643595393874423
1,81001,0,GP 表达式自身产生的状态,1000,历史全局最优路径,重启和可选上界处理后,0.1292701098459084,0.12927008988552385,0.00010643595393874423
1,81001,1,GP 表达式自身产生的状态,1000,历史全局最优路径,更新前,0.0005227851447514903,0.0,0.0
1,81001,1,GP 表达式自身产生的状态,1000,历史全局最优路径,蒸发和下界保护后,0.0005227851447514903,0.0,0.0
1,81001,1,GP 表达式自身产生的状态,1000,历史全局最优路径,沉积后,0.0005227851447514903,0.0005227957977861869,4.347350218955842e-07
1,81001,1,GP 表达式自身产生的状态,1000,历史全局最优路径,重启和可选上界处理后,0.0005227851447514903,0.0005227957977861869,4.347350218955842e-07
1,81001,2,GP 表达式自身产生的状态,1000,历史全局最优路径,更新前,0.0006034474996312348,0.0,0.0
1,81001,2,GP 表达式自身产生的状态,1000,历史全局最优路径,蒸发和下界保护后,0.0006034474996312348,0.0,0.0
1,81001,2,GP 表达式自身产生的状态,1000,历史全局最优路径,沉积后,0.0006034474996312348,0.000603520012388011,5.036297664436658e-07
1,81001,2,GP 表达式自身产生的状态,1000,历史全局最优路径,重启和可选上界处理后,0.0006034474996312348,0.000603520012388011,5.036297664436658e-07
1,81001,3,GP 表达式自身产生的状态,1000,历史全局最优路径,更新前,0.0007676537300122468,0.0,0.0
1,81001,3,GP 表达式自身产生的状态,1000,历史全局最优路径,蒸发和下界保护后,0.0007676537300122468,0.0,0.0
1,81001,3,GP 表达式自身产生的状态,1000,历史全局最优路径,沉积后,0.0007676537300122468,0.0007676990585499815,6.383715056785376e-07
1,81001,3,GP 表达式自身产生的状态,1000,历史全局最优路径,重启和可选上界处理后,0.0007676537300122468,0.0007676990585499815,6.383715056785376e-07
1,81001,4,GP 表达式自身产生的状态,1000,历史全局最优路径,更新前,0.07584343441954668,0.0,0.0
1,81001,4,GP 表达式自身产生的状态,1000,历史全局最优路径,蒸发和下界保护后,0.07584343441954668,0.0,0.0
1,81001,4,GP 表达式自身产生的状态,1000,历史全局最优路径,沉积后,0.07584343441954668,0.07584350515771741,6.296259830771095e-05
1,81001,4,GP 表达式自身产生的状态,1000,历史全局最优路径,重启和可选上界处理后,0.07584343441954668,0.07584350515771741,6.296259830771095e-05
1,81001,5,GP 表达式自身产生的状态,1000,历史全局最优路径,更新前,0.0005667860995247157,0.0,0.0
1,81001,5,GP 表达式自身产生的状态,1000,历史全局最优路径,蒸发和下界保护后,0.0005667860995247157,0.0,0.0
1,81001,5,GP 表达式自身产生的状态,1000,历史全局最优路径,沉积后,0.0005667860995247157,0.0005667432190515588,4.712748830590597e-07
1,81001,5,GP 表达式自身产生的状态,1000,历史全局最优路径,重启和可选上界处理后,0.0005667860995247157,0.0005667432190515588,4.712748830590597e-07
1,81001,6,GP 表达式自身产生的状态,1000,历史全局最优路径,更新前,0.0007370491060314923,0.0,0.0
1,81001,6,GP 表达式自身产生的状态,1000,历史全局最优路径,蒸发和下界保护后,0.0007370491060314923,0.0,0.0
1,81001,6,GP 表达式自身产生的状态,1000,历史全局最优路径,沉积后,0.0007370491060314923,0.0007370691888562749,6.128158926223881e-07
1,81001,6,GP 表达式自身产生的状态,1000,历史全局最优路径,重启和可选上界处理后,0.0007370491060314923,0.0007370691888562749,6.128158926223881e-07
1,81001,7,GP 表达式自身产生的状态,1000,历史全局最优路径,更新前,0.0004772682377361244,0.0,0.0
1,81001,7,GP 表达式自身产生的状态,1000,历史全局最优路径,蒸发和下界保护后,0.0004772682377361244,0.0,0.0
1,81001,7,GP 表达式自身产生的状态,1000,历史全局最优路径,沉积后,0.0004772682377361244,0.0004772937708149587,4.244051390813441e-07
1,81001,7,GP 表达式自身产生的状态,1000,历史全局最优路径,重启和可选上界处理后,0.0004772682377361244,0.0,0.0
1,81002,0,GP 表达式自身产生的状态,1000,本轮最优路径,更新前,0.0006651319719379965,0.0,0.0
1,81002,0,GP 表达式自身产生的状态,1000,本轮最优路径,蒸发和下界保护后,0.0006651319719379965,0.0,0.0
1,81002,0,GP 表达式自身产生的状态,1000,本轮最优路径,沉积后,0.0006651319719379965,0.0006650927762170578,5.516664544603319e-07
1,81002,0,GP 表达式自身产生的状态,1000,本轮最优路径,重启和可选上界处理后,0.0006651319719379965,0.0006650927762170578,5.516664544603319e-07
1,81002,1,GP 表达式自身产生的状态,1000,本轮最优路径,更新前,0.002122528682989919,0.0,0.0
1,81002,1,GP 表达式自身产生的状态,1000,本轮最优路径,蒸发和下界保护后,0.002122528682989919,0.0,0.0
1,81002,1,GP 表达式自身产生的状态,1000,本轮最优路径,沉积后,0.002122528682989919,0.0021225992601273573,1.765078326024051e-06
1,81002,1,GP 表达式自身产生的状态,1000,本轮最优路径,重启和可选上界处理后,0.002122528682989919,0.0021225992601273573,1.765078326024051e-06
1,81002,2,GP 表达式自身产生的状态,1000,本轮最优路径,更新前,0.0005223582605203733,0.0,0.0
1,81002,2,GP 表达式自身产生的状态,1000,本轮最优路径,蒸发和下界保护后,0.0005223582605203733,0.0,0.0
1,81002,2,GP 表达式自身产生的状态,1000,本轮最优路径,沉积后,0.0005223582605203733,0.0005223570366491812,4.337586302776292e-07
1,81002,2,GP 表达式自身产生的状态,1000,本轮最优路径,重启和可选上界处理后,0.0005223582605203733,0.0005223570366491812,4.337586302776292e-07
1,81002,3,GP 表达式自身产生的状态,1000,本轮最优路径,更新前,0.0017390645494436542,0.0,0.0
1,81002,3,GP 表达式自身产生的状态,1000,本轮最优路径,蒸发和下界保护后,0.0017390645494436542,0.0,0.0
1,81002,3,GP 表达式自身产生的状态,1000,本轮最优路径,沉积后,0.0017390645494436542,0.0017391354240057898,1.4461757425818889e-06
1,81002,3,GP 表达式自身产生的状态,1000,本轮最优路径,重启和可选上界处理后,0.0017390645494436542,0.0017391354240057898,1.4461757425818889e-06
1,81002,4,GP 表达式自身产生的状态,1000,本轮最优路径,更新前,0.000573754362240923,0.0,0.0
1,81002,4,GP 表达式自身产生的状态,1000,本轮最优路径,蒸发和下界保护后,0.000573754362240923,0.0,0.0
1,81002,4,GP 表达式自身产生的状态,1000,本轮最优路径,沉积后,0.000573754362240923,0.0005736953700461051,4.770505596577659e-07
1,81002,4,GP 表达式自身产生的状态,1000,本轮最优路径,重启和可选上界处理后,0.000573754362240923,0.0005736953700461051,4.770505596577659e-07
1,81002,5,GP 表达式自身产生的状态,1000,本轮最优路径,更新前,0.00043203779628775955,0.0,0.0
1,81002,5,GP 表达式自身产生的状态,1000,本轮最优路径,蒸发和下界保护后,0.00043203779628775955,0.0,0.0
1,81002,5,GP 表达式自身产生的状态,1000,本轮最优路径,沉积后,0.00043203779628775955,0.0004321126345325226,3.594375576169223e-07
1,81002,5,GP 表达式自身产生的状态,1000,本轮最优路径,重启和可选上界处理后,0.00043203779628775955,0.0,0.0
1,81002,6,GP 表达式自身产生的状态,1000,本轮最优路径,更新前,0.0012450664180945546,0.0,0.0
1,81002,6,GP 表达式自身产生的状态,1000,本轮最优路径,蒸发和下界保护后,0.0012450664180945546,0.0,0.0
1,81002,6,GP 表达式自身产生的状态,1000,本轮最优路径,沉积后,0.0012450664180945546,0.001245103362152261,1.0373824522821019e-06
1,81002,6,GP 表达式自身产生的状态,1000,本轮最优路径,重启和可选上界处理后,0.0012450664180945546,0.001245103362152261,1.0373824522821019e-06
1,81002,7,GP 表达式自身产生的状态,1000,本轮最优路径,更新前,0.023676657146197346,0.0,0.0
1,81002,7,GP 表达式自身产生的状态,1000,本轮最优路径,蒸发和下界保护后,0.023676657146197346,0.0,0.0
1,81002,7,GP 表达式自身产生的状态,1000,本轮最优路径,沉积后,0.023676657146197346,0.02367664370025683,1.966630088673406e-05
1,81002,7,GP 表达式自身产生的状态,1000,本轮最优路径,重启和可选上界处理后,0.023676657146197346,0.02367664370025683,1.966630088673406e-05
1,81002,0,GP 表达式自身产生的状态,1000,历史重启阶段最优路径,更新前,0.0006655442070597934,0.0,0.0
1,81002,0,GP 表达式自身产生的状态,1000,历史重启阶段最优路径,蒸发和下界保护后,0.0006655442070597934,0.0,0.0
1,81002,0,GP 表达式自身产生的状态,1000,历史重启阶段最优路径,沉积后,0.0006655442070597934,0.0006655250419596499,5.520250006934708e-07
1,81002,0,GP 表达式自身产生的状态,1000,历史重启阶段最优路径,重启和可选上界处理后,0.0006655442070597934,0.0006655250419596499,5.520250006934708e-07
1,81002,1,GP 表达式自身产生的状态,1000,历史重启阶段最优路径,更新前,0.0021206828965393944,0.0,0.0
1,81002,1,GP 表达式自身产生的状态,1000,历史重启阶段最优路径,蒸发和下界保护后,0.0021206828965393944,0.0,0.0
1,81002,1,GP 表达式自身产生的状态,1000,历史重启阶段最优路径,沉积后,0.0021206828965393944,0.0021207549779852686,1.7635446863506446e-06
1,81002,1,GP 表达式自身产生的状态,1000,历史重启阶段最优路径,重启和可选上界处理后,0.0021206828965393944,0.0021207549779852686,1.7635446863506446e-06
1,81002,2,GP 表达式自身产生的状态,1000,历史重启阶段最优路径,更新前,0.0005222159243007353,0.0,0.0
1,81002,2,GP 表达式自身产生的状态,1000,历史重启阶段最优路径,蒸发和下界保护后,0.0005222159243007353,0.0,0.0
1,81002,2,GP 表达式自身产生的状态,1000,历史重启阶段最优路径,沉积后,0.0005222159243007353,0.0005222375868208349,4.3365944066153296e-07
1,81002,2,GP 表达式自身产生的状态,1000,历史重启阶段最优路径,重启和可选上界处理后,0.0005222159243007353,0.0005222375868208349,4.3365944066153296e-07
1,81002,3,GP 表达式自身产生的状态,1000,历史重启阶段最优路径,更新前,0.0017523144866642105,0.0,0.0
1,81002,3,GP 表达式自身产生的状态,1000,历史重启阶段最优路径,蒸发和下界保护后,0.0017523144866642105,0.0,0.0
1,81002,3,GP 表达式自身产生的状态,1000,历史重启阶段最优路径,沉积后,0.0017523144866642105,0.0017523255530432107,1.457143976793062e-06
1,81002,3,GP 表达式自身产生的状态,1000,历史重启阶段最优路径,重启和可选上界处理后,0.0017523144866642105,0.0017523255530432107,1.457143976793062e-06
1,81002,4,GP 表达式自身产生的状态,1000,历史重启阶段最优路径,更新前,0.0005741480840788422,0.0,0.0
1,81002,4,GP 表达式自身产生的状态,1000,历史重启阶段最优路径,蒸发和下界保护后,0.0005741480840788422,0.0,0.0
1,81002,4,GP 表达式自身产生的状态,1000,历史重启阶段最优路径,沉积后,0.0005741480840788422,0.0005740971417354556,4.773846488264547e-07
1,81002,4,GP 表达式自身产生的状态,1000,历史重启阶段最优路径,重启和可选上界处理后,0.0005741480840788422,0.0005740971417354556,4.773846488264547e-07
1,81002,5,GP 表达式自身产生的状态,1000,历史重启阶段最优路径,更新前,0.0004319514537820701,0.0,0.0
1,81002,5,GP 表达式自身产生的状态,1000,历史重启阶段最优路径,蒸发和下界保护后,0.0004319514537820701,0.0,0.0
1,81002,5,GP 表达式自身产生的状态,1000,历史重启阶段最优路径,沉积后,0.0004319514537820701,0.0004319702238920026,3.593190983803333e-07
1,81002,5,GP 表达式自身产生的状态,1000,历史重启阶段最优路径,重启和可选上界处理后,0.0004319514537820701,0.0,0.0
1,81002,6,GP 表达式自身产生的状态,1000,历史重启阶段最优路径,更新前,0.0012450664180945546,0.0,0.0
1,81002,6,GP 表达式自身产生的状态,1000,历史重启阶段最优路径,蒸发和下界保护后,0.0012450664180945546,0.0,0.0
1,81002,6,GP 表达式自身产生的状态,1000,历史重启阶段最优路径,沉积后,0.0012450664180945546,0.001245103362152261,1.0373824522821019e-06
1,81002,6,GP 表达式自身产生的状态,1000,历史重启阶段最优路径,重启和可选上界处理后,0.0012450664180945546,0.001245103362152261,1.0373824522821019e-06
1,81002,7,GP 表达式自身产生的状态,1000,历史重启阶段最优路径,更新前,0.01597908206694712,0.0,0.0
1,81002,7,GP 表达式自身产生的状态,1000,历史重启阶段最优路径,蒸发和下界保护后,0.01597908206694712,0.0,0.0
1,81002,7,GP 表达式自身产生的状态,1000,历史重启阶段最优路径,沉积后,0.01597908206694712,0.01597908564430744,1.3272552907168772e-05
1,81002,7,GP 表达式自身产生的状态,1000,历史重启阶段最优路径,重启和可选上界处理后,0.01597908206694712,0.01597908564430744,1.3272552907168772e-05
1,81002,0,GP 表达式自身产生的状态,1000,历史全局最优路径,更新前,0.12187379405771148,0.0,0.0
1,81002,0,GP 表达式自身产生的状态,1000,历史全局最优路径,蒸发和下界保护后,0.12187379405771148,0.0,0.0
1,81002,0,GP 表达式自身产生的状态,1000,历史全局最优路径,沉积后,0.12187379405771148,0.12187388221717214,0.00010108925385790275
1,81002,0,GP 表达式自身产生的状态,1000,历史全局最优路径,重启和可选上界处理后,0.12187379405771148,0.12187388221717214,0.00010108925385790275
1,81002,1,GP 表达式自身产生的状态,1000,历史全局最优路径,更新前,0.0021232303175161065,0.0,0.0
1,81002,1,GP 表达式自身产生的状态,1000,历史全局最优路径,蒸发和下界保护后,0.0021232303175161065,0.0,0.0
1,81002,1,GP 表达式自身产生的状态,1000,历史全局最优路径,沉积后,0.0021232303175161065,0.002123321328176462,1.765678772225711e-06
1,81002,1,GP 表达式自身产生的状态,1000,历史全局最优路径,重启和可选上界处理后,0.0021232303175161065,0.002123321328176462,1.765678772225711e-06
1,81002,2,GP 表达式自身产生的状态,1000,历史全局最优路径,更新前,0.06257271349197326,0.0,0.0
1,81002,2,GP 表达式自身产生的状态,1000,历史全局最优路径,蒸发和下界保护后,0.06257271349197326,0.0,0.0
1,81002,2,GP 表达式自身产生的状态,1000,历史全局最优路径,沉积后,0.06257271349197326,0.06257272597545942,5.1959594697833284e-05
1,81002,2,GP 表达式自身产生的状态,1000,历史全局最优路径,重启和可选上界处理后,0.06257271349197326,0.06257272597545942,5.1959594697833284e-05
1,81002,3,GP 表达式自身产生的状态,1000,历史全局最优路径,更新前,0.0017411782278326732,0.0,0.0
1,81002,3,GP 表达式自身产生的状态,1000,历史全局最优路径,蒸发和下界保护后,0.0017411782278326732,0.0,0.0
1,81002,3,GP 表达式自身产生的状态,1000,历史全局最优路径,沉积后,0.0017411782278326732,0.0017411994902013137,1.4478921140742106e-06
1,81002,3,GP 表达式自身产生的状态,1000,历史全局最优路径,重启和可选上界处理后,0.0017411782278326732,0.0017411994902013137,1.4478921140742106e-06
1,81002,4,GP 表达式自身产生的状态,1000,历史全局最优路径,更新前,0.0005741492855492051,0.0,0.0
1,81002,4,GP 表达式自身产生的状态,1000,历史全局最优路径,蒸发和下界保护后,0.0005741492855492051,0.0,0.0
1,81002,4,GP 表达式自身产生的状态,1000,历史全局最优路径,沉积后,0.0005741492855492051,0.000574098102911746,4.773854480828391e-07
1,81002,4,GP 表达式自身产生的状态,1000,历史全局最优路径,重启和可选上界处理后,0.0005741492855492051,0.000574098102911746,4.773854480828391e-07
1,81002,5,GP 表达式自身产生的状态,1000,历史全局最优路径,更新前,0.0004319514537820701,0.0,0.0
1,81002,5,GP 表达式自身产生的状态,1000,历史全局最优路径,蒸发和下界保护后,0.0004319514537820701,0.0,0.0
1,81002,5,GP 表达式自身产生的状态,1000,历史全局最优路径,沉积后,0.0004319514537820701,0.0004319702238920026,3.593190983803333e-07
1,81002,5,GP 表达式自身产生的状态,1000,历史全局最优路径,重启和可选上界处理后,0.0004319514537820701,0.0,0.0
1,81002,6,GP 表达式自身产生的状态,1000,历史全局最优路径,更新前,0.0012450664180945546,0.0,0.0
1,81002,6,GP 表达式自身产生的状态,1000,历史全局最优路径,蒸发和下界保护后,0.0012450664180945546,0.0,0.0
1,81002,6,GP 表达式自身产生的状态,1000,历史全局最优路径,沉积后,0.0012450664180945546,0.001245103362152261,1.0373824522821019e-06
1,81002,6,GP 表达式自身产生的状态,1000,历史全局最优路径,重启和可选上界处理后,0.0012450664180945546,0.001245103362152261,1.0373824522821019e-06
1,81002,7,GP 表达式自身产生的状态,1000,历史全局最优路径,更新前,0.014586246077673589,0.0,0.0
1,81002,7,GP 表达式自身产生的状态,1000,历史全局最优路径,蒸发和下界保护后,0.014586246077673589,0.0,0.0
1,81002,7,GP 表达式自身产生的状态,1000,历史全局最优路径,沉积后,0.014586246077673589,0.014586249778391163,1.2115635162756915e-05
1,81002,7,GP 表达式自身产生的状态,1000,历史全局最优路径,重启和可选上界处理后,0.014586246077673589,0.014586249778391163,1.2115635162756915e-05
1,81003,0,GP 表达式自身产生的状态,1000,本轮最优路径,更新前,0.004112524205681968,0.0,0.0
1,81003,0,GP 表达式自身产生的状态,1000,本轮最优路径,蒸发和下界保护后,0.004112524205681968,0.0,0.0
1,81003,0,GP 表达式自身产生的状态,1000,本轮最优路径,沉积后,0.004112524205681968,0.004112547281606176,3.421229229791857e-06
1,81003,0,GP 表达式自身产生的状态,1000,本轮最优路径,重启和可选上界处理后,0.004112524205681968,0.004112547281606176,3.421229229791857e-06
1,81003,1,GP 表达式自身产生的状态,1000,本轮最优路径,更新前,0.004625197152611413,0.0,0.0
1,81003,1,GP 表达式自身产生的状态,1000,本轮最优路径,蒸发和下界保护后,0.004625197152611413,0.0,0.0
1,81003,1,GP 表达式自身产生的状态,1000,本轮最优路径,沉积后,0.004625197152611413,0.0046252233293416585,4.088206752904382e-06
1,81003,1,GP 表达式自身产生的状态,1000,本轮最优路径,重启和可选上界处理后,0.004625197152611413,0.0046252233293416585,4.088206752904382e-06
1,81003,2,GP 表达式自身产生的状态,1000,本轮最优路径,更新前,0.0043882557773454655,0.0,0.0
1,81003,2,GP 表达式自身产生的状态,1000,本轮最优路径,蒸发和下界保护后,0.0043882557773454655,0.0,0.0
1,81003,2,GP 表达式自身产生的状态,1000,本轮最优路径,沉积后,0.0043882557773454655,0.0043882482142202466,3.649023554666684e-06
1,81003,2,GP 表达式自身产生的状态,1000,本轮最优路径,重启和可选上界处理后,0.0043882557773454655,0.0043882482142202466,3.649023554666684e-06
1,81003,3,GP 表达式自身产生的状态,1000,本轮最优路径,更新前,0.003350919204064479,0.0,0.0
1,81003,3,GP 表达式自身产生的状态,1000,本轮最优路径,蒸发和下界保护后,0.003350919204064479,0.0,0.0
1,81003,3,GP 表达式自身产生的状态,1000,本轮最优路径,沉积后,0.003350919204064479,0.003350933500203772,2.788269037368078e-06
1,81003,3,GP 表达式自身产生的状态,1000,本轮最优路径,重启和可选上界处理后,0.003350919204064479,0.003350933500203772,2.788269037368078e-06
1,81003,4,GP 表达式自身产生的状态,1000,本轮最优路径,更新前,0.003946742475326379,0.0,0.0
1,81003,4,GP 表达式自身产生的状态,1000,本轮最优路径,蒸发和下界保护后,0.003946742475326379,0.0,0.0
1,81003,4,GP 表达式自身产生的状态,1000,本轮最优路径,沉积后,0.003946742475326379,0.003946721806949128,3.2874986333182153e-06
1,81003,4,GP 表达式自身产生的状态,1000,本轮最优路径,重启和可选上界处理后,0.003946742475326379,0.003946721806949128,3.2874986333182153e-06
1,81003,5,GP 表达式自身产生的状态,1000,本轮最优路径,更新前,0.003494308680721048,0.0,0.0
1,81003,5,GP 表达式自身产生的状态,1000,本轮最优路径,蒸发和下界保护后,0.003494308680721048,0.0,0.0
1,81003,5,GP 表达式自身产生的状态,1000,本轮最优路径,沉积后,0.003494308680721048,0.00349425368711988,2.9117716690420427e-06
1,81003,5,GP 表达式自身产生的状态,1000,本轮最优路径,重启和可选上界处理后,0.003494308680721048,0.00349425368711988,2.9117716690420427e-06
1,81003,6,GP 表达式自身产生的状态,1000,本轮最优路径,更新前,0.004588794029737177,0.0,0.0
1,81003,6,GP 表达式自身产生的状态,1000,本轮最优路径,蒸发和下界保护后,0.004588794029737177,0.0,0.0
1,81003,6,GP 表达式自身产生的状态,1000,本轮最优路径,沉积后,0.004588794029737177,0.0045887584347131275,3.818468864146414e-06
1,81003,6,GP 表达式自身产生的状态,1000,本轮最优路径,重启和可选上界处理后,0.004588794029737177,0.0045887584347131275,3.818468864146414e-06
1,81003,7,GP 表达式自身产生的状态,1000,本轮最优路径,更新前,0.11341210989041259,0.0,0.0
1,81003,7,GP 表达式自身产生的状态,1000,本轮最优路径,蒸发和下界保护后,0.11341210989041259,0.0,0.0
1,81003,7,GP 表达式自身产生的状态,1000,本轮最优路径,沉积后,0.11341210989041259,0.11341211431835577,9.180427188468609e-05
1,81003,7,GP 表达式自身产生的状态,1000,本轮最优路径,重启和可选上界处理后,0.11341210989041259,0.11341211431835577,9.180427188468609e-05
1,81003,0,GP 表达式自身产生的状态,1000,历史重启阶段最优路径,更新前,0.004112795687143232,0.0,0.0
1,81003,0,GP 表达式自身产生的状态,1000,历史重启阶段最优路径,蒸发和下界保护后,0.004112795687143232,0.0,0.0
1,81003,0,GP 表达式自身产生的状态,1000,历史重启阶段最优路径,沉积后,0.004112795687143232,0.0041128000061664794,3.4214394714240113e-06
1,81003,0,GP 表达式自身产生的状态,1000,历史重启阶段最优路径,重启和可选上界处理后,0.004112795687143232,0.0041128000061664794,3.4214394714240113e-06
1,81003,1,GP 表达式自身产生的状态,1000,历史重启阶段最优路径,更新前,0.004625101588758893,0.0,0.0
1,81003,1,GP 表达式自身产生的状态,1000,历史重启阶段最优路径,蒸发和下界保护后,0.004625101588758893,0.0,0.0
1,81003,1,GP 表达式自身产生的状态,1000,历史重启阶段最优路径,沉积后,0.004625101588758893,0.004625102089748945,4.0880995899662155e-06
1,81003,1,GP 表达式自身产生的状态,1000,历史重启阶段最优路径,重启和可选上界处理后,0.004625101588758893,0.004625102089748945,4.0880995899662155e-06
1,81003,2,GP 表达式自身产生的状态,1000,历史重启阶段最优路径,更新前,0.004388226622717603,0.0,0.0
1,81003,2,GP 表达式自身产生的状态,1000,历史重启阶段最优路径,蒸发和下界保护后,0.004388226622717603,0.0,0.0
1,81003,2,GP 表达式自身产生的状态,1000,历史重启阶段最优路径,沉积后,0.004388226622717603,0.004388217961719368,3.648998398366743e-06
1,81003,2,GP 表达式自身产生的状态,1000,历史重启阶段最优路径,重启和可选上界处理后,0.004388226622717603,0.004388217961719368,3.648998398366743e-06
1,81003,3,GP 表达式自身产生的状态,1000,历史重启阶段最优路径,更新前,0.0033508898659003637,0.0,0.0
1,81003,3,GP 表达式自身产生的状态,1000,历史重启阶段最优路径,蒸发和下界保护后,0.0033508898659003637,0.0,0.0
1,81003,3,GP 表达式自身产生的状态,1000,历史重启阶段最优路径,沉积后,0.0033508898659003637,0.00335089371964226,2.7882359364700908e-06
1,81003,3,GP 表达式自身产生的状态,1000,历史重启阶段最优路径,重启和可选上界处理后,0.0033508898659003637,0.00335089371964226,2.7882359364700908e-06
1,81003,4,GP 表达式自身产生的状态,1000,历史重启阶段最优路径,更新前,0.003946615100443315,0.0,0.0
1,81003,4,GP 表达式自身产生的状态,1000,历史重启阶段最优路径,蒸发和下界保护后,0.003946615100443315,0.0,0.0
1,81003,4,GP 表达式自身产生的状态,1000,历史重启阶段最优路径,沉积后,0.003946615100443315,0.0039465689570894495,3.287371314056972e-06
1,81003,4,GP 表达式自身产生的状态,1000,历史重启阶段最优路径,重启和可选上界处理后,0.003946615100443315,0.0039465689570894495,3.287371314056972e-06
1,81003,5,GP 表达式自身产生的状态,1000,历史重启阶段最优路径,更新前,0.0034945087895957806,0.0,0.0
1,81003,5,GP 表达式自身产生的状态,1000,历史重启阶段最优路径,蒸发和下界保护后,0.0034945087895957806,0.0,0.0
1,81003,5,GP 表达式自身产生的状态,1000,历史重启阶段最优路径,沉积后,0.0034945087895957806,0.0034944959496800896,2.9119735471317434e-06
1,81003,5,GP 表达式自身产生的状态,1000,历史重启阶段最优路径,重启和可选上界处理后,0.0034945087895957806,0.0034944959496800896,2.9119735471317434e-06
1,81003,6,GP 表达式自身产生的状态,1000,历史重启阶段最优路径,更新前,0.004588769452220571,0.0,0.0
1,81003,6,GP 表达式自身产生的状态,1000,历史重启阶段最优路径,蒸发和下界保护后,0.004588769452220571,0.0,0.0
1,81003,6,GP 表达式自身产生的状态,1000,历史重启阶段最优路径,沉积后,0.004588769452220571,0.004588747780420214,3.818459998330892e-06
1,81003,6,GP 表达式自身产生的状态,1000,历史重启阶段最优路径,重启和可选上界处理后,0.004588769452220571,0.004588747780420214,3.818459998330892e-06
1,81003,7,GP 表达式自身产生的状态,1000,历史重启阶段最优路径,更新前,0.07043767289321641,0.0,0.0
1,81003,7,GP 表达式自身产生的状态,1000,历史重启阶段最优路径,蒸发和下界保护后,0.07043767289321641,0.0,0.0
1,81003,7,GP 表达式自身产生的状态,1000,历史重启阶段最优路径,沉积后,0.07043767289321641,0.07043773969190212,5.701758973883731e-05
1,81003,7,GP 表达式自身产生的状态,1000,历史重启阶段最优路径,重启和可选上界处理后,0.07043767289321641,0.07043773969190212,5.701758973883731e-05
1,81003,0,GP 表达式自身产生的状态,1000,历史全局最优路径,更新前,0.004112795687143232,0.0,0.0
1,81003,0,GP 表达式自身产生的状态,1000,历史全局最优路径,蒸发和下界保护后,0.004112795687143232,0.0,0.0
1,81003,0,GP 表达式自身产生的状态,1000,历史全局最优路径,沉积后,0.004112795687143232,0.0041128000061664794,3.4214394714240113e-06
1,81003,0,GP 表达式自身产生的状态,1000,历史全局最优路径,重启和可选上界处理后,0.004112795687143232,0.0041128000061664794,3.4214394714240113e-06
1,81003,1,GP 表达式自身产生的状态,1000,历史全局最优路径,更新前,0.004625101588758893,0.0,0.0
1,81003,1,GP 表达式自身产生的状态,1000,历史全局最优路径,蒸发和下界保护后,0.004625101588758893,0.0,0.0
1,81003,1,GP 表达式自身产生的状态,1000,历史全局最优路径,沉积后,0.004625101588758893,0.004625102089748945,4.0880995899662155e-06
1,81003,1,GP 表达式自身产生的状态,1000,历史全局最优路径,重启和可选上界处理后,0.004625101588758893,0.004625102089748945,4.0880995899662155e-06
1,81003,2,GP 表达式自身产生的状态,1000,历史全局最优路径,更新前,0.0043882849319733285,0.0,0.0
1,81003,2,GP 表达式自身产生的状态,1000,历史全局最优路径,蒸发和下界保护后,0.0043882849319733285,0.0,0.0
1,81003,2,GP 表达式自身产生的状态,1000,历史全局最优路径,沉积后,0.0043882849319733285,0.0043882482142202466,3.649023554666684e-06
1,81003,2,GP 表达式自身产生的状态,1000,历史全局最优路径,重启和可选上界处理后,0.0043882849319733285,0.0043882482142202466,3.649023554666684e-06
1,81003,3,GP 表达式自身产生的状态,1000,历史全局最优路径,更新前,0.0033508898659003637,0.0,0.0
1,81003,3,GP 表达式自身产生的状态,1000,历史全局最优路径,蒸发和下界保护后,0.0033508898659003637,0.0,0.0
1,81003,3,GP 表达式自身产生的状态,1000,历史全局最优路径,沉积后,0.0033508898659003637,0.00335089371964226,2.7882359364700908e-06
1,81003,3,GP 表达式自身产生的状态,1000,历史全局最优路径,重启和可选上界处理后,0.0033508898659003637,0.00335089371964226,2.7882359364700908e-06
1,81003,4,GP 表达式自身产生的状态,1000,历史全局最优路径,更新前,0.003946615100443315,0.0,0.0
1,81003,4,GP 表达式自身产生的状态,1000,历史全局最优路径,蒸发和下界保护后,0.003946615100443315,0.0,0.0
1,81003,4,GP 表达式自身产生的状态,1000,历史全局最优路径,沉积后,0.003946615100443315,0.0039465689570894495,3.287371314056972e-06
1,81003,4,GP 表达式自身产生的状态,1000,历史全局最优路径,重启和可选上界处理后,0.003946615100443315,0.0039465689570894495,3.287371314056972e-06
1,81003,5,GP 表达式自身产生的状态,1000,历史全局最优路径,更新前,0.0034945087895957806,0.0,0.0
1,81003,5,GP 表达式自身产生的状态,1000,历史全局最优路径,蒸发和下界保护后,0.0034945087895957806,0.0,0.0
1,81003,5,GP 表达式自身产生的状态,1000,历史全局最优路径,沉积后,0.0034945087895957806,0.0034944959496800896,2.9119735471317434e-06
1,81003,5,GP 表达式自身产生的状态,1000,历史全局最优路径,重启和可选上界处理后,0.0034945087895957806,0.0034944959496800896,2.9119735471317434e-06
1,81003,6,GP 表达式自身产生的状态,1000,历史全局最优路径,更新前,0.004588769452220571,0.0,0.0
1,81003,6,GP 表达式自身产生的状态,1000,历史全局最优路径,蒸发和下界保护后,0.004588769452220571,0.0,0.0
1,81003,6,GP 表达式自身产生的状态,1000,历史全局最优路径,沉积后,0.004588769452220571,0.004588747780420214,3.818459998330892e-06
1,81003,6,GP 表达式自身产生的状态,1000,历史全局最优路径,重启和可选上界处理后,0.004588769452220571,0.004588747780420214,3.818459998330892e-06
1,81003,7,GP 表达式自身产生的状态,1000,历史全局最优路径,更新前,0.13706280371540605,0.0,0.0
1,81003,7,GP 表达式自身产生的状态,1000,历史全局最优路径,蒸发和下界保护后,0.13706280371540605,0.0,0.0
1,81003,7,GP 表达式自身产生的状态,1000,历史全局最优路径,沉积后,0.13706280371540605,0.13706280485402,0.0001109489028268564
1,81003,7,GP 表达式自身产生的状态,1000,历史全局最优路径,重启和可选上界处理后,0.13706280371540605,0.13706280485402,0.0001109489028268564
1,81001,0,不使用 GP 产生的状态,2500,本轮最优路径,更新前,0.0005066281030443636,0.0,0.0
1,81001,0,不使用 GP 产生的状态,2500,本轮最优路径,蒸发和下界保护后,0.0005066281030443636,0.0,0.0
1,81001,0,不使用 GP 产生的状态,2500,本轮最优路径,沉积后,0.0005066281030443636,0.0005067803100326902,4.2163625256835007e-07
1,81001,0,不使用 GP 产生的状态,2500,本轮最优路径,重启和可选上界处理后,0.0005066281030443636,0.0005067803100326902,4.2163625256835007e-07
1,81001,1,不使用 GP 产生的状态,2500,本轮最优路径,更新前,0.0006889119881614125,0.0,0.0
1,81001,1,不使用 GP 产生的状态,2500,本轮最优路径,蒸发和下界保护后,0.0006889119881614125,0.0,0.0
1,81001,1,不使用 GP 产生的状态,2500,本轮最优路径,沉积后,0.0006889119881614125,0.0006889373932296317,5.728671830917827e-07
1,81001,1,不使用 GP 产生的状态,2500,本轮最优路径,重启和可选上界处理后,0.0006889119881614125,0.0006889373932296317,5.728671830917827e-07
1,81001,2,不使用 GP 产生的状态,2500,本轮最优路径,更新前,0.0008598368239436545,0.0,0.0
1,81001,2,不使用 GP 产生的状态,2500,本轮最优路径,蒸发和下界保护后,0.0008598368239436545,0.0,0.0
1,81001,2,不使用 GP 产生的状态,2500,本轮最优路径,沉积后,0.0008598368239436545,0.0008600454198166482,7.151469239969683e-07
1,81001,2,不使用 GP 产生的状态,2500,本轮最优路径,重启和可选上界处理后,0.0008598368239436545,0.0008600454198166482,7.151469239969683e-07
1,81001,3,不使用 GP 产生的状态,2500,本轮最优路径,更新前,0.0005331851380108102,0.0,0.0
1,81001,3,不使用 GP 产生的状态,2500,本轮最优路径,蒸发和下界保护后,0.0005331851380108102,0.0,0.0
1,81001,3,不使用 GP 产生的状态,2500,本轮最优路径,沉积后,0.0005331851380108102,0.0005331490702562686,4.435084607593785e-07
1,81001,3,不使用 GP 产生的状态,2500,本轮最优路径,重启和可选上界处理后,0.0005331851380108102,0.0005331490702562686,4.435084607593785e-07
1,81001,4,不使用 GP 产生的状态,2500,本轮最优路径,更新前,0.0006079194592767612,0.0,0.0
1,81001,4,不使用 GP 产生的状态,2500,本轮最优路径,蒸发和下界保护后,0.0006079194592767612,0.0,0.0
1,81001,4,不使用 GP 产生的状态,2500,本轮最优路径,沉积后,0.0006079194592767612,0.0006080949829728242,5.056465497207963e-07
1,81001,4,不使用 GP 产生的状态,2500,本轮最优路径,重启和可选上界处理后,0.0006079194592767612,0.0,0.0
1,81001,5,不使用 GP 产生的状态,2500,本轮最优路径,更新前,0.0009401454028298105,0.0,0.0
1,81001,5,不使用 GP 产生的状态,2500,本轮最优路径,蒸发和下界保护后,0.0009401454028298105,0.0,0.0
1,81001,5,不使用 GP 产生的状态,2500,本轮最优路径,沉积后,0.0009401454028298105,0.000940286765702371,7.818996940241214e-07
1,81001,5,不使用 GP 产生的状态,2500,本轮最优路径,重启和可选上界处理后,0.0009401454028298105,0.0,0.0
1,81001,6,不使用 GP 产生的状态,2500,本轮最优路径,更新前,0.0007867699663125897,0.0,0.0
1,81001,6,不使用 GP 产生的状态,2500,本轮最优路径,蒸发和下界保护后,0.0007867699663125897,0.0,0.0
1,81001,6,不使用 GP 产生的状态,2500,本轮最优路径,沉积后,0.0007867699663125897,0.0007867219009110531,6.5193547337453e-07
1,81001,6,不使用 GP 产生的状态,2500,本轮最优路径,重启和可选上界处理后,0.0007867699663125897,0.0007867219009110531,6.5193547337453e-07
1,81001,7,不使用 GP 产生的状态,2500,本轮最优路径,更新前,0.07690289729626337,0.0,0.0
1,81001,7,不使用 GP 产生的状态,2500,本轮最优路径,蒸发和下界保护后,0.07690289729626337,0.0,0.0
1,81001,7,不使用 GP 产生的状态,2500,本轮最优路径,沉积后,0.07690289729626337,0.07690300215420556,6.281383223737897e-05
1,81001,7,不使用 GP 产生的状态,2500,本轮最优路径,重启和可选上界处理后,0.07690289729626337,0.07690300215420556,6.281383223737897e-05
1,81001,0,不使用 GP 产生的状态,2500,历史重启阶段最优路径,更新前,0.0005065518764053877,0.0,0.0
1,81001,0,不使用 GP 产生的状态,2500,历史重启阶段最优路径,蒸发和下界保护后,0.0005065518764053877,0.0,0.0
1,81001,0,不使用 GP 产生的状态,2500,历史重启阶段最优路径,沉积后,0.0005065518764053877,0.0005064128459120052,4.2133052602031394e-07
1,81001,0,不使用 GP 产生的状态,2500,历史重启阶段最优路径,重启和可选上界处理后,0.0005065518764053877,0.0005064128459120052,4.2133052602031394e-07
1,81001,1,不使用 GP 产生的状态,2500,历史重启阶段最优路径,更新前,0.0006872878158690474,0.0,0.0
1,81001,1,不使用 GP 产生的状态,2500,历史重启阶段最优路径,蒸发和下界保护后,0.0006872878158690474,0.0,0.0
1,81001,1,不使用 GP 产生的状态,2500,历史重启阶段最优路径,沉积后,0.0006872878158690474,0.0006873625292962736,5.715576477492077e-07
1,81001,1,不使用 GP 产生的状态,2500,历史重启阶段最优路径,重启和可选上界处理后,0.0006872878158690474,0.0006873625292962736,5.715576477492077e-07
1,81001,2,不使用 GP 产生的状态,2500,历史重启阶段最优路径,更新前,0.0008598368239436545,0.0,0.0
1,81001,2,不使用 GP 产生的状态,2500,历史重启阶段最优路径,蒸发和下界保护后,0.0008598368239436545,0.0,0.0
1,81001,2,不使用 GP 产生的状态,2500,历史重启阶段最优路径,沉积后,0.0008598368239436545,0.0008600454198166482,7.151469239969683e-07
1,81001,2,不使用 GP 产生的状态,2500,历史重启阶段最优路径,重启和可选上界处理后,0.0008598368239436545,0.0008600454198166482,7.151469239969683e-07
1,81001,3,不使用 GP 产生的状态,2500,历史重启阶段最优路径,更新前,0.0005329970882009248,0.0,0.0
1,81001,3,不使用 GP 产生的状态,2500,历史重启阶段最优路径,蒸发和下界保护后,0.0005329970882009248,0.0,0.0
1,81001,3,不使用 GP 产生的状态,2500,历史重启阶段最优路径,沉积后,0.0005329970882009248,0.0005331739445697455,4.435291528492611e-07
1,81001,3,不使用 GP 产生的状态,2500,历史重启阶段最优路径,重启和可选上界处理后,0.0005329970882009248,0.0005331739445697455,4.435291528492611e-07
1,81001,4,不使用 GP 产生的状态,2500,历史重启阶段最优路径,更新前,0.0006080321411557153,0.0,0.0
1,81001,4,不使用 GP 产生的状态,2500,历史重启阶段最优路径,蒸发和下界保护后,0.0006080321411557153,0.0,0.0
1,81001,4,不使用 GP 产生的状态,2500,历史重启阶段最优路径,沉积后,0.0006080321411557153,0.0006079668916061501,5.05540038469394e-07
1,81001,4,不使用 GP 产生的状态,2500,历史重启阶段最优路径,重启和可选上界处理后,0.0006080321411557153,0.0,0.0
1,81001,5,不使用 GP 产生的状态,2500,历史重启阶段最优路径,更新前,0.0009400860982000548,0.0,0.0
1,81001,5,不使用 GP 产生的状态,2500,历史重启阶段最优路径,蒸发和下界保护后,0.0009400860982000548,0.0,0.0
1,81001,5,不使用 GP 产生的状态,2500,历史重启阶段最优路径,沉积后,0.0009400860982000548,0.000940117323903069,7.817587939329347e-07
1,81001,5,不使用 GP 产生的状态,2500,历史重启阶段最优路径,重启和可选上界处理后,0.0009400860982000548,0.0,0.0
1,81001,6,不使用 GP 产生的状态,2500,历史重启阶段最优路径,更新前,0.0007870083561756264,0.0,0.0
1,81001,6,不使用 GP 产生的状态,2500,历史重启阶段最优路径,蒸发和下界保护后,0.0007870083561756264,0.0,0.0
1,81001,6,不使用 GP 产生的状态,2500,历史重启阶段最优路径,沉积后,0.0007870083561756264,0.0007871456513024338,6.522866240310421e-07
1,81001,6,不使用 GP 产生的状态,2500,历史重启阶段最优路径,重启和可选上界处理后,0.0007870083561756264,0.0007871456513024338,6.522866240310421e-07
1,81001,7,不使用 GP 产生的状态,2500,历史重启阶段最优路径,更新前,0.05757472771508801,0.0,0.0
1,81001,7,不使用 GP 产生的状态,2500,历史重启阶段最优路径,蒸发和下界保护后,0.05757472771508801,0.0,0.0
1,81001,7,不使用 GP 产生的状态,2500,历史重启阶段最优路径,沉积后,0.05757472771508801,0.057574644965371874,4.7026565786466526e-05
1,81001,7,不使用 GP 产生的状态,2500,历史重启阶段最优路径,重启和可选上界处理后,0.05757472771508801,0.057574644965371874,4.7026565786466526e-05
1,81001,0,不使用 GP 产生的状态,2500,历史全局最优路径,更新前,0.0005065518764053877,0.0,0.0
1,81001,0,不使用 GP 产生的状态,2500,历史全局最优路径,蒸发和下界保护后,0.0005065518764053877,0.0,0.0
1,81001,0,不使用 GP 产生的状态,2500,历史全局最优路径,沉积后,0.0005065518764053877,0.0005064128459120052,4.2133052602031394e-07
1,81001,0,不使用 GP 产生的状态,2500,历史全局最优路径,重启和可选上界处理后,0.0005065518764053877,0.0005064128459120052,4.2133052602031394e-07
1,81001,1,不使用 GP 产生的状态,2500,历史全局最优路径,更新前,0.0006872878158690474,0.0,0.0
1,81001,1,不使用 GP 产生的状态,2500,历史全局最优路径,蒸发和下界保护后,0.0006872878158690474,0.0,0.0
1,81001,1,不使用 GP 产生的状态,2500,历史全局最优路径,沉积后,0.0006872878158690474,0.0006873625292962736,5.715576477492077e-07
1,81001,1,不使用 GP 产生的状态,2500,历史全局最优路径,重启和可选上界处理后,0.0006872878158690474,0.0006873625292962736,5.715576477492077e-07
1,81001,2,不使用 GP 产生的状态,2500,历史全局最优路径,更新前,0.0008598024239224941,0.0,0.0
1,81001,2,不使用 GP 产生的状态,2500,历史全局最优路径,蒸发和下界保护后,0.0008598024239224941,0.0,0.0
1,81001,2,不使用 GP 产生的状态,2500,历史全局最优路径,沉积后,0.0008598024239224941,0.0008600454198166482,7.151469239969683e-07
1,81001,2,不使用 GP 产生的状态,2500,历史全局最优路径,重启和可选上界处理后,0.0008598024239224941,0.0008600454198166482,7.151469239969683e-07
1,81001,3,不使用 GP 产生的状态,2500,历史全局最优路径,更新前,0.0005329970882009248,0.0,0.0
1,81001,3,不使用 GP 产生的状态,2500,历史全局最优路径,蒸发和下界保护后,0.0005329970882009248,0.0,0.0
1,81001,3,不使用 GP 产生的状态,2500,历史全局最优路径,沉积后,0.0005329970882009248,0.0005331739445697455,4.435291528492611e-07
1,81001,3,不使用 GP 产生的状态,2500,历史全局最优路径,重启和可选上界处理后,0.0005329970882009248,0.0005331739445697455,4.435291528492611e-07
1,81001,4,不使用 GP 产生的状态,2500,历史全局最优路径,更新前,0.0006080321411557153,0.0,0.0
1,81001,4,不使用 GP 产生的状态,2500,历史全局最优路径,蒸发和下界保护后,0.0006080321411557153,0.0,0.0
1,81001,4,不使用 GP 产生的状态,2500,历史全局最优路径,沉积后,0.0006080321411557153,0.0006079668916061501,5.05540038469394e-07
1,81001,4,不使用 GP 产生的状态,2500,历史全局最优路径,重启和可选上界处理后,0.0006080321411557153,0.0,0.0
1,81001,5,不使用 GP 产生的状态,2500,历史全局最优路径,更新前,0.0009400860982000548,0.0,0.0
1,81001,5,不使用 GP 产生的状态,2500,历史全局最优路径,蒸发和下界保护后,0.0009400860982000548,0.0,0.0
1,81001,5,不使用 GP 产生的状态,2500,历史全局最优路径,沉积后,0.0009400860982000548,0.000940117323903069,7.817587939329347e-07
1,81001,5,不使用 GP 产生的状态,2500,历史全局最优路径,重启和可选上界处理后,0.0009400860982000548,0.0,0.0
1,81001,6,不使用 GP 产生的状态,2500,历史全局最优路径,更新前,0.08183616258410074,0.0,0.0
1,81001,6,不使用 GP 产生的状态,2500,历史全局最优路径,蒸发和下界保护后,0.08183616258410074,0.0,0.0
1,81001,6,不使用 GP 产生的状态,2500,历史全局最优路径,沉积后,0.08183616258410074,0.08183644371221754,6.781567285246083e-05
1,81001,6,不使用 GP 产生的状态,2500,历史全局最优路径,重启和可选上界处理后,0.08183616258410074,0.08183644371221754,6.781567285246083e-05
1,81001,7,不使用 GP 产生的状态,2500,历史全局最优路径,更新前,0.1412415647000308,0.0,0.0
1,81001,7,不使用 GP 产生的状态,2500,历史全局最优路径,蒸发和下界保护后,0.1412415647000308,0.0,0.0
1,81001,7,不使用 GP 产生的状态,2500,历史全局最优路径,沉积后,0.1412415647000308,0.14124142692956002,0.00011536500588535513
1,81001,7,不使用 GP 产生的状态,2500,历史全局最优路径,重启和可选上界处理后,0.1412415647000308,0.14124142692956002,0.00011536500588535513
1,81003,0,不使用 GP 产生的状态,2500,本轮最优路径,更新前,0.0035572566160407635,0.0,0.0
1,81003,0,不使用 GP 产生的状态,2500,本轮最优路径,蒸发和下界保护后,0.0035572566160407635,0.0,0.0
1,81003,0,不使用 GP 产生的状态,2500,本轮最优路径,沉积后,0.0035572566160407635,0.0035571866697872287,2.959544456331438e-06
1,81003,0,不使用 GP 产生的状态,2500,本轮最优路径,重启和可选上界处理后,0.0035572566160407635,0.0035571866697872287,2.959544456331438e-06
1,81003,1,不使用 GP 产生的状态,2500,本轮最优路径,更新前,0.00446151831392348,0.0,0.0
1,81003,1,不使用 GP 产生的状态,2500,本轮最优路径,蒸发和下界保护后,0.00446151831392348,0.0,0.0
1,81003,1,不使用 GP 产生的状态,2500,本轮最优路径,沉积后,0.00446151831392348,0.0044614113122814734,3.7097654390616324e-06
1,81003,1,不使用 GP 产生的状态,2500,本轮最优路径,重启和可选上界处理后,0.00446151831392348,0.0044614113122814734,3.7097654390616324e-06
1,81003,2,不使用 GP 产生的状态,2500,本轮最优路径,更新前,0.0031596826868661456,0.0,0.0
1,81003,2,不使用 GP 产生的状态,2500,本轮最优路径,蒸发和下界保护后,0.0031596826868661456,0.0,0.0
1,81003,2,不使用 GP 产生的状态,2500,本轮最优路径,沉积后,0.0031596826868661456,0.003159688298217115,2.6273512016852725e-06
1,81003,2,不使用 GP 产生的状态,2500,本轮最优路径,重启和可选上界处理后,0.0031596826868661456,0.003159688298217115,2.6273512016852725e-06
1,81003,3,不使用 GP 产生的状态,2500,本轮最优路径,更新前,0.004694855284746495,0.0,0.0
1,81003,3,不使用 GP 产生的状态,2500,本轮最优路径,蒸发和下界保护后,0.004694855284746495,0.0,0.0
1,81003,3,不使用 GP 产生的状态,2500,本轮最优路径,沉积后,0.004694855284746495,0.004694714247389081,3.905372072699725e-06
1,81003,3,不使用 GP 产生的状态,2500,本轮最优路径,重启和可选上界处理后,0.004694855284746495,0.004694714247389081,3.905372072699725e-06
1,81003,4,不使用 GP 产生的状态,2500,本轮最优路径,更新前,0.0037185798956281494,0.0,0.0
1,81003,4,不使用 GP 产生的状态,2500,本轮最优路径,蒸发和下界保护后,0.0037185798956281494,0.0,0.0
1,81003,4,不使用 GP 产生的状态,2500,本轮最优路径,沉积后,0.0037185798956281494,0.0037186676574761813,3.0921673804455296e-06
1,81003,4,不使用 GP 产生的状态,2500,本轮最优路径,重启和可选上界处理后,0.0037185798956281494,0.0,0.0
1,81003,5,不使用 GP 产生的状态,2500,本轮最优路径,更新前,0.004543386264033809,0.0,0.0
1,81003,5,不使用 GP 产生的状态,2500,本轮最优路径,蒸发和下界保护后,0.004543386264033809,0.0,0.0
1,81003,5,不使用 GP 产生的状态,2500,本轮最优路径,沉积后,0.004543386264033809,0.004543285567193081,3.7779895712973544e-06
1,81003,5,不使用 GP 产生的状态,2500,本轮最优路径,重启和可选上界处理后,0.004543386264033809,0.0,0.0
1,81003,6,不使用 GP 产生的状态,2500,本轮最优路径,更新前,0.004564733651754455,0.0,0.0
1,81003,6,不使用 GP 产生的状态,2500,本轮最优路径,蒸发和下界保护后,0.004564733651754455,0.0,0.0
1,81003,6,不使用 GP 产生的状态,2500,本轮最优路径,沉积后,0.004564733651754455,0.00456468909742759,3.7826362073978486e-06
1,81003,6,不使用 GP 产生的状态,2500,本轮最优路径,重启和可选上界处理后,0.004564733651754455,0.00456468909742759,3.7826362073978486e-06
1,81003,7,不使用 GP 产生的状态,2500,本轮最优路径,更新前,0.06976102291669264,0.0,0.0
1,81003,7,不使用 GP 产生的状态,2500,本轮最优路径,蒸发和下界保护后,0.06976102291669264,0.0,0.0
1,81003,7,不使用 GP 产生的状态,2500,本轮最优路径,沉积后,0.06976102291669264,0.06976113046009731,5.698040157943075e-05
1,81003,7,不使用 GP 产生的状态,2500,本轮最优路径,重启和可选上界处理后,0.06976102291669264,0.06976113046009731,5.698040157943075e-05
1,81003,0,不使用 GP 产生的状态,2500,历史重启阶段最优路径,更新前,0.003557213269066742,0.0,0.0
1,81003,0,不使用 GP 产生的状态,2500,历史重启阶段最优路径,蒸发和下界保护后,0.003557213269066742,0.0,0.0
1,81003,0,不使用 GP 产生的状态,2500,历史重启阶段最优路径,沉积后,0.003557213269066742,0.0035572044026402376,2.9595592098913973e-06
1,81003,0,不使用 GP 产生的状态,2500,历史重启阶段最优路径,重启和可选上界处理后,0.003557213269066742,0.0035572044026402376,2.9595592098913973e-06
1,81003,1,不使用 GP 产生的状态,2500,历史重启阶段最优路径,更新前,0.004461566245653175,0.0,0.0
1,81003,1,不使用 GP 产生的状态,2500,历史重启阶段最优路径,蒸发和下界保护后,0.004461566245653175,0.0,0.0
1,81003,1,不使用 GP 产生的状态,2500,历史重启阶段最优路径,沉积后,0.004461566245653175,0.004461573504244095,3.7099003053842624e-06
1,81003,1,不使用 GP 产生的状态,2500,历史重启阶段最优路径,重启和可选上界处理后,0.004461566245653175,0.004461573504244095,3.7099003053842624e-06
1,81003,2,不使用 GP 产生的状态,2500,历史重启阶段最优路径,更新前,0.003159844318171243,0.0,0.0
1,81003,2,不使用 GP 产生的状态,2500,历史重启阶段最优路径,蒸发和下界保护后,0.003159844318171243,0.0,0.0
1,81003,2,不使用 GP 产生的状态,2500,历史重启阶段最优路径,沉积后,0.003159844318171243,0.0031597175748308685,2.627375545841742e-06
1,81003,2,不使用 GP 产生的状态,2500,历史重启阶段最优路径,重启和可选上界处理后,0.003159844318171243,0.0031597175748308685,2.627375545841742e-06
1,81003,3,不使用 GP 产生的状态,2500,历史重启阶段最优路径,更新前,0.004694680418322752,0.0,0.0
1,81003,3,不使用 GP 产生的状态,2500,历史重启阶段最优路径,蒸发和下界保护后,0.004694680418322752,0.0,0.0
1,81003,3,不使用 GP 产生的状态,2500,历史重启阶段最优路径,沉积后,0.004694680418322752,0.0046946296747232595,3.905301719594124e-06
1,81003,3,不使用 GP 产生的状态,2500,历史重启阶段最优路径,重启和可选上界处理后,0.004694680418322752,0.0046946296747232595,3.905301719594124e-06
1,81003,4,不使用 GP 产生的状态,2500,历史重启阶段最优路径,更新前,0.0037189213120904503,0.0,0.0
1,81003,4,不使用 GP 产生的状态,2500,历史重启阶段最优路径,蒸发和下界保护后,0.0037189213120904503,0.0,0.0
1,81003,4,不使用 GP 产生的状态,2500,历史重启阶段最优路径,沉积后,0.0037189213120904503,0.0037188612391656664,3.092328348577348e-06
1,81003,4,不使用 GP 产生的状态,2500,历史重启阶段最优路径,重启和可选上界处理后,0.0037189213120904503,0.0,0.0
1,81003,5,不使用 GP 产生的状态,2500,历史重启阶段最优路径,更新前,0.0045435868105062685,0.0,0.0
1,81003,5,不使用 GP 产生的状态,2500,历史重启阶段最优路径,蒸发和下界保护后,0.0045435868105062685,0.0,0.0
1,81003,5,不使用 GP 产生的状态,2500,历史重启阶段最优路径,沉积后,0.0045435868105062685,0.0045434985797407745,3.7781667028405606e-06
1,81003,5,不使用 GP 产生的状态,2500,历史重启阶段最优路径,重启和可选上界处理后,0.0045435868105062685,0.0,0.0
1,81003,6,不使用 GP 产生的状态,2500,历史重启阶段最优路径,更新前,0.004720303680083568,0.0,0.0
1,81003,6,不使用 GP 产生的状态,2500,历史重启阶段最优路径,蒸发和下界保护后,0.004720303680083568,0.0,0.0
1,81003,6,不使用 GP 产生的状态,2500,历史重启阶段最优路径,沉积后,0.004720303680083568,0.004720176918180775,3.9114848207506916e-06
1,81003,6,不使用 GP 产生的状态,2500,历史重启阶段最优路径,重启和可选上界处理后,0.004720303680083568,0.004720176918180775,3.9114848207506916e-06
1,81003,7,不使用 GP 产生的状态,2500,历史重启阶段最优路径,更新前,0.05336551614059381,0.0,0.0
1,81003,7,不使用 GP 产生的状态,2500,历史重启阶段最优路径,蒸发和下界保护后,0.05336551614059381,0.0,0.0
1,81003,7,不使用 GP 产生的状态,2500,历史重启阶段最优路径,沉积后,0.05336551614059381,0.05336545656079819,4.35885302495671e-05
1,81003,7,不使用 GP 产生的状态,2500,历史重启阶段最优路径,重启和可选上界处理后,0.05336551614059381,0.05336545656079819,4.35885302495671e-05
1,81003,0,不使用 GP 产生的状态,2500,历史全局最优路径,更新前,0.003557213269066742,0.0,0.0
1,81003,0,不使用 GP 产生的状态,2500,历史全局最优路径,蒸发和下界保护后,0.003557213269066742,0.0,0.0
1,81003,0,不使用 GP 产生的状态,2500,历史全局最优路径,沉积后,0.003557213269066742,0.0035572044026402376,2.9595592098913973e-06
1,81003,0,不使用 GP 产生的状态,2500,历史全局最优路径,重启和可选上界处理后,0.003557213269066742,0.0035572044026402376,2.9595592098913973e-06
1,81003,1,不使用 GP 产生的状态,2500,历史全局最优路径,更新前,0.004461566245653175,0.0,0.0
1,81003,1,不使用 GP 产生的状态,2500,历史全局最优路径,蒸发和下界保护后,0.004461566245653175,0.0,0.0
1,81003,1,不使用 GP 产生的状态,2500,历史全局最优路径,沉积后,0.004461566245653175,0.004461573504244095,3.7099003053842624e-06
1,81003,1,不使用 GP 产生的状态,2500,历史全局最优路径,重启和可选上界处理后,0.004461566245653175,0.004461573504244095,3.7099003053842624e-06
1,81003,2,不使用 GP 产生的状态,2500,历史全局最优路径,更新前,0.0031599256827602997,0.0,0.0
1,81003,2,不使用 GP 产生的状态,2500,历史全局最优路径,蒸发和下界保护后,0.0031599256827602997,0.0,0.0
1,81003,2,不使用 GP 产生的状态,2500,历史全局最优路径,沉积后,0.0031599256827602997,0.0031598015011236285,2.6274453324236212e-06
1,81003,2,不使用 GP 产生的状态,2500,历史全局最优路径,重启和可选上界处理后,0.0031599256827602997,0.0031598015011236285,2.6274453324236212e-06
1,81003,3,不使用 GP 产生的状态,2500,历史全局最优路径,更新前,0.004694680418322752,0.0,0.0
1,81003,3,不使用 GP 产生的状态,2500,历史全局最优路径,蒸发和下界保护后,0.004694680418322752,0.0,0.0
1,81003,3,不使用 GP 产生的状态,2500,历史全局最优路径,沉积后,0.004694680418322752,0.0046946296747232595,3.905301719594124e-06
1,81003,3,不使用 GP 产生的状态,2500,历史全局最优路径,重启和可选上界处理后,0.004694680418322752,0.0046946296747232595,3.905301719594124e-06
1,81003,4,不使用 GP 产生的状态,2500,历史全局最优路径,更新前,0.0037189213120904503,0.0,0.0
1,81003,4,不使用 GP 产生的状态,2500,历史全局最优路径,蒸发和下界保护后,0.0037189213120904503,0.0,0.0
1,81003,4,不使用 GP 产生的状态,2500,历史全局最优路径,沉积后,0.0037189213120904503,0.0037188612391656664,3.092328348577348e-06
1,81003,4,不使用 GP 产生的状态,2500,历史全局最优路径,重启和可选上界处理后,0.0037189213120904503,0.0,0.0
1,81003,5,不使用 GP 产生的状态,2500,历史全局最优路径,更新前,0.0045435868105062685,0.0,0.0
1,81003,5,不使用 GP 产生的状态,2500,历史全局最优路径,蒸发和下界保护后,0.0045435868105062685,0.0,0.0
1,81003,5,不使用 GP 产生的状态,2500,历史全局最优路径,沉积后,0.0045435868105062685,0.0045434985797407745,3.7781667028405606e-06
1,81003,5,不使用 GP 产生的状态,2500,历史全局最优路径,重启和可选上界处理后,0.0045435868105062685,0.0,0.0
1,81003,6,不使用 GP 产生的状态,2500,历史全局最优路径,更新前,0.06824394527231635,0.0,0.0
1,81003,6,不使用 GP 产生的状态,2500,历史全局最优路径,蒸发和下界保护后,0.06824394527231635,0.0,0.0
1,81003,6,不使用 GP 产生的状态,2500,历史全局最优路径,沉积后,0.06824394527231635,0.06824415932679977,5.6552110197654384e-05
1,81003,6,不使用 GP 产生的状态,2500,历史全局最优路径,重启和可选上界处理后,0.06824394527231635,0.06824415932679977,5.6552110197654384e-05
1,81003,7,不使用 GP 产生的状态,2500,历史全局最优路径,更新前,0.12408524978927987,0.0,0.0
1,81003,7,不使用 GP 产生的状态,2500,历史全局最优路径,蒸发和下界保护后,0.12408524978927987,0.0,0.0
1,81003,7,不使用 GP 产生的状态,2500,历史全局最优路径,沉积后,0.12408524978927987,0.12408515636016641,0.00010135188453537103
1,81003,7,不使用 GP 产生的状态,2500,历史全局最优路径,重启和可选上界处理后,0.12408524978927987,0.12408515636016641,0.00010135188453537103
1,81002,0,不使用 GP 产生的状态,2500,本轮最优路径,更新前,0.00044818419072649657,0.0,0.0
1,81002,0,不使用 GP 产生的状态,2500,本轮最优路径,蒸发和下界保护后,0.00044818419072649657,0.0,0.0
1,81002,0,不使用 GP 产生的状态,2500,本轮最优路径,沉积后,0.00044818419072649657,0.0004482323403482083,3.7292491543755675e-07
1,81002,0,不使用 GP 产生的状态,2500,本轮最优路径,重启和可选上界处理后,0.00044818419072649657,0.0004482323403482083,3.7292491543755675e-07
1,81002,1,不使用 GP 产生的状态,2500,本轮最优路径,更新前,3.771626415987895e-05,0.0,0.0
1,81002,1,不使用 GP 产生的状态,2500,本轮最优路径,蒸发和下界保护后,3.771626415987895e-05,0.0,0.0
1,81002,1,不使用 GP 产生的状态,2500,本轮最优路径,沉积后,3.771626415987895e-05,3.7877830381904165e-05,3.149628138311435e-08
1,81002,1,不使用 GP 产生的状态,2500,本轮最优路径,重启和可选上界处理后,3.771626415987895e-05,3.7877830381904165e-05,3.149628138311435e-08
1,81002,2,不使用 GP 产生的状态,2500,本轮最优路径,更新前,1.5744596918957273e-05,0.0,0.0
1,81002,2,不使用 GP 产生的状态,2500,本轮最优路径,蒸发和下界保护后,1.5744596918957273e-05,0.0,0.0
1,81002,2,不使用 GP 产生的状态,2500,本轮最优路径,沉积后,1.5744596918957273e-05,1.5887442396896198e-05,1.3210762244093521e-08
1,81002,2,不使用 GP 产生的状态,2500,本轮最优路径,重启和可选上界处理后,1.5744596918957273e-05,1.5887442396896198e-05,1.3210762244093521e-08
1,81002,3,不使用 GP 产生的状态,2500,本轮最优路径,更新前,2.5199420754051003e-05,0.0,0.0
1,81002,3,不使用 GP 产生的状态,2500,本轮最优路径,蒸发和下界保护后,2.5199420754051003e-05,0.0,0.0
1,81002,3,不使用 GP 产生的状态,2500,本轮最优路径,沉积后,2.5199420754051003e-05,2.52782723277728e-05,2.1028129422335964e-08
1,81002,3,不使用 GP 产生的状态,2500,本轮最优路径,重启和可选上界处理后,2.5199420754051003e-05,2.52782723277728e-05,2.1028129422335964e-08
1,81002,4,不使用 GP 产生的状态,2500,本轮最优路径,更新前,4.6810412095313725e-05,0.0,0.0
1,81002,4,不使用 GP 产生的状态,2500,本轮最优路径,蒸发和下界保护后,4.6810412095313725e-05,0.0,0.0
1,81002,4,不使用 GP 产生的状态,2500,本轮最优路径,沉积后,4.6810412095313725e-05,4.67812785325927e-05,3.8899831019638896e-08
1,81002,4,不使用 GP 产生的状态,2500,本轮最优路径,重启和可选上界处理后,4.6810412095313725e-05,0.0,0.0
1,81002,5,不使用 GP 产生的状态,2500,本轮最优路径,更新前,2.2484200588230664e-05,0.0,0.0
1,81002,5,不使用 GP 产生的状态,2500,本轮最优路径,蒸发和下界保护后,2.2484200588230664e-05,0.0,0.0
1,81002,5,不使用 GP 产生的状态,2500,本轮最优路径,沉积后,2.2484200588230664e-05,2.2549314651105278e-05,1.8750984135124676e-08
1,81002,5,不使用 GP 产生的状态,2500,本轮最优路径,重启和可选上界处理后,2.2484200588230664e-05,0.0,0.0
1,81002,6,不使用 GP 产生的状态,2500,本轮最优路径,更新前,0.00011542597446589203,0.0,0.0
1,81002,6,不使用 GP 产生的状态,2500,本轮最优路径,蒸发和下界保护后,0.00011542597446589203,0.0,0.0
1,81002,6,不使用 GP 产生的状态,2500,本轮最优路径,沉积后,0.00011542597446589203,0.0001155739238882541,9.577303071464836e-08
1,81002,6,不使用 GP 产生的状态,2500,本轮最优路径,重启和可选上界处理后,0.00011542597446589203,0.0001155739238882541,9.577303071464836e-08
1,81002,7,不使用 GP 产生的状态,2500,本轮最优路径,更新前,0.06019998581676111,0.0,0.0
1,81002,7,不使用 GP 产生的状态,2500,本轮最优路径,蒸发和下界保护后,0.06019998581676111,0.0,0.0
1,81002,7,不使用 GP 产生的状态,2500,本轮最优路径,沉积后,0.06019998581676111,0.06020007943323242,4.917100222711081e-05
1,81002,7,不使用 GP 产生的状态,2500,本轮最优路径,重启和可选上界处理后,0.06019998581676111,0.06020007943323242,4.917100222711081e-05
1,81002,0,不使用 GP 产生的状态,2500,历史重启阶段最优路径,更新前,0.00045279300848144233,0.0,0.0
1,81002,0,不使用 GP 产生的状态,2500,历史重启阶段最优路径,蒸发和下界保护后,0.00045279300848144233,0.0,0.0
1,81002,0,不使用 GP 产生的状态,2500,历史重启阶段最优路径,沉积后,0.00045279300848144233,0.0004529729230525954,3.768690337998885e-07
1,81002,0,不使用 GP 产生的状态,2500,历史重启阶段最优路径,重启和可选上界处理后,0.00045279300848144233,0.0004529729230525954,3.768690337998885e-07
1,81002,1,不使用 GP 产生的状态,2500,历史重启阶段最优路径,更新前,2.68123588209072e-05,0.0,0.0
1,81002,1,不使用 GP 产生的状态,2500,历史重启阶段最优路径,蒸发和下界保护后,2.68123588209072e-05,0.0,0.0
1,81002,1,不使用 GP 产生的状态,2500,历史重启阶段最优路径,沉积后,2.68123588209072e-05,2.688181602712253e-05,2.235284421369229e-08
1,81002,1,不使用 GP 产生的状态,2500,历史重启阶段最优路径,重启和可选上界处理后,2.68123588209072e-05,2.688181602712253e-05,2.235284421369229e-08
1,81002,2,不使用 GP 产生的状态,2500,历史重启阶段最优路径,更新前,3.38341286136788e-05,0.0,0.0
1,81002,2,不使用 GP 产生的状态,2500,历史重启阶段最优路径,蒸发和下界保护后,3.38341286136788e-05,0.0,0.0
1,81002,2,不使用 GP 产生的状态,2500,历史重启阶段最优路径,沉积后,3.38341286136788e-05,3.3999907439057955e-05,2.8271680379865988e-08
1,81002,2,不使用 GP 产生的状态,2500,历史重启阶段最优路径,重启和可选上界处理后,3.38341286136788e-05,3.3999907439057955e-05,2.8271680379865988e-08
1,81002,3,不使用 GP 产生的状态,2500,历史重启阶段最优路径,更新前,2.512268349697474e-05,0.0,0.0
1,81002,3,不使用 GP 产生的状态,2500,历史重启阶段最优路径,蒸发和下界保护后,2.512268349697474e-05,0.0,0.0
1,81002,3,不使用 GP 产生的状态,2500,历史重启阶段最优路径,沉积后,2.512268349697474e-05,2.51439510349975e-05,2.0916392136969697e-08
1,81002,3,不使用 GP 产生的状态,2500,历史重启阶段最优路径,重启和可选上界处理后,2.512268349697474e-05,2.51439510349975e-05,2.0916392136969697e-08
1,81002,4,不使用 GP 产生的状态,2500,历史重启阶段最优路径,更新前,2.043924082138487e-05,0.0,0.0
1,81002,4,不使用 GP 产生的状态,2500,历史重启阶段最优路径,蒸发和下界保护后,2.043924082138487e-05,0.0,0.0
1,81002,4,不使用 GP 产生的状态,2500,历史重启阶段最优路径,沉积后,2.043924082138487e-05,2.047824608717665e-05,1.702818600425293e-08
1,81002,4,不使用 GP 产生的状态,2500,历史重启阶段最优路径,重启和可选上界处理后,2.043924082138487e-05,0.0,0.0
1,81002,5,不使用 GP 产生的状态,2500,历史重启阶段最优路径,更新前,4.6256521940726186e-05,0.0,0.0
1,81002,5,不使用 GP 产生的状态,2500,历史重启阶段最优路径,蒸发和下界保护后,4.6256521940726186e-05,0.0,0.0
1,81002,5,不使用 GP 产生的状态,2500,历史重启阶段最优路径,沉积后,4.6256521940726186e-05,4.637573634952078e-05,3.856395238610789e-08
1,81002,5,不使用 GP 产生的状态,2500,历史重启阶段最优路径,重启和可选上界处理后,4.6256521940726186e-05,0.0,0.0
1,81002,6,不使用 GP 产生的状态,2500,历史重启阶段最优路径,更新前,0.00031147300339431135,0.0,0.0
1,81002,6,不使用 GP 产生的状态,2500,历史重启阶段最优路径,蒸发和下界保护后,0.00031147300339431135,0.0,0.0
1,81002,6,不使用 GP 产生的状态,2500,历史重启阶段最优路径,沉积后,0.00031147300339431135,0.00031156501776501117,2.5818562710451505e-07
1,81002,6,不使用 GP 产生的状态,2500,历史重启阶段最优路径,重启和可选上界处理后,0.00031147300339431135,0.00031156501776501117,2.5818562710451505e-07
1,81002,7,不使用 GP 产生的状态,2500,历史重启阶段最优路径,更新前,0.030432242074293393,0.0,0.0
1,81002,7,不使用 GP 产生的状态,2500,历史重启阶段最优路径,蒸发和下界保护后,0.030432242074293393,0.0,0.0
1,81002,7,不使用 GP 产生的状态,2500,历史重启阶段最优路径,沉积后,0.030432242074293393,0.030432169504353658,2.4856782392355724e-05
1,81002,7,不使用 GP 产生的状态,2500,历史重启阶段最优路径,重启和可选上界处理后,0.030432242074293393,0.030432169504353658,2.4856782392355724e-05
1,81002,0,不使用 GP 产生的状态,2500,历史全局最优路径,更新前,0.00045279300848144233,0.0,0.0
1,81002,0,不使用 GP 产生的状态,2500,历史全局最优路径,蒸发和下界保护后,0.00045279300848144233,0.0,0.0
1,81002,0,不使用 GP 产生的状态,2500,历史全局最优路径,沉积后,0.00045279300848144233,0.0004529729230525954,3.768690337998885e-07
1,81002,0,不使用 GP 产生的状态,2500,历史全局最优路径,重启和可选上界处理后,0.00045279300848144233,0.0004529729230525954,3.768690337998885e-07
1,81002,1,不使用 GP 产生的状态,2500,历史全局最优路径,更新前,2.68123588209072e-05,0.0,0.0
1,81002,1,不使用 GP 产生的状态,2500,历史全局最优路径,蒸发和下界保护后,2.68123588209072e-05,0.0,0.0
1,81002,1,不使用 GP 产生的状态,2500,历史全局最优路径,沉积后,2.68123588209072e-05,2.688181602712253e-05,2.235284421369229e-08
1,81002,1,不使用 GP 产生的状态,2500,历史全局最优路径,重启和可选上界处理后,2.68123588209072e-05,2.688181602712253e-05,2.235284421369229e-08
1,81002,2,不使用 GP 产生的状态,2500,历史全局最优路径,更新前,2.97693147657874e-05,0.0,0.0
1,81002,2,不使用 GP 产生的状态,2500,历史全局最优路径,蒸发和下界保护后,2.97693147657874e-05,0.0,0.0
1,81002,2,不使用 GP 产生的状态,2500,历史全局最优路径,沉积后,2.97693147657874e-05,2.995583119257529e-05,2.4908940899551272e-08
1,81002,2,不使用 GP 产生的状态,2500,历史全局最优路径,重启和可选上界处理后,2.97693147657874e-05,2.995583119257529e-05,2.4908940899551272e-08
1,81002,3,不使用 GP 产生的状态,2500,历史全局最优路径,更新前,2.512268349697474e-05,0.0,0.0
1,81002,3,不使用 GP 产生的状态,2500,历史全局最优路径,蒸发和下界保护后,2.512268349697474e-05,0.0,0.0
1,81002,3,不使用 GP 产生的状态,2500,历史全局最优路径,沉积后,2.512268349697474e-05,2.51439510349975e-05,2.0916392136969697e-08
1,81002,3,不使用 GP 产生的状态,2500,历史全局最优路径,重启和可选上界处理后,2.512268349697474e-05,2.51439510349975e-05,2.0916392136969697e-08
1,81002,4,不使用 GP 产生的状态,2500,历史全局最优路径,更新前,2.043924082138487e-05,0.0,0.0
1,81002,4,不使用 GP 产生的状态,2500,历史全局最优路径,蒸发和下界保护后,2.043924082138487e-05,0.0,0.0
1,81002,4,不使用 GP 产生的状态,2500,历史全局最优路径,沉积后,2.043924082138487e-05,2.047824608717665e-05,1.702818600425293e-08
1,81002,4,不使用 GP 产生的状态,2500,历史全局最优路径,重启和可选上界处理后,2.043924082138487e-05,0.0,0.0
1,81002,5,不使用 GP 产生的状态,2500,历史全局最优路径,更新前,4.6256521940726186e-05,0.0,0.0
1,81002,5,不使用 GP 产生的状态,2500,历史全局最优路径,蒸发和下界保护后,4.6256521940726186e-05,0.0,0.0
1,81002,5,不使用 GP 产生的状态,2500,历史全局最优路径,沉积后,4.6256521940726186e-05,4.637573634952078e-05,3.856395238610789e-08
1,81002,5,不使用 GP 产生的状态,2500,历史全局最优路径,重启和可选上界处理后,4.6256521940726186e-05,0.0,0.0
1,81002,6,不使用 GP 产生的状态,2500,历史全局最优路径,更新前,0.08237178211023363,0.0,0.0
1,81002,6,不使用 GP 产生的状态,2500,历史全局最优路径,蒸发和下界保护后,0.08237178211023363,0.0,0.0
1,81002,6,不使用 GP 产生的状态,2500,历史全局最优路径,沉积后,0.08237178211023363,0.08237199616471705,6.825947085084108e-05
1,81002,6,不使用 GP 产生的状态,2500,历史全局最优路径,重启和可选上界处理后,0.08237178211023363,0.08237199616471705,6.825947085084108e-05
1,81002,7,不使用 GP 产生的状态,2500,历史全局最优路径,更新前,0.1168738342344896,0.0,0.0
1,81002,7,不使用 GP 产生的状态,2500,历史全局最优路径,蒸发和下界保护后,0.1168738342344896,0.0,0.0
1,81002,7,不使用 GP 产生的状态,2500,历史全局最优路径,沉积后,0.1168738342344896,0.11687370720586876,9.546162349643096e-05
1,81002,7,不使用 GP 产生的状态,2500,历史全局最优路径,重启和可选上界处理后,0.1168738342344896,0.11687370720586876,9.546162349643096e-05
1,81001,0,GP 表达式自身产生的状态,2500,本轮最优路径,更新前,0.00037315277151983605,0.0,0.0
1,81001,0,GP 表达式自身产生的状态,2500,本轮最优路径,蒸发和下界保护后,0.00037315277151983605,0.0,0.0
1,81001,0,GP 表达式自身产生的状态,2500,本轮最优路径,沉积后,0.00037315277151983605,0.00037312037955009156,3.0981785248043343e-07
1,81001,0,GP 表达式自身产生的状态,2500,本轮最优路径,重启和可选上界处理后,0.00037315277151983605,0.00037312037955009156,3.0981785248043343e-07
1,81001,1,GP 表达式自身产生的状态,2500,本轮最优路径,更新前,0.0006583085402875573,0.0,0.0
1,81001,1,GP 表达式自身产生的状态,2500,本轮最优路径,蒸发和下界保护后,0.0006583085402875573,0.0,0.0
1,81001,1,GP 表达式自身产生的状态,2500,本轮最优路径,沉积后,0.0006583085402875573,0.000658371581186997,5.474718741157622e-07
1,81001,1,GP 表达式自身产生的状态,2500,本轮最优路径,重启和可选上界处理后,0.0006583085402875573,0.000658371581186997,5.474718741157622e-07
1,81001,2,GP 表达式自身产生的状态,2500,本轮最优路径,更新前,0.05493331284708172,0.0,0.0
1,81001,2,GP 表达式自身产生的状态,2500,本轮最优路径,蒸发和下界保护后,0.05493331284708172,0.0,0.0
1,81001,2,GP 表达式自身产生的状态,2500,本轮最优路径,沉积后,0.05493331284708172,0.05493328343996634,4.532266105208414e-05
1,81001,2,GP 表达式自身产生的状态,2500,本轮最优路径,重启和可选上界处理后,0.05493331284708172,0.05493328343996634,4.532266105208414e-05
1,81001,3,GP 表达式自身产生的状态,2500,本轮最优路径,更新前,0.0006870942475643768,0.0,0.0
1,81001,3,GP 表达式自身产生的状态,2500,本轮最优路径,蒸发和下界保护后,0.0006870942475643768,0.0,0.0
1,81001,3,GP 表达式自身产生的状态,2500,本轮最优路径,沉积后,0.0006870942475643768,0.0006870804400976905,5.713373324079515e-07
1,81001,3,GP 表达式自身产生的状态,2500,本轮最优路径,重启和可选上界处理后,0.0006870942475643768,0.0006870804400976905,5.713373324079515e-07
1,81001,4,GP 表达式自身产生的状态,2500,本轮最优路径,更新前,0.0008186474256777933,0.0,0.0
1,81001,4,GP 表达式自身产生的状态,2500,本轮最优路径,蒸发和下界保护后,0.0008186474256777933,0.0,0.0
1,81001,4,GP 表达式自身产生的状态,2500,本轮最优路径,沉积后,0.0008186474256777933,0.0008185526234091852,6.806618651229695e-07
1,81001,4,GP 表达式自身产生的状态,2500,本轮最优路径,重启和可选上界处理后,0.0008186474256777933,0.0008185526234091852,6.806618651229695e-07
1,81001,5,GP 表达式自身产生的状态,2500,本轮最优路径,更新前,0.030308133832422385,0.0,0.0
1,81001,5,GP 表达式自身产生的状态,2500,本轮最优路径,蒸发和下界保护后,0.030308133832422385,0.0,0.0
1,81001,5,GP 表达式自身产生的状态,2500,本轮最优路径,沉积后,0.030308133832422385,0.030308188998613216,2.4792958548294726e-05
1,81001,5,GP 表达式自身产生的状态,2500,本轮最优路径,重启和可选上界处理后,0.030308133832422385,0.030308188998613216,2.4792958548294726e-05
1,81001,6,GP 表达式自身产生的状态,2500,本轮最优路径,更新前,0.030282953485688154,0.0,0.0
1,81001,6,GP 表达式自身产生的状态,2500,本轮最优路径,蒸发和下界保护后,0.030282953485688154,0.0,0.0
1,81001,6,GP 表达式自身产生的状态,2500,本轮最优路径,沉积后,0.030282953485688154,0.03028301823481479,2.496127169672635e-05
1,81001,6,GP 表达式自身产生的状态,2500,本轮最优路径,重启和可选上界处理后,0.030282953485688154,0.03028301823481479,2.496127169672635e-05
1,81001,7,GP 表达式自身产生的状态,2500,本轮最优路径,更新前,0.09857405846574607,0.0,0.0
1,81001,7,GP 表达式自身产生的状态,2500,本轮最优路径,蒸发和下界保护后,0.09857405846574607,0.0,0.0
1,81001,7,GP 表达式自身产生的状态,2500,本轮最优路径,沉积后,0.09857405846574607,0.09857400593666041,7.987866756020351e-05
1,81001,7,GP 表达式自身产生的状态,2500,本轮最优路径,重启和可选上界处理后,0.09857405846574607,0.09857400593666041,7.987866756020351e-05
1,81001,0,GP 表达式自身产生的状态,2500,历史重启阶段最优路径,更新前,0.00037315277151983605,0.0,0.0
1,81001,0,GP 表达式自身产生的状态,2500,历史重启阶段最优路径,蒸发和下界保护后,0.00037315277151983605,0.0,0.0
1,81001,0,GP 表达式自身产生的状态,2500,历史重启阶段最优路径,沉积后,0.00037315277151983605,0.00037312037955009156,3.0981785248043343e-07
1,81001,0,GP 表达式自身产生的状态,2500,历史重启阶段最优路径,重启和可选上界处理后,0.00037315277151983605,0.00037312037955009156,3.0981785248043343e-07
1,81001,1,GP 表达式自身产生的状态,2500,历史重启阶段最优路径,更新前,0.0006596035733171988,0.0,0.0
1,81001,1,GP 表达式自身产生的状态,2500,历史重启阶段最优路径,蒸发和下界保护后,0.0006596035733171988,0.0,0.0
1,81001,1,GP 表达式自身产生的状态,2500,历史重启阶段最优路径,沉积后,0.0006596035733171988,0.0006595607105187726,5.484607000044184e-07
1,81001,1,GP 表达式自身产生的状态,2500,历史重启阶段最优路径,重启和可选上界处理后,0.0006596035733171988,0.0006595607105187726,5.484607000044184e-07
1,81001,2,GP 表达式自身产生的状态,2500,历史重启阶段最优路径,更新前,0.05031554163331334,0.0,0.0
1,81001,2,GP 表达式自身产生的状态,2500,历史重启阶段最优路径,蒸发和下界保护后,0.05031554163331334,0.0,0.0
1,81001,2,GP 表达式自身产生的状态,2500,历史重启阶段最优路径,沉积后,0.05031554163331334,0.05031548977097386,4.1512754122036374e-05
1,81001,2,GP 表达式自身产生的状态,2500,历史重启阶段最优路径,重启和可选上界处理后,0.05031554163331334,0.05031548977097386,4.1512754122036374e-05
1,81001,3,GP 表达式自身产生的状态,2500,历史重启阶段最优路径,更新前,0.000687203712165133,0.0,0.0
1,81001,3,GP 表达式自身产生的状态,2500,历史重启阶段最优路径,蒸发和下界保护后,0.000687203712165133,0.0,0.0
1,81001,3,GP 表达式自身产生的状态,2500,历史重启阶段最优路径,沉积后,0.000687203712165133,0.0006871829387693077,5.714225645208156e-07
1,81001,3,GP 表达式自身产生的状态,2500,历史重启阶段最优路径,重启和可选上界处理后,0.000687203712165133,0.0006871829387693077,5.714225645208156e-07
1,81001,4,GP 表达式自身产生的状态,2500,历史重启阶段最优路径,更新前,0.0008186474256777933,0.0,0.0
1,81001,4,GP 表达式自身产生的状态,2500,历史重启阶段最优路径,蒸发和下界保护后,0.0008186474256777933,0.0,0.0
1,81001,4,GP 表达式自身产生的状态,2500,历史重启阶段最优路径,沉积后,0.0008186474256777933,0.0008185526234091852,6.806618651229695e-07
1,81001,4,GP 表达式自身产生的状态,2500,历史重启阶段最优路径,重启和可选上界处理后,0.0008186474256777933,0.0008185526234091852,6.806618651229695e-07
1,81001,5,GP 表达式自身产生的状态,2500,历史重启阶段最优路径,更新前,0.030375828351386285,0.0,0.0
1,81001,5,GP 表达式自身产生的状态,2500,历史重启阶段最优路径,蒸发和下界保护后,0.030375828351386285,0.0,0.0
1,81001,5,GP 表达式自身产生的状态,2500,历史重启阶段最优路径,沉积后,0.030375828351386285,0.030375881608925424,2.4848333024201985e-05
1,81001,5,GP 表达式自身产生的状态,2500,历史重启阶段最优路径,重启和可选上界处理后,0.030375828351386285,0.030375881608925424,2.4848333024201985e-05
1,81001,6,GP 表达式自身产生的状态,2500,历史重启阶段最优路径,更新前,0.030282953485688154,0.0,0.0
1,81001,6,GP 表达式自身产生的状态,2500,历史重启阶段最优路径,蒸发和下界保护后,0.030282953485688154,0.0,0.0
1,81001,6,GP 表达式自身产生的状态,2500,历史重启阶段最优路径,沉积后,0.030282953485688154,0.03028301823481479,2.496127169672635e-05
1,81001,6,GP 表达式自身产生的状态,2500,历史重启阶段最优路径,重启和可选上界处理后,0.030282953485688154,0.03028301823481479,2.496127169672635e-05
1,81001,7,GP 表达式自身产生的状态,2500,历史重启阶段最优路径,更新前,0.07061006391757284,0.0,0.0
1,81001,7,GP 表达式自身产生的状态,2500,历史重启阶段最优路径,蒸发和下界保护后,0.07061006391757284,0.0,0.0
1,81001,7,GP 表达式自身产生的状态,2500,历史重启阶段最优路径,沉积后,0.07061006391757284,0.07060996729932653,5.7218229600650755e-05
1,81001,7,GP 表达式自身产生的状态,2500,历史重启阶段最优路径,重启和可选上界处理后,0.07061006391757284,0.07060996729932653,5.7218229600650755e-05
1,81001,0,GP 表达式自身产生的状态,2500,历史全局最优路径,更新前,0.09364047137601451,0.0,0.0
1,81001,0,GP 表达式自身产生的状态,2500,历史全局最优路径,蒸发和下界保护后,0.09364047137601451,0.0,0.0
1,81001,0,GP 表达式自身产生的状态,2500,历史全局最优路径,沉积后,0.09364047137601451,0.09364041623548587,7.775367012734477e-05
1,81001,0,GP 表达式自身产生的状态,2500,历史全局最优路径,重启和可选上界处理后,0.09364047137601451,0.09364041623548587,7.775367012734477e-05
1,81001,1,GP 表达式自身产生的状态,2500,历史全局最优路径,更新前,0.0006593278477132878,0.0,0.0
1,81001,1,GP 表达式自身产生的状态,2500,历史全局最优路径,蒸发和下界保护后,0.0006593278477132878,0.0,0.0
1,81001,1,GP 表达式自身产生的状态,2500,历史全局最优路径,沉积后,0.0006593278477132878,0.0006593070429631746,5.482497615981536e-07
1,81001,1,GP 表达式自身产生的状态,2500,历史全局最优路径,重启和可选上界处理后,0.0006593278477132878,0.0006593070429631746,5.482497615981536e-07
1,81001,2,GP 表达式自身产生的状态,2500,历史全局最优路径,更新前,0.06805651997769505,0.0,0.0
1,81001,2,GP 表达式自身产生的状态,2500,历史全局最优路径,蒸发和下界保护后,0.06805651997769505,0.0,0.0
1,81001,2,GP 表达式自身产生的状态,2500,历史全局最优路径,沉积后,0.06805651997769505,0.06805652366896475,5.6149979784159825e-05
1,81001,2,GP 表达式自身产生的状态,2500,历史全局最优路径,重启和可选上界处理后,0.06805651997769505,0.06805652366896475,5.6149979784159825e-05
1,81001,3,GP 表达式自身产生的状态,2500,历史全局最优路径,更新前,0.0006875476549163729,0.0,0.0
1,81001,3,GP 表达式自身产生的状态,2500,历史全局最优路径,蒸发和下界保护后,0.0006875476549163729,0.0,0.0
1,81001,3,GP 表达式自身产生的状态,2500,历史全局最优路径,沉积后,0.0006875476549163729,0.0006875332254917278,5.717138431977881e-07
1,81001,3,GP 表达式自身产生的状态,2500,历史全局最优路径,重启和可选上界处理后,0.0006875476549163729,0.0006875332254917278,5.717138431977881e-07
1,81001,4,GP 表达式自身产生的状态,2500,历史全局最优路径,更新前,0.0008182446363436564,0.0,0.0
1,81001,4,GP 表达式自身产生的状态,2500,历史全局最优路径,蒸发和下界保护后,0.0008182446363436564,0.0,0.0
1,81001,4,GP 表达式自身产生的状态,2500,历史全局最优路径,沉积后,0.0008182446363436564,0.0008182475237223958,6.804081615541096e-07
1,81001,4,GP 表达式自身产生的状态,2500,历史全局最优路径,重启和可选上界处理后,0.0008182446363436564,0.0008182475237223958,6.804081615541096e-07
1,81001,5,GP 表达式自身产生的状态,2500,历史全局最优路径,更新前,0.11702934296388966,0.0,0.0
1,81001,5,GP 表达式自身产生的状态,2500,历史全局最优路径,蒸发和下界保护后,0.11702934296388966,0.0,0.0
1,81001,5,GP 表达式自身产生的状态,2500,历史全局最优路径,沉积后,0.11702934296388966,0.11702927597637222,9.573326827122206e-05
1,81001,5,GP 表达式自身产生的状态,2500,历史全局最优路径,重启和可选上界处理后,0.11702934296388966,0.11702927597637222,9.573326827122206e-05
1,81001,6,GP 表达式自身产生的状态,2500,历史全局最优路径,更新前,0.12014126398368274,0.0,0.0
1,81001,6,GP 表达式自身产生的状态,2500,历史全局最优路径,蒸发和下界保护后,0.12014126398368274,0.0,0.0
1,81001,6,GP 表达式自身产生的状态,2500,历史全局最优路径,沉积后,0.12014126398368274,0.12014135772040142,9.902845271592641e-05
1,81001,6,GP 表达式自身产生的状态,2500,历史全局最优路径,重启和可选上界处理后,0.12014126398368274,0.12014135772040142,9.902845271592641e-05
1,81001,7,GP 表达式自身产生的状态,2500,历史全局最优路径,更新前,0.13960805403332116,0.0,0.0
1,81001,7,GP 表达式自身产生的状态,2500,历史全局最优路径,蒸发和下界保护后,0.13960805403332116,0.0,0.0
1,81001,7,GP 表达式自身产生的状态,2500,历史全局最优路径,沉积后,0.13960805403332116,0.1396080300992054,0.00011313025300559659
1,81001,7,GP 表达式自身产生的状态,2500,历史全局最优路径,重启和可选上界处理后,0.13960805403332116,0.1396080300992054,0.00011313025300559659
1,81002,0,GP 表达式自身产生的状态,2500,本轮最优路径,更新前,0.002421863268377282,0.0,0.0
1,81002,0,GP 表达式自身产生的状态,2500,本轮最优路径,蒸发和下界保护后,0.002421863268377282,0.0,0.0
1,81002,0,GP 表达式自身产生的状态,2500,本轮最优路径,沉积后,0.002421863268377282,0.002421838108042605,2.0138658970258474e-06
1,81002,0,GP 表达式自身产生的状态,2500,本轮最优路径,重启和可选上界处理后,0.002421863268377282,0.0,0.0
1,81002,1,GP 表达式自身产生的状态,2500,本轮最优路径,更新前,0.0003288616311513477,0.0,0.0
1,81002,1,GP 表达式自身产生的状态,2500,本轮最优路径,蒸发和下界保护后,0.0003288616311513477,0.0,0.0
1,81002,1,GP 表达式自身产生的状态,2500,本轮最优路径,沉积后,0.0003288616311513477,0.000328831220062874,2.7388578485428565e-07
1,81002,1,GP 表达式自身产生的状态,2500,本轮最优路径,重启和可选上界处理后,0.0003288616311513477,0.000328831220062874,2.7388578485428565e-07
1,81002,2,GP 表达式自身产生的状态,2500,本轮最优路径,更新前,0.020226065734049125,0.0,0.0
1,81002,2,GP 表达式自身产生的状态,2500,本轮最优路径,蒸发和下界保护后,0.020226065734049125,0.0,0.0
1,81002,2,GP 表达式自身产生的状态,2500,本轮最优路径,沉积后,0.020226065734049125,0.020226139839999907,1.668132995943084e-05
1,81002,2,GP 表达式自身产生的状态,2500,本轮最优路径,重启和可选上界处理后,0.020226065734049125,0.020226139839999907,1.668132995943084e-05
1,81002,3,GP 表达式自身产生的状态,2500,本轮最优路径,更新前,0.002193711561019582,0.0,0.0
1,81002,3,GP 表达式自身产生的状态,2500,本轮最优路径,蒸发和下界保护后,0.002193711561019582,0.0,0.0
1,81002,3,GP 表达式自身产生的状态,2500,本轮最优路径,沉积后,0.002193711561019582,0.0021937353102149644,1.824172949974503e-06
1,81002,3,GP 表达式自身产生的状态,2500,本轮最优路径,重启和可选上界处理后,0.002193711561019582,0.0,0.0
1,81002,4,GP 表达式自身产生的状态,2500,本轮最优路径,更新前,0.013635930616859913,0.0,0.0
1,81002,4,GP 表达式自身产生的状态,2500,本轮最优路径,蒸发和下界保护后,0.013635930616859913,0.0,0.0
1,81002,4,GP 表达式自身产生的状态,2500,本轮最优路径,沉积后,0.013635930616859913,0.013635934381190989,1.1219593279063833e-05
1,81002,4,GP 表达式自身产生的状态,2500,本轮最优路径,重启和可选上界处理后,0.013635930616859913,0.013635934381190989,1.1219593279063833e-05
1,81002,5,GP 表达式自身产生的状态,2500,本轮最优路径,更新前,0.00026207826604669336,0.0,0.0
1,81002,5,GP 表达式自身产生的状态,2500,本轮最优路径,蒸发和下界保护后,0.00026207826604669336,0.0,0.0
1,81002,5,GP 表达式自身产生的状态,2500,本轮最优路径,沉积后,0.00026207826604669336,0.00026211322017227756,2.1745967691245868e-07
1,81002,5,GP 表达式自身产生的状态,2500,本轮最优路径,重启和可选上界处理后,0.00026207826604669336,0.00026211322017227756,2.1745967691245868e-07
1,81002,6,GP 表达式自身产生的状态,2500,本轮最优路径,更新前,0.000993019796002687,0.0,0.0
1,81002,6,GP 表达式自身产生的状态,2500,本轮最优路径,蒸发和下界保护后,0.000993019796002687,0.0,0.0
1,81002,6,GP 表达式自身产生的状态,2500,本轮最优路径,沉积后,0.000993019796002687,0.0009930513753102544,8.235412705747724e-07
1,81002,6,GP 表达式自身产生的状态,2500,本轮最优路径,重启和可选上界处理后,0.000993019796002687,0.0009930513753102544,8.235412705747724e-07
1,81002,7,GP 表达式自身产生的状态,2500,本轮最优路径,更新前,0.0021454147767430262,0.0,0.0
1,81002,7,GP 表达式自身产生的状态,2500,本轮最优路径,蒸发和下界保护后,0.0021454147767430262,0.0,0.0
1,81002,7,GP 表达式自身产生的状态,2500,本轮最优路径,沉积后,0.0021454147767430262,0.002145428425958361,1.7837536190059857e-06
1,81002,7,GP 表达式自身产生的状态,2500,本轮最优路径,重启和可选上界处理后,0.0021454147767430262,0.0,0.0
1,81002,0,GP 表达式自身产生的状态,2500,历史重启阶段最优路径,更新前,0.0024259979500424918,0.0,0.0
1,81002,0,GP 表达式自身产生的状态,2500,历史重启阶段最优路径,蒸发和下界保护后,0.0024259979500424918,0.0,0.0
1,81002,0,GP 表达式自身产生的状态,2500,历史重启阶段最优路径,沉积后,0.0024259979500424918,0.002425945656013556,2.0172815055058797e-06
1,81002,0,GP 表达式自身产生的状态,2500,历史重启阶段最优路径,重启和可选上界处理后,0.0024259979500424918,0.0,0.0
1,81002,1,GP 表达式自身产生的状态,2500,历史重启阶段最优路径,更新前,0.00032907150520637034,0.0,0.0
1,81002,1,GP 表达式自身产生的状态,2500,历史重启阶段最优路径,蒸发和下界保护后,0.00032907150520637034,0.0,0.0
1,81002,1,GP 表达式自身产生的状态,2500,历史重启阶段最优路径,沉积后,0.00032907150520637034,0.0003290334600586501,2.740542319377514e-07
1,81002,1,GP 表达式自身产生的状态,2500,历史重启阶段最优路径,重启和可选上界处理后,0.00032907150520637034,0.0003290334600586501,2.740542319377514e-07
1,81002,2,GP 表达式自身产生的状态,2500,历史重启阶段最优路径,更新前,0.020226065734049125,0.0,0.0
1,81002,2,GP 表达式自身产生的状态,2500,历史重启阶段最优路径,蒸发和下界保护后,0.020226065734049125,0.0,0.0
1,81002,2,GP 表达式自身产生的状态,2500,历史重启阶段最优路径,沉积后,0.020226065734049125,0.020226139839999907,1.668132995943084e-05
1,81002,2,GP 表达式自身产生的状态,2500,历史重启阶段最优路径,重启和可选上界处理后,0.020226065734049125,0.020226139839999907,1.668132995943084e-05
1,81002,3,GP 表达式自身产生的状态,2500,历史重启阶段最优路径,更新前,0.0021982068733790265,0.0,0.0
1,81002,3,GP 表达式自身产生的状态,2500,历史重启阶段最优路径,蒸发和下界保护后,0.0021982068733790265,0.0,0.0
1,81002,3,GP 表达式自身产生的状态,2500,历史重启阶段最优路径,沉积后,0.0021982068733790265,0.002198230498233072,1.8279108669189487e-06
1,81002,3,GP 表达式自身产生的状态,2500,历史重启阶段最优路径,重启和可选上界处理后,0.0021982068733790265,0.0,0.0
1,81002,4,GP 表达式自身产生的状态,2500,历史重启阶段最优路径,更新前,0.013635930616859913,0.0,0.0
1,81002,4,GP 表达式自身产生的状态,2500,历史重启阶段最优路径,蒸发和下界保护后,0.013635930616859913,0.0,0.0
1,81002,4,GP 表达式自身产生的状态,2500,历史重启阶段最优路径,沉积后,0.013635930616859913,0.013635934381190989,1.1219593279063833e-05
1,81002,4,GP 表达式自身产生的状态,2500,历史重启阶段最优路径,重启和可选上界处理后,0.013635930616859913,0.013635934381190989,1.1219593279063833e-05
1,81002,5,GP 表达式自身产生的状态,2500,历史重启阶段最优路径,更新前,0.0002617832192435853,0.0,0.0
1,81002,5,GP 表达式自身产生的状态,2500,历史重启阶段最优路径,蒸发和下界保护后,0.0002617832192435853,0.0,0.0
1,81002,5,GP 表达式自身产生的状态,2500,历史重启阶段最优路径,沉积后,0.0002617832192435853,0.0002617928073544226,2.1719384954288323e-07
1,81002,5,GP 表达式自身产生的状态,2500,历史重启阶段最优路径,重启和可选上界处理后,0.0002617832192435853,0.0002617928073544226,2.1719384954288323e-07
1,81002,6,GP 表达式自身产生的状态,2500,历史重启阶段最优路径,更新前,4.596301670000125e-05,0.0,0.0
1,81002,6,GP 表达式自身产生的状态,2500,历史重启阶段最优路径,蒸发和下界保护后,4.596301670000125e-05,0.0,0.0
1,81002,6,GP 表达式自身产生的状态,2500,历史重启阶段最优路径,沉积后,4.596301670000125e-05,4.5946561581881844e-05,3.810365772049122e-08
1,81002,6,GP 表达式自身产生的状态,2500,历史重启阶段最优路径,重启和可选上界处理后,4.596301670000125e-05,4.5946561581881844e-05,3.810365772049122e-08
1,81002,7,GP 表达式自身产生的状态,2500,历史重启阶段最优路径,更新前,0.00215030722116228,0.0,0.0
1,81002,7,GP 表达式自身产生的状态,2500,历史重启阶段最优路径,蒸发和下界保护后,0.00215030722116228,0.0,0.0
1,81002,7,GP 表达式自身产生的状态,2500,历史重启阶段最优路径,沉积后,0.00215030722116228,0.0021503205014799034,1.7878209918954374e-06
1,81002,7,GP 表达式自身产生的状态,2500,历史重启阶段最优路径,重启和可选上界处理后,0.00215030722116228,0.0,0.0
1,81002,0,GP 表达式自身产生的状态,2500,历史全局最优路径,更新前,0.0024237718770984706,0.0,0.0
1,81002,0,GP 表达式自身产生的状态,2500,历史全局最优路径,蒸发和下界保护后,0.0024237718770984706,0.0,0.0
1,81002,0,GP 表达式自身产生的状态,2500,历史全局最优路径,沉积后,0.0024237718770984706,0.0024237236531236737,2.015433811463835e-06
1,81002,0,GP 表达式自身产生的状态,2500,历史全局最优路径,重启和可选上界处理后,0.0024237718770984706,0.0,0.0
1,81002,1,GP 表达式自身产生的状态,2500,历史全局最优路径,更新前,0.00032907150520637034,0.0,0.0
1,81002,1,GP 表达式自身产生的状态,2500,历史全局最优路径,蒸发和下界保护后,0.00032907150520637034,0.0,0.0
1,81002,1,GP 表达式自身产生的状态,2500,历史全局最优路径,沉积后,0.00032907150520637034,0.0003290334600586501,2.740542319377514e-07
1,81002,1,GP 表达式自身产生的状态,2500,历史全局最优路径,重启和可选上界处理后,0.00032907150520637034,0.0003290334600586501,2.740542319377514e-07
1,81002,2,GP 表达式自身产生的状态,2500,历史全局最优路径,更新前,0.1012498132308645,0.0,0.0
1,81002,2,GP 表达式自身产生的状态,2500,历史全局最优路径,蒸发和下界保护后,0.1012498132308645,0.0,0.0
1,81002,2,GP 表达式自身产生的状态,2500,历史全局最优路径,沉积后,0.1012498132308645,0.1012498334024428,8.350490467703393e-05
1,81002,2,GP 表达式自身产生的状态,2500,历史全局最优路径,重启和可选上界处理后,0.1012498132308645,0.1012498334024428,8.350490467703393e-05
1,81002,3,GP 表达式自身产生的状态,2500,历史全局最优路径,更新前,0.0021931007963718464,0.0,0.0
1,81002,3,GP 表达式自身产生的状态,2500,历史全局最优路径,蒸发和下界保护后,0.0021931007963718464,0.0,0.0
1,81002,3,GP 表达式自身产生的状态,2500,历史全局最优路径,沉积后,0.0021931007963718464,0.002193137477066285,1.8236758293540978e-06
1,81002,3,GP 表达式自身产生的状态,2500,历史全局最优路径,重启和可选上界处理后,0.0021931007963718464,0.0,0.0
1,81002,4,GP 表达式自身产生的状态,2500,历史全局最优路径,更新前,0.15310437693005755,0.0,0.0
1,81002,4,GP 表达式自身产生的状态,2500,历史全局最优路径,蒸发和下界保护后,0.15310437693005755,0.0,0.0
1,81002,4,GP 表达式自身产生的状态,2500,历史全局最优路径,沉积后,0.15310437693005755,0.15310439890889382,0.00012597369838936553
1,81002,4,GP 表达式自身产生的状态,2500,历史全局最优路径,重启和可选上界处理后,0.15310437693005755,0.15310439890889382,0.00012597369838936553
1,81002,5,GP 表达式自身产生的状态,2500,历史全局最优路径,更新前,0.040359138945080454,0.0,0.0
1,81002,5,GP 表达式自身产生的状态,2500,历史全局最优路径,蒸发和下界保护后,0.040359138945080454,0.0,0.0
1,81002,5,GP 表达式自身产生的状态,2500,历史全局最优路径,沉积后,0.040359138945080454,0.04035919477458659,3.3483612350266486e-05
1,81002,5,GP 表达式自身产生的状态,2500,历史全局最优路径,重启和可选上界处理后,0.040359138945080454,0.04035919477458659,3.3483612350266486e-05
1,81002,6,GP 表达式自身产生的状态,2500,历史全局最优路径,更新前,0.04596869613562276,0.0,0.0
1,81002,6,GP 表达式自身产生的状态,2500,历史全局最优路径,蒸发和下界保护后,0.04596869613562276,0.0,0.0
1,81002,6,GP 表达式自身产生的状态,2500,历史全局最优路径,沉积后,0.04596869613562276,0.045968671210958545,3.8121989308723785e-05
1,81002,6,GP 表达式自身产生的状态,2500,历史全局最优路径,重启和可选上界处理后,0.04596869613562276,0.045968671210958545,3.8121989308723785e-05
1,81002,7,GP 表达式自身产生的状态,2500,历史全局最优路径,更新前,0.002144625950469381,0.0,0.0
1,81002,7,GP 表达式自身产生的状态,2500,历史全局最优路径,蒸发和下界保护后,0.002144625950469381,0.0,0.0
1,81002,7,GP 表达式自身产生的状态,2500,历史全局最优路径,沉积后,0.002144625950469381,0.0021446316069009615,1.7830911271418283e-06
1,81002,7,GP 表达式自身产生的状态,2500,历史全局最优路径,重启和可选上界处理后,0.002144625950469381,0.0,0.0
1,81003,0,GP 表达式自身产生的状态,2500,本轮最优路径,更新前,0.0035572566160407635,0.0,0.0
1,81003,0,GP 表达式自身产生的状态,2500,本轮最优路径,蒸发和下界保护后,0.0035572566160407635,0.0,0.0
1,81003,0,GP 表达式自身产生的状态,2500,本轮最优路径,沉积后,0.0035572566160407635,0.0035573285326113,2.9640683683910897e-06
1,81003,0,GP 表达式自身产生的状态,2500,本轮最优路径,重启和可选上界处理后,0.0035572566160407635,0.0035573285326113,2.9640683683910897e-06
1,81003,1,GP 表达式自身产生的状态,2500,本轮最优路径,更新前,0.004136742119206187,0.0,0.0
1,81003,1,GP 表达式自身产生的状态,2500,本轮最优路径,蒸发和下界保护后,0.004136742119206187,0.0,0.0
1,81003,1,GP 表达式自身产生的状态,2500,本轮最优路径,沉积后,0.004136742119206187,0.004136726474318907,3.4405977537683897e-06
1,81003,1,GP 表达式自身产生的状态,2500,本轮最优路径,重启和可选上界处理后,0.004136742119206187,0.0,0.0
1,81003,2,GP 表达式自身产生的状态,2500,本轮最优路径,更新前,0.0031596826868661456,0.0,0.0
1,81003,2,GP 表达式自身产生的状态,2500,本轮最优路径,蒸发和下界保护后,0.0031596826868661456,0.0,0.0
1,81003,2,GP 表达式自身产生的状态,2500,本轮最优路径,沉积后,0.0031596826868661456,0.0031596395038608594,2.627360928978307e-06
1,81003,2,GP 表达式自身产生的状态,2500,本轮最优路径,重启和可选上界处理后,0.0031596826868661456,0.0,0.0
1,81003,3,GP 表达式自身产生的状态,2500,本轮最优路径,更新前,0.0036168348464053804,0.0,0.0
1,81003,3,GP 表达式自身产生的状态,2500,本轮最优路径,蒸发和下界保护后,0.0036168348464053804,0.0,0.0
1,81003,3,GP 表达式自身产生的状态,2500,本轮最优路径,沉积后,0.0036168348464053804,0.003616858463710137,3.0075623128350177e-06
1,81003,3,GP 表达式自身产生的状态,2500,本轮最优路径,重启和可选上界处理后,0.0036168348464053804,0.003616858463710137,3.0075623128350177e-06
1,81003,4,GP 表达式自身产生的状态,2500,本轮最优路径,更新前,0.0033153181428515178,0.0,0.0
1,81003,4,GP 表达式自身产生的状态,2500,本轮最优路径,蒸发和下界保护后,0.0033153181428515178,0.0,0.0
1,81003,4,GP 表达式自身产生的状态,2500,本轮最优路径,沉积后,0.0033153181428515178,0.003315314417737013,2.756763839467443e-06
1,81003,4,GP 表达式自身产生的状态,2500,本轮最优路径,重启和可选上界处理后,0.0033153181428515178,0.0,0.0
1,81003,5,GP 表达式自身产生的状态,2500,本轮最优路径,更新前,0.13610991365860556,0.0,0.0
1,81003,5,GP 表达式自身产生的状态,2500,本轮最优路径,蒸发和下界保护后,0.13610991365860556,0.0,0.0
1,81003,5,GP 表达式自身产生的状态,2500,本轮最优路径,沉积后,0.13610991365860556,0.1361099404238572,0.0001091163813470907
1,81003,5,GP 表达式自身产生的状态,2500,本轮最优路径,重启和可选上界处理后,0.13610991365860556,0.1361099404238572,0.0001091163813470907
1,81003,6,GP 表达式自身产生的状态,2500,本轮最优路径,更新前,0.07015416935584985,0.0,0.0
1,81003,6,GP 表达式自身产生的状态,2500,本轮最优路径,蒸发和下界保护后,0.07015416935584985,0.0,0.0
1,81003,6,GP 表达式自身产生的状态,2500,本轮最优路径,沉积后,0.07015416935584985,0.07015411816767511,5.76441624578491e-05
1,81003,6,GP 表达式自身产生的状态,2500,本轮最优路径,重启和可选上界处理后,0.07015416935584985,0.07015411816767511,5.76441624578491e-05
1,81003,7,GP 表达式自身产生的状态,2500,本轮最优路径,更新前,0.0729735524473047,0.0,0.0
1,81003,7,GP 表达式自身产生的状态,2500,本轮最优路径,蒸发和下界保护后,0.0729735524473047,0.0,0.0
1,81003,7,GP 表达式自身产生的状态,2500,本轮最优路径,沉积后,0.0729735524473047,0.07297358890693416,5.9439689671562154e-05
1,81003,7,GP 表达式自身产生的状态,2500,本轮最优路径,重启和可选上界处理后,0.0729735524473047,0.07297358890693416,5.9439689671562154e-05
1,81003,0,GP 表达式自身产生的状态,2500,历史重启阶段最优路径,更新前,0.003557648216544711,0.0,0.0
1,81003,0,GP 表达式自身产生的状态,2500,历史重启阶段最优路径,蒸发和下界保护后,0.003557648216544711,0.0,0.0
1,81003,0,GP 表达式自身产生的状态,2500,历史重启阶段最优路径,沉积后,0.003557648216544711,0.003557672352927973,2.964354849360086e-06
1,81003,0,GP 表达式自身产生的状态,2500,历史重启阶段最优路径,重启和可选上界处理后,0.003557648216544711,0.003557672352927973,2.964354849360086e-06
1,81003,1,GP 表达式自身产生的状态,2500,历史重启阶段最优路径,更新前,0.004136830231211349,0.0,0.0
1,81003,1,GP 表达式自身产生的状态,2500,历史重启阶段最优路径,蒸发和下界保护后,0.004136830231211349,0.0,0.0
1,81003,1,GP 表达式自身产生的状态,2500,历史重启阶段最优路径,沉积后,0.004136830231211349,0.00413684362323486,3.4406951888537375e-06
1,81003,1,GP 表达式自身产生的状态,2500,历史重启阶段最优路径,重启和可选上界处理后,0.004136830231211349,0.0,0.0
1,81003,2,GP 表达式自身产生的状态,2500,历史重启阶段最优路径,更新前,0.003159844318171243,0.0,0.0
1,81003,2,GP 表达式自身产生的状态,2500,历史重启阶段最优路径,蒸发和下界保护后,0.003159844318171243,0.0,0.0
1,81003,2,GP 表达式自身产生的状态,2500,历史重启阶段最优路径,沉积后,0.003159844318171243,0.003159828825963132,2.62751835753745e-06
1,81003,2,GP 表达式自身产生的状态,2500,历史重启阶段最优路径,重启和可选上界处理后,0.003159844318171243,0.0,0.0
1,81003,3,GP 表达式自身产生的状态,2500,历史重启阶段最优路径,更新前,0.0036170720138657742,0.0,0.0
1,81003,3,GP 表达式自身产生的状态,2500,历史重启阶段最优路径,蒸发和下界保护后,0.0036170720138657742,0.0,0.0
1,81003,3,GP 表达式自身产生的状态,2500,历史重启阶段最优路径,沉积后,0.0036170720138657742,0.0036170832010101327,3.0077491908786395e-06
1,81003,3,GP 表达式自身产生的状态,2500,历史重启阶段最优路径,重启和可选上界处理后,0.0036170720138657742,0.0036170832010101327,3.0077491908786395e-06
1,81003,4,GP 表达式自身产生的状态,2500,历史重启阶段最优路径,更新前,0.0033149059769563166,0.0,0.0
1,81003,4,GP 表达式自身产生的状态,2500,历史重启阶段最优路径,蒸发和下界保护后,0.0033149059769563166,0.0,0.0
1,81003,4,GP 表达式自身产生的状态,2500,历史重启阶段最优路径,沉积后,0.0033149059769563166,0.0033149202765894157,2.756436101604171e-06
1,81003,4,GP 表达式自身产生的状态,2500,历史重启阶段最优路径,重启和可选上界处理后,0.0033149059769563166,0.0,0.0
1,81003,5,GP 表达式自身产生的状态,2500,历史重启阶段最优路径,更新前,0.09686000587985079,0.0,0.0
1,81003,5,GP 表达式自身产生的状态,2500,历史重启阶段最优路径,蒸发和下界保护后,0.09686000587985079,0.0,0.0
1,81003,5,GP 表达式自身产生的状态,2500,历史重启阶段最优路径,沉积后,0.09686000587985079,0.09686002724178872,7.765057891357424e-05
1,81003,5,GP 表达式自身产生的状态,2500,历史重启阶段最优路径,重启和可选上界处理后,0.09686000587985079,0.09686002724178872,7.765057891357424e-05
1,81003,6,GP 表达式自身产生的状态,2500,历史重启阶段最优路径,更新前,0.07015416935584985,0.0,0.0
1,81003,6,GP 表达式自身产生的状态,2500,历史重启阶段最优路径,蒸发和下界保护后,0.07015416935584985,0.0,0.0
1,81003,6,GP 表达式自身产生的状态,2500,历史重启阶段最优路径,沉积后,0.07015416935584985,0.07015411816767511,5.76441624578491e-05
1,81003,6,GP 表达式自身产生的状态,2500,历史重启阶段最优路径,重启和可选上界处理后,0.07015416935584985,0.07015411816767511,5.76441624578491e-05
1,81003,7,GP 表达式自身产生的状态,2500,历史重启阶段最优路径,更新前,0.05449108116397499,0.0,0.0
1,81003,7,GP 表达式自身产生的状态,2500,历史重启阶段最优路径,蒸发和下界保护后,0.05449108116397499,0.0,0.0
1,81003,7,GP 表达式自身产生的状态,2500,历史重启阶段最优路径,沉积后,0.05449108116397499,0.054491064694280306,4.438498947107788e-05
1,81003,7,GP 表达式自身产生的状态,2500,历史重启阶段最优路径,重启和可选上界处理后,0.05449108116397499,0.054491064694280306,4.438498947107788e-05
1,81003,0,GP 表达式自身产生的状态,2500,历史全局最优路径,更新前,0.003557648216544711,0.0,0.0
1,81003,0,GP 表达式自身产生的状态,2500,历史全局最优路径,蒸发和下界保护后,0.003557648216544711,0.0,0.0
1,81003,0,GP 表达式自身产生的状态,2500,历史全局最优路径,沉积后,0.003557648216544711,0.003557672352927973,2.964354849360086e-06
1,81003,0,GP 表达式自身产生的状态,2500,历史全局最优路径,重启和可选上界处理后,0.003557648216544711,0.003557672352927973,2.964354849360086e-06
1,81003,1,GP 表达式自身产生的状态,2500,历史全局最优路径,更新前,0.004136830231211349,0.0,0.0
1,81003,1,GP 表达式自身产生的状态,2500,历史全局最优路径,蒸发和下界保护后,0.004136830231211349,0.0,0.0
1,81003,1,GP 表达式自身产生的状态,2500,历史全局最优路径,沉积后,0.004136830231211349,0.00413684362323486,3.4406951888537375e-06
1,81003,1,GP 表达式自身产生的状态,2500,历史全局最优路径,重启和可选上界处理后,0.004136830231211349,0.0,0.0
1,81003,2,GP 表达式自身产生的状态,2500,历史全局最优路径,更新前,0.003159751608894357,0.0,0.0
1,81003,2,GP 表达式自身产生的状态,2500,历史全局最优路径,蒸发和下界保护后,0.003159751608894357,0.0,0.0
1,81003,2,GP 表达式自身产生的状态,2500,历史全局最优路径,沉积后,0.003159751608894357,0.0031596990329754914,2.627410429710821e-06
1,81003,2,GP 表达式自身产生的状态,2500,历史全局最优路径,重启和可选上界处理后,0.003159751608894357,0.0,0.0
1,81003,3,GP 表达式自身产生的状态,2500,历史全局最优路径,更新前,0.0036171084342357406,0.0,0.0
1,81003,3,GP 表达式自身产生的状态,2500,历史全局最优路径,蒸发和下界保护后,0.0036171084342357406,0.0,0.0
1,81003,3,GP 表达式自身产生的状态,2500,历史全局最优路径,沉积后,0.0036171084342357406,0.003617117011046415,3.0077773052745826e-06
1,81003,3,GP 表达式自身产生的状态,2500,历史全局最优路径,重启和可选上界处理后,0.0036171084342357406,0.003617117011046415,3.0077773052745826e-06
1,81003,4,GP 表达式自身产生的状态,2500,历史全局最优路径,更新前,0.0033149059769563166,0.0,0.0
1,81003,4,GP 表达式自身产生的状态,2500,历史全局最优路径,蒸发和下界保护后,0.0033149059769563166,0.0,0.0
1,81003,4,GP 表达式自身产生的状态,2500,历史全局最优路径,沉积后,0.0033149059769563166,0.0033149202765894157,2.756436101604171e-06
1,81003,4,GP 表达式自身产生的状态,2500,历史全局最优路径,重启和可选上界处理后,0.0033149059769563166,0.0,0.0
1,81003,5,GP 表达式自身产生的状态,2500,历史全局最优路径,更新前,0.13979510391640862,0.0,0.0
1,81003,5,GP 表达式自身产生的状态,2500,历史全局最优路径,蒸发和下界保护后,0.13979510391640862,0.0,0.0
1,81003,5,GP 表达式自身产生的状态,2500,历史全局最优路径,沉积后,0.13979510391640862,0.13979508971700283,0.00011207070912741045
1,81003,5,GP 表达式自身产生的状态,2500,历史全局最优路径,重启和可选上界处理后,0.13979510391640862,0.13979508971700283,0.00011207070912741045
1,81003,6,GP 表达式自身产生的状态,2500,历史全局最优路径,更新前,0.09769371730055418,0.0,0.0
1,81003,6,GP 表达式自身产生的状态,2500,历史全局最优路径,蒸发和下界保护后,0.09769371730055418,0.0,0.0
1,81003,6,GP 表达式自身产生的状态,2500,历史全局最优路径,沉积后,0.09769371730055418,0.09769367845129508,8.027283955435898e-05
1,81003,6,GP 表达式自身产生的状态,2500,历史全局最优路径,重启和可选上界处理后,0.09769371730055418,0.09769367845129508,8.027283955435898e-05
1,81003,7,GP 表达式自身产生的状态,2500,历史全局最优路径,更新前,0.0967333319357645,0.0,0.0
1,81003,7,GP 表达式自身产生的状态,2500,历史全局最优路径,蒸发和下界保护后,0.0967333319357645,0.0,0.0
1,81003,7,GP 表达式自身产生的状态,2500,历史全局最优路径,沉积后,0.0967333319357645,0.09673329421890645,7.879284077965849e-05
1,81003,7,GP 表达式自身产生的状态,2500,历史全局最优路径,重启和可选上界处理后,0.0967333319357645,0.09673329421890645,7.879284077965849e-05
2,81003,0,不使用 GP 产生的状态,1,本轮最优路径,更新前,0.21357034560021876,0.0,0.0
2,81003,0,不使用 GP 产生的状态,1,本轮最优路径,蒸发和下界保护后,0.21357034560021876,0.0,0.0
2,81003,0,不使用 GP 产生的状态,1,本轮最优路径,沉积后,0.21357034560021876,0.21357037343082444,0.00017085407219904572
2,81003,0,不使用 GP 产生的状态,1,本轮最优路径,重启和可选上界处理后,0.21357034560021876,0.21357037343082444,0.00017085407219904572
2,81003,1,不使用 GP 产生的状态,1,本轮最优路径,更新前,0.22668538674490912,0.0,0.0
2,81003,1,不使用 GP 产生的状态,1,本轮最优路径,蒸发和下界保护后,0.22668538674490912,0.0,0.0
2,81003,1,不使用 GP 产生的状态,1,本轮最优路径,沉积后,0.22668538674490912,0.22668539855805098,0.0001809610828944287
2,81003,1,不使用 GP 产生的状态,1,本轮最优路径,重启和可选上界处理后,0.22668538674490912,0.22668539855805098,0.0001809610828944287
2,81003,2,不使用 GP 产生的状态,1,本轮最优路径,更新前,0.2252452069660911,0.0,0.0
2,81003,2,不使用 GP 产生的状态,1,本轮最优路径,蒸发和下界保护后,0.2252452069660911,0.0,0.0
2,81003,2,不使用 GP 产生的状态,1,本轮最优路径,沉积后,0.2252452069660911,0.22524526780823687,0.0001829696131518982
2,81003,2,不使用 GP 产生的状态,1,本轮最优路径,重启和可选上界处理后,0.2252452069660911,0.22524526780823687,0.0001829696131518982
2,81003,3,不使用 GP 产生的状态,1,本轮最优路径,更新前,0.2331136084462141,0.0,0.0
2,81003,3,不使用 GP 产生的状态,1,本轮最优路径,蒸发和下界保护后,0.2331136084462141,0.0,0.0
2,81003,3,不使用 GP 产生的状态,1,本轮最优路径,沉积后,0.2331136084462141,0.2331135673172587,0.00018797235918009103
2,81003,3,不使用 GP 产生的状态,1,本轮最优路径,重启和可选上界处理后,0.2331136084462141,0.2331135673172587,0.00018797235918009103
2,81003,4,不使用 GP 产生的状态,1,本轮最优路径,更新前,0.22488429448969774,0.0,0.0
2,81003,4,不使用 GP 产生的状态,1,本轮最优路径,蒸发和下界保护后,0.22488429448969774,0.0,0.0
2,81003,4,不使用 GP 产生的状态,1,本轮最优路径,沉积后,0.22488429448969774,0.2248843698033575,0.00018043936715561858
2,81003,4,不使用 GP 产生的状态,1,本轮最优路径,重启和可选上界处理后,0.22488429448969774,0.2248843698033575,0.00018043936715561858
2,81003,5,不使用 GP 产生的状态,1,本轮最优路径,更新前,0.22481694293236396,0.0,0.0
2,81003,5,不使用 GP 产生的状态,1,本轮最优路径,蒸发和下界保护后,0.22481694293236396,0.0,0.0
2,81003,5,不使用 GP 产生的状态,1,本轮最优路径,沉积后,0.22481694293236396,0.22481697815377485,0.00018017514550676544
2,81003,5,不使用 GP 产生的状态,1,本轮最优路径,重启和可选上界处理后,0.22481694293236396,0.22481697815377485,0.00018017514550676544
2,81003,6,不使用 GP 产生的状态,1,本轮最优路径,更新前,0.22954581729986126,0.0,0.0
2,81003,6,不使用 GP 产生的状态,1,本轮最优路径,蒸发和下界保护后,0.22954581729986126,0.0,0.0
2,81003,6,不使用 GP 产生的状态,1,本轮最优路径,沉积后,0.22954581729986126,0.2295457962115402,0.00018255294686538246
2,81003,6,不使用 GP 产生的状态,1,本轮最优路径,重启和可选上界处理后,0.22954581729986126,0.2295457962115402,0.00018255294686538246
2,81003,7,不使用 GP 产生的状态,1,本轮最优路径,更新前,0.22485657685172666,0.0,0.0
2,81003,7,不使用 GP 产生的状态,1,本轮最优路径,蒸发和下界保护后,0.22485657685172666,0.0,0.0
2,81003,7,不使用 GP 产生的状态,1,本轮最优路径,沉积后,0.22485657685172666,0.22485667123475214,0.00017978949823084265
2,81003,7,不使用 GP 产生的状态,1,本轮最优路径,重启和可选上界处理后,0.22485657685172666,0.22485667123475214,0.00017978949823084265
2,81003,0,不使用 GP 产生的状态,1,历史重启阶段最优路径,更新前,0.21357034560021876,0.0,0.0
2,81003,0,不使用 GP 产生的状态,1,历史重启阶段最优路径,蒸发和下界保护后,0.21357034560021876,0.0,0.0
2,81003,0,不使用 GP 产生的状态,1,历史重启阶段最优路径,沉积后,0.21357034560021876,0.21357037343082444,0.00017085407219904572
2,81003,0,不使用 GP 产生的状态,1,历史重启阶段最优路径,重启和可选上界处理后,0.21357034560021876,0.21357037343082444,0.00017085407219904572
2,81003,1,不使用 GP 产生的状态,1,历史重启阶段最优路径,更新前,0.22668538674490912,0.0,0.0
2,81003,1,不使用 GP 产生的状态,1,历史重启阶段最优路径,蒸发和下界保护后,0.22668538674490912,0.0,0.0
2,81003,1,不使用 GP 产生的状态,1,历史重启阶段最优路径,沉积后,0.22668538674490912,0.22668539855805098,0.0001809610828944287
2,81003,1,不使用 GP 产生的状态,1,历史重启阶段最优路径,重启和可选上界处理后,0.22668538674490912,0.22668539855805098,0.0001809610828944287
2,81003,2,不使用 GP 产生的状态,1,历史重启阶段最优路径,更新前,0.2252452069660911,0.0,0.0
2,81003,2,不使用 GP 产生的状态,1,历史重启阶段最优路径,蒸发和下界保护后,0.2252452069660911,0.0,0.0
2,81003,2,不使用 GP 产生的状态,1,历史重启阶段最优路径,沉积后,0.2252452069660911,0.22524526780823687,0.0001829696131518982
2,81003,2,不使用 GP 产生的状态,1,历史重启阶段最优路径,重启和可选上界处理后,0.2252452069660911,0.22524526780823687,0.0001829696131518982
2,81003,3,不使用 GP 产生的状态,1,历史重启阶段最优路径,更新前,0.2331136084462141,0.0,0.0
2,81003,3,不使用 GP 产生的状态,1,历史重启阶段最优路径,蒸发和下界保护后,0.2331136084462141,0.0,0.0
2,81003,3,不使用 GP 产生的状态,1,历史重启阶段最优路径,沉积后,0.2331136084462141,0.2331135673172587,0.00018797235918009103
2,81003,3,不使用 GP 产生的状态,1,历史重启阶段最优路径,重启和可选上界处理后,0.2331136084462141,0.2331135673172587,0.00018797235918009103
2,81003,4,不使用 GP 产生的状态,1,历史重启阶段最优路径,更新前,0.22488429448969774,0.0,0.0
2,81003,4,不使用 GP 产生的状态,1,历史重启阶段最优路径,蒸发和下界保护后,0.22488429448969774,0.0,0.0
2,81003,4,不使用 GP 产生的状态,1,历史重启阶段最优路径,沉积后,0.22488429448969774,0.2248843698033575,0.00018043936715561858
2,81003,4,不使用 GP 产生的状态,1,历史重启阶段最优路径,重启和可选上界处理后,0.22488429448969774,0.2248843698033575,0.00018043936715561858
2,81003,5,不使用 GP 产生的状态,1,历史重启阶段最优路径,更新前,0.22481694293236396,0.0,0.0
2,81003,5,不使用 GP 产生的状态,1,历史重启阶段最优路径,蒸发和下界保护后,0.22481694293236396,0.0,0.0
2,81003,5,不使用 GP 产生的状态,1,历史重启阶段最优路径,沉积后,0.22481694293236396,0.22481697815377485,0.00018017514550676544
2,81003,5,不使用 GP 产生的状态,1,历史重启阶段最优路径,重启和可选上界处理后,0.22481694293236396,0.22481697815377485,0.00018017514550676544
2,81003,6,不使用 GP 产生的状态,1,历史重启阶段最优路径,更新前,0.22954581729986126,0.0,0.0
2,81003,6,不使用 GP 产生的状态,1,历史重启阶段最优路径,蒸发和下界保护后,0.22954581729986126,0.0,0.0
2,81003,6,不使用 GP 产生的状态,1,历史重启阶段最优路径,沉积后,0.22954581729986126,0.2295457962115402,0.00018255294686538246
2,81003,6,不使用 GP 产生的状态,1,历史重启阶段最优路径,重启和可选上界处理后,0.22954581729986126,0.2295457962115402,0.00018255294686538246
2,81003,7,不使用 GP 产生的状态,1,历史重启阶段最优路径,更新前,0.22485657685172666,0.0,0.0
2,81003,7,不使用 GP 产生的状态,1,历史重启阶段最优路径,蒸发和下界保护后,0.22485657685172666,0.0,0.0
2,81003,7,不使用 GP 产生的状态,1,历史重启阶段最优路径,沉积后,0.22485657685172666,0.22485667123475214,0.00017978949823084265
2,81003,7,不使用 GP 产生的状态,1,历史重启阶段最优路径,重启和可选上界处理后,0.22485657685172666,0.22485667123475214,0.00017978949823084265
2,81003,0,不使用 GP 产生的状态,1,历史全局最优路径,更新前,0.21357034560021876,0.0,0.0
2,81003,0,不使用 GP 产生的状态,1,历史全局最优路径,蒸发和下界保护后,0.21357034560021876,0.0,0.0
2,81003,0,不使用 GP 产生的状态,1,历史全局最优路径,沉积后,0.21357034560021876,0.21357037343082444,0.00017085407219904572
2,81003,0,不使用 GP 产生的状态,1,历史全局最优路径,重启和可选上界处理后,0.21357034560021876,0.21357037343082444,0.00017085407219904572
2,81003,1,不使用 GP 产生的状态,1,历史全局最优路径,更新前,0.22668538674490912,0.0,0.0
2,81003,1,不使用 GP 产生的状态,1,历史全局最优路径,蒸发和下界保护后,0.22668538674490912,0.0,0.0
2,81003,1,不使用 GP 产生的状态,1,历史全局最优路径,沉积后,0.22668538674490912,0.22668539855805098,0.0001809610828944287
2,81003,1,不使用 GP 产生的状态,1,历史全局最优路径,重启和可选上界处理后,0.22668538674490912,0.22668539855805098,0.0001809610828944287
2,81003,2,不使用 GP 产生的状态,1,历史全局最优路径,更新前,0.2252452069660911,0.0,0.0
2,81003,2,不使用 GP 产生的状态,1,历史全局最优路径,蒸发和下界保护后,0.2252452069660911,0.0,0.0
2,81003,2,不使用 GP 产生的状态,1,历史全局最优路径,沉积后,0.2252452069660911,0.22524526780823687,0.0001829696131518982
2,81003,2,不使用 GP 产生的状态,1,历史全局最优路径,重启和可选上界处理后,0.2252452069660911,0.22524526780823687,0.0001829696131518982
2,81003,3,不使用 GP 产生的状态,1,历史全局最优路径,更新前,0.2331136084462141,0.0,0.0
2,81003,3,不使用 GP 产生的状态,1,历史全局最优路径,蒸发和下界保护后,0.2331136084462141,0.0,0.0
2,81003,3,不使用 GP 产生的状态,1,历史全局最优路径,沉积后,0.2331136084462141,0.2331135673172587,0.00018797235918009103
2,81003,3,不使用 GP 产生的状态,1,历史全局最优路径,重启和可选上界处理后,0.2331136084462141,0.2331135673172587,0.00018797235918009103
2,81003,4,不使用 GP 产生的状态,1,历史全局最优路径,更新前,0.22488429448969774,0.0,0.0
2,81003,4,不使用 GP 产生的状态,1,历史全局最优路径,蒸发和下界保护后,0.22488429448969774,0.0,0.0
2,81003,4,不使用 GP 产生的状态,1,历史全局最优路径,沉积后,0.22488429448969774,0.2248843698033575,0.00018043936715561858
2,81003,4,不使用 GP 产生的状态,1,历史全局最优路径,重启和可选上界处理后,0.22488429448969774,0.2248843698033575,0.00018043936715561858
2,81003,5,不使用 GP 产生的状态,1,历史全局最优路径,更新前,0.22481694293236396,0.0,0.0
2,81003,5,不使用 GP 产生的状态,1,历史全局最优路径,蒸发和下界保护后,0.22481694293236396,0.0,0.0
2,81003,5,不使用 GP 产生的状态,1,历史全局最优路径,沉积后,0.22481694293236396,0.22481697815377485,0.00018017514550676544
2,81003,5,不使用 GP 产生的状态,1,历史全局最优路径,重启和可选上界处理后,0.22481694293236396,0.22481697815377485,0.00018017514550676544
2,81003,6,不使用 GP 产生的状态,1,历史全局最优路径,更新前,0.22954581729986126,0.0,0.0
2,81003,6,不使用 GP 产生的状态,1,历史全局最优路径,蒸发和下界保护后,0.22954581729986126,0.0,0.0
2,81003,6,不使用 GP 产生的状态,1,历史全局最优路径,沉积后,0.22954581729986126,0.2295457962115402,0.00018255294686538246
2,81003,6,不使用 GP 产生的状态,1,历史全局最优路径,重启和可选上界处理后,0.22954581729986126,0.2295457962115402,0.00018255294686538246
2,81003,7,不使用 GP 产生的状态,1,历史全局最优路径,更新前,0.22485657685172666,0.0,0.0
2,81003,7,不使用 GP 产生的状态,1,历史全局最优路径,蒸发和下界保护后,0.22485657685172666,0.0,0.0
2,81003,7,不使用 GP 产生的状态,1,历史全局最优路径,沉积后,0.22485657685172666,0.22485667123475214,0.00017978949823084265
2,81003,7,不使用 GP 产生的状态,1,历史全局最优路径,重启和可选上界处理后,0.22485657685172666,0.22485667123475214,0.00017978949823084265
2,81002,0,不使用 GP 产生的状态,1,本轮最优路径,更新前,0.1610388981870488,0.0,0.0
2,81002,0,不使用 GP 产生的状态,1,本轮最优路径,蒸发和下界保护后,0.1610388981870488,0.0,0.0
2,81002,0,不使用 GP 产生的状态,1,本轮最优路径,沉积后,0.1610388981870488,0.16103890491387768,0.00012882944504436503
2,81002,0,不使用 GP 产生的状态,1,本轮最优路径,重启和可选上界处理后,0.1610388981870488,0.16103890491387768,0.00012882944504436503
2,81002,1,不使用 GP 产生的状态,1,本轮最优路径,更新前,0.16436934541950624,0.0,0.0
2,81002,1,不使用 GP 产生的状态,1,本轮最优路径,蒸发和下界保护后,0.16436934541950624,0.0,0.0
2,81002,1,不使用 GP 产生的状态,1,本轮最优路径,沉积后,0.16436934541950624,0.16436935709840783,0.0001312147012749557
2,81002,1,不使用 GP 产生的状态,1,本轮最优路径,重启和可选上界处理后,0.16436934541950624,0.16436935709840783,0.0001312147012749557
2,81002,2,不使用 GP 产生的状态,1,本轮最优路径,更新前,0.16284194188651335,0.0,0.0
2,81002,2,不使用 GP 产生的状态,1,本轮最优路径,蒸发和下界保护后,0.16284194188651335,0.0,0.0
2,81002,2,不使用 GP 产生的状态,1,本轮最优路径,沉积后,0.16284194188651335,0.16284193528758215,0.00013227858766756204
2,81002,2,不使用 GP 产生的状态,1,本轮最优路径,重启和可选上界处理后,0.16284194188651335,0.16284193528758215,0.00013227858766756204
2,81002,3,不使用 GP 产生的状态,1,本轮最优路径,更新前,0.16126172352358686,0.0,0.0
2,81002,3,不使用 GP 产生的状态,1,本轮最优路径,蒸发和下界保护后,0.16126172352358686,0.0,0.0
2,81002,3,不使用 GP 产生的状态,1,本轮最优路径,沉积后,0.16126172352358686,0.16126173429858476,0.0001300342532201203
2,81002,3,不使用 GP 产生的状态,1,本轮最优路径,重启和可选上界处理后,0.16126172352358686,0.16126173429858476,0.0001300342532201203
2,81002,4,不使用 GP 产生的状态,1,本轮最优路径,更新前,0.15953510923183697,0.0,0.0
2,81002,4,不使用 GP 产生的状态,1,本轮最优路径,蒸发和下界保护后,0.15953510923183697,0.0,0.0
2,81002,4,不使用 GP 产生的状态,1,本轮最优路径,沉积后,0.15953510923183697,0.15953510858702827,0.00012800540143237868
2,81002,4,不使用 GP 产生的状态,1,本轮最优路径,重启和可选上界处理后,0.15953510923183697,0.15953510858702827,0.00012800540143237868
2,81002,5,不使用 GP 产生的状态,1,本轮最优路径,更新前,0.16889248705240217,0.0,0.0
2,81002,5,不使用 GP 产生的状态,1,本轮最优路径,蒸发和下界保护后,0.16889248705240217,0.0,0.0
2,81002,5,不使用 GP 产生的状态,1,本轮最优路径,沉积后,0.16889248705240217,0.1688925027207504,0.0001353555745771954
2,81002,5,不使用 GP 产生的状态,1,本轮最优路径,重启和可选上界处理后,0.16889248705240217,0.1688925027207504,0.0001353555745771954
2,81002,6,不使用 GP 产生的状态,1,本轮最优路径,更新前,0.1642316482588687,0.0,0.0
2,81002,6,不使用 GP 产生的状态,1,本轮最优路径,蒸发和下界保护后,0.1642316482588687,0.0,0.0
2,81002,6,不使用 GP 产生的状态,1,本轮最优路径,沉积后,0.1642316482588687,0.16423165162265,0.0001306099805228163
2,81002,6,不使用 GP 产生的状态,1,本轮最优路径,重启和可选上界处理后,0.1642316482588687,0.16423165162265,0.0001306099805228163
2,81002,7,不使用 GP 产生的状态,1,本轮最优路径,更新前,0.15834159959197305,0.0,0.0
2,81002,7,不使用 GP 产生的状态,1,本轮最优路径,蒸发和下界保护后,0.15834159959197305,0.0,0.0
2,81002,7,不使用 GP 产生的状态,1,本轮最优路径,沉积后,0.15834159959197305,0.15834161680065933,0.00012660580483258118
2,81002,7,不使用 GP 产生的状态,1,本轮最优路径,重启和可选上界处理后,0.15834159959197305,0.15834161680065933,0.00012660580483258118
2,81002,0,不使用 GP 产生的状态,1,历史重启阶段最优路径,更新前,0.1610388981870488,0.0,0.0
2,81002,0,不使用 GP 产生的状态,1,历史重启阶段最优路径,蒸发和下界保护后,0.1610388981870488,0.0,0.0
2,81002,0,不使用 GP 产生的状态,1,历史重启阶段最优路径,沉积后,0.1610388981870488,0.16103890491387768,0.00012882944504436503
2,81002,0,不使用 GP 产生的状态,1,历史重启阶段最优路径,重启和可选上界处理后,0.1610388981870488,0.16103890491387768,0.00012882944504436503
2,81002,1,不使用 GP 产生的状态,1,历史重启阶段最优路径,更新前,0.16436934541950624,0.0,0.0
2,81002,1,不使用 GP 产生的状态,1,历史重启阶段最优路径,蒸发和下界保护后,0.16436934541950624,0.0,0.0
2,81002,1,不使用 GP 产生的状态,1,历史重启阶段最优路径,沉积后,0.16436934541950624,0.16436935709840783,0.0001312147012749557
2,81002,1,不使用 GP 产生的状态,1,历史重启阶段最优路径,重启和可选上界处理后,0.16436934541950624,0.16436935709840783,0.0001312147012749557
2,81002,2,不使用 GP 产生的状态,1,历史重启阶段最优路径,更新前,0.16284194188651335,0.0,0.0
2,81002,2,不使用 GP 产生的状态,1,历史重启阶段最优路径,蒸发和下界保护后,0.16284194188651335,0.0,0.0
2,81002,2,不使用 GP 产生的状态,1,历史重启阶段最优路径,沉积后,0.16284194188651335,0.16284193528758215,0.00013227858766756204
2,81002,2,不使用 GP 产生的状态,1,历史重启阶段最优路径,重启和可选上界处理后,0.16284194188651335,0.16284193528758215,0.00013227858766756204
2,81002,3,不使用 GP 产生的状态,1,历史重启阶段最优路径,更新前,0.16126172352358686,0.0,0.0
2,81002,3,不使用 GP 产生的状态,1,历史重启阶段最优路径,蒸发和下界保护后,0.16126172352358686,0.0,0.0
2,81002,3,不使用 GP 产生的状态,1,历史重启阶段最优路径,沉积后,0.16126172352358686,0.16126173429858476,0.0001300342532201203
2,81002,3,不使用 GP 产生的状态,1,历史重启阶段最优路径,重启和可选上界处理后,0.16126172352358686,0.16126173429858476,0.0001300342532201203
2,81002,4,不使用 GP 产生的状态,1,历史重启阶段最优路径,更新前,0.15953510923183697,0.0,0.0
2,81002,4,不使用 GP 产生的状态,1,历史重启阶段最优路径,蒸发和下界保护后,0.15953510923183697,0.0,0.0
2,81002,4,不使用 GP 产生的状态,1,历史重启阶段最优路径,沉积后,0.15953510923183697,0.15953510858702827,0.00012800540143237868
2,81002,4,不使用 GP 产生的状态,1,历史重启阶段最优路径,重启和可选上界处理后,0.15953510923183697,0.15953510858702827,0.00012800540143237868
2,81002,5,不使用 GP 产生的状态,1,历史重启阶段最优路径,更新前,0.16889248705240217,0.0,0.0
2,81002,5,不使用 GP 产生的状态,1,历史重启阶段最优路径,蒸发和下界保护后,0.16889248705240217,0.0,0.0
2,81002,5,不使用 GP 产生的状态,1,历史重启阶段最优路径,沉积后,0.16889248705240217,0.1688925027207504,0.0001353555745771954
2,81002,5,不使用 GP 产生的状态,1,历史重启阶段最优路径,重启和可选上界处理后,0.16889248705240217,0.1688925027207504,0.0001353555745771954
2,81002,6,不使用 GP 产生的状态,1,历史重启阶段最优路径,更新前,0.1642316482588687,0.0,0.0
2,81002,6,不使用 GP 产生的状态,1,历史重启阶段最优路径,蒸发和下界保护后,0.1642316482588687,0.0,0.0
2,81002,6,不使用 GP 产生的状态,1,历史重启阶段最优路径,沉积后,0.1642316482588687,0.16423165162265,0.0001306099805228163
2,81002,6,不使用 GP 产生的状态,1,历史重启阶段最优路径,重启和可选上界处理后,0.1642316482588687,0.16423165162265,0.0001306099805228163
2,81002,7,不使用 GP 产生的状态,1,历史重启阶段最优路径,更新前,0.15834159959197305,0.0,0.0
2,81002,7,不使用 GP 产生的状态,1,历史重启阶段最优路径,蒸发和下界保护后,0.15834159959197305,0.0,0.0
2,81002,7,不使用 GP 产生的状态,1,历史重启阶段最优路径,沉积后,0.15834159959197305,0.15834161680065933,0.00012660580483258118
2,81002,7,不使用 GP 产生的状态,1,历史重启阶段最优路径,重启和可选上界处理后,0.15834159959197305,0.15834161680065933,0.00012660580483258118
2,81002,0,不使用 GP 产生的状态,1,历史全局最优路径,更新前,0.1610388981870488,0.0,0.0
2,81002,0,不使用 GP 产生的状态,1,历史全局最优路径,蒸发和下界保护后,0.1610388981870488,0.0,0.0
2,81002,0,不使用 GP 产生的状态,1,历史全局最优路径,沉积后,0.1610388981870488,0.16103890491387768,0.00012882944504436503
2,81002,0,不使用 GP 产生的状态,1,历史全局最优路径,重启和可选上界处理后,0.1610388981870488,0.16103890491387768,0.00012882944504436503
2,81002,1,不使用 GP 产生的状态,1,历史全局最优路径,更新前,0.16436934541950624,0.0,0.0
2,81002,1,不使用 GP 产生的状态,1,历史全局最优路径,蒸发和下界保护后,0.16436934541950624,0.0,0.0
2,81002,1,不使用 GP 产生的状态,1,历史全局最优路径,沉积后,0.16436934541950624,0.16436935709840783,0.0001312147012749557
2,81002,1,不使用 GP 产生的状态,1,历史全局最优路径,重启和可选上界处理后,0.16436934541950624,0.16436935709840783,0.0001312147012749557
2,81002,2,不使用 GP 产生的状态,1,历史全局最优路径,更新前,0.16284194188651335,0.0,0.0
2,81002,2,不使用 GP 产生的状态,1,历史全局最优路径,蒸发和下界保护后,0.16284194188651335,0.0,0.0
2,81002,2,不使用 GP 产生的状态,1,历史全局最优路径,沉积后,0.16284194188651335,0.16284193528758215,0.00013227858766756204
2,81002,2,不使用 GP 产生的状态,1,历史全局最优路径,重启和可选上界处理后,0.16284194188651335,0.16284193528758215,0.00013227858766756204
2,81002,3,不使用 GP 产生的状态,1,历史全局最优路径,更新前,0.16126172352358686,0.0,0.0
2,81002,3,不使用 GP 产生的状态,1,历史全局最优路径,蒸发和下界保护后,0.16126172352358686,0.0,0.0
2,81002,3,不使用 GP 产生的状态,1,历史全局最优路径,沉积后,0.16126172352358686,0.16126173429858476,0.0001300342532201203
2,81002,3,不使用 GP 产生的状态,1,历史全局最优路径,重启和可选上界处理后,0.16126172352358686,0.16126173429858476,0.0001300342532201203
2,81002,4,不使用 GP 产生的状态,1,历史全局最优路径,更新前,0.15953510923183697,0.0,0.0
2,81002,4,不使用 GP 产生的状态,1,历史全局最优路径,蒸发和下界保护后,0.15953510923183697,0.0,0.0
2,81002,4,不使用 GP 产生的状态,1,历史全局最优路径,沉积后,0.15953510923183697,0.15953510858702827,0.00012800540143237868
2,81002,4,不使用 GP 产生的状态,1,历史全局最优路径,重启和可选上界处理后,0.15953510923183697,0.15953510858702827,0.00012800540143237868
2,81002,5,不使用 GP 产生的状态,1,历史全局最优路径,更新前,0.16889248705240217,0.0,0.0
2,81002,5,不使用 GP 产生的状态,1,历史全局最优路径,蒸发和下界保护后,0.16889248705240217,0.0,0.0
2,81002,5,不使用 GP 产生的状态,1,历史全局最优路径,沉积后,0.16889248705240217,0.1688925027207504,0.0001353555745771954
2,81002,5,不使用 GP 产生的状态,1,历史全局最优路径,重启和可选上界处理后,0.16889248705240217,0.1688925027207504,0.0001353555745771954
2,81002,6,不使用 GP 产生的状态,1,历史全局最优路径,更新前,0.1642316482588687,0.0,0.0
2,81002,6,不使用 GP 产生的状态,1,历史全局最优路径,蒸发和下界保护后,0.1642316482588687,0.0,0.0
2,81002,6,不使用 GP 产生的状态,1,历史全局最优路径,沉积后,0.1642316482588687,0.16423165162265,0.0001306099805228163
2,81002,6,不使用 GP 产生的状态,1,历史全局最优路径,重启和可选上界处理后,0.1642316482588687,0.16423165162265,0.0001306099805228163
2,81002,7,不使用 GP 产生的状态,1,历史全局最优路径,更新前,0.15834159959197305,0.0,0.0
2,81002,7,不使用 GP 产生的状态,1,历史全局最优路径,蒸发和下界保护后,0.15834159959197305,0.0,0.0
2,81002,7,不使用 GP 产生的状态,1,历史全局最优路径,沉积后,0.15834159959197305,0.15834161680065933,0.00012660580483258118
2,81002,7,不使用 GP 产生的状态,1,历史全局最优路径,重启和可选上界处理后,0.15834159959197305,0.15834161680065933,0.00012660580483258118
2,81001,0,不使用 GP 产生的状态,1,本轮最优路径,更新前,0.2306103340516412,0.0,0.0
2,81001,0,不使用 GP 产生的状态,1,本轮最优路径,蒸发和下界保护后,0.2306103340516412,0.0,0.0
2,81001,0,不使用 GP 产生的状态,1,本轮最优路径,沉积后,0.2306103340516412,0.23061042598496898,0.00018448593659387168
2,81001,0,不使用 GP 产生的状态,1,本轮最优路径,重启和可选上界处理后,0.2306103340516412,0.23061042598496898,0.00018448593659387168
2,81001,1,不使用 GP 产生的状态,1,本轮最优路径,更新前,0.24391444790160455,0.0,0.0
2,81001,1,不使用 GP 产生的状态,1,本轮最优路径,蒸发和下界保护后,0.24391444790160455,0.0,0.0
2,81001,1,不使用 GP 产生的状态,1,本轮最优路径,沉积后,0.24391444790160455,0.24391446213107085,0.00019471490215787902
2,81001,1,不使用 GP 产生的状态,1,本轮最优路径,重启和可选上界处理后,0.24391444790160455,0.24391446213107085,0.00019471490215787902
2,81001,2,不使用 GP 产生的状态,1,本轮最优路径,更新前,0.2443574072810677,0.0,0.0
2,81001,2,不使用 GP 产生的状态,1,本轮最优路径,蒸发和下界保护后,0.2443574072810677,0.0,0.0
2,81001,2,不使用 GP 产生的状态,1,本轮最优路径,沉积后,0.2443574072810677,0.2443573985704785,0.00019849464151810113
2,81001,2,不使用 GP 产生的状态,1,本轮最优路径,重启和可选上界处理后,0.2443574072810677,0.2443573985704785,0.00019849464151810113
2,81001,3,不使用 GP 产生的状态,1,本轮最优路径,更新前,0.2504394243872922,0.0,0.0
2,81001,3,不使用 GP 产生的状态,1,本轮最优路径,蒸发和下界保护后,0.2504394243872922,0.0,0.0
2,81001,3,不使用 GP 产生的状态,1,本轮最优路径,沉积后,0.2504394243872922,0.2504393402897477,0.00020194308794434639
2,81001,3,不使用 GP 产生的状态,1,本轮最优路径,重启和可选上界处理后,0.2504394243872922,0.2504393402897477,0.00020194308794434639
2,81001,4,不使用 GP 产生的状态,1,本轮最优路径,更新前,0.24279349343731213,0.0,0.0
2,81001,4,不使用 GP 产生的状态,1,本轮最优路径,蒸发和下界保护后,0.24279349343731213,0.0,0.0
2,81001,4,不使用 GP 产生的状态,1,本轮最优路径,沉积后,0.24279349343731213,0.24279358461326664,0.00019480909587166824
2,81001,4,不使用 GP 产生的状态,1,本轮最优路径,重启和可选上界处理后,0.24279349343731213,0.24279358461326664,0.00019480909587166824
2,81001,5,不使用 GP 产生的状态,1,本轮最优路径,更新前,0.24287053172893866,0.0,0.0
2,81001,5,不使用 GP 产生的状态,1,本轮最优路径,蒸发和下界保护后,0.24287053172893866,0.0,0.0
2,81001,5,不使用 GP 产生的状态,1,本轮最优路径,沉积后,0.24287053172893866,0.24287058870475042,0.00019464385660971238
2,81001,5,不使用 GP 产生的状态,1,本轮最优路径,重启和可选上界处理后,0.24287053172893866,0.24287058870475042,0.00019464385660971238
2,81001,6,不使用 GP 产生的状态,1,本轮最优路径,更新前,0.2473724675167198,0.0,0.0
2,81001,6,不使用 GP 产生的状态,1,本轮最优路径,蒸发和下界保护后,0.2473724675167198,0.0,0.0
2,81001,6,不使用 GP 产生的状态,1,本轮最优路径,沉积后,0.2473724675167198,0.24737248006621146,0.0001967301338329396
2,81001,6,不使用 GP 产生的状态,1,本轮最优路径,重启和可选上界处理后,0.2473724675167198,0.24737248006621146,0.0001967301338329396
2,81001,7,不使用 GP 产生的状态,1,本轮最优路径,更新前,0.24373385057455196,0.0,0.0
2,81001,7,不使用 GP 产生的状态,1,本轮最优路径,蒸发和下界保护后,0.24373385057455196,0.0,0.0
2,81001,7,不使用 GP 产生的状态,1,本轮最优路径,沉积后,0.24373385057455196,0.2437338227759049,0.00019488317361514182
2,81001,7,不使用 GP 产生的状态,1,本轮最优路径,重启和可选上界处理后,0.24373385057455196,0.2437338227759049,0.00019488317361514182
2,81001,0,不使用 GP 产生的状态,1,历史重启阶段最优路径,更新前,0.2306103340516412,0.0,0.0
2,81001,0,不使用 GP 产生的状态,1,历史重启阶段最优路径,蒸发和下界保护后,0.2306103340516412,0.0,0.0
2,81001,0,不使用 GP 产生的状态,1,历史重启阶段最优路径,沉积后,0.2306103340516412,0.23061042598496898,0.00018448593659387168
2,81001,0,不使用 GP 产生的状态,1,历史重启阶段最优路径,重启和可选上界处理后,0.2306103340516412,0.23061042598496898,0.00018448593659387168
2,81001,1,不使用 GP 产生的状态,1,历史重启阶段最优路径,更新前,0.24391444790160455,0.0,0.0
2,81001,1,不使用 GP 产生的状态,1,历史重启阶段最优路径,蒸发和下界保护后,0.24391444790160455,0.0,0.0
2,81001,1,不使用 GP 产生的状态,1,历史重启阶段最优路径,沉积后,0.24391444790160455,0.24391446213107085,0.00019471490215787902
2,81001,1,不使用 GP 产生的状态,1,历史重启阶段最优路径,重启和可选上界处理后,0.24391444790160455,0.24391446213107085,0.00019471490215787902
2,81001,2,不使用 GP 产生的状态,1,历史重启阶段最优路径,更新前,0.2443574072810677,0.0,0.0
2,81001,2,不使用 GP 产生的状态,1,历史重启阶段最优路径,蒸发和下界保护后,0.2443574072810677,0.0,0.0
2,81001,2,不使用 GP 产生的状态,1,历史重启阶段最优路径,沉积后,0.2443574072810677,0.2443573985704785,0.00019849464151810113
2,81001,2,不使用 GP 产生的状态,1,历史重启阶段最优路径,重启和可选上界处理后,0.2443574072810677,0.2443573985704785,0.00019849464151810113
2,81001,3,不使用 GP 产生的状态,1,历史重启阶段最优路径,更新前,0.2504394243872922,0.0,0.0
2,81001,3,不使用 GP 产生的状态,1,历史重启阶段最优路径,蒸发和下界保护后,0.2504394243872922,0.0,0.0
2,81001,3,不使用 GP 产生的状态,1,历史重启阶段最优路径,沉积后,0.2504394243872922,0.2504393402897477,0.00020194308794434639
2,81001,3,不使用 GP 产生的状态,1,历史重启阶段最优路径,重启和可选上界处理后,0.2504394243872922,0.2504393402897477,0.00020194308794434639
2,81001,4,不使用 GP 产生的状态,1,历史重启阶段最优路径,更新前,0.24279349343731213,0.0,0.0
2,81001,4,不使用 GP 产生的状态,1,历史重启阶段最优路径,蒸发和下界保护后,0.24279349343731213,0.0,0.0
2,81001,4,不使用 GP 产生的状态,1,历史重启阶段最优路径,沉积后,0.24279349343731213,0.24279358461326664,0.00019480909587166824
2,81001,4,不使用 GP 产生的状态,1,历史重启阶段最优路径,重启和可选上界处理后,0.24279349343731213,0.24279358461326664,0.00019480909587166824
2,81001,5,不使用 GP 产生的状态,1,历史重启阶段最优路径,更新前,0.24287053172893866,0.0,0.0
2,81001,5,不使用 GP 产生的状态,1,历史重启阶段最优路径,蒸发和下界保护后,0.24287053172893866,0.0,0.0
2,81001,5,不使用 GP 产生的状态,1,历史重启阶段最优路径,沉积后,0.24287053172893866,0.24287058870475042,0.00019464385660971238
2,81001,5,不使用 GP 产生的状态,1,历史重启阶段最优路径,重启和可选上界处理后,0.24287053172893866,0.24287058870475042,0.00019464385660971238
2,81001,6,不使用 GP 产生的状态,1,历史重启阶段最优路径,更新前,0.2473724675167198,0.0,0.0
2,81001,6,不使用 GP 产生的状态,1,历史重启阶段最优路径,蒸发和下界保护后,0.2473724675167198,0.0,0.0
2,81001,6,不使用 GP 产生的状态,1,历史重启阶段最优路径,沉积后,0.2473724675167198,0.24737248006621146,0.0001967301338329396
2,81001,6,不使用 GP 产生的状态,1,历史重启阶段最优路径,重启和可选上界处理后,0.2473724675167198,0.24737248006621146,0.0001967301338329396
2,81001,7,不使用 GP 产生的状态,1,历史重启阶段最优路径,更新前,0.24373385057455196,0.0,0.0
2,81001,7,不使用 GP 产生的状态,1,历史重启阶段最优路径,蒸发和下界保护后,0.24373385057455196,0.0,0.0
2,81001,7,不使用 GP 产生的状态,1,历史重启阶段最优路径,沉积后,0.24373385057455196,0.2437338227759049,0.00019488317361514182
2,81001,7,不使用 GP 产生的状态,1,历史重启阶段最优路径,重启和可选上界处理后,0.24373385057455196,0.2437338227759049,0.00019488317361514182
2,81001,0,不使用 GP 产生的状态,1,历史全局最优路径,更新前,0.2306103340516412,0.0,0.0
2,81001,0,不使用 GP 产生的状态,1,历史全局最优路径,蒸发和下界保护后,0.2306103340516412,0.0,0.0
2,81001,0,不使用 GP 产生的状态,1,历史全局最优路径,沉积后,0.2306103340516412,0.23061042598496898,0.00018448593659387168
2,81001,0,不使用 GP 产生的状态,1,历史全局最优路径,重启和可选上界处理后,0.2306103340516412,0.23061042598496898,0.00018448593659387168
2,81001,1,不使用 GP 产生的状态,1,历史全局最优路径,更新前,0.24391444790160455,0.0,0.0
2,81001,1,不使用 GP 产生的状态,1,历史全局最优路径,蒸发和下界保护后,0.24391444790160455,0.0,0.0
2,81001,1,不使用 GP 产生的状态,1,历史全局最优路径,沉积后,0.24391444790160455,0.24391446213107085,0.00019471490215787902
2,81001,1,不使用 GP 产生的状态,1,历史全局最优路径,重启和可选上界处理后,0.24391444790160455,0.24391446213107085,0.00019471490215787902
2,81001,2,不使用 GP 产生的状态,1,历史全局最优路径,更新前,0.2443574072810677,0.0,0.0
2,81001,2,不使用 GP 产生的状态,1,历史全局最优路径,蒸发和下界保护后,0.2443574072810677,0.0,0.0
2,81001,2,不使用 GP 产生的状态,1,历史全局最优路径,沉积后,0.2443574072810677,0.2443573985704785,0.00019849464151810113
2,81001,2,不使用 GP 产生的状态,1,历史全局最优路径,重启和可选上界处理后,0.2443574072810677,0.2443573985704785,0.00019849464151810113
2,81001,3,不使用 GP 产生的状态,1,历史全局最优路径,更新前,0.2504394243872922,0.0,0.0
2,81001,3,不使用 GP 产生的状态,1,历史全局最优路径,蒸发和下界保护后,0.2504394243872922,0.0,0.0
2,81001,3,不使用 GP 产生的状态,1,历史全局最优路径,沉积后,0.2504394243872922,0.2504393402897477,0.00020194308794434639
2,81001,3,不使用 GP 产生的状态,1,历史全局最优路径,重启和可选上界处理后,0.2504394243872922,0.2504393402897477,0.00020194308794434639
2,81001,4,不使用 GP 产生的状态,1,历史全局最优路径,更新前,0.24279349343731213,0.0,0.0
2,81001,4,不使用 GP 产生的状态,1,历史全局最优路径,蒸发和下界保护后,0.24279349343731213,0.0,0.0
2,81001,4,不使用 GP 产生的状态,1,历史全局最优路径,沉积后,0.24279349343731213,0.24279358461326664,0.00019480909587166824
2,81001,4,不使用 GP 产生的状态,1,历史全局最优路径,重启和可选上界处理后,0.24279349343731213,0.24279358461326664,0.00019480909587166824
2,81001,5,不使用 GP 产生的状态,1,历史全局最优路径,更新前,0.24287053172893866,0.0,0.0
2,81001,5,不使用 GP 产生的状态,1,历史全局最优路径,蒸发和下界保护后,0.24287053172893866,0.0,0.0
2,81001,5,不使用 GP 产生的状态,1,历史全局最优路径,沉积后,0.24287053172893866,0.24287058870475042,0.00019464385660971238
2,81001,5,不使用 GP 产生的状态,1,历史全局最优路径,重启和可选上界处理后,0.24287053172893866,0.24287058870475042,0.00019464385660971238
2,81001,6,不使用 GP 产生的状态,1,历史全局最优路径,更新前,0.2473724675167198,0.0,0.0
2,81001,6,不使用 GP 产生的状态,1,历史全局最优路径,蒸发和下界保护后,0.2473724675167198,0.0,0.0
2,81001,6,不使用 GP 产生的状态,1,历史全局最优路径,沉积后,0.2473724675167198,0.24737248006621146,0.0001967301338329396
2,81001,6,不使用 GP 产生的状态,1,历史全局最优路径,重启和可选上界处理后,0.2473724675167198,0.24737248006621146,0.0001967301338329396
2,81001,7,不使用 GP 产生的状态,1,历史全局最优路径,更新前,0.24373385057455196,0.0,0.0
2,81001,7,不使用 GP 产生的状态,1,历史全局最优路径,蒸发和下界保护后,0.24373385057455196,0.0,0.0
2,81001,7,不使用 GP 产生的状态,1,历史全局最优路径,沉积后,0.24373385057455196,0.2437338227759049,0.00019488317361514182
2,81001,7,不使用 GP 产生的状态,1,历史全局最优路径,重启和可选上界处理后,0.24373385057455196,0.2437338227759049,0.00019488317361514182
2,81001,0,GP 表达式自身产生的状态,1,本轮最优路径,更新前,0.2306103340516412,0.0,0.0
2,81001,0,GP 表达式自身产生的状态,1,本轮最优路径,蒸发和下界保护后,0.2306103340516412,0.0,0.0
2,81001,0,GP 表达式自身产生的状态,1,本轮最优路径,沉积后,0.2306103340516412,0.23061042598496898,0.00018448593659387168
2,81001,0,GP 表达式自身产生的状态,1,本轮最优路径,重启和可选上界处理后,0.2306103340516412,0.23061042598496898,0.00018448593659387168
2,81001,1,GP 表达式自身产生的状态,1,本轮最优路径,更新前,0.24391444790160455,0.0,0.0
2,81001,1,GP 表达式自身产生的状态,1,本轮最优路径,蒸发和下界保护后,0.24391444790160455,0.0,0.0
2,81001,1,GP 表达式自身产生的状态,1,本轮最优路径,沉积后,0.24391444790160455,0.24391446213107085,0.00019471490215787902
2,81001,1,GP 表达式自身产生的状态,1,本轮最优路径,重启和可选上界处理后,0.24391444790160455,0.24391446213107085,0.00019471490215787902
2,81001,2,GP 表达式自身产生的状态,1,本轮最优路径,更新前,0.2443574072810677,0.0,0.0
2,81001,2,GP 表达式自身产生的状态,1,本轮最优路径,蒸发和下界保护后,0.2443574072810677,0.0,0.0
2,81001,2,GP 表达式自身产生的状态,1,本轮最优路径,沉积后,0.2443574072810677,0.2443573985704785,0.00019849464151810113
2,81001,2,GP 表达式自身产生的状态,1,本轮最优路径,重启和可选上界处理后,0.2443574072810677,0.2443573985704785,0.00019849464151810113
2,81001,3,GP 表达式自身产生的状态,1,本轮最优路径,更新前,0.2504394243872922,0.0,0.0
2,81001,3,GP 表达式自身产生的状态,1,本轮最优路径,蒸发和下界保护后,0.2504394243872922,0.0,0.0
2,81001,3,GP 表达式自身产生的状态,1,本轮最优路径,沉积后,0.2504394243872922,0.2504393402897477,0.00020194308794434639
2,81001,3,GP 表达式自身产生的状态,1,本轮最优路径,重启和可选上界处理后,0.2504394243872922,0.2504393402897477,0.00020194308794434639
2,81001,4,GP 表达式自身产生的状态,1,本轮最优路径,更新前,0.24279349343731213,0.0,0.0
2,81001,4,GP 表达式自身产生的状态,1,本轮最优路径,蒸发和下界保护后,0.24279349343731213,0.0,0.0
2,81001,4,GP 表达式自身产生的状态,1,本轮最优路径,沉积后,0.24279349343731213,0.24279358461326664,0.00019480909587166824
2,81001,4,GP 表达式自身产生的状态,1,本轮最优路径,重启和可选上界处理后,0.24279349343731213,0.24279358461326664,0.00019480909587166824
2,81001,5,GP 表达式自身产生的状态,1,本轮最优路径,更新前,0.24287053172893866,0.0,0.0
2,81001,5,GP 表达式自身产生的状态,1,本轮最优路径,蒸发和下界保护后,0.24287053172893866,0.0,0.0
2,81001,5,GP 表达式自身产生的状态,1,本轮最优路径,沉积后,0.24287053172893866,0.24287058870475042,0.00019464385660971238
2,81001,5,GP 表达式自身产生的状态,1,本轮最优路径,重启和可选上界处理后,0.24287053172893866,0.24287058870475042,0.00019464385660971238
2,81001,6,GP 表达式自身产生的状态,1,本轮最优路径,更新前,0.2473724675167198,0.0,0.0
2,81001,6,GP 表达式自身产生的状态,1,本轮最优路径,蒸发和下界保护后,0.2473724675167198,0.0,0.0
2,81001,6,GP 表达式自身产生的状态,1,本轮最优路径,沉积后,0.2473724675167198,0.24737248006621146,0.0001967301338329396
2,81001,6,GP 表达式自身产生的状态,1,本轮最优路径,重启和可选上界处理后,0.2473724675167198,0.24737248006621146,0.0001967301338329396
2,81001,7,GP 表达式自身产生的状态,1,本轮最优路径,更新前,0.24373385057455196,0.0,0.0
2,81001,7,GP 表达式自身产生的状态,1,本轮最优路径,蒸发和下界保护后,0.24373385057455196,0.0,0.0
2,81001,7,GP 表达式自身产生的状态,1,本轮最优路径,沉积后,0.24373385057455196,0.2437338227759049,0.00019488317361514182
2,81001,7,GP 表达式自身产生的状态,1,本轮最优路径,重启和可选上界处理后,0.24373385057455196,0.2437338227759049,0.00019488317361514182
2,81001,0,GP 表达式自身产生的状态,1,历史重启阶段最优路径,更新前,0.2306103340516412,0.0,0.0
2,81001,0,GP 表达式自身产生的状态,1,历史重启阶段最优路径,蒸发和下界保护后,0.2306103340516412,0.0,0.0
2,81001,0,GP 表达式自身产生的状态,1,历史重启阶段最优路径,沉积后,0.2306103340516412,0.23061042598496898,0.00018448593659387168
2,81001,0,GP 表达式自身产生的状态,1,历史重启阶段最优路径,重启和可选上界处理后,0.2306103340516412,0.23061042598496898,0.00018448593659387168
2,81001,1,GP 表达式自身产生的状态,1,历史重启阶段最优路径,更新前,0.24391444790160455,0.0,0.0
2,81001,1,GP 表达式自身产生的状态,1,历史重启阶段最优路径,蒸发和下界保护后,0.24391444790160455,0.0,0.0
2,81001,1,GP 表达式自身产生的状态,1,历史重启阶段最优路径,沉积后,0.24391444790160455,0.24391446213107085,0.00019471490215787902
2,81001,1,GP 表达式自身产生的状态,1,历史重启阶段最优路径,重启和可选上界处理后,0.24391444790160455,0.24391446213107085,0.00019471490215787902
2,81001,2,GP 表达式自身产生的状态,1,历史重启阶段最优路径,更新前,0.2443574072810677,0.0,0.0
2,81001,2,GP 表达式自身产生的状态,1,历史重启阶段最优路径,蒸发和下界保护后,0.2443574072810677,0.0,0.0
2,81001,2,GP 表达式自身产生的状态,1,历史重启阶段最优路径,沉积后,0.2443574072810677,0.2443573985704785,0.00019849464151810113
2,81001,2,GP 表达式自身产生的状态,1,历史重启阶段最优路径,重启和可选上界处理后,0.2443574072810677,0.2443573985704785,0.00019849464151810113
2,81001,3,GP 表达式自身产生的状态,1,历史重启阶段最优路径,更新前,0.2504394243872922,0.0,0.0
2,81001,3,GP 表达式自身产生的状态,1,历史重启阶段最优路径,蒸发和下界保护后,0.2504394243872922,0.0,0.0
2,81001,3,GP 表达式自身产生的状态,1,历史重启阶段最优路径,沉积后,0.2504394243872922,0.2504393402897477,0.00020194308794434639
2,81001,3,GP 表达式自身产生的状态,1,历史重启阶段最优路径,重启和可选上界处理后,0.2504394243872922,0.2504393402897477,0.00020194308794434639
2,81001,4,GP 表达式自身产生的状态,1,历史重启阶段最优路径,更新前,0.24279349343731213,0.0,0.0
2,81001,4,GP 表达式自身产生的状态,1,历史重启阶段最优路径,蒸发和下界保护后,0.24279349343731213,0.0,0.0
2,81001,4,GP 表达式自身产生的状态,1,历史重启阶段最优路径,沉积后,0.24279349343731213,0.24279358461326664,0.00019480909587166824
2,81001,4,GP 表达式自身产生的状态,1,历史重启阶段最优路径,重启和可选上界处理后,0.24279349343731213,0.24279358461326664,0.00019480909587166824
2,81001,5,GP 表达式自身产生的状态,1,历史重启阶段最优路径,更新前,0.24287053172893866,0.0,0.0
2,81001,5,GP 表达式自身产生的状态,1,历史重启阶段最优路径,蒸发和下界保护后,0.24287053172893866,0.0,0.0
2,81001,5,GP 表达式自身产生的状态,1,历史重启阶段最优路径,沉积后,0.24287053172893866,0.24287058870475042,0.00019464385660971238
2,81001,5,GP 表达式自身产生的状态,1,历史重启阶段最优路径,重启和可选上界处理后,0.24287053172893866,0.24287058870475042,0.00019464385660971238
2,81001,6,GP 表达式自身产生的状态,1,历史重启阶段最优路径,更新前,0.2473724675167198,0.0,0.0
2,81001,6,GP 表达式自身产生的状态,1,历史重启阶段最优路径,蒸发和下界保护后,0.2473724675167198,0.0,0.0
2,81001,6,GP 表达式自身产生的状态,1,历史重启阶段最优路径,沉积后,0.2473724675167198,0.24737248006621146,0.0001967301338329396
2,81001,6,GP 表达式自身产生的状态,1,历史重启阶段最优路径,重启和可选上界处理后,0.2473724675167198,0.24737248006621146,0.0001967301338329396
2,81001,7,GP 表达式自身产生的状态,1,历史重启阶段最优路径,更新前,0.24373385057455196,0.0,0.0
2,81001,7,GP 表达式自身产生的状态,1,历史重启阶段最优路径,蒸发和下界保护后,0.24373385057455196,0.0,0.0
2,81001,7,GP 表达式自身产生的状态,1,历史重启阶段最优路径,沉积后,0.24373385057455196,0.2437338227759049,0.00019488317361514182
2,81001,7,GP 表达式自身产生的状态,1,历史重启阶段最优路径,重启和可选上界处理后,0.24373385057455196,0.2437338227759049,0.00019488317361514182
2,81001,0,GP 表达式自身产生的状态,1,历史全局最优路径,更新前,0.2306103340516412,0.0,0.0
2,81001,0,GP 表达式自身产生的状态,1,历史全局最优路径,蒸发和下界保护后,0.2306103340516412,0.0,0.0
2,81001,0,GP 表达式自身产生的状态,1,历史全局最优路径,沉积后,0.2306103340516412,0.23061042598496898,0.00018448593659387168
2,81001,0,GP 表达式自身产生的状态,1,历史全局最优路径,重启和可选上界处理后,0.2306103340516412,0.23061042598496898,0.00018448593659387168
2,81001,1,GP 表达式自身产生的状态,1,历史全局最优路径,更新前,0.24391444790160455,0.0,0.0
2,81001,1,GP 表达式自身产生的状态,1,历史全局最优路径,蒸发和下界保护后,0.24391444790160455,0.0,0.0
2,81001,1,GP 表达式自身产生的状态,1,历史全局最优路径,沉积后,0.24391444790160455,0.24391446213107085,0.00019471490215787902
2,81001,1,GP 表达式自身产生的状态,1,历史全局最优路径,重启和可选上界处理后,0.24391444790160455,0.24391446213107085,0.00019471490215787902
2,81001,2,GP 表达式自身产生的状态,1,历史全局最优路径,更新前,0.2443574072810677,0.0,0.0
2,81001,2,GP 表达式自身产生的状态,1,历史全局最优路径,蒸发和下界保护后,0.2443574072810677,0.0,0.0
2,81001,2,GP 表达式自身产生的状态,1,历史全局最优路径,沉积后,0.2443574072810677,0.2443573985704785,0.00019849464151810113
2,81001,2,GP 表达式自身产生的状态,1,历史全局最优路径,重启和可选上界处理后,0.2443574072810677,0.2443573985704785,0.00019849464151810113
2,81001,3,GP 表达式自身产生的状态,1,历史全局最优路径,更新前,0.2504394243872922,0.0,0.0
2,81001,3,GP 表达式自身产生的状态,1,历史全局最优路径,蒸发和下界保护后,0.2504394243872922,0.0,0.0
2,81001,3,GP 表达式自身产生的状态,1,历史全局最优路径,沉积后,0.2504394243872922,0.2504393402897477,0.00020194308794434639
2,81001,3,GP 表达式自身产生的状态,1,历史全局最优路径,重启和可选上界处理后,0.2504394243872922,0.2504393402897477,0.00020194308794434639
2,81001,4,GP 表达式自身产生的状态,1,历史全局最优路径,更新前,0.24279349343731213,0.0,0.0
2,81001,4,GP 表达式自身产生的状态,1,历史全局最优路径,蒸发和下界保护后,0.24279349343731213,0.0,0.0
2,81001,4,GP 表达式自身产生的状态,1,历史全局最优路径,沉积后,0.24279349343731213,0.24279358461326664,0.00019480909587166824
2,81001,4,GP 表达式自身产生的状态,1,历史全局最优路径,重启和可选上界处理后,0.24279349343731213,0.24279358461326664,0.00019480909587166824
2,81001,5,GP 表达式自身产生的状态,1,历史全局最优路径,更新前,0.24287053172893866,0.0,0.0
2,81001,5,GP 表达式自身产生的状态,1,历史全局最优路径,蒸发和下界保护后,0.24287053172893866,0.0,0.0
2,81001,5,GP 表达式自身产生的状态,1,历史全局最优路径,沉积后,0.24287053172893866,0.24287058870475042,0.00019464385660971238
2,81001,5,GP 表达式自身产生的状态,1,历史全局最优路径,重启和可选上界处理后,0.24287053172893866,0.24287058870475042,0.00019464385660971238
2,81001,6,GP 表达式自身产生的状态,1,历史全局最优路径,更新前,0.2473724675167198,0.0,0.0
2,81001,6,GP 表达式自身产生的状态,1,历史全局最优路径,蒸发和下界保护后,0.2473724675167198,0.0,0.0
2,81001,6,GP 表达式自身产生的状态,1,历史全局最优路径,沉积后,0.2473724675167198,0.24737248006621146,0.0001967301338329396
2,81001,6,GP 表达式自身产生的状态,1,历史全局最优路径,重启和可选上界处理后,0.2473724675167198,0.24737248006621146,0.0001967301338329396
2,81001,7,GP 表达式自身产生的状态,1,历史全局最优路径,更新前,0.24373385057455196,0.0,0.0
2,81001,7,GP 表达式自身产生的状态,1,历史全局最优路径,蒸发和下界保护后,0.24373385057455196,0.0,0.0
2,81001,7,GP 表达式自身产生的状态,1,历史全局最优路径,沉积后,0.24373385057455196,0.2437338227759049,0.00019488317361514182
2,81001,7,GP 表达式自身产生的状态,1,历史全局最优路径,重启和可选上界处理后,0.24373385057455196,0.2437338227759049,0.00019488317361514182
2,81002,0,GP 表达式自身产生的状态,1,本轮最优路径,更新前,0.1524046075363232,0.0,0.0
2,81002,0,GP 表达式自身产生的状态,1,本轮最优路径,蒸发和下界保护后,0.1524046075363232,0.0,0.0
2,81002,0,GP 表达式自身产生的状态,1,本轮最优路径,沉积后,0.1524046075363232,0.15240457804632015,0.0001226953300437076
2,81002,0,GP 表达式自身产生的状态,1,本轮最优路径,重启和可选上界处理后,0.1524046075363232,0.15240457804632015,0.0001226953300437076
2,81002,1,GP 表达式自身产生的状态,1,本轮最优路径,更新前,0.15722167004992416,0.0,0.0
2,81002,1,GP 表达式自身产生的状态,1,本轮最优路径,蒸发和下界保护后,0.15722167004992416,0.0,0.0
2,81002,1,GP 表达式自身产生的状态,1,本轮最优路径,沉积后,0.15722167004992416,0.15722164197542104,0.00012602669965406654
2,81002,1,GP 表达式自身产生的状态,1,本轮最优路径,重启和可选上界处理后,0.15722167004992416,0.15722164197542104,0.00012602669965406654
2,81002,2,GP 表达式自身产生的状态,1,本轮最优路径,更新前,0.1482488131816176,0.0,0.0
2,81002,2,GP 表达式自身产生的状态,1,本轮最优路径,蒸发和下界保护后,0.1482488131816176,0.0,0.0
2,81002,2,GP 表达式自身产生的状态,1,本轮最优路径,沉积后,0.1482488131816176,0.1482487973249988,0.00012128034204985711
2,81002,2,GP 表达式自身产生的状态,1,本轮最优路径,重启和可选上界处理后,0.1482488131816176,0.1482487973249988,0.00012128034204985711
2,81002,3,GP 表达式自身产生的状态,1,本轮最优路径,更新前,0.15312386642514708,0.0,0.0
2,81002,3,GP 表达式自身产生的状态,1,本轮最优路径,蒸发和下界保护后,0.15312386642514708,0.0,0.0
2,81002,3,GP 表达式自身产生的状态,1,本轮最优路径,沉积后,0.15312386642514708,0.15312388354462494,0.00012225743831156504
2,81002,3,GP 表达式自身产生的状态,1,本轮最优路径,重启和可选上界处理后,0.15312386642514708,0.15312388354462494,0.00012225743831156504
2,81002,4,GP 表达式自身产生的状态,1,本轮最优路径,更新前,0.15394507799245627,0.0,0.0
2,81002,4,GP 表达式自身产生的状态,1,本轮最优路径,蒸发和下界保护后,0.15394507799245627,0.0,0.0
2,81002,4,GP 表达式自身产生的状态,1,本轮最优路径,沉积后,0.15394507799245627,0.15394507249154832,0.00012451739278635933
2,81002,4,GP 表达式自身产生的状态,1,本轮最优路径,重启和可选上界处理后,0.15394507799245627,0.15394507249154832,0.00012451739278635933
2,81002,5,GP 表达式自身产生的状态,1,本轮最优路径,更新前,0.1557415113590129,0.0,0.0
2,81002,5,GP 表达式自身产生的状态,1,本轮最优路径,蒸发和下界保护后,0.1557415113590129,0.0,0.0
2,81002,5,GP 表达式自身产生的状态,1,本轮最优路径,沉积后,0.1557415113590129,0.15574147139903516,0.00012457590026188867
2,81002,5,GP 表达式自身产生的状态,1,本轮最优路径,重启和可选上界处理后,0.1557415113590129,0.15574147139903516,0.00012457590026188867
2,81002,6,GP 表达式自身产生的状态,1,本轮最优路径,更新前,0.1482137221135519,0.0,0.0
2,81002,6,GP 表达式自身产生的状态,1,本轮最优路径,蒸发和下界保护后,0.1482137221135519,0.0,0.0
2,81002,6,GP 表达式自身产生的状态,1,本轮最优路径,沉积后,0.1482137221135519,0.14821371270327782,0.00011667988201870436
2,81002,6,GP 表达式自身产生的状态,1,本轮最优路径,重启和可选上界处理后,0.1482137221135519,0.14821371270327782,0.00011667988201870436
2,81002,7,GP 表达式自身产生的状态,1,本轮最优路径,更新前,0.15783842333389878,0.0,0.0
2,81002,7,GP 表达式自身产生的状态,1,本轮最优路径,蒸发和下界保护后,0.15783842333389878,0.0,0.0
2,81002,7,GP 表达式自身产生的状态,1,本轮最优路径,沉积后,0.15783842333389878,0.15783845622799075,0.00012696842084077099
2,81002,7,GP 表达式自身产生的状态,1,本轮最优路径,重启和可选上界处理后,0.15783842333389878,0.15783845622799075,0.00012696842084077099
2,81002,0,GP 表达式自身产生的状态,1,历史重启阶段最优路径,更新前,0.1524046075363232,0.0,0.0
2,81002,0,GP 表达式自身产生的状态,1,历史重启阶段最优路径,蒸发和下界保护后,0.1524046075363232,0.0,0.0
2,81002,0,GP 表达式自身产生的状态,1,历史重启阶段最优路径,沉积后,0.1524046075363232,0.15240457804632015,0.0001226953300437076
2,81002,0,GP 表达式自身产生的状态,1,历史重启阶段最优路径,重启和可选上界处理后,0.1524046075363232,0.15240457804632015,0.0001226953300437076
2,81002,1,GP 表达式自身产生的状态,1,历史重启阶段最优路径,更新前,0.15722167004992416,0.0,0.0
2,81002,1,GP 表达式自身产生的状态,1,历史重启阶段最优路径,蒸发和下界保护后,0.15722167004992416,0.0,0.0
2,81002,1,GP 表达式自身产生的状态,1,历史重启阶段最优路径,沉积后,0.15722167004992416,0.15722164197542104,0.00012602669965406654
2,81002,1,GP 表达式自身产生的状态,1,历史重启阶段最优路径,重启和可选上界处理后,0.15722167004992416,0.15722164197542104,0.00012602669965406654
2,81002,2,GP 表达式自身产生的状态,1,历史重启阶段最优路径,更新前,0.1482488131816176,0.0,0.0
2,81002,2,GP 表达式自身产生的状态,1,历史重启阶段最优路径,蒸发和下界保护后,0.1482488131816176,0.0,0.0
2,81002,2,GP 表达式自身产生的状态,1,历史重启阶段最优路径,沉积后,0.1482488131816176,0.1482487973249988,0.00012128034204985711
2,81002,2,GP 表达式自身产生的状态,1,历史重启阶段最优路径,重启和可选上界处理后,0.1482488131816176,0.1482487973249988,0.00012128034204985711
2,81002,3,GP 表达式自身产生的状态,1,历史重启阶段最优路径,更新前,0.15312386642514708,0.0,0.0
2,81002,3,GP 表达式自身产生的状态,1,历史重启阶段最优路径,蒸发和下界保护后,0.15312386642514708,0.0,0.0
2,81002,3,GP 表达式自身产生的状态,1,历史重启阶段最优路径,沉积后,0.15312386642514708,0.15312388354462494,0.00012225743831156504
2,81002,3,GP 表达式自身产生的状态,1,历史重启阶段最优路径,重启和可选上界处理后,0.15312386642514708,0.15312388354462494,0.00012225743831156504
2,81002,4,GP 表达式自身产生的状态,1,历史重启阶段最优路径,更新前,0.15394507799245627,0.0,0.0
2,81002,4,GP 表达式自身产生的状态,1,历史重启阶段最优路径,蒸发和下界保护后,0.15394507799245627,0.0,0.0
2,81002,4,GP 表达式自身产生的状态,1,历史重启阶段最优路径,沉积后,0.15394507799245627,0.15394507249154832,0.00012451739278635933
2,81002,4,GP 表达式自身产生的状态,1,历史重启阶段最优路径,重启和可选上界处理后,0.15394507799245627,0.15394507249154832,0.00012451739278635933
2,81002,5,GP 表达式自身产生的状态,1,历史重启阶段最优路径,更新前,0.1557415113590129,0.0,0.0
2,81002,5,GP 表达式自身产生的状态,1,历史重启阶段最优路径,蒸发和下界保护后,0.1557415113590129,0.0,0.0
2,81002,5,GP 表达式自身产生的状态,1,历史重启阶段最优路径,沉积后,0.1557415113590129,0.15574147139903516,0.00012457590026188867
2,81002,5,GP 表达式自身产生的状态,1,历史重启阶段最优路径,重启和可选上界处理后,0.1557415113590129,0.15574147139903516,0.00012457590026188867
2,81002,6,GP 表达式自身产生的状态,1,历史重启阶段最优路径,更新前,0.1482137221135519,0.0,0.0
2,81002,6,GP 表达式自身产生的状态,1,历史重启阶段最优路径,蒸发和下界保护后,0.1482137221135519,0.0,0.0
2,81002,6,GP 表达式自身产生的状态,1,历史重启阶段最优路径,沉积后,0.1482137221135519,0.14821371270327782,0.00011667988201870436
2,81002,6,GP 表达式自身产生的状态,1,历史重启阶段最优路径,重启和可选上界处理后,0.1482137221135519,0.14821371270327782,0.00011667988201870436
2,81002,7,GP 表达式自身产生的状态,1,历史重启阶段最优路径,更新前,0.15783842333389878,0.0,0.0
2,81002,7,GP 表达式自身产生的状态,1,历史重启阶段最优路径,蒸发和下界保护后,0.15783842333389878,0.0,0.0
2,81002,7,GP 表达式自身产生的状态,1,历史重启阶段最优路径,沉积后,0.15783842333389878,0.15783845622799075,0.00012696842084077099
2,81002,7,GP 表达式自身产生的状态,1,历史重启阶段最优路径,重启和可选上界处理后,0.15783842333389878,0.15783845622799075,0.00012696842084077099
2,81002,0,GP 表达式自身产生的状态,1,历史全局最优路径,更新前,0.1524046075363232,0.0,0.0
2,81002,0,GP 表达式自身产生的状态,1,历史全局最优路径,蒸发和下界保护后,0.1524046075363232,0.0,0.0
2,81002,0,GP 表达式自身产生的状态,1,历史全局最优路径,沉积后,0.1524046075363232,0.15240457804632015,0.0001226953300437076
2,81002,0,GP 表达式自身产生的状态,1,历史全局最优路径,重启和可选上界处理后,0.1524046075363232,0.15240457804632015,0.0001226953300437076
2,81002,1,GP 表达式自身产生的状态,1,历史全局最优路径,更新前,0.15722167004992416,0.0,0.0
2,81002,1,GP 表达式自身产生的状态,1,历史全局最优路径,蒸发和下界保护后,0.15722167004992416,0.0,0.0
2,81002,1,GP 表达式自身产生的状态,1,历史全局最优路径,沉积后,0.15722167004992416,0.15722164197542104,0.00012602669965406654
2,81002,1,GP 表达式自身产生的状态,1,历史全局最优路径,重启和可选上界处理后,0.15722167004992416,0.15722164197542104,0.00012602669965406654
2,81002,2,GP 表达式自身产生的状态,1,历史全局最优路径,更新前,0.1482488131816176,0.0,0.0
2,81002,2,GP 表达式自身产生的状态,1,历史全局最优路径,蒸发和下界保护后,0.1482488131816176,0.0,0.0
2,81002,2,GP 表达式自身产生的状态,1,历史全局最优路径,沉积后,0.1482488131816176,0.1482487973249988,0.00012128034204985711
2,81002,2,GP 表达式自身产生的状态,1,历史全局最优路径,重启和可选上界处理后,0.1482488131816176,0.1482487973249988,0.00012128034204985711
2,81002,3,GP 表达式自身产生的状态,1,历史全局最优路径,更新前,0.15312386642514708,0.0,0.0
2,81002,3,GP 表达式自身产生的状态,1,历史全局最优路径,蒸发和下界保护后,0.15312386642514708,0.0,0.0
2,81002,3,GP 表达式自身产生的状态,1,历史全局最优路径,沉积后,0.15312386642514708,0.15312388354462494,0.00012225743831156504
2,81002,3,GP 表达式自身产生的状态,1,历史全局最优路径,重启和可选上界处理后,0.15312386642514708,0.15312388354462494,0.00012225743831156504
2,81002,4,GP 表达式自身产生的状态,1,历史全局最优路径,更新前,0.15394507799245627,0.0,0.0
2,81002,4,GP 表达式自身产生的状态,1,历史全局最优路径,蒸发和下界保护后,0.15394507799245627,0.0,0.0
2,81002,4,GP 表达式自身产生的状态,1,历史全局最优路径,沉积后,0.15394507799245627,0.15394507249154832,0.00012451739278635933
2,81002,4,GP 表达式自身产生的状态,1,历史全局最优路径,重启和可选上界处理后,0.15394507799245627,0.15394507249154832,0.00012451739278635933
2,81002,5,GP 表达式自身产生的状态,1,历史全局最优路径,更新前,0.1557415113590129,0.0,0.0
2,81002,5,GP 表达式自身产生的状态,1,历史全局最优路径,蒸发和下界保护后,0.1557415113590129,0.0,0.0
2,81002,5,GP 表达式自身产生的状态,1,历史全局最优路径,沉积后,0.1557415113590129,0.15574147139903516,0.00012457590026188867
2,81002,5,GP 表达式自身产生的状态,1,历史全局最优路径,重启和可选上界处理后,0.1557415113590129,0.15574147139903516,0.00012457590026188867
2,81002,6,GP 表达式自身产生的状态,1,历史全局最优路径,更新前,0.1482137221135519,0.0,0.0
2,81002,6,GP 表达式自身产生的状态,1,历史全局最优路径,蒸发和下界保护后,0.1482137221135519,0.0,0.0
2,81002,6,GP 表达式自身产生的状态,1,历史全局最优路径,沉积后,0.1482137221135519,0.14821371270327782,0.00011667988201870436
2,81002,6,GP 表达式自身产生的状态,1,历史全局最优路径,重启和可选上界处理后,0.1482137221135519,0.14821371270327782,0.00011667988201870436
2,81002,7,GP 表达式自身产生的状态,1,历史全局最优路径,更新前,0.15783842333389878,0.0,0.0
2,81002,7,GP 表达式自身产生的状态,1,历史全局最优路径,蒸发和下界保护后,0.15783842333389878,0.0,0.0
2,81002,7,GP 表达式自身产生的状态,1,历史全局最优路径,沉积后,0.15783842333389878,0.15783845622799075,0.00012696842084077099
2,81002,7,GP 表达式自身产生的状态,1,历史全局最优路径,重启和可选上界处理后,0.15783842333389878,0.15783845622799075,0.00012696842084077099
2,81003,0,GP 表达式自身产生的状态,1,本轮最优路径,更新前,0.21357034560021876,0.0,0.0
2,81003,0,GP 表达式自身产生的状态,1,本轮最优路径,蒸发和下界保护后,0.21357034560021876,0.0,0.0
2,81003,0,GP 表达式自身产生的状态,1,本轮最优路径,沉积后,0.21357034560021876,0.21357037343082444,0.00017085407219904572
2,81003,0,GP 表达式自身产生的状态,1,本轮最优路径,重启和可选上界处理后,0.21357034560021876,0.21357037343082444,0.00017085407219904572
2,81003,1,GP 表达式自身产生的状态,1,本轮最优路径,更新前,0.22668538674490912,0.0,0.0
2,81003,1,GP 表达式自身产生的状态,1,本轮最优路径,蒸发和下界保护后,0.22668538674490912,0.0,0.0
2,81003,1,GP 表达式自身产生的状态,1,本轮最优路径,沉积后,0.22668538674490912,0.22668539855805098,0.0001809610828944287
2,81003,1,GP 表达式自身产生的状态,1,本轮最优路径,重启和可选上界处理后,0.22668538674490912,0.22668539855805098,0.0001809610828944287
2,81003,2,GP 表达式自身产生的状态,1,本轮最优路径,更新前,0.2252452069660911,0.0,0.0
2,81003,2,GP 表达式自身产生的状态,1,本轮最优路径,蒸发和下界保护后,0.2252452069660911,0.0,0.0
2,81003,2,GP 表达式自身产生的状态,1,本轮最优路径,沉积后,0.2252452069660911,0.22524526780823687,0.0001829696131518982
2,81003,2,GP 表达式自身产生的状态,1,本轮最优路径,重启和可选上界处理后,0.2252452069660911,0.22524526780823687,0.0001829696131518982
2,81003,3,GP 表达式自身产生的状态,1,本轮最优路径,更新前,0.2331136084462141,0.0,0.0
2,81003,3,GP 表达式自身产生的状态,1,本轮最优路径,蒸发和下界保护后,0.2331136084462141,0.0,0.0
2,81003,3,GP 表达式自身产生的状态,1,本轮最优路径,沉积后,0.2331136084462141,0.2331135673172587,0.00018797235918009103
2,81003,3,GP 表达式自身产生的状态,1,本轮最优路径,重启和可选上界处理后,0.2331136084462141,0.2331135673172587,0.00018797235918009103
2,81003,4,GP 表达式自身产生的状态,1,本轮最优路径,更新前,0.22488429448969774,0.0,0.0
2,81003,4,GP 表达式自身产生的状态,1,本轮最优路径,蒸发和下界保护后,0.22488429448969774,0.0,0.0
2,81003,4,GP 表达式自身产生的状态,1,本轮最优路径,沉积后,0.22488429448969774,0.2248843698033575,0.00018043936715561858
2,81003,4,GP 表达式自身产生的状态,1,本轮最优路径,重启和可选上界处理后,0.22488429448969774,0.2248843698033575,0.00018043936715561858
2,81003,5,GP 表达式自身产生的状态,1,本轮最优路径,更新前,0.22481694293236396,0.0,0.0
2,81003,5,GP 表达式自身产生的状态,1,本轮最优路径,蒸发和下界保护后,0.22481694293236396,0.0,0.0
2,81003,5,GP 表达式自身产生的状态,1,本轮最优路径,沉积后,0.22481694293236396,0.22481697815377485,0.00018017514550676544
2,81003,5,GP 表达式自身产生的状态,1,本轮最优路径,重启和可选上界处理后,0.22481694293236396,0.22481697815377485,0.00018017514550676544
2,81003,6,GP 表达式自身产生的状态,1,本轮最优路径,更新前,0.22954581729986126,0.0,0.0
2,81003,6,GP 表达式自身产生的状态,1,本轮最优路径,蒸发和下界保护后,0.22954581729986126,0.0,0.0
2,81003,6,GP 表达式自身产生的状态,1,本轮最优路径,沉积后,0.22954581729986126,0.2295457962115402,0.00018255294686538246
2,81003,6,GP 表达式自身产生的状态,1,本轮最优路径,重启和可选上界处理后,0.22954581729986126,0.2295457962115402,0.00018255294686538246
2,81003,7,GP 表达式自身产生的状态,1,本轮最优路径,更新前,0.22485657685172666,0.0,0.0
2,81003,7,GP 表达式自身产生的状态,1,本轮最优路径,蒸发和下界保护后,0.22485657685172666,0.0,0.0
2,81003,7,GP 表达式自身产生的状态,1,本轮最优路径,沉积后,0.22485657685172666,0.22485667123475214,0.00017978949823084265
2,81003,7,GP 表达式自身产生的状态,1,本轮最优路径,重启和可选上界处理后,0.22485657685172666,0.22485667123475214,0.00017978949823084265
2,81003,0,GP 表达式自身产生的状态,1,历史重启阶段最优路径,更新前,0.21357034560021876,0.0,0.0
2,81003,0,GP 表达式自身产生的状态,1,历史重启阶段最优路径,蒸发和下界保护后,0.21357034560021876,0.0,0.0
2,81003,0,GP 表达式自身产生的状态,1,历史重启阶段最优路径,沉积后,0.21357034560021876,0.21357037343082444,0.00017085407219904572
2,81003,0,GP 表达式自身产生的状态,1,历史重启阶段最优路径,重启和可选上界处理后,0.21357034560021876,0.21357037343082444,0.00017085407219904572
2,81003,1,GP 表达式自身产生的状态,1,历史重启阶段最优路径,更新前,0.22668538674490912,0.0,0.0
2,81003,1,GP 表达式自身产生的状态,1,历史重启阶段最优路径,蒸发和下界保护后,0.22668538674490912,0.0,0.0
2,81003,1,GP 表达式自身产生的状态,1,历史重启阶段最优路径,沉积后,0.22668538674490912,0.22668539855805098,0.0001809610828944287
2,81003,1,GP 表达式自身产生的状态,1,历史重启阶段最优路径,重启和可选上界处理后,0.22668538674490912,0.22668539855805098,0.0001809610828944287
2,81003,2,GP 表达式自身产生的状态,1,历史重启阶段最优路径,更新前,0.2252452069660911,0.0,0.0
2,81003,2,GP 表达式自身产生的状态,1,历史重启阶段最优路径,蒸发和下界保护后,0.2252452069660911,0.0,0.0
2,81003,2,GP 表达式自身产生的状态,1,历史重启阶段最优路径,沉积后,0.2252452069660911,0.22524526780823687,0.0001829696131518982
2,81003,2,GP 表达式自身产生的状态,1,历史重启阶段最优路径,重启和可选上界处理后,0.2252452069660911,0.22524526780823687,0.0001829696131518982
2,81003,3,GP 表达式自身产生的状态,1,历史重启阶段最优路径,更新前,0.2331136084462141,0.0,0.0
2,81003,3,GP 表达式自身产生的状态,1,历史重启阶段最优路径,蒸发和下界保护后,0.2331136084462141,0.0,0.0
2,81003,3,GP 表达式自身产生的状态,1,历史重启阶段最优路径,沉积后,0.2331136084462141,0.2331135673172587,0.00018797235918009103
2,81003,3,GP 表达式自身产生的状态,1,历史重启阶段最优路径,重启和可选上界处理后,0.2331136084462141,0.2331135673172587,0.00018797235918009103
2,81003,4,GP 表达式自身产生的状态,1,历史重启阶段最优路径,更新前,0.22488429448969774,0.0,0.0
2,81003,4,GP 表达式自身产生的状态,1,历史重启阶段最优路径,蒸发和下界保护后,0.22488429448969774,0.0,0.0
2,81003,4,GP 表达式自身产生的状态,1,历史重启阶段最优路径,沉积后,0.22488429448969774,0.2248843698033575,0.00018043936715561858
2,81003,4,GP 表达式自身产生的状态,1,历史重启阶段最优路径,重启和可选上界处理后,0.22488429448969774,0.2248843698033575,0.00018043936715561858
2,81003,5,GP 表达式自身产生的状态,1,历史重启阶段最优路径,更新前,0.22481694293236396,0.0,0.0
2,81003,5,GP 表达式自身产生的状态,1,历史重启阶段最优路径,蒸发和下界保护后,0.22481694293236396,0.0,0.0
2,81003,5,GP 表达式自身产生的状态,1,历史重启阶段最优路径,沉积后,0.22481694293236396,0.22481697815377485,0.00018017514550676544
2,81003,5,GP 表达式自身产生的状态,1,历史重启阶段最优路径,重启和可选上界处理后,0.22481694293236396,0.22481697815377485,0.00018017514550676544
2,81003,6,GP 表达式自身产生的状态,1,历史重启阶段最优路径,更新前,0.22954581729986126,0.0,0.0
2,81003,6,GP 表达式自身产生的状态,1,历史重启阶段最优路径,蒸发和下界保护后,0.22954581729986126,0.0,0.0
2,81003,6,GP 表达式自身产生的状态,1,历史重启阶段最优路径,沉积后,0.22954581729986126,0.2295457962115402,0.00018255294686538246
2,81003,6,GP 表达式自身产生的状态,1,历史重启阶段最优路径,重启和可选上界处理后,0.22954581729986126,0.2295457962115402,0.00018255294686538246
2,81003,7,GP 表达式自身产生的状态,1,历史重启阶段最优路径,更新前,0.22485657685172666,0.0,0.0
2,81003,7,GP 表达式自身产生的状态,1,历史重启阶段最优路径,蒸发和下界保护后,0.22485657685172666,0.0,0.0
2,81003,7,GP 表达式自身产生的状态,1,历史重启阶段最优路径,沉积后,0.22485657685172666,0.22485667123475214,0.00017978949823084265
2,81003,7,GP 表达式自身产生的状态,1,历史重启阶段最优路径,重启和可选上界处理后,0.22485657685172666,0.22485667123475214,0.00017978949823084265
2,81003,0,GP 表达式自身产生的状态,1,历史全局最优路径,更新前,0.21357034560021876,0.0,0.0
2,81003,0,GP 表达式自身产生的状态,1,历史全局最优路径,蒸发和下界保护后,0.21357034560021876,0.0,0.0
2,81003,0,GP 表达式自身产生的状态,1,历史全局最优路径,沉积后,0.21357034560021876,0.21357037343082444,0.00017085407219904572
2,81003,0,GP 表达式自身产生的状态,1,历史全局最优路径,重启和可选上界处理后,0.21357034560021876,0.21357037343082444,0.00017085407219904572
2,81003,1,GP 表达式自身产生的状态,1,历史全局最优路径,更新前,0.22668538674490912,0.0,0.0
2,81003,1,GP 表达式自身产生的状态,1,历史全局最优路径,蒸发和下界保护后,0.22668538674490912,0.0,0.0
2,81003,1,GP 表达式自身产生的状态,1,历史全局最优路径,沉积后,0.22668538674490912,0.22668539855805098,0.0001809610828944287
2,81003,1,GP 表达式自身产生的状态,1,历史全局最优路径,重启和可选上界处理后,0.22668538674490912,0.22668539855805098,0.0001809610828944287
2,81003,2,GP 表达式自身产生的状态,1,历史全局最优路径,更新前,0.2252452069660911,0.0,0.0
2,81003,2,GP 表达式自身产生的状态,1,历史全局最优路径,蒸发和下界保护后,0.2252452069660911,0.0,0.0
2,81003,2,GP 表达式自身产生的状态,1,历史全局最优路径,沉积后,0.2252452069660911,0.22524526780823687,0.0001829696131518982
2,81003,2,GP 表达式自身产生的状态,1,历史全局最优路径,重启和可选上界处理后,0.2252452069660911,0.22524526780823687,0.0001829696131518982
2,81003,3,GP 表达式自身产生的状态,1,历史全局最优路径,更新前,0.2331136084462141,0.0,0.0
2,81003,3,GP 表达式自身产生的状态,1,历史全局最优路径,蒸发和下界保护后,0.2331136084462141,0.0,0.0
2,81003,3,GP 表达式自身产生的状态,1,历史全局最优路径,沉积后,0.2331136084462141,0.2331135673172587,0.00018797235918009103
2,81003,3,GP 表达式自身产生的状态,1,历史全局最优路径,重启和可选上界处理后,0.2331136084462141,0.2331135673172587,0.00018797235918009103
2,81003,4,GP 表达式自身产生的状态,1,历史全局最优路径,更新前,0.22488429448969774,0.0,0.0
2,81003,4,GP 表达式自身产生的状态,1,历史全局最优路径,蒸发和下界保护后,0.22488429448969774,0.0,0.0
2,81003,4,GP 表达式自身产生的状态,1,历史全局最优路径,沉积后,0.22488429448969774,0.2248843698033575,0.00018043936715561858
2,81003,4,GP 表达式自身产生的状态,1,历史全局最优路径,重启和可选上界处理后,0.22488429448969774,0.2248843698033575,0.00018043936715561858
2,81003,5,GP 表达式自身产生的状态,1,历史全局最优路径,更新前,0.22481694293236396,0.0,0.0
2,81003,5,GP 表达式自身产生的状态,1,历史全局最优路径,蒸发和下界保护后,0.22481694293236396,0.0,0.0
2,81003,5,GP 表达式自身产生的状态,1,历史全局最优路径,沉积后,0.22481694293236396,0.22481697815377485,0.00018017514550676544
2,81003,5,GP 表达式自身产生的状态,1,历史全局最优路径,重启和可选上界处理后,0.22481694293236396,0.22481697815377485,0.00018017514550676544
2,81003,6,GP 表达式自身产生的状态,1,历史全局最优路径,更新前,0.22954581729986126,0.0,0.0
2,81003,6,GP 表达式自身产生的状态,1,历史全局最优路径,蒸发和下界保护后,0.22954581729986126,0.0,0.0
2,81003,6,GP 表达式自身产生的状态,1,历史全局最优路径,沉积后,0.22954581729986126,0.2295457962115402,0.00018255294686538246
2,81003,6,GP 表达式自身产生的状态,1,历史全局最优路径,重启和可选上界处理后,0.22954581729986126,0.2295457962115402,0.00018255294686538246
2,81003,7,GP 表达式自身产生的状态,1,历史全局最优路径,更新前,0.22485657685172666,0.0,0.0
2,81003,7,GP 表达式自身产生的状态,1,历史全局最优路径,蒸发和下界保护后,0.22485657685172666,0.0,0.0
2,81003,7,GP 表达式自身产生的状态,1,历史全局最优路径,沉积后,0.22485657685172666,0.22485667123475214,0.00017978949823084265
2,81003,7,GP 表达式自身产生的状态,1,历史全局最优路径,重启和可选上界处理后,0.22485657685172666,0.22485667123475214,0.00017978949823084265
2,81003,0,不使用 GP 产生的状态,100,本轮最优路径,更新前,0.11659022500446103,0.0,0.0
2,81003,0,不使用 GP 产生的状态,100,本轮最优路径,蒸发和下界保护后,0.11659022500446103,0.0,0.0
2,81003,0,不使用 GP 产生的状态,100,本轮最优路径,沉积后,0.11659022500446103,0.11659030224014005,9.922824644417147e-05
2,81003,0,不使用 GP 产生的状态,100,本轮最优路径,重启和可选上界处理后,0.11659022500446103,0.11659030224014005,9.922824644417147e-05
2,81003,1,不使用 GP 产生的状态,100,本轮最优路径,更新前,0.12743937921300497,0.0,0.0
2,81003,1,不使用 GP 产生的状态,100,本轮最优路径,蒸发和下界保护后,0.12743937921300497,0.0,0.0
2,81003,1,不使用 GP 产生的状态,100,本轮最优路径,沉积后,0.12743937921300497,0.1274393485427906,0.00010912606799738615
2,81003,1,不使用 GP 产生的状态,100,本轮最优路径,重启和可选上界处理后,0.12743937921300497,0.1274393485427906,0.00010912606799738615
2,81003,2,不使用 GP 产生的状态,100,本轮最优路径,更新前,0.09485141070864922,0.0,0.0
2,81003,2,不使用 GP 产生的状态,100,本轮最优路径,蒸发和下界保护后,0.09485141070864922,0.0,0.0
2,81003,2,不使用 GP 产生的状态,100,本轮最优路径,沉积后,0.09485141070864922,0.09485143379089299,8.32312428374224e-05
2,81003,2,不使用 GP 产生的状态,100,本轮最优路径,重启和可选上界处理后,0.09485141070864922,0.09485143379089299,8.32312428374224e-05
2,81003,3,不使用 GP 产生的状态,100,本轮最优路径,更新前,0.1185943953322519,0.0,0.0
2,81003,3,不使用 GP 产生的状态,100,本轮最优路径,蒸发和下界保护后,0.1185943953322519,0.0,0.0
2,81003,3,不使用 GP 产生的状态,100,本轮最优路径,沉积后,0.1185943953322519,0.11859447675023553,0.00010107314533715164
2,81003,3,不使用 GP 产生的状态,100,本轮最优路径,重启和可选上界处理后,0.1185943953322519,0.11859447675023553,0.00010107314533715164
2,81003,4,不使用 GP 产生的状态,100,本轮最优路径,更新前,0.11158094335932445,0.0,0.0
2,81003,4,不使用 GP 产生的状态,100,本轮最优路径,蒸发和下界保护后,0.11158094335932445,0.0,0.0
2,81003,4,不使用 GP 产生的状态,100,本轮最优路径,沉积后,0.11158094335932445,0.11158094883771173,9.54787418220373e-05
2,81003,4,不使用 GP 产生的状态,100,本轮最优路径,重启和可选上界处理后,0.11158094335932445,0.11158094883771173,9.54787418220373e-05
2,81003,5,不使用 GP 产生的状态,100,本轮最优路径,更新前,0.1382645843452506,0.0,0.0
2,81003,5,不使用 GP 产生的状态,100,本轮最优路径,蒸发和下界保护后,0.1382645843452506,0.0,0.0
2,81003,5,不使用 GP 产生的状态,100,本轮最优路径,沉积后,0.1382645843452506,0.13826453825284227,0.0001173207396049369
2,81003,5,不使用 GP 产生的状态,100,本轮最优路径,重启和可选上界处理后,0.1382645843452506,0.13826453825284227,0.0001173207396049369
2,81003,6,不使用 GP 产生的状态,100,本轮最优路径,更新前,0.10749322637886359,0.0,0.0
2,81003,6,不使用 GP 产生的状态,100,本轮最优路径,蒸发和下界保护后,0.10749322637886359,0.0,0.0
2,81003,6,不使用 GP 产生的状态,100,本轮最优路径,沉积后,0.10749322637886359,0.10749326023221713,9.217222185805131e-05
2,81003,6,不使用 GP 产生的状态,100,本轮最优路径,重启和可选上界处理后,0.10749322637886359,0.10749326023221713,9.217222185805131e-05
2,81003,7,不使用 GP 产生的状态,100,本轮最优路径,更新前,0.10092139211213587,0.0,0.0
2,81003,7,不使用 GP 产生的状态,100,本轮最优路径,蒸发和下界保护后,0.10092139211213587,0.0,0.0
2,81003,7,不使用 GP 产生的状态,100,本轮最优路径,沉积后,0.10092139211213587,0.10092132575999334,8.644120077494389e-05
2,81003,7,不使用 GP 产生的状态,100,本轮最优路径,重启和可选上界处理后,0.10092139211213587,0.10092132575999334,8.644120077494389e-05
2,81003,0,不使用 GP 产生的状态,100,历史重启阶段最优路径,更新前,0.08209490662535775,0.0,0.0
2,81003,0,不使用 GP 产生的状态,100,历史重启阶段最优路径,蒸发和下界保护后,0.08209490662535775,0.0,0.0
2,81003,0,不使用 GP 产生的状态,100,历史重启阶段最优路径,沉积后,0.08209490662535775,0.08209499101012442,6.98697997619223e-05
2,81003,0,不使用 GP 产生的状态,100,历史重启阶段最优路径,重启和可选上界处理后,0.08209490662535775,0.08209499101012442,6.98697997619223e-05
2,81003,1,不使用 GP 产生的状态,100,历史重启阶段最优路径,更新前,0.09932043232775442,0.0,0.0
2,81003,1,不使用 GP 产生的状态,100,历史重启阶段最优路径,蒸发和下界保护后,0.09932043232775442,0.0,0.0
2,81003,1,不使用 GP 产生的状态,100,历史重启阶段最优路径,沉积后,0.09932043232775442,0.09932051042082132,8.504796122744142e-05
2,81003,1,不使用 GP 产生的状态,100,历史重启阶段最优路径,重启和可选上界处理后,0.09932043232775442,0.09932051042082132,8.504796122744142e-05
2,81003,2,不使用 GP 产生的状态,100,历史重启阶段最优路径,更新前,0.07322937484208977,0.0,0.0
2,81003,2,不使用 GP 产生的状态,100,历史重启阶段最优路径,蒸发和下界保护后,0.07322937484208977,0.0,0.0
2,81003,2,不使用 GP 产生的状态,100,历史重启阶段最优路径,沉积后,0.07322937484208977,0.07322944654170256,6.425815197901297e-05
2,81003,2,不使用 GP 产生的状态,100,历史重启阶段最优路径,重启和可选上界处理后,0.07322937484208977,0.07322944654170256,6.425815197901297e-05
2,81003,3,不使用 GP 产生的状态,100,历史重启阶段最优路径,更新前,0.09043188407014773,0.0,0.0
2,81003,3,不使用 GP 产生的状态,100,历史重启阶段最优路径,蒸发和下界保护后,0.09043188407014773,0.0,0.0
2,81003,3,不使用 GP 产生的状态,100,历史重启阶段最优路径,沉积后,0.09043188407014773,0.09043192733945349,7.707138334960418e-05
2,81003,3,不使用 GP 产生的状态,100,历史重启阶段最优路径,重启和可选上界处理后,0.09043188407014773,0.09043192733945349,7.707138334960418e-05
2,81003,4,不使用 GP 产生的状态,100,历史重启阶段最优路径,更新前,0.08915103681447566,0.0,0.0
2,81003,4,不使用 GP 产生的状态,100,历史重启阶段最优路径,蒸发和下界保护后,0.08915103681447566,0.0,0.0
2,81003,4,不使用 GP 产生的状态,100,历史重启阶段最优路径,沉积后,0.08915103681447566,0.08915103382626441,7.628567986319857e-05
2,81003,4,不使用 GP 产生的状态,100,历史重启阶段最优路径,重启和可选上界处理后,0.08915103681447566,0.08915103382626441,7.628567986319857e-05
2,81003,5,不使用 GP 产生的状态,100,历史重启阶段最优路径,更新前,0.10711404130978347,0.0,0.0
2,81003,5,不使用 GP 产生的状态,100,历史重启阶段最优路径,蒸发和下界保护后,0.10711404130978347,0.0,0.0
2,81003,5,不使用 GP 产生的状态,100,历史重启阶段最优路径,沉积后,0.10711404130978347,0.10711396234819871,9.088873722433095e-05
2,81003,5,不使用 GP 产生的状态,100,历史重启阶段最优路径,重启和可选上界处理后,0.10711404130978347,0.10711396234819871,9.088873722433095e-05
2,81003,6,不使用 GP 产生的状态,100,历史重启阶段最优路径,更新前,0.10749322637886359,0.0,0.0
2,81003,6,不使用 GP 产生的状态,100,历史重启阶段最优路径,蒸发和下界保护后,0.10749322637886359,0.0,0.0
2,81003,6,不使用 GP 产生的状态,100,历史重启阶段最优路径,沉积后,0.10749322637886359,0.10749326023221713,9.217222185805131e-05
2,81003,6,不使用 GP 产生的状态,100,历史重启阶段最优路径,重启和可选上界处理后,0.10749322637886359,0.10749326023221713,9.217222185805131e-05
2,81003,7,不使用 GP 产生的状态,100,历史重启阶段最优路径,更新前,0.08273683066798461,0.0,0.0
2,81003,7,不使用 GP 产生的状态,100,历史重启阶段最优路径,蒸发和下界保护后,0.08273683066798461,0.0,0.0
2,81003,7,不使用 GP 产生的状态,100,历史重启阶段最优路径,沉积后,0.08273683066798461,0.0827367706138882,7.086575355850794e-05
2,81003,7,不使用 GP 产生的状态,100,历史重启阶段最优路径,重启和可选上界处理后,0.08273683066798461,0.0827367706138882,7.086575355850794e-05
2,81003,0,不使用 GP 产生的状态,100,历史全局最优路径,更新前,0.08209490662535775,0.0,0.0
2,81003,0,不使用 GP 产生的状态,100,历史全局最优路径,蒸发和下界保护后,0.08209490662535775,0.0,0.0
2,81003,0,不使用 GP 产生的状态,100,历史全局最优路径,沉积后,0.08209490662535775,0.08209499101012442,6.98697997619223e-05
2,81003,0,不使用 GP 产生的状态,100,历史全局最优路径,重启和可选上界处理后,0.08209490662535775,0.08209499101012442,6.98697997619223e-05
2,81003,1,不使用 GP 产生的状态,100,历史全局最优路径,更新前,0.09932043232775442,0.0,0.0
2,81003,1,不使用 GP 产生的状态,100,历史全局最优路径,蒸发和下界保护后,0.09932043232775442,0.0,0.0
2,81003,1,不使用 GP 产生的状态,100,历史全局最优路径,沉积后,0.09932043232775442,0.09932051042082132,8.504796122744142e-05
2,81003,1,不使用 GP 产生的状态,100,历史全局最优路径,重启和可选上界处理后,0.09932043232775442,0.09932051042082132,8.504796122744142e-05
2,81003,2,不使用 GP 产生的状态,100,历史全局最优路径,更新前,0.07322937484208977,0.0,0.0
2,81003,2,不使用 GP 产生的状态,100,历史全局最优路径,蒸发和下界保护后,0.07322937484208977,0.0,0.0
2,81003,2,不使用 GP 产生的状态,100,历史全局最优路径,沉积后,0.07322937484208977,0.07322944654170256,6.425815197901297e-05
2,81003,2,不使用 GP 产生的状态,100,历史全局最优路径,重启和可选上界处理后,0.07322937484208977,0.07322944654170256,6.425815197901297e-05
2,81003,3,不使用 GP 产生的状态,100,历史全局最优路径,更新前,0.09043188407014773,0.0,0.0
2,81003,3,不使用 GP 产生的状态,100,历史全局最优路径,蒸发和下界保护后,0.09043188407014773,0.0,0.0
2,81003,3,不使用 GP 产生的状态,100,历史全局最优路径,沉积后,0.09043188407014773,0.09043192733945349,7.707138334960418e-05
2,81003,3,不使用 GP 产生的状态,100,历史全局最优路径,重启和可选上界处理后,0.09043188407014773,0.09043192733945349,7.707138334960418e-05
2,81003,4,不使用 GP 产生的状态,100,历史全局最优路径,更新前,0.08915103681447566,0.0,0.0
2,81003,4,不使用 GP 产生的状态,100,历史全局最优路径,蒸发和下界保护后,0.08915103681447566,0.0,0.0
2,81003,4,不使用 GP 产生的状态,100,历史全局最优路径,沉积后,0.08915103681447566,0.08915103382626441,7.628567986319857e-05
2,81003,4,不使用 GP 产生的状态,100,历史全局最优路径,重启和可选上界处理后,0.08915103681447566,0.08915103382626441,7.628567986319857e-05
2,81003,5,不使用 GP 产生的状态,100,历史全局最优路径,更新前,0.10711404130978347,0.0,0.0
2,81003,5,不使用 GP 产生的状态,100,历史全局最优路径,蒸发和下界保护后,0.10711404130978347,0.0,0.0
2,81003,5,不使用 GP 产生的状态,100,历史全局最优路径,沉积后,0.10711404130978347,0.10711396234819871,9.088873722433095e-05
2,81003,5,不使用 GP 产生的状态,100,历史全局最优路径,重启和可选上界处理后,0.10711404130978347,0.10711396234819871,9.088873722433095e-05
2,81003,6,不使用 GP 产生的状态,100,历史全局最优路径,更新前,0.10749322637886359,0.0,0.0
2,81003,6,不使用 GP 产生的状态,100,历史全局最优路径,蒸发和下界保护后,0.10749322637886359,0.0,0.0
2,81003,6,不使用 GP 产生的状态,100,历史全局最优路径,沉积后,0.10749322637886359,0.10749326023221713,9.217222185805131e-05
2,81003,6,不使用 GP 产生的状态,100,历史全局最优路径,重启和可选上界处理后,0.10749322637886359,0.10749326023221713,9.217222185805131e-05
2,81003,7,不使用 GP 产生的状态,100,历史全局最优路径,更新前,0.08273683066798461,0.0,0.0
2,81003,7,不使用 GP 产生的状态,100,历史全局最优路径,蒸发和下界保护后,0.08273683066798461,0.0,0.0
2,81003,7,不使用 GP 产生的状态,100,历史全局最优路径,沉积后,0.08273683066798461,0.0827367706138882,7.086575355850794e-05
2,81003,7,不使用 GP 产生的状态,100,历史全局最优路径,重启和可选上界处理后,0.08273683066798461,0.0827367706138882,7.086575355850794e-05
2,81002,0,不使用 GP 产生的状态,100,本轮最优路径,更新前,0.0983597246925157,0.0,0.0
2,81002,0,不使用 GP 产生的状态,100,本轮最优路径,蒸发和下界保护后,0.0983597246925157,0.0,0.0
2,81002,0,不使用 GP 产生的状态,100,本轮最优路径,沉积后,0.0983597246925157,0.09835980537507627,8.371254573005629e-05
2,81002,0,不使用 GP 产生的状态,100,本轮最优路径,重启和可选上界处理后,0.0983597246925157,0.09835980537507627,8.371254573005629e-05
2,81002,1,不使用 GP 产生的状态,100,本轮最优路径,更新前,0.10326679581094975,0.0,0.0
2,81002,1,不使用 GP 产生的状态,100,本轮最优路径,蒸发和下界保护后,0.10326679581094975,0.0,0.0
2,81002,1,不使用 GP 产生的状态,100,本轮最优路径,沉积后,0.10326679581094975,0.10326676288557253,8.84271295904898e-05
2,81002,1,不使用 GP 产生的状态,100,本轮最优路径,重启和可选上界处理后,0.10326679581094975,0.10326676288557253,8.84271295904898e-05
2,81002,2,不使用 GP 产生的状态,100,本轮最优路径,更新前,0.0782445506764692,0.0,0.0
2,81002,2,不使用 GP 产生的状态,100,本轮最优路径,蒸发和下界保护后,0.0782445506764692,0.0,0.0
2,81002,2,不使用 GP 产生的状态,100,本轮最优路径,沉积后,0.0782445506764692,0.07824460998588573,6.865891082692245e-05
2,81002,2,不使用 GP 产生的状态,100,本轮最优路径,重启和可选上界处理后,0.0782445506764692,0.07824460998588573,6.865891082692245e-05
2,81002,3,不使用 GP 产生的状态,100,本轮最优路径,更新前,0.082503270760107,0.0,0.0
2,81002,3,不使用 GP 产生的状态,100,本轮最优路径,蒸发和下界保护后,0.082503270760107,0.0,0.0
2,81002,3,不使用 GP 产生的状态,100,本轮最优路径,沉积后,0.082503270760107,0.08250332478273135,7.031415597983714e-05
2,81002,3,不使用 GP 产生的状态,100,本轮最优路径,重启和可选上界处理后,0.082503270760107,0.08250332478273135,7.031415597983714e-05
2,81002,4,不使用 GP 产生的状态,100,本轮最优路径,更新前,0.07814204513046036,0.0,0.0
2,81002,4,不使用 GP 产生的状态,100,本轮最优路径,蒸发和下界保护后,0.07814204513046036,0.0,0.0
2,81002,4,不使用 GP 产生的状态,100,本轮最优路径,沉积后,0.07814204513046036,0.0781419930235268,6.686534982064204e-05
2,81002,4,不使用 GP 产生的状态,100,本轮最优路径,重启和可选上界处理后,0.07814204513046036,0.0781419930235268,6.686534982064204e-05
2,81002,5,不使用 GP 产生的状态,100,本轮最优路径,更新前,0.1163235295415524,0.0,0.0
2,81002,5,不使用 GP 产生的状态,100,本轮最优路径,蒸发和下界保护后,0.1163235295415524,0.0,0.0
2,81002,5,不使用 GP 产生的状态,100,本轮最优路径,沉积后,0.1163235295415524,0.11632344440912608,9.870320115282265e-05
2,81002,5,不使用 GP 产生的状态,100,本轮最优路径,重启和可选上界处理后,0.1163235295415524,0.11632344440912608,9.870320115282265e-05
2,81002,6,不使用 GP 产生的状态,100,本轮最优路径,更新前,0.08078132216447712,0.0,0.0
2,81002,6,不使用 GP 产生的状态,100,本轮最优路径,蒸发和下界保护后,0.08078132216447712,0.0,0.0
2,81002,6,不使用 GP 产生的状态,100,本轮最优路径,沉积后,0.08078132216447712,0.08078133785563002,6.926755574009214e-05
2,81002,6,不使用 GP 产生的状态,100,本轮最优路径,重启和可选上界处理后,0.08078132216447712,0.08078133785563002,6.926755574009214e-05
2,81002,7,不使用 GP 产生的状态,100,本轮最优路径,更新前,0.08712246847249511,0.0,0.0
2,81002,7,不使用 GP 产生的状态,100,本轮最优路径,蒸发和下界保护后,0.08712246847249511,0.0,0.0
2,81002,7,不使用 GP 产生的状态,100,本轮最优路径,沉积后,0.08712246847249511,0.08712238793384464,7.462212540976544e-05
2,81002,7,不使用 GP 产生的状态,100,本轮最优路径,重启和可选上界处理后,0.08712246847249511,0.08712238793384464,7.462212540976544e-05
2,81002,0,不使用 GP 产生的状态,100,历史重启阶段最优路径,更新前,0.058373436310698204,0.0,0.0
2,81002,0,不使用 GP 产生的状态,100,历史重启阶段最优路径,蒸发和下界保护后,0.058373436310698204,0.0,0.0
2,81002,0,不使用 GP 产生的状态,100,历史重启阶段最优路径,沉积后,0.058373436310698204,0.05837356499427583,4.9680854426753266e-05
2,81002,0,不使用 GP 产生的状态,100,历史重启阶段最优路径,重启和可选上界处理后,0.058373436310698204,0.05837356499427583,4.9680854426753266e-05
2,81002,1,不使用 GP 产生的状态,100,历史重启阶段最优路径,更新前,0.06640329000214516,0.0,0.0
2,81002,1,不使用 GP 产生的状态,100,历史重启阶段最优路径,蒸发和下界保护后,0.06640329000214516,0.0,0.0
2,81002,1,不使用 GP 产生的状态,100,历史重启阶段最优路径,沉积后,0.06640329000214516,0.06640338942260904,5.686109409885618e-05
2,81002,1,不使用 GP 产生的状态,100,历史重启阶段最优路径,重启和可选上界处理后,0.06640329000214516,0.06640338942260904,5.686109409885618e-05
2,81002,2,不使用 GP 产生的状态,100,历史重启阶段最优路径,更新前,0.054515870121101484,0.0,0.0
2,81002,2,不使用 GP 产生的状态,100,历史重启阶段最优路径,蒸发和下界保护后,0.054515870121101484,0.0,0.0
2,81002,2,不使用 GP 产生的状态,100,历史重启阶段最优路径,沉积后,0.054515870121101484,0.05451592433607185,4.7837211896292873e-05
2,81002,2,不使用 GP 产生的状态,100,历史重启阶段最优路径,重启和可选上界处理后,0.054515870121101484,0.05451592433607185,4.7837211896292873e-05
2,81002,3,不使用 GP 产生的状态,100,历史重启阶段最优路径,更新前,0.07332045130486052,0.0,0.0
2,81002,3,不使用 GP 产生的状态,100,历史重启阶段最优路径,蒸发和下界保护后,0.07332045130486052,0.0,0.0
2,81002,3,不使用 GP 产生的状态,100,历史重启阶段最优路径,沉积后,0.07332045130486052,0.07332051710492905,6.248803765923749e-05
2,81002,3,不使用 GP 产生的状态,100,历史重启阶段最优路径,重启和可选上界处理后,0.07332045130486052,0.07332051710492905,6.248803765923749e-05
2,81002,4,不使用 GP 产生的状态,100,历史重启阶段最优路径,更新前,0.06990708776195537,0.0,0.0
2,81002,4,不使用 GP 产生的状态,100,历史重启阶段最优路径,蒸发和下界保护后,0.06990708776195537,0.0,0.0
2,81002,4,不使用 GP 产生的状态,100,历史重启阶段最优路径,沉积后,0.06990708776195537,0.06990709834520352,5.981882986259019e-05
2,81002,4,不使用 GP 产生的状态,100,历史重启阶段最优路径,重启和可选上界处理后,0.06990708776195537,0.06990709834520352,5.981882986259019e-05
2,81002,5,不使用 GP 产生的状态,100,历史重启阶段最优路径,更新前,0.08277347819229229,0.0,0.0
2,81002,5,不使用 GP 产生的状态,100,历史重启阶段最优路径,蒸发和下界保护后,0.08277347819229229,0.0,0.0
2,81002,5,不使用 GP 产生的状态,100,历史重启阶段最优路径,沉积后,0.08277347819229229,0.08277338311095817,7.023517851281565e-05
2,81002,5,不使用 GP 产生的状态,100,历史重启阶段最优路径,重启和可选上界处理后,0.08277347819229229,0.08277338311095817,7.023517851281565e-05
2,81002,6,不使用 GP 产生的状态,100,历史重启阶段最优路径,更新前,0.08078132216447712,0.0,0.0
2,81002,6,不使用 GP 产生的状态,100,历史重启阶段最优路径,蒸发和下界保护后,0.08078132216447712,0.0,0.0
2,81002,6,不使用 GP 产生的状态,100,历史重启阶段最优路径,沉积后,0.08078132216447712,0.08078133785563002,6.926755574009214e-05
2,81002,6,不使用 GP 产生的状态,100,历史重启阶段最优路径,重启和可选上界处理后,0.08078132216447712,0.08078133785563002,6.926755574009214e-05
2,81002,7,不使用 GP 产生的状态,100,历史重启阶段最优路径,更新前,0.06438366862051075,0.0,0.0
2,81002,7,不使用 GP 产生的状态,100,历史重启阶段最优路径,蒸发和下界保护后,0.06438366862051075,0.0,0.0
2,81002,7,不使用 GP 产生的状态,100,历史重启阶段最优路径,沉积后,0.06438366862051075,0.0643835837559296,5.514586979655918e-05
2,81002,7,不使用 GP 产生的状态,100,历史重启阶段最优路径,重启和可选上界处理后,0.06438366862051075,0.0643835837559296,5.514586979655918e-05
2,81002,0,不使用 GP 产生的状态,100,历史全局最优路径,更新前,0.058373436310698204,0.0,0.0
2,81002,0,不使用 GP 产生的状态,100,历史全局最优路径,蒸发和下界保护后,0.058373436310698204,0.0,0.0
2,81002,0,不使用 GP 产生的状态,100,历史全局最优路径,沉积后,0.058373436310698204,0.05837356499427583,4.9680854426753266e-05
2,81002,0,不使用 GP 产生的状态,100,历史全局最优路径,重启和可选上界处理后,0.058373436310698204,0.05837356499427583,4.9680854426753266e-05
2,81002,1,不使用 GP 产生的状态,100,历史全局最优路径,更新前,0.06640329000214516,0.0,0.0
2,81002,1,不使用 GP 产生的状态,100,历史全局最优路径,蒸发和下界保护后,0.06640329000214516,0.0,0.0
2,81002,1,不使用 GP 产生的状态,100,历史全局最优路径,沉积后,0.06640329000214516,0.06640338942260904,5.686109409885618e-05
2,81002,1,不使用 GP 产生的状态,100,历史全局最优路径,重启和可选上界处理后,0.06640329000214516,0.06640338942260904,5.686109409885618e-05
2,81002,2,不使用 GP 产生的状态,100,历史全局最优路径,更新前,0.054515870121101484,0.0,0.0
2,81002,2,不使用 GP 产生的状态,100,历史全局最优路径,蒸发和下界保护后,0.054515870121101484,0.0,0.0
2,81002,2,不使用 GP 产生的状态,100,历史全局最优路径,沉积后,0.054515870121101484,0.05451592433607185,4.7837211896292873e-05
2,81002,2,不使用 GP 产生的状态,100,历史全局最优路径,重启和可选上界处理后,0.054515870121101484,0.05451592433607185,4.7837211896292873e-05
2,81002,3,不使用 GP 产生的状态,100,历史全局最优路径,更新前,0.07332045130486052,0.0,0.0
2,81002,3,不使用 GP 产生的状态,100,历史全局最优路径,蒸发和下界保护后,0.07332045130486052,0.0,0.0
2,81002,3,不使用 GP 产生的状态,100,历史全局最优路径,沉积后,0.07332045130486052,0.07332051710492905,6.248803765923749e-05
2,81002,3,不使用 GP 产生的状态,100,历史全局最优路径,重启和可选上界处理后,0.07332045130486052,0.07332051710492905,6.248803765923749e-05
2,81002,4,不使用 GP 产生的状态,100,历史全局最优路径,更新前,0.06990708776195537,0.0,0.0
2,81002,4,不使用 GP 产生的状态,100,历史全局最优路径,蒸发和下界保护后,0.06990708776195537,0.0,0.0
2,81002,4,不使用 GP 产生的状态,100,历史全局最优路径,沉积后,0.06990708776195537,0.06990709834520352,5.981882986259019e-05
2,81002,4,不使用 GP 产生的状态,100,历史全局最优路径,重启和可选上界处理后,0.06990708776195537,0.06990709834520352,5.981882986259019e-05
2,81002,5,不使用 GP 产生的状态,100,历史全局最优路径,更新前,0.08277347819229229,0.0,0.0
2,81002,5,不使用 GP 产生的状态,100,历史全局最优路径,蒸发和下界保护后,0.08277347819229229,0.0,0.0
2,81002,5,不使用 GP 产生的状态,100,历史全局最优路径,沉积后,0.08277347819229229,0.08277338311095817,7.023517851281565e-05
2,81002,5,不使用 GP 产生的状态,100,历史全局最优路径,重启和可选上界处理后,0.08277347819229229,0.08277338311095817,7.023517851281565e-05
2,81002,6,不使用 GP 产生的状态,100,历史全局最优路径,更新前,0.08078132216447712,0.0,0.0
2,81002,6,不使用 GP 产生的状态,100,历史全局最优路径,蒸发和下界保护后,0.08078132216447712,0.0,0.0
2,81002,6,不使用 GP 产生的状态,100,历史全局最优路径,沉积后,0.08078132216447712,0.08078133785563002,6.926755574009214e-05
2,81002,6,不使用 GP 产生的状态,100,历史全局最优路径,重启和可选上界处理后,0.08078132216447712,0.08078133785563002,6.926755574009214e-05
2,81002,7,不使用 GP 产生的状态,100,历史全局最优路径,更新前,0.06438366862051075,0.0,0.0
2,81002,7,不使用 GP 产生的状态,100,历史全局最优路径,蒸发和下界保护后,0.06438366862051075,0.0,0.0
2,81002,7,不使用 GP 产生的状态,100,历史全局最优路径,沉积后,0.06438366862051075,0.0643835837559296,5.514586979655918e-05
2,81002,7,不使用 GP 产生的状态,100,历史全局最优路径,重启和可选上界处理后,0.06438366862051075,0.0643835837559296,5.514586979655918e-05
2,81001,0,不使用 GP 产生的状态,100,本轮最优路径,更新前,0.1283129686635471,0.0,0.0
2,81001,0,不使用 GP 产生的状态,100,本轮最优路径,蒸发和下界保护后,0.1283129686635471,0.0,0.0
2,81001,0,不使用 GP 产生的状态,100,本轮最优路径,沉积后,0.1283129686635471,0.12831310653880884,0.00010920534824093324
2,81001,0,不使用 GP 产生的状态,100,本轮最优路径,重启和可选上界处理后,0.1283129686635471,0.12831310653880884,0.00010920534824093324
2,81001,1,不使用 GP 产生的状态,100,本轮最优路径,更新前,0.1382985914289091,0.0,0.0
2,81001,1,不使用 GP 产生的状态,100,本轮最优路径,蒸发和下界保护后,0.1382985914289091,0.0,0.0
2,81001,1,不使用 GP 产生的状态,100,本轮最优路径,沉积后,0.1382985914289091,0.13829857544946966,0.0001184248030220666
2,81001,1,不使用 GP 产生的状态,100,本轮最优路径,重启和可选上界处理后,0.1382985914289091,0.13829857544946966,0.0001184248030220666
2,81001,2,不使用 GP 产生的状态,100,本轮最优路径,更新前,0.10469154569467745,0.0,0.0
2,81001,2,不使用 GP 产生的状态,100,本轮最优路径,蒸发和下界保护后,0.10469154569467745,0.0,0.0
2,81001,2,不使用 GP 产生的状态,100,本轮最优路径,沉积后,0.10469154569467745,0.10469158575840845,9.186588382525379e-05
2,81001,2,不使用 GP 产生的状态,100,本轮最优路径,重启和可选上界处理后,0.10469154569467745,0.10469158575840845,9.186588382525379e-05
2,81001,3,不使用 GP 产生的状态,100,本轮最优路径,更新前,0.1285786761362534,0.0,0.0
2,81001,3,不使用 GP 产生的状态,100,本轮最优路径,蒸发和下界保护后,0.1285786761362534,0.0,0.0
2,81001,3,不使用 GP 产生的状态,100,本轮最优路径,沉积后,0.1285786761362534,0.12857867498411213,0.0001095822626824123
2,81001,3,不使用 GP 产生的状态,100,本轮最优路径,重启和可选上界处理后,0.1285786761362534,0.12857867498411213,0.0001095822626824123
2,81001,4,不使用 GP 产生的状态,100,本轮最优路径,更新前,0.12187109343673586,0.0,0.0
2,81001,4,不使用 GP 产生的状态,100,本轮最优路径,蒸发和下界保护后,0.12187109343673586,0.0,0.0
2,81001,4,不使用 GP 产生的状态,100,本轮最优路径,沉积后,0.12187109343673586,0.12187107065162513,0.00010428389981918721
2,81001,4,不使用 GP 产生的状态,100,本轮最优路径,重启和可选上界处理后,0.12187109343673586,0.12187107065162513,0.00010428389981918721
2,81001,5,不使用 GP 产生的状态,100,本轮最优路径,更新前,0.15035071904922687,0.0,0.0
2,81001,5,不使用 GP 产生的状态,100,本轮最优路径,蒸发和下界保护后,0.15035071904922687,0.0,0.0
2,81001,5,不使用 GP 产生的状态,100,本轮最优路径,沉积后,0.15035071904922687,0.15035067660894927,0.0001275761146188329
2,81001,5,不使用 GP 产生的状态,100,本轮最优路径,重启和可选上界处理后,0.15035071904922687,0.15035067660894927,0.0001275761146188329
2,81001,6,不使用 GP 产生的状态,100,本轮最优路径,更新前,0.11752712499704265,0.0,0.0
2,81001,6,不使用 GP 产生的状态,100,本轮最优路径,蒸发和下界保护后,0.11752712499704265,0.0,0.0
2,81001,6,不使用 GP 产生的状态,100,本轮最优路径,沉积后,0.11752712499704265,0.11752712685032843,0.00010077595922745209
2,81001,6,不使用 GP 产生的状态,100,本轮最优路径,重启和可选上界处理后,0.11752712499704265,0.11752712685032843,0.00010077595922745209
2,81001,7,不使用 GP 产生的状态,100,本轮最优路径,更新前,0.11082318532256875,0.0,0.0
2,81001,7,不使用 GP 产生的状态,100,本轮最优路径,蒸发和下界保护后,0.11082318532256875,0.0,0.0
2,81001,7,不使用 GP 产生的状态,100,本轮最优路径,沉积后,0.11082318532256875,0.11082310472030164,9.492227904746521e-05
2,81001,7,不使用 GP 产生的状态,100,本轮最优路径,重启和可选上界处理后,0.11082318532256875,0.11082310472030164,9.492227904746521e-05
2,81001,0,不使用 GP 产生的状态,100,历史重启阶段最优路径,更新前,0.0877340310650531,0.0,0.0
2,81001,0,不使用 GP 产生的状态,100,历史重启阶段最优路径,蒸发和下界保护后,0.0877340310650531,0.0,0.0
2,81001,0,不使用 GP 产生的状态,100,历史重启阶段最优路径,沉积后,0.0877340310650531,0.08773408717262489,7.466914884356776e-05
2,81001,0,不使用 GP 产生的状态,100,历史重启阶段最优路径,重启和可选上界处理后,0.0877340310650531,0.08773408717262489,7.466914884356776e-05
2,81001,1,不使用 GP 产生的状态,100,历史重启阶段最优路径,更新前,0.10630845266057048,0.0,0.0
2,81001,1,不使用 GP 产生的状态,100,历史重启阶段最优路径,蒸发和下界保护后,0.10630845266057048,0.0,0.0
2,81001,1,不使用 GP 产生的状态,100,历史重启阶段最优路径,沉积后,0.10630845266057048,0.10630853474849723,9.103179296127438e-05
2,81001,1,不使用 GP 产生的状态,100,历史重启阶段最优路径,重启和可选上界处理后,0.10630845266057048,0.10630853474849723,9.103179296127438e-05
2,81001,2,不使用 GP 产生的状态,100,历史重启阶段最优路径,更新前,0.07892059651388976,0.0,0.0
2,81001,2,不使用 GP 产生的状态,100,历史重启阶段最优路径,蒸发和下界保护后,0.07892059651388976,0.0,0.0
2,81001,2,不使用 GP 产生的状态,100,历史重启阶段最优路径,沉积后,0.07892059651388976,0.07892062343269175,6.925210628115793e-05
2,81001,2,不使用 GP 产生的状态,100,历史重启阶段最优路径,重启和可选上界处理后,0.07892059651388976,0.07892062343269175,6.925210628115793e-05
2,81001,3,不使用 GP 产生的状态,100,历史重启阶段最优路径,更新前,0.09711842065831627,0.0,0.0
2,81001,3,不使用 GP 产生的状态,100,历史重启阶段最优路径,蒸发和下界保护后,0.09711842065831627,0.0,0.0
2,81001,3,不使用 GP 产生的状态,100,历史重启阶段最优路径,沉积后,0.09711842065831627,0.0971184637355985,8.277004116913671e-05
2,81001,3,不使用 GP 产生的状态,100,历史重启阶段最优路径,重启和可选上界处理后,0.09711842065831627,0.0971184637355985,8.277004116913671e-05
2,81001,4,不使用 GP 产生的状态,100,历史重启阶段最优路径,更新前,0.09635055458332,0.0,0.0
2,81001,4,不使用 GP 产生的状态,100,历史重启阶段最优路径,蒸发和下界保护后,0.09635055458332,0.0,0.0
2,81001,4,不使用 GP 产生的状态,100,历史重启阶段最优路径,沉积后,0.09635055458332,0.09635058720462608,8.244626825581352e-05
2,81001,4,不使用 GP 产生的状态,100,历史重启阶段最优路径,重启和可选上界处理后,0.09635055458332,0.09635058720462608,8.244626825581352e-05
2,81001,5,不使用 GP 产生的状态,100,历史重启阶段最优路径,更新前,0.11488721944805366,0.0,0.0
2,81001,5,不使用 GP 产生的状态,100,历史重启阶段最优路径,蒸发和下界保护后,0.11488721944805366,0.0,0.0
2,81001,5,不使用 GP 产生的状态,100,历史重启阶段最优路径,沉积后,0.11488721944805366,0.11488714300517973,9.748446535016552e-05
2,81001,5,不使用 GP 产生的状态,100,历史重启阶段最优路径,重启和可选上界处理后,0.11488721944805366,0.11488714300517973,9.748446535016552e-05
2,81001,6,不使用 GP 产生的状态,100,历史重启阶段最优路径,更新前,0.11752712499704265,0.0,0.0
2,81001,6,不使用 GP 产生的状态,100,历史重启阶段最优路径,蒸发和下界保护后,0.11752712499704265,0.0,0.0
2,81001,6,不使用 GP 产生的状态,100,历史重启阶段最优路径,沉积后,0.11752712499704265,0.11752712685032843,0.00010077595922745209
2,81001,6,不使用 GP 产生的状态,100,历史重启阶段最优路径,重启和可选上界处理后,0.11752712499704265,0.11752712685032843,0.00010077595922745209
2,81001,7,不使用 GP 产生的状态,100,历史重启阶段最优路径,更新前,0.08906540768702531,0.0,0.0
2,81001,7,不使用 GP 产生的状态,100,历史重启阶段最优路径,蒸发和下界保护后,0.08906540768702531,0.0,0.0
2,81001,7,不使用 GP 产生的状态,100,历史重启阶段最优路径,沉积后,0.08906540768702531,0.08906530844508634,7.628627697275033e-05
2,81001,7,不使用 GP 产生的状态,100,历史重启阶段最优路径,重启和可选上界处理后,0.08906540768702531,0.08906530844508634,7.628627697275033e-05
2,81001,0,不使用 GP 产生的状态,100,历史全局最优路径,更新前,0.0877340310650531,0.0,0.0
2,81001,0,不使用 GP 产生的状态,100,历史全局最优路径,蒸发和下界保护后,0.0877340310650531,0.0,0.0
2,81001,0,不使用 GP 产生的状态,100,历史全局最优路径,沉积后,0.0877340310650531,0.08773408717262489,7.466914884356776e-05
2,81001,0,不使用 GP 产生的状态,100,历史全局最优路径,重启和可选上界处理后,0.0877340310650531,0.08773408717262489,7.466914884356776e-05
2,81001,1,不使用 GP 产生的状态,100,历史全局最优路径,更新前,0.10630845266057048,0.0,0.0
2,81001,1,不使用 GP 产生的状态,100,历史全局最优路径,蒸发和下界保护后,0.10630845266057048,0.0,0.0
2,81001,1,不使用 GP 产生的状态,100,历史全局最优路径,沉积后,0.10630845266057048,0.10630853474849723,9.103179296127438e-05
2,81001,1,不使用 GP 产生的状态,100,历史全局最优路径,重启和可选上界处理后,0.10630845266057048,0.10630853474849723,9.103179296127438e-05
2,81001,2,不使用 GP 产生的状态,100,历史全局最优路径,更新前,0.07892059651388976,0.0,0.0
2,81001,2,不使用 GP 产生的状态,100,历史全局最优路径,蒸发和下界保护后,0.07892059651388976,0.0,0.0
2,81001,2,不使用 GP 产生的状态,100,历史全局最优路径,沉积后,0.07892059651388976,0.07892062343269175,6.925210628115793e-05
2,81001,2,不使用 GP 产生的状态,100,历史全局最优路径,重启和可选上界处理后,0.07892059651388976,0.07892062343269175,6.925210628115793e-05
2,81001,3,不使用 GP 产生的状态,100,历史全局最优路径,更新前,0.09711842065831627,0.0,0.0
2,81001,3,不使用 GP 产生的状态,100,历史全局最优路径,蒸发和下界保护后,0.09711842065831627,0.0,0.0
2,81001,3,不使用 GP 产生的状态,100,历史全局最优路径,沉积后,0.09711842065831627,0.0971184637355985,8.277004116913671e-05
2,81001,3,不使用 GP 产生的状态,100,历史全局最优路径,重启和可选上界处理后,0.09711842065831627,0.0971184637355985,8.277004116913671e-05
2,81001,4,不使用 GP 产生的状态,100,历史全局最优路径,更新前,0.09635055458332,0.0,0.0
2,81001,4,不使用 GP 产生的状态,100,历史全局最优路径,蒸发和下界保护后,0.09635055458332,0.0,0.0
2,81001,4,不使用 GP 产生的状态,100,历史全局最优路径,沉积后,0.09635055458332,0.09635058720462608,8.244626825581352e-05
2,81001,4,不使用 GP 产生的状态,100,历史全局最优路径,重启和可选上界处理后,0.09635055458332,0.09635058720462608,8.244626825581352e-05
2,81001,5,不使用 GP 产生的状态,100,历史全局最优路径,更新前,0.11488721944805366,0.0,0.0
2,81001,5,不使用 GP 产生的状态,100,历史全局最优路径,蒸发和下界保护后,0.11488721944805366,0.0,0.0
2,81001,5,不使用 GP 产生的状态,100,历史全局最优路径,沉积后,0.11488721944805366,0.11488714300517973,9.748446535016552e-05
2,81001,5,不使用 GP 产生的状态,100,历史全局最优路径,重启和可选上界处理后,0.11488721944805366,0.11488714300517973,9.748446535016552e-05
2,81001,6,不使用 GP 产生的状态,100,历史全局最优路径,更新前,0.11752712499704265,0.0,0.0
2,81001,6,不使用 GP 产生的状态,100,历史全局最优路径,蒸发和下界保护后,0.11752712499704265,0.0,0.0
2,81001,6,不使用 GP 产生的状态,100,历史全局最优路径,沉积后,0.11752712499704265,0.11752712685032843,0.00010077595922745209
2,81001,6,不使用 GP 产生的状态,100,历史全局最优路径,重启和可选上界处理后,0.11752712499704265,0.11752712685032843,0.00010077595922745209
2,81001,7,不使用 GP 产生的状态,100,历史全局最优路径,更新前,0.08906540768702531,0.0,0.0
2,81001,7,不使用 GP 产生的状态,100,历史全局最优路径,蒸发和下界保护后,0.08906540768702531,0.0,0.0
2,81001,7,不使用 GP 产生的状态,100,历史全局最优路径,沉积后,0.08906540768702531,0.08906530844508634,7.628627697275033e-05
2,81001,7,不使用 GP 产生的状态,100,历史全局最优路径,重启和可选上界处理后,0.08906540768702531,0.08906530844508634,7.628627697275033e-05
2,81001,0,GP 表达式自身产生的状态,100,本轮最优路径,更新前,0.01756079739081674,0.0,0.0
2,81001,0,GP 表达式自身产生的状态,100,本轮最优路径,蒸发和下界保护后,0.01756079739081674,0.0,0.0
2,81001,0,GP 表达式自身产生的状态,100,本轮最优路径,沉积后,0.01756079739081674,0.01756070781111701,1.5419419363882426e-05
2,81001,0,GP 表达式自身产生的状态,100,本轮最优路径,重启和可选上界处理后,0.01756079739081674,0.01756070781111701,1.5419419363882426e-05
2,81001,1,GP 表达式自身产生的状态,100,本轮最优路径,更新前,0.024403083237294506,0.0,0.0
2,81001,1,GP 表达式自身产生的状态,100,本轮最优路径,蒸发和下界保护后,0.024403083237294506,0.0,0.0
2,81001,1,GP 表达式自身产生的状态,100,本轮最优路径,沉积后,0.024403083237294506,0.02440314129198467,2.1381401998103605e-05
2,81001,1,GP 表达式自身产生的状态,100,本轮最优路径,重启和可选上界处理后,0.024403083237294506,0.02440314129198467,2.1381401998103605e-05
2,81001,2,GP 表达式自身产生的状态,100,本轮最优路径,更新前,0.06422185240968606,0.0,0.0
2,81001,2,GP 表达式自身产生的状态,100,本轮最优路径,蒸发和下界保护后,0.06422185240968606,0.0,0.0
2,81001,2,GP 表达式自身产生的状态,100,本轮最优路径,沉积后,0.06422185240968606,0.0642218060756361,5.752293809092338e-05
2,81001,2,GP 表达式自身产生的状态,100,本轮最优路径,重启和可选上界处理后,0.06422185240968606,0.0642218060756361,5.752293809092338e-05
2,81001,3,GP 表达式自身产生的状态,100,本轮最优路径,更新前,0.005942997713376043,0.0,0.0
2,81001,3,GP 表达式自身产生的状态,100,本轮最优路径,蒸发和下界保护后,0.005942997713376043,0.0,0.0
2,81001,3,GP 表达式自身产生的状态,100,本轮最优路径,沉积后,0.005942997713376043,0.005942964250605918,5.192732009599954e-06
2,81001,3,GP 表达式自身产生的状态,100,本轮最优路径,重启和可选上界处理后,0.005942997713376043,0.005942964250605918,5.192732009599954e-06
2,81001,4,GP 表达式自身产生的状态,100,本轮最优路径,更新前,0.01758523313838498,0.0,0.0
2,81001,4,GP 表达式自身产生的状态,100,本轮最优路径,蒸发和下界保护后,0.01758523313838498,0.0,0.0
2,81001,4,GP 表达式自身产生的状态,100,本轮最优路径,沉积后,0.01758523313838498,0.017585190295736942,1.5523630566026162e-05
2,81001,4,GP 表达式自身产生的状态,100,本轮最优路径,重启和可选上界处理后,0.01758523313838498,0.017585190295736942,1.5523630566026162e-05
2,81001,5,GP 表达式自身产生的状态,100,本轮最优路径,更新前,0.03519344601218315,0.0,0.0
2,81001,5,GP 表达式自身产生的状态,100,本轮最优路径,蒸发和下界保护后,0.03519344601218315,0.0,0.0
2,81001,5,GP 表达式自身产生的状态,100,本轮最优路径,沉积后,0.03519344601218315,0.035193387918326206,3.077974554980651e-05
2,81001,5,GP 表达式自身产生的状态,100,本轮最优路径,重启和可选上界处理后,0.03519344601218315,0.035193387918326206,3.077974554980651e-05
2,81001,6,GP 表达式自身产生的状态,100,本轮最优路径,更新前,0.01965966767296621,0.0,0.0
2,81001,6,GP 表达式自身产生的状态,100,本轮最优路径,蒸发和下界保护后,0.01965966767296621,0.0,0.0
2,81001,6,GP 表达式自身产生的状态,100,本轮最优路径,沉积后,0.01965966767296621,0.01965958178161152,1.7119504103230848e-05
2,81001,6,GP 表达式自身产生的状态,100,本轮最优路径,重启和可选上界处理后,0.01965966767296621,0.01965958178161152,1.7119504103230848e-05
2,81001,7,GP 表达式自身产生的状态,100,本轮最优路径,更新前,0.058576461605983815,0.0,0.0
2,81001,7,GP 表达式自身产生的状态,100,本轮最优路径,蒸发和下界保护后,0.058576461605983815,0.0,0.0
2,81001,7,GP 表达式自身产生的状态,100,本轮最优路径,沉积后,0.058576461605983815,0.0585764840658373,5.101772675756202e-05
2,81001,7,GP 表达式自身产生的状态,100,本轮最优路径,重启和可选上界处理后,0.058576461605983815,0.0585764840658373,5.101772675756202e-05
2,81001,0,GP 表达式自身产生的状态,100,历史重启阶段最优路径,更新前,0.015650307007546913,0.0,0.0
2,81001,0,GP 表达式自身产生的状态,100,历史重启阶段最优路径,蒸发和下界保护后,0.015650307007546913,0.0,0.0
2,81001,0,GP 表达式自身产生的状态,100,历史重启阶段最优路径,沉积后,0.015650307007546913,0.01565022881090295,1.3741897181573674e-05
2,81001,0,GP 表达式自身产生的状态,100,历史重启阶段最优路径,重启和可选上界处理后,0.015650307007546913,0.01565022881090295,1.3741897181573674e-05
2,81001,1,GP 表达式自身产生的状态,100,历史重启阶段最优路径,更新前,0.022489404825109714,0.0,0.0
2,81001,1,GP 表达式自身产生的状态,100,历史重启阶段最优路径,蒸发和下界保护后,0.022489404825109714,0.0,0.0
2,81001,1,GP 表达式自身产生的状态,100,历史重启阶段最优路径,沉积后,0.022489404825109714,0.02248953856498163,1.9704752722456532e-05
2,81001,1,GP 表达式自身产生的状态,100,历史重启阶段最优路径,重启和可选上界处理后,0.022489404825109714,0.02248953856498163,1.9704752722456532e-05
2,81001,2,GP 表达式自身产生的状态,100,历史重启阶段最优路径,更新前,0.06422185240968606,0.0,0.0
2,81001,2,GP 表达式自身产生的状态,100,历史重启阶段最优路径,蒸发和下界保护后,0.06422185240968606,0.0,0.0
2,81001,2,GP 表达式自身产生的状态,100,历史重启阶段最优路径,沉积后,0.06422185240968606,0.0642218060756361,5.752293809092338e-05
2,81001,2,GP 表达式自身产生的状态,100,历史重启阶段最优路径,重启和可选上界处理后,0.06422185240968606,0.0642218060756361,5.752293809092338e-05
2,81001,3,GP 表达式自身产生的状态,100,历史重启阶段最优路径,更新前,0.00989811815379692,0.0,0.0
2,81001,3,GP 表达式自身产生的状态,100,历史重启阶段最优路径,蒸发和下界保护后,0.00989811815379692,0.0,0.0
2,81001,3,GP 表达式自身产生的状态,100,历史重启阶段最优路径,沉积后,0.00989811815379692,0.00989808587720708,8.648564117326152e-06
2,81001,3,GP 表达式自身产生的状态,100,历史重启阶段最优路径,重启和可选上界处理后,0.00989811815379692,0.00989808587720708,8.648564117326152e-06
2,81001,4,GP 表达式自身产生的状态,100,历史重启阶段最优路径,更新前,0.011792501747999349,0.0,0.0
2,81001,4,GP 表达式自身产生的状态,100,历史重启阶段最优路径,蒸发和下界保护后,0.011792501747999349,0.0,0.0
2,81001,4,GP 表达式自身产生的状态,100,历史重启阶段最优路径,沉积后,0.011792501747999349,0.011792438630520694,1.0409978947860293e-05
2,81001,4,GP 表达式自身产生的状态,100,历史重启阶段最优路径,重启和可选上界处理后,0.011792501747999349,0.011792438630520694,1.0409978947860293e-05
2,81001,5,GP 表达式自身产生的状态,100,历史重启阶段最优路径,更新前,0.03320534967095913,0.0,0.0
2,81001,5,GP 表达式自身产生的状态,100,历史重启阶段最优路径,蒸发和下界保护后,0.03320534967095913,0.0,0.0
2,81001,5,GP 表达式自身产生的状态,100,历史重启阶段最优路径,沉积后,0.03320534967095913,0.033205435803806964,2.9041101492409314e-05
2,81001,5,GP 表达式自身产生的状态,100,历史重启阶段最优路径,重启和可选上界处理后,0.03320534967095913,0.033205435803806964,2.9041101492409314e-05
2,81001,6,GP 表达式自身产生的状态,100,历史重启阶段最优路径,更新前,0.013839036426012554,0.0,0.0
2,81001,6,GP 表达式自身产生的状态,100,历史重启阶段最优路径,蒸发和下界保护后,0.013839036426012554,0.0,0.0
2,81001,6,GP 表达式自身产生的状态,100,历史重启阶段最优路径,沉积后,0.013839036426012554,0.013839089043591737,1.2051036705589843e-05
2,81001,6,GP 表达式自身产生的状态,100,历史重启阶段最优路径,重启和可选上界处理后,0.013839036426012554,0.013839089043591737,1.2051036705589843e-05
2,81001,7,GP 表达式自身产生的状态,100,历史重启阶段最优路径,更新前,0.053051775710000235,0.0,0.0
2,81001,7,GP 表达式自身产生的状态,100,历史重启阶段最优路径,蒸发和下界保护后,0.053051775710000235,0.0,0.0
2,81001,7,GP 表达式自身产生的状态,100,历史重启阶段最优路径,沉积后,0.053051775710000235,0.05305175625313552,4.6205909050509946e-05
2,81001,7,GP 表达式自身产生的状态,100,历史重启阶段最优路径,重启和可选上界处理后,0.053051775710000235,0.05305175625313552,4.6205909050509946e-05
2,81001,0,GP 表达式自身产生的状态,100,历史全局最优路径,更新前,0.015650307007546913,0.0,0.0
2,81001,0,GP 表达式自身产生的状态,100,历史全局最优路径,蒸发和下界保护后,0.015650307007546913,0.0,0.0
2,81001,0,GP 表达式自身产生的状态,100,历史全局最优路径,沉积后,0.015650307007546913,0.01565022881090295,1.3741897181573674e-05
2,81001,0,GP 表达式自身产生的状态,100,历史全局最优路径,重启和可选上界处理后,0.015650307007546913,0.01565022881090295,1.3741897181573674e-05
2,81001,1,GP 表达式自身产生的状态,100,历史全局最优路径,更新前,0.022489404825109714,0.0,0.0
2,81001,1,GP 表达式自身产生的状态,100,历史全局最优路径,蒸发和下界保护后,0.022489404825109714,0.0,0.0
2,81001,1,GP 表达式自身产生的状态,100,历史全局最优路径,沉积后,0.022489404825109714,0.02248953856498163,1.9704752722456532e-05
2,81001,1,GP 表达式自身产生的状态,100,历史全局最优路径,重启和可选上界处理后,0.022489404825109714,0.02248953856498163,1.9704752722456532e-05
2,81001,2,GP 表达式自身产生的状态,100,历史全局最优路径,更新前,0.06422185240968606,0.0,0.0
2,81001,2,GP 表达式自身产生的状态,100,历史全局最优路径,蒸发和下界保护后,0.06422185240968606,0.0,0.0
2,81001,2,GP 表达式自身产生的状态,100,历史全局最优路径,沉积后,0.06422185240968606,0.0642218060756361,5.752293809092338e-05
2,81001,2,GP 表达式自身产生的状态,100,历史全局最优路径,重启和可选上界处理后,0.06422185240968606,0.0642218060756361,5.752293809092338e-05
2,81001,3,GP 表达式自身产生的状态,100,历史全局最优路径,更新前,0.00989811815379692,0.0,0.0
2,81001,3,GP 表达式自身产生的状态,100,历史全局最优路径,蒸发和下界保护后,0.00989811815379692,0.0,0.0
2,81001,3,GP 表达式自身产生的状态,100,历史全局最优路径,沉积后,0.00989811815379692,0.00989808587720708,8.648564117326152e-06
2,81001,3,GP 表达式自身产生的状态,100,历史全局最优路径,重启和可选上界处理后,0.00989811815379692,0.00989808587720708,8.648564117326152e-06
2,81001,4,GP 表达式自身产生的状态,100,历史全局最优路径,更新前,0.011792501747999349,0.0,0.0
2,81001,4,GP 表达式自身产生的状态,100,历史全局最优路径,蒸发和下界保护后,0.011792501747999349,0.0,0.0
2,81001,4,GP 表达式自身产生的状态,100,历史全局最优路径,沉积后,0.011792501747999349,0.011792438630520694,1.0409978947860293e-05
2,81001,4,GP 表达式自身产生的状态,100,历史全局最优路径,重启和可选上界处理后,0.011792501747999349,0.011792438630520694,1.0409978947860293e-05
2,81001,5,GP 表达式自身产生的状态,100,历史全局最优路径,更新前,0.03320534967095913,0.0,0.0
2,81001,5,GP 表达式自身产生的状态,100,历史全局最优路径,蒸发和下界保护后,0.03320534967095913,0.0,0.0
2,81001,5,GP 表达式自身产生的状态,100,历史全局最优路径,沉积后,0.03320534967095913,0.033205435803806964,2.9041101492409314e-05
2,81001,5,GP 表达式自身产生的状态,100,历史全局最优路径,重启和可选上界处理后,0.03320534967095913,0.033205435803806964,2.9041101492409314e-05
2,81001,6,GP 表达式自身产生的状态,100,历史全局最优路径,更新前,0.013839036426012554,0.0,0.0
2,81001,6,GP 表达式自身产生的状态,100,历史全局最优路径,蒸发和下界保护后,0.013839036426012554,0.0,0.0
2,81001,6,GP 表达式自身产生的状态,100,历史全局最优路径,沉积后,0.013839036426012554,0.013839089043591737,1.2051036705589843e-05
2,81001,6,GP 表达式自身产生的状态,100,历史全局最优路径,重启和可选上界处理后,0.013839036426012554,0.013839089043591737,1.2051036705589843e-05
2,81001,7,GP 表达式自身产生的状态,100,历史全局最优路径,更新前,0.053051775710000235,0.0,0.0
2,81001,7,GP 表达式自身产生的状态,100,历史全局最优路径,蒸发和下界保护后,0.053051775710000235,0.0,0.0
2,81001,7,GP 表达式自身产生的状态,100,历史全局最优路径,沉积后,0.053051775710000235,0.05305175625313552,4.6205909050509946e-05
2,81001,7,GP 表达式自身产生的状态,100,历史全局最优路径,重启和可选上界处理后,0.053051775710000235,0.05305175625313552,4.6205909050509946e-05
2,81002,0,GP 表达式自身产生的状态,100,本轮最优路径,更新前,0.005885602538631609,0.0,0.0
2,81002,0,GP 表达式自身产生的状态,100,本轮最优路径,蒸发和下界保护后,0.005885602538631609,0.0,0.0
2,81002,0,GP 表达式自身产生的状态,100,本轮最优路径,沉积后,0.005885602538631609,0.005885602042642377,5.156755809790396e-06
2,81002,0,GP 表达式自身产生的状态,100,本轮最优路径,重启和可选上界处理后,0.005885602538631609,0.005885602042642377,5.156755809790396e-06
2,81002,1,GP 表达式自身产生的状态,100,本轮最优路径,更新前,0.007747277557283004,0.0,0.0
2,81002,1,GP 表达式自身产生的状态,100,本轮最优路径,蒸发和下界保护后,0.007747277557283004,0.0,0.0
2,81002,1,GP 表达式自身产生的状态,100,本轮最优路径,沉积后,0.007747277557283004,0.0077472908201244315,6.799733135670619e-06
2,81002,1,GP 表达式自身产生的状态,100,本轮最优路径,重启和可选上界处理后,0.007747277557283004,0.0077472908201244315,6.799733135670619e-06
2,81002,2,GP 表达式自身产生的状态,100,本轮最优路径,更新前,0.019117273139919736,0.0,0.0
2,81002,2,GP 表达式自身产生的状态,100,本轮最优路径,蒸发和下界保护后,0.019117273139919736,0.0,0.0
2,81002,2,GP 表达式自身产生的状态,100,本轮最优路径,沉积后,0.019117273139919736,0.01911720615045825,1.7103680849828822e-05
2,81002,2,GP 表达式自身产生的状态,100,本轮最优路径,重启和可选上界处理后,0.019117273139919736,0.01911720615045825,1.7103680849828822e-05
2,81002,3,GP 表达式自身产生的状态,100,本轮最优路径,更新前,0.04625516178576497,0.0,0.0
2,81002,3,GP 表达式自身产生的状态,100,本轮最优路径,蒸发和下界保护后,0.04625516178576497,0.0,0.0
2,81002,3,GP 表达式自身产生的状态,100,本轮最优路径,沉积后,0.04625516178576497,0.04625516825086775,4.0199604986306046e-05
2,81002,3,GP 表达式自身产生的状态,100,本轮最优路径,重启和可选上界处理后,0.04625516178576497,0.04625516825086775,4.0199604986306046e-05
2,81002,4,GP 表达式自身产生的状态,100,本轮最优路径,更新前,0.0068794002520300235,0.0,0.0
2,81002,4,GP 表达式自身产生的状态,100,本轮最优路径,蒸发和下界保护后,0.0068794002520300235,0.0,0.0
2,81002,4,GP 表达式自身产生的状态,100,本轮最优路径,沉积后,0.0068794002520300235,0.0068793536119529505,6.065682282765224e-06
2,81002,4,GP 表达式自身产生的状态,100,本轮最优路径,重启和可选上界处理后,0.0068794002520300235,0.0068793536119529505,6.065682282765224e-06
2,81002,5,GP 表达式自身产生的状态,100,本轮最优路径,更新前,0.03742933732630378,0.0,0.0
2,81002,5,GP 表达式自身产生的状态,100,本轮最优路径,蒸发和下界保护后,0.03742933732630378,0.0,0.0
2,81002,5,GP 表达式自身产生的状态,100,本轮最优路径,沉积后,0.03742933732630378,0.03742936745304938,3.2657435564833525e-05
2,81002,5,GP 表达式自身产生的状态,100,本轮最优路径,重启和可选上界处理后,0.03742933732630378,0.03742936745304938,3.2657435564833525e-05
2,81002,6,GP 表达式自身产生的状态,100,本轮最优路径,更新前,0.025687802778839582,0.0,0.0
2,81002,6,GP 表达式自身产生的状态,100,本轮最优路径,蒸发和下界保护后,0.025687802778839582,0.0,0.0
2,81002,6,GP 表达式自身产生的状态,100,本轮最优路径,沉积后,0.025687802778839582,0.025687742182852445,2.2408862537634804e-05
2,81002,6,GP 表达式自身产生的状态,100,本轮最优路径,重启和可选上界处理后,0.025687802778839582,0.025687742182852445,2.2408862537634804e-05
2,81002,7,GP 表达式自身产生的状态,100,本轮最优路径,更新前,0.028128644285716327,0.0,0.0
2,81002,7,GP 表达式自身产生的状态,100,本轮最优路径,蒸发和下界保护后,0.028128644285716327,0.0,0.0
2,81002,7,GP 表达式自身产生的状态,100,本轮最优路径,沉积后,0.028128644285716327,0.028128582875625106,2.4707184407432798e-05
2,81002,7,GP 表达式自身产生的状态,100,本轮最优路径,重启和可选上界处理后,0.028128644285716327,0.028128582875625106,2.4707184407432798e-05
2,81002,0,GP 表达式自身产生的状态,100,历史重启阶段最优路径,更新前,0.0076899311408228505,0.0,0.0
2,81002,0,GP 表达式自身产生的状态,100,历史重启阶段最优路径,蒸发和下界保护后,0.0076899311408228505,0.0,0.0
2,81002,0,GP 表达式自身产生的状态,100,历史重启阶段最优路径,沉积后,0.0076899311408228505,0.007689961396166043,6.73767149383067e-06
2,81002,0,GP 表达式自身产生的状态,100,历史重启阶段最优路径,重启和可选上界处理后,0.0076899311408228505,0.007689961396166043,6.73767149383067e-06
2,81002,1,GP 表达式自身产生的状态,100,历史重启阶段最优路径,更新前,0.007746820837824178,0.0,0.0
2,81002,1,GP 表达式自身产生的状态,100,历史重启阶段最优路径,蒸发和下界保护后,0.007746820837824178,0.0,0.0
2,81002,1,GP 表达式自身产生的状态,100,历史重启阶段最优路径,沉积后,0.007746820837824178,0.007746854592069896,6.799350261911778e-06
2,81002,1,GP 表达式自身产生的状态,100,历史重启阶段最优路径,重启和可选上界处理后,0.007746820837824178,0.007746854592069896,6.799350261911778e-06
2,81002,2,GP 表达式自身产生的状态,100,历史重启阶段最优路径,更新前,0.01999452037061537,0.0,0.0
2,81002,2,GP 表达式自身产生的状态,100,历史重启阶段最优路径,蒸发和下界保护后,0.01999452037061537,0.0,0.0
2,81002,2,GP 表达式自身产生的状态,100,历史重启阶段最优路径,沉积后,0.01999452037061537,0.01999448372997069,1.788855684263837e-05
2,81002,2,GP 表达式自身产生的状态,100,历史重启阶段最优路径,重启和可选上界处理后,0.01999452037061537,0.01999448372997069,1.788855684263837e-05
2,81002,3,GP 表达式自身产生的状态,100,历史重启阶段最优路径,更新前,0.029245733965649275,0.0,0.0
2,81002,3,GP 表达式自身产生的状态,100,历史重启阶段最优路径,蒸发和下界保护后,0.029245733965649275,0.0,0.0
2,81002,3,GP 表达式自身产生的状态,100,历史重启阶段最优路径,沉积后,0.029245733965649275,0.02924566598791808,2.5416926685888712e-05
2,81002,3,GP 表达式自身产生的状态,100,历史重启阶段最优路径,重启和可选上界处理后,0.029245733965649275,0.02924566598791808,2.5416926685888712e-05
2,81002,4,GP 表达式自身产生的状态,100,历史重启阶段最优路径,更新前,0.0067769268070436385,0.0,0.0
2,81002,4,GP 表达式自身产生的状态,100,历史重启阶段最优路径,蒸发和下界保护后,0.0067769268070436385,0.0,0.0
2,81002,4,GP 表达式自身产生的状态,100,历史重启阶段最优路径,沉积后,0.0067769268070436385,0.00677687424633502,5.9753238991959236e-06
2,81002,4,GP 表达式自身产生的状态,100,历史重启阶段最优路径,重启和可选上界处理后,0.0067769268070436385,0.00677687424633502,5.9753238991959236e-06
2,81002,5,GP 表达式自身产生的状态,100,历史重启阶段最优路径,更新前,0.04281644374775602,0.0,0.0
2,81002,5,GP 表达式自身产生的状态,100,历史重启阶段最优路径,蒸发和下界保护后,0.04281644374775602,0.0,0.0
2,81002,5,GP 表达式自身产生的状态,100,历史重启阶段最优路径,沉积后,0.04281644374775602,0.042816433338108154,3.7357695521016325e-05
2,81002,5,GP 表达式自身产生的状态,100,历史重启阶段最优路径,重启和可选上界处理后,0.04281644374775602,0.042816433338108154,3.7357695521016325e-05
2,81002,6,GP 表达式自身产生的状态,100,历史重启阶段最优路径,更新前,0.02151128775442329,0.0,0.0
2,81002,6,GP 表达式自身产生的状态,100,历史重启阶段最优路径,蒸发和下界保护后,0.02151128775442329,0.0,0.0
2,81002,6,GP 表达式自身产生的状态,100,历史重启阶段最优路径,沉积后,0.02151128775442329,0.02151122983000272,1.8765455867810054e-05
2,81002,6,GP 表达式自身产生的状态,100,历史重启阶段最优路径,重启和可选上界处理后,0.02151128775442329,0.02151122983000272,1.8765455867810054e-05
2,81002,7,GP 表达式自身产生的状态,100,历史重启阶段最优路径,更新前,0.028520291546628756,0.0,0.0
2,81002,7,GP 表达式自身产生的状态,100,历史重启阶段最优路径,蒸发和下界保护后,0.028520291546628756,0.0,0.0
2,81002,7,GP 表达式自身产生的状态,100,历史重启阶段最优路径,沉积后,0.028520291546628756,0.02852037280644643,2.5051319272405535e-05
2,81002,7,GP 表达式自身产生的状态,100,历史重启阶段最优路径,重启和可选上界处理后,0.028520291546628756,0.02852037280644643,2.5051319272405535e-05
2,81002,0,GP 表达式自身产生的状态,100,历史全局最优路径,更新前,0.0076899311408228505,0.0,0.0
2,81002,0,GP 表达式自身产生的状态,100,历史全局最优路径,蒸发和下界保护后,0.0076899311408228505,0.0,0.0
2,81002,0,GP 表达式自身产生的状态,100,历史全局最优路径,沉积后,0.0076899311408228505,0.007689961396166043,6.73767149383067e-06
2,81002,0,GP 表达式自身产生的状态,100,历史全局最优路径,重启和可选上界处理后,0.0076899311408228505,0.007689961396166043,6.73767149383067e-06
2,81002,1,GP 表达式自身产生的状态,100,历史全局最优路径,更新前,0.007746820837824178,0.0,0.0
2,81002,1,GP 表达式自身产生的状态,100,历史全局最优路径,蒸发和下界保护后,0.007746820837824178,0.0,0.0
2,81002,1,GP 表达式自身产生的状态,100,历史全局最优路径,沉积后,0.007746820837824178,0.007746854592069896,6.799350261911778e-06
2,81002,1,GP 表达式自身产生的状态,100,历史全局最优路径,重启和可选上界处理后,0.007746820837824178,0.007746854592069896,6.799350261911778e-06
2,81002,2,GP 表达式自身产生的状态,100,历史全局最优路径,更新前,0.01999452037061537,0.0,0.0
2,81002,2,GP 表达式自身产生的状态,100,历史全局最优路径,蒸发和下界保护后,0.01999452037061537,0.0,0.0
2,81002,2,GP 表达式自身产生的状态,100,历史全局最优路径,沉积后,0.01999452037061537,0.01999448372997069,1.788855684263837e-05
2,81002,2,GP 表达式自身产生的状态,100,历史全局最优路径,重启和可选上界处理后,0.01999452037061537,0.01999448372997069,1.788855684263837e-05
2,81002,3,GP 表达式自身产生的状态,100,历史全局最优路径,更新前,0.029245733965649275,0.0,0.0
2,81002,3,GP 表达式自身产生的状态,100,历史全局最优路径,蒸发和下界保护后,0.029245733965649275,0.0,0.0
2,81002,3,GP 表达式自身产生的状态,100,历史全局最优路径,沉积后,0.029245733965649275,0.02924566598791808,2.5416926685888712e-05
2,81002,3,GP 表达式自身产生的状态,100,历史全局最优路径,重启和可选上界处理后,0.029245733965649275,0.02924566598791808,2.5416926685888712e-05
2,81002,4,GP 表达式自身产生的状态,100,历史全局最优路径,更新前,0.0067769268070436385,0.0,0.0
2,81002,4,GP 表达式自身产生的状态,100,历史全局最优路径,蒸发和下界保护后,0.0067769268070436385,0.0,0.0
2,81002,4,GP 表达式自身产生的状态,100,历史全局最优路径,沉积后,0.0067769268070436385,0.00677687424633502,5.9753238991959236e-06
2,81002,4,GP 表达式自身产生的状态,100,历史全局最优路径,重启和可选上界处理后,0.0067769268070436385,0.00677687424633502,5.9753238991959236e-06
2,81002,5,GP 表达式自身产生的状态,100,历史全局最优路径,更新前,0.04281644374775602,0.0,0.0
2,81002,5,GP 表达式自身产生的状态,100,历史全局最优路径,蒸发和下界保护后,0.04281644374775602,0.0,0.0
2,81002,5,GP 表达式自身产生的状态,100,历史全局最优路径,沉积后,0.04281644374775602,0.042816433338108154,3.7357695521016325e-05
2,81002,5,GP 表达式自身产生的状态,100,历史全局最优路径,重启和可选上界处理后,0.04281644374775602,0.042816433338108154,3.7357695521016325e-05
2,81002,6,GP 表达式自身产生的状态,100,历史全局最优路径,更新前,0.02151128775442329,0.0,0.0
2,81002,6,GP 表达式自身产生的状态,100,历史全局最优路径,蒸发和下界保护后,0.02151128775442329,0.0,0.0
2,81002,6,GP 表达式自身产生的状态,100,历史全局最优路径,沉积后,0.02151128775442329,0.02151122983000272,1.8765455867810054e-05
2,81002,6,GP 表达式自身产生的状态,100,历史全局最优路径,重启和可选上界处理后,0.02151128775442329,0.02151122983000272,1.8765455867810054e-05
2,81002,7,GP 表达式自身产生的状态,100,历史全局最优路径,更新前,0.028520291546628756,0.0,0.0
2,81002,7,GP 表达式自身产生的状态,100,历史全局最优路径,蒸发和下界保护后,0.028520291546628756,0.0,0.0
2,81002,7,GP 表达式自身产生的状态,100,历史全局最优路径,沉积后,0.028520291546628756,0.02852037280644643,2.5051319272405535e-05
2,81002,7,GP 表达式自身产生的状态,100,历史全局最优路径,重启和可选上界处理后,0.028520291546628756,0.02852037280644643,2.5051319272405535e-05
2,81003,0,GP 表达式自身产生的状态,100,本轮最优路径,更新前,0.02035456977570527,0.0,0.0
2,81003,0,GP 表达式自身产生的状态,100,本轮最优路径,蒸发和下界保护后,0.02035456977570527,0.0,0.0
2,81003,0,GP 表达式自身产生的状态,100,本轮最优路径,沉积后,0.02035456977570527,0.020354600716673343,1.7796525402693652e-05
2,81003,0,GP 表达式自身产生的状态,100,本轮最优路径,重启和可选上界处理后,0.02035456977570527,0.020354600716673343,1.7796525402693652e-05
2,81003,1,GP 表达式自身产生的状态,100,本轮最优路径,更新前,0.05094332252081644,0.0,0.0
2,81003,1,GP 表达式自身产生的状态,100,本轮最优路径,蒸发和下界保护后,0.05094332252081644,0.0,0.0
2,81003,1,GP 表达式自身产生的状态,100,本轮最优路径,沉积后,0.05094332252081644,0.050943340988385086,4.443932850122366e-05
2,81003,1,GP 表达式自身产生的状态,100,本轮最优路径,重启和可选上界处理后,0.05094332252081644,0.050943340988385086,4.443932850122366e-05
2,81003,2,GP 表达式自身产生的状态,100,本轮最优路径,更新前,0.03148583060471402,0.0,0.0
2,81003,2,GP 表达式自身产生的状态,100,本轮最优路径,蒸发和下界保护后,0.03148583060471402,0.0,0.0
2,81003,2,GP 表达式自身产生的状态,100,本轮最优路径,沉积后,0.03148583060471402,0.031485742036108044,2.8211840118934508e-05
2,81003,2,GP 表达式自身产生的状态,100,本轮最优路径,重启和可选上界处理后,0.03148583060471402,0.031485742036108044,2.8211840118934508e-05
2,81003,3,GP 表达式自身产生的状态,100,本轮最优路径,更新前,0.07644668376507206,0.0,0.0
2,81003,3,GP 表达式自身产生的状态,100,本轮最优路径,蒸发和下界保护后,0.07644668376507206,0.0,0.0
2,81003,3,GP 表达式自身产生的状态,100,本轮最优路径,沉积后,0.07644668376507206,0.07644671743158883,6.590006314241144e-05
2,81003,3,GP 表达式自身产生的状态,100,本轮最优路径,重启和可选上界处理后,0.07644668376507206,0.07644671743158883,6.590006314241144e-05
2,81003,4,GP 表达式自身产生的状态,100,本轮最优路径,更新前,0.006228070324665362,0.0,0.0
2,81003,4,GP 表达式自身产生的状态,100,本轮最优路径,蒸发和下界保护后,0.006228070324665362,0.0,0.0
2,81003,4,GP 表达式自身产生的状态,100,本轮最优路径,沉积后,0.006228070324665362,0.006228034379020684,5.482307693407783e-06
2,81003,4,GP 表达式自身产生的状态,100,本轮最优路径,重启和可选上界处理后,0.006228070324665362,0.006228034379020684,5.482307693407783e-06
2,81003,5,GP 表达式自身产生的状态,100,本轮最优路径,更新前,0.06646471707666862,0.0,0.0
2,81003,5,GP 表达式自身产生的状态,100,本轮最优路径,蒸发和下界保护后,0.06646471707666862,0.0,0.0
2,81003,5,GP 表达式自身产生的状态,100,本轮最优路径,沉积后,0.06646471707666862,0.06646471449137298,5.768920664078257e-05
2,81003,5,GP 表达式自身产生的状态,100,本轮最优路径,重启和可选上界处理后,0.06646471707666862,0.06646471449137298,5.768920664078257e-05
2,81003,6,GP 表达式自身产生的状态,100,本轮最优路径,更新前,0.023520852182782347,0.0,0.0
2,81003,6,GP 表达式自身产生的状态,100,本轮最优路径,蒸发和下界保护后,0.023520852182782347,0.0,0.0
2,81003,6,GP 表达式自身产生的状态,100,本轮最优路径,沉积后,0.023520852182782347,0.023520824087155924,2.048735113086889e-05
2,81003,6,GP 表达式自身产生的状态,100,本轮最优路径,重启和可选上界处理后,0.023520852182782347,0.023520824087155924,2.048735113086889e-05
2,81003,7,GP 表达式自身产生的状态,100,本轮最优路径,更新前,0.08909424069929237,0.0,0.0
2,81003,7,GP 表达式自身产生的状态,100,本轮最优路径,蒸发和下界保护后,0.08909424069929237,0.0,0.0
2,81003,7,GP 表达式自身产生的状态,100,本轮最优路径,沉积后,0.08909424069929237,0.08909430262592222,7.69019102400029e-05
2,81003,7,GP 表达式自身产生的状态,100,本轮最优路径,重启和可选上界处理后,0.08909424069929237,0.08909430262592222,7.69019102400029e-05
2,81003,0,GP 表达式自身产生的状态,100,历史重启阶段最优路径,更新前,0.02134391070912782,0.0,0.0
2,81003,0,GP 表达式自身产生的状态,100,历史重启阶段最优路径,蒸发和下界保护后,0.02134391070912782,0.0,0.0
2,81003,0,GP 表达式自身产生的状态,100,历史重启阶段最优路径,沉积后,0.02134391070912782,0.021343898655818972,1.866149279507369e-05
2,81003,0,GP 表达式自身产生的状态,100,历史重启阶段最优路径,重启和可选上界处理后,0.02134391070912782,0.021343898655818972,1.866149279507369e-05
2,81003,1,GP 表达式自身产生的状态,100,历史重启阶段最优路径,更新前,0.029418336198960296,0.0,0.0
2,81003,1,GP 表达式自身产生的状态,100,历史重启阶段最优路径,蒸发和下界保护后,0.029418336198960296,0.0,0.0
2,81003,1,GP 表达式自身产生的状态,100,历史重启阶段最优路径,沉积后,0.029418336198960296,0.029418410069234863,2.566251768505921e-05
2,81003,1,GP 表达式自身产生的状态,100,历史重启阶段最优路径,重启和可选上界处理后,0.029418336198960296,0.029418410069234863,2.566251768505921e-05
2,81003,2,GP 表达式自身产生的状态,100,历史重启阶段最优路径,更新前,0.02252575543034202,0.0,0.0
2,81003,2,GP 表达式自身产生的状态,100,历史重启阶段最优路径,蒸发和下界保护后,0.02252575543034202,0.0,0.0
2,81003,2,GP 表达式自身产生的状态,100,历史重启阶段最优路径,沉积后,0.02252575543034202,0.022525752350766013,2.0183514276072536e-05
2,81003,2,GP 表达式自身产生的状态,100,历史重启阶段最优路径,重启和可选上界处理后,0.02252575543034202,0.022525752350766013,2.0183514276072536e-05
2,81003,3,GP 表达式自身产生的状态,100,历史重启阶段最优路径,更新前,0.07399562402108907,0.0,0.0
2,81003,3,GP 表达式自身产生的状态,100,历史重启阶段最优路径,蒸发和下界保护后,0.07399562402108907,0.0,0.0
2,81003,3,GP 表达式自身产生的状态,100,历史重启阶段最优路径,沉积后,0.07399562402108907,0.07399564730920592,6.378714474305625e-05
2,81003,3,GP 表达式自身产生的状态,100,历史重启阶段最优路径,重启和可选上界处理后,0.07399562402108907,0.07399564730920592,6.378714474305625e-05
2,81003,4,GP 表达式自身产生的状态,100,历史重启阶段最优路径,更新前,0.0062150074111253645,0.0,0.0
2,81003,4,GP 表达式自身产生的状态,100,历史重启阶段最优路径,蒸发和下界保护后,0.0062150074111253645,0.0,0.0
2,81003,4,GP 表达式自身产生的状态,100,历史重启阶段最优路径,沉积后,0.0062150074111253645,0.006214960572861087,5.470799306695545e-06
2,81003,4,GP 表达式自身产生的状态,100,历史重启阶段最优路径,重启和可选上界处理后,0.0062150074111253645,0.006214960572861087,5.470799306695545e-06
2,81003,5,GP 表达式自身产生的状态,100,历史重启阶段最优路径,更新前,0.04066007150523969,0.0,0.0
2,81003,5,GP 表达式自身产生的状态,100,历史重启阶段最优路径,蒸发和下界保护后,0.04066007150523969,0.0,0.0
2,81003,5,GP 表达式自身产生的状态,100,历史重启阶段最优路径,沉积后,0.04066007150523969,0.04066009748130551,3.529163983601943e-05
2,81003,5,GP 表达式自身产生的状态,100,历史重启阶段最优路径,重启和可选上界处理后,0.04066007150523969,0.04066009748130551,3.529163983601943e-05
2,81003,6,GP 表达式自身产生的状态,100,历史重启阶段最优路径,更新前,0.023520852182782347,0.0,0.0
2,81003,6,GP 表达式自身产生的状态,100,历史重启阶段最优路径,蒸发和下界保护后,0.023520852182782347,0.0,0.0
2,81003,6,GP 表达式自身产生的状态,100,历史重启阶段最优路径,沉积后,0.023520852182782347,0.023520824087155924,2.048735113086889e-05
2,81003,6,GP 表达式自身产生的状态,100,历史重启阶段最优路径,重启和可选上界处理后,0.023520852182782347,0.023520824087155924,2.048735113086889e-05
2,81003,7,GP 表达式自身产生的状态,100,历史重启阶段最优路径,更新前,0.07696804983542874,0.0,0.0
2,81003,7,GP 表达式自身产生的状态,100,历史重启阶段最优路径,蒸发和下界保护后,0.07696804983542874,0.0,0.0
2,81003,7,GP 表达式自身产生的状态,100,历史重启阶段最优路径,沉积后,0.07696804983542874,0.0769681037450535,6.643515950057157e-05
2,81003,7,GP 表达式自身产生的状态,100,历史重启阶段最优路径,重启和可选上界处理后,0.07696804983542874,0.0769681037450535,6.643515950057157e-05
2,81003,0,GP 表达式自身产生的状态,100,历史全局最优路径,更新前,0.02134391070912782,0.0,0.0
2,81003,0,GP 表达式自身产生的状态,100,历史全局最优路径,蒸发和下界保护后,0.02134391070912782,0.0,0.0
2,81003,0,GP 表达式自身产生的状态,100,历史全局最优路径,沉积后,0.02134391070912782,0.021343898655818972,1.866149279507369e-05
2,81003,0,GP 表达式自身产生的状态,100,历史全局最优路径,重启和可选上界处理后,0.02134391070912782,0.021343898655818972,1.866149279507369e-05
2,81003,1,GP 表达式自身产生的状态,100,历史全局最优路径,更新前,0.029418336198960296,0.0,0.0
2,81003,1,GP 表达式自身产生的状态,100,历史全局最优路径,蒸发和下界保护后,0.029418336198960296,0.0,0.0
2,81003,1,GP 表达式自身产生的状态,100,历史全局最优路径,沉积后,0.029418336198960296,0.029418410069234863,2.566251768505921e-05
2,81003,1,GP 表达式自身产生的状态,100,历史全局最优路径,重启和可选上界处理后,0.029418336198960296,0.029418410069234863,2.566251768505921e-05
2,81003,2,GP 表达式自身产生的状态,100,历史全局最优路径,更新前,0.02252575543034202,0.0,0.0
2,81003,2,GP 表达式自身产生的状态,100,历史全局最优路径,蒸发和下界保护后,0.02252575543034202,0.0,0.0
2,81003,2,GP 表达式自身产生的状态,100,历史全局最优路径,沉积后,0.02252575543034202,0.022525752350766013,2.0183514276072536e-05
2,81003,2,GP 表达式自身产生的状态,100,历史全局最优路径,重启和可选上界处理后,0.02252575543034202,0.022525752350766013,2.0183514276072536e-05
2,81003,3,GP 表达式自身产生的状态,100,历史全局最优路径,更新前,0.07399562402108907,0.0,0.0
2,81003,3,GP 表达式自身产生的状态,100,历史全局最优路径,蒸发和下界保护后,0.07399562402108907,0.0,0.0
2,81003,3,GP 表达式自身产生的状态,100,历史全局最优路径,沉积后,0.07399562402108907,0.07399564730920592,6.378714474305625e-05
2,81003,3,GP 表达式自身产生的状态,100,历史全局最优路径,重启和可选上界处理后,0.07399562402108907,0.07399564730920592,6.378714474305625e-05
2,81003,4,GP 表达式自身产生的状态,100,历史全局最优路径,更新前,0.0062150074111253645,0.0,0.0
2,81003,4,GP 表达式自身产生的状态,100,历史全局最优路径,蒸发和下界保护后,0.0062150074111253645,0.0,0.0
2,81003,4,GP 表达式自身产生的状态,100,历史全局最优路径,沉积后,0.0062150074111253645,0.006214960572861087,5.470799306695545e-06
2,81003,4,GP 表达式自身产生的状态,100,历史全局最优路径,重启和可选上界处理后,0.0062150074111253645,0.006214960572861087,5.470799306695545e-06
2,81003,5,GP 表达式自身产生的状态,100,历史全局最优路径,更新前,0.04066007150523969,0.0,0.0
2,81003,5,GP 表达式自身产生的状态,100,历史全局最优路径,蒸发和下界保护后,0.04066007150523969,0.0,0.0
2,81003,5,GP 表达式自身产生的状态,100,历史全局最优路径,沉积后,0.04066007150523969,0.04066009748130551,3.529163983601943e-05
2,81003,5,GP 表达式自身产生的状态,100,历史全局最优路径,重启和可选上界处理后,0.04066007150523969,0.04066009748130551,3.529163983601943e-05
2,81003,6,GP 表达式自身产生的状态,100,历史全局最优路径,更新前,0.023520852182782347,0.0,0.0
2,81003,6,GP 表达式自身产生的状态,100,历史全局最优路径,蒸发和下界保护后,0.023520852182782347,0.0,0.0
2,81003,6,GP 表达式自身产生的状态,100,历史全局最优路径,沉积后,0.023520852182782347,0.023520824087155924,2.048735113086889e-05
2,81003,6,GP 表达式自身产生的状态,100,历史全局最优路径,重启和可选上界处理后,0.023520852182782347,0.023520824087155924,2.048735113086889e-05
2,81003,7,GP 表达式自身产生的状态,100,历史全局最优路径,更新前,0.07696804983542874,0.0,0.0
2,81003,7,GP 表达式自身产生的状态,100,历史全局最优路径,蒸发和下界保护后,0.07696804983542874,0.0,0.0
2,81003,7,GP 表达式自身产生的状态,100,历史全局最优路径,沉积后,0.07696804983542874,0.0769681037450535,6.643515950057157e-05
2,81003,7,GP 表达式自身产生的状态,100,历史全局最优路径,重启和可选上界处理后,0.07696804983542874,0.0769681037450535,6.643515950057157e-05
2,81002,0,不使用 GP 产生的状态,250,本轮最优路径,更新前,0.006998593909671489,0.0,0.0
2,81002,0,不使用 GP 产生的状态,250,本轮最优路径,蒸发和下界保护后,0.006998593909671489,0.0,0.0
2,81002,0,不使用 GP 产生的状态,250,本轮最优路径,沉积后,0.006998593909671489,0.006998663536748666,6.1369522265108295e-06
2,81002,0,不使用 GP 产生的状态,250,本轮最优路径,重启和可选上界处理后,0.006998593909671489,0.006998663536748666,6.1369522265108295e-06
2,81002,1,不使用 GP 产生的状态,250,本轮最优路径,更新前,0.0033638785070964614,0.0,0.0
2,81002,1,不使用 GP 产生的状态,250,本轮最优路径,蒸发和下界保护后,0.0033638785070964614,0.0,0.0
2,81002,1,不使用 GP 产生的状态,250,本轮最优路径,沉积后,0.0033638785070964614,0.0033640006672538613,2.9532512145046174e-06
2,81002,1,不使用 GP 产生的状态,250,本轮最优路径,重启和可选上界处理后,0.0033638785070964614,0.0033640006672538613,2.9532512145046174e-06
2,81002,2,不使用 GP 产生的状态,250,本轮最优路径,更新前,0.00025060511894353025,0.0,0.0
2,81002,2,不使用 GP 产生的状态,250,本轮最优路径,蒸发和下界保护后,0.00025060511894353025,0.0,0.0
2,81002,2,不使用 GP 产生的状态,250,本轮最优路径,沉积后,0.00025060511894353025,0.00025077905768684344,2.2626482613106204e-07
2,81002,2,不使用 GP 产生的状态,250,本轮最优路径,重启和可选上界处理后,0.00025060511894353025,0.00025077905768684344,2.2626482613106204e-07
2,81002,3,不使用 GP 产生的状态,250,本轮最优路径,更新前,0.008120376607574233,0.0,0.0
2,81002,3,不使用 GP 产生的状态,250,本轮最优路径,蒸发和下界保护后,0.008120376607574233,0.0,0.0
2,81002,3,不使用 GP 产生的状态,250,本轮最优路径,沉积后,0.008120376607574233,0.008120291076161445,7.1151306941490435e-06
2,81002,3,不使用 GP 产生的状态,250,本轮最优路径,重启和可选上界处理后,0.008120376607574233,0.008120291076161445,7.1151306941490435e-06
2,81002,4,不使用 GP 产生的状态,250,本轮最优路径,更新前,0.013521564539455173,0.0,0.0
2,81002,4,不使用 GP 产生的状态,250,本轮最优路径,蒸发和下界保护后,0.013521564539455173,0.0,0.0
2,81002,4,不使用 GP 产生的状态,250,本轮最优路径,沉积后,0.013521564539455173,0.013521474235422389,1.1962952628902025e-05
2,81002,4,不使用 GP 产生的状态,250,本轮最优路径,重启和可选上界处理后,0.013521564539455173,0.013521474235422389,1.1962952628902025e-05
2,81002,5,不使用 GP 产生的状态,250,本轮最优路径,更新前,0.0017023386646711882,0.0,0.0
2,81002,5,不使用 GP 产生的状态,250,本轮最优路径,蒸发和下界保护后,0.0017023386646711882,0.0,0.0
2,81002,5,不使用 GP 产生的状态,250,本轮最优路径,沉积后,0.0017023386646711882,0.0017022801276402987,1.5006813466610387e-06
2,81002,5,不使用 GP 产生的状态,250,本轮最优路径,重启和可选上界处理后,0.0017023386646711882,0.0017022801276402987,1.5006813466610387e-06
2,81002,6,不使用 GP 产生的状态,250,本轮最优路径,更新前,0.00017337752548464202,0.0,0.0
2,81002,6,不使用 GP 产生的状态,250,本轮最优路径,蒸发和下界保护后,0.00017337752548464202,0.0,0.0
2,81002,6,不使用 GP 产生的状态,250,本轮最优路径,沉积后,0.00017337752548464202,0.00017354807690277274,1.5153195090382573e-07
2,81002,6,不使用 GP 产生的状态,250,本轮最优路径,重启和可选上界处理后,0.00017337752548464202,0.00017354807690277274,1.5153195090382573e-07
2,81002,7,不使用 GP 产生的状态,250,本轮最优路径,更新前,0.0005205363443214112,0.0,0.0
2,81002,7,不使用 GP 产生的状态,250,本轮最优路径,蒸发和下界保护后,0.0005205363443214112,0.0,0.0
2,81002,7,不使用 GP 产生的状态,250,本轮最优路径,沉积后,0.0005205363443214112,0.0005205528482725852,4.604627355753884e-07
2,81002,7,不使用 GP 产生的状态,250,本轮最优路径,重启和可选上界处理后,0.0005205363443214112,0.0005205528482725852,4.604627355753884e-07
2,81002,0,不使用 GP 产生的状态,250,历史重启阶段最优路径,更新前,0.00702455873877007,0.0,0.0
2,81002,0,不使用 GP 产生的状态,250,历史重启阶段最优路径,蒸发和下界保护后,0.00702455873877007,0.0,0.0
2,81002,0,不使用 GP 产生的状态,250,历史重启阶段最优路径,沉积后,0.00702455873877007,0.007024573729653234,6.159672223721737e-06
2,81002,0,不使用 GP 产生的状态,250,历史重启阶段最优路径,重启和可选上界处理后,0.00702455873877007,0.007024573729653234,6.159672223721737e-06
2,81002,1,不使用 GP 产生的状态,250,历史重启阶段最优路径,更新前,0.0033644414241180594,0.0,0.0
2,81002,1,不使用 GP 产生的状态,250,历史重启阶段最优路径,蒸发和下界保护后,0.0033644414241180594,0.0,0.0
2,81002,1,不使用 GP 产生的状态,250,历史重启阶段最优路径,沉积后,0.0033644414241180594,0.00336452600620235,2.953712408791156e-06
2,81002,1,不使用 GP 产生的状态,250,历史重启阶段最优路径,重启和可选上界处理后,0.0033644414241180594,0.00336452600620235,2.953712408791156e-06
2,81002,2,不使用 GP 产生的状态,250,历史重启阶段最优路径,更新前,0.00025136570340620343,0.0,0.0
2,81002,2,不使用 GP 产生的状态,250,历史重启阶段最优路径,蒸发和下界保护后,0.00025136570340620343,0.0,0.0
2,81002,2,不使用 GP 产生的状态,250,历史重启阶段最优路径,沉积后,0.00025136570340620343,0.0002515971324514555,2.2700293219974467e-07
2,81002,2,不使用 GP 产生的状态,250,历史重启阶段最优路径,重启和可选上界处理后,0.00025136570340620343,0.0002515971324514555,2.2700293219974467e-07
2,81002,3,不使用 GP 产生的状态,250,历史重启阶段最优路径,更新前,0.008120376607574233,0.0,0.0
2,81002,3,不使用 GP 产生的状态,250,历史重启阶段最优路径,蒸发和下界保护后,0.008120376607574233,0.0,0.0
2,81002,3,不使用 GP 产生的状态,250,历史重启阶段最优路径,沉积后,0.008120376607574233,0.008120291076161445,7.1151306941490435e-06
2,81002,3,不使用 GP 产生的状态,250,历史重启阶段最优路径,重启和可选上界处理后,0.008120376607574233,0.008120291076161445,7.1151306941490435e-06
2,81002,4,不使用 GP 产生的状态,250,历史重启阶段最优路径,更新前,0.02231894861627906,0.0,0.0
2,81002,4,不使用 GP 产生的状态,250,历史重启阶段最优路径,蒸发和下界保护后,0.02231894861627906,0.0,0.0
2,81002,4,不使用 GP 产生的状态,250,历史重启阶段最优路径,沉积后,0.02231894861627906,0.02231880786239329,1.974628184343365e-05
2,81002,4,不使用 GP 产生的状态,250,历史重启阶段最优路径,重启和可选上界处理后,0.02231894861627906,0.02231880786239329,1.974628184343365e-05
2,81002,5,不使用 GP 产生的状态,250,历史重启阶段最优路径,更新前,0.001700147101255926,0.0,0.0
2,81002,5,不使用 GP 产生的状态,250,历史重启阶段最优路径,蒸发和下界保护后,0.001700147101255926,0.0,0.0
2,81002,5,不使用 GP 产生的状态,250,历史重启阶段最优路径,沉积后,0.001700147101255926,0.0017000569324133138,1.498721441500337e-06
2,81002,5,不使用 GP 产生的状态,250,历史重启阶段最优路径,重启和可选上界处理后,0.001700147101255926,0.0017000569324133138,1.498721441500337e-06
2,81002,6,不使用 GP 产生的状态,250,历史重启阶段最优路径,更新前,0.00017367265464560364,0.0,0.0
2,81002,6,不使用 GP 产生的状态,250,历史重启阶段最优路径,蒸发和下界保护后,0.00017367265464560364,0.0,0.0
2,81002,6,不使用 GP 产生的状态,250,历史重启阶段最优路径,沉积后,0.00017367265464560364,0.0001739226592492789,1.5185901412891702e-07
2,81002,6,不使用 GP 产生的状态,250,历史重启阶段最优路径,重启和可选上界处理后,0.00017367265464560364,0.0001739226592492789,1.5185901412891702e-07
2,81002,7,不使用 GP 产生的状态,250,历史重启阶段最优路径,更新前,0.000536583480906574,0.0,0.0
2,81002,7,不使用 GP 产生的状态,250,历史重启阶段最优路径,蒸发和下界保护后,0.000536583480906574,0.0,0.0
2,81002,7,不使用 GP 产生的状态,250,历史重启阶段最优路径,沉积后,0.000536583480906574,0.0005366547927553034,4.7470594916878134e-07
2,81002,7,不使用 GP 产生的状态,250,历史重启阶段最优路径,重启和可选上界处理后,0.000536583480906574,0.0005366547927553034,4.7470594916878134e-07
2,81002,0,不使用 GP 产生的状态,250,历史全局最优路径,更新前,0.00702455873877007,0.0,0.0
2,81002,0,不使用 GP 产生的状态,250,历史全局最优路径,蒸发和下界保护后,0.00702455873877007,0.0,0.0
2,81002,0,不使用 GP 产生的状态,250,历史全局最优路径,沉积后,0.00702455873877007,0.007024573729653234,6.159672223721737e-06
2,81002,0,不使用 GP 产生的状态,250,历史全局最优路径,重启和可选上界处理后,0.00702455873877007,0.007024573729653234,6.159672223721737e-06
2,81002,1,不使用 GP 产生的状态,250,历史全局最优路径,更新前,0.0033644414241180594,0.0,0.0
2,81002,1,不使用 GP 产生的状态,250,历史全局最优路径,蒸发和下界保护后,0.0033644414241180594,0.0,0.0
2,81002,1,不使用 GP 产生的状态,250,历史全局最优路径,沉积后,0.0033644414241180594,0.00336452600620235,2.953712408791156e-06
2,81002,1,不使用 GP 产生的状态,250,历史全局最优路径,重启和可选上界处理后,0.0033644414241180594,0.00336452600620235,2.953712408791156e-06
2,81002,2,不使用 GP 产生的状态,250,历史全局最优路径,更新前,0.00025136570340620343,0.0,0.0
2,81002,2,不使用 GP 产生的状态,250,历史全局最优路径,蒸发和下界保护后,0.00025136570340620343,0.0,0.0
2,81002,2,不使用 GP 产生的状态,250,历史全局最优路径,沉积后,0.00025136570340620343,0.0002515971324514555,2.2700293219974467e-07
2,81002,2,不使用 GP 产生的状态,250,历史全局最优路径,重启和可选上界处理后,0.00025136570340620343,0.0002515971324514555,2.2700293219974467e-07
2,81002,3,不使用 GP 产生的状态,250,历史全局最优路径,更新前,0.008120376607574233,0.0,0.0
2,81002,3,不使用 GP 产生的状态,250,历史全局最优路径,蒸发和下界保护后,0.008120376607574233,0.0,0.0
2,81002,3,不使用 GP 产生的状态,250,历史全局最优路径,沉积后,0.008120376607574233,0.008120291076161445,7.1151306941490435e-06
2,81002,3,不使用 GP 产生的状态,250,历史全局最优路径,重启和可选上界处理后,0.008120376607574233,0.008120291076161445,7.1151306941490435e-06
2,81002,4,不使用 GP 产生的状态,250,历史全局最优路径,更新前,0.02231894861627906,0.0,0.0
2,81002,4,不使用 GP 产生的状态,250,历史全局最优路径,蒸发和下界保护后,0.02231894861627906,0.0,0.0
2,81002,4,不使用 GP 产生的状态,250,历史全局最优路径,沉积后,0.02231894861627906,0.02231880786239329,1.974628184343365e-05
2,81002,4,不使用 GP 产生的状态,250,历史全局最优路径,重启和可选上界处理后,0.02231894861627906,0.02231880786239329,1.974628184343365e-05
2,81002,5,不使用 GP 产生的状态,250,历史全局最优路径,更新前,0.001700147101255926,0.0,0.0
2,81002,5,不使用 GP 产生的状态,250,历史全局最优路径,蒸发和下界保护后,0.001700147101255926,0.0,0.0
2,81002,5,不使用 GP 产生的状态,250,历史全局最优路径,沉积后,0.001700147101255926,0.0017000569324133138,1.498721441500337e-06
2,81002,5,不使用 GP 产生的状态,250,历史全局最优路径,重启和可选上界处理后,0.001700147101255926,0.0017000569324133138,1.498721441500337e-06
2,81002,6,不使用 GP 产生的状态,250,历史全局最优路径,更新前,0.00017367265464560364,0.0,0.0
2,81002,6,不使用 GP 产生的状态,250,历史全局最优路径,蒸发和下界保护后,0.00017367265464560364,0.0,0.0
2,81002,6,不使用 GP 产生的状态,250,历史全局最优路径,沉积后,0.00017367265464560364,0.0001739226592492789,1.5185901412891702e-07
2,81002,6,不使用 GP 产生的状态,250,历史全局最优路径,重启和可选上界处理后,0.00017367265464560364,0.0001739226592492789,1.5185901412891702e-07
2,81002,7,不使用 GP 产生的状态,250,历史全局最优路径,更新前,0.000536583480906574,0.0,0.0
2,81002,7,不使用 GP 产生的状态,250,历史全局最优路径,蒸发和下界保护后,0.000536583480906574,0.0,0.0
2,81002,7,不使用 GP 产生的状态,250,历史全局最优路径,沉积后,0.000536583480906574,0.0005366547927553034,4.7470594916878134e-07
2,81002,7,不使用 GP 产生的状态,250,历史全局最优路径,重启和可选上界处理后,0.000536583480906574,0.0005366547927553034,4.7470594916878134e-07
2,81001,0,不使用 GP 产生的状态,250,本轮最优路径,更新前,0.007877091812969757,0.0,0.0
2,81001,0,不使用 GP 产生的状态,250,本轮最优路径,蒸发和下界保护后,0.007877091812969757,0.0,0.0
2,81001,0,不使用 GP 产生的状态,250,本轮最优路径,沉积后,0.007877091812969757,0.007877247482760632,6.90736041592347e-06
2,81001,0,不使用 GP 产生的状态,250,本轮最优路径,重启和可选上界处理后,0.007877091812969757,0.007877247482760632,6.90736041592347e-06
2,81001,1,不使用 GP 产生的状态,250,本轮最优路径,更新前,0.0020426436365766566,0.0,0.0
2,81001,1,不使用 GP 产生的状态,250,本轮最优路径,蒸发和下界保护后,0.0020426436365766566,0.0,0.0
2,81001,1,不使用 GP 产生的状态,250,本轮最优路径,沉积后,0.0020426436365766566,0.002042820467174868,1.793389069278623e-06
2,81001,1,不使用 GP 产生的状态,250,本轮最优路径,重启和可选上界处理后,0.0020426436365766566,0.002042820467174868,1.793389069278623e-06
2,81001,2,不使用 GP 产生的状态,250,本轮最优路径,更新前,0.0003918487605846349,0.0,0.0
2,81001,2,不使用 GP 产生的状态,250,本轮最优路径,蒸发和下界保护后,0.0003918487605846349,0.0,0.0
2,81001,2,不使用 GP 产生的状态,250,本轮最优路径,沉积后,0.0003918487605846349,0.00039185879080752637,3.5355368980096746e-07
2,81001,2,不使用 GP 产生的状态,250,本轮最优路径,重启和可选上界处理后,0.0003918487605846349,0.00039185879080752637,3.5355368980096746e-07
2,81001,3,不使用 GP 产生的状态,250,本轮最优路径,更新前,0.006919838151200869,0.0,0.0
2,81001,3,不使用 GP 产生的状态,250,本轮最优路径,蒸发和下界保护后,0.006919838151200869,0.0,0.0
2,81001,3,不使用 GP 产生的状态,250,本轮最优路径,沉积后,0.006919838151200869,0.006919926546110737,6.063351831565598e-06
2,81001,3,不使用 GP 产生的状态,250,本轮最优路径,重启和可选上界处理后,0.006919838151200869,0.006919926546110737,6.063351831565598e-06
2,81001,4,不使用 GP 产生的状态,250,本轮最优路径,更新前,0.014638919936565901,0.0,0.0
2,81001,4,不使用 GP 产生的状态,250,本轮最优路径,蒸发和下界保护后,0.014638919936565901,0.0,0.0
2,81001,4,不使用 GP 产生的状态,250,本轮最优路径,沉积后,0.014638919936565901,0.014638661667032133,1.295137002254243e-05
2,81001,4,不使用 GP 产生的状态,250,本轮最优路径,重启和可选上界处理后,0.014638919936565901,0.014638661667032133,1.295137002254243e-05
2,81001,5,不使用 GP 产生的状态,250,本轮最优路径,更新前,0.0029552999355050387,0.0,0.0
2,81001,5,不使用 GP 产生的状态,250,本轮最优路径,蒸发和下界保护后,0.0029552999355050387,0.0,0.0
2,81001,5,不使用 GP 产生的状态,250,本轮最优路径,沉积后,0.0029552999355050387,0.00295528187749758,2.6052917587857533e-06
2,81001,5,不使用 GP 产生的状态,250,本轮最优路径,重启和可选上界处理后,0.0029552999355050387,0.00295528187749758,2.6052917587857533e-06
2,81001,6,不使用 GP 产生的状态,250,本轮最优路径,更新前,0.0005616413466338609,0.0,0.0
2,81001,6,不使用 GP 产生的状态,250,本轮最优路径,蒸发和下界保护后,0.0005616413466338609,0.0,0.0
2,81001,6,不使用 GP 产生的状态,250,本轮最优路径,沉积后,0.0005616413466338609,0.0005617250454094727,4.9046519858658e-07
2,81001,6,不使用 GP 产生的状态,250,本轮最优路径,重启和可选上界处理后,0.0005616413466338609,0.0005617250454094727,4.9046519858658e-07
2,81001,7,不使用 GP 产生的状态,250,本轮最优路径,更新前,0.0003429593720608187,0.0,0.0
2,81001,7,不使用 GP 产生的状态,250,本轮最优路径,蒸发和下界保护后,0.0003429593720608187,0.0,0.0
2,81001,7,不使用 GP 产生的状态,250,本轮最优路径,沉积后,0.0003429593720608187,0.0003428506184124109,3.0327359493233335e-07
2,81001,7,不使用 GP 产生的状态,250,本轮最优路径,重启和可选上界处理后,0.0003429593720608187,0.0003428506184124109,3.0327359493233335e-07
2,81001,0,不使用 GP 产生的状态,250,历史重启阶段最优路径,更新前,0.007877336251089453,0.0,0.0
2,81001,0,不使用 GP 产生的状态,250,历史重启阶段最优路径,蒸发和下界保护后,0.007877336251089453,0.0,0.0
2,81001,0,不使用 GP 产生的状态,250,历史重启阶段最优路径,沉积后,0.007877336251089453,0.007877298773881542,6.907405391818799e-06
2,81001,0,不使用 GP 产生的状态,250,历史重启阶段最优路径,重启和可选上界处理后,0.007877336251089453,0.007877298773881542,6.907405391818799e-06
2,81001,1,不使用 GP 产生的状态,250,历史重启阶段最优路径,更新前,0.0020432360882042104,0.0,0.0
2,81001,1,不使用 GP 产生的状态,250,历史重启阶段最优路径,蒸发和下界保护后,0.0020432360882042104,0.0,0.0
2,81001,1,不使用 GP 产生的状态,250,历史重启阶段最优路径,沉积后,0.0020432360882042104,0.002043335751789414,1.7938414368802517e-06
2,81001,1,不使用 GP 产生的状态,250,历史重启阶段最优路径,重启和可选上界处理后,0.0020432360882042104,0.002043335751789414,1.7938414368802517e-06
2,81001,2,不使用 GP 产生的状态,250,历史重启阶段最优路径,更新前,0.0003920120575060998,0.0,0.0
2,81001,2,不使用 GP 产生的状态,250,历史重启阶段最优路径,蒸发和下界保护后,0.0003920120575060998,0.0,0.0
2,81001,2,不使用 GP 产生的状态,250,历史重启阶段最优路径,沉积后,0.0003920120575060998,0.00039221890027328865,3.5387859773550717e-07
2,81001,2,不使用 GP 产生的状态,250,历史重启阶段最优路径,重启和可选上界处理后,0.0003920120575060998,0.00039221890027328865,3.5387859773550717e-07
2,81001,3,不使用 GP 产生的状态,250,历史重启阶段最优路径,更新前,0.006919838151200869,0.0,0.0
2,81001,3,不使用 GP 产生的状态,250,历史重启阶段最优路径,蒸发和下界保护后,0.006919838151200869,0.0,0.0
2,81001,3,不使用 GP 产生的状态,250,历史重启阶段最优路径,沉积后,0.006919838151200869,0.006919926546110737,6.063351831565598e-06
2,81001,3,不使用 GP 产生的状态,250,历史重启阶段最优路径,重启和可选上界处理后,0.006919838151200869,0.006919926546110737,6.063351831565598e-06
2,81001,4,不使用 GP 产生的状态,250,历史重启阶段最优路径,更新前,0.02339106518472011,0.0,0.0
2,81001,4,不使用 GP 产生的状态,250,历史重启阶段最优路径,蒸发和下界保护后,0.02339106518472011,0.0,0.0
2,81001,4,不使用 GP 产生的状态,250,历史重启阶段最优路径,沉积后,0.02339106518472011,0.02339087277692759,2.0694777663074658e-05
2,81001,4,不使用 GP 产生的状态,250,历史重启阶段最优路径,重启和可选上界处理后,0.02339106518472011,0.02339087277692759,2.0694777663074658e-05
2,81001,5,不使用 GP 产生的状态,250,历史重启阶段最优路径,更新前,0.0029559932902746408,0.0,0.0
2,81001,5,不使用 GP 产生的状态,250,历史重启阶段最优路径,蒸发和下界保护后,0.0029559932902746408,0.0,0.0
2,81001,5,不使用 GP 产生的状态,250,历史重启阶段最优路径,沉积后,0.0029559932902746408,0.002955820951438358,2.6057669909136864e-06
2,81001,5,不使用 GP 产生的状态,250,历史重启阶段最优路径,重启和可选上界处理后,0.0029559932902746408,0.002955820951438358,2.6057669909136864e-06
2,81001,6,不使用 GP 产生的状态,250,历史重启阶段最优路径,更新前,0.0005617232258708725,0.0,0.0
2,81001,6,不使用 GP 产生的状态,250,历史重启阶段最优路径,蒸发和下界保护后,0.0005617232258708725,0.0,0.0
2,81001,6,不使用 GP 产生的状态,250,历史重启阶段最优路径,沉积后,0.0005617232258708725,0.0005619137922136061,4.906300011702077e-07
2,81001,6,不使用 GP 产生的状态,250,历史重启阶段最优路径,重启和可选上界处理后,0.0005617232258708725,0.0005619137922136061,4.906300011702077e-07
2,81001,7,不使用 GP 产生的状态,250,历史重启阶段最优路径,更新前,0.00034280024441218584,0.0,0.0
2,81001,7,不使用 GP 产生的状态,250,历史重启阶段最优路径,蒸发和下界保护后,0.00034280024441218584,0.0,0.0
2,81001,7,不使用 GP 产生的状态,250,历史重启阶段最优路径,沉积后,0.00034280024441218584,0.00034280430881807196,3.032326310944378e-07
2,81001,7,不使用 GP 产生的状态,250,历史重启阶段最优路径,重启和可选上界处理后,0.00034280024441218584,0.00034280430881807196,3.032326310944378e-07
2,81001,0,不使用 GP 产生的状态,250,历史全局最优路径,更新前,0.007877336251089453,0.0,0.0
2,81001,0,不使用 GP 产生的状态,250,历史全局最优路径,蒸发和下界保护后,0.007877336251089453,0.0,0.0
2,81001,0,不使用 GP 产生的状态,250,历史全局最优路径,沉积后,0.007877336251089453,0.007877298773881542,6.907405391818799e-06
2,81001,0,不使用 GP 产生的状态,250,历史全局最优路径,重启和可选上界处理后,0.007877336251089453,0.007877298773881542,6.907405391818799e-06
2,81001,1,不使用 GP 产生的状态,250,历史全局最优路径,更新前,0.0020432360882042104,0.0,0.0
2,81001,1,不使用 GP 产生的状态,250,历史全局最优路径,蒸发和下界保护后,0.0020432360882042104,0.0,0.0
2,81001,1,不使用 GP 产生的状态,250,历史全局最优路径,沉积后,0.0020432360882042104,0.002043335751789414,1.7938414368802517e-06
2,81001,1,不使用 GP 产生的状态,250,历史全局最优路径,重启和可选上界处理后,0.0020432360882042104,0.002043335751789414,1.7938414368802517e-06
2,81001,2,不使用 GP 产生的状态,250,历史全局最优路径,更新前,0.0003920120575060998,0.0,0.0
2,81001,2,不使用 GP 产生的状态,250,历史全局最优路径,蒸发和下界保护后,0.0003920120575060998,0.0,0.0
2,81001,2,不使用 GP 产生的状态,250,历史全局最优路径,沉积后,0.0003920120575060998,0.00039221890027328865,3.5387859773550717e-07
2,81001,2,不使用 GP 产生的状态,250,历史全局最优路径,重启和可选上界处理后,0.0003920120575060998,0.00039221890027328865,3.5387859773550717e-07
2,81001,3,不使用 GP 产生的状态,250,历史全局最优路径,更新前,0.006919838151200869,0.0,0.0
2,81001,3,不使用 GP 产生的状态,250,历史全局最优路径,蒸发和下界保护后,0.006919838151200869,0.0,0.0
2,81001,3,不使用 GP 产生的状态,250,历史全局最优路径,沉积后,0.006919838151200869,0.006919926546110737,6.063351831565598e-06
2,81001,3,不使用 GP 产生的状态,250,历史全局最优路径,重启和可选上界处理后,0.006919838151200869,0.006919926546110737,6.063351831565598e-06
2,81001,4,不使用 GP 产生的状态,250,历史全局最优路径,更新前,0.02339106518472011,0.0,0.0
2,81001,4,不使用 GP 产生的状态,250,历史全局最优路径,蒸发和下界保护后,0.02339106518472011,0.0,0.0
2,81001,4,不使用 GP 产生的状态,250,历史全局最优路径,沉积后,0.02339106518472011,0.02339087277692759,2.0694777663074658e-05
2,81001,4,不使用 GP 产生的状态,250,历史全局最优路径,重启和可选上界处理后,0.02339106518472011,0.02339087277692759,2.0694777663074658e-05
2,81001,5,不使用 GP 产生的状态,250,历史全局最优路径,更新前,0.0029559932902746408,0.0,0.0
2,81001,5,不使用 GP 产生的状态,250,历史全局最优路径,蒸发和下界保护后,0.0029559932902746408,0.0,0.0
2,81001,5,不使用 GP 产生的状态,250,历史全局最优路径,沉积后,0.0029559932902746408,0.002955820951438358,2.6057669909136864e-06
2,81001,5,不使用 GP 产生的状态,250,历史全局最优路径,重启和可选上界处理后,0.0029559932902746408,0.002955820951438358,2.6057669909136864e-06
2,81001,6,不使用 GP 产生的状态,250,历史全局最优路径,更新前,0.0005617232258708725,0.0,0.0
2,81001,6,不使用 GP 产生的状态,250,历史全局最优路径,蒸发和下界保护后,0.0005617232258708725,0.0,0.0
2,81001,6,不使用 GP 产生的状态,250,历史全局最优路径,沉积后,0.0005617232258708725,0.0005619137922136061,4.906300011702077e-07
2,81001,6,不使用 GP 产生的状态,250,历史全局最优路径,重启和可选上界处理后,0.0005617232258708725,0.0005619137922136061,4.906300011702077e-07
2,81001,7,不使用 GP 产生的状态,250,历史全局最优路径,更新前,0.00034280024441218584,0.0,0.0
2,81001,7,不使用 GP 产生的状态,250,历史全局最优路径,蒸发和下界保护后,0.00034280024441218584,0.0,0.0
2,81001,7,不使用 GP 产生的状态,250,历史全局最优路径,沉积后,0.00034280024441218584,0.00034280430881807196,3.032326310944378e-07
2,81001,7,不使用 GP 产生的状态,250,历史全局最优路径,重启和可选上界处理后,0.00034280024441218584,0.00034280430881807196,3.032326310944378e-07
2,81003,0,不使用 GP 产生的状态,250,本轮最优路径,更新前,0.009645235075681312,0.0,0.0
2,81003,0,不使用 GP 产生的状态,250,本轮最优路径,蒸发和下界保护后,0.009645235075681312,0.0,0.0
2,81003,0,不使用 GP 产生的状态,250,本轮最优路径,沉积后,0.009645235075681312,0.009645192704755345,8.457627164639048e-06
2,81003,0,不使用 GP 产生的状态,250,本轮最优路径,重启和可选上界处理后,0.009645235075681312,0.009645192704755345,8.457627164639048e-06
2,81003,1,不使用 GP 产生的状态,250,本轮最优路径,更新前,0.006845179695118169,0.0,0.0
2,81003,1,不使用 GP 产生的状态,250,本轮最优路径,蒸发和下界保护后,0.006845179695118169,0.0,0.0
2,81003,1,不使用 GP 产生的状态,250,本轮最优路径,沉积后,0.006845179695118169,0.006845116729851854,6.0093178615102015e-06
2,81003,1,不使用 GP 产生的状态,250,本轮最优路径,重启和可选上界处理后,0.006845179695118169,0.006845116729851854,6.0093178615102015e-06
2,81003,2,不使用 GP 产生的状态,250,本轮最优路径,更新前,0.002691046663329026,0.0,0.0
2,81003,2,不使用 GP 产生的状态,250,本轮最优路径,蒸发和下界保护后,0.002691046663329026,0.0,0.0
2,81003,2,不使用 GP 产生的状态,250,本轮最优路径,沉积后,0.002691046663329026,0.002690808384375458,2.4277756558244622e-06
2,81003,2,不使用 GP 产生的状态,250,本轮最优路径,重启和可选上界处理后,0.002691046663329026,0.002690808384375458,2.4277756558244622e-06
2,81003,3,不使用 GP 产生的状态,250,本轮最优路径,更新前,0.01018403247037166,0.0,0.0
2,81003,3,不使用 GP 产生的状态,250,本轮最优路径,蒸发和下界保护后,0.01018403247037166,0.0,0.0
2,81003,3,不使用 GP 产生的状态,250,本轮最优路径,沉积后,0.01018403247037166,0.010184018152886259,8.923401817712308e-06
2,81003,3,不使用 GP 产生的状态,250,本轮最优路径,重启和可选上界处理后,0.01018403247037166,0.010184018152886259,8.923401817712308e-06
2,81003,4,不使用 GP 产生的状态,250,本轮最优路径,更新前,0.013664745918030392,0.0,0.0
2,81003,4,不使用 GP 产生的状态,250,本轮最优路径,蒸发和下界保护后,0.013664745918030392,0.0,0.0
2,81003,4,不使用 GP 产生的状态,250,本轮最优路径,沉积后,0.013664745918030392,0.013664603598874723,1.2089584515704692e-05
2,81003,4,不使用 GP 产生的状态,250,本轮最优路径,重启和可选上界处理后,0.013664745918030392,0.013664603598874723,1.2089584515704692e-05
2,81003,5,不使用 GP 产生的状态,250,本轮最优路径,更新前,0.00817654579452518,0.0,0.0
2,81003,5,不使用 GP 产生的状态,250,本轮最优路径,蒸发和下界保护后,0.00817654579452518,0.0,0.0
2,81003,5,不使用 GP 产生的状态,250,本轮最优路径,沉积后,0.00817654579452518,0.00817660178646777,7.208257666167344e-06
2,81003,5,不使用 GP 产生的状态,250,本轮最优路径,重启和可选上界处理后,0.00817654579452518,0.00817660178646777,7.208257666167344e-06
2,81003,6,不使用 GP 产生的状态,250,本轮最优路径,更新前,0.006277201349997882,0.0,0.0
2,81003,6,不使用 GP 产生的状态,250,本轮最优路径,蒸发和下界保护后,0.006277201349997882,0.0,0.0
2,81003,6,不使用 GP 产生的状态,250,本轮最优路径,沉积后,0.006277201349997882,0.0062772150571886705,5.480894175459873e-06
2,81003,6,不使用 GP 产生的状态,250,本轮最优路径,重启和可选上界处理后,0.006277201349997882,0.0062772150571886705,5.480894175459873e-06
2,81003,7,不使用 GP 产生的状态,250,本轮最优路径,更新前,0.007330384361356405,0.0,0.0
2,81003,7,不使用 GP 产生的状态,250,本轮最优路径,蒸发和下界保护后,0.007330384361356405,0.0,0.0
2,81003,7,不使用 GP 产生的状态,250,本轮最优路径,沉积后,0.007330384361356405,0.007330444218970365,6.4842530575922905e-06
2,81003,7,不使用 GP 产生的状态,250,本轮最优路径,重启和可选上界处理后,0.007330384361356405,0.007330444218970365,6.4842530575922905e-06
2,81003,0,不使用 GP 产生的状态,250,历史重启阶段最优路径,更新前,0.009645235075681312,0.0,0.0
2,81003,0,不使用 GP 产生的状态,250,历史重启阶段最优路径,蒸发和下界保护后,0.009645235075681312,0.0,0.0
2,81003,0,不使用 GP 产生的状态,250,历史重启阶段最优路径,沉积后,0.009645235075681312,0.009645192704755345,8.457627164639048e-06
2,81003,0,不使用 GP 产生的状态,250,历史重启阶段最优路径,重启和可选上界处理后,0.009645235075681312,0.009645192704755345,8.457627164639048e-06
2,81003,1,不使用 GP 产生的状态,250,历史重启阶段最优路径,更新前,0.006809455641187558,0.0,0.0
2,81003,1,不使用 GP 产生的状态,250,历史重启阶段最优路径,蒸发和下界保护后,0.006809455641187558,0.0,0.0
2,81003,1,不使用 GP 产生的状态,250,历史重启阶段最优路径,沉积后,0.006809455641187558,0.006809390665054455,5.977954002020091e-06
2,81003,1,不使用 GP 产生的状态,250,历史重启阶段最优路径,重启和可选上界处理后,0.006809455641187558,0.006809390665054455,5.977954002020091e-06
2,81003,2,不使用 GP 产生的状态,250,历史重启阶段最优路径,更新前,0.0026916160619578043,0.0,0.0
2,81003,2,不使用 GP 产生的状态,250,历史重启阶段最优路径,蒸发和下界保护后,0.0026916160619578043,0.0,0.0
2,81003,2,不使用 GP 产生的状态,250,历史重启阶段最优路径,沉积后,0.0026916160619578043,0.002691387690907336,2.428298333806113e-06
2,81003,2,不使用 GP 产生的状态,250,历史重启阶段最优路径,重启和可选上界处理后,0.0026916160619578043,0.002691387690907336,2.428298333806113e-06
2,81003,3,不使用 GP 产生的状态,250,历史重启阶段最优路径,更新前,0.01018403247037166,0.0,0.0
2,81003,3,不使用 GP 产生的状态,250,历史重启阶段最优路径,蒸发和下界保护后,0.01018403247037166,0.0,0.0
2,81003,3,不使用 GP 产生的状态,250,历史重启阶段最优路径,沉积后,0.01018403247037166,0.010184018152886259,8.923401817712308e-06
2,81003,3,不使用 GP 产生的状态,250,历史重启阶段最优路径,重启和可选上界处理后,0.01018403247037166,0.010184018152886259,8.923401817712308e-06
2,81003,4,不使用 GP 产生的状态,250,历史重启阶段最优路径,更新前,0.02157229211659106,0.0,0.0
2,81003,4,不使用 GP 产生的状态,250,历史重启阶段最优路径,蒸发和下界保护后,0.02157229211659106,0.0,0.0
2,81003,4,不使用 GP 产生的状态,250,历史重启阶段最优路径,沉积后,0.02157229211659106,0.02157204456313585,1.9085592497103634e-05
2,81003,4,不使用 GP 产生的状态,250,历史重启阶段最优路径,重启和可选上界处理后,0.02157229211659106,0.02157204456313585,1.9085592497103634e-05
2,81003,5,不使用 GP 产生的状态,250,历史重启阶段最优路径,更新前,0.008145730834951848,0.0,0.0
2,81003,5,不使用 GP 产生的状态,250,历史重启阶段最优路径,蒸发和下界保护后,0.008145730834951848,0.0,0.0
2,81003,5,不使用 GP 产生的状态,250,历史重启阶段最优路径,沉积后,0.008145730834951848,0.00814573107734121,7.181042934236797e-06
2,81003,5,不使用 GP 产生的状态,250,历史重启阶段最优路径,重启和可选上界处理后,0.008145730834951848,0.00814573107734121,7.181042934236797e-06
2,81003,6,不使用 GP 产生的状态,250,历史重启阶段最优路径,更新前,0.006277137302239153,0.0,0.0
2,81003,6,不使用 GP 产生的状态,250,历史重启阶段最优路径,蒸发和下界保护后,0.006277137302239153,0.0,0.0
2,81003,6,不使用 GP 产生的状态,250,历史重启阶段最优路径,沉积后,0.006277137302239153,0.006277117044709403,5.480808596740355e-06
2,81003,6,不使用 GP 产生的状态,250,历史重启阶段最优路径,重启和可选上界处理后,0.006277137302239153,0.006277117044709403,5.480808596740355e-06
2,81003,7,不使用 GP 产生的状态,250,历史重启阶段最优路径,更新前,0.007330189639365315,0.0,0.0
2,81003,7,不使用 GP 产生的状态,250,历史重启阶段最优路径,蒸发和下界保护后,0.007330189639365315,0.0,0.0
2,81003,7,不使用 GP 产生的状态,250,历史重启阶段最优路径,沉积后,0.007330189639365315,0.007330182619027875,6.484021655486731e-06
2,81003,7,不使用 GP 产生的状态,250,历史重启阶段最优路径,重启和可选上界处理后,0.007330189639365315,0.007330182619027875,6.484021655486731e-06
2,81003,0,不使用 GP 产生的状态,250,历史全局最优路径,更新前,0.009645235075681312,0.0,0.0
2,81003,0,不使用 GP 产生的状态,250,历史全局最优路径,蒸发和下界保护后,0.009645235075681312,0.0,0.0
2,81003,0,不使用 GP 产生的状态,250,历史全局最优路径,沉积后,0.009645235075681312,0.009645192704755345,8.457627164639048e-06
2,81003,0,不使用 GP 产生的状态,250,历史全局最优路径,重启和可选上界处理后,0.009645235075681312,0.009645192704755345,8.457627164639048e-06
2,81003,1,不使用 GP 产生的状态,250,历史全局最优路径,更新前,0.006809455641187558,0.0,0.0
2,81003,1,不使用 GP 产生的状态,250,历史全局最优路径,蒸发和下界保护后,0.006809455641187558,0.0,0.0
2,81003,1,不使用 GP 产生的状态,250,历史全局最优路径,沉积后,0.006809455641187558,0.006809390665054455,5.977954002020091e-06
2,81003,1,不使用 GP 产生的状态,250,历史全局最优路径,重启和可选上界处理后,0.006809455641187558,0.006809390665054455,5.977954002020091e-06
2,81003,2,不使用 GP 产生的状态,250,历史全局最优路径,更新前,0.0026916160619578043,0.0,0.0
2,81003,2,不使用 GP 产生的状态,250,历史全局最优路径,蒸发和下界保护后,0.0026916160619578043,0.0,0.0
2,81003,2,不使用 GP 产生的状态,250,历史全局最优路径,沉积后,0.0026916160619578043,0.002691387690907336,2.428298333806113e-06
2,81003,2,不使用 GP 产生的状态,250,历史全局最优路径,重启和可选上界处理后,0.0026916160619578043,0.002691387690907336,2.428298333806113e-06
2,81003,3,不使用 GP 产生的状态,250,历史全局最优路径,更新前,0.01018403247037166,0.0,0.0
2,81003,3,不使用 GP 产生的状态,250,历史全局最优路径,蒸发和下界保护后,0.01018403247037166,0.0,0.0
2,81003,3,不使用 GP 产生的状态,250,历史全局最优路径,沉积后,0.01018403247037166,0.010184018152886259,8.923401817712308e-06
2,81003,3,不使用 GP 产生的状态,250,历史全局最优路径,重启和可选上界处理后,0.01018403247037166,0.010184018152886259,8.923401817712308e-06
2,81003,4,不使用 GP 产生的状态,250,历史全局最优路径,更新前,0.02157229211659106,0.0,0.0
2,81003,4,不使用 GP 产生的状态,250,历史全局最优路径,蒸发和下界保护后,0.02157229211659106,0.0,0.0
2,81003,4,不使用 GP 产生的状态,250,历史全局最优路径,沉积后,0.02157229211659106,0.02157204456313585,1.9085592497103634e-05
2,81003,4,不使用 GP 产生的状态,250,历史全局最优路径,重启和可选上界处理后,0.02157229211659106,0.02157204456313585,1.9085592497103634e-05
2,81003,5,不使用 GP 产生的状态,250,历史全局最优路径,更新前,0.008145730834951848,0.0,0.0
2,81003,5,不使用 GP 产生的状态,250,历史全局最优路径,蒸发和下界保护后,0.008145730834951848,0.0,0.0
2,81003,5,不使用 GP 产生的状态,250,历史全局最优路径,沉积后,0.008145730834951848,0.00814573107734121,7.181042934236797e-06
2,81003,5,不使用 GP 产生的状态,250,历史全局最优路径,重启和可选上界处理后,0.008145730834951848,0.00814573107734121,7.181042934236797e-06
2,81003,6,不使用 GP 产生的状态,250,历史全局最优路径,更新前,0.006277137302239153,0.0,0.0
2,81003,6,不使用 GP 产生的状态,250,历史全局最优路径,蒸发和下界保护后,0.006277137302239153,0.0,0.0
2,81003,6,不使用 GP 产生的状态,250,历史全局最优路径,沉积后,0.006277137302239153,0.006277117044709403,5.480808596740355e-06
2,81003,6,不使用 GP 产生的状态,250,历史全局最优路径,重启和可选上界处理后,0.006277137302239153,0.006277117044709403,5.480808596740355e-06
2,81003,7,不使用 GP 产生的状态,250,历史全局最优路径,更新前,0.007330189639365315,0.0,0.0
2,81003,7,不使用 GP 产生的状态,250,历史全局最优路径,蒸发和下界保护后,0.007330189639365315,0.0,0.0
2,81003,7,不使用 GP 产生的状态,250,历史全局最优路径,沉积后,0.007330189639365315,0.007330182619027875,6.484021655486731e-06
2,81003,7,不使用 GP 产生的状态,250,历史全局最优路径,重启和可选上界处理后,0.007330189639365315,0.007330182619027875,6.484021655486731e-06
2,81001,0,GP 表达式自身产生的状态,250,本轮最优路径,更新前,0.0007343387575579043,0.0,0.0
2,81001,0,GP 表达式自身产生的状态,250,本轮最优路径,蒸发和下界保护后,0.0007343387575579043,0.0,0.0
2,81001,0,GP 表达式自身产生的状态,250,本轮最优路径,沉积后,0.0007343387575579043,0.000734315291512819,6.459338111296719e-07
2,81001,0,GP 表达式自身产生的状态,250,本轮最优路径,重启和可选上界处理后,0.0007343387575579043,0.000734315291512819,6.459338111296719e-07
2,81001,1,GP 表达式自身产生的状态,250,本轮最优路径,更新前,0.0005630390790007908,0.0,0.0
2,81001,1,GP 表达式自身产生的状态,250,本轮最优路径,蒸发和下界保护后,0.0005630390790007908,0.0,0.0
2,81001,1,GP 表达式自身产生的状态,250,本轮最优路径,沉积后,0.0005630390790007908,0.0005630662894057624,4.954512589752075e-07
2,81001,1,GP 表达式自身产生的状态,250,本轮最优路径,重启和可选上界处理后,0.0005630390790007908,0.0005630662894057624,4.954512589752075e-07
2,81001,2,GP 表达式自身产生的状态,250,本轮最优路径,更新前,0.0006145206667733176,0.0,0.0
2,81001,2,GP 表达式自身产生的状态,250,本轮最优路径,蒸发和下界保护后,0.0006145206667733176,0.0,0.0
2,81001,2,GP 表达式自身产生的状态,250,本轮最优路径,沉积后,0.0006145206667733176,0.0006145371341763728,5.560262280435795e-07
2,81001,2,GP 表达式自身产生的状态,250,本轮最优路径,重启和可选上界处理后,0.0006145206667733176,0.0006145371341763728,5.560262280435795e-07
2,81001,3,GP 表达式自身产生的状态,250,本轮最优路径,更新前,0.00072325136139444,0.0,0.0
2,81001,3,GP 表达式自身产生的状态,250,本轮最优路径,蒸发和下界保护后,0.00072325136139444,0.0,0.0
2,81001,3,GP 表达式自身产生的状态,250,本轮最优路径,沉积后,0.00072325136139444,0.0007232470110559175,6.34807410485374e-07
2,81001,3,GP 表达式自身产生的状态,250,本轮最优路径,重启和可选上界处理后,0.00072325136139444,0.0007232470110559175,6.34807410485374e-07
2,81001,4,GP 表达式自身产生的状态,250,本轮最优路径,更新前,0.0005895687572625386,0.0,0.0
2,81001,4,GP 表达式自身产生的状态,250,本轮最优路径,蒸发和下界保护后,0.0005895687572625386,0.0,0.0
2,81001,4,GP 表达式自身产生的状态,250,本轮最优路径,沉积后,0.0005895687572625386,0.0005896019930005883,5.216186283900149e-07
2,81001,4,GP 表达式自身产生的状态,250,本轮最优路径,重启和可选上界处理后,0.0005895687572625386,0.0005896019930005883,5.216186283900149e-07
2,81001,5,GP 表达式自身产生的状态,250,本轮最优路径,更新前,0.0007022481398825448,0.0,0.0
2,81001,5,GP 表达式自身产生的状态,250,本轮最优路径,蒸发和下界保护后,0.0007022481398825448,0.0,0.0
2,81001,5,GP 表达式自身产生的状态,250,本轮最优路径,沉积后,0.0007022481398825448,0.0007021966462566386,6.192436955544515e-07
2,81001,5,GP 表达式自身产生的状态,250,本轮最优路径,重启和可选上界处理后,0.0007022481398825448,0.0007021966462566386,6.192436955544515e-07
2,81001,6,GP 表达式自身产生的状态,250,本轮最优路径,更新前,0.0005603948932933051,0.0,0.0
2,81001,6,GP 表达式自身产生的状态,250,本轮最优路径,蒸发和下界保护后,0.0005603948932933051,0.0,0.0
2,81001,6,GP 表达式自身产生的状态,250,本轮最优路径,沉积后,0.0005603948932933051,0.0005603631307015953,4.915062082042927e-07
2,81001,6,GP 表达式自身产生的状态,250,本轮最优路径,重启和可选上界处理后,0.0005603948932933051,0.0005603631307015953,4.915062082042927e-07
2,81001,7,GP 表达式自身产生的状态,250,本轮最优路径,更新前,0.0006573591438016805,0.0,0.0
2,81001,7,GP 表达式自身产生的状态,250,本轮最优路径,蒸发和下界保护后,0.0006573591438016805,0.0,0.0
2,81001,7,GP 表达式自身产生的状态,250,本轮最优路径,沉积后,0.0006573591438016805,0.00065736147710389,5.832499718834862e-07
2,81001,7,GP 表达式自身产生的状态,250,本轮最优路径,重启和可选上界处理后,0.0006573591438016805,0.00065736147710389,5.832499718834862e-07
2,81001,0,GP 表达式自身产生的状态,250,历史重启阶段最优路径,更新前,0.0007344178010781915,0.0,0.0
2,81001,0,GP 表达式自身产生的状态,250,历史重启阶段最优路径,蒸发和下界保护后,0.0007344178010781915,0.0,0.0
2,81001,0,GP 表达式自身产生的状态,250,历史重启阶段最优路径,沉积后,0.0007344178010781915,0.0007344476894093002,6.460502737430045e-07
2,81001,0,GP 表达式自身产生的状态,250,历史重启阶段最优路径,重启和可选上界处理后,0.0007344178010781915,0.0007344476894093002,6.460502737430045e-07
2,81001,1,GP 表达式自身产生的状态,250,历史重启阶段最优路径,更新前,0.000562567473779141,0.0,0.0
2,81001,1,GP 表达式自身产生的状态,250,历史重启阶段最优路径,蒸发和下界保护后,0.000562567473779141,0.0,0.0
2,81001,1,GP 表达式自身产生的状态,250,历史重启阶段最优路径,沉积后,0.000562567473779141,0.0005625105450977718,4.949622504477164e-07
2,81001,1,GP 表达式自身产生的状态,250,历史重启阶段最优路径,重启和可选上界处理后,0.000562567473779141,0.0005625105450977718,4.949622504477164e-07
2,81001,2,GP 表达式自身产生的状态,250,历史重启阶段最优路径,更新前,0.0006144715085256786,0.0,0.0
2,81001,2,GP 表达式自身产生的状态,250,历史重启阶段最优路径,蒸发和下界保护后,0.0006144715085256786,0.0,0.0
2,81001,2,GP 表达式自身产生的状态,250,历史重启阶段最优路径,沉积后,0.0006144715085256786,0.0006145429892530146,5.560315256505084e-07
2,81001,2,GP 表达式自身产生的状态,250,历史重启阶段最优路径,重启和可选上界处理后,0.0006144715085256786,0.0006145429892530146,5.560315256505084e-07
2,81001,3,GP 表达式自身产生的状态,250,历史重启阶段最优路径,更新前,0.0007236968360591504,0.0,0.0
2,81001,3,GP 表达式自身产生的状态,250,历史重启阶段最优路径,蒸发和下界保护后,0.0007236968360591504,0.0,0.0
2,81001,3,GP 表达式自身产生的状态,250,历史重启阶段最优路径,沉积后,0.0007236968360591504,0.0007236865195420826,6.351931752928655e-07
2,81001,3,GP 表达式自身产生的状态,250,历史重启阶段最优路径,重启和可选上界处理后,0.0007236968360591504,0.0007236865195420826,6.351931752928655e-07
2,81001,4,GP 表达式自身产生的状态,250,历史重启阶段最优路径,更新前,0.0005897457736934551,0.0,0.0
2,81001,4,GP 表达式自身产生的状态,250,历史重启阶段最优路径,蒸发和下界保护后,0.0005897457736934551,0.0,0.0
2,81001,4,GP 表达式自身产生的状态,250,历史重启阶段最优路径,沉积后,0.0005897457736934551,0.0005898062242025165,5.217993109533184e-07
2,81001,4,GP 表达式自身产生的状态,250,历史重启阶段最优路径,重启和可选上界处理后,0.0005897457736934551,0.0005898062242025165,5.217993109533184e-07
2,81001,5,GP 表达式自身产生的状态,250,历史重启阶段最优路径,更新前,0.0007022481398825448,0.0,0.0
2,81001,5,GP 表达式自身产生的状态,250,历史重启阶段最优路径,蒸发和下界保护后,0.0007022481398825448,0.0,0.0
2,81001,5,GP 表达式自身产生的状态,250,历史重启阶段最优路径,沉积后,0.0007022481398825448,0.0007021966462566386,6.192436955544515e-07
2,81001,5,GP 表达式自身产生的状态,250,历史重启阶段最优路径,重启和可选上界处理后,0.0007022481398825448,0.0007021966462566386,6.192436955544515e-07
2,81001,6,GP 表达式自身产生的状态,250,历史重启阶段最优路径,更新前,0.0005603470682502745,0.0,0.0
2,81001,6,GP 表达式自身产生的状态,250,历史重启阶段最优路径,蒸发和下界保护后,0.0005603470682502745,0.0,0.0
2,81001,6,GP 表达式自身产生的状态,250,历史重启阶段最优路径,沉积后,0.0005603470682502745,0.0005602563697469513,4.914125659406847e-07
2,81001,6,GP 表达式自身产生的状态,250,历史重启阶段最优路径,重启和可选上界处理后,0.0005603470682502745,0.0005602563697469513,4.914125659406847e-07
2,81001,7,GP 表达式自身产生的状态,250,历史重启阶段最优路径,更新前,0.0006573591438016805,0.0,0.0
2,81001,7,GP 表达式自身产生的状态,250,历史重启阶段最优路径,蒸发和下界保护后,0.0006573591438016805,0.0,0.0
2,81001,7,GP 表达式自身产生的状态,250,历史重启阶段最优路径,沉积后,0.0006573591438016805,0.00065736147710389,5.832499718834862e-07
2,81001,7,GP 表达式自身产生的状态,250,历史重启阶段最优路径,重启和可选上界处理后,0.0006573591438016805,0.00065736147710389,5.832499718834862e-07
2,81001,0,GP 表达式自身产生的状态,250,历史全局最优路径,更新前,0.0007344178010781915,0.0,0.0
2,81001,0,GP 表达式自身产生的状态,250,历史全局最优路径,蒸发和下界保护后,0.0007344178010781915,0.0,0.0
2,81001,0,GP 表达式自身产生的状态,250,历史全局最优路径,沉积后,0.0007344178010781915,0.0007344476894093002,6.460502737430045e-07
2,81001,0,GP 表达式自身产生的状态,250,历史全局最优路径,重启和可选上界处理后,0.0007344178010781915,0.0007344476894093002,6.460502737430045e-07
2,81001,1,GP 表达式自身产生的状态,250,历史全局最优路径,更新前,0.000562567473779141,0.0,0.0
2,81001,1,GP 表达式自身产生的状态,250,历史全局最优路径,蒸发和下界保护后,0.000562567473779141,0.0,0.0
2,81001,1,GP 表达式自身产生的状态,250,历史全局最优路径,沉积后,0.000562567473779141,0.0005625105450977718,4.949622504477164e-07
2,81001,1,GP 表达式自身产生的状态,250,历史全局最优路径,重启和可选上界处理后,0.000562567473779141,0.0005625105450977718,4.949622504477164e-07
2,81001,2,GP 表达式自身产生的状态,250,历史全局最优路径,更新前,0.0006144715085256786,0.0,0.0
2,81001,2,GP 表达式自身产生的状态,250,历史全局最优路径,蒸发和下界保护后,0.0006144715085256786,0.0,0.0
2,81001,2,GP 表达式自身产生的状态,250,历史全局最优路径,沉积后,0.0006144715085256786,0.0006145429892530146,5.560315256505084e-07
2,81001,2,GP 表达式自身产生的状态,250,历史全局最优路径,重启和可选上界处理后,0.0006144715085256786,0.0006145429892530146,5.560315256505084e-07
2,81001,3,GP 表达式自身产生的状态,250,历史全局最优路径,更新前,0.0007236968360591504,0.0,0.0
2,81001,3,GP 表达式自身产生的状态,250,历史全局最优路径,蒸发和下界保护后,0.0007236968360591504,0.0,0.0
2,81001,3,GP 表达式自身产生的状态,250,历史全局最优路径,沉积后,0.0007236968360591504,0.0007236865195420826,6.351931752928655e-07
2,81001,3,GP 表达式自身产生的状态,250,历史全局最优路径,重启和可选上界处理后,0.0007236968360591504,0.0007236865195420826,6.351931752928655e-07
2,81001,4,GP 表达式自身产生的状态,250,历史全局最优路径,更新前,0.0005897457736934551,0.0,0.0
2,81001,4,GP 表达式自身产生的状态,250,历史全局最优路径,蒸发和下界保护后,0.0005897457736934551,0.0,0.0
2,81001,4,GP 表达式自身产生的状态,250,历史全局最优路径,沉积后,0.0005897457736934551,0.0005898062242025165,5.217993109533184e-07
2,81001,4,GP 表达式自身产生的状态,250,历史全局最优路径,重启和可选上界处理后,0.0005897457736934551,0.0005898062242025165,5.217993109533184e-07
2,81001,5,GP 表达式自身产生的状态,250,历史全局最优路径,更新前,0.0007022481398825448,0.0,0.0
2,81001,5,GP 表达式自身产生的状态,250,历史全局最优路径,蒸发和下界保护后,0.0007022481398825448,0.0,0.0
2,81001,5,GP 表达式自身产生的状态,250,历史全局最优路径,沉积后,0.0007022481398825448,0.0007021966462566386,6.192436955544515e-07
2,81001,5,GP 表达式自身产生的状态,250,历史全局最优路径,重启和可选上界处理后,0.0007022481398825448,0.0007021966462566386,6.192436955544515e-07
2,81001,6,GP 表达式自身产生的状态,250,历史全局最优路径,更新前,0.0005603470682502745,0.0,0.0
2,81001,6,GP 表达式自身产生的状态,250,历史全局最优路径,蒸发和下界保护后,0.0005603470682502745,0.0,0.0
2,81001,6,GP 表达式自身产生的状态,250,历史全局最优路径,沉积后,0.0005603470682502745,0.0005602563697469513,4.914125659406847e-07
2,81001,6,GP 表达式自身产生的状态,250,历史全局最优路径,重启和可选上界处理后,0.0005603470682502745,0.0005602563697469513,4.914125659406847e-07
2,81001,7,GP 表达式自身产生的状态,250,历史全局最优路径,更新前,0.0006573591438016805,0.0,0.0
2,81001,7,GP 表达式自身产生的状态,250,历史全局最优路径,蒸发和下界保护后,0.0006573591438016805,0.0,0.0
2,81001,7,GP 表达式自身产生的状态,250,历史全局最优路径,沉积后,0.0006573591438016805,0.00065736147710389,5.832499718834862e-07
2,81001,7,GP 表达式自身产生的状态,250,历史全局最优路径,重启和可选上界处理后,0.0006573591438016805,0.00065736147710389,5.832499718834862e-07
2,81002,0,GP 表达式自身产生的状态,250,本轮最优路径,更新前,0.0003167512232698462,0.0,0.0
2,81002,0,GP 表达式自身产生的状态,250,本轮最优路径,蒸发和下界保护后,0.0003167512232698462,0.0,0.0
2,81002,0,GP 表达式自身产生的状态,250,本轮最优路径,沉积后,0.0003167512232698462,0.00031685498170444114,2.780201081110953e-07
2,81002,0,GP 表达式自身产生的状态,250,本轮最优路径,重启和可选上界处理后,0.0003167512232698462,0.00031685498170444114,2.780201081110953e-07
2,81002,1,GP 表达式自身产生的状态,250,本轮最优路径,更新前,0.0005849481947570147,0.0,0.0
2,81002,1,GP 表达式自身产生的状态,250,本轮最优路径,蒸发和下界保护后,0.0005849481947570147,0.0,0.0
2,81002,1,GP 表达式自身产生的状态,250,本轮最优路径,沉积后,0.0005849481947570147,0.0005848633183599166,5.147245799366707e-07
2,81002,1,GP 表达式自身产生的状态,250,本轮最优路径,重启和可选上界处理后,0.0005849481947570147,0.0005848633183599166,5.147245799366707e-07
2,81002,2,GP 表达式自身产生的状态,250,本轮最优路径,更新前,0.0003660868755635016,0.0,0.0
2,81002,2,GP 表达式自身产生的状态,250,本轮最优路径,蒸发和下界保护后,0.0003660868755635016,0.0,0.0
2,81002,2,GP 表达式自身产生的状态,250,本轮最优路径,沉积后,0.0003660868755635016,0.0003661266736500615,3.289847767964197e-07
2,81002,2,GP 表达式自身产生的状态,250,本轮最优路径,重启和可选上界处理后,0.0003660868755635016,0.0003661266736500615,3.289847767964197e-07
2,81002,3,GP 表达式自身产生的状态,250,本轮最优路径,更新前,0.0077703987649056115,0.0,0.0
2,81002,3,GP 表达式自身产生的状态,250,本轮最优路径,蒸发和下界保护后,0.0077703987649056115,0.0,0.0
2,81002,3,GP 表达式自身产生的状态,250,本轮最优路径,沉积后,0.0077703987649056115,0.007770416457091511,6.803971542335839e-06
2,81002,3,GP 表达式自身产生的状态,250,本轮最优路径,重启和可选上界处理后,0.0077703987649056115,0.007770416457091511,6.803971542335839e-06
2,81002,4,GP 表达式自身产生的状态,250,本轮最优路径,更新前,0.0003713916518956279,0.0,0.0
2,81002,4,GP 表达式自身产生的状态,250,本轮最优路径,蒸发和下界保护后,0.0003713916518956279,0.0,0.0
2,81002,4,GP 表达式自身产生的状态,250,本轮最优路径,沉积后,0.0003713916518956279,0.0003713277154067174,3.285477488257306e-07
2,81002,4,GP 表达式自身产生的状态,250,本轮最优路径,重启和可选上界处理后,0.0003713916518956279,0.0003713277154067174,3.285477488257306e-07
2,81002,5,GP 表达式自身产生的状态,250,本轮最优路径,更新前,0.00014027794345916947,0.0,0.0
2,81002,5,GP 表达式自身产生的状态,250,本轮最优路径,蒸发和下界保护后,0.00014027794345916947,0.0,0.0
2,81002,5,GP 表达式自身产生的状态,250,本轮最优路径,沉积后,0.00014027794345916947,0.0001402631658590855,1.2372573301031397e-07
2,81002,5,GP 表达式自身产生的状态,250,本轮最优路径,重启和可选上界处理后,0.00014027794345916947,0.0001402631658590855,1.2372573301031397e-07
2,81002,6,GP 表达式自身产生的状态,250,本轮最优路径,更新前,0.001519652334445769,0.0,0.0
2,81002,6,GP 表达式自身产生的状态,250,本轮最优路径,蒸发和下界保护后,0.001519652334445769,0.0,0.0
2,81002,6,GP 表达式自身产生的状态,250,本轮最优路径,沉积后,0.001519652334445769,0.0015196202150823087,1.333002938311929e-06
2,81002,6,GP 表达式自身产生的状态,250,本轮最优路径,重启和可选上界处理后,0.001519652334445769,0.0015196202150823087,1.333002938311929e-06
2,81002,7,GP 表达式自身产生的状态,250,本轮最优路径,更新前,0.006721925039483062,0.0,0.0
2,81002,7,GP 表达式自身产生的状态,250,本轮最优路径,蒸发和下界保护后,0.006721925039483062,0.0,0.0
2,81002,7,GP 表达式自身产生的状态,250,本轮最优路径,沉积后,0.006721925039483062,0.006721984202870704,5.95462302738183e-06
2,81002,7,GP 表达式自身产生的状态,250,本轮最优路径,重启和可选上界处理后,0.006721925039483062,0.006721984202870704,5.95462302738183e-06
2,81002,0,GP 表达式自身产生的状态,250,历史重启阶段最优路径,更新前,0.0003164315284272159,0.0,0.0
2,81002,0,GP 表达式自身产生的状态,250,历史重启阶段最优路径,蒸发和下界保护后,0.0003164315284272159,0.0,0.0
2,81002,0,GP 表达式自身产生的状态,250,历史重启阶段最优路径,沉积后,0.0003164315284272159,0.0003165073042768246,2.7771504326567685e-07
2,81002,0,GP 表达式自身产生的状态,250,历史重启阶段最优路径,重启和可选上界处理后,0.0003164315284272159,0.0003165073042768246,2.7771504326567685e-07
2,81002,1,GP 表达式自身产生的状态,250,历史重启阶段最优路径,更新前,0.000585111553612877,0.0,0.0
2,81002,1,GP 表达式自身产生的状态,250,历史重启阶段最优路径,蒸发和下界保护后,0.000585111553612877,0.0,0.0
2,81002,1,GP 表达式自身产生的状态,250,历史重启阶段最优路径,沉积后,0.000585111553612877,0.0005849896926705146,5.148357990230716e-07
2,81002,1,GP 表达式自身产生的状态,250,历史重启阶段最优路径,重启和可选上界处理后,0.000585111553612877,0.0005849896926705146,5.148357990230716e-07
2,81002,2,GP 表达式自身产生的状态,250,历史重启阶段最优路径,更新前,0.000366474292739458,0.0,0.0
2,81002,2,GP 表达式自身产生的状态,250,历史重启阶段最优路径,蒸发和下界保护后,0.000366474292739458,0.0,0.0
2,81002,2,GP 表达式自身产生的状态,250,历史重启阶段最优路径,沉积后,0.000366474292739458,0.00036651777583403267,3.2933620343085644e-07
2,81002,2,GP 表达式自身产生的状态,250,历史重启阶段最优路径,重启和可选上界处理后,0.000366474292739458,0.00036651777583403267,3.2933620343085644e-07
2,81002,3,GP 表达式自身产生的状态,250,历史重启阶段最优路径,更新前,0.011403786791712923,0.0,0.0
2,81002,3,GP 表达式自身产生的状态,250,历史重启阶段最优路径,蒸发和下界保护后,0.011403786791712923,0.0,0.0
2,81002,3,GP 表达式自身产生的状态,250,历史重启阶段最优路径,沉积后,0.011403786791712923,0.011403783240816458,9.985438627896152e-06
2,81002,3,GP 表达式自身产生的状态,250,历史重启阶段最优路径,重启和可选上界处理后,0.011403786791712923,0.011403783240816458,9.985438627896152e-06
2,81002,4,GP 表达式自身产生的状态,250,历史重启阶段最优路径,更新前,0.0003644358194514236,0.0,0.0
2,81002,4,GP 表达式自身产生的状态,250,历史重启阶段最优路径,蒸发和下界保护后,0.0003644358194514236,0.0,0.0
2,81002,4,GP 表达式自身产生的状态,250,历史重启阶段最优路径,沉积后,0.0003644358194514236,0.00036433443616768976,3.22360152113819e-07
2,81002,4,GP 表达式自身产生的状态,250,历史重启阶段最优路径,重启和可选上界处理后,0.0003644358194514236,0.00036433443616768976,3.22360152113819e-07
2,81002,5,GP 表达式自身产生的状态,250,历史重启阶段最优路径,更新前,0.00014080969480645248,0.0,0.0
2,81002,5,GP 表达式自身产生的状态,250,历史重启阶段最优路径,蒸发和下界保护后,0.00014080969480645248,0.0,0.0
2,81002,5,GP 表达式自身产生的状态,250,历史重启阶段最优路径,沉积后,0.00014080969480645248,0.00014078062411776275,1.2418218144397757e-07
2,81002,5,GP 表达式自身产生的状态,250,历史重启阶段最优路径,重启和可选上界处理后,0.00014080969480645248,0.00014078062411776275,1.2418218144397757e-07
2,81002,6,GP 表达式自身产生的状态,250,历史重启阶段最优路径,更新前,0.001529947556430698,0.0,0.0
2,81002,6,GP 表达式自身产生的状态,250,历史重启阶段最优路径,蒸发和下界保护后,0.001529947556430698,0.0,0.0
2,81002,6,GP 表达式自身产生的状态,250,历史重启阶段最优路径,沉积后,0.001529947556430698,0.0015299515411637589,1.3420655237438332e-06
2,81002,6,GP 表达式自身产生的状态,250,历史重启阶段最优路径,重启和可选上界处理后,0.001529947556430698,0.0015299515411637589,1.3420655237438332e-06
2,81002,7,GP 表达式自身产生的状态,250,历史重启阶段最优路径,更新前,0.006721767352449886,0.0,0.0
2,81002,7,GP 表达式自身产生的状态,250,历史重启阶段最优路径,蒸发和下界保护后,0.006721767352449886,0.0,0.0
2,81002,7,GP 表达式自身产生的状态,250,历史重启阶段最优路径,沉积后,0.006721767352449886,0.006721842013939073,5.9544970703041315e-06
2,81002,7,GP 表达式自身产生的状态,250,历史重启阶段最优路径,重启和可选上界处理后,0.006721767352449886,0.006721842013939073,5.9544970703041315e-06
2,81002,0,GP 表达式自身产生的状态,250,历史全局最优路径,更新前,0.0003164315284272159,0.0,0.0
2,81002,0,GP 表达式自身产生的状态,250,历史全局最优路径,蒸发和下界保护后,0.0003164315284272159,0.0,0.0
2,81002,0,GP 表达式自身产生的状态,250,历史全局最优路径,沉积后,0.0003164315284272159,0.0003165073042768246,2.7771504326567685e-07
2,81002,0,GP 表达式自身产生的状态,250,历史全局最优路径,重启和可选上界处理后,0.0003164315284272159,0.0003165073042768246,2.7771504326567685e-07
2,81002,1,GP 表达式自身产生的状态,250,历史全局最优路径,更新前,0.000585111553612877,0.0,0.0
2,81002,1,GP 表达式自身产生的状态,250,历史全局最优路径,蒸发和下界保护后,0.000585111553612877,0.0,0.0
2,81002,1,GP 表达式自身产生的状态,250,历史全局最优路径,沉积后,0.000585111553612877,0.0005849896926705146,5.148357990230716e-07
2,81002,1,GP 表达式自身产生的状态,250,历史全局最优路径,重启和可选上界处理后,0.000585111553612877,0.0005849896926705146,5.148357990230716e-07
2,81002,2,GP 表达式自身产生的状态,250,历史全局最优路径,更新前,0.000366474292739458,0.0,0.0
2,81002,2,GP 表达式自身产生的状态,250,历史全局最优路径,蒸发和下界保护后,0.000366474292739458,0.0,0.0
2,81002,2,GP 表达式自身产生的状态,250,历史全局最优路径,沉积后,0.000366474292739458,0.00036651777583403267,3.2933620343085644e-07
2,81002,2,GP 表达式自身产生的状态,250,历史全局最优路径,重启和可选上界处理后,0.000366474292739458,0.00036651777583403267,3.2933620343085644e-07
2,81002,3,GP 表达式自身产生的状态,250,历史全局最优路径,更新前,0.011403786791712923,0.0,0.0
2,81002,3,GP 表达式自身产生的状态,250,历史全局最优路径,蒸发和下界保护后,0.011403786791712923,0.0,0.0
2,81002,3,GP 表达式自身产生的状态,250,历史全局最优路径,沉积后,0.011403786791712923,0.011403783240816458,9.985438627896152e-06
2,81002,3,GP 表达式自身产生的状态,250,历史全局最优路径,重启和可选上界处理后,0.011403786791712923,0.011403783240816458,9.985438627896152e-06
2,81002,4,GP 表达式自身产生的状态,250,历史全局最优路径,更新前,0.0003644358194514236,0.0,0.0
2,81002,4,GP 表达式自身产生的状态,250,历史全局最优路径,蒸发和下界保护后,0.0003644358194514236,0.0,0.0
2,81002,4,GP 表达式自身产生的状态,250,历史全局最优路径,沉积后,0.0003644358194514236,0.00036433443616768976,3.22360152113819e-07
2,81002,4,GP 表达式自身产生的状态,250,历史全局最优路径,重启和可选上界处理后,0.0003644358194514236,0.00036433443616768976,3.22360152113819e-07
2,81002,5,GP 表达式自身产生的状态,250,历史全局最优路径,更新前,0.00014080969480645248,0.0,0.0
2,81002,5,GP 表达式自身产生的状态,250,历史全局最优路径,蒸发和下界保护后,0.00014080969480645248,0.0,0.0
2,81002,5,GP 表达式自身产生的状态,250,历史全局最优路径,沉积后,0.00014080969480645248,0.00014078062411776275,1.2418218144397757e-07
2,81002,5,GP 表达式自身产生的状态,250,历史全局最优路径,重启和可选上界处理后,0.00014080969480645248,0.00014078062411776275,1.2418218144397757e-07
2,81002,6,GP 表达式自身产生的状态,250,历史全局最优路径,更新前,0.001529947556430698,0.0,0.0
2,81002,6,GP 表达式自身产生的状态,250,历史全局最优路径,蒸发和下界保护后,0.001529947556430698,0.0,0.0
2,81002,6,GP 表达式自身产生的状态,250,历史全局最优路径,沉积后,0.001529947556430698,0.0015299515411637589,1.3420655237438332e-06
2,81002,6,GP 表达式自身产生的状态,250,历史全局最优路径,重启和可选上界处理后,0.001529947556430698,0.0015299515411637589,1.3420655237438332e-06
2,81002,7,GP 表达式自身产生的状态,250,历史全局最优路径,更新前,0.006721767352449886,0.0,0.0
2,81002,7,GP 表达式自身产生的状态,250,历史全局最优路径,蒸发和下界保护后,0.006721767352449886,0.0,0.0
2,81002,7,GP 表达式自身产生的状态,250,历史全局最优路径,沉积后,0.006721767352449886,0.006721842013939073,5.9544970703041315e-06
2,81002,7,GP 表达式自身产生的状态,250,历史全局最优路径,重启和可选上界处理后,0.006721767352449886,0.006721842013939073,5.9544970703041315e-06
2,81003,0,GP 表达式自身产生的状态,250,本轮最优路径,更新前,0.004180670569129308,0.0,0.0
2,81003,0,GP 表达式自身产生的状态,250,本轮最优路径,蒸发和下界保护后,0.004180670569129308,0.0,0.0
2,81003,0,GP 表达式自身产生的状态,250,本轮最优路径,沉积后,0.004180670569129308,0.004180610274512652,3.6759855998879468e-06
2,81003,0,GP 表达式自身产生的状态,250,本轮最优路径,重启和可选上界处理后,0.004180670569129308,0.004180610274512652,3.6759855998879468e-06
2,81003,1,GP 表达式自身产生的状态,250,本轮最优路径,更新前,0.003529277961956081,0.0,0.0
2,81003,1,GP 表达式自身产生的状态,250,本轮最优路径,蒸发和下界保护后,0.003529277961956081,0.0,0.0
2,81003,1,GP 表达式自身产生的状态,250,本轮最优路径,沉积后,0.003529277961956081,0.0035292687891624506,3.09903457855685e-06
2,81003,1,GP 表达式自身产生的状态,250,本轮最优路径,重启和可选上界处理后,0.003529277961956081,0.0035292687891624506,3.09903457855685e-06
2,81003,2,GP 表达式自身产生的状态,250,本轮最优路径,更新前,0.002931471652962234,0.0,0.0
2,81003,2,GP 表达式自身产生的状态,250,本轮最优路径,蒸发和下界保护后,0.002931471652962234,0.0,0.0
2,81003,2,GP 表达式自身产生的状态,250,本轮最优路径,沉积后,0.002931471652962234,0.0029315165027267564,2.647580961224397e-06
2,81003,2,GP 表达式自身产生的状态,250,本轮最优路径,重启和可选上界处理后,0.002931471652962234,0.0029315165027267564,2.647580961224397e-06
2,81003,3,GP 表达式自身产生的状态,250,本轮最优路径,更新前,0.00307414132603666,0.0,0.0
2,81003,3,GP 表达式自身产生的状态,250,本轮最优路径,蒸发和下界保护后,0.00307414132603666,0.0,0.0
2,81003,3,GP 表达式自身产生的状态,250,本轮最优路径,沉积后,0.00307414132603666,0.0030741347322950047,2.6956819075347543e-06
2,81003,3,GP 表达式自身产生的状态,250,本轮最优路径,重启和可选上界处理后,0.00307414132603666,0.0030741347322950047,2.6956819075347543e-06
2,81003,4,GP 表达式自身产生的状态,250,本轮最优路径,更新前,0.003982888272864677,0.0,0.0
2,81003,4,GP 表达式自身产生的状态,250,本轮最优路径,蒸发和下界保护后,0.003982888272864677,0.0,0.0
2,81003,4,GP 表达式自身产生的状态,250,本轮最优路径,沉积后,0.003982888272864677,0.00398290037038464,3.507551587370119e-06
2,81003,4,GP 表达式自身产生的状态,250,本轮最优路径,重启和可选上界处理后,0.003982888272864677,0.00398290037038464,3.507551587370119e-06
2,81003,5,GP 表达式自身产生的状态,250,本轮最优路径,更新前,0.0020653008344363507,0.0,0.0
2,81003,5,GP 表达式自身产生的状态,250,本轮最优路径,蒸发和下界保护后,0.0020653008344363507,0.0,0.0
2,81003,5,GP 表达式自身产生的状态,250,本轮最优路径,沉积后,0.0020653008344363507,0.0020653132101834614,1.818787689945331e-06
2,81003,5,GP 表达式自身产生的状态,250,本轮最优路径,重启和可选上界处理后,0.0020653008344363507,0.0020653132101834614,1.818787689945331e-06
2,81003,6,GP 表达式自身产生的状态,250,本轮最优路径,更新前,0.006844672761428703,0.0,0.0
2,81003,6,GP 表达式自身产生的状态,250,本轮最优路径,蒸发和下界保护后,0.006844672761428703,0.0,0.0
2,81003,6,GP 表达式自身产生的状态,250,本轮最优路径,沉积后,0.006844672761428703,0.006844667680537666,5.993095103804186e-06
2,81003,6,GP 表达式自身产生的状态,250,本轮最优路径,重启和可选上界处理后,0.006844672761428703,0.006844667680537666,5.993095103804186e-06
2,81003,7,GP 表达式自身产生的状态,250,本轮最优路径,更新前,0.007422320737887375,0.0,0.0
2,81003,7,GP 表达式自身产生的状态,250,本轮最优路径,蒸发和下界保护后,0.007422320737887375,0.0,0.0
2,81003,7,GP 表达式自身产生的状态,250,本轮最优路径,沉积后,0.007422320737887375,0.007422298784001389,6.556544400237603e-06
2,81003,7,GP 表达式自身产生的状态,250,本轮最优路径,重启和可选上界处理后,0.007422320737887375,0.007422298784001389,6.556544400237603e-06
2,81003,0,GP 表达式自身产生的状态,250,历史重启阶段最优路径,更新前,0.004180382810600226,0.0,0.0
2,81003,0,GP 表达式自身产生的状态,250,历史重启阶段最优路径,蒸发和下界保护后,0.004180382810600226,0.0,0.0
2,81003,0,GP 表达式自身产生的状态,250,历史重启阶段最优路径,沉积后,0.004180382810600226,0.0041803542695009474,3.6757604962129495e-06
2,81003,0,GP 表达式自身产生的状态,250,历史重启阶段最优路径,重启和可选上界处理后,0.004180382810600226,0.0041803542695009474,3.6757604962129495e-06
2,81003,1,GP 表达式自身产生的状态,250,历史重启阶段最优路径,更新前,0.003529586444262419,0.0,0.0
2,81003,1,GP 表达式自身产生的状态,250,历史重启阶段最优路径,蒸发和下界保护后,0.003529586444262419,0.0,0.0
2,81003,1,GP 表达式自身产生的状态,250,历史重启阶段最优路径,沉积后,0.003529586444262419,0.0035295753866481793,3.099303800389114e-06
2,81003,1,GP 表达式自身产生的状态,250,历史重启阶段最优路径,重启和可选上界处理后,0.003529586444262419,0.0035295753866481793,3.099303800389114e-06
2,81003,2,GP 表达式自身产生的状态,250,历史重启阶段最优路径,更新前,0.002932022559606554,0.0,0.0
2,81003,2,GP 表达式自身产生的状态,250,历史重启阶段最优路径,蒸发和下界保护后,0.002932022559606554,0.0,0.0
2,81003,2,GP 表达式自身产生的状态,250,历史重启阶段最优路径,沉积后,0.002932022559606554,0.0029320199932712544,2.648035685589254e-06
2,81003,2,GP 表达式自身产生的状态,250,历史重启阶段最优路径,重启和可选上界处理后,0.002932022559606554,0.0029320199932712544,2.648035685589254e-06
2,81003,3,GP 表达式自身产生的状态,250,历史重启阶段最优路径,更新前,0.0030742551613878832,0.0,0.0
2,81003,3,GP 表达式自身产生的状态,250,历史重启阶段最优路径,蒸发和下界保护后,0.0030742551613878832,0.0,0.0
2,81003,3,GP 表达式自身产生的状态,250,历史重启阶段最优路径,沉积后,0.0030742551613878832,0.00307424520857029,2.695778783216022e-06
2,81003,3,GP 表达式自身产生的状态,250,历史重启阶段最优路径,重启和可选上界处理后,0.0030742551613878832,0.00307424520857029,2.695778783216022e-06
2,81003,4,GP 表达式自身产生的状态,250,历史重启阶段最优路径,更新前,0.003982888272864677,0.0,0.0
2,81003,4,GP 表达式自身产生的状态,250,历史重启阶段最优路径,蒸发和下界保护后,0.003982888272864677,0.0,0.0
2,81003,4,GP 表达式自身产生的状态,250,历史重启阶段最优路径,沉积后,0.003982888272864677,0.00398290037038464,3.507551587370119e-06
2,81003,4,GP 表达式自身产生的状态,250,历史重启阶段最优路径,重启和可选上界处理后,0.003982888272864677,0.00398290037038464,3.507551587370119e-06
2,81003,5,GP 表达式自身产生的状态,250,历史重启阶段最优路径,更新前,0.0020651341258429174,0.0,0.0
2,81003,5,GP 表达式自身产生的状态,250,历史重启阶段最优路径,蒸发和下界保护后,0.0020651341258429174,0.0,0.0
2,81003,5,GP 表达式自身产生的状态,250,历史重启阶段最优路径,沉积后,0.0020651341258429174,0.0020651666425117966,1.818658617281847e-06
2,81003,5,GP 表达式自身产生的状态,250,历史重启阶段最优路径,重启和可选上界处理后,0.0020651341258429174,0.0020651666425117966,1.818658617281847e-06
2,81003,6,GP 表达式自身产生的状态,250,历史重启阶段最优路径,更新前,0.006844701069250195,0.0,0.0
2,81003,6,GP 表达式自身产生的状态,250,历史重启阶段最优路径,蒸发和下界保护后,0.006844701069250195,0.0,0.0
2,81003,6,GP 表达式自身产生的状态,250,历史重启阶段最优路径,沉积后,0.006844701069250195,0.0068446821973692,5.993107814538446e-06
2,81003,6,GP 表达式自身产生的状态,250,历史重启阶段最优路径,重启和可选上界处理后,0.006844701069250195,0.0068446821973692,5.993107814538446e-06
2,81003,7,GP 表达式自身产生的状态,250,历史重启阶段最优路径,更新前,0.007422320737887375,0.0,0.0
2,81003,7,GP 表达式自身产生的状态,250,历史重启阶段最优路径,蒸发和下界保护后,0.007422320737887375,0.0,0.0
2,81003,7,GP 表达式自身产生的状态,250,历史重启阶段最优路径,沉积后,0.007422320737887375,0.007422298784001389,6.556544400237603e-06
2,81003,7,GP 表达式自身产生的状态,250,历史重启阶段最优路径,重启和可选上界处理后,0.007422320737887375,0.007422298784001389,6.556544400237603e-06
2,81003,0,GP 表达式自身产生的状态,250,历史全局最优路径,更新前,0.004180382810600226,0.0,0.0
2,81003,0,GP 表达式自身产生的状态,250,历史全局最优路径,蒸发和下界保护后,0.004180382810600226,0.0,0.0
2,81003,0,GP 表达式自身产生的状态,250,历史全局最优路径,沉积后,0.004180382810600226,0.0041803542695009474,3.6757604962129495e-06
2,81003,0,GP 表达式自身产生的状态,250,历史全局最优路径,重启和可选上界处理后,0.004180382810600226,0.0041803542695009474,3.6757604962129495e-06
2,81003,1,GP 表达式自身产生的状态,250,历史全局最优路径,更新前,0.003529586444262419,0.0,0.0
2,81003,1,GP 表达式自身产生的状态,250,历史全局最优路径,蒸发和下界保护后,0.003529586444262419,0.0,0.0
2,81003,1,GP 表达式自身产生的状态,250,历史全局最优路径,沉积后,0.003529586444262419,0.0035295753866481793,3.099303800389114e-06
2,81003,1,GP 表达式自身产生的状态,250,历史全局最优路径,重启和可选上界处理后,0.003529586444262419,0.0035295753866481793,3.099303800389114e-06
2,81003,2,GP 表达式自身产生的状态,250,历史全局最优路径,更新前,0.002932022559606554,0.0,0.0
2,81003,2,GP 表达式自身产生的状态,250,历史全局最优路径,蒸发和下界保护后,0.002932022559606554,0.0,0.0
2,81003,2,GP 表达式自身产生的状态,250,历史全局最优路径,沉积后,0.002932022559606554,0.0029320199932712544,2.648035685589254e-06
2,81003,2,GP 表达式自身产生的状态,250,历史全局最优路径,重启和可选上界处理后,0.002932022559606554,0.0029320199932712544,2.648035685589254e-06
2,81003,3,GP 表达式自身产生的状态,250,历史全局最优路径,更新前,0.0030742551613878832,0.0,0.0
2,81003,3,GP 表达式自身产生的状态,250,历史全局最优路径,蒸发和下界保护后,0.0030742551613878832,0.0,0.0
2,81003,3,GP 表达式自身产生的状态,250,历史全局最优路径,沉积后,0.0030742551613878832,0.00307424520857029,2.695778783216022e-06
2,81003,3,GP 表达式自身产生的状态,250,历史全局最优路径,重启和可选上界处理后,0.0030742551613878832,0.00307424520857029,2.695778783216022e-06
2,81003,4,GP 表达式自身产生的状态,250,历史全局最优路径,更新前,0.003982888272864677,0.0,0.0
2,81003,4,GP 表达式自身产生的状态,250,历史全局最优路径,蒸发和下界保护后,0.003982888272864677,0.0,0.0
2,81003,4,GP 表达式自身产生的状态,250,历史全局最优路径,沉积后,0.003982888272864677,0.00398290037038464,3.507551587370119e-06
2,81003,4,GP 表达式自身产生的状态,250,历史全局最优路径,重启和可选上界处理后,0.003982888272864677,0.00398290037038464,3.507551587370119e-06
2,81003,5,GP 表达式自身产生的状态,250,历史全局最优路径,更新前,0.0020651341258429174,0.0,0.0
2,81003,5,GP 表达式自身产生的状态,250,历史全局最优路径,蒸发和下界保护后,0.0020651341258429174,0.0,0.0
2,81003,5,GP 表达式自身产生的状态,250,历史全局最优路径,沉积后,0.0020651341258429174,0.0020651666425117966,1.818658617281847e-06
2,81003,5,GP 表达式自身产生的状态,250,历史全局最优路径,重启和可选上界处理后,0.0020651341258429174,0.0020651666425117966,1.818658617281847e-06
2,81003,6,GP 表达式自身产生的状态,250,历史全局最优路径,更新前,0.006844701069250195,0.0,0.0
2,81003,6,GP 表达式自身产生的状态,250,历史全局最优路径,蒸发和下界保护后,0.006844701069250195,0.0,0.0
2,81003,6,GP 表达式自身产生的状态,250,历史全局最优路径,沉积后,0.006844701069250195,0.0068446821973692,5.993107814538446e-06
2,81003,6,GP 表达式自身产生的状态,250,历史全局最优路径,重启和可选上界处理后,0.006844701069250195,0.0068446821973692,5.993107814538446e-06
2,81003,7,GP 表达式自身产生的状态,250,历史全局最优路径,更新前,0.007422320737887375,0.0,0.0
2,81003,7,GP 表达式自身产生的状态,250,历史全局最优路径,蒸发和下界保护后,0.007422320737887375,0.0,0.0
2,81003,7,GP 表达式自身产生的状态,250,历史全局最优路径,沉积后,0.007422320737887375,0.007422298784001389,6.556544400237603e-06
2,81003,7,GP 表达式自身产生的状态,250,历史全局最优路径,重启和可选上界处理后,0.007422320737887375,0.007422298784001389,6.556544400237603e-06
2,81003,0,不使用 GP 产生的状态,500,本轮最优路径,更新前,0.0025858521773131156,0.0,0.0
2,81003,0,不使用 GP 产生的状态,500,本轮最优路径,蒸发和下界保护后,0.0025858521773131156,0.0,0.0
2,81003,0,不使用 GP 产生的状态,500,本轮最优路径,沉积后,0.0025858521773131156,0.0025857848549445317,2.269912417156397e-06
2,81003,0,不使用 GP 产生的状态,500,本轮最优路径,重启和可选上界处理后,0.0025858521773131156,0.0025857848549445317,2.269912417156397e-06
2,81003,1,不使用 GP 产生的状态,500,本轮最优路径,更新前,0.004132843227385127,0.0,0.0
2,81003,1,不使用 GP 产生的状态,500,本轮最优路径,蒸发和下界保护后,0.004132843227385127,0.0,0.0
2,81003,1,不使用 GP 产生的状态,500,本轮最优路径,沉积后,0.004132843227385127,0.00413275186659716,3.628450392851684e-06
2,81003,1,不使用 GP 产生的状态,500,本轮最优路径,重启和可选上界处理后,0.004132843227385127,0.00413275186659716,3.628450392851684e-06
2,81003,2,不使用 GP 产生的状态,500,本轮最优路径,更新前,0.0018221658692297684,0.0,0.0
2,81003,2,不使用 GP 产生的状态,500,本轮最优路径,蒸发和下界保护后,0.0018221658692297684,0.0,0.0
2,81003,2,不使用 GP 产生的状态,500,本轮最优路径,沉积后,0.0018221658692297684,0.00182206159520364,1.6449672220089013e-06
2,81003,2,不使用 GP 产生的状态,500,本轮最优路径,重启和可选上界处理后,0.0018221658692297684,0.00182206159520364,1.6449672220089013e-06
2,81003,3,不使用 GP 产生的状态,500,本轮最优路径,更新前,0.0030700114005988354,0.0,0.0
2,81003,3,不使用 GP 产生的状态,500,本轮最优路径,蒸发和下界保护后,0.0030700114005988354,0.0,0.0
2,81003,3,不使用 GP 产生的状态,500,本轮最优路径,沉积后,0.0030700114005988354,0.0030700552798832675,2.694253019666222e-06
2,81003,3,不使用 GP 产生的状态,500,本轮最优路径,重启和可选上界处理后,0.0030700114005988354,0.0030700552798832675,2.694253019666222e-06
2,81003,4,不使用 GP 产生的状态,500,本轮最优路径,更新前,0.003245281117883,0.0,0.0
2,81003,4,不使用 GP 产生的状态,500,本轮最优路径,蒸发和下界保护后,0.003245281117883,0.0,0.0
2,81003,4,不使用 GP 产生的状态,500,本轮最优路径,沉积后,0.003245281117883,0.003245106975900751,2.8744188169897847e-06
2,81003,4,不使用 GP 产生的状态,500,本轮最优路径,重启和可选上界处理后,0.003245281117883,0.003245106975900751,2.8744188169897847e-06
2,81003,5,不使用 GP 产生的状态,500,本轮最优路径,更新前,0.004106632234146231,0.0,0.0
2,81003,5,不使用 GP 产生的状态,500,本轮最优路径,蒸发和下界保护后,0.004106632234146231,0.0,0.0
2,81003,5,不使用 GP 产生的状态,500,本轮最优路径,沉积后,0.004106632234146231,0.0041065601425690785,3.621186658203532e-06
2,81003,5,不使用 GP 产生的状态,500,本轮最优路径,重启和可选上界处理后,0.004106632234146231,0.0041065601425690785,3.621186658203532e-06
2,81003,6,不使用 GP 产生的状态,500,本轮最优路径,更新前,0.005962492683463989,0.0,0.0
2,81003,6,不使用 GP 产生的状态,500,本轮最优路径,蒸发和下界保护后,0.005962492683463989,0.0,0.0
2,81003,6,不使用 GP 产生的状态,500,本轮最优路径,沉积后,0.005962492683463989,0.005962485182649913,5.218731511502598e-06
2,81003,6,不使用 GP 产生的状态,500,本轮最优路径,重启和可选上界处理后,0.005962492683463989,0.005962485182649913,5.218731511502598e-06
2,81003,7,不使用 GP 产生的状态,500,本轮最优路径,更新前,0.005250306940860931,0.0,0.0
2,81003,7,不使用 GP 产生的状态,500,本轮最优路径,蒸发和下界保护后,0.005250306940860931,0.0,0.0
2,81003,7,不使用 GP 产生的状态,500,本轮最优路径,沉积后,0.005250306940860931,0.005250320113126072,4.645417580876374e-06
2,81003,7,不使用 GP 产生的状态,500,本轮最优路径,重启和可选上界处理后,0.005250306940860931,0.005250320113126072,4.645417580876374e-06
2,81003,0,不使用 GP 产生的状态,500,历史重启阶段最优路径,更新前,0.002586095973390525,0.0,0.0
2,81003,0,不使用 GP 产生的状态,500,历史重启阶段最优路径,蒸发和下界保护后,0.002586095973390525,0.0,0.0
2,81003,0,不使用 GP 产生的状态,500,历史重启阶段最优路径,沉积后,0.002586095973390525,0.0025859066292288823,2.270019315825716e-06
2,81003,0,不使用 GP 产生的状态,500,历史重启阶段最优路径,重启和可选上界处理后,0.002586095973390525,0.0025859066292288823,2.270019315825716e-06
2,81003,1,不使用 GP 产生的状态,500,历史重启阶段最优路径,更新前,0.0041329315721360775,0.0,0.0
2,81003,1,不使用 GP 产生的状态,500,历史重启阶段最优路径,蒸发和下界保护后,0.0041329315721360775,0.0,0.0
2,81003,1,不使用 GP 产生的状态,500,历史重启阶段最优路径,沉积后,0.0041329315721360775,0.004132839331670647,3.6285271849482093e-06
2,81003,1,不使用 GP 产生的状态,500,历史重启阶段最优路径,重启和可选上界处理后,0.0041329315721360775,0.004132839331670647,3.6285271849482093e-06
2,81003,2,不使用 GP 产生的状态,500,历史重启阶段最优路径,更新前,0.0018221658692297684,0.0,0.0
2,81003,2,不使用 GP 产生的状态,500,历史重启阶段最优路径,蒸发和下界保护后,0.0018221658692297684,0.0,0.0
2,81003,2,不使用 GP 产生的状态,500,历史重启阶段最优路径,沉积后,0.0018221658692297684,0.00182206159520364,1.6449672220089013e-06
2,81003,2,不使用 GP 产生的状态,500,历史重启阶段最优路径,重启和可选上界处理后,0.0018221658692297684,0.00182206159520364,1.6449672220089013e-06
2,81003,3,不使用 GP 产生的状态,500,历史重启阶段最优路径,更新前,0.0030701882850797044,0.0,0.0
2,81003,3,不使用 GP 产生的状态,500,历史重启阶段最优路径,蒸发和下界保护后,0.0030701882850797044,0.0,0.0
2,81003,3,不使用 GP 产生的状态,500,历史重启阶段最优路径,沉积后,0.0030701882850797044,0.0030701149457657813,2.6943053819103767e-06
2,81003,3,不使用 GP 产生的状态,500,历史重启阶段最优路径,重启和可选上界处理后,0.0030701882850797044,0.0030701149457657813,2.6943053819103767e-06
2,81003,4,不使用 GP 产生的状态,500,历史重启阶段最优路径,更新前,0.00324547738840443,0.0,0.0
2,81003,4,不使用 GP 产生的状态,500,历史重启阶段最优路径,蒸发和下界保护后,0.00324547738840443,0.0,0.0
2,81003,4,不使用 GP 产生的状态,500,历史重启阶段最优路径,沉积后,0.00324547738840443,0.003245320564409366,2.874608007310109e-06
2,81003,4,不使用 GP 产生的状态,500,历史重启阶段最优路径,重启和可选上界处理后,0.00324547738840443,0.003245320564409366,2.874608007310109e-06
2,81003,5,不使用 GP 产生的状态,500,历史重启阶段最优路径,更新前,0.004106761756660477,0.0,0.0
2,81003,5,不使用 GP 产生的状态,500,历史重启阶段最优路径,蒸发和下界保护后,0.004106761756660477,0.0,0.0
2,81003,5,不使用 GP 产生的状态,500,历史重启阶段最优路径,沉积后,0.004106761756660477,0.004106774357541189,3.62137555410961e-06
2,81003,5,不使用 GP 产生的状态,500,历史重启阶段最优路径,重启和可选上界处理后,0.004106761756660477,0.004106774357541189,3.62137555410961e-06
2,81003,6,不使用 GP 产生的状态,500,历史重启阶段最优路径,更新前,0.005962606042541226,0.0,0.0
2,81003,6,不使用 GP 产生的状态,500,历史重启阶段最优路径,蒸发和下界保护后,0.005962606042541226,0.0,0.0
2,81003,6,不使用 GP 产生的状态,500,历史重启阶段最优路径,沉积后,0.005962606042541226,0.005962583419118128,5.2188174940646575e-06
2,81003,6,不使用 GP 产生的状态,500,历史重启阶段最优路径,重启和可选上界处理后,0.005962606042541226,0.005962583419118128,5.2188174940646575e-06
2,81003,7,不使用 GP 产生的状态,500,历史重启阶段最优路径,更新前,0.005292216164326209,0.0,0.0
2,81003,7,不使用 GP 产生的状态,500,历史重启阶段最优路径,蒸发和下界保护后,0.005292216164326209,0.0,0.0
2,81003,7,不使用 GP 产生的状态,500,历史重启阶段最优路径,沉积后,0.005292216164326209,0.005292276362808953,4.682539945933168e-06
2,81003,7,不使用 GP 产生的状态,500,历史重启阶段最优路径,重启和可选上界处理后,0.005292216164326209,0.005292276362808953,4.682539945933168e-06
2,81003,0,不使用 GP 产生的状态,500,历史全局最优路径,更新前,0.002586095973390525,0.0,0.0
2,81003,0,不使用 GP 产生的状态,500,历史全局最优路径,蒸发和下界保护后,0.002586095973390525,0.0,0.0
2,81003,0,不使用 GP 产生的状态,500,历史全局最优路径,沉积后,0.002586095973390525,0.0025859066292288823,2.270019315825716e-06
2,81003,0,不使用 GP 产生的状态,500,历史全局最优路径,重启和可选上界处理后,0.002586095973390525,0.0025859066292288823,2.270019315825716e-06
2,81003,1,不使用 GP 产生的状态,500,历史全局最优路径,更新前,0.0041329315721360775,0.0,0.0
2,81003,1,不使用 GP 产生的状态,500,历史全局最优路径,蒸发和下界保护后,0.0041329315721360775,0.0,0.0
2,81003,1,不使用 GP 产生的状态,500,历史全局最优路径,沉积后,0.0041329315721360775,0.004132839331670647,3.6285271849482093e-06
2,81003,1,不使用 GP 产生的状态,500,历史全局最优路径,重启和可选上界处理后,0.0041329315721360775,0.004132839331670647,3.6285271849482093e-06
2,81003,2,不使用 GP 产生的状态,500,历史全局最优路径,更新前,0.0018221658692297684,0.0,0.0
2,81003,2,不使用 GP 产生的状态,500,历史全局最优路径,蒸发和下界保护后,0.0018221658692297684,0.0,0.0
2,81003,2,不使用 GP 产生的状态,500,历史全局最优路径,沉积后,0.0018221658692297684,0.00182206159520364,1.6449672220089013e-06
2,81003,2,不使用 GP 产生的状态,500,历史全局最优路径,重启和可选上界处理后,0.0018221658692297684,0.00182206159520364,1.6449672220089013e-06
2,81003,3,不使用 GP 产生的状态,500,历史全局最优路径,更新前,0.0030701882850797044,0.0,0.0
2,81003,3,不使用 GP 产生的状态,500,历史全局最优路径,蒸发和下界保护后,0.0030701882850797044,0.0,0.0
2,81003,3,不使用 GP 产生的状态,500,历史全局最优路径,沉积后,0.0030701882850797044,0.0030701149457657813,2.6943053819103767e-06
2,81003,3,不使用 GP 产生的状态,500,历史全局最优路径,重启和可选上界处理后,0.0030701882850797044,0.0030701149457657813,2.6943053819103767e-06
2,81003,4,不使用 GP 产生的状态,500,历史全局最优路径,更新前,0.00324547738840443,0.0,0.0
2,81003,4,不使用 GP 产生的状态,500,历史全局最优路径,蒸发和下界保护后,0.00324547738840443,0.0,0.0
2,81003,4,不使用 GP 产生的状态,500,历史全局最优路径,沉积后,0.00324547738840443,0.003245320564409366,2.874608007310109e-06
2,81003,4,不使用 GP 产生的状态,500,历史全局最优路径,重启和可选上界处理后,0.00324547738840443,0.003245320564409366,2.874608007310109e-06
2,81003,5,不使用 GP 产生的状态,500,历史全局最优路径,更新前,0.004106761756660477,0.0,0.0
2,81003,5,不使用 GP 产生的状态,500,历史全局最优路径,蒸发和下界保护后,0.004106761756660477,0.0,0.0
2,81003,5,不使用 GP 产生的状态,500,历史全局最优路径,沉积后,0.004106761756660477,0.004106774357541189,3.62137555410961e-06
2,81003,5,不使用 GP 产生的状态,500,历史全局最优路径,重启和可选上界处理后,0.004106761756660477,0.004106774357541189,3.62137555410961e-06
2,81003,6,不使用 GP 产生的状态,500,历史全局最优路径,更新前,0.005962606042541226,0.0,0.0
2,81003,6,不使用 GP 产生的状态,500,历史全局最优路径,蒸发和下界保护后,0.005962606042541226,0.0,0.0
2,81003,6,不使用 GP 产生的状态,500,历史全局最优路径,沉积后,0.005962606042541226,0.005962583419118128,5.2188174940646575e-06
2,81003,6,不使用 GP 产生的状态,500,历史全局最优路径,重启和可选上界处理后,0.005962606042541226,0.005962583419118128,5.2188174940646575e-06
2,81003,7,不使用 GP 产生的状态,500,历史全局最优路径,更新前,0.005292216164326209,0.0,0.0
2,81003,7,不使用 GP 产生的状态,500,历史全局最优路径,蒸发和下界保护后,0.005292216164326209,0.0,0.0
2,81003,7,不使用 GP 产生的状态,500,历史全局最优路径,沉积后,0.005292216164326209,0.005292276362808953,4.682539945933168e-06
2,81003,7,不使用 GP 产生的状态,500,历史全局最优路径,重启和可选上界处理后,0.005292216164326209,0.005292276362808953,4.682539945933168e-06
2,81002,0,不使用 GP 产生的状态,500,本轮最优路径,更新前,4.09284112228321e-05,0.0,0.0
2,81002,0,不使用 GP 产生的状态,500,本轮最优路径,蒸发和下界保护后,4.09284112228321e-05,0.0,0.0
2,81002,0,不使用 GP 产生的状态,500,本轮最优路径,沉积后,4.09284112228321e-05,4.108347542841263e-05,3.606482992448883e-08
2,81002,0,不使用 GP 产生的状态,500,本轮最优路径,重启和可选上界处理后,4.09284112228321e-05,4.108347542841263e-05,3.606482992448883e-08
2,81002,1,不使用 GP 产生的状态,500,本轮最优路径,更新前,3.4475188125107856e-05,0.0,0.0
2,81002,1,不使用 GP 产生的状态,500,本轮最优路径,蒸发和下界保护后,3.4475188125107856e-05,0.0,0.0
2,81002,1,不使用 GP 产生的状态,500,本轮最优路径,沉积后,3.4475188125107856e-05,3.4648233248946495e-05,3.0420262237343556e-08
2,81002,1,不使用 GP 产生的状态,500,本轮最优路径,重启和可选上界处理后,3.4475188125107856e-05,3.4648233248946495e-05,3.0420262237343556e-08
2,81002,2,不使用 GP 产生的状态,500,本轮最优路径,更新前,3.2547554197731867e-05,0.0,0.0
2,81002,2,不使用 GP 产生的状态,500,本轮最优路径,蒸发和下界保护后,3.2547554197731867e-05,0.0,0.0
2,81002,2,不使用 GP 产生的状态,500,本轮最优路径,沉积后,3.2547554197731867e-05,3.2606842477535135e-05,2.9437636592498473e-08
2,81002,2,不使用 GP 产生的状态,500,本轮最优路径,重启和可选上界处理后,3.2547554197731867e-05,3.2606842477535135e-05,2.9437636592498473e-08
2,81002,3,不使用 GP 产生的状态,500,本轮最优路径,更新前,1.7586643174856294e-05,0.0,0.0
2,81002,3,不使用 GP 产生的状态,500,本轮最优路径,蒸发和下界保护后,1.7586643174856294e-05,0.0,0.0
2,81002,3,不使用 GP 产生的状态,500,本轮最优路径,沉积后,1.7586643174856294e-05,1.761535738081605e-05,1.5459079882616277e-08
2,81002,3,不使用 GP 产生的状态,500,本轮最优路径,重启和可选上界处理后,1.7586643174856294e-05,1.761535738081605e-05,1.5459079882616277e-08
2,81002,4,不使用 GP 产生的状态,500,本轮最优路径,更新前,6.236243264457518e-05,0.0,0.0
2,81002,4,不使用 GP 产生的状态,500,本轮最优路径,蒸发和下界保护后,6.236243264457518e-05,0.0,0.0
2,81002,4,不使用 GP 产生的状态,500,本轮最优路径,沉积后,6.236243264457518e-05,6.255738026420629e-05,5.541145863861947e-08
2,81002,4,不使用 GP 产生的状态,500,本轮最优路径,重启和可选上界处理后,6.236243264457518e-05,6.255738026420629e-05,5.541145863861947e-08
2,81002,5,不使用 GP 产生的状态,500,本轮最优路径,更新前,2.750142215478317e-05,0.0,0.0
2,81002,5,不使用 GP 产生的状态,500,本轮最优路径,蒸发和下界保护后,2.750142215478317e-05,0.0,0.0
2,81002,5,不使用 GP 产生的状态,500,本轮最优路径,沉积后,2.750142215478317e-05,2.7637608596328576e-05,2.4370990814483798e-08
2,81002,5,不使用 GP 产生的状态,500,本轮最优路径,重启和可选上界处理后,2.750142215478317e-05,2.7637608596328576e-05,2.4370990814483798e-08
2,81002,6,不使用 GP 产生的状态,500,本轮最优路径,更新前,0.00025389965291303974,0.0,0.0
2,81002,6,不使用 GP 产生的状态,500,本轮最优路径,蒸发和下界保护后,0.00025389965291303974,0.0,0.0
2,81002,6,不使用 GP 产生的状态,500,本轮最优路径,沉积后,0.00025389965291303974,0.0002539398185626051,2.2226365224591467e-07
2,81002,6,不使用 GP 产生的状态,500,本轮最优路径,重启和可选上界处理后,0.00025389965291303974,0.0002539398185626051,2.2226365224591467e-07
2,81002,7,不使用 GP 产生的状态,500,本轮最优路径,更新前,0.0004368351526915187,0.0,0.0
2,81002,7,不使用 GP 产生的状态,500,本轮最优路径,蒸发和下界保护后,0.0004368351526915187,0.0,0.0
2,81002,7,不使用 GP 产生的状态,500,本轮最优路径,沉积后,0.0004368351526915187,0.00043679378931687243,3.864696826841817e-07
2,81002,7,不使用 GP 产生的状态,500,本轮最优路径,重启和可选上界处理后,0.0004368351526915187,0.00043679378931687243,3.864696826841817e-07
2,81002,0,不使用 GP 产生的状态,500,历史重启阶段最优路径,更新前,3.623787369696367e-05,0.0,0.0
2,81002,0,不使用 GP 产生的状态,500,历史重启阶段最优路径,蒸发和下界保护后,3.623787369696367e-05,0.0,0.0
2,81002,0,不使用 GP 产生的状态,500,历史重启阶段最优路径,沉积后,3.623787369696367e-05,3.635407903538356e-05,3.191316371851531e-08
2,81002,0,不使用 GP 产生的状态,500,历史重启阶段最优路径,重启和可选上界处理后,3.623787369696367e-05,3.635407903538356e-05,3.191316371851531e-08
2,81002,1,不使用 GP 产生的状态,500,历史重启阶段最优路径,更新前,6.968226789962474e-05,0.0,0.0
2,81002,1,不使用 GP 产生的状态,500,历史重启阶段最优路径,蒸发和下界保护后,6.968226789962474e-05,0.0,0.0
2,81002,1,不使用 GP 产生的状态,500,历史重启阶段最优路径,沉积后,6.968226789962474e-05,6.98504119633111e-05,6.132687441934752e-08
2,81002,1,不使用 GP 产生的状态,500,历史重启阶段最优路径,重启和可选上界处理后,6.968226789962474e-05,6.98504119633111e-05,6.132687441934752e-08
2,81002,2,不使用 GP 产生的状态,500,历史重启阶段最优路径,更新前,5.0568379648780086e-05,0.0,0.0
2,81002,2,不使用 GP 产生的状态,500,历史重启阶段最优路径,蒸发和下界保护后,5.0568379648780086e-05,0.0,0.0
2,81002,2,不使用 GP 产生的状态,500,历史重启阶段最优路径,沉积后,5.0568379648780086e-05,5.065590626391233e-05,4.5732430574597684e-08
2,81002,2,不使用 GP 产生的状态,500,历史重启阶段最优路径,重启和可选上界处理后,5.0568379648780086e-05,5.065590626391233e-05,4.5732430574597684e-08
2,81002,3,不使用 GP 产生的状态,500,历史重启阶段最优路径,更新前,4.571910678009994e-05,0.0,0.0
2,81002,3,不使用 GP 产生的状态,500,历史重启阶段最优路径,蒸发和下界保护后,4.571910678009994e-05,0.0,0.0
2,81002,3,不使用 GP 产生的状态,500,历史重启阶段最优路径,沉积后,4.571910678009994e-05,4.580748686857347e-05,4.0200240245728586e-08
2,81002,3,不使用 GP 产生的状态,500,历史重启阶段最优路径,重启和可选上界处理后,4.571910678009994e-05,4.580748686857347e-05,4.0200240245728586e-08
2,81002,4,不使用 GP 产生的状态,500,历史重启阶段最优路径,更新前,4.6744013479705475e-05,0.0,0.0
2,81002,4,不使用 GP 产生的状态,500,历史重启阶段最优路径,蒸发和下界保护后,4.6744013479705475e-05,0.0,0.0
2,81002,4,不使用 GP 产生的状态,500,历史重启阶段最优路径,沉积后,4.6744013479705475e-05,4.684034478342202e-05,4.148977813046845e-08
2,81002,4,不使用 GP 产生的状态,500,历史重启阶段最优路径,重启和可选上界处理后,4.6744013479705475e-05,4.684034478342202e-05,4.148977813046845e-08
2,81002,5,不使用 GP 产生的状态,500,历史重启阶段最优路径,更新前,5.427259903982064e-05,0.0,0.0
2,81002,5,不使用 GP 产生的状态,500,历史重启阶段最优路径,蒸发和下界保护后,5.427259903982064e-05,0.0,0.0
2,81002,5,不使用 GP 产生的状态,500,历史重启阶段最优路径,沉积后,5.427259903982064e-05,5.443774327454163e-05,4.80034926567895e-08
2,81002,5,不使用 GP 产生的状态,500,历史重启阶段最优路径,重启和可选上界处理后,5.427259903982064e-05,5.443774327454163e-05,4.80034926567895e-08
2,81002,6,不使用 GP 产生的状态,500,历史重启阶段最优路径,更新前,0.0002497866662013775,0.0,0.0
2,81002,6,不使用 GP 产生的状态,500,历史重启阶段最优路径,蒸发和下界保护后,0.0002497866662013775,0.0,0.0
2,81002,6,不使用 GP 产生的状态,500,历史重启阶段最优路径,沉积后,0.0002497866662013775,0.00024984679369485324,2.1868118667990266e-07
2,81002,6,不使用 GP 产生的状态,500,历史重启阶段最优路径,重启和可选上界处理后,0.0002497866662013775,0.00024984679369485324,2.1868118667990266e-07
2,81002,7,不使用 GP 产生的状态,500,历史重启阶段最优路径,更新前,0.0001819233849059767,0.0,0.0
2,81002,7,不使用 GP 产生的状态,500,历史重启阶段最优路径,蒸发和下界保护后,0.0001819233849059767,0.0,0.0
2,81002,7,不使用 GP 产生的状态,500,历史重启阶段最优路径,沉积后,0.0001819233849059767,0.0001818865764267528,1.609309683319804e-07
2,81002,7,不使用 GP 产生的状态,500,历史重启阶段最优路径,重启和可选上界处理后,0.0001819233849059767,0.0001818865764267528,1.609309683319804e-07
2,81002,0,不使用 GP 产生的状态,500,历史全局最优路径,更新前,3.623787369696367e-05,0.0,0.0
2,81002,0,不使用 GP 产生的状态,500,历史全局最优路径,蒸发和下界保护后,3.623787369696367e-05,0.0,0.0
2,81002,0,不使用 GP 产生的状态,500,历史全局最优路径,沉积后,3.623787369696367e-05,3.635407903538356e-05,3.191316371851531e-08
2,81002,0,不使用 GP 产生的状态,500,历史全局最优路径,重启和可选上界处理后,3.623787369696367e-05,3.635407903538356e-05,3.191316371851531e-08
2,81002,1,不使用 GP 产生的状态,500,历史全局最优路径,更新前,6.968226789962474e-05,0.0,0.0
2,81002,1,不使用 GP 产生的状态,500,历史全局最优路径,蒸发和下界保护后,6.968226789962474e-05,0.0,0.0
2,81002,1,不使用 GP 产生的状态,500,历史全局最优路径,沉积后,6.968226789962474e-05,6.98504119633111e-05,6.132687441934752e-08
2,81002,1,不使用 GP 产生的状态,500,历史全局最优路径,重启和可选上界处理后,6.968226789962474e-05,6.98504119633111e-05,6.132687441934752e-08
2,81002,2,不使用 GP 产生的状态,500,历史全局最优路径,更新前,5.0568379648780086e-05,0.0,0.0
2,81002,2,不使用 GP 产生的状态,500,历史全局最优路径,蒸发和下界保护后,5.0568379648780086e-05,0.0,0.0
2,81002,2,不使用 GP 产生的状态,500,历史全局最优路径,沉积后,5.0568379648780086e-05,5.065590626391233e-05,4.5732430574597684e-08
2,81002,2,不使用 GP 产生的状态,500,历史全局最优路径,重启和可选上界处理后,5.0568379648780086e-05,5.065590626391233e-05,4.5732430574597684e-08
2,81002,3,不使用 GP 产生的状态,500,历史全局最优路径,更新前,4.571910678009994e-05,0.0,0.0
2,81002,3,不使用 GP 产生的状态,500,历史全局最优路径,蒸发和下界保护后,4.571910678009994e-05,0.0,0.0
2,81002,3,不使用 GP 产生的状态,500,历史全局最优路径,沉积后,4.571910678009994e-05,4.580748686857347e-05,4.0200240245728586e-08
2,81002,3,不使用 GP 产生的状态,500,历史全局最优路径,重启和可选上界处理后,4.571910678009994e-05,4.580748686857347e-05,4.0200240245728586e-08
2,81002,4,不使用 GP 产生的状态,500,历史全局最优路径,更新前,4.6744013479705475e-05,0.0,0.0
2,81002,4,不使用 GP 产生的状态,500,历史全局最优路径,蒸发和下界保护后,4.6744013479705475e-05,0.0,0.0
2,81002,4,不使用 GP 产生的状态,500,历史全局最优路径,沉积后,4.6744013479705475e-05,4.684034478342202e-05,4.148977813046845e-08
2,81002,4,不使用 GP 产生的状态,500,历史全局最优路径,重启和可选上界处理后,4.6744013479705475e-05,4.684034478342202e-05,4.148977813046845e-08
2,81002,5,不使用 GP 产生的状态,500,历史全局最优路径,更新前,5.427259903982064e-05,0.0,0.0
2,81002,5,不使用 GP 产生的状态,500,历史全局最优路径,蒸发和下界保护后,5.427259903982064e-05,0.0,0.0
2,81002,5,不使用 GP 产生的状态,500,历史全局最优路径,沉积后,5.427259903982064e-05,5.443774327454163e-05,4.80034926567895e-08
2,81002,5,不使用 GP 产生的状态,500,历史全局最优路径,重启和可选上界处理后,5.427259903982064e-05,5.443774327454163e-05,4.80034926567895e-08
2,81002,6,不使用 GP 产生的状态,500,历史全局最优路径,更新前,0.0002497866662013775,0.0,0.0
2,81002,6,不使用 GP 产生的状态,500,历史全局最优路径,蒸发和下界保护后,0.0002497866662013775,0.0,0.0
2,81002,6,不使用 GP 产生的状态,500,历史全局最优路径,沉积后,0.0002497866662013775,0.00024984679369485324,2.1868118667990266e-07
2,81002,6,不使用 GP 产生的状态,500,历史全局最优路径,重启和可选上界处理后,0.0002497866662013775,0.00024984679369485324,2.1868118667990266e-07
2,81002,7,不使用 GP 产生的状态,500,历史全局最优路径,更新前,0.0001819233849059767,0.0,0.0
2,81002,7,不使用 GP 产生的状态,500,历史全局最优路径,蒸发和下界保护后,0.0001819233849059767,0.0,0.0
2,81002,7,不使用 GP 产生的状态,500,历史全局最优路径,沉积后,0.0001819233849059767,0.0001818865764267528,1.609309683319804e-07
2,81002,7,不使用 GP 产生的状态,500,历史全局最优路径,重启和可选上界处理后,0.0001819233849059767,0.0001818865764267528,1.609309683319804e-07
2,81001,0,不使用 GP 产生的状态,500,本轮最优路径,更新前,0.0006098850936664827,0.0,0.0
2,81001,0,不使用 GP 产生的状态,500,本轮最优路径,蒸发和下界保护后,0.0006098850936664827,0.0,0.0
2,81001,0,不使用 GP 产生的状态,500,本轮最优路径,沉积后,0.0006098850936664827,0.0006100337226456544,5.35513663973106e-07
2,81001,0,不使用 GP 产生的状态,500,本轮最优路径,重启和可选上界处理后,0.0006098850936664827,0.0006100337226456544,5.35513663973106e-07
2,81001,1,不使用 GP 产生的状态,500,本轮最优路径,更新前,0.0006385321085772683,0.0,0.0
2,81001,1,不使用 GP 产生的状态,500,本轮最优路径,蒸发和下界保护后,0.0006385321085772683,0.0,0.0
2,81001,1,不使用 GP 产生的状态,500,本轮最优路径,沉积后,0.0006385321085772683,0.0006385895389487965,5.606652754058497e-07
2,81001,1,不使用 GP 产生的状态,500,本轮最优路径,重启和可选上界处理后,0.0006385321085772683,0.0006385895389487965,5.606652754058497e-07
2,81001,2,不使用 GP 产生的状态,500,本轮最优路径,更新前,0.000556787115337445,0.0,0.0
2,81001,2,不使用 GP 产生的状态,500,本轮最优路径,蒸发和下界保护后,0.000556787115337445,0.0,0.0
2,81001,2,不使用 GP 产生的状态,500,本轮最优路径,沉积后,0.000556787115337445,0.0005569382087680365,5.028068757496527e-07
2,81001,2,不使用 GP 产生的状态,500,本轮最优路径,重启和可选上界处理后,0.000556787115337445,0.0005569382087680365,5.028068757496527e-07
2,81001,3,不使用 GP 产生的状态,500,本轮最优路径,更新前,0.000724603236002209,0.0,0.0
2,81001,3,不使用 GP 产生的状态,500,本轮最优路径,蒸发和下界保护后,0.000724603236002209,0.0,0.0
2,81001,3,不使用 GP 产生的状态,500,本轮最优路径,沉积后,0.000724603236002209,0.0007244472345802199,6.35768405261685e-07
2,81001,3,不使用 GP 产生的状态,500,本轮最优路径,重启和可选上界处理后,0.000724603236002209,0.0007244472345802199,6.35768405261685e-07
2,81001,4,不使用 GP 产生的状态,500,本轮最优路径,更新前,0.000625954678096333,0.0,0.0
2,81001,4,不使用 GP 产生的状态,500,本轮最优路径,蒸发和下界保护后,0.000625954678096333,0.0,0.0
2,81001,4,不使用 GP 产生的状态,500,本轮最优路径,沉积后,0.000625954678096333,0.0006259528741393345,5.544503565943369e-07
2,81001,4,不使用 GP 产生的状态,500,本轮最优路径,重启和可选上界处理后,0.000625954678096333,0.0006259528741393345,5.544503565943369e-07
2,81001,5,不使用 GP 产生的状态,500,本轮最优路径,更新前,0.0007325717073472207,0.0,0.0
2,81001,5,不使用 GP 产生的状态,500,本轮最优路径,蒸发和下界保护后,0.0007325717073472207,0.0,0.0
2,81001,5,不使用 GP 产生的状态,500,本轮最优路径,沉积后,0.0007325717073472207,0.0007326171432151741,6.460257082518421e-07
2,81001,5,不使用 GP 产生的状态,500,本轮最优路径,重启和可选上界处理后,0.0007325717073472207,0.0007326171432151741,6.460257082518421e-07
2,81001,6,不使用 GP 产生的状态,500,本轮最优路径,更新前,0.0012033153154939573,0.0,0.0
2,81001,6,不使用 GP 产生的状态,500,本轮最优路径,蒸发和下界保护后,0.0012033153154939573,0.0,0.0
2,81001,6,不使用 GP 产生的状态,500,本轮最优路径,沉积后,0.0012033153154939573,0.0012033981873914037,1.053287655908858e-06
2,81001,6,不使用 GP 产生的状态,500,本轮最优路径,重启和可选上界处理后,0.0012033153154939573,0.0012033981873914037,1.053287655908858e-06
2,81001,7,不使用 GP 产生的状态,500,本轮最优路径,更新前,0.0007009159249622688,0.0,0.0
2,81001,7,不使用 GP 产生的状态,500,本轮最优路径,蒸发和下界保护后,0.0007009159249622688,0.0,0.0
2,81001,7,不使用 GP 产生的状态,500,本轮最优路径,沉积后,0.0007009159249622688,0.0007009698450756469,6.202093532997513e-07
2,81001,7,不使用 GP 产生的状态,500,本轮最优路径,重启和可选上界处理后,0.0007009159249622688,0.0007009698450756469,6.202093532997513e-07
2,81001,0,不使用 GP 产生的状态,500,历史重启阶段最优路径,更新前,0.0006127678275889031,0.0,0.0
2,81001,0,不使用 GP 产生的状态,500,历史重启阶段最优路径,蒸发和下界保护后,0.0006127678275889031,0.0,0.0
2,81001,0,不使用 GP 产生的状态,500,历史重启阶段最优路径,沉积后,0.0006127678275889031,0.0006129404649127537,5.380653265187911e-07
2,81001,0,不使用 GP 产生的状态,500,历史重启阶段最优路径,重启和可选上界处理后,0.0006127678275889031,0.0006129404649127537,5.380653265187911e-07
2,81001,1,不使用 GP 产生的状态,500,历史重启阶段最优路径,更新前,0.0006386262340658341,0.0,0.0
2,81001,1,不使用 GP 产生的状态,500,历史重启阶段最优路径,蒸发和下界保护后,0.0006386262340658341,0.0,0.0
2,81001,1,不使用 GP 产生的状态,500,历史重启阶段最优路径,沉积后,0.0006386262340658341,0.0006388207684534174,5.60868288994365e-07
2,81001,1,不使用 GP 产生的状态,500,历史重启阶段最优路径,重启和可选上界处理后,0.0006386262340658341,0.0006388207684534174,5.60868288994365e-07
2,81001,2,不使用 GP 产生的状态,500,历史重启阶段最优路径,更新前,0.0005565004534484994,0.0,0.0
2,81001,2,不使用 GP 产生的状态,500,历史重启阶段最优路径,蒸发和下界保护后,0.0005565004534484994,0.0,0.0
2,81001,2,不使用 GP 产生的状态,500,历史重启阶段最优路径,沉积后,0.0005565004534484994,0.000556672206094115,5.025667270737135e-07
2,81001,2,不使用 GP 产生的状态,500,历史重启阶段最优路径,重启和可选上界处理后,0.0005565004534484994,0.000556672206094115,5.025667270737135e-07
2,81001,3,不使用 GP 产生的状态,500,历史重启阶段最优路径,更新前,0.0007247474285516172,0.0,0.0
2,81001,3,不使用 GP 产生的状态,500,历史重启阶段最优路径,蒸发和下界保护后,0.0007247474285516172,0.0,0.0
2,81001,3,不使用 GP 产生的状态,500,历史重启阶段最优路径,沉积后,0.0007247474285516172,0.0007248251185028071,6.361000328079983e-07
2,81001,3,不使用 GP 产生的状态,500,历史重启阶段最优路径,重启和可选上界处理后,0.0007247474285516172,0.0007248251185028071,6.361000328079983e-07
2,81001,4,不使用 GP 产生的状态,500,历史重启阶段最优路径,更新前,0.0006261467393847666,0.0,0.0
2,81001,4,不使用 GP 产生的状态,500,历史重启阶段最优路径,蒸发和下界保护后,0.0006261467393847666,0.0,0.0
2,81001,4,不使用 GP 产生的状态,500,历史重启阶段最优路径,沉积后,0.0006261467393847666,0.0006263165518702195,5.547724914640774e-07
2,81001,4,不使用 GP 产生的状态,500,历史重启阶段最优路径,重启和可选上界处理后,0.0006261467393847666,0.0006263165518702195,5.547724914640774e-07
2,81001,5,不使用 GP 产生的状态,500,历史重启阶段最优路径,更新前,0.0007333340606303201,0.0,0.0
2,81001,5,不使用 GP 产生的状态,500,历史重启阶段最优路径,蒸发和下界保护后,0.0007333340606303201,0.0,0.0
2,81001,5,不使用 GP 产生的状态,500,历史重启阶段最优路径,沉积后,0.0007333340606303201,0.0007334420162525771,6.467530857001333e-07
2,81001,5,不使用 GP 产生的状态,500,历史重启阶段最优路径,重启和可选上界处理后,0.0007333340606303201,0.0007334420162525771,6.467530857001333e-07
2,81001,6,不使用 GP 产生的状态,500,历史重启阶段最优路径,更新前,0.00120356743963159,0.0,0.0
2,81001,6,不使用 GP 产生的状态,500,历史重启阶段最优路径,蒸发和下界保护后,0.00120356743963159,0.0,0.0
2,81001,6,不使用 GP 产生的状态,500,历史重启阶段最优路径,沉积后,0.00120356743963159,0.0012037374177570096,1.0535845710615863e-06
2,81001,6,不使用 GP 产生的状态,500,历史重启阶段最优路径,重启和可选上界处理后,0.00120356743963159,0.0012037374177570096,1.0535845710615863e-06
2,81001,7,不使用 GP 产生的状态,500,历史重启阶段最优路径,更新前,0.0007009063227502972,0.0,0.0
2,81001,7,不使用 GP 产生的状态,500,历史重启阶段最优路径,蒸发和下界保护后,0.0007009063227502972,0.0,0.0
2,81001,7,不使用 GP 产生的状态,500,历史重启阶段最优路径,沉积后,0.0007009063227502972,0.0007008373837925535,6.200921532128976e-07
2,81001,7,不使用 GP 产生的状态,500,历史重启阶段最优路径,重启和可选上界处理后,0.0007009063227502972,0.0007008373837925535,6.200921532128976e-07
2,81001,0,不使用 GP 产生的状态,500,历史全局最优路径,更新前,0.0006127678275889031,0.0,0.0
2,81001,0,不使用 GP 产生的状态,500,历史全局最优路径,蒸发和下界保护后,0.0006127678275889031,0.0,0.0
2,81001,0,不使用 GP 产生的状态,500,历史全局最优路径,沉积后,0.0006127678275889031,0.0006129404649127537,5.380653265187911e-07
2,81001,0,不使用 GP 产生的状态,500,历史全局最优路径,重启和可选上界处理后,0.0006127678275889031,0.0006129404649127537,5.380653265187911e-07
2,81001,1,不使用 GP 产生的状态,500,历史全局最优路径,更新前,0.0006386262340658341,0.0,0.0
2,81001,1,不使用 GP 产生的状态,500,历史全局最优路径,蒸发和下界保护后,0.0006386262340658341,0.0,0.0
2,81001,1,不使用 GP 产生的状态,500,历史全局最优路径,沉积后,0.0006386262340658341,0.0006388207684534174,5.60868288994365e-07
2,81001,1,不使用 GP 产生的状态,500,历史全局最优路径,重启和可选上界处理后,0.0006386262340658341,0.0006388207684534174,5.60868288994365e-07
2,81001,2,不使用 GP 产生的状态,500,历史全局最优路径,更新前,0.0005565004534484994,0.0,0.0
2,81001,2,不使用 GP 产生的状态,500,历史全局最优路径,蒸发和下界保护后,0.0005565004534484994,0.0,0.0
2,81001,2,不使用 GP 产生的状态,500,历史全局最优路径,沉积后,0.0005565004534484994,0.000556672206094115,5.025667270737135e-07
2,81001,2,不使用 GP 产生的状态,500,历史全局最优路径,重启和可选上界处理后,0.0005565004534484994,0.000556672206094115,5.025667270737135e-07
2,81001,3,不使用 GP 产生的状态,500,历史全局最优路径,更新前,0.0007247474285516172,0.0,0.0
2,81001,3,不使用 GP 产生的状态,500,历史全局最优路径,蒸发和下界保护后,0.0007247474285516172,0.0,0.0
2,81001,3,不使用 GP 产生的状态,500,历史全局最优路径,沉积后,0.0007247474285516172,0.0007248251185028071,6.361000328079983e-07
2,81001,3,不使用 GP 产生的状态,500,历史全局最优路径,重启和可选上界处理后,0.0007247474285516172,0.0007248251185028071,6.361000328079983e-07
2,81001,4,不使用 GP 产生的状态,500,历史全局最优路径,更新前,0.0006261467393847666,0.0,0.0
2,81001,4,不使用 GP 产生的状态,500,历史全局最优路径,蒸发和下界保护后,0.0006261467393847666,0.0,0.0
2,81001,4,不使用 GP 产生的状态,500,历史全局最优路径,沉积后,0.0006261467393847666,0.0006263165518702195,5.547724914640774e-07
2,81001,4,不使用 GP 产生的状态,500,历史全局最优路径,重启和可选上界处理后,0.0006261467393847666,0.0006263165518702195,5.547724914640774e-07
2,81001,5,不使用 GP 产生的状态,500,历史全局最优路径,更新前,0.0007333340606303201,0.0,0.0
2,81001,5,不使用 GP 产生的状态,500,历史全局最优路径,蒸发和下界保护后,0.0007333340606303201,0.0,0.0
2,81001,5,不使用 GP 产生的状态,500,历史全局最优路径,沉积后,0.0007333340606303201,0.0007334420162525771,6.467530857001333e-07
2,81001,5,不使用 GP 产生的状态,500,历史全局最优路径,重启和可选上界处理后,0.0007333340606303201,0.0007334420162525771,6.467530857001333e-07
2,81001,6,不使用 GP 产生的状态,500,历史全局最优路径,更新前,0.00120356743963159,0.0,0.0
2,81001,6,不使用 GP 产生的状态,500,历史全局最优路径,蒸发和下界保护后,0.00120356743963159,0.0,0.0
2,81001,6,不使用 GP 产生的状态,500,历史全局最优路径,沉积后,0.00120356743963159,0.0012037374177570096,1.0535845710615863e-06
2,81001,6,不使用 GP 产生的状态,500,历史全局最优路径,重启和可选上界处理后,0.00120356743963159,0.0012037374177570096,1.0535845710615863e-06
2,81001,7,不使用 GP 产生的状态,500,历史全局最优路径,更新前,0.0007009063227502972,0.0,0.0
2,81001,7,不使用 GP 产生的状态,500,历史全局最优路径,蒸发和下界保护后,0.0007009063227502972,0.0,0.0
2,81001,7,不使用 GP 产生的状态,500,历史全局最优路径,沉积后,0.0007009063227502972,0.0007008373837925535,6.200921532128976e-07
2,81001,7,不使用 GP 产生的状态,500,历史全局最优路径,重启和可选上界处理后,0.0007009063227502972,0.0007008373837925535,6.200921532128976e-07
2,81001,0,GP 表达式自身产生的状态,500,本轮最优路径,更新前,0.0005179159281145718,0.0,0.0
2,81001,0,GP 表达式自身产生的状态,500,本轮最优路径,蒸发和下界保护后,0.0005179159281145718,0.0,0.0
2,81001,0,GP 表达式自身产生的状态,500,本轮最优路径,沉积后,0.0005179159281145718,0.0005178697554399647,4.557199827082501e-07
2,81001,0,GP 表达式自身产生的状态,500,本轮最优路径,重启和可选上界处理后,0.0005179159281145718,0.0005178697554399647,4.557199827082501e-07
2,81001,1,GP 表达式自身产生的状态,500,本轮最优路径,更新前,0.0008258938666964249,0.0,0.0
2,81001,1,GP 表达式自身产生的状态,500,本轮最优路径,蒸发和下界保护后,0.0008258938666964249,0.0,0.0
2,81001,1,GP 表达式自身产生的状态,500,本轮最优路径,沉积后,0.0008258938666964249,0.000825824276284594,7.2668760411329e-07
2,81001,1,GP 表达式自身产生的状态,500,本轮最优路径,重启和可选上界处理后,0.0008258938666964249,0.000825824276284594,7.2668760411329e-07
2,81001,2,GP 表达式自身产生的状态,500,本轮最优路径,更新前,0.000747434594586425,0.0,0.0
2,81001,2,GP 表达式自身产生的状态,500,本轮最优路径,蒸发和下界保护后,0.000747434594586425,0.0,0.0
2,81001,2,GP 表达式自身产生的状态,500,本轮最优路径,沉积后,0.000747434594586425,0.0007474092225908127,6.762474708845919e-07
2,81001,2,GP 表达式自身产生的状态,500,本轮最优路径,重启和可选上界处理后,0.000747434594586425,0.0007474092225908127,6.762474708845919e-07
2,81001,3,GP 表达式自身产生的状态,500,本轮最优路径,更新前,0.000669103940757979,0.0,0.0
2,81001,3,GP 表达式自身产生的状态,500,本轮最优路径,蒸发和下界保护后,0.000669103940757979,0.0,0.0
2,81001,3,GP 表达式自身产生的状态,500,本轮最优路径,沉积后,0.000669103940757979,0.000669165591269613,5.87339071011497e-07
2,81001,3,GP 表达式自身产生的状态,500,本轮最优路径,重启和可选上界处理后,0.000669103940757979,0.0,0.0
2,81001,4,GP 表达式自身产生的状态,500,本轮最优路径,更新前,0.0007850833754468109,0.0,0.0
2,81001,4,GP 表达式自身产生的状态,500,本轮最优路径,蒸发和下界保护后,0.0007850833754468109,0.0,0.0
2,81001,4,GP 表达式自身产生的状态,500,本轮最优路径,沉积后,0.0007850833754468109,0.000785082413073009,6.952643268293931e-07
2,81001,4,GP 表达式自身产生的状态,500,本轮最优路径,重启和可选上界处理后,0.0007850833754468109,0.000785082413073009,6.952643268293931e-07
2,81001,5,GP 表达式自身产生的状态,500,本轮最优路径,更新前,0.0007151250832137094,0.0,0.0
2,81001,5,GP 表达式自身产生的状态,500,本轮最优路径,蒸发和下界保护后,0.0007151250832137094,0.0,0.0
2,81001,5,GP 表达式自身产生的状态,500,本轮最优路径,沉积后,0.0007151250832137094,0.0007150427145102754,6.307330922518962e-07
2,81001,5,GP 表达式自身产生的状态,500,本轮最优路径,重启和可选上界处理后,0.0007151250832137094,0.0007150427145102754,6.307330922518962e-07
2,81001,6,GP 表达式自身产生的状态,500,本轮最优路径,更新前,0.00045718141748580236,0.0,0.0
2,81001,6,GP 表达式自身产生的状态,500,本轮最优路径,蒸发和下界保护后,0.00045718141748580236,0.0,0.0
2,81001,6,GP 表达式自身产生的状态,500,本轮最优路径,沉积后,0.00045718141748580236,0.00045719627223309787,4.00929496692492e-07
2,81001,6,GP 表达式自身产生的状态,500,本轮最优路径,重启和可选上界处理后,0.00045718141748580236,0.00045719627223309787,4.00929496692492e-07
2,81001,7,GP 表达式自身产生的状态,500,本轮最优路径,更新前,0.0005812316231514374,0.0,0.0
2,81001,7,GP 表达式自身产生的状态,500,本轮最优路径,蒸发和下界保护后,0.0005812316231514374,0.0,0.0
2,81001,7,GP 表达式自身产生的状态,500,本轮最优路径,沉积后,0.0005812316231514374,0.0005812398482343644,5.158898957874417e-07
2,81001,7,GP 表达式自身产生的状态,500,本轮最优路径,重启和可选上界处理后,0.0005812316231514374,0.0005812398482343644,5.158898957874417e-07
2,81001,0,GP 表达式自身产生的状态,500,历史重启阶段最优路径,更新前,0.0005180307425193433,0.0,0.0
2,81001,0,GP 表达式自身产生的状态,500,历史重启阶段最优路径,蒸发和下界保护后,0.0005180307425193433,0.0,0.0
2,81001,0,GP 表达式自身产生的状态,500,历史重启阶段最优路径,沉积后,0.0005180307425193433,0.0005178895084558394,4.557373651561692e-07
2,81001,0,GP 表达式自身产生的状态,500,历史重启阶段最优路径,重启和可选上界处理后,0.0005180307425193433,0.0005178895084558394,4.557373651561692e-07
2,81001,1,GP 表达式自身产生的状态,500,历史重启阶段最优路径,更新前,0.0008257042798447341,0.0,0.0
2,81001,1,GP 表达式自身产生的状态,500,历史重启阶段最优路径,蒸发和下界保护后,0.0008257042798447341,0.0,0.0
2,81001,1,GP 表达式自身产生的状态,500,历史重启阶段最优路径,沉积后,0.0008257042798447341,0.0008256938726299918,7.265728548596634e-07
2,81001,1,GP 表达式自身产生的状态,500,历史重启阶段最优路径,重启和可选上界处理后,0.0008257042798447341,0.0008256938726299918,7.265728548596634e-07
2,81001,2,GP 表达式自身产生的状态,500,历史重启阶段最优路径,更新前,0.0007448154239624555,0.0,0.0
2,81001,2,GP 表达式自身产生的状态,500,历史重启阶段最优路径,蒸发和下界保护后,0.0007448154239624555,0.0,0.0
2,81001,2,GP 表达式自身产生的状态,500,历史重启阶段最优路径,沉积后,0.0007448154239624555,0.000744832013344202,6.739156409013874e-07
2,81001,2,GP 表达式自身产生的状态,500,历史重启阶段最优路径,重启和可选上界处理后,0.0007448154239624555,0.000744832013344202,6.739156409013874e-07
2,81001,3,GP 表达式自身产生的状态,500,历史重启阶段最优路径,更新前,0.000669103940757979,0.0,0.0
2,81001,3,GP 表达式自身产生的状态,500,历史重启阶段最优路径,蒸发和下界保护后,0.000669103940757979,0.0,0.0
2,81001,3,GP 表达式自身产生的状态,500,历史重启阶段最优路径,沉积后,0.000669103940757979,0.000669165591269613,5.87339071011497e-07
2,81001,3,GP 表达式自身产生的状态,500,历史重启阶段最优路径,重启和可选上界处理后,0.000669103940757979,0.0,0.0
2,81001,4,GP 表达式自身产生的状态,500,历史重启阶段最优路径,更新前,0.0007853333520418801,0.0,0.0
2,81001,4,GP 表达式自身产生的状态,500,历史重启阶段最优路径,蒸发和下界保护后,0.0007853333520418801,0.0,0.0
2,81001,4,GP 表达式自身产生的状态,500,历史重启阶段最优路径,沉积后,0.0007853333520418801,0.0007853191570283006,6.954739858715087e-07
2,81001,4,GP 表达式自身产生的状态,500,历史重启阶段最优路径,重启和可选上界处理后,0.0007853333520418801,0.0007853191570283006,6.954739858715087e-07
2,81001,5,GP 表达式自身产生的状态,500,历史重启阶段最优路径,更新前,0.0007151398611281491,0.0,0.0
2,81001,5,GP 表达式自身产生的状态,500,历史重启阶段最优路径,蒸发和下界保护后,0.0007151398611281491,0.0,0.0
2,81001,5,GP 表达式自身产生的状态,500,历史重启阶段最优路径,沉积后,0.0007151398611281491,0.0007151338046058378,6.308134420498616e-07
2,81001,5,GP 表达式自身产生的状态,500,历史重启阶段最优路径,重启和可选上界处理后,0.0007151398611281491,0.0007151338046058378,6.308134420498616e-07
2,81001,6,GP 表达式自身产生的状态,500,历史重启阶段最优路径,更新前,0.00045728189837807763,0.0,0.0
2,81001,6,GP 表达式自身产生的状态,500,历史重启阶段最优路径,蒸发和下界保护后,0.00045728189837807763,0.0,0.0
2,81001,6,GP 表达式自身产生的状态,500,历史重启阶段最优路径,沉积后,0.00045728189837807763,0.00045727163290230433,4.009955827850749e-07
2,81001,6,GP 表达式自身产生的状态,500,历史重启阶段最优路径,重启和可选上界处理后,0.00045728189837807763,0.00045727163290230433,4.009955827850749e-07
2,81001,7,GP 表达式自身产生的状态,500,历史重启阶段最优路径,更新前,0.0005815050150869333,0.0,0.0
2,81001,7,GP 表达式自身产生的状态,500,历史重启阶段最优路径,蒸发和下界保护后,0.0005815050150869333,0.0,0.0
2,81001,7,GP 表达式自身产生的状态,500,历史重启阶段最优路径,沉积后,0.0005815050150869333,0.0005815384064683679,5.16154886525249e-07
2,81001,7,GP 表达式自身产生的状态,500,历史重启阶段最优路径,重启和可选上界处理后,0.0005815050150869333,0.0005815384064683679,5.16154886525249e-07
2,81001,0,GP 表达式自身产生的状态,500,历史全局最优路径,更新前,0.0005180307425193433,0.0,0.0
2,81001,0,GP 表达式自身产生的状态,500,历史全局最优路径,蒸发和下界保护后,0.0005180307425193433,0.0,0.0
2,81001,0,GP 表达式自身产生的状态,500,历史全局最优路径,沉积后,0.0005180307425193433,0.0005178895084558394,4.557373651561692e-07
2,81001,0,GP 表达式自身产生的状态,500,历史全局最优路径,重启和可选上界处理后,0.0005180307425193433,0.0005178895084558394,4.557373651561692e-07
2,81001,1,GP 表达式自身产生的状态,500,历史全局最优路径,更新前,0.0008257042798447341,0.0,0.0
2,81001,1,GP 表达式自身产生的状态,500,历史全局最优路径,蒸发和下界保护后,0.0008257042798447341,0.0,0.0
2,81001,1,GP 表达式自身产生的状态,500,历史全局最优路径,沉积后,0.0008257042798447341,0.0008256938726299918,7.265728548596634e-07
2,81001,1,GP 表达式自身产生的状态,500,历史全局最优路径,重启和可选上界处理后,0.0008257042798447341,0.0008256938726299918,7.265728548596634e-07
2,81001,2,GP 表达式自身产生的状态,500,历史全局最优路径,更新前,0.0007448154239624555,0.0,0.0
2,81001,2,GP 表达式自身产生的状态,500,历史全局最优路径,蒸发和下界保护后,0.0007448154239624555,0.0,0.0
2,81001,2,GP 表达式自身产生的状态,500,历史全局最优路径,沉积后,0.0007448154239624555,0.000744832013344202,6.739156409013874e-07
2,81001,2,GP 表达式自身产生的状态,500,历史全局最优路径,重启和可选上界处理后,0.0007448154239624555,0.000744832013344202,6.739156409013874e-07
2,81001,3,GP 表达式自身产生的状态,500,历史全局最优路径,更新前,0.000669103940757979,0.0,0.0
2,81001,3,GP 表达式自身产生的状态,500,历史全局最优路径,蒸发和下界保护后,0.000669103940757979,0.0,0.0
2,81001,3,GP 表达式自身产生的状态,500,历史全局最优路径,沉积后,0.000669103940757979,0.000669165591269613,5.87339071011497e-07
2,81001,3,GP 表达式自身产生的状态,500,历史全局最优路径,重启和可选上界处理后,0.000669103940757979,0.0,0.0
2,81001,4,GP 表达式自身产生的状态,500,历史全局最优路径,更新前,0.0007853333520418801,0.0,0.0
2,81001,4,GP 表达式自身产生的状态,500,历史全局最优路径,蒸发和下界保护后,0.0007853333520418801,0.0,0.0
2,81001,4,GP 表达式自身产生的状态,500,历史全局最优路径,沉积后,0.0007853333520418801,0.0007853191570283006,6.954739858715087e-07
2,81001,4,GP 表达式自身产生的状态,500,历史全局最优路径,重启和可选上界处理后,0.0007853333520418801,0.0007853191570283006,6.954739858715087e-07
2,81001,5,GP 表达式自身产生的状态,500,历史全局最优路径,更新前,0.0007151398611281491,0.0,0.0
2,81001,5,GP 表达式自身产生的状态,500,历史全局最优路径,蒸发和下界保护后,0.0007151398611281491,0.0,0.0
2,81001,5,GP 表达式自身产生的状态,500,历史全局最优路径,沉积后,0.0007151398611281491,0.0007151338046058378,6.308134420498616e-07
2,81001,5,GP 表达式自身产生的状态,500,历史全局最优路径,重启和可选上界处理后,0.0007151398611281491,0.0007151338046058378,6.308134420498616e-07
2,81001,6,GP 表达式自身产生的状态,500,历史全局最优路径,更新前,0.00045728189837807763,0.0,0.0
2,81001,6,GP 表达式自身产生的状态,500,历史全局最优路径,蒸发和下界保护后,0.00045728189837807763,0.0,0.0
2,81001,6,GP 表达式自身产生的状态,500,历史全局最优路径,沉积后,0.00045728189837807763,0.00045727163290230433,4.009955827850749e-07
2,81001,6,GP 表达式自身产生的状态,500,历史全局最优路径,重启和可选上界处理后,0.00045728189837807763,0.00045727163290230433,4.009955827850749e-07
2,81001,7,GP 表达式自身产生的状态,500,历史全局最优路径,更新前,0.0005815050150869333,0.0,0.0
2,81001,7,GP 表达式自身产生的状态,500,历史全局最优路径,蒸发和下界保护后,0.0005815050150869333,0.0,0.0
2,81001,7,GP 表达式自身产生的状态,500,历史全局最优路径,沉积后,0.0005815050150869333,0.0005815384064683679,5.16154886525249e-07
2,81001,7,GP 表达式自身产生的状态,500,历史全局最优路径,重启和可选上界处理后,0.0005815050150869333,0.0005815384064683679,5.16154886525249e-07
2,81002,0,GP 表达式自身产生的状态,500,本轮最优路径,更新前,0.00028715555369423216,0.0,0.0
2,81002,0,GP 表达式自身产生的状态,500,本轮最优路径,蒸发和下界保护后,0.00028715555369423216,0.0,0.0
2,81002,0,GP 表达式自身产生的状态,500,本轮最优路径,沉积后,0.00028715555369423216,0.00028726872220165436,2.5206004580965915e-07
2,81002,0,GP 表达式自身产生的状态,500,本轮最优路径,重启和可选上界处理后,0.00028715555369423216,0.0,0.0
2,81002,1,GP 表达式自身产生的状态,500,本轮最优路径,更新前,0.0005573875623687312,0.0,0.0
2,81002,1,GP 表达式自身产生的状态,500,本轮最优路径,蒸发和下界保护后,0.0005573875623687312,0.0,0.0
2,81002,1,GP 表达式自身产生的状态,500,本轮最优路径,沉积后,0.0005573875623687312,0.0005573267572688899,4.904903508342066e-07
2,81002,1,GP 表达式自身产生的状态,500,本轮最优路径,重启和可选上界处理后,0.0005573875623687312,0.0,0.0
2,81002,2,GP 表达式自身产生的状态,500,本轮最优路径,更新前,0.00033183940387412604,0.0,0.0
2,81002,2,GP 表达式自身产生的状态,500,本轮最优路径,蒸发和下界保护后,0.00033183940387412604,0.0,0.0
2,81002,2,GP 表达式自身产生的状态,500,本轮最优路径,沉积后,0.00033183940387412604,0.00033172884918665203,2.9839419847027465e-07
2,81002,2,GP 表达式自身产生的状态,500,本轮最优路径,重启和可选上界处理后,0.00033183940387412604,0.00033172884918665203,2.9839419847027465e-07
2,81002,3,GP 表达式自身产生的状态,500,本轮最优路径,更新前,0.00029971426393306656,0.0,0.0
2,81002,3,GP 表达式自身产生的状态,500,本轮最优路径,蒸发和下界保护后,0.00029971426393306656,0.0,0.0
2,81002,3,GP 表达式自身产生的状态,500,本轮最优路径,沉积后,0.00029971426393306656,0.00029975591507252,2.6302234930857615e-07
2,81002,3,GP 表达式自身产生的状态,500,本轮最优路径,重启和可选上界处理后,0.00029971426393306656,0.00029975591507252,2.6302234930857615e-07
2,81002,4,GP 表达式自身产生的状态,500,本轮最优路径,更新前,0.00038565491128194913,0.0,0.0
2,81002,4,GP 表达式自身产生的状态,500,本轮最优路径,蒸发和下界保护后,0.00038565491128194913,0.0,0.0
2,81002,4,GP 表达式自身产生的状态,500,本轮最优路径,沉积后,0.00038565491128194913,0.00038572064746306926,3.413156936032525e-07
2,81002,4,GP 表达式自身产生的状态,500,本轮最优路径,重启和可选上界处理后,0.00038565491128194913,0.00038572064746306926,3.413156936032525e-07
2,81002,5,GP 表达式自身产生的状态,500,本轮最优路径,更新前,0.0003312466176272879,0.0,0.0
2,81002,5,GP 表达式自身产生的状态,500,本轮最优路径,蒸发和下界保护后,0.0003312466176272879,0.0,0.0
2,81002,5,GP 表达式自身产生的状态,500,本轮最优路径,沉积后,0.0003312466176272879,0.00033114172996655565,2.921243350417142e-07
2,81002,5,GP 表达式自身产生的状态,500,本轮最优路径,重启和可选上界处理后,0.0003312466176272879,0.00033114172996655565,2.921243350417142e-07
2,81002,6,GP 表达式自身产生的状态,500,本轮最优路径,更新前,0.0014295930730788737,0.0,0.0
2,81002,6,GP 表达式自身产生的状态,500,本轮最优路径,蒸发和下界保护后,0.0014295930730788737,0.0,0.0
2,81002,6,GP 表达式自身产生的状态,500,本轮最优路径,沉积后,0.0014295930730788737,0.001429581608462963,1.254537310983809e-06
2,81002,6,GP 表达式自身产生的状态,500,本轮最优路径,重启和可选上界处理后,0.0014295930730788737,0.001429581608462963,1.254537310983809e-06
2,81002,7,GP 表达式自身产生的状态,500,本轮最优路径,更新前,0.0002832109189450848,0.0,0.0
2,81002,7,GP 表达式自身产生的状态,500,本轮最优路径,蒸发和下界保护后,0.0002832109189450848,0.0,0.0
2,81002,7,GP 表达式自身产生的状态,500,本轮最优路径,沉积后,0.0002832109189450848,0.000283192099824151,2.508637580249145e-07
2,81002,7,GP 表达式自身产生的状态,500,本轮最优路径,重启和可选上界处理后,0.0002832109189450848,0.000283192099824151,2.508637580249145e-07
2,81002,0,GP 表达式自身产生的状态,500,历史重启阶段最优路径,更新前,0.0002872153571833841,0.0,0.0
2,81002,0,GP 表达式自身产生的状态,500,历史重启阶段最优路径,蒸发和下界保护后,0.0002872153571833841,0.0,0.0
2,81002,0,GP 表达式自身产生的状态,500,历史重启阶段最优路径,沉积后,0.0002872153571833841,0.0002873271637065813,2.521113245158691e-07
2,81002,0,GP 表达式自身产生的状态,500,历史重启阶段最优路径,重启和可选上界处理后,0.0002872153571833841,0.0,0.0
2,81002,1,GP 表达式自身产生的状态,500,历史重启阶段最优路径,更新前,0.0005448907979522708,0.0,0.0
2,81002,1,GP 表达式自身产生的状态,500,历史重启阶段最优路径,蒸发和下界保护后,0.0005448907979522708,0.0,0.0
2,81002,1,GP 表达式自身产生的状态,500,历史重启阶段最优路径,沉积后,0.0005448907979522708,0.0005447976470467407,4.794637715638747e-07
2,81002,1,GP 表达式自身产生的状态,500,历史重启阶段最优路径,重启和可选上界处理后,0.0005448907979522708,0.0,0.0
2,81002,2,GP 表达式自身产生的状态,500,历史重启阶段最优路径,更新前,0.00033151277060214406,0.0,0.0
2,81002,2,GP 表达式自身产生的状态,500,历史重启阶段最优路径,蒸发和下界保护后,0.00033151277060214406,0.0,0.0
2,81002,2,GP 表达式自身产生的状态,500,历史重启阶段最优路径,沉积后,0.00033151277060214406,0.00033138626462790913,2.980860394269324e-07
2,81002,2,GP 表达式自身产生的状态,500,历史重启阶段最优路径,重启和可选上界处理后,0.00033151277060214406,0.00033138626462790913,2.980860394269324e-07
2,81002,3,GP 表达式自身产生的状态,500,历史重启阶段最优路径,更新前,0.0003006351892761458,0.0,0.0
2,81002,3,GP 表达式自身产生的状态,500,历史重启阶段最优路径,蒸发和下界保护后,0.0003006351892761458,0.0,0.0
2,81002,3,GP 表达式自身产生的状态,500,历史重启阶段最优路径,沉积后,0.0003006351892761458,0.0003006809433636648,2.638340200782921e-07
2,81002,3,GP 表达式自身产生的状态,500,历史重启阶段最优路径,重启和可选上界处理后,0.0003006351892761458,0.0003006809433636648,2.638340200782921e-07
2,81002,4,GP 表达式自身产生的状态,500,历史重启阶段最优路径,更新前,0.00038610868356517573,0.0,0.0
2,81002,4,GP 表达式自身产生的状态,500,历史重启阶段最优路径,蒸发和下界保护后,0.00038610868356517573,0.0,0.0
2,81002,4,GP 表达式自身产生的状态,500,历史重启阶段最优路径,沉积后,0.00038610868356517573,0.0003861771888528265,3.4171967700971124e-07
2,81002,4,GP 表达式自身产生的状态,500,历史重启阶段最优路径,重启和可选上界处理后,0.00038610868356517573,0.0003861771888528265,3.4171967700971124e-07
2,81002,5,GP 表达式自身产生的状态,500,历史重启阶段最优路径,更新前,0.00033124673874467903,0.0,0.0
2,81002,5,GP 表达式自身产生的状态,500,历史重启阶段最优路径,蒸发和下界保护后,0.00033124673874467903,0.0,0.0
2,81002,5,GP 表达式自身产生的状态,500,历史重启阶段最优路径,沉积后,0.00033124673874467903,0.00033114172996655565,2.921243350417142e-07
2,81002,5,GP 表达式自身产生的状态,500,历史重启阶段最优路径,重启和可选上界处理后,0.00033124673874467903,0.00033114172996655565,2.921243350417142e-07
2,81002,6,GP 表达式自身产生的状态,500,历史重启阶段最优路径,更新前,0.001433208168175927,0.0,0.0
2,81002,6,GP 表达式自身产生的状态,500,历史重启阶段最优路径,蒸发和下界保护后,0.001433208168175927,0.0,0.0
2,81002,6,GP 表达式自身产生的状态,500,历史重启阶段最优路径,沉积后,0.001433208168175927,0.0014331894627499675,1.2577034036285698e-06
2,81002,6,GP 表达式自身产生的状态,500,历史重启阶段最优路径,重启和可选上界处理后,0.001433208168175927,0.0014331894627499675,1.2577034036285698e-06
2,81002,7,GP 表达式自身产生的状态,500,历史重启阶段最优路径,更新前,0.00028381202380785194,0.0,0.0
2,81002,7,GP 表达式自身产生的状态,500,历史重启阶段最优路径,蒸发和下界保护后,0.00028381202380785194,0.0,0.0
2,81002,7,GP 表达式自身产生的状态,500,历史重启阶段最优路径,沉积后,0.00028381202380785194,0.0002837765995802119,2.513815330810023e-07
2,81002,7,GP 表达式自身产生的状态,500,历史重启阶段最优路径,重启和可选上界处理后,0.00028381202380785194,0.0002837765995802119,2.513815330810023e-07
2,81002,0,GP 表达式自身产生的状态,500,历史全局最优路径,更新前,0.0002872153571833841,0.0,0.0
2,81002,0,GP 表达式自身产生的状态,500,历史全局最优路径,蒸发和下界保护后,0.0002872153571833841,0.0,0.0
2,81002,0,GP 表达式自身产生的状态,500,历史全局最优路径,沉积后,0.0002872153571833841,0.0002873271637065813,2.521113245158691e-07
2,81002,0,GP 表达式自身产生的状态,500,历史全局最优路径,重启和可选上界处理后,0.0002872153571833841,0.0,0.0
2,81002,1,GP 表达式自身产生的状态,500,历史全局最优路径,更新前,0.0005448907979522708,0.0,0.0
2,81002,1,GP 表达式自身产生的状态,500,历史全局最优路径,蒸发和下界保护后,0.0005448907979522708,0.0,0.0
2,81002,1,GP 表达式自身产生的状态,500,历史全局最优路径,沉积后,0.0005448907979522708,0.0005447976470467407,4.794637715638747e-07
2,81002,1,GP 表达式自身产生的状态,500,历史全局最优路径,重启和可选上界处理后,0.0005448907979522708,0.0,0.0
2,81002,2,GP 表达式自身产生的状态,500,历史全局最优路径,更新前,0.00033151277060214406,0.0,0.0
2,81002,2,GP 表达式自身产生的状态,500,历史全局最优路径,蒸发和下界保护后,0.00033151277060214406,0.0,0.0
2,81002,2,GP 表达式自身产生的状态,500,历史全局最优路径,沉积后,0.00033151277060214406,0.00033138626462790913,2.980860394269324e-07
2,81002,2,GP 表达式自身产生的状态,500,历史全局最优路径,重启和可选上界处理后,0.00033151277060214406,0.00033138626462790913,2.980860394269324e-07
2,81002,3,GP 表达式自身产生的状态,500,历史全局最优路径,更新前,0.0003006351892761458,0.0,0.0
2,81002,3,GP 表达式自身产生的状态,500,历史全局最优路径,蒸发和下界保护后,0.0003006351892761458,0.0,0.0
2,81002,3,GP 表达式自身产生的状态,500,历史全局最优路径,沉积后,0.0003006351892761458,0.0003006809433636648,2.638340200782921e-07
2,81002,3,GP 表达式自身产生的状态,500,历史全局最优路径,重启和可选上界处理后,0.0003006351892761458,0.0003006809433636648,2.638340200782921e-07
2,81002,4,GP 表达式自身产生的状态,500,历史全局最优路径,更新前,0.00038610868356517573,0.0,0.0
2,81002,4,GP 表达式自身产生的状态,500,历史全局最优路径,蒸发和下界保护后,0.00038610868356517573,0.0,0.0
2,81002,4,GP 表达式自身产生的状态,500,历史全局最优路径,沉积后,0.00038610868356517573,0.0003861771888528265,3.4171967700971124e-07
2,81002,4,GP 表达式自身产生的状态,500,历史全局最优路径,重启和可选上界处理后,0.00038610868356517573,0.0003861771888528265,3.4171967700971124e-07
2,81002,5,GP 表达式自身产生的状态,500,历史全局最优路径,更新前,0.00033124673874467903,0.0,0.0
2,81002,5,GP 表达式自身产生的状态,500,历史全局最优路径,蒸发和下界保护后,0.00033124673874467903,0.0,0.0
2,81002,5,GP 表达式自身产生的状态,500,历史全局最优路径,沉积后,0.00033124673874467903,0.00033114172996655565,2.921243350417142e-07
2,81002,5,GP 表达式自身产生的状态,500,历史全局最优路径,重启和可选上界处理后,0.00033124673874467903,0.00033114172996655565,2.921243350417142e-07
2,81002,6,GP 表达式自身产生的状态,500,历史全局最优路径,更新前,0.001433208168175927,0.0,0.0
2,81002,6,GP 表达式自身产生的状态,500,历史全局最优路径,蒸发和下界保护后,0.001433208168175927,0.0,0.0
2,81002,6,GP 表达式自身产生的状态,500,历史全局最优路径,沉积后,0.001433208168175927,0.0014331894627499675,1.2577034036285698e-06
2,81002,6,GP 表达式自身产生的状态,500,历史全局最优路径,重启和可选上界处理后,0.001433208168175927,0.0014331894627499675,1.2577034036285698e-06
2,81002,7,GP 表达式自身产生的状态,500,历史全局最优路径,更新前,0.00028381202380785194,0.0,0.0
2,81002,7,GP 表达式自身产生的状态,500,历史全局最优路径,蒸发和下界保护后,0.00028381202380785194,0.0,0.0
2,81002,7,GP 表达式自身产生的状态,500,历史全局最优路径,沉积后,0.00028381202380785194,0.0002837765995802119,2.513815330810023e-07
2,81002,7,GP 表达式自身产生的状态,500,历史全局最优路径,重启和可选上界处理后,0.00028381202380785194,0.0002837765995802119,2.513815330810023e-07
2,81003,0,GP 表达式自身产生的状态,500,本轮最优路径,更新前,0.0027922482967055696,0.0,0.0
2,81003,0,GP 表达式自身产生的状态,500,本轮最优路径,蒸发和下界保护后,0.0027922482967055696,0.0,0.0
2,81003,0,GP 表达式自身产生的状态,500,本轮最优路径,沉积后,0.0027922482967055696,0.0027922376729558316,2.45564475170363e-06
2,81003,0,GP 表达式自身产生的状态,500,本轮最优路径,重启和可选上界处理后,0.0027922482967055696,0.0027922376729558316,2.45564475170363e-06
2,81003,1,GP 表达式自身产生的状态,500,本轮最优路径,更新前,0.0039390119911097985,0.0,0.0
2,81003,1,GP 表达式自身产生的状态,500,本轮最优路径,蒸发和下界保护后,0.0039390119911097985,0.0,0.0
2,81003,1,GP 表达式自身产生的状态,500,本轮最优路径,沉积后,0.0039390119911097985,0.003939022038951028,3.4603914388941657e-06
2,81003,1,GP 表达式自身产生的状态,500,本轮最优路径,重启和可选上界处理后,0.0039390119911097985,0.003939022038951028,3.4603914388941657e-06
2,81003,2,GP 表达式自身产生的状态,500,本轮最优路径,更新前,0.0036946686084286264,0.0,0.0
2,81003,2,GP 表达式自身产生的状态,500,本轮最优路径,蒸发和下界保护后,0.0036946686084286264,0.0,0.0
2,81003,2,GP 表达式自身产生的状态,500,本轮最优路径,沉积后,0.0036946686084286264,0.0036946585875003136,3.3368083916514395e-06
2,81003,2,GP 表达式自身产生的状态,500,本轮最优路径,重启和可选上界处理后,0.0036946686084286264,0.0,0.0
2,81003,3,GP 表达式自身产生的状态,500,本轮最优路径,更新前,0.0055729003426513435,0.0,0.0
2,81003,3,GP 表达式自身产生的状态,500,本轮最优路径,蒸发和下界保护后,0.0055729003426513435,0.0,0.0
2,81003,3,GP 表达式自身产生的状态,500,本轮最优路径,沉积后,0.0055729003426513435,0.005572863167263547,4.889841380276687e-06
2,81003,3,GP 表达式自身产生的状态,500,本轮最优路径,重启和可选上界处理后,0.0055729003426513435,0.005572863167263547,4.889841380276687e-06
2,81003,4,GP 表达式自身产生的状态,500,本轮最优路径,更新前,0.004275091143485553,0.0,0.0
2,81003,4,GP 表达式自身产生的状态,500,本轮最优路径,蒸发和下界保护后,0.004275091143485553,0.0,0.0
2,81003,4,GP 表达式自身产生的状态,500,本轮最优路径,沉积后,0.004275091143485553,0.004275055020692296,3.7699008056580243e-06
2,81003,4,GP 表达式自身产生的状态,500,本轮最优路径,重启和可选上界处理后,0.004275091143485553,0.004275055020692296,3.7699008056580243e-06
2,81003,5,GP 表达式自身产生的状态,500,本轮最优路径,更新前,0.003911499859200744,0.0,0.0
2,81003,5,GP 表达式自身产生的状态,500,本轮最优路径,蒸发和下界保护后,0.003911499859200744,0.0,0.0
2,81003,5,GP 表达式自身产生的状态,500,本轮最优路径,沉积后,0.003911499859200744,0.003911547054671824,3.4448088175621785e-06
2,81003,5,GP 表达式自身产生的状态,500,本轮最优路径,重启和可选上界处理后,0.003911499859200744,0.003911547054671824,3.4448088175621785e-06
2,81003,6,GP 表达式自身产生的状态,500,本轮最优路径,更新前,0.005814334110692242,0.0,0.0
2,81003,6,GP 表达式自身产生的状态,500,本轮最优路径,蒸发和下界保护后,0.005814334110692242,0.0,0.0
2,81003,6,GP 表达式自身产生的状态,500,本轮最优路径,沉积后,0.005814334110692242,0.005814328787854013,5.089806263414111e-06
2,81003,6,GP 表达式自身产生的状态,500,本轮最优路径,重启和可选上界处理后,0.005814334110692242,0.0,0.0
2,81003,7,GP 表达式自身产生的状态,500,本轮最优路径,更新前,0.005165856920264251,0.0,0.0
2,81003,7,GP 表达式自身产生的状态,500,本轮最优路径,蒸发和下界保护后,0.005165856920264251,0.0,0.0
2,81003,7,GP 表达式自身产生的状态,500,本轮最优路径,沉积后,0.005165856920264251,0.005165852238654111,4.567549326485576e-06
2,81003,7,GP 表达式自身产生的状态,500,本轮最优路径,重启和可选上界处理后,0.005165856920264251,0.005165852238654111,4.567549326485576e-06
2,81003,0,GP 表达式自身产生的状态,500,历史重启阶段最优路径,更新前,0.002792328468956498,0.0,0.0
2,81003,0,GP 表达式自身产生的状态,500,历史重启阶段最优路径,蒸发和下界保护后,0.002792328468956498,0.0,0.0
2,81003,0,GP 表达式自身产生的状态,500,历史重启阶段最优路径,沉积后,0.002792328468956498,0.002792297956558995,2.455697768363048e-06
2,81003,0,GP 表达式自身产生的状态,500,历史重启阶段最优路径,重启和可选上界处理后,0.002792328468956498,0.002792297956558995,2.455697768363048e-06
2,81003,1,GP 表达式自身产生的状态,500,历史重启阶段最优路径,更新前,0.003938877726831382,0.0,0.0
2,81003,1,GP 表达式自身产生的状态,500,历史重启阶段最优路径,蒸发和下界保护后,0.003938877726831382,0.0,0.0
2,81003,1,GP 表达式自身产生的状态,500,历史重启阶段最优路径,沉积后,0.003938877726831382,0.0039388311299676845,3.4602237272629454e-06
2,81003,1,GP 表达式自身产生的状态,500,历史重启阶段最优路径,重启和可选上界处理后,0.003938877726831382,0.0039388311299676845,3.4602237272629454e-06
2,81003,2,GP 表达式自身产生的状态,500,历史重启阶段最优路径,更新前,0.0036948277212172035,0.0,0.0
2,81003,2,GP 表达式自身产生的状态,500,历史重启阶段最优路径,蒸发和下界保护后,0.0036948277212172035,0.0,0.0
2,81003,2,GP 表达式自身产生的状态,500,历史重启阶段最优路径,沉积后,0.0036948277212172035,0.003694824788262575,3.3369584948572105e-06
2,81003,2,GP 表达式自身产生的状态,500,历史重启阶段最优路径,重启和可选上界处理后,0.0036948277212172035,0.0,0.0
2,81003,3,GP 表达式自身产生的状态,500,历史重启阶段最优路径,更新前,0.005533808495231492,0.0,0.0
2,81003,3,GP 表达式自身产生的状态,500,历史重启阶段最优路径,蒸发和下界保护后,0.005533808495231492,0.0,0.0
2,81003,3,GP 表达式自身产生的状态,500,历史重启阶段最优路径,沉积后,0.005533808495231492,0.0055337984243070395,4.855564494071996e-06
2,81003,3,GP 表达式自身产生的状态,500,历史重启阶段最优路径,重启和可选上界处理后,0.005533808495231492,0.0055337984243070395,4.855564494071996e-06
2,81003,4,GP 表达式自身产生的状态,500,历史重启阶段最优路径,更新前,0.004274919107172515,0.0,0.0
2,81003,4,GP 表达式自身产生的状态,500,历史重启阶段最优路径,蒸发和下界保护后,0.004274919107172515,0.0,0.0
2,81003,4,GP 表达式自身产生的状态,500,历史重启阶段最优路径,沉积后,0.004274919107172515,0.004274889749852242,3.7697550637505974e-06
2,81003,4,GP 表达式自身产生的状态,500,历史重启阶段最优路径,重启和可选上界处理后,0.004274919107172515,0.004274889749852242,3.7697550637505974e-06
2,81003,5,GP 表达式自身产生的状态,500,历史重启阶段最优路径,更新前,0.003910942127631198,0.0,0.0
2,81003,5,GP 表达式自身产生的状态,500,历史重启阶段最优路径,蒸发和下界保护后,0.003910942127631198,0.0,0.0
2,81003,5,GP 表达式自身产生的状态,500,历史重启阶段最优路径,沉积后,0.003910942127631198,0.003911037489174305,3.4443600550407406e-06
2,81003,5,GP 表达式自身产生的状态,500,历史重启阶段最优路径,重启和可选上界处理后,0.003910942127631198,0.003911037489174305,3.4443600550407406e-06
2,81003,6,GP 表达式自身产生的状态,500,历史重启阶段最优路径,更新前,0.005967861943476553,0.0,0.0
2,81003,6,GP 表达式自身产生的状态,500,历史重启阶段最优路径,蒸发和下界保护后,0.005967861943476553,0.0,0.0
2,81003,6,GP 表达式自身产生的状态,500,历史重启阶段最优路径,沉积后,0.005967861943476553,0.005967837022915752,5.2241858633320005e-06
2,81003,6,GP 表达式自身产生的状态,500,历史重启阶段最优路径,重启和可选上界处理后,0.005967861943476553,0.0,0.0
2,81003,7,GP 表达式自身产生的状态,500,历史重启阶段最优路径,更新前,0.005165765628866517,0.0,0.0
2,81003,7,GP 表达式自身产生的状态,500,历史重启阶段最优路径,蒸发和下界保护后,0.005165765628866517,0.0,0.0
2,81003,7,GP 表达式自身产生的状态,500,历史重启阶段最优路径,沉积后,0.005165765628866517,0.005165735937602207,4.567446495284304e-06
2,81003,7,GP 表达式自身产生的状态,500,历史重启阶段最优路径,重启和可选上界处理后,0.005165765628866517,0.005165735937602207,4.567446495284304e-06
2,81003,0,GP 表达式自身产生的状态,500,历史全局最优路径,更新前,0.002792328468956498,0.0,0.0
2,81003,0,GP 表达式自身产生的状态,500,历史全局最优路径,蒸发和下界保护后,0.002792328468956498,0.0,0.0
2,81003,0,GP 表达式自身产生的状态,500,历史全局最优路径,沉积后,0.002792328468956498,0.002792297956558995,2.455697768363048e-06
2,81003,0,GP 表达式自身产生的状态,500,历史全局最优路径,重启和可选上界处理后,0.002792328468956498,0.002792297956558995,2.455697768363048e-06
2,81003,1,GP 表达式自身产生的状态,500,历史全局最优路径,更新前,0.003938877726831382,0.0,0.0
2,81003,1,GP 表达式自身产生的状态,500,历史全局最优路径,蒸发和下界保护后,0.003938877726831382,0.0,0.0
2,81003,1,GP 表达式自身产生的状态,500,历史全局最优路径,沉积后,0.003938877726831382,0.0039388311299676845,3.4602237272629454e-06
2,81003,1,GP 表达式自身产生的状态,500,历史全局最优路径,重启和可选上界处理后,0.003938877726831382,0.0039388311299676845,3.4602237272629454e-06
2,81003,2,GP 表达式自身产生的状态,500,历史全局最优路径,更新前,0.0036948277212172035,0.0,0.0
2,81003,2,GP 表达式自身产生的状态,500,历史全局最优路径,蒸发和下界保护后,0.0036948277212172035,0.0,0.0
2,81003,2,GP 表达式自身产生的状态,500,历史全局最优路径,沉积后,0.0036948277212172035,0.003694824788262575,3.3369584948572105e-06
2,81003,2,GP 表达式自身产生的状态,500,历史全局最优路径,重启和可选上界处理后,0.0036948277212172035,0.0,0.0
2,81003,3,GP 表达式自身产生的状态,500,历史全局最优路径,更新前,0.005533808495231492,0.0,0.0
2,81003,3,GP 表达式自身产生的状态,500,历史全局最优路径,蒸发和下界保护后,0.005533808495231492,0.0,0.0
2,81003,3,GP 表达式自身产生的状态,500,历史全局最优路径,沉积后,0.005533808495231492,0.0055337984243070395,4.855564494071996e-06
2,81003,3,GP 表达式自身产生的状态,500,历史全局最优路径,重启和可选上界处理后,0.005533808495231492,0.0055337984243070395,4.855564494071996e-06
2,81003,4,GP 表达式自身产生的状态,500,历史全局最优路径,更新前,0.004274919107172515,0.0,0.0
2,81003,4,GP 表达式自身产生的状态,500,历史全局最优路径,蒸发和下界保护后,0.004274919107172515,0.0,0.0
2,81003,4,GP 表达式自身产生的状态,500,历史全局最优路径,沉积后,0.004274919107172515,0.004274889749852242,3.7697550637505974e-06
2,81003,4,GP 表达式自身产生的状态,500,历史全局最优路径,重启和可选上界处理后,0.004274919107172515,0.004274889749852242,3.7697550637505974e-06
2,81003,5,GP 表达式自身产生的状态,500,历史全局最优路径,更新前,0.003910942127631198,0.0,0.0
2,81003,5,GP 表达式自身产生的状态,500,历史全局最优路径,蒸发和下界保护后,0.003910942127631198,0.0,0.0
2,81003,5,GP 表达式自身产生的状态,500,历史全局最优路径,沉积后,0.003910942127631198,0.003911037489174305,3.4443600550407406e-06
2,81003,5,GP 表达式自身产生的状态,500,历史全局最优路径,重启和可选上界处理后,0.003910942127631198,0.003911037489174305,3.4443600550407406e-06
2,81003,6,GP 表达式自身产生的状态,500,历史全局最优路径,更新前,0.005967861943476553,0.0,0.0
2,81003,6,GP 表达式自身产生的状态,500,历史全局最优路径,蒸发和下界保护后,0.005967861943476553,0.0,0.0
2,81003,6,GP 表达式自身产生的状态,500,历史全局最优路径,沉积后,0.005967861943476553,0.005967837022915752,5.2241858633320005e-06
2,81003,6,GP 表达式自身产生的状态,500,历史全局最优路径,重启和可选上界处理后,0.005967861943476553,0.0,0.0
2,81003,7,GP 表达式自身产生的状态,500,历史全局最优路径,更新前,0.005165765628866517,0.0,0.0
2,81003,7,GP 表达式自身产生的状态,500,历史全局最优路径,蒸发和下界保护后,0.005165765628866517,0.0,0.0
2,81003,7,GP 表达式自身产生的状态,500,历史全局最优路径,沉积后,0.005165765628866517,0.005165735937602207,4.567446495284304e-06
2,81003,7,GP 表达式自身产生的状态,500,历史全局最优路径,重启和可选上界处理后,0.005165765628866517,0.005165735937602207,4.567446495284304e-06
2,81002,0,不使用 GP 产生的状态,1000,本轮最优路径,更新前,3.193740989494986e-05,0.0,0.0
2,81002,0,不使用 GP 产生的状态,1000,本轮最优路径,蒸发和下界保护后,3.193740989494986e-05,0.0,0.0
2,81002,0,不使用 GP 产生的状态,1000,本轮最优路径,沉积后,3.193740989494986e-05,3.202168661003393e-05,2.6625689902274877e-08
2,81002,0,不使用 GP 产生的状态,1000,本轮最优路径,重启和可选上界处理后,3.193740989494986e-05,3.202168661003393e-05,2.6625689902274877e-08
2,81002,1,不使用 GP 产生的状态,1000,本轮最优路径,更新前,1.9620430124341873e-05,0.0,0.0
2,81002,1,不使用 GP 产生的状态,1000,本轮最优路径,蒸发和下界保护后,1.9620430124341873e-05,0.0,0.0
2,81002,1,不使用 GP 产生的状态,1000,本轮最优路径,沉积后,1.9620430124341873e-05,1.9782238277033956e-05,1.7400769605592102e-08
2,81002,1,不使用 GP 产生的状态,1000,本轮最优路径,重启和可选上界处理后,1.9620430124341873e-05,1.9782238277033956e-05,1.7400769605592102e-08
2,81002,2,不使用 GP 产生的状态,1000,本轮最优路径,更新前,0.09613954176169219,0.0,0.0
2,81002,2,不使用 GP 产生的状态,1000,本轮最优路径,蒸发和下界保护后,0.09613954176169219,0.0,0.0
2,81002,2,不使用 GP 产生的状态,1000,本轮最优路径,沉积后,0.09613954176169219,0.09613950206095864,7.720902212544056e-05
2,81002,2,不使用 GP 产生的状态,1000,本轮最优路径,重启和可选上界处理后,0.09613954176169219,0.09613950206095864,7.720902212544056e-05
2,81002,3,不使用 GP 产生的状态,1000,本轮最优路径,更新前,2.0647585111654735e-05,0.0,0.0
2,81002,3,不使用 GP 产生的状态,1000,本轮最优路径,蒸发和下界保护后,2.0647585111654735e-05,0.0,0.0
2,81002,3,不使用 GP 产生的状态,1000,本轮最优路径,沉积后,2.0647585111654735e-05,2.0721252393846285e-05,1.8195829890947385e-08
2,81002,3,不使用 GP 产生的状态,1000,本轮最优路径,重启和可选上界处理后,2.0647585111654735e-05,0.0,0.0
2,81002,4,不使用 GP 产生的状态,1000,本轮最优路径,更新前,0.002794637632739042,0.0,0.0
2,81002,4,不使用 GP 产生的状态,1000,本轮最优路径,蒸发和下界保护后,0.002794637632739042,0.0,0.0
2,81002,4,不使用 GP 产生的状态,1000,本轮最优路径,沉积后,0.002794637632739042,0.002794782544567529,2.3176565465950288e-06
2,81002,4,不使用 GP 产生的状态,1000,本轮最优路径,重启和可选上界处理后,0.002794637632739042,0.002794782544567529,2.3176565465950288e-06
2,81002,5,不使用 GP 产生的状态,1000,本轮最优路径,更新前,0.0009445658285209464,0.0,0.0
2,81002,5,不使用 GP 产生的状态,1000,本轮最优路径,蒸发和下界保护后,0.0009445658285209464,0.0,0.0
2,81002,5,不使用 GP 产生的状态,1000,本轮最优路径,沉积后,0.0009445658285209464,0.0009446699598802699,7.822307840548775e-07
2,81002,5,不使用 GP 产生的状态,1000,本轮最优路径,重启和可选上界处理后,0.0009445658285209464,0.0009446699598802699,7.822307840548775e-07
2,81002,6,不使用 GP 产生的状态,1000,本轮最优路径,更新前,6.247570594840695e-05,0.0,0.0
2,81002,6,不使用 GP 产生的状态,1000,本轮最优路径,蒸发和下界保护后,6.247570594840695e-05,0.0,0.0
2,81002,6,不使用 GP 产生的状态,1000,本轮最优路径,沉积后,6.247570594840695e-05,6.267480182649465e-05,5.211591622717117e-08
2,81002,6,不使用 GP 产生的状态,1000,本轮最优路径,重启和可选上界处理后,6.247570594840695e-05,6.267480182649465e-05,5.211591622717117e-08
2,81002,7,不使用 GP 产生的状态,1000,本轮最优路径,更新前,1.6937439707184384e-05,0.0,0.0
2,81002,7,不使用 GP 产生的状态,1000,本轮最优路径,蒸发和下界保护后,1.6937439707184384e-05,0.0,0.0
2,81002,7,不使用 GP 产生的状态,1000,本轮最优路径,沉积后,1.6937439707184384e-05,1.6963377969921742e-05,1.5027810851740435e-08
2,81002,7,不使用 GP 产生的状态,1000,本轮最优路径,重启和可选上界处理后,1.6937439707184384e-05,1.6963377969921742e-05,1.5027810851740435e-08
2,81002,0,不使用 GP 产生的状态,1000,历史重启阶段最优路径,更新前,1.7865054791220503e-05,0.0,0.0
2,81002,0,不使用 GP 产生的状态,1000,历史重启阶段最优路径,蒸发和下界保护后,1.7865054791220503e-05,0.0,0.0
2,81002,0,不使用 GP 产生的状态,1000,历史重启阶段最优路径,沉积后,1.7865054791220503e-05,1.8033484467034627e-05,1.4994649442553083e-08
2,81002,0,不使用 GP 产生的状态,1000,历史重启阶段最优路径,重启和可选上界处理后,1.7865054791220503e-05,1.8033484467034627e-05,1.4994649442553083e-08
2,81002,1,不使用 GP 产生的状态,1000,历史重启阶段最优路径,更新前,5.470420060828065e-05,0.0,0.0
2,81002,1,不使用 GP 产生的状态,1000,历史重启阶段最优路径,蒸发和下界保护后,5.470420060828065e-05,0.0,0.0
2,81002,1,不使用 GP 产生的状态,1000,历史重启阶段最优路径,沉积后,5.470420060828065e-05,5.492044654257611e-05,4.830889323747902e-08
2,81002,1,不使用 GP 产生的状态,1000,历史重启阶段最优路径,重启和可选上界处理后,5.470420060828065e-05,5.492044654257611e-05,4.830889323747902e-08
2,81002,2,不使用 GP 产生的状态,1000,历史重启阶段最优路径,更新前,0.06204298728164495,0.0,0.0
2,81002,2,不使用 GP 产生的状态,1000,历史重启阶段最优路径,蒸发和下界保护后,0.06204298728164495,0.0,0.0
2,81002,2,不使用 GP 产生的状态,1000,历史重启阶段最优路径,沉积后,0.06204298728164495,0.06204299018966047,4.9826330484264846e-05
2,81002,2,不使用 GP 产生的状态,1000,历史重启阶段最优路径,重启和可选上界处理后,0.06204298728164495,0.06204299018966047,4.9826330484264846e-05
2,81002,3,不使用 GP 产生的状态,1000,历史重启阶段最优路径,更新前,3.750024925132376e-05,0.0,0.0
2,81002,3,不使用 GP 产生的状态,1000,历史重启阶段最优路径,蒸发和下界保护后,3.750024925132376e-05,0.0,0.0
2,81002,3,不使用 GP 产生的状态,1000,历史重启阶段最优路径,沉积后,3.750024925132376e-05,3.745627249264617e-05,3.2891253369780145e-08
2,81002,3,不使用 GP 产生的状态,1000,历史重启阶段最优路径,重启和可选上界处理后,3.750024925132376e-05,0.0,0.0
2,81002,4,不使用 GP 产生的状态,1000,历史重启阶段最优路径,更新前,0.0027920209012604114,0.0,0.0
2,81002,4,不使用 GP 产生的状态,1000,历史重启阶段最优路径,蒸发和下界保护后,0.0027920209012604114,0.0,0.0
2,81002,4,不使用 GP 产生的状态,1000,历史重启阶段最优路径,沉积后,0.0027920209012604114,0.002792117710077612,2.3154466533376252e-06
2,81002,4,不使用 GP 产生的状态,1000,历史重启阶段最优路径,重启和可选上界处理后,0.0027920209012604114,0.002792117710077612,2.3154466533376252e-06
2,81002,5,不使用 GP 产生的状态,1000,历史重启阶段最优路径,更新前,0.0009557213869836159,0.0,0.0
2,81002,5,不使用 GP 产生的状态,1000,历史重启阶段最优路径,蒸发和下界保护后,0.0009557213869836159,0.0,0.0
2,81002,5,不使用 GP 产生的状态,1000,历史重启阶段最优路径,沉积后,0.0009557213869836159,0.000955717615871304,7.913787584531853e-07
2,81002,5,不使用 GP 产生的状态,1000,历史重启阶段最优路径,重启和可选上界处理后,0.0009557213869836159,0.000955717615871304,7.913787584531853e-07
2,81002,6,不使用 GP 产生的状态,1000,历史重启阶段最优路径,更新前,6.92990337605608e-05,0.0,0.0
2,81002,6,不使用 GP 产生的状态,1000,历史重启阶段最优路径,蒸发和下界保护后,6.92990337605608e-05,0.0,0.0
2,81002,6,不使用 GP 产生的状态,1000,历史重启阶段最优路径,沉积后,6.92990337605608e-05,6.947018847957301e-05,5.776647739724828e-08
2,81002,6,不使用 GP 产生的状态,1000,历史重启阶段最优路径,重启和可选上界处理后,6.92990337605608e-05,6.947018847957301e-05,5.776647739724828e-08
2,81002,7,不使用 GP 产生的状态,1000,历史重启阶段最优路径,更新前,2.60657413082519e-05,0.0,0.0
2,81002,7,不使用 GP 产生的状态,1000,历史重启阶段最优路径,蒸发和下界保护后,2.60657413082519e-05,0.0,0.0
2,81002,7,不使用 GP 产生的状态,1000,历史重启阶段最优路径,沉积后,2.60657413082519e-05,2.6082828599818217e-05,2.3106707601012223e-08
2,81002,7,不使用 GP 产生的状态,1000,历史重启阶段最优路径,重启和可选上界处理后,2.60657413082519e-05,2.6082828599818217e-05,2.3106707601012223e-08
2,81002,0,不使用 GP 产生的状态,1000,历史全局最优路径,更新前,3.800867474856125e-05,0.0,0.0
2,81002,0,不使用 GP 产生的状态,1000,历史全局最优路径,蒸发和下界保护后,3.800867474856125e-05,0.0,0.0
2,81002,0,不使用 GP 产生的状态,1000,历史全局最优路径,沉积后,3.800867474856125e-05,3.812525135004318e-05,3.170073869795644e-08
2,81002,0,不使用 GP 产生的状态,1000,历史全局最优路径,重启和可选上界处理后,3.800867474856125e-05,3.812525135004318e-05,3.170073869795644e-08
2,81002,1,不使用 GP 产生的状态,1000,历史全局最优路径,更新前,5.470420060828065e-05,0.0,0.0
2,81002,1,不使用 GP 产生的状态,1000,历史全局最优路径,蒸发和下界保护后,5.470420060828065e-05,0.0,0.0
2,81002,1,不使用 GP 产生的状态,1000,历史全局最优路径,沉积后,5.470420060828065e-05,5.492044654257611e-05,4.830889323747902e-08
2,81002,1,不使用 GP 产生的状态,1000,历史全局最优路径,重启和可选上界处理后,5.470420060828065e-05,5.492044654257611e-05,4.830889323747902e-08
2,81002,2,不使用 GP 产生的状态,1000,历史全局最优路径,更新前,0.10528528532416513,0.0,0.0
2,81002,2,不使用 GP 产生的状态,1000,历史全局最优路径,蒸发和下界保护后,0.10528528532416513,0.0,0.0
2,81002,2,不使用 GP 产生的状态,1000,历史全局最优路径,沉积后,0.10528528532416513,0.10528527609437677,8.455393503390064e-05
2,81002,2,不使用 GP 产生的状态,1000,历史全局最优路径,重启和可选上界处理后,0.10528528532416513,0.10528527609437677,8.455393503390064e-05
2,81002,3,不使用 GP 产生的状态,1000,历史全局最优路径,更新前,3.750024925132376e-05,0.0,0.0
2,81002,3,不使用 GP 产生的状态,1000,历史全局最优路径,蒸发和下界保护后,3.750024925132376e-05,0.0,0.0
2,81002,3,不使用 GP 产生的状态,1000,历史全局最优路径,沉积后,3.750024925132376e-05,3.745627249264617e-05,3.2891253369780145e-08
2,81002,3,不使用 GP 产生的状态,1000,历史全局最优路径,重启和可选上界处理后,3.750024925132376e-05,0.0,0.0
2,81002,4,不使用 GP 产生的状态,1000,历史全局最优路径,更新前,0.05707103615736167,0.0,0.0
2,81002,4,不使用 GP 产生的状态,1000,历史全局最优路径,蒸发和下界保护后,0.05707103615736167,0.0,0.0
2,81002,4,不使用 GP 产生的状态,1000,历史全局最优路径,沉积后,0.05707103615736167,0.05707117914024735,4.732797269447662e-05
2,81002,4,不使用 GP 产生的状态,1000,历史全局最优路径,重启和可选上界处理后,0.05707103615736167,0.05707117914024735,4.732797269447662e-05
2,81002,5,不使用 GP 产生的状态,1000,历史全局最优路径,更新前,0.08907516105948687,0.0,0.0
2,81002,5,不使用 GP 产生的状态,1000,历史全局最优路径,蒸发和下界保护后,0.08907516105948687,0.0,0.0
2,81002,5,不使用 GP 产生的状态,1000,历史全局最优路径,沉积后,0.08907516105948687,0.08907521324681532,7.3758446416511e-05
2,81002,5,不使用 GP 产生的状态,1000,历史全局最优路径,重启和可选上界处理后,0.08907516105948687,0.08907521324681532,7.3758446416511e-05
2,81002,6,不使用 GP 产生的状态,1000,历史全局最优路径,更新前,6.92990337605608e-05,0.0,0.0
2,81002,6,不使用 GP 产生的状态,1000,历史全局最优路径,蒸发和下界保护后,6.92990337605608e-05,0.0,0.0
2,81002,6,不使用 GP 产生的状态,1000,历史全局最优路径,沉积后,6.92990337605608e-05,6.947018847957301e-05,5.776647739724828e-08
2,81002,6,不使用 GP 产生的状态,1000,历史全局最优路径,重启和可选上界处理后,6.92990337605608e-05,6.947018847957301e-05,5.776647739724828e-08
2,81002,7,不使用 GP 产生的状态,1000,历史全局最优路径,更新前,2.60657413082519e-05,0.0,0.0
2,81002,7,不使用 GP 产生的状态,1000,历史全局最优路径,蒸发和下界保护后,2.60657413082519e-05,0.0,0.0
2,81002,7,不使用 GP 产生的状态,1000,历史全局最优路径,沉积后,2.60657413082519e-05,2.6082828599818217e-05,2.3106707601012223e-08
2,81002,7,不使用 GP 产生的状态,1000,历史全局最优路径,重启和可选上界处理后,2.60657413082519e-05,2.6082828599818217e-05,2.3106707601012223e-08
2,81003,0,不使用 GP 产生的状态,1000,本轮最优路径,更新前,0.0029147944678976218,0.0,0.0
2,81003,0,不使用 GP 产生的状态,1000,本轮最优路径,蒸发和下界保护后,0.0029147944678976218,0.0,0.0
2,81003,0,不使用 GP 产生的状态,1000,本轮最优路径,沉积后,0.0029147944678976218,0.002914698187010198,2.4235403659761847e-06
2,81003,0,不使用 GP 产生的状态,1000,本轮最优路径,重启和可选上界处理后,0.0029147944678976218,0.002914698187010198,2.4235403659761847e-06
2,81003,1,不使用 GP 产生的状态,1000,本轮最优路径,更新前,0.004915204736111484,0.0,0.0
2,81003,1,不使用 GP 产生的状态,1000,本轮最优路径,蒸发和下界保护后,0.004915204736111484,0.0,0.0
2,81003,1,不使用 GP 产生的状态,1000,本轮最优路径,沉积后,0.004915204736111484,0.0049151968338528645,4.323484859208415e-06
2,81003,1,不使用 GP 产生的状态,1000,本轮最优路径,重启和可选上界处理后,0.004915204736111484,0.0049151968338528645,4.323484859208415e-06
2,81003,2,不使用 GP 产生的状态,1000,本轮最优路径,更新前,0.11646743047405245,0.0,0.0
2,81003,2,不使用 GP 产生的状态,1000,本轮最优路径,蒸发和下界保护后,0.11646743047405245,0.0,0.0
2,81003,2,不使用 GP 产生的状态,1000,本轮最优路径,沉积后,0.11646743047405245,0.11646742731316602,9.353424949729461e-05
2,81003,2,不使用 GP 产生的状态,1000,本轮最优路径,重启和可选上界处理后,0.11646743047405245,0.11646742731316602,9.353424949729461e-05
2,81003,3,不使用 GP 产生的状态,1000,本轮最优路径,更新前,0.004730570613838192,0.0,0.0
2,81003,3,不使用 GP 产生的状态,1000,本轮最优路径,蒸发和下界保护后,0.004730570613838192,0.0,0.0
2,81003,3,不使用 GP 产生的状态,1000,本轮最优路径,沉积后,0.004730570613838192,0.0047305625390096214,4.154020693935946e-06
2,81003,3,不使用 GP 产生的状态,1000,本轮最优路径,重启和可选上界处理后,0.004730570613838192,0.0,0.0
2,81003,4,不使用 GP 产生的状态,1000,本轮最优路径,更新前,0.006600605271776005,0.0,0.0
2,81003,4,不使用 GP 产生的状态,1000,本轮最优路径,蒸发和下界保护后,0.006600605271776005,0.0,0.0
2,81003,4,不使用 GP 产生的状态,1000,本轮最优路径,沉积后,0.006600605271776005,0.006600548126845304,5.473700845539591e-06
2,81003,4,不使用 GP 产生的状态,1000,本轮最优路径,重启和可选上界处理后,0.006600605271776005,0.006600548126845304,5.473700845539591e-06
2,81003,5,不使用 GP 产生的状态,1000,本轮最优路径,更新前,0.00371097791172613,0.0,0.0
2,81003,5,不使用 GP 产生的状态,1000,本轮最优路径,蒸发和下界保护后,0.00371097791172613,0.0,0.0
2,81003,5,不使用 GP 产生的状态,1000,本轮最优路径,沉积后,0.00371097791172613,0.0037109730457747596,3.072858753305568e-06
2,81003,5,不使用 GP 产生的状态,1000,本轮最优路径,重启和可选上界处理后,0.00371097791172613,0.0037109730457747596,3.072858753305568e-06
2,81003,6,不使用 GP 产生的状态,1000,本轮最优路径,更新前,0.003736574469015212,0.0,0.0
2,81003,6,不使用 GP 产生的状态,1000,本轮最优路径,蒸发和下界保护后,0.003736574469015212,0.0,0.0
2,81003,6,不使用 GP 产生的状态,1000,本轮最优路径,沉积后,0.003736574469015212,0.0037364601642735397,3.106975039929425e-06
2,81003,6,不使用 GP 产生的状态,1000,本轮最优路径,重启和可选上界处理后,0.003736574469015212,0.0037364601642735397,3.106975039929425e-06
2,81003,7,不使用 GP 产生的状态,1000,本轮最优路径,更新前,0.004035914637843121,0.0,0.0
2,81003,7,不使用 GP 产生的状态,1000,本轮最优路径,蒸发和下界保护后,0.004035914637843121,0.0,0.0
2,81003,7,不使用 GP 产生的状态,1000,本轮最优路径,沉积后,0.004035914637843121,0.004035873702101455,3.57536964183873e-06
2,81003,7,不使用 GP 产生的状态,1000,本轮最优路径,重启和可选上界处理后,0.004035914637843121,0.004035873702101455,3.57536964183873e-06
2,81003,0,不使用 GP 产生的状态,1000,历史重启阶段最优路径,更新前,0.002914774295937917,0.0,0.0
2,81003,0,不使用 GP 产生的状态,1000,历史重启阶段最优路径,蒸发和下界保护后,0.002914774295937917,0.0,0.0
2,81003,0,不使用 GP 产生的状态,1000,历史重启阶段最优路径,沉积后,0.002914774295937917,0.0029146417550247675,2.4234934433839132e-06
2,81003,0,不使用 GP 产生的状态,1000,历史重启阶段最优路径,重启和可选上界处理后,0.002914774295937917,0.0029146417550247675,2.4234934433839132e-06
2,81003,1,不使用 GP 产生的状态,1000,历史重启阶段最优路径,更新前,0.004915265696392265,0.0,0.0
2,81003,1,不使用 GP 产生的状态,1000,历史重启阶段最优路径,蒸发和下界保护后,0.004915265696392265,0.0,0.0
2,81003,1,不使用 GP 产生的状态,1000,历史重启阶段最优路径,沉积后,0.004915265696392265,0.004915210882312632,4.323497216455775e-06
2,81003,1,不使用 GP 产生的状态,1000,历史重启阶段最优路径,重启和可选上界处理后,0.004915265696392265,0.004915210882312632,4.323497216455775e-06
2,81003,2,不使用 GP 产生的状态,1000,历史重启阶段最优路径,更新前,0.10323122740446658,0.0,0.0
2,81003,2,不使用 GP 产生的状态,1000,历史重启阶段最优路径,蒸发和下界保护后,0.10323122740446658,0.0,0.0
2,81003,2,不使用 GP 产生的状态,1000,历史重启阶段最优路径,沉积后,0.10323122740446658,0.10323122399070923,8.290433886459329e-05
2,81003,2,不使用 GP 产生的状态,1000,历史重启阶段最优路径,重启和可选上界处理后,0.10323122740446658,0.10323122399070923,8.290433886459329e-05
2,81003,3,不使用 GP 产生的状态,1000,历史重启阶段最优路径,更新前,0.004730507133262812,0.0,0.0
2,81003,3,不使用 GP 产生的状态,1000,历史重启阶段最优路径,蒸发和下界保护后,0.004730507133262812,0.0,0.0
2,81003,3,不使用 GP 产生的状态,1000,历史重启阶段最优路径,沉积后,0.004730507133262812,0.004730536699558195,4.153998003692437e-06
2,81003,3,不使用 GP 产生的状态,1000,历史重启阶段最优路径,重启和可选上界处理后,0.004730507133262812,0.0,0.0
2,81003,4,不使用 GP 产生的状态,1000,历史重启阶段最优路径,更新前,0.006539572074608545,0.0,0.0
2,81003,4,不使用 GP 产生的状态,1000,历史重启阶段最优路径,蒸发和下界保护后,0.006539572074608545,0.0,0.0
2,81003,4,不使用 GP 产生的状态,1000,历史重启阶段最优路径,沉积后,0.006539572074608545,0.006539494193542652,5.423070055502164e-06
2,81003,4,不使用 GP 产生的状态,1000,历史重启阶段最优路径,重启和可选上界处理后,0.006539572074608545,0.006539494193542652,5.423070055502164e-06
2,81003,5,不使用 GP 产生的状态,1000,历史重启阶段最优路径,更新前,0.00371097791172613,0.0,0.0
2,81003,5,不使用 GP 产生的状态,1000,历史重启阶段最优路径,蒸发和下界保护后,0.00371097791172613,0.0,0.0
2,81003,5,不使用 GP 产生的状态,1000,历史重启阶段最优路径,沉积后,0.00371097791172613,0.0037109730457747596,3.072858753305568e-06
2,81003,5,不使用 GP 产生的状态,1000,历史重启阶段最优路径,重启和可选上界处理后,0.00371097791172613,0.0037109730457747596,3.072858753305568e-06
2,81003,6,不使用 GP 产生的状态,1000,历史重启阶段最优路径,更新前,0.0037364288363073033,0.0,0.0
2,81003,6,不使用 GP 产生的状态,1000,历史重启阶段最优路径,蒸发和下界保护后,0.0037364288363073033,0.0,0.0
2,81003,6,不使用 GP 产生的状态,1000,历史重启阶段最优路径,沉积后,0.0037364288363073033,0.003736422425565178,3.1069436590984345e-06
2,81003,6,不使用 GP 产生的状态,1000,历史重启阶段最优路径,重启和可选上界处理后,0.0037364288363073033,0.003736422425565178,3.1069436590984345e-06
2,81003,7,不使用 GP 产生的状态,1000,历史重启阶段最优路径,更新前,0.004036023553960587,0.0,0.0
2,81003,7,不使用 GP 产生的状态,1000,历史重启阶段最优路径,蒸发和下界保护后,0.004036023553960587,0.0,0.0
2,81003,7,不使用 GP 产生的状态,1000,历史重启阶段最优路径,沉积后,0.004036023553960587,0.004036046787759911,3.57552297795734e-06
2,81003,7,不使用 GP 产生的状态,1000,历史重启阶段最优路径,重启和可选上界处理后,0.004036023553960587,0.004036046787759911,3.57552297795734e-06
2,81003,0,不使用 GP 产生的状态,1000,历史全局最优路径,更新前,0.002914774295937917,0.0,0.0
2,81003,0,不使用 GP 产生的状态,1000,历史全局最优路径,蒸发和下界保护后,0.002914774295937917,0.0,0.0
2,81003,0,不使用 GP 产生的状态,1000,历史全局最优路径,沉积后,0.002914774295937917,0.0029146417550247675,2.4234934433839132e-06
2,81003,0,不使用 GP 产生的状态,1000,历史全局最优路径,重启和可选上界处理后,0.002914774295937917,0.0029146417550247675,2.4234934433839132e-06
2,81003,1,不使用 GP 产生的状态,1000,历史全局最优路径,更新前,0.004915265696392265,0.0,0.0
2,81003,1,不使用 GP 产生的状态,1000,历史全局最优路径,蒸发和下界保护后,0.004915265696392265,0.0,0.0
2,81003,1,不使用 GP 产生的状态,1000,历史全局最优路径,沉积后,0.004915265696392265,0.004915210882312632,4.323497216455775e-06
2,81003,1,不使用 GP 产生的状态,1000,历史全局最优路径,重启和可选上界处理后,0.004915265696392265,0.004915210882312632,4.323497216455775e-06
2,81003,2,不使用 GP 产生的状态,1000,历史全局最优路径,更新前,0.13313207181327624,0.0,0.0
2,81003,2,不使用 GP 产生的状态,1000,历史全局最优路径,蒸发和下界保护后,0.13313207181327624,0.0,0.0
2,81003,2,不使用 GP 产生的状态,1000,历史全局最优路径,沉积后,0.13313207181327624,0.1331321064565915,0.00010691754723772057
2,81003,2,不使用 GP 产生的状态,1000,历史全局最优路径,重启和可选上界处理后,0.13313207181327624,0.1331321064565915,0.00010691754723772057
2,81003,3,不使用 GP 产生的状态,1000,历史全局最优路径,更新前,0.004730507133262812,0.0,0.0
2,81003,3,不使用 GP 产生的状态,1000,历史全局最优路径,蒸发和下界保护后,0.004730507133262812,0.0,0.0
2,81003,3,不使用 GP 产生的状态,1000,历史全局最优路径,沉积后,0.004730507133262812,0.004730536699558195,4.153998003692437e-06
2,81003,3,不使用 GP 产生的状态,1000,历史全局最优路径,重启和可选上界处理后,0.004730507133262812,0.0,0.0
2,81003,4,不使用 GP 产生的状态,1000,历史全局最优路径,更新前,0.04797127654857998,0.0,0.0
2,81003,4,不使用 GP 产生的状态,1000,历史全局最优路径,蒸发和下界保护后,0.04797127654857998,0.0,0.0
2,81003,4,不使用 GP 产生的状态,1000,历史全局最优路径,沉积后,0.04797127654857998,0.04797137733584172,3.978169140483106e-05
2,81003,4,不使用 GP 产生的状态,1000,历史全局最优路径,重启和可选上界处理后,0.04797127654857998,0.04797137733584172,3.978169140483106e-05
2,81003,5,不使用 GP 产生的状态,1000,历史全局最优路径,更新前,0.07418175222535138,0.0,0.0
2,81003,5,不使用 GP 产生的状态,1000,历史全局最优路径,蒸发和下界保护后,0.07418175222535138,0.0,0.0
2,81003,5,不使用 GP 产生的状态,1000,历史全局最优路径,沉积后,0.07418175222535138,0.07418181536107041,6.14260157674632e-05
2,81003,5,不使用 GP 产生的状态,1000,历史全局最优路径,重启和可选上界处理后,0.07418175222535138,0.07418181536107041,6.14260157674632e-05
2,81003,6,不使用 GP 产生的状态,1000,历史全局最优路径,更新前,0.0037364288363073033,0.0,0.0
2,81003,6,不使用 GP 产生的状态,1000,历史全局最优路径,蒸发和下界保护后,0.0037364288363073033,0.0,0.0
2,81003,6,不使用 GP 产生的状态,1000,历史全局最优路径,沉积后,0.0037364288363073033,0.003736422425565178,3.1069436590984345e-06
2,81003,6,不使用 GP 产生的状态,1000,历史全局最优路径,重启和可选上界处理后,0.0037364288363073033,0.003736422425565178,3.1069436590984345e-06
2,81003,7,不使用 GP 产生的状态,1000,历史全局最优路径,更新前,0.004036023553960587,0.0,0.0
2,81003,7,不使用 GP 产生的状态,1000,历史全局最优路径,蒸发和下界保护后,0.004036023553960587,0.0,0.0
2,81003,7,不使用 GP 产生的状态,1000,历史全局最优路径,沉积后,0.004036023553960587,0.004036046787759911,3.57552297795734e-06
2,81003,7,不使用 GP 产生的状态,1000,历史全局最优路径,重启和可选上界处理后,0.004036023553960587,0.004036046787759911,3.57552297795734e-06
2,81001,0,不使用 GP 产生的状态,1000,本轮最优路径,更新前,0.00046057620807376734,0.0,0.0
2,81001,0,不使用 GP 产生的状态,1000,本轮最优路径,蒸发和下界保护后,0.00046057620807376734,0.0,0.0
2,81001,0,不使用 GP 产生的状态,1000,本轮最优路径,沉积后,0.00046057620807376734,0.00046066716752396817,3.830398223561745e-07
2,81001,0,不使用 GP 产生的状态,1000,本轮最优路径,重启和可选上界处理后,0.00046057620807376734,0.00046066716752396817,3.830398223561745e-07
2,81001,1,不使用 GP 产生的状态,1000,本轮最优路径,更新前,0.0005647800680308304,0.0,0.0
2,81001,1,不使用 GP 产生的状态,1000,本轮最优路径,蒸发和下界保护后,0.0005647800680308304,0.0,0.0
2,81001,1,不使用 GP 产生的状态,1000,本轮最优路径,沉积后,0.0005647800680308304,0.0005649066296014245,4.969008042824855e-07
2,81001,1,不使用 GP 产生的状态,1000,本轮最优路径,重启和可选上界处理后,0.0005647800680308304,0.0005649066296014245,4.969008042824855e-07
2,81001,2,不使用 GP 产生的状态,1000,本轮最优路径,更新前,0.12705509393183442,0.0,0.0
2,81001,2,不使用 GP 产生的状态,1000,本轮最优路径,蒸发和下界保护后,0.12705509393183442,0.0,0.0
2,81001,2,不使用 GP 产生的状态,1000,本轮最优路径,沉积后,0.12705509393183442,0.12705506611603384,0.00010203711482385385
2,81001,2,不使用 GP 产生的状态,1000,本轮最优路径,重启和可选上界处理后,0.12705509393183442,0.12705506611603384,0.00010203711482385385
2,81001,3,不使用 GP 产生的状态,1000,本轮最优路径,更新前,0.0008947303859561739,0.0,0.0
2,81001,3,不使用 GP 产生的状态,1000,本轮最优路径,蒸发和下界保护后,0.0008947303859561739,0.0,0.0
2,81001,3,不使用 GP 产生的状态,1000,本轮最优路径,沉积后,0.0008947303859561739,0.0008947983387443,7.857439332831467e-07
2,81001,3,不使用 GP 产生的状态,1000,本轮最优路径,重启和可选上界处理后,0.0008947303859561739,0.0,0.0
2,81001,4,不使用 GP 产生的状态,1000,本轮最优路径,更新前,0.0005473382452601709,0.0,0.0
2,81001,4,不使用 GP 产生的状态,1000,本轮最优路径,蒸发和下界保护后,0.0005473382452601709,0.0,0.0
2,81001,4,不使用 GP 产生的状态,1000,本轮最优路径,沉积后,0.0005473382452601709,0.0005473905678338509,4.5393990868824845e-07
2,81001,4,不使用 GP 产生的状态,1000,本轮最优路径,重启和可选上界处理后,0.0005473382452601709,0.0005473905678338509,4.5393990868824845e-07
2,81001,5,不使用 GP 产生的状态,1000,本轮最优路径,更新前,0.0006888099647147678,0.0,0.0
2,81001,5,不使用 GP 产生的状态,1000,本轮最优路径,蒸发和下界保护后,0.0006888099647147678,0.0,0.0
2,81001,5,不使用 GP 产生的状态,1000,本轮最优路径,沉积后,0.0006888099647147678,0.0006887919606946977,5.703518671570736e-07
2,81001,5,不使用 GP 产生的状态,1000,本轮最优路径,重启和可选上界处理后,0.0006888099647147678,0.0006887919606946977,5.703518671570736e-07
2,81001,6,不使用 GP 产生的状态,1000,本轮最优路径,更新前,0.0005660422819301831,0.0,0.0
2,81001,6,不使用 GP 产生的状态,1000,本轮最优路径,蒸发和下界保护后,0.0005660422819301831,0.0,0.0
2,81001,6,不使用 GP 产生的状态,1000,本轮最优路径,沉积后,0.0005660422819301831,0.0005659707961076134,4.7062113859769415e-07
2,81001,6,不使用 GP 产生的状态,1000,本轮最优路径,重启和可选上界处理后,0.0005660422819301831,0.0005659707961076134,4.7062113859769415e-07
2,81001,7,不使用 GP 产生的状态,1000,本轮最优路径,更新前,0.0006096900522857157,0.0,0.0
2,81001,7,不使用 GP 产生的状态,1000,本轮最优路径,蒸发和下界保护后,0.0006096900522857157,0.0,0.0
2,81001,7,不使用 GP 产生的状态,1000,本轮最优路径,沉积后,0.0006096900522857157,0.0006096194903766577,5.400602644802753e-07
2,81001,7,不使用 GP 产生的状态,1000,本轮最优路径,重启和可选上界处理后,0.0006096900522857157,0.0006096194903766577,5.400602644802753e-07
2,81001,0,不使用 GP 产生的状态,1000,历史重启阶段最优路径,更新前,0.00046214764086104706,0.0,0.0
2,81001,0,不使用 GP 产生的状态,1000,历史重启阶段最优路径,蒸发和下界保护后,0.00046214764086104706,0.0,0.0
2,81001,0,不使用 GP 产生的状态,1000,历史重启阶段最优路径,沉积后,0.00046214764086104706,0.0004621452895283208,3.842688649923388e-07
2,81001,0,不使用 GP 产生的状态,1000,历史重启阶段最优路径,重启和可选上界处理后,0.00046214764086104706,0.0004621452895283208,3.842688649923388e-07
2,81001,1,不使用 GP 产生的状态,1000,历史重启阶段最优路径,更新前,0.0005647800680308304,0.0,0.0
2,81001,1,不使用 GP 产生的状态,1000,历史重启阶段最优路径,蒸发和下界保护后,0.0005647800680308304,0.0,0.0
2,81001,1,不使用 GP 产生的状态,1000,历史重启阶段最优路径,沉积后,0.0005647800680308304,0.0005649066296014245,4.969008042824855e-07
2,81001,1,不使用 GP 产生的状态,1000,历史重启阶段最优路径,重启和可选上界处理后,0.0005647800680308304,0.0005649066296014245,4.969008042824855e-07
2,81001,2,不使用 GP 产生的状态,1000,历史重启阶段最优路径,更新前,0.11051641454897054,0.0,0.0
2,81001,2,不使用 GP 产生的状态,1000,历史重启阶段最优路径,蒸发和下界保护后,0.11051641454897054,0.0,0.0
2,81001,2,不使用 GP 产生的状态,1000,历史重启阶段最优路径,沉积后,0.11051641454897054,0.11051646234157333,8.875506740970602e-05
2,81001,2,不使用 GP 产生的状态,1000,历史重启阶段最优路径,重启和可选上界处理后,0.11051641454897054,0.11051646234157333,8.875506740970602e-05
2,81001,3,不使用 GP 产生的状态,1000,历史重启阶段最优路径,更新前,0.0008944395678994952,0.0,0.0
2,81001,3,不使用 GP 产生的状态,1000,历史重启阶段最优路径,蒸发和下界保护后,0.0008944395678994952,0.0,0.0
2,81001,3,不使用 GP 产生的状态,1000,历史重启阶段最优路径,沉积后,0.0008944395678994952,0.0008944962159276223,7.854786319744249e-07
2,81001,3,不使用 GP 产生的状态,1000,历史重启阶段最优路径,重启和可选上界处理后,0.0008944395678994952,0.0,0.0
2,81001,4,不使用 GP 产生的状态,1000,历史重启阶段最优路径,更新前,0.0005473254660140647,0.0,0.0
2,81001,4,不使用 GP 产生的状态,1000,历史重启阶段最优路径,蒸发和下界保护后,0.0005473254660140647,0.0,0.0
2,81001,4,不使用 GP 产生的状态,1000,历史重启阶段最优路径,沉积后,0.0005473254660140647,0.0005475227004162319,4.5404948356203214e-07
2,81001,4,不使用 GP 产生的状态,1000,历史重启阶段最优路径,重启和可选上界处理后,0.0005473254660140647,0.0005475227004162319,4.5404948356203214e-07
2,81001,5,不使用 GP 产生的状态,1000,历史重启阶段最优路径,更新前,0.0006890432870829716,0.0,0.0
2,81001,5,不使用 GP 产生的状态,1000,历史重启阶段最优路径,蒸发和下界保护后,0.0006890432870829716,0.0,0.0
2,81001,5,不使用 GP 产生的状态,1000,历史重启阶段最优路径,沉积后,0.0006890432870829716,0.000688983679178686,5.705106190031331e-07
2,81001,5,不使用 GP 产生的状态,1000,历史重启阶段最优路径,重启和可选上界处理后,0.0006890432870829716,0.000688983679178686,5.705106190031331e-07
2,81001,6,不使用 GP 产生的状态,1000,历史重启阶段最优路径,更新前,0.0005660422819301831,0.0,0.0
2,81001,6,不使用 GP 产生的状态,1000,历史重启阶段最优路径,蒸发和下界保护后,0.0005660422819301831,0.0,0.0
2,81001,6,不使用 GP 产生的状态,1000,历史重启阶段最优路径,沉积后,0.0005660422819301831,0.0005659707961076134,4.7062113859769415e-07
2,81001,6,不使用 GP 产生的状态,1000,历史重启阶段最优路径,重启和可选上界处理后,0.0005660422819301831,0.0005659707961076134,4.7062113859769415e-07
2,81001,7,不使用 GP 产生的状态,1000,历史重启阶段最优路径,更新前,0.0006095867909553869,0.0,0.0
2,81001,7,不使用 GP 产生的状态,1000,历史重启阶段最优路径,蒸发和下界保护后,0.0006095867909553869,0.0,0.0
2,81001,7,不使用 GP 产生的状态,1000,历史重启阶段最优路径,沉积后,0.0006095867909553869,0.00060973356956064,5.401613269220866e-07
2,81001,7,不使用 GP 产生的状态,1000,历史重启阶段最优路径,重启和可选上界处理后,0.0006095867909553869,0.00060973356956064,5.401613269220866e-07
2,81001,0,不使用 GP 产生的状态,1000,历史全局最优路径,更新前,0.00046214764086104706,0.0,0.0
2,81001,0,不使用 GP 产生的状态,1000,历史全局最优路径,蒸发和下界保护后,0.00046214764086104706,0.0,0.0
2,81001,0,不使用 GP 产生的状态,1000,历史全局最优路径,沉积后,0.00046214764086104706,0.0004621452895283208,3.842688649923388e-07
2,81001,0,不使用 GP 产生的状态,1000,历史全局最优路径,重启和可选上界处理后,0.00046214764086104706,0.0004621452895283208,3.842688649923388e-07
2,81001,1,不使用 GP 产生的状态,1000,历史全局最优路径,更新前,0.0005647800680308304,0.0,0.0
2,81001,1,不使用 GP 产生的状态,1000,历史全局最优路径,蒸发和下界保护后,0.0005647800680308304,0.0,0.0
2,81001,1,不使用 GP 产生的状态,1000,历史全局最优路径,沉积后,0.0005647800680308304,0.0005649066296014245,4.969008042824855e-07
2,81001,1,不使用 GP 产生的状态,1000,历史全局最优路径,重启和可选上界处理后,0.0005647800680308304,0.0005649066296014245,4.969008042824855e-07
2,81001,2,不使用 GP 产生的状态,1000,历史全局最优路径,更新前,0.14651654865147382,0.0,0.0
2,81001,2,不使用 GP 产生的状态,1000,历史全局最优路径,蒸发和下界保护后,0.14651654865147382,0.0,0.0
2,81001,2,不使用 GP 产生的状态,1000,历史全局最优路径,沉积后,0.14651654865147382,0.14651654941008654,0.00011766650817448365
2,81001,2,不使用 GP 产生的状态,1000,历史全局最优路径,重启和可选上界处理后,0.14651654865147382,0.14651654941008654,0.00011766650817448365
2,81001,3,不使用 GP 产生的状态,1000,历史全局最优路径,更新前,0.0008944395678994952,0.0,0.0
2,81001,3,不使用 GP 产生的状态,1000,历史全局最优路径,蒸发和下界保护后,0.0008944395678994952,0.0,0.0
2,81001,3,不使用 GP 产生的状态,1000,历史全局最优路径,沉积后,0.0008944395678994952,0.0008944962159276223,7.854786319744249e-07
2,81001,3,不使用 GP 产生的状态,1000,历史全局最优路径,重启和可选上界处理后,0.0008944395678994952,0.0,0.0
2,81001,4,不使用 GP 产生的状态,1000,历史全局最优路径,更新前,0.0573056479254467,0.0,0.0
2,81001,4,不使用 GP 产生的状态,1000,历史全局最优路径,蒸发和下界保护后,0.0573056479254467,0.0,0.0
2,81001,4,不使用 GP 产生的状态,1000,历史全局最优路径,沉积后,0.0573056479254467,0.057305867824926866,4.7522595266281556e-05
2,81001,4,不使用 GP 产生的状态,1000,历史全局最优路径,重启和可选上界处理后,0.0573056479254467,0.057305867824926866,4.7522595266281556e-05
2,81001,5,不使用 GP 产生的状态,1000,历史全局最优路径,更新前,0.09003682292155209,0.0,0.0
2,81001,5,不使用 GP 产生的状态,1000,历史全局最优路径,蒸发和下界保护后,0.09003682292155209,0.0,0.0
2,81001,5,不使用 GP 产生的状态,1000,历史全局最优路径,沉积后,0.09003682292155209,0.0900368490760407,7.455472589984587e-05
2,81001,5,不使用 GP 产生的状态,1000,历史全局最优路径,重启和可选上界处理后,0.09003682292155209,0.0900368490760407,7.455472589984587e-05
2,81001,6,不使用 GP 产生的状态,1000,历史全局最优路径,更新前,0.0005660422819301831,0.0,0.0
2,81001,6,不使用 GP 产生的状态,1000,历史全局最优路径,蒸发和下界保护后,0.0005660422819301831,0.0,0.0
2,81001,6,不使用 GP 产生的状态,1000,历史全局最优路径,沉积后,0.0005660422819301831,0.0005659707961076134,4.7062113859769415e-07
2,81001,6,不使用 GP 产生的状态,1000,历史全局最优路径,重启和可选上界处理后,0.0005660422819301831,0.0005659707961076134,4.7062113859769415e-07
2,81001,7,不使用 GP 产生的状态,1000,历史全局最优路径,更新前,0.0006095867909553869,0.0,0.0
2,81001,7,不使用 GP 产生的状态,1000,历史全局最优路径,蒸发和下界保护后,0.0006095867909553869,0.0,0.0
2,81001,7,不使用 GP 产生的状态,1000,历史全局最优路径,沉积后,0.0006095867909553869,0.00060973356956064,5.401613269220866e-07
2,81001,7,不使用 GP 产生的状态,1000,历史全局最优路径,重启和可选上界处理后,0.0006095867909553869,0.00060973356956064,5.401613269220866e-07
2,81001,0,GP 表达式自身产生的状态,1000,本轮最优路径,更新前,0.000587258643429872,0.0,0.0
2,81001,0,GP 表达式自身产生的状态,1000,本轮最优路径,蒸发和下界保护后,0.000587258643429872,0.0,0.0
2,81001,0,GP 表达式自身产生的状态,1000,本轮最优路径,沉积后,0.000587258643429872,0.0005871949399536762,4.882794431910461e-07
2,81001,0,GP 表达式自身产生的状态,1000,本轮最优路径,重启和可选上界处理后,0.000587258643429872,0.0005871949399536762,4.882794431910461e-07
2,81001,1,GP 表达式自身产生的状态,1000,本轮最优路径,更新前,0.01752862959558794,0.0,0.0
2,81001,1,GP 表达式自身产生的状态,1000,本轮最优路径,蒸发和下界保护后,0.01752862959558794,0.0,0.0
2,81001,1,GP 表达式自身产生的状态,1000,本轮最优路径,沉积后,0.01752862959558794,0.01752858357089786,1.4526940835157028e-05
2,81001,1,GP 表达式自身产生的状态,1000,本轮最优路径,重启和可选上界处理后,0.01752862959558794,0.01752858357089786,1.4526940835157028e-05
2,81001,2,GP 表达式自身产生的状态,1000,本轮最优路径,更新前,0.00047525712156005703,0.0,0.0
2,81001,2,GP 表达式自身产生的状态,1000,本轮最优路径,蒸发和下界保护后,0.00047525712156005703,0.0,0.0
2,81001,2,GP 表达式自身产生的状态,1000,本轮最优路径,沉积后,0.00047525712156005703,0.000475229187968734,3.9517808723598896e-07
2,81001,2,GP 表达式自身产生的状态,1000,本轮最优路径,重启和可选上界处理后,0.00047525712156005703,0.000475229187968734,3.9517808723598896e-07
2,81001,3,GP 表达式自身产生的状态,1000,本轮最优路径,更新前,0.000751385994982937,0.0,0.0
2,81001,3,GP 表达式自身产生的状态,1000,本轮最优路径,蒸发和下界保护后,0.000751385994982937,0.0,0.0
2,81001,3,GP 表达式自身产生的状态,1000,本轮最优路径,沉积后,0.000751385994982937,0.0007514252723250265,6.248369208917121e-07
2,81001,3,GP 表达式自身产生的状态,1000,本轮最优路径,重启和可选上界处理后,0.000751385994982937,0.0007514252723250265,6.248369208917121e-07
2,81001,4,GP 表达式自身产生的状态,1000,本轮最优路径,更新前,0.0006678326835770371,0.0,0.0
2,81001,4,GP 表达式自身产生的状态,1000,本轮最优路径,蒸发和下界保护后,0.0006678326835770371,0.0,0.0
2,81001,4,GP 表达式自身产生的状态,1000,本轮最优路径,沉积后,0.0006678326835770371,0.0006678133158042719,5.553145521305113e-07
2,81001,4,GP 表达式自身产生的状态,1000,本轮最优路径,重启和可选上界处理后,0.0006678326835770371,0.0006678133158042719,5.553145521305113e-07
2,81001,5,GP 表达式自身产生的状态,1000,本轮最优路径,更新前,0.0006881798976119707,0.0,0.0
2,81001,5,GP 表达式自身产生的状态,1000,本轮最优路径,蒸发和下界保护后,0.0006881798976119707,0.0,0.0
2,81001,5,GP 表达式自身产生的状态,1000,本轮最优路径,沉积后,0.0006881798976119707,0.0006881555408138254,5.691685669883434e-07
2,81001,5,GP 表达式自身产生的状态,1000,本轮最优路径,重启和可选上界处理后,0.0006881798976119707,0.0006881555408138254,5.691685669883434e-07
2,81001,6,GP 表达式自身产生的状态,1000,本轮最优路径,更新前,0.0006263610840281216,0.0,0.0
2,81001,6,GP 表达式自身产生的状态,1000,本轮最优路径,蒸发和下界保护后,0.0006263610840281216,0.0,0.0
2,81001,6,GP 表达式自身产生的状态,1000,本轮最优路径,沉积后,0.0006263610840281216,0.0006262644192139695,5.493614810562498e-07
2,81001,6,GP 表达式自身产生的状态,1000,本轮最优路径,重启和可选上界处理后,0.0006263610840281216,0.0006262644192139695,5.493614810562498e-07
2,81001,7,GP 表达式自身产生的状态,1000,本轮最优路径,更新前,0.013757867099339703,0.0,0.0
2,81001,7,GP 表达式自身产生的状态,1000,本轮最优路径,蒸发和下界保护后,0.013757867099339703,0.0,0.0
2,81001,7,GP 表达式自身产生的状态,1000,本轮最优路径,沉积后,0.013757867099339703,0.013757883919497029,1.1395958811276264e-05
2,81001,7,GP 表达式自身产生的状态,1000,本轮最优路径,重启和可选上界处理后,0.013757867099339703,0.013757883919497029,1.1395958811276264e-05
2,81001,0,GP 表达式自身产生的状态,1000,历史重启阶段最优路径,更新前,0.000587394815783058,0.0,0.0
2,81001,0,GP 表达式自身产生的状态,1000,历史重启阶段最优路径,蒸发和下界保护后,0.000587394815783058,0.0,0.0
2,81001,0,GP 表达式自身产生的状态,1000,历史重启阶段最优路径,沉积后,0.000587394815783058,0.0005872581496044751,4.883320049060684e-07
2,81001,0,GP 表达式自身产生的状态,1000,历史重启阶段最优路径,重启和可选上界处理后,0.000587394815783058,0.0005872581496044751,4.883320049060684e-07
2,81001,1,GP 表达式自身产生的状态,1000,历史重启阶段最优路径,更新前,0.01752862959558794,0.0,0.0
2,81001,1,GP 表达式自身产生的状态,1000,历史重启阶段最优路径,蒸发和下界保护后,0.01752862959558794,0.0,0.0
2,81001,1,GP 表达式自身产生的状态,1000,历史重启阶段最优路径,沉积后,0.01752862959558794,0.01752858357089786,1.4526940835157028e-05
2,81001,1,GP 表达式自身产生的状态,1000,历史重启阶段最优路径,重启和可选上界处理后,0.01752862959558794,0.01752858357089786,1.4526940835157028e-05
2,81001,2,GP 表达式自身产生的状态,1000,历史重启阶段最优路径,更新前,0.0004714945034030638,0.0,0.0
2,81001,2,GP 表达式自身产生的状态,1000,历史重启阶段最优路径,蒸发和下界保护后,0.0004714945034030638,0.0,0.0
2,81001,2,GP 表达式自身产生的状态,1000,历史重启阶段最优路径,沉积后,0.0004714945034030638,0.00047152292491737944,3.92096134400373e-07
2,81001,2,GP 表达式自身产生的状态,1000,历史重启阶段最优路径,重启和可选上界处理后,0.0004714945034030638,0.00047152292491737944,3.92096134400373e-07
2,81001,3,GP 表达式自身产生的状态,1000,历史重启阶段最优路径,更新前,0.000751385994982937,0.0,0.0
2,81001,3,GP 表达式自身产生的状态,1000,历史重启阶段最优路径,蒸发和下界保护后,0.000751385994982937,0.0,0.0
2,81001,3,GP 表达式自身产生的状态,1000,历史重启阶段最优路径,沉积后,0.000751385994982937,0.0007514252723250265,6.248369208917121e-07
2,81001,3,GP 表达式自身产生的状态,1000,历史重启阶段最优路径,重启和可选上界处理后,0.000751385994982937,0.0007514252723250265,6.248369208917121e-07
2,81001,4,GP 表达式自身产生的状态,1000,历史重启阶段最优路径,更新前,0.00066691915024549,0.0,0.0
2,81001,4,GP 表达式自身产生的状态,1000,历史重启阶段最优路径,蒸发和下界保护后,0.00066691915024549,0.0,0.0
2,81001,4,GP 表达式自身产生的状态,1000,历史重启阶段最优路径,沉积后,0.00066691915024549,0.0006669481417562752,5.545951239196502e-07
2,81001,4,GP 表达式自身产生的状态,1000,历史重启阶段最优路径,重启和可选上界处理后,0.00066691915024549,0.0006669481417562752,5.545951239196502e-07
2,81001,5,GP 表达式自身产生的状态,1000,历史重启阶段最优路径,更新前,0.0006881666231569815,0.0,0.0
2,81001,5,GP 表达式自身产生的状态,1000,历史重启阶段最优路径,蒸发和下界保护后,0.0006881666231569815,0.0,0.0
2,81001,5,GP 表达式自身产生的状态,1000,历史重启阶段最优路径,沉积后,0.0006881666231569815,0.0006881760005242675,5.691854890697373e-07
2,81001,5,GP 表达式自身产生的状态,1000,历史重启阶段最优路径,重启和可选上界处理后,0.0006881666231569815,0.0006881760005242675,5.691854890697373e-07
2,81001,6,GP 表达式自身产生的状态,1000,历史重启阶段最优路径,更新前,0.0006265869973016455,0.0,0.0
2,81001,6,GP 表达式自身产生的状态,1000,历史重启阶段最优路径,蒸发和下界保护后,0.0006265869973016455,0.0,0.0
2,81001,6,GP 表达式自身产生的状态,1000,历史重启阶段最优路径,沉积后,0.0006265869973016455,0.0006265699813980308,5.496295213421747e-07
2,81001,6,GP 表达式自身产生的状态,1000,历史重启阶段最优路径,重启和可选上界处理后,0.0006265869973016455,0.0006265699813980308,5.496295213421747e-07
2,81001,7,GP 表达式自身产生的状态,1000,历史重启阶段最优路径,更新前,0.007884822794927995,0.0,0.0
2,81001,7,GP 表达式自身产生的状态,1000,历史重启阶段最优路径,蒸发和下界保护后,0.007884822794927995,0.0,0.0
2,81001,7,GP 表达式自身产生的状态,1000,历史重启阶段最优路径,沉积后,0.007884822794927995,0.007884854525261413,6.53119897860494e-06
2,81001,7,GP 表达式自身产生的状态,1000,历史重启阶段最优路径,重启和可选上界处理后,0.007884822794927995,0.007884854525261413,6.53119897860494e-06
2,81001,0,GP 表达式自身产生的状态,1000,历史全局最优路径,更新前,0.000587394815783058,0.0,0.0
2,81001,0,GP 表达式自身产生的状态,1000,历史全局最优路径,蒸发和下界保护后,0.000587394815783058,0.0,0.0
2,81001,0,GP 表达式自身产生的状态,1000,历史全局最优路径,沉积后,0.000587394815783058,0.0005872581496044751,4.883320049060684e-07
2,81001,0,GP 表达式自身产生的状态,1000,历史全局最优路径,重启和可选上界处理后,0.000587394815783058,0.0005872581496044751,4.883320049060684e-07
2,81001,1,GP 表达式自身产生的状态,1000,历史全局最优路径,更新前,0.15114636399214157,0.0,0.0
2,81001,1,GP 表达式自身产生的状态,1000,历史全局最优路径,蒸发和下界保护后,0.15114636399214157,0.0,0.0
2,81001,1,GP 表达式自身产生的状态,1000,历史全局最优路径,沉积后,0.15114636399214157,0.15114638750748868,0.00012526366548033273
2,81001,1,GP 表达式自身产生的状态,1000,历史全局最优路径,重启和可选上界处理后,0.15114636399214157,0.15114638750748868,0.00012526366548033273
2,81001,2,GP 表达式自身产生的状态,1000,历史全局最优路径,更新前,0.0004714945034030638,0.0,0.0
2,81001,2,GP 表达式自身产生的状态,1000,历史全局最优路径,蒸发和下界保护后,0.0004714945034030638,0.0,0.0
2,81001,2,GP 表达式自身产生的状态,1000,历史全局最优路径,沉积后,0.0004714945034030638,0.00047152292491737944,3.92096134400373e-07
2,81001,2,GP 表达式自身产生的状态,1000,历史全局最优路径,重启和可选上界处理后,0.0004714945034030638,0.00047152292491737944,3.92096134400373e-07
2,81001,3,GP 表达式自身产生的状态,1000,历史全局最优路径,更新前,0.0007519515389908701,0.0,0.0
2,81001,3,GP 表达式自身产生的状态,1000,历史全局最优路径,蒸发和下界保护后,0.0007519515389908701,0.0,0.0
2,81001,3,GP 表达式自身产生的状态,1000,历史全局最优路径,沉积后,0.0007519515389908701,0.0007519562622155517,6.25278457928647e-07
2,81001,3,GP 表达式自身产生的状态,1000,历史全局最优路径,重启和可选上界处理后,0.0007519515389908701,0.0007519562622155517,6.25278457928647e-07
2,81001,4,GP 表达式自身产生的状态,1000,历史全局最优路径,更新前,0.0006676047212826888,0.0,0.0
2,81001,4,GP 表达式自身产生的状态,1000,历史全局最优路径,蒸发和下界保护后,0.0006676047212826888,0.0,0.0
2,81001,4,GP 表达式自身产生的状态,1000,历史全局最优路径,沉积后,0.0006676047212826888,0.0006676160291748623,5.551505000913272e-07
2,81001,4,GP 表达式自身产生的状态,1000,历史全局最优路径,重启和可选上界处理后,0.0006676047212826888,0.0006676160291748623,5.551505000913272e-07
2,81001,5,GP 表达式自身产生的状态,1000,历史全局最优路径,更新前,0.06672056936513698,0.0,0.0
2,81001,5,GP 表达式自身产生的状态,1000,历史全局最优路径,蒸发和下界保护后,0.06672056936513698,0.0,0.0
2,81001,5,GP 表达式自身产生的状态,1000,历史全局最优路径,沉积后,0.06672056936513698,0.06672057070476088,5.5184104978408655e-05
2,81001,5,GP 表达式自身产生的状态,1000,历史全局最优路径,重启和可选上界处理后,0.06672056936513698,0.06672057070476088,5.5184104978408655e-05
2,81001,6,GP 表达式自身产生的状态,1000,历史全局最优路径,更新前,0.0006265869973016455,0.0,0.0
2,81001,6,GP 表达式自身产生的状态,1000,历史全局最优路径,蒸发和下界保护后,0.0006265869973016455,0.0,0.0
2,81001,6,GP 表达式自身产生的状态,1000,历史全局最优路径,沉积后,0.0006265869973016455,0.0006265699813980308,5.496295213421747e-07
2,81001,6,GP 表达式自身产生的状态,1000,历史全局最优路径,重启和可选上界处理后,0.0006265869973016455,0.0006265699813980308,5.496295213421747e-07
2,81001,7,GP 表达式自身产生的状态,1000,历史全局最优路径,更新前,0.09469754772861226,0.0,0.0
2,81001,7,GP 表达式自身产生的状态,1000,历史全局最优路径,蒸发和下界保护后,0.09469754772861226,0.0,0.0
2,81001,7,GP 表达式自身产生的状态,1000,历史全局最优路径,沉积后,0.09469754772861226,0.09469762819427333,7.844013488863233e-05
2,81001,7,GP 表达式自身产生的状态,1000,历史全局最优路径,重启和可选上界处理后,0.09469754772861226,0.09469762819427333,7.844013488863233e-05
2,81002,0,GP 表达式自身产生的状态,1000,本轮最优路径,更新前,0.00030028622980240365,0.0,0.0
2,81002,0,GP 表达式自身产生的状态,1000,本轮最优路径,蒸发和下界保护后,0.00030028622980240365,0.0,0.0
2,81002,0,GP 表达式自身产生的状态,1000,本轮最优路径,沉积后,0.00030028622980240365,0.00030019845899075133,2.4967040607085407e-07
2,81002,0,GP 表达式自身产生的状态,1000,本轮最优路径,重启和可选上界处理后,0.00030028622980240365,0.00030019845899075133,2.4967040607085407e-07
2,81002,1,GP 表达式自身产生的状态,1000,本轮最优路径,更新前,0.0010666574791205567,0.0,0.0
2,81002,1,GP 表达式自身产生的状态,1000,本轮最优路径,蒸发和下界保护后,0.0010666574791205567,0.0,0.0
2,81002,1,GP 表达式自身产生的状态,1000,本轮最优路径,沉积后,0.0010666574791205567,0.0010665369972629331,8.868859560518776e-07
2,81002,1,GP 表达式自身产生的状态,1000,本轮最优路径,重启和可选上界处理后,0.0010666574791205567,0.0010665369972629331,8.868859560518776e-07
2,81002,2,GP 表达式自身产生的状态,1000,本轮最优路径,更新前,0.035804494420429656,0.0,0.0
2,81002,2,GP 表达式自身产生的状态,1000,本轮最优路径,蒸发和下界保护后,0.035804494420429656,0.0,0.0
2,81002,2,GP 表达式自身产生的状态,1000,本轮最优路径,沉积后,0.035804494420429656,0.03580447114543323,2.971036150644738e-05
2,81002,2,GP 表达式自身产生的状态,1000,本轮最优路径,重启和可选上界处理后,0.035804494420429656,0.03580447114543323,2.971036150644738e-05
2,81002,3,GP 表达式自身产生的状态,1000,本轮最优路径,更新前,0.0011230457653390459,0.0,0.0
2,81002,3,GP 表达式自身产生的状态,1000,本轮最优路径,蒸发和下界保护后,0.0011230457653390459,0.0,0.0
2,81002,3,GP 表达式自身产生的状态,1000,本轮最优路径,沉积后,0.0011230457653390459,0.001123026120921035,9.338199463867236e-07
2,81002,3,GP 表达式自身产生的状态,1000,本轮最优路径,重启和可选上界处理后,0.0011230457653390459,0.001123026120921035,9.338199463867236e-07
2,81002,4,GP 表达式自身产生的状态,1000,本轮最优路径,更新前,0.00034612546934622727,0.0,0.0
2,81002,4,GP 表达式自身产生的状态,1000,本轮最优路径,蒸发和下界保护后,0.00034612546934622727,0.0,0.0
2,81002,4,GP 表达式自身产生的状态,1000,本轮最优路径,沉积后,0.00034612546934622727,0.00034606575626919164,2.8836103721641853e-07
2,81002,4,GP 表达式自身产生的状态,1000,本轮最优路径,重启和可选上界处理后,0.00034612546934622727,0.00034606575626919164,2.8836103721641853e-07
2,81002,5,GP 表达式自身产生的状态,1000,本轮最优路径,更新前,0.00044898895155143123,0.0,0.0
2,81002,5,GP 表达式自身产生的状态,1000,本轮最优路径,蒸发和下界保护后,0.00044898895155143123,0.0,0.0
2,81002,5,GP 表达式自身产生的状态,1000,本轮最优路径,沉积后,0.00044898895155143123,0.0004489172500558729,3.7329405908652953e-07
2,81002,5,GP 表达式自身产生的状态,1000,本轮最优路径,重启和可选上界处理后,0.00044898895155143123,0.0004489172500558729,3.7329405908652953e-07
2,81002,6,GP 表达式自身产生的状态,1000,本轮最优路径,更新前,5.1520355202602596e-05,0.0,0.0
2,81002,6,GP 表达式自身产生的状态,1000,本轮最优路径,蒸发和下界保护后,5.1520355202602596e-05,0.0,0.0
2,81002,6,GP 表达式自身产生的状态,1000,本轮最优路径,沉积后,5.1520355202602596e-05,5.146672939909195e-05,4.265879288289388e-08
2,81002,6,GP 表达式自身产生的状态,1000,本轮最优路径,重启和可选上界处理后,5.1520355202602596e-05,5.146672939909195e-05,4.265879288289388e-08
2,81002,7,GP 表达式自身产生的状态,1000,本轮最优路径,更新前,0.0020457824794273406,0.0,0.0
2,81002,7,GP 表达式自身产生的状态,1000,本轮最优路径,蒸发和下界保护后,0.0020457824794273406,0.0,0.0
2,81002,7,GP 表达式自身产生的状态,1000,本轮最优路径,沉积后,0.0020457824794273406,0.002045764890314311,1.7009814489627012e-06
2,81002,7,GP 表达式自身产生的状态,1000,本轮最优路径,重启和可选上界处理后,0.0020457824794273406,0.002045764890314311,1.7009814489627012e-06
2,81002,0,GP 表达式自身产生的状态,1000,历史重启阶段最优路径,更新前,0.00028889360320897493,0.0,0.0
2,81002,0,GP 表达式自身产生的状态,1000,历史重启阶段最优路径,蒸发和下界保护后,0.00028889360320897493,0.0,0.0
2,81002,0,GP 表达式自身产生的状态,1000,历史重启阶段最优路径,沉积后,0.00028889360320897493,0.0002887835492575519,2.4017680254626755e-07
2,81002,0,GP 表达式自身产生的状态,1000,历史重启阶段最优路径,重启和可选上界处理后,0.00028889360320897493,0.0002887835492575519,2.4017680254626755e-07
2,81002,1,GP 表达式自身产生的状态,1000,历史重启阶段最优路径,更新前,0.0010676693512047203,0.0,0.0
2,81002,1,GP 表达式自身产生的状态,1000,历史重启阶段最优路径,蒸发和下界保护后,0.0010676693512047203,0.0,0.0
2,81002,1,GP 表达式自身产生的状态,1000,历史重启阶段最优路径,沉积后,0.0010676693512047203,0.0010675590244256267,8.877358295580221e-07
2,81002,1,GP 表达式自身产生的状态,1000,历史重启阶段最优路径,重启和可选上界处理后,0.0010676693512047203,0.0010675590244256267,8.877358295580221e-07
2,81002,2,GP 表达式自身产生的状态,1000,历史重启阶段最优路径,更新前,0.035804494420429656,0.0,0.0
2,81002,2,GP 表达式自身产生的状态,1000,历史重启阶段最优路径,蒸发和下界保护后,0.035804494420429656,0.0,0.0
2,81002,2,GP 表达式自身产生的状态,1000,历史重启阶段最优路径,沉积后,0.035804494420429656,0.03580447114543323,2.971036150644738e-05
2,81002,2,GP 表达式自身产生的状态,1000,历史重启阶段最优路径,重启和可选上界处理后,0.035804494420429656,0.03580447114543323,2.971036150644738e-05
2,81002,3,GP 表达式自身产生的状态,1000,历史重启阶段最优路径,更新前,0.0011209978969272923,0.0,0.0
2,81002,3,GP 表达式自身产生的状态,1000,历史重启阶段最优路径,蒸发和下界保护后,0.0011209978969272923,0.0,0.0
2,81002,3,GP 表达式自身产生的状态,1000,历史重启阶段最优路径,沉积后,0.0011209978969272923,0.0011210368127680353,9.321657946282078e-07
2,81002,3,GP 表达式自身产生的状态,1000,历史重启阶段最优路径,重启和可选上界处理后,0.0011209978969272923,0.0011210368127680353,9.321657946282078e-07
2,81002,4,GP 表达式自身产生的状态,1000,历史重启阶段最优路径,更新前,0.0003281108630191221,0.0,0.0
2,81002,4,GP 表达式自身产生的状态,1000,历史重启阶段最优路径,蒸发和下界保护后,0.0003281108630191221,0.0,0.0
2,81002,4,GP 表达式自身产生的状态,1000,历史重启阶段最优路径,沉积后,0.0003281108630191221,0.00032806196317535245,2.733592857968678e-07
2,81002,4,GP 表达式自身产生的状态,1000,历史重启阶段最优路径,重启和可选上界处理后,0.0003281108630191221,0.00032806196317535245,2.733592857968678e-07
2,81002,5,GP 表达式自身产生的状态,1000,历史重启阶段最优路径,更新前,0.00044908075853391973,0.0,0.0
2,81002,5,GP 表达式自身产生的状态,1000,历史重启阶段最优路径,蒸发和下界保护后,0.00044908075853391973,0.0,0.0
2,81002,5,GP 表达式自身产生的状态,1000,历史重启阶段最优路径,沉积后,0.00044908075853391973,0.00044899767200359375,3.7336093340535026e-07
2,81002,5,GP 表达式自身产生的状态,1000,历史重启阶段最优路径,重启和可选上界处理后,0.00044908075853391973,0.00044899767200359375,3.7336093340535026e-07
2,81002,6,GP 表达式自身产生的状态,1000,历史重启阶段最优路径,更新前,3.919876764562512e-05,0.0,0.0
2,81002,6,GP 表达式自身产生的状态,1000,历史重启阶段最优路径,蒸发和下界保护后,3.919876764562512e-05,0.0,0.0
2,81002,6,GP 表达式自身产生的状态,1000,历史重启阶段最优路径,沉积后,3.919876764562512e-05,3.909817386973947e-05,3.240697282850883e-08
2,81002,6,GP 表达式自身产生的状态,1000,历史重启阶段最优路径,重启和可选上界处理后,3.919876764562512e-05,3.909817386973947e-05,3.240697282850883e-08
2,81002,7,GP 表达式自身产生的状态,1000,历史重启阶段最优路径,更新前,0.0020478881299584866,0.0,0.0
2,81002,7,GP 表达式自身产生的状态,1000,历史重启阶段最优路径,蒸发和下界保护后,0.0020478881299584866,0.0,0.0
2,81002,7,GP 表达式自身产生的状态,1000,历史重启阶段最优路径,沉积后,0.0020478881299584866,0.002047865743814631,1.7027282346505147e-06
2,81002,7,GP 表达式自身产生的状态,1000,历史重启阶段最优路径,重启和可选上界处理后,0.0020478881299584866,0.002047865743814631,1.7027282346505147e-06
2,81002,0,GP 表达式自身产生的状态,1000,历史全局最优路径,更新前,0.00028889360320897493,0.0,0.0
2,81002,0,GP 表达式自身产生的状态,1000,历史全局最优路径,蒸发和下界保护后,0.00028889360320897493,0.0,0.0
2,81002,0,GP 表达式自身产生的状态,1000,历史全局最优路径,沉积后,0.00028889360320897493,0.0002887835492575519,2.4017680254626755e-07
2,81002,0,GP 表达式自身产生的状态,1000,历史全局最优路径,重启和可选上界处理后,0.00028889360320897493,0.0002887835492575519,2.4017680254626755e-07
2,81002,1,GP 表达式自身产生的状态,1000,历史全局最优路径,更新前,0.0010683583920886954,0.0,0.0
2,81002,1,GP 表达式自身产生的状态,1000,历史全局最优路径,蒸发和下界保护后,0.0010683583920886954,0.0,0.0
2,81002,1,GP 表达式自身产生的状态,1000,历史全局最优路径,沉积后,0.0010683583920886954,0.001068254083133916,8.883138102643597e-07
2,81002,1,GP 表达式自身产生的状态,1000,历史全局最优路径,重启和可选上界处理后,0.0010683583920886954,0.001068254083133916,8.883138102643597e-07
2,81002,2,GP 表达式自身产生的状态,1000,历史全局最优路径,更新前,0.07976375219578766,0.0,0.0
2,81002,2,GP 表达式自身产生的状态,1000,历史全局最优路径,蒸发和下界保护后,0.07976375219578766,0.0,0.0
2,81002,2,GP 表达式自身产生的状态,1000,历史全局最优路径,沉积后,0.07976375219578766,0.07976374092578939,6.618753195336827e-05
2,81002,2,GP 表达式自身产生的状态,1000,历史全局最优路径,重启和可选上界处理后,0.07976375219578766,0.07976374092578939,6.618753195336827e-05
2,81002,3,GP 表达式自身产生的状态,1000,历史全局最优路径,更新前,0.0011262929379035392,0.0,0.0
2,81002,3,GP 表达式自身产生的状态,1000,历史全局最优路径,蒸发和下界保护后,0.0011262929379035392,0.0,0.0
2,81002,3,GP 表达式自身产生的状态,1000,历史全局最优路径,沉积后,0.0011262929379035392,0.0011262786397511894,9.365244845118971e-07
2,81002,3,GP 表达式自身产生的状态,1000,历史全局最优路径,重启和可选上界处理后,0.0011262929379035392,0.0011262786397511894,9.365244845118971e-07
2,81002,4,GP 表达式自身产生的状态,1000,历史全局最优路径,更新前,0.0003281108630191221,0.0,0.0
2,81002,4,GP 表达式自身产生的状态,1000,历史全局最优路径,蒸发和下界保护后,0.0003281108630191221,0.0,0.0
2,81002,4,GP 表达式自身产生的状态,1000,历史全局最优路径,沉积后,0.0003281108630191221,0.00032806196317535245,2.733592857968678e-07
2,81002,4,GP 表达式自身产生的状态,1000,历史全局最优路径,重启和可选上界处理后,0.0003281108630191221,0.00032806196317535245,2.733592857968678e-07
2,81002,5,GP 表达式自身产生的状态,1000,历史全局最优路径,更新前,0.00044908100076870204,0.0,0.0
2,81002,5,GP 表达式自身产生的状态,1000,历史全局最优路径,蒸发和下界保护后,0.00044908100076870204,0.0,0.0
2,81002,5,GP 表达式自身产生的状态,1000,历史全局最优路径,沉积后,0.00044908100076870204,0.0004489986409427229,3.7336173912003485e-07
2,81002,5,GP 表达式自身产生的状态,1000,历史全局最优路径,重启和可选上界处理后,0.00044908100076870204,0.0004489986409427229,3.7336173912003485e-07
2,81002,6,GP 表达式自身产生的状态,1000,历史全局最优路径,更新前,0.04410137817491872,0.0,0.0
2,81002,6,GP 表达式自身产生的状态,1000,历史全局最优路径,蒸发和下界保护后,0.04410137817491872,0.0,0.0
2,81002,6,GP 表达式自身产生的状态,1000,历史全局最优路径,沉积后,0.04410137817491872,0.04410142841128093,3.655397812144242e-05
2,81002,6,GP 表达式自身产生的状态,1000,历史全局最优路径,重启和可选上界处理后,0.04410137817491872,0.04410142841128093,3.655397812144242e-05
2,81002,7,GP 表达式自身产生的状态,1000,历史全局最优路径,更新前,0.0020533819602624554,0.0,0.0
2,81002,7,GP 表达式自身产生的状态,1000,历史全局最优路径,蒸发和下界保护后,0.0020533819602624554,0.0,0.0
2,81002,7,GP 表达式自身产生的状态,1000,历史全局最优路径,沉积后,0.0020533819602624554,0.002053368307174719,1.7073034222693688e-06
2,81002,7,GP 表达式自身产生的状态,1000,历史全局最优路径,重启和可选上界处理后,0.0020533819602624554,0.002053368307174719,1.7073034222693688e-06
2,81003,0,GP 表达式自身产生的状态,1000,本轮最优路径,更新前,0.003217197358315467,0.0,0.0
2,81003,0,GP 表达式自身产生的状态,1000,本轮最优路径,蒸发和下界保护后,0.003217197358315467,0.0,0.0
2,81003,0,GP 表达式自身产生的状态,1000,本轮最优路径,沉积后,0.003217197358315467,0.0032171366866639638,2.6743550065691987e-06
2,81003,0,GP 表达式自身产生的状态,1000,本轮最优路径,重启和可选上界处理后,0.003217197358315467,0.0032171366866639638,2.6743550065691987e-06
2,81003,1,GP 表达式自身产生的状态,1000,本轮最优路径,更新前,0.0032305082560086,0.0,0.0
2,81003,1,GP 表达式自身产生的状态,1000,本轮最优路径,蒸发和下界保护后,0.0032305082560086,0.0,0.0
2,81003,1,GP 表达式自身产生的状态,1000,本轮最优路径,沉积后,0.0032305082560086,0.0032304946934384967,2.8383767115244097e-06
2,81003,1,GP 表达式自身产生的状态,1000,本轮最优路径,重启和可选上界处理后,0.0032305082560086,0.0032304946934384967,2.8383767115244097e-06
2,81003,2,GP 表达式自身产生的状态,1000,本轮最优路径,更新前,0.0040910939622974445,0.0,0.0
2,81003,2,GP 表达式自身产生的状态,1000,本轮最优路径,蒸发和下界保护后,0.0040910939622974445,0.0,0.0
2,81003,2,GP 表达式自身产生的状态,1000,本轮最优路径,沉积后,0.0040910939622974445,0.004091071845943852,3.4023593679993535e-06
2,81003,2,GP 表达式自身产生的状态,1000,本轮最优路径,重启和可选上界处理后,0.0040910939622974445,0.0,0.0
2,81003,3,GP 表达式自身产生的状态,1000,本轮最优路径,更新前,0.016534641472093332,0.0,0.0
2,81003,3,GP 表达式自身产生的状态,1000,本轮最优路径,蒸发和下界保护后,0.016534641472093332,0.0,0.0
2,81003,3,GP 表达式自身产生的状态,1000,本轮最优路径,沉积后,0.016534641472093332,0.016534685704513597,1.3671971726393832e-05
2,81003,3,GP 表达式自身产生的状态,1000,本轮最优路径,重启和可选上界处理后,0.016534641472093332,0.016534685704513597,1.3671971726393832e-05
2,81003,4,GP 表达式自身产生的状态,1000,本轮最优路径,更新前,0.0029811662407878154,0.0,0.0
2,81003,4,GP 表达式自身产生的状态,1000,本轮最优路径,蒸发和下界保护后,0.0029811662407878154,0.0,0.0
2,81003,4,GP 表达式自身产生的状态,1000,本轮最优路径,沉积后,0.0029811662407878154,0.0029811330251642335,2.488469004237235e-06
2,81003,4,GP 表达式自身产生的状态,1000,本轮最优路径,重启和可选上界处理后,0.0029811662407878154,0.0029811330251642335,2.488469004237235e-06
2,81003,5,GP 表达式自身产生的状态,1000,本轮最优路径,更新前,0.0028075452523715154,0.0,0.0
2,81003,5,GP 表达式自身产生的状态,1000,本轮最优路径,蒸发和下界保护后,0.0028075452523715154,0.0,0.0
2,81003,5,GP 表达式自身产生的状态,1000,本轮最优路径,沉积后,0.0028075452523715154,0.0028075563868099097,2.3403495302826267e-06
2,81003,5,GP 表达式自身产生的状态,1000,本轮最优路径,重启和可选上界处理后,0.0028075452523715154,0.0028075563868099097,2.3403495302826267e-06
2,81003,6,GP 表达式自身产生的状态,1000,本轮最优路径,更新前,0.00406723768339007,0.0,0.0
2,81003,6,GP 表达式自身产生的状态,1000,本轮最优路径,蒸发和下界保护后,0.00406723768339007,0.0,0.0
2,81003,6,GP 表达式自身产生的状态,1000,本轮最优路径,沉积后,0.00406723768339007,0.004067257124057428,3.3871733522052838e-06
2,81003,6,GP 表达式自身产生的状态,1000,本轮最优路径,重启和可选上界处理后,0.00406723768339007,0.004067257124057428,3.3871733522052838e-06
2,81003,7,GP 表达式自身产生的状态,1000,本轮最优路径,更新前,0.008418227817580372,0.0,0.0
2,81003,7,GP 表达式自身产生的状态,1000,本轮最优路径,蒸发和下界保护后,0.008418227817580372,0.0,0.0
2,81003,7,GP 表达式自身产生的状态,1000,本轮最优路径,沉积后,0.008418227817580372,0.008418244218321104,6.992797650170392e-06
2,81003,7,GP 表达式自身产生的状态,1000,本轮最优路径,重启和可选上界处理后,0.008418227817580372,0.008418244218321104,6.992797650170392e-06
2,81003,0,GP 表达式自身产生的状态,1000,历史重启阶段最优路径,更新前,0.003217197358315467,0.0,0.0
2,81003,0,GP 表达式自身产生的状态,1000,历史重启阶段最优路径,蒸发和下界保护后,0.003217197358315467,0.0,0.0
2,81003,0,GP 表达式自身产生的状态,1000,历史重启阶段最优路径,沉积后,0.003217197358315467,0.0032171366866639638,2.6743550065691987e-06
2,81003,0,GP 表达式自身产生的状态,1000,历史重启阶段最优路径,重启和可选上界处理后,0.003217197358315467,0.0032171366866639638,2.6743550065691987e-06
2,81003,1,GP 表达式自身产生的状态,1000,历史重启阶段最优路径,更新前,0.0032308417947696623,0.0,0.0
2,81003,1,GP 表达式自身产生的状态,1000,历史重启阶段最优路径,蒸发和下界保护后,0.0032308417947696623,0.0,0.0
2,81003,1,GP 表达式自身产生的状态,1000,历史重启阶段最优路径,沉积后,0.0032308417947696623,0.003230894538097842,2.8387280229726588e-06
2,81003,1,GP 表达式自身产生的状态,1000,历史重启阶段最优路径,重启和可选上界处理后,0.0032308417947696623,0.003230894538097842,2.8387280229726588e-06
2,81003,2,GP 表达式自身产生的状态,1000,历史重启阶段最优路径,更新前,0.004091172530338105,0.0,0.0
2,81003,2,GP 表达式自身产生的状态,1000,历史重启阶段最优路径,蒸发和下界保护后,0.004091172530338105,0.0,0.0
2,81003,2,GP 表达式自身产生的状态,1000,历史重启阶段最优路径,沉积后,0.004091172530338105,0.004091169597782932,3.402440663781475e-06
2,81003,2,GP 表达式自身产生的状态,1000,历史重启阶段最优路径,重启和可选上界处理后,0.004091172530338105,0.0,0.0
2,81003,3,GP 表达式自身产生的状态,1000,历史重启阶段最优路径,更新前,0.013266914822372996,0.0,0.0
2,81003,3,GP 表达式自身产生的状态,1000,历史重启阶段最优路径,蒸发和下界保护后,0.013266914822372996,0.0,0.0
2,81003,3,GP 表达式自身产生的状态,1000,历史重启阶段最优路径,沉积后,0.013266914822372996,0.0132669226942444,1.0969969143256717e-05
2,81003,3,GP 表达式自身产生的状态,1000,历史重启阶段最优路径,重启和可选上界处理后,0.013266914822372996,0.0132669226942444,1.0969969143256717e-05
2,81003,4,GP 表达式自身产生的状态,1000,历史重启阶段最优路径,更新前,0.002980896424019444,0.0,0.0
2,81003,4,GP 表达式自身产生的状态,1000,历史重启阶段最优路径,蒸发和下界保护后,0.002980896424019444,0.0,0.0
2,81003,4,GP 表达式自身产生的状态,1000,历史重启阶段最优路径,沉积后,0.002980896424019444,0.0029808615235453906,2.488242371155991e-06
2,81003,4,GP 表达式自身产生的状态,1000,历史重启阶段最优路径,重启和可选上界处理后,0.002980896424019444,0.0029808615235453906,2.488242371155991e-06
2,81003,5,GP 表达式自身产生的状态,1000,历史重启阶段最优路径,更新前,0.0028075452523715154,0.0,0.0
2,81003,5,GP 表达式自身产生的状态,1000,历史重启阶段最优路径,蒸发和下界保护后,0.0028075452523715154,0.0,0.0
2,81003,5,GP 表达式自身产生的状态,1000,历史重启阶段最优路径,沉积后,0.0028075452523715154,0.0028075563868099097,2.3403495302826267e-06
2,81003,5,GP 表达式自身产生的状态,1000,历史重启阶段最优路径,重启和可选上界处理后,0.0028075452523715154,0.0028075563868099097,2.3403495302826267e-06
2,81003,6,GP 表达式自身产生的状态,1000,历史重启阶段最优路径,更新前,0.0040674057666755465,0.0,0.0
2,81003,6,GP 表达式自身产生的状态,1000,历史重启阶段最优路径,蒸发和下界保护后,0.0040674057666755465,0.0,0.0
2,81003,6,GP 表达式自身产生的状态,1000,历史重启阶段最优路径,沉积后,0.0040674057666755465,0.004067433418307999,3.3873201683935574e-06
2,81003,6,GP 表达式自身产生的状态,1000,历史重启阶段最优路径,重启和可选上界处理后,0.0040674057666755465,0.004067433418307999,3.3873201683935574e-06
2,81003,7,GP 表达式自身产生的状态,1000,历史重启阶段最优路径,更新前,0.008418227817580372,0.0,0.0
2,81003,7,GP 表达式自身产生的状态,1000,历史重启阶段最优路径,蒸发和下界保护后,0.008418227817580372,0.0,0.0
2,81003,7,GP 表达式自身产生的状态,1000,历史重启阶段最优路径,沉积后,0.008418227817580372,0.008418244218321104,6.992797650170392e-06
2,81003,7,GP 表达式自身产生的状态,1000,历史重启阶段最优路径,重启和可选上界处理后,0.008418227817580372,0.008418244218321104,6.992797650170392e-06
2,81003,0,GP 表达式自身产生的状态,1000,历史全局最优路径,更新前,0.09913741714273969,0.0,0.0
2,81003,0,GP 表达式自身产生的状态,1000,历史全局最优路径,蒸发和下界保护后,0.09913741714273969,0.0,0.0
2,81003,0,GP 表达式自身产生的状态,1000,历史全局最优路径,沉积后,0.09913741714273969,0.09913744136197329,8.241139201324425e-05
2,81003,0,GP 表达式自身产生的状态,1000,历史全局最优路径,重启和可选上界处理后,0.09913741714273969,0.09913744136197329,8.241139201324425e-05
2,81003,1,GP 表达式自身产生的状态,1000,历史全局最优路径,更新前,0.0032308417947696623,0.0,0.0
2,81003,1,GP 表达式自身产生的状态,1000,历史全局最优路径,蒸发和下界保护后,0.0032308417947696623,0.0,0.0
2,81003,1,GP 表达式自身产生的状态,1000,历史全局最优路径,沉积后,0.0032308417947696623,0.003230894538097842,2.8387280229726588e-06
2,81003,1,GP 表达式自身产生的状态,1000,历史全局最优路径,重启和可选上界处理后,0.0032308417947696623,0.003230894538097842,2.8387280229726588e-06
2,81003,2,GP 表达式自身产生的状态,1000,历史全局最优路径,更新前,0.004091172530338105,0.0,0.0
2,81003,2,GP 表达式自身产生的状态,1000,历史全局最优路径,蒸发和下界保护后,0.004091172530338105,0.0,0.0
2,81003,2,GP 表达式自身产生的状态,1000,历史全局最优路径,沉积后,0.004091172530338105,0.004091169597782932,3.402440663781475e-06
2,81003,2,GP 表达式自身产生的状态,1000,历史全局最优路径,重启和可选上界处理后,0.004091172530338105,0.0,0.0
2,81003,3,GP 表达式自身产生的状态,1000,历史全局最优路径,更新前,0.10951206914823773,0.0,0.0
2,81003,3,GP 表达式自身产生的状态,1000,历史全局最优路径,蒸发和下界保护后,0.10951206914823773,0.0,0.0
2,81003,3,GP 表达式自身产生的状态,1000,历史全局最优路径,沉积后,0.10951206914823773,0.10951214161943477,9.055188170338398e-05
2,81003,3,GP 表达式自身产生的状态,1000,历史全局最优路径,重启和可选上界处理后,0.10951206914823773,0.10951214161943477,9.055188170338398e-05
2,81003,4,GP 表达式自身产生的状态,1000,历史全局最优路径,更新前,0.002980896424019444,0.0,0.0
2,81003,4,GP 表达式自身产生的状态,1000,历史全局最优路径,蒸发和下界保护后,0.002980896424019444,0.0,0.0
2,81003,4,GP 表达式自身产生的状态,1000,历史全局最优路径,沉积后,0.002980896424019444,0.0029808615235453906,2.488242371155991e-06
2,81003,4,GP 表达式自身产生的状态,1000,历史全局最优路径,重启和可选上界处理后,0.002980896424019444,0.0029808615235453906,2.488242371155991e-06
2,81003,5,GP 表达式自身产生的状态,1000,历史全局最优路径,更新前,0.0028075452523715154,0.0,0.0
2,81003,5,GP 表达式自身产生的状态,1000,历史全局最优路径,蒸发和下界保护后,0.0028075452523715154,0.0,0.0
2,81003,5,GP 表达式自身产生的状态,1000,历史全局最优路径,沉积后,0.0028075452523715154,0.0028075563868099097,2.3403495302826267e-06
2,81003,5,GP 表达式自身产生的状态,1000,历史全局最优路径,重启和可选上界处理后,0.0028075452523715154,0.0028075563868099097,2.3403495302826267e-06
2,81003,6,GP 表达式自身产生的状态,1000,历史全局最优路径,更新前,0.0040674057666755465,0.0,0.0
2,81003,6,GP 表达式自身产生的状态,1000,历史全局最优路径,蒸发和下界保护后,0.0040674057666755465,0.0,0.0
2,81003,6,GP 表达式自身产生的状态,1000,历史全局最优路径,沉积后,0.0040674057666755465,0.004067433418307999,3.3873201683935574e-06
2,81003,6,GP 表达式自身产生的状态,1000,历史全局最优路径,重启和可选上界处理后,0.0040674057666755465,0.004067433418307999,3.3873201683935574e-06
2,81003,7,GP 表达式自身产生的状态,1000,历史全局最优路径,更新前,0.14320670546174005,0.0,0.0
2,81003,7,GP 表达式自身产生的状态,1000,历史全局最优路径,蒸发和下界保护后,0.14320670546174005,0.0,0.0
2,81003,7,GP 表达式自身产生的状态,1000,历史全局最优路径,沉积后,0.14320670546174005,0.14320670644825076,0.00011895777812215366
2,81003,7,GP 表达式自身产生的状态,1000,历史全局最优路径,重启和可选上界处理后,0.14320670546174005,0.14320670644825076,0.00011895777812215366
2,81002,0,不使用 GP 产生的状态,2500,本轮最优路径,更新前,0.0009370540565767885,0.0,0.0
2,81002,0,不使用 GP 产生的状态,2500,本轮最优路径,蒸发和下界保护后,0.0009370540565767885,0.0,0.0
2,81002,0,不使用 GP 产生的状态,2500,本轮最优路径,沉积后,0.0009370540565767885,0.0009371890667898199,7.792694809817669e-07
2,81002,0,不使用 GP 产生的状态,2500,本轮最优路径,重启和可选上界处理后,0.0009370540565767885,0.0009371890667898199,7.792694809817669e-07
2,81002,1,不使用 GP 产生的状态,2500,本轮最优路径,更新前,2.104368157933324e-05,0.0,0.0
2,81002,1,不使用 GP 产生的状态,2500,本轮最优路径,蒸发和下界保护后,2.104368157933324e-05,0.0,0.0
2,81002,1,不使用 GP 产生的状态,2500,本轮最优路径,沉积后,2.104368157933324e-05,2.114745863917653e-05,1.758966148276356e-08
2,81002,1,不使用 GP 产生的状态,2500,本轮最优路径,重启和可选上界处理后,2.104368157933324e-05,2.114745863917653e-05,1.758966148276356e-08
2,81002,2,不使用 GP 产生的状态,2500,本轮最优路径,更新前,0.0005007189034300924,0.0,0.0
2,81002,2,不使用 GP 产生的状态,2500,本轮最优路径,蒸发和下界保护后,0.0005007189034300924,0.0,0.0
2,81002,2,不使用 GP 产生的状态,2500,本轮最优路径,沉积后,0.0005007189034300924,0.0005008565846539903,4.1436791267698e-07
2,81002,2,不使用 GP 产生的状态,2500,本轮最优路径,重启和可选上界处理后,0.0005007189034300924,0.0005008565846539903,4.1436791267698e-07
2,81002,3,不使用 GP 产生的状态,2500,本轮最优路径,更新前,0.00709186354645717,0.0,0.0
2,81002,3,不使用 GP 产生的状态,2500,本轮最优路径,蒸发和下界保护后,0.00709186354645717,0.0,0.0
2,81002,3,不使用 GP 产生的状态,2500,本轮最优路径,沉积后,0.00709186354645717,0.007091927383379409,5.8412159733740585e-06
2,81002,3,不使用 GP 产生的状态,2500,本轮最优路径,重启和可选上界处理后,0.00709186354645717,0.007091927383379409,5.8412159733740585e-06
2,81002,4,不使用 GP 产生的状态,2500,本轮最优路径,更新前,2.509059126645673e-05,0.0,0.0
2,81002,4,不使用 GP 产生的状态,2500,本轮最优路径,蒸发和下界保护后,2.509059126645673e-05,0.0,0.0
2,81002,4,不使用 GP 产生的状态,2500,本轮最优路径,沉积后,2.509059126645673e-05,2.5219120385090457e-05,2.096981319225261e-08
2,81002,4,不使用 GP 产生的状态,2500,本轮最优路径,重启和可选上界处理后,2.509059126645673e-05,2.5219120385090457e-05,2.096981319225261e-08
2,81002,5,不使用 GP 产生的状态,2500,本轮最优路径,更新前,4.4906734347886516e-05,0.0,0.0
2,81002,5,不使用 GP 产生的状态,2500,本轮最优路径,蒸发和下界保护后,4.4906734347886516e-05,0.0,0.0
2,81002,5,不使用 GP 产生的状态,2500,本轮最优路径,沉积后,4.4906734347886516e-05,4.506455663548258e-05,3.7502956889988523e-08
2,81002,5,不使用 GP 产生的状态,2500,本轮最优路径,重启和可选上界处理后,4.4906734347886516e-05,4.506455663548258e-05,3.7502956889988523e-08
2,81002,6,不使用 GP 产生的状态,2500,本轮最优路径,更新前,0.08188501816418729,0.0,0.0
2,81002,6,不使用 GP 产生的状态,2500,本轮最优路径,蒸发和下界保护后,0.08188501816418729,0.0,0.0
2,81002,6,不使用 GP 产生的状态,2500,本轮最优路径,沉积后,0.08188501816418729,0.08188496533081001,6.60269810151454e-05
2,81002,6,不使用 GP 产生的状态,2500,本轮最优路径,重启和可选上界处理后,0.08188501816418729,0.08188496533081001,6.60269810151454e-05
2,81002,7,不使用 GP 产生的状态,2500,本轮最优路径,更新前,3.5997514403401746e-05,0.0,0.0
2,81002,7,不使用 GP 产生的状态,2500,本轮最优路径,蒸发和下界保护后,3.5997514403401746e-05,0.0,0.0
2,81002,7,不使用 GP 产生的状态,2500,本轮最优路径,沉积后,3.5997514403401746e-05,3.600968448876193e-05,2.993923158143685e-08
2,81002,7,不使用 GP 产生的状态,2500,本轮最优路径,重启和可选上界处理后,3.5997514403401746e-05,0.0,0.0
2,81002,0,不使用 GP 产生的状态,2500,历史重启阶段最优路径,更新前,0.0009427664448224919,0.0,0.0
2,81002,0,不使用 GP 产生的状态,2500,历史重启阶段最优路径,蒸发和下界保护后,0.0009427664448224919,0.0,0.0
2,81002,0,不使用 GP 产生的状态,2500,历史重启阶段最优路径,沉积后,0.0009427664448224919,0.0009427879181104878,7.83924906570219e-07
2,81002,0,不使用 GP 产生的状态,2500,历史重启阶段最优路径,重启和可选上界处理后,0.0009427664448224919,0.0009427879181104878,7.83924906570219e-07
2,81002,1,不使用 GP 产生的状态,2500,历史重启阶段最优路径,更新前,5.638879454813282e-05,0.0,0.0
2,81002,1,不使用 GP 产生的状态,2500,历史重启阶段最优路径,蒸发和下界保护后,5.638879454813282e-05,0.0,0.0
2,81002,1,不使用 GP 产生的状态,2500,历史重启阶段最优路径,沉积后,5.638879454813282e-05,5.646374464690853e-05,4.696442117864797e-08
2,81002,1,不使用 GP 产生的状态,2500,历史重启阶段最优路径,重启和可选上界处理后,5.638879454813282e-05,5.646374464690853e-05,4.696442117864797e-08
2,81002,2,不使用 GP 产生的状态,2500,历史重启阶段最优路径,更新前,0.0005072290307577667,0.0,0.0
2,81002,2,不使用 GP 产生的状态,2500,历史重启阶段最优路径,蒸发和下界保护后,0.0005072290307577667,0.0,0.0
2,81002,2,不使用 GP 产生的状态,2500,历史重启阶段最优路径,沉积后,0.0005072290307577667,0.0005074584177300846,4.198297312402178e-07
2,81002,2,不使用 GP 产生的状态,2500,历史重启阶段最优路径,重启和可选上界处理后,0.0005072290307577667,0.0005074584177300846,4.198297312402178e-07
2,81002,3,不使用 GP 产生的状态,2500,历史重启阶段最优路径,更新前,0.00709186354645717,0.0,0.0
2,81002,3,不使用 GP 产生的状态,2500,历史重启阶段最优路径,蒸发和下界保护后,0.00709186354645717,0.0,0.0
2,81002,3,不使用 GP 产生的状态,2500,历史重启阶段最优路径,沉积后,0.00709186354645717,0.007091927383379409,5.8412159733740585e-06
2,81002,3,不使用 GP 产生的状态,2500,历史重启阶段最优路径,重启和可选上界处理后,0.00709186354645717,0.007091927383379409,5.8412159733740585e-06
2,81002,4,不使用 GP 产生的状态,2500,历史重启阶段最优路径,更新前,5.8531727786859484e-05,0.0,0.0
2,81002,4,不使用 GP 产生的状态,2500,历史重启阶段最优路径,蒸发和下界保护后,5.8531727786859484e-05,0.0,0.0
2,81002,4,不使用 GP 产生的状态,2500,历史重启阶段最优路径,沉积后,5.8531727786859484e-05,5.863524843339236e-05,4.875547550248748e-08
2,81002,4,不使用 GP 产生的状态,2500,历史重启阶段最优路径,重启和可选上界处理后,5.8531727786859484e-05,5.863524843339236e-05,4.875547550248748e-08
2,81002,5,不使用 GP 产生的状态,2500,历史重启阶段最优路径,更新前,5.694056274772484e-05,0.0,0.0
2,81002,5,不使用 GP 产生的状态,2500,历史重启阶段最优路径,蒸发和下界保护后,5.694056274772484e-05,0.0,0.0
2,81002,5,不使用 GP 产生的状态,2500,历史重启阶段最优路径,沉积后,5.694056274772484e-05,5.709003400936681e-05,4.7510621298678504e-08
2,81002,5,不使用 GP 产生的状态,2500,历史重启阶段最优路径,重启和可选上界处理后,5.694056274772484e-05,5.709003400936681e-05,4.7510621298678504e-08
2,81002,6,不使用 GP 产生的状态,2500,历史重启阶段最优路径,更新前,0.05438281171789177,0.0,0.0
2,81002,6,不使用 GP 产生的状态,2500,历史重启阶段最优路径,蒸发和下界保护后,0.05438281171789177,0.0,0.0
2,81002,6,不使用 GP 产生的状态,2500,历史重启阶段最优路径,沉积后,0.05438281171789177,0.05438288527390113,4.385100145090554e-05
2,81002,6,不使用 GP 产生的状态,2500,历史重启阶段最优路径,重启和可选上界处理后,0.05438281171789177,0.05438288527390113,4.385100145090554e-05
2,81002,7,不使用 GP 产生的状态,2500,历史重启阶段最优路径,更新前,7.96907023797138e-05,0.0,0.0
2,81002,7,不使用 GP 产生的状态,2500,历史重启阶段最优路径,蒸发和下界保护后,7.96907023797138e-05,0.0,0.0
2,81002,7,不使用 GP 产生的状态,2500,历史重启阶段最优路径,沉积后,7.96907023797138e-05,7.971873045508877e-05,6.627987904803509e-08
2,81002,7,不使用 GP 产生的状态,2500,历史重启阶段最优路径,重启和可选上界处理后,7.96907023797138e-05,0.0,0.0
2,81002,0,不使用 GP 产生的状态,2500,历史全局最优路径,更新前,0.0009428719601169543,0.0,0.0
2,81002,0,不使用 GP 产生的状态,2500,历史全局最优路径,蒸发和下界保护后,0.0009428719601169543,0.0,0.0
2,81002,0,不使用 GP 产生的状态,2500,历史全局最优路径,沉积后,0.0009428719601169543,0.0009429646408024997,7.840718508799233e-07
2,81002,0,不使用 GP 产生的状态,2500,历史全局最优路径,重启和可选上界处理后,0.0009428719601169543,0.0009429646408024997,7.840718508799233e-07
2,81002,1,不使用 GP 产生的状态,2500,历史全局最优路径,更新前,5.638879454813282e-05,0.0,0.0
2,81002,1,不使用 GP 产生的状态,2500,历史全局最优路径,蒸发和下界保护后,5.638879454813282e-05,0.0,0.0
2,81002,1,不使用 GP 产生的状态,2500,历史全局最优路径,沉积后,5.638879454813282e-05,5.646374464690853e-05,4.696442117864797e-08
2,81002,1,不使用 GP 产生的状态,2500,历史全局最优路径,重启和可选上界处理后,5.638879454813282e-05,5.646374464690853e-05,4.696442117864797e-08
2,81002,2,不使用 GP 产生的状态,2500,历史全局最优路径,更新前,0.1300860819694109,0.0,0.0
2,81002,2,不使用 GP 产生的状态,2500,历史全局最优路径,蒸发和下界保护后,0.1300860819694109,0.0,0.0
2,81002,2,不使用 GP 产生的状态,2500,历史全局最优路径,沉积后,0.1300860819694109,0.1300861106581076,0.00010762264447198028
2,81002,2,不使用 GP 产生的状态,2500,历史全局最优路径,重启和可选上界处理后,0.1300860819694109,0.1300861106581076,0.00010762264447198028
2,81002,3,不使用 GP 产生的状态,2500,历史全局最优路径,更新前,0.14586183332099636,0.0,0.0
2,81002,3,不使用 GP 产生的状态,2500,历史全局最优路径,蒸发和下界保护后,0.14586183332099636,0.0,0.0
2,81002,3,不使用 GP 产生的状态,2500,历史全局最优路径,沉积后,0.14586183332099636,0.14586184699137855,0.00012013808158112972
2,81002,3,不使用 GP 产生的状态,2500,历史全局最优路径,重启和可选上界处理后,0.14586183332099636,0.14586184699137855,0.00012013808158112972
2,81002,4,不使用 GP 产生的状态,2500,历史全局最优路径,更新前,4.257848678121419e-05,0.0,0.0
2,81002,4,不使用 GP 产生的状态,2500,历史全局最优路径,蒸发和下界保护后,4.257848678121419e-05,0.0,0.0
2,81002,4,不使用 GP 产生的状态,2500,历史全局最优路径,沉积后,4.257848678121419e-05,4.271927966982045e-05,3.552127515570827e-08
2,81002,4,不使用 GP 产生的状态,2500,历史全局最优路径,重启和可选上界处理后,4.257848678121419e-05,4.271927966982045e-05,3.552127515570827e-08
2,81002,5,不使用 GP 产生的状态,2500,历史全局最优路径,更新前,5.694056274772484e-05,0.0,0.0
2,81002,5,不使用 GP 产生的状态,2500,历史全局最优路径,蒸发和下界保护后,5.694056274772484e-05,0.0,0.0
2,81002,5,不使用 GP 产生的状态,2500,历史全局最优路径,沉积后,5.694056274772484e-05,5.709003400936681e-05,4.7510621298678504e-08
2,81002,5,不使用 GP 产生的状态,2500,历史全局最优路径,重启和可选上界处理后,5.694056274772484e-05,5.709003400936681e-05,4.7510621298678504e-08
2,81002,6,不使用 GP 产生的状态,2500,历史全局最优路径,更新前,0.0784829424595041,0.0,0.0
2,81002,6,不使用 GP 产生的状态,2500,历史全局最优路径,蒸发和下界保护后,0.0784829424595041,0.0,0.0
2,81002,6,不使用 GP 产生的状态,2500,历史全局最优路径,沉积后,0.0784829424595041,0.07848298440260927,6.328382695060653e-05
2,81002,6,不使用 GP 产生的状态,2500,历史全局最优路径,重启和可选上界处理后,0.0784829424595041,0.07848298440260927,6.328382695060653e-05
2,81002,7,不使用 GP 产生的状态,2500,历史全局最优路径,更新前,2.95321258232662e-05,0.0,0.0
2,81002,7,不使用 GP 产生的状态,2500,历史全局最优路径,蒸发和下界保护后,2.95321258232662e-05,0.0,0.0
2,81002,7,不使用 GP 产生的状态,2500,历史全局最优路径,沉积后,2.95321258232662e-05,2.9498320030599028e-05,2.4525542147836965e-08
2,81002,7,不使用 GP 产生的状态,2500,历史全局最优路径,重启和可选上界处理后,2.95321258232662e-05,0.0,0.0
2,81003,0,不使用 GP 产生的状态,2500,本轮最优路径,更新前,0.0036758655612864344,0.0,0.0
2,81003,0,不使用 GP 产生的状态,2500,本轮最优路径,蒸发和下界保护后,0.0036758655612864344,0.0,0.0
2,81003,0,不使用 GP 产生的状态,2500,本轮最优路径,沉积后,0.0036758655612864344,0.0036759366452742827,3.0565286591495942e-06
2,81003,0,不使用 GP 产生的状态,2500,本轮最优路径,重启和可选上界处理后,0.0036758655612864344,0.0036759366452742827,3.0565286591495942e-06
2,81003,1,不使用 GP 产生的状态,2500,本轮最优路径,更新前,0.004133471376542237,0.0,0.0
2,81003,1,不使用 GP 产生的状态,2500,本轮最优路径,蒸发和下界保护后,0.004133471376542237,0.0,0.0
2,81003,1,不使用 GP 产生的状态,2500,本轮最优路径,沉积后,0.004133471376542237,0.004133376122236101,3.4379869473480168e-06
2,81003,1,不使用 GP 产生的状态,2500,本轮最优路径,重启和可选上界处理后,0.004133471376542237,0.004133376122236101,3.4379869473480168e-06
2,81003,2,不使用 GP 产生的状态,2500,本轮最优路径,更新前,0.0032559438183397123,0.0,0.0
2,81003,2,不使用 GP 产生的状态,2500,本轮最优路径,蒸发和下界保护后,0.0032559438183397123,0.0,0.0
2,81003,2,不使用 GP 产生的状态,2500,本轮最优路径,沉积后,0.0032559438183397123,0.0032559101029910283,2.6936746257859842e-06
2,81003,2,不使用 GP 产生的状态,2500,本轮最优路径,重启和可选上界处理后,0.0032559438183397123,0.0032559101029910283,2.6936746257859842e-06
2,81003,3,不使用 GP 产生的状态,2500,本轮最优路径,更新前,0.009491643827646968,0.0,0.0
2,81003,3,不使用 GP 产生的状态,2500,本轮最优路径,蒸发和下界保护后,0.009491643827646968,0.0,0.0
2,81003,3,不使用 GP 产生的状态,2500,本轮最优路径,沉积后,0.009491643827646968,0.009491642824316167,7.817724672264984e-06
2,81003,3,不使用 GP 产生的状态,2500,本轮最优路径,重启和可选上界处理后,0.009491643827646968,0.009491642824316167,7.817724672264984e-06
2,81003,4,不使用 GP 产生的状态,2500,本轮最优路径,更新前,0.0030027991069051393,0.0,0.0
2,81003,4,不使用 GP 产生的状态,2500,本轮最优路径,蒸发和下界保护后,0.0030027991069051393,0.0,0.0
2,81003,4,不使用 GP 产生的状态,2500,本轮最优路径,沉积后,0.0030027991069051393,0.003002613346859967,2.496686641356546e-06
2,81003,4,不使用 GP 产生的状态,2500,本轮最优路径,重启和可选上界处理后,0.0030027991069051393,0.003002613346859967,2.496686641356546e-06
2,81003,5,不使用 GP 产生的状态,2500,本轮最优路径,更新前,0.004536544773148916,0.0,0.0
2,81003,5,不使用 GP 产生的状态,2500,本轮最优路径,蒸发和下界保护后,0.004536544773148916,0.0,0.0
2,81003,5,不使用 GP 产生的状态,2500,本轮最优路径,沉积后,0.004536544773148916,0.004536541626385513,3.7753333827324453e-06
2,81003,5,不使用 GP 产生的状态,2500,本轮最优路径,重启和可选上界处理后,0.004536544773148916,0.004536541626385513,3.7753333827324453e-06
2,81003,6,不使用 GP 产生的状态,2500,本轮最优路径,更新前,0.10543939592493475,0.0,0.0
2,81003,6,不使用 GP 产生的状态,2500,本轮最优路径,蒸发和下界保护后,0.10543939592493475,0.0,0.0
2,81003,6,不使用 GP 产生的状态,2500,本轮最优路径,沉积后,0.10543939592493475,0.10543933120560334,8.501976756827835e-05
2,81003,6,不使用 GP 产生的状态,2500,本轮最优路径,重启和可选上界处理后,0.10543939592493475,0.10543933120560334,8.501976756827835e-05
2,81003,7,不使用 GP 产生的状态,2500,本轮最优路径,更新前,0.00401038683889382,0.0,0.0
2,81003,7,不使用 GP 产生的状态,2500,本轮最优路径,蒸发和下界保护后,0.00401038683889382,0.0,0.0
2,81003,7,不使用 GP 产生的状态,2500,本轮最优路径,沉积后,0.00401038683889382,0.004010321931771899,3.334268509597879e-06
2,81003,7,不使用 GP 产生的状态,2500,本轮最优路径,重启和可选上界处理后,0.00401038683889382,0.0,0.0
2,81003,0,不使用 GP 产生的状态,2500,历史重启阶段最优路径,更新前,0.0036759774938853553,0.0,0.0
2,81003,0,不使用 GP 产生的状态,2500,历史重启阶段最优路径,蒸发和下界保护后,0.0036759774938853553,0.0,0.0
2,81003,0,不使用 GP 产生的状态,2500,历史重启阶段最优路径,沉积后,0.0036759774938853553,0.0036758912305042686,3.056490896924754e-06
2,81003,0,不使用 GP 产生的状态,2500,历史重启阶段最优路径,重启和可选上界处理后,0.0036759774938853553,0.0036758912305042686,3.056490896924754e-06
2,81003,1,不使用 GP 产生的状态,2500,历史重启阶段最优路径,更新前,0.0041335479559909865,0.0,0.0
2,81003,1,不使用 GP 产生的状态,2500,历史重启阶段最优路径,蒸发和下界保护后,0.0041335479559909865,0.0,0.0
2,81003,1,不使用 GP 产生的状态,2500,历史重启阶段最优路径,沉积后,0.0041335479559909865,0.004133394170420422,3.4380019591495762e-06
2,81003,1,不使用 GP 产生的状态,2500,历史重启阶段最优路径,重启和可选上界处理后,0.0041335479559909865,0.004133394170420422,3.4380019591495762e-06
2,81003,2,不使用 GP 产生的状态,2500,历史重启阶段最优路径,更新前,0.0032558371552366032,0.0,0.0
2,81003,2,不使用 GP 产生的状态,2500,历史重启阶段最优路径,蒸发和下界保护后,0.0032558371552366032,0.0,0.0
2,81003,2,不使用 GP 产生的状态,2500,历史重启阶段最优路径,沉积后,0.0032558371552366032,0.0032557678855202167,2.693556966642964e-06
2,81003,2,不使用 GP 产生的状态,2500,历史重启阶段最优路径,重启和可选上界处理后,0.0032558371552366032,0.0032557678855202167,2.693556966642964e-06
2,81003,3,不使用 GP 产生的状态,2500,历史重启阶段最优路径,更新前,0.009491643827646968,0.0,0.0
2,81003,3,不使用 GP 产生的状态,2500,历史重启阶段最优路径,蒸发和下界保护后,0.009491643827646968,0.0,0.0
2,81003,3,不使用 GP 产生的状态,2500,历史重启阶段最优路径,沉积后,0.009491643827646968,0.009491642824316167,7.817724672264984e-06
2,81003,3,不使用 GP 产生的状态,2500,历史重启阶段最优路径,重启和可选上界处理后,0.009491643827646968,0.009491642824316167,7.817724672264984e-06
2,81003,4,不使用 GP 产生的状态,2500,历史重启阶段最优路径,更新前,0.0030027991069051393,0.0,0.0
2,81003,4,不使用 GP 产生的状态,2500,历史重启阶段最优路径,蒸发和下界保护后,0.0030027991069051393,0.0,0.0
2,81003,4,不使用 GP 产生的状态,2500,历史重启阶段最优路径,沉积后,0.0030027991069051393,0.003002613346859967,2.496686641356546e-06
2,81003,4,不使用 GP 产生的状态,2500,历史重启阶段最优路径,重启和可选上界处理后,0.0030027991069051393,0.003002613346859967,2.496686641356546e-06
2,81003,5,不使用 GP 产生的状态,2500,历史重启阶段最优路径,更新前,0.004536588706807196,0.0,0.0
2,81003,5,不使用 GP 产生的状态,2500,历史重启阶段最优路径,蒸发和下界保护后,0.004536588706807196,0.0,0.0
2,81003,5,不使用 GP 产生的状态,2500,历史重启阶段最优路径,沉积后,0.004536588706807196,0.004536493214640852,3.775293094228385e-06
2,81003,5,不使用 GP 产生的状态,2500,历史重启阶段最优路径,重启和可选上界处理后,0.004536588706807196,0.004536493214640852,3.775293094228385e-06
2,81003,6,不使用 GP 产生的状态,2500,历史重启阶段最优路径,更新前,0.06516047505717763,0.0,0.0
2,81003,6,不使用 GP 产生的状态,2500,历史重启阶段最优路径,蒸发和下界保护后,0.06516047505717763,0.0,0.0
2,81003,6,不使用 GP 产生的状态,2500,历史重启阶段最优路径,沉积后,0.06516047505717763,0.06516053529593996,5.2541433088974355e-05
2,81003,6,不使用 GP 产生的状态,2500,历史重启阶段最优路径,重启和可选上界处理后,0.06516047505717763,0.06516053529593996,5.2541433088974355e-05
2,81003,7,不使用 GP 产生的状态,2500,历史重启阶段最优路径,更新前,0.004010107664511467,0.0,0.0
2,81003,7,不使用 GP 产生的状态,2500,历史重启阶段最优路径,蒸发和下界保护后,0.004010107664511467,0.0,0.0
2,81003,7,不使用 GP 产生的状态,2500,历史重启阶段最优路径,沉积后,0.004010107664511467,0.0040101832665568864,3.334153220334907e-06
2,81003,7,不使用 GP 产生的状态,2500,历史重启阶段最优路径,重启和可选上界处理后,0.004010107664511467,0.0,0.0
2,81003,0,不使用 GP 产生的状态,2500,历史全局最优路径,更新前,0.003675800277554539,0.0,0.0
2,81003,0,不使用 GP 产生的状态,2500,历史全局最优路径,蒸发和下界保护后,0.003675800277554539,0.0,0.0
2,81003,0,不使用 GP 产生的状态,2500,历史全局最优路径,沉积后,0.003675800277554539,0.003675854701232735,3.0564605229612956e-06
2,81003,0,不使用 GP 产生的状态,2500,历史全局最优路径,重启和可选上界处理后,0.003675800277554539,0.003675854701232735,3.0564605229612956e-06
2,81003,1,不使用 GP 产生的状态,2500,历史全局最优路径,更新前,0.0041335479559909865,0.0,0.0
2,81003,1,不使用 GP 产生的状态,2500,历史全局最优路径,蒸发和下界保护后,0.0041335479559909865,0.0,0.0
2,81003,1,不使用 GP 产生的状态,2500,历史全局最优路径,沉积后,0.0041335479559909865,0.004133394170420422,3.4380019591495762e-06
2,81003,1,不使用 GP 产生的状态,2500,历史全局最优路径,重启和可选上界处理后,0.0041335479559909865,0.004133394170420422,3.4380019591495762e-06
2,81003,2,不使用 GP 产生的状态,2500,历史全局最优路径,更新前,0.10666578145608782,0.0,0.0
2,81003,2,不使用 GP 产生的状态,2500,历史全局最优路径,蒸发和下界保护后,0.10666578145608782,0.0,0.0
2,81003,2,不使用 GP 产生的状态,2500,历史全局最优路径,沉积后,0.10666578145608782,0.10666571917464371,8.824652158485686e-05
2,81003,2,不使用 GP 产生的状态,2500,历史全局最优路径,重启和可选上界处理后,0.10666578145608782,0.10666571917464371,8.824652158485686e-05
2,81003,3,不使用 GP 产生的状态,2500,历史全局最优路径,更新前,0.12403149042113662,0.0,0.0
2,81003,3,不使用 GP 产生的状态,2500,历史全局最优路径,蒸发和下界保护后,0.12403149042113662,0.0,0.0
2,81003,3,不使用 GP 产生的状态,2500,历史全局最优路径,沉积后,0.12403149042113662,0.12403147374076205,0.00010215764861236239
2,81003,3,不使用 GP 产生的状态,2500,历史全局最优路径,重启和可选上界处理后,0.12403149042113662,0.12403147374076205,0.00010215764861236239
2,81003,4,不使用 GP 产生的状态,2500,历史全局最优路径,更新前,0.003002983664619922,0.0,0.0
2,81003,4,不使用 GP 产生的状态,2500,历史全局最优路径,蒸发和下界保护后,0.003002983664619922,0.0,0.0
2,81003,4,不使用 GP 产生的状态,2500,历史全局最优路径,沉积后,0.003002983664619922,0.0030028730502240915,2.49690258588387e-06
2,81003,4,不使用 GP 产生的状态,2500,历史全局最优路径,重启和可选上界处理后,0.003002983664619922,0.0030028730502240915,2.49690258588387e-06
2,81003,5,不使用 GP 产生的状态,2500,历史全局最优路径,更新前,0.004536588706807196,0.0,0.0
2,81003,5,不使用 GP 产生的状态,2500,历史全局最优路径,蒸发和下界保护后,0.004536588706807196,0.0,0.0
2,81003,5,不使用 GP 产生的状态,2500,历史全局最优路径,沉积后,0.004536588706807196,0.004536493214640852,3.775293094228385e-06
2,81003,5,不使用 GP 产生的状态,2500,历史全局最优路径,重启和可选上界处理后,0.004536588706807196,0.004536493214640852,3.775293094228385e-06
2,81003,6,不使用 GP 产生的状态,2500,历史全局最优路径,更新前,0.10715197734125627,0.0,0.0
2,81003,6,不使用 GP 产生的状态,2500,历史全局最优路径,蒸发和下界保护后,0.10715197734125627,0.0,0.0
2,81003,6,不使用 GP 产生的状态,2500,历史全局最优路径,沉积后,0.10715197734125627,0.10715198792037775,8.640073912302988e-05
2,81003,6,不使用 GP 产生的状态,2500,历史全局最优路径,重启和可选上界处理后,0.10715197734125627,0.10715198792037775,8.640073912302988e-05
2,81003,7,不使用 GP 产生的状态,2500,历史全局最优路径,更新前,0.004010107664511467,0.0,0.0
2,81003,7,不使用 GP 产生的状态,2500,历史全局最优路径,蒸发和下界保护后,0.004010107664511467,0.0,0.0
2,81003,7,不使用 GP 产生的状态,2500,历史全局最优路径,沉积后,0.004010107664511467,0.0040101832665568864,3.334153220334907e-06
2,81003,7,不使用 GP 产生的状态,2500,历史全局最优路径,重启和可选上界处理后,0.004010107664511467,0.0,0.0
2,81001,0,不使用 GP 产生的状态,2500,本轮最优路径,更新前,0.0007479123995212035,0.0,0.0
2,81001,0,不使用 GP 产生的状态,2500,本轮最优路径,蒸发和下界保护后,0.0007479123995212035,0.0,0.0
2,81001,0,不使用 GP 产生的状态,2500,本轮最优路径,沉积后,0.0007479123995212035,0.0007479852112448677,6.219471267898884e-07
2,81001,0,不使用 GP 产生的状态,2500,本轮最优路径,重启和可选上界处理后,0.0007479123995212035,0.0007479852112448677,6.219471267898884e-07
2,81001,1,不使用 GP 产生的状态,2500,本轮最优路径,更新前,0.0008647261111825908,0.0,0.0
2,81001,1,不使用 GP 产生的状态,2500,本轮最优路径,蒸发和下界保护后,0.0008647261111825908,0.0,0.0
2,81001,1,不使用 GP 产生的状态,2500,本轮最优路径,沉积后,0.0008647261111825908,0.0008648649819341685,7.193621947715426e-07
2,81001,1,不使用 GP 产生的状态,2500,本轮最优路径,重启和可选上界处理后,0.0008647261111825908,0.0008648649819341685,7.193621947715426e-07
2,81001,2,不使用 GP 产生的状态,2500,本轮最优路径,更新前,0.0006892450799660003,0.0,0.0
2,81001,2,不使用 GP 产生的状态,2500,本轮最优路径,蒸发和下界保护后,0.0006892450799660003,0.0,0.0
2,81001,2,不使用 GP 产生的状态,2500,本轮最优路径,沉积后,0.0006892450799660003,0.0006894899146980787,5.704277542096116e-07
2,81001,2,不使用 GP 产生的状态,2500,本轮最优路径,重启和可选上界处理后,0.0006892450799660003,0.0006894899146980787,5.704277542096116e-07
2,81001,3,不使用 GP 产生的状态,2500,本轮最优路径,更新前,0.005787674535312557,0.0,0.0
2,81001,3,不使用 GP 产生的状态,2500,本轮最优路径,蒸发和下界保护后,0.005787674535312557,0.0,0.0
2,81001,3,不使用 GP 产生的状态,2500,本轮最优路径,沉积后,0.005787674535312557,0.005787743075347928,4.767033765847396e-06
2,81001,3,不使用 GP 产生的状态,2500,本轮最优路径,重启和可选上界处理后,0.005787674535312557,0.005787743075347928,4.767033765847396e-06
2,81001,4,不使用 GP 产生的状态,2500,本轮最优路径,更新前,0.0005058369870069829,0.0,0.0
2,81001,4,不使用 GP 产生的状态,2500,本轮最优路径,蒸发和下界保护后,0.0005058369870069829,0.0,0.0
2,81001,4,不使用 GP 产生的状态,2500,本轮最优路径,沉积后,0.0005058369870069829,0.0005058165473903621,4.205887575126081e-07
2,81001,4,不使用 GP 产生的状态,2500,本轮最优路径,重启和可选上界处理后,0.0005058369870069829,0.0005058165473903621,4.205887575126081e-07
2,81001,5,不使用 GP 产生的状态,2500,本轮最优路径,更新前,0.0008051314894355813,0.0,0.0
2,81001,5,不使用 GP 产生的状态,2500,本轮最优路径,蒸发和下界保护后,0.0008051314894355813,0.0,0.0
2,81001,5,不使用 GP 产生的状态,2500,本轮最优路径,沉积后,0.0008051314894355813,0.0008051492807517443,6.700493918154485e-07
2,81001,5,不使用 GP 产生的状态,2500,本轮最优路径,重启和可选上界处理后,0.0008051314894355813,0.0008051492807517443,6.700493918154485e-07
2,81001,6,不使用 GP 产生的状态,2500,本轮最优路径,更新前,0.11676969875532897,0.0,0.0
2,81001,6,不使用 GP 产生的状态,2500,本轮最优路径,蒸发和下界保护后,0.11676969875532897,0.0,0.0
2,81001,6,不使用 GP 产生的状态,2500,本轮最优路径,沉积后,0.11676969875532897,0.11676962793744516,9.415581939643738e-05
2,81001,6,不使用 GP 产生的状态,2500,本轮最优路径,重启和可选上界处理后,0.11676969875532897,0.11676962793744516,9.415581939643738e-05
2,81001,7,不使用 GP 产生的状态,2500,本轮最优路径,更新前,0.0009526837476170039,0.0,0.0
2,81001,7,不使用 GP 产生的状态,2500,本轮最优路径,蒸发和下界保护后,0.0009526837476170039,0.0,0.0
2,81001,7,不使用 GP 产生的状态,2500,本轮最优路径,沉积后,0.0009526837476170039,0.0009527873777377982,7.921680613131818e-07
2,81001,7,不使用 GP 产生的状态,2500,本轮最优路径,重启和可选上界处理后,0.0009526837476170039,0.0,0.0
2,81001,0,不使用 GP 产生的状态,2500,历史重启阶段最优路径,更新前,0.0007479123995212035,0.0,0.0
2,81001,0,不使用 GP 产生的状态,2500,历史重启阶段最优路径,蒸发和下界保护后,0.0007479123995212035,0.0,0.0
2,81001,0,不使用 GP 产生的状态,2500,历史重启阶段最优路径,沉积后,0.0007479123995212035,0.0007479852112448677,6.219471267898884e-07
2,81001,0,不使用 GP 产生的状态,2500,历史重启阶段最优路径,重启和可选上界处理后,0.0007479123995212035,0.0007479852112448677,6.219471267898884e-07
2,81001,1,不使用 GP 产生的状态,2500,历史重启阶段最优路径,更新前,0.0008649672549786518,0.0,0.0
2,81001,1,不使用 GP 产生的状态,2500,历史重启阶段最优路径,蒸发和下界保护后,0.0008649672549786518,0.0,0.0
2,81001,1,不使用 GP 产生的状态,2500,历史重启阶段最优路径,沉积后,0.0008649672549786518,0.0008650775494383887,7.195390004343536e-07
2,81001,1,不使用 GP 产生的状态,2500,历史重启阶段最优路径,重启和可选上界处理后,0.0008649672549786518,0.0008650775494383887,7.195390004343536e-07
2,81001,2,不使用 GP 产生的状态,2500,历史重启阶段最优路径,更新前,0.0006893983315509267,0.0,0.0
2,81001,2,不使用 GP 产生的状态,2500,历史重启阶段最优路径,蒸发和下界保护后,0.0006893983315509267,0.0,0.0
2,81001,2,不使用 GP 产生的状态,2500,历史重启阶段最优路径,沉积后,0.0006893983315509267,0.000689466375254634,5.704082795928358e-07
2,81001,2,不使用 GP 产生的状态,2500,历史重启阶段最优路径,重启和可选上界处理后,0.0006893983315509267,0.000689466375254634,5.704082795928358e-07
2,81001,3,不使用 GP 产生的状态,2500,历史重启阶段最优路径,更新前,0.005787674535312557,0.0,0.0
2,81001,3,不使用 GP 产生的状态,2500,历史重启阶段最优路径,蒸发和下界保护后,0.005787674535312557,0.0,0.0
2,81001,3,不使用 GP 产生的状态,2500,历史重启阶段最优路径,沉积后,0.005787674535312557,0.005787743075347928,4.767033765847396e-06
2,81001,3,不使用 GP 产生的状态,2500,历史重启阶段最优路径,重启和可选上界处理后,0.005787674535312557,0.005787743075347928,4.767033765847396e-06
2,81001,4,不使用 GP 产生的状态,2500,历史重启阶段最优路径,更新前,0.0005059180240752329,0.0,0.0
2,81001,4,不使用 GP 产生的状态,2500,历史重启阶段最优路径,蒸发和下界保护后,0.0005059180240752329,0.0,0.0
2,81001,4,不使用 GP 产生的状态,2500,历史重启阶段最优路径,沉积后,0.0005059180240752329,0.0005061801321001361,4.2089107985086175e-07
2,81001,4,不使用 GP 产生的状态,2500,历史重启阶段最优路径,重启和可选上界处理后,0.0005059180240752329,0.0005061801321001361,4.2089107985086175e-07
2,81001,5,不使用 GP 产生的状态,2500,历史重启阶段最优路径,更新前,0.0008052274657193725,0.0,0.0
2,81001,5,不使用 GP 产生的状态,2500,历史重启阶段最优路径,蒸发和下界保护后,0.0008052274657193725,0.0,0.0
2,81001,5,不使用 GP 产生的状态,2500,历史重启阶段最优路径,沉积后,0.0008052274657193725,0.0008054755759107621,6.70320936332818e-07
2,81001,5,不使用 GP 产生的状态,2500,历史重启阶段最优路径,重启和可选上界处理后,0.0008052274657193725,0.0008054755759107621,6.70320936332818e-07
2,81001,6,不使用 GP 产生的状态,2500,历史重启阶段最优路径,更新前,0.07029864894293458,0.0,0.0
2,81001,6,不使用 GP 产生的状态,2500,历史重启阶段最优路径,蒸发和下界保护后,0.07029864894293458,0.0,0.0
2,81001,6,不使用 GP 产生的状态,2500,历史重启阶段最优路径,沉积后,0.07029864894293458,0.07029869885149592,5.668453098447724e-05
2,81001,6,不使用 GP 产生的状态,2500,历史重启阶段最优路径,重启和可选上界处理后,0.07029864894293458,0.07029869885149592,5.668453098447724e-05
2,81001,7,不使用 GP 产生的状态,2500,历史重启阶段最优路径,更新前,0.0009525909353498631,0.0,0.0
2,81001,7,不使用 GP 产生的状态,2500,历史重启阶段最优路径,蒸发和下界保护后,0.0009525909353498631,0.0,0.0
2,81001,7,不使用 GP 产生的状态,2500,历史重启阶段最优路径,沉积后,0.0009525909353498631,0.0009524500573920573,7.918876058720514e-07
2,81001,7,不使用 GP 产生的状态,2500,历史重启阶段最优路径,重启和可选上界处理后,0.0009525909353498631,0.0,0.0
2,81001,0,不使用 GP 产生的状态,2500,历史全局最优路径,更新前,0.0007480354389932258,0.0,0.0
2,81001,0,不使用 GP 产生的状态,2500,历史全局最优路径,蒸发和下界保护后,0.0007480354389932258,0.0,0.0
2,81001,0,不使用 GP 产生的状态,2500,历史全局最优路径,沉积后,0.0007480354389932258,0.0007479861985224766,6.219479477078197e-07
2,81001,0,不使用 GP 产生的状态,2500,历史全局最优路径,重启和可选上界处理后,0.0007480354389932258,0.0007479861985224766,6.219479477078197e-07
2,81001,1,不使用 GP 产生的状态,2500,历史全局最优路径,更新前,0.0008649672549786518,0.0,0.0
2,81001,1,不使用 GP 产生的状态,2500,历史全局最优路径,蒸发和下界保护后,0.0008649672549786518,0.0,0.0
2,81001,1,不使用 GP 产生的状态,2500,历史全局最优路径,沉积后,0.0008649672549786518,0.0008650775494383887,7.195390004343536e-07
2,81001,1,不使用 GP 产生的状态,2500,历史全局最优路径,重启和可选上界处理后,0.0008649672549786518,0.0008650775494383887,7.195390004343536e-07
2,81001,2,不使用 GP 产生的状态,2500,历史全局最优路径,更新前,0.13151287948093707,0.0,0.0
2,81001,2,不使用 GP 产生的状态,2500,历史全局最优路径,蒸发和下界保护后,0.13151287948093707,0.0,0.0
2,81001,2,不使用 GP 产生的状态,2500,历史全局最优路径,沉积后,0.13151287948093707,0.13151275369203616,0.00010880293263074038
2,81001,2,不使用 GP 产生的状态,2500,历史全局最优路径,重启和可选上界处理后,0.13151287948093707,0.13151275369203616,0.00010880293263074038
2,81001,3,不使用 GP 产生的状态,2500,历史全局最优路径,更新前,0.1499145450363973,0.0,0.0
2,81001,3,不使用 GP 产生的状态,2500,历史全局最优路径,蒸发和下界保护后,0.1499145450363973,0.0,0.0
2,81001,3,不使用 GP 产生的状态,2500,历史全局最优路径,沉积后,0.1499145450363973,0.14991449938484586,0.0001234760201436046
2,81001,3,不使用 GP 产生的状态,2500,历史全局最优路径,重启和可选上界处理后,0.1499145450363973,0.14991449938484586,0.0001234760201436046
2,81001,4,不使用 GP 产生的状态,2500,历史全局最优路径,更新前,0.0005057100209178556,0.0,0.0
2,81001,4,不使用 GP 产生的状态,2500,历史全局最优路径,蒸发和下界保护后,0.0005057100209178556,0.0,0.0
2,81001,4,不使用 GP 产生的状态,2500,历史全局最优路径,沉积后,0.0005057100209178556,0.000505915619414454,4.206711363508095e-07
2,81001,4,不使用 GP 产生的状态,2500,历史全局最优路径,重启和可选上界处理后,0.0005057100209178556,0.000505915619414454,4.206711363508095e-07
2,81001,5,不使用 GP 产生的状态,2500,历史全局最优路径,更新前,0.0008052274657193725,0.0,0.0
2,81001,5,不使用 GP 产生的状态,2500,历史全局最优路径,蒸发和下界保护后,0.0008052274657193725,0.0,0.0
2,81001,5,不使用 GP 产生的状态,2500,历史全局最优路径,沉积后,0.0008052274657193725,0.0008054755759107621,6.70320936332818e-07
2,81001,5,不使用 GP 产生的状态,2500,历史全局最优路径,重启和可选上界处理后,0.0008052274657193725,0.0008054755759107621,6.70320936332818e-07
2,81001,6,不使用 GP 产生的状态,2500,历史全局最优路径,更新前,0.11939540173371976,0.0,0.0
2,81001,6,不使用 GP 产生的状态,2500,历史全局最优路径,蒸发和下界保护后,0.11939540173371976,0.0,0.0
2,81001,6,不使用 GP 产生的状态,2500,历史全局最优路径,沉积后,0.11939540173371976,0.11939541841139363,9.627308460495666e-05
2,81001,6,不使用 GP 产生的状态,2500,历史全局最优路径,重启和可选上界处理后,0.11939540173371976,0.11939541841139363,9.627308460495666e-05
2,81001,7,不使用 GP 产生的状态,2500,历史全局最优路径,更新前,0.0009525694225727112,0.0,0.0
2,81001,7,不使用 GP 产生的状态,2500,历史全局最优路径,蒸发和下界保护后,0.0009525694225727112,0.0,0.0
2,81001,7,不使用 GP 产生的状态,2500,历史全局最优路径,沉积后,0.0009525694225727112,0.0009524500573920573,7.918876058720514e-07
2,81001,7,不使用 GP 产生的状态,2500,历史全局最优路径,重启和可选上界处理后,0.0009525694225727112,0.0,0.0
2,81001,0,GP 表达式自身产生的状态,2500,本轮最优路径,更新前,0.0006796272024375664,0.0,0.0
2,81001,0,GP 表达式自身产生的状态,2500,本轮最优路径,蒸发和下界保护后,0.0006796272024375664,0.0,0.0
2,81001,0,GP 表达式自身产生的状态,2500,本轮最优路径,沉积后,0.0006796272024375664,0.0006795363385645429,5.650541033295681e-07
2,81001,0,GP 表达式自身产生的状态,2500,本轮最优路径,重启和可选上界处理后,0.0006796272024375664,0.0,0.0
2,81001,1,GP 表达式自身产生的状态,2500,本轮最优路径,更新前,0.0007402463220318491,0.0,0.0
2,81001,1,GP 表达式自身产生的状态,2500,本轮最优路径,蒸发和下界保护后,0.0007402463220318491,0.0,0.0
2,81001,1,GP 表达式自身产生的状态,2500,本轮最优路径,沉积后,0.0007402463220318491,0.0007402318615097764,6.126364839347264e-07
2,81001,1,GP 表达式自身产生的状态,2500,本轮最优路径,重启和可选上界处理后,0.0007402463220318491,0.0007402318615097764,6.126364839347264e-07
2,81001,2,GP 表达式自身产生的状态,2500,本轮最优路径,更新前,0.020565072307897166,0.0,0.0
2,81001,2,GP 表达式自身产生的状态,2500,本轮最优路径,蒸发和下界保护后,0.020565072307897166,0.0,0.0
2,81001,2,GP 表达式自身产生的状态,2500,本轮最优路径,沉积后,0.020565072307897166,0.020565053959854557,1.6940429676872608e-05
2,81001,2,GP 表达式自身产生的状态,2500,本轮最优路径,重启和可选上界处理后,0.020565072307897166,0.020565053959854557,1.6940429676872608e-05
2,81001,3,GP 表达式自身产生的状态,2500,本轮最优路径,更新前,0.036104073614844356,0.0,0.0
2,81001,3,GP 表达式自身产生的状态,2500,本轮最优路径,蒸发和下界保护后,0.036104073614844356,0.0,0.0
2,81001,3,GP 表达式自身产生的状态,2500,本轮最优路径,沉积后,0.036104073614844356,0.03610408479675519,2.9861179390978113e-05
2,81001,3,GP 表达式自身产生的状态,2500,本轮最优路径,重启和可选上界处理后,0.036104073614844356,0.03610408479675519,2.9861179390978113e-05
2,81001,4,GP 表达式自身产生的状态,2500,本轮最优路径,更新前,0.0039671549968107135,0.0,0.0
2,81001,4,GP 表达式自身产生的状态,2500,本轮最优路径,蒸发和下界保护后,0.0039671549968107135,0.0,0.0
2,81001,4,GP 表达式自身产生的状态,2500,本轮最优路径,沉积后,0.0039671549968107135,0.0039670578842823,3.2895283810567245e-06
2,81001,4,GP 表达式自身产生的状态,2500,本轮最优路径,重启和可选上界处理后,0.0039671549968107135,0.0039670578842823,3.2895283810567245e-06
2,81001,5,GP 表达式自身产生的状态,2500,本轮最优路径,更新前,0.00069244511608037,0.0,0.0
2,81001,5,GP 表达式自身产生的状态,2500,本轮最优路径,蒸发和下界保护后,0.00069244511608037,0.0,0.0
2,81001,5,GP 表达式自身产生的状态,2500,本轮最优路径,沉积后,0.00069244511608037,0.000692415041613594,5.727304114489526e-07
2,81001,5,GP 表达式自身产生的状态,2500,本轮最优路径,重启和可选上界处理后,0.00069244511608037,0.000692415041613594,5.727304114489526e-07
2,81001,6,GP 表达式自身产生的状态,2500,本轮最优路径,更新前,0.0010616014695376535,0.0,0.0
2,81001,6,GP 表达式自身产生的状态,2500,本轮最优路径,蒸发和下界保护后,0.0010616014695376535,0.0,0.0
2,81001,6,GP 表达式自身产生的状态,2500,本轮最优路径,沉积后,0.0010616014695376535,0.0010616321223001935,8.823690121551197e-07
2,81001,6,GP 表达式自身产生的状态,2500,本轮最优路径,重启和可选上界处理后,0.0010616014695376535,0.0010616321223001935,8.823690121551197e-07
2,81001,7,GP 表达式自身产生的状态,2500,本轮最优路径,更新前,0.003941817711976064,0.0,0.0
2,81001,7,GP 表达式自身产生的状态,2500,本轮最优路径,蒸发和下界保护后,0.003941817711976064,0.0,0.0
2,81001,7,GP 表达式自身产生的状态,2500,本轮最优路径,沉积后,0.003941817711976064,0.003941803195576339,3.255390039767023e-06
2,81001,7,GP 表达式自身产生的状态,2500,本轮最优路径,重启和可选上界处理后,0.003941817711976064,0.003941803195576339,3.255390039767023e-06
2,81001,0,GP 表达式自身产生的状态,2500,历史重启阶段最优路径,更新前,0.0006796532517272511,0.0,0.0
2,81001,0,GP 表达式自身产生的状态,2500,历史重启阶段最优路径,蒸发和下界保护后,0.0006796532517272511,0.0,0.0
2,81001,0,GP 表达式自身产生的状态,2500,历史重启阶段最优路径,沉积后,0.0006796532517272511,0.0006795936223105795,5.651017364198314e-07
2,81001,0,GP 表达式自身产生的状态,2500,历史重启阶段最优路径,重启和可选上界处理后,0.0006796532517272511,0.0,0.0
2,81001,1,GP 表达式自身产生的状态,2500,历史重启阶段最优路径,更新前,0.0007400937949599008,0.0,0.0
2,81001,1,GP 表达式自身产生的状态,2500,历史重启阶段最优路径,蒸发和下界保护后,0.0007400937949599008,0.0,0.0
2,81001,1,GP 表达式自身产生的状态,2500,历史重启阶段最优路径,沉积后,0.0007400937949599008,0.0007400668858144787,6.124999454592064e-07
2,81001,1,GP 表达式自身产生的状态,2500,历史重启阶段最优路径,重启和可选上界处理后,0.0007400937949599008,0.0007400668858144787,6.124999454592064e-07
2,81001,2,GP 表达式自身产生的状态,2500,历史重启阶段最优路径,更新前,0.01578438125724898,0.0,0.0
2,81001,2,GP 表达式自身产生的状态,2500,历史重启阶段最优路径,蒸发和下界保护后,0.01578438125724898,0.0,0.0
2,81001,2,GP 表达式自身产生的状态,2500,历史重启阶段最优路径,沉积后,0.01578438125724898,0.01578438218080817,1.3002359091731409e-05
2,81001,2,GP 表达式自身产生的状态,2500,历史重启阶段最优路径,重启和可选上界处理后,0.01578438125724898,0.01578438218080817,1.3002359091731409e-05
2,81001,3,GP 表达式自身产生的状态,2500,历史重启阶段最优路径,更新前,0.03419090270669109,0.0,0.0
2,81001,3,GP 表达式自身产生的状态,2500,历史重启阶段最优路径,蒸发和下界保护后,0.03419090270669109,0.0,0.0
2,81001,3,GP 表达式自身产生的状态,2500,历史重启阶段最优路径,沉积后,0.03419090270669109,0.034190848296387535,2.8278768462229674e-05
2,81001,3,GP 表达式自身产生的状态,2500,历史重启阶段最优路径,重启和可选上界处理后,0.03419090270669109,0.034190848296387535,2.8278768462229674e-05
2,81001,4,GP 表达式自身产生的状态,2500,历史重启阶段最优路径,更新前,0.007894397588900086,0.0,0.0
2,81001,4,GP 表达式自身产生的状态,2500,历史重启阶段最优路径,蒸发和下界保护后,0.007894397588900086,0.0,0.0
2,81001,4,GP 表达式自身产生的状态,2500,历史重启阶段最优路径,沉积后,0.007894397588900086,0.007894341372206619,6.54607539166827e-06
2,81001,4,GP 表达式自身产生的状态,2500,历史重启阶段最优路径,重启和可选上界处理后,0.007894397588900086,0.007894341372206619,6.54607539166827e-06
2,81001,5,GP 表达式自身产生的状态,2500,历史重启阶段最优路径,更新前,0.0006925680926449195,0.0,0.0
2,81001,5,GP 表达式自身产生的状态,2500,历史重启阶段最优路径,蒸发和下界保护后,0.0006925680926449195,0.0,0.0
2,81001,5,GP 表达式自身产生的状态,2500,历史重启阶段最优路径,沉积后,0.0006925680926449195,0.0006926381040554303,5.729149173253616e-07
2,81001,5,GP 表达式自身产生的状态,2500,历史重启阶段最优路径,重启和可选上界处理后,0.0006925680926449195,0.0006926381040554303,5.729149173253616e-07
2,81001,6,GP 表达式自身产生的状态,2500,历史重启阶段最优路径,更新前,0.0010619287541518611,0.0,0.0
2,81001,6,GP 表达式自身产生的状态,2500,历史重启阶段最优路径,蒸发和下界保护后,0.0010619287541518611,0.0,0.0
2,81001,6,GP 表达式自身产生的状态,2500,历史重启阶段最优路径,沉积后,0.0010619287541518611,0.0010618227969648132,8.825274902304618e-07
2,81001,6,GP 表达式自身产生的状态,2500,历史重启阶段最优路径,重启和可选上界处理后,0.0010619287541518611,0.0010618227969648132,8.825274902304618e-07
2,81001,7,GP 表达式自身产生的状态,2500,历史重启阶段最优路径,更新前,0.015699168116056494,0.0,0.0
2,81001,7,GP 表达式自身产生的状态,2500,历史重启阶段最优路径,蒸发和下界保护后,0.015699168116056494,0.0,0.0
2,81001,7,GP 表达式自身产生的状态,2500,历史重启阶段最优路径,沉积后,0.015699168116056494,0.015699155205726525,1.2965353913871974e-05
2,81001,7,GP 表达式自身产生的状态,2500,历史重启阶段最优路径,重启和可选上界处理后,0.015699168116056494,0.015699155205726525,1.2965353913871974e-05
2,81001,0,GP 表达式自身产生的状态,2500,历史全局最优路径,更新前,0.0006792826357669028,0.0,0.0
2,81001,0,GP 表达式自身产生的状态,2500,历史全局最优路径,蒸发和下界保护后,0.0006792826357669028,0.0,0.0
2,81001,0,GP 表达式自身产生的状态,2500,历史全局最优路径,沉积后,0.0006792826357669028,0.0006792864629137285,5.648463245047989e-07
2,81001,0,GP 表达式自身产生的状态,2500,历史全局最优路径,重启和可选上界处理后,0.0006792826357669028,0.0,0.0
2,81001,1,GP 表达式自身产生的状态,2500,历史全局最优路径,更新前,0.1247093011307241,0.0,0.0
2,81001,1,GP 表达式自身产生的状态,2500,历史全局最优路径,蒸发和下界保护后,0.1247093011307241,0.0,0.0
2,81001,1,GP 表达式自身产生的状态,2500,历史全局最优路径,沉积后,0.1247093011307241,0.12470925385110411,0.00010321284825221565
2,81001,1,GP 表达式自身产生的状态,2500,历史全局最优路径,重启和可选上界处理后,0.1247093011307241,0.12470925385110411,0.00010321284825221565
2,81001,2,GP 表达式自身产生的状态,2500,历史全局最优路径,更新前,0.09856010745760442,0.0,0.0
2,81001,2,GP 表达式自身产生的状态,2500,历史全局最优路径,蒸发和下界保护后,0.09856010745760442,0.0,0.0
2,81001,2,GP 表达式自身产生的状态,2500,历史全局最优路径,沉积后,0.09856010745760442,0.09856006595901141,8.118869367354517e-05
2,81001,2,GP 表达式自身产生的状态,2500,历史全局最优路径,重启和可选上界处理后,0.09856010745760442,0.09856006595901141,8.118869367354517e-05
2,81001,3,GP 表达式自身产生的状态,2500,历史全局最优路径,更新前,0.17590144704570868,0.0,0.0
2,81001,3,GP 表达式自身产生的状态,2500,历史全局最优路径,蒸发和下界保护后,0.17590144704570868,0.0,0.0
2,81001,3,GP 表达式自身产生的状态,2500,历史全局最优路径,沉积后,0.17590144704570868,0.17590140431706616,0.00014548557092656058
2,81001,3,GP 表达式自身产生的状态,2500,历史全局最优路径,重启和可选上界处理后,0.17590144704570868,0.17590140431706616,0.00014548557092656058
2,81001,4,GP 表达式自身产生的状态,2500,历史全局最优路径,更新前,0.10455252297103848,0.0,0.0
2,81001,4,GP 表达式自身产生的状态,2500,历史全局最优路径,蒸发和下界保护后,0.10455252297103848,0.0,0.0
2,81001,4,GP 表达式自身产生的状态,2500,历史全局最优路径,沉积后,0.10455252297103848,0.1045525994546944,8.66961746593458e-05
2,81001,4,GP 表达式自身产生的状态,2500,历史全局最优路径,重启和可选上界处理后,0.10455252297103848,0.1045525994546944,8.66961746593458e-05
2,81001,5,GP 表达式自身产生的状态,2500,历史全局最优路径,更新前,0.07591632909007137,0.0,0.0
2,81001,5,GP 表达式自身产生的状态,2500,历史全局最优路径,蒸发和下界保护后,0.07591632909007137,0.0,0.0
2,81001,5,GP 表达式自身产生的状态,2500,历史全局最优路径,沉积后,0.07591632909007137,0.07591636829646126,6.279414836052408e-05
2,81001,5,GP 表达式自身产生的状态,2500,历史全局最优路径,重启和可选上界处理后,0.07591632909007137,0.07591636829646126,6.279414836052408e-05
2,81001,6,GP 表达式自身产生的状态,2500,历史全局最优路径,更新前,0.0010615180795419243,0.0,0.0
2,81001,6,GP 表达式自身产生的状态,2500,历史全局最优路径,蒸发和下界保护后,0.0010615180795419243,0.0,0.0
2,81001,6,GP 表达式自身产生的状态,2500,历史全局最优路径,沉积后,0.0010615180795419243,0.0010614139325573883,8.821876650916904e-07
2,81001,6,GP 表达式自身产生的状态,2500,历史全局最优路径,重启和可选上界处理后,0.0010615180795419243,0.0010614139325573883,8.821876650916904e-07
2,81001,7,GP 表达式自身产生的状态,2500,历史全局最优路径,更新前,0.1435812942075395,0.0,0.0
2,81001,7,GP 表达式自身产生的状态,2500,历史全局最优路径,蒸发和下界保护后,0.1435812942075395,0.0,0.0
2,81001,7,GP 表达式自身产生的状态,2500,历史全局最优路径,沉积后,0.1435812942075395,0.14358130075536238,0.00011857851932010739
2,81001,7,GP 表达式自身产生的状态,2500,历史全局最优路径,重启和可选上界处理后,0.1435812942075395,0.14358130075536238,0.00011857851932010739
2,81002,0,GP 表达式自身产生的状态,2500,本轮最优路径,更新前,0.0008149650319820732,0.0,0.0
2,81002,0,GP 表达式自身产生的状态,2500,本轮最优路径,蒸发和下界保护后,0.0008149650319820732,0.0,0.0
2,81002,0,GP 表达式自身产生的状态,2500,本轮最优路径,沉积后,0.0008149650319820732,0.000814973179669541,6.776790815337165e-07
2,81002,0,GP 表达式自身产生的状态,2500,本轮最优路径,重启和可选上界处理后,0.0008149650319820732,0.000814973179669541,6.776790815337165e-07
2,81002,1,GP 表达式自身产生的状态,2500,本轮最优路径,更新前,0.00041942985849470563,0.0,0.0
2,81002,1,GP 表达式自身产生的状态,2500,本轮最优路径,蒸发和下界保护后,0.00041942985849470563,0.0,0.0
2,81002,1,GP 表达式自身产生的状态,2500,本轮最优路径,沉积后,0.00041942985849470563,0.00041947393045681567,3.4924704588359196e-07
2,81002,1,GP 表达式自身产生的状态,2500,本轮最优路径,重启和可选上界处理后,0.00041942985849470563,0.00041947393045681567,3.4924704588359196e-07
2,81002,2,GP 表达式自身产生的状态,2500,本轮最优路径,更新前,0.002090483313670723,0.0,0.0
2,81002,2,GP 表达式自身产生的状态,2500,本轮最优路径,蒸发和下界保护后,0.002090483313670723,0.0,0.0
2,81002,2,GP 表达式自身产生的状态,2500,本轮最优路径,沉积后,0.002090483313670723,0.0020904702538034397,1.7383266439132893e-06
2,81002,2,GP 表达式自身产生的状态,2500,本轮最优路径,重启和可选上界处理后,0.002090483313670723,0.0020904702538034397,1.7383266439132893e-06
2,81002,3,GP 表达式自身产生的状态,2500,本轮最优路径,更新前,0.0021039261643935863,0.0,0.0
2,81002,3,GP 表达式自身产生的状态,2500,本轮最优路径,蒸发和下界保护后,0.0021039261643935863,0.0,0.0
2,81002,3,GP 表达式自身产生的状态,2500,本轮最优路径,沉积后,0.0021039261643935863,0.0021039373501604386,1.7495008028096463e-06
2,81002,3,GP 表达式自身产生的状态,2500,本轮最优路径,重启和可选上界处理后,0.0021039261643935863,0.0,0.0
2,81002,4,GP 表达式自身产生的状态,2500,本轮最优路径,更新前,0.0006330952237581495,0.0,0.0
2,81002,4,GP 表达式自身产生的状态,2500,本轮最优路径,蒸发和下界保护后,0.0006330952237581495,0.0,0.0
2,81002,4,GP 表达式自身产生的状态,2500,本轮最优路径,沉积后,0.0006330952237581495,0.000633088375377081,5.264400852617604e-07
2,81002,4,GP 表达式自身产生的状态,2500,本轮最优路径,重启和可选上界处理后,0.0006330952237581495,0.000633088375377081,5.264400852617604e-07
2,81002,5,GP 表达式自身产生的状态,2500,本轮最优路径,更新前,0.0008809767210923834,0.0,0.0
2,81002,5,GP 表达式自身产生的状态,2500,本轮最优路径,蒸发和下界保护后,0.0008809767210923834,0.0,0.0
2,81002,5,GP 表达式自身产生的状态,2500,本轮最优路径,沉积后,0.0008809767210923834,0.0008809639384527853,7.288290153514526e-07
2,81002,5,GP 表达式自身产生的状态,2500,本轮最优路径,重启和可选上界处理后,0.0008809767210923834,0.0008809639384527853,7.288290153514526e-07
2,81002,6,GP 表达式自身产生的状态,2500,本轮最优路径,更新前,0.00010323971103676475,0.0,0.0
2,81002,6,GP 表达式自身产生的状态,2500,本轮最优路径,蒸发和下界保护后,0.00010323971103676475,0.0,0.0
2,81002,6,GP 表达式自身产生的状态,2500,本轮最优路径,沉积后,0.00010323971103676475,0.00010323319430772078,8.582095091653879e-08
2,81002,6,GP 表达式自身产生的状态,2500,本轮最优路径,重启和可选上界处理后,0.00010323971103676475,0.00010323319430772078,8.582095091653879e-08
2,81002,7,GP 表达式自身产生的状态,2500,本轮最优路径,更新前,0.0003154163424046778,0.0,0.0
2,81002,7,GP 表达式自身产生的状态,2500,本轮最优路径,蒸发和下界保护后,0.0003154163424046778,0.0,0.0
2,81002,7,GP 表达式自身产生的状态,2500,本轮最优路径,沉积后,0.0003154163424046778,0.00031548885106112007,2.625306970202167e-07
2,81002,7,GP 表达式自身产生的状态,2500,本轮最优路径,重启和可选上界处理后,0.0003154163424046778,0.00031548885106112007,2.625306970202167e-07
2,81002,0,GP 表达式自身产生的状态,2500,历史重启阶段最优路径,更新前,0.0008143381538462899,0.0,0.0
2,81002,0,GP 表达式自身产生的状态,2500,历史重启阶段最优路径,蒸发和下界保护后,0.0008143381538462899,0.0,0.0
2,81002,0,GP 表达式自身产生的状态,2500,历史重启阶段最优路径,沉积后,0.0008143381538462899,0.0008143203770736328,6.771362530399037e-07
2,81002,0,GP 表达式自身产生的状态,2500,历史重启阶段最优路径,重启和可选上界处理后,0.0008143381538462899,0.0008143203770736328,6.771362530399037e-07
2,81002,1,GP 表达式自身产生的状态,2500,历史重启阶段最优路径,更新前,0.0004022948799534241,0.0,0.0
2,81002,1,GP 表达式自身产生的状态,2500,历史重启阶段最优路径,蒸发和下界保护后,0.0004022948799534241,0.0,0.0
2,81002,1,GP 表达式自身产生的状态,2500,历史重启阶段最优路径,沉积后,0.0004022948799534241,0.00040234295845754416,3.3498408237273784e-07
2,81002,1,GP 表达式自身产生的状态,2500,历史重启阶段最优路径,重启和可选上界处理后,0.0004022948799534241,0.00040234295845754416,3.3498408237273784e-07
2,81002,2,GP 表达式自身产生的状态,2500,历史重启阶段最优路径,更新前,0.0020903596721234536,0.0,0.0
2,81002,2,GP 表达式自身产生的状态,2500,历史重启阶段最优路径,蒸发和下界保护后,0.0020903596721234536,0.0,0.0
2,81002,2,GP 表达式自身产生的状态,2500,历史重启阶段最优路径,沉积后,0.0020903596721234536,0.0020903384345822645,1.7382170298855693e-06
2,81002,2,GP 表达式自身产生的状态,2500,历史重启阶段最优路径,重启和可选上界处理后,0.0020903596721234536,0.0020903384345822645,1.7382170298855693e-06
2,81002,3,GP 表达式自身产生的状态,2500,历史重启阶段最优路径,更新前,0.002107925946047417,0.0,0.0
2,81002,3,GP 表达式自身产生的状态,2500,历史重启阶段最优路径,蒸发和下界保护后,0.002107925946047417,0.0,0.0
2,81002,3,GP 表达式自身产生的状态,2500,历史重启阶段最优路径,沉积后,0.002107925946047417,0.0021079274374829976,1.7528187062508135e-06
2,81002,3,GP 表达式自身产生的状态,2500,历史重启阶段最优路径,重启和可选上界处理后,0.002107925946047417,0.0,0.0
2,81002,4,GP 表达式自身产生的状态,2500,历史重启阶段最优路径,更新前,0.0006328826836509542,0.0,0.0
2,81002,4,GP 表达式自身产生的状态,2500,历史重启阶段最优路径,蒸发和下界保护后,0.0006328826836509542,0.0,0.0
2,81002,4,GP 表达式自身产生的状态,2500,历史重启阶段最优路径,沉积后,0.0006328826836509542,0.000632878838945793,5.262658467493456e-07
2,81002,4,GP 表达式自身产生的状态,2500,历史重启阶段最优路径,重启和可选上界处理后,0.0006328826836509542,0.000632878838945793,5.262658467493456e-07
2,81002,5,GP 表达式自身产生的状态,2500,历史重启阶段最优路径,更新前,0.0008903282567434837,0.0,0.0
2,81002,5,GP 表达式自身产生的状态,2500,历史重启阶段最优路径,蒸发和下界保护后,0.0008903282567434837,0.0,0.0
2,81002,5,GP 表达式自身产生的状态,2500,历史重启阶段最优路径,沉积后,0.0008903282567434837,0.0008903135262730898,7.365640094727582e-07
2,81002,5,GP 表达式自身产生的状态,2500,历史重启阶段最优路径,重启和可选上界处理后,0.0008903282567434837,0.0008903135262730898,7.365640094727582e-07
2,81002,6,GP 表达式自身产生的状态,2500,历史重启阶段最优路径,更新前,0.001282244278107226,0.0,0.0
2,81002,6,GP 表达式自身产生的状态,2500,历史重启阶段最优路径,蒸发和下界保护后,0.001282244278107226,0.0,0.0
2,81002,6,GP 表达式自身产生的状态,2500,历史重启阶段最优路径,沉积后,0.001282244278107226,0.0012822284690052858,1.0659562289070938e-06
2,81002,6,GP 表达式自身产生的状态,2500,历史重启阶段最优路径,重启和可选上界处理后,0.001282244278107226,0.0012822284690052858,1.0659562289070938e-06
2,81002,7,GP 表达式自身产生的状态,2500,历史重启阶段最优路径,更新前,0.0003155099891779134,0.0,0.0
2,81002,7,GP 表达式自身产生的状态,2500,历史重启阶段最优路径,蒸发和下界保护后,0.0003155099891779134,0.0,0.0
2,81002,7,GP 表达式自身产生的状态,2500,历史重启阶段最优路径,沉积后,0.0003155099891779134,0.00031555472333205745,2.625855119309349e-07
2,81002,7,GP 表达式自身产生的状态,2500,历史重启阶段最优路径,重启和可选上界处理后,0.0003155099891779134,0.00031555472333205745,2.625855119309349e-07
2,81002,0,GP 表达式自身产生的状态,2500,历史全局最优路径,更新前,0.0008146213477107024,0.0,0.0
2,81002,0,GP 表达式自身产生的状态,2500,历史全局最优路径,蒸发和下界保护后,0.0008146213477107024,0.0,0.0
2,81002,0,GP 表达式自身产生的状态,2500,历史全局最优路径,沉积后,0.0008146213477107024,0.0008146729497313321,6.774294296999509e-07
2,81002,0,GP 表达式自身产生的状态,2500,历史全局最优路径,重启和可选上界处理后,0.0008146213477107024,0.0008146729497313321,6.774294296999509e-07
2,81002,1,GP 表达式自身产生的状态,2500,历史全局最优路径,更新前,0.0004022948799534241,0.0,0.0
2,81002,1,GP 表达式自身产生的状态,2500,历史全局最优路径,蒸发和下界保护后,0.0004022948799534241,0.0,0.0
2,81002,1,GP 表达式自身产生的状态,2500,历史全局最优路径,沉积后,0.0004022948799534241,0.00040234295845754416,3.3498408237273784e-07
2,81002,1,GP 表达式自身产生的状态,2500,历史全局最优路径,重启和可选上界处理后,0.0004022948799534241,0.00040234295845754416,3.3498408237273784e-07
2,81002,2,GP 表达式自身产生的状态,2500,历史全局最优路径,更新前,0.0020903596721234536,0.0,0.0
2,81002,2,GP 表达式自身产生的状态,2500,历史全局最优路径,蒸发和下界保护后,0.0020903596721234536,0.0,0.0
2,81002,2,GP 表达式自身产生的状态,2500,历史全局最优路径,沉积后,0.0020903596721234536,0.0020903384345822645,1.7382170298855693e-06
2,81002,2,GP 表达式自身产生的状态,2500,历史全局最优路径,重启和可选上界处理后,0.0020903596721234536,0.0020903384345822645,1.7382170298855693e-06
2,81002,3,GP 表达式自身产生的状态,2500,历史全局最优路径,更新前,0.0021052592592297986,0.0,0.0
2,81002,3,GP 表达式自身产生的状态,2500,历史全局最优路径,蒸发和下界保护后,0.0021052592592297986,0.0,0.0
2,81002,3,GP 表达式自身产生的状态,2500,历史全局最优路径,沉积后,0.0021052592592297986,0.002105310465184723,1.7506425981378925e-06
2,81002,3,GP 表达式自身产生的状态,2500,历史全局最优路径,重启和可选上界处理后,0.0021052592592297986,0.0,0.0
2,81002,4,GP 表达式自身产生的状态,2500,历史全局最优路径,更新前,0.0006331214158120605,0.0,0.0
2,81002,4,GP 表达式自身产生的状态,2500,历史全局最优路径,蒸发和下界保护后,0.0006331214158120605,0.0,0.0
2,81002,4,GP 表达式自身产生的状态,2500,历史全局最优路径,沉积后,0.0006331214158120605,0.0006331143271369194,5.264616652610044e-07
2,81002,4,GP 表达式自身产生的状态,2500,历史全局最优路径,重启和可选上界处理后,0.0006331214158120605,0.0006331143271369194,5.264616652610044e-07
2,81002,5,GP 表达式自身产生的状态,2500,历史全局最优路径,更新前,0.07523597590265284,0.0,0.0
2,81002,5,GP 表达式自身产生的状态,2500,历史全局最优路径,蒸发和下界保护后,0.07523597590265284,0.0,0.0
2,81002,5,GP 表达式自身产生的状态,2500,历史全局最优路径,沉积后,0.07523597590265284,0.07523598612876452,6.224336945570737e-05
2,81002,5,GP 表达式自身产生的状态,2500,历史全局最优路径,重启和可选上界处理后,0.07523597590265284,0.07523598612876452,6.224336945570737e-05
2,81002,6,GP 表达式自身产生的状态,2500,历史全局最优路径,更新前,0.0012856470967896804,0.0,0.0
2,81002,6,GP 表达式自身产生的状态,2500,历史全局最优路径,蒸发和下界保护后,0.0012856470967896804,0.0,0.0
2,81002,6,GP 表达式自身产生的状态,2500,历史全局最优路径,沉积后,0.0012856470967896804,0.0012856859558036092,1.0688305447393542e-06
2,81002,6,GP 表达式自身产生的状态,2500,历史全局最优路径,重启和可选上界处理后,0.0012856470967896804,0.0012856859558036092,1.0688305447393542e-06
2,81002,7,GP 表达式自身产生的状态,2500,历史全局最优路径,更新前,0.0003155099891779134,0.0,0.0
2,81002,7,GP 表达式自身产生的状态,2500,历史全局最优路径,蒸发和下界保护后,0.0003155099891779134,0.0,0.0
2,81002,7,GP 表达式自身产生的状态,2500,历史全局最优路径,沉积后,0.0003155099891779134,0.00031555472333205745,2.625855119309349e-07
2,81002,7,GP 表达式自身产生的状态,2500,历史全局最优路径,重启和可选上界处理后,0.0003155099891779134,0.00031555472333205745,2.625855119309349e-07
2,81003,0,GP 表达式自身产生的状态,2500,本轮最优路径,更新前,0.004399317734831132,0.0,0.0
2,81003,0,GP 表达式自身产生的状态,2500,本轮最优路径,蒸发和下界保护后,0.004399317734831132,0.0,0.0
2,81003,0,GP 表达式自身产生的状态,2500,本轮最优路径,沉积后,0.004399317734831132,0.004399365966337322,3.6687938833192123e-06
2,81003,0,GP 表达式自身产生的状态,2500,本轮最优路径,重启和可选上界处理后,0.004399317734831132,0.0,0.0
2,81003,1,GP 表达式自身产生的状态,2500,本轮最优路径,更新前,0.0035099144092362493,0.0,0.0
2,81003,1,GP 表达式自身产生的状态,2500,本轮最优路径,蒸发和下界保护后,0.0035099144092362493,0.0,0.0
2,81003,1,GP 表达式自身产生的状态,2500,本轮最优路径,沉积后,0.0035099144092362493,0.0035099679317666084,2.918734529651083e-06
2,81003,1,GP 表达式自身产生的状态,2500,本轮最优路径,重启和可选上界处理后,0.0035099144092362493,0.0035099679317666084,2.918734529651083e-06
2,81003,2,GP 表达式自身产生的状态,2500,本轮最优路径,更新前,0.0032405729787519104,0.0,0.0
2,81003,2,GP 表达式自身产生的状态,2500,本轮最优路径,蒸发和下界保护后,0.0032405729787519104,0.0,0.0
2,81003,2,GP 表达式自身产生的状态,2500,本轮最优路径,沉积后,0.0032405729787519104,0.0032405316324970092,2.6949749281071977e-06
2,81003,2,GP 表达式自身产生的状态,2500,本轮最优路径,重启和可选上界处理后,0.0032405729787519104,0.0032405316324970092,2.6949749281071977e-06
2,81003,3,GP 表达式自身产生的状态,2500,本轮最优路径,更新前,0.0036792265181763346,0.0,0.0
2,81003,3,GP 表达式自身产生的状态,2500,本轮最优路径,蒸发和下界保护后,0.0036792265181763346,0.0,0.0
2,81003,3,GP 表达式自身产生的状态,2500,本轮最优路径,沉积后,0.0036792265181763346,0.0036792329789173575,3.059367903273473e-06
2,81003,3,GP 表达式自身产生的状态,2500,本轮最优路径,重启和可选上界处理后,0.0036792265181763346,0.0036792329789173575,3.059367903273473e-06
2,81003,4,GP 表达式自身产生的状态,2500,本轮最优路径,更新前,0.002916163038234757,0.0,0.0
2,81003,4,GP 表达式自身产生的状态,2500,本轮最优路径,蒸发和下界保护后,0.002916163038234757,0.0,0.0
2,81003,4,GP 表达式自身产生的状态,2500,本轮最优路径,沉积后,0.002916163038234757,0.002916139218773088,2.4257889718888527e-06
2,81003,4,GP 表达式自身产生的状态,2500,本轮最优路径,重启和可选上界处理后,0.002916163038234757,0.0,0.0
2,81003,5,GP 表达式自身产生的状态,2500,本轮最优路径,更新前,0.0026053155324134015,0.0,0.0
2,81003,5,GP 表达式自身产生的状态,2500,本轮最优路径,蒸发和下界保护后,0.0026053155324134015,0.0,0.0
2,81003,5,GP 表达式自身产生的状态,2500,本轮最优路径,沉积后,0.0026053155324134015,0.002605329001845985,2.1605579342702694e-06
2,81003,5,GP 表达式自身产生的状态,2500,本轮最优路径,重启和可选上界处理后,0.0026053155324134015,0.002605329001845985,2.1605579342702694e-06
2,81003,6,GP 表达式自身产生的状态,2500,本轮最优路径,更新前,0.00581324247662852,0.0,0.0
2,81003,6,GP 表达式自身产生的状态,2500,本轮最优路径,蒸发和下界保护后,0.00581324247662852,0.0,0.0
2,81003,6,GP 表达式自身产生的状态,2500,本轮最优路径,沉积后,0.00581324247662852,0.0058132043062523505,4.829018064884623e-06
2,81003,6,GP 表达式自身产生的状态,2500,本轮最优路径,重启和可选上界处理后,0.00581324247662852,0.0058132043062523505,4.829018064884623e-06
2,81003,7,GP 表达式自身产生的状态,2500,本轮最优路径,更新前,0.004084182425683155,0.0,0.0
2,81003,7,GP 表达式自身产生的状态,2500,本轮最优路径,蒸发和下界保护后,0.004084182425683155,0.0,0.0
2,81003,7,GP 表达式自身产生的状态,2500,本轮最优路径,沉积后,0.004084182425683155,0.004084189186841688,3.3958023515467554e-06
2,81003,7,GP 表达式自身产生的状态,2500,本轮最优路径,重启和可选上界处理后,0.004084182425683155,0.004084189186841688,3.3958023515467554e-06
2,81003,0,GP 表达式自身产生的状态,2500,历史重启阶段最优路径,更新前,0.004399541789863714,0.0,0.0
2,81003,0,GP 表达式自身产生的状态,2500,历史重启阶段最优路径,蒸发和下界保护后,0.004399541789863714,0.0,0.0
2,81003,0,GP 表达式自身产生的状态,2500,历史重启阶段最优路径,沉积后,0.004399541789863714,0.004399606139551819,3.6689941726397703e-06
2,81003,0,GP 表达式自身产生的状态,2500,历史重启阶段最优路径,重启和可选上界处理后,0.004399541789863714,0.0,0.0
2,81003,1,GP 表达式自身产生的状态,2500,历史重启阶段最优路径,更新前,0.0035101232348465025,0.0,0.0
2,81003,1,GP 表达式自身产生的状态,2500,历史重启阶段最优路径,蒸发和下界保护后,0.0035101232348465025,0.0,0.0
2,81003,1,GP 表达式自身产生的状态,2500,历史重启阶段最优路径,沉积后,0.0035101232348465025,0.0035101805177419924,2.9189113067723944e-06
2,81003,1,GP 表达式自身产生的状态,2500,历史重启阶段最优路径,重启和可选上界处理后,0.0035101232348465025,0.0035101805177419924,2.9189113067723944e-06
2,81003,2,GP 表达式自身产生的状态,2500,历史重启阶段最优路径,更新前,0.003240696407689845,0.0,0.0
2,81003,2,GP 表达式自身产生的状态,2500,历史重启阶段最优路径,蒸发和下界保护后,0.003240696407689845,0.0,0.0
2,81003,2,GP 表达式自身产生的状态,2500,历史重启阶段最优路径,沉积后,0.003240696407689845,0.003240701408269346,2.695116121436483e-06
2,81003,2,GP 表达式自身产生的状态,2500,历史重启阶段最优路径,重启和可选上界处理后,0.003240696407689845,0.003240701408269346,2.695116121436483e-06
2,81003,3,GP 表达式自身产生的状态,2500,历史重启阶段最优路径,更新前,0.0036792265181763346,0.0,0.0
2,81003,3,GP 表达式自身产生的状态,2500,历史重启阶段最优路径,蒸发和下界保护后,0.0036792265181763346,0.0,0.0
2,81003,3,GP 表达式自身产生的状态,2500,历史重启阶段最优路径,沉积后,0.0036792265181763346,0.0036792329789173575,3.059367903273473e-06
2,81003,3,GP 表达式自身产生的状态,2500,历史重启阶段最优路径,重启和可选上界处理后,0.0036792265181763346,0.0036792329789173575,3.059367903273473e-06
2,81003,4,GP 表达式自身产生的状态,2500,历史重启阶段最优路径,更新前,0.0029160731739020958,0.0,0.0
2,81003,4,GP 表达式自身产生的状态,2500,历史重启阶段最优路径,蒸发和下界保护后,0.0029160731739020958,0.0,0.0
2,81003,4,GP 表达式自身产生的状态,2500,历史重启阶段最优路径,沉积后,0.0029160731739020958,0.00291608917384352,2.4257473420388567e-06
2,81003,4,GP 表达式自身产生的状态,2500,历史重启阶段最优路径,重启和可选上界处理后,0.0029160731739020958,0.0,0.0
2,81003,5,GP 表达式自身产生的状态,2500,历史重启阶段最优路径,更新前,0.0026051628788441245,0.0,0.0
2,81003,5,GP 表达式自身产生的状态,2500,历史重启阶段最优路径,蒸发和下界保护后,0.0026051628788441245,0.0,0.0
2,81003,5,GP 表达式自身产生的状态,2500,历史重启阶段最优路径,沉积后,0.0026051628788441245,0.0026051824155886825,2.1604363726168097e-06
2,81003,5,GP 表达式自身产生的状态,2500,历史重启阶段最优路径,重启和可选上界处理后,0.0026051628788441245,0.0026051824155886825,2.1604363726168097e-06
2,81003,6,GP 表达式自身产生的状态,2500,历史重启阶段最优路径,更新前,0.005695152875352211,0.0,0.0
2,81003,6,GP 表达式自身产生的状态,2500,历史重启阶段最优路径,蒸发和下界保护后,0.005695152875352211,0.0,0.0
2,81003,6,GP 表达式自身产生的状态,2500,历史重启阶段最优路径,沉积后,0.005695152875352211,0.0056950829365933426,4.73089486159057e-06
2,81003,6,GP 表达式自身产生的状态,2500,历史重启阶段最优路径,重启和可选上界处理后,0.005695152875352211,0.0056950829365933426,4.73089486159057e-06
2,81003,7,GP 表达式自身产生的状态,2500,历史重启阶段最优路径,更新前,0.0040840915802984965,0.0,0.0
2,81003,7,GP 表达式自身产生的状态,2500,历史重启阶段最优路径,蒸发和下界保护后,0.0040840915802984965,0.0,0.0
2,81003,7,GP 表达式自身产生的状态,2500,历史重启阶段最优路径,沉积后,0.0040840915802984965,0.004084147882309557,3.3957680088606246e-06
2,81003,7,GP 表达式自身产生的状态,2500,历史重启阶段最优路径,重启和可选上界处理后,0.0040840915802984965,0.004084147882309557,3.3957680088606246e-06
2,81003,0,GP 表达式自身产生的状态,2500,历史全局最优路径,更新前,0.004399541789863714,0.0,0.0
2,81003,0,GP 表达式自身产生的状态,2500,历史全局最优路径,蒸发和下界保护后,0.004399541789863714,0.0,0.0
2,81003,0,GP 表达式自身产生的状态,2500,历史全局最优路径,沉积后,0.004399541789863714,0.004399606139551819,3.6689941726397703e-06
2,81003,0,GP 表达式自身产生的状态,2500,历史全局最优路径,重启和可选上界处理后,0.004399541789863714,0.0,0.0
2,81003,1,GP 表达式自身产生的状态,2500,历史全局最优路径,更新前,0.0035099896165388614,0.0,0.0
2,81003,1,GP 表达式自身产生的状态,2500,历史全局最优路径,蒸发和下界保护后,0.0035099896165388614,0.0,0.0
2,81003,1,GP 表达式自身产生的状态,2500,历史全局最优路径,沉积后,0.0035099896165388614,0.00351004715012536,2.918800404144402e-06
2,81003,1,GP 表达式自身产生的状态,2500,历史全局最优路径,重启和可选上界处理后,0.0035099896165388614,0.00351004715012536,2.918800404144402e-06
2,81003,2,GP 表达式自身产生的状态,2500,历史全局最优路径,更新前,0.003240696407689845,0.0,0.0
2,81003,2,GP 表达式自身产生的状态,2500,历史全局最优路径,蒸发和下界保护后,0.003240696407689845,0.0,0.0
2,81003,2,GP 表达式自身产生的状态,2500,历史全局最优路径,沉积后,0.003240696407689845,0.003240701408269346,2.695116121436483e-06
2,81003,2,GP 表达式自身产生的状态,2500,历史全局最优路径,重启和可选上界处理后,0.003240696407689845,0.003240701408269346,2.695116121436483e-06
2,81003,3,GP 表达式自身产生的状态,2500,历史全局最优路径,更新前,0.0036793101350745734,0.0,0.0
2,81003,3,GP 表达式自身产生的状态,2500,历史全局最优路径,蒸发和下界保护后,0.0036793101350745734,0.0,0.0
2,81003,3,GP 表达式自身产生的状态,2500,历史全局最优路径,沉积后,0.0036793101350745734,0.0036793353568135667,3.0594530328783287e-06
2,81003,3,GP 表达式自身产生的状态,2500,历史全局最优路径,重启和可选上界处理后,0.0036793101350745734,0.0036793353568135667,3.0594530328783287e-06
2,81003,4,GP 表达式自身产生的状态,2500,历史全局最优路径,更新前,0.0029160731739020958,0.0,0.0
2,81003,4,GP 表达式自身产生的状态,2500,历史全局最优路径,蒸发和下界保护后,0.0029160731739020958,0.0,0.0
2,81003,4,GP 表达式自身产生的状态,2500,历史全局最优路径,沉积后,0.0029160731739020958,0.00291608917384352,2.4257473420388567e-06
2,81003,4,GP 表达式自身产生的状态,2500,历史全局最优路径,重启和可选上界处理后,0.0029160731739020958,0.0,0.0
2,81003,5,GP 表达式自身产生的状态,2500,历史全局最优路径,更新前,0.08036337421189792,0.0,0.0
2,81003,5,GP 表达式自身产生的状态,2500,历史全局最优路径,蒸发和下界保护后,0.08036337421189792,0.0,0.0
2,81003,5,GP 表达式自身产生的状态,2500,历史全局最优路径,沉积后,0.08036337421189792,0.08036334290456813,6.664405007394727e-05
2,81003,5,GP 表达式自身产生的状态,2500,历史全局最优路径,重启和可选上界处理后,0.08036337421189792,0.08036334290456813,6.664405007394727e-05
2,81003,6,GP 表达式自身产生的状态,2500,历史全局最优路径,更新前,0.02741073574878566,0.0,0.0
2,81003,6,GP 表达式自身产生的状态,2500,历史全局最优路径,蒸发和下界保护后,0.02741073574878566,0.0,0.0
2,81003,6,GP 表达式自身产生的状态,2500,历史全局最优路径,沉积后,0.02741073574878566,0.027410825376694262,2.277012194033636e-05
2,81003,6,GP 表达式自身产生的状态,2500,历史全局最优路径,重启和可选上界处理后,0.02741073574878566,0.027410825376694262,2.277012194033636e-05
2,81003,7,GP 表达式自身产生的状态,2500,历史全局最优路径,更新前,0.004083943818252002,0.0,0.0
2,81003,7,GP 表达式自身产生的状态,2500,历史全局最优路径,蒸发和下界保护后,0.004083943818252002,0.0,0.0
2,81003,7,GP 表达式自身产生的状态,2500,历史全局最优路径,沉积后,0.004083943818252002,0.004083999382682131,3.395644538727155e-06
2,81003,7,GP 表达式自身产生的状态,2500,历史全局最优路径,重启和可选上界处理后,0.004083943818252002,0.004083999382682131,3.395644538727155e-06
