cohort,condition,model,iteration,mean_gap,point_low,point_high
P1,C111,Baseline,1,7.291063872152322,7.171873445273799,7.416875027696594
P1,C111,Baseline,25,4.381219251213907,4.284430133997253,4.4791819179112
P1,C111,Baseline,50,3.371784800806946,3.2913616685570384,3.4535567522920108
P1,C111,Baseline,75,2.8063745951029766,2.70457947414815,2.908452801627987
P1,C111,Baseline,100,2.3807432708584,2.2441006125626783,2.5228975013041883
P1,C111,Baseline,125,1.9358198046966204,1.7587582590510893,2.1125004931587976
P1,C111,Baseline,150,1.4275098541622941,1.2507870949670408,1.6031096860612528
P1,C111,Baseline,175,1.0323882242623326,0.8909182286724339,1.1747811306494902
P1,C111,Baseline,200,0.7515265015934894,0.653768768466127,0.8536483802688736
P1,C111,Baseline,225,0.5777253762587072,0.5075702931529215,0.6497791517470062
P1,C111,Baseline,250,0.48063262473976737,0.42680927964048476,0.5345556497910066
P1,C111,Baseline,275,0.4341065056214373,0.38754688271937504,0.4800794183934215
P1,C111,Baseline,300,0.40113037667065726,0.3573791941876037,0.4441576454151005
P1,C111,Baseline,325,0.3813075917825715,0.3391624780584982,0.4223646035029162
P1,C111,Baseline,350,0.36451964345291593,0.32350298514010933,0.40501024472159214
P1,C111,Baseline,375,0.35710120584172567,0.31714598522436127,0.3964049893072867
P1,C111,Baseline,400,0.35027236026053454,0.31163342883870043,0.38812210142571957
P1,C111,Baseline,425,0.340867126431203,0.30325159032233456,0.3780006535392688
P1,C111,Baseline,450,0.3314301208815148,0.29499327038078094,0.36779992729171596
P1,C111,Baseline,475,0.32928205397758203,0.2931326767005947,0.36529587398132307
P1,C111,Baseline,500,0.3266093931706123,0.2904731499632605,0.3625676692365798
P1,C111,Baseline,525,0.3219004200274391,0.28596325549449914,0.35801004964256133
P1,C111,Baseline,550,0.3177897133773008,0.28233993705284977,0.353757616579146
P1,C111,Baseline,575,0.3150639976559193,0.28010691009507266,0.35097829546705467
P1,C111,Baseline,600,0.3112705739945264,0.27648790636979814,0.34682569826705917
P1,C111,Baseline,625,0.3094728581290243,0.27505586813753397,0.34464555209930053
P1,C111,Baseline,650,0.30798725889912076,0.2736381748955059,0.3432025780222743
P1,C111,Baseline,675,0.30311576988870215,0.26891371792752505,0.33826694315113764
P1,C111,Baseline,700,0.2987641643219905,0.26349473884725944,0.33471697813486107
P1,C111,Baseline,725,0.2950216707814485,0.25909313810269635,0.3315290667905008
P1,C111,Baseline,750,0.29147147050477906,0.2562593048534342,0.3272453389511093
P1,C111,Baseline,775,0.28856620356471374,0.2525529693297172,0.3252099245081673
P1,C111,Baseline,800,0.28306217784952503,0.24767620629702244,0.3189508827492047
P1,C111,Baseline,825,0.2797868854803294,0.24402917721078826,0.31584537637213345
P1,C111,Baseline,850,0.2738182585046878,0.23911082054958877,0.30893223776745155
P1,C111,Baseline,875,0.26999692173850204,0.2356101325933826,0.30441429108446144
P1,C111,Baseline,900,0.2671825224708675,0.23264142926572387,0.3017527648605161
P1,C111,Baseline,925,0.2631224310246282,0.22882508302658097,0.2978158753595519
P1,C111,Baseline,950,0.26088707393416866,0.2267402287799149,0.29582868291981074
P1,C111,Baseline,975,0.25764818712483734,0.22371180765417067,0.2921264279730867
P1,C111,Baseline,1000,0.2533724526177765,0.22026325636325209,0.2873879208214608
P1,C111,Baseline,1025,0.2458561118324097,0.21356512606610858,0.27858987687744113
P1,C111,Baseline,1050,0.24202431128495683,0.21047196372334856,0.27395495111282553
P1,C111,Baseline,1075,0.2368492943418335,0.2061191080300733,0.2679799807897471
P1,C111,Baseline,1100,0.2335012941796942,0.2033859994429025,0.26422928061740064
P1,C111,Baseline,1125,0.23257009450864674,0.202557772441911,0.26328330337852934
P1,C111,Baseline,1150,0.2295284150794434,0.199800541862261,0.259942384736484
P1,C111,Baseline,1175,0.2284154570342388,0.19847203170343727,0.25902278039016197
P1,C111,Baseline,1200,0.2272130704406064,0.1971839990183187,0.2582219529573282
P1,C111,Baseline,1225,0.2254181714059586,0.1961879975370413,0.255265904793928
P1,C111,Baseline,1250,0.22397722134733997,0.19527493255498032,0.25280585525500493
P1,C111,Baseline,1275,0.2214440289476742,0.19353740253330867,0.24890028459198107
P1,C111,Baseline,1300,0.21937915615631687,0.1911281210408556,0.2470932674787967
P1,C111,Baseline,1325,0.2157200145038024,0.1881482579930719,0.24282874247625583
P1,C111,Baseline,1350,0.21459774691909406,0.18734712024182895,0.24130616190332266
P1,C111,Baseline,1375,0.21320084818715904,0.18589907373658363,0.2399881571640418
P1,C111,Baseline,1400,0.21275473639927503,0.18566940425911246,0.23946943245338506
P1,C111,Baseline,1425,0.21037632108106058,0.1830373525261358,0.23699601999930048
P1,C111,Baseline,1450,0.20900520683641727,0.18148283602072532,0.23589979144233034
P1,C111,Baseline,1475,0.2047174059127473,0.17738427910489704,0.23161440426014143
P1,C111,Baseline,1500,0.20270460839964163,0.17501286178379444,0.23003490777737803
P1,C111,Baseline,1525,0.20077042427678096,0.17324863533879187,0.2282200985048199
P1,C111,Baseline,1550,0.19944439403947056,0.17164083832348873,0.22719598063496296
P1,C111,Baseline,1575,0.19803287166909023,0.17022583304338404,0.22579068630610655
P1,C111,Baseline,1600,0.19793436660686956,0.17006232618344036,0.2257577923105203
P1,C111,Baseline,1625,0.19592540793996965,0.16851034405360898,0.22302197635247917
P1,C111,Baseline,1650,0.19278659257837039,0.16507848810279607,0.220361765110509
P1,C111,Baseline,1675,0.19128919149226786,0.16397887311376383,0.21892824219954923
P1,C111,Baseline,1700,0.18818071304652137,0.16044864999136502,0.21624979092316196
P1,C111,Baseline,1725,0.1841107559035749,0.15663488977753734,0.21215389221631864
P1,C111,Baseline,1750,0.1831192037433494,0.1556520906101674,0.21101304607568744
P1,C111,Baseline,1775,0.1804809585493452,0.15318213687238535,0.20846590200702486
P1,C111,Baseline,1800,0.1780840702194362,0.15117235926548386,0.20542862733803902
P1,C111,Baseline,1825,0.1772316854311614,0.15060035869258598,0.20440874166587295
P1,C111,Baseline,1850,0.17553534581367664,0.14870250794801915,0.20276650668121388
P1,C111,Baseline,1875,0.1749866329085028,0.14823832170823575,0.20229725338865795
P1,C111,Baseline,1900,0.17339401746394262,0.14674418705401954,0.20049915626449166
P1,C111,Baseline,1925,0.17307684609412366,0.1465112394002477,0.20014741428649005
P1,C111,Baseline,1950,0.17164945050335367,0.1447536884853744,0.19916324943832903
P1,C111,Baseline,1975,0.17077840312398215,0.1439464658182593,0.19844403642948813
P1,C111,Baseline,2000,0.169690958392002,0.142859857589572,0.1976615773762974
P1,C111,Baseline,2025,0.16847169849675894,0.14179962710742985,0.19625820963988547
P1,C111,Baseline,2050,0.16730287968232935,0.14071995539441617,0.19480702428188554
P1,C111,Baseline,2075,0.166152260947329,0.13949558549023225,0.19341824281759198
P1,C111,Baseline,2100,0.1654721380847806,0.13913373676551227,0.19270300889472444
P1,C111,Baseline,2125,0.16514478505471974,0.13886583744349754,0.19237324095224675
P1,C111,Baseline,2150,0.1627608335042952,0.1368477335019486,0.1896398951757993
P1,C111,Baseline,2175,0.16129878006954057,0.13529810590610233,0.18825038583401243
P1,C111,Baseline,2200,0.16049415563593455,0.1346199669517282,0.1875151807993352
P1,C111,Baseline,2225,0.1598317249978493,0.13383948412098495,0.1870549072069061
P1,C111,Baseline,2250,0.15837031637101018,0.1324473977698544,0.18554138333704331
P1,C111,Baseline,2275,0.1557348576696988,0.12939998886454057,0.18307427870460366
P1,C111,Baseline,2300,0.1531191708723328,0.12700716823289218,0.18057603111890352
P1,C111,Baseline,2325,0.150540027470878,0.12441759174999935,0.17814419567674764
P1,C111,Baseline,2350,0.1500452359743685,0.12379628490408168,0.17776687937106977
P1,C111,Baseline,2375,0.1485450352372474,0.1223101362496323,0.17640072044261457
P1,C111,Baseline,2400,0.1466743249764007,0.11988122333128375,0.17506137717922823
P1,C111,Baseline,2425,0.1449231870245763,0.11802349059723288,0.17341761618032545
P1,C111,Baseline,2450,0.1442720943160874,0.11739995359515605,0.1728719263320348
P1,C111,Baseline,2475,0.1428885945463384,0.11575637967115994,0.17171213413724323
P1,C111,Baseline,2500,0.14234301420628032,0.11499618934131119,0.17142252896247534
P1,C111,Baseline,2525,0.14232120074336047,0.1149087470884125,0.1713799927097816
P1,C111,Baseline,2550,0.14199439270384528,0.11461886144592955,0.1710766442590027
P1,C111,Baseline,2575,0.14183020285476203,0.11445467159684629,0.17088017184101534
P1,C111,Baseline,2600,0.14057528240377065,0.11348786155843621,0.16938209065940918
P1,C111,Baseline,2625,0.1399549377528561,0.11293563622433835,0.16886223985980678
P1,C111,Baseline,2650,0.13801213750265842,0.1114810612592193,0.16649960757508625
P1,C111,Baseline,2675,0.13561917877184007,0.11004626506985203,0.16275633002500314
P1,C111,Baseline,2700,0.13468829425267856,0.10944538438216246,0.1612943588749142
P1,C111,Baseline,2725,0.13388012768430652,0.10880262170419022,0.16048525442090963
P1,C111,Baseline,2750,0.13350696240389948,0.10845996876308125,0.16021137253383788
P1,C111,Baseline,2775,0.1333100624917371,0.10812603589281271,0.16009871274321455
P1,C111,Baseline,2800,0.13318584385288235,0.10810128168885097,0.1597858045455369
P1,C111,Baseline,2825,0.13318584385288235,0.10810128168885097,0.1597858045455369
P1,C111,Baseline,2850,0.13186344005365858,0.10676876070399237,0.1587843280316093
P1,C111,Baseline,2875,0.13127838145995907,0.10632256589560826,0.1578809513838021
P1,C111,Baseline,2900,0.13089672373802907,0.10593866204672965,0.15755221277595352
P1,C111,Baseline,2925,0.1305510158153434,0.10571866454322981,0.1570521127597413
P1,C111,Baseline,2950,0.1300997304376219,0.10533825663793814,0.15656410956150515
P1,C111,Baseline,2975,0.12971824594946857,0.10499090567741412,0.15629635825951319
P1,C111,Baseline,3000,0.12824341982603743,0.10344597885243481,0.15485280962235584
P1,C111,Baseline,3025,0.12817653443799348,0.10341496701445053,0.1546962486390264
P1,C111,Baseline,3050,0.12813957237549362,0.103341388497628,0.15462232451402666
P1,C111,Baseline,3075,0.1278419915350531,0.10295881146523281,0.15449362964519822
P1,C111,Baseline,3100,0.12752375542439193,0.10263808437745062,0.1543603476951757
P1,C111,Baseline,3125,0.12660347441558273,0.10182913168301154,0.15321648995699136
P1,C111,Baseline,3150,0.1261059901909165,0.10165256132380682,0.1521446620600148
P1,C111,Baseline,3175,0.12596879747946205,0.10157663825604482,0.15207443226383713
P1,C111,Baseline,3200,0.12584094078270486,0.1014649255051924,0.15200556034247445
P1,C111,Baseline,3225,0.12562150664481803,0.10129767113018462,0.15170760058016353
P1,C111,Baseline,3250,0.12559852656399745,0.1012975983420927,0.1516616506541599
P1,C111,Baseline,3275,0.12559852656399745,0.1012975983420927,0.1516616506541599
P1,C111,Baseline,3300,0.1255246372539539,0.10121480250036669,0.15154227104127344
P1,C111,Baseline,3325,0.12481094391829615,0.10020431502571586,0.1510223123333464
P1,C111,Baseline,3350,0.12456076583515337,0.09998831428465041,0.15079627617172153
P1,C111,Baseline,3375,0.1244527452321293,0.0998915570833341,0.15070233885659193
P1,C111,Baseline,3400,0.1244527452321293,0.0998915570833341,0.15070233885659193
P1,C111,Baseline,3425,0.12401738157775559,0.09946072925000646,0.15041976101655327
P1,C111,Baseline,3450,0.1237859215089867,0.09926920115669911,0.15025187654352512
P1,C111,Baseline,3475,0.12328551592046107,0.09872134506709969,0.14983853896127222
P1,C111,Baseline,3500,0.1224983623428167,0.09781639087063251,0.14926066161169596
P1,C111,Baseline,3525,0.12071734358817178,0.09552088443140448,0.14778026973339864
P1,C111,Baseline,3550,0.11955212378011823,0.09412995419801251,0.14673529730763374
P1,C111,Baseline,3575,0.11945081657142878,0.09406280212381381,0.14660315821716888
P1,C111,Baseline,3600,0.1183905079685664,0.09268868831021869,0.14584783980917737
P1,C111,Baseline,3625,0.11760078054097498,0.09194147834372751,0.14496440709932037
P1,C111,Baseline,3650,0.1173052070792617,0.09163590773935434,0.14465527501821823
P1,C111,Baseline,3675,0.11685553864139372,0.09144734447100805,0.14413721817103844
P1,C111,Baseline,3700,0.11603316257810914,0.09084045682624155,0.14323204389425337
P1,C111,Baseline,3725,0.11524599909797026,0.09028898911842752,0.142046911631818
P1,C111,Baseline,3750,0.11477391324162492,0.08989260007357594,0.1416243009733687
P1,C111,Baseline,3775,0.11381206318438204,0.08902435388756715,0.1405761629881338
P1,C111,Baseline,3800,0.11366667248687644,0.08885024953883894,0.14043828352928012
P1,C111,Baseline,3825,0.11324255407779059,0.0883971406159864,0.13985498915080466
P1,C111,Baseline,3850,0.11217032339049186,0.08715566268771704,0.13861406970130385
P1,C111,Baseline,3875,0.11142714024537988,0.08641555681110095,0.13780783651630568
P1,C111,Baseline,3900,0.11064502380619227,0.08561283115116268,0.13670201302757462
P1,C111,Baseline,3925,0.10913669483209765,0.08433361996132845,0.135212083018213
P1,C111,Baseline,3950,0.10872654825417077,0.08396670850996266,0.13483680506502213
P1,C111,Baseline,3975,0.10858683246652387,0.0838205311608911,0.13471243254957108
P1,C111,Baseline,4000,0.1075072447717082,0.08269986941173543,0.13383252140079116
P1,C111,Baseline,4025,0.10654915292076905,0.08211326450652781,0.13247223992681093
P1,C111,Baseline,4050,0.10654915292076905,0.08211326450652781,0.13247223992681093
P1,C111,Baseline,4075,0.10631745872174414,0.08187035262754457,0.13228371862732674
P1,C111,Baseline,4100,0.10601555415937838,0.08152725041651936,0.13197728988845353
P1,C111,Baseline,4125,0.10598956908676037,0.08150126534390134,0.1319146198527389
P1,C111,Baseline,4150,0.10598949670494254,0.08150119296208351,0.13191454747092107
P1,C111,Baseline,4175,0.1058437159825959,0.08141329978795978,0.13165942406458375
P1,C111,Baseline,4200,0.10532605512590859,0.08091137247819075,0.13118558094184832
P1,C111,Baseline,4225,0.1050024302952815,0.08033505469639539,0.13093173018468252
P1,C111,Baseline,4250,0.1047812236897501,0.0802297267099289,0.13063666297023852
P1,C111,Baseline,4275,0.10436106870292061,0.07971887606794496,0.13028994282016415
P1,C111,Baseline,4300,0.10393420712819387,0.07951581782340708,0.1298665399461059
P1,C111,Baseline,4325,0.10388558186556235,0.07949369967152625,0.12978602971320818
P1,C111,Baseline,4350,0.10333662582174136,0.07912196859271164,0.1291570563445701
P1,C111,Baseline,4375,0.1032224056709441,0.0790079916423681,0.12913402744678076
P1,C111,Baseline,4400,0.1026338079575835,0.07845605986559037,0.12838231275211032
P1,C111,Baseline,4425,0.10204118889414152,0.077767195112998,0.12770714496838342
P1,C111,Baseline,4450,0.10174057195624621,0.07741173469727901,0.12757286648373625
P1,C111,Baseline,4475,0.10125538015627725,0.0771138951138064,0.1268968067383043
P1,C111,Baseline,4500,0.10063263732153063,0.07656554397630765,0.12606213304535963
P1,C111,Baseline,4525,0.09978403752940665,0.07616227491315794,0.1249679803053839
P1,C111,Baseline,4550,0.09977209376446361,0.07612944887047567,0.12495612667815782
P1,C111,Baseline,4575,0.09909792810261234,0.07574312903389936,0.1239268463534932
P1,C111,Baseline,4600,0.09847298006640165,0.07513930219150801,0.12335540741026796
P1,C111,Baseline,4625,0.09828991768783768,0.0749347481279033,0.12317721764122486
P1,C111,Baseline,4650,0.09791678797999123,0.07473045917516696,0.12257912156540617
P1,C111,Baseline,4675,0.0973207942565546,0.07443621649035594,0.12149481142261948
P1,C111,Baseline,4700,0.09721741030190384,0.07442627470218753,0.12131791568595397
P1,C111,Baseline,4725,0.09712892840937057,0.07433968216444481,0.12125289416636713
P1,C111,Baseline,4750,0.09712892840937057,0.07433968216444481,0.12125289416636713
P1,C111,Baseline,4775,0.09712084803484497,0.07432372342475675,0.12124501580120467
P1,C111,Baseline,4800,0.09674333962535017,0.07406994105099082,0.12070016823219301
P1,C111,Baseline,4825,0.09653527411439086,0.07381962477966715,0.12040125700824589
P1,C111,Baseline,4850,0.09627467770104745,0.07354435959637796,0.12012108961937609
P1,C111,Baseline,4875,0.09627467770104745,0.07354435959637796,0.12012108961937609
P1,C111,Baseline,4900,0.09627467770104745,0.07354435959637796,0.12012108961937609
P1,C111,Baseline,4925,0.09627467770104745,0.07354435959637796,0.12012108961937609
P1,C111,Baseline,4950,0.09627467770104745,0.07354435959637796,0.12012108961937609
P1,C111,Baseline,4975,0.09627467770104745,0.07354435959637796,0.12012108961937609
P1,C111,Baseline,5000,0.09627467770104745,0.07354435959637796,0.12012108961937609
P1,C111,GP mean,1,7.222928573717546,7.125012972498138,7.3281818124790865
P1,C111,GP mean,25,3.820014552286413,3.725860193833254,3.907754002470424
P1,C111,GP mean,50,2.403746370028017,2.288619800389222,2.512743174609084
P1,C111,GP mean,75,1.6310918887856825,1.4944159752112902,1.7632885545639432
P1,C111,GP mean,100,1.144586203414226,1.0279255166350467,1.2621606788748274
P1,C111,GP mean,125,0.8416874667827057,0.7489445414531081,0.9394946130445894
P1,C111,GP mean,150,0.6482051006139243,0.5833536983849466,0.7150222956186778
P1,C111,GP mean,175,0.5418617235345285,0.48952927497664817,0.5950818606339017
P1,C111,GP mean,200,0.4776754017933063,0.43243667597715435,0.5228935889336933
P1,C111,GP mean,225,0.43818609735730635,0.39759436234577267,0.4792686945808139
P1,C111,GP mean,250,0.4158238658755258,0.37622502647944456,0.4556949340032698
P1,C111,GP mean,275,0.39681805690133476,0.3578884201248811,0.4359507203931365
P1,C111,GP mean,300,0.38582197706327453,0.34796194782437756,0.4240426605085113
P1,C111,GP mean,325,0.3761780517235021,0.33894842815918197,0.4139662631334727
P1,C111,GP mean,350,0.36859731761933473,0.3313668037035816,0.40611874097785194
P1,C111,GP mean,375,0.36498884841793594,0.3279226909893804,0.4023745206715201
P1,C111,GP mean,400,0.3584770593065213,0.3223032618495399,0.39533296170897747
P1,C111,GP mean,425,0.353442746884599,0.3174891098186628,0.39022370382617094
P1,C111,GP mean,450,0.34867354086426516,0.3129126292326453,0.38506820453057766
P1,C111,GP mean,475,0.34600826348692637,0.3101599873184208,0.38258893837074404
P1,C111,GP mean,500,0.34163044518660274,0.3056145721363859,0.37814580341076215
P1,C111,GP mean,525,0.3379751018741138,0.3023562538876513,0.37409614507276234
P1,C111,GP mean,550,0.3346288069894123,0.2992236143111165,0.3707019347156036
P1,C111,GP mean,575,0.33135617804003836,0.2954165057944618,0.3677405839014198
P1,C111,GP mean,600,0.32789393214679285,0.2924121031492783,0.3640739403674961
P1,C111,GP mean,625,0.32378556592696617,0.2886137077876538,0.3597038927733043
P1,C111,GP mean,650,0.3203303056042575,0.28505113618179656,0.35631828316183956
P1,C111,GP mean,675,0.31827537824872765,0.28289267053699296,0.35445584712498285
P1,C111,GP mean,700,0.3145730957500606,0.2795985933743385,0.35062047867973867
P1,C111,GP mean,725,0.3100332399072973,0.27512392612933634,0.346047161832062
P1,C111,GP mean,750,0.3053972885840938,0.2702911900006441,0.34153429599416907
P1,C111,GP mean,775,0.2988453197561185,0.264232183203471,0.3346867301916785
P1,C111,GP mean,800,0.2928211111648585,0.25901094172660555,0.3274774238492623
P1,C111,GP mean,825,0.28704298651411325,0.25445521085209816,0.3200947665813345
P1,C111,GP mean,850,0.2819899381734951,0.2501614562503348,0.313858082967877
P1,C111,GP mean,875,0.2772251254373612,0.24496120487918122,0.3092024549295812
P1,C111,GP mean,900,0.27462203329373985,0.24261292594858147,0.30661614067727055
P1,C111,GP mean,925,0.27206434900060805,0.23999725604161562,0.30393990127150255
P1,C111,GP mean,950,0.2684815535213885,0.23649201304226872,0.29990869726278313
P1,C111,GP mean,975,0.26636746551310253,0.23472611579172883,0.2976663133126069
P1,C111,GP mean,1000,0.26327714656146795,0.2319101985752843,0.294051598318989
P1,C111,GP mean,1025,0.260392098576701,0.2293282018676705,0.2908433100443142
P1,C111,GP mean,1050,0.25711526027522946,0.22659918213753466,0.28760727607583086
P1,C111,GP mean,1075,0.2540806881936005,0.22395013790312968,0.28421000171694155
P1,C111,GP mean,1100,0.2520785869424321,0.22204913116388503,0.28215881483590366
P1,C111,GP mean,1125,0.2503916259403104,0.220535432764034,0.28054961035671405
P1,C111,GP mean,1150,0.24913452734614175,0.21935016203334357,0.279279182989186
P1,C111,GP mean,1175,0.2477433303242871,0.21774439683875904,0.2781503897424994
P1,C111,GP mean,1200,0.2455227880113727,0.21535777014387106,0.2759573738500252
P1,C111,GP mean,1225,0.2438203103967295,0.21391144195271003,0.2741708044518465
P1,C111,GP mean,1250,0.24079687004276598,0.21148863525513031,0.27069362193053575
P1,C111,GP mean,1275,0.23835753246553473,0.2090014905880073,0.2684110731358904
P1,C111,GP mean,1300,0.23653635493951983,0.20700941952561863,0.2666187774260571
P1,C111,GP mean,1325,0.23404684015938512,0.2048476715612218,0.26385996642911497
P1,C111,GP mean,1350,0.23233349720357474,0.20275713670043521,0.26241612911652246
P1,C111,GP mean,1375,0.2294869287495162,0.1999498672351374,0.2594327040761479
P1,C111,GP mean,1400,0.22713503725123263,0.19750296796087202,0.25697198965800344
P1,C111,GP mean,1425,0.2245492153375597,0.19500357041414604,0.2541984128245402
P1,C111,GP mean,1450,0.22150610284234823,0.19197262802548654,0.2510144927697101
P1,C111,GP mean,1475,0.2186844949234141,0.18897619606699448,0.24837010476267152
P1,C111,GP mean,1500,0.21568190198464524,0.1861277454773092,0.24528448659037025
P1,C111,GP mean,1525,0.21434558165605233,0.18466637618515677,0.24407563208033906
P1,C111,GP mean,1550,0.21272838829173532,0.1830758278515785,0.2424039888151212
P1,C111,GP mean,1575,0.2115805448865994,0.18205816243637343,0.24122402514140862
P1,C111,GP mean,1600,0.21098391613585668,0.18148493048574138,0.24058524600077835
P1,C111,GP mean,1625,0.2099724590701077,0.18039930755741507,0.23929926927620448
P1,C111,GP mean,1650,0.20793947481499994,0.1785037928277161,0.23715589469942439
P1,C111,GP mean,1675,0.2067521472055489,0.17732463435866702,0.2359417069787535
P1,C111,GP mean,1700,0.20556523171292262,0.176148273228757,0.2348229057833397
P1,C111,GP mean,1725,0.20331170868255904,0.17394269867309686,0.23251656852831412
P1,C111,GP mean,1750,0.20277859397278092,0.17354896347752538,0.2317416904397347
P1,C111,GP mean,1775,0.20171033823158985,0.1723180001318977,0.230926731811004
P1,C111,GP mean,1800,0.20083161895429058,0.17138203652086786,0.23002990586935296
P1,C111,GP mean,1825,0.19969952799513352,0.1700628078783054,0.22899713423828746
P1,C111,GP mean,1850,0.19871010769638148,0.169344974412482,0.22779501987791642
P1,C111,GP mean,1875,0.19768889521646424,0.16833330436618033,0.2267021909038734
P1,C111,GP mean,1900,0.19689947003418345,0.16759219430290367,0.22587492443143448
P1,C111,GP mean,1925,0.19665315886222726,0.1673745414057267,0.2256234143644751
P1,C111,GP mean,1950,0.19511565072306966,0.1664345541705584,0.2235907544646251
P1,C111,GP mean,1975,0.19412614396780437,0.16522010614840216,0.22272859974627024
P1,C111,GP mean,2000,0.19315120828160331,0.16400436061543053,0.22205960224709215
P1,C111,GP mean,2025,0.1920341984863786,0.16270783027068134,0.22092069610557236
P1,C111,GP mean,2050,0.19043519663527525,0.16116955438207548,0.21921838234036792
P1,C111,GP mean,2075,0.18948104560804305,0.16032224781840004,0.2182675876588371
P1,C111,GP mean,2100,0.18787713385719457,0.15862074941114446,0.21675862429443452
P1,C111,GP mean,2125,0.18640413621688337,0.15724869757808296,0.21516454466494284
P1,C111,GP mean,2150,0.18450564111716228,0.15559043495046773,0.2131244649037842
P1,C111,GP mean,2175,0.18259452948324603,0.15397909671758145,0.2111264027624575
P1,C111,GP mean,2200,0.1812596653792728,0.15286760772160976,0.2093334594390138
P1,C111,GP mean,2225,0.1801011393593561,0.1516708849760851,0.20818883003871472
P1,C111,GP mean,2250,0.1793919100008434,0.15112084595255454,0.20746824691178442
P1,C111,GP mean,2275,0.17771740313372275,0.14964883001580723,0.20552758345878255
P1,C111,GP mean,2300,0.1768440918673734,0.14886028325303025,0.20453476533818435
P1,C111,GP mean,2325,0.17583979585751577,0.14777748203687616,0.2036878758273951
P1,C111,GP mean,2350,0.17484902045662587,0.14684506869064076,0.20276079338976688
P1,C111,GP mean,2375,0.17414853656478888,0.14612614150866832,0.20203168081437975
P1,C111,GP mean,2400,0.17325330532786107,0.14517613701284532,0.20095805769211483
P1,C111,GP mean,2425,0.1727074173019883,0.1447650504227102,0.20039330865495172
P1,C111,GP mean,2450,0.1718862165874003,0.14413081672482855,0.19941051038777174
P1,C111,GP mean,2475,0.17080984844116254,0.14329905579135832,0.19829257475672543
P1,C111,GP mean,2500,0.17017169459095707,0.14260951299403812,0.19745245208572568
P1,C111,GP mean,2525,0.1694696129235164,0.1416949459354139,0.1969614340518033
P1,C111,GP mean,2550,0.16793707049344703,0.14005135867087481,0.19554536172874304
P1,C111,GP mean,2575,0.16731473050073792,0.1395421299637034,0.19494340999581533
P1,C111,GP mean,2600,0.16658043410349962,0.1387603257559825,0.19413402107186103
P1,C111,GP mean,2625,0.16548883499373454,0.1381263140913067,0.19284356332015828
P1,C111,GP mean,2650,0.16474669614344783,0.13724783477667749,0.19215173881118114
P1,C111,GP mean,2675,0.16409467243088335,0.13668922927117713,0.1914252511692395
P1,C111,GP mean,2700,0.16391207820257678,0.13649317375789854,0.19124744019426465
P1,C111,GP mean,2725,0.16350427731014558,0.1361399872997418,0.19073779219591808
P1,C111,GP mean,2750,0.16300413618948148,0.13556668689390308,0.1903733104396016
P1,C111,GP mean,2775,0.16270538432492404,0.13536154178966134,0.19005530905671897
P1,C111,GP mean,2800,0.16195709122495847,0.13461660303129652,0.1893560611036102
P1,C111,GP mean,2825,0.16157523388784453,0.13436094863024992,0.18879868953750992
P1,C111,GP mean,2850,0.1611187803280764,0.13390605262880448,0.18829027964539183
P1,C111,GP mean,2875,0.16044122615264994,0.133301466113123,0.1875341114741688
P1,C111,GP mean,2900,0.15968121689998815,0.13260561625319262,0.18668885918444397
P1,C111,GP mean,2925,0.15846182633297237,0.13147390762539832,0.1852916800299219
P1,C111,GP mean,2950,0.15759992820852237,0.1309561305908369,0.18407128920941362
P1,C111,GP mean,2975,0.15594886889821102,0.12927144499195292,0.18236365603129223
P1,C111,GP mean,3000,0.1556713839053756,0.12902779886561055,0.182157198404124
P1,C111,GP mean,3025,0.15498000318437818,0.12832774888862827,0.1813926022503271
P1,C111,GP mean,3050,0.1546882878313502,0.12807705849877823,0.18115445845103356
P1,C111,GP mean,3075,0.1539770356524524,0.1274217744939777,0.18040768714748862
P1,C111,GP mean,3100,0.15294599988962637,0.12645340455219425,0.17920808302120692
P1,C111,GP mean,3125,0.15210089186663325,0.12569549077983236,0.17831761972862747
P1,C111,GP mean,3150,0.15177634696205908,0.12533260492787401,0.17794033145093657
P1,C111,GP mean,3175,0.15096143066581286,0.12454527787541791,0.17734791194125502
P1,C111,GP mean,3200,0.1500322737780339,0.12358076090742087,0.17652742873687086
P1,C111,GP mean,3225,0.14940970883956614,0.12304318656978747,0.17554106014623944
P1,C111,GP mean,3250,0.14880871874896995,0.12245174474445517,0.1749410789078099
P1,C111,GP mean,3275,0.147699959428446,0.12097145624563635,0.17400699936157402
P1,C111,GP mean,3300,0.14731619410303046,0.12063518355306443,0.17367971818069533
P1,C111,GP mean,3325,0.14722089535103566,0.12053458720290708,0.17358059737083606
P1,C111,GP mean,3350,0.14668238402754982,0.11999195961855959,0.1730716677216522
P1,C111,GP mean,3375,0.14605294417528758,0.11930094789587682,0.17264697129771467
P1,C111,GP mean,3400,0.14523882670253552,0.11810659157737922,0.17190502353768944
P1,C111,GP mean,3425,0.14453211657868806,0.11749323365027237,0.17127736683969202
P1,C111,GP mean,3450,0.14389947606042158,0.11683749918532493,0.1708434653385822
P1,C111,GP mean,3475,0.14282935700503974,0.11585050474497428,0.16963896533648284
P1,C111,GP mean,3500,0.14134871154669273,0.1146661129091882,0.16791794458123696
P1,C111,GP mean,3525,0.14027570258232794,0.11381450445714013,0.16660611824979404
P1,C111,GP mean,3550,0.13975026780671437,0.11345510808039903,0.16569888565333882
P1,C111,GP mean,3575,0.13928291348561,0.11310272497798983,0.16526345004004991
P1,C111,GP mean,3600,0.1388326512810283,0.11273447300317281,0.16487069524768555
P1,C111,GP mean,3625,0.1381298741447157,0.11194073153001852,0.1641098370497058
P1,C111,GP mean,3650,0.13793665864661106,0.1118614991342268,0.163816784379146
P1,C111,GP mean,3675,0.1378018891156078,0.11176585867972386,0.1637362604101593
P1,C111,GP mean,3700,0.13696823210756107,0.11105635210612942,0.16282751804142165
P1,C111,GP mean,3725,0.13640833979887354,0.11061444098018844,0.16225322187095673
P1,C111,GP mean,3750,0.13621358385506635,0.1104179579162585,0.16195718088167602
P1,C111,GP mean,3775,0.13558034306945105,0.10977718759706111,0.161282706209261
P1,C111,GP mean,3800,0.13521275134842925,0.1094103121426342,0.16100875857706176
P1,C111,GP mean,3825,0.13429779235973674,0.1085783812285752,0.15994661165585689
P1,C111,GP mean,3850,0.1340721604781926,0.10843401177946292,0.15968446076332363
P1,C111,GP mean,3875,0.13361990280967426,0.10795121301261555,0.15913350866279158
P1,C111,GP mean,3900,0.1329372345275034,0.10736684093123182,0.15832829340594728
P1,C111,GP mean,3925,0.13237806958852202,0.1066388633613443,0.15784763167660504
P1,C111,GP mean,3950,0.1320855383397146,0.10639829156438539,0.15747016015266813
P1,C111,GP mean,3975,0.13150971536062567,0.10571442832979062,0.15700904207568603
P1,C111,GP mean,4000,0.13102625181645905,0.10514989138044596,0.156655742095685
P1,C111,GP mean,4025,0.1306955270839131,0.10481307293858187,0.15631668934264306
P1,C111,GP mean,4050,0.12947982561041457,0.10372934111366754,0.15512119590225712
P1,C111,GP mean,4075,0.12929636137465333,0.10355612467091195,0.15493573063171304
P1,C111,GP mean,4100,0.1286045021428217,0.10289116484629438,0.1542309158187499
P1,C111,GP mean,4125,0.12782826315197093,0.10218598368428695,0.15349793726896513
P1,C111,GP mean,4150,0.12690481494602854,0.10140646785397993,0.1524438351576367
P1,C111,GP mean,4175,0.12624595112666384,0.10085707647996973,0.15173699835884696
P1,C111,GP mean,4200,0.1255312614517372,0.10035605312942522,0.1507904398585031
P1,C111,GP mean,4225,0.12532749938308813,0.10007586109950913,0.15064141275316423
P1,C111,GP mean,4250,0.12479163388332204,0.09974477897107625,0.14997146382725193
P1,C111,GP mean,4275,0.12418537372662658,0.09923321143494758,0.14918548547792532
P1,C111,GP mean,4300,0.12360625473072262,0.09873780031848582,0.14851706072491813
P1,C111,GP mean,4325,0.12311253068455152,0.09837346243372194,0.14778933809477957
P1,C111,GP mean,4350,0.12295388760453099,0.09825175082044747,0.14763784343612404
P1,C111,GP mean,4375,0.12256103083988497,0.0978251693845326,0.14729772248491618
P1,C111,GP mean,4400,0.12229328388392109,0.09757879754620798,0.1469653950986782
P1,C111,GP mean,4425,0.12203659072149446,0.09729874523105933,0.1467437267371653
P1,C111,GP mean,4450,0.121817314912813,0.09713045507464499,0.14639792243830338
P1,C111,GP mean,4475,0.12162480094064104,0.09700779686565926,0.1461550241510025
P1,C111,GP mean,4500,0.12116920805544339,0.09650814962668353,0.14576842679247543
P1,C111,GP mean,4525,0.12054356728052001,0.09620288903113146,0.144813479482674
P1,C111,GP mean,4550,0.11988868283455972,0.0952778530093571,0.1444507746044076
P1,C111,GP mean,4575,0.11897420974833703,0.09447139475263448,0.1434542370776884
P1,C111,GP mean,4600,0.11851781208394152,0.0939471725938446,0.14293688922832387
P1,C111,GP mean,4625,0.11820458274070732,0.09356169886813001,0.14261987153725245
P1,C111,GP mean,4650,0.11806155606379737,0.09337728332498084,0.14256008600648215
P1,C111,GP mean,4675,0.11783695354725932,0.09312105643042332,0.14239892922848033
P1,C111,GP mean,4700,0.11762118235490107,0.0930198404315193,0.14212105655661003
P1,C111,GP mean,4725,0.1172686272017779,0.09260624760085757,0.14173295674871628
P1,C111,GP mean,4750,0.11700968840653193,0.09244690577163882,0.14146073177230195
P1,C111,GP mean,4775,0.11656983463957955,0.09206201541617541,0.14110898415506246
P1,C111,GP mean,4800,0.1164252247049359,0.09192105545054553,0.1409590844347945
P1,C111,GP mean,4825,0.11593734907334165,0.09151536506293691,0.14028629984786403
P1,C111,GP mean,4850,0.11587169184565956,0.09144787263736927,0.14023904496671305
P1,C111,GP mean,4875,0.11576681589886748,0.09132322990834443,0.14021999160833867
P1,C111,GP mean,4900,0.11568685446345622,0.09125327190001953,0.14018449719190634
P1,C111,GP mean,4925,0.11529871478676766,0.09090331598824021,0.13968977614420258
P1,C111,GP mean,4950,0.11513194558997714,0.09083647764838843,0.1394888453600705
P1,C111,GP mean,4975,0.11509865243238784,0.09077083267700303,0.13946351430526038
P1,C111,GP mean,5000,0.1147549139821837,0.09035518001443998,0.13911714035922984
P1,C110,Baseline,1,7.291063872152322,7.171873445273799,7.416875027696594
P1,C110,Baseline,25,4.381219251213907,4.284430133997253,4.4791819179112
P1,C110,Baseline,50,3.313716252244676,3.2004331506453725,3.42161013252804
P1,C110,Baseline,75,2.9331748711029966,2.8148090881403225,3.049177258845481
P1,C110,Baseline,100,2.661522731715969,2.536641891678402,2.7896946498971347
P1,C110,Baseline,125,2.4883959151227755,2.358922582490772,2.6172348973905453
P1,C110,Baseline,150,2.310255797394148,2.16233972000217,2.4583811159432996
P1,C110,Baseline,175,2.175883466085195,2.0176788973367685,2.333802993455248
P1,C110,Baseline,200,2.0425009989870064,1.8631925501882456,2.213358164774803
P1,C110,Baseline,225,1.944246927689659,1.7496340869312481,2.1294137104282096
P1,C110,Baseline,250,1.8494452254739666,1.6412130279617414,2.048337308635429
P1,C110,Baseline,275,1.7788300530205545,1.5649623755906061,1.9859926542693414
P1,C110,Baseline,300,1.707450164320743,1.481553172523106,1.9270535828738418
P1,C110,Baseline,325,1.647772109231128,1.4156102808268967,1.8768695453165933
P1,C110,Baseline,350,1.5711744395455935,1.3320963932323284,1.8073354967448985
P1,C110,Baseline,375,1.526440984276689,1.2806370979850772,1.7676389754368595
P1,C110,Baseline,400,1.4803520215136732,1.2317961674450995,1.724624576861229
P1,C110,Baseline,425,1.4302937402447946,1.1800010763458118,1.6773693168159418
P1,C110,Baseline,450,1.381363915469435,1.1276837879415798,1.6314326145461724
P1,C110,Baseline,475,1.3435887544539966,1.0893231371420058,1.598020382937647
P1,C110,Baseline,500,1.316335271121352,1.062673940659938,1.5713993051440431
P1,C110,Baseline,525,1.2822225699458032,1.0319434361733826,1.5366967521996384
P1,C110,Baseline,550,1.256217597711834,1.0061265380086757,1.5116836996458207
P1,C110,Baseline,575,1.2306285364819318,0.9818094062860144,1.4866246460853771
P1,C110,Baseline,600,1.2056019305579935,0.957066803810539,1.4599613534057254
P1,C110,Baseline,625,1.183044374665256,0.9329673500518262,1.4392173083803919
P1,C110,Baseline,650,1.156309671028648,0.9069665404583266,1.4097930872259072
P1,C110,Baseline,675,1.1367382971432713,0.8880430122579971,1.3902530365344479
P1,C110,Baseline,700,1.1165554666538553,0.8671697181989463,1.3713211780148502
P1,C110,Baseline,725,1.0954872565095164,0.8465725198590955,1.352946801253443
P1,C110,Baseline,750,1.0833200429750034,0.8351364739298568,1.3410425924371498
P1,C110,Baseline,775,1.0710247323999487,0.8195287967008905,1.331549355223837
P1,C110,Baseline,800,1.0598734468842463,0.8077094289936463,1.3228538583901996
P1,C110,Baseline,825,1.0531566863618014,0.7995179420991069,1.318281652364482
P1,C110,Baseline,850,1.0378866986516744,0.7847801390898237,1.3009813022848642
P1,C110,Baseline,875,1.0305523747019965,0.7769489572660506,1.2954757976661582
P1,C110,Baseline,900,1.0194995546518513,0.764763565938782,1.2867388509892415
P1,C110,Baseline,925,1.0119151324317468,0.7576103054855505,1.2797076207865572
P1,C110,Baseline,950,1.0059277659874113,0.751984479149063,1.2741667416049982
P1,C110,Baseline,975,0.9836498969067309,0.7304205195908744,1.2514440646632694
P1,C110,Baseline,1000,0.9668727895031787,0.71423833315681,1.2331295110024734
P1,C110,Baseline,1025,0.9621854451850768,0.7086966491910689,1.2295352391491383
P1,C110,Baseline,1050,0.9536961618731534,0.7019515711150136,1.2202239974756517
P1,C110,Baseline,1075,0.9435062948048671,0.6939691469847972,1.2078173812344533
P1,C110,Baseline,1100,0.9328816710128838,0.6834914330081896,1.1977515635369165
P1,C110,Baseline,1125,0.927125237914901,0.6784944457114085,1.1909837464689523
P1,C110,Baseline,1150,0.9159406272281955,0.6689869956321653,1.178155269984822
P1,C110,Baseline,1175,0.899015529193135,0.6539385688777867,1.159129405491462
P1,C110,Baseline,1200,0.8845381877809966,0.6400296886381558,1.144350560753745
P1,C110,Baseline,1225,0.8780257484481659,0.634616724317021,1.138865119999357
P1,C110,Baseline,1250,0.8714501991624037,0.6286792811757173,1.1311001238912881
P1,C110,Baseline,1275,0.8629525082644719,0.6220815877275638,1.1205625465441682
P1,C110,Baseline,1300,0.8551511451235202,0.6162312118804996,1.1090062912095953
P1,C110,Baseline,1325,0.8466324940893238,0.6098130473893625,1.09843668678464
P1,C110,Baseline,1350,0.8403368549683088,0.6038889810694451,1.0917502093447584
P1,C110,Baseline,1375,0.8351605601787604,0.5974488262837737,1.0882032861181856
P1,C110,Baseline,1400,0.8319123007434943,0.5946283622819409,1.084302001419188
P1,C110,Baseline,1425,0.8294901864146077,0.5921729317641772,1.0824039383717945
P1,C110,Baseline,1450,0.8250019351573501,0.5900550245650048,1.0770726288199934
P1,C110,Baseline,1475,0.8209410333684828,0.5867174290778137,1.070210135763593
P1,C110,Baseline,1500,0.81987228042955,0.5853861376637505,1.0688056521627225
P1,C110,Baseline,1525,0.817207548151782,0.583774039413631,1.0656213369503336
P1,C110,Baseline,1550,0.8148736973122603,0.5811395867588803,1.0638850150682069
P1,C110,Baseline,1575,0.8125257896441813,0.5786136443572962,1.0622940145472188
P1,C110,Baseline,1600,0.7999685718588101,0.5709040724611439,1.0438063830998938
P1,C110,Baseline,1625,0.7927331930571981,0.5648478414564738,1.0351253773488087
P1,C110,Baseline,1650,0.785676698581528,0.5600067978935411,1.0274217393859948
P1,C110,Baseline,1675,0.7855335746449219,0.5600067978935411,1.0272884419575243
P1,C110,Baseline,1700,0.7799036572262088,0.5543494987703695,1.0227385597045022
P1,C110,Baseline,1725,0.7769224026622671,0.5509360344692366,1.0201776234951654
P1,C110,Baseline,1750,0.7739485776840889,0.5478838822624538,1.0162763024451653
P1,C110,Baseline,1775,0.7729146503844133,0.5464665172926597,1.015242376953748
P1,C110,Baseline,1800,0.7669522407174003,0.5412021638079322,1.0092026740356304
P1,C110,Baseline,1825,0.7616865763924876,0.5362741009139114,1.0036391287121365
P1,C110,Baseline,1850,0.7580915308758532,0.5317624372450028,1.0015774311666075
P1,C110,Baseline,1875,0.7548213156075936,0.5273044048456632,0.998982397961174
P1,C110,Baseline,1900,0.7492149091093366,0.5215624199836764,0.9924377773783294
P1,C110,Baseline,1925,0.7461915239833243,0.5181004631338508,0.98998923208177
P1,C110,Baseline,1950,0.7457123322557646,0.5176902039256389,0.9897815196034291
P1,C110,Baseline,1975,0.7444207563866283,0.5158440669698542,0.9891570472804286
P1,C110,Baseline,2000,0.7418203402459898,0.5125941679827569,0.9873862880917921
P1,C110,Baseline,2025,0.7380830666122986,0.5104441148659016,0.982304670479299
P1,C110,Baseline,2050,0.7356475960521733,0.5072961985660922,0.9800163947951227
P1,C110,Baseline,2075,0.7328267255081085,0.5045486037389701,0.9780050779711368
P1,C110,Baseline,2100,0.7295783403059692,0.5019120525881857,0.973358570198151
P1,C110,Baseline,2125,0.725146586192833,0.49866504248420934,0.9680563964353501
P1,C110,Baseline,2150,0.7224802606402982,0.49640786935212045,0.9656224712045054
P1,C110,Baseline,2175,0.7164409037198485,0.4907109737096784,0.9607505816636903
P1,C110,Baseline,2200,0.7092464190478691,0.4865609134684555,0.9510169823024285
P1,C110,Baseline,2225,0.7084306891540857,0.486062506018669,0.9503412847640086
P1,C110,Baseline,2250,0.7071008821211529,0.484710710428609,0.9487595757251556
P1,C110,Baseline,2275,0.7045007694076995,0.48142333675713717,0.9467120116009055
P1,C110,Baseline,2300,0.7027426924809997,0.47914551132376226,0.9452311024767933
P1,C110,Baseline,2325,0.6998007775640681,0.47724185680539283,0.9414649925783246
P1,C110,Baseline,2350,0.6993773469072115,0.4768180135225051,0.9412384618336306
P1,C110,Baseline,2375,0.6963508180492443,0.47376540628913194,0.9395863666110014
P1,C110,Baseline,2400,0.6922929728249657,0.4701417767178753,0.9351744099473339
P1,C110,Baseline,2425,0.6914457921126074,0.46878683631661616,0.934228995208842
P1,C110,Baseline,2450,0.6911760485873275,0.46854056537643324,0.9339699103361109
P1,C110,Baseline,2475,0.6860258108345216,0.46528248552166757,0.9269684636274041
P1,C110,Baseline,2500,0.6826294237786927,0.462624327073179,0.9246921741031039
P1,C110,Baseline,2525,0.6766939853807827,0.4576370830150921,0.9174949822819742
P1,C110,Baseline,2550,0.6740133323069284,0.45501995966296,0.9153775605436815
P1,C110,Baseline,2575,0.6728496297078764,0.4537185833487824,0.9139144101418395
P1,C110,Baseline,2600,0.671038297489459,0.45234724736097714,0.9128624939448112
P1,C110,Baseline,2625,0.6684307564681646,0.4506438747445439,0.9094338008665581
P1,C110,Baseline,2650,0.665660050641842,0.4484165985507941,0.9060789344565325
P1,C110,Baseline,2675,0.6646423448738277,0.44720771081820815,0.9050804553266584
P1,C110,Baseline,2700,0.6610205156965212,0.44449242597437877,0.901953651034231
P1,C110,Baseline,2725,0.6582090486697059,0.442036766896506,0.8987664407862225
P1,C110,Baseline,2750,0.651796304659592,0.43911165997973334,0.8872776002585485
P1,C110,Baseline,2775,0.6501807305854164,0.4379527640073722,0.884481788552561
P1,C110,Baseline,2800,0.6459101168502068,0.4338532584598749,0.8799620923612762
P1,C110,Baseline,2825,0.6431656152642318,0.43080167520676604,0.8773079955606448
P1,C110,Baseline,2850,0.6413478512743334,0.42871102459625327,0.8756868184007042
P1,C110,Baseline,2875,0.6404691099851592,0.4266817311421183,0.8744866471933506
P1,C110,Baseline,2900,0.6393879405218466,0.4249079421810852,0.8742072402073954
P1,C110,Baseline,2925,0.6384955815108935,0.42425860615743266,0.8732134823557113
P1,C110,Baseline,2950,0.6380289409147308,0.4241204017388999,0.8722490962699837
P1,C110,Baseline,2975,0.6368798262167545,0.4227520734828201,0.8706884743980668
P1,C110,Baseline,3000,0.6363296208855043,0.4226126652459342,0.8702223703623558
P1,C110,Baseline,3025,0.6355266261617551,0.4223602384966847,0.8699034113978813
P1,C110,Baseline,3050,0.6355266261617551,0.4223602384966847,0.8699034113978813
P1,C110,Baseline,3075,0.6343783115818316,0.4203794560837676,0.8682253082491607
P1,C110,Baseline,3100,0.632875523849272,0.4187572115425122,0.8665942336871706
P1,C110,Baseline,3125,0.6318101696912464,0.41804738322008383,0.8655207774857927
P1,C110,Baseline,3150,0.6289155735751863,0.41572675321653274,0.8625746850784513
P1,C110,Baseline,3175,0.6275250603502023,0.41378066723175166,0.8618665020320188
P1,C110,Baseline,3200,0.624324895435594,0.4096058138942925,0.8598799947184166
P1,C110,Baseline,3225,0.6239282338939982,0.4092606376060251,0.859542923617092
P1,C110,Baseline,3250,0.6239281628812254,0.40926042811834584,0.8595428543796387
P1,C110,Baseline,3275,0.6231841572407208,0.40846173791445983,0.8587483408192986
P1,C110,Baseline,3300,0.6231841572407208,0.40846173791445983,0.8587483408192986
P1,C110,Baseline,3325,0.6207935889765623,0.4071045288736396,0.8546307871875002
P1,C110,Baseline,3350,0.6206915045582444,0.4069627905935563,0.8546039455841853
P1,C110,Baseline,3375,0.6194056052714356,0.40588618968524703,0.8545876825761215
P1,C110,Baseline,3400,0.6180947086110395,0.4046191944630189,0.8534819992130914
P1,C110,Baseline,3425,0.6157763848572597,0.4036467713832257,0.849880677782647
P1,C110,Baseline,3450,0.6152721941715773,0.40313836922289226,0.8496324550381608
P1,C110,Baseline,3475,0.6097872093353729,0.4003835132498248,0.8411110378426361
P1,C110,Baseline,3500,0.6080636574640448,0.39820200820566215,0.839122601377876
P1,C110,Baseline,3525,0.6077322928978215,0.3979559990628692,0.8387978748109697
P1,C110,Baseline,3550,0.6066082858485731,0.3969501171924109,0.8375130204161265
P1,C110,Baseline,3575,0.6058667305337893,0.39557161303747534,0.8374003730335641
P1,C110,Baseline,3600,0.6051792607763622,0.3951944678382293,0.8365169078820577
P1,C110,Baseline,3625,0.6010215939694712,0.3929583063531611,0.8313581443900262
P1,C110,Baseline,3650,0.6003013994566111,0.3921816530736579,0.8311290458160088
P1,C110,Baseline,3675,0.599214275453263,0.39125265591774727,0.8301531046936187
P1,C110,Baseline,3700,0.5978602116574527,0.3899107468543213,0.8283698119407328
P1,C110,Baseline,3725,0.595716940608658,0.387739851446677,0.8263221158387543
P1,C110,Baseline,3750,0.5930622616095695,0.3863326769147677,0.8225111954680971
P1,C110,Baseline,3775,0.5887909227599182,0.3824786901061597,0.8189328290562045
P1,C110,Baseline,3800,0.5876407082043624,0.3810166681728815,0.8176940237174207
P1,C110,Baseline,3825,0.5875223345327774,0.3808695888544227,0.8175663229678974
P1,C110,Baseline,3850,0.5875223345327774,0.3808695888544227,0.8175663229678974
P1,C110,Baseline,3875,0.5868911775737875,0.3796470148177554,0.8170968292972244
P1,C110,Baseline,3900,0.5868911775737875,0.3796470148177554,0.8170968292972244
P1,C110,Baseline,3925,0.5865497435929157,0.37941612367411703,0.81675679106919
P1,C110,Baseline,3950,0.5851514235127453,0.37832418567171494,0.8142608956054209
P1,C110,Baseline,3975,0.5850226222545252,0.3782556229754759,0.8141383877370905
P1,C110,Baseline,4000,0.5843373564914036,0.37731254666640773,0.8134259347401274
P1,C110,Baseline,4025,0.5827528108918243,0.3761790504426127,0.8120206734563316
P1,C110,Baseline,4050,0.5827528108918243,0.3761790504426127,0.8120206734563316
P1,C110,Baseline,4075,0.5822118680482853,0.375211209511629,0.8116213396538431
P1,C110,Baseline,4100,0.5820483803628786,0.37520985700298404,0.8115838300370892
P1,C110,Baseline,4125,0.5812961492591326,0.3750052158772148,0.8115255105921322
P1,C110,Baseline,4150,0.5810799723015054,0.3748623924871105,0.8113616414791162
P1,C110,Baseline,4175,0.5804924985149766,0.3743739241595796,0.8107698112099532
P1,C110,Baseline,4200,0.5793008579324745,0.3734644746827438,0.8092294970410712
P1,C110,Baseline,4225,0.575532432810216,0.3716695167866009,0.8016916057199325
P1,C110,Baseline,4250,0.575532432810216,0.3716695167866009,0.8016916057199325
P1,C110,Baseline,4275,0.5748458050863144,0.37100364787316426,0.8016182783365886
P1,C110,Baseline,4300,0.5748303414653819,0.37100326128264094,0.8016182783365886
P1,C110,Baseline,4325,0.5741678052511827,0.370656981861177,0.8009980272630858
P1,C110,Baseline,4350,0.5736704127370416,0.37001917559496683,0.800653603697932
P1,C110,Baseline,4375,0.5732673285501033,0.3692736265604459,0.8006189657119767
P1,C110,Baseline,4400,0.5731390289530844,0.3691485344533524,0.800493873604883
P1,C110,Baseline,4425,0.570367862230746,0.36739730341708965,0.7944150952913196
P1,C110,Baseline,4450,0.5697644183387682,0.36711872223700653,0.7935915088399622
P1,C110,Baseline,4475,0.568477092100617,0.3664151583946062,0.791623053861839
P1,C110,Baseline,4500,0.568477092100617,0.3664151583946062,0.791623053861839
P1,C110,Baseline,4525,0.5670761087498071,0.36529657682588884,0.7907450270150524
P1,C110,Baseline,4550,0.56686586422554,0.3649120769893127,0.7902478397186364
P1,C110,Baseline,4575,0.5638092663896843,0.36379405222861955,0.7852815897974662
P1,C110,Baseline,4600,0.5635262498126421,0.3633648359063584,0.7852745143830403
P1,C110,Baseline,4625,0.5634594467199177,0.3633421194869956,0.7852139713247646
P1,C110,Baseline,4650,0.56329807897547,0.363114242636526,0.7850698213277146
P1,C110,Baseline,4675,0.5632530452441504,0.3629374852410966,0.7850071421487006
P1,C110,Baseline,4700,0.5632023854761359,0.3628803869608454,0.7850071421487006
P1,C110,Baseline,4725,0.5621311624356058,0.3624609048820706,0.7830888187522234
P1,C110,Baseline,4750,0.5619583125301224,0.36228533377347377,0.7827455174401058
P1,C110,Baseline,4775,0.5600616089659533,0.3598011510169023,0.7808527694119001
P1,C110,Baseline,4800,0.5598310131416725,0.3597057455270955,0.7808527676023324
P1,C110,Baseline,4825,0.5595598748498363,0.35935664820248103,0.7805208893738025
P1,C110,Baseline,4850,0.5570465007159615,0.35888477533222923,0.7775499002769254
P1,C110,Baseline,4875,0.5570463575342862,0.35888477533222923,0.777549481470525
P1,C110,Baseline,4900,0.5570463575342862,0.35888477533222923,0.777549481470525
P1,C110,Baseline,4925,0.5567959857490824,0.3586612070766596,0.7775328183428348
P1,C110,Baseline,4950,0.5566451555669053,0.3585527123992381,0.7773129150932828
P1,C110,Baseline,4975,0.5563692787092102,0.3581701564090767,0.7768481549125141
P1,C110,Baseline,5000,0.5563692787092102,0.3581701564090767,0.7768481549125141
P1,C110,GP mean,1,7.222928573717546,7.125012972498138,7.3281818124790865
P1,C110,GP mean,25,3.8189747342390907,3.7254898176478966,3.9064194450740795
P1,C110,GP mean,50,2.447373165263741,2.3255603895366224,2.5670578835741122
P1,C110,GP mean,75,1.7563144534271442,1.6231052182780565,1.8901025068966304
P1,C110,GP mean,100,1.324503847048655,1.1895958847807255,1.463576351872234
P1,C110,GP mean,125,1.0479137475748883,0.9268705012615212,1.1792388461412349
P1,C110,GP mean,150,0.8717328710911894,0.7614335943991178,0.9978697482231106
P1,C110,GP mean,175,0.7513306290683465,0.6490577407126037,0.8672466543573747
P1,C110,GP mean,200,0.6648984186833913,0.5714618439790212,0.7750078067004695
P1,C110,GP mean,225,0.5944907776127892,0.5104399819806212,0.6927328950166998
P1,C110,GP mean,250,0.5488256481123048,0.4733051763706739,0.6375711764599001
P1,C110,GP mean,275,0.5113326640206185,0.4457720014991875,0.5851299467195639
P1,C110,GP mean,300,0.4836978950484943,0.4245169858237298,0.549253114430558
P1,C110,GP mean,325,0.46337196576866324,0.40890163500416643,0.5212236219262685
P1,C110,GP mean,350,0.4466604977587378,0.39626800023512226,0.4991214678552968
P1,C110,GP mean,375,0.4325141701695476,0.3847504556143762,0.48194752482729664
P1,C110,GP mean,400,0.4215092126223778,0.37460106831884077,0.4694365173365591
P1,C110,GP mean,425,0.41570579424002674,0.3696734893517741,0.4627875794383369
P1,C110,GP mean,450,0.40961342158585934,0.36413809236808414,0.45605862597972785
P1,C110,GP mean,475,0.40373275296567734,0.3602729732245618,0.4480159169342084
P1,C110,GP mean,500,0.39707103967069146,0.35412152119546314,0.4403529570001082
P1,C110,GP mean,525,0.39279705670260445,0.35116892146305456,0.43434111158591254
P1,C110,GP mean,550,0.38940569342532044,0.34830167603232487,0.4301849563567411
P1,C110,GP mean,575,0.3854725829365073,0.34523705813664324,0.4250662805770201
P1,C110,GP mean,600,0.38114886932900555,0.34054062475668573,0.42138126597301
P1,C110,GP mean,625,0.3789935722521193,0.33830520494600047,0.4194131136476627
P1,C110,GP mean,650,0.37638635917981117,0.3360896706044702,0.41708175729769115
P1,C110,GP mean,675,0.37397410687822724,0.33377411601980617,0.4143616943802402
P1,C110,GP mean,700,0.37071438289105396,0.32992507074613064,0.41160822665425273
P1,C110,GP mean,725,0.3674526065695893,0.3266340505474777,0.4083750573207334
P1,C110,GP mean,750,0.36366295549843203,0.3229323173215195,0.404124974738715
P1,C110,GP mean,775,0.3589299972136663,0.31732987391054013,0.40053971582924386
P1,C110,GP mean,800,0.35632758957271377,0.31493937630507857,0.39746006657811916
P1,C110,GP mean,825,0.35061543722299854,0.309536949646095,0.39131812241461433
P1,C110,GP mean,850,0.34557135515930215,0.3049134756826413,0.38579917474772435
P1,C110,GP mean,875,0.34157707809359816,0.30082914277047673,0.3820782850690122
P1,C110,GP mean,900,0.3368344544892689,0.29564518257467015,0.37805703930952794
P1,C110,GP mean,925,0.3333536888388711,0.29253768160802546,0.3741529542992177
P1,C110,GP mean,950,0.32976489738464027,0.28870551505759423,0.3709974087761715
P1,C110,GP mean,975,0.3256124357780527,0.2847447772137512,0.3661865341455465
P1,C110,GP mean,1000,0.32257234903765525,0.2818967660058578,0.3629488054533937
P1,C110,GP mean,1025,0.31973179776804844,0.2791548180210107,0.3602398276267522
P1,C110,GP mean,1050,0.31715131349493486,0.2765554350564305,0.3579830169423434
P1,C110,GP mean,1075,0.3142112801869535,0.27434600421341365,0.35462566397227424
P1,C110,GP mean,1100,0.30937967980239167,0.2701509217655426,0.3486453712153917
P1,C110,GP mean,1125,0.30756672291699944,0.26860247467979614,0.34643012683999463
P1,C110,GP mean,1150,0.3060737314902888,0.2669260698043255,0.3451927861558737
P1,C110,GP mean,1175,0.3049973077768632,0.2657222555231046,0.34414022951674644
P1,C110,GP mean,1200,0.3030721432423582,0.26390366897370454,0.34214419480665403
P1,C110,GP mean,1225,0.302060132014494,0.26294956597841534,0.34107001769630607
P1,C110,GP mean,1250,0.30065741735477103,0.261513490643577,0.3397985747917494
P1,C110,GP mean,1275,0.29873128976175034,0.26007575614795525,0.3372611227356755
P1,C110,GP mean,1300,0.2958163270327039,0.25733328625325097,0.3343038350657284
P1,C110,GP mean,1325,0.29380079329359765,0.25545437001183646,0.33216181924112786
P1,C110,GP mean,1350,0.29249475977516926,0.25393525041252973,0.3311071023943763
P1,C110,GP mean,1375,0.2909945545200112,0.25272152083362875,0.32941098521673473
P1,C110,GP mean,1400,0.2893768349640502,0.25126409373826497,0.32752313238706765
P1,C110,GP mean,1425,0.2866967540209359,0.24895651473238278,0.32431077161516264
P1,C110,GP mean,1450,0.28485609637154957,0.24704497119718088,0.3228249597898861
P1,C110,GP mean,1475,0.28335067328037317,0.24527938922568746,0.32167267363769003
P1,C110,GP mean,1500,0.2817050141070778,0.24343382100280556,0.31990220777210204
P1,C110,GP mean,1525,0.2801965873275043,0.24196823804312317,0.31825129287138026
P1,C110,GP mean,1550,0.278278997716837,0.24031142490381877,0.31603601726921304
P1,C110,GP mean,1575,0.2768919127412369,0.23916599709519223,0.31435488694914926
P1,C110,GP mean,1600,0.2742688165872257,0.23682457175750646,0.31174438930802834
P1,C110,GP mean,1625,0.273240372382139,0.23585775371092246,0.3107410241160326
P1,C110,GP mean,1650,0.2719230291366675,0.2345621748587787,0.3093636366889277
P1,C110,GP mean,1675,0.2711587556335687,0.2336903655430984,0.3087618213179874
P1,C110,GP mean,1700,0.269222872664215,0.2319645170995569,0.3067362091031788
P1,C110,GP mean,1725,0.2677009936884372,0.23015566573115404,0.30544021329683363
P1,C110,GP mean,1750,0.2665984417133267,0.22882244579169364,0.3038799885081644
P1,C110,GP mean,1775,0.26496526093827577,0.22754966153379025,0.30232394273472596
P1,C110,GP mean,1800,0.2639066072048223,0.22647838930031336,0.3011824192638293
P1,C110,GP mean,1825,0.2626182209382233,0.22513515149405494,0.2998066314249403
P1,C110,GP mean,1850,0.2619659964792814,0.22428767803988534,0.2993748186177709
P1,C110,GP mean,1875,0.260484050227153,0.22268793317895502,0.298030413955203
P1,C110,GP mean,1900,0.25893181789700415,0.2210525777165969,0.2966392738744641
P1,C110,GP mean,1925,0.257426544961788,0.21929634488790267,0.29546044785228387
P1,C110,GP mean,1950,0.2565198228422048,0.2183573885348436,0.2946419512078893
P1,C110,GP mean,1975,0.25562364676076377,0.21750065438895594,0.2936057634820775
P1,C110,GP mean,2000,0.2546895967407387,0.21665254500034012,0.2925365848628168
P1,C110,GP mean,2025,0.25393385587519746,0.2158300447872766,0.29176221606713404
P1,C110,GP mean,2050,0.25340081114676294,0.21532152455869102,0.291137047930276
P1,C110,GP mean,2075,0.2523746533959857,0.21443718964462322,0.2901280425638151
P1,C110,GP mean,2100,0.25198343313081567,0.21407183343438232,0.2897413907069909
P1,C110,GP mean,2125,0.2513063204523712,0.21341275406249574,0.2891182970131837
P1,C110,GP mean,2150,0.25058766319341536,0.21274728498778483,0.28839648103410004
P1,C110,GP mean,2175,0.2501369355697461,0.21215855452431343,0.2880050320372596
P1,C110,GP mean,2200,0.24954672695108024,0.21167364893880683,0.2873284696822449
P1,C110,GP mean,2225,0.2480947401589179,0.20996991629228262,0.28615128985717037
P1,C110,GP mean,2250,0.24696268929895332,0.2089639262235366,0.28488815292282516
P1,C110,GP mean,2275,0.24593204342508046,0.20811590018992943,0.28365948283477294
P1,C110,GP mean,2300,0.2445030706238993,0.2068549149517342,0.2821396553995866
P1,C110,GP mean,2325,0.24334765144892923,0.20547637071151814,0.28117118781205763
P1,C110,GP mean,2350,0.24261337777286474,0.20478257779607928,0.2805035493805062
P1,C110,GP mean,2375,0.24167597627581758,0.2038412216516301,0.2795012943837176
P1,C110,GP mean,2400,0.24087958399191886,0.20327718750588933,0.2785615232525225
P1,C110,GP mean,2425,0.23964930552326996,0.20166506197747167,0.2776976882965983
P1,C110,GP mean,2450,0.2384506075348514,0.20051354672838556,0.27640496477175286
P1,C110,GP mean,2475,0.23771952163900925,0.19979092344705018,0.27557715775831865
P1,C110,GP mean,2500,0.23600659116401285,0.19800117773985032,0.2737200647986713
P1,C110,GP mean,2525,0.23574323518889148,0.19773503067528825,0.27341947042309517
P1,C110,GP mean,2550,0.235452034463089,0.1974981645443674,0.2731383621642645
P1,C110,GP mean,2575,0.2339296578566453,0.19600032995593208,0.2717254787128193
P1,C110,GP mean,2600,0.23310978790820305,0.19502072598075856,0.27087138357719237
P1,C110,GP mean,2625,0.23228726809584702,0.194124469162904,0.27013418288605623
P1,C110,GP mean,2650,0.23183791500802325,0.19352953518097366,0.2697637741598442
P1,C110,GP mean,2675,0.2312291589090469,0.19304404125913144,0.2690425240935083
P1,C110,GP mean,2700,0.2307721543505285,0.19270253825004674,0.26856455057478557
P1,C110,GP mean,2725,0.23016127983951837,0.1922611881854882,0.2675980182666663
P1,C110,GP mean,2750,0.22992641392916163,0.1920237339192185,0.26733046098161056
P1,C110,GP mean,2775,0.22954913919520473,0.19162142929227993,0.2669837845280335
P1,C110,GP mean,2800,0.2286346274358006,0.19094364042103107,0.26594438319763053
P1,C110,GP mean,2825,0.22834540356514696,0.19065393228156172,0.2656663296020731
P1,C110,GP mean,2850,0.22765626210145615,0.19008771631391957,0.2645944414722841
P1,C110,GP mean,2875,0.22742785134235904,0.18994666715386582,0.26437883268940476
P1,C110,GP mean,2900,0.2269964791814674,0.18959008708150707,0.26383008024109916
P1,C110,GP mean,2925,0.22648728699919587,0.18931343158476097,0.2630264094542996
P1,C110,GP mean,2950,0.22591491367344532,0.18884301548040713,0.26242539250412705
P1,C110,GP mean,2975,0.22540190257711648,0.1882482773754481,0.26201064132939883
P1,C110,GP mean,3000,0.22469061106387722,0.18750835749149672,0.2613401581421942
P1,C110,GP mean,3025,0.22388764986188528,0.18692552887704655,0.2602568065754198
P1,C110,GP mean,3050,0.22345380914746654,0.18648101732810493,0.25972950954249746
P1,C110,GP mean,3075,0.2228963838423863,0.18597284019429222,0.2591223912897497
P1,C110,GP mean,3100,0.22266914442822056,0.18578164189323748,0.2588448822221315
P1,C110,GP mean,3125,0.2220567961610774,0.18557105175546718,0.258025282267317
P1,C110,GP mean,3150,0.22177095750633974,0.18515009755301956,0.2578166571221194
P1,C110,GP mean,3175,0.22145567176822104,0.18477377670701048,0.25753139240496886
P1,C110,GP mean,3200,0.22092679928333564,0.18418571731938224,0.25698092706126463
P1,C110,GP mean,3225,0.22023528773460044,0.1832400422614631,0.25652694548600713
P1,C110,GP mean,3250,0.2197039596938378,0.1829155345544753,0.25591994333577983
P1,C110,GP mean,3275,0.21939659040829765,0.18265956643318026,0.25553638758152974
P1,C110,GP mean,3300,0.21877209371194206,0.18201077406658694,0.25483313481448105
P1,C110,GP mean,3325,0.2180155807522544,0.1813387733292098,0.2541356818301583
P1,C110,GP mean,3350,0.21755861410467403,0.1809493825632463,0.25365526201599675
P1,C110,GP mean,3375,0.2169746640281106,0.18034948038365617,0.25299507679833855
P1,C110,GP mean,3400,0.2165425417617591,0.18002957198939443,0.2526277846429965
P1,C110,GP mean,3425,0.21593365710830792,0.1796537628519296,0.2519244544712542
P1,C110,GP mean,3450,0.2150415250933185,0.17882009706131857,0.2507961010920324
P1,C110,GP mean,3475,0.21406349946817704,0.17786298118559715,0.2500139720752623
P1,C110,GP mean,3500,0.21321712940948634,0.1772230619487838,0.24901776631866768
P1,C110,GP mean,3525,0.21307279340950205,0.17708676191862396,0.24883383434550432
P1,C110,GP mean,3550,0.2126760407480247,0.17673540157212358,0.24852047183106368
P1,C110,GP mean,3575,0.2125021404344433,0.17662341863710254,0.24827637583369197
P1,C110,GP mean,3600,0.21212039754086634,0.17607378799290316,0.2478671976706698
P1,C110,GP mean,3625,0.21155376609675933,0.17558264588869976,0.24733878088219802
P1,C110,GP mean,3650,0.2112826002458008,0.17532900529801743,0.2470293724400372
P1,C110,GP mean,3675,0.21079790781165555,0.17485722710134943,0.24667821555949107
P1,C110,GP mean,3700,0.2101749167195473,0.1741786556892719,0.24615000144173496
P1,C110,GP mean,3725,0.20980776769941437,0.17389463794038826,0.24581906633369421
P1,C110,GP mean,3750,0.20940415614548144,0.1734823889349964,0.24552567310100892
P1,C110,GP mean,3775,0.20859839248028214,0.17256463910977768,0.24482237338051105
P1,C110,GP mean,3800,0.2082085290172451,0.17222804743516867,0.2445164844155708
P1,C110,GP mean,3825,0.2075128297954419,0.17145453333622618,0.24370079595925506
P1,C110,GP mean,3850,0.20714101549822925,0.1710758926511119,0.24342304159957784
P1,C110,GP mean,3875,0.20643868380100347,0.17028086291661504,0.2427164139187634
P1,C110,GP mean,3900,0.2063745281858092,0.17024218316422515,0.242648662534444
P1,C110,GP mean,3925,0.20614009977933723,0.16998130009243434,0.2425252798376454
P1,C110,GP mean,3950,0.20561865930011822,0.16944908465957972,0.24199986272122276
P1,C110,GP mean,3975,0.20515411491355556,0.16879374737420139,0.24167211187719878
P1,C110,GP mean,4000,0.20420196843698052,0.16780098570170873,0.24063042295580464
P1,C110,GP mean,4025,0.202929063686675,0.16688601801014052,0.23908576126793293
P1,C110,GP mean,4050,0.20240348500411168,0.1662591217662944,0.2387413562707095
P1,C110,GP mean,4075,0.20192182875966833,0.16583286938419556,0.23808816869618665
P1,C110,GP mean,4100,0.20113266628502785,0.16500740785184015,0.23745175377962993
P1,C110,GP mean,4125,0.20074599024675407,0.16461339678164147,0.2370730981936222
P1,C110,GP mean,4150,0.20014233483933375,0.16413378319577826,0.2364588812938364
P1,C110,GP mean,4175,0.19980314468367877,0.16372123655742352,0.2361867283698305
P1,C110,GP mean,4200,0.1995609018355443,0.1634591743982726,0.23596509751790853
P1,C110,GP mean,4225,0.1990702702559152,0.1628310273417249,0.23565074618043846
P1,C110,GP mean,4250,0.19831879557190074,0.16184182606365097,0.2347842720285318
P1,C110,GP mean,4275,0.19754821638564687,0.1612023351338345,0.23380306396638725
P1,C110,GP mean,4300,0.1970711018374976,0.16087053764414566,0.23335481679602943
P1,C110,GP mean,4325,0.1968813562213491,0.1606411822389497,0.23319476908040207
P1,C110,GP mean,4350,0.19668445843660046,0.16057273313597029,0.23295353713924816
P1,C110,GP mean,4375,0.19636196533500333,0.16028937729364934,0.2325857700180011
P1,C110,GP mean,4400,0.19592988223002486,0.15981868952639042,0.23230218782420167
P1,C110,GP mean,4425,0.19581478754145762,0.15973418699344255,0.23210095297803113
P1,C110,GP mean,4450,0.19548493362042302,0.15947307749410072,0.23178354659312192
P1,C110,GP mean,4475,0.19507896409047196,0.15917745696943686,0.23132795567377304
P1,C110,GP mean,4500,0.19493362476193538,0.15906655573128017,0.2311705938149003
P1,C110,GP mean,4525,0.1947407548017934,0.15886259310551396,0.2308937057641373
P1,C110,GP mean,4550,0.1944832197771766,0.158535825329824,0.23063291278757048
P1,C110,GP mean,4575,0.1943603238819679,0.1584061830400676,0.23047292003594178
P1,C110,GP mean,4600,0.19415096254327813,0.15826978217819954,0.23018101754656764
P1,C110,GP mean,4625,0.1940625989985303,0.1581456598739502,0.23007819469030363
P1,C110,GP mean,4650,0.19382990803995342,0.15799246537105588,0.2297877077310659
P1,C110,GP mean,4675,0.19380163052889446,0.1579641878599969,0.22975733007687607
P1,C110,GP mean,4700,0.19369137029854272,0.1578197123754026,0.22963791650865406
P1,C110,GP mean,4725,0.19339001194920083,0.1574461713570314,0.22933943820242234
P1,C110,GP mean,4750,0.19285264329742302,0.15713061981878226,0.22868801674075154
P1,C110,GP mean,4775,0.19242825578000075,0.1568034725521185,0.228262889412764
P1,C110,GP mean,4800,0.19170773926721707,0.15629146854254763,0.2275295151711635
P1,C110,GP mean,4825,0.19107983581153531,0.15567985457757702,0.22696779552199725
P1,C110,GP mean,4850,0.19067081157362015,0.15517965885591387,0.22653122682877694
P1,C110,GP mean,4875,0.19039408081553683,0.15487983150965096,0.2264233916509858
P1,C110,GP mean,4900,0.18995944834092426,0.15446772330388178,0.2259707458479342
P1,C110,GP mean,4925,0.18968175695551784,0.15416699162115124,0.225531406359094
P1,C110,GP mean,4950,0.18953776983893939,0.15396760508499469,0.22543330270022247
P1,C110,GP mean,4975,0.18936497147976378,0.1539222169111062,0.22518857084064794
P1,C110,GP mean,5000,0.18918560183846567,0.15376551695910431,0.225022100049816
P1,C101,Baseline,1,7.291063872152322,7.171873445273799,7.416875027696594
P1,C101,Baseline,25,4.381219251213907,4.284430133997253,4.4791819179112
P1,C101,Baseline,50,3.235986535142753,3.136112481421641,3.3382765356883466
P1,C101,Baseline,75,2.7076849166608303,2.5769268925435136,2.8343706216054922
P1,C101,Baseline,100,2.185544226516899,2.024043867262814,2.3420958556938736
P1,C101,Baseline,125,1.7013182284294608,1.5258064244706058,1.8749916094469081
P1,C101,Baseline,150,1.1377150190259153,0.9923816437045876,1.292651103369635
P1,C101,Baseline,175,0.8274165101724859,0.7226605028446377,0.9432057544673633
P1,C101,Baseline,200,0.678637245826262,0.6073980007206603,0.7555079635873809
P1,C101,Baseline,225,0.6469131474109732,0.5840093313269871,0.7139603041216358
P1,C101,Baseline,250,0.6258075416973959,0.5721182974161589,0.6797726679947453
P1,C101,Baseline,275,0.6194551179863247,0.5684589929097807,0.6692102597780231
P1,C101,Baseline,300,0.6177198992383174,0.5670583705200712,0.6667871219291646
P1,C101,Baseline,325,0.6177198256406112,0.567058366840186,0.6667869747337525
P1,C101,Baseline,350,0.6173115604799507,0.5667736510849827,0.666144096744406
P1,C101,Baseline,375,0.6155833958800935,0.565477421397521,0.6645226678127669
P1,C101,Baseline,400,0.6154530350102084,0.5653472034396175,0.6643745272903707
P1,C101,Baseline,425,0.6150395399595282,0.5649793294456962,0.6640195858240695
P1,C101,Baseline,450,0.6142404611760796,0.5643364873832423,0.6628332836863995
P1,C101,Baseline,475,0.6141851614672215,0.5642790715196458,0.6627751506892171
P1,C101,Baseline,500,0.6120160907835058,0.5613030748495207,0.6616171534180181
P1,C101,Baseline,525,0.6058030384861436,0.5525972528552143,0.6568355859874284
P1,C101,Baseline,550,0.6042949925662625,0.5504167463154731,0.6559184950914505
P1,C101,Baseline,575,0.6018087170647016,0.5477892594498935,0.6536072581836625
P1,C101,Baseline,600,0.598048399612883,0.5427103019781615,0.6504151833133998
P1,C101,Baseline,625,0.5875283993326991,0.5290839780428591,0.6435834942368146
P1,C101,Baseline,650,0.557512267697902,0.5008708311635389,0.612699143721606
P1,C101,Baseline,675,0.5165977270561534,0.46331768229403414,0.5684631662173424
P1,C101,Baseline,700,0.4956940728659607,0.4457507385434485,0.5446731368889701
P1,C101,Baseline,725,0.48641197117809787,0.43639257057976727,0.534972485612152
P1,C101,Baseline,750,0.48111532076687225,0.4330074107368385,0.5269771440420186
P1,C101,Baseline,775,0.44928190248408106,0.39963876857701003,0.49700384692114685
P1,C101,Baseline,800,0.432905705631243,0.3855902785461096,0.4781298833131175
P1,C101,Baseline,825,0.4314507441011123,0.3843258738979033,0.4765492199818153
P1,C101,Baseline,850,0.4263510077295344,0.3802119524351712,0.47097512953572457
P1,C101,Baseline,875,0.4256078225978162,0.3797397991769675,0.47023766885581464
P1,C101,Baseline,900,0.4236345718033436,0.37865619078322127,0.46655137620594206
P1,C101,Baseline,925,0.4225266935057997,0.37801923036479335,0.464790577837476
P1,C101,Baseline,950,0.4198987659694798,0.37543824551267635,0.462026630496181
P1,C101,Baseline,975,0.4175789489968788,0.3729985522037543,0.4597056493581426
P1,C101,Baseline,1000,0.4175788777195099,0.3729984809263854,0.45970557986270794
P1,C101,Baseline,1025,0.4171092371680995,0.3724712710925782,0.4593533524572578
P1,C101,Baseline,1050,0.4163054766203402,0.3718011002950455,0.4588918583557564
P1,C101,Baseline,1075,0.41458770729788125,0.3697179318091034,0.45748195516956736
P1,C101,Baseline,1100,0.4141297936672563,0.3690936172331541,0.45733475122612555
P1,C101,Baseline,1125,0.4137512070673412,0.36833056703996636,0.4571599748578262
P1,C101,Baseline,1150,0.412285681507845,0.36651230661953266,0.45585218978868464
P1,C101,Baseline,1175,0.4004254998085582,0.35420920901919856,0.4446441432161036
P1,C101,Baseline,1200,0.39036330826412985,0.34453277142468713,0.4353149860164826
P1,C101,Baseline,1225,0.3882515058215225,0.34304802146538826,0.4325890121499406
P1,C101,Baseline,1250,0.38505439181704676,0.34013314187557653,0.4293419122871786
P1,C101,Baseline,1275,0.36576541991918043,0.3219181902800324,0.4083959054297777
P1,C101,Baseline,1300,0.35775814740435574,0.31632120139363357,0.39842975931359426
P1,C101,Baseline,1325,0.35211613105776696,0.31217081803113794,0.39075449363716014
P1,C101,Baseline,1350,0.35034561203147174,0.3107869073678127,0.38872232250631705
P1,C101,Baseline,1375,0.33796938099934304,0.2991742719621891,0.3750993978482105
P1,C101,Baseline,1400,0.33462830311981473,0.29680258832033246,0.3708340122431986
P1,C101,Baseline,1425,0.3324122209623802,0.2949436142962978,0.3681712564489864
P1,C101,Baseline,1450,0.33115309015971695,0.29386653584755823,0.3665425353073092
P1,C101,Baseline,1475,0.3301575553223357,0.29298236227742647,0.3656228900755408
P1,C101,Baseline,1500,0.3290478678455947,0.29236136391155554,0.36421151626407305
P1,C101,Baseline,1525,0.3290085346809206,0.29236136391155554,0.36408181734626854
P1,C101,Baseline,1550,0.327410974944188,0.29076012723093914,0.3626223050323671
P1,C101,Baseline,1575,0.3268991935809542,0.2899170546392275,0.36235302572613054
P1,C101,Baseline,1600,0.3265728130384076,0.28970747455868423,0.3621207477287626
P1,C101,Baseline,1625,0.3265728130384076,0.28970747455868423,0.3621207477287626
P1,C101,Baseline,1650,0.32474706244357243,0.28760395737741645,0.36097552777289627
P1,C101,Baseline,1675,0.3236183179690376,0.2862821287297154,0.3599973965473155
P1,C101,Baseline,1700,0.3227768123189009,0.28551227557158154,0.35897393431638586
P1,C101,Baseline,1725,0.3219482962985961,0.2852716561383895,0.35731664507540073
P1,C101,Baseline,1750,0.31829220647057943,0.282573252989732,0.35213309646698976
P1,C101,Baseline,1775,0.306783540749231,0.2720238652852648,0.3405984559950443
P1,C101,Baseline,1800,0.30395401683158985,0.269181359453739,0.33778693344935273
P1,C101,Baseline,1825,0.30395380120471127,0.26918107383824696,0.33778664617320087
P1,C101,Baseline,1850,0.30343252307718593,0.2687946389364662,0.3372769600267528
P1,C101,Baseline,1875,0.29406940275257254,0.2591851145857953,0.32703759711991137
P1,C101,Baseline,1900,0.28769864558672936,0.25328349195146393,0.3202396737514432
P1,C101,Baseline,1925,0.286281944602365,0.25214364897017555,0.31874696114749357
P1,C101,Baseline,1950,0.28261724863141224,0.24963519225323044,0.3140891308927861
P1,C101,Baseline,1975,0.27618140099002614,0.24310936453093515,0.3080642647002188
P1,C101,Baseline,2000,0.27257885327726683,0.24014679277146941,0.303512493235263
P1,C101,Baseline,2025,0.2720214719492847,0.239538188055797,0.30293192627538107
P1,C101,Baseline,2050,0.2702254058751604,0.23754721214870123,0.3015741508706519
P1,C101,Baseline,2075,0.26997349475607546,0.23712960418836085,0.3014557235211262
P1,C101,Baseline,2100,0.26988258055516523,0.2371292227493551,0.30132053415782645
P1,C101,Baseline,2125,0.26988258055516523,0.2371292227493551,0.30132053415782645
P1,C101,Baseline,2150,0.2698825065843743,0.2371292227493551,0.3013204601870355
P1,C101,Baseline,2175,0.26957661403154665,0.23674059931311495,0.3011319537392933
P1,C101,Baseline,2200,0.2678181317302283,0.2351599498346661,0.29938642711102104
P1,C101,Baseline,2225,0.26560711046062835,0.2320926175013213,0.2978955441187791
P1,C101,Baseline,2250,0.264972539063299,0.23116124637202304,0.29763224442885794
P1,C101,Baseline,2275,0.2639377274353045,0.2301808570932634,0.2965806136209332
P1,C101,Baseline,2300,0.2634334539222495,0.2293119014500895,0.29630402167337944
P1,C101,Baseline,2325,0.2630490538287321,0.2287731588172298,0.2960290108621428
P1,C101,Baseline,2350,0.26182694473299684,0.22730169378099174,0.2947798294621661
P1,C101,Baseline,2375,0.25730396601273564,0.22280376109118172,0.2903134189319828
P1,C101,Baseline,2400,0.25537961654379104,0.22150111747738208,0.2879384574270375
P1,C101,Baseline,2425,0.2544264069187845,0.22090287187112906,0.2869022862579505
P1,C101,Baseline,2450,0.2544264069187845,0.22090287187112906,0.2869022862579505
P1,C101,Baseline,2475,0.2496352684398126,0.21677727440035377,0.28153350100605323
P1,C101,Baseline,2500,0.2461282014517871,0.21381124095094534,0.27727981089573056
P1,C101,Baseline,2525,0.24332582872090766,0.21193428170708567,0.27383099764852464
P1,C101,Baseline,2550,0.2428716150391802,0.21147807137292193,0.2734554126342915
P1,C101,Baseline,2575,0.239197016111993,0.20778868478771342,0.26985708809080705
P1,C101,Baseline,2600,0.2375147583962174,0.2055827457259033,0.26848235557924266
P1,C101,Baseline,2625,0.2370607812340214,0.20515515003695822,0.2678504782827451
P1,C101,Baseline,2650,0.23600701802493684,0.2037847572401056,0.2670997559548686
P1,C101,Baseline,2675,0.23564023813552187,0.20348572905491713,0.266699754969817
P1,C101,Baseline,2700,0.23535641070206975,0.20334106198549604,0.2662384000697537
P1,C101,Baseline,2725,0.23535633968929714,0.20334099097272343,0.2662384000697537
P1,C101,Baseline,2750,0.23535633968929714,0.20334099097272343,0.2662384000697537
P1,C101,Baseline,2775,0.23398627728506372,0.20239215196413937,0.2644804165509508
P1,C101,Baseline,2800,0.2334062667088936,0.20156543331560636,0.2639465750976265
P1,C101,Baseline,2825,0.2333647265096063,0.20151779576375867,0.2639380666514383
P1,C101,Baseline,2850,0.23301382096743803,0.20115557752182767,0.2635400748862552
P1,C101,Baseline,2875,0.23238163528436842,0.20037108074570756,0.2630588876917448
P1,C101,Baseline,2900,0.23165372854101418,0.19917119452383045,0.2625425655147387
P1,C101,Baseline,2925,0.23134143789690573,0.19895874060274024,0.26237314119075744
P1,C101,Baseline,2950,0.2309210442986749,0.19818248020455753,0.2622050758345562
P1,C101,Baseline,2975,0.22781316887929615,0.19562202337079104,0.2589916226513854
P1,C101,Baseline,3000,0.22736103647786082,0.19528363522527778,0.2583811249197364
P1,C101,Baseline,3025,0.2266544827929247,0.19467416114510092,0.25736193851024397
P1,C101,Baseline,3050,0.22665441128518551,0.19467416114510092,0.25736172398702645
P1,C101,Baseline,3075,0.2225576163349989,0.19150570695422547,0.25275309908067717
P1,C101,Baseline,3100,0.22020093770671545,0.18945042928296438,0.25005634091758466
P1,C101,Baseline,3125,0.2201043225817205,0.1893587112587498,0.24993192265943895
P1,C101,Baseline,3150,0.22000562999468856,0.1892595781764842,0.24993123227480685
P1,C101,Baseline,3175,0.219012026064615,0.18821824291900313,0.24906034357008125
P1,C101,Baseline,3200,0.2176038074793575,0.18614447190347438,0.24826900965610554
P1,C101,Baseline,3225,0.21625462420315086,0.1849387190369636,0.24689946789294898
P1,C101,Baseline,3250,0.2146792016266258,0.1831595313443429,0.24527915173138953
P1,C101,Baseline,3275,0.21449328264611184,0.18298848021343372,0.24507258671320045
P1,C101,Baseline,3300,0.21449328264611184,0.18298848021343372,0.24507258671320045
P1,C101,Baseline,3325,0.21449328264611184,0.18298848021343372,0.24507258671320045
P1,C101,Baseline,3350,0.21436299537393289,0.18278169295845267,0.2450508194055658
P1,C101,Baseline,3375,0.21380907148624229,0.18234018981726588,0.2443809263003867
P1,C101,Baseline,3400,0.21380907148624229,0.18234018981726588,0.2443809263003867
P1,C101,Baseline,3425,0.21328299004981746,0.18163670215834732,0.24409131520692245
P1,C101,Baseline,3450,0.21298274754180127,0.18100327665138488,0.24391218975561424
P1,C101,Baseline,3475,0.21206919936517785,0.18008131507292446,0.24289175611748962
P1,C101,Baseline,3500,0.21121846586765206,0.1795915024349781,0.24192598401590573
P1,C101,Baseline,3525,0.21114572957659963,0.17959059056283747,0.24178152875267042
P1,C101,Baseline,3550,0.21114565798576193,0.17959059056283747,0.24178131398015731
P1,C101,Baseline,3575,0.20909471469141155,0.17777823689374994,0.23952360367526634
P1,C101,Baseline,3600,0.20811599164245034,0.17684406234753858,0.23862227452238846
P1,C101,Baseline,3625,0.20808459055428427,0.17684327732033442,0.23856378587995872
P1,C101,Baseline,3650,0.2072274305360279,0.17615532903852693,0.2373196639778224
P1,C101,Baseline,3675,0.2062907050751034,0.17547214137140513,0.23630591059603231
P1,C101,Baseline,3700,0.20447683322164054,0.17359341359118938,0.23446153847046103
P1,C101,Baseline,3725,0.20392916150551124,0.17320448874060732,0.23381377764229802
P1,C101,Baseline,3750,0.20392916150551124,0.17320448874060732,0.23381377764229802
P1,C101,Baseline,3775,0.20257579860087221,0.17228395413831654,0.23233691006159074
P1,C101,Baseline,3800,0.2015757119086481,0.17130320729149465,0.23140253639494654
P1,C101,Baseline,3825,0.2010942232445849,0.17097177395211768,0.23086734673975262
P1,C101,Baseline,3850,0.20105845475944517,0.170936574662613,0.23080927749242264
P1,C101,Baseline,3875,0.2001714702710819,0.17002965666643158,0.23002357272278448
P1,C101,Baseline,3900,0.20017139861015554,0.17002965487490843,0.23002357093126133
P1,C101,Baseline,3925,0.20017139861015554,0.17002965487490843,0.23002357093126133
P1,C101,Baseline,3950,0.20008299513810923,0.16995379062690247,0.22994384044869937
P1,C101,Baseline,3975,0.20008292338204425,0.16995379062690247,0.2299437686926344
P1,C101,Baseline,4000,0.20008292338204425,0.16995379062690247,0.2299437686926344
P1,C101,Baseline,4025,0.1989795792992014,0.16890979290610367,0.2282172970373609
P1,C101,Baseline,4050,0.19891179942179893,0.16879195449911327,0.22819269546428403
P1,C101,Baseline,4075,0.19863143513911685,0.1684324908442474,0.22790599422717103
P1,C101,Baseline,4100,0.19807330411219384,0.16799179165304617,0.22713996654211563
P1,C101,Baseline,4125,0.1977259276649774,0.1675217100009235,0.2269556072707106
P1,C101,Baseline,4150,0.1970923748069909,0.16714536423440818,0.22609473316323608
P1,C101,Baseline,4175,0.19370514906104966,0.1638761013758166,0.2228990300819701
P1,C101,Baseline,4200,0.19355248631336563,0.1638000061092566,0.22264639373734454
P1,C101,Baseline,4225,0.19355248631336563,0.1638000061092566,0.22264639373734454
P1,C101,Baseline,4250,0.19296356791887978,0.16260800967595185,0.22239150916877296
P1,C101,Baseline,4275,0.1920275871751279,0.16190887379544983,0.22138356050466174
P1,C101,Baseline,4300,0.19154574821881856,0.16147422571949308,0.22079650673310916
P1,C101,Baseline,4325,0.1913390759086723,0.16133071194539841,0.22059877856555793
P1,C101,Baseline,4350,0.19077436071015966,0.1606758558942773,0.2203174556325916
P1,C101,Baseline,4375,0.19012177256654417,0.15980325531454387,0.21982658293679855
P1,C101,Baseline,4400,0.188921145198765,0.15902085737997623,0.2181985464351668
P1,C101,Baseline,4425,0.18839464841683048,0.15854034107393036,0.21771569277392908
P1,C101,Baseline,4450,0.18822739049684364,0.1584304000822876,0.21758522495245497
P1,C101,Baseline,4475,0.18809088252700826,0.15834332232042508,0.21752779836905548
P1,C101,Baseline,4500,0.18809088252700826,0.15834332232042508,0.21752779836905548
P1,C101,Baseline,4525,0.1871594266656409,0.15724590903927815,0.21685810310128578
P1,C101,Baseline,4550,0.18702945672353302,0.15703701190738575,0.2167434181886484
P1,C101,Baseline,4575,0.18617467020239706,0.15591807036742064,0.21605523381429048
P1,C101,Baseline,4600,0.18617423535460303,0.15591764639082148,0.21605438586109216
P1,C101,Baseline,4625,0.18615725171504777,0.15591722179983258,0.21604669160634363
P1,C101,Baseline,4650,0.18615725171504777,0.15591722179983258,0.21604669160634363
P1,C101,Baseline,4675,0.18602645774320187,0.15584110726380984,0.21578360648964834
P1,C101,Baseline,4700,0.185689012260968,0.1553236776069496,0.21561690511880272
P1,C101,Baseline,4725,0.18558119162160636,0.15528159698630878,0.21560153622101372
P1,C101,Baseline,4750,0.18546856551298946,0.15502801137372446,0.2155685756746661
P1,C101,Baseline,4775,0.18362620703531388,0.15321472324117308,0.2136071489911581
P1,C101,Baseline,4800,0.18322791856854379,0.15273299099755236,0.21322375953460737
P1,C101,Baseline,4825,0.18256423506379174,0.15233178948249218,0.2122601096588911
P1,C101,Baseline,4850,0.182374570276334,0.1522278558578077,0.21192180675591588
P1,C101,Baseline,4875,0.18101287514205816,0.15105867614168933,0.21026450035307068
P1,C101,Baseline,4900,0.18001590015234603,0.15010129466480868,0.20921487125025298
P1,C101,Baseline,4925,0.17944696531967877,0.1492817082665713,0.20872119271327896
P1,C101,Baseline,4950,0.17929824458016266,0.1491113457661723,0.20845560859792384
P1,C101,Baseline,4975,0.1786682196708229,0.14853203486120375,0.20790365273306308
P1,C101,Baseline,5000,0.1774647338921518,0.14718493896650353,0.20661914738406645
P1,C101,GP mean,1,7.222928573717546,7.125012972498138,7.3281818124790865
P1,C101,GP mean,25,3.820014552286413,3.725860193833254,3.907754002470424
P1,C101,GP mean,50,2.364061843870649,2.2529338988172074,2.4728758135058237
P1,C101,GP mean,75,1.554974059902111,1.4264146436735097,1.6832529516955586
P1,C101,GP mean,100,1.0442790062109255,0.9434281612179006,1.1492566657750662
P1,C101,GP mean,125,0.7924814318232833,0.7242575097108526,0.8621441370038051
P1,C101,GP mean,150,0.6915405203292782,0.6439361930734222,0.7382390414057949
P1,C101,GP mean,175,0.6630032715367461,0.6189267922064935,0.7063064256995469
P1,C101,GP mean,200,0.6533127468233895,0.6096186810192886,0.6957430840596628
P1,C101,GP mean,225,0.6489215869506872,0.6056104694590259,0.6908554615167056
P1,C101,GP mean,250,0.6467957893058526,0.6038117270685647,0.6885402447240229
P1,C101,GP mean,275,0.6457991516585376,0.6028254116497086,0.6877881488969294
P1,C101,GP mean,300,0.644445470014388,0.600903912892431,0.6867200975888668
P1,C101,GP mean,325,0.6436562460958468,0.5998497280385832,0.6861062740366672
P1,C101,GP mean,350,0.6435000240618426,0.5996947567354618,0.6859444739825158
P1,C101,GP mean,375,0.6431412850644036,0.5992715179438032,0.6855628415140738
P1,C101,GP mean,400,0.642360723363722,0.5984258152027823,0.6845598689788988
P1,C101,GP mean,425,0.642150264116799,0.5980664001666489,0.684464175975569
P1,C101,GP mean,450,0.6421318550077856,0.5980664001666489,0.6844395097870993
P1,C101,GP mean,475,0.629726439830417,0.585831184596388,0.6721317273099833
P1,C101,GP mean,500,0.595999101447557,0.5505732619776327,0.6396438058684372
P1,C101,GP mean,525,0.5722551382121602,0.5275115529318106,0.616296485308675
P1,C101,GP mean,550,0.5582432752915202,0.5145774311011465,0.6011736414590755
P1,C101,GP mean,575,0.5536612820720077,0.5101209639390413,0.5964720386957529
P1,C101,GP mean,600,0.5488492850021032,0.5048328246731423,0.5920214225831195
P1,C101,GP mean,625,0.5390961362561854,0.49662771271267914,0.5809145695468618
P1,C101,GP mean,650,0.5326543686987328,0.4909092076149781,0.5737375131921687
P1,C101,GP mean,675,0.5047857991771709,0.46256387056484777,0.5463093553823898
P1,C101,GP mean,700,0.4955294252778691,0.45326216737176817,0.5374309133414948
P1,C101,GP mean,725,0.4927966224831093,0.45050191303977727,0.5344736813297557
P1,C101,GP mean,750,0.4895709782507093,0.44694143977333817,0.531409027979543
P1,C101,GP mean,775,0.48158480158152545,0.43935962672393875,0.5226223395423204
P1,C101,GP mean,800,0.4783192447697331,0.43571251562374347,0.5197214018451303
P1,C101,GP mean,825,0.4765195863303095,0.4339063351510911,0.5177325756262372
P1,C101,GP mean,850,0.47513757910626253,0.43240554521335967,0.5164250470961506
P1,C101,GP mean,875,0.47274535868552164,0.43006059479561753,0.5136872792004653
P1,C101,GP mean,900,0.46718420065803024,0.4251769644693641,0.5079811274974055
P1,C101,GP mean,925,0.4587139057676417,0.4176367248386239,0.4984374587084646
P1,C101,GP mean,950,0.4553895858354311,0.4147812375443021,0.49435060241166257
P1,C101,GP mean,975,0.4548836331438646,0.4143591890185161,0.49370474517528135
P1,C101,GP mean,1000,0.45399699522303194,0.4135833336067225,0.4926510574213623
P1,C101,GP mean,1025,0.4529840944710859,0.41275521109585256,0.4915583309590011
P1,C101,GP mean,1050,0.4511812544241426,0.410992219220958,0.48972054462134484
P1,C101,GP mean,1075,0.4345354781059929,0.3943045815349975,0.47371268066247013
P1,C101,GP mean,1100,0.42902640873256015,0.3886127297293037,0.4680778439299246
P1,C101,GP mean,1125,0.4242225301579212,0.3835167859695825,0.4636040941021699
P1,C101,GP mean,1150,0.41944458163323806,0.3783058166669328,0.4588169655596874
P1,C101,GP mean,1175,0.41394058566985703,0.3733212983223456,0.45216913541459175
P1,C101,GP mean,1200,0.4118139989200117,0.3715548380449799,0.4498620403712871
P1,C101,GP mean,1225,0.41079626323772234,0.370503318687769,0.448882531974731
P1,C101,GP mean,1250,0.4079291424351187,0.36790060262012736,0.4456511305075938
P1,C101,GP mean,1275,0.3989376940914592,0.3585499319574775,0.43666583048539265
P1,C101,GP mean,1300,0.39699010593663686,0.35699834184477136,0.434402653995146
P1,C101,GP mean,1325,0.39467277882669666,0.3550056637788951,0.4319944861837534
P1,C101,GP mean,1350,0.39242498593894165,0.3530070858687123,0.42971477652511414
P1,C101,GP mean,1375,0.3900680778370535,0.3503278625452203,0.4273274377126781
P1,C101,GP mean,1400,0.38812453558253446,0.34848409881414416,0.42536176429594336
P1,C101,GP mean,1425,0.38753781975186624,0.3479183836314883,0.4246946602161464
P1,C101,GP mean,1450,0.3859431067095029,0.34676123607104126,0.42279604063955334
P1,C101,GP mean,1475,0.3817623291541005,0.34297186597141427,0.4184101059629189
P1,C101,GP mean,1500,0.3785080418981963,0.3394988557264675,0.4154035401433804
P1,C101,GP mean,1525,0.37474472214933086,0.3351071896983658,0.4122820152603955
P1,C101,GP mean,1550,0.37228607675524034,0.3328717016493052,0.4097681661893691
P1,C101,GP mean,1575,0.3699221287800326,0.33069373784985195,0.4073612799883293
P1,C101,GP mean,1600,0.36852229027808,0.32930433493613176,0.4059279830790775
P1,C101,GP mean,1625,0.36825540716345345,0.32901251709414536,0.405798549458317
P1,C101,GP mean,1650,0.36746837622625145,0.3280886024570374,0.40534670485847146
P1,C101,GP mean,1675,0.3620627701567043,0.3222482987372763,0.40014287633762763
P1,C101,GP mean,1700,0.3590149385538595,0.3193248500508627,0.3970553042051011
P1,C101,GP mean,1725,0.3566966706125122,0.31710332219120557,0.39468145474906385
P1,C101,GP mean,1750,0.35444472838007723,0.3145223880329672,0.3926542039980244
P1,C101,GP mean,1775,0.35109269709656765,0.31211463387057103,0.388219231631165
P1,C101,GP mean,1800,0.3491558378724884,0.3104150682788182,0.38618481097765267
P1,C101,GP mean,1825,0.34822738009002874,0.3095074339234036,0.3852067271955342
P1,C101,GP mean,1850,0.3473219352897583,0.30847177142609167,0.3842394277153609
P1,C101,GP mean,1875,0.33992337859385213,0.3011044413212505,0.37710498792209834
P1,C101,GP mean,1900,0.3380075738264072,0.29919204228569923,0.375002438536176
P1,C101,GP mean,1925,0.33685160586083396,0.2977744005745774,0.37405665451970266
P1,C101,GP mean,1950,0.3361971147863939,0.2972484962899366,0.37338132166284976
P1,C101,GP mean,1975,0.3342354958814704,0.2954248775717975,0.37120318651154893
P1,C101,GP mean,2000,0.33334078676757317,0.2944189654992412,0.37036737899428857
P1,C101,GP mean,2025,0.33299985327626125,0.2938638959300235,0.3700992583403348
P1,C101,GP mean,2050,0.33226485939889766,0.29303769101301363,0.3694985786114037
P1,C101,GP mean,2075,0.3257669920329954,0.28637388647091716,0.36341984045031134
P1,C101,GP mean,2100,0.3226360787793592,0.2836181573248992,0.35988291185269783
P1,C101,GP mean,2125,0.32145926844884165,0.28228822166868683,0.35873138362930856
P1,C101,GP mean,2150,0.319992391957302,0.28070763196035514,0.35748350354400565
P1,C101,GP mean,2175,0.31846784510407317,0.2793451873000457,0.35589168744331534
P1,C101,GP mean,2200,0.31792295365315715,0.27873237775888293,0.3555414834561698
P1,C101,GP mean,2225,0.3169633716592051,0.27791519569530554,0.35441582639886277
P1,C101,GP mean,2250,0.31625599398957993,0.2774336740501922,0.35351813021695044
P1,C101,GP mean,2275,0.3104123532830211,0.2713477513729753,0.34764960075800916
P1,C101,GP mean,2300,0.30715379563480877,0.26811666348176216,0.34435913402948326
P1,C101,GP mean,2325,0.30617751240246277,0.2674136990219416,0.3433666058173398
P1,C101,GP mean,2350,0.30454774346319313,0.26552907869344616,0.3417168334551352
P1,C101,GP mean,2375,0.30028582007426496,0.2616706271258176,0.3372412740937813
P1,C101,GP mean,2400,0.2996732761535088,0.2610371054949099,0.33671060222731913
P1,C101,GP mean,2425,0.29928129915703816,0.26039543737684556,0.3365021165343525
P1,C101,GP mean,2450,0.2990697878955999,0.26021782485130035,0.33634983840793736
P1,C101,GP mean,2475,0.2950436534187772,0.2558317109203471,0.3325382533112073
P1,C101,GP mean,2500,0.29360645892910486,0.2543758874435793,0.3310638858101295
P1,C101,GP mean,2525,0.29269680144111077,0.25351010326018963,0.3303557757021752
P1,C101,GP mean,2550,0.2918597611115064,0.2527165943082505,0.32946960092642164
P1,C101,GP mean,2575,0.28869672161365373,0.2500078089657967,0.3258772383620091
P1,C101,GP mean,2600,0.28735164271925673,0.24912345883164613,0.3243292036649553
P1,C101,GP mean,2625,0.2864901681580939,0.2479227595053801,0.32353852131110084
P1,C101,GP mean,2650,0.2858251595059239,0.247284753744358,0.32294624438680697
P1,C101,GP mean,2675,0.2842984465382909,0.24556066285902348,0.32138722273167647
P1,C101,GP mean,2700,0.28324960819010836,0.24454653318162473,0.3205359075922745
P1,C101,GP mean,2725,0.28214303973761334,0.24296022508117285,0.31977353971079736
P1,C101,GP mean,2750,0.2803229359595738,0.24119203977026554,0.31791647425754105
P1,C101,GP mean,2775,0.2789671351567732,0.2397067515362426,0.3166938610218406
P1,C101,GP mean,2800,0.27835957456321314,0.2389518813997467,0.31634521199564236
P1,C101,GP mean,2825,0.27765244382712595,0.23825930605327314,0.3155340659420566
P1,C101,GP mean,2850,0.27703389854684835,0.23770827407748094,0.3150576525293816
P1,C101,GP mean,2875,0.2746132060612971,0.23495242717552417,0.3128637280318415
P1,C101,GP mean,2900,0.2736314488794555,0.23372216397939924,0.3121154089384992
P1,C101,GP mean,2925,0.27258844834758916,0.23276697743570687,0.3110052082758588
P1,C101,GP mean,2950,0.27212727727265135,0.23222090633303985,0.310632578436235
P1,C101,GP mean,2975,0.26933285256912814,0.2301726920446532,0.30728224549405625
P1,C101,GP mean,3000,0.268569492720308,0.22932754255928525,0.30654241342186583
P1,C101,GP mean,3025,0.2679183929954751,0.2287089165292224,0.30585093308926165
P1,C101,GP mean,3050,0.26757318565215643,0.22838905488315175,0.3054316409769347
P1,C101,GP mean,3075,0.26490449389877335,0.22599545379381938,0.3027781941371626
P1,C101,GP mean,3100,0.26418802876170294,0.22544263342708787,0.30190685445017246
P1,C101,GP mean,3125,0.26381401869658416,0.22505946125428408,0.30150738469737776
P1,C101,GP mean,3150,0.2628210154360799,0.22402936508336002,0.3006278042428565
P1,C101,GP mean,3175,0.26092795465256025,0.22263307032086174,0.2980806543739988
P1,C101,GP mean,3200,0.26049157073702756,0.22226843664498172,0.2976586130722359
P1,C101,GP mean,3225,0.2600163229239158,0.22162742619465442,0.2971179068737937
P1,C101,GP mean,3250,0.2597645863111686,0.22128000857953245,0.29687293542143695
P1,C101,GP mean,3275,0.2583270105097387,0.2199179925887447,0.29550695658838777
P1,C101,GP mean,3300,0.25729375991550635,0.21874119604529665,0.2946593328261384
P1,C101,GP mean,3325,0.25716171199439164,0.2186394366202449,0.2945489583405265
P1,C101,GP mean,3350,0.25656122703415085,0.21809088140177849,0.2937607207744244
P1,C101,GP mean,3375,0.25438033295808127,0.21615963295173518,0.29155352950222685
P1,C101,GP mean,3400,0.25292297406395886,0.21482739966688802,0.2897744785856715
P1,C101,GP mean,3425,0.2525423316833326,0.21427880074998873,0.2894106007126046
P1,C101,GP mean,3450,0.2523654516026872,0.21421599317910056,0.28922272222676904
P1,C101,GP mean,3475,0.24967553046069182,0.21098396380815435,0.28691419520053824
P1,C101,GP mean,3500,0.24927974531633434,0.21064074320123305,0.2866341304097907
P1,C101,GP mean,3525,0.24903554188119245,0.21042485288247467,0.2864322258886026
P1,C101,GP mean,3550,0.2485986684347534,0.21001514464492127,0.28587544688769057
P1,C101,GP mean,3575,0.2464807686709984,0.20802837579019393,0.28383399032885537
P1,C101,GP mean,3600,0.24616519897412342,0.20767393496380807,0.2836076879676119
P1,C101,GP mean,3625,0.2455740196479819,0.2072470815529767,0.28277359951477443
P1,C101,GP mean,3650,0.245367128567068,0.20699420341156338,0.28255709654850286
P1,C101,GP mean,3675,0.24352415403554747,0.2050940137539085,0.28065890539386373
P1,C101,GP mean,3700,0.24314327584949114,0.2047134045150746,0.2803166442349164
P1,C101,GP mean,3725,0.24272209209984807,0.20441677867298927,0.27984777179784304
P1,C101,GP mean,3750,0.2423084264989152,0.20392237623894077,0.2795503807422485
P1,C101,GP mean,3775,0.24066330995254304,0.20231091952680308,0.27798002040467507
P1,C101,GP mean,3800,0.23998688211230432,0.20176461850715424,0.27723500113272626
P1,C101,GP mean,3825,0.23969948669987984,0.2016364856315982,0.27690225241037214
P1,C101,GP mean,3850,0.23901744842792477,0.20098412099286175,0.2762101098036446
P1,C101,GP mean,3875,0.23787973996402678,0.19953954235119026,0.2752521106315938
P1,C101,GP mean,3900,0.2370271030011829,0.19883245497291277,0.27417169258459984
P1,C101,GP mean,3925,0.23647101871361312,0.1983511425624798,0.2735292635231482
P1,C101,GP mean,3950,0.2361310373764254,0.19794956436610908,0.27321281939973246
P1,C101,GP mean,3975,0.23451824398207916,0.19673549807004864,0.2714892870234147
P1,C101,GP mean,4000,0.2342366963465474,0.19636852742568955,0.27116002157678537
P1,C101,GP mean,4025,0.23411309110528777,0.19625853169697066,0.27103734015272635
P1,C101,GP mean,4050,0.2337534438002391,0.19585033782498562,0.2706456364909351
P1,C101,GP mean,4075,0.23160248554089283,0.1939690219370592,0.26820067227714206
P1,C101,GP mean,4100,0.2310883947725141,0.19349633625149018,0.2677060975359776
P1,C101,GP mean,4125,0.23015193574194281,0.19271898487440933,0.2666114631828506
P1,C101,GP mean,4150,0.22948525690074942,0.192374045202609,0.2657520955736003
P1,C101,GP mean,4175,0.22818280671807997,0.19121101047330039,0.26421120381175356
P1,C101,GP mean,4200,0.22799236453219568,0.19109887106853515,0.2638505171836116
P1,C101,GP mean,4225,0.22709709751593368,0.19040970428177748,0.26287091712392735
P1,C101,GP mean,4250,0.22699924857905043,0.19019841965860876,0.262760500574062
P1,C101,GP mean,4275,0.2256029899118781,0.1892080482563399,0.261167746041229
P1,C101,GP mean,4300,0.2248730255606247,0.18841283912064402,0.2605517121688386
P1,C101,GP mean,4325,0.22469470945400005,0.1881886250709445,0.2604273566135743
P1,C101,GP mean,4350,0.2238947918859751,0.18741132857839987,0.25971710268697745
P1,C101,GP mean,4375,0.22288126511139747,0.18646181423040553,0.2583878734378994
P1,C101,GP mean,4400,0.22245936924134663,0.1859784301516304,0.2579130279342151
P1,C101,GP mean,4425,0.22241704112701804,0.18593562572735545,0.25790548987484974
P1,C101,GP mean,4450,0.22226447116388082,0.18583839419941048,0.2577542099027366
P1,C101,GP mean,4475,0.22065233649143987,0.18448941578219283,0.25610591326618004
P1,C101,GP mean,4500,0.22055130546537727,0.18441078113978204,0.25601270023711287
P1,C101,GP mean,4525,0.22000572338141539,0.18396463515477707,0.25530085079932663
P1,C101,GP mean,4550,0.21946876928478798,0.18345115889686642,0.2548432779943962
P1,C101,GP mean,4575,0.21891583862674133,0.1830775387738804,0.2540962694818599
P1,C101,GP mean,4600,0.21878707658181273,0.1829892731407166,0.25394496208979767
P1,C101,GP mean,4625,0.21867738465321662,0.18288812708505192,0.25382764631421906
P1,C101,GP mean,4650,0.2181345904550688,0.18237667914611513,0.25334432926980827
P1,C101,GP mean,4675,0.21686937976062792,0.1812194363881831,0.25207714754028965
P1,C101,GP mean,4700,0.21634823570778405,0.18072079873003266,0.25131798678348877
P1,C101,GP mean,4725,0.21620446340482488,0.18054167760488074,0.2512020079783138
P1,C101,GP mean,4750,0.21580278134338876,0.1802587556856153,0.2507644807471546
P1,C101,GP mean,4775,0.21484594152931044,0.1794274011012237,0.24971175102508872
P1,C101,GP mean,4800,0.21399787356596442,0.17866086410656065,0.2488718810045943
P1,C101,GP mean,4825,0.21374377043307785,0.17834230795680192,0.24869032855018502
P1,C101,GP mean,4850,0.2134457358287563,0.17804712648401252,0.24835298630515087
P1,C101,GP mean,4875,0.2128096204304635,0.17740911551208968,0.2476545108013226
P1,C101,GP mean,4900,0.21253154453757603,0.17720925802477563,0.24744049406279964
P1,C101,GP mean,4925,0.21235950478591128,0.177043044992203,0.24727864952748302
P1,C101,GP mean,4950,0.2117335709054785,0.17616074337253612,0.24675419043845934
P1,C101,GP mean,4975,0.21023364442557563,0.17507394341657193,0.24498028934839766
P1,C101,GP mean,5000,0.20998925606580202,0.17482582808180303,0.24461518758156606
P1,C100,Baseline,1,7.291063872152322,7.171873445273799,7.416875027696594
P1,C100,Baseline,25,4.381219251213907,4.284430133997253,4.4791819179112
P1,C100,Baseline,50,3.3561451300998884,3.2666262477006307,3.443815146504951
P1,C100,Baseline,75,2.9049028658178884,2.798754472200396,3.008928935334973
P1,C100,Baseline,100,2.5848031697719844,2.4557078697684664,2.709793719328804
P1,C100,Baseline,125,2.319993524174795,2.1701955663242445,2.4674361244904013
P1,C100,Baseline,150,2.1168342858800466,1.9567489245878138,2.2712835987613937
P1,C100,Baseline,175,1.9256921673097032,1.7413638119858594,2.1056658427540698
P1,C100,Baseline,200,1.775342359112297,1.5716594044170182,1.9767027570235178
P1,C100,Baseline,225,1.6476892395513483,1.4286476563733923,1.8649349001453654
P1,C100,Baseline,250,1.5388346127939196,1.3099009776915522,1.7628801449827858
P1,C100,Baseline,275,1.4522101082162675,1.2272425378057779,1.677267386084305
P1,C100,Baseline,300,1.3551674243890413,1.129120648386917,1.5810412915775471
P1,C100,Baseline,325,1.256608891390751,1.0353587940402527,1.4825874808854342
P1,C100,Baseline,350,1.191275626064873,0.9706583074232213,1.4196445482889861
P1,C100,Baseline,375,1.138335773143149,0.9198339794394473,1.3662641046773094
P1,C100,Baseline,400,1.100270855529959,0.8853463398109959,1.3265203917050923
P1,C100,Baseline,425,1.0575453856646184,0.8425070082471959,1.287677227067709
P1,C100,Baseline,450,1.0235336497010619,0.8068491859075608,1.252922022145991
P1,C100,Baseline,475,0.9900725672637319,0.7774062802172363,1.2187440569240218
P1,C100,Baseline,500,0.9679177660261551,0.7554382728829442,1.196086373102129
P1,C100,Baseline,525,0.943518333344211,0.7336722593864673,1.170066943042202
P1,C100,Baseline,550,0.9162305624294644,0.7105729656551221,1.1404384456765209
P1,C100,Baseline,575,0.9000881343980563,0.6968282193863595,1.122048695681765
P1,C100,Baseline,600,0.8914514733533394,0.6898774425703044,1.1123489795204848
P1,C100,Baseline,625,0.8754798995673742,0.6759965651784752,1.094514228532525
P1,C100,Baseline,650,0.8661508856579311,0.6668054253543587,1.0849109412320466
P1,C100,Baseline,675,0.8482028780429598,0.6505891495694439,1.0644856175618354
P1,C100,Baseline,700,0.840061219615299,0.6423669913915361,1.055096998524711
P1,C100,Baseline,725,0.8272005258664497,0.6299752216431845,1.04327310729953
P1,C100,Baseline,750,0.8132111074690801,0.6167693615095874,1.028476462920203
P1,C100,Baseline,775,0.7979337797464777,0.6059262422586301,1.0112121162745153
P1,C100,Baseline,800,0.7851801855569688,0.594642603630469,0.9980073372994462
P1,C100,Baseline,825,0.7740595756444524,0.5839925468647391,0.9881432777971941
P1,C100,Baseline,850,0.7693088530710734,0.5792749991217081,0.9835984622888788
P1,C100,Baseline,875,0.7646211179994926,0.5747758159369354,0.9775156612018154
P1,C100,Baseline,900,0.7476486510721722,0.5611831719352504,0.9581645925781338
P1,C100,Baseline,925,0.7374485096978843,0.552028530699995,0.9468442775435528
P1,C100,Baseline,950,0.7320562077521825,0.5469998057488474,0.9409589919326765
P1,C100,Baseline,975,0.7276201979666458,0.5433698892788705,0.9365385688744359
P1,C100,Baseline,1000,0.7236303232402651,0.5398134792445861,0.9331843654362495
P1,C100,Baseline,1025,0.7113378181315256,0.5310936594003965,0.9158612094705032
P1,C100,Baseline,1050,0.6941185145717078,0.5179471437692837,0.8961804276314456
P1,C100,Baseline,1075,0.6832134141489231,0.5104023831195821,0.8854644939446121
P1,C100,Baseline,1100,0.6770309212016917,0.5048220539246548,0.8794037366635459
P1,C100,Baseline,1125,0.6702854525337083,0.49803861516046044,0.8716134205826573
P1,C100,Baseline,1150,0.6678334814098006,0.49603594877730567,0.868373918985215
P1,C100,Baseline,1175,0.666849272307124,0.49473511825614264,0.8672104861395555
P1,C100,Baseline,1200,0.6634771612166681,0.49219236893144735,0.8644466881117175
P1,C100,Baseline,1225,0.6608894148534756,0.4889060487587202,0.8616661239523576
P1,C100,Baseline,1250,0.6567192969252653,0.48492877415856805,0.8561833591346063
P1,C100,Baseline,1275,0.6530105560799733,0.48243060990514786,0.8516075084688777
P1,C100,Baseline,1300,0.6514834951256425,0.4810460868504663,0.849703615738171
P1,C100,Baseline,1325,0.6486580995775029,0.4783559250058376,0.8456503158297436
P1,C100,Baseline,1350,0.6447371022161852,0.4756892986766799,0.8407266754158722
P1,C100,Baseline,1375,0.6379146570707908,0.4727727227911315,0.8305631329887294
P1,C100,Baseline,1400,0.630445278467261,0.46635870981260164,0.8203849252057476
P1,C100,Baseline,1425,0.6252094863828722,0.4620471922235374,0.8149963916928477
P1,C100,Baseline,1450,0.6178672539772306,0.4565265784065322,0.8058097162887466
P1,C100,Baseline,1475,0.6124876021726643,0.45309598968582193,0.800387370904012
P1,C100,Baseline,1500,0.6101357737498275,0.4520980211972885,0.7959127070476341
P1,C100,Baseline,1525,0.6066847575895172,0.450454058117665,0.7902569032203762
P1,C100,Baseline,1550,0.6041082580132829,0.44893353160140387,0.7864282337880784
P1,C100,Baseline,1575,0.6027892893321899,0.44744516290792624,0.7853538707773307
P1,C100,Baseline,1600,0.597094215445828,0.4425873750727277,0.7810361842498089
P1,C100,Baseline,1625,0.5922299094278468,0.4381983918333238,0.7766379921031348
P1,C100,Baseline,1650,0.5875591007506196,0.43321542160038135,0.7720891938398511
P1,C100,Baseline,1675,0.5804016313859498,0.4267412893538513,0.7638175713740674
P1,C100,Baseline,1700,0.5778634290418222,0.4254102957293667,0.7606444987447221
P1,C100,Baseline,1725,0.566954967850425,0.4185793973049671,0.7454300162793353
P1,C100,Baseline,1750,0.56308599020157,0.41506823003147525,0.7420606901639899
P1,C100,Baseline,1775,0.5599945213262286,0.4120361673659368,0.7381034114572199
P1,C100,Baseline,1800,0.558140061644102,0.4112422410073672,0.7348438075785252
P1,C100,Baseline,1825,0.5568346310034483,0.40962737716920666,0.7335138539121743
P1,C100,Baseline,1850,0.5566394770225921,0.40936240464248175,0.7332975877548629
P1,C100,Baseline,1875,0.551969588213659,0.4064220860110405,0.7274928575962584
P1,C100,Baseline,1900,0.5490299958376563,0.4050436077886172,0.7241330439573941
P1,C100,Baseline,1925,0.5425539747436433,0.4003709703984224,0.7159941613589001
P1,C100,Baseline,1950,0.536342359223747,0.3965846459714237,0.7088488677786532
P1,C100,Baseline,1975,0.5312366999554652,0.3932289908484912,0.702801897950172
P1,C100,Baseline,2000,0.5302462797456265,0.39234037806532474,0.7016150010292801
P1,C100,Baseline,2025,0.5280171339189089,0.38961061434281785,0.6994723543665886
P1,C100,Baseline,2050,0.5270577750417614,0.38864107123059594,0.6987585055660779
P1,C100,Baseline,2075,0.523309732466342,0.38599665377113335,0.6942720936451119
P1,C100,Baseline,2100,0.5219855465552423,0.3854074054667145,0.692379322013899
P1,C100,Baseline,2125,0.5207661081019506,0.3839969136041546,0.6907947557759423
P1,C100,Baseline,2150,0.518264464967257,0.382402694456848,0.688222647041588
P1,C100,Baseline,2175,0.5168432091914692,0.38024280143152595,0.6871975646219243
P1,C100,Baseline,2200,0.5135382176915073,0.3759716496570084,0.6843950350446195
P1,C100,Baseline,2225,0.5120421373583036,0.3740430078534232,0.683363344808267
P1,C100,Baseline,2250,0.5112256002630166,0.3728487669797587,0.6825488767914439
P1,C100,Baseline,2275,0.5102696852883002,0.37209762948495595,0.6820118614185098
P1,C100,Baseline,2300,0.5098145945554703,0.37173218744532854,0.6816095594180708
P1,C100,Baseline,2325,0.5084322426132406,0.37145440069512253,0.6788338146527033
P1,C100,Baseline,2350,0.504799763834478,0.36948212368273825,0.673190200276161
P1,C100,Baseline,2375,0.5046441712567596,0.36947937947818743,0.673190200276161
P1,C100,Baseline,2400,0.5043467401413423,0.3692841572109343,0.6730294911597349
P1,C100,Baseline,2425,0.5036016035351589,0.3684681832168706,0.6725209507894968
P1,C100,Baseline,2450,0.5028158934839413,0.36740419630017396,0.6720044615422216
P1,C100,Baseline,2475,0.5020620495182362,0.3664941260273596,0.6715024644824364
P1,C100,Baseline,2500,0.4985668060516755,0.3633466966017837,0.6680216297473366
P1,C100,Baseline,2525,0.49642964552340846,0.36166579300527446,0.6655555521351632
P1,C100,Baseline,2550,0.49339260533585544,0.3607853320635246,0.6585429989805094
P1,C100,Baseline,2575,0.4921031866490117,0.35960523462365507,0.6570778680052596
P1,C100,Baseline,2600,0.4920060849849018,0.3594700802542933,0.6567865630129298
P1,C100,Baseline,2625,0.49193206781284265,0.35939606308223415,0.6567847125836284
P1,C100,Baseline,2650,0.491880017697311,0.3593317545417097,0.6567221785723234
P1,C100,Baseline,2675,0.4890839477943611,0.3578357198275625,0.6531172038189788
P1,C100,Baseline,2700,0.4859113930739795,0.3551416372654804,0.6492496006412583
P1,C100,Baseline,2725,0.4842218391710888,0.35410079800032074,0.6476047077113526
P1,C100,Baseline,2750,0.4842218391710888,0.35410079800032074,0.6476047077113526
P1,C100,Baseline,2775,0.48407315457966066,0.35388000372080575,0.6476037795456252
P1,C100,Baseline,2800,0.48407315457966066,0.35388000372080575,0.6476037795456252
P1,C100,Baseline,2825,0.4823673378877829,0.3526029523149628,0.6465023200515886
P1,C100,Baseline,2850,0.48104619704878687,0.35148631351469034,0.6450071859133398
P1,C100,Baseline,2875,0.47843524292606626,0.35106857651941203,0.6385147971031523
P1,C100,Baseline,2900,0.4780897096542806,0.35069450965511295,0.6380775423797139
P1,C100,Baseline,2925,0.4775953457709701,0.3502451518207192,0.6373787042744434
P1,C100,Baseline,2950,0.4766696430920779,0.3493466421687459,0.636615180483701
P1,C100,Baseline,2975,0.47597924387939733,0.34873104779743413,0.6357643205251977
P1,C100,Baseline,3000,0.4755298845745191,0.3484442930182649,0.6353127032209145
P1,C100,Baseline,3025,0.4750643808598743,0.34769511739706627,0.6348702135749166
P1,C100,Baseline,3050,0.47418027551677283,0.3468024113495989,0.6342692662101461
P1,C100,Baseline,3075,0.47382574188409626,0.3464190499102313,0.6338939217465716
P1,C100,Baseline,3100,0.47344716033137096,0.3460012330078677,0.6333980858827897
P1,C100,Baseline,3125,0.472498191004683,0.3453562333321847,0.6322029763086514
P1,C100,Baseline,3150,0.47054020401905444,0.3434809119025912,0.6304582626077306
P1,C100,Baseline,3175,0.4695640829538353,0.3422426210703087,0.629978855993104
P1,C100,Baseline,3200,0.468571039674115,0.3418999207496175,0.6284004595145418
P1,C100,Baseline,3225,0.463055469311663,0.33899948732321117,0.6204125014198146
P1,C100,Baseline,3250,0.461582101678851,0.33746798469940104,0.6190639213919108
P1,C100,Baseline,3275,0.4597872943768096,0.33571758086845194,0.6167322005054384
P1,C100,Baseline,3300,0.45872289170126085,0.33462596211315504,0.6160161892247988
P1,C100,Baseline,3325,0.4537750539826442,0.33243824623946316,0.607399493048755
P1,C100,Baseline,3350,0.4531786432971244,0.33220096397908466,0.6067841582994149
P1,C100,Baseline,3375,0.4531786432971244,0.33220096397908466,0.6067841582994149
P1,C100,Baseline,3400,0.4524008794691941,0.33220096397908466,0.6042365343099034
P1,C100,Baseline,3425,0.4524008794691941,0.33220096397908466,0.6042365343099034
P1,C100,Baseline,3450,0.4524008794691941,0.33220096397908466,0.6042365343099034
P1,C100,Baseline,3475,0.4522809954919386,0.33198678573672435,0.6042354880884924
P1,C100,Baseline,3500,0.4512754277805699,0.33094299623835494,0.6031875229403931
P1,C100,Baseline,3525,0.45030077752613346,0.32991194496005366,0.6025550596749873
P1,C100,Baseline,3550,0.4485659587021546,0.32927120786669345,0.6004032866576489
P1,C100,Baseline,3575,0.4484405963582286,0.32907077145585784,0.6002573442443475
P1,C100,Baseline,3600,0.44781448436505533,0.32836632611196387,0.5998585043379884
P1,C100,Baseline,3625,0.4448866714248997,0.32688676190666854,0.5935561548856197
P1,C100,Baseline,3650,0.4446831338763002,0.3267154419495571,0.5933548853666212
P1,C100,Baseline,3675,0.4416554307818732,0.32369392128707575,0.5897374945175502
P1,C100,Baseline,3700,0.4416383754813914,0.32365981068611227,0.5897208655995806
P1,C100,Baseline,3725,0.44129159926797257,0.32336951689567045,0.5895016576135329
P1,C100,Baseline,3750,0.44067273646996485,0.3230161813280318,0.5890232734601087
P1,C100,Baseline,3775,0.4402476380887105,0.3227600336764482,0.5885600438446094
P1,C100,Baseline,3800,0.4402476380887105,0.3227600336764482,0.5885600438446094
P1,C100,Baseline,3825,0.4384993733217184,0.3226916851979066,0.5835656077670068
P1,C100,Baseline,3850,0.4368306142747159,0.322691232501339,0.5784333462894027
P1,C100,Baseline,3875,0.4361257483523089,0.321932772527523,0.5781595950074561
P1,C100,Baseline,3900,0.43394444300795,0.3214580455594754,0.573043689530533
P1,C100,Baseline,3925,0.43313065563345465,0.32145797196176923,0.5711029351285393
P1,C100,Baseline,3950,0.4307015290002396,0.32060134825894865,0.5661055437592195
P1,C100,Baseline,3975,0.429971934121982,0.3196069121475984,0.5654875895603473
P1,C100,Baseline,4000,0.4297263794988243,0.3194493960177795,0.5650688905847001
P1,C100,Baseline,4025,0.4285878405799367,0.3189315010409924,0.5628537267913809
P1,C100,Baseline,4050,0.42749878459113444,0.317903389702659,0.5618599737101785
P1,C100,Baseline,4075,0.427268083550727,0.3176766348402824,0.5615906907052864
P1,C100,Baseline,4100,0.4262798562873591,0.31715951599236747,0.5600323515249621
P1,C100,Baseline,4125,0.4220675957732595,0.3156298627324679,0.5513582724497633
P1,C100,Baseline,4150,0.4209155973838329,0.3146807882183094,0.5498115857376445
P1,C100,Baseline,4175,0.4177648880669008,0.31153560088391297,0.5473528820209439
P1,C100,Baseline,4200,0.41638047062989914,0.31000989832955894,0.545834502334239
P1,C100,Baseline,4225,0.41563925602475027,0.3093124338373231,0.5454262404378716
P1,C100,Baseline,4250,0.4148185840751714,0.3085885845759874,0.544345637624451
P1,C100,Baseline,4275,0.4105287098326061,0.30545993341248423,0.5386164914151005
P1,C100,Baseline,4300,0.40644504470831605,0.30321653156800604,0.5335524102528005
P1,C100,Baseline,4325,0.40434261384399034,0.30205079786993083,0.5309917861545603
P1,C100,Baseline,4350,0.40434261384399034,0.30205079786993083,0.5309917861545603
P1,C100,Baseline,4375,0.40256217139798073,0.2995279497256897,0.529399350132492
P1,C100,Baseline,4400,0.401298228675053,0.2981671264806114,0.528138844588238
P1,C100,Baseline,4425,0.39899708105118314,0.2965425362678224,0.5243710263392851
P1,C100,Baseline,4450,0.3956293029516973,0.2942216958477372,0.520464135592787
P1,C100,Baseline,4475,0.3943031307879139,0.29351235424061556,0.5181786018170119
P1,C100,Baseline,4500,0.39348238491675747,0.29351235424061556,0.5158395356102795
P1,C100,Baseline,4525,0.3931089244571344,0.29323808684884056,0.5153009450731236
P1,C100,Baseline,4550,0.39137709076290017,0.29323263259315263,0.5109046786362778
P1,C100,Baseline,4575,0.3910314741584937,0.2926872971725397,0.5106674355539915
P1,C100,Baseline,4600,0.3909249462572981,0.29248678131484557,0.5103557845737208
P1,C100,Baseline,4625,0.3883954269745047,0.2915458228106058,0.506145833443331
P1,C100,Baseline,4650,0.3883954269745047,0.2915458228106058,0.506145833443331
P1,C100,Baseline,4675,0.3877298812022021,0.29117198793959387,0.5057350084568565
P1,C100,Baseline,4700,0.3877298812022021,0.29117198793959387,0.5057350084568565
P1,C100,Baseline,4725,0.3877298812022021,0.29117198793959387,0.5057350084568565
P1,C100,Baseline,4750,0.3872437213683795,0.29050148591939134,0.5052499994052967
P1,C100,Baseline,4775,0.3872437213683795,0.29050148591939134,0.5052499994052967
P1,C100,Baseline,4800,0.3872437213683795,0.29050148591939134,0.5052499994052967
P1,C100,Baseline,4825,0.3866614046805035,0.2899437324377016,0.5046198741662785
P1,C100,Baseline,4850,0.3866614046805035,0.2899437324377016,0.5046198741662785
P1,C100,Baseline,4875,0.3866614046805035,0.2899437324377016,0.5046198741662785
P1,C100,Baseline,4900,0.3866614046805035,0.2899437324377016,0.5046198741662785
P1,C100,Baseline,4925,0.3858155507567903,0.289580155411032,0.5041450404890001
P1,C100,Baseline,4950,0.3849688144627056,0.288746859166521,0.503192162898918
P1,C100,Baseline,4975,0.38330077355575265,0.28750665930171637,0.5017780107333096
P1,C100,Baseline,5000,0.3828098142543006,0.2867508971963686,0.5011650919546904
P1,C100,GP mean,1,7.222928573717546,7.125012972498138,7.3281818124790865
P1,C100,GP mean,25,3.8189747342390907,3.7254898176478966,3.9064194450740795
P1,C100,GP mean,50,2.4269331617096284,2.3213782497153046,2.5246844940645734
P1,C100,GP mean,75,1.6512730571554675,1.5220001801092644,1.7778383023890647
P1,C100,GP mean,100,1.2009100808591404,1.0761908756067164,1.331833506352285
P1,C100,GP mean,125,0.9427671452388323,0.8378010099093433,1.0555463921418393
P1,C100,GP mean,150,0.8068981577618397,0.7230939754601858,0.8972505831147117
P1,C100,GP mean,175,0.7457348444156938,0.6730427823906385,0.8250999884211258
P1,C100,GP mean,200,0.7087239929644646,0.6445889085670589,0.7783641936833822
P1,C100,GP mean,225,0.6919022039643216,0.6306675236706433,0.7561213510218893
P1,C100,GP mean,250,0.6770560149135691,0.6195031722726934,0.7363573895682999
P1,C100,GP mean,275,0.6643235580441452,0.6112475848064726,0.7168176603576718
P1,C100,GP mean,300,0.6601580216325927,0.6074622994481951,0.7114752049438271
P1,C100,GP mean,325,0.6574464863145942,0.604807364236127,0.7088257197667129
P1,C100,GP mean,350,0.6552093880328015,0.6022830982957332,0.7070394450923574
P1,C100,GP mean,375,0.6526399057695401,0.5998278890805486,0.7045494223387587
P1,C100,GP mean,400,0.651944052437401,0.599266471580062,0.7039072729205718
P1,C100,GP mean,425,0.6504170804709596,0.5980749160912948,0.7019532535616686
P1,C100,GP mean,450,0.6489783738222271,0.5963211245270591,0.7008241716146938
P1,C100,GP mean,475,0.6401912845924375,0.5871457135308769,0.6926219358714926
P1,C100,GP mean,500,0.6193161237059335,0.5646266524290662,0.6729010185692855
P1,C100,GP mean,525,0.6003286954156761,0.5442633723038679,0.6546369716828825
P1,C100,GP mean,550,0.5866107940722753,0.5324267484090874,0.6396793740851234
P1,C100,GP mean,575,0.5786982382520702,0.5256718806923275,0.6302442088004511
P1,C100,GP mean,600,0.5691772574322691,0.5171939441819312,0.6192274872108934
P1,C100,GP mean,625,0.5603486849999013,0.5090799070087851,0.6100640815142162
P1,C100,GP mean,650,0.5535867543077679,0.5035831006008092,0.6016517870019021
P1,C100,GP mean,675,0.5476854382110299,0.4984880001063658,0.5954636099607112
P1,C100,GP mean,700,0.540602554361787,0.4917725714189004,0.5878243693296605
P1,C100,GP mean,725,0.5369191706581291,0.487587530777755,0.5847623105962673
P1,C100,GP mean,750,0.5350654201225165,0.48613432093724823,0.5822305832416291
P1,C100,GP mean,775,0.5331480859419967,0.4844947408614995,0.5802889071623127
P1,C100,GP mean,800,0.5317764098990165,0.4830019041724533,0.579016262161148
P1,C100,GP mean,825,0.5303960019733511,0.4820323063375902,0.5770761072182041
P1,C100,GP mean,850,0.528524297212128,0.48012124802195416,0.5750203867823479
P1,C100,GP mean,875,0.5240379076936458,0.47489364473075724,0.5710429445062077
P1,C100,GP mean,900,0.5161745710894536,0.4668046970359841,0.5631684648807889
P1,C100,GP mean,925,0.5099967048401277,0.4605860115565166,0.5566690333072211
P1,C100,GP mean,950,0.5050993179708014,0.45601172988930344,0.5521481139658727
P1,C100,GP mean,975,0.5036859210491764,0.45464821168797087,0.5509301315902098
P1,C100,GP mean,1000,0.49873302040384854,0.45040857779886817,0.5449157459433772
P1,C100,GP mean,1025,0.49439259967052396,0.4469214651007956,0.5401040046788486
P1,C100,GP mean,1050,0.49154288488522413,0.44452333161184865,0.5362961852777882
P1,C100,GP mean,1075,0.4892158868276183,0.4422428985878356,0.53372060001523
P1,C100,GP mean,1100,0.48732717226216815,0.44041826108893817,0.5316420329608698
P1,C100,GP mean,1125,0.4850136852634601,0.4381613037449488,0.5291624285741153
P1,C100,GP mean,1150,0.48259395601669086,0.43558205084305496,0.5271364366251764
P1,C100,GP mean,1175,0.48103947820842885,0.43449626296949473,0.5250285404828757
P1,C100,GP mean,1200,0.4790622615258099,0.4333065843537738,0.5224534002263523
P1,C100,GP mean,1225,0.4783264535047048,0.4324730800661826,0.5218597691284858
P1,C100,GP mean,1250,0.4779118964014566,0.43234039391646395,0.5213641427421362
P1,C100,GP mean,1275,0.47581315837263793,0.43028632597114,0.5190493881622418
P1,C100,GP mean,1300,0.47421580599310054,0.4283919597962663,0.5176876499139885
P1,C100,GP mean,1325,0.4705226089440575,0.42502823442930293,0.5137951230860444
P1,C100,GP mean,1350,0.4689176091954449,0.42362937006013296,0.5118175511643682
P1,C100,GP mean,1375,0.4676071088226265,0.4227493619724031,0.5101131330778648
P1,C100,GP mean,1400,0.4642320781510182,0.42002478640531193,0.5062457481594741
P1,C100,GP mean,1425,0.46173886086946336,0.4178822966600916,0.5029997044767484
P1,C100,GP mean,1450,0.4599735439301986,0.4155587400504848,0.5014698224048703
P1,C100,GP mean,1475,0.4595891695755151,0.4153568676452382,0.5009816623159231
P1,C100,GP mean,1500,0.4587934755221671,0.41478252050326614,0.49981791114259744
P1,C100,GP mean,1525,0.4574703629539415,0.413840668083028,0.49801229159908933
P1,C100,GP mean,1550,0.4557840080668132,0.4121363984478272,0.4961735321980104
P1,C100,GP mean,1575,0.4544356758262471,0.4109409044928387,0.4948641182419973
P1,C100,GP mean,1600,0.45360098814175426,0.41019438636236205,0.4939274284157659
P1,C100,GP mean,1625,0.4523131209786022,0.4092691534300492,0.4926467344262345
P1,C100,GP mean,1650,0.451174849741963,0.4082078893597686,0.490910506195158
P1,C100,GP mean,1675,0.4501041132194671,0.4071080009544123,0.49025081411798277
P1,C100,GP mean,1700,0.44615359690490286,0.40306449923835164,0.48597041366039945
P1,C100,GP mean,1725,0.4430425340333576,0.40017928390770646,0.48286940190760247
P1,C100,GP mean,1750,0.44129707922026173,0.39839813244097483,0.48095542865227153
P1,C100,GP mean,1775,0.44018566081110927,0.397510368813566,0.47959428815355953
P1,C100,GP mean,1800,0.4379375880748759,0.3949567718223277,0.47767735734336103
P1,C100,GP mean,1825,0.4360069603287799,0.3926378798262643,0.47623904119194094
P1,C100,GP mean,1850,0.43503633957301563,0.3913051272210434,0.4753221181609105
P1,C100,GP mean,1875,0.43263823648434524,0.38865579217412294,0.4733403275220205
P1,C100,GP mean,1900,0.4312741087444066,0.38720195972440746,0.47213101311338385
P1,C100,GP mean,1925,0.4304763587641232,0.3864819782019558,0.47126841064774994
P1,C100,GP mean,1950,0.43022465876227595,0.38634775828420315,0.47098964845129115
P1,C100,GP mean,1975,0.42970590967394423,0.3856539165684195,0.47065316955116104
P1,C100,GP mean,2000,0.42888110282898395,0.38486775584499344,0.46994440940179255
P1,C100,GP mean,2025,0.4270172241631702,0.38277529068838523,0.4685027092607343
P1,C100,GP mean,2050,0.42614526055717533,0.3819060144212907,0.46739732939522244
P1,C100,GP mean,2075,0.4249882801191199,0.3808041206256732,0.466147045164477
P1,C100,GP mean,2100,0.4213627691965402,0.37727301499218036,0.46243997888358557
P1,C100,GP mean,2125,0.41821163642849435,0.3747719129643059,0.4587279390790696
P1,C100,GP mean,2150,0.4162706991552245,0.3728077649564886,0.4569561339524985
P1,C100,GP mean,2175,0.41506382843890677,0.3717872284872384,0.4557925862912993
P1,C100,GP mean,2200,0.4143117389954738,0.3710567912179062,0.4551126617266754
P1,C100,GP mean,2225,0.41326420808554315,0.3701696529869569,0.4540902960940982
P1,C100,GP mean,2250,0.4124272595848055,0.3694552062276488,0.45308936841087727
P1,C100,GP mean,2275,0.4118702741639079,0.36892685156389055,0.4525300960656933
P1,C100,GP mean,2300,0.4112846482020464,0.3682781979265681,0.45213923274699575
P1,C100,GP mean,2325,0.41033209072981075,0.3674132444433386,0.45082547760192465
P1,C100,GP mean,2350,0.40966940395973533,0.36676666644700495,0.45018710478151386
P1,C100,GP mean,2375,0.40875930981496683,0.3657671684621203,0.44942390824437234
P1,C100,GP mean,2400,0.40803147945695145,0.3652141511371311,0.4484555638781708
P1,C100,GP mean,2425,0.4074652000228777,0.3648405082138587,0.44782032386545173
P1,C100,GP mean,2450,0.4070557855928347,0.36435226465215587,0.4473638213440259
P1,C100,GP mean,2475,0.40631969042556865,0.36369690398594073,0.44671637033437417
P1,C100,GP mean,2500,0.40415062826218046,0.36118304281887015,0.44508916649575725
P1,C100,GP mean,2525,0.40216075375256316,0.35864288682390205,0.44358502666636557
P1,C100,GP mean,2550,0.40052992234478757,0.3574865444574011,0.44176841255553534
P1,C100,GP mean,2575,0.3989635929696475,0.35577142156601527,0.4400081767375706
P1,C100,GP mean,2600,0.39780526605092037,0.3547489965865934,0.43885266836423437
P1,C100,GP mean,2625,0.39648296706040903,0.3533614351700087,0.437491599983647
P1,C100,GP mean,2650,0.39480609703941466,0.35185122983011613,0.43548867128748625
P1,C100,GP mean,2675,0.39437700406007276,0.35143788533277637,0.4351759482529727
P1,C100,GP mean,2700,0.3943224252957061,0.3513392276424656,0.4350714848498954
P1,C100,GP mean,2725,0.39381330558423516,0.3509855050406791,0.4343722931398973
P1,C100,GP mean,2750,0.39307376054311677,0.35040272284641494,0.43357890596012055
P1,C100,GP mean,2775,0.39262617830385454,0.3500636274185305,0.4331969133681576
P1,C100,GP mean,2800,0.39232724987950035,0.34982135511199947,0.43299223457927377
P1,C100,GP mean,2825,0.39175022246952435,0.34928128561272853,0.43231635600321455
P1,C100,GP mean,2850,0.3904439914625359,0.3479406198373557,0.43115951061636726
P1,C100,GP mean,2875,0.3886940377810629,0.3459914255071383,0.429653778645714
P1,C100,GP mean,2900,0.38821858668447756,0.3454325684693241,0.4290880878893868
P1,C100,GP mean,2925,0.38803845508449836,0.3453587103142028,0.4288871656052704
P1,C100,GP mean,2950,0.3874619332763342,0.344928101124431,0.4282709936941664
P1,C100,GP mean,2975,0.3866936168689113,0.3444496872923287,0.4274351104863394
P1,C100,GP mean,3000,0.3860993860904161,0.34364367238775045,0.4269876937170246
P1,C100,GP mean,3025,0.3857211204481849,0.3430958913949921,0.4267197412977745
P1,C100,GP mean,3050,0.3849089613511431,0.3424395821145516,0.42575906327532104
P1,C100,GP mean,3075,0.38402211546873954,0.3415702083968963,0.42482130952601627
P1,C100,GP mean,3100,0.38305894965747445,0.34049888805932704,0.4238507211462401
P1,C100,GP mean,3125,0.38225556523180215,0.33953793069251154,0.4231895231755346
P1,C100,GP mean,3150,0.381972703326407,0.3391292215401524,0.4229793013205075
P1,C100,GP mean,3175,0.3815977216292824,0.3387314670139209,0.4226292159553646
P1,C100,GP mean,3200,0.38114303617665224,0.33832985300217455,0.4224461545630814
P1,C100,GP mean,3225,0.3809789473452284,0.33812974393540307,0.4221611335393978
P1,C100,GP mean,3250,0.3802043745185806,0.3372663913479304,0.4213040638524294
P1,C100,GP mean,3275,0.37924183005406886,0.33604061956425585,0.4204586202871369
P1,C100,GP mean,3300,0.3780255526302307,0.334535168112738,0.41956924791951933
P1,C100,GP mean,3325,0.37748780050969727,0.3338597024288793,0.4191895269175349
P1,C100,GP mean,3350,0.37744383975974866,0.3338167915102932,0.41910091859887505
P1,C100,GP mean,3375,0.3770592522495046,0.33362168900205624,0.4188495281220432
P1,C100,GP mean,3400,0.37654169022179523,0.33317754410246314,0.4183272068404437
P1,C100,GP mean,3425,0.3756292950137486,0.33225319412025633,0.41748659638082974
P1,C100,GP mean,3450,0.3750854613663935,0.33172757235808975,0.417049244530064
P1,C100,GP mean,3475,0.3743661103548842,0.3309103800714682,0.4162954067737536
P1,C100,GP mean,3500,0.3741870434151449,0.3306388947042866,0.4161187254285674
P1,C100,GP mean,3525,0.3739950665937045,0.3305302270802131,0.4159244811260357
P1,C100,GP mean,3550,0.37371541744153347,0.33032412827214325,0.41570293693326055
P1,C100,GP mean,3575,0.37355630528096084,0.3302279723592645,0.41552312387410967
P1,C100,GP mean,3600,0.37350765113089945,0.33014858274147796,0.4155167196726146
P1,C100,GP mean,3625,0.37286469918731713,0.3293195918158369,0.4148085531555047
P1,C100,GP mean,3650,0.37252654540239305,0.32903074620047434,0.4145638940391586
P1,C100,GP mean,3675,0.37189658734460845,0.32828055100566234,0.4141670494771984
P1,C100,GP mean,3700,0.37169961528135587,0.32815616305797135,0.41379040242304466
P1,C100,GP mean,3725,0.37144794561669553,0.3279713759602256,0.41349113653467656
P1,C100,GP mean,3750,0.37121532087792425,0.32766002939026617,0.4131414055387221
P1,C100,GP mean,3775,0.3712037637722952,0.32765974046262547,0.413117802179113
P1,C100,GP mean,3800,0.371203739644726,0.3276597398594362,0.41311780157592376
P1,C100,GP mean,3825,0.3710484289083437,0.3274908961275863,0.413017400141533
P1,C100,GP mean,3850,0.3709983888159129,0.3274200627265975,0.4130058140254687
P1,C100,GP mean,3875,0.3709814641051024,0.327403138015787,0.4130058140254687
P1,C100,GP mean,3900,0.37094652277089996,0.3273792321652948,0.4130058140254687
P1,C100,GP mean,3925,0.3701439222661093,0.3265246221556866,0.4123337047173978
P1,C100,GP mean,3950,0.3695549689858108,0.3258485430292998,0.4116840402528953
P1,C100,GP mean,3975,0.36930360202620255,0.32570841346809737,0.411378987595352
P1,C100,GP mean,4000,0.36916498308039847,0.3255537291895764,0.4111799957438393
P1,C100,GP mean,4025,0.3688142794064936,0.3253945240711398,0.4108988694204491
P1,C100,GP mean,4050,0.36833889235652767,0.3244362136533733,0.4105716809169521
P1,C100,GP mean,4075,0.3675327918892105,0.32341169438741807,0.4097265490939919
P1,C100,GP mean,4100,0.3673815623446722,0.32323130730598787,0.40963836736870435
P1,C100,GP mean,4125,0.36694872406407647,0.32286552104013666,0.40923339293541355
P1,C100,GP mean,4150,0.3661793058597115,0.3222185012957566,0.4087168400298319
P1,C100,GP mean,4175,0.36559256216115876,0.32158038808533096,0.4081521997563443
P1,C100,GP mean,4200,0.36456607883573505,0.3206850098616162,0.4067999919324264
P1,C100,GP mean,4225,0.36376798102791885,0.31994116955302626,0.405995992836962
P1,C100,GP mean,4250,0.36309533943297706,0.3194151680053319,0.40518662164292524
P1,C100,GP mean,4275,0.3626414788983559,0.3187236769336741,0.40492305002505485
P1,C100,GP mean,4300,0.36259916384378016,0.31868336910893813,0.4048888866881096
P1,C100,GP mean,4325,0.3624692351959487,0.31859924352651475,0.40475476727570675
P1,C100,GP mean,4350,0.36146469858786984,0.317461315489324,0.4038220405578874
P1,C100,GP mean,4375,0.3608869532801524,0.3166057130932613,0.4034038932677027
P1,C100,GP mean,4400,0.36061363367961446,0.3165433390579685,0.40309429219643067
P1,C100,GP mean,4425,0.3604503366383285,0.31638237815294157,0.4028863043362007
P1,C100,GP mean,4450,0.3597535676790541,0.31552948454701896,0.4020781277227018
P1,C100,GP mean,4475,0.3594996569944333,0.31513472549146665,0.4018283102638245
P1,C100,GP mean,4500,0.3585265863747762,0.3143892282423112,0.4009436833839707
P1,C100,GP mean,4525,0.3578488045265835,0.31346712277886374,0.4005049467690853
P1,C100,GP mean,4550,0.35760286747724934,0.31314969609783644,0.4003537767490508
P1,C100,GP mean,4575,0.35689273309124536,0.31273527280729196,0.3993949390360954
P1,C100,GP mean,4600,0.35668475292812596,0.31232683321927446,0.3993269463055917
P1,C100,GP mean,4625,0.3561670790471678,0.3118691102123622,0.39896520769738847
P1,C100,GP mean,4650,0.3556143701575527,0.31122374837178307,0.3982000319807511
P1,C100,GP mean,4675,0.3552335142346148,0.31097308684126035,0.3975134522823986
P1,C100,GP mean,4700,0.3544685333298052,0.310444406314522,0.39657229507841363
P1,C100,GP mean,4725,0.35404737932593716,0.3101084679902699,0.39608067455089196
P1,C100,GP mean,4750,0.3537398151450701,0.30987665664522757,0.39587137937705974
P1,C100,GP mean,4775,0.3537087352215817,0.3098463537198264,0.39584766563797197
P1,C100,GP mean,4800,0.35352264375593206,0.3095000297376798,0.3956615621132333
P1,C100,GP mean,4825,0.3528706048130114,0.3089248471623614,0.3951923485609443
P1,C100,GP mean,4850,0.35263650203694086,0.3088402840737043,0.39495729667966817
P1,C100,GP mean,4875,0.3517098623819023,0.308005795992877,0.3936429097477746
P1,C100,GP mean,4900,0.35044760019133386,0.30721429057312244,0.3918121732662997
P1,C100,GP mean,4925,0.34851315083688406,0.30555827028827376,0.38997747535917904
P1,C100,GP mean,4950,0.34791523376628436,0.3051097151610074,0.38918863265040915
P1,C100,GP mean,4975,0.3476591490701421,0.30483230761189767,0.3889677919502137
P1,C100,GP mean,5000,0.347462459024046,0.30463413391299393,0.3888430663741022
P1,C011,Baseline,1,7.291063872152322,7.171873445273799,7.416875027696594
P1,C011,Baseline,25,4.381219251213907,4.284430133997253,4.4791819179112
P1,C011,Baseline,50,3.371784800806946,3.2913616685570384,3.4535567522920108
P1,C011,Baseline,75,2.8063745951029766,2.70457947414815,2.908452801627987
P1,C011,Baseline,100,2.3807432708584,2.2441006125626783,2.5228975013041883
P1,C011,Baseline,125,1.9358198046966204,1.7587582590510893,2.1125004931587976
P1,C011,Baseline,150,1.4275098541622941,1.2507870949670408,1.6031096860612528
P1,C011,Baseline,175,1.0323882242623326,0.8909182286724339,1.1747811306494902
P1,C011,Baseline,200,0.7515265015934894,0.653768768466127,0.8536483802688736
P1,C011,Baseline,225,0.5777253762587072,0.5075702931529215,0.6497791517470062
P1,C011,Baseline,250,0.48063262473976737,0.42680927964048476,0.5345556497910066
P1,C011,Baseline,275,0.4341065056214373,0.38754688271937504,0.4800794183934215
P1,C011,Baseline,300,0.40113037667065726,0.3573791941876037,0.4441576454151005
P1,C011,Baseline,325,0.3813075917825715,0.3391624780584982,0.4223646035029162
P1,C011,Baseline,350,0.36451964345291593,0.32350298514010933,0.40501024472159214
P1,C011,Baseline,375,0.35710120584172567,0.31714598522436127,0.3964049893072867
P1,C011,Baseline,400,0.35027236026053454,0.31163342883870043,0.38812210142571957
P1,C011,Baseline,425,0.340867126431203,0.30325159032233456,0.3780006535392688
P1,C011,Baseline,450,0.3314301208815148,0.29499327038078094,0.36779992729171596
P1,C011,Baseline,475,0.32928205397758203,0.2931326767005947,0.36529587398132307
P1,C011,Baseline,500,0.3266093931706123,0.2904731499632605,0.3625676692365798
P1,C011,Baseline,525,0.3210456675993991,0.28490014585864826,0.3571543331660278
P1,C011,Baseline,550,0.31693496094926077,0.28149498428185965,0.35295267751042403
P1,C011,Baseline,575,0.3142092452278793,0.27913278230406385,0.3502283874752997
P1,C011,Baseline,600,0.30962907088816927,0.2746189301469882,0.3453921382271388
P1,C011,Baseline,625,0.3077228874504108,0.2730778384877193,0.34320078880516103
P1,C011,Baseline,650,0.3058851347475931,0.2714282828204645,0.3412645838477754
P1,C011,Baseline,675,0.3023826244400222,0.2682340157970983,0.3373824030489183
P1,C011,Baseline,700,0.2960981815069724,0.2609608494140702,0.3321702399708073
P1,C011,Baseline,725,0.2925077518037646,0.2570831515341544,0.32910778668990154
P1,C011,Baseline,750,0.290167221408728,0.255498418119942,0.3258210645718756
P1,C011,Baseline,775,0.28711880797343975,0.2523756601907293,0.3231856168367881
P1,C011,Baseline,800,0.28516997789677073,0.2504078411556927,0.321218818549139
P1,C011,Baseline,825,0.28261662329356635,0.24806779693337414,0.318379078881171
P1,C011,Baseline,850,0.2816071307394979,0.24737691256480626,0.3172612732151905
P1,C011,Baseline,875,0.28160705972672534,0.24737677408989966,0.3172612022024178
P1,C011,Baseline,900,0.28091350122758346,0.24674111061976722,0.3166113484386804
P1,C011,Baseline,925,0.2780139428789223,0.24443220642503086,0.3131763705886258
P1,C011,Baseline,950,0.27672990513447066,0.24313732480274006,0.31224389559334764
P1,C011,Baseline,975,0.27663712456444217,0.2430062595829241,0.31215812565784506
P1,C011,Baseline,1000,0.2764080623413612,0.24269246958635526,0.31204050153067436
P1,C011,Baseline,1025,0.27608829014578756,0.24255411009560301,0.3115209134215318
P1,C011,Baseline,1050,0.2748921209824714,0.24165112847351092,0.310265742921057
P1,C011,Baseline,1075,0.2737518768891251,0.24051926507259375,0.30887866389908686
P1,C011,Baseline,1100,0.27238320063001326,0.23934843460714983,0.3073123836153432
P1,C011,Baseline,1125,0.2711452429350359,0.23828987035948412,0.3061425166729726
P1,C011,Baseline,1150,0.271145171657667,0.2382898685775499,0.30614237590016913
P1,C011,Baseline,1175,0.2689776069268705,0.2362022656935869,0.30396501712538543
P1,C011,Baseline,1200,0.2679101273890206,0.23526717909692701,0.30287776978893827
P1,C011,Baseline,1225,0.26728259458531173,0.23480745359545196,0.3017939646489852
P1,C011,Baseline,1250,0.2670311824267561,0.2345468201843664,0.3017020487350439
P1,C011,Baseline,1275,0.26669399373762803,0.23430966498492126,0.3012536927550564
P1,C011,Baseline,1300,0.2648973228927491,0.23242763139816275,0.29955865667908704
P1,C011,Baseline,1325,0.263587379771991,0.23121182128436754,0.2980945019295428
P1,C011,Baseline,1350,0.2617135055812749,0.22925129125112226,0.2965460811702937
P1,C011,Baseline,1375,0.26129053181092354,0.22867134751392273,0.29617599816404866
P1,C011,Baseline,1400,0.2602538532314597,0.22748127493329195,0.295275884996911
P1,C011,Baseline,1425,0.25901566194249886,0.22667616617869848,0.2937561458070105
P1,C011,Baseline,1450,0.2585910291821272,0.22630338360797408,0.29353113617886684
P1,C011,Baseline,1475,0.2560349354680356,0.2227104865577946,0.29165626655659316
P1,C011,Baseline,1500,0.25538717531791594,0.22196717344617048,0.2912101265523164
P1,C011,Baseline,1525,0.25459971371002554,0.22115739368260298,0.29050201165626727
P1,C011,Baseline,1550,0.25416735280232855,0.22066110430380062,0.2900675560656692
P1,C011,Baseline,1575,0.2525527701303893,0.21858636850100727,0.2886457721432102
P1,C011,Baseline,1600,0.25157080644955887,0.2176653695324298,0.2878342949575762
P1,C011,Baseline,1625,0.2511562724530048,0.2173407117968254,0.28740967243343557
P1,C011,Baseline,1650,0.2502600558731791,0.21682809719707988,0.2859454788473274
P1,C011,Baseline,1675,0.2495599137051447,0.21621582323314448,0.2854267847739268
P1,C011,Baseline,1700,0.24764540307196944,0.21396683441159975,0.2840975508565537
P1,C011,Baseline,1725,0.24759058121149805,0.21395116887967214,0.2840543496352415
P1,C011,Baseline,1750,0.24759051122366058,0.21395116887967214,0.2840542761480122
P1,C011,Baseline,1775,0.24722762436915047,0.21350579131374292,0.28352259403977714
P1,C011,Baseline,1800,0.24625275205288433,0.21247162748447176,0.2826530014224874
P1,C011,Baseline,1825,0.24625275205288433,0.21247162748447176,0.2826530014224874
P1,C011,Baseline,1850,0.24616922343505399,0.21236779321330115,0.2826519249574683
P1,C011,Baseline,1875,0.2443238000095844,0.21026443056964025,0.28099005434133856
P1,C011,Baseline,1900,0.24403396501126903,0.2099262245943341,0.2807918804254328
P1,C011,Baseline,1925,0.2418534223021373,0.2073728111195526,0.27874755148751323
P1,C011,Baseline,1950,0.24042277321716232,0.2057258928295996,0.2772566865895349
P1,C011,Baseline,1975,0.24020703550772968,0.20556498488831773,0.27701918321173447
P1,C011,Baseline,2000,0.24020703550772968,0.20556498488831773,0.27701918321173447
P1,C011,Baseline,2025,0.2387887803080039,0.20443251555480246,0.27543575254345404
P1,C011,Baseline,2050,0.23748222429320556,0.20352329665829558,0.2738438399058368
P1,C011,Baseline,2075,0.23709501896364749,0.20290705262090408,0.27355181018969904
P1,C011,Baseline,2100,0.23698862766835171,0.2028853685660364,0.27330325249791954
P1,C011,Baseline,2125,0.23664103918347465,0.202603929898641,0.2730959400017704
P1,C011,Baseline,2150,0.2362517199032175,0.2025462862433275,0.2723245316074414
P1,C011,Baseline,2175,0.23574891094023961,0.20198871608090394,0.27183054321345523
P1,C011,Baseline,2200,0.23513774501751453,0.2015471352592199,0.2713385013500551
P1,C011,Baseline,2225,0.23513774501751453,0.2015471352592199,0.2713385013500551
P1,C011,Baseline,2250,0.23513774501751453,0.2015471352592199,0.2713385013500551
P1,C011,Baseline,2275,0.2347485815913077,0.20097172621665366,0.2710319235415766
P1,C011,Baseline,2300,0.23304951700413934,0.19905228364853284,0.26949091927237545
P1,C011,Baseline,2325,0.23226129432141196,0.19818891509939143,0.26875512052018996
P1,C011,Baseline,2350,0.23220004650654852,0.19811314070105282,0.26868466144570086
P1,C011,Baseline,2375,0.2319871700243557,0.19795440053898267,0.2684629938168408
P1,C011,Baseline,2400,0.23194491087609292,0.19789209066580501,0.26844803505210085
P1,C011,Baseline,2425,0.23194491087609292,0.19789209066580501,0.26844803505210085
P1,C011,Baseline,2450,0.23174386998969287,0.1978570423926083,0.2681056685142192
P1,C011,Baseline,2475,0.2312829624267912,0.1974375027424553,0.2676218047789477
P1,C011,Baseline,2500,0.2306089805915079,0.19698879860074262,0.2667305097386738
P1,C011,Baseline,2525,0.23059985447595785,0.19697819242953282,0.2667305097386738
P1,C011,Baseline,2550,0.23059985447595785,0.19697819242953282,0.2667305097386738
P1,C011,Baseline,2575,0.2292126319549229,0.1957632972347439,0.26541628120690086
P1,C011,Baseline,2600,0.22802834750155057,0.19443129530465741,0.26439107917596266
P1,C011,Baseline,2625,0.22621433599487314,0.19355012961281587,0.2614492505378023
P1,C011,Baseline,2650,0.22567840355226074,0.19332716274761977,0.2610494799922491
P1,C011,Baseline,2675,0.22567840355226074,0.19332716274761977,0.2610494799922491
P1,C011,Baseline,2700,0.22550668684221967,0.19315563997312152,0.2608693333661846
P1,C011,Baseline,2725,0.22411259149329743,0.19163051565322162,0.25943107867371124
P1,C011,Baseline,2750,0.22410332687791717,0.1916168846276663,0.2594309378899015
P1,C011,Baseline,2775,0.22348722394441967,0.19116043868655302,0.2584982609542712
P1,C011,Baseline,2800,0.22315497598049072,0.1906425173745713,0.25828203819401696
P1,C011,Baseline,2825,0.22235003952924587,0.18987939610219615,0.2576029873890094
P1,C011,Baseline,2850,0.22117807284654495,0.18895912716895388,0.25658091244102404
P1,C011,Baseline,2875,0.22117807284654495,0.18895912716895388,0.25658091244102404
P1,C011,Baseline,2900,0.22105784341751478,0.18882973833832473,0.25649580413425077
P1,C011,Baseline,2925,0.2207153362898982,0.18844660608422079,0.2561660650679539
P1,C011,Baseline,2950,0.2207153362898982,0.18844660608422079,0.2561660650679539
P1,C011,Baseline,2975,0.22059570582441357,0.18825928630035876,0.2560182609070026
P1,C011,Baseline,3000,0.2200298774394564,0.18756239729578436,0.2557494904988274
P1,C011,Baseline,3025,0.21989497603730795,0.18744403790341813,0.25553104270032784
P1,C011,Baseline,3050,0.21989490428124298,0.18744396614735315,0.2555309691503612
P1,C011,Baseline,3075,0.21975899637435803,0.18738268564149918,0.25536702487389984
P1,C011,Baseline,3100,0.21975892287089294,0.18738261397562067,0.2553668797045562
P1,C011,Baseline,3125,0.2197432131580318,0.18738214656268143,0.25532092879443735
P1,C011,Baseline,3150,0.21900066644730656,0.1863388369686473,0.2545236828782551
P1,C011,Baseline,3175,0.21900059253236112,0.1863387612058283,0.2545236810303815
P1,C011,Baseline,3200,0.21868718250452251,0.186110399973592,0.2542279532388661
P1,C011,Baseline,3225,0.21868718250452251,0.186110399973592,0.2542279532388661
P1,C011,Baseline,3250,0.2186188309144292,0.18601415563140375,0.25418737001302527
P1,C011,Baseline,3275,0.2181343591988115,0.18556495024340142,0.25358071095137497
P1,C011,Baseline,3300,0.218134215348931,0.18556480537577258,0.2535805671014945
P1,C011,Baseline,3325,0.218134215348931,0.18556480537577258,0.2535805671014945
P1,C011,Baseline,3350,0.218134215348931,0.18556480537577258,0.2535805671014945
P1,C011,Baseline,3375,0.218134215348931,0.18556480537577258,0.2535805671014945
P1,C011,Baseline,3400,0.218134215348931,0.18556480537577258,0.2535805671014945
P1,C011,Baseline,3425,0.218134215348931,0.18556480537577258,0.2535805671014945
P1,C011,Baseline,3450,0.21747376410088284,0.1852404573814679,0.25243780240396424
P1,C011,Baseline,3475,0.21747376410088284,0.1852404573814679,0.25243780240396424
P1,C011,Baseline,3500,0.21747376410088284,0.1852404573814679,0.25243780240396424
P1,C011,Baseline,3525,0.21747376410088284,0.1852404573814679,0.25243780240396424
P1,C011,Baseline,3550,0.21747376410088284,0.1852404573814679,0.25243780240396424
P1,C011,Baseline,3575,0.21738768754566876,0.1852227864202885,0.2523624961803324
P1,C011,Baseline,3600,0.21687198330608923,0.18503695143442042,0.25125426303817167
P1,C011,Baseline,3625,0.21614887089283233,0.18455088438046247,0.2500953782376547
P1,C011,Baseline,3650,0.21614887089283233,0.18455088438046247,0.2500953782376547
P1,C011,Baseline,3675,0.2159348943070841,0.18450012673984117,0.2497305028111076
P1,C011,Baseline,3700,0.21554942258966178,0.18433739744827735,0.24901709711150966
P1,C011,Baseline,3725,0.2153227989538928,0.1841018216640794,0.24889970375617548
P1,C011,Baseline,3750,0.2152780546803615,0.1840570981695873,0.24884691221894964
P1,C011,Baseline,3775,0.2152780546803615,0.1840570981695873,0.24884691221894964
P1,C011,Baseline,3800,0.2152780546803615,0.1840570981695873,0.24884691221894964
P1,C011,Baseline,3825,0.2152780546803615,0.1840570981695873,0.24884691221894964
P1,C011,Baseline,3850,0.21492390170143763,0.18366964665299815,0.24846846156488772
P1,C011,Baseline,3875,0.21492390170143763,0.18366964665299815,0.24846846156488772
P1,C011,Baseline,3900,0.21492390170143763,0.18366964665299815,0.24846846156488772
P1,C011,Baseline,3925,0.21395347061824457,0.18295403849308825,0.24735237019630985
P1,C011,Baseline,3950,0.2136950229615893,0.18274899117410026,0.24716420597323444
P1,C011,Baseline,3975,0.2136950229615893,0.18274899117410026,0.24716420597323444
P1,C011,Baseline,4000,0.2136950229615893,0.18274899117410026,0.24716420597323444
P1,C011,Baseline,4025,0.2136950229615893,0.18274899117410026,0.24716420597323444
P1,C011,Baseline,4050,0.2136950229615893,0.18274899117410026,0.24716420597323444
P1,C011,Baseline,4075,0.2129986634277471,0.182057298090129,0.24627190696483528
P1,C011,Baseline,4100,0.21294356175130047,0.18203710529250688,0.2462169618194525
P1,C011,Baseline,4125,0.2129434916473864,0.18203696858987445,0.24621689171553843
P1,C011,Baseline,4150,0.21195285881717,0.1812918925372698,0.24481436898488088
P1,C011,Baseline,4175,0.21195285881717,0.1812918925372698,0.24481436898488088
P1,C011,Baseline,4200,0.21184282369970178,0.18118166477183173,0.24467670198437097
P1,C011,Baseline,4225,0.21184282369970178,0.18118166477183173,0.24467670198437097
P1,C011,Baseline,4250,0.21184282369970178,0.18118166477183173,0.24467670198437097
P1,C011,Baseline,4275,0.21163926181423806,0.18103129060273906,0.24447445415095476
P1,C011,Baseline,4300,0.21163926181423806,0.18103129060273906,0.24447445415095476
P1,C011,Baseline,4325,0.21163926181423806,0.18103129060273906,0.24447445415095476
P1,C011,Baseline,4350,0.21163926181423806,0.18103129060273906,0.24447445415095476
P1,C011,Baseline,4375,0.21163926181423806,0.18103129060273906,0.24447445415095476
P1,C011,Baseline,4400,0.21163926181423806,0.18103129060273906,0.24447445415095476
P1,C011,Baseline,4425,0.21163926181423806,0.18103129060273906,0.24447445415095476
P1,C011,Baseline,4450,0.21163926181423806,0.18103129060273906,0.24447445415095476
P1,C011,Baseline,4475,0.21163926181423806,0.18103129060273906,0.24447445415095476
P1,C011,Baseline,4500,0.21163926181423806,0.18103129060273906,0.24447445415095476
P1,C011,Baseline,4525,0.2108890768947544,0.18049074576126914,0.24380881914097938
P1,C011,Baseline,4550,0.2108890768947544,0.18049074576126914,0.24380881914097938
P1,C011,Baseline,4575,0.2107873409490786,0.18038930387469837,0.24361003030639933
P1,C011,Baseline,4600,0.2107873409490786,0.18038930387469837,0.24361003030639933
P1,C011,Baseline,4625,0.2107873409490786,0.18038930387469837,0.24361003030639933
P1,C011,Baseline,4650,0.2098192293971475,0.1793578492019819,0.24250180876731453
P1,C011,Baseline,4675,0.2098192293971475,0.1793578492019819,0.24250180876731453
P1,C011,Baseline,4700,0.2098192293971475,0.1793578492019819,0.24250180876731453
P1,C011,Baseline,4725,0.2098192293971475,0.1793578492019819,0.24250180876731453
P1,C011,Baseline,4750,0.20922330726454844,0.17888656677954462,0.24187373198897577
P1,C011,Baseline,4775,0.20878389311031587,0.17869322579074418,0.24122792535095353
P1,C011,Baseline,4800,0.20878389311031587,0.17869322579074418,0.24122792535095353
P1,C011,Baseline,4825,0.20878389311031587,0.17869322579074418,0.24122792535095353
P1,C011,Baseline,4850,0.20878389311031587,0.17869322579074418,0.24122792535095353
P1,C011,Baseline,4875,0.20878389311031587,0.17869322579074418,0.24122792535095353
P1,C011,Baseline,4900,0.20848571611336605,0.17823205390482902,0.24103972786091515
P1,C011,Baseline,4925,0.20800480168906915,0.1776681312697626,0.24072118473197437
P1,C011,Baseline,4950,0.20781235323266814,0.1773962500440203,0.24054857782741712
P1,C011,Baseline,4975,0.20781235323266814,0.1773962500440203,0.24054857782741712
P1,C011,Baseline,5000,0.20780299985718165,0.17738783951310466,0.24052924580230975
P1,C011,GP mean,1,7.222928573717546,7.125012972498138,7.3281818124790865
P1,C011,GP mean,25,3.820014552286413,3.725860193833254,3.907754002470424
P1,C011,GP mean,50,2.403746370028017,2.288619800389222,2.512743174609084
P1,C011,GP mean,75,1.6310918887856825,1.4944159752112902,1.7632885545639432
P1,C011,GP mean,100,1.144586203414226,1.0279255166350467,1.2621606788748274
P1,C011,GP mean,125,0.8416874667827057,0.7489445414531081,0.9394946130445894
P1,C011,GP mean,150,0.6482051006139243,0.5833536983849466,0.7150222956186778
P1,C011,GP mean,175,0.5418617235345285,0.48952927497664817,0.5950818606339017
P1,C011,GP mean,200,0.4776754017933063,0.43243667597715435,0.5228935889336933
P1,C011,GP mean,225,0.43818609735730635,0.39759436234577267,0.4792686945808139
P1,C011,GP mean,250,0.4158238658755258,0.37622502647944456,0.4556949340032698
P1,C011,GP mean,275,0.39681805690133476,0.3578884201248811,0.4359507203931365
P1,C011,GP mean,300,0.38582197706327453,0.34796194782437756,0.4240426605085113
P1,C011,GP mean,325,0.3761780517235021,0.33894842815918197,0.4139662631334727
P1,C011,GP mean,350,0.36859731761933473,0.3313668037035816,0.40611874097785194
P1,C011,GP mean,375,0.36498884841793594,0.3279226909893804,0.4023745206715201
P1,C011,GP mean,400,0.3584770593065213,0.3223032618495399,0.39533296170897747
P1,C011,GP mean,425,0.35338938928743135,0.3173929220867763,0.39022370382617094
P1,C011,GP mean,450,0.34862018326709754,0.31285985533969596,0.3850135129934808
P1,C011,GP mean,475,0.34622904164082613,0.31049356293308883,0.38268769343350656
P1,C011,GP mean,500,0.34183044627652603,0.30597665393667084,0.37792626926046885
P1,C011,GP mean,525,0.33894251792325,0.3034884442034697,0.3747169950842232
P1,C011,GP mean,550,0.33633029142501264,0.3010912847737108,0.3719632257532075
P1,C011,GP mean,575,0.33437324224613096,0.2992876177247961,0.36984563776340434
P1,C011,GP mean,600,0.3321151284670803,0.29704495555184,0.3676587174854613
P1,C011,GP mean,625,0.3301059759730023,0.29523486137740806,0.3652687463001025
P1,C011,GP mean,650,0.3278837786201937,0.29317435181742885,0.3630158935178764
P1,C011,GP mean,675,0.3263059955121316,0.29171093512068846,0.36132776451071763
P1,C011,GP mean,700,0.32330356739861443,0.28897021383855215,0.35842495343059017
P1,C011,GP mean,725,0.3217748504259075,0.28757138017507744,0.3568004233758304
P1,C011,GP mean,750,0.3198533683159611,0.2855241788889669,0.35491997164263034
P1,C011,GP mean,775,0.3176475055284273,0.28346539064103876,0.3525961997528372
P1,C011,GP mean,800,0.31494588313913324,0.2810511080936178,0.3496199482258671
P1,C011,GP mean,825,0.31261161202079546,0.2788539172741188,0.34705121649136567
P1,C011,GP mean,850,0.310684500314993,0.27699220862205565,0.3452494952198962
P1,C011,GP mean,875,0.3092547971028235,0.275668681853977,0.3436417651809661
P1,C011,GP mean,900,0.30837133092620517,0.27464620146381474,0.34279390813663474
P1,C011,GP mean,925,0.30769547893921323,0.2742286389715713,0.34210852767035504
P1,C011,GP mean,950,0.30677519406460385,0.2733037137176878,0.3411395354845887
P1,C011,GP mean,975,0.3058260364983988,0.2723837567604447,0.3399916987341762
P1,C011,GP mean,1000,0.30463997827379663,0.2713417340706052,0.33863551349941207
P1,C011,GP mean,1025,0.3036470186351627,0.2703672426907835,0.3376839894606142
P1,C011,GP mean,1050,0.30300254133121735,0.26980779750795925,0.33691266664853886
P1,C011,GP mean,1075,0.302036505190151,0.2685245006580905,0.336074890713653
P1,C011,GP mean,1100,0.2994368552931345,0.26631333093876985,0.33307787484006635
P1,C011,GP mean,1125,0.29824173300018025,0.2651895020259057,0.3319165686658354
P1,C011,GP mean,1150,0.29797584643574887,0.26489486438663823,0.3315759696610993
P1,C011,GP mean,1175,0.29720007336639137,0.2639556970908985,0.3309158721055844
P1,C011,GP mean,1200,0.2962633462957719,0.2630481372745325,0.32994399733322805
P1,C011,GP mean,1225,0.2958412368295825,0.2626375178945168,0.32940549653233503
P1,C011,GP mean,1250,0.2945097221225579,0.2614667711285512,0.3280254772801205
P1,C011,GP mean,1275,0.2933849894724337,0.2603562474471465,0.32679423887823394
P1,C011,GP mean,1300,0.291538295166053,0.25853112383438376,0.3250391990059005
P1,C011,GP mean,1325,0.29007766143964336,0.25717230463236873,0.3235696334915883
P1,C011,GP mean,1350,0.28956383384687906,0.2567716534866674,0.3230686179740503
P1,C011,GP mean,1375,0.2891378896488274,0.2564100145754581,0.32254658818503606
P1,C011,GP mean,1400,0.28812620782810583,0.2550798143720829,0.3216652894186953
P1,C011,GP mean,1425,0.28592584180688485,0.25317105988667726,0.31917004899109513
P1,C011,GP mean,1450,0.2854368724601438,0.25271687987762265,0.3186529097119291
P1,C011,GP mean,1475,0.2849434131813562,0.2523787341668954,0.3180135504008058
P1,C011,GP mean,1500,0.28383215157082053,0.25150872790315537,0.31657759032908256
P1,C011,GP mean,1525,0.2830341541855488,0.25066242100156466,0.31597843251819335
P1,C011,GP mean,1550,0.28229413874595966,0.2499369812863771,0.315018772129283
P1,C011,GP mean,1575,0.28108875443603043,0.24874809021688127,0.3140301187078923
P1,C011,GP mean,1600,0.2806103464843747,0.24832354131430015,0.31317855327066985
P1,C011,GP mean,1625,0.27977436569692576,0.24785795256165188,0.3120068161824576
P1,C011,GP mean,1650,0.2789006306707087,0.24714773059817124,0.3108660654825541
P1,C011,GP mean,1675,0.2787515885885577,0.2470882334746265,0.31078402279069417
P1,C011,GP mean,1700,0.27850992531821184,0.24685063383464323,0.3103870777314753
P1,C011,GP mean,1725,0.2771182010604292,0.24544517296329166,0.3088784486392315
P1,C011,GP mean,1750,0.2764881148034144,0.24489922034420963,0.3081853407033882
P1,C011,GP mean,1775,0.275984466849686,0.2443329669704001,0.30783370905991797
P1,C011,GP mean,1800,0.27514725577578775,0.24336604412065532,0.30699856287283545
P1,C011,GP mean,1825,0.27440272013456424,0.24251052138747736,0.30640767475652886
P1,C011,GP mean,1850,0.2734965277661636,0.24172444548819574,0.3051484721740314
P1,C011,GP mean,1875,0.27286560731854803,0.24119113848073928,0.30441136836253546
P1,C011,GP mean,1900,0.2725129970841271,0.24080757141024983,0.3042257644465305
P1,C011,GP mean,1925,0.27223953979967797,0.24044608605456497,0.30401700250684216
P1,C011,GP mean,1950,0.27125420066040684,0.23980207225769357,0.3028879899060471
P1,C011,GP mean,1975,0.2699651111145017,0.2385728155004219,0.30157536343888264
P1,C011,GP mean,2000,0.26963529945038406,0.23834107161277454,0.3012733520370256
P1,C011,GP mean,2025,0.26927956578733797,0.23805638342182103,0.3007980202277091
P1,C011,GP mean,2050,0.2689402343306969,0.23765473625679376,0.30050573989650786
P1,C011,GP mean,2075,0.26844196589819436,0.23735862416139197,0.299891772159498
P1,C011,GP mean,2100,0.2674724371853582,0.23624203825675674,0.29917988683868973
P1,C011,GP mean,2125,0.266667431721753,0.2351898893226056,0.2986935666790979
P1,C011,GP mean,2150,0.26647317004710247,0.23506958051333227,0.29840662455346767
P1,C011,GP mean,2175,0.2661154204521208,0.23475863583151585,0.2978663608330726
P1,C011,GP mean,2200,0.26553294640394426,0.23383480211068752,0.2975484227240035
P1,C011,GP mean,2225,0.2654552614247245,0.23374040652546668,0.29747249511472396
P1,C011,GP mean,2250,0.2652894287879191,0.23356924348067368,0.2973537472585375
P1,C011,GP mean,2275,0.2642849992041533,0.2326103989942414,0.29635456385163667
P1,C011,GP mean,2300,0.2640829902318166,0.2324508950607287,0.2961912461136999
P1,C011,GP mean,2325,0.2633201997399089,0.23167438459185832,0.29551646544615084
P1,C011,GP mean,2350,0.26314253779675795,0.2314443284121145,0.29535464640075065
P1,C011,GP mean,2375,0.2625784658065276,0.23077749595007613,0.29491136768230863
P1,C011,GP mean,2400,0.2619953654109106,0.22996201697561705,0.2945964215928055
P1,C011,GP mean,2425,0.2619154406876606,0.22987496434294524,0.29455155731181376
P1,C011,GP mean,2450,0.2614806883792763,0.2293695050946511,0.294109412137595
P1,C011,GP mean,2475,0.2600759199608072,0.22735148226489785,0.29329812893552604
P1,C011,GP mean,2500,0.2597653600053756,0.22690884680895693,0.29301845669587856
P1,C011,GP mean,2525,0.25964834051324875,0.2268051859886379,0.29295791116589565
P1,C011,GP mean,2550,0.25941620891941525,0.226406382596105,0.2927694969684742
P1,C011,GP mean,2575,0.2590295523999737,0.2259729568991906,0.29239251050273934
P1,C011,GP mean,2600,0.25798246470813213,0.22502985993462576,0.2913931767990724
P1,C011,GP mean,2625,0.25746958919944485,0.22448349971375728,0.2909334964941329
P1,C011,GP mean,2650,0.2560481961869903,0.2236239903217959,0.2891124469399195
P1,C011,GP mean,2675,0.2550579946378037,0.22266956652384462,0.2881251702142179
P1,C011,GP mean,2700,0.2547607451719095,0.222355984920222,0.28774188029516845
P1,C011,GP mean,2725,0.25455786832163935,0.22216813326909268,0.2875608141034125
P1,C011,GP mean,2750,0.25447169255488394,0.2221641688032008,0.2874708485061241
P1,C011,GP mean,2775,0.25423069769091555,0.2219279983417261,0.287331199152606
P1,C011,GP mean,2800,0.25413157158373884,0.2218769767081329,0.28722040788549574
P1,C011,GP mean,2825,0.2540043324715059,0.22180283325979896,0.2870647716922715
P1,C011,GP mean,2850,0.25381235808314595,0.2215569324886438,0.28691321592752317
P1,C011,GP mean,2875,0.25349508892491185,0.22132979881659182,0.28636664641371107
P1,C011,GP mean,2900,0.2530173822627189,0.2210313943293286,0.28563428421632314
P1,C011,GP mean,2925,0.2528796048045845,0.22082381699811,0.28553321564044515
P1,C011,GP mean,2950,0.25243183714425455,0.22034262862801146,0.2851333061603137
P1,C011,GP mean,2975,0.25230692313105435,0.220189138274986,0.28502736455331545
P1,C011,GP mean,3000,0.2515744424583554,0.21942707056901875,0.28436335315065026
P1,C011,GP mean,3025,0.250222368712173,0.218130784123897,0.2829708483939631
P1,C011,GP mean,3050,0.249989046987169,0.21792333757541055,0.28271599414546805
P1,C011,GP mean,3075,0.249933268856569,0.21785514395764943,0.28268063753853356
P1,C011,GP mean,3100,0.24981389273500443,0.2177658806574212,0.28259408025127525
P1,C011,GP mean,3125,0.2491177369565695,0.21710606640083857,0.2819848607686326
P1,C011,GP mean,3150,0.24860619701119133,0.21642091166724908,0.28146189483285555
P1,C011,GP mean,3175,0.24854640510014142,0.21637506036214174,0.2814097930338753
P1,C011,GP mean,3200,0.24834044270789157,0.21613905612482012,0.2811800642270989
P1,C011,GP mean,3225,0.2478815210126187,0.21551670513955098,0.2809659079447842
P1,C011,GP mean,3250,0.24737315295068701,0.2150788502265885,0.28037608986411827
P1,C011,GP mean,3275,0.24733885724057003,0.21502343402366839,0.28031447477801946
P1,C011,GP mean,3300,0.24651787952992654,0.2141485872830658,0.27953963292771833
P1,C011,GP mean,3325,0.24605914382902383,0.2138577327508491,0.27900003065099327
P1,C011,GP mean,3350,0.24588868943630662,0.21365819842463807,0.2788188178533456
P1,C011,GP mean,3375,0.2458886653261966,0.21365819842463807,0.2788187702358783
P1,C011,GP mean,3400,0.24579198232083363,0.21357937915945402,0.2787220872305153
P1,C011,GP mean,3425,0.2457572537635335,0.21354145308221284,0.278713568382447
P1,C011,GP mean,3450,0.2457466327857147,0.21353147387315,0.27868583693562066
P1,C011,GP mean,3475,0.24521917012468222,0.21297222752268713,0.2780360820928215
P1,C011,GP mean,3500,0.24515498659449367,0.212953247812833,0.27794743995877336
P1,C011,GP mean,3525,0.24492657867885048,0.21281004147590987,0.2776422195682082
P1,C011,GP mean,3550,0.2447257794013244,0.2126994992957075,0.2772624623271514
P1,C011,GP mean,3575,0.2447257794013244,0.2126994992957075,0.2772624623271514
P1,C011,GP mean,3600,0.2445285565620913,0.21264169843232397,0.27700036769050673
P1,C011,GP mean,3625,0.24435651136295347,0.21243351009430503,0.2768453803068155
P1,C011,GP mean,3650,0.24411136713042775,0.21224554813129318,0.27671060990005575
P1,C011,GP mean,3675,0.24411134325188605,0.21224554813129318,0.2767106087061287
P1,C011,GP mean,3700,0.24403217661018986,0.21210200594461942,0.2766442283795378
P1,C011,GP mean,3725,0.24384154477045755,0.21197369360920323,0.2764390466484652
P1,C011,GP mean,3750,0.24384154477045755,0.21197369360920323,0.2764390466484652
P1,C011,GP mean,3775,0.24377393096334968,0.21188850748815666,0.276347609955647
P1,C011,GP mean,3800,0.24365510843509922,0.21173588016469688,0.27619696500582114
P1,C011,GP mean,3825,0.2435293210497265,0.21161796207245304,0.27605447337402467
P1,C011,GP mean,3850,0.24348040059776468,0.2115514409878162,0.2760077274863561
P1,C011,GP mean,3875,0.24320144507787073,0.21123275285627896,0.2756401206355583
P1,C011,GP mean,3900,0.24320142131874775,0.2112327285031779,0.2756401206355583
P1,C011,GP mean,3925,0.2431207751458672,0.21113411553051178,0.27559904866543516
P1,C011,GP mean,3950,0.24255500081569947,0.21048625936922846,0.2749210359383944
P1,C011,GP mean,3975,0.24255500081569947,0.21048625936922846,0.2749210359383944
P1,C011,GP mean,4000,0.24255500081569947,0.21048625936922846,0.2749210359383944
P1,C011,GP mean,4025,0.2425412205243878,0.2104724790779168,0.27490748918222396
P1,C011,GP mean,4050,0.24240450945493802,0.210415235556152,0.27464210534859684
P1,C011,GP mean,4075,0.24240448558968564,0.210415235556152,0.274642057618092
P1,C011,GP mean,4100,0.24224963977248337,0.21018081505998124,0.2744989728814935
P1,C011,GP mean,4125,0.24224963977248337,0.21018081505998124,0.2744989728814935
P1,C011,GP mean,4150,0.24203918097620092,0.20996494784142716,0.2744107121149183
P1,C011,GP mean,4175,0.24196778310908656,0.20996494722889827,0.2742303112407617
P1,C011,GP mean,4200,0.24195280597547025,0.20993536739000604,0.27420087786437214
P1,C011,GP mean,4225,0.24162165440924832,0.2095906810579389,0.2740045280987303
P1,C011,GP mean,4250,0.24139923315586934,0.209414697735027,0.2737808719892847
P1,C011,GP mean,4275,0.24133172613107917,0.20940087029459972,0.2737002113733797
P1,C011,GP mean,4300,0.24130643188842313,0.2093878578614188,0.2736478123344121
P1,C011,GP mean,4325,0.24055034181320045,0.20880361972130704,0.2728589510643387
P1,C011,GP mean,4350,0.24034578377441887,0.20855997026210876,0.2725981942282063
P1,C011,GP mean,4375,0.24010342719715147,0.20834616925305224,0.27236660451076
P1,C011,GP mean,4400,0.24008514887830332,0.20832398661164572,0.2723619725615389
P1,C011,GP mean,4425,0.24008208300387354,0.20831486623111506,0.27236192429381495
P1,C011,GP mean,4450,0.23987579951925714,0.2079813029067618,0.27208988637279263
P1,C011,GP mean,4475,0.23974848250363506,0.20783652603879801,0.27198532585903984
P1,C011,GP mean,4500,0.23974049747276177,0.20782060715231288,0.27197714120239475
P1,C011,GP mean,4525,0.239660122301399,0.20773229636479804,0.2719063914833014
P1,C011,GP mean,4550,0.23958308886021307,0.20768687180874937,0.2718397772322523
P1,C011,GP mean,4575,0.23928014233821107,0.20736193015115328,0.2714901442228101
P1,C011,GP mean,4600,0.23926122158903512,0.20733339002711895,0.271470703406145
P1,C011,GP mean,4625,0.23895170642449381,0.20697224106840634,0.27112168270086145
P1,C011,GP mean,4650,0.23844922815671635,0.206729763195645,0.27022725592862074
P1,C011,GP mean,4675,0.238022703390566,0.2064359786608262,0.2698348227146299
P1,C011,GP mean,4700,0.2380199362448656,0.2064359786608262,0.26983191721164446
P1,C011,GP mean,4725,0.2380003203553495,0.20641837026971877,0.2698016786269174
P1,C011,GP mean,4750,0.23770573981521206,0.20618412405703082,0.2694302663507374
P1,C011,GP mean,4775,0.23755278017910497,0.20602856188259994,0.26917145304687773
P1,C011,GP mean,4800,0.23752982416840554,0.2060226551414775,0.26911286891187886
P1,C011,GP mean,4825,0.23723651298038556,0.2059009534210629,0.26876483719618866
P1,C011,GP mean,4850,0.23703950295437892,0.20583090836871976,0.26855509665852967
P1,C011,GP mean,4875,0.23703219353988678,0.20583072563335744,0.2685406605649076
P1,C011,GP mean,4900,0.23698648620508295,0.20575509766344668,0.2685269001381696
P1,C011,GP mean,4925,0.2367402777864786,0.20547042685204583,0.2682386880912162
P1,C011,GP mean,4950,0.2365719830480919,0.20533057732268004,0.26805622284267583
P1,C011,GP mean,4975,0.236500420345872,0.2052586399373748,0.2680344820566432
P1,C011,GP mean,5000,0.23602400753237904,0.20477774570475793,0.2675943591798536
P1,C010,Baseline,1,7.291063872152322,7.171873445273799,7.416875027696594
P1,C010,Baseline,25,4.381219251213907,4.284430133997253,4.4791819179112
P1,C010,Baseline,50,3.313716252244676,3.2004331506453725,3.42161013252804
P1,C010,Baseline,75,2.9331748711029966,2.8148090881403225,3.049177258845481
P1,C010,Baseline,100,2.661522731715969,2.536641891678402,2.7896946498971347
P1,C010,Baseline,125,2.4883959151227755,2.358922582490772,2.6172348973905453
P1,C010,Baseline,150,2.310255797394148,2.16233972000217,2.4583811159432996
P1,C010,Baseline,175,2.175883466085195,2.0176788973367685,2.333802993455248
P1,C010,Baseline,200,2.0425009989870064,1.8631925501882456,2.213358164774803
P1,C010,Baseline,225,1.944246927689659,1.7496340869312481,2.1294137104282096
P1,C010,Baseline,250,1.8494452254739666,1.6412130279617414,2.048337308635429
P1,C010,Baseline,275,1.7788300530205545,1.5649623755906061,1.9859926542693414
P1,C010,Baseline,300,1.707450164320743,1.481553172523106,1.9270535828738418
P1,C010,Baseline,325,1.647772109231128,1.4156102808268967,1.8768695453165933
P1,C010,Baseline,350,1.5711744395455935,1.3320963932323284,1.8073354967448985
P1,C010,Baseline,375,1.526440984276689,1.2806370979850772,1.7676389754368595
P1,C010,Baseline,400,1.4803520215136732,1.2317961674450995,1.724624576861229
P1,C010,Baseline,425,1.4302937402447946,1.1800010763458118,1.6773693168159418
P1,C010,Baseline,450,1.381363915469435,1.1276837879415798,1.6314326145461724
P1,C010,Baseline,475,1.3435887544539966,1.0893231371420058,1.598020382937647
P1,C010,Baseline,500,1.316335271121352,1.062673940659938,1.5713993051440431
P1,C010,Baseline,525,1.2822225699458032,1.0319434361733826,1.5366967521996384
P1,C010,Baseline,550,1.256217597711834,1.0061265380086757,1.5116836996458207
P1,C010,Baseline,575,1.2306285364819318,0.9818094062860144,1.4866246460853771
P1,C010,Baseline,600,1.2056019305579935,0.957066803810539,1.4599613534057254
P1,C010,Baseline,625,1.183044374665256,0.9329673500518262,1.4392173083803919
P1,C010,Baseline,650,1.156309671028648,0.9069665404583266,1.4097930872259072
P1,C010,Baseline,675,1.1367382971432713,0.8880430122579971,1.3902530365344479
P1,C010,Baseline,700,1.1163378610547419,0.8667940385379495,1.3713157378748724
P1,C010,Baseline,725,1.0952696509104027,0.8461373086608682,1.352872020852276
P1,C010,Baseline,750,1.0831015694119301,0.8349051678861784,1.3408295807131527
P1,C010,Baseline,775,1.070806258836875,0.8193909467903313,1.3313507798658484
P1,C010,Baseline,800,1.0596549733211726,0.807278793779157,1.3226408466662027
P1,C010,Baseline,825,1.0529382127987277,0.7991069618995897,1.318068138701918
P1,C010,Baseline,850,1.0376850776961408,0.7845031950313842,1.300981258886666
P1,C010,Baseline,875,1.0304721437808442,0.7770813080717879,1.295083945453895
P1,C010,Baseline,900,1.019283139594616,0.7644141356207086,1.2865750296537881
P1,C010,Baseline,925,1.0116270358873627,0.7569316296573395,1.2793977644044912
P1,C010,Baseline,950,1.0054382282711543,0.7505918491543643,1.2740920788484018
P1,C010,Baseline,975,0.9828345421113662,0.7289775441352254,1.2513772632418376
P1,C010,Baseline,1000,0.9662402655097687,0.7131451911206609,1.232422261497198
P1,C010,Baseline,1025,0.9623172593610271,0.7095844837010864,1.229354789668843
P1,C010,Baseline,1050,0.9542736127266928,0.7030350806917471,1.2205131072255493
P1,C010,Baseline,1075,0.9444082547915504,0.695362531767182,1.2082103793828074
P1,C010,Baseline,1100,0.933821864769084,0.6853415689277962,1.1987408657937848
P1,C010,Baseline,1125,0.9279825688446891,0.6803237648721334,1.1920934041047566
P1,C010,Baseline,1150,0.9171459696988437,0.6702491017389183,1.1787882804227818
P1,C010,Baseline,1175,0.9001982638353558,0.6555460810442776,1.1595411891632765
P1,C010,Baseline,1200,0.885720850652334,0.6420304060922115,1.1445090038339787
P1,C010,Baseline,1225,0.8790814993583356,0.636175992017216,1.1393912131936332
P1,C010,Baseline,1250,0.8721371766068347,0.6298338073846094,1.1315298892731909
P1,C010,Baseline,1275,0.8636394857089028,0.6225520068393402,1.1212395033180789
P1,C010,Baseline,1300,0.8547994790417613,0.6166847776062006,1.1087231444787504
P1,C010,Baseline,1325,0.8458179344156947,0.6101658892778459,1.0974127556949544
P1,C010,Baseline,1350,0.8403804970289488,0.6041578804797029,1.09109554453829
P1,C010,Baseline,1375,0.8355738780852511,0.5990170696326328,1.087804078543952
P1,C010,Baseline,1400,0.8322192273546889,0.596533636621178,1.0838412777588662
P1,C010,Baseline,1425,0.8297794292155084,0.5937769342016185,1.0810094056558672
P1,C010,Baseline,1450,0.8249222207611897,0.5904472122819653,1.0756188935203783
P1,C010,Baseline,1475,0.8202097916446338,0.5874159453082121,1.0677311245120056
P1,C010,Baseline,1500,0.818652418584755,0.5851303746298787,1.067169537263197
P1,C010,Baseline,1525,0.8161805984105126,0.5833731963930977,1.0647506123086947
P1,C010,Baseline,1550,0.8129284067644382,0.5797719462296066,1.0620970524227082
P1,C010,Baseline,1575,0.8101812255174536,0.5770129293597487,1.059373583623388
P1,C010,Baseline,1600,0.7972563246990514,0.5692925044864737,1.04056236302661
P1,C010,Baseline,1625,0.7900973811094221,0.5623938114064858,1.0319196216562065
P1,C010,Baseline,1650,0.7828215554149445,0.5575901305043152,1.0250576916403633
P1,C010,Baseline,1675,0.7826784314783384,0.5573081792109009,1.024918089952458
P1,C010,Baseline,1700,0.7766795886888062,0.5530458707496849,1.0187637651827972
P1,C010,Baseline,1725,0.7736008194343781,0.5484306687839895,1.0155913747460306
P1,C010,Baseline,1750,0.7707834133157877,0.5455433129032631,1.0131479172697462
P1,C010,Baseline,1775,0.7695109355333566,0.5436304214640532,1.0120814703025744
P1,C010,Baseline,1800,0.7634441579635077,0.5393955852509388,1.0055630982064556
P1,C010,Baseline,1825,0.7596662716200723,0.5356096418046542,1.0007596167304116
P1,C010,Baseline,1850,0.7566807027478217,0.5312468568244446,0.9978529333280566
P1,C010,Baseline,1875,0.7536568102054844,0.5271324319650533,0.9962701216100933
P1,C010,Baseline,1900,0.7474322888909803,0.5203469011764381,0.9904000876075686
P1,C010,Baseline,1925,0.74559360225309,0.5182429039623841,0.9886187644642367
P1,C010,Baseline,1950,0.7454858552114345,0.5181297695686459,0.9884518288611368
P1,C010,Baseline,1975,0.743947885188313,0.5166139874526081,0.9876234231496153
P1,C010,Baseline,2000,0.7422580611298355,0.5140399247669801,0.9863880466670862
P1,C010,Baseline,2025,0.7383869393700744,0.5107696881375314,0.9810880934393785
P1,C010,Baseline,2050,0.7358977084981368,0.508433015209797,0.9792694231297617
P1,C010,Baseline,2075,0.7340845857056156,0.5067766073908967,0.9776219327119882
P1,C010,Baseline,2100,0.7303909993112397,0.503020454948442,0.9737589911970748
P1,C010,Baseline,2125,0.7263592189284812,0.5011515691193973,0.9681275048803499
P1,C010,Baseline,2150,0.7241134505275215,0.4990240080172674,0.965934818290013
P1,C010,Baseline,2175,0.7178064555974568,0.49270029837029655,0.9596309148713216
P1,C010,Baseline,2200,0.7107654669143721,0.4882890891020267,0.951110901800485
P1,C010,Baseline,2225,0.7093745365863086,0.4871037814916214,0.950140322508832
P1,C010,Baseline,2250,0.707923168311046,0.48586560975280885,0.9488991103406943
P1,C010,Baseline,2275,0.7055787017454179,0.4835228230241083,0.9464178463172375
P1,C010,Baseline,2300,0.7042056708328314,0.48202473406587076,0.9453288303141055
P1,C010,Baseline,2325,0.7012562376104552,0.479438182342616,0.9423400407687056
P1,C010,Baseline,2350,0.7010296353204417,0.4792245644607675,0.9423315871780531
P1,C010,Baseline,2375,0.6980496897027859,0.47543519691288866,0.9388630762747905
P1,C010,Baseline,2400,0.694476094051248,0.4730357972068758,0.9350664933094669
P1,C010,Baseline,2425,0.693845833576969,0.47235316095187774,0.9347497846086533
P1,C010,Baseline,2450,0.6935967846596436,0.4722036131868382,0.9347398217227852
P1,C010,Baseline,2475,0.6878360539351627,0.4675956917928162,0.9283374751421806
P1,C010,Baseline,2500,0.6848205267604739,0.46543821279536013,0.9262497642934099
P1,C010,Baseline,2525,0.6788850883625641,0.460984890493374,0.9188011622558824
P1,C010,Baseline,2550,0.6762239309648126,0.45756017874716015,0.9157364017223494
P1,C010,Baseline,2575,0.6751494134580291,0.45722629479574733,0.914502396774737
P1,C010,Baseline,2600,0.6733385160874057,0.4555558025750868,0.9125946487536954
P1,C010,Baseline,2625,0.6716867679171845,0.4555531155780923,0.9102473365758187
P1,C010,Baseline,2650,0.6691303268688437,0.45340448918747533,0.9075501924221863
P1,C010,Baseline,2675,0.6681125489763192,0.45270209997313055,0.9066943783650216
P1,C010,Baseline,2700,0.6644907197990125,0.4496469140321801,0.9023742999617087
P1,C010,Baseline,2725,0.6620596696259268,0.44744777544129505,0.9002764735037496
P1,C010,Baseline,2750,0.6556477348942974,0.44477824194502263,0.8881121177877032
P1,C010,Baseline,2775,0.6540433993445421,0.44398392904110956,0.8853257998281218
P1,C010,Baseline,2800,0.6496262195842918,0.4381625167795916,0.8816341421517047
P1,C010,Baseline,2825,0.6476137914328376,0.4354489490947711,0.8798079282247449
P1,C010,Baseline,2850,0.6457784956254337,0.4336425202371701,0.8781643035577319
P1,C010,Baseline,2875,0.6454049684413928,0.43289055705282375,0.878007369274437
P1,C010,Baseline,2900,0.6443237989780802,0.4318551166155261,0.8779203260731973
P1,C010,Baseline,2925,0.6426592738420221,0.4303285076980292,0.8754056412321167
P1,C010,Baseline,2950,0.6419157597326725,0.4293886273033588,0.8749099289044107
P1,C010,Baseline,2975,0.6410915509620945,0.4287712218256807,0.8735664703931842
P1,C010,Baseline,3000,0.6404286215207051,0.42780228737278553,0.8727726498173346
P1,C010,Baseline,3025,0.6401991328579353,0.4276936976326869,0.8725409547955264
P1,C010,Baseline,3050,0.6400924460924768,0.42754789964769446,0.8725020031237865
P1,C010,Baseline,3075,0.6389441315125534,0.4264563423639342,0.8719920713382991
P1,C010,Baseline,3100,0.6374413437799935,0.42485719082873236,0.8708165167605847
P1,C010,Baseline,3125,0.6359038631557892,0.42380039864741864,0.8694383576596526
P1,C010,Baseline,3150,0.6330092670397292,0.4207245058033,0.8655443446209465
P1,C010,Baseline,3175,0.6314242997380133,0.4192545015379014,0.8645439438323038
P1,C010,Baseline,3200,0.6290888900205076,0.4169190918203955,0.8623842147274947
P1,C010,Baseline,3225,0.6279021660506054,0.41531097188019667,0.8617051219893899
P1,C010,Baseline,3250,0.6277750823293231,0.41517969649388486,0.8617051184387513
P1,C010,Baseline,3275,0.6266892834516302,0.4136779692093742,0.860689855074246
P1,C010,Baseline,3300,0.6266603297731252,0.41359255585778476,0.860689855074246
P1,C010,Baseline,3325,0.6240944581110566,0.41217452288845446,0.8568798032840986
P1,C010,Baseline,3350,0.6237284905830388,0.411970356984261,0.8566561513655574
P1,C010,Baseline,3375,0.622035212153463,0.4096266533578038,0.8554584561297474
P1,C010,Baseline,3400,0.620680426156044,0.4087510381002344,0.8543485906638806
P1,C010,Baseline,3425,0.6183621024022644,0.40771810422492116,0.8504923385339259
P1,C010,Baseline,3450,0.6172940068615403,0.4068934042045151,0.849668187707404
P1,C010,Baseline,3475,0.6111195299459634,0.4028671479558803,0.840785891058345
P1,C010,Baseline,3500,0.6093959780746353,0.40045015998283506,0.8384920833870725
P1,C010,Baseline,3525,0.6090646135084121,0.4000017946250234,0.8381725189808845
P1,C010,Baseline,3550,0.6079406064591636,0.39913622298938733,0.8370050018552213
P1,C010,Baseline,3575,0.6064892745811297,0.39731666736000776,0.8358267002705144
P1,C010,Baseline,3600,0.60608594514768,0.39681365778836214,0.8354543449582191
P1,C010,Baseline,3625,0.6022273020165436,0.39430260318586086,0.830977001025423
P1,C010,Baseline,3650,0.6015071790114227,0.3934417647666188,0.830113392610563
P1,C010,Baseline,3675,0.6013010674970277,0.3933682230605821,0.8300176679178178
P1,C010,Baseline,3700,0.600290148316576,0.3927447911918321,0.8284599571731306
P1,C010,Baseline,3725,0.5987321066616575,0.39191998479003526,0.8269181293019957
P1,C010,Baseline,3750,0.5963994632159516,0.3909258183562122,0.8248304303633119
P1,C010,Baseline,3775,0.5935719983868992,0.38862180186680384,0.8210734724106911
P1,C010,Baseline,3800,0.5932586633468245,0.38862180186680384,0.8207614727320726
P1,C010,Baseline,3825,0.5932255003820056,0.38861931464444244,0.8207606436579521
P1,C010,Baseline,3850,0.5930407836617432,0.3883045062874223,0.8206309079504435
P1,C010,Baseline,3875,0.5921288067060649,0.38646151029981207,0.8198152843711463
P1,C010,Baseline,3900,0.5921288067060649,0.38646151029981207,0.8198152843711463
P1,C010,Baseline,3925,0.5917011529453312,0.38636242838155177,0.8193013588758075
P1,C010,Baseline,3950,0.5903029064628672,0.38479681209140876,0.8182868998971027
P1,C010,Baseline,3975,0.5897688530130751,0.3842022964413478,0.8175805796336236
P1,C010,Baseline,4000,0.5892808291021646,0.3837255700406289,0.8167674364027964
P1,C010,Baseline,4025,0.5876962099048791,0.3822797929753677,0.8152172861543163
P1,C010,Baseline,4050,0.5866454004239309,0.3819510036765318,0.8143984533260344
P1,C010,Baseline,4075,0.5847557791092739,0.37986426668927725,0.8130485218938115
P1,C010,Baseline,4100,0.5845922914238671,0.37970013798257574,0.8128809470162695
P1,C010,Baseline,4125,0.5838400603201211,0.3790534419396784,0.8119784627711284
P1,C010,Baseline,4150,0.5835614899195922,0.37872535162765514,0.8117592353224328
P1,C010,Baseline,4175,0.5826442916232574,0.3781963682190239,0.810688283626711
P1,C010,Baseline,4200,0.5816339945854448,0.37764597395312705,0.8092949115085166
P1,C010,Baseline,4225,0.5777945416859694,0.3764629772498096,0.8007699361429983
P1,C010,Baseline,4250,0.5777945416859694,0.3764629772498096,0.8007699361429983
P1,C010,Baseline,4275,0.5777945416859694,0.3764629772498096,0.8007699361429983
P1,C010,Baseline,4300,0.5777944701782303,0.37646283780971823,0.8007698628475655
P1,C010,Baseline,4325,0.5775559149114887,0.3764592199947717,0.8006590971738705
P1,C010,Baseline,4350,0.5773639118972683,0.37633854342493933,0.8006582166070875
P1,C010,Baseline,4375,0.5773639118972683,0.37633854342493933,0.8006582166070875
P1,C010,Baseline,4400,0.5773639118972683,0.37633854342493933,0.8006582166070875
P1,C010,Baseline,4425,0.5745927451749299,0.37551731486175,0.7967320148946284
P1,C010,Baseline,4450,0.573520871512905,0.3749145526656017,0.7953404483619542
P1,C010,Baseline,4475,0.5722334729444235,0.37414604233219206,0.7937700802994665
P1,C010,Baseline,4500,0.5722334729444235,0.37414604233219206,0.7937700802994665
P1,C010,Baseline,4525,0.5708704353449643,0.3731598247971314,0.7916930229924316
P1,C010,Baseline,4550,0.5708704353449643,0.3731598247971314,0.7916930229924316
P1,C010,Baseline,4575,0.5684840621379393,0.3726160829654862,0.7873191990271666
P1,C010,Baseline,4600,0.56837658225816,0.3725942446156775,0.7871473959287905
P1,C010,Baseline,4625,0.5683315607674403,0.3725942446156775,0.7869695610404478
P1,C010,Baseline,4650,0.5675639414313141,0.3715097110993705,0.7866343316829262
P1,C010,Baseline,4675,0.5675639414313141,0.3715097110993705,0.7866343316829262
P1,C010,Baseline,4700,0.5672215177697847,0.37150499860402514,0.7860708098278177
P1,C010,Baseline,4725,0.566150367203887,0.37072508055370884,0.7839426882802434
P1,C010,Baseline,4750,0.5660950110717561,0.37067052902617426,0.7838873321481126
P1,C010,Baseline,4775,0.5657462381922712,0.3705124299745193,0.7835385592686276
P1,C010,Baseline,4800,0.5657362949422432,0.37050255919912345,0.7835382418364761
P1,C010,Baseline,4825,0.5657362949422432,0.37050255919912345,0.7835382418364761
P1,C010,Baseline,4850,0.5633330991522995,0.37036321367830005,0.780115072100379
P1,C010,Baseline,4875,0.5633330991522995,0.37036321367830005,0.780115072100379
P1,C010,Baseline,4900,0.5633330991522995,0.37036321367830005,0.780115072100379
P1,C010,Baseline,4925,0.563153795182673,0.3700061407216632,0.7799402507299931
P1,C010,Baseline,4950,0.5627481942733539,0.36919129659702093,0.7798274257263079
P1,C010,Baseline,4975,0.5626558251457807,0.36909892746944767,0.7797350565987348
P1,C010,Baseline,5000,0.5623015153440334,0.36862253890691726,0.7794993268069386
P1,C010,GP mean,1,7.222928573717546,7.125012972498138,7.3281818124790865
P1,C010,GP mean,25,3.8189747342390907,3.7254898176478966,3.9064194450740795
P1,C010,GP mean,50,2.447373165263741,2.3255603895366224,2.5670578835741122
P1,C010,GP mean,75,1.7563144534271442,1.6231052182780565,1.8901025068966304
P1,C010,GP mean,100,1.324503847048655,1.1895958847807255,1.463576351872234
P1,C010,GP mean,125,1.0479137475748883,0.9268705012615212,1.1792388461412349
P1,C010,GP mean,150,0.8717328710911894,0.7614335943991178,0.9978697482231106
P1,C010,GP mean,175,0.7513306290683465,0.6490577407126037,0.8672466543573747
P1,C010,GP mean,200,0.6648984186833913,0.5714618439790212,0.7750078067004695
P1,C010,GP mean,225,0.5944907776127892,0.5104399819806212,0.6927328950166998
P1,C010,GP mean,250,0.5488256481123048,0.4733051763706739,0.6375711764599001
P1,C010,GP mean,275,0.5113326640206185,0.4457720014991875,0.5851299467195639
P1,C010,GP mean,300,0.4836978950484943,0.4245169858237298,0.549253114430558
P1,C010,GP mean,325,0.46337196576866324,0.40890163500416643,0.5212236219262685
P1,C010,GP mean,350,0.4466604977587378,0.39626800023512226,0.4991214678552968
P1,C010,GP mean,375,0.4325141701695476,0.3847504556143762,0.48194752482729664
P1,C010,GP mean,400,0.4215092126223778,0.37460106831884077,0.4694365173365591
P1,C010,GP mean,425,0.41570273570821614,0.36966752521474344,0.4627875794383369
P1,C010,GP mean,450,0.40961036305404874,0.36413495737297824,0.456055490984622
P1,C010,GP mean,475,0.40372969443386675,0.3602697617661607,0.4480068178020719
P1,C010,GP mean,500,0.3970323855525757,0.35405959946221505,0.4402638581174847
P1,C010,GP mean,525,0.3924625228935559,0.3507955743514911,0.43410664701380713
P1,C010,GP mean,550,0.38900250204158365,0.3481659852169337,0.4295654876588152
P1,C010,GP mean,575,0.3837437288142919,0.3439815634165192,0.42300414549876264
P1,C010,GP mean,600,0.38007991330408697,0.34049916258153606,0.41944591429641426
P1,C010,GP mean,625,0.37831784001465585,0.3383400492016181,0.4179071786284021
P1,C010,GP mean,650,0.37642310291927145,0.33665961238370395,0.4157439342773862
P1,C010,GP mean,675,0.3735316992029322,0.33415393106269714,0.4124721135762569
P1,C010,GP mean,700,0.3710035337849376,0.3313789592371137,0.40988290940861655
P1,C010,GP mean,725,0.3682080728923804,0.32858866829705574,0.407104966150499
P1,C010,GP mean,750,0.3661219730899323,0.32713172101846855,0.4045732731695716
P1,C010,GP mean,775,0.3644372028878366,0.3258104048493996,0.4028757363710861
P1,C010,GP mean,800,0.3632555083374403,0.3249383852805722,0.40145733191572286
P1,C010,GP mean,825,0.3616266561678933,0.3235511318101945,0.3995451606306227
P1,C010,GP mean,850,0.360478127353726,0.32241813751600834,0.39817463279836834
P1,C010,GP mean,875,0.3591501945025944,0.32111921237229824,0.39714096871838583
P1,C010,GP mean,900,0.3569861703923331,0.31883935473126673,0.3949597976125959
P1,C010,GP mean,925,0.3556945328160869,0.31782502008746294,0.3936127290062189
P1,C010,GP mean,950,0.3541799221815411,0.3160312789000973,0.39252585475898094
P1,C010,GP mean,975,0.35291770597083877,0.3147323825871437,0.3913192193575937
P1,C010,GP mean,1000,0.35181144756253824,0.31370968363801865,0.3900103661217523
P1,C010,GP mean,1025,0.3508082594859543,0.31268352912267017,0.3891299422342483
P1,C010,GP mean,1050,0.3499279031995901,0.3118520041676158,0.38825794199901215
P1,C010,GP mean,1075,0.3489748100919989,0.31093115112868636,0.38724309831815834
P1,C010,GP mean,1100,0.34719960943880296,0.3091918078949081,0.38518255267884793
P1,C010,GP mean,1125,0.3462813810509632,0.3085008621909129,0.38405349332384237
P1,C010,GP mean,1150,0.3456446146847743,0.3077088256617974,0.38367748338506014
P1,C010,GP mean,1175,0.34480183213326465,0.30689461056830664,0.3827694200644558
P1,C010,GP mean,1200,0.3442227660299763,0.30643813816692245,0.3820677471146071
P1,C010,GP mean,1225,0.34374885763494273,0.306122939284675,0.3815114114581872
P1,C010,GP mean,1250,0.342004328162763,0.30460239351611434,0.3793708318125035
P1,C010,GP mean,1275,0.3412448447267777,0.3040090257980515,0.3784985374770025
P1,C010,GP mean,1300,0.34031403050720876,0.30288434957291593,0.37767191469840894
P1,C010,GP mean,1325,0.3393513309140407,0.3021077335170582,0.3766476141750371
P1,C010,GP mean,1350,0.33871543026064255,0.3013815504128282,0.3761470473595647
P1,C010,GP mean,1375,0.3378050496468015,0.3008008417854638,0.3751037859191384
P1,C010,GP mean,1400,0.3368633753355779,0.2998825677958334,0.3738403213919418
P1,C010,GP mean,1425,0.33652018214741114,0.299706067236453,0.37351080992192487
P1,C010,GP mean,1450,0.3356912808880651,0.29885644169632264,0.37282141444738587
P1,C010,GP mean,1475,0.3349245959968634,0.29800485118590847,0.3721763396887168
P1,C010,GP mean,1500,0.33456032733374685,0.29771397787991466,0.37169013653605437
P1,C010,GP mean,1525,0.33437282528992684,0.29755623918873086,0.37150158938517663
P1,C010,GP mean,1550,0.333690385844262,0.29689899320908125,0.3707254314297068
P1,C010,GP mean,1575,0.33241584515134703,0.29532689618377833,0.36993192467386893
P1,C010,GP mean,1600,0.331920227594677,0.29480725793974594,0.36936699612319623
P1,C010,GP mean,1625,0.3313902420550042,0.294242512943308,0.3690502878787776
P1,C010,GP mean,1650,0.33103539607783494,0.2939233932735317,0.3685787542401756
P1,C010,GP mean,1675,0.330492569240908,0.2934807076718442,0.3682354910005701
P1,C010,GP mean,1700,0.33009666423510703,0.29313782109828923,0.367560700374867
P1,C010,GP mean,1725,0.32955948948324054,0.292472921164017,0.3670442778654501
P1,C010,GP mean,1750,0.3282534966284108,0.2915510962689634,0.3652041884469508
P1,C010,GP mean,1775,0.3279591834878314,0.29118960101592833,0.36502480247853086
P1,C010,GP mean,1800,0.32775971507705004,0.2909778150583467,0.36478796577352596
P1,C010,GP mean,1825,0.3272589590693621,0.29049407541831046,0.3641247831827929
P1,C010,GP mean,1850,0.327096754608841,0.2904210759837512,0.36404933500593156
P1,C010,GP mean,1875,0.3264977307728933,0.28990675192431564,0.36340412963507573
P1,C010,GP mean,1900,0.3261062917305482,0.28944288523853334,0.36297964901942126
P1,C010,GP mean,1925,0.3256345895373672,0.2888326104101635,0.3626548268411867
P1,C010,GP mean,1950,0.32520239245639676,0.28834942275283665,0.36226157278545357
P1,C010,GP mean,1975,0.3247596286436339,0.28808768203793,0.3616436739575962
P1,C010,GP mean,2000,0.3245121331632768,0.2879609233896087,0.361359438857714
P1,C010,GP mean,2025,0.3243781079365103,0.28774280071386205,0.36122831876642947
P1,C010,GP mean,2050,0.3239514426094011,0.2873504787845044,0.36077885978586505
P1,C010,GP mean,2075,0.3236245828771579,0.2871287519736825,0.36043050168514246
P1,C010,GP mean,2100,0.32323207381169194,0.2867504198125965,0.3600496712635183
P1,C010,GP mean,2125,0.32279075814506364,0.28634128632639055,0.35947537422242765
P1,C010,GP mean,2150,0.32162564170268304,0.28527932763989006,0.3580651048437609
P1,C010,GP mean,2175,0.3212116901856287,0.2848571322715111,0.3575615083085387
P1,C010,GP mean,2200,0.3210102083926405,0.28470176440387157,0.3573283273355137
P1,C010,GP mean,2225,0.32071114551938423,0.2844415758197882,0.35708921249457104
P1,C010,GP mean,2250,0.3198452931504471,0.2830056449262125,0.35674050413908187
P1,C010,GP mean,2275,0.31921630195764233,0.28239941360776527,0.3560174969282647
P1,C010,GP mean,2300,0.3184898794458028,0.28154945122137637,0.3555391424832286
P1,C010,GP mean,2325,0.31794187096944654,0.2810967667415756,0.3548976731243393
P1,C010,GP mean,2350,0.3174390137695072,0.2807043286087918,0.35424505521891403
P1,C010,GP mean,2375,0.3168062078953058,0.28024019732795835,0.3534512142307138
P1,C010,GP mean,2400,0.3166803424030064,0.2801248429869281,0.35329543564715316
P1,C010,GP mean,2425,0.3164628335318146,0.27995387482949485,0.3530382077725614
P1,C010,GP mean,2450,0.31621662238012926,0.2797195979921827,0.35278608460811806
P1,C010,GP mean,2475,0.31589039534689795,0.27951872853733334,0.3523652439020068
P1,C010,GP mean,2500,0.31556963165010266,0.27937014519834097,0.3519043892851001
P1,C010,GP mean,2525,0.31534696866551964,0.27914700870652775,0.35174794412525023
P1,C010,GP mean,2550,0.315304823052887,0.279107272342286,0.3516915499870012
P1,C010,GP mean,2575,0.31476396513562793,0.2785490348976122,0.35104089379549863
P1,C010,GP mean,2600,0.3146603374731771,0.27836751421917827,0.350990524010263
P1,C010,GP mean,2625,0.3138686759950504,0.2778552512271841,0.35010832045826923
P1,C010,GP mean,2650,0.31340936359712385,0.2774747583219985,0.3494907594098605
P1,C010,GP mean,2675,0.3131186093327147,0.27715243578117654,0.34917487292337784
P1,C010,GP mean,2700,0.312446875435495,0.2764692000164435,0.3486319001691506
P1,C010,GP mean,2725,0.31224989210613435,0.27616312240064295,0.348553019503981
P1,C010,GP mean,2750,0.31222813993471515,0.2761413702292238,0.3485312673325618
P1,C010,GP mean,2775,0.31201738711943144,0.2759878204874754,0.3483002811489516
P1,C010,GP mean,2800,0.3118022796825921,0.2757884122252765,0.3479680849929518
P1,C010,GP mean,2825,0.3114924258879449,0.27550850775718083,0.3477185959028382
P1,C010,GP mean,2850,0.3110785041702435,0.2751856695067079,0.34711120673008755
P1,C010,GP mean,2875,0.31065803122337865,0.27463837381059925,0.3468485891656019
P1,C010,GP mean,2900,0.3106195959750605,0.2746299638465684,0.346807537647277
P1,C010,GP mean,2925,0.3102590363659171,0.2742700464598676,0.34634494829891027
P1,C010,GP mean,2950,0.3094102338739684,0.27370041909755566,0.34516266028805165
P1,C010,GP mean,2975,0.309014966200413,0.27317327034101235,0.3449067520006532
P1,C010,GP mean,3000,0.3082570543051154,0.27239767506074364,0.3440222765862564
P1,C010,GP mean,3025,0.30781530935866686,0.271745896751044,0.34372411744265224
P1,C010,GP mean,3050,0.30754560020515953,0.2715532173078672,0.3434138872067267
P1,C010,GP mean,3075,0.30743140444243816,0.2714359732229122,0.34332364569852347
P1,C010,GP mean,3100,0.307116687235077,0.27115418061287977,0.3429759163667388
P1,C010,GP mean,3125,0.3069350258558349,0.2709350406748677,0.3429154947672654
P1,C010,GP mean,3150,0.30675527190845303,0.2707788030718878,0.34268058095368586
P1,C010,GP mean,3175,0.3066623500680426,0.27066540245490084,0.34258582082403877
P1,C010,GP mean,3200,0.30666232620443,0.27066537918787864,0.3425857736934039
P1,C010,GP mean,3225,0.3060838737571524,0.2700217472480721,0.3420233408642938
P1,C010,GP mean,3250,0.30598799698960044,0.2698973642296349,0.341944445975332
P1,C010,GP mean,3275,0.30588584422240084,0.2697637370780951,0.34183505860723873
P1,C010,GP mean,3300,0.3058052548439588,0.26973171490078607,0.3417920120453017
P1,C010,GP mean,3325,0.30550481974711974,0.26950274611610886,0.34129638868430995
P1,C010,GP mean,3350,0.30540857079919126,0.26939344504915436,0.34121702045288943
P1,C010,GP mean,3375,0.30535175262070446,0.2693397284871008,0.34115152374148033
P1,C010,GP mean,3400,0.3048713840539578,0.26888813037008713,0.3407511419102563
P1,C010,GP mean,3425,0.30473000324853033,0.26876553971021405,0.34061084004190506
P1,C010,GP mean,3450,0.304674169447582,0.26871837458609077,0.3405559580704571
P1,C010,GP mean,3475,0.30425023423066805,0.2681905235188424,0.34034635220180676
P1,C010,GP mean,3500,0.3040262868287504,0.2679875409582569,0.3400630446778955
P1,C010,GP mean,3525,0.3039896826615825,0.26798668757524524,0.3400038124483687
P1,C010,GP mean,3550,0.30372575309353106,0.26768444976981287,0.33972115772843325
P1,C010,GP mean,3575,0.30364977537823684,0.2676284507128832,0.33963461707203724
P1,C010,GP mean,3600,0.3032457073986962,0.267232267457121,0.3392305789956561
P1,C010,GP mean,3625,0.30298890061760847,0.26701757896550565,0.3390153969390585
P1,C010,GP mean,3650,0.3029843407476304,0.2670174177919797,0.339006514269379
P1,C010,GP mean,3675,0.30288732998288787,0.26684003680026464,0.33894165676000715
P1,C010,GP mean,3700,0.30278366552067354,0.26678603175349164,0.3388690956606715
P1,C010,GP mean,3725,0.30225928579490086,0.2662466082376097,0.33832976241582247
P1,C010,GP mean,3750,0.3022106452132873,0.2662466082376097,0.33829254876107956
P1,C010,GP mean,3775,0.30202247283124345,0.26596087272257635,0.3381087512453606
P1,C010,GP mean,3800,0.301933626714283,0.2659060906098608,0.33807024493526766
P1,C010,GP mean,3825,0.3018500156669129,0.26575246306097816,0.33801527586260344
P1,C010,GP mean,3850,0.3018148017819236,0.2656615828674011,0.33801173295759424
P1,C010,GP mean,3875,0.30160688803411745,0.2655759681866697,0.33776245759411166
P1,C010,GP mean,3900,0.3015639489775997,0.26553291717942773,0.3377205920140068
P1,C010,GP mean,3925,0.3014922397655369,0.2654954659054138,0.33768436260464596
P1,C010,GP mean,3950,0.30135871980831913,0.2653184094487565,0.3375552368219148
P1,C010,GP mean,3975,0.3012975739286537,0.2652414172528335,0.3374677291188168
P1,C010,GP mean,4000,0.3011485038997595,0.265133029976545,0.3373474329160788
P1,C010,GP mean,4025,0.30070627182862625,0.2646349821656453,0.3369100420153364
P1,C010,GP mean,4050,0.3005433425026744,0.2644655789090728,0.33679609858697096
P1,C010,GP mean,4075,0.3003614676861415,0.2644039724495391,0.33648266918573816
P1,C010,GP mean,4100,0.300245551751623,0.2642281056408358,0.3364118822583967
P1,C010,GP mean,4125,0.3000578605304189,0.2639575114334167,0.3363597719130172
P1,C010,GP mean,4150,0.29986559594846335,0.26386795975582483,0.3361023863997224
P1,C010,GP mean,4175,0.2995876378744104,0.26353305158520324,0.3357588685165629
P1,C010,GP mean,4200,0.29951592837129964,0.26346131720117894,0.33564091259540046
P1,C010,GP mean,4225,0.29951592837129964,0.26346131720117894,0.33564091259540046
P1,C010,GP mean,4250,0.2994218726912448,0.26328208301437767,0.33555681633187817
P1,C010,GP mean,4275,0.2994177747154851,0.263277985038618,0.33555271835611844
P1,C010,GP mean,4300,0.299381800967011,0.2632492292370226,0.33552193285151277
P1,C010,GP mean,4325,0.2993817776377318,0.2632492280705586,0.3355219316850488
P1,C010,GP mean,4350,0.29924784329178084,0.26314174258425704,0.33538091764741856
P1,C010,GP mean,4375,0.29908707095306736,0.26297711232845455,0.3353295832433295
P1,C010,GP mean,4400,0.2990630514171662,0.26295642920779455,0.3353295832433295
P1,C010,GP mean,4425,0.2986810839130009,0.2626477551398563,0.33497825202130893
P1,C010,GP mean,4450,0.29866578278377115,0.26264264297386175,0.3349509615230704
P1,C010,GP mean,4475,0.29861967737827283,0.26261893358502525,0.33492745930919593
P1,C010,GP mean,4500,0.29855978444695724,0.2626049624617949,0.334795797960375
P1,C010,GP mean,4525,0.29833019667654453,0.2622552244866551,0.33477654833565884
P1,C010,GP mean,4550,0.2977380145163305,0.2615089817015093,0.33426829494863813
P1,C010,GP mean,4575,0.2974014511572856,0.2611866291146152,0.3339743233923208
P1,C010,GP mean,4600,0.29722773194272717,0.26108469466327167,0.3338154109312482
P1,C010,GP mean,4625,0.297197728611228,0.2610508726895539,0.3338154109312482
P1,C010,GP mean,4650,0.29677213665387636,0.2608863565302249,0.33315024808618465
P1,C010,GP mean,4675,0.2966361541393453,0.2607254168911819,0.33308599026317154
P1,C010,GP mean,4700,0.29661400897349477,0.260690288241408,0.3330586723152256
P1,C010,GP mean,4725,0.29656107416539795,0.2606509197462799,0.333005784190185
P1,C010,GP mean,4750,0.29653608013838917,0.26061309707831415,0.3329998967710103
P1,C010,GP mean,4775,0.2964669323429162,0.2605789735701837,0.33291166588335097
P1,C010,GP mean,4800,0.29638749401261916,0.26050262326633683,0.3328095791543512
P1,C010,GP mean,4825,0.2961292429755715,0.26016702945871084,0.33262083167803885
P1,C010,GP mean,4850,0.2960430476070409,0.2601422885164156,0.33242581464916315
P1,C010,GP mean,4875,0.29571837360221853,0.2597564815306512,0.3321976309665817
P1,C010,GP mean,4900,0.2957183496192045,0.25975645814721254,0.33219760638399237
P1,C010,GP mean,4925,0.29540590765026,0.2594157813644235,0.331953532371513
P1,C010,GP mean,4950,0.2952583006659736,0.2592826554450965,0.3318455734878285
P1,C010,GP mean,4975,0.29517041081886985,0.2592010340667228,0.33160235125797694
P1,C010,GP mean,5000,0.2950523075516208,0.2591183534854752,0.3313819854214686
P1,C001,Baseline,1,7.291063872152322,7.171873445273799,7.416875027696594
P1,C001,Baseline,25,4.381219251213907,4.284430133997253,4.4791819179112
P1,C001,Baseline,50,3.235986535142753,3.136112481421641,3.3382765356883466
P1,C001,Baseline,75,2.7076849166608303,2.5769268925435136,2.8343706216054922
P1,C001,Baseline,100,2.185544226516899,2.024043867262814,2.3420958556938736
P1,C001,Baseline,125,1.7013182284294608,1.5258064244706058,1.8749916094469081
P1,C001,Baseline,150,1.1377150190259153,0.9923816437045876,1.292651103369635
P1,C001,Baseline,175,0.8274165101724859,0.7226605028446377,0.9432057544673633
P1,C001,Baseline,200,0.678637245826262,0.6073980007206603,0.7555079635873809
P1,C001,Baseline,225,0.6469131474109732,0.5840093313269871,0.7139603041216358
P1,C001,Baseline,250,0.6258075416973959,0.5721182974161589,0.6797726679947453
P1,C001,Baseline,275,0.6194551179863247,0.5684589929097807,0.6692102597780231
P1,C001,Baseline,300,0.6177198992383174,0.5670583705200712,0.6667871219291646
P1,C001,Baseline,325,0.6177198256406112,0.567058366840186,0.6667869747337525
P1,C001,Baseline,350,0.6173115604799507,0.5667736510849827,0.666144096744406
P1,C001,Baseline,375,0.6155833958800935,0.565477421397521,0.6645226678127669
P1,C001,Baseline,400,0.6154530350102084,0.5653472034396175,0.6643745272903707
P1,C001,Baseline,425,0.6150395399595282,0.5649793294456962,0.6640195858240695
P1,C001,Baseline,450,0.6142404611760796,0.5643364873832423,0.6628332836863995
P1,C001,Baseline,475,0.6141851614672215,0.5642790715196458,0.6627751506892171
P1,C001,Baseline,500,0.614028351255744,0.5641904367082183,0.6625307260527391
P1,C001,Baseline,525,0.614028351255744,0.5641904367082183,0.6625307260527391
P1,C001,Baseline,550,0.613505292358855,0.5637059216721192,0.6620431049664158
P1,C001,Baseline,575,0.613505292358855,0.5637059216721192,0.6620431049664158
P1,C001,Baseline,600,0.613505292358855,0.5637059216721192,0.6620431049664158
P1,C001,Baseline,625,0.6120497618388953,0.5624382062761744,0.6606453253023372
P1,C001,Baseline,650,0.6106742943105489,0.5606797879187522,0.6595089947667693
P1,C001,Baseline,675,0.6106742207128427,0.5606794990477555,0.6595089193291205
P1,C001,Baseline,700,0.6106742207128427,0.5606794990477555,0.6595089193291205
P1,C001,Baseline,725,0.6106742207128427,0.5606794990477555,0.6595089193291205
P1,C001,Baseline,750,0.6106742207128427,0.5606794990477555,0.6595089193291205
P1,C001,Baseline,775,0.6106742207128427,0.5606794990477555,0.6595089193291205
P1,C001,Baseline,800,0.6106742207128427,0.5606794990477555,0.6595089193291205
P1,C001,Baseline,825,0.6106742207128427,0.5606794990477555,0.6595089193291205
P1,C001,Baseline,850,0.6106742207128427,0.5606794990477555,0.6595089193291205
P1,C001,Baseline,875,0.6105608409832018,0.560569444370003,0.6594204008358091
P1,C001,Baseline,900,0.6105608409832018,0.560569444370003,0.6594204008358091
P1,C001,Baseline,925,0.6105608409832018,0.560569444370003,0.6594204008358091
P1,C001,Baseline,950,0.6105608409832018,0.560569444370003,0.6594204008358091
P1,C001,Baseline,975,0.6099697042082176,0.5597087078112889,0.6591344286249184
P1,C001,Baseline,1000,0.6099697042082176,0.5597087078112889,0.6591344286249184
P1,C001,Baseline,1025,0.6099697042082176,0.5597087078112889,0.6591344286249184
P1,C001,Baseline,1050,0.6099697042082176,0.5597087078112889,0.6591344286249184
P1,C001,Baseline,1075,0.6099697042082176,0.5597087078112889,0.6591344286249184
P1,C001,Baseline,1100,0.6099697042082176,0.5597087078112889,0.6591344286249184
P1,C001,Baseline,1125,0.6099697042082176,0.5597087078112889,0.6591344286249184
P1,C001,Baseline,1150,0.6099697042082176,0.5597087078112889,0.6591344286249184
P1,C001,Baseline,1175,0.6099697042082176,0.5597087078112889,0.6591344286249184
P1,C001,Baseline,1200,0.6099697042082176,0.5597087078112889,0.6591344286249184
P1,C001,Baseline,1225,0.6099697042082176,0.5597087078112889,0.6591344286249184
P1,C001,Baseline,1250,0.6099697042082176,0.5597087078112889,0.6591344286249184
P1,C001,Baseline,1275,0.6097878369449462,0.5594747585656311,0.6589661396727117
P1,C001,Baseline,1300,0.6097878369449462,0.5594747585656311,0.6589661396727117
P1,C001,Baseline,1325,0.60806888892247,0.5572535120913378,0.6575947602273386
P1,C001,Baseline,1350,0.60806888892247,0.5572535120913378,0.6575947602273386
P1,C001,Baseline,1375,0.60806888892247,0.5572535120913378,0.6575947602273386
P1,C001,Baseline,1400,0.6079610682831084,0.5570655701517186,0.6574852028618228
P1,C001,Baseline,1425,0.6079610682831084,0.5570655701517186,0.6574852028618228
P1,C001,Baseline,1450,0.6079610682831084,0.5570655701517186,0.6574852028618228
P1,C001,Baseline,1475,0.6079610682831084,0.5570655701517186,0.6574852028618228
P1,C001,Baseline,1500,0.6079610682831084,0.5570655701517186,0.6574852028618228
P1,C001,Baseline,1525,0.6079610682831084,0.5570655701517186,0.6574852028618228
P1,C001,Baseline,1550,0.6079610682831084,0.5570655701517186,0.6574852028618228
P1,C001,Baseline,1575,0.6079610682831084,0.5570655701517186,0.6574852028618228
P1,C001,Baseline,1600,0.6079610682831084,0.5570655701517186,0.6574852028618228
P1,C001,Baseline,1625,0.6079610682831084,0.5570655701517186,0.6574852028618228
P1,C001,Baseline,1650,0.6079610682831084,0.5570655701517186,0.6574852028618228
P1,C001,Baseline,1675,0.6079610682831084,0.5570655701517186,0.6574852028618228
P1,C001,Baseline,1700,0.6079610682831084,0.5570655701517186,0.6574852028618228
P1,C001,Baseline,1725,0.6079610682831084,0.5570655701517186,0.6574852028618228
P1,C001,Baseline,1750,0.6079610682831084,0.5570655701517186,0.6574852028618228
P1,C001,Baseline,1775,0.6079610682831084,0.5570655701517186,0.6574852028618228
P1,C001,Baseline,1800,0.6079610682831084,0.5570655701517186,0.6574852028618228
P1,C001,Baseline,1825,0.6079610682831084,0.5570655701517186,0.6574852028618228
P1,C001,Baseline,1850,0.6079610682831084,0.5570655701517186,0.6574852028618228
P1,C001,Baseline,1875,0.6079610682831084,0.5570655701517186,0.6574852028618228
P1,C001,Baseline,1900,0.6079610682831084,0.5570655701517186,0.6574852028618228
P1,C001,Baseline,1925,0.6079610682831084,0.5570655701517186,0.6574852028618228
P1,C001,Baseline,1950,0.6079610682831084,0.5570655701517186,0.6574852028618228
P1,C001,Baseline,1975,0.6079610682831084,0.5570655701517186,0.6574852028618228
P1,C001,Baseline,2000,0.6079610682831084,0.5570655701517186,0.6574852028618228
P1,C001,Baseline,2025,0.6079610682831084,0.5570655701517186,0.6574852028618228
P1,C001,Baseline,2050,0.6079610682831084,0.5570655701517186,0.6574852028618228
P1,C001,Baseline,2075,0.6079610682831084,0.5570655701517186,0.6574852028618228
P1,C001,Baseline,2100,0.6079610682831084,0.5570655701517186,0.6574852028618228
P1,C001,Baseline,2125,0.6079610682831084,0.5570655701517186,0.6574852028618228
P1,C001,Baseline,2150,0.6079610682831084,0.5570655701517186,0.6574852028618228
P1,C001,Baseline,2175,0.6079610682831084,0.5570655701517186,0.6574852028618228
P1,C001,Baseline,2200,0.6079610682831084,0.5570655701517186,0.6574852028618228
P1,C001,Baseline,2225,0.6079610682831084,0.5570655701517186,0.6574852028618228
P1,C001,Baseline,2250,0.6077657399712547,0.5569331281250613,0.6573895119488206
P1,C001,Baseline,2275,0.6077657399712547,0.5569331281250613,0.6573895119488206
P1,C001,Baseline,2300,0.6077657399712547,0.5569331281250613,0.6573895119488206
P1,C001,Baseline,2325,0.6077657399712547,0.5569331281250613,0.6573895119488206
P1,C001,Baseline,2350,0.6077657399712547,0.5569331281250613,0.6573895119488206
P1,C001,Baseline,2375,0.6073161315850023,0.5561944178343377,0.6571690672959422
P1,C001,Baseline,2400,0.6073161315850023,0.5561944178343377,0.6571690672959422
P1,C001,Baseline,2425,0.6073161315850023,0.5561944178343377,0.6571690672959422
P1,C001,Baseline,2450,0.6073161315850023,0.5561944178343377,0.6571690672959422
P1,C001,Baseline,2475,0.6073161315850023,0.5561944178343377,0.6571690672959422
P1,C001,Baseline,2500,0.6073161315850023,0.5561944178343377,0.6571690672959422
P1,C001,Baseline,2525,0.6073161315850023,0.5561944178343377,0.6571690672959422
P1,C001,Baseline,2550,0.6073161315850023,0.5561944178343377,0.6571690672959422
P1,C001,Baseline,2575,0.6073161315850023,0.5561944178343377,0.6571690672959422
P1,C001,Baseline,2600,0.6073161315850023,0.5561944178343377,0.6571690672959422
P1,C001,Baseline,2625,0.6073161315850023,0.5561944178343377,0.6571690672959422
P1,C001,Baseline,2650,0.6073161315850023,0.5561944178343377,0.6571690672959422
P1,C001,Baseline,2675,0.6073161315850023,0.5561944178343377,0.6571690672959422
P1,C001,Baseline,2700,0.6073102173751864,0.5561828851251966,0.6571687715854514
P1,C001,Baseline,2725,0.6073102173751864,0.5561828851251966,0.6571687715854514
P1,C001,Baseline,2750,0.6073102173751864,0.5561828851251966,0.6571687715854514
P1,C001,Baseline,2775,0.6073102173751864,0.5561828851251966,0.6571687715854514
P1,C001,Baseline,2800,0.6073102173751864,0.5561828851251966,0.6571687715854514
P1,C001,Baseline,2825,0.6073102173751864,0.5561828851251966,0.6571687715854514
P1,C001,Baseline,2850,0.6073102173751864,0.5561828851251966,0.6571687715854514
P1,C001,Baseline,2875,0.6073102173751864,0.5561828851251966,0.6571687715854514
P1,C001,Baseline,2900,0.6073102173751864,0.5561828851251966,0.6571687715854514
P1,C001,Baseline,2925,0.6073102173751864,0.5561828851251966,0.6571687715854514
P1,C001,Baseline,2950,0.6073102173751864,0.5561828851251966,0.6571687715854514
P1,C001,Baseline,2975,0.6073102173751864,0.5561828851251966,0.6571687715854514
P1,C001,Baseline,3000,0.6073102173751864,0.5561828851251966,0.6571687715854514
P1,C001,Baseline,3025,0.6073102173751864,0.5561828851251966,0.6571687715854514
P1,C001,Baseline,3050,0.6073102173751864,0.5561828851251966,0.6571687715854514
P1,C001,Baseline,3075,0.6073102173751864,0.5561828851251966,0.6571687715854514
P1,C001,Baseline,3100,0.6073102173751864,0.5561828851251966,0.6571687715854514
P1,C001,Baseline,3125,0.6073102173751864,0.5561828851251966,0.6571687715854514
P1,C001,Baseline,3150,0.6073102173751864,0.5561828851251966,0.6571687715854514
P1,C001,Baseline,3175,0.6073102173751864,0.5561828851251966,0.6571687715854514
P1,C001,Baseline,3200,0.6073102173751864,0.5561828851251966,0.6571687715854514
P1,C001,Baseline,3225,0.6073102173751864,0.5561828851251966,0.6571687715854514
P1,C001,Baseline,3250,0.6073102173751864,0.5561828851251966,0.6571687715854514
P1,C001,Baseline,3275,0.6073102173751864,0.5561828851251966,0.6571687715854514
P1,C001,Baseline,3300,0.6073102173751864,0.5561828851251966,0.6571687715854514
P1,C001,Baseline,3325,0.6073102173751864,0.5561828851251966,0.6571687715854514
P1,C001,Baseline,3350,0.6073102173751864,0.5561828851251966,0.6571687715854514
P1,C001,Baseline,3375,0.6073102173751864,0.5561828851251966,0.6571687715854514
P1,C001,Baseline,3400,0.6068178176627891,0.5558003623924956,0.6566523069676221
P1,C001,Baseline,3425,0.6068178176627891,0.5558003623924956,0.6566523069676221
P1,C001,Baseline,3450,0.6068178176627891,0.5558003623924956,0.6566523069676221
P1,C001,Baseline,3475,0.6068178176627891,0.5558003623924956,0.6566523069676221
P1,C001,Baseline,3500,0.6068178176627891,0.5558003623924956,0.6566523069676221
P1,C001,Baseline,3525,0.6068178176627891,0.5558003623924956,0.6566523069676221
P1,C001,Baseline,3550,0.6068178176627891,0.5558003623924956,0.6566523069676221
P1,C001,Baseline,3575,0.6068178176627891,0.5558003623924956,0.6566523069676221
P1,C001,Baseline,3600,0.6068178176627891,0.5558003623924956,0.6566523069676221
P1,C001,Baseline,3625,0.6068178176627891,0.5558003623924956,0.6566523069676221
P1,C001,Baseline,3650,0.6068178176627891,0.5558003623924956,0.6566523069676221
P1,C001,Baseline,3675,0.6068178176627891,0.5558003623924956,0.6566523069676221
P1,C001,Baseline,3700,0.604930824108978,0.5533992737097048,0.6553376060179588
P1,C001,Baseline,3725,0.604930824108978,0.5533992737097048,0.6553376060179588
P1,C001,Baseline,3750,0.604930824108978,0.5533992737097048,0.6553376060179588
P1,C001,Baseline,3775,0.604930824108978,0.5533992737097048,0.6553376060179588
P1,C001,Baseline,3800,0.604930824108978,0.5533992737097048,0.6553376060179588
P1,C001,Baseline,3825,0.604930824108978,0.5533992737097048,0.6553376060179588
P1,C001,Baseline,3850,0.604930824108978,0.5533992737097048,0.6553376060179588
P1,C001,Baseline,3875,0.604930824108978,0.5533992737097048,0.6553376060179588
P1,C001,Baseline,3900,0.604930824108978,0.5533992737097048,0.6553376060179588
P1,C001,Baseline,3925,0.604930824108978,0.5533992737097048,0.6553376060179588
P1,C001,Baseline,3950,0.604930824108978,0.5533992737097048,0.6553376060179588
P1,C001,Baseline,3975,0.604930824108978,0.5533992737097048,0.6553376060179588
P1,C001,Baseline,4000,0.604930824108978,0.5533992737097048,0.6553376060179588
P1,C001,Baseline,4025,0.604930824108978,0.5533992737097048,0.6553376060179588
P1,C001,Baseline,4050,0.604930824108978,0.5533992737097048,0.6553376060179588
P1,C001,Baseline,4075,0.604930824108978,0.5533992737097048,0.6553376060179588
P1,C001,Baseline,4100,0.604930824108978,0.5533992737097048,0.6553376060179588
P1,C001,Baseline,4125,0.604930824108978,0.5533992737097048,0.6553376060179588
P1,C001,Baseline,4150,0.604930824108978,0.5533992737097048,0.6553376060179588
P1,C001,Baseline,4175,0.604930824108978,0.5533992737097048,0.6553376060179588
P1,C001,Baseline,4200,0.604930824108978,0.5533992737097048,0.6553376060179588
P1,C001,Baseline,4225,0.6032179846961038,0.5508004146897623,0.6544153109431978
P1,C001,Baseline,4250,0.6032179846961038,0.5508004146897623,0.6544153109431978
P1,C001,Baseline,4275,0.6032179846961038,0.5508004146897623,0.6544153109431978
P1,C001,Baseline,4300,0.6032179846961038,0.5508004146897623,0.6544153109431978
P1,C001,Baseline,4325,0.6032179846961038,0.5508004146897623,0.6544153109431978
P1,C001,Baseline,4350,0.6032179846961038,0.5508004146897623,0.6544153109431978
P1,C001,Baseline,4375,0.6032179846961038,0.5508004146897623,0.6544153109431978
P1,C001,Baseline,4400,0.6032179846961038,0.5508004146897623,0.6544153109431978
P1,C001,Baseline,4425,0.6032179846961038,0.5508004146897623,0.6544153109431978
P1,C001,Baseline,4450,0.6032179846961038,0.5508004146897623,0.6544153109431978
P1,C001,Baseline,4475,0.6032179846961038,0.5508004146897623,0.6544153109431978
P1,C001,Baseline,4500,0.6032179846961038,0.5508004146897623,0.6544153109431978
P1,C001,Baseline,4525,0.6032179846961038,0.5508004146897623,0.6544153109431978
P1,C001,Baseline,4550,0.6032179846961038,0.5508004146897623,0.6544153109431978
P1,C001,Baseline,4575,0.6032179846961038,0.5508004146897623,0.6544153109431978
P1,C001,Baseline,4600,0.6032179846961038,0.5508004146897623,0.6544153109431978
P1,C001,Baseline,4625,0.6032179846961038,0.5508004146897623,0.6544153109431978
P1,C001,Baseline,4650,0.6032179846961038,0.5508004146897623,0.6544153109431978
P1,C001,Baseline,4675,0.6032179846961038,0.5508004146897623,0.6544153109431978
P1,C001,Baseline,4700,0.6032179846961038,0.5508004146897623,0.6544153109431978
P1,C001,Baseline,4725,0.6032179846961038,0.5508004146897623,0.6544153109431978
P1,C001,Baseline,4750,0.6032179846961038,0.5508004146897623,0.6544153109431978
P1,C001,Baseline,4775,0.6032179846961038,0.5508004146897623,0.6544153109431978
P1,C001,Baseline,4800,0.6032179846961038,0.5508004146897623,0.6544153109431978
P1,C001,Baseline,4825,0.6032179846961038,0.5508004146897623,0.6544153109431978
P1,C001,Baseline,4850,0.6032179846961038,0.5508004146897623,0.6544153109431978
P1,C001,Baseline,4875,0.6032179846961038,0.5508004146897623,0.6544153109431978
P1,C001,Baseline,4900,0.6032179846961038,0.5508004146897623,0.6544153109431978
P1,C001,Baseline,4925,0.6032179846961038,0.5508004146897623,0.6544153109431978
P1,C001,Baseline,4950,0.6032179846961038,0.5508004146897623,0.6544153109431978
P1,C001,Baseline,4975,0.6032179846961038,0.5508004146897623,0.6544153109431978
P1,C001,Baseline,5000,0.6032179846961038,0.5508004146897623,0.6544153109431978
P1,C001,GP mean,1,7.222928573717546,7.125012972498138,7.3281818124790865
P1,C001,GP mean,25,3.820014552286413,3.725860193833254,3.907754002470424
P1,C001,GP mean,50,2.364061843870649,2.2529338988172074,2.4728758135058237
P1,C001,GP mean,75,1.554974059902111,1.4264146436735097,1.6832529516955586
P1,C001,GP mean,100,1.0442790062109255,0.9434281612179006,1.1492566657750662
P1,C001,GP mean,125,0.7924814318232833,0.7242575097108526,0.8621441370038051
P1,C001,GP mean,150,0.6915405203292782,0.6439361930734222,0.7382390414057949
P1,C001,GP mean,175,0.6630032715367461,0.6189267922064935,0.7063064256995469
P1,C001,GP mean,200,0.6533127468233895,0.6096186810192886,0.6957430840596628
P1,C001,GP mean,225,0.6489215869506872,0.6056104694590259,0.6908554615167056
P1,C001,GP mean,250,0.6467957893058526,0.6038117270685647,0.6885402447240229
P1,C001,GP mean,275,0.6457991516585376,0.6028254116497086,0.6877881488969294
P1,C001,GP mean,300,0.644445470014388,0.600903912892431,0.6867200975888668
P1,C001,GP mean,325,0.6436562460958468,0.5998497280385832,0.6861062740366672
P1,C001,GP mean,350,0.6435000240618426,0.5996947567354618,0.6859444739825158
P1,C001,GP mean,375,0.6431412850644036,0.5992715179438032,0.6855628415140738
P1,C001,GP mean,400,0.642360723363722,0.5984258152027823,0.6845598689788988
P1,C001,GP mean,425,0.642150264116799,0.5980664001666489,0.684464175975569
P1,C001,GP mean,450,0.6420152271762668,0.5978944903830465,0.6844395097870993
P1,C001,GP mean,475,0.6411508164621998,0.5969282528649527,0.6840147607474875
P1,C001,GP mean,500,0.6408805394807272,0.596585165581988,0.6838718542293614
P1,C001,GP mean,525,0.6401688295692213,0.5956185362551795,0.683363635922017
P1,C001,GP mean,550,0.639550851596588,0.5947135111598714,0.6830437649090872
P1,C001,GP mean,575,0.6392618609646701,0.5944942946741775,0.6826751391632139
P1,C001,GP mean,600,0.6391309127277751,0.5943629243117327,0.6825532888106751
P1,C001,GP mean,625,0.6387806146954778,0.5939638242790176,0.682148817166019
P1,C001,GP mean,650,0.6383628965856533,0.5934080006746276,0.6818122404882212
P1,C001,GP mean,675,0.637764023247112,0.5926681272500788,0.6815032142812798
P1,C001,GP mean,700,0.6377551847488846,0.5926589497437402,0.681502970051802
P1,C001,GP mean,725,0.6377192445357641,0.5925803993624505,0.681502970051802
P1,C001,GP mean,750,0.6375457721665111,0.5924168381385609,0.6813550481012675
P1,C001,GP mean,775,0.6373231602174533,0.5922237466333756,0.681109426222397
P1,C001,GP mean,800,0.6369483237832068,0.5918081387710353,0.6808055964103571
P1,C001,GP mean,825,0.6365802335143315,0.591554853832458,0.6802587375165638
P1,C001,GP mean,850,0.6364958882594088,0.5914821652469424,0.6801468960419902
P1,C001,GP mean,875,0.6363886870966534,0.5914044694898727,0.6801294538801828
P1,C001,GP mean,900,0.6363886633375304,0.5914044688958946,0.680129407549893
P1,C001,GP mean,925,0.6363886633375304,0.5914044688958946,0.680129407549893
P1,C001,GP mean,950,0.6358903413849841,0.5910538203133927,0.6792006169509561
P1,C001,GP mean,975,0.6357335065456424,0.590898229982182,0.6790286588952957
P1,C001,GP mean,1000,0.6357335065456424,0.590898229982182,0.6790286588952957
P1,C001,GP mean,1025,0.6357335065456424,0.590898229982182,0.6790286588952957
P1,C001,GP mean,1050,0.6356665295780433,0.5908683728418527,0.6790286588952957
P1,C001,GP mean,1075,0.6354694594538131,0.5906706960948123,0.6789211301029269
P1,C001,GP mean,1100,0.6353424798040679,0.5905084603583102,0.6789120644539209
P1,C001,GP mean,1125,0.6353275640023088,0.5904935445565509,0.6789015410524483
P1,C001,GP mean,1150,0.6345485748232971,0.5891799019193353,0.6784767067989551
P1,C001,GP mean,1175,0.6341907881343688,0.5888026917697711,0.678238520286184
P1,C001,GP mean,1200,0.6340624175930639,0.5886776754746558,0.6781425075625769
P1,C001,GP mean,1225,0.6340561689437278,0.5886775192584224,0.6781425075625769
P1,C001,GP mean,1250,0.6340561689437278,0.5886775192584224,0.6781425075625769
P1,C001,GP mean,1275,0.6340561689437278,0.5886775192584224,0.6781425075625769
P1,C001,GP mean,1300,0.6340561689437278,0.5886775192584224,0.6781425075625769
P1,C001,GP mean,1325,0.6340561689437278,0.5886775192584224,0.6781425075625769
P1,C001,GP mean,1350,0.6340561689437278,0.5886775192584224,0.6781425075625769
P1,C001,GP mean,1375,0.6340500603341259,0.5886591934296163,0.6781365516682148
P1,C001,GP mean,1400,0.6339439627127285,0.5886590341263258,0.6779518461506283
P1,C001,GP mean,1425,0.633842064537724,0.5884435869596938,0.6778750298351168
P1,C001,GP mean,1450,0.6333375100194502,0.5879644915565293,0.6775468538816085
P1,C001,GP mean,1475,0.6333374617277584,0.5879644670239607,0.6775468538816085
P1,C001,GP mean,1500,0.6333374617277584,0.5879644670239607,0.6775468538816085
P1,C001,GP mean,1525,0.6332717389762569,0.5878192019609163,0.6775216728214888
P1,C001,GP mean,1550,0.6332717144436882,0.5878191277498959,0.6775216728214888
P1,C001,GP mean,1575,0.6332717144436882,0.5878191277498959,0.6775216728214888
P1,C001,GP mean,1600,0.6332717144436882,0.5878191277498959,0.6775216728214888
P1,C001,GP mean,1625,0.6332717144436882,0.5878191277498959,0.6775216728214888
P1,C001,GP mean,1650,0.6332717144436882,0.5878191277498959,0.6775216728214888
P1,C001,GP mean,1675,0.633229881530888,0.5877365077471155,0.6775066268207527
P1,C001,GP mean,1700,0.633229881530888,0.5877365077471155,0.6775066268207527
P1,C001,GP mean,1725,0.6329992279652784,0.5874603702025469,0.6773933537839072
P1,C001,GP mean,1750,0.632951039416849,0.5873642728569645,0.6773690844899438
P1,C001,GP mean,1775,0.6329241026564353,0.5873369752589536,0.6773690844899438
P1,C001,GP mean,1800,0.6329241026564353,0.5873369752589536,0.6773690844899438
P1,C001,GP mean,1825,0.6329241026564353,0.5873369752589536,0.6773690844899438
P1,C001,GP mean,1850,0.6329241026564353,0.5873369752589536,0.6773690844899438
P1,C001,GP mean,1875,0.6329241026564353,0.5873369752589536,0.6773690844899438
P1,C001,GP mean,1900,0.6328746572512317,0.5873188052744328,0.6773196390847402
P1,C001,GP mean,1925,0.6328144753927966,0.5872633209621891,0.6771990143623876
P1,C001,GP mean,1950,0.6328144753927966,0.5872633209621891,0.6771990143623876
P1,C001,GP mean,1975,0.6328144753927966,0.5872633209621891,0.6771990143623876
P1,C001,GP mean,2000,0.6328144753927966,0.5872633209621891,0.6771990143623876
P1,C001,GP mean,2025,0.6321599464603357,0.5856956708222892,0.6770126456314177
P1,C001,GP mean,2050,0.6321599464603357,0.5856956708222892,0.6770126456314177
P1,C001,GP mean,2075,0.6321599464603357,0.5856956708222892,0.6770126456314177
P1,C001,GP mean,2100,0.6321599464603357,0.5856956708222892,0.6770126456314177
P1,C001,GP mean,2125,0.6321599464603357,0.5856956708222892,0.6770126456314177
P1,C001,GP mean,2150,0.6321599464603357,0.5856956708222892,0.6770126456314177
P1,C001,GP mean,2175,0.6321599464603357,0.5856956708222892,0.6770126456314177
P1,C001,GP mean,2200,0.6321599464603357,0.5856956708222892,0.6770126456314177
P1,C001,GP mean,2225,0.6321599464603357,0.5856956708222892,0.6770126456314177
P1,C001,GP mean,2250,0.6320853250483813,0.5856358138192403,0.6769950512671449
P1,C001,GP mean,2275,0.6320552091693432,0.5856059100891929,0.6769652197997991
P1,C001,GP mean,2300,0.6320551853057307,0.5856058868221706,0.6769651959361866
P1,C001,GP mean,2325,0.6320551853057307,0.5856058868221706,0.6769651959361866
P1,C001,GP mean,2350,0.6320551853057307,0.5856058868221706,0.6769651959361866
P1,C001,GP mean,2375,0.6320551853057307,0.5856058868221706,0.6769651959361866
P1,C001,GP mean,2400,0.6320551853057307,0.5856058868221706,0.6769651959361866
P1,C001,GP mean,2425,0.6320551853057307,0.5856058868221706,0.6769651959361866
P1,C001,GP mean,2450,0.6320551853057307,0.5856058868221706,0.6769651959361866
P1,C001,GP mean,2475,0.6320551853057307,0.5856058868221706,0.6769651959361866
P1,C001,GP mean,2500,0.6320551853057307,0.5856058868221706,0.6769651959361866
P1,C001,GP mean,2525,0.6320551853057307,0.5856058868221706,0.6769651959361866
P1,C001,GP mean,2550,0.6320413682740642,0.585603563622668,0.6769513789045201
P1,C001,GP mean,2575,0.6320413682740642,0.585603563622668,0.6769513789045201
P1,C001,GP mean,2600,0.6318081616761642,0.5850164450327987,0.6767804540706147
P1,C001,GP mean,2625,0.6318081126110267,0.5850162499988775,0.6767804540706147
P1,C001,GP mean,2650,0.6318081126110267,0.5850162499988775,0.6767804540706147
P1,C001,GP mean,2675,0.6315901588086619,0.5848281454383631,0.6766644234455577
P1,C001,GP mean,2700,0.6315462306607824,0.5847726970233389,0.6766215935013753
P1,C001,GP mean,2725,0.6315370800126636,0.5847630888428141,0.6766122140870535
P1,C001,GP mean,2750,0.6315370800126636,0.5847630888428141,0.6766122140870535
P1,C001,GP mean,2775,0.6315370800126636,0.5847630888428141,0.6766122140870535
P1,C001,GP mean,2800,0.6314675983261093,0.5846935464895724,0.6765352259641856
P1,C001,GP mean,2825,0.6314675983261093,0.5846935464895724,0.6765352259641856
P1,C001,GP mean,2850,0.6314615142490758,0.5846871582086873,0.6765232099120446
P1,C001,GP mean,2875,0.6314615142490758,0.5846871582086873,0.6765232099120446
P1,C001,GP mean,2900,0.6314255740359553,0.5846040407332936,0.6764908001524803
P1,C001,GP mean,2925,0.6312495560297864,0.5843948279715829,0.6763380809646526
P1,C001,GP mean,2950,0.6312495560297864,0.5843948279715829,0.6763380809646526
P1,C001,GP mean,2975,0.6312495560297864,0.5843948279715829,0.6763380809646526
P1,C001,GP mean,3000,0.6312495560297864,0.5843948279715829,0.6763380809646526
P1,C001,GP mean,3025,0.6312495560297864,0.5843948279715829,0.6763380809646526
P1,C001,GP mean,3050,0.6312495560297864,0.5843948279715829,0.6763380809646526
P1,C001,GP mean,3075,0.6312495560297864,0.5843948279715829,0.6763380809646526
P1,C001,GP mean,3100,0.6312495560297864,0.5843948279715829,0.6763380809646526
P1,C001,GP mean,3125,0.6312495560297864,0.5843948279715829,0.6763380809646526
P1,C001,GP mean,3150,0.6312495560297864,0.5843948279715829,0.6763380809646526
P1,C001,GP mean,3175,0.6310223157272157,0.5841110686532971,0.6762747640033627
P1,C001,GP mean,3200,0.6309864245792325,0.5840501118223375,0.6762574377930175
P1,C001,GP mean,3225,0.6309864000466638,0.5840500639838283,0.6762574371797033
P1,C001,GP mean,3250,0.6309864000466638,0.5840500639838283,0.6762574371797033
P1,C001,GP mean,3275,0.6309864000466638,0.5840500639838283,0.6762574371797033
P1,C001,GP mean,3300,0.6309864000466638,0.5840500639838283,0.6762574371797033
P1,C001,GP mean,3325,0.6309864000466638,0.5840500639838283,0.6762574371797033
P1,C001,GP mean,3350,0.6309864000466638,0.5840500639838283,0.6762574371797033
P1,C001,GP mean,3375,0.6309864000466638,0.5840500639838283,0.6762574371797033
P1,C001,GP mean,3400,0.6309864000466638,0.5840500639838283,0.6762574371797033
P1,C001,GP mean,3425,0.6309864000466638,0.5840500639838283,0.6762574371797033
P1,C001,GP mean,3450,0.6309864000466638,0.5840500639838283,0.6762574371797033
P1,C001,GP mean,3475,0.6309864000466638,0.5840500639838283,0.6762574371797033
P1,C001,GP mean,3500,0.6309864000466638,0.5840500639838283,0.6762574371797033
P1,C001,GP mean,3525,0.6309864000466638,0.5840500639838283,0.6762574371797033
P1,C001,GP mean,3550,0.6309864000466638,0.5840500639838283,0.6762574371797033
P1,C001,GP mean,3575,0.6309864000466638,0.5840500639838283,0.6762574371797033
P1,C001,GP mean,3600,0.6309864000466638,0.5840500639838283,0.6762574371797033
P1,C001,GP mean,3625,0.6309864000466638,0.5840500639838283,0.6762574371797033
P1,C001,GP mean,3650,0.6309864000466638,0.5840500639838283,0.6762574371797033
P1,C001,GP mean,3675,0.6309864000466638,0.5840500639838283,0.6762574371797033
P1,C001,GP mean,3700,0.6309212660768106,0.5838854759328964,0.6762407564547088
P1,C001,GP mean,3725,0.6309212660768106,0.5838854759328964,0.6762407564547088
P1,C001,GP mean,3750,0.6309212660768106,0.5838854759328964,0.6762407564547088
P1,C001,GP mean,3775,0.6309212660768106,0.5838854759328964,0.6762407564547088
P1,C001,GP mean,3800,0.6309212660768106,0.5838854759328964,0.6762407564547088
P1,C001,GP mean,3825,0.6309212660768106,0.5838854759328964,0.6762407564547088
P1,C001,GP mean,3850,0.6309212660768106,0.5838854759328964,0.6762407564547088
P1,C001,GP mean,3875,0.6309212660768106,0.5838854759328964,0.6762407564547088
P1,C001,GP mean,3900,0.6309212660768106,0.5838854759328964,0.6762407564547088
P1,C001,GP mean,3925,0.6309212660768106,0.5838854759328964,0.6762407564547088
P1,C001,GP mean,3950,0.6309212660768106,0.5838854759328964,0.6762407564547088
P1,C001,GP mean,3975,0.6309212660768106,0.5838854759328964,0.6762407564547088
P1,C001,GP mean,4000,0.6309212660768106,0.5838854759328964,0.6762407564547088
P1,C001,GP mean,4025,0.6309212660768106,0.5838854759328964,0.6762407564547088
P1,C001,GP mean,4050,0.6309212660768106,0.5838854759328964,0.6762407564547088
P1,C001,GP mean,4075,0.6308698726892377,0.5838532514269723,0.6761813874224872
P1,C001,GP mean,4100,0.6308698726892377,0.5838532514269723,0.6761813874224872
P1,C001,GP mean,4125,0.6306914718497751,0.5833585861652661,0.6761798057099864
P1,C001,GP mean,4150,0.6306555561692233,0.5832424786786717,0.6761781695570971
P1,C001,GP mean,4175,0.6306555561692233,0.5832424786786717,0.6761781695570971
P1,C001,GP mean,4200,0.6306555561692233,0.5832424786786717,0.6761781695570971
P1,C001,GP mean,4225,0.6300846096982653,0.5819529977871402,0.6760278686262219
P1,C001,GP mean,4250,0.6300846096982653,0.5819529977871402,0.6760278686262219
P1,C001,GP mean,4275,0.6300846096982653,0.5819529977871402,0.6760278686262219
P1,C001,GP mean,4300,0.6300846096982653,0.5819529977871402,0.6760278686262219
P1,C001,GP mean,4325,0.6300846096982653,0.5819529977871402,0.6760278686262219
P1,C001,GP mean,4350,0.6300846096982653,0.5819529977871402,0.6760278686262219
P1,C001,GP mean,4375,0.6300486940177135,0.5818469257628659,0.6760278686262219
P1,C001,GP mean,4400,0.6300486694851448,0.5818468533917882,0.6760278686262219
P1,C001,GP mean,4425,0.6300486694851448,0.5818468533917882,0.6760278686262219
P1,C001,GP mean,4450,0.6300486694851448,0.5818468533917882,0.6760278686262219
P1,C001,GP mean,4475,0.6300486694851448,0.5818468533917882,0.6760278686262219
P1,C001,GP mean,4500,0.6300486694851448,0.5818468533917882,0.6760278686262219
P1,C001,GP mean,4525,0.6300486694851448,0.5818468533917882,0.6760278686262219
P1,C001,GP mean,4550,0.6300486694851448,0.5818468533917882,0.6760278686262219
P1,C001,GP mean,4575,0.6300486694851448,0.5818468533917882,0.6760278686262219
P1,C001,GP mean,4600,0.6300486694851448,0.5818468533917882,0.6760278686262219
P1,C001,GP mean,4625,0.6300478992251428,0.5818468533917882,0.6760270983662199
P1,C001,GP mean,4650,0.6300478992251428,0.5818468533917882,0.6760270983662199
P1,C001,GP mean,4675,0.6300478992251428,0.5818468533917882,0.6760270983662199
P1,C001,GP mean,4700,0.6300478992251428,0.5818468533917882,0.6760270983662199
P1,C001,GP mean,4725,0.6300478992251428,0.5818468533917882,0.6760270983662199
P1,C001,GP mean,4750,0.6300478992251428,0.5818468533917882,0.6760270983662199
P1,C001,GP mean,4775,0.6297409482902518,0.5816124292794586,0.675479072704969
P1,C001,GP mean,4800,0.6297409482902518,0.5816124292794586,0.675479072704969
P1,C001,GP mean,4825,0.6297409482902518,0.5816124292794586,0.675479072704969
P1,C001,GP mean,4850,0.6297409482902518,0.5816124292794586,0.675479072704969
P1,C001,GP mean,4875,0.6297409482902518,0.5816124292794586,0.675479072704969
P1,C001,GP mean,4900,0.6297409482902518,0.5816124292794586,0.675479072704969
P1,C001,GP mean,4925,0.6297409482902518,0.5816124292794586,0.675479072704969
P1,C001,GP mean,4950,0.6297409482902518,0.5816124292794586,0.675479072704969
P1,C001,GP mean,4975,0.6297409482902518,0.5816124292794586,0.675479072704969
P1,C001,GP mean,5000,0.6297271679989402,0.5815987079087934,0.6754704529820782
P1,C000,Baseline,1,7.291063872152322,7.171873445273799,7.416875027696594
P1,C000,Baseline,25,4.381219251213907,4.284430133997253,4.4791819179112
P1,C000,Baseline,50,3.3561451300998884,3.2666262477006307,3.443815146504951
P1,C000,Baseline,75,2.9049028658178884,2.798754472200396,3.008928935334973
P1,C000,Baseline,100,2.5848031697719844,2.4557078697684664,2.709793719328804
P1,C000,Baseline,125,2.319993524174795,2.1701955663242445,2.4674361244904013
P1,C000,Baseline,150,2.1168342858800466,1.9567489245878138,2.2712835987613937
P1,C000,Baseline,175,1.9256921673097032,1.7413638119858594,2.1056658427540698
P1,C000,Baseline,200,1.775342359112297,1.5716594044170182,1.9767027570235178
P1,C000,Baseline,225,1.6476892395513483,1.4286476563733923,1.8649349001453654
P1,C000,Baseline,250,1.5388346127939196,1.3099009776915522,1.7628801449827858
P1,C000,Baseline,275,1.4522101082162675,1.2272425378057779,1.677267386084305
P1,C000,Baseline,300,1.3551674243890413,1.129120648386917,1.5810412915775471
P1,C000,Baseline,325,1.256608891390751,1.0353587940402527,1.4825874808854342
P1,C000,Baseline,350,1.191275626064873,0.9706583074232213,1.4196445482889861
P1,C000,Baseline,375,1.138335773143149,0.9198339794394473,1.3662641046773094
P1,C000,Baseline,400,1.100270855529959,0.8853463398109959,1.3265203917050923
P1,C000,Baseline,425,1.0575453856646184,0.8425070082471959,1.287677227067709
P1,C000,Baseline,450,1.0235336497010619,0.8068491859075608,1.252922022145991
P1,C000,Baseline,475,0.9900725672637319,0.7774062802172363,1.2187440569240218
P1,C000,Baseline,500,0.9679177660261551,0.7554382728829442,1.196086373102129
P1,C000,Baseline,525,0.943518333344211,0.7336722593864673,1.170066943042202
P1,C000,Baseline,550,0.9162305624294644,0.7105729656551221,1.1404384456765209
P1,C000,Baseline,575,0.9000881343980563,0.6968282193863595,1.122048695681765
P1,C000,Baseline,600,0.8914514733533394,0.6898774425703044,1.1123489795204848
P1,C000,Baseline,625,0.8754798995673742,0.6759965651784752,1.094514228532525
P1,C000,Baseline,650,0.8664529021246355,0.6673386306786955,1.0850789022422973
P1,C000,Baseline,675,0.8504568150983332,0.653207112709199,1.0658688899922792
P1,C000,Baseline,700,0.8450065934592326,0.6483496875014302,1.0595025915999665
P1,C000,Baseline,725,0.8355211173094836,0.6403265650420265,1.0491683784850907
P1,C000,Baseline,750,0.8250775496948537,0.632535821945905,1.038141871862649
P1,C000,Baseline,775,0.8118452972498328,0.6227709167628829,1.0225793359158208
P1,C000,Baseline,800,0.8003045138362609,0.6125874878997566,1.0102663415241824
P1,C000,Baseline,825,0.7897272493626497,0.6028185702444323,0.9996803565664084
P1,C000,Baseline,850,0.7860354437231598,0.6001093904925762,0.9965852656593102
P1,C000,Baseline,875,0.7825433367368029,0.5969898282513194,0.9909371840572482
P1,C000,Baseline,900,0.770211498436546,0.5883809038484067,0.9752797509600886
P1,C000,Baseline,925,0.7628152543845649,0.5839006055486449,0.9653187601999567
P1,C000,Baseline,950,0.7604906531110519,0.5820485914269146,0.962482195451287
P1,C000,Baseline,975,0.7578451596108543,0.580374350144407,0.9594147767626416
P1,C000,Baseline,1000,0.7561255128404177,0.5791659068030173,0.9574742415491061
P1,C000,Baseline,1025,0.7461769890648903,0.5740622808288137,0.9436649429326559
P1,C000,Baseline,1050,0.7336857895641534,0.5661502904005581,0.9266742089471498
P1,C000,Baseline,1075,0.7233367949476116,0.5581018909330457,0.9159606710790132
P1,C000,Baseline,1100,0.7214013010450596,0.557022810751865,0.9128011032978561
P1,C000,Baseline,1125,0.7183626349403643,0.5551019275585928,0.9084010207466274
P1,C000,Baseline,1150,0.7169548971816772,0.5544247937503041,0.9068010378158148
P1,C000,Baseline,1175,0.7160202712037721,0.5531609042041041,0.9065168453523476
P1,C000,Baseline,1200,0.7144881315862243,0.5524887592901225,0.90362605476943
P1,C000,Baseline,1225,0.713767887144582,0.5513108293297504,0.9027507847334023
P1,C000,Baseline,1250,0.7097928876946074,0.5470960462458678,0.8993453368529908
P1,C000,Baseline,1275,0.7063935666676409,0.5453225588645936,0.8946529812522465
P1,C000,Baseline,1300,0.7053144099072512,0.5445454504823067,0.8936770884246047
P1,C000,Baseline,1325,0.702823146008171,0.5429511687654828,0.8903648583097592
P1,C000,Baseline,1350,0.6991731910820475,0.5401702370288679,0.886067602682279
P1,C000,Baseline,1375,0.6944324496332818,0.5376570890258515,0.8790601672107707
P1,C000,Baseline,1400,0.6876920952330651,0.5338097372228418,0.8704206070793565
P1,C000,Baseline,1425,0.68265798936616,0.528808409960562,0.8652056169181563
P1,C000,Baseline,1450,0.6764947489763709,0.5246881730858193,0.8566412733480269
P1,C000,Baseline,1475,0.6727872534776762,0.5227681866583405,0.8512459889629289
P1,C000,Baseline,1500,0.6700857595338838,0.5215224362387753,0.8467510241549637
P1,C000,Baseline,1525,0.6679516398417675,0.5210719259828888,0.8419738205447007
P1,C000,Baseline,1550,0.6667818347472065,0.5208381212411861,0.8394436950253311
P1,C000,Baseline,1575,0.6663714909347178,0.5204914064792093,0.8391739480278915
P1,C000,Baseline,1600,0.6618724276985872,0.5163700039705724,0.8345941191357806
P1,C000,Baseline,1625,0.6618724276985872,0.5163700039705724,0.8345941191357806
P1,C000,Baseline,1650,0.6618406532203629,0.5163700039705724,0.834499365828944
P1,C000,Baseline,1675,0.6568852153281373,0.511634095127711,0.8296757321786489
P1,C000,Baseline,1700,0.6547074710603689,0.5103611139254335,0.827219156009449
P1,C000,Baseline,1725,0.6456072773109476,0.5072813676920085,0.8134866062991009
P1,C000,Baseline,1750,0.644516239706602,0.5062591297082346,0.8129116999295695
P1,C000,Baseline,1775,0.6430282038720576,0.5050805515184724,0.8101848371249993
P1,C000,Baseline,1800,0.6412037824011649,0.5044636098256979,0.8079862927968061
P1,C000,Baseline,1825,0.6412037824011649,0.5044636098256979,0.8079862927968061
P1,C000,Baseline,1850,0.6412037824011649,0.5044636098256979,0.8079862927968061
P1,C000,Baseline,1875,0.6363823579060497,0.5014405294328699,0.80096057438308
P1,C000,Baseline,1900,0.6338807454787436,0.49993821504769564,0.7976320255971316
P1,C000,Baseline,1925,0.6286757501679794,0.49691203397576555,0.7921893965959121
P1,C000,Baseline,1950,0.6225773759625535,0.49238211827776907,0.784081750108101
P1,C000,Baseline,1975,0.6176789097647011,0.48835340568195457,0.7787002009902576
P1,C000,Baseline,2000,0.6174934903454117,0.48835326235019755,0.7782990476779436
P1,C000,Baseline,2025,0.617385784491888,0.48835326235019755,0.778001286389297
P1,C000,Baseline,2050,0.6166701068199931,0.48794029820604506,0.7771732017066418
P1,C000,Baseline,2075,0.6148799579124615,0.4871807409493219,0.7751550800317982
P1,C000,Baseline,2100,0.6135557720013616,0.4864292870469297,0.7728735551250061
P1,C000,Baseline,2125,0.6135557007239927,0.4864292175514951,0.7728734856295715
P1,C000,Baseline,2150,0.6135557007239927,0.4864292175514951,0.7728734856295715
P1,C000,Baseline,2175,0.6135557007239927,0.4864292175514951,0.7728734856295715
P1,C000,Baseline,2200,0.6135557007239927,0.4864292175514951,0.7728734856295715
P1,C000,Baseline,2225,0.6135557007239927,0.4864292175514951,0.7728734856295715
P1,C000,Baseline,2250,0.6135557007239927,0.4864292175514951,0.7728734856295715
P1,C000,Baseline,2275,0.6135557007239927,0.4864292175514951,0.7728734856295715
P1,C000,Baseline,2300,0.6135557007239927,0.4864292175514951,0.7728734856295715
P1,C000,Baseline,2325,0.612140416996444,0.4861451400368843,0.7697134368277474
P1,C000,Baseline,2350,0.6099063521876638,0.48543969653537866,0.7660992891665708
P1,C000,Baseline,2375,0.6099063521876638,0.48543969653537866,0.7660992891665708
P1,C000,Baseline,2400,0.6099062805968261,0.4854394871321784,0.7660992175757331
P1,C000,Baseline,2425,0.6097257256732806,0.4851609107422968,0.7659396164575785
P1,C000,Baseline,2450,0.6097257256732806,0.4851609107422968,0.7659396164575785
P1,C000,Baseline,2475,0.6097257256732806,0.4851609107422968,0.7659396164575785
P1,C000,Baseline,2500,0.6091125015405634,0.48500402777850854,0.7653127205214757
P1,C000,Baseline,2525,0.60656572024705,0.48297761218200747,0.7633436647930181
P1,C000,Baseline,2550,0.6035731955869452,0.48188929830110133,0.756352171713053
P1,C000,Baseline,2575,0.6035731955869452,0.48188929830110133,0.756352171713053
P1,C000,Baseline,2600,0.6032142595745451,0.4815063964228458,0.7560806590213102
P1,C000,Baseline,2625,0.6028645232754013,0.4809191089466701,0.7556127849529096
P1,C000,Baseline,2650,0.6028645232754013,0.4809191089466701,0.7556127849529096
P1,C000,Baseline,2675,0.6000685249682087,0.47978975567679183,0.7523340901623975
P1,C000,Baseline,2700,0.598052471928705,0.4786638875527047,0.7486972320506584
P1,C000,Baseline,2725,0.5966412053996664,0.47787750626495884,0.746628290846455
P1,C000,Baseline,2750,0.5966412053996664,0.47787750626495884,0.746628290846455
P1,C000,Baseline,2775,0.5964843951881891,0.47764419787586526,0.7463146704235002
P1,C000,Baseline,2800,0.5964843951881891,0.47764419787586526,0.7463146704235002
P1,C000,Baseline,2825,0.5964843951881891,0.47764419787586526,0.7463146704235002
P1,C000,Baseline,2850,0.5964843951881891,0.47764419787586526,0.7463146704235002
P1,C000,Baseline,2875,0.5942771767879911,0.4774001463064345,0.7400932951403524
P1,C000,Baseline,2900,0.5942771767879911,0.4774001463064345,0.7400932951403524
P1,C000,Baseline,2925,0.5942771767879911,0.4774001463064345,0.7400932951403524
P1,C000,Baseline,2950,0.5942771767879911,0.4774001463064345,0.7400932951403524
P1,C000,Baseline,2975,0.593586848532131,0.4765500190286283,0.7394345010352881
P1,C000,Baseline,3000,0.5934965285559286,0.4763771012553049,0.7393437731239983
P1,C000,Baseline,3025,0.5934964569302534,0.4763767502894969,0.7393436997076815
P1,C000,Baseline,3050,0.5934964569302534,0.4763767502894969,0.7393436997076815
P1,C000,Baseline,3075,0.5934964569302534,0.4763767502894969,0.7393436997076815
P1,C000,Baseline,3100,0.5934964569302534,0.4763767502894969,0.7393436997076815
P1,C000,Baseline,3125,0.5934964569302534,0.4763767502894969,0.7393436997076815
P1,C000,Baseline,3150,0.5929498294416446,0.4762423144278265,0.7383765104111168
P1,C000,Baseline,3175,0.5929498294416446,0.4762423144278265,0.7383765104111168
P1,C000,Baseline,3200,0.591860657331392,0.4757286407074703,0.7364794905059316
P1,C000,Baseline,3225,0.5885557023112307,0.4751462337236183,0.731472553433135
P1,C000,Baseline,3250,0.588217100167201,0.4749158661272745,0.7307494284547041
P1,C000,Baseline,3275,0.5878405699506037,0.47474171588616493,0.7300468639353122
P1,C000,Baseline,3300,0.5870335245975571,0.4736773947753487,0.7297197105776295
P1,C000,Baseline,3325,0.583276763486094,0.47274299198293507,0.7239461989124292
P1,C000,Baseline,3350,0.583276763486094,0.47274299198293507,0.7239461989124292
P1,C000,Baseline,3375,0.583276763486094,0.47274299198293507,0.7239461989124292
P1,C000,Baseline,3400,0.5824990712539211,0.47274299198293507,0.7216131222159106
P1,C000,Baseline,3425,0.5824990712539211,0.47274299198293507,0.7216131222159106
P1,C000,Baseline,3450,0.5824990712539211,0.47274299198293507,0.7216131222159106
P1,C000,Baseline,3475,0.5824990712539211,0.47274299198293507,0.7216131222159106
P1,C000,Baseline,3500,0.5824990712539211,0.47274299198293507,0.7216131222159106
P1,C000,Baseline,3525,0.5824990712539211,0.47274299198293507,0.7216131222159106
P1,C000,Baseline,3550,0.5812527287318934,0.472411734838351,0.7198462960663107
P1,C000,Baseline,3575,0.5811449080925319,0.4723669431961234,0.7198462960663107
P1,C000,Baseline,3600,0.5811449080925319,0.4723669431961234,0.7198462960663107
P1,C000,Baseline,3625,0.5793525851016466,0.47228111394541133,0.7144786274549277
P1,C000,Baseline,3650,0.5793525851016466,0.47228111394541133,0.7144786274549277
P1,C000,Baseline,3675,0.5785592079958946,0.4720772116967289,0.7133090262687142
P1,C000,Baseline,3700,0.5785592079958946,0.4720772116967289,0.7133090262687142
P1,C000,Baseline,3725,0.5785592079958946,0.4720772116967289,0.7133090262687142
P1,C000,Baseline,3750,0.5785592079958946,0.4720772116967289,0.7133090262687142
P1,C000,Baseline,3775,0.5785592079958946,0.4720772116967289,0.7133090262687142
P1,C000,Baseline,3800,0.5785592079958946,0.4720772116967289,0.7133090262687142
P1,C000,Baseline,3825,0.5768109432289024,0.472020504249943,0.7078761451888775
P1,C000,Baseline,3850,0.5751421841819,0.4719527003052568,0.7030579548267307
P1,C000,Baseline,3875,0.5751421841819,0.4719527003052568,0.7030579548267307
P1,C000,Baseline,3900,0.5734308737883689,0.47177380723914075,0.6983016611179682
P1,C000,Baseline,3925,0.5726171600115797,0.47177286484097714,0.6962592969582728
P1,C000,Baseline,3950,0.570514276771493,0.4716876876048845,0.6905810259887645
P1,C000,Baseline,3975,0.570514276771493,0.4716876876048845,0.6905810259887645
P1,C000,Baseline,4000,0.5703475156764968,0.471687103914151,0.6899934483919017
P1,C000,Baseline,4025,0.5696393319703861,0.47151068196667056,0.6888459250456852
P1,C000,Baseline,4050,0.5696393319703861,0.47151068196667056,0.6888459250456852
P1,C000,Baseline,4075,0.5696393319703861,0.47151068196667056,0.6888459250456852
P1,C000,Baseline,4100,0.5689323787551792,0.47116299385803434,0.6879174680828871
P1,C000,Baseline,4125,0.5647201182410797,0.4695462510185883,0.6796582028658978
P1,C000,Baseline,4150,0.5637112931007981,0.46859087296497637,0.6784643475664638
P1,C000,Baseline,4175,0.5606858800250281,0.46543417463202363,0.675948655743562
P1,C000,Baseline,4200,0.5593014625880262,0.46416919581350435,0.6745685379525542
P1,C000,Baseline,4225,0.5589017379406016,0.4636310417688163,0.6741886756131699
P1,C000,Baseline,4250,0.5589016662796753,0.4636307622912034,0.6741886720301236
P1,C000,Baseline,4275,0.5577234659409044,0.46305377553497834,0.6725349896550226
P1,C000,Baseline,4300,0.5543943298441381,0.4609605950453772,0.6667620241042961
P1,C000,Baseline,4325,0.5534038706525342,0.46022997745438254,0.6652398000603639
P1,C000,Baseline,4350,0.5534038706525342,0.46022997745438254,0.6652398000603639
P1,C000,Baseline,4375,0.5534038706525342,0.46022997745438254,0.6652398000603639
P1,C000,Baseline,4400,0.5534038706525342,0.46022997745438254,0.6652398000603639
P1,C000,Baseline,4425,0.5524269192635998,0.4601432969167735,0.663089800229913
P1,C000,Baseline,4450,0.5490878038531226,0.45843105290872066,0.6589463415279012
P1,C000,Baseline,4475,0.5477616316893393,0.4580419610004258,0.656434686774503
P1,C000,Baseline,4500,0.5469408858181828,0.4580419610004258,0.6537412361013505
P1,C000,Baseline,4525,0.5467418344939489,0.4580419610004258,0.6531440821286486
P1,C000,Baseline,4550,0.5450100736219006,0.4579554973299813,0.6484199596845723
P1,C000,Baseline,4575,0.5449530993063122,0.4579554973299813,0.6482504610956972
P1,C000,Baseline,4600,0.5449530993063122,0.4579554973299813,0.6482504610956972
P1,C000,Baseline,4625,0.5430637094918778,0.456640775925322,0.6454007795847589
P1,C000,Baseline,4650,0.5430637094918778,0.456640775925322,0.6454007795847589
P1,C000,Baseline,4675,0.5430637094918778,0.456640775925322,0.6454007795847589
P1,C000,Baseline,4700,0.5430637094918778,0.456640775925322,0.6454007795847589
P1,C000,Baseline,4725,0.5430637094918778,0.456640775925322,0.6454007795847589
P1,C000,Baseline,4750,0.5430637094918778,0.456640775925322,0.6454007795847589
P1,C000,Baseline,4775,0.5430637094918778,0.456640775925322,0.6454007795847589
P1,C000,Baseline,4800,0.5430637094918778,0.456640775925322,0.6454007795847589
P1,C000,Baseline,4825,0.5430637094918778,0.456640775925322,0.6454007795847589
P1,C000,Baseline,4850,0.5430637094918778,0.456640775925322,0.6454007795847589
P1,C000,Baseline,4875,0.5430637094918778,0.456640775925322,0.6454007795847589
P1,C000,Baseline,4900,0.5430637094918778,0.456640775925322,0.6454007795847589
P1,C000,Baseline,4925,0.5422178555681646,0.45659972589020037,0.6441225776238173
P1,C000,Baseline,4950,0.5422178555681646,0.45659972589020037,0.6441225776238173
P1,C000,Baseline,4975,0.5422178555681646,0.45659972589020037,0.6441225776238173
P1,C000,Baseline,5000,0.5422178555681646,0.45659972589020037,0.6441225776238173
P1,C000,GP mean,1,7.222928573717546,7.125012972498138,7.3281818124790865
P1,C000,GP mean,25,3.8189747342390907,3.7254898176478966,3.9064194450740795
P1,C000,GP mean,50,2.4269331617096284,2.3213782497153046,2.5246844940645734
P1,C000,GP mean,75,1.6512730571554675,1.5220001801092644,1.7778383023890647
P1,C000,GP mean,100,1.2009100808591404,1.0761908756067164,1.331833506352285
P1,C000,GP mean,125,0.9427671452388323,0.8378010099093433,1.0555463921418393
P1,C000,GP mean,150,0.8068981577618397,0.7230939754601858,0.8972505831147117
P1,C000,GP mean,175,0.7457348444156938,0.6730427823906385,0.8250999884211258
P1,C000,GP mean,200,0.7087239929644646,0.6445889085670589,0.7783641936833822
P1,C000,GP mean,225,0.6919022039643216,0.6306675236706433,0.7561213510218893
P1,C000,GP mean,250,0.6770560149135691,0.6195031722726934,0.7363573895682999
P1,C000,GP mean,275,0.6643235580441452,0.6112475848064726,0.7168176603576718
P1,C000,GP mean,300,0.6601580216325927,0.6074622994481951,0.7114752049438271
P1,C000,GP mean,325,0.6574464863145942,0.604807364236127,0.7088257197667129
P1,C000,GP mean,350,0.6552093880328015,0.6022830982957332,0.7070394450923574
P1,C000,GP mean,375,0.6526399057695401,0.5998278890805486,0.7045494223387587
P1,C000,GP mean,400,0.651944052437401,0.599266471580062,0.7039072729205718
P1,C000,GP mean,425,0.6504170804709596,0.5980749160912948,0.7019532535616686
P1,C000,GP mean,450,0.6495760154890242,0.5967556741943335,0.70115685847921
P1,C000,GP mean,475,0.6490386176515759,0.596036433652761,0.700787560847638
P1,C000,GP mean,500,0.6485371087268753,0.5952974863331814,0.7004242134109516
P1,C000,GP mean,525,0.6480128919513289,0.5944378086151154,0.7000653554278875
P1,C000,GP mean,550,0.6476541767130128,0.594028807729361,0.6998578003309787
P1,C000,GP mean,575,0.6476264973347748,0.593973448972885,0.6998183120346875
P1,C000,GP mean,600,0.6476039273715865,0.5939057390833201,0.6998174034729931
P1,C000,GP mean,625,0.6474084518643208,0.5937059716000479,0.6997065099106226
P1,C000,GP mean,650,0.6474084518643208,0.5937059716000479,0.6997065099106226
P1,C000,GP mean,675,0.6473993257487708,0.5936523556711911,0.6996973837950724
P1,C000,GP mean,700,0.6470694270204862,0.5928622599427618,0.699443263698927
P1,C000,GP mean,725,0.6457395197728677,0.5906123847903614,0.6986795306016229
P1,C000,GP mean,750,0.6456488719315842,0.5904310891077943,0.6986604096351476
P1,C000,GP mean,775,0.6455598850802081,0.590272051249784,0.6985809276791309
P1,C000,GP mean,800,0.6450226200329144,0.5896685851946741,0.6982389942444797
P1,C000,GP mean,825,0.6445259336473597,0.589047301385865,0.6980212887776039
P1,C000,GP mean,850,0.6442065932008139,0.5884898395282043,0.6977110137377109
P1,C000,GP mean,875,0.643810386066481,0.5879420538569449,0.6975830937833035
P1,C000,GP mean,900,0.6437181949931554,0.5879374437093006,0.697490926469101
P1,C000,GP mean,925,0.6436634628324238,0.5878293476918556,0.6974375626123877
P1,C000,GP mean,950,0.6436634628324238,0.5878293476918556,0.6974375626123877
P1,C000,GP mean,975,0.6436634628324238,0.5878293476918556,0.6974375626123877
P1,C000,GP mean,1000,0.6434357791571832,0.5874332250737689,0.6974225609804864
P1,C000,GP mean,1025,0.6427805500644372,0.5865237598131622,0.6970107346338617
P1,C000,GP mean,1050,0.6423971021821623,0.5857977831956468,0.6968530350845598
P1,C000,GP mean,1075,0.6417418391175838,0.5849639404097831,0.6962829540783524
P1,C000,GP mean,1100,0.6414877798363032,0.5846231089838141,0.6961722794295363
P1,C000,GP mean,1125,0.6411811717929038,0.58424567699245,0.6960626728708511
P1,C000,GP mean,1150,0.6411811717929038,0.58424567699245,0.6960626728708511
P1,C000,GP mean,1175,0.6407695152904042,0.5834283743022151,0.6959446499970755
P1,C000,GP mean,1200,0.6407695152904042,0.5834283743022151,0.6959446499970755
P1,C000,GP mean,1225,0.6406997831579972,0.5833388930546457,0.6959433785967035
P1,C000,GP mean,1250,0.6406997831579972,0.5833388930546457,0.6959433785967035
P1,C000,GP mean,1275,0.6406685161521937,0.5833067379208786,0.6959190445490219
P1,C000,GP mean,1300,0.6405223020428433,0.5830683746485451,0.6958196258424264
P1,C000,GP mean,1325,0.6404700311989051,0.5830657384137222,0.6957846025784449
P1,C000,GP mean,1350,0.640286036933783,0.5828338144917451,0.6957835135473897
P1,C000,GP mean,1375,0.640286036933783,0.5828338144917451,0.6957835135473897
P1,C000,GP mean,1400,0.6402621422118858,0.5827861473418778,0.6957829161793423
P1,C000,GP mean,1425,0.6402621422118858,0.5827861473418778,0.6957829161793423
P1,C000,GP mean,1450,0.6400289356139858,0.5823800790664094,0.6956503023448586
P1,C000,GP mean,1475,0.6400289356139858,0.5823800790664094,0.6956503023448586
P1,C000,GP mean,1500,0.6400289356139858,0.5823800790664094,0.6956503023448586
P1,C000,GP mean,1525,0.6400289356139858,0.5823800790664094,0.6956503023448586
P1,C000,GP mean,1550,0.6399580845483248,0.5823092280007485,0.6955068289368951
P1,C000,GP mean,1575,0.6398414812493748,0.5820916053479015,0.6954889007511101
P1,C000,GP mean,1600,0.6398414812493748,0.5820916053479015,0.6954889007511101
P1,C000,GP mean,1625,0.6398414812493748,0.5820916053479015,0.6954889007511101
P1,C000,GP mean,1650,0.6398414812493748,0.5820916053479015,0.6954889007511101
P1,C000,GP mean,1675,0.6396830450376247,0.5818774709380333,0.6954266411011985
P1,C000,GP mean,1700,0.639618720642538,0.5817417205887639,0.6954266411011985
P1,C000,GP mean,1725,0.639618720642538,0.5817417205887639,0.6954266411011985
P1,C000,GP mean,1750,0.639618720642538,0.5817417205887639,0.6954266411011985
P1,C000,GP mean,1775,0.6395664505720455,0.5816873057054337,0.695417265476223
P1,C000,GP mean,1800,0.6395664505720455,0.5816873057054337,0.695417265476223
P1,C000,GP mean,1825,0.6395664505720455,0.5816873057054337,0.695417265476223
P1,C000,GP mean,1850,0.6394947909389227,0.5814764019697195,0.6953749656133074
P1,C000,GP mean,1875,0.6394947909389227,0.5814764019697195,0.6953749656133074
P1,C000,GP mean,1900,0.6394947909389227,0.5814764019697195,0.6953749656133074
P1,C000,GP mean,1925,0.639463523933119,0.5814445526137003,0.6953444802826487
P1,C000,GP mean,1950,0.6392904325522111,0.5810724479593646,0.6953348381548436
P1,C000,GP mean,1975,0.6392544439706088,0.5809975185557262,0.6953348381548436
P1,C000,GP mean,2000,0.6391520002285163,0.5809252197839447,0.6952323944127511
P1,C000,GP mean,2025,0.6389550776675432,0.5808366254306606,0.695035471851778
P1,C000,GP mean,2050,0.6389550776675432,0.5808366254306606,0.695035471851778
P1,C000,GP mean,2075,0.6389550776675432,0.5808366254306606,0.695035471851778
P1,C000,GP mean,2100,0.6389550776675432,0.5808366254306606,0.695035471851778
P1,C000,GP mean,2125,0.6389550776675432,0.5808366254306606,0.695035471851778
P1,C000,GP mean,2150,0.6389550776675432,0.5808366254306606,0.695035471851778
P1,C000,GP mean,2175,0.6389550776675432,0.5808366254306606,0.695035471851778
P1,C000,GP mean,2200,0.6389550776675432,0.5808366254306606,0.695035471851778
P1,C000,GP mean,2225,0.6389550776675432,0.5808366254306606,0.695035471851778
P1,C000,GP mean,2250,0.6389550776675432,0.5808366254306606,0.695035471851778
P1,C000,GP mean,2275,0.6389550776675432,0.5808366254306606,0.695035471851778
P1,C000,GP mean,2300,0.6389550776675432,0.5808366254306606,0.695035471851778
P1,C000,GP mean,2325,0.6389550776675432,0.5808366254306606,0.695035471851778
P1,C000,GP mean,2350,0.6389550776675432,0.5808366254306606,0.695035471851778
P1,C000,GP mean,2375,0.6389550776675432,0.5808366254306606,0.695035471851778
P1,C000,GP mean,2400,0.6389550776675432,0.5808366254306606,0.695035471851778
P1,C000,GP mean,2425,0.6389550776675432,0.5808366254306606,0.695035471851778
P1,C000,GP mean,2450,0.6389550776675432,0.5808366254306606,0.695035471851778
P1,C000,GP mean,2475,0.6389550776675432,0.5808366254306606,0.695035471851778
P1,C000,GP mean,2500,0.6389550776675432,0.5808366254306606,0.695035471851778
P1,C000,GP mean,2525,0.6389550776675432,0.5808366254306606,0.695035471851778
P1,C000,GP mean,2550,0.6389346504152004,0.5808313046604427,0.6949822614202653
P1,C000,GP mean,2575,0.6389346504152004,0.5808313046604427,0.6949822614202653
P1,C000,GP mean,2600,0.6387014928824376,0.5802394541179002,0.6947999830377357
P1,C000,GP mean,2625,0.6386738372633225,0.580212489889263,0.6947999830377357
P1,C000,GP mean,2650,0.6386499425414254,0.5801030551318279,0.6947842017841378
P1,C000,GP mean,2675,0.6386499425414254,0.5801030551318279,0.6947842017841378
P1,C000,GP mean,2700,0.6385443094807847,0.5800595231084775,0.6947842017841378
P1,C000,GP mean,2725,0.6385442857216618,0.5800595231084775,0.6947842017841378
P1,C000,GP mean,2750,0.6385442857216618,0.5800595231084775,0.6947842017841378
P1,C000,GP mean,2775,0.6384840801041035,0.5800196944720255,0.6947815924712095
P1,C000,GP mean,2800,0.6384840801041035,0.5800196944720255,0.6947815924712095
P1,C000,GP mean,2825,0.6383549255117412,0.5798872295405892,0.6945336788759595
P1,C000,GP mean,2850,0.6383549255117412,0.5798872295405892,0.6945336788759595
P1,C000,GP mean,2875,0.6383549255117412,0.5798872295405892,0.6945336788759595
P1,C000,GP mean,2900,0.6383549255117412,0.5798872295405892,0.6945336788759595
P1,C000,GP mean,2925,0.6383549255117412,0.5798872295405892,0.6945336788759595
P1,C000,GP mean,2950,0.6383549255117412,0.5798872295405892,0.6945336788759595
P1,C000,GP mean,2975,0.6383549255117412,0.5798872295405892,0.6945336788759595
P1,C000,GP mean,3000,0.6383549255117412,0.5798872295405892,0.6945336788759595
P1,C000,GP mean,3025,0.6383549255117412,0.5798872295405892,0.6945336788759595
P1,C000,GP mean,3050,0.6383549255117412,0.5798872295405892,0.6945336788759595
P1,C000,GP mean,3075,0.6383549255117412,0.5798872295405892,0.6945336788759595
P1,C000,GP mean,3100,0.6383549255117412,0.5798872295405892,0.6945336788759595
P1,C000,GP mean,3125,0.6383549255117412,0.5798872295405892,0.6945336788759595
P1,C000,GP mean,3150,0.6383549255117412,0.5798872295405892,0.6945336788759595
P1,C000,GP mean,3175,0.6383549255117412,0.5798872295405892,0.6945336788759595
P1,C000,GP mean,3200,0.6383549255117412,0.5798872295405892,0.6945336788759595
P1,C000,GP mean,3225,0.6383549255117412,0.5798872295405892,0.6945336788759595
P1,C000,GP mean,3250,0.6383026792003716,0.5798185863710205,0.6945336788759595
P1,C000,GP mean,3275,0.6383026792003716,0.5798185863710205,0.6945336788759595
P1,C000,GP mean,3300,0.6383026792003716,0.5798185863710205,0.6945336788759595
P1,C000,GP mean,3325,0.6382746865138943,0.5797905691519745,0.6944774940498086
P1,C000,GP mean,3350,0.6382746865138943,0.5797905691519745,0.6944774940498086
P1,C000,GP mean,3375,0.6382746865138943,0.5797905691519745,0.6944774940498086
P1,C000,GP mean,3400,0.6382746865138943,0.5797905691519745,0.6944774940498086
P1,C000,GP mean,3425,0.6382746865138943,0.5797905691519745,0.6944774940498086
P1,C000,GP mean,3450,0.6382746865138943,0.5797905691519745,0.6944774940498086
P1,C000,GP mean,3475,0.6382746865138943,0.5797905691519745,0.6944774940498086
P1,C000,GP mean,3500,0.6382477742860492,0.5797342715131505,0.6944512546276596
P1,C000,GP mean,3525,0.6382477742860492,0.5797342715131505,0.6944512546276596
P1,C000,GP mean,3550,0.6382477742860492,0.5797342715131505,0.6944512546276596
P1,C000,GP mean,3575,0.6382477742860492,0.5797342715131505,0.6944512546276596
P1,C000,GP mean,3600,0.6382477742860492,0.5797342715131505,0.6944512546276596
P1,C000,GP mean,3625,0.6382477742860492,0.5797342715131505,0.6944512546276596
P1,C000,GP mean,3650,0.6382477742860492,0.5797342715131505,0.6944512546276596
P1,C000,GP mean,3675,0.6382477742860492,0.5797342715131505,0.6944512546276596
P1,C000,GP mean,3700,0.6382477742860492,0.5797342715131505,0.6944512546276596
P1,C000,GP mean,3725,0.6382477742860492,0.5797342715131505,0.6944512546276596
P1,C000,GP mean,3750,0.6382477742860492,0.5797342715131505,0.6944512546276596
P1,C000,GP mean,3775,0.6382477742860492,0.5797342715131505,0.6944512546276596
P1,C000,GP mean,3800,0.6382477742860492,0.5797342715131505,0.6944512546276596
P1,C000,GP mean,3825,0.6382477742860492,0.5797342715131505,0.6944512546276596
P1,C000,GP mean,3850,0.6381876161867369,0.579613955314526,0.6944447769448825
P1,C000,GP mean,3875,0.6381876161867369,0.579613955314526,0.6944447769448825
P1,C000,GP mean,3900,0.6381876161867369,0.579613955314526,0.6944447769448825
P1,C000,GP mean,3925,0.6381876161867369,0.579613955314526,0.6944447769448825
P1,C000,GP mean,3950,0.6381876161867369,0.579613955314526,0.6944447769448825
P1,C000,GP mean,3975,0.6381876161867369,0.579613955314526,0.6944447769448825
P1,C000,GP mean,4000,0.6381876161867369,0.579613955314526,0.6944447769448825
P1,C000,GP mean,4025,0.6381876161867369,0.579613955314526,0.6944447769448825
P1,C000,GP mean,4050,0.6381876161867369,0.579613955314526,0.6944447769448825
P1,C000,GP mean,4075,0.6381876161867369,0.579613955314526,0.6944447769448825
P1,C000,GP mean,4100,0.6381876161867369,0.579613955314526,0.6944447769448825
P1,C000,GP mean,4125,0.6381876161867369,0.579613955314526,0.6944447769448825
P1,C000,GP mean,4150,0.6381876161867369,0.579613955314526,0.6944447769448825
P1,C000,GP mean,4175,0.6380197587737083,0.57957701033421,0.694230808469268
P1,C000,GP mean,4200,0.6380197342725533,0.5795770091091523,0.694230808469268
P1,C000,GP mean,4225,0.6380197342725533,0.5795770091091523,0.694230808469268
P1,C000,GP mean,4250,0.6380197342725533,0.5795770091091523,0.694230808469268
P1,C000,GP mean,4275,0.6380197342725533,0.5795770091091523,0.694230808469268
P1,C000,GP mean,4300,0.6380197342725533,0.5795770091091523,0.694230808469268
P1,C000,GP mean,4325,0.6380197342725533,0.5795770091091523,0.694230808469268
P1,C000,GP mean,4350,0.6380197342725533,0.5795770091091523,0.694230808469268
P1,C000,GP mean,4375,0.6379225832188062,0.5793851357780019,0.6941360861918645
P1,C000,GP mean,4400,0.6376370935974256,0.5789914732952411,0.6939096879461071
P1,C000,GP mean,4425,0.6376370935974256,0.5789914732952411,0.6939096879461071
P1,C000,GP mean,4450,0.6376370935974256,0.5789914732952411,0.6939096879461071
P1,C000,GP mean,4475,0.6376370935974256,0.5789914732952411,0.6939096879461071
P1,C000,GP mean,4500,0.6376370935974256,0.5789914732952411,0.6939096879461071
P1,C000,GP mean,4525,0.6376370935974256,0.5789914732952411,0.6939096879461071
P1,C000,GP mean,4550,0.6376370935974256,0.5789914732952411,0.6939096879461071
P1,C000,GP mean,4575,0.6376370935974256,0.5789914732952411,0.6939096879461071
P1,C000,GP mean,4600,0.6376370935974256,0.5789914732952411,0.6939096879461071
P1,C000,GP mean,4625,0.6375083712095462,0.5786532966348445,0.6938764679911518
P1,C000,GP mean,4650,0.6375083712095462,0.5786532966348445,0.6938764679911518
P1,C000,GP mean,4675,0.6374960402247345,0.5786406573754127,0.6938758514419112
P1,C000,GP mean,4700,0.6374960402247345,0.5786406573754127,0.6938758514419112
P1,C000,GP mean,4725,0.6374631665826994,0.578555179149638,0.693846714159116
P1,C000,GP mean,4750,0.6374412606713385,0.5785204047312129,0.693843311062451
P1,C000,GP mean,4775,0.6374412606713385,0.5785204047312129,0.693843311062451
P1,C000,GP mean,4800,0.6374412606713385,0.5785204047312129,0.693843311062451
P1,C000,GP mean,4825,0.6374412606713385,0.5785204047312129,0.693843311062451
P1,C000,GP mean,4850,0.637410896512207,0.5784892814681032,0.693843311062451
P1,C000,GP mean,4875,0.637410896512207,0.5784892814681032,0.693843311062451
P1,C000,GP mean,4900,0.637410896512207,0.5784892814681032,0.693843311062451
P1,C000,GP mean,4925,0.637410896512207,0.5784892814681032,0.693843311062451
P1,C000,GP mean,4950,0.637410896512207,0.5784892814681032,0.693843311062451
P1,C000,GP mean,4975,0.637410896512207,0.5784892814681032,0.693843311062451
P1,C000,GP mean,5000,0.637410896512207,0.5784892814681032,0.693843311062451
N1_as,C111,Baseline,1,7.291063872152322,7.171873445273799,7.416875027696594
N1_as,C111,Baseline,25,4.307648916744566,4.201221359169869,4.415790976118668
N1_as,C111,Baseline,50,4.097232384947771,3.992895483802759,4.202590305893347
N1_as,C111,Baseline,75,3.9775124103511255,3.8790314716949923,4.073918714628966
N1_as,C111,Baseline,100,3.9161325955131128,3.819096533385588,4.011600597470677
N1_as,C111,Baseline,125,3.8645864020436553,3.7785686022564007,3.9492460070969444
N1_as,C111,Baseline,150,3.828113455185592,3.744897158787441,3.910803845819139
N1_as,C111,Baseline,175,3.786222806571484,3.707403206743957,3.864940142534916
N1_as,C111,Baseline,200,3.7426974676148625,3.66168174029579,3.8197689564623207
N1_as,C111,Baseline,225,3.7106094370983076,3.628932211573271,3.788138317363786
N1_as,C111,Baseline,250,3.683958970541915,3.5975006548806476,3.765065606523017
N1_as,C111,Baseline,275,3.664719024793875,3.5784705129987353,3.747873030514799
N1_as,C111,Baseline,300,3.6377549675842658,3.5487575790662125,3.723090629456666
N1_as,C111,Baseline,325,3.616253448037515,3.5277348965163404,3.7016326728517708
N1_as,C111,Baseline,350,3.5982027973696535,3.5109093129350555,3.683714860643106
N1_as,C111,Baseline,375,3.591123133431721,3.5048983067130965,3.6755466409866204
N1_as,C111,Baseline,400,3.5792568036496193,3.495020730327063,3.661390722852059
N1_as,C111,Baseline,425,3.570317592769977,3.4883949379888604,3.649345484295808
N1_as,C111,Baseline,450,3.5539306045003247,3.4696196266650947,3.6353794357797566
N1_as,C111,Baseline,475,3.5457545656276968,3.4616614548123144,3.6274145660443335
N1_as,C111,Baseline,500,3.53446419213583,3.449824929931108,3.618084357623114
N1_as,C111,Baseline,525,3.5262534985584777,3.4427144619568057,3.609122146468309
N1_as,C111,Baseline,550,3.514352989693518,3.4308219274712966,3.595704043780681
N1_as,C111,Baseline,575,3.506482155064674,3.4205223510380662,3.589936691572244
N1_as,C111,Baseline,600,3.494601630562908,3.4092405114809474,3.578655338120079
N1_as,C111,Baseline,625,3.4860991200240825,3.4006681185667476,3.569807170713128
N1_as,C111,Baseline,650,3.4761115430036438,3.3903237158376984,3.56101174085377
N1_as,C111,Baseline,675,3.471406798252682,3.386013535896199,3.5565841883420317
N1_as,C111,Baseline,700,3.46776362739793,3.3811287771295047,3.5541048796839125
N1_as,C111,Baseline,725,3.4667419750232873,3.379770334484233,3.5531695687011022
N1_as,C111,Baseline,750,3.463062911423864,3.376858639639612,3.548181676242062
N1_as,C111,Baseline,775,3.4606932256138045,3.3725892533571873,3.5469753211209665
N1_as,C111,Baseline,800,3.4521998474476274,3.365789373722528,3.537289054263599
N1_as,C111,Baseline,825,3.448075506071475,3.361788314266556,3.5330142963415168
N1_as,C111,Baseline,850,3.4320420172611734,3.3452542060743258,3.5159107960110716
N1_as,C111,Baseline,875,3.4250528002635963,3.3386603267002224,3.508493801073752
N1_as,C111,Baseline,900,3.4182982678737264,3.331647089301563,3.502699161447839
N1_as,C111,Baseline,925,3.4079041444514186,3.3210592348313583,3.4938076305634387
N1_as,C111,Baseline,950,3.396054436495691,3.308065390139502,3.4834550484578823
N1_as,C111,Baseline,975,3.3893719462394727,3.300916588352818,3.478241746672327
N1_as,C111,Baseline,1000,3.3800629926439503,3.2920325262077235,3.467978431883329
N1_as,C111,Baseline,1025,3.3796269668644747,3.2916216053853047,3.467735829913223
N1_as,C111,Baseline,1050,3.377060659882006,3.2893124285914475,3.4652966813587387
N1_as,C111,Baseline,1075,3.3716976527918048,3.2844979996720234,3.459928368324879
N1_as,C111,Baseline,1100,3.3710947429806115,3.283506725407325,3.4594409482131154
N1_as,C111,Baseline,1125,3.362006648051225,3.2756624230319145,3.4489486696377396
N1_as,C111,Baseline,1150,3.3540021054984113,3.269428632905579,3.4395205762748158
N1_as,C111,Baseline,1175,3.344825091994652,3.2558269814023397,3.433735302456471
N1_as,C111,Baseline,1200,3.3434815182628466,3.254526125017921,3.431985595823104
N1_as,C111,Baseline,1225,3.3419838404811157,3.253336976415332,3.4302476651904406
N1_as,C111,Baseline,1250,3.3399292578826927,3.2505231389963414,3.428860352712182
N1_as,C111,Baseline,1275,3.333813834199711,3.2440851441823773,3.42362257607935
N1_as,C111,Baseline,1300,3.318126096648141,3.2260054304884265,3.4101899146462156
N1_as,C111,Baseline,1325,3.3168510737145955,3.2249615140781875,3.408917545576897
N1_as,C111,Baseline,1350,3.3142858883352013,3.2215293813501584,3.4072073616463996
N1_as,C111,Baseline,1375,3.313103969926018,3.2210451361023194,3.4056189824372614
N1_as,C111,Baseline,1400,3.312522528062852,3.219571973876989,3.4053130898276547
N1_as,C111,Baseline,1425,3.3104037668329025,3.21642804054616,3.404228901826686
N1_as,C111,Baseline,1450,3.3079126387253868,3.214421570858003,3.401992193857436
N1_as,C111,Baseline,1475,3.307591531754053,3.2140862503271976,3.401791824444883
N1_as,C111,Baseline,1500,3.307591531754053,3.2140862503271976,3.401791824444883
N1_as,C111,Baseline,1525,3.306143781084471,3.212550097204454,3.4006179024459064
N1_as,C111,Baseline,1550,3.302161830421515,3.2087074987122217,3.396172137238838
N1_as,C111,Baseline,1575,3.2992411163033295,3.2061794398500365,3.3935040014217024
N1_as,C111,Baseline,1600,3.297779446441322,3.204174847791232,3.392264468784042
N1_as,C111,Baseline,1625,3.2972111774274286,3.2039676585935335,3.391741927055683
N1_as,C111,Baseline,1650,3.2964220656768535,3.2033529669060523,3.390594468034769
N1_as,C111,Baseline,1675,3.291932810001502,3.197284867196011,3.3883096271363873
N1_as,C111,Baseline,1700,3.2889338503778016,3.1950173923022716,3.3848898342756497
N1_as,C111,Baseline,1725,3.2843274444817787,3.1891044805910136,3.3795032752288625
N1_as,C111,Baseline,1750,3.2811918737917423,3.186817222465809,3.375926589903749
N1_as,C111,Baseline,1775,3.280595760690153,3.185928634870124,3.3756443773041047
N1_as,C111,Baseline,1800,3.274730518034244,3.182501995748137,3.367060559571106
N1_as,C111,Baseline,1825,3.2729809804092476,3.180271854716455,3.366007023957554
N1_as,C111,Baseline,1850,3.2718250725321676,3.17925092414601,3.364750508788891
N1_as,C111,Baseline,1875,3.2678745691228404,3.1769016530555563,3.358907786962989
N1_as,C111,Baseline,1900,3.266464758527661,3.1753452953144157,3.3580103586630585
N1_as,C111,Baseline,1925,3.2627874869930533,3.1726088166893605,3.3532984219304773
N1_as,C111,Baseline,1950,3.261171281257618,3.1706483477826084,3.352585827863291
N1_as,C111,Baseline,1975,3.2610951056928617,3.170572172217852,3.352433476733778
N1_as,C111,Baseline,2000,3.2610951056928617,3.170572172217852,3.352433476733778
N1_as,C111,Baseline,2025,3.2580529562904115,3.1685183908323196,3.348413625341232
N1_as,C111,Baseline,2050,3.256133872239249,3.165906970214753,3.347344639376633
N1_as,C111,Baseline,2075,3.2555811082986867,3.1657557236233616,3.3462579694541943
N1_as,C111,Baseline,2100,3.2506610524488577,3.161916996467033,3.339015359736054
N1_as,C111,Baseline,2125,3.248184762825198,3.159717535612141,3.3377994981346424
N1_as,C111,Baseline,2150,3.247966048784626,3.159374691840027,3.3374005944232157
N1_as,C111,Baseline,2175,3.2475747078685426,3.1591137862977225,3.337002002649729
N1_as,C111,Baseline,2200,3.2467832029621517,3.158402648638766,3.3357089999784395
N1_as,C111,Baseline,2225,3.2444624566957065,3.155863694231041,3.3334827254361676
N1_as,C111,Baseline,2250,3.241601827131632,3.15380049485834,3.3299454338717545
N1_as,C111,Baseline,2275,3.2406021249959167,3.152553789315231,3.3290727112448324
N1_as,C111,Baseline,2300,3.233487939594098,3.1470292709333973,3.3213848885652144
N1_as,C111,Baseline,2325,3.2312732875398567,3.1433847883281953,3.3197262428609147
N1_as,C111,Baseline,2350,3.228278136190836,3.1402985894748956,3.317242688521689
N1_as,C111,Baseline,2375,3.223584914763035,3.1361229459166897,3.312707850932846
N1_as,C111,Baseline,2400,3.219992571860506,3.1334704693255064,3.3085102179314796
N1_as,C111,Baseline,2425,3.219992571860506,3.1334704693255064,3.3085102179314796
N1_as,C111,Baseline,2450,3.219992571860506,3.1334704693255064,3.3085102179314796
N1_as,C111,Baseline,2475,3.219722128756664,3.133200026221664,3.308073742279832
N1_as,C111,Baseline,2500,3.2180063345478374,3.131553342262749,3.306303672388436
N1_as,C111,Baseline,2525,3.217593875783069,3.1311706786141755,3.306048078556599
N1_as,C111,Baseline,2550,3.215854724036329,3.1300930467503814,3.302377173461718
N1_as,C111,Baseline,2575,3.2151646912102922,3.129158315358774,3.3020936908972334
N1_as,C111,Baseline,2600,3.213426185268137,3.1278572610935624,3.299656454002135
N1_as,C111,Baseline,2625,3.213426185268137,3.1278572610935624,3.299656454002135
N1_as,C111,Baseline,2650,3.2111754985348844,3.1261319393801017,3.296851169353309
N1_as,C111,Baseline,2675,3.2111754985348844,3.1261319393801017,3.296851169353309
N1_as,C111,Baseline,2700,3.207231164483905,3.12202052433697,3.2924340865417183
N1_as,C111,Baseline,2725,3.2059505336790473,3.120841429425518,3.2908064206510708
N1_as,C111,Baseline,2750,3.2027963151946857,3.1177733361191353,3.2885869119271174
N1_as,C111,Baseline,2775,3.2027963151946857,3.1177733361191353,3.2885869119271174
N1_as,C111,Baseline,2800,3.2027963151946857,3.1177733361191353,3.2885869119271174
N1_as,C111,Baseline,2825,3.199455002289053,3.114400979908778,3.2851667750567843
N1_as,C111,Baseline,2850,3.196944252744553,3.112045341886506,3.2829385827252064
N1_as,C111,Baseline,2875,3.1919652205919293,3.1071029251788866,3.277517702565871
N1_as,C111,Baseline,2900,3.1919652205919293,3.1071029251788866,3.277517702565871
N1_as,C111,Baseline,2925,3.1906679926165484,3.1059243103909475,3.276306383256314
N1_as,C111,Baseline,2950,3.1884436318577656,3.10321920975226,3.2743443379391732
N1_as,C111,Baseline,2975,3.187501049086098,3.102915371300207,3.2730812966864495
N1_as,C111,Baseline,3000,3.186344145916456,3.101588014228771,3.2720808305906064
N1_as,C111,Baseline,3025,3.184409324349147,3.098929998320074,3.270620377466172
N1_as,C111,Baseline,3050,3.18345240066928,3.098452022732341,3.269379246153433
N1_as,C111,Baseline,3075,3.18345240066928,3.098452022732341,3.269379246153433
N1_as,C111,Baseline,3100,3.1794402148001817,3.0949023158427074,3.2656006972524283
N1_as,C111,Baseline,3125,3.1751448698178484,3.0900495372888646,3.2604439404719603
N1_as,C111,Baseline,3150,3.172759354188151,3.0876712321334168,3.257761996790653
N1_as,C111,Baseline,3175,3.171992106918653,3.0871165109783654,3.256796062652022
N1_as,C111,Baseline,3200,3.1672591694599244,3.0812542248150754,3.2534977137692094
N1_as,C111,Baseline,3225,3.1670220254168213,3.080983919523093,3.253089316559979
N1_as,C111,Baseline,3250,3.1670220254168213,3.080983919523093,3.253089316559979
N1_as,C111,Baseline,3275,3.1663349172331494,3.0806029664020222,3.252355932540525
N1_as,C111,Baseline,3300,3.1663349172331494,3.0806029664020222,3.252355932540525
N1_as,C111,Baseline,3325,3.1663349172331494,3.0806029664020222,3.252355932540525
N1_as,C111,Baseline,3350,3.1622634536658922,3.075381274179206,3.249824474985453
N1_as,C111,Baseline,3375,3.1579718037491813,3.0710555964158486,3.245309312247629
N1_as,C111,Baseline,3400,3.15544088296635,3.067725260248306,3.243482513732489
N1_as,C111,Baseline,3425,3.1536004681494925,3.0658846286067796,3.242016474987649
N1_as,C111,Baseline,3450,3.1491277329086715,3.0622568503362326,3.2373327191703636
N1_as,C111,Baseline,3475,3.14562488738395,3.058606595211871,3.233534953475223
N1_as,C111,Baseline,3500,3.14562488738395,3.058606595211871,3.233534953475223
N1_as,C111,Baseline,3525,3.14562488738395,3.058606595211871,3.233534953475223
N1_as,C111,Baseline,3550,3.1452399466332994,3.0581965539178264,3.2331691294823366
N1_as,C111,Baseline,3575,3.1449895144506934,3.057986356024822,3.232807584906173
N1_as,C111,Baseline,3600,3.1449895144506934,3.057986356024822,3.232807584906173
N1_as,C111,Baseline,3625,3.1449895144506934,3.057986356024822,3.232807584906173
N1_as,C111,Baseline,3650,3.1440048749854914,3.0568399183130084,3.2322077550328228
N1_as,C111,Baseline,3675,3.1440048749854914,3.0568399183130084,3.2322077550328228
N1_as,C111,Baseline,3700,3.142619797008414,3.0553132916084764,3.230582661043017
N1_as,C111,Baseline,3725,3.142246885882711,3.054729111852933,3.2301413089848467
N1_as,C111,Baseline,3750,3.1418789165609797,3.0546669977325758,3.229664375863826
N1_as,C111,Baseline,3775,3.140397260749033,3.053747017419863,3.2270865042749888
N1_as,C111,Baseline,3800,3.140397260749033,3.053747017419863,3.2270865042749888
N1_as,C111,Baseline,3825,3.135657935118936,3.047037308921844,3.223679315174943
N1_as,C111,Baseline,3850,3.132162395642333,3.043655899007903,3.2202837914668936
N1_as,C111,Baseline,3875,3.132162395642333,3.043655899007903,3.2202837914668936
N1_as,C111,Baseline,3900,3.1300061046958016,3.0404814900483244,3.2196380079593
N1_as,C111,Baseline,3925,3.1300061046958016,3.0404814900483244,3.2196380079593
N1_as,C111,Baseline,3950,3.1300061046958016,3.0404814900483244,3.2196380079593
N1_as,C111,Baseline,3975,3.127308951353315,3.0383975724674466,3.2155055970968265
N1_as,C111,Baseline,4000,3.126632797856138,3.0380748110138276,3.2139891855117932
N1_as,C111,Baseline,4025,3.1240366641019532,3.0358237762330518,3.2119115139384267
N1_as,C111,Baseline,4050,3.12390405766756,3.0355585633642663,3.2117802209544535
N1_as,C111,Baseline,4075,3.12390405766756,3.0355585633642663,3.2117802209544535
N1_as,C111,Baseline,4100,3.12390405766756,3.0355585633642663,3.2117802209544535
N1_as,C111,Baseline,4125,3.1225315282432193,3.0342574232936452,3.2107931938652765
N1_as,C111,Baseline,4150,3.119875262838533,3.0295381996085373,3.2087311997552086
N1_as,C111,Baseline,4175,3.117395037907468,3.027493918478478,3.206873733093046
N1_as,C111,Baseline,4200,3.117395037907468,3.027493918478478,3.206873733093046
N1_as,C111,Baseline,4225,3.117395037907468,3.027493918478478,3.206873733093046
N1_as,C111,Baseline,4250,3.116443039804805,3.026815593496241,3.2052590317295895
N1_as,C111,Baseline,4275,3.1138914238728157,3.0230836433363617,3.203466496547736
N1_as,C111,Baseline,4300,3.1138914238728157,3.0230836433363617,3.203466496547736
N1_as,C111,Baseline,4325,3.1138914238728157,3.0230836433363617,3.203466496547736
N1_as,C111,Baseline,4350,3.1088065974613617,3.0193000052765266,3.1971147340594537
N1_as,C111,Baseline,4375,3.1088065974613617,3.0193000052765266,3.1971147340594537
N1_as,C111,Baseline,4400,3.107578368655547,3.01829109715427,3.1966005741467467
N1_as,C111,Baseline,4425,3.107578368655547,3.01829109715427,3.1966005741467467
N1_as,C111,Baseline,4450,3.107553311489073,3.018242235679646,3.1966005741467467
N1_as,C111,Baseline,4475,3.103879569418117,3.0150264750304965,3.1921008105699107
N1_as,C111,Baseline,4500,3.103879569418117,3.0150264750304965,3.1921008105699107
N1_as,C111,Baseline,4525,3.103879569418117,3.0150264750304965,3.1921008105699107
N1_as,C111,Baseline,4550,3.1020006823548747,3.0138187849872287,3.1895967572810475
N1_as,C111,Baseline,4575,3.099967080911282,3.0092910774337467,3.1887874041642745
N1_as,C111,Baseline,4600,3.099967080911282,3.0092910774337467,3.1887874041642745
N1_as,C111,Baseline,4625,3.099659909930821,3.0092910774337467,3.188380853303108
N1_as,C111,Baseline,4650,3.099659909930821,3.0092910774337467,3.188380853303108
N1_as,C111,Baseline,4675,3.099659909930821,3.0092910774337467,3.188380853303108
N1_as,C111,Baseline,4700,3.0986653348273356,3.0080329722681687,3.187679973630904
N1_as,C111,Baseline,4725,3.0977277812174706,3.006914293424764,3.1869152812289094
N1_as,C111,Baseline,4750,3.091178646506586,3.0005265024615473,3.1803041465086648
N1_as,C111,Baseline,4775,3.091178646506586,3.0005265024615473,3.1803041465086648
N1_as,C111,Baseline,4800,3.0903650517667494,3.0001434457996665,3.178766788869964
N1_as,C111,Baseline,4825,3.0903650517667494,3.0001434457996665,3.178766788869964
N1_as,C111,Baseline,4850,3.0903650517667494,3.0001434457996665,3.178766788869964
N1_as,C111,Baseline,4875,3.0903650517667494,3.0001434457996665,3.178766788869964
N1_as,C111,Baseline,4900,3.0903650517667494,3.0001434457996665,3.178766788869964
N1_as,C111,Baseline,4925,3.0903650517667494,3.0001434457996665,3.178766788869964
N1_as,C111,Baseline,4950,3.0903650517667494,3.0001434457996665,3.178766788869964
N1_as,C111,Baseline,4975,3.0903650517667494,3.0001434457996665,3.178766788869964
N1_as,C111,Baseline,5000,3.0900512654744334,2.999710499058417,3.1785805848354847
N1_as,C111,GP mean,1,7.225944414897416,7.129911868273545,7.322738147072836
N1_as,C111,GP mean,25,2.934439958090209,2.7936656307035492,3.0714115800616812
N1_as,C111,GP mean,50,2.5147614813992223,2.3713120064594495,2.6572854608377785
N1_as,C111,GP mean,75,2.334565127758988,2.1941327269080033,2.4732664755695106
N1_as,C111,GP mean,100,2.2357360776645496,2.095804751075862,2.369584128112075
N1_as,C111,GP mean,125,2.1438117611490473,2.006201478219038,2.2750595432428677
N1_as,C111,GP mean,150,2.0878868790703256,1.9532360600365277,2.2160216345004087
N1_as,C111,GP mean,175,2.0470144054956605,1.9158328489248855,2.172448883224616
N1_as,C111,GP mean,200,2.01508067917125,1.8851813336363668,2.140999464594515
N1_as,C111,GP mean,225,1.9807618509432194,1.8532387061653373,2.1052114665965784
N1_as,C111,GP mean,250,1.9563648639350837,1.829767123483407,2.0795081192907086
N1_as,C111,GP mean,275,1.9299366327510794,1.8063625994149424,2.0490937724021068
N1_as,C111,GP mean,300,1.911055469702422,1.7891525552074703,2.030015772186701
N1_as,C111,GP mean,325,1.8982706793515203,1.7756798997257197,2.0180881613149966
N1_as,C111,GP mean,350,1.879234604502695,1.7577123133834724,1.998677961695303
N1_as,C111,GP mean,375,1.8672157236652565,1.7468725533046274,1.9855801667296922
N1_as,C111,GP mean,400,1.8539385278272036,1.7347772118086924,1.9711230658125019
N1_as,C111,GP mean,425,1.8442595907672061,1.725656983678679,1.9609104431187752
N1_as,C111,GP mean,450,1.8281918270565585,1.7116947519894792,1.9417511504003846
N1_as,C111,GP mean,475,1.818608164923659,1.7035708498650146,1.9310020387126927
N1_as,C111,GP mean,500,1.8106347321659082,1.6956664521983427,1.9228194180429405
N1_as,C111,GP mean,525,1.800345476478352,1.6854934935357737,1.912317103399113
N1_as,C111,GP mean,550,1.7906885790243476,1.6762740237909715,1.9037559161956634
N1_as,C111,GP mean,575,1.7827441265662296,1.669128454850958,1.8948591008157136
N1_as,C111,GP mean,600,1.7747027261513018,1.6621108844124686,1.8866056599370773
N1_as,C111,GP mean,625,1.7638722423330604,1.6516627098221017,1.874980337609296
N1_as,C111,GP mean,650,1.7562510890220953,1.6431812033179685,1.8675144249443427
N1_as,C111,GP mean,675,1.7509844323060144,1.6379582553781904,1.8620840743635236
N1_as,C111,GP mean,700,1.7432600454977554,1.6312079486292566,1.85420537751228
N1_as,C111,GP mean,725,1.7333359026842434,1.6214413318069958,1.8451282382819685
N1_as,C111,GP mean,750,1.7265689715705892,1.6145381151819453,1.83841991436821
N1_as,C111,GP mean,775,1.7219268074841563,1.6101925701329658,1.834314117152451
N1_as,C111,GP mean,800,1.7169205674181016,1.6046171471030932,1.8299568713854741
N1_as,C111,GP mean,825,1.7124014670584884,1.599884562918422,1.8251819663057465
N1_as,C111,GP mean,850,1.7071536403460195,1.5948601610127655,1.8187142501497395
N1_as,C111,GP mean,875,1.703619952121498,1.5905614378941773,1.8161246896861558
N1_as,C111,GP mean,900,1.7007083428547027,1.5871066500066573,1.8136837605634528
N1_as,C111,GP mean,925,1.6974169967566968,1.584236850135764,1.810257604780887
N1_as,C111,GP mean,950,1.6904416025899751,1.5779685107889345,1.8035184051219137
N1_as,C111,GP mean,975,1.688622957212274,1.5757032186908224,1.8020179025110803
N1_as,C111,GP mean,1000,1.684738819809466,1.572162229206038,1.7979775879339919
N1_as,C111,GP mean,1025,1.6821462600058064,1.5692575001632838,1.794813159989548
N1_as,C111,GP mean,1050,1.6785110828516046,1.5658098671580172,1.7908911922973327
N1_as,C111,GP mean,1075,1.676069280202403,1.5631977547656837,1.7880650964247653
N1_as,C111,GP mean,1100,1.6714470809360733,1.559206075483388,1.7834159616714593
N1_as,C111,GP mean,1125,1.6659735922615981,1.5543606698047383,1.7778925280666564
N1_as,C111,GP mean,1150,1.6629916846397421,1.5505835499634886,1.775268418841065
N1_as,C111,GP mean,1175,1.6604672409044405,1.5489374710789752,1.772506470149975
N1_as,C111,GP mean,1200,1.6576218028610372,1.5454657359106612,1.7702464916913583
N1_as,C111,GP mean,1225,1.6550805256351149,1.54238773359477,1.7677419899815594
N1_as,C111,GP mean,1250,1.6519049386387403,1.5391120169095778,1.76441825016689
N1_as,C111,GP mean,1275,1.6477956730707346,1.535392604125872,1.7601139310548952
N1_as,C111,GP mean,1300,1.646458661385505,1.533912813787169,1.7591059221976426
N1_as,C111,GP mean,1325,1.6439818410596172,1.530978410029864,1.757013794840432
N1_as,C111,GP mean,1350,1.642421288599832,1.5291526665002366,1.7557142509464587
N1_as,C111,GP mean,1375,1.6383953409181595,1.5258649104241573,1.7512304511021026
N1_as,C111,GP mean,1400,1.6356425553012193,1.5233529163465562,1.7484429686241112
N1_as,C111,GP mean,1425,1.6301092792712304,1.5183753047754798,1.7426651828810458
N1_as,C111,GP mean,1450,1.6273798372709658,1.515692068764668,1.739631337812457
N1_as,C111,GP mean,1475,1.6251830867321055,1.513645621123304,1.7372192774239685
N1_as,C111,GP mean,1500,1.6218821595059685,1.5098774832280069,1.7344720866664463
N1_as,C111,GP mean,1525,1.6201518537450283,1.5082309121386228,1.7325575675385656
N1_as,C111,GP mean,1550,1.6168983760414808,1.505029010521559,1.7293847310923356
N1_as,C111,GP mean,1575,1.6158993801043735,1.5039157309554334,1.728536902243299
N1_as,C111,GP mean,1600,1.6136181097821602,1.5014602749012746,1.726463015459812
N1_as,C111,GP mean,1625,1.6112632326306502,1.4993159239638867,1.7238134298270391
N1_as,C111,GP mean,1650,1.6073384773648633,1.4959405609330565,1.7194272044336143
N1_as,C111,GP mean,1675,1.6055529732466043,1.4943900353318913,1.7179781050414422
N1_as,C111,GP mean,1700,1.6037225396718042,1.492725651487319,1.7158167847667538
N1_as,C111,GP mean,1725,1.6024957906626744,1.4916690827473873,1.7145240825467245
N1_as,C111,GP mean,1750,1.602031007132821,1.4909615395541254,1.7141329908169445
N1_as,C111,GP mean,1775,1.5993209035831972,1.4881789148749354,1.7116583625196777
N1_as,C111,GP mean,1800,1.597019357822684,1.4857591670096701,1.7094851374469542
N1_as,C111,GP mean,1825,1.5962476088145763,1.4849655204782135,1.7091723349393364
N1_as,C111,GP mean,1850,1.594572309889004,1.4833637131236068,1.7067118047953813
N1_as,C111,GP mean,1875,1.5917778378265173,1.4818396139836052,1.702977977883552
N1_as,C111,GP mean,1900,1.5892336471395219,1.4790628417608909,1.7008098812275554
N1_as,C111,GP mean,1925,1.5870034182296686,1.4767654716394891,1.697955588041337
N1_as,C111,GP mean,1950,1.5846046375739917,1.4752383922608558,1.6947528755360963
N1_as,C111,GP mean,1975,1.5833968083812895,1.474472689503764,1.692845950117944
N1_as,C111,GP mean,2000,1.581607788973805,1.4723406147560454,1.691073632394704
N1_as,C111,GP mean,2025,1.5807201263340462,1.471530581495844,1.6901347247198597
N1_as,C111,GP mean,2050,1.579534421140775,1.4705013526912747,1.689137382308102
N1_as,C111,GP mean,2075,1.5778131368390547,1.4690138810029887,1.6875419398190925
N1_as,C111,GP mean,2100,1.5764290915800414,1.467730473768412,1.686316204684614
N1_as,C111,GP mean,2125,1.575346256905508,1.4671684512484802,1.6850088317658738
N1_as,C111,GP mean,2150,1.574062041561507,1.46589782935173,1.6838937564557779
N1_as,C111,GP mean,2175,1.5720040115290859,1.463755934821556,1.6819445145214713
N1_as,C111,GP mean,2200,1.570192740924506,1.46197299149572,1.6800663659261206
N1_as,C111,GP mean,2225,1.569485685625838,1.461216956301872,1.679378048401496
N1_as,C111,GP mean,2250,1.568215106877415,1.459977240590909,1.6781248357442646
N1_as,C111,GP mean,2275,1.5659443512935212,1.457778905178706,1.6761749458463278
N1_as,C111,GP mean,2300,1.5649188084659718,1.4566332372523532,1.6753661059703768
N1_as,C111,GP mean,2325,1.5637182424470033,1.4555520056137001,1.6741679392553341
N1_as,C111,GP mean,2350,1.5632740898061528,1.4551942696514253,1.6737045909975192
N1_as,C111,GP mean,2375,1.5605739173510287,1.4525437168813182,1.6711287204839014
N1_as,C111,GP mean,2400,1.5601079541538718,1.4517420545242086,1.6706897731716994
N1_as,C111,GP mean,2425,1.5587666987778621,1.4504532678910549,1.6692761871366883
N1_as,C111,GP mean,2450,1.5569119548594046,1.4484190967275101,1.6679459323061434
N1_as,C111,GP mean,2475,1.5546521786811167,1.447131985637326,1.6653796786270108
N1_as,C111,GP mean,2500,1.553849674069061,1.4458893202311065,1.664748805223197
N1_as,C111,GP mean,2525,1.5522847321296216,1.444961681807375,1.6627005985586745
N1_as,C111,GP mean,2550,1.5515763363930073,1.4442792555381954,1.66209644152285
N1_as,C111,GP mean,2575,1.5503294136539416,1.4427326516003196,1.6611338102601054
N1_as,C111,GP mean,2600,1.547348365170223,1.4403536973540672,1.6574801201707166
N1_as,C111,GP mean,2625,1.5461625387343159,1.4395186700396732,1.6562642147819306
N1_as,C111,GP mean,2650,1.5426985612553095,1.4358203061782535,1.653081996567701
N1_as,C111,GP mean,2675,1.541405842003567,1.4348001793901948,1.6517036468548745
N1_as,C111,GP mean,2700,1.5395399106463326,1.4331979872206149,1.6495331934427715
N1_as,C111,GP mean,2725,1.5385987201983196,1.4321223387712974,1.6486767539234155
N1_as,C111,GP mean,2750,1.5376912630444728,1.430755299431772,1.6479839120401054
N1_as,C111,GP mean,2775,1.5362423657074502,1.4292807228227427,1.6465962326070969
N1_as,C111,GP mean,2800,1.5357439580671328,1.428802880925169,1.646336406739781
N1_as,C111,GP mean,2825,1.534467471449492,1.4277739938906702,1.6446180038369655
N1_as,C111,GP mean,2850,1.5339207676212119,1.4272503195435247,1.644381143855054
N1_as,C111,GP mean,2875,1.5326683762521498,1.4262303297592382,1.6423997689805307
N1_as,C111,GP mean,2900,1.531834083709519,1.4255384786404501,1.641947694169583
N1_as,C111,GP mean,2925,1.5304123187574235,1.4239313920174261,1.6409661043285835
N1_as,C111,GP mean,2950,1.529512699566962,1.4230485072767496,1.6400705315117294
N1_as,C111,GP mean,2975,1.5281991805948192,1.4216009993671417,1.639052781595906
N1_as,C111,GP mean,3000,1.5272160011248963,1.4207304400532599,1.6380023945946143
N1_as,C111,GP mean,3025,1.524751297102691,1.4187604519374601,1.6349089397905645
N1_as,C111,GP mean,3050,1.5233847751993346,1.417552548408383,1.6335105949512756
N1_as,C111,GP mean,3075,1.522431664233965,1.4168837781233874,1.6320208068197803
N1_as,C111,GP mean,3100,1.5204219355426767,1.4144216296057466,1.6306243930604385
N1_as,C111,GP mean,3125,1.5197075975370522,1.413494625459771,1.6298778258872118
N1_as,C111,GP mean,3150,1.5181183077720635,1.4120641715738695,1.628376822734189
N1_as,C111,GP mean,3175,1.5180855534641142,1.4120641715738695,1.62827937866804
N1_as,C111,GP mean,3200,1.5174403941003167,1.4114645051037313,1.6278985121420577
N1_as,C111,GP mean,3225,1.5161117184460071,1.4100313350570877,1.6267569406773865
N1_as,C111,GP mean,3250,1.5153044358972787,1.4092378279326827,1.6260014105294038
N1_as,C111,GP mean,3275,1.5144341528537326,1.4083175486597082,1.624821285479886
N1_as,C111,GP mean,3300,1.5140838050473386,1.4079357116075697,1.6246414417749493
N1_as,C111,GP mean,3325,1.5128548035236247,1.4064273576309785,1.623656127529488
N1_as,C111,GP mean,3350,1.511907760230783,1.4050136060963085,1.6228938854061843
N1_as,C111,GP mean,3375,1.5104054550069188,1.404347151076468,1.6210132007687055
N1_as,C111,GP mean,3400,1.5075568693196324,1.4014929310242272,1.6184042564717533
N1_as,C111,GP mean,3425,1.5065033330997362,1.4000813052424415,1.6176415025837605
N1_as,C111,GP mean,3450,1.5063933450736775,1.3999936945658356,1.617610929252412
N1_as,C111,GP mean,3475,1.5043272717411746,1.3986250649462433,1.6146808667238899
N1_as,C111,GP mean,3500,1.5038992607834474,1.398413320298595,1.6140890455182524
N1_as,C111,GP mean,3525,1.5038708861373804,1.3983674121497771,1.6140883361521008
N1_as,C111,GP mean,3550,1.5032917973395796,1.3977495040059784,1.6137286778282938
N1_as,C111,GP mean,3575,1.502500779178074,1.3972214090780157,1.612982839031197
N1_as,C111,GP mean,3600,1.5017979711088822,1.3964891307956069,1.612248534343521
N1_as,C111,GP mean,3625,1.500694203597883,1.3951839264039874,1.6113156633830708
N1_as,C111,GP mean,3650,1.5005994067787656,1.394993719592017,1.6113139789664532
N1_as,C111,GP mean,3675,1.4997388245970633,1.3943065448509449,1.6104172946387025
N1_as,C111,GP mean,3700,1.4985315920107967,1.3931690793562215,1.6091503684371713
N1_as,C111,GP mean,3725,1.4972690514799576,1.3914391234645331,1.6081641750560813
N1_as,C111,GP mean,3750,1.4967641744979927,1.3909247410339227,1.6075286272410132
N1_as,C111,GP mean,3775,1.4963409520649913,1.3902861999632898,1.6071858636358511
N1_as,C111,GP mean,3800,1.4953183005110016,1.3898783394928644,1.6054612679156668
N1_as,C111,GP mean,3825,1.4943729947177218,1.3887877967020008,1.6045870789077148
N1_as,C111,GP mean,3850,1.493428436460881,1.3880693367521755,1.6036408764349854
N1_as,C111,GP mean,3875,1.4934157665886332,1.3880563501331216,1.6036408764349854
N1_as,C111,GP mean,3900,1.4930207753894211,1.3874923628281377,1.6032792888496095
N1_as,C111,GP mean,3925,1.492067688704813,1.3866411617415826,1.602160257226869
N1_as,C111,GP mean,3950,1.4907732525079207,1.3855093305972914,1.6009783252902763
N1_as,C111,GP mean,3975,1.4907442343550599,1.385481037898252,1.6009700520214112
N1_as,C111,GP mean,4000,1.490390304326617,1.3853688766480183,1.6001420049713235
N1_as,C111,GP mean,4025,1.4901694532854013,1.3847807724780246,1.600090639682489
N1_as,C111,GP mean,4050,1.489064263345657,1.3837470678068169,1.5991159311697394
N1_as,C111,GP mean,4075,1.4879360502254722,1.382886120702657,1.5979474377747223
N1_as,C111,GP mean,4100,1.4877885794641401,1.3827321865315498,1.59779996701339
N1_as,C111,GP mean,4125,1.487403151003689,1.382729196967789,1.5972039930141848
N1_as,C111,GP mean,4150,1.486859678397618,1.381523698089121,1.5969049264042843
N1_as,C111,GP mean,4175,1.4864571131835502,1.3808974289076361,1.5965434390868405
N1_as,C111,GP mean,4200,1.4859150610722553,1.3803970047306384,1.5958960960959634
N1_as,C111,GP mean,4225,1.4851305541254636,1.3799524972097348,1.5948226688962244
N1_as,C111,GP mean,4250,1.4841035454203928,1.3787688172617,1.5936323349050694
N1_as,C111,GP mean,4275,1.4835645805219724,1.3782805417227486,1.5929250302608222
N1_as,C111,GP mean,4300,1.4827660144918746,1.3778493307803539,1.592423541136821
N1_as,C111,GP mean,4325,1.4817818614530711,1.3767260035458697,1.5916642097998943
N1_as,C111,GP mean,4350,1.4811799118140712,1.3761367274216032,1.5910556876067945
N1_as,C111,GP mean,4375,1.479843740503082,1.374947139170508,1.5896477179474031
N1_as,C111,GP mean,4400,1.4790796428975754,1.3741442841797082,1.5891477264721667
N1_as,C111,GP mean,4425,1.4776110623204592,1.372305745791205,1.5873105202388764
N1_as,C111,GP mean,4450,1.4770642211052643,1.3719885682629542,1.587151602467013
N1_as,C111,GP mean,4475,1.4765261870398176,1.3719451881100178,1.585748349056059
N1_as,C111,GP mean,4500,1.4755152040560104,1.3702253715374728,1.5850774927241489
N1_as,C111,GP mean,4525,1.4750446887643744,1.3697621846423487,1.5848710528715118
N1_as,C111,GP mean,4550,1.4726989765588525,1.3674672826526366,1.582070608511375
N1_as,C111,GP mean,4575,1.4726134187046405,1.3673535407505961,1.5819802861940053
N1_as,C111,GP mean,4600,1.4711702886311044,1.3659801022786613,1.5800543108864427
N1_as,C111,GP mean,4625,1.4710589379338728,1.3658671845751098,1.579965831231717
N1_as,C111,GP mean,4650,1.4707255527839356,1.365516440790306,1.5796389208498802
N1_as,C111,GP mean,4675,1.4707255527839356,1.365516440790306,1.5796389208498802
N1_as,C111,GP mean,4700,1.470335740261839,1.3650384924989547,1.579278881568471
N1_as,C111,GP mean,4725,1.4689624702406203,1.3641656984355055,1.5781545201903373
N1_as,C111,GP mean,4750,1.468790909254379,1.3638569429230312,1.5780579183438008
N1_as,C111,GP mean,4775,1.4679809381421154,1.3627962048843363,1.5772933683498085
N1_as,C111,GP mean,4800,1.4674871462579921,1.3623581698390659,1.5768301402685627
N1_as,C111,GP mean,4825,1.467329070838318,1.3622091163789103,1.576629413015032
N1_as,C111,GP mean,4850,1.4670759696931817,1.3619090015614255,1.5763488396999576
N1_as,C111,GP mean,4875,1.4668143124629756,1.3617043343197295,1.5761137196380008
N1_as,C111,GP mean,4900,1.4659413907503531,1.360414809681576,1.5753731933628066
N1_as,C111,GP mean,4925,1.4646298590106748,1.359030811248781,1.5747321043876268
N1_as,C111,GP mean,4950,1.4646298590106748,1.359030811248781,1.5747321043876268
N1_as,C111,GP mean,4975,1.4641982073840354,1.358570411517179,1.5743075685346117
N1_as,C111,GP mean,5000,1.46392028380558,1.3582150508477682,1.574196906477276
N1_mmas,C111,Baseline,1,7.291063872152322,7.171873445273799,7.416875027696594
N1_mmas,C111,Baseline,25,4.381219251213907,4.284430133997253,4.4791819179112
N1_mmas,C111,Baseline,50,3.371784800806946,3.2913616685570384,3.4535567522920108
N1_mmas,C111,Baseline,75,2.8063745951029766,2.70457947414815,2.908452801627987
N1_mmas,C111,Baseline,100,2.3807432708584,2.2441006125626783,2.5228975013041883
N1_mmas,C111,Baseline,125,1.9358198046966204,1.7587582590510893,2.1125004931587976
N1_mmas,C111,Baseline,150,1.4275098541622941,1.2507870949670408,1.6031096860612528
N1_mmas,C111,Baseline,175,1.0323882242623326,0.8909182286724339,1.1747811306494902
N1_mmas,C111,Baseline,200,0.7515265015934894,0.653768768466127,0.8536483802688736
N1_mmas,C111,Baseline,225,0.5777253762587072,0.5075702931529215,0.6497791517470062
N1_mmas,C111,Baseline,250,0.48063262473976737,0.42680927964048476,0.5345556497910066
N1_mmas,C111,Baseline,275,0.4341065056214373,0.38754688271937504,0.4800794183934215
N1_mmas,C111,Baseline,300,0.40113037667065726,0.3573791941876037,0.4441576454151005
N1_mmas,C111,Baseline,325,0.3813075917825715,0.3391624780584982,0.4223646035029162
N1_mmas,C111,Baseline,350,0.36451964345291593,0.32350298514010933,0.40501024472159214
N1_mmas,C111,Baseline,375,0.35710120584172567,0.31714598522436127,0.3964049893072867
N1_mmas,C111,Baseline,400,0.35027236026053454,0.31163342883870043,0.38812210142571957
N1_mmas,C111,Baseline,425,0.340867126431203,0.30325159032233456,0.3780006535392688
N1_mmas,C111,Baseline,450,0.3314301208815148,0.29499327038078094,0.36779992729171596
N1_mmas,C111,Baseline,475,0.32928205397758203,0.2931326767005947,0.36529587398132307
N1_mmas,C111,Baseline,500,0.3266093931706123,0.2904731499632605,0.3625676692365798
N1_mmas,C111,Baseline,525,0.3219004200274391,0.28596325549449914,0.35801004964256133
N1_mmas,C111,Baseline,550,0.3177897133773008,0.28233993705284977,0.353757616579146
N1_mmas,C111,Baseline,575,0.3150639976559193,0.28010691009507266,0.35097829546705467
N1_mmas,C111,Baseline,600,0.3112705739945264,0.27648790636979814,0.34682569826705917
N1_mmas,C111,Baseline,625,0.3094728581290243,0.27505586813753397,0.34464555209930053
N1_mmas,C111,Baseline,650,0.30798725889912076,0.2736381748955059,0.3432025780222743
N1_mmas,C111,Baseline,675,0.30311576988870215,0.26891371792752505,0.33826694315113764
N1_mmas,C111,Baseline,700,0.2987641643219905,0.26349473884725944,0.33471697813486107
N1_mmas,C111,Baseline,725,0.2950216707814485,0.25909313810269635,0.3315290667905008
N1_mmas,C111,Baseline,750,0.29147147050477906,0.2562593048534342,0.3272453389511093
N1_mmas,C111,Baseline,775,0.28856620356471374,0.2525529693297172,0.3252099245081673
N1_mmas,C111,Baseline,800,0.28306217784952503,0.24767620629702244,0.3189508827492047
N1_mmas,C111,Baseline,825,0.2797868854803294,0.24402917721078826,0.31584537637213345
N1_mmas,C111,Baseline,850,0.2738182585046878,0.23911082054958877,0.30893223776745155
N1_mmas,C111,Baseline,875,0.26999692173850204,0.2356101325933826,0.30441429108446144
N1_mmas,C111,Baseline,900,0.2671825224708675,0.23264142926572387,0.3017527648605161
N1_mmas,C111,Baseline,925,0.2631224310246282,0.22882508302658097,0.2978158753595519
N1_mmas,C111,Baseline,950,0.26088707393416866,0.2267402287799149,0.29582868291981074
N1_mmas,C111,Baseline,975,0.25764818712483734,0.22371180765417067,0.2921264279730867
N1_mmas,C111,Baseline,1000,0.2533724526177765,0.22026325636325209,0.2873879208214608
N1_mmas,C111,Baseline,1025,0.2458561118324097,0.21356512606610858,0.27858987687744113
N1_mmas,C111,Baseline,1050,0.24202431128495683,0.21047196372334856,0.27395495111282553
N1_mmas,C111,Baseline,1075,0.2368492943418335,0.2061191080300733,0.2679799807897471
N1_mmas,C111,Baseline,1100,0.2335012941796942,0.2033859994429025,0.26422928061740064
N1_mmas,C111,Baseline,1125,0.23257009450864674,0.202557772441911,0.26328330337852934
N1_mmas,C111,Baseline,1150,0.2295284150794434,0.199800541862261,0.259942384736484
N1_mmas,C111,Baseline,1175,0.2284154570342388,0.19847203170343727,0.25902278039016197
N1_mmas,C111,Baseline,1200,0.2272130704406064,0.1971839990183187,0.2582219529573282
N1_mmas,C111,Baseline,1225,0.2254181714059586,0.1961879975370413,0.255265904793928
N1_mmas,C111,Baseline,1250,0.22397722134733997,0.19527493255498032,0.25280585525500493
N1_mmas,C111,Baseline,1275,0.2214440289476742,0.19353740253330867,0.24890028459198107
N1_mmas,C111,Baseline,1300,0.21937915615631687,0.1911281210408556,0.2470932674787967
N1_mmas,C111,Baseline,1325,0.2157200145038024,0.1881482579930719,0.24282874247625583
N1_mmas,C111,Baseline,1350,0.21459774691909406,0.18734712024182895,0.24130616190332266
N1_mmas,C111,Baseline,1375,0.21320084818715904,0.18589907373658363,0.2399881571640418
N1_mmas,C111,Baseline,1400,0.21275473639927503,0.18566940425911246,0.23946943245338506
N1_mmas,C111,Baseline,1425,0.21037632108106058,0.1830373525261358,0.23699601999930048
N1_mmas,C111,Baseline,1450,0.20900520683641727,0.18148283602072532,0.23589979144233034
N1_mmas,C111,Baseline,1475,0.2047174059127473,0.17738427910489704,0.23161440426014143
N1_mmas,C111,Baseline,1500,0.20270460839964163,0.17501286178379444,0.23003490777737803
N1_mmas,C111,Baseline,1525,0.20077042427678096,0.17324863533879187,0.2282200985048199
N1_mmas,C111,Baseline,1550,0.19944439403947056,0.17164083832348873,0.22719598063496296
N1_mmas,C111,Baseline,1575,0.19803287166909023,0.17022583304338404,0.22579068630610655
N1_mmas,C111,Baseline,1600,0.19793436660686956,0.17006232618344036,0.2257577923105203
N1_mmas,C111,Baseline,1625,0.19592540793996965,0.16851034405360898,0.22302197635247917
N1_mmas,C111,Baseline,1650,0.19278659257837039,0.16507848810279607,0.220361765110509
N1_mmas,C111,Baseline,1675,0.19128919149226786,0.16397887311376383,0.21892824219954923
N1_mmas,C111,Baseline,1700,0.18818071304652137,0.16044864999136502,0.21624979092316196
N1_mmas,C111,Baseline,1725,0.1841107559035749,0.15663488977753734,0.21215389221631864
N1_mmas,C111,Baseline,1750,0.1831192037433494,0.1556520906101674,0.21101304607568744
N1_mmas,C111,Baseline,1775,0.1804809585493452,0.15318213687238535,0.20846590200702486
N1_mmas,C111,Baseline,1800,0.1780840702194362,0.15117235926548386,0.20542862733803902
N1_mmas,C111,Baseline,1825,0.1772316854311614,0.15060035869258598,0.20440874166587295
N1_mmas,C111,Baseline,1850,0.17553534581367664,0.14870250794801915,0.20276650668121388
N1_mmas,C111,Baseline,1875,0.1749866329085028,0.14823832170823575,0.20229725338865795
N1_mmas,C111,Baseline,1900,0.17339401746394262,0.14674418705401954,0.20049915626449166
N1_mmas,C111,Baseline,1925,0.17307684609412366,0.1465112394002477,0.20014741428649005
N1_mmas,C111,Baseline,1950,0.17164945050335367,0.1447536884853744,0.19916324943832903
N1_mmas,C111,Baseline,1975,0.17077840312398215,0.1439464658182593,0.19844403642948813
N1_mmas,C111,Baseline,2000,0.169690958392002,0.142859857589572,0.1976615773762974
N1_mmas,C111,Baseline,2025,0.16847169849675894,0.14179962710742985,0.19625820963988547
N1_mmas,C111,Baseline,2050,0.16730287968232935,0.14071995539441617,0.19480702428188554
N1_mmas,C111,Baseline,2075,0.166152260947329,0.13949558549023225,0.19341824281759198
N1_mmas,C111,Baseline,2100,0.1654721380847806,0.13913373676551227,0.19270300889472444
N1_mmas,C111,Baseline,2125,0.16514478505471974,0.13886583744349754,0.19237324095224675
N1_mmas,C111,Baseline,2150,0.1627608335042952,0.1368477335019486,0.1896398951757993
N1_mmas,C111,Baseline,2175,0.16129878006954057,0.13529810590610233,0.18825038583401243
N1_mmas,C111,Baseline,2200,0.16049415563593455,0.1346199669517282,0.1875151807993352
N1_mmas,C111,Baseline,2225,0.1598317249978493,0.13383948412098495,0.1870549072069061
N1_mmas,C111,Baseline,2250,0.15837031637101018,0.1324473977698544,0.18554138333704331
N1_mmas,C111,Baseline,2275,0.1557348576696988,0.12939998886454057,0.18307427870460366
N1_mmas,C111,Baseline,2300,0.1531191708723328,0.12700716823289218,0.18057603111890352
N1_mmas,C111,Baseline,2325,0.150540027470878,0.12441759174999935,0.17814419567674764
N1_mmas,C111,Baseline,2350,0.1500452359743685,0.12379628490408168,0.17776687937106977
N1_mmas,C111,Baseline,2375,0.1485450352372474,0.1223101362496323,0.17640072044261457
N1_mmas,C111,Baseline,2400,0.1466743249764007,0.11988122333128375,0.17506137717922823
N1_mmas,C111,Baseline,2425,0.1449231870245763,0.11802349059723288,0.17341761618032545
N1_mmas,C111,Baseline,2450,0.1442720943160874,0.11739995359515605,0.1728719263320348
N1_mmas,C111,Baseline,2475,0.1428885945463384,0.11575637967115994,0.17171213413724323
N1_mmas,C111,Baseline,2500,0.14234301420628032,0.11499618934131119,0.17142252896247534
N1_mmas,C111,Baseline,2525,0.14232120074336047,0.1149087470884125,0.1713799927097816
N1_mmas,C111,Baseline,2550,0.14199439270384528,0.11461886144592955,0.1710766442590027
N1_mmas,C111,Baseline,2575,0.14183020285476203,0.11445467159684629,0.17088017184101534
N1_mmas,C111,Baseline,2600,0.14057528240377065,0.11348786155843621,0.16938209065940918
N1_mmas,C111,Baseline,2625,0.1399549377528561,0.11293563622433835,0.16886223985980678
N1_mmas,C111,Baseline,2650,0.13801213750265842,0.1114810612592193,0.16649960757508625
N1_mmas,C111,Baseline,2675,0.13561917877184007,0.11004626506985203,0.16275633002500314
N1_mmas,C111,Baseline,2700,0.13468829425267856,0.10944538438216246,0.1612943588749142
N1_mmas,C111,Baseline,2725,0.13388012768430652,0.10880262170419022,0.16048525442090963
N1_mmas,C111,Baseline,2750,0.13350696240389948,0.10845996876308125,0.16021137253383788
N1_mmas,C111,Baseline,2775,0.1333100624917371,0.10812603589281271,0.16009871274321455
N1_mmas,C111,Baseline,2800,0.13318584385288235,0.10810128168885097,0.1597858045455369
N1_mmas,C111,Baseline,2825,0.13318584385288235,0.10810128168885097,0.1597858045455369
N1_mmas,C111,Baseline,2850,0.13186344005365858,0.10676876070399237,0.1587843280316093
N1_mmas,C111,Baseline,2875,0.13127838145995907,0.10632256589560826,0.1578809513838021
N1_mmas,C111,Baseline,2900,0.13089672373802907,0.10593866204672965,0.15755221277595352
N1_mmas,C111,Baseline,2925,0.1305510158153434,0.10571866454322981,0.1570521127597413
N1_mmas,C111,Baseline,2950,0.1300997304376219,0.10533825663793814,0.15656410956150515
N1_mmas,C111,Baseline,2975,0.12971824594946857,0.10499090567741412,0.15629635825951319
N1_mmas,C111,Baseline,3000,0.12824341982603743,0.10344597885243481,0.15485280962235584
N1_mmas,C111,Baseline,3025,0.12817653443799348,0.10341496701445053,0.1546962486390264
N1_mmas,C111,Baseline,3050,0.12813957237549362,0.103341388497628,0.15462232451402666
N1_mmas,C111,Baseline,3075,0.1278419915350531,0.10295881146523281,0.15449362964519822
N1_mmas,C111,Baseline,3100,0.12752375542439193,0.10263808437745062,0.1543603476951757
N1_mmas,C111,Baseline,3125,0.12660347441558273,0.10182913168301154,0.15321648995699136
N1_mmas,C111,Baseline,3150,0.1261059901909165,0.10165256132380682,0.1521446620600148
N1_mmas,C111,Baseline,3175,0.12596879747946205,0.10157663825604482,0.15207443226383713
N1_mmas,C111,Baseline,3200,0.12584094078270486,0.1014649255051924,0.15200556034247445
N1_mmas,C111,Baseline,3225,0.12562150664481803,0.10129767113018462,0.15170760058016353
N1_mmas,C111,Baseline,3250,0.12559852656399745,0.1012975983420927,0.1516616506541599
N1_mmas,C111,Baseline,3275,0.12559852656399745,0.1012975983420927,0.1516616506541599
N1_mmas,C111,Baseline,3300,0.1255246372539539,0.10121480250036669,0.15154227104127344
N1_mmas,C111,Baseline,3325,0.12481094391829615,0.10020431502571586,0.1510223123333464
N1_mmas,C111,Baseline,3350,0.12456076583515337,0.09998831428465041,0.15079627617172153
N1_mmas,C111,Baseline,3375,0.1244527452321293,0.0998915570833341,0.15070233885659193
N1_mmas,C111,Baseline,3400,0.1244527452321293,0.0998915570833341,0.15070233885659193
N1_mmas,C111,Baseline,3425,0.12401738157775559,0.09946072925000646,0.15041976101655327
N1_mmas,C111,Baseline,3450,0.1237859215089867,0.09926920115669911,0.15025187654352512
N1_mmas,C111,Baseline,3475,0.12328551592046107,0.09872134506709969,0.14983853896127222
N1_mmas,C111,Baseline,3500,0.1224983623428167,0.09781639087063251,0.14926066161169596
N1_mmas,C111,Baseline,3525,0.12071734358817178,0.09552088443140448,0.14778026973339864
N1_mmas,C111,Baseline,3550,0.11955212378011823,0.09412995419801251,0.14673529730763374
N1_mmas,C111,Baseline,3575,0.11945081657142878,0.09406280212381381,0.14660315821716888
N1_mmas,C111,Baseline,3600,0.1183905079685664,0.09268868831021869,0.14584783980917737
N1_mmas,C111,Baseline,3625,0.11760078054097498,0.09194147834372751,0.14496440709932037
N1_mmas,C111,Baseline,3650,0.1173052070792617,0.09163590773935434,0.14465527501821823
N1_mmas,C111,Baseline,3675,0.11685553864139372,0.09144734447100805,0.14413721817103844
N1_mmas,C111,Baseline,3700,0.11603316257810914,0.09084045682624155,0.14323204389425337
N1_mmas,C111,Baseline,3725,0.11524599909797026,0.09028898911842752,0.142046911631818
N1_mmas,C111,Baseline,3750,0.11477391324162492,0.08989260007357594,0.1416243009733687
N1_mmas,C111,Baseline,3775,0.11381206318438204,0.08902435388756715,0.1405761629881338
N1_mmas,C111,Baseline,3800,0.11366667248687644,0.08885024953883894,0.14043828352928012
N1_mmas,C111,Baseline,3825,0.11324255407779059,0.0883971406159864,0.13985498915080466
N1_mmas,C111,Baseline,3850,0.11217032339049186,0.08715566268771704,0.13861406970130385
N1_mmas,C111,Baseline,3875,0.11142714024537988,0.08641555681110095,0.13780783651630568
N1_mmas,C111,Baseline,3900,0.11064502380619227,0.08561283115116268,0.13670201302757462
N1_mmas,C111,Baseline,3925,0.10913669483209765,0.08433361996132845,0.135212083018213
N1_mmas,C111,Baseline,3950,0.10872654825417077,0.08396670850996266,0.13483680506502213
N1_mmas,C111,Baseline,3975,0.10858683246652387,0.0838205311608911,0.13471243254957108
N1_mmas,C111,Baseline,4000,0.1075072447717082,0.08269986941173543,0.13383252140079116
N1_mmas,C111,Baseline,4025,0.10654915292076905,0.08211326450652781,0.13247223992681093
N1_mmas,C111,Baseline,4050,0.10654915292076905,0.08211326450652781,0.13247223992681093
N1_mmas,C111,Baseline,4075,0.10631745872174414,0.08187035262754457,0.13228371862732674
N1_mmas,C111,Baseline,4100,0.10601555415937838,0.08152725041651936,0.13197728988845353
N1_mmas,C111,Baseline,4125,0.10598956908676037,0.08150126534390134,0.1319146198527389
N1_mmas,C111,Baseline,4150,0.10598949670494254,0.08150119296208351,0.13191454747092107
N1_mmas,C111,Baseline,4175,0.1058437159825959,0.08141329978795978,0.13165942406458375
N1_mmas,C111,Baseline,4200,0.10532605512590859,0.08091137247819075,0.13118558094184832
N1_mmas,C111,Baseline,4225,0.1050024302952815,0.08033505469639539,0.13093173018468252
N1_mmas,C111,Baseline,4250,0.1047812236897501,0.0802297267099289,0.13063666297023852
N1_mmas,C111,Baseline,4275,0.10436106870292061,0.07971887606794496,0.13028994282016415
N1_mmas,C111,Baseline,4300,0.10393420712819387,0.07951581782340708,0.1298665399461059
N1_mmas,C111,Baseline,4325,0.10388558186556235,0.07949369967152625,0.12978602971320818
N1_mmas,C111,Baseline,4350,0.10333662582174136,0.07912196859271164,0.1291570563445701
N1_mmas,C111,Baseline,4375,0.1032224056709441,0.0790079916423681,0.12913402744678076
N1_mmas,C111,Baseline,4400,0.1026338079575835,0.07845605986559037,0.12838231275211032
N1_mmas,C111,Baseline,4425,0.10204118889414152,0.077767195112998,0.12770714496838342
N1_mmas,C111,Baseline,4450,0.10174057195624621,0.07741173469727901,0.12757286648373625
N1_mmas,C111,Baseline,4475,0.10125538015627725,0.0771138951138064,0.1268968067383043
N1_mmas,C111,Baseline,4500,0.10063263732153063,0.07656554397630765,0.12606213304535963
N1_mmas,C111,Baseline,4525,0.09978403752940665,0.07616227491315794,0.1249679803053839
N1_mmas,C111,Baseline,4550,0.09977209376446361,0.07612944887047567,0.12495612667815782
N1_mmas,C111,Baseline,4575,0.09909792810261234,0.07574312903389936,0.1239268463534932
N1_mmas,C111,Baseline,4600,0.09847298006640165,0.07513930219150801,0.12335540741026796
N1_mmas,C111,Baseline,4625,0.09828991768783768,0.0749347481279033,0.12317721764122486
N1_mmas,C111,Baseline,4650,0.09791678797999123,0.07473045917516696,0.12257912156540617
N1_mmas,C111,Baseline,4675,0.0973207942565546,0.07443621649035594,0.12149481142261948
N1_mmas,C111,Baseline,4700,0.09721741030190384,0.07442627470218753,0.12131791568595397
N1_mmas,C111,Baseline,4725,0.09712892840937057,0.07433968216444481,0.12125289416636713
N1_mmas,C111,Baseline,4750,0.09712892840937057,0.07433968216444481,0.12125289416636713
N1_mmas,C111,Baseline,4775,0.09712084803484497,0.07432372342475675,0.12124501580120467
N1_mmas,C111,Baseline,4800,0.09674333962535017,0.07406994105099082,0.12070016823219301
N1_mmas,C111,Baseline,4825,0.09653527411439086,0.07381962477966715,0.12040125700824589
N1_mmas,C111,Baseline,4850,0.09627467770104745,0.07354435959637796,0.12012108961937609
N1_mmas,C111,Baseline,4875,0.09627467770104745,0.07354435959637796,0.12012108961937609
N1_mmas,C111,Baseline,4900,0.09627467770104745,0.07354435959637796,0.12012108961937609
N1_mmas,C111,Baseline,4925,0.09627467770104745,0.07354435959637796,0.12012108961937609
N1_mmas,C111,Baseline,4950,0.09627467770104745,0.07354435959637796,0.12012108961937609
N1_mmas,C111,Baseline,4975,0.09627467770104745,0.07354435959637796,0.12012108961937609
N1_mmas,C111,Baseline,5000,0.09627467770104745,0.07354435959637796,0.12012108961937609
N1_mmas,C111,GP mean,1,7.222928573717546,7.125012972498138,7.3281818124790865
N1_mmas,C111,GP mean,25,3.820014552286413,3.725860193833254,3.907754002470424
N1_mmas,C111,GP mean,50,2.403746370028017,2.288619800389222,2.512743174609084
N1_mmas,C111,GP mean,75,1.6310918887856825,1.4944159752112902,1.7632885545639432
N1_mmas,C111,GP mean,100,1.144586203414226,1.0279255166350467,1.2621606788748274
N1_mmas,C111,GP mean,125,0.8416874667827057,0.7489445414531081,0.9394946130445894
N1_mmas,C111,GP mean,150,0.6482051006139243,0.5833536983849466,0.7150222956186778
N1_mmas,C111,GP mean,175,0.5418617235345285,0.48952927497664817,0.5950818606339017
N1_mmas,C111,GP mean,200,0.4776754017933063,0.43243667597715435,0.5228935889336933
N1_mmas,C111,GP mean,225,0.43818609735730635,0.39759436234577267,0.4792686945808139
N1_mmas,C111,GP mean,250,0.4158238658755258,0.37622502647944456,0.4556949340032698
N1_mmas,C111,GP mean,275,0.39681805690133476,0.3578884201248811,0.4359507203931365
N1_mmas,C111,GP mean,300,0.38582197706327453,0.34796194782437756,0.4240426605085113
N1_mmas,C111,GP mean,325,0.3761780517235021,0.33894842815918197,0.4139662631334727
N1_mmas,C111,GP mean,350,0.36859731761933473,0.3313668037035816,0.40611874097785194
N1_mmas,C111,GP mean,375,0.36498884841793594,0.3279226909893804,0.4023745206715201
N1_mmas,C111,GP mean,400,0.3584770593065213,0.3223032618495399,0.39533296170897747
N1_mmas,C111,GP mean,425,0.353442746884599,0.3174891098186628,0.39022370382617094
N1_mmas,C111,GP mean,450,0.34867354086426516,0.3129126292326453,0.38506820453057766
N1_mmas,C111,GP mean,475,0.34600826348692637,0.3101599873184208,0.38258893837074404
N1_mmas,C111,GP mean,500,0.34163044518660274,0.3056145721363859,0.37814580341076215
N1_mmas,C111,GP mean,525,0.3379751018741138,0.3023562538876513,0.37409614507276234
N1_mmas,C111,GP mean,550,0.3346288069894123,0.2992236143111165,0.3707019347156036
N1_mmas,C111,GP mean,575,0.33135617804003836,0.2954165057944618,0.3677405839014198
N1_mmas,C111,GP mean,600,0.32789393214679285,0.2924121031492783,0.3640739403674961
N1_mmas,C111,GP mean,625,0.32378556592696617,0.2886137077876538,0.3597038927733043
N1_mmas,C111,GP mean,650,0.3203303056042575,0.28505113618179656,0.35631828316183956
N1_mmas,C111,GP mean,675,0.31827537824872765,0.28289267053699296,0.35445584712498285
N1_mmas,C111,GP mean,700,0.3145730957500606,0.2795985933743385,0.35062047867973867
N1_mmas,C111,GP mean,725,0.3100332399072973,0.27512392612933634,0.346047161832062
N1_mmas,C111,GP mean,750,0.3053972885840938,0.2702911900006441,0.34153429599416907
N1_mmas,C111,GP mean,775,0.2988453197561185,0.264232183203471,0.3346867301916785
N1_mmas,C111,GP mean,800,0.2928211111648585,0.25901094172660555,0.3274774238492623
N1_mmas,C111,GP mean,825,0.28704298651411325,0.25445521085209816,0.3200947665813345
N1_mmas,C111,GP mean,850,0.2819899381734951,0.2501614562503348,0.313858082967877
N1_mmas,C111,GP mean,875,0.2772251254373612,0.24496120487918122,0.3092024549295812
N1_mmas,C111,GP mean,900,0.27462203329373985,0.24261292594858147,0.30661614067727055
N1_mmas,C111,GP mean,925,0.27206434900060805,0.23999725604161562,0.30393990127150255
N1_mmas,C111,GP mean,950,0.2684815535213885,0.23649201304226872,0.29990869726278313
N1_mmas,C111,GP mean,975,0.26636746551310253,0.23472611579172883,0.2976663133126069
N1_mmas,C111,GP mean,1000,0.26327714656146795,0.2319101985752843,0.294051598318989
N1_mmas,C111,GP mean,1025,0.260392098576701,0.2293282018676705,0.2908433100443142
N1_mmas,C111,GP mean,1050,0.25711526027522946,0.22659918213753466,0.28760727607583086
N1_mmas,C111,GP mean,1075,0.2540806881936005,0.22395013790312968,0.28421000171694155
N1_mmas,C111,GP mean,1100,0.2520785869424321,0.22204913116388503,0.28215881483590366
N1_mmas,C111,GP mean,1125,0.2503916259403104,0.220535432764034,0.28054961035671405
N1_mmas,C111,GP mean,1150,0.24913452734614175,0.21935016203334357,0.279279182989186
N1_mmas,C111,GP mean,1175,0.2477433303242871,0.21774439683875904,0.2781503897424994
N1_mmas,C111,GP mean,1200,0.2455227880113727,0.21535777014387106,0.2759573738500252
N1_mmas,C111,GP mean,1225,0.2438203103967295,0.21391144195271003,0.2741708044518465
N1_mmas,C111,GP mean,1250,0.24079687004276598,0.21148863525513031,0.27069362193053575
N1_mmas,C111,GP mean,1275,0.23835753246553473,0.2090014905880073,0.2684110731358904
N1_mmas,C111,GP mean,1300,0.23653635493951983,0.20700941952561863,0.2666187774260571
N1_mmas,C111,GP mean,1325,0.23404684015938512,0.2048476715612218,0.26385996642911497
N1_mmas,C111,GP mean,1350,0.23233349720357474,0.20275713670043521,0.26241612911652246
N1_mmas,C111,GP mean,1375,0.2294869287495162,0.1999498672351374,0.2594327040761479
N1_mmas,C111,GP mean,1400,0.22713503725123263,0.19750296796087202,0.25697198965800344
N1_mmas,C111,GP mean,1425,0.2245492153375597,0.19500357041414604,0.2541984128245402
N1_mmas,C111,GP mean,1450,0.22150610284234823,0.19197262802548654,0.2510144927697101
N1_mmas,C111,GP mean,1475,0.2186844949234141,0.18897619606699448,0.24837010476267152
N1_mmas,C111,GP mean,1500,0.21568190198464524,0.1861277454773092,0.24528448659037025
N1_mmas,C111,GP mean,1525,0.21434558165605233,0.18466637618515677,0.24407563208033906
N1_mmas,C111,GP mean,1550,0.21272838829173532,0.1830758278515785,0.2424039888151212
N1_mmas,C111,GP mean,1575,0.2115805448865994,0.18205816243637343,0.24122402514140862
N1_mmas,C111,GP mean,1600,0.21098391613585668,0.18148493048574138,0.24058524600077835
N1_mmas,C111,GP mean,1625,0.2099724590701077,0.18039930755741507,0.23929926927620448
N1_mmas,C111,GP mean,1650,0.20793947481499994,0.1785037928277161,0.23715589469942439
N1_mmas,C111,GP mean,1675,0.2067521472055489,0.17732463435866702,0.2359417069787535
N1_mmas,C111,GP mean,1700,0.20556523171292262,0.176148273228757,0.2348229057833397
N1_mmas,C111,GP mean,1725,0.20331170868255904,0.17394269867309686,0.23251656852831412
N1_mmas,C111,GP mean,1750,0.20277859397278092,0.17354896347752538,0.2317416904397347
N1_mmas,C111,GP mean,1775,0.20171033823158985,0.1723180001318977,0.230926731811004
N1_mmas,C111,GP mean,1800,0.20083161895429058,0.17138203652086786,0.23002990586935296
N1_mmas,C111,GP mean,1825,0.19969952799513352,0.1700628078783054,0.22899713423828746
N1_mmas,C111,GP mean,1850,0.19871010769638148,0.169344974412482,0.22779501987791642
N1_mmas,C111,GP mean,1875,0.19768889521646424,0.16833330436618033,0.2267021909038734
N1_mmas,C111,GP mean,1900,0.19689947003418345,0.16759219430290367,0.22587492443143448
N1_mmas,C111,GP mean,1925,0.19665315886222726,0.1673745414057267,0.2256234143644751
N1_mmas,C111,GP mean,1950,0.19511565072306966,0.1664345541705584,0.2235907544646251
N1_mmas,C111,GP mean,1975,0.19412614396780437,0.16522010614840216,0.22272859974627024
N1_mmas,C111,GP mean,2000,0.19315120828160331,0.16400436061543053,0.22205960224709215
N1_mmas,C111,GP mean,2025,0.1920341984863786,0.16270783027068134,0.22092069610557236
N1_mmas,C111,GP mean,2050,0.19043519663527525,0.16116955438207548,0.21921838234036792
N1_mmas,C111,GP mean,2075,0.18948104560804305,0.16032224781840004,0.2182675876588371
N1_mmas,C111,GP mean,2100,0.18787713385719457,0.15862074941114446,0.21675862429443452
N1_mmas,C111,GP mean,2125,0.18640413621688337,0.15724869757808296,0.21516454466494284
N1_mmas,C111,GP mean,2150,0.18450564111716228,0.15559043495046773,0.2131244649037842
N1_mmas,C111,GP mean,2175,0.18259452948324603,0.15397909671758145,0.2111264027624575
N1_mmas,C111,GP mean,2200,0.1812596653792728,0.15286760772160976,0.2093334594390138
N1_mmas,C111,GP mean,2225,0.1801011393593561,0.1516708849760851,0.20818883003871472
N1_mmas,C111,GP mean,2250,0.1793919100008434,0.15112084595255454,0.20746824691178442
N1_mmas,C111,GP mean,2275,0.17771740313372275,0.14964883001580723,0.20552758345878255
N1_mmas,C111,GP mean,2300,0.1768440918673734,0.14886028325303025,0.20453476533818435
N1_mmas,C111,GP mean,2325,0.17583979585751577,0.14777748203687616,0.2036878758273951
N1_mmas,C111,GP mean,2350,0.17484902045662587,0.14684506869064076,0.20276079338976688
N1_mmas,C111,GP mean,2375,0.17414853656478888,0.14612614150866832,0.20203168081437975
N1_mmas,C111,GP mean,2400,0.17325330532786107,0.14517613701284532,0.20095805769211483
N1_mmas,C111,GP mean,2425,0.1727074173019883,0.1447650504227102,0.20039330865495172
N1_mmas,C111,GP mean,2450,0.1718862165874003,0.14413081672482855,0.19941051038777174
N1_mmas,C111,GP mean,2475,0.17080984844116254,0.14329905579135832,0.19829257475672543
N1_mmas,C111,GP mean,2500,0.17017169459095707,0.14260951299403812,0.19745245208572568
N1_mmas,C111,GP mean,2525,0.1694696129235164,0.1416949459354139,0.1969614340518033
N1_mmas,C111,GP mean,2550,0.16793707049344703,0.14005135867087481,0.19554536172874304
N1_mmas,C111,GP mean,2575,0.16731473050073792,0.1395421299637034,0.19494340999581533
N1_mmas,C111,GP mean,2600,0.16658043410349962,0.1387603257559825,0.19413402107186103
N1_mmas,C111,GP mean,2625,0.16548883499373454,0.1381263140913067,0.19284356332015828
N1_mmas,C111,GP mean,2650,0.16474669614344783,0.13724783477667749,0.19215173881118114
N1_mmas,C111,GP mean,2675,0.16409467243088335,0.13668922927117713,0.1914252511692395
N1_mmas,C111,GP mean,2700,0.16391207820257678,0.13649317375789854,0.19124744019426465
N1_mmas,C111,GP mean,2725,0.16350427731014558,0.1361399872997418,0.19073779219591808
N1_mmas,C111,GP mean,2750,0.16300413618948148,0.13556668689390308,0.1903733104396016
N1_mmas,C111,GP mean,2775,0.16270538432492404,0.13536154178966134,0.19005530905671897
N1_mmas,C111,GP mean,2800,0.16195709122495847,0.13461660303129652,0.1893560611036102
N1_mmas,C111,GP mean,2825,0.16157523388784453,0.13436094863024992,0.18879868953750992
N1_mmas,C111,GP mean,2850,0.1611187803280764,0.13390605262880448,0.18829027964539183
N1_mmas,C111,GP mean,2875,0.16044122615264994,0.133301466113123,0.1875341114741688
N1_mmas,C111,GP mean,2900,0.15968121689998815,0.13260561625319262,0.18668885918444397
N1_mmas,C111,GP mean,2925,0.15846182633297237,0.13147390762539832,0.1852916800299219
N1_mmas,C111,GP mean,2950,0.15759992820852237,0.1309561305908369,0.18407128920941362
N1_mmas,C111,GP mean,2975,0.15594886889821102,0.12927144499195292,0.18236365603129223
N1_mmas,C111,GP mean,3000,0.1556713839053756,0.12902779886561055,0.182157198404124
N1_mmas,C111,GP mean,3025,0.15498000318437818,0.12832774888862827,0.1813926022503271
N1_mmas,C111,GP mean,3050,0.1546882878313502,0.12807705849877823,0.18115445845103356
N1_mmas,C111,GP mean,3075,0.1539770356524524,0.1274217744939777,0.18040768714748862
N1_mmas,C111,GP mean,3100,0.15294599988962637,0.12645340455219425,0.17920808302120692
N1_mmas,C111,GP mean,3125,0.15210089186663325,0.12569549077983236,0.17831761972862747
N1_mmas,C111,GP mean,3150,0.15177634696205908,0.12533260492787401,0.17794033145093657
N1_mmas,C111,GP mean,3175,0.15096143066581286,0.12454527787541791,0.17734791194125502
N1_mmas,C111,GP mean,3200,0.1500322737780339,0.12358076090742087,0.17652742873687086
N1_mmas,C111,GP mean,3225,0.14940970883956614,0.12304318656978747,0.17554106014623944
N1_mmas,C111,GP mean,3250,0.14880871874896995,0.12245174474445517,0.1749410789078099
N1_mmas,C111,GP mean,3275,0.147699959428446,0.12097145624563635,0.17400699936157402
N1_mmas,C111,GP mean,3300,0.14731619410303046,0.12063518355306443,0.17367971818069533
N1_mmas,C111,GP mean,3325,0.14722089535103566,0.12053458720290708,0.17358059737083606
N1_mmas,C111,GP mean,3350,0.14668238402754982,0.11999195961855959,0.1730716677216522
N1_mmas,C111,GP mean,3375,0.14605294417528758,0.11930094789587682,0.17264697129771467
N1_mmas,C111,GP mean,3400,0.14523882670253552,0.11810659157737922,0.17190502353768944
N1_mmas,C111,GP mean,3425,0.14453211657868806,0.11749323365027237,0.17127736683969202
N1_mmas,C111,GP mean,3450,0.14389947606042158,0.11683749918532493,0.1708434653385822
N1_mmas,C111,GP mean,3475,0.14282935700503974,0.11585050474497428,0.16963896533648284
N1_mmas,C111,GP mean,3500,0.14134871154669273,0.1146661129091882,0.16791794458123696
N1_mmas,C111,GP mean,3525,0.14027570258232794,0.11381450445714013,0.16660611824979404
N1_mmas,C111,GP mean,3550,0.13975026780671437,0.11345510808039903,0.16569888565333882
N1_mmas,C111,GP mean,3575,0.13928291348561,0.11310272497798983,0.16526345004004991
N1_mmas,C111,GP mean,3600,0.1388326512810283,0.11273447300317281,0.16487069524768555
N1_mmas,C111,GP mean,3625,0.1381298741447157,0.11194073153001852,0.1641098370497058
N1_mmas,C111,GP mean,3650,0.13793665864661106,0.1118614991342268,0.163816784379146
N1_mmas,C111,GP mean,3675,0.1378018891156078,0.11176585867972386,0.1637362604101593
N1_mmas,C111,GP mean,3700,0.13696823210756107,0.11105635210612942,0.16282751804142165
N1_mmas,C111,GP mean,3725,0.13640833979887354,0.11061444098018844,0.16225322187095673
N1_mmas,C111,GP mean,3750,0.13621358385506635,0.1104179579162585,0.16195718088167602
N1_mmas,C111,GP mean,3775,0.13558034306945105,0.10977718759706111,0.161282706209261
N1_mmas,C111,GP mean,3800,0.13521275134842925,0.1094103121426342,0.16100875857706176
N1_mmas,C111,GP mean,3825,0.13429779235973674,0.1085783812285752,0.15994661165585689
N1_mmas,C111,GP mean,3850,0.1340721604781926,0.10843401177946292,0.15968446076332363
N1_mmas,C111,GP mean,3875,0.13361990280967426,0.10795121301261555,0.15913350866279158
N1_mmas,C111,GP mean,3900,0.1329372345275034,0.10736684093123182,0.15832829340594728
N1_mmas,C111,GP mean,3925,0.13237806958852202,0.1066388633613443,0.15784763167660504
N1_mmas,C111,GP mean,3950,0.1320855383397146,0.10639829156438539,0.15747016015266813
N1_mmas,C111,GP mean,3975,0.13150971536062567,0.10571442832979062,0.15700904207568603
N1_mmas,C111,GP mean,4000,0.13102625181645905,0.10514989138044596,0.156655742095685
N1_mmas,C111,GP mean,4025,0.1306955270839131,0.10481307293858187,0.15631668934264306
N1_mmas,C111,GP mean,4050,0.12947982561041457,0.10372934111366754,0.15512119590225712
N1_mmas,C111,GP mean,4075,0.12929636137465333,0.10355612467091195,0.15493573063171304
N1_mmas,C111,GP mean,4100,0.1286045021428217,0.10289116484629438,0.1542309158187499
N1_mmas,C111,GP mean,4125,0.12782826315197093,0.10218598368428695,0.15349793726896513
N1_mmas,C111,GP mean,4150,0.12690481494602854,0.10140646785397993,0.1524438351576367
N1_mmas,C111,GP mean,4175,0.12624595112666384,0.10085707647996973,0.15173699835884696
N1_mmas,C111,GP mean,4200,0.1255312614517372,0.10035605312942522,0.1507904398585031
N1_mmas,C111,GP mean,4225,0.12532749938308813,0.10007586109950913,0.15064141275316423
N1_mmas,C111,GP mean,4250,0.12479163388332204,0.09974477897107625,0.14997146382725193
N1_mmas,C111,GP mean,4275,0.12418537372662658,0.09923321143494758,0.14918548547792532
N1_mmas,C111,GP mean,4300,0.12360625473072262,0.09873780031848582,0.14851706072491813
N1_mmas,C111,GP mean,4325,0.12311253068455152,0.09837346243372194,0.14778933809477957
N1_mmas,C111,GP mean,4350,0.12295388760453099,0.09825175082044747,0.14763784343612404
N1_mmas,C111,GP mean,4375,0.12256103083988497,0.0978251693845326,0.14729772248491618
N1_mmas,C111,GP mean,4400,0.12229328388392109,0.09757879754620798,0.1469653950986782
N1_mmas,C111,GP mean,4425,0.12203659072149446,0.09729874523105933,0.1467437267371653
N1_mmas,C111,GP mean,4450,0.121817314912813,0.09713045507464499,0.14639792243830338
N1_mmas,C111,GP mean,4475,0.12162480094064104,0.09700779686565926,0.1461550241510025
N1_mmas,C111,GP mean,4500,0.12116920805544339,0.09650814962668353,0.14576842679247543
N1_mmas,C111,GP mean,4525,0.12054356728052001,0.09620288903113146,0.144813479482674
N1_mmas,C111,GP mean,4550,0.11988868283455972,0.0952778530093571,0.1444507746044076
N1_mmas,C111,GP mean,4575,0.11897420974833703,0.09447139475263448,0.1434542370776884
N1_mmas,C111,GP mean,4600,0.11851781208394152,0.0939471725938446,0.14293688922832387
N1_mmas,C111,GP mean,4625,0.11820458274070732,0.09356169886813001,0.14261987153725245
N1_mmas,C111,GP mean,4650,0.11806155606379737,0.09337728332498084,0.14256008600648215
N1_mmas,C111,GP mean,4675,0.11783695354725932,0.09312105643042332,0.14239892922848033
N1_mmas,C111,GP mean,4700,0.11762118235490107,0.0930198404315193,0.14212105655661003
N1_mmas,C111,GP mean,4725,0.1172686272017779,0.09260624760085757,0.14173295674871628
N1_mmas,C111,GP mean,4750,0.11700968840653193,0.09244690577163882,0.14146073177230195
N1_mmas,C111,GP mean,4775,0.11656983463957955,0.09206201541617541,0.14110898415506246
N1_mmas,C111,GP mean,4800,0.1164252247049359,0.09192105545054553,0.1409590844347945
N1_mmas,C111,GP mean,4825,0.11593734907334165,0.09151536506293691,0.14028629984786403
N1_mmas,C111,GP mean,4850,0.11587169184565956,0.09144787263736927,0.14023904496671305
N1_mmas,C111,GP mean,4875,0.11576681589886748,0.09132322990834443,0.14021999160833867
N1_mmas,C111,GP mean,4900,0.11568685446345622,0.09125327190001953,0.14018449719190634
N1_mmas,C111,GP mean,4925,0.11529871478676766,0.09090331598824021,0.13968977614420258
N1_mmas,C111,GP mean,4950,0.11513194558997714,0.09083647764838843,0.1394888453600705
N1_mmas,C111,GP mean,4975,0.11509865243238784,0.09077083267700303,0.13946351430526038
N1_mmas,C111,GP mean,5000,0.1147549139821837,0.09035518001443998,0.13911714035922984
