backend,generation,cpu_threads,precision,fast_math,generated_gp,candidate_lanes,population_requested,programs_unique,programs_executed,instances,cities,ants,aco_iterations,candidate_size,nodes_mean,nodes_max,depth_mean,tasks_executed,tours_executed,evaluation_wall_s,evaluation_request_wall_s,baseline_lookup_s,fitness_assign_s,encode_codegen_s,structural_dedup_s,compile_load_s,modules_compiled,module_loads,compile_cache_hits,generated_source_hash,gpu_span_s,kernel_sum_s,cpu_compute_s,h2d_s,d2h_s,fp64_score_s,chunks,peak_device_memory_bytes,kernel_resources,backend_calls,cache_state,status,output_signature,workload_id,evaluation_call_id,startup_wall_s,task_id,experiment_id,repeat_id,host,gpu_uuid,gpu_name,source_hash,sampled_peak_device_memory_bytes,memory_sampling_interval_s,provenance
cpu1,1,1,fp64,False,False,,100,91,79,32,100,32,500,20,12.5,31,2.59,2528,40448000,2884.1220503412187,2884.122699105181,0.00034052692353725433,0.0002589672803878784,0.008826643228530884,0.003050745464861393,0.0,0,0,0,[],,,2884.097990573384,,,,1,,[],"[{""backend_wall_s"": 2884.1040134755895, ""cities"": 100, ""instances"": 32, ""metrics"": {""audit_local_search"": 0, ""basin_top_q"": 0}, ""native_reported_wall_s"": 2884.097990573384, ""seed"": 2026091501, ""tours_executed"": 40448000}]",trace_first_use,completed,424ca1c4f9eae210fc3df435b80e586137dbeb419c40b581a57957402875ec5b,d72f5b9a9e19e14624a243c661214fa54f2f818cbe56fe6a5cc869f58ee8adfc,0,41.01796848606318,E2-cpu1-r0,E2,0,cuda04,GPU-34b223c6-7502-b097-19e0-a411b1708f06,,3e36d7276307c1fca8852ebc053d202c1e1c68713cc11aed1adcdc07745b41aa,,2,jobs/E2-cpu1-r0/result.json
cpu1,2,1,fp64,False,False,,100,87,82,32,100,32,500,20,16.38,31,3.18,2624,41984000,3272.927273290232,3272.927647653967,0.00014802347868680954,0.00019029807299375534,0.0033031320199370384,0.0016226163133978844,0.0,0,0,0,[],,,3272.913812550716,,,,1,,[],"[{""backend_wall_s"": 3272.9186708154157, ""cities"": 100, ""instances"": 32, ""metrics"": {""audit_local_search"": 0, ""basin_top_q"": 0}, ""native_reported_wall_s"": 3272.913812550716, ""seed"": 2026091502, ""tours_executed"": 41984000}]",trace_first_use,completed,08da7a5b9ed5ff6e08fe60c50072c48a7e8a4fbe85ba0fbb0a5b73d3036e54e7,921c39c1b332d428400b12a92bd5e75b4418d9fcf784497e984ccf44312a3ce8,1,41.01796848606318,E2-cpu1-r0,E2,0,cuda04,GPU-34b223c6-7502-b097-19e0-a411b1708f06,,3e36d7276307c1fca8852ebc053d202c1e1c68713cc11aed1adcdc07745b41aa,,2,jobs/E2-cpu1-r0/result.json
cpu1,3,1,fp64,False,False,,100,82,74,32,100,32,500,20,16.7,31,3.31,2368,37888000,3006.4290509214625,3006.4293912108988,0.00013646110892295837,0.0001712590456008911,0.0030865250155329704,0.0016286605969071388,0.0,0,0,0,[],,,3006.415612771176,,,,1,,[],"[{""backend_wall_s"": 3006.420413981192, ""cities"": 100, ""instances"": 32, ""metrics"": {""audit_local_search"": 0, ""basin_top_q"": 0}, ""native_reported_wall_s"": 3006.415612771176, ""seed"": 2026091503, ""tours_executed"": 37888000}]",trace_first_use,completed,6ec349abaca088c7cc3ce953e710b15b359579470274d39f8b070999ad423c1c,7ca6581956f82b8688e2f276e9ea2e6c96c339029564b1a800e1cf873dcbe7a2,2,41.01796848606318,E2-cpu1-r0,E2,0,cuda04,GPU-34b223c6-7502-b097-19e0-a411b1708f06,,3e36d7276307c1fca8852ebc053d202c1e1c68713cc11aed1adcdc07745b41aa,,2,jobs/E2-cpu1-r0/result.json
cpu1,4,1,fp64,False,False,,100,72,65,32,100,32,500,20,17.09,31,3.5,2080,33280000,2833.251860966906,2833.2522169463336,0.0001692129299044609,0.00016195885837078094,0.0032081706449389458,0.001832299865782261,0.0,0,0,0,[],,,2833.2385488012806,,,,1,,[],"[{""backend_wall_s"": 2833.2436405457556, ""cities"": 100, ""instances"": 32, ""metrics"": {""audit_local_search"": 0, ""basin_top_q"": 0}, ""native_reported_wall_s"": 2833.2385488012806, ""seed"": 2026091504, ""tours_executed"": 33280000}]",trace_first_use,completed,f497f77a9455b925b32a0674c77f63be36729457244a76defd804e7524fb01ca,7c53f09cfe657137158f864fb5d026a1bf2d39a4a4c5f28c33ea206586834d11,3,41.01796848606318,E2-cpu1-r0,E2,0,cuda04,GPU-34b223c6-7502-b097-19e0-a411b1708f06,,3e36d7276307c1fca8852ebc053d202c1e1c68713cc11aed1adcdc07745b41aa,,2,jobs/E2-cpu1-r0/result.json
cpu1,5,1,fp64,False,False,,100,50,47,32,100,32,500,20,13.49,29,3.54,1504,24064000,2425.7118575973436,2425.712165715173,0.00013722851872444153,0.00015205703675746918,0.0018176548182964325,0.0013647517189383507,0.0,0,0,0,[],,,2425.7018517814577,,,,1,,[],"[{""backend_wall_s"": 2425.7063271906227, ""cities"": 100, ""instances"": 32, ""metrics"": {""audit_local_search"": 0, ""basin_top_q"": 0}, ""native_reported_wall_s"": 2425.7018517814577, ""seed"": 2026091505, ""tours_executed"": 24064000}]",trace_first_use,completed,f413c38939eb36763a582dbf5a62dfa64083ba97266791dddce5af32c514308d,21e02398134ac9cde84a8c90539574b5b05af9584771f2829c597ffc3a52a7bd,4,41.01796848606318,E2-cpu1-r0,E2,0,cuda04,GPU-34b223c6-7502-b097-19e0-a411b1708f06,,3e36d7276307c1fca8852ebc053d202c1e1c68713cc11aed1adcdc07745b41aa,,2,jobs/E2-cpu1-r0/result.json
cpu1,1,1,fp64,False,False,,100,91,79,32,100,32,500,20,12.5,31,2.59,2528,40448000,2657.662823344581,2657.663338632323,0.00031885411590337753,0.0001540500670671463,0.007311083376407623,0.004034777171909809,0.0,0,0,0,[],,,2657.637297910638,,,,1,,[],"[{""backend_wall_s"": 2657.6443019676954, ""cities"": 100, ""instances"": 32, ""metrics"": {""audit_local_search"": 0, ""basin_top_q"": 0}, ""native_reported_wall_s"": 2657.637297910638, ""seed"": 2026091501, ""tours_executed"": 40448000}]",trace_first_use,completed,424ca1c4f9eae210fc3df435b80e586137dbeb419c40b581a57957402875ec5b,d72f5b9a9e19e14624a243c661214fa54f2f818cbe56fe6a5cc869f58ee8adfc,0,42.0460711279884,E2-cpu1-r1,E2,1,cuda04,GPU-34b223c6-7502-b097-19e0-a411b1708f06,,3e36d7276307c1fca8852ebc053d202c1e1c68713cc11aed1adcdc07745b41aa,,2,jobs/E2-cpu1-r1/result.json
cpu1,2,1,fp64,False,False,,100,87,82,32,100,32,500,20,16.38,31,3.18,2624,41984000,2921.6861766315997,2921.686781844124,0.0003633303567767143,0.0001965044066309929,0.01008030865341425,0.004886033944785595,0.0,0,0,0,[],,,2921.6588078262284,,,,1,,[],"[{""backend_wall_s"": 2921.6672117915004, ""cities"": 100, ""instances"": 32, ""metrics"": {""audit_local_search"": 0, ""basin_top_q"": 0}, ""native_reported_wall_s"": 2921.6588078262284, ""seed"": 2026091502, ""tours_executed"": 41984000}]",trace_first_use,completed,08da7a5b9ed5ff6e08fe60c50072c48a7e8a4fbe85ba0fbb0a5b73d3036e54e7,921c39c1b332d428400b12a92bd5e75b4418d9fcf784497e984ccf44312a3ce8,1,42.0460711279884,E2-cpu1-r1,E2,1,cuda04,GPU-34b223c6-7502-b097-19e0-a411b1708f06,,3e36d7276307c1fca8852ebc053d202c1e1c68713cc11aed1adcdc07745b41aa,,2,jobs/E2-cpu1-r1/result.json
cpu1,3,1,fp64,False,False,,100,82,74,32,100,32,500,20,16.7,31,3.31,2368,37888000,2699.688149202615,2699.6887303423136,0.00037605222314596176,0.0001683039590716362,0.009543020278215408,0.004423384554684162,0.0,0,0,0,[],,,2699.6620885143057,,,,1,,[],"[{""backend_wall_s"": 2699.6700475998223, ""cities"": 100, ""instances"": 32, ""metrics"": {""audit_local_search"": 0, ""basin_top_q"": 0}, ""native_reported_wall_s"": 2699.6620885143057, ""seed"": 2026091503, ""tours_executed"": 37888000}]",trace_first_use,completed,6ec349abaca088c7cc3ce953e710b15b359579470274d39f8b070999ad423c1c,7ca6581956f82b8688e2f276e9ea2e6c96c339029564b1a800e1cf873dcbe7a2,2,42.0460711279884,E2-cpu1-r1,E2,1,cuda04,GPU-34b223c6-7502-b097-19e0-a411b1708f06,,3e36d7276307c1fca8852ebc053d202c1e1c68713cc11aed1adcdc07745b41aa,,2,jobs/E2-cpu1-r1/result.json
cpu1,4,1,fp64,False,False,,100,72,65,32,100,32,500,20,17.09,31,3.5,2080,33280000,2602.9108908269554,2602.9112441549078,0.00014790520071983337,0.00018012989312410355,0.0032299701124429703,0.001677786000072956,0.0,0,0,0,[],,,2602.897150957957,,,,1,,[],"[{""backend_wall_s"": 2602.902648788877, ""cities"": 100, ""instances"": 32, ""metrics"": {""audit_local_search"": 0, ""basin_top_q"": 0}, ""native_reported_wall_s"": 2602.897150957957, ""seed"": 2026091504, ""tours_executed"": 33280000}]",trace_first_use,completed,f497f77a9455b925b32a0674c77f63be36729457244a76defd804e7524fb01ca,7c53f09cfe657137158f864fb5d026a1bf2d39a4a4c5f28c33ea206586834d11,3,42.0460711279884,E2-cpu1-r1,E2,1,cuda04,GPU-34b223c6-7502-b097-19e0-a411b1708f06,,3e36d7276307c1fca8852ebc053d202c1e1c68713cc11aed1adcdc07745b41aa,,2,jobs/E2-cpu1-r1/result.json
cpu1,5,1,fp64,False,False,,100,50,47,32,100,32,500,20,13.49,29,3.54,1504,24064000,2227.2622751845047,2227.262751086615,0.00028188806027173996,0.0001690145581960678,0.005320897325873375,0.003225165419280529,0.0,0,0,0,[],,,2227.242212840356,,,,1,,[],"[{""backend_wall_s"": 2227.251174350269, ""cities"": 100, ""instances"": 32, ""metrics"": {""audit_local_search"": 0, ""basin_top_q"": 0}, ""native_reported_wall_s"": 2227.242212840356, ""seed"": 2026091505, ""tours_executed"": 24064000}]",trace_first_use,completed,f413c38939eb36763a582dbf5a62dfa64083ba97266791dddce5af32c514308d,21e02398134ac9cde84a8c90539574b5b05af9584771f2829c597ffc3a52a7bd,4,42.0460711279884,E2-cpu1-r1,E2,1,cuda04,GPU-34b223c6-7502-b097-19e0-a411b1708f06,,3e36d7276307c1fca8852ebc053d202c1e1c68713cc11aed1adcdc07745b41aa,,2,jobs/E2-cpu1-r1/result.json
cpu1,1,1,fp64,False,False,,100,91,79,32,100,32,500,20,12.5,31,2.59,2528,40448000,2761.7938575046137,2761.7945453915745,0.0003837328404188156,0.000248100608587265,0.006605623289942741,0.0032591819763183594,0.0,0,0,0,[],,,2761.766503575258,,,,1,,[],"[{""backend_wall_s"": 2761.773565839976, ""cities"": 100, ""instances"": 32, ""metrics"": {""audit_local_search"": 0, ""basin_top_q"": 0}, ""native_reported_wall_s"": 2761.766503575258, ""seed"": 2026091501, ""tours_executed"": 40448000}]",trace_first_use,completed,424ca1c4f9eae210fc3df435b80e586137dbeb419c40b581a57957402875ec5b,d72f5b9a9e19e14624a243c661214fa54f2f818cbe56fe6a5cc869f58ee8adfc,0,42.86531892511994,E2-cpu1-r2,E2,2,cuda04,GPU-34b223c6-7502-b097-19e0-a411b1708f06,,3e36d7276307c1fca8852ebc053d202c1e1c68713cc11aed1adcdc07745b41aa,,2,jobs/E2-cpu1-r2/result.json
cpu1,2,1,fp64,False,False,,100,87,82,32,100,32,500,20,16.38,31,3.18,2624,41984000,3274.9655083632097,3274.965956811793,0.00021373387426137924,0.00019403081387281418,0.006474250927567482,0.0030363257974386215,0.0,0,0,0,[],,,3274.9428123328835,,,,1,,[],"[{""backend_wall_s"": 3274.949995189905, ""cities"": 100, ""instances"": 32, ""metrics"": {""audit_local_search"": 0, ""basin_top_q"": 0}, ""native_reported_wall_s"": 3274.9428123328835, ""seed"": 2026091502, ""tours_executed"": 41984000}]",trace_first_use,completed,08da7a5b9ed5ff6e08fe60c50072c48a7e8a4fbe85ba0fbb0a5b73d3036e54e7,921c39c1b332d428400b12a92bd5e75b4418d9fcf784497e984ccf44312a3ce8,1,42.86531892511994,E2-cpu1-r2,E2,2,cuda04,GPU-34b223c6-7502-b097-19e0-a411b1708f06,,3e36d7276307c1fca8852ebc053d202c1e1c68713cc11aed1adcdc07745b41aa,,2,jobs/E2-cpu1-r2/result.json
cpu1,3,1,fp64,False,False,,100,82,74,32,100,32,500,20,16.7,31,3.31,2368,37888000,2842.665654442273,2842.666144873947,0.00017332285642623901,0.00027242302894592285,0.005741085857152939,0.001750091090798378,0.0,0,0,0,[],,,2842.6482707401738,,,,1,,[],"[{""backend_wall_s"": 2842.6536126649007, ""cities"": 100, ""instances"": 32, ""metrics"": {""audit_local_search"": 0, ""basin_top_q"": 0}, ""native_reported_wall_s"": 2842.6482707401738, ""seed"": 2026091503, ""tours_executed"": 37888000}]",trace_first_use,completed,6ec349abaca088c7cc3ce953e710b15b359579470274d39f8b070999ad423c1c,7ca6581956f82b8688e2f276e9ea2e6c96c339029564b1a800e1cf873dcbe7a2,2,42.86531892511994,E2-cpu1-r2,E2,2,cuda04,GPU-34b223c6-7502-b097-19e0-a411b1708f06,,3e36d7276307c1fca8852ebc053d202c1e1c68713cc11aed1adcdc07745b41aa,,2,jobs/E2-cpu1-r2/result.json
cpu1,4,1,fp64,False,False,,100,72,65,32,100,32,500,20,17.09,31,3.5,2080,33280000,2727.3727709129453,2727.3732365947217,0.0002550669014453888,0.0001783585175871849,0.003932768478989601,0.002326603978872299,0.0,0,0,0,[],,,2727.357300877571,,,,1,,[],"[{""backend_wall_s"": 2727.363181998953, ""cities"": 100, ""instances"": 32, ""metrics"": {""audit_local_search"": 0, ""basin_top_q"": 0}, ""native_reported_wall_s"": 2727.357300877571, ""seed"": 2026091504, ""tours_executed"": 33280000}]",trace_first_use,completed,f497f77a9455b925b32a0674c77f63be36729457244a76defd804e7524fb01ca,7c53f09cfe657137158f864fb5d026a1bf2d39a4a4c5f28c33ea206586834d11,3,42.86531892511994,E2-cpu1-r2,E2,2,cuda04,GPU-34b223c6-7502-b097-19e0-a411b1708f06,,3e36d7276307c1fca8852ebc053d202c1e1c68713cc11aed1adcdc07745b41aa,,2,jobs/E2-cpu1-r2/result.json
cpu1,5,1,fp64,False,False,,100,50,47,32,100,32,500,20,13.49,29,3.54,1504,24064000,2396.084510454908,2396.0848820246756,0.00018161535263061523,0.00016793422400951385,0.002453378401696682,0.0018453951925039291,0.0,0,0,0,[],,,2396.073226758279,,,,1,,[],"[{""backend_wall_s"": 2396.0777460848913, ""cities"": 100, ""instances"": 32, ""metrics"": {""audit_local_search"": 0, ""basin_top_q"": 0}, ""native_reported_wall_s"": 2396.073226758279, ""seed"": 2026091505, ""tours_executed"": 24064000}]",trace_first_use,completed,f413c38939eb36763a582dbf5a62dfa64083ba97266791dddce5af32c514308d,21e02398134ac9cde84a8c90539574b5b05af9584771f2829c597ffc3a52a7bd,4,42.86531892511994,E2-cpu1-r2,E2,2,cuda04,GPU-34b223c6-7502-b097-19e0-a411b1708f06,,3e36d7276307c1fca8852ebc053d202c1e1c68713cc11aed1adcdc07745b41aa,,2,jobs/E2-cpu1-r2/result.json
cpu8,1,8,fp64,False,False,,100,91,79,32,100,32,500,20,12.5,31,2.59,2528,40448000,413.89992318302393,413.90060111507773,0.00044921133667230606,0.00018214993178844452,0.01469628419727087,0.004748307168483734,0.0,0,0,0,[],,,413.868221337907,,,,1,,[],"[{""backend_wall_s"": 413.87605094816536, ""cities"": 100, ""instances"": 32, ""metrics"": {""audit_local_search"": 0, ""basin_top_q"": 0}, ""native_reported_wall_s"": 413.868221337907, ""seed"": 2026091501, ""tours_executed"": 40448000}]",trace_first_use,completed,424ca1c4f9eae210fc3df435b80e586137dbeb419c40b581a57957402875ec5b,d72f5b9a9e19e14624a243c661214fa54f2f818cbe56fe6a5cc869f58ee8adfc,0,48.02183946594596,E2-cpu8-r0,E2,0,cuda04,GPU-34b223c6-7502-b097-19e0-a411b1708f06,,3e36d7276307c1fca8852ebc053d202c1e1c68713cc11aed1adcdc07745b41aa,,2,jobs/E2-cpu8-r0/result.json
cpu8,2,8,fp64,False,False,,100,87,82,32,100,32,500,20,16.38,31,3.18,2624,41984000,456.1530429525301,456.1534068537876,0.0001361919566988945,0.0001949109137058258,0.0033068712800741196,0.0016346368938684464,0.0,0,0,0,[],,,456.13916413858533,,,,1,,[],"[{""backend_wall_s"": 456.1443248167634, ""cities"": 100, ""instances"": 32, ""metrics"": {""audit_local_search"": 0, ""basin_top_q"": 0}, ""native_reported_wall_s"": 456.13916413858533, ""seed"": 2026091502, ""tours_executed"": 41984000}]",trace_first_use,completed,08da7a5b9ed5ff6e08fe60c50072c48a7e8a4fbe85ba0fbb0a5b73d3036e54e7,921c39c1b332d428400b12a92bd5e75b4418d9fcf784497e984ccf44312a3ce8,1,48.02183946594596,E2-cpu8-r0,E2,0,cuda04,GPU-34b223c6-7502-b097-19e0-a411b1708f06,,3e36d7276307c1fca8852ebc053d202c1e1c68713cc11aed1adcdc07745b41aa,,2,jobs/E2-cpu8-r0/result.json
cpu8,3,8,fp64,False,False,,100,82,74,32,100,32,500,20,16.7,31,3.31,2368,37888000,417.37789096310735,417.3785250047222,0.00017732661217451096,0.00040766503661870956,0.004162081517279148,0.0019392305985093117,0.0,0,0,0,[],,,417.35295061115175,,,,1,,[],"[{""backend_wall_s"": 417.35941367503256, ""cities"": 100, ""instances"": 32, ""metrics"": {""audit_local_search"": 0, ""basin_top_q"": 0}, ""native_reported_wall_s"": 417.35295061115175, ""seed"": 2026091503, ""tours_executed"": 37888000}]",trace_first_use,completed,6ec349abaca088c7cc3ce953e710b15b359579470274d39f8b070999ad423c1c,7ca6581956f82b8688e2f276e9ea2e6c96c339029564b1a800e1cf873dcbe7a2,2,48.02183946594596,E2-cpu8-r0,E2,0,cuda04,GPU-34b223c6-7502-b097-19e0-a411b1708f06,,3e36d7276307c1fca8852ebc053d202c1e1c68713cc11aed1adcdc07745b41aa,,2,jobs/E2-cpu8-r0/result.json
cpu8,4,8,fp64,False,False,,100,72,65,32,100,32,500,20,17.09,31,3.5,2080,33280000,397.8016473101452,397.8022279115394,0.00038160383701324463,0.000164826400578022,0.007796630263328552,0.005190962925553322,0.0,0,0,0,[],,,397.7755063129589,,,,1,,[],"[{""backend_wall_s"": 397.7853930974379, ""cities"": 100, ""instances"": 32, ""metrics"": {""audit_local_search"": 0, ""basin_top_q"": 0}, ""native_reported_wall_s"": 397.7755063129589, ""seed"": 2026091504, ""tours_executed"": 33280000}]",trace_first_use,completed,f497f77a9455b925b32a0674c77f63be36729457244a76defd804e7524fb01ca,7c53f09cfe657137158f864fb5d026a1bf2d39a4a4c5f28c33ea206586834d11,3,48.02183946594596,E2-cpu8-r0,E2,0,cuda04,GPU-34b223c6-7502-b097-19e0-a411b1708f06,,3e36d7276307c1fca8852ebc053d202c1e1c68713cc11aed1adcdc07745b41aa,,2,jobs/E2-cpu8-r0/result.json
cpu8,5,8,fp64,False,False,,100,50,47,32,100,32,500,20,13.49,29,3.54,1504,24064000,311.32356525119394,311.3241409920156,0.000395054928958416,0.0001508910208940506,0.00571103673428297,0.004790869541466236,0.0,0,0,0,[],,,311.3060203175992,,,,1,,[],"[{""backend_wall_s"": 311.31063124071807, ""cities"": 100, ""instances"": 32, ""metrics"": {""audit_local_search"": 0, ""basin_top_q"": 0}, ""native_reported_wall_s"": 311.3060203175992, ""seed"": 2026091505, ""tours_executed"": 24064000}]",trace_first_use,completed,f413c38939eb36763a582dbf5a62dfa64083ba97266791dddce5af32c514308d,21e02398134ac9cde84a8c90539574b5b05af9584771f2829c597ffc3a52a7bd,4,48.02183946594596,E2-cpu8-r0,E2,0,cuda04,GPU-34b223c6-7502-b097-19e0-a411b1708f06,,3e36d7276307c1fca8852ebc053d202c1e1c68713cc11aed1adcdc07745b41aa,,2,jobs/E2-cpu8-r0/result.json
cpu8,1,8,fp64,False,False,,100,91,79,32,100,32,500,20,12.5,31,2.59,2528,40448000,379.03057812713087,379.0312595209107,0.0004785927012562752,0.00015418510884046555,0.009080454707145691,0.005048863589763641,0.0,0,0,0,[],,,379.0015171729028,,,,1,,[],"[{""backend_wall_s"": 379.0093585215509, ""cities"": 100, ""instances"": 32, ""metrics"": {""audit_local_search"": 0, ""basin_top_q"": 0}, ""native_reported_wall_s"": 379.0015171729028, ""seed"": 2026091501, ""tours_executed"": 40448000}]",trace_first_use,completed,424ca1c4f9eae210fc3df435b80e586137dbeb419c40b581a57957402875ec5b,d72f5b9a9e19e14624a243c661214fa54f2f818cbe56fe6a5cc869f58ee8adfc,0,42.83571925852448,E2-cpu8-r1,E2,1,cuda04,GPU-34b223c6-7502-b097-19e0-a411b1708f06,,3e36d7276307c1fca8852ebc053d202c1e1c68713cc11aed1adcdc07745b41aa,,2,jobs/E2-cpu8-r1/result.json
cpu8,2,8,fp64,False,False,,100,87,82,32,100,32,500,20,16.38,31,3.18,2624,41984000,416.8336860332638,416.8341155350208,0.00013574771583080292,0.0002536969259381294,0.003469720482826233,0.0016784751787781715,0.0,0,0,0,[],,,416.8164373906329,,,,1,,[],"[{""backend_wall_s"": 416.8219132963568, ""cities"": 100, ""instances"": 32, ""metrics"": {""audit_local_search"": 0, ""basin_top_q"": 0}, ""native_reported_wall_s"": 416.8164373906329, ""seed"": 2026091502, ""tours_executed"": 41984000}]",trace_first_use,completed,08da7a5b9ed5ff6e08fe60c50072c48a7e8a4fbe85ba0fbb0a5b73d3036e54e7,921c39c1b332d428400b12a92bd5e75b4418d9fcf784497e984ccf44312a3ce8,1,42.83571925852448,E2-cpu8-r1,E2,1,cuda04,GPU-34b223c6-7502-b097-19e0-a411b1708f06,,3e36d7276307c1fca8852ebc053d202c1e1c68713cc11aed1adcdc07745b41aa,,2,jobs/E2-cpu8-r1/result.json
cpu8,3,8,fp64,False,False,,100,82,74,32,100,32,500,20,16.7,31,3.31,2368,37888000,380.2654876150191,380.2661692779511,0.0004735151305794716,0.00016310997307300568,0.006066589616239071,0.006034804508090019,0.0,0,0,0,[],,,380.2443977277726,,,,1,,[],"[{""backend_wall_s"": 380.24927728716284, ""cities"": 100, ""instances"": 32, ""metrics"": {""audit_local_search"": 0, ""basin_top_q"": 0}, ""native_reported_wall_s"": 380.2443977277726, ""seed"": 2026091503, ""tours_executed"": 37888000}]",trace_first_use,completed,6ec349abaca088c7cc3ce953e710b15b359579470274d39f8b070999ad423c1c,7ca6581956f82b8688e2f276e9ea2e6c96c339029564b1a800e1cf873dcbe7a2,2,42.83571925852448,E2-cpu8-r1,E2,1,cuda04,GPU-34b223c6-7502-b097-19e0-a411b1708f06,,3e36d7276307c1fca8852ebc053d202c1e1c68713cc11aed1adcdc07745b41aa,,2,jobs/E2-cpu8-r1/result.json
cpu8,4,8,fp64,False,False,,100,72,65,32,100,32,500,20,17.09,31,3.5,2080,33280000,364.62830500490963,364.6289676297456,0.00042726844549179077,0.00018896907567977905,0.009313379414379597,0.005985432304441929,0.0,0,0,0,[],,,364.6044726129621,,,,1,,[],"[{""backend_wall_s"": 364.6096767242998, ""cities"": 100, ""instances"": 32, ""metrics"": {""audit_local_search"": 0, ""basin_top_q"": 0}, ""native_reported_wall_s"": 364.6044726129621, ""seed"": 2026091504, ""tours_executed"": 33280000}]",trace_first_use,completed,f497f77a9455b925b32a0674c77f63be36729457244a76defd804e7524fb01ca,7c53f09cfe657137158f864fb5d026a1bf2d39a4a4c5f28c33ea206586834d11,3,42.83571925852448,E2-cpu8-r1,E2,1,cuda04,GPU-34b223c6-7502-b097-19e0-a411b1708f06,,3e36d7276307c1fca8852ebc053d202c1e1c68713cc11aed1adcdc07745b41aa,,2,jobs/E2-cpu8-r1/result.json
cpu8,5,8,fp64,False,False,,100,50,47,32,100,32,500,20,13.49,29,3.54,1504,24064000,323.65665867365897,323.657324208878,0.0004120245575904846,0.0002132980152964592,0.006750413216650486,0.004800479859113693,0.0,0,0,0,[],,,323.6329272026196,,,,1,,[],"[{""backend_wall_s"": 323.6419018181041, ""cities"": 100, ""instances"": 32, ""metrics"": {""audit_local_search"": 0, ""basin_top_q"": 0}, ""native_reported_wall_s"": 323.6329272026196, ""seed"": 2026091505, ""tours_executed"": 24064000}]",trace_first_use,completed,f413c38939eb36763a582dbf5a62dfa64083ba97266791dddce5af32c514308d,21e02398134ac9cde84a8c90539574b5b05af9584771f2829c597ffc3a52a7bd,4,42.83571925852448,E2-cpu8-r1,E2,1,cuda04,GPU-34b223c6-7502-b097-19e0-a411b1708f06,,3e36d7276307c1fca8852ebc053d202c1e1c68713cc11aed1adcdc07745b41aa,,2,jobs/E2-cpu8-r1/result.json
cpu8,1,8,fp64,False,False,,100,91,79,32,100,32,500,20,12.5,31,2.59,2528,40448000,400.04254821687937,400.043303781189,0.0004915278404951096,0.00020638946443796158,0.012218879535794258,0.00504407100379467,0.0,0,0,0,[],,,400.0065815988928,,,,1,,[],"[{""backend_wall_s"": 400.0177425444126, ""cities"": 100, ""instances"": 32, ""metrics"": {""audit_local_search"": 0, ""basin_top_q"": 0}, ""native_reported_wall_s"": 400.0065815988928, ""seed"": 2026091501, ""tours_executed"": 40448000}]",trace_first_use,completed,424ca1c4f9eae210fc3df435b80e586137dbeb419c40b581a57957402875ec5b,d72f5b9a9e19e14624a243c661214fa54f2f818cbe56fe6a5cc869f58ee8adfc,0,48.08413336612284,E2-cpu8-r2,E2,2,cuda04,GPU-34b223c6-7502-b097-19e0-a411b1708f06,,3e36d7276307c1fca8852ebc053d202c1e1c68713cc11aed1adcdc07745b41aa,,2,jobs/E2-cpu8-r2/result.json
cpu8,2,8,fp64,False,False,,100,87,82,32,100,32,500,20,16.38,31,3.18,2624,41984000,435.1818621940911,435.182459263131,0.0003413967788219452,0.00019801128655672073,0.008784564211964607,0.004635389894247055,0.0,0,0,0,[],,,435.15444346051663,,,,1,,[],"[{""backend_wall_s"": 435.16334402468055, ""cities"": 100, ""instances"": 32, ""metrics"": {""audit_local_search"": 0, ""basin_top_q"": 0}, ""native_reported_wall_s"": 435.15444346051663, ""seed"": 2026091502, ""tours_executed"": 41984000}]",trace_first_use,completed,08da7a5b9ed5ff6e08fe60c50072c48a7e8a4fbe85ba0fbb0a5b73d3036e54e7,921c39c1b332d428400b12a92bd5e75b4418d9fcf784497e984ccf44312a3ce8,1,48.08413336612284,E2-cpu8-r2,E2,2,cuda04,GPU-34b223c6-7502-b097-19e0-a411b1708f06,,3e36d7276307c1fca8852ebc053d202c1e1c68713cc11aed1adcdc07745b41aa,,2,jobs/E2-cpu8-r2/result.json
cpu8,3,8,fp64,False,False,,100,82,74,32,100,32,500,20,16.7,31,3.31,2368,37888000,397.6299718944356,397.6303625693545,0.00019299332052469254,0.0001661144196987152,0.004292570985853672,0.0017921123653650284,0.0,0,0,0,[],,,397.6142487600446,,,,1,,[],"[{""backend_wall_s"": 397.6197916287929, ""cities"": 100, ""instances"": 32, ""metrics"": {""audit_local_search"": 0, ""basin_top_q"": 0}, ""native_reported_wall_s"": 397.6142487600446, ""seed"": 2026091503, ""tours_executed"": 37888000}]",trace_first_use,completed,6ec349abaca088c7cc3ce953e710b15b359579470274d39f8b070999ad423c1c,7ca6581956f82b8688e2f276e9ea2e6c96c339029564b1a800e1cf873dcbe7a2,2,48.08413336612284,E2-cpu8-r2,E2,2,cuda04,GPU-34b223c6-7502-b097-19e0-a411b1708f06,,3e36d7276307c1fca8852ebc053d202c1e1c68713cc11aed1adcdc07745b41aa,,2,jobs/E2-cpu8-r2/result.json
cpu8,4,8,fp64,False,False,,100,72,65,32,100,32,500,20,17.09,31,3.5,2080,33280000,382.22672107070684,382.2271189233288,0.00018056761473417282,0.00018734391778707504,0.006592476740479469,0.001916789449751377,0.0,0,0,0,[],,,382.2071167230606,,,,1,,[],"[{""backend_wall_s"": 382.21468414273113, ""cities"": 100, ""instances"": 32, ""metrics"": {""audit_local_search"": 0, ""basin_top_q"": 0}, ""native_reported_wall_s"": 382.2071167230606, ""seed"": 2026091504, ""tours_executed"": 33280000}]",trace_first_use,completed,f497f77a9455b925b32a0674c77f63be36729457244a76defd804e7524fb01ca,7c53f09cfe657137158f864fb5d026a1bf2d39a4a4c5f28c33ea206586834d11,3,48.08413336612284,E2-cpu8-r2,E2,2,cuda04,GPU-34b223c6-7502-b097-19e0-a411b1708f06,,3e36d7276307c1fca8852ebc053d202c1e1c68713cc11aed1adcdc07745b41aa,,2,jobs/E2-cpu8-r2/result.json
cpu8,5,8,fp64,False,False,,100,50,47,32,100,32,500,20,13.49,29,3.54,1504,24064000,324.8498255480081,324.85022534430027,0.00016068760305643082,0.0002148021012544632,0.0020105522125959396,0.0015182401984930038,0.0,0,0,0,[],,,324.8385038226843,,,,1,,[],"[{""backend_wall_s"": 324.842915982008, ""cities"": 100, ""instances"": 32, ""metrics"": {""audit_local_search"": 0, ""basin_top_q"": 0}, ""native_reported_wall_s"": 324.8385038226843, ""seed"": 2026091505, ""tours_executed"": 24064000}]",trace_first_use,completed,f413c38939eb36763a582dbf5a62dfa64083ba97266791dddce5af32c514308d,21e02398134ac9cde84a8c90539574b5b05af9584771f2829c597ffc3a52a7bd,4,48.08413336612284,E2-cpu8-r2,E2,2,cuda04,GPU-34b223c6-7502-b097-19e0-a411b1708f06,,3e36d7276307c1fca8852ebc053d202c1e1c68713cc11aed1adcdc07745b41aa,,2,jobs/E2-cpu8-r2/result.json
v1,1,1,fp32,False,False,1,100,91,79,32,100,32,500,20,12.5,31,2.59,2528,40448000,26.041685953736305,26.042098614387214,0.0002062823623418808,0.00016926229000091553,0.003517414443194866,0.001918305642902851,0.0,0,0,1,[],26.00375390625,,,0.002757212147116661,0.00026632845401763916,0.003179602324962616,1,,"[{""binary_version"": 86, ""cache_mode_ca"": 0, ""const_size_bytes"": 0, ""local_size_bytes"": 240, ""max_dynamic_shared_size_bytes"": 48736, ""max_threads_per_block"": 512, ""num_regs"": 108, ""preferred_shared_memory_carveout"": -1, ""ptx_version"": 86, ""shared_size_bytes"": 416}]","[{""backend_wall_s"": 26.03142796829343, ""cities"": 100, ""instances"": 32, ""metrics"": {""audit_local_search"": 0, ""basin_top_q"": 0, ""block_threads"": 32, ""candidate_lanes"": 1, ""chunks"": 1, ""compile_seconds_sum"": 0.0, ""d2h_seconds_sum"": 0.00026632845401763916, ""device_count"": 1, ""device_names"": ""NVIDIA RTX A5000"", ""devices"": ""0"", ""driver_free_bytes_before_min"": 0, ""exact_fp64_scoring_seconds"": 0.003179602324962616, ""gpu_fp32_length_checksum"": 20118.51406812668, ""h2d_seconds_sum"": 0.002757212147116661, ""kernel_cache_entries_max"": 0, ""kernel_seconds_critical"": 26.00375390625, ""kernel_seconds_sum"": 26.00375390625, ""local_search"": ""none"", ""local_search_candidate_size"": 20, ""local_search_warps_per_block"": 8, ""pool_free_bytes_before_sum"": 0, ""precision"": ""fp32"", ""provider"": ""raw_cuda"", ""register_cap"": 0, ""resident_cache_bytes_sum"": 0, ""semantic_shards"": 1, ""three_opt_block_threads"": 256, ""workspace_probe_retries"": 0}, ""native_reported_wall_s"": 26.01563761383295, ""seed"": 2026091501, ""tours_executed"": 40448000}]",trace_first_use,completed,a6e63f6c8076a0d62ac15dbf625340fdb84ad587ab625a9c2ebd0a6b6251b96c,d72f5b9a9e19e14624a243c661214fa54f2f818cbe56fe6a5cc869f58ee8adfc,0,7.236924623139203,E2-v1-r0,E2,0,cuda04,GPU-34b223c6-7502-b097-19e0-a411b1708f06,NVIDIA RTX A5000,3e36d7276307c1fca8852ebc053d202c1e1c68713cc11aed1adcdc07745b41aa,546308096.0,2,jobs/E2-v1-r0/result.json
v1,2,1,fp32,False,False,1,100,87,82,32,100,32,500,20,16.38,31,3.18,2624,41984000,30.51340956054628,30.514123919419944,0.0004751812666654587,0.00018466543406248093,0.010095702484250069,0.006962337531149387,0.0,0,0,1,[],30.454837890625,,,0.002246771939098835,0.0002619503065943718,0.003400791436433792,1,,"[{""binary_version"": 86, ""cache_mode_ca"": 0, ""const_size_bytes"": 0, ""local_size_bytes"": 240, ""max_dynamic_shared_size_bytes"": 48736, ""max_threads_per_block"": 512, ""num_regs"": 108, ""preferred_shared_memory_carveout"": -1, ""ptx_version"": 86, ""shared_size_bytes"": 416}]","[{""backend_wall_s"": 30.492685290053487, ""cities"": 100, ""instances"": 32, ""metrics"": {""audit_local_search"": 0, ""basin_top_q"": 0, ""block_threads"": 32, ""candidate_lanes"": 1, ""chunks"": 1, ""compile_seconds_sum"": 0.0, ""d2h_seconds_sum"": 0.0002619503065943718, ""device_count"": 1, ""device_names"": ""NVIDIA RTX A5000"", ""devices"": ""0"", ""driver_free_bytes_before_min"": 0, ""exact_fp64_scoring_seconds"": 0.003400791436433792, ""gpu_fp32_length_checksum"": 20860.660054206848, ""h2d_seconds_sum"": 0.002246771939098835, ""kernel_cache_entries_max"": 0, ""kernel_seconds_critical"": 30.454837890625, ""kernel_seconds_sum"": 30.454837890625, ""local_search"": ""none"", ""local_search_candidate_size"": 20, ""local_search_warps_per_block"": 8, ""pool_free_bytes_before_sum"": 0, ""precision"": ""fp32"", ""provider"": ""raw_cuda"", ""register_cap"": 0, ""resident_cache_bytes_sum"": 0, ""semantic_shards"": 1, ""three_opt_block_threads"": 256, ""workspace_probe_retries"": 0}, ""native_reported_wall_s"": 30.467254668474197, ""seed"": 2026091502, ""tours_executed"": 41984000}]",trace_first_use,completed,f9a9b0bfe7d418d2d6a107cf311d8a448a031b986bdc1dce990b40aec009b2c0,921c39c1b332d428400b12a92bd5e75b4418d9fcf784497e984ccf44312a3ce8,1,7.236924623139203,E2-v1-r0,E2,0,cuda04,GPU-34b223c6-7502-b097-19e0-a411b1708f06,NVIDIA RTX A5000,3e36d7276307c1fca8852ebc053d202c1e1c68713cc11aed1adcdc07745b41aa,546308096.0,2,jobs/E2-v1-r0/result.json
v1,3,1,fp32,False,False,1,100,82,74,32,100,32,500,20,16.7,31,3.31,2368,37888000,27.502455019392073,27.502796217799187,0.00016364827752113342,0.00015190523117780685,0.003404095768928528,0.001901215873658657,0.0,0,0,1,[],27.46602734375,,,0.0018244227394461632,0.0002351095899939537,0.002949165180325508,1,,"[{""binary_version"": 86, ""cache_mode_ca"": 0, ""const_size_bytes"": 0, ""local_size_bytes"": 240, ""max_dynamic_shared_size_bytes"": 48736, ""max_threads_per_block"": 512, ""num_regs"": 108, ""preferred_shared_memory_carveout"": -1, ""ptx_version"": 86, ""shared_size_bytes"": 416}]","[{""backend_wall_s"": 27.493316798470914, ""cities"": 100, ""instances"": 32, ""metrics"": {""audit_local_search"": 0, ""basin_top_q"": 0, ""block_threads"": 32, ""candidate_lanes"": 1, ""chunks"": 1, ""compile_seconds_sum"": 0.0, ""d2h_seconds_sum"": 0.0002351095899939537, ""device_count"": 1, ""device_names"": ""NVIDIA RTX A5000"", ""devices"": ""0"", ""driver_free_bytes_before_min"": 0, ""exact_fp64_scoring_seconds"": 0.002949165180325508, ""gpu_fp32_length_checksum"": 18869.507058620453, ""h2d_seconds_sum"": 0.0018244227394461632, ""kernel_cache_entries_max"": 0, ""kernel_seconds_critical"": 27.46602734375, ""kernel_seconds_sum"": 27.46602734375, ""local_search"": ""none"", ""local_search_candidate_size"": 20, ""local_search_warps_per_block"": 8, ""pool_free_bytes_before_sum"": 0, ""precision"": ""fp32"", ""provider"": ""raw_cuda"", ""register_cap"": 0, ""resident_cache_bytes_sum"": 0, ""semantic_shards"": 1, ""three_opt_block_threads"": 256, ""workspace_probe_retries"": 0}, ""native_reported_wall_s"": 27.47738990187645, ""seed"": 2026091503, ""tours_executed"": 37888000}]",trace_first_use,completed,a6c0e58a686072a30901a3a8df0d4f55b41e989e3f94df4c4b911b3e2b0ee509,7ca6581956f82b8688e2f276e9ea2e6c96c339029564b1a800e1cf873dcbe7a2,2,7.236924623139203,E2-v1-r0,E2,0,cuda04,GPU-34b223c6-7502-b097-19e0-a411b1708f06,NVIDIA RTX A5000,3e36d7276307c1fca8852ebc053d202c1e1c68713cc11aed1adcdc07745b41aa,546308096.0,2,jobs/E2-v1-r0/result.json
v1,4,1,fp32,False,False,1,100,72,65,32,100,32,500,20,17.09,31,3.5,2080,33280000,25.55331634171307,25.553656190633774,0.0001465044915676117,0.00016866810619831085,0.0035028569400310516,0.0017984751611948013,0.0,0,0,1,[],25.517486328125,,,0.0017323112115263939,0.000248161144554615,0.0026761339977383614,1,,"[{""binary_version"": 86, ""cache_mode_ca"": 0, ""const_size_bytes"": 0, ""local_size_bytes"": 240, ""max_dynamic_shared_size_bytes"": 48736, ""max_threads_per_block"": 512, ""num_regs"": 108, ""preferred_shared_memory_carveout"": -1, ""ptx_version"": 86, ""shared_size_bytes"": 416}]","[{""backend_wall_s"": 25.544806993566453, ""cities"": 100, ""instances"": 32, ""metrics"": {""audit_local_search"": 0, ""basin_top_q"": 0, ""block_threads"": 32, ""candidate_lanes"": 1, ""chunks"": 1, ""compile_seconds_sum"": 0.0, ""d2h_seconds_sum"": 0.000248161144554615, ""device_count"": 1, ""device_names"": ""NVIDIA RTX A5000"", ""devices"": ""0"", ""driver_free_bytes_before_min"": 0, ""exact_fp64_scoring_seconds"": 0.0026761339977383614, ""gpu_fp32_length_checksum"": 16512.677414417267, ""h2d_seconds_sum"": 0.0017323112115263939, ""kernel_cache_entries_max"": 0, ""kernel_seconds_critical"": 25.517486328125, ""kernel_seconds_sum"": 25.517486328125, ""local_search"": ""none"", ""local_search_candidate_size"": 20, ""local_search_warps_per_block"": 8, ""pool_free_bytes_before_sum"": 0, ""precision"": ""fp32"", ""provider"": ""raw_cuda"", ""register_cap"": 0, ""resident_cache_bytes_sum"": 0, ""semantic_shards"": 1, ""three_opt_block_threads"": 256, ""workspace_probe_retries"": 0}, ""native_reported_wall_s"": 25.52792141586542, ""seed"": 2026091504, ""tours_executed"": 33280000}]",trace_first_use,completed,8a759089f279807b50e8248cd861d5e48d70e484cdaa85aeaa6479d2c3577e72,7c53f09cfe657137158f864fb5d026a1bf2d39a4a4c5f28c33ea206586834d11,3,7.236924623139203,E2-v1-r0,E2,0,cuda04,GPU-34b223c6-7502-b097-19e0-a411b1708f06,NVIDIA RTX A5000,3e36d7276307c1fca8852ebc053d202c1e1c68713cc11aed1adcdc07745b41aa,546308096.0,2,jobs/E2-v1-r0/result.json
v1,5,1,fp32,False,False,1,100,50,47,32,100,32,500,20,13.49,29,3.54,1504,24064000,23.033739221282303,23.034066856838763,0.00015593133866786957,0.00015358254313468933,0.001873403787612915,0.0014619911089539528,0.0,0,0,1,[],23.002740234375,,,0.0017398474738001823,0.00019854027777910233,0.0020797383040189743,1,,"[{""binary_version"": 86, ""cache_mode_ca"": 0, ""const_size_bytes"": 0, ""local_size_bytes"": 240, ""max_dynamic_shared_size_bytes"": 48736, ""max_threads_per_block"": 512, ""num_regs"": 108, ""preferred_shared_memory_carveout"": -1, ""ptx_version"": 86, ""shared_size_bytes"": 416}]","[{""backend_wall_s"": 23.028034172020853, ""cities"": 100, ""instances"": 32, ""metrics"": {""audit_local_search"": 0, ""basin_top_q"": 0, ""block_threads"": 32, ""candidate_lanes"": 1, ""chunks"": 1, ""compile_seconds_sum"": 0.0, ""d2h_seconds_sum"": 0.00019854027777910233, ""device_count"": 1, ""device_names"": ""NVIDIA RTX A5000"", ""devices"": ""0"", ""driver_free_bytes_before_min"": 0, ""exact_fp64_scoring_seconds"": 0.0020797383040189743, ""gpu_fp32_length_checksum"": 11988.103090286255, ""h2d_seconds_sum"": 0.0017398474738001823, ""kernel_cache_entries_max"": 0, ""kernel_seconds_critical"": 23.002740234375, ""kernel_seconds_sum"": 23.002740234375, ""local_search"": ""none"", ""local_search_candidate_size"": 20, ""local_search_warps_per_block"": 8, ""pool_free_bytes_before_sum"": 0, ""precision"": ""fp32"", ""provider"": ""raw_cuda"", ""register_cap"": 0, ""resident_cache_bytes_sum"": 0, ""semantic_shards"": 1, ""three_opt_block_threads"": 256, ""workspace_probe_retries"": 0}, ""native_reported_wall_s"": 23.01185396593064, ""seed"": 2026091505, ""tours_executed"": 24064000}]",trace_first_use,completed,3651de9b7fbf2f80c45f6418da9fa5d7f35b9cb6f9a05c8bfc20127529eafb32,21e02398134ac9cde84a8c90539574b5b05af9584771f2829c597ffc3a52a7bd,4,7.236924623139203,E2-v1-r0,E2,0,cuda04,GPU-34b223c6-7502-b097-19e0-a411b1708f06,NVIDIA RTX A5000,3e36d7276307c1fca8852ebc053d202c1e1c68713cc11aed1adcdc07745b41aa,546308096.0,2,jobs/E2-v1-r0/result.json
v1,1,1,fp32,False,False,1,100,91,79,32,100,32,500,20,12.5,31,2.59,2528,40448000,26.3640389284119,26.364572537131608,0.0003215949982404709,0.00016638636589050293,0.007030432112514973,0.003574094735085964,0.0,0,0,1,[],26.317830078125,,,0.00288441963493824,0.00024940259754657745,0.003227583132684231,1,,"[{""binary_version"": 86, ""cache_mode_ca"": 0, ""const_size_bytes"": 0, ""local_size_bytes"": 240, ""max_dynamic_shared_size_bytes"": 48736, ""max_threads_per_block"": 512, ""num_regs"": 108, ""preferred_shared_memory_carveout"": -1, ""ptx_version"": 86, ""shared_size_bytes"": 416}]","[{""backend_wall_s"": 26.348676203750074, ""cities"": 100, ""instances"": 32, ""metrics"": {""audit_local_search"": 0, ""basin_top_q"": 0, ""block_threads"": 32, ""candidate_lanes"": 1, ""chunks"": 1, ""compile_seconds_sum"": 0.0, ""d2h_seconds_sum"": 0.00024940259754657745, ""device_count"": 1, ""device_names"": ""NVIDIA RTX A5000"", ""devices"": ""0"", ""driver_free_bytes_before_min"": 0, ""exact_fp64_scoring_seconds"": 0.003227583132684231, ""gpu_fp32_length_checksum"": 20118.51406812668, ""h2d_seconds_sum"": 0.00288441963493824, ""kernel_cache_entries_max"": 0, ""kernel_seconds_critical"": 26.317830078125, ""kernel_seconds_sum"": 26.317830078125, ""local_search"": ""none"", ""local_search_candidate_size"": 20, ""local_search_warps_per_block"": 8, ""pool_free_bytes_before_sum"": 0, ""precision"": ""fp32"", ""provider"": ""raw_cuda"", ""register_cap"": 0, ""resident_cache_bytes_sum"": 0, ""semantic_shards"": 1, ""three_opt_block_threads"": 256, ""workspace_probe_retries"": 0}, ""native_reported_wall_s"": 26.330110657028854, ""seed"": 2026091501, ""tours_executed"": 40448000}]",trace_first_use,completed,a6e63f6c8076a0d62ac15dbf625340fdb84ad587ab625a9c2ebd0a6b6251b96c,d72f5b9a9e19e14624a243c661214fa54f2f818cbe56fe6a5cc869f58ee8adfc,0,12.346403894014657,E2-v1-r1,E2,1,cuda04,GPU-34b223c6-7502-b097-19e0-a411b1708f06,NVIDIA RTX A5000,3e36d7276307c1fca8852ebc053d202c1e1c68713cc11aed1adcdc07745b41aa,546308096.0,2,jobs/E2-v1-r1/result.json
v1,2,1,fp32,False,False,1,100,87,82,32,100,32,500,20,16.38,31,3.18,2624,41984000,30.89835676178336,30.898721115663648,0.00016017816960811615,0.00017012376338243484,0.0034570181742310524,0.0023323949426412582,0.0,0,0,1,[],30.862435546875,,,0.0017481427639722824,0.00025366805493831635,0.003179004415869713,1,,"[{""binary_version"": 86, ""cache_mode_ca"": 0, ""const_size_bytes"": 0, ""local_size_bytes"": 240, ""max_dynamic_shared_size_bytes"": 48736, ""max_threads_per_block"": 512, ""num_regs"": 108, ""preferred_shared_memory_carveout"": -1, ""ptx_version"": 86, ""shared_size_bytes"": 416}]","[{""backend_wall_s"": 30.889018236659467, ""cities"": 100, ""instances"": 32, ""metrics"": {""audit_local_search"": 0, ""basin_top_q"": 0, ""block_threads"": 32, ""candidate_lanes"": 1, ""chunks"": 1, ""compile_seconds_sum"": 0.0, ""d2h_seconds_sum"": 0.00025366805493831635, ""device_count"": 1, ""device_names"": ""NVIDIA RTX A5000"", ""devices"": ""0"", ""driver_free_bytes_before_min"": 0, ""exact_fp64_scoring_seconds"": 0.003179004415869713, ""gpu_fp32_length_checksum"": 20860.660054206848, ""h2d_seconds_sum"": 0.0017481427639722824, ""kernel_cache_entries_max"": 0, ""kernel_seconds_critical"": 30.862435546875, ""kernel_seconds_sum"": 30.862435546875, ""local_search"": ""none"", ""local_search_candidate_size"": 20, ""local_search_warps_per_block"": 8, ""pool_free_bytes_before_sum"": 0, ""precision"": ""fp32"", ""provider"": ""raw_cuda"", ""register_cap"": 0, ""resident_cache_bytes_sum"": 0, ""semantic_shards"": 1, ""three_opt_block_threads"": 256, ""workspace_probe_retries"": 0}, ""native_reported_wall_s"": 30.87383001949638, ""seed"": 2026091502, ""tours_executed"": 41984000}]",trace_first_use,completed,f9a9b0bfe7d418d2d6a107cf311d8a448a031b986bdc1dce990b40aec009b2c0,921c39c1b332d428400b12a92bd5e75b4418d9fcf784497e984ccf44312a3ce8,1,12.346403894014657,E2-v1-r1,E2,1,cuda04,GPU-34b223c6-7502-b097-19e0-a411b1708f06,NVIDIA RTX A5000,3e36d7276307c1fca8852ebc053d202c1e1c68713cc11aed1adcdc07745b41aa,546308096.0,2,jobs/E2-v1-r1/result.json
v1,3,1,fp32,False,False,1,100,82,74,32,100,32,500,20,16.7,31,3.31,2368,37888000,27.625116284005344,27.625656253658235,0.00035478919744491577,0.00015065167099237442,0.008451037108898163,0.005051730200648308,0.0,0,0,1,[],27.573822265625,,,0.0020097242668271065,0.0002483529970049858,0.0029286975041031837,1,,"[{""binary_version"": 86, ""cache_mode_ca"": 0, ""const_size_bytes"": 0, ""local_size_bytes"": 240, ""max_dynamic_shared_size_bytes"": 48736, ""max_threads_per_block"": 512, ""num_regs"": 108, ""preferred_shared_memory_carveout"": -1, ""ptx_version"": 86, ""shared_size_bytes"": 416}]","[{""backend_wall_s"": 27.60785077791661, ""cities"": 100, ""instances"": 32, ""metrics"": {""audit_local_search"": 0, ""basin_top_q"": 0, ""block_threads"": 32, ""candidate_lanes"": 1, ""chunks"": 1, ""compile_seconds_sum"": 0.0, ""d2h_seconds_sum"": 0.0002483529970049858, ""device_count"": 1, ""device_names"": ""NVIDIA RTX A5000"", ""devices"": ""0"", ""driver_free_bytes_before_min"": 0, ""exact_fp64_scoring_seconds"": 0.0029286975041031837, ""gpu_fp32_length_checksum"": 18869.507058620453, ""h2d_seconds_sum"": 0.0020097242668271065, ""kernel_cache_entries_max"": 0, ""kernel_seconds_critical"": 27.573822265625, ""kernel_seconds_sum"": 27.573822265625, ""local_search"": ""none"", ""local_search_candidate_size"": 20, ""local_search_warps_per_block"": 8, ""pool_free_bytes_before_sum"": 0, ""precision"": ""fp32"", ""provider"": ""raw_cuda"", ""register_cap"": 0, ""resident_cache_bytes_sum"": 0, ""semantic_shards"": 1, ""three_opt_block_threads"": 256, ""workspace_probe_retries"": 0}, ""native_reported_wall_s"": 27.585805289447308, ""seed"": 2026091503, ""tours_executed"": 37888000}]",trace_first_use,completed,a6c0e58a686072a30901a3a8df0d4f55b41e989e3f94df4c4b911b3e2b0ee509,7ca6581956f82b8688e2f276e9ea2e6c96c339029564b1a800e1cf873dcbe7a2,2,12.346403894014657,E2-v1-r1,E2,1,cuda04,GPU-34b223c6-7502-b097-19e0-a411b1708f06,NVIDIA RTX A5000,3e36d7276307c1fca8852ebc053d202c1e1c68713cc11aed1adcdc07745b41aa,546308096.0,2,jobs/E2-v1-r1/result.json
v1,4,1,fp32,False,False,1,100,72,65,32,100,32,500,20,17.09,31,3.5,2080,33280000,25.60457586683333,25.605190008878708,0.0004202732816338539,0.00016031414270401,0.009101951494812965,0.00604468397796154,0.0,0,0,1,[],25.553423828125,,,0.0018185805529356003,0.00022285711020231247,0.0026563378050923347,1,,"[{""binary_version"": 86, ""cache_mode_ca"": 0, ""const_size_bytes"": 0, ""local_size_bytes"": 240, ""max_dynamic_shared_size_bytes"": 48736, ""max_threads_per_block"": 512, ""num_regs"": 108, ""preferred_shared_memory_carveout"": -1, ""ptx_version"": 86, ""shared_size_bytes"": 416}]","[{""backend_wall_s"": 25.5863249162212, ""cities"": 100, ""instances"": 32, ""metrics"": {""audit_local_search"": 0, ""basin_top_q"": 0, ""block_threads"": 32, ""candidate_lanes"": 1, ""chunks"": 1, ""compile_seconds_sum"": 0.0, ""d2h_seconds_sum"": 0.00022285711020231247, ""device_count"": 1, ""device_names"": ""NVIDIA RTX A5000"", ""devices"": ""0"", ""driver_free_bytes_before_min"": 0, ""exact_fp64_scoring_seconds"": 0.0026563378050923347, ""gpu_fp32_length_checksum"": 16512.677414417267, ""h2d_seconds_sum"": 0.0018185805529356003, ""kernel_cache_entries_max"": 0, ""kernel_seconds_critical"": 25.553423828125, ""kernel_seconds_sum"": 25.553423828125, ""local_search"": ""none"", ""local_search_candidate_size"": 20, ""local_search_warps_per_block"": 8, ""pool_free_bytes_before_sum"": 0, ""precision"": ""fp32"", ""provider"": ""raw_cuda"", ""register_cap"": 0, ""resident_cache_bytes_sum"": 0, ""semantic_shards"": 1, ""three_opt_block_threads"": 256, ""workspace_probe_retries"": 0}, ""native_reported_wall_s"": 25.563936499878764, ""seed"": 2026091504, ""tours_executed"": 33280000}]",trace_first_use,completed,8a759089f279807b50e8248cd861d5e48d70e484cdaa85aeaa6479d2c3577e72,7c53f09cfe657137158f864fb5d026a1bf2d39a4a4c5f28c33ea206586834d11,3,12.346403894014657,E2-v1-r1,E2,1,cuda04,GPU-34b223c6-7502-b097-19e0-a411b1708f06,NVIDIA RTX A5000,3e36d7276307c1fca8852ebc053d202c1e1c68713cc11aed1adcdc07745b41aa,546308096.0,2,jobs/E2-v1-r1/result.json
v1,5,1,fp32,False,False,1,100,50,47,32,100,32,500,20,13.49,29,3.54,1504,24064000,23.094173832796514,23.094726422801614,0.0003702593967318535,0.00015416275709867477,0.0053651295602321625,0.004245039075613022,0.0,0,0,1,[],23.049900390625,,,0.001902759075164795,0.00019741244614124298,0.0020822230726480484,1,,"[{""binary_version"": 86, ""cache_mode_ca"": 0, ""const_size_bytes"": 0, ""local_size_bytes"": 240, ""max_dynamic_shared_size_bytes"": 48736, ""max_threads_per_block"": 512, ""num_regs"": 108, ""preferred_shared_memory_carveout"": -1, ""ptx_version"": 86, ""shared_size_bytes"": 416}]","[{""backend_wall_s"": 23.0822383351624, ""cities"": 100, ""instances"": 32, ""metrics"": {""audit_local_search"": 0, ""basin_top_q"": 0, ""block_threads"": 32, ""candidate_lanes"": 1, ""chunks"": 1, ""compile_seconds_sum"": 0.0, ""d2h_seconds_sum"": 0.00019741244614124298, ""device_count"": 1, ""device_names"": ""NVIDIA RTX A5000"", ""devices"": ""0"", ""driver_free_bytes_before_min"": 0, ""exact_fp64_scoring_seconds"": 0.0020822230726480484, ""gpu_fp32_length_checksum"": 11988.103090286255, ""h2d_seconds_sum"": 0.001902759075164795, ""kernel_cache_entries_max"": 0, ""kernel_seconds_critical"": 23.049900390625, ""kernel_seconds_sum"": 23.049900390625, ""local_search"": ""none"", ""local_search_candidate_size"": 20, ""local_search_warps_per_block"": 8, ""pool_free_bytes_before_sum"": 0, ""precision"": ""fp32"", ""provider"": ""raw_cuda"", ""register_cap"": 0, ""resident_cache_bytes_sum"": 0, ""semantic_shards"": 1, ""three_opt_block_threads"": 256, ""workspace_probe_retries"": 0}, ""native_reported_wall_s"": 23.059474398382008, ""seed"": 2026091505, ""tours_executed"": 24064000}]",trace_first_use,completed,3651de9b7fbf2f80c45f6418da9fa5d7f35b9cb6f9a05c8bfc20127529eafb32,21e02398134ac9cde84a8c90539574b5b05af9584771f2829c597ffc3a52a7bd,4,12.346403894014657,E2-v1-r1,E2,1,cuda04,GPU-34b223c6-7502-b097-19e0-a411b1708f06,NVIDIA RTX A5000,3e36d7276307c1fca8852ebc053d202c1e1c68713cc11aed1adcdc07745b41aa,546308096.0,2,jobs/E2-v1-r1/result.json
v1,1,1,fp32,False,False,1,100,91,79,32,100,32,500,20,12.5,31,2.59,2528,40448000,26.33102307934314,26.331558511592448,0.000333213247358799,0.00016220565885305405,0.006766564212739468,0.0031574591994285583,0.0,0,0,1,[],26.286025390625,,,0.00303812138736248,0.0002439422532916069,0.0031799180433154106,1,,"[{""binary_version"": 86, ""cache_mode_ca"": 0, ""const_size_bytes"": 0, ""local_size_bytes"": 240, ""max_dynamic_shared_size_bytes"": 48736, ""max_threads_per_block"": 512, ""num_regs"": 108, ""preferred_shared_memory_carveout"": -1, ""ptx_version"": 86, ""shared_size_bytes"": 416}]","[{""backend_wall_s"": 26.316430578939617, ""cities"": 100, ""instances"": 32, ""metrics"": {""audit_local_search"": 0, ""basin_top_q"": 0, ""block_threads"": 32, ""candidate_lanes"": 1, ""chunks"": 1, ""compile_seconds_sum"": 0.0, ""d2h_seconds_sum"": 0.0002439422532916069, ""device_count"": 1, ""device_names"": ""NVIDIA RTX A5000"", ""devices"": ""0"", ""driver_free_bytes_before_min"": 0, ""exact_fp64_scoring_seconds"": 0.0031799180433154106, ""gpu_fp32_length_checksum"": 20118.51406812668, ""h2d_seconds_sum"": 0.00303812138736248, ""kernel_cache_entries_max"": 0, ""kernel_seconds_critical"": 26.286025390625, ""kernel_seconds_sum"": 26.286025390625, ""local_search"": ""none"", ""local_search_candidate_size"": 20, ""local_search_warps_per_block"": 8, ""pool_free_bytes_before_sum"": 0, ""precision"": ""fp32"", ""provider"": ""raw_cuda"", ""register_cap"": 0, ""resident_cache_bytes_sum"": 0, ""semantic_shards"": 1, ""three_opt_block_threads"": 256, ""workspace_probe_retries"": 0}, ""native_reported_wall_s"": 26.29868004284799, ""seed"": 2026091501, ""tours_executed"": 40448000}]",trace_first_use,completed,a6e63f6c8076a0d62ac15dbf625340fdb84ad587ab625a9c2ebd0a6b6251b96c,d72f5b9a9e19e14624a243c661214fa54f2f818cbe56fe6a5cc869f58ee8adfc,0,13.231368414126337,E2-v1-r2,E2,2,cuda04,GPU-34b223c6-7502-b097-19e0-a411b1708f06,NVIDIA RTX A5000,3e36d7276307c1fca8852ebc053d202c1e1c68713cc11aed1adcdc07745b41aa,546308096.0,2,jobs/E2-v1-r2/result.json
v1,2,1,fp32,False,False,1,100,87,82,32,100,32,500,20,16.38,31,3.18,2624,41984000,30.30353656411171,30.30389161873609,0.00015019439160823822,0.00017374474555253983,0.0032644998282194138,0.0016867825761437416,0.0,0,0,1,[],30.268931640625,,,0.0017778323963284492,0.00024012941867113113,0.0032529979944229126,1,,"[{""binary_version"": 86, ""cache_mode_ca"": 0, ""const_size_bytes"": 0, ""local_size_bytes"": 240, ""max_dynamic_shared_size_bytes"": 48736, ""max_threads_per_block"": 512, ""num_regs"": 108, ""preferred_shared_memory_carveout"": -1, ""ptx_version"": 86, ""shared_size_bytes"": 416}]","[{""backend_wall_s"": 30.295045754872262, ""cities"": 100, ""instances"": 32, ""metrics"": {""audit_local_search"": 0, ""basin_top_q"": 0, ""block_threads"": 32, ""candidate_lanes"": 1, ""chunks"": 1, ""compile_seconds_sum"": 0.0, ""d2h_seconds_sum"": 0.00024012941867113113, ""device_count"": 1, ""device_names"": ""NVIDIA RTX A5000"", ""devices"": ""0"", ""driver_free_bytes_before_min"": 0, ""exact_fp64_scoring_seconds"": 0.0032529979944229126, ""gpu_fp32_length_checksum"": 20860.660054206848, ""h2d_seconds_sum"": 0.0017778323963284492, ""kernel_cache_entries_max"": 0, ""kernel_seconds_critical"": 30.268931640625, ""kernel_seconds_sum"": 30.268931640625, ""local_search"": ""none"", ""local_search_candidate_size"": 20, ""local_search_warps_per_block"": 8, ""pool_free_bytes_before_sum"": 0, ""precision"": ""fp32"", ""provider"": ""raw_cuda"", ""register_cap"": 0, ""resident_cache_bytes_sum"": 0, ""semantic_shards"": 1, ""three_opt_block_threads"": 256, ""workspace_probe_retries"": 0}, ""native_reported_wall_s"": 30.27991617936641, ""seed"": 2026091502, ""tours_executed"": 41984000}]",trace_first_use,completed,f9a9b0bfe7d418d2d6a107cf311d8a448a031b986bdc1dce990b40aec009b2c0,921c39c1b332d428400b12a92bd5e75b4418d9fcf784497e984ccf44312a3ce8,1,13.231368414126337,E2-v1-r2,E2,2,cuda04,GPU-34b223c6-7502-b097-19e0-a411b1708f06,NVIDIA RTX A5000,3e36d7276307c1fca8852ebc053d202c1e1c68713cc11aed1adcdc07745b41aa,546308096.0,2,jobs/E2-v1-r2/result.json
v1,3,1,fp32,False,False,1,100,82,74,32,100,32,500,20,16.7,31,3.31,2368,37888000,27.38575016427785,27.386154493317008,0.00015323329716920853,0.00022246968001127243,0.0030601173639297485,0.0017111590132117271,0.0,0,0,1,[],27.347666015625,,,0.0017712367698550224,0.00026425253599882126,0.0041757384315133095,1,,"[{""binary_version"": 86, ""cache_mode_ca"": 0, ""const_size_bytes"": 0, ""local_size_bytes"": 240, ""max_dynamic_shared_size_bytes"": 48736, ""max_threads_per_block"": 512, ""num_regs"": 108, ""preferred_shared_memory_carveout"": -1, ""ptx_version"": 86, ""shared_size_bytes"": 416}]","[{""backend_wall_s"": 27.375446652062237, ""cities"": 100, ""instances"": 32, ""metrics"": {""audit_local_search"": 0, ""basin_top_q"": 0, ""block_threads"": 32, ""candidate_lanes"": 1, ""chunks"": 1, ""compile_seconds_sum"": 0.0, ""d2h_seconds_sum"": 0.00026425253599882126, ""device_count"": 1, ""device_names"": ""NVIDIA RTX A5000"", ""devices"": ""0"", ""driver_free_bytes_before_min"": 0, ""exact_fp64_scoring_seconds"": 0.0041757384315133095, ""gpu_fp32_length_checksum"": 18869.507058620453, ""h2d_seconds_sum"": 0.0017712367698550224, ""kernel_cache_entries_max"": 0, ""kernel_seconds_critical"": 27.347666015625, ""kernel_seconds_sum"": 27.347666015625, ""local_search"": ""none"", ""local_search_candidate_size"": 20, ""local_search_warps_per_block"": 8, ""pool_free_bytes_before_sum"": 0, ""precision"": ""fp32"", ""provider"": ""raw_cuda"", ""register_cap"": 0, ""resident_cache_bytes_sum"": 0, ""semantic_shards"": 1, ""three_opt_block_threads"": 256, ""workspace_probe_retries"": 0}, ""native_reported_wall_s"": 27.36049216799438, ""seed"": 2026091503, ""tours_executed"": 37888000}]",trace_first_use,completed,a6c0e58a686072a30901a3a8df0d4f55b41e989e3f94df4c4b911b3e2b0ee509,7ca6581956f82b8688e2f276e9ea2e6c96c339029564b1a800e1cf873dcbe7a2,2,13.231368414126337,E2-v1-r2,E2,2,cuda04,GPU-34b223c6-7502-b097-19e0-a411b1708f06,NVIDIA RTX A5000,3e36d7276307c1fca8852ebc053d202c1e1c68713cc11aed1adcdc07745b41aa,546308096.0,2,jobs/E2-v1-r2/result.json
v1,4,1,fp32,False,False,1,100,72,65,32,100,32,500,20,17.09,31,3.5,2080,33280000,25.406417543068528,25.406810618005693,0.0002050492912530899,0.00016327202320098877,0.005318584851920605,0.003020627424120903,0.0,0,0,1,[],25.359921875,,,0.0018633371219038963,0.0002165045589208603,0.0026905247941613197,1,,"[{""binary_version"": 86, ""cache_mode_ca"": 0, ""const_size_bytes"": 0, ""local_size_bytes"": 240, ""max_dynamic_shared_size_bytes"": 48736, ""max_threads_per_block"": 512, ""num_regs"": 108, ""preferred_shared_memory_carveout"": -1, ""ptx_version"": 86, ""shared_size_bytes"": 416}]","[{""backend_wall_s"": 25.394939774647355, ""cities"": 100, ""instances"": 32, ""metrics"": {""audit_local_search"": 0, ""basin_top_q"": 0, ""block_threads"": 32, ""candidate_lanes"": 1, ""chunks"": 1, ""compile_seconds_sum"": 0.0, ""d2h_seconds_sum"": 0.0002165045589208603, ""device_count"": 1, ""device_names"": ""NVIDIA RTX A5000"", ""devices"": ""0"", ""driver_free_bytes_before_min"": 0, ""exact_fp64_scoring_seconds"": 0.0026905247941613197, ""gpu_fp32_length_checksum"": 16512.677414417267, ""h2d_seconds_sum"": 0.0018633371219038963, ""kernel_cache_entries_max"": 0, ""kernel_seconds_critical"": 25.359921875, ""kernel_seconds_sum"": 25.359921875, ""local_search"": ""none"", ""local_search_candidate_size"": 20, ""local_search_warps_per_block"": 8, ""pool_free_bytes_before_sum"": 0, ""precision"": ""fp32"", ""provider"": ""raw_cuda"", ""register_cap"": 0, ""resident_cache_bytes_sum"": 0, ""semantic_shards"": 1, ""three_opt_block_threads"": 256, ""workspace_probe_retries"": 0}, ""native_reported_wall_s"": 25.37039451021701, ""seed"": 2026091504, ""tours_executed"": 33280000}]",trace_first_use,completed,8a759089f279807b50e8248cd861d5e48d70e484cdaa85aeaa6479d2c3577e72,7c53f09cfe657137158f864fb5d026a1bf2d39a4a4c5f28c33ea206586834d11,3,13.231368414126337,E2-v1-r2,E2,2,cuda04,GPU-34b223c6-7502-b097-19e0-a411b1708f06,NVIDIA RTX A5000,3e36d7276307c1fca8852ebc053d202c1e1c68713cc11aed1adcdc07745b41aa,546308096.0,2,jobs/E2-v1-r2/result.json
v1,5,1,fp32,False,False,1,100,50,47,32,100,32,500,20,13.49,29,3.54,1504,24064000,23.122892745770514,23.123223105445504,0.00015627127140760422,0.00015227310359477997,0.0018179528415203094,0.0013882284983992577,0.0,0,0,1,[],23.092611328125,,,0.0017374232411384583,0.00019364617764949799,0.0021053822711110115,1,,"[{""binary_version"": 86, ""cache_mode_ca"": 0, ""const_size_bytes"": 0, ""local_size_bytes"": 240, ""max_dynamic_shared_size_bytes"": 48736, ""max_threads_per_block"": 512, ""num_regs"": 108, ""preferred_shared_memory_carveout"": -1, ""ptx_version"": 86, ""shared_size_bytes"": 416}]","[{""backend_wall_s"": 23.11736957449466, ""cities"": 100, ""instances"": 32, ""metrics"": {""audit_local_search"": 0, ""basin_top_q"": 0, ""block_threads"": 32, ""candidate_lanes"": 1, ""chunks"": 1, ""compile_seconds_sum"": 0.0, ""d2h_seconds_sum"": 0.00019364617764949799, ""device_count"": 1, ""device_names"": ""NVIDIA RTX A5000"", ""devices"": ""0"", ""driver_free_bytes_before_min"": 0, ""exact_fp64_scoring_seconds"": 0.0021053822711110115, ""gpu_fp32_length_checksum"": 11988.103090286255, ""h2d_seconds_sum"": 0.0017374232411384583, ""kernel_cache_entries_max"": 0, ""kernel_seconds_critical"": 23.092611328125, ""kernel_seconds_sum"": 23.092611328125, ""local_search"": ""none"", ""local_search_candidate_size"": 20, ""local_search_warps_per_block"": 8, ""pool_free_bytes_before_sum"": 0, ""precision"": ""fp32"", ""provider"": ""raw_cuda"", ""register_cap"": 0, ""resident_cache_bytes_sum"": 0, ""semantic_shards"": 1, ""three_opt_block_threads"": 256, ""workspace_probe_retries"": 0}, ""native_reported_wall_s"": 23.10154581349343, ""seed"": 2026091505, ""tours_executed"": 24064000}]",trace_first_use,completed,3651de9b7fbf2f80c45f6418da9fa5d7f35b9cb6f9a05c8bfc20127529eafb32,21e02398134ac9cde84a8c90539574b5b05af9584771f2829c597ffc3a52a7bd,4,13.231368414126337,E2-v1-r2,E2,2,cuda04,GPU-34b223c6-7502-b097-19e0-a411b1708f06,NVIDIA RTX A5000,3e36d7276307c1fca8852ebc053d202c1e1c68713cc11aed1adcdc07745b41aa,546308096.0,2,jobs/E2-v1-r2/result.json
v2,1,1,fp32,False,True,8,100,91,79,32,100,32,500,20,12.5,31,2.59,2528,40448000,21.44063045270741,21.441182428970933,0.00025421101599931717,0.0002517886459827423,0.007124700583517551,0.0023647621273994446,3.675250099040568,1,1,0,"[""1eb79d59926856870919fe58a0acb3e97e3a7b3ba8bb0781b74ec613bf8701b9""]",17.705478515625,,,0.0031608575955033302,0.00045635737478733063,0.00454533938318491,1,,"[{""binary_version"": 86, ""cache_mode_ca"": 0, ""const_size_bytes"": 0, ""local_size_bytes"": 0, ""max_dynamic_shared_size_bytes"": 49152, ""max_threads_per_block"": 1024, ""num_regs"": 29, ""preferred_shared_memory_carveout"": -1, ""ptx_version"": 86, ""shared_size_bytes"": 0}, {""binary_version"": 86, ""cache_mode_ca"": 0, ""const_size_bytes"": 0, ""local_size_bytes"": 0, ""max_dynamic_shared_size_bytes"": 44288, ""max_threads_per_block"": 640, ""num_regs"": 92, ""preferred_shared_memory_carveout"": -1, ""ptx_version"": 86, ""shared_size_bytes"": 4864}, {""binary_version"": 86, ""cache_mode_ca"": 0, ""const_size_bytes"": 0, ""local_size_bytes"": 0, ""max_dynamic_shared_size_bytes"": 48880, ""max_threads_per_block"": 1024, ""num_regs"": 56, ""preferred_shared_memory_carveout"": -1, ""ptx_version"": 86, ""shared_size_bytes"": 272}]","[{""backend_wall_s"": 21.426067327149212, ""cities"": 100, ""instances"": 32, ""metrics"": {""audit_local_search"": 0, ""basin_top_q"": 0, ""block_threads"": 256, ""candidate_lanes"": 8, ""chunks"": 1, ""compile_seconds_sum"": 3.675250099040568, ""d2h_seconds_sum"": 0.00045635737478733063, ""device_count"": 1, ""device_names"": ""NVIDIA RTX A5000"", ""devices"": ""0"", ""driver_free_bytes_before_min"": 25051136000, ""exact_fp64_scoring_seconds"": 0.00454533938318491, ""gpu_fp32_length_checksum"": 20113.912000656128, ""h2d_seconds_sum"": 0.0031608575955033302, ""kernel_cache_entries_max"": 2, ""kernel_seconds_critical"": 17.705478515625, ""kernel_seconds_sum"": 17.705478515625, ""local_search"": ""none"", ""local_search_candidate_size"": 20, ""local_search_warps_per_block"": 8, ""pool_free_bytes_before_sum"": 90112, ""precision"": ""fp32"", ""provider"": ""raw_cuda"", ""register_cap"": 0, ""resident_cache_bytes_sum"": 4791864, ""semantic_shards"": 1, ""three_opt_block_threads"": 256, ""workspace_probe_retries"": 0}, ""native_reported_wall_s"": 21.400757922790945, ""seed"": 2026091501, ""tours_executed"": 40448000}]",trace_first_use,completed,67a4a28613615f713b53fa7002caa5b9001c2b6bb4a62ff2e57efdb94297de11,d72f5b9a9e19e14624a243c661214fa54f2f818cbe56fe6a5cc869f58ee8adfc,0,9.03971651289612,E2-v2-r0,E2,0,cuda04,GPU-34b223c6-7502-b097-19e0-a411b1708f06,NVIDIA RTX A5000,3e36d7276307c1fca8852ebc053d202c1e1c68713cc11aed1adcdc07745b41aa,793772032.0,2,jobs/E2-v2-r0/result.json
v2,2,1,fp32,False,True,8,100,87,82,32,100,32,500,20,16.38,31,3.18,2624,41984000,23.158364152535796,23.159088211134076,0.00046493299305438995,0.00020468607544898987,0.013119564391672611,0.0053298575803637505,3.812176472507417,1,1,0,"[""2a6a2e3208e0bb017e7d258d33c900d12182b9a15fa4b74543af5be3e9a7b90a""]",19.287220703125,,,0.001861894503235817,0.0003116074949502945,0.003240436315536499,1,,"[{""binary_version"": 86, ""cache_mode_ca"": 0, ""const_size_bytes"": 0, ""local_size_bytes"": 0, ""max_dynamic_shared_size_bytes"": 49152, ""max_threads_per_block"": 1024, ""num_regs"": 29, ""preferred_shared_memory_carveout"": -1, ""ptx_version"": 86, ""shared_size_bytes"": 0}, {""binary_version"": 86, ""cache_mode_ca"": 0, ""const_size_bytes"": 0, ""local_size_bytes"": 0, ""max_dynamic_shared_size_bytes"": 44288, ""max_threads_per_block"": 640, ""num_regs"": 90, ""preferred_shared_memory_carveout"": -1, ""ptx_version"": 86, ""shared_size_bytes"": 4864}, {""binary_version"": 86, ""cache_mode_ca"": 0, ""const_size_bytes"": 0, ""local_size_bytes"": 0, ""max_dynamic_shared_size_bytes"": 48880, ""max_threads_per_block"": 1024, ""num_regs"": 56, ""preferred_shared_memory_carveout"": -1, ""ptx_version"": 86, ""shared_size_bytes"": 272}]","[{""backend_wall_s"": 23.1383638670668, ""cities"": 100, ""instances"": 32, ""metrics"": {""audit_local_search"": 0, ""basin_top_q"": 0, ""block_threads"": 256, ""candidate_lanes"": 8, ""chunks"": 1, ""compile_seconds_sum"": 3.812176472507417, ""d2h_seconds_sum"": 0.0003116074949502945, ""device_count"": 1, ""device_names"": ""NVIDIA RTX A5000"", ""devices"": ""0"", ""driver_free_bytes_before_min"": 24782700544, ""exact_fp64_scoring_seconds"": 0.003240436315536499, ""gpu_fp32_length_checksum"": 20861.407184123993, ""h2d_seconds_sum"": 0.001861894503235817, ""kernel_cache_entries_max"": 3, ""kernel_seconds_critical"": 19.287220703125, ""kernel_seconds_sum"": 19.287220703125, ""local_search"": ""none"", ""local_search_candidate_size"": 20, ""local_search_warps_per_block"": 8, ""pool_free_bytes_before_sum"": 261434880, ""precision"": ""fp32"", ""provider"": ""raw_cuda"", ""register_cap"": 0, ""resident_cache_bytes_sum"": 9438520, ""semantic_shards"": 1, ""three_opt_block_threads"": 256, ""workspace_probe_retries"": 0}, ""native_reported_wall_s"": 23.115875392220914, ""seed"": 2026091502, ""tours_executed"": 41984000}]",trace_first_use,completed,9510617d4deb7d7d434dba365d302a848a6f366f1ffd9e4b2cbeeab67c007996,921c39c1b332d428400b12a92bd5e75b4418d9fcf784497e984ccf44312a3ce8,1,9.03971651289612,E2-v2-r0,E2,0,cuda04,GPU-34b223c6-7502-b097-19e0-a411b1708f06,NVIDIA RTX A5000,3e36d7276307c1fca8852ebc053d202c1e1c68713cc11aed1adcdc07745b41aa,793772032.0,2,jobs/E2-v2-r0/result.json
v2,3,1,fp32,False,True,8,100,82,74,32,100,32,500,20,16.7,31,3.31,2368,37888000,18.58915430214256,18.589517302811146,0.00016032624989748,0.000177762471139431,0.005506606772542,0.0016601784154772758,3.558867377229035,1,1,0,"[""c75f7beaa0aa5b5511439a03ef332b70e93da759e7677b0d350914a4d647ec82""]",14.989412109375,,,0.001847212202847004,0.0002835933119058609,0.00301286019384861,1,,"[{""binary_version"": 86, ""cache_mode_ca"": 0, ""const_size_bytes"": 0, ""local_size_bytes"": 0, ""max_dynamic_shared_size_bytes"": 49152, ""max_threads_per_block"": 1024, ""num_regs"": 29, ""preferred_shared_memory_carveout"": -1, ""ptx_version"": 86, ""shared_size_bytes"": 0}, {""binary_version"": 86, ""cache_mode_ca"": 0, ""const_size_bytes"": 0, ""local_size_bytes"": 0, ""max_dynamic_shared_size_bytes"": 44288, ""max_threads_per_block"": 768, ""num_regs"": 80, ""preferred_shared_memory_carveout"": -1, ""ptx_version"": 86, ""shared_size_bytes"": 4864}, {""binary_version"": 86, ""cache_mode_ca"": 0, ""const_size_bytes"": 0, ""local_size_bytes"": 0, ""max_dynamic_shared_size_bytes"": 48880, ""max_threads_per_block"": 1024, ""num_regs"": 56, ""preferred_shared_memory_carveout"": -1, ""ptx_version"": 86, ""shared_size_bytes"": 272}]","[{""backend_wall_s"": 18.579769922420382, ""cities"": 100, ""instances"": 32, ""metrics"": {""audit_local_search"": 0, ""basin_top_q"": 0, ""block_threads"": 256, ""candidate_lanes"": 8, ""chunks"": 1, ""compile_seconds_sum"": 3.558867377229035, ""d2h_seconds_sum"": 0.0002835933119058609, ""device_count"": 1, ""device_names"": ""NVIDIA RTX A5000"", ""devices"": ""0"", ""driver_free_bytes_before_min"": 24503779328, ""exact_fp64_scoring_seconds"": 0.00301286019384861, ""gpu_fp32_length_checksum"": 18880.944690704346, ""h2d_seconds_sum"": 0.001847212202847004, ""kernel_cache_entries_max"": 4, ""kernel_seconds_critical"": 14.989412109375, ""kernel_seconds_sum"": 14.989412109375, ""local_search"": ""none"", ""local_search_candidate_size"": 20, ""local_search_warps_per_block"": 8, ""pool_free_bytes_before_sum"": 532281344, ""precision"": ""fp32"", ""provider"": ""raw_cuda"", ""register_cap"": 0, ""resident_cache_bytes_sum"": 14085176, ""semantic_shards"": 1, ""three_opt_block_threads"": 256, ""workspace_probe_retries"": 0}, ""native_reported_wall_s"": 18.564003687351942, ""seed"": 2026091503, ""tours_executed"": 37888000}]",trace_first_use,completed,0f4b9c12a6b3db85ca24f082b0c6f621ed3ee18ace613a3b9f51a21611fee404,7ca6581956f82b8688e2f276e9ea2e6c96c339029564b1a800e1cf873dcbe7a2,2,9.03971651289612,E2-v2-r0,E2,0,cuda04,GPU-34b223c6-7502-b097-19e0-a411b1708f06,NVIDIA RTX A5000,3e36d7276307c1fca8852ebc053d202c1e1c68713cc11aed1adcdc07745b41aa,793772032.0,2,jobs/E2-v2-r0/result.json
v2,4,1,fp32,False,True,8,100,72,65,32,100,32,500,20,17.09,31,3.5,2080,33280000,16.995382878929377,16.995754684321582,0.00015184096992015839,0.00019638612866401672,0.004541055299341679,0.0016761748120188713,3.6318337665870786,1,1,0,"[""a13548df88141d2a9a7ceb1acae63575f17096d0a041422a1078d78733bd09c9""]",13.3250244140625,,,0.0017676707357168198,0.0002753455191850662,0.0027284743264317513,1,,"[{""binary_version"": 86, ""cache_mode_ca"": 0, ""const_size_bytes"": 0, ""local_size_bytes"": 0, ""max_dynamic_shared_size_bytes"": 49152, ""max_threads_per_block"": 1024, ""num_regs"": 29, ""preferred_shared_memory_carveout"": -1, ""ptx_version"": 86, ""shared_size_bytes"": 0}, {""binary_version"": 86, ""cache_mode_ca"": 0, ""const_size_bytes"": 0, ""local_size_bytes"": 0, ""max_dynamic_shared_size_bytes"": 44288, ""max_threads_per_block"": 768, ""num_regs"": 80, ""preferred_shared_memory_carveout"": -1, ""ptx_version"": 86, ""shared_size_bytes"": 4864}, {""binary_version"": 86, ""cache_mode_ca"": 0, ""const_size_bytes"": 0, ""local_size_bytes"": 0, ""max_dynamic_shared_size_bytes"": 48880, ""max_threads_per_block"": 1024, ""num_regs"": 56, ""preferred_shared_memory_carveout"": -1, ""ptx_version"": 86, ""shared_size_bytes"": 272}]","[{""backend_wall_s"": 16.987568577751517, ""cities"": 100, ""instances"": 32, ""metrics"": {""audit_local_search"": 0, ""basin_top_q"": 0, ""block_threads"": 256, ""candidate_lanes"": 8, ""chunks"": 1, ""compile_seconds_sum"": 3.6318337665870786, ""d2h_seconds_sum"": 0.0002753455191850662, ""device_count"": 1, ""device_names"": ""NVIDIA RTX A5000"", ""devices"": ""0"", ""driver_free_bytes_before_min"": 24497487872, ""exact_fp64_scoring_seconds"": 0.0027284743264317513, ""gpu_fp32_length_checksum"": 16522.66787004471, ""h2d_seconds_sum"": 0.0017676707357168198, ""kernel_cache_entries_max"": 5, ""kernel_seconds_critical"": 13.3250244140625, ""kernel_seconds_sum"": 13.3250244140625, ""local_search"": ""none"", ""local_search_candidate_size"": 20, ""local_search_warps_per_block"": 8, ""pool_free_bytes_before_sum"": 532283392, ""precision"": ""fp32"", ""provider"": ""raw_cuda"", ""register_cap"": 0, ""resident_cache_bytes_sum"": 18731832, ""semantic_shards"": 1, ""three_opt_block_threads"": 256, ""workspace_probe_retries"": 0}, ""native_reported_wall_s"": 16.972210721112788, ""seed"": 2026091504, ""tours_executed"": 33280000}]",trace_first_use,completed,9dbaf0d9b09eb3c19070bd40061f2fe878e6eae86a0081e60dbae258f3e78462,7c53f09cfe657137158f864fb5d026a1bf2d39a4a4c5f28c33ea206586834d11,3,9.03971651289612,E2-v2-r0,E2,0,cuda04,GPU-34b223c6-7502-b097-19e0-a411b1708f06,NVIDIA RTX A5000,3e36d7276307c1fca8852ebc053d202c1e1c68713cc11aed1adcdc07745b41aa,793772032.0,2,jobs/E2-v2-r0/result.json
v2,5,1,fp32,False,True,8,100,50,47,32,100,32,500,20,13.49,29,3.54,1504,24064000,13.86403197888285,13.864390297792852,0.00015180185437202454,0.00018594227731227875,0.0029511572793126106,0.0013961829245090485,2.9728875597938895,1,1,0,"[""1107742722a6cf56b5108947ebc5ce989b723e51d3413200790831188ec0030d""]",10.856357421875,,,0.0018292143940925598,0.00025798287242650986,0.0020977193489670753,1,,"[{""binary_version"": 86, ""cache_mode_ca"": 0, ""const_size_bytes"": 0, ""local_size_bytes"": 0, ""max_dynamic_shared_size_bytes"": 49152, ""max_threads_per_block"": 1024, ""num_regs"": 29, ""preferred_shared_memory_carveout"": -1, ""ptx_version"": 86, ""shared_size_bytes"": 0}, {""binary_version"": 86, ""cache_mode_ca"": 0, ""const_size_bytes"": 0, ""local_size_bytes"": 0, ""max_dynamic_shared_size_bytes"": 44288, ""max_threads_per_block"": 768, ""num_regs"": 80, ""preferred_shared_memory_carveout"": -1, ""ptx_version"": 86, ""shared_size_bytes"": 4864}, {""binary_version"": 86, ""cache_mode_ca"": 0, ""const_size_bytes"": 0, ""local_size_bytes"": 0, ""max_dynamic_shared_size_bytes"": 48880, ""max_threads_per_block"": 1024, ""num_regs"": 56, ""preferred_shared_memory_carveout"": -1, ""ptx_version"": 86, ""shared_size_bytes"": 272}]","[{""backend_wall_s"": 13.85841082315892, ""cities"": 100, ""instances"": 32, ""metrics"": {""audit_local_search"": 0, ""basin_top_q"": 0, ""block_threads"": 256, ""candidate_lanes"": 8, ""chunks"": 1, ""compile_seconds_sum"": 2.9728875597938895, ""d2h_seconds_sum"": 0.00025798287242650986, ""device_count"": 1, ""device_names"": ""NVIDIA RTX A5000"", ""devices"": ""0"", ""driver_free_bytes_before_min"": 24489099264, ""exact_fp64_scoring_seconds"": 0.0020977193489670753, ""gpu_fp32_length_checksum"": 11986.271143913269, ""h2d_seconds_sum"": 0.0018292143940925598, ""kernel_cache_entries_max"": 6, ""kernel_seconds_critical"": 10.856357421875, ""kernel_seconds_sum"": 10.856357421875, ""local_search"": ""none"", ""local_search_candidate_size"": 20, ""local_search_warps_per_block"": 8, ""pool_free_bytes_before_sum"": 532291072, ""precision"": ""fp32"", ""provider"": ""raw_cuda"", ""register_cap"": 0, ""resident_cache_bytes_sum"": 23378488, ""semantic_shards"": 1, ""three_opt_block_threads"": 256, ""workspace_probe_retries"": 0}, ""native_reported_wall_s"": 13.842657999135554, ""seed"": 2026091505, ""tours_executed"": 24064000}]",trace_first_use,completed,8a4a3b7237823b6373cc0289c47f530a651f4b22f6ec49943dc2644b98150e81,21e02398134ac9cde84a8c90539574b5b05af9584771f2829c597ffc3a52a7bd,4,9.03971651289612,E2-v2-r0,E2,0,cuda04,GPU-34b223c6-7502-b097-19e0-a411b1708f06,NVIDIA RTX A5000,3e36d7276307c1fca8852ebc053d202c1e1c68713cc11aed1adcdc07745b41aa,793772032.0,2,jobs/E2-v2-r0/result.json
v2,1,1,fp32,False,True,8,100,91,79,32,100,32,500,20,12.5,31,2.59,2528,40448000,21.13283351715654,21.13341606594622,0.00036321207880973816,0.00017514172941446304,0.008573701605200768,0.0031749000772833824,3.381488721817732,1,1,0,"[""1eb79d59926856870919fe58a0acb3e97e3a7b3ba8bb0781b74ec613bf8701b9""]",17.698650390625,,,0.0035312268882989883,0.00030055269598960876,0.0031345095485448837,1,,"[{""binary_version"": 86, ""cache_mode_ca"": 0, ""const_size_bytes"": 0, ""local_size_bytes"": 0, ""max_dynamic_shared_size_bytes"": 49152, ""max_threads_per_block"": 1024, ""num_regs"": 29, ""preferred_shared_memory_carveout"": -1, ""ptx_version"": 86, ""shared_size_bytes"": 0}, {""binary_version"": 86, ""cache_mode_ca"": 0, ""const_size_bytes"": 0, ""local_size_bytes"": 0, ""max_dynamic_shared_size_bytes"": 44288, ""max_threads_per_block"": 640, ""num_regs"": 92, ""preferred_shared_memory_carveout"": -1, ""ptx_version"": 86, ""shared_size_bytes"": 4864}, {""binary_version"": 86, ""cache_mode_ca"": 0, ""const_size_bytes"": 0, ""local_size_bytes"": 0, ""max_dynamic_shared_size_bytes"": 48880, ""max_threads_per_block"": 1024, ""num_regs"": 56, ""preferred_shared_memory_carveout"": -1, ""ptx_version"": 86, ""shared_size_bytes"": 272}]","[{""backend_wall_s"": 21.11811711639166, ""cities"": 100, ""instances"": 32, ""metrics"": {""audit_local_search"": 0, ""basin_top_q"": 0, ""block_threads"": 256, ""candidate_lanes"": 8, ""chunks"": 1, ""compile_seconds_sum"": 3.381488721817732, ""d2h_seconds_sum"": 0.00030055269598960876, ""device_count"": 1, ""device_names"": ""NVIDIA RTX A5000"", ""devices"": ""0"", ""driver_free_bytes_before_min"": 25051136000, ""exact_fp64_scoring_seconds"": 0.0031345095485448837, ""gpu_fp32_length_checksum"": 20113.912000656128, ""h2d_seconds_sum"": 0.0035312268882989883, ""kernel_cache_entries_max"": 2, ""kernel_seconds_critical"": 17.698650390625, ""kernel_seconds_sum"": 17.698650390625, ""local_search"": ""none"", ""local_search_candidate_size"": 20, ""local_search_warps_per_block"": 8, ""pool_free_bytes_before_sum"": 90112, ""precision"": ""fp32"", ""provider"": ""raw_cuda"", ""register_cap"": 0, ""resident_cache_bytes_sum"": 4791864, ""semantic_shards"": 1, ""three_opt_block_threads"": 256, ""workspace_probe_retries"": 0}, ""native_reported_wall_s"": 21.10012142267078, ""seed"": 2026091501, ""tours_executed"": 40448000}]",trace_first_use,completed,67a4a28613615f713b53fa7002caa5b9001c2b6bb4a62ff2e57efdb94297de11,d72f5b9a9e19e14624a243c661214fa54f2f818cbe56fe6a5cc869f58ee8adfc,0,10.001274259760976,E2-v2-r1,E2,1,cuda04,GPU-34b223c6-7502-b097-19e0-a411b1708f06,NVIDIA RTX A5000,3e36d7276307c1fca8852ebc053d202c1e1c68713cc11aed1adcdc07745b41aa,793772032.0,2,jobs/E2-v2-r1/result.json
v2,2,1,fp32,False,True,8,100,87,82,32,100,32,500,20,16.38,31,3.18,2624,41984000,22.77501076180488,22.77559946011752,0.00035120081156492233,0.00019705947488546371,0.011567552573978901,0.0040644509717822075,3.6221170062199235,1,1,0,"[""2a6a2e3208e0bb017e7d258d33c900d12182b9a15fa4b74543af5be3e9a7b90a""]",19.0968359375,,,0.0018859272822737694,0.00029978714883327484,0.0031790388748049736,1,,"[{""binary_version"": 86, ""cache_mode_ca"": 0, ""const_size_bytes"": 0, ""local_size_bytes"": 0, ""max_dynamic_shared_size_bytes"": 49152, ""max_threads_per_block"": 1024, ""num_regs"": 29, ""preferred_shared_memory_carveout"": -1, ""ptx_version"": 86, ""shared_size_bytes"": 0}, {""binary_version"": 86, ""cache_mode_ca"": 0, ""const_size_bytes"": 0, ""local_size_bytes"": 0, ""max_dynamic_shared_size_bytes"": 44288, ""max_threads_per_block"": 640, ""num_regs"": 90, ""preferred_shared_memory_carveout"": -1, ""ptx_version"": 86, ""shared_size_bytes"": 4864}, {""binary_version"": 86, ""cache_mode_ca"": 0, ""const_size_bytes"": 0, ""local_size_bytes"": 0, ""max_dynamic_shared_size_bytes"": 48880, ""max_threads_per_block"": 1024, ""num_regs"": 56, ""preferred_shared_memory_carveout"": -1, ""ptx_version"": 86, ""shared_size_bytes"": 272}]","[{""backend_wall_s"": 22.757699836976826, ""cities"": 100, ""instances"": 32, ""metrics"": {""audit_local_search"": 0, ""basin_top_q"": 0, ""block_threads"": 256, ""candidate_lanes"": 8, ""chunks"": 1, ""compile_seconds_sum"": 3.6221170062199235, ""d2h_seconds_sum"": 0.00029978714883327484, ""device_count"": 1, ""device_names"": ""NVIDIA RTX A5000"", ""devices"": ""0"", ""driver_free_bytes_before_min"": 24782700544, ""exact_fp64_scoring_seconds"": 0.0031790388748049736, ""gpu_fp32_length_checksum"": 20861.407184123993, ""h2d_seconds_sum"": 0.0018859272822737694, ""kernel_cache_entries_max"": 3, ""kernel_seconds_critical"": 19.0968359375, ""kernel_seconds_sum"": 19.0968359375, ""local_search"": ""none"", ""local_search_candidate_size"": 20, ""local_search_warps_per_block"": 8, ""pool_free_bytes_before_sum"": 261434880, ""precision"": ""fp32"", ""provider"": ""raw_cuda"", ""register_cap"": 0, ""resident_cache_bytes_sum"": 9438520, ""semantic_shards"": 1, ""three_opt_block_threads"": 256, ""workspace_probe_retries"": 0}, ""native_reported_wall_s"": 22.736080554313958, ""seed"": 2026091502, ""tours_executed"": 41984000}]",trace_first_use,completed,9510617d4deb7d7d434dba365d302a848a6f366f1ffd9e4b2cbeeab67c007996,921c39c1b332d428400b12a92bd5e75b4418d9fcf784497e984ccf44312a3ce8,1,10.001274259760976,E2-v2-r1,E2,1,cuda04,GPU-34b223c6-7502-b097-19e0-a411b1708f06,NVIDIA RTX A5000,3e36d7276307c1fca8852ebc053d202c1e1c68713cc11aed1adcdc07745b41aa,793772032.0,2,jobs/E2-v2-r1/result.json
v2,3,1,fp32,False,True,8,100,82,74,32,100,32,500,20,16.7,31,3.31,2368,37888000,18.328230106271803,18.328581953421235,0.0001535322517156601,0.00017141271382570267,0.005554560571908951,0.002215323969721794,3.4284422239288688,1,1,0,"[""c75f7beaa0aa5b5511439a03ef332b70e93da759e7677b0d350914a4d647ec82""]",14.8577724609375,,,0.00185459665954113,0.00029625091701745987,0.0029434124007821083,1,,"[{""binary_version"": 86, ""cache_mode_ca"": 0, ""const_size_bytes"": 0, ""local_size_bytes"": 0, ""max_dynamic_shared_size_bytes"": 49152, ""max_threads_per_block"": 1024, ""num_regs"": 29, ""preferred_shared_memory_carveout"": -1, ""ptx_version"": 86, ""shared_size_bytes"": 0}, {""binary_version"": 86, ""cache_mode_ca"": 0, ""const_size_bytes"": 0, ""local_size_bytes"": 0, ""max_dynamic_shared_size_bytes"": 44288, ""max_threads_per_block"": 768, ""num_regs"": 80, ""preferred_shared_memory_carveout"": -1, ""ptx_version"": 86, ""shared_size_bytes"": 4864}, {""binary_version"": 86, ""cache_mode_ca"": 0, ""const_size_bytes"": 0, ""local_size_bytes"": 0, ""max_dynamic_shared_size_bytes"": 48880, ""max_threads_per_block"": 1024, ""num_regs"": 56, ""preferred_shared_memory_carveout"": -1, ""ptx_version"": 86, ""shared_size_bytes"": 272}]","[{""backend_wall_s"": 18.318291758187115, ""cities"": 100, ""instances"": 32, ""metrics"": {""audit_local_search"": 0, ""basin_top_q"": 0, ""block_threads"": 256, ""candidate_lanes"": 8, ""chunks"": 1, ""compile_seconds_sum"": 3.4284422239288688, ""d2h_seconds_sum"": 0.00029625091701745987, ""device_count"": 1, ""device_names"": ""NVIDIA RTX A5000"", ""devices"": ""0"", ""driver_free_bytes_before_min"": 24503779328, ""exact_fp64_scoring_seconds"": 0.0029434124007821083, ""gpu_fp32_length_checksum"": 18880.944690704346, ""h2d_seconds_sum"": 0.00185459665954113, ""kernel_cache_entries_max"": 4, ""kernel_seconds_critical"": 14.8577724609375, ""kernel_seconds_sum"": 14.8577724609375, ""local_search"": ""none"", ""local_search_candidate_size"": 20, ""local_search_warps_per_block"": 8, ""pool_free_bytes_before_sum"": 532281344, ""precision"": ""fp32"", ""provider"": ""raw_cuda"", ""register_cap"": 0, ""resident_cache_bytes_sum"": 14085176, ""semantic_shards"": 1, ""three_opt_block_threads"": 256, ""workspace_probe_retries"": 0}, ""native_reported_wall_s"": 18.302435831166804, ""seed"": 2026091503, ""tours_executed"": 37888000}]",trace_first_use,completed,0f4b9c12a6b3db85ca24f082b0c6f621ed3ee18ace613a3b9f51a21611fee404,7ca6581956f82b8688e2f276e9ea2e6c96c339029564b1a800e1cf873dcbe7a2,2,10.001274259760976,E2-v2-r1,E2,1,cuda04,GPU-34b223c6-7502-b097-19e0-a411b1708f06,NVIDIA RTX A5000,3e36d7276307c1fca8852ebc053d202c1e1c68713cc11aed1adcdc07745b41aa,793772032.0,2,jobs/E2-v2-r1/result.json
v2,4,1,fp32,False,True,8,100,72,65,32,100,32,500,20,17.09,31,3.5,2080,33280000,16.69402504246682,16.69439151044935,0.0001498255878686905,0.00019183941185474396,0.004828938283026218,0.0016631167382001877,3.451333824545145,1,1,0,"[""a13548df88141d2a9a7ceb1acae63575f17096d0a041422a1078d78733bd09c9""]",13.2017470703125,,,0.0018428768962621689,0.0002812091261148453,0.0026886751875281334,1,,"[{""binary_version"": 86, ""cache_mode_ca"": 0, ""const_size_bytes"": 0, ""local_size_bytes"": 0, ""max_dynamic_shared_size_bytes"": 49152, ""max_threads_per_block"": 1024, ""num_regs"": 29, ""preferred_shared_memory_carveout"": -1, ""ptx_version"": 86, ""shared_size_bytes"": 0}, {""binary_version"": 86, ""cache_mode_ca"": 0, ""const_size_bytes"": 0, ""local_size_bytes"": 0, ""max_dynamic_shared_size_bytes"": 44288, ""max_threads_per_block"": 768, ""num_regs"": 80, ""preferred_shared_memory_carveout"": -1, ""ptx_version"": 86, ""shared_size_bytes"": 4864}, {""binary_version"": 86, ""cache_mode_ca"": 0, ""const_size_bytes"": 0, ""local_size_bytes"": 0, ""max_dynamic_shared_size_bytes"": 48880, ""max_threads_per_block"": 1024, ""num_regs"": 56, ""preferred_shared_memory_carveout"": -1, ""ptx_version"": 86, ""shared_size_bytes"": 272}]","[{""backend_wall_s"": 16.685980431735516, ""cities"": 100, ""instances"": 32, ""metrics"": {""audit_local_search"": 0, ""basin_top_q"": 0, ""block_threads"": 256, ""candidate_lanes"": 8, ""chunks"": 1, ""compile_seconds_sum"": 3.451333824545145, ""d2h_seconds_sum"": 0.0002812091261148453, ""device_count"": 1, ""device_names"": ""NVIDIA RTX A5000"", ""devices"": ""0"", ""driver_free_bytes_before_min"": 24497487872, ""exact_fp64_scoring_seconds"": 0.0026886751875281334, ""gpu_fp32_length_checksum"": 16522.66787004471, ""h2d_seconds_sum"": 0.0018428768962621689, ""kernel_cache_entries_max"": 5, ""kernel_seconds_critical"": 13.2017470703125, ""kernel_seconds_sum"": 13.2017470703125, ""local_search"": ""none"", ""local_search_candidate_size"": 20, ""local_search_warps_per_block"": 8, ""pool_free_bytes_before_sum"": 532283392, ""precision"": ""fp32"", ""provider"": ""raw_cuda"", ""register_cap"": 0, ""resident_cache_bytes_sum"": 18731832, ""semantic_shards"": 1, ""three_opt_block_threads"": 256, ""workspace_probe_retries"": 0}, ""native_reported_wall_s"": 16.67061315383762, ""seed"": 2026091504, ""tours_executed"": 33280000}]",trace_first_use,completed,9dbaf0d9b09eb3c19070bd40061f2fe878e6eae86a0081e60dbae258f3e78462,7c53f09cfe657137158f864fb5d026a1bf2d39a4a4c5f28c33ea206586834d11,3,10.001274259760976,E2-v2-r1,E2,1,cuda04,GPU-34b223c6-7502-b097-19e0-a411b1708f06,NVIDIA RTX A5000,3e36d7276307c1fca8852ebc053d202c1e1c68713cc11aed1adcdc07745b41aa,793772032.0,2,jobs/E2-v2-r1/result.json
v2,5,1,fp32,False,True,8,100,50,47,32,100,32,500,20,13.49,29,3.54,1504,24064000,13.595577244646847,13.595931035466492,0.00015318579971790314,0.00018008891493082047,0.0033156685531139374,0.0019000675529241562,2.8311157478019595,1,1,0,"[""1107742722a6cf56b5108947ebc5ce989b723e51d3413200790831188ec0030d""]",10.727478515625,,,0.0018270881846547127,0.0002567693591117859,0.0021098079159855843,1,,"[{""binary_version"": 86, ""cache_mode_ca"": 0, ""const_size_bytes"": 0, ""local_size_bytes"": 0, ""max_dynamic_shared_size_bytes"": 49152, ""max_threads_per_block"": 1024, ""num_regs"": 29, ""preferred_shared_memory_carveout"": -1, ""ptx_version"": 86, ""shared_size_bytes"": 0}, {""binary_version"": 86, ""cache_mode_ca"": 0, ""const_size_bytes"": 0, ""local_size_bytes"": 0, ""max_dynamic_shared_size_bytes"": 44288, ""max_threads_per_block"": 768, ""num_regs"": 80, ""preferred_shared_memory_carveout"": -1, ""ptx_version"": 86, ""shared_size_bytes"": 4864}, {""binary_version"": 86, ""cache_mode_ca"": 0, ""const_size_bytes"": 0, ""local_size_bytes"": 0, ""max_dynamic_shared_size_bytes"": 48880, ""max_threads_per_block"": 1024, ""num_regs"": 56, ""preferred_shared_memory_carveout"": -1, ""ptx_version"": 86, ""shared_size_bytes"": 272}]","[{""backend_wall_s"": 13.589016428217292, ""cities"": 100, ""instances"": 32, ""metrics"": {""audit_local_search"": 0, ""basin_top_q"": 0, ""block_threads"": 256, ""candidate_lanes"": 8, ""chunks"": 1, ""compile_seconds_sum"": 2.8311157478019595, ""d2h_seconds_sum"": 0.0002567693591117859, ""device_count"": 1, ""device_names"": ""NVIDIA RTX A5000"", ""devices"": ""0"", ""driver_free_bytes_before_min"": 24489099264, ""exact_fp64_scoring_seconds"": 0.0021098079159855843, ""gpu_fp32_length_checksum"": 11986.271143913269, ""h2d_seconds_sum"": 0.0018270881846547127, ""kernel_cache_entries_max"": 6, ""kernel_seconds_critical"": 10.727478515625, ""kernel_seconds_sum"": 10.727478515625, ""local_search"": ""none"", ""local_search_candidate_size"": 20, ""local_search_warps_per_block"": 8, ""pool_free_bytes_before_sum"": 532291072, ""precision"": ""fp32"", ""provider"": ""raw_cuda"", ""register_cap"": 0, ""resident_cache_bytes_sum"": 23378488, ""semantic_shards"": 1, ""three_opt_block_threads"": 256, ""workspace_probe_retries"": 0}, ""native_reported_wall_s"": 13.573286064900458, ""seed"": 2026091505, ""tours_executed"": 24064000}]",trace_first_use,completed,8a4a3b7237823b6373cc0289c47f530a651f4b22f6ec49943dc2644b98150e81,21e02398134ac9cde84a8c90539574b5b05af9584771f2829c597ffc3a52a7bd,4,10.001274259760976,E2-v2-r1,E2,1,cuda04,GPU-34b223c6-7502-b097-19e0-a411b1708f06,NVIDIA RTX A5000,3e36d7276307c1fca8852ebc053d202c1e1c68713cc11aed1adcdc07745b41aa,793772032.0,2,jobs/E2-v2-r1/result.json
v2,1,1,fp32,False,True,8,100,91,79,32,100,32,500,20,12.5,31,2.59,2528,40448000,21.189891702495515,21.190402421168983,0.0002967054024338722,0.00017368420958518982,0.0079716881737113,0.0027119796723127365,3.46057472191751,1,1,0,"[""1eb79d59926856870919fe58a0acb3e97e3a7b3ba8bb0781b74ec613bf8701b9""]",17.681564453125,,,0.00280589796602726,0.0003001922741532326,0.0031270887702703476,1,,"[{""binary_version"": 86, ""cache_mode_ca"": 0, ""const_size_bytes"": 0, ""local_size_bytes"": 0, ""max_dynamic_shared_size_bytes"": 49152, ""max_threads_per_block"": 1024, ""num_regs"": 29, ""preferred_shared_memory_carveout"": -1, ""ptx_version"": 86, ""shared_size_bytes"": 0}, {""binary_version"": 86, ""cache_mode_ca"": 0, ""const_size_bytes"": 0, ""local_size_bytes"": 0, ""max_dynamic_shared_size_bytes"": 44288, ""max_threads_per_block"": 640, ""num_regs"": 92, ""preferred_shared_memory_carveout"": -1, ""ptx_version"": 86, ""shared_size_bytes"": 4864}, {""binary_version"": 86, ""cache_mode_ca"": 0, ""const_size_bytes"": 0, ""local_size_bytes"": 0, ""max_dynamic_shared_size_bytes"": 48880, ""max_threads_per_block"": 1024, ""num_regs"": 56, ""preferred_shared_memory_carveout"": -1, ""ptx_version"": 86, ""shared_size_bytes"": 272}]","[{""backend_wall_s"": 21.176292973570526, ""cities"": 100, ""instances"": 32, ""metrics"": {""audit_local_search"": 0, ""basin_top_q"": 0, ""block_threads"": 256, ""candidate_lanes"": 8, ""chunks"": 1, ""compile_seconds_sum"": 3.46057472191751, ""d2h_seconds_sum"": 0.0003001922741532326, ""device_count"": 1, ""device_names"": ""NVIDIA RTX A5000"", ""devices"": ""0"", ""driver_free_bytes_before_min"": 25051136000, ""exact_fp64_scoring_seconds"": 0.0031270887702703476, ""gpu_fp32_length_checksum"": 20113.912000656128, ""h2d_seconds_sum"": 0.00280589796602726, ""kernel_cache_entries_max"": 2, ""kernel_seconds_critical"": 17.681564453125, ""kernel_seconds_sum"": 17.681564453125, ""local_search"": ""none"", ""local_search_candidate_size"": 20, ""local_search_warps_per_block"": 8, ""pool_free_bytes_before_sum"": 90112, ""precision"": ""fp32"", ""provider"": ""raw_cuda"", ""register_cap"": 0, ""resident_cache_bytes_sum"": 4791864, ""semantic_shards"": 1, ""three_opt_block_threads"": 256, ""workspace_probe_retries"": 0}, ""native_reported_wall_s"": 21.159397141076624, ""seed"": 2026091501, ""tours_executed"": 40448000}]",trace_first_use,completed,67a4a28613615f713b53fa7002caa5b9001c2b6bb4a62ff2e57efdb94297de11,d72f5b9a9e19e14624a243c661214fa54f2f818cbe56fe6a5cc869f58ee8adfc,0,8.719383335672319,E2-v2-r2,E2,2,cuda04,GPU-34b223c6-7502-b097-19e0-a411b1708f06,NVIDIA RTX A5000,3e36d7276307c1fca8852ebc053d202c1e1c68713cc11aed1adcdc07745b41aa,793772032.0,2,jobs/E2-v2-r2/result.json
v2,2,1,fp32,False,True,8,100,87,82,32,100,32,500,20,16.38,31,3.18,2624,41984000,22.90093901846558,22.901627829298377,0.0004435889422893524,0.00019932538270950317,0.013594811782240868,0.005747328512370586,3.6506193252280354,1,1,0,"[""2a6a2e3208e0bb017e7d258d33c900d12182b9a15fa4b74543af5be3e9a7b90a""]",19.17003125,,,0.0019566453993320465,0.00030672550201416016,0.0032173385843634605,1,,"[{""binary_version"": 86, ""cache_mode_ca"": 0, ""const_size_bytes"": 0, ""local_size_bytes"": 0, ""max_dynamic_shared_size_bytes"": 49152, ""max_threads_per_block"": 1024, ""num_regs"": 29, ""preferred_shared_memory_carveout"": -1, ""ptx_version"": 86, ""shared_size_bytes"": 0}, {""binary_version"": 86, ""cache_mode_ca"": 0, ""const_size_bytes"": 0, ""local_size_bytes"": 0, ""max_dynamic_shared_size_bytes"": 44288, ""max_threads_per_block"": 640, ""num_regs"": 90, ""preferred_shared_memory_carveout"": -1, ""ptx_version"": 86, ""shared_size_bytes"": 4864}, {""binary_version"": 86, ""cache_mode_ca"": 0, ""const_size_bytes"": 0, ""local_size_bytes"": 0, ""max_dynamic_shared_size_bytes"": 48880, ""max_threads_per_block"": 1024, ""num_regs"": 56, ""preferred_shared_memory_carveout"": -1, ""ptx_version"": 86, ""shared_size_bytes"": 272}]","[{""backend_wall_s"": 22.880048697814345, ""cities"": 100, ""instances"": 32, ""metrics"": {""audit_local_search"": 0, ""basin_top_q"": 0, ""block_threads"": 256, ""candidate_lanes"": 8, ""chunks"": 1, ""compile_seconds_sum"": 3.6506193252280354, ""d2h_seconds_sum"": 0.00030672550201416016, ""device_count"": 1, ""device_names"": ""NVIDIA RTX A5000"", ""devices"": ""0"", ""driver_free_bytes_before_min"": 24782700544, ""exact_fp64_scoring_seconds"": 0.0032173385843634605, ""gpu_fp32_length_checksum"": 20861.407184123993, ""h2d_seconds_sum"": 0.0019566453993320465, ""kernel_cache_entries_max"": 3, ""kernel_seconds_critical"": 19.17003125, ""kernel_seconds_sum"": 19.17003125, ""local_search"": ""none"", ""local_search_candidate_size"": 20, ""local_search_warps_per_block"": 8, ""pool_free_bytes_before_sum"": 261434880, ""precision"": ""fp32"", ""provider"": ""raw_cuda"", ""register_cap"": 0, ""resident_cache_bytes_sum"": 9438520, ""semantic_shards"": 1, ""three_opt_block_threads"": 256, ""workspace_probe_retries"": 0}, ""native_reported_wall_s"": 22.857296594418585, ""seed"": 2026091502, ""tours_executed"": 41984000}]",trace_first_use,completed,9510617d4deb7d7d434dba365d302a848a6f366f1ffd9e4b2cbeeab67c007996,921c39c1b332d428400b12a92bd5e75b4418d9fcf784497e984ccf44312a3ce8,1,8.719383335672319,E2-v2-r2,E2,2,cuda04,GPU-34b223c6-7502-b097-19e0-a411b1708f06,NVIDIA RTX A5000,3e36d7276307c1fca8852ebc053d202c1e1c68713cc11aed1adcdc07745b41aa,793772032.0,2,jobs/E2-v2-r2/result.json
v2,3,1,fp32,False,True,8,100,82,74,32,100,32,500,20,16.7,31,3.31,2368,37888000,18.469691461883485,18.47036482114345,0.0004602773115038872,0.00017488189041614532,0.011852151714265347,0.005810456350445747,3.455047064460814,1,1,0,"[""c75f7beaa0aa5b5511439a03ef332b70e93da759e7677b0d350914a4d647ec82""]",14.9450966796875,,,0.0019699446856975555,0.00030557718127965927,0.003003106452524662,1,,"[{""binary_version"": 86, ""cache_mode_ca"": 0, ""const_size_bytes"": 0, ""local_size_bytes"": 0, ""max_dynamic_shared_size_bytes"": 49152, ""max_threads_per_block"": 1024, ""num_regs"": 29, ""preferred_shared_memory_carveout"": -1, ""ptx_version"": 86, ""shared_size_bytes"": 0}, {""binary_version"": 86, ""cache_mode_ca"": 0, ""const_size_bytes"": 0, ""local_size_bytes"": 0, ""max_dynamic_shared_size_bytes"": 44288, ""max_threads_per_block"": 768, ""num_regs"": 80, ""preferred_shared_memory_carveout"": -1, ""ptx_version"": 86, ""shared_size_bytes"": 4864}, {""binary_version"": 86, ""cache_mode_ca"": 0, ""const_size_bytes"": 0, ""local_size_bytes"": 0, ""max_dynamic_shared_size_bytes"": 48880, ""max_threads_per_block"": 1024, ""num_regs"": 56, ""preferred_shared_memory_carveout"": -1, ""ptx_version"": 86, ""shared_size_bytes"": 272}]","[{""backend_wall_s"": 18.450046938844025, ""cities"": 100, ""instances"": 32, ""metrics"": {""audit_local_search"": 0, ""basin_top_q"": 0, ""block_threads"": 256, ""candidate_lanes"": 8, ""chunks"": 1, ""compile_seconds_sum"": 3.455047064460814, ""d2h_seconds_sum"": 0.00030557718127965927, ""device_count"": 1, ""device_names"": ""NVIDIA RTX A5000"", ""devices"": ""0"", ""driver_free_bytes_before_min"": 24503779328, ""exact_fp64_scoring_seconds"": 0.003003106452524662, ""gpu_fp32_length_checksum"": 18880.944690704346, ""h2d_seconds_sum"": 0.0019699446856975555, ""kernel_cache_entries_max"": 4, ""kernel_seconds_critical"": 14.9450966796875, ""kernel_seconds_sum"": 14.9450966796875, ""local_search"": ""none"", ""local_search_candidate_size"": 20, ""local_search_warps_per_block"": 8, ""pool_free_bytes_before_sum"": 532281344, ""precision"": ""fp32"", ""provider"": ""raw_cuda"", ""register_cap"": 0, ""resident_cache_bytes_sum"": 14085176, ""semantic_shards"": 1, ""three_opt_block_threads"": 256, ""workspace_probe_retries"": 0}, ""native_reported_wall_s"": 18.42776687629521, ""seed"": 2026091503, ""tours_executed"": 37888000}]",trace_first_use,completed,0f4b9c12a6b3db85ca24f082b0c6f621ed3ee18ace613a3b9f51a21611fee404,7ca6581956f82b8688e2f276e9ea2e6c96c339029564b1a800e1cf873dcbe7a2,2,8.719383335672319,E2-v2-r2,E2,2,cuda04,GPU-34b223c6-7502-b097-19e0-a411b1708f06,NVIDIA RTX A5000,3e36d7276307c1fca8852ebc053d202c1e1c68713cc11aed1adcdc07745b41aa,793772032.0,2,jobs/E2-v2-r2/result.json
v2,4,1,fp32,False,True,8,100,72,65,32,100,32,500,20,17.09,31,3.5,2080,33280000,16.782956854440272,16.783590115606785,0.0004009287804365158,0.00019691698253154755,0.012468373402953148,0.005414384417235851,3.4468374298885465,1,1,0,"[""a13548df88141d2a9a7ceb1acae63575f17096d0a041422a1078d78733bd09c9""]",13.27606640625,,,0.0019326871261000633,0.0002758027985692024,0.0027037905529141426,1,,"[{""binary_version"": 86, ""cache_mode_ca"": 0, ""const_size_bytes"": 0, ""local_size_bytes"": 0, ""max_dynamic_shared_size_bytes"": 49152, ""max_threads_per_block"": 1024, ""num_regs"": 29, ""preferred_shared_memory_carveout"": -1, ""ptx_version"": 86, ""shared_size_bytes"": 0}, {""binary_version"": 86, ""cache_mode_ca"": 0, ""const_size_bytes"": 0, ""local_size_bytes"": 0, ""max_dynamic_shared_size_bytes"": 44288, ""max_threads_per_block"": 768, ""num_regs"": 80, ""preferred_shared_memory_carveout"": -1, ""ptx_version"": 86, ""shared_size_bytes"": 4864}, {""binary_version"": 86, ""cache_mode_ca"": 0, ""const_size_bytes"": 0, ""local_size_bytes"": 0, ""max_dynamic_shared_size_bytes"": 48880, ""max_threads_per_block"": 1024, ""num_regs"": 56, ""preferred_shared_memory_carveout"": -1, ""ptx_version"": 86, ""shared_size_bytes"": 272}]","[{""backend_wall_s"": 16.76363213080913, ""cities"": 100, ""instances"": 32, ""metrics"": {""audit_local_search"": 0, ""basin_top_q"": 0, ""block_threads"": 256, ""candidate_lanes"": 8, ""chunks"": 1, ""compile_seconds_sum"": 3.4468374298885465, ""d2h_seconds_sum"": 0.0002758027985692024, ""device_count"": 1, ""device_names"": ""NVIDIA RTX A5000"", ""devices"": ""0"", ""driver_free_bytes_before_min"": 24497487872, ""exact_fp64_scoring_seconds"": 0.0027037905529141426, ""gpu_fp32_length_checksum"": 16522.66787004471, ""h2d_seconds_sum"": 0.0019326871261000633, ""kernel_cache_entries_max"": 5, ""kernel_seconds_critical"": 13.27606640625, ""kernel_seconds_sum"": 13.27606640625, ""local_search"": ""none"", ""local_search_candidate_size"": 20, ""local_search_warps_per_block"": 8, ""pool_free_bytes_before_sum"": 532283392, ""precision"": ""fp32"", ""provider"": ""raw_cuda"", ""register_cap"": 0, ""resident_cache_bytes_sum"": 18731832, ""semantic_shards"": 1, ""three_opt_block_threads"": 256, ""workspace_probe_retries"": 0}, ""native_reported_wall_s"": 16.74065800383687, ""seed"": 2026091504, ""tours_executed"": 33280000}]",trace_first_use,completed,9dbaf0d9b09eb3c19070bd40061f2fe878e6eae86a0081e60dbae258f3e78462,7c53f09cfe657137158f864fb5d026a1bf2d39a4a4c5f28c33ea206586834d11,3,8.719383335672319,E2-v2-r2,E2,2,cuda04,GPU-34b223c6-7502-b097-19e0-a411b1708f06,NVIDIA RTX A5000,3e36d7276307c1fca8852ebc053d202c1e1c68713cc11aed1adcdc07745b41aa,793772032.0,2,jobs/E2-v2-r2/result.json
v2,5,1,fp32,False,True,8,100,50,47,32,100,32,500,20,13.49,29,3.54,1504,24064000,13.713743860833347,13.714313774369657,0.0003640260547399521,0.00017957855015993118,0.006602429784834385,0.004055272787809372,2.8421974973753095,1,1,0,"[""1107742722a6cf56b5108947ebc5ce989b723e51d3413200790831188ec0030d""]",10.820546875,,,0.0018830569460988045,0.0002620704472064972,0.0021171513944864273,1,,"[{""binary_version"": 86, ""cache_mode_ca"": 0, ""const_size_bytes"": 0, ""local_size_bytes"": 0, ""max_dynamic_shared_size_bytes"": 49152, ""max_threads_per_block"": 1024, ""num_regs"": 29, ""preferred_shared_memory_carveout"": -1, ""ptx_version"": 86, ""shared_size_bytes"": 0}, {""binary_version"": 86, ""cache_mode_ca"": 0, ""const_size_bytes"": 0, ""local_size_bytes"": 0, ""max_dynamic_shared_size_bytes"": 44288, ""max_threads_per_block"": 768, ""num_regs"": 80, ""preferred_shared_memory_carveout"": -1, ""ptx_version"": 86, ""shared_size_bytes"": 4864}, {""binary_version"": 86, ""cache_mode_ca"": 0, ""const_size_bytes"": 0, ""local_size_bytes"": 0, ""max_dynamic_shared_size_bytes"": 48880, ""max_threads_per_block"": 1024, ""num_regs"": 56, ""preferred_shared_memory_carveout"": -1, ""ptx_version"": 86, ""shared_size_bytes"": 272}]","[{""backend_wall_s"": 13.701737050898373, ""cities"": 100, ""instances"": 32, ""metrics"": {""audit_local_search"": 0, ""basin_top_q"": 0, ""block_threads"": 256, ""candidate_lanes"": 8, ""chunks"": 1, ""compile_seconds_sum"": 2.8421974973753095, ""d2h_seconds_sum"": 0.0002620704472064972, ""device_count"": 1, ""device_names"": ""NVIDIA RTX A5000"", ""devices"": ""0"", ""driver_free_bytes_before_min"": 24489099264, ""exact_fp64_scoring_seconds"": 0.0021171513944864273, ""gpu_fp32_length_checksum"": 11986.271143913269, ""h2d_seconds_sum"": 0.0018830569460988045, ""kernel_cache_entries_max"": 6, ""kernel_seconds_critical"": 10.820546875, ""kernel_seconds_sum"": 10.820546875, ""local_search"": ""none"", ""local_search_candidate_size"": 20, ""local_search_warps_per_block"": 8, ""pool_free_bytes_before_sum"": 532291072, ""precision"": ""fp32"", ""provider"": ""raw_cuda"", ""register_cap"": 0, ""resident_cache_bytes_sum"": 23378488, ""semantic_shards"": 1, ""three_opt_block_threads"": 256, ""workspace_probe_retries"": 0}, ""native_reported_wall_s"": 13.67804420273751, ""seed"": 2026091505, ""tours_executed"": 24064000}]",trace_first_use,completed,8a4a3b7237823b6373cc0289c47f530a651f4b22f6ec49943dc2644b98150e81,21e02398134ac9cde84a8c90539574b5b05af9584771f2829c597ffc3a52a7bd,4,8.719383335672319,E2-v2-r2,E2,2,cuda04,GPU-34b223c6-7502-b097-19e0-a411b1708f06,NVIDIA RTX A5000,3e36d7276307c1fca8852ebc053d202c1e1c68713cc11aed1adcdc07745b41aa,793772032.0,2,jobs/E2-v2-r2/result.json
cpu8,3,8,fp64,False,False,,1,1,1,32,100,32,500,20,6.0,6,3.0,32,512000,5.927900846116245,5.92832463607192,0.00037182215601205826,2.138689160346985e-05,0.00010043615475296974,7.260497659444809e-05,0.0,0,0,0,[],,,5.857742581050843,,,,1,,[],"[{""backend_wall_s"": 5.862779317889363, ""cities"": 100, ""instances"": 32, ""metrics"": {""audit_local_search"": 0, ""basin_top_q"": 0}, ""native_reported_wall_s"": 5.857742581050843, ""seed"": 2026091503, ""tours_executed"": 512000}]",trace_first_use,completed,badd2bc4f059a7d54bae9a527d20ae8f31ba6452814dc53b0c27c607b759c6f4,3c5fd0e0fa58d2f2b44a88df7941ce8801a6eabbecead694a1480e2bd157ee7e,0,45.036669716006145,E4-p1-n100-cpu8-r0,E4,0,cuda02,GPU-b78cc880-5f61-6e66-d09c-e91cbe6e94a0,,3e36d7276307c1fca8852ebc053d202c1e1c68713cc11aed1adcdc07745b41aa,,2,jobs/E4-p1-n100-cpu8-r0/result.json
cpu8,3,8,fp64,False,False,,1,1,1,32,100,32,500,20,6.0,6,3.0,32,512000,5.921804197132587,5.92210319894366,0.0002642630133777857,1.605716533958912e-05,7.369508966803551e-05,5.843094550073147e-05,0.0,0,0,0,[],,,5.917319596977904,,,,1,,[],"[{""backend_wall_s"": 5.920492328936234, ""cities"": 100, ""instances"": 32, ""metrics"": {""audit_local_search"": 0, ""basin_top_q"": 0}, ""native_reported_wall_s"": 5.917319596977904, ""seed"": 2026091503, ""tours_executed"": 512000}]",trace_first_use,completed,badd2bc4f059a7d54bae9a527d20ae8f31ba6452814dc53b0c27c607b759c6f4,3c5fd0e0fa58d2f2b44a88df7941ce8801a6eabbecead694a1480e2bd157ee7e,0,43.68177224416286,E4-p1-n100-cpu8-r1,E4,1,cuda02,GPU-b78cc880-5f61-6e66-d09c-e91cbe6e94a0,,3e36d7276307c1fca8852ebc053d202c1e1c68713cc11aed1adcdc07745b41aa,,2,jobs/E4-p1-n100-cpu8-r1/result.json
cpu8,3,8,fp64,False,False,,1,1,1,32,100,32,500,20,6.0,6,3.0,32,512000,5.852726471144706,5.852977002970874,0.00021873717196285725,1.3122102245688438e-05,7.257889956235886e-05,4.9838097766041756e-05,0.0,0,0,0,[],,,5.848506033187732,,,,1,,[],"[{""backend_wall_s"": 5.851643510861322, ""cities"": 100, ""instances"": 32, ""metrics"": {""audit_local_search"": 0, ""basin_top_q"": 0}, ""native_reported_wall_s"": 5.848506033187732, ""seed"": 2026091503, ""tours_executed"": 512000}]",trace_first_use,completed,badd2bc4f059a7d54bae9a527d20ae8f31ba6452814dc53b0c27c607b759c6f4,3c5fd0e0fa58d2f2b44a88df7941ce8801a6eabbecead694a1480e2bd157ee7e,0,42.50633358000778,E4-p1-n100-cpu8-r2,E4,2,cuda02,GPU-b78cc880-5f61-6e66-d09c-e91cbe6e94a0,,3e36d7276307c1fca8852ebc053d202c1e1c68713cc11aed1adcdc07745b41aa,,2,jobs/E4-p1-n100-cpu8-r2/result.json
v2,3,1,fp32,False,True,8,1,1,1,32,100,32,500,20,6.0,6,3.0,32,512000,2.496645038947463,2.496909379027784,0.00023348210379481316,1.413002610206604e-05,0.00015542004257440567,5.166791379451752e-05,1.8055553219746798,1,1,0,"[""4493a31c42a325028de8e8eaa9d760bf6c76d94ec05dd3532df22c53160a1254""]",0.6623311767578125,,,0.0026976708322763443,0.00017556012608110905,0.0003774052020162344,1,,"[{""binary_version"": 86, ""cache_mode_ca"": 0, ""const_size_bytes"": 0, ""local_size_bytes"": 0, ""max_dynamic_shared_size_bytes"": 49152, ""max_threads_per_block"": 1024, ""num_regs"": 29, ""preferred_shared_memory_carveout"": -1, ""ptx_version"": 86, ""shared_size_bytes"": 0}, {""binary_version"": 86, ""cache_mode_ca"": 0, ""const_size_bytes"": 0, ""local_size_bytes"": 0, ""max_dynamic_shared_size_bytes"": 44288, ""max_threads_per_block"": 1024, ""num_regs"": 63, ""preferred_shared_memory_carveout"": -1, ""ptx_version"": 86, ""shared_size_bytes"": 4864}, {""binary_version"": 86, ""cache_mode_ca"": 0, ""const_size_bytes"": 0, ""local_size_bytes"": 0, ""max_dynamic_shared_size_bytes"": 48880, ""max_threads_per_block"": 1024, ""num_regs"": 48, ""preferred_shared_memory_carveout"": -1, ""ptx_version"": 86, ""shared_size_bytes"": 272}]","[{""backend_wall_s"": 2.4956701090559363, ""cities"": 100, ""instances"": 32, ""metrics"": {""audit_local_search"": 0, ""basin_top_q"": 0, ""block_threads"": 256, ""candidate_lanes"": 8, ""chunks"": 1, ""compile_seconds_sum"": 1.8055553219746798, ""d2h_seconds_sum"": 0.00017556012608110905, ""device_count"": 1, ""device_names"": ""NVIDIA RTX A5000"", ""devices"": ""0"", ""driver_free_bytes_before_min"": 25049038848, ""exact_fp64_scoring_seconds"": 0.0003774052020162344, ""gpu_fp32_length_checksum"": 255.2519965171814, ""h2d_seconds_sum"": 0.0026976708322763443, ""kernel_cache_entries_max"": 2, ""kernel_seconds_critical"": 0.6623311767578125, ""kernel_seconds_sum"": 0.6623311767578125, ""local_search"": ""none"", ""local_search_candidate_size"": 20, ""local_search_warps_per_block"": 8, ""pool_free_bytes_before_sum"": 120320, ""precision"": ""fp32"", ""provider"": ""raw_cuda"", ""register_cap"": 0, ""resident_cache_bytes_sum"": 4791864, ""semantic_shards"": 1, ""three_opt_block_threads"": 256, ""workspace_probe_retries"": 0}, ""native_reported_wall_s"": 2.479130801046267, ""seed"": 2026091503, ""tours_executed"": 512000}]",trace_first_use,completed,e8ba2bedf4893a875bceb382052461e122694b15d51d0e53751df2cf483c12a8,3c5fd0e0fa58d2f2b44a88df7941ce8801a6eabbecead694a1480e2bd157ee7e,0,7.270099432906136,E4-p1-n100-v2-r0,E4,0,cuda02,GPU-b78cc880-5f61-6e66-d09c-e91cbe6e94a0,NVIDIA RTX A5000,3e36d7276307c1fca8852ebc053d202c1e1c68713cc11aed1adcdc07745b41aa,235929600.0,2,jobs/E4-p1-n100-v2-r0/result.json
v2,3,1,fp32,False,True,8,1,1,1,32,100,32,500,20,6.0,6,3.0,32,512000,2.5151330071967095,2.5154109590221196,0.0002499110996723175,1.2425938621163368e-05,0.00015717395581305027,5.372706800699234e-05,1.815788270905614,1,1,0,"[""4493a31c42a325028de8e8eaa9d760bf6c76d94ec05dd3532df22c53160a1254""]",0.670118896484375,,,0.002698335098102689,0.00018285587430000305,0.0003856190014630556,1,,"[{""binary_version"": 86, ""cache_mode_ca"": 0, ""const_size_bytes"": 0, ""local_size_bytes"": 0, ""max_dynamic_shared_size_bytes"": 49152, ""max_threads_per_block"": 1024, ""num_regs"": 29, ""preferred_shared_memory_carveout"": -1, ""ptx_version"": 86, ""shared_size_bytes"": 0}, {""binary_version"": 86, ""cache_mode_ca"": 0, ""const_size_bytes"": 0, ""local_size_bytes"": 0, ""max_dynamic_shared_size_bytes"": 44288, ""max_threads_per_block"": 1024, ""num_regs"": 63, ""preferred_shared_memory_carveout"": -1, ""ptx_version"": 86, ""shared_size_bytes"": 4864}, {""binary_version"": 86, ""cache_mode_ca"": 0, ""const_size_bytes"": 0, ""local_size_bytes"": 0, ""max_dynamic_shared_size_bytes"": 48880, ""max_threads_per_block"": 1024, ""num_regs"": 48, ""preferred_shared_memory_carveout"": -1, ""ptx_version"": 86, ""shared_size_bytes"": 272}]","[{""backend_wall_s"": 2.5141514830756932, ""cities"": 100, ""instances"": 32, ""metrics"": {""audit_local_search"": 0, ""basin_top_q"": 0, ""block_threads"": 256, ""candidate_lanes"": 8, ""chunks"": 1, ""compile_seconds_sum"": 1.815788270905614, ""d2h_seconds_sum"": 0.00018285587430000305, ""device_count"": 1, ""device_names"": ""NVIDIA RTX A5000"", ""devices"": ""0"", ""driver_free_bytes_before_min"": 25049038848, ""exact_fp64_scoring_seconds"": 0.0003856190014630556, ""gpu_fp32_length_checksum"": 255.2519965171814, ""h2d_seconds_sum"": 0.002698335098102689, ""kernel_cache_entries_max"": 2, ""kernel_seconds_critical"": 0.670118896484375, ""kernel_seconds_sum"": 0.670118896484375, ""local_search"": ""none"", ""local_search_candidate_size"": 20, ""local_search_warps_per_block"": 8, ""pool_free_bytes_before_sum"": 120320, ""precision"": ""fp32"", ""provider"": ""raw_cuda"", ""register_cap"": 0, ""resident_cache_bytes_sum"": 4791864, ""semantic_shards"": 1, ""three_opt_block_threads"": 256, ""workspace_probe_retries"": 0}, ""native_reported_wall_s"": 2.4975366860162467, ""seed"": 2026091503, ""tours_executed"": 512000}]",trace_first_use,completed,e8ba2bedf4893a875bceb382052461e122694b15d51d0e53751df2cf483c12a8,3c5fd0e0fa58d2f2b44a88df7941ce8801a6eabbecead694a1480e2bd157ee7e,0,6.471113974926993,E4-p1-n100-v2-r1,E4,1,cuda02,GPU-b78cc880-5f61-6e66-d09c-e91cbe6e94a0,NVIDIA RTX A5000,3e36d7276307c1fca8852ebc053d202c1e1c68713cc11aed1adcdc07745b41aa,235929600.0,2,jobs/E4-p1-n100-v2-r1/result.json
v2,3,1,fp32,False,True,8,1,1,1,32,100,32,500,20,6.0,6,3.0,32,512000,2.571471123257652,2.5716989869251847,0.00020031514577567577,1.2618955224752426e-05,0.00014755013398826122,4.410720430314541e-05,1.8662824160419405,1,1,0,"[""4493a31c42a325028de8e8eaa9d760bf6c76d94ec05dd3532df22c53160a1254""]",0.6772366333007812,,,0.0028946499805897474,0.000191607978194952,0.00038828887045383453,1,,"[{""binary_version"": 86, ""cache_mode_ca"": 0, ""const_size_bytes"": 0, ""local_size_bytes"": 0, ""max_dynamic_shared_size_bytes"": 49152, ""max_threads_per_block"": 1024, ""num_regs"": 29, ""preferred_shared_memory_carveout"": -1, ""ptx_version"": 86, ""shared_size_bytes"": 0}, {""binary_version"": 86, ""cache_mode_ca"": 0, ""const_size_bytes"": 0, ""local_size_bytes"": 0, ""max_dynamic_shared_size_bytes"": 44288, ""max_threads_per_block"": 1024, ""num_regs"": 63, ""preferred_shared_memory_carveout"": -1, ""ptx_version"": 86, ""shared_size_bytes"": 4864}, {""binary_version"": 86, ""cache_mode_ca"": 0, ""const_size_bytes"": 0, ""local_size_bytes"": 0, ""max_dynamic_shared_size_bytes"": 48880, ""max_threads_per_block"": 1024, ""num_regs"": 48, ""preferred_shared_memory_carveout"": -1, ""ptx_version"": 86, ""shared_size_bytes"": 272}]","[{""backend_wall_s"": 2.57051516789943, ""cities"": 100, ""instances"": 32, ""metrics"": {""audit_local_search"": 0, ""basin_top_q"": 0, ""block_threads"": 256, ""candidate_lanes"": 8, ""chunks"": 1, ""compile_seconds_sum"": 1.8662824160419405, ""d2h_seconds_sum"": 0.000191607978194952, ""device_count"": 1, ""device_names"": ""NVIDIA RTX A5000"", ""devices"": ""0"", ""driver_free_bytes_before_min"": 25049038848, ""exact_fp64_scoring_seconds"": 0.00038828887045383453, ""gpu_fp32_length_checksum"": 255.2519965171814, ""h2d_seconds_sum"": 0.0028946499805897474, ""kernel_cache_entries_max"": 2, ""kernel_seconds_critical"": 0.6772366333007812, ""kernel_seconds_sum"": 0.6772366333007812, ""local_search"": ""none"", ""local_search_candidate_size"": 20, ""local_search_warps_per_block"": 8, ""pool_free_bytes_before_sum"": 120320, ""precision"": ""fp32"", ""provider"": ""raw_cuda"", ""register_cap"": 0, ""resident_cache_bytes_sum"": 4791864, ""semantic_shards"": 1, ""three_opt_block_threads"": 256, ""workspace_probe_retries"": 0}, ""native_reported_wall_s"": 2.5552282829303294, ""seed"": 2026091503, ""tours_executed"": 512000}]",trace_first_use,completed,e8ba2bedf4893a875bceb382052461e122694b15d51d0e53751df2cf483c12a8,3c5fd0e0fa58d2f2b44a88df7941ce8801a6eabbecead694a1480e2bd157ee7e,0,6.986898228991777,E4-p1-n100-v2-r2,E4,2,cuda02,GPU-b78cc880-5f61-6e66-d09c-e91cbe6e94a0,NVIDIA RTX A5000,3e36d7276307c1fca8852ebc053d202c1e1c68713cc11aed1adcdc07745b41aa,235929600.0,2,jobs/E4-p1-n100-v2-r2/result.json
cpu8,3,8,fp64,False,False,,100,100,100,32,100,32,500,20,16.8,31,3.23,3200,51200000,636.445504533127,636.4461924659554,0.0004232057835906744,0.00021506985649466515,0.019028387032449245,0.005050611915066838,0.0,0,0,0,[],,,636.4005249850452,,,,1,,[],"[{""backend_wall_s"": 636.4159836070612, ""cities"": 100, ""instances"": 32, ""metrics"": {""audit_local_search"": 0, ""basin_top_q"": 0}, ""native_reported_wall_s"": 636.4005249850452, ""seed"": 2026091503, ""tours_executed"": 51200000}]",trace_first_use,completed,72e930d858a269fc06b26b6e6bd7fdd56af37406d889643c6994bdedef807dfd,9a90809d4f7458893344d73f92b7adc1a176c13bb42f115972601c5ed8bcd2ab,0,42.10863696690649,E4-p100-n100-cpu8-r0,E4,0,cuda02,GPU-b78cc880-5f61-6e66-d09c-e91cbe6e94a0,,3e36d7276307c1fca8852ebc053d202c1e1c68713cc11aed1adcdc07745b41aa,,2,jobs/E4-p100-n100-cpu8-r0/result.json
cpu8,3,8,fp64,False,False,,100,100,100,32,100,32,500,20,16.8,31,3.23,3200,51200000,538.0717609322164,538.0723186510149,0.0003264711704105139,0.0001884100493043661,0.014747863868251443,0.005432690028101206,0.0,0,0,0,[],,,538.0346893819515,,,,1,,[],"[{""backend_wall_s"": 538.0468676260207, ""cities"": 100, ""instances"": 32, ""metrics"": {""audit_local_search"": 0, ""basin_top_q"": 0}, ""native_reported_wall_s"": 538.0346893819515, ""seed"": 2026091503, ""tours_executed"": 51200000}]",trace_first_use,completed,72e930d858a269fc06b26b6e6bd7fdd56af37406d889643c6994bdedef807dfd,9a90809d4f7458893344d73f92b7adc1a176c13bb42f115972601c5ed8bcd2ab,0,42.41082171211019,E4-p100-n100-cpu8-r1,E4,1,cuda02,GPU-b78cc880-5f61-6e66-d09c-e91cbe6e94a0,,3e36d7276307c1fca8852ebc053d202c1e1c68713cc11aed1adcdc07745b41aa,,2,jobs/E4-p100-n100-cpu8-r1/result.json
cpu8,3,8,fp64,False,False,,100,100,100,32,100,32,500,20,16.8,31,3.23,3200,51200000,567.2491612727754,567.2498758798465,0.00047434098087251186,0.00019172905012965202,0.013884345069527626,0.005915338872000575,0.0,0,0,0,[],,,567.2066042639781,,,,1,,[],"[{""backend_wall_s"": 567.2236854720395, ""cities"": 100, ""instances"": 32, ""metrics"": {""audit_local_search"": 0, ""basin_top_q"": 0}, ""native_reported_wall_s"": 567.2066042639781, ""seed"": 2026091503, ""tours_executed"": 51200000}]",trace_first_use,completed,72e930d858a269fc06b26b6e6bd7fdd56af37406d889643c6994bdedef807dfd,9a90809d4f7458893344d73f92b7adc1a176c13bb42f115972601c5ed8bcd2ab,0,42.21103620622307,E4-p100-n100-cpu8-r2,E4,2,cuda02,GPU-b78cc880-5f61-6e66-d09c-e91cbe6e94a0,,3e36d7276307c1fca8852ebc053d202c1e1c68713cc11aed1adcdc07745b41aa,,2,jobs/E4-p100-n100-cpu8-r2/result.json
cpu8,3,8,fp64,False,False,,100,100,100,32,100,32,500,20,16.8,31,3.23,3200,51200000,587.6172629990615,587.6179129029624,0.0002420011442154646,0.00035054096952080727,0.008361440850421786,0.002640913939103484,0.0,0,0,0,[],,,587.587266425835,,,,1,,[],"[{""backend_wall_s"": 587.5924852651078, ""cities"": 100, ""instances"": 32, ""metrics"": {""audit_local_search"": 0, ""basin_top_q"": 0}, ""native_reported_wall_s"": 587.587266425835, ""seed"": 2026091503, ""tours_executed"": 51200000}]",trace_first_use,completed,72e930d858a269fc06b26b6e6bd7fdd56af37406d889643c6994bdedef807dfd,9a90809d4f7458893344d73f92b7adc1a176c13bb42f115972601c5ed8bcd2ab,0,41.29594367998652,E4-p100-n100-cpu8-r3,E4,3,cuda02,GPU-b78cc880-5f61-6e66-d09c-e91cbe6e94a0,,3e36d7276307c1fca8852ebc053d202c1e1c68713cc11aed1adcdc07745b41aa,,2,jobs/E4-p100-n100-cpu8-r3/result.json
cpu8,3,8,fp64,False,False,,100,100,100,32,100,32,500,20,16.8,31,3.23,3200,51200000,556.3035180729348,556.3042572960258,0.0004899341147392988,0.0002006061840802431,0.015283110085874796,0.005864827893674374,0.0,0,0,0,[],,,556.2656635441817,,,,1,,[],"[{""backend_wall_s"": 556.2775823699776, ""cities"": 100, ""instances"": 32, ""metrics"": {""audit_local_search"": 0, ""basin_top_q"": 0}, ""native_reported_wall_s"": 556.2656635441817, ""seed"": 2026091503, ""tours_executed"": 51200000}]",trace_first_use,completed,72e930d858a269fc06b26b6e6bd7fdd56af37406d889643c6994bdedef807dfd,9a90809d4f7458893344d73f92b7adc1a176c13bb42f115972601c5ed8bcd2ab,0,41.917214422952384,E4-p100-n100-cpu8-r4,E4,4,cuda02,GPU-b78cc880-5f61-6e66-d09c-e91cbe6e94a0,,3e36d7276307c1fca8852ebc053d202c1e1c68713cc11aed1adcdc07745b41aa,,2,jobs/E4-p100-n100-cpu8-r4/result.json
v2,3,1,fp32,False,True,8,100,100,100,32,100,32,500,20,16.8,31,3.23,3200,51200000,25.28173763724044,25.282362667145208,0.0002664881758391857,0.00029656896367669106,0.012217564042657614,0.0029841940850019455,6.367722366936505,1,1,0,"[""2a613c09be46bc3e4c38df1e3aeb001f4083fa082c2e53944b41b7bd558e9c75""]",18.8436953125,,,0.0033142310567200184,0.00039061298593878746,0.005325662903487682,1,,"[{""binary_version"": 86, ""cache_mode_ca"": 0, ""const_size_bytes"": 0, ""local_size_bytes"": 0, ""max_dynamic_shared_size_bytes"": 49152, ""max_threads_per_block"": 1024, ""num_regs"": 29, ""preferred_shared_memory_carveout"": -1, ""ptx_version"": 86, ""shared_size_bytes"": 0}, {""binary_version"": 86, ""cache_mode_ca"": 0, ""const_size_bytes"": 0, ""local_size_bytes"": 0, ""max_dynamic_shared_size_bytes"": 44288, ""max_threads_per_block"": 768, ""num_regs"": 80, ""preferred_shared_memory_carveout"": -1, ""ptx_version"": 86, ""shared_size_bytes"": 4864}, {""binary_version"": 86, ""cache_mode_ca"": 0, ""const_size_bytes"": 0, ""local_size_bytes"": 0, ""max_dynamic_shared_size_bytes"": 48880, ""max_threads_per_block"": 1024, ""num_regs"": 56, ""preferred_shared_memory_carveout"": -1, ""ptx_version"": 86, ""shared_size_bytes"": 272}]","[{""backend_wall_s"": 25.263910908950493, ""cities"": 100, ""instances"": 32, ""metrics"": {""audit_local_search"": 0, ""basin_top_q"": 0, ""block_threads"": 256, ""candidate_lanes"": 8, ""chunks"": 1, ""compile_seconds_sum"": 6.367722366936505, ""d2h_seconds_sum"": 0.00039061298593878746, ""device_count"": 1, ""device_names"": ""NVIDIA RTX A5000"", ""devices"": ""0"", ""driver_free_bytes_before_min"": 25049038848, ""exact_fp64_scoring_seconds"": 0.005325662903487682, ""gpu_fp32_length_checksum"": 25509.32366847992, ""h2d_seconds_sum"": 0.0033142310567200184, ""kernel_cache_entries_max"": 2, ""kernel_seconds_critical"": 18.8436953125, ""kernel_seconds_sum"": 18.8436953125, ""local_search"": ""none"", ""local_search_candidate_size"": 20, ""local_search_warps_per_block"": 8, ""pool_free_bytes_before_sum"": 90112, ""precision"": ""fp32"", ""provider"": ""raw_cuda"", ""register_cap"": 0, ""resident_cache_bytes_sum"": 4791864, ""semantic_shards"": 1, ""three_opt_block_threads"": 256, ""workspace_probe_retries"": 0}, ""native_reported_wall_s"": 25.23605740093626, ""seed"": 2026091503, ""tours_executed"": 51200000}]",trace_first_use,completed,e3c9b05aafcc22b7cc775ab762ed5e2cdf4ec120c1ba5ec21224fe17724239d5,9a90809d4f7458893344d73f92b7adc1a176c13bb42f115972601c5ed8bcd2ab,0,8.585300312144682,E4-p100-n100-v2-r0,E4,0,cuda02,GPU-b78cc880-5f61-6e66-d09c-e91cbe6e94a0,NVIDIA RTX A5000,3e36d7276307c1fca8852ebc053d202c1e1c68713cc11aed1adcdc07745b41aa,563085312.0,2,jobs/E4-p100-n100-v2-r0/result.json
v2,3,1,fp32,False,True,8,100,100,100,32,100,32,500,20,16.8,31,3.23,3200,51200000,23.50100385886617,23.501463697990403,0.00022064498625695705,0.0002006229478865862,0.006969104753807187,0.0021894259843975306,4.084392545977607,1,1,0,"[""2a613c09be46bc3e4c38df1e3aeb001f4083fa082c2e53944b41b7bd558e9c75""]",19.368298828125,,,0.0026740808971226215,0.00034626293927431107,0.003953409846872091,1,,"[{""binary_version"": 86, ""cache_mode_ca"": 0, ""const_size_bytes"": 0, ""local_size_bytes"": 0, ""max_dynamic_shared_size_bytes"": 49152, ""max_threads_per_block"": 1024, ""num_regs"": 29, ""preferred_shared_memory_carveout"": -1, ""ptx_version"": 86, ""shared_size_bytes"": 0}, {""binary_version"": 86, ""cache_mode_ca"": 0, ""const_size_bytes"": 0, ""local_size_bytes"": 0, ""max_dynamic_shared_size_bytes"": 44288, ""max_threads_per_block"": 768, ""num_regs"": 80, ""preferred_shared_memory_carveout"": -1, ""ptx_version"": 86, ""shared_size_bytes"": 4864}, {""binary_version"": 86, ""cache_mode_ca"": 0, ""const_size_bytes"": 0, ""local_size_bytes"": 0, ""max_dynamic_shared_size_bytes"": 48880, ""max_threads_per_block"": 1024, ""num_regs"": 56, ""preferred_shared_memory_carveout"": -1, ""ptx_version"": 86, ""shared_size_bytes"": 272}]","[{""backend_wall_s"": 23.489597703097388, ""cities"": 100, ""instances"": 32, ""metrics"": {""audit_local_search"": 0, ""basin_top_q"": 0, ""block_threads"": 256, ""candidate_lanes"": 8, ""chunks"": 1, ""compile_seconds_sum"": 4.084392545977607, ""d2h_seconds_sum"": 0.00034626293927431107, ""device_count"": 1, ""device_names"": ""NVIDIA RTX A5000"", ""devices"": ""0"", ""driver_free_bytes_before_min"": 25049038848, ""exact_fp64_scoring_seconds"": 0.003953409846872091, ""gpu_fp32_length_checksum"": 25509.32366847992, ""h2d_seconds_sum"": 0.0026740808971226215, ""kernel_cache_entries_max"": 2, ""kernel_seconds_critical"": 19.368298828125, ""kernel_seconds_sum"": 19.368298828125, ""local_search"": ""none"", ""local_search_candidate_size"": 20, ""local_search_warps_per_block"": 8, ""pool_free_bytes_before_sum"": 90112, ""precision"": ""fp32"", ""provider"": ""raw_cuda"", ""register_cap"": 0, ""resident_cache_bytes_sum"": 4791864, ""semantic_shards"": 1, ""three_opt_block_threads"": 256, ""workspace_probe_retries"": 0}, ""native_reported_wall_s"": 23.471831758040935, ""seed"": 2026091503, ""tours_executed"": 51200000}]",trace_first_use,completed,e3c9b05aafcc22b7cc775ab762ed5e2cdf4ec120c1ba5ec21224fe17724239d5,9a90809d4f7458893344d73f92b7adc1a176c13bb42f115972601c5ed8bcd2ab,0,6.51552184484899,E4-p100-n100-v2-r1,E4,1,cuda02,GPU-b78cc880-5f61-6e66-d09c-e91cbe6e94a0,NVIDIA RTX A5000,3e36d7276307c1fca8852ebc053d202c1e1c68713cc11aed1adcdc07745b41aa,563085312.0,2,jobs/E4-p100-n100-v2-r1/result.json
v2,3,1,fp32,False,True,8,100,100,100,32,100,32,500,20,16.8,31,3.23,3200,51200000,22.91992336884141,22.920403176918626,0.00024124584160745144,0.0001990168821066618,0.00859464192762971,0.002460803836584091,4.082504057092592,1,1,0,"[""2a613c09be46bc3e4c38df1e3aeb001f4083fa082c2e53944b41b7bd558e9c75""]",18.78904296875,,,0.0028721101116389036,0.00034426478669047356,0.003868641098961234,1,,"[{""binary_version"": 86, ""cache_mode_ca"": 0, ""const_size_bytes"": 0, ""local_size_bytes"": 0, ""max_dynamic_shared_size_bytes"": 49152, ""max_threads_per_block"": 1024, ""num_regs"": 29, ""preferred_shared_memory_carveout"": -1, ""ptx_version"": 86, ""shared_size_bytes"": 0}, {""binary_version"": 86, ""cache_mode_ca"": 0, ""const_size_bytes"": 0, ""local_size_bytes"": 0, ""max_dynamic_shared_size_bytes"": 44288, ""max_threads_per_block"": 768, ""num_regs"": 80, ""preferred_shared_memory_carveout"": -1, ""ptx_version"": 86, ""shared_size_bytes"": 4864}, {""binary_version"": 86, ""cache_mode_ca"": 0, ""const_size_bytes"": 0, ""local_size_bytes"": 0, ""max_dynamic_shared_size_bytes"": 48880, ""max_threads_per_block"": 1024, ""num_regs"": 56, ""preferred_shared_memory_carveout"": -1, ""ptx_version"": 86, ""shared_size_bytes"": 272}]","[{""backend_wall_s"": 22.90665942407213, ""cities"": 100, ""instances"": 32, ""metrics"": {""audit_local_search"": 0, ""basin_top_q"": 0, ""block_threads"": 256, ""candidate_lanes"": 8, ""chunks"": 1, ""compile_seconds_sum"": 4.082504057092592, ""d2h_seconds_sum"": 0.00034426478669047356, ""device_count"": 1, ""device_names"": ""NVIDIA RTX A5000"", ""devices"": ""0"", ""driver_free_bytes_before_min"": 25049038848, ""exact_fp64_scoring_seconds"": 0.003868641098961234, ""gpu_fp32_length_checksum"": 25509.32366847992, ""h2d_seconds_sum"": 0.0028721101116389036, ""kernel_cache_entries_max"": 2, ""kernel_seconds_critical"": 18.78904296875, ""kernel_seconds_sum"": 18.78904296875, ""local_search"": ""none"", ""local_search_candidate_size"": 20, ""local_search_warps_per_block"": 8, ""pool_free_bytes_before_sum"": 90112, ""precision"": ""fp32"", ""provider"": ""raw_cuda"", ""register_cap"": 0, ""resident_cache_bytes_sum"": 4791864, ""semantic_shards"": 1, ""three_opt_block_threads"": 256, ""workspace_probe_retries"": 0}, ""native_reported_wall_s"": 22.89052082411945, ""seed"": 2026091503, ""tours_executed"": 51200000}]",trace_first_use,completed,e3c9b05aafcc22b7cc775ab762ed5e2cdf4ec120c1ba5ec21224fe17724239d5,9a90809d4f7458893344d73f92b7adc1a176c13bb42f115972601c5ed8bcd2ab,0,7.42118570394814,E4-p100-n100-v2-r2,E4,2,cuda02,GPU-b78cc880-5f61-6e66-d09c-e91cbe6e94a0,NVIDIA RTX A5000,3e36d7276307c1fca8852ebc053d202c1e1c68713cc11aed1adcdc07745b41aa,563085312.0,2,jobs/E4-p100-n100-v2-r2/result.json
v2,3,1,fp32,False,True,8,100,100,100,32,100,32,500,20,16.8,31,3.23,3200,51200000,23.47025161702186,23.470728914951906,0.00022962596267461777,0.0002059719990938902,0.007821412989869714,0.0022187421564012766,4.068598136072978,1,1,0,"[""2a613c09be46bc3e4c38df1e3aeb001f4083fa082c2e53944b41b7bd558e9c75""]",19.35425,,,0.00270469905808568,0.0003473660908639431,0.0038032089360058308,1,,"[{""binary_version"": 86, ""cache_mode_ca"": 0, ""const_size_bytes"": 0, ""local_size_bytes"": 0, ""max_dynamic_shared_size_bytes"": 49152, ""max_threads_per_block"": 1024, ""num_regs"": 29, ""preferred_shared_memory_carveout"": -1, ""ptx_version"": 86, ""shared_size_bytes"": 0}, {""binary_version"": 86, ""cache_mode_ca"": 0, ""const_size_bytes"": 0, ""local_size_bytes"": 0, ""max_dynamic_shared_size_bytes"": 44288, ""max_threads_per_block"": 768, ""num_regs"": 80, ""preferred_shared_memory_carveout"": -1, ""ptx_version"": 86, ""shared_size_bytes"": 4864}, {""binary_version"": 86, ""cache_mode_ca"": 0, ""const_size_bytes"": 0, ""local_size_bytes"": 0, ""max_dynamic_shared_size_bytes"": 48880, ""max_threads_per_block"": 1024, ""num_regs"": 56, ""preferred_shared_memory_carveout"": -1, ""ptx_version"": 86, ""shared_size_bytes"": 272}]","[{""backend_wall_s"": 23.458006019005552, ""cities"": 100, ""instances"": 32, ""metrics"": {""audit_local_search"": 0, ""basin_top_q"": 0, ""block_threads"": 256, ""candidate_lanes"": 8, ""chunks"": 1, ""compile_seconds_sum"": 4.068598136072978, ""d2h_seconds_sum"": 0.0003473660908639431, ""device_count"": 1, ""device_names"": ""NVIDIA RTX A5000"", ""devices"": ""0"", ""driver_free_bytes_before_min"": 25049038848, ""exact_fp64_scoring_seconds"": 0.0038032089360058308, ""gpu_fp32_length_checksum"": 25509.32366847992, ""h2d_seconds_sum"": 0.00270469905808568, ""kernel_cache_entries_max"": 2, ""kernel_seconds_critical"": 19.35425, ""kernel_seconds_sum"": 19.35425, ""local_search"": ""none"", ""local_search_candidate_size"": 20, ""local_search_warps_per_block"": 8, ""pool_free_bytes_before_sum"": 90112, ""precision"": ""fp32"", ""provider"": ""raw_cuda"", ""register_cap"": 0, ""resident_cache_bytes_sum"": 4791864, ""semantic_shards"": 1, ""three_opt_block_threads"": 256, ""workspace_probe_retries"": 0}, ""native_reported_wall_s"": 23.44104604003951, ""seed"": 2026091503, ""tours_executed"": 51200000}]",trace_first_use,completed,e3c9b05aafcc22b7cc775ab762ed5e2cdf4ec120c1ba5ec21224fe17724239d5,9a90809d4f7458893344d73f92b7adc1a176c13bb42f115972601c5ed8bcd2ab,0,5.895323067903519,E4-p100-n100-v2-r3,E4,3,cuda02,GPU-b78cc880-5f61-6e66-d09c-e91cbe6e94a0,NVIDIA RTX A5000,3e36d7276307c1fca8852ebc053d202c1e1c68713cc11aed1adcdc07745b41aa,563085312.0,2,jobs/E4-p100-n100-v2-r3/result.json
v2,3,1,fp32,False,True,8,100,100,100,32,100,32,500,20,16.8,31,3.23,3200,51200000,22.947241214103997,22.947807165095583,0.00031452602706849575,0.00020591402426362038,0.008687295950949192,0.004538563080132008,4.117610196117312,1,1,0,"[""2a613c09be46bc3e4c38df1e3aeb001f4083fa082c2e53944b41b7bd558e9c75""]",18.777724609375,,,0.003606725949794054,0.00034175487235188484,0.0038013518787920475,1,,"[{""binary_version"": 86, ""cache_mode_ca"": 0, ""const_size_bytes"": 0, ""local_size_bytes"": 0, ""max_dynamic_shared_size_bytes"": 49152, ""max_threads_per_block"": 1024, ""num_regs"": 29, ""preferred_shared_memory_carveout"": -1, ""ptx_version"": 86, ""shared_size_bytes"": 0}, {""binary_version"": 86, ""cache_mode_ca"": 0, ""const_size_bytes"": 0, ""local_size_bytes"": 0, ""max_dynamic_shared_size_bytes"": 44288, ""max_threads_per_block"": 768, ""num_regs"": 80, ""preferred_shared_memory_carveout"": -1, ""ptx_version"": 86, ""shared_size_bytes"": 4864}, {""binary_version"": 86, ""cache_mode_ca"": 0, ""const_size_bytes"": 0, ""local_size_bytes"": 0, ""max_dynamic_shared_size_bytes"": 48880, ""max_threads_per_block"": 1024, ""num_regs"": 56, ""preferred_shared_memory_carveout"": -1, ""ptx_version"": 86, ""shared_size_bytes"": 272}]","[{""backend_wall_s"": 22.931750742951408, ""cities"": 100, ""instances"": 32, ""metrics"": {""audit_local_search"": 0, ""basin_top_q"": 0, ""block_threads"": 256, ""candidate_lanes"": 8, ""chunks"": 1, ""compile_seconds_sum"": 4.117610196117312, ""d2h_seconds_sum"": 0.00034175487235188484, ""device_count"": 1, ""device_names"": ""NVIDIA RTX A5000"", ""devices"": ""0"", ""driver_free_bytes_before_min"": 25049038848, ""exact_fp64_scoring_seconds"": 0.0038013518787920475, ""gpu_fp32_length_checksum"": 25509.32366847992, ""h2d_seconds_sum"": 0.003606725949794054, ""kernel_cache_entries_max"": 2, ""kernel_seconds_critical"": 18.777724609375, ""kernel_seconds_sum"": 18.777724609375, ""local_search"": ""none"", ""local_search_candidate_size"": 20, ""local_search_warps_per_block"": 8, ""pool_free_bytes_before_sum"": 90112, ""precision"": ""fp32"", ""provider"": ""raw_cuda"", ""register_cap"": 0, ""resident_cache_bytes_sum"": 4791864, ""semantic_shards"": 1, ""three_opt_block_threads"": 256, ""workspace_probe_retries"": 0}, ""native_reported_wall_s"": 22.915093570016325, ""seed"": 2026091503, ""tours_executed"": 51200000}]",trace_first_use,completed,e3c9b05aafcc22b7cc775ab762ed5e2cdf4ec120c1ba5ec21224fe17724239d5,9a90809d4f7458893344d73f92b7adc1a176c13bb42f115972601c5ed8bcd2ab,0,10.409096348797902,E4-p100-n100-v2-r4,E4,4,cuda02,GPU-b78cc880-5f61-6e66-d09c-e91cbe6e94a0,NVIDIA RTX A5000,3e36d7276307c1fca8852ebc053d202c1e1c68713cc11aed1adcdc07745b41aa,563085312.0,2,jobs/E4-p100-n100-v2-r4/result.json
cpu8,3,8,fp64,False,False,,100,100,100,32,50,32,500,20,16.8,31,3.23,3200,51200000,222.03445276105776,222.03523800196126,0.0005366550758481026,0.00019453000277280807,0.012690591858699918,0.006105500040575862,0.0,0,0,0,[],,,222.00084369489923,,,,1,,[],"[{""backend_wall_s"": 222.0109294350259, ""cities"": 50, ""instances"": 32, ""metrics"": {""audit_local_search"": 0, ""basin_top_q"": 0}, ""native_reported_wall_s"": 222.00084369489923, ""seed"": 2026091501, ""tours_executed"": 51200000}]",trace_first_use,completed,df348ae3f3747bbe807664df8bf44ff66c3d1ce10b3b0ba5fe0b383bfb287528,fd11766255e0742a4c661fed04f57e342cb5298889470347f98d0d0b47dffdbd,0,40.79202414210886,E4-p100-n50-cpu8-r0,E4,0,cuda02,GPU-b78cc880-5f61-6e66-d09c-e91cbe6e94a0,,3e36d7276307c1fca8852ebc053d202c1e1c68713cc11aed1adcdc07745b41aa,,2,jobs/E4-p100-n50-cpu8-r0/result.json
cpu8,3,8,fp64,False,False,,100,100,100,32,50,32,500,20,16.8,31,3.23,3200,51200000,222.2959064010065,222.296894346131,0.0005345018580555916,0.00037633092142641544,0.01682450482621789,0.006132547976449132,0.0,0,0,0,[],,,222.25244550802745,,,,1,,[],"[{""backend_wall_s"": 222.25923414109275, ""cities"": 50, ""instances"": 32, ""metrics"": {""audit_local_search"": 0, ""basin_top_q"": 0}, ""native_reported_wall_s"": 222.25244550802745, ""seed"": 2026091501, ""tours_executed"": 51200000}]",trace_first_use,completed,df348ae3f3747bbe807664df8bf44ff66c3d1ce10b3b0ba5fe0b383bfb287528,fd11766255e0742a4c661fed04f57e342cb5298889470347f98d0d0b47dffdbd,0,38.88702188595198,E4-p100-n50-cpu8-r1,E4,1,cuda02,GPU-b78cc880-5f61-6e66-d09c-e91cbe6e94a0,,3e36d7276307c1fca8852ebc053d202c1e1c68713cc11aed1adcdc07745b41aa,,2,jobs/E4-p100-n50-cpu8-r1/result.json
cpu8,3,8,fp64,False,False,,100,100,100,32,50,32,500,20,16.8,31,3.23,3200,51200000,222.87620153091848,222.877092622919,0.0004989940207451582,0.00032265507616102695,0.011612917063757777,0.006102913990616798,0.0,0,0,0,[],,,222.8340431060642,,,,1,,[],"[{""backend_wall_s"": 222.84420472104102, ""cities"": 50, ""instances"": 32, ""metrics"": {""audit_local_search"": 0, ""basin_top_q"": 0}, ""native_reported_wall_s"": 222.8340431060642, ""seed"": 2026091501, ""tours_executed"": 51200000}]",trace_first_use,completed,df348ae3f3747bbe807664df8bf44ff66c3d1ce10b3b0ba5fe0b383bfb287528,fd11766255e0742a4c661fed04f57e342cb5298889470347f98d0d0b47dffdbd,0,39.95122410310432,E4-p100-n50-cpu8-r2,E4,2,cuda02,GPU-b78cc880-5f61-6e66-d09c-e91cbe6e94a0,,3e36d7276307c1fca8852ebc053d202c1e1c68713cc11aed1adcdc07745b41aa,,2,jobs/E4-p100-n50-cpu8-r2/result.json
v2,3,1,fp32,False,True,8,100,100,100,32,50,32,500,20,16.8,31,3.23,3200,51200000,10.564174843020737,10.564738969085738,0.0003203391097486019,0.0001997158396989107,0.010507711209356785,0.003614648012444377,3.826782608171925,1,1,0,"[""2a613c09be46bc3e4c38df1e3aeb001f4083fa082c2e53944b41b7bd558e9c75""]",6.69661328125,,,0.001250725006684661,0.0002715128939598799,0.0020569118205457926,1,,"[{""binary_version"": 86, ""cache_mode_ca"": 0, ""const_size_bytes"": 0, ""local_size_bytes"": 0, ""max_dynamic_shared_size_bytes"": 49152, ""max_threads_per_block"": 1024, ""num_regs"": 29, ""preferred_shared_memory_carveout"": -1, ""ptx_version"": 86, ""shared_size_bytes"": 0}, {""binary_version"": 86, ""cache_mode_ca"": 0, ""const_size_bytes"": 0, ""local_size_bytes"": 0, ""max_dynamic_shared_size_bytes"": 44288, ""max_threads_per_block"": 768, ""num_regs"": 80, ""preferred_shared_memory_carveout"": -1, ""ptx_version"": 86, ""shared_size_bytes"": 4864}, {""binary_version"": 86, ""cache_mode_ca"": 0, ""const_size_bytes"": 0, ""local_size_bytes"": 0, ""max_dynamic_shared_size_bytes"": 48880, ""max_threads_per_block"": 1024, ""num_regs"": 56, ""preferred_shared_memory_carveout"": -1, ""ptx_version"": 86, ""shared_size_bytes"": 272}]","[{""backend_wall_s"": 10.547932821093127, ""cities"": 50, ""instances"": 32, ""metrics"": {""audit_local_search"": 0, ""basin_top_q"": 0, ""block_threads"": 256, ""candidate_lanes"": 8, ""chunks"": 1, ""compile_seconds_sum"": 3.826782608171925, ""d2h_seconds_sum"": 0.0002715128939598799, ""device_count"": 1, ""device_names"": ""NVIDIA RTX A5000"", ""devices"": ""0"", ""driver_free_bytes_before_min"": 25053233152, ""exact_fp64_scoring_seconds"": 0.0020569118205457926, ""gpu_fp32_length_checksum"": 18528.744405269623, ""h2d_seconds_sum"": 0.001250725006684661, ""kernel_cache_entries_max"": 2, ""kernel_seconds_critical"": 6.69661328125, ""kernel_seconds_sum"": 6.69661328125, ""local_search"": ""none"", ""local_search_candidate_size"": 20, ""local_search_warps_per_block"": 8, ""pool_free_bytes_before_sum"": 24576, ""precision"": ""fp32"", ""provider"": ""raw_cuda"", ""register_cap"": 0, ""resident_cache_bytes_sum"": 1241064, ""semantic_shards"": 1, ""three_opt_block_threads"": 256, ""workspace_probe_retries"": 0}, ""native_reported_wall_s"": 10.536931412061676, ""seed"": 2026091501, ""tours_executed"": 51200000}]",trace_first_use,completed,76f47c5da52d809a2df4855aa3c05ca53c50213b309dae4de16d126761e6c971,fd11766255e0742a4c661fed04f57e342cb5298889470347f98d0d0b47dffdbd,0,9.734009087784216,E4-p100-n50-v2-r0,E4,0,cuda02,GPU-b78cc880-5f61-6e66-d09c-e91cbe6e94a0,NVIDIA RTX A5000,3e36d7276307c1fca8852ebc053d202c1e1c68713cc11aed1adcdc07745b41aa,347078656.0,2,jobs/E4-p100-n50-v2-r0/result.json
v2,3,1,fp32,False,True,8,100,100,100,32,50,32,500,20,16.8,31,3.23,3200,51200000,10.633135467069224,10.633735214127228,0.0003557328600436449,0.0001967840362340212,0.012043392984196544,0.005866669118404388,3.8158343569375575,1,1,0,"[""2a613c09be46bc3e4c38df1e3aeb001f4083fa082c2e53944b41b7bd558e9c75""]",6.77109521484375,,,0.0012407090980559587,0.0002761189825832844,0.002084198873490095,1,,"[{""binary_version"": 86, ""cache_mode_ca"": 0, ""const_size_bytes"": 0, ""local_size_bytes"": 0, ""max_dynamic_shared_size_bytes"": 49152, ""max_threads_per_block"": 1024, ""num_regs"": 29, ""preferred_shared_memory_carveout"": -1, ""ptx_version"": 86, ""shared_size_bytes"": 0}, {""binary_version"": 86, ""cache_mode_ca"": 0, ""const_size_bytes"": 0, ""local_size_bytes"": 0, ""max_dynamic_shared_size_bytes"": 44288, ""max_threads_per_block"": 768, ""num_regs"": 80, ""preferred_shared_memory_carveout"": -1, ""ptx_version"": 86, ""shared_size_bytes"": 4864}, {""binary_version"": 86, ""cache_mode_ca"": 0, ""const_size_bytes"": 0, ""local_size_bytes"": 0, ""max_dynamic_shared_size_bytes"": 48880, ""max_threads_per_block"": 1024, ""num_regs"": 56, ""preferred_shared_memory_carveout"": -1, ""ptx_version"": 86, ""shared_size_bytes"": 272}]","[{""backend_wall_s"": 10.613209225004539, ""cities"": 50, ""instances"": 32, ""metrics"": {""audit_local_search"": 0, ""basin_top_q"": 0, ""block_threads"": 256, ""candidate_lanes"": 8, ""chunks"": 1, ""compile_seconds_sum"": 3.8158343569375575, ""d2h_seconds_sum"": 0.0002761189825832844, ""device_count"": 1, ""device_names"": ""NVIDIA RTX A5000"", ""devices"": ""0"", ""driver_free_bytes_before_min"": 25053233152, ""exact_fp64_scoring_seconds"": 0.002084198873490095, ""gpu_fp32_length_checksum"": 18528.744405269623, ""h2d_seconds_sum"": 0.0012407090980559587, ""kernel_cache_entries_max"": 2, ""kernel_seconds_critical"": 6.77109521484375, ""kernel_seconds_sum"": 6.77109521484375, ""local_search"": ""none"", ""local_search_candidate_size"": 20, ""local_search_warps_per_block"": 8, ""pool_free_bytes_before_sum"": 24576, ""precision"": ""fp32"", ""provider"": ""raw_cuda"", ""register_cap"": 0, ""resident_cache_bytes_sum"": 1241064, ""semantic_shards"": 1, ""three_opt_block_threads"": 256, ""workspace_probe_retries"": 0}, ""native_reported_wall_s"": 10.601156765129417, ""seed"": 2026091501, ""tours_executed"": 51200000}]",trace_first_use,completed,76f47c5da52d809a2df4855aa3c05ca53c50213b309dae4de16d126761e6c971,fd11766255e0742a4c661fed04f57e342cb5298889470347f98d0d0b47dffdbd,0,7.837869209004566,E4-p100-n50-v2-r1,E4,1,cuda02,GPU-b78cc880-5f61-6e66-d09c-e91cbe6e94a0,NVIDIA RTX A5000,3e36d7276307c1fca8852ebc053d202c1e1c68713cc11aed1adcdc07745b41aa,347078656.0,2,jobs/E4-p100-n50-v2-r1/result.json
v2,3,1,fp32,False,True,8,100,100,100,32,50,32,500,20,16.8,31,3.23,3200,51200000,10.539180440129712,10.539820494828746,0.00039002392441034317,0.00019906996749341488,0.011399705894291401,0.003988760989159346,3.8304599199909717,1,1,0,"[""2a613c09be46bc3e4c38df1e3aeb001f4083fa082c2e53944b41b7bd558e9c75""]",6.6613173828125,,,0.0013539099600166082,0.0002735988236963749,0.002018098020926118,1,,"[{""binary_version"": 86, ""cache_mode_ca"": 0, ""const_size_bytes"": 0, ""local_size_bytes"": 0, ""max_dynamic_shared_size_bytes"": 49152, ""max_threads_per_block"": 1024, ""num_regs"": 29, ""preferred_shared_memory_carveout"": -1, ""ptx_version"": 86, ""shared_size_bytes"": 0}, {""binary_version"": 86, ""cache_mode_ca"": 0, ""const_size_bytes"": 0, ""local_size_bytes"": 0, ""max_dynamic_shared_size_bytes"": 44288, ""max_threads_per_block"": 768, ""num_regs"": 80, ""preferred_shared_memory_carveout"": -1, ""ptx_version"": 86, ""shared_size_bytes"": 4864}, {""binary_version"": 86, ""cache_mode_ca"": 0, ""const_size_bytes"": 0, ""local_size_bytes"": 0, ""max_dynamic_shared_size_bytes"": 48880, ""max_threads_per_block"": 1024, ""num_regs"": 56, ""preferred_shared_memory_carveout"": -1, ""ptx_version"": 86, ""shared_size_bytes"": 272}]","[{""backend_wall_s"": 10.52182395895943, ""cities"": 50, ""instances"": 32, ""metrics"": {""audit_local_search"": 0, ""basin_top_q"": 0, ""block_threads"": 256, ""candidate_lanes"": 8, ""chunks"": 1, ""compile_seconds_sum"": 3.8304599199909717, ""d2h_seconds_sum"": 0.0002735988236963749, ""device_count"": 1, ""device_names"": ""NVIDIA RTX A5000"", ""devices"": ""0"", ""driver_free_bytes_before_min"": 25053233152, ""exact_fp64_scoring_seconds"": 0.002018098020926118, ""gpu_fp32_length_checksum"": 18528.744405269623, ""h2d_seconds_sum"": 0.0013539099600166082, ""kernel_cache_entries_max"": 2, ""kernel_seconds_critical"": 6.6613173828125, ""kernel_seconds_sum"": 6.6613173828125, ""local_search"": ""none"", ""local_search_candidate_size"": 20, ""local_search_warps_per_block"": 8, ""pool_free_bytes_before_sum"": 24576, ""precision"": ""fp32"", ""provider"": ""raw_cuda"", ""register_cap"": 0, ""resident_cache_bytes_sum"": 1241064, ""semantic_shards"": 1, ""three_opt_block_threads"": 256, ""workspace_probe_retries"": 0}, ""native_reported_wall_s"": 10.510464830091223, ""seed"": 2026091501, ""tours_executed"": 51200000}]",trace_first_use,completed,76f47c5da52d809a2df4855aa3c05ca53c50213b309dae4de16d126761e6c971,fd11766255e0742a4c661fed04f57e342cb5298889470347f98d0d0b47dffdbd,0,10.223756371997297,E4-p100-n50-v2-r2,E4,2,cuda02,GPU-b78cc880-5f61-6e66-d09c-e91cbe6e94a0,NVIDIA RTX A5000,3e36d7276307c1fca8852ebc053d202c1e1c68713cc11aed1adcdc07745b41aa,347078656.0,2,jobs/E4-p100-n50-v2-r2/result.json
cpu8,3,8,fp64,False,False,,100,100,100,32,500,32,500,20,16.8,31,3.23,3200,51200000,3443.6255680008326,3443.626404228853,0.000495825195685029,0.0002777501940727234,0.011048788903281093,0.005943006835877895,0.0,0,0,0,[],,,3443.5505649910774,,,,1,,[],"[{""backend_wall_s"": 3443.5987879990134, ""cities"": 500, ""instances"": 32, ""metrics"": {""audit_local_search"": 0, ""basin_top_q"": 0}, ""native_reported_wall_s"": 3443.5505649910774, ""seed"": 2026091501, ""tours_executed"": 51200000}]",trace_first_use,completed,3d912e4f8a595dc51de46804fb20c6d4b72ac9459ece4d70d1e9bdfec01464bc,c7fd6bc42ad045dd58a371e868dd9d3022a37093dd3d5aba3ed48d8d9cc225f7,0,40.089692819165066,E4-p100-n500-cpu8-r0,E4,0,cuda02,GPU-b78cc880-5f61-6e66-d09c-e91cbe6e94a0,,3e36d7276307c1fca8852ebc053d202c1e1c68713cc11aed1adcdc07745b41aa,,2,jobs/E4-p100-n500-cpu8-r0/result.json
cpu8,3,8,fp64,False,False,,100,100,100,32,500,32,500,20,16.8,31,3.23,3200,51200000,3546.9175334239844,3546.9182745649014,0.0004987709689885378,0.0001883888617157936,0.011214155936613679,0.006024244008585811,0.0,0,0,0,[],,,3546.8446210559923,,,,1,,[],"[{""backend_wall_s"": 3546.895027772058, ""cities"": 500, ""instances"": 32, ""metrics"": {""audit_local_search"": 0, ""basin_top_q"": 0}, ""native_reported_wall_s"": 3546.8446210559923, ""seed"": 2026091501, ""tours_executed"": 51200000}]",trace_first_use,completed,3d912e4f8a595dc51de46804fb20c6d4b72ac9459ece4d70d1e9bdfec01464bc,c7fd6bc42ad045dd58a371e868dd9d3022a37093dd3d5aba3ed48d8d9cc225f7,0,42.69808911415748,E4-p100-n500-cpu8-r1,E4,1,cuda02,GPU-b78cc880-5f61-6e66-d09c-e91cbe6e94a0,,3e36d7276307c1fca8852ebc053d202c1e1c68713cc11aed1adcdc07745b41aa,,2,jobs/E4-p100-n500-cpu8-r1/result.json
cpu8,3,8,fp64,False,False,,100,100,100,32,500,32,500,20,16.8,31,3.23,3200,51200000,3416.1974572851323,3416.19788152189,0.00019370298832654953,0.00019269809126853943,0.006192496977746487,0.0025144130922853947,0.0,0,0,0,[],,,3416.1395533629693,,,,1,,[],"[{""backend_wall_s"": 3416.1838995730504, ""cities"": 500, ""instances"": 32, ""metrics"": {""audit_local_search"": 0, ""basin_top_q"": 0}, ""native_reported_wall_s"": 3416.1395533629693, ""seed"": 2026091501, ""tours_executed"": 51200000}]",trace_first_use,completed,3d912e4f8a595dc51de46804fb20c6d4b72ac9459ece4d70d1e9bdfec01464bc,c7fd6bc42ad045dd58a371e868dd9d3022a37093dd3d5aba3ed48d8d9cc225f7,0,43.803793866885826,E4-p100-n500-cpu8-r2,E4,2,cuda02,GPU-b78cc880-5f61-6e66-d09c-e91cbe6e94a0,,3e36d7276307c1fca8852ebc053d202c1e1c68713cc11aed1adcdc07745b41aa,,2,jobs/E4-p100-n500-cpu8-r2/result.json
v2,3,1,fp32,False,True,8,100,100,100,32,500,32,500,20,16.8,31,3.23,3200,51200000,800.3893187080976,800.3897631871514,0.00023047998547554016,0.00017501600086688995,0.008055326994508505,0.002259416040033102,3.794681411003694,1,1,0,"[""2a613c09be46bc3e4c38df1e3aeb001f4083fa082c2e53944b41b7bd558e9c75""]",796.38175,,,0.0304484439548105,0.0006077759899199009,0.026060297153890133,1,,"[{""binary_version"": 86, ""cache_mode_ca"": 0, ""const_size_bytes"": 0, ""local_size_bytes"": 0, ""max_dynamic_shared_size_bytes"": 49152, ""max_threads_per_block"": 1024, ""num_regs"": 29, ""preferred_shared_memory_carveout"": -1, ""ptx_version"": 86, ""shared_size_bytes"": 0}, {""binary_version"": 86, ""cache_mode_ca"": 0, ""const_size_bytes"": 0, ""local_size_bytes"": 0, ""max_dynamic_shared_size_bytes"": 44288, ""max_threads_per_block"": 768, ""num_regs"": 80, ""preferred_shared_memory_carveout"": -1, ""ptx_version"": 86, ""shared_size_bytes"": 4864}, {""binary_version"": 86, ""cache_mode_ca"": 0, ""const_size_bytes"": 0, ""local_size_bytes"": 0, ""max_dynamic_shared_size_bytes"": 48880, ""max_threads_per_block"": 1024, ""num_regs"": 56, ""preferred_shared_memory_carveout"": -1, ""ptx_version"": 86, ""shared_size_bytes"": 272}]","[{""backend_wall_s"": 800.3769040729385, ""cities"": 500, ""instances"": 32, ""metrics"": {""audit_local_search"": 0, ""basin_top_q"": 0, ""block_threads"": 256, ""candidate_lanes"": 8, ""chunks"": 1, ""compile_seconds_sum"": 3.794681411003694, ""d2h_seconds_sum"": 0.0006077759899199009, ""device_count"": 1, ""device_names"": ""NVIDIA RTX A5000"", ""devices"": ""0"", ""driver_free_bytes_before_min"": 24929501184, ""exact_fp64_scoring_seconds"": 0.026060297153890133, ""gpu_fp32_length_checksum"": 61395.4644203186, ""h2d_seconds_sum"": 0.0304484439548105, ""kernel_cache_entries_max"": 2, ""kernel_seconds_critical"": 796.38175, ""kernel_seconds_sum"": 796.38175, ""local_search"": ""none"", ""local_search_candidate_size"": 20, ""local_search_warps_per_block"": 8, ""pool_free_bytes_before_sum"": 1699840, ""precision"": ""fp32"", ""provider"": ""raw_cuda"", ""register_cap"": 0, ""resident_cache_bytes_sum"": 116358264, ""semantic_shards"": 1, ""three_opt_block_threads"": 256, ""workspace_probe_retries"": 0}, ""native_reported_wall_s"": 800.2950389301404, ""seed"": 2026091501, ""tours_executed"": 51200000}]",trace_first_use,completed,0a0f8718bd51d161e154e06ea7e69d6d4e506635153a9a82bff3801b1575bfa6,c7fd6bc42ad045dd58a371e868dd9d3022a37093dd3d5aba3ed48d8d9cc225f7,0,18.988508404931054,E4-p100-n500-v2-r0,E4,0,cuda02,GPU-b78cc880-5f61-6e66-d09c-e91cbe6e94a0,NVIDIA RTX A5000,3e36d7276307c1fca8852ebc053d202c1e1c68713cc11aed1adcdc07745b41aa,5835325440.0,2,jobs/E4-p100-n500-v2-r0/result.json
v2,3,1,fp32,False,True,8,100,100,100,32,500,32,500,20,16.8,31,3.23,3200,51200000,798.3517420808785,798.3523520899471,0.0003543670754879713,0.00021056109108030796,0.01102030510082841,0.0038706818595528603,3.796965051908046,1,1,0,"[""2a613c09be46bc3e4c38df1e3aeb001f4083fa082c2e53944b41b7bd558e9c75""]",794.336125,,,0.030453679151833057,0.0006285880226641893,0.02604859508574009,1,,"[{""binary_version"": 86, ""cache_mode_ca"": 0, ""const_size_bytes"": 0, ""local_size_bytes"": 0, ""max_dynamic_shared_size_bytes"": 49152, ""max_threads_per_block"": 1024, ""num_regs"": 29, ""preferred_shared_memory_carveout"": -1, ""ptx_version"": 86, ""shared_size_bytes"": 0}, {""binary_version"": 86, ""cache_mode_ca"": 0, ""const_size_bytes"": 0, ""local_size_bytes"": 0, ""max_dynamic_shared_size_bytes"": 44288, ""max_threads_per_block"": 768, ""num_regs"": 80, ""preferred_shared_memory_carveout"": -1, ""ptx_version"": 86, ""shared_size_bytes"": 4864}, {""binary_version"": 86, ""cache_mode_ca"": 0, ""const_size_bytes"": 0, ""local_size_bytes"": 0, ""max_dynamic_shared_size_bytes"": 48880, ""max_threads_per_block"": 1024, ""num_regs"": 56, ""preferred_shared_memory_carveout"": -1, ""ptx_version"": 86, ""shared_size_bytes"": 272}]","[{""backend_wall_s"": 798.3347365749069, ""cities"": 500, ""instances"": 32, ""metrics"": {""audit_local_search"": 0, ""basin_top_q"": 0, ""block_threads"": 256, ""candidate_lanes"": 8, ""chunks"": 1, ""compile_seconds_sum"": 3.796965051908046, ""d2h_seconds_sum"": 0.0006285880226641893, ""device_count"": 1, ""device_names"": ""NVIDIA RTX A5000"", ""devices"": ""0"", ""driver_free_bytes_before_min"": 24929501184, ""exact_fp64_scoring_seconds"": 0.02604859508574009, ""gpu_fp32_length_checksum"": 61395.4644203186, ""h2d_seconds_sum"": 0.030453679151833057, ""kernel_cache_entries_max"": 2, ""kernel_seconds_critical"": 794.336125, ""kernel_seconds_sum"": 794.336125, ""local_search"": ""none"", ""local_search_candidate_size"": 20, ""local_search_warps_per_block"": 8, ""pool_free_bytes_before_sum"": 1699840, ""precision"": ""fp32"", ""provider"": ""raw_cuda"", ""register_cap"": 0, ""resident_cache_bytes_sum"": 116358264, ""semantic_shards"": 1, ""three_opt_block_threads"": 256, ""workspace_probe_retries"": 0}, ""native_reported_wall_s"": 798.2537049190141, ""seed"": 2026091501, ""tours_executed"": 51200000}]",trace_first_use,completed,0a0f8718bd51d161e154e06ea7e69d6d4e506635153a9a82bff3801b1575bfa6,c7fd6bc42ad045dd58a371e868dd9d3022a37093dd3d5aba3ed48d8d9cc225f7,0,11.603606594959274,E4-p100-n500-v2-r1,E4,1,cuda02,GPU-b78cc880-5f61-6e66-d09c-e91cbe6e94a0,NVIDIA RTX A5000,3e36d7276307c1fca8852ebc053d202c1e1c68713cc11aed1adcdc07745b41aa,5835325440.0,2,jobs/E4-p100-n500-v2-r1/result.json
cpu8,3,8,fp64,False,False,,256,256,256,32,100,32,500,20,17.03125,31,3.30078125,8192,131072000,1619.9899205593392,1619.990919915028,0.00044913613237440586,0.00045159109868109226,0.022113617975264788,0.017029258189722896,0.0,0,0,0,[],,,1619.9309514451306,,,,1,,[],"[{""backend_wall_s"": 1619.9405676610768, ""cities"": 100, ""instances"": 32, ""metrics"": {""audit_local_search"": 0, ""basin_top_q"": 0}, ""native_reported_wall_s"": 1619.9309514451306, ""seed"": 2026091503, ""tours_executed"": 131072000}]",trace_first_use,completed,118bcb3aba45d74f223cd8e450f932082cbe6279d418b1eadff3159407163094,e9105b637aa058dce8b1b42fbe2766cb4d75373873f3b55aa865904a462b5541,0,40.59763289778493,E4-p256-n100-cpu8-r0,E4,0,cuda02,GPU-b78cc880-5f61-6e66-d09c-e91cbe6e94a0,,3e36d7276307c1fca8852ebc053d202c1e1c68713cc11aed1adcdc07745b41aa,,2,jobs/E4-p256-n100-cpu8-r0/result.json
cpu8,3,8,fp64,False,False,,256,256,256,32,100,32,500,20,17.03125,31,3.30078125,8192,131072000,1678.2844705088064,1678.2856489350088,0.0004851119592785835,0.0005862768739461899,0.01870725001208484,0.014426128938794136,0.0,0,0,0,[],,,1678.2332207099535,,,,1,,[],"[{""backend_wall_s"": 1678.2418987588026, ""cities"": 100, ""instances"": 32, ""metrics"": {""audit_local_search"": 0, ""basin_top_q"": 0}, ""native_reported_wall_s"": 1678.2332207099535, ""seed"": 2026091503, ""tours_executed"": 131072000}]",trace_first_use,completed,118bcb3aba45d74f223cd8e450f932082cbe6279d418b1eadff3159407163094,e9105b637aa058dce8b1b42fbe2766cb4d75373873f3b55aa865904a462b5541,0,41.91894857794978,E4-p256-n100-cpu8-r1,E4,1,cuda02,GPU-b78cc880-5f61-6e66-d09c-e91cbe6e94a0,,3e36d7276307c1fca8852ebc053d202c1e1c68713cc11aed1adcdc07745b41aa,,2,jobs/E4-p256-n100-cpu8-r1/result.json
cpu8,3,8,fp64,False,False,,256,256,256,32,100,32,500,20,17.03125,31,3.30078125,8192,131072000,1501.2774675718974,1501.2783134870697,0.0003263549879193306,0.0004465940874069929,0.02560607879422605,0.013078236021101475,0.0,0,0,0,[],,,1501.2182754890528,,,,1,,[],"[{""backend_wall_s"": 1501.2288470219355, ""cities"": 100, ""instances"": 32, ""metrics"": {""audit_local_search"": 0, ""basin_top_q"": 0}, ""native_reported_wall_s"": 1501.2182754890528, ""seed"": 2026091503, ""tours_executed"": 131072000}]",trace_first_use,completed,118bcb3aba45d74f223cd8e450f932082cbe6279d418b1eadff3159407163094,e9105b637aa058dce8b1b42fbe2766cb4d75373873f3b55aa865904a462b5541,0,42.96173254796304,E4-p256-n100-cpu8-r2,E4,2,cuda02,GPU-b78cc880-5f61-6e66-d09c-e91cbe6e94a0,,3e36d7276307c1fca8852ebc053d202c1e1c68713cc11aed1adcdc07745b41aa,,2,jobs/E4-p256-n100-cpu8-r2/result.json
cpu8,3,8,fp64,False,False,,256,256,256,32,100,32,500,20,17.03125,31,3.30078125,8192,131072000,1500.027146998793,1500.0281073339283,0.0004006118979305029,0.0004731889348477125,0.018440049840137362,0.018358507892116904,0.0,0,0,0,[],,,1499.9716239070985,,,,1,,[],"[{""backend_wall_s"": 1499.980242735939, ""cities"": 100, ""instances"": 32, ""metrics"": {""audit_local_search"": 0, ""basin_top_q"": 0}, ""native_reported_wall_s"": 1499.9716239070985, ""seed"": 2026091503, ""tours_executed"": 131072000}]",trace_first_use,completed,118bcb3aba45d74f223cd8e450f932082cbe6279d418b1eadff3159407163094,e9105b637aa058dce8b1b42fbe2766cb4d75373873f3b55aa865904a462b5541,0,41.6012588639278,E4-p256-n100-cpu8-r3,E4,3,cuda02,GPU-b78cc880-5f61-6e66-d09c-e91cbe6e94a0,,3e36d7276307c1fca8852ebc053d202c1e1c68713cc11aed1adcdc07745b41aa,,2,jobs/E4-p256-n100-cpu8-r3/result.json
cpu8,3,8,fp64,False,False,,256,256,256,32,100,32,500,20,17.03125,31,3.30078125,8192,131072000,1455.0033815670758,1455.0044071068987,0.00031743012368679047,0.0005979500710964203,0.011917257914319634,0.004383384017273784,0.0,0,0,0,[],,,1454.9519925469067,,,,1,,[],"[{""backend_wall_s"": 1454.9614446728956, ""cities"": 100, ""instances"": 32, ""metrics"": {""audit_local_search"": 0, ""basin_top_q"": 0}, ""native_reported_wall_s"": 1454.9519925469067, ""seed"": 2026091503, ""tours_executed"": 131072000}]",trace_first_use,completed,118bcb3aba45d74f223cd8e450f932082cbe6279d418b1eadff3159407163094,e9105b637aa058dce8b1b42fbe2766cb4d75373873f3b55aa865904a462b5541,0,43.5003088968806,E4-p256-n100-cpu8-r4,E4,4,cuda02,GPU-b78cc880-5f61-6e66-d09c-e91cbe6e94a0,,3e36d7276307c1fca8852ebc053d202c1e1c68713cc11aed1adcdc07745b41aa,,2,jobs/E4-p256-n100-cpu8-r4/result.json
v2,3,1,fp32,False,True,8,256,256,256,32,100,32,500,20,17.03125,31,3.30078125,8192,131072000,65.9682453200221,65.96902718790807,0.00019799103029072285,0.0005097279790788889,0.01615444989874959,0.005216341000050306,8.553997284034267,1,1,0,"[""78857acb646135faab9e232681bbef6d30a17a8953b8e9663b45fac7713cc52a""]",57.33796484375,,,0.002805951051414013,0.0005598380230367184,0.009575271978974342,1,,"[{""binary_version"": 86, ""cache_mode_ca"": 0, ""const_size_bytes"": 0, ""local_size_bytes"": 0, ""max_dynamic_shared_size_bytes"": 49152, ""max_threads_per_block"": 1024, ""num_regs"": 29, ""preferred_shared_memory_carveout"": -1, ""ptx_version"": 86, ""shared_size_bytes"": 0}, {""binary_version"": 86, ""cache_mode_ca"": 0, ""const_size_bytes"": 0, ""local_size_bytes"": 0, ""max_dynamic_shared_size_bytes"": 44288, ""max_threads_per_block"": 640, ""num_regs"": 92, ""preferred_shared_memory_carveout"": -1, ""ptx_version"": 86, ""shared_size_bytes"": 4864}, {""binary_version"": 86, ""cache_mode_ca"": 0, ""const_size_bytes"": 0, ""local_size_bytes"": 0, ""max_dynamic_shared_size_bytes"": 48880, ""max_threads_per_block"": 1024, ""num_regs"": 56, ""preferred_shared_memory_carveout"": -1, ""ptx_version"": 86, ""shared_size_bytes"": 272}]","[{""backend_wall_s"": 65.94258284987882, ""cities"": 100, ""instances"": 32, ""metrics"": {""audit_local_search"": 0, ""basin_top_q"": 0, ""block_threads"": 256, ""candidate_lanes"": 8, ""chunks"": 1, ""compile_seconds_sum"": 8.553997284034267, ""d2h_seconds_sum"": 0.0005598380230367184, ""device_count"": 1, ""device_names"": ""NVIDIA RTX A5000"", ""devices"": ""0"", ""driver_free_bytes_before_min"": 25049038848, ""exact_fp64_scoring_seconds"": 0.009575271978974342, ""gpu_fp32_length_checksum"": 65293.97817277908, ""h2d_seconds_sum"": 0.002805951051414013, ""kernel_cache_entries_max"": 2, ""kernel_seconds_critical"": 57.33796484375, ""kernel_seconds_sum"": 57.33796484375, ""local_search"": ""none"", ""local_search_candidate_size"": 20, ""local_search_warps_per_block"": 8, ""pool_free_bytes_before_sum"": 39424, ""precision"": ""fp32"", ""provider"": ""raw_cuda"", ""register_cap"": 0, ""resident_cache_bytes_sum"": 4791864, ""semantic_shards"": 1, ""three_opt_block_threads"": 256, ""workspace_probe_retries"": 0}, ""native_reported_wall_s"": 65.92235061898828, ""seed"": 2026091503, ""tours_executed"": 131072000}]",trace_first_use,completed,c46866bfb858260a4ea85477d844d2fdc1b383f77f2300580fabcccd228578a1,e9105b637aa058dce8b1b42fbe2766cb4d75373873f3b55aa865904a462b5541,0,7.3463808270171285,E4-p256-n100-v2-r0,E4,0,cuda02,GPU-b78cc880-5f61-6e66-d09c-e91cbe6e94a0,NVIDIA RTX A5000,3e36d7276307c1fca8852ebc053d202c1e1c68713cc11aed1adcdc07745b41aa,1081081856.0,2,jobs/E4-p256-n100-v2-r0/result.json
v2,3,1,fp32,False,True,8,256,256,256,32,100,32,500,20,17.03125,31,3.30078125,8192,131072000,69.41017582290806,69.41104432987049,0.0002722861245274544,0.0005180861335247755,0.017304463079199195,0.007104778895154595,8.551980355056003,1,1,0,"[""78857acb646135faab9e232681bbef6d30a17a8953b8e9663b45fac7713cc52a""]",60.77946875,,,0.0029600111301988363,0.0005797350313514471,0.009594667004421353,1,,"[{""binary_version"": 86, ""cache_mode_ca"": 0, ""const_size_bytes"": 0, ""local_size_bytes"": 0, ""max_dynamic_shared_size_bytes"": 49152, ""max_threads_per_block"": 1024, ""num_regs"": 29, ""preferred_shared_memory_carveout"": -1, ""ptx_version"": 86, ""shared_size_bytes"": 0}, {""binary_version"": 86, ""cache_mode_ca"": 0, ""const_size_bytes"": 0, ""local_size_bytes"": 0, ""max_dynamic_shared_size_bytes"": 44288, ""max_threads_per_block"": 640, ""num_regs"": 92, ""preferred_shared_memory_carveout"": -1, ""ptx_version"": 86, ""shared_size_bytes"": 4864}, {""binary_version"": 86, ""cache_mode_ca"": 0, ""const_size_bytes"": 0, ""local_size_bytes"": 0, ""max_dynamic_shared_size_bytes"": 48880, ""max_threads_per_block"": 1024, ""num_regs"": 56, ""preferred_shared_memory_carveout"": -1, ""ptx_version"": 86, ""shared_size_bytes"": 272}]","[{""backend_wall_s"": 69.38179579214193, ""cities"": 100, ""instances"": 32, ""metrics"": {""audit_local_search"": 0, ""basin_top_q"": 0, ""block_threads"": 256, ""candidate_lanes"": 8, ""chunks"": 1, ""compile_seconds_sum"": 8.551980355056003, ""d2h_seconds_sum"": 0.0005797350313514471, ""device_count"": 1, ""device_names"": ""NVIDIA RTX A5000"", ""devices"": ""0"", ""driver_free_bytes_before_min"": 25049038848, ""exact_fp64_scoring_seconds"": 0.009594667004421353, ""gpu_fp32_length_checksum"": 65293.97817277908, ""h2d_seconds_sum"": 0.0029600111301988363, ""kernel_cache_entries_max"": 2, ""kernel_seconds_critical"": 60.77946875, ""kernel_seconds_sum"": 60.77946875, ""local_search"": ""none"", ""local_search_candidate_size"": 20, ""local_search_warps_per_block"": 8, ""pool_free_bytes_before_sum"": 39424, ""precision"": ""fp32"", ""provider"": ""raw_cuda"", ""register_cap"": 0, ""resident_cache_bytes_sum"": 4791864, ""semantic_shards"": 1, ""three_opt_block_threads"": 256, ""workspace_probe_retries"": 0}, ""native_reported_wall_s"": 69.36189716705121, ""seed"": 2026091503, ""tours_executed"": 131072000}]",trace_first_use,completed,c46866bfb858260a4ea85477d844d2fdc1b383f77f2300580fabcccd228578a1,e9105b637aa058dce8b1b42fbe2766cb4d75373873f3b55aa865904a462b5541,0,7.554171903990209,E4-p256-n100-v2-r1,E4,1,cuda02,GPU-b78cc880-5f61-6e66-d09c-e91cbe6e94a0,NVIDIA RTX A5000,3e36d7276307c1fca8852ebc053d202c1e1c68713cc11aed1adcdc07745b41aa,1081081856.0,2,jobs/E4-p256-n100-v2-r1/result.json
v2,3,1,fp32,False,True,8,256,256,256,32,100,32,500,20,17.03125,31,3.30078125,8192,131072000,65.98943803901784,65.99015797791071,0.00018815207295119762,0.0004630370531231165,0.015413668705150485,0.005049888975918293,8.580177250085399,1,1,0,"[""78857acb646135faab9e232681bbef6d30a17a8953b8e9663b45fac7713cc52a""]",57.33405859375,,,0.003014787333086133,0.0005474148783832788,0.010426455875858665,1,,"[{""binary_version"": 86, ""cache_mode_ca"": 0, ""const_size_bytes"": 0, ""local_size_bytes"": 0, ""max_dynamic_shared_size_bytes"": 49152, ""max_threads_per_block"": 1024, ""num_regs"": 29, ""preferred_shared_memory_carveout"": -1, ""ptx_version"": 86, ""shared_size_bytes"": 0}, {""binary_version"": 86, ""cache_mode_ca"": 0, ""const_size_bytes"": 0, ""local_size_bytes"": 0, ""max_dynamic_shared_size_bytes"": 44288, ""max_threads_per_block"": 640, ""num_regs"": 92, ""preferred_shared_memory_carveout"": -1, ""ptx_version"": 86, ""shared_size_bytes"": 4864}, {""binary_version"": 86, ""cache_mode_ca"": 0, ""const_size_bytes"": 0, ""local_size_bytes"": 0, ""max_dynamic_shared_size_bytes"": 48880, ""max_threads_per_block"": 1024, ""num_regs"": 56, ""preferred_shared_memory_carveout"": -1, ""ptx_version"": 86, ""shared_size_bytes"": 272}]","[{""backend_wall_s"": 65.96474467217922, ""cities"": 100, ""instances"": 32, ""metrics"": {""audit_local_search"": 0, ""basin_top_q"": 0, ""block_threads"": 256, ""candidate_lanes"": 8, ""chunks"": 1, ""compile_seconds_sum"": 8.580177250085399, ""d2h_seconds_sum"": 0.0005474148783832788, ""device_count"": 1, ""device_names"": ""NVIDIA RTX A5000"", ""devices"": ""0"", ""driver_free_bytes_before_min"": 25049038848, ""exact_fp64_scoring_seconds"": 0.010426455875858665, ""gpu_fp32_length_checksum"": 65293.97817277908, ""h2d_seconds_sum"": 0.003014787333086133, ""kernel_cache_entries_max"": 2, ""kernel_seconds_critical"": 57.33405859375, ""kernel_seconds_sum"": 57.33405859375, ""local_search"": ""none"", ""local_search_candidate_size"": 20, ""local_search_warps_per_block"": 8, ""pool_free_bytes_before_sum"": 39424, ""precision"": ""fp32"", ""provider"": ""raw_cuda"", ""register_cap"": 0, ""resident_cache_bytes_sum"": 4791864, ""semantic_shards"": 1, ""three_opt_block_threads"": 256, ""workspace_probe_retries"": 0}, ""native_reported_wall_s"": 65.94562367699109, ""seed"": 2026091503, ""tours_executed"": 131072000}]",trace_first_use,completed,c46866bfb858260a4ea85477d844d2fdc1b383f77f2300580fabcccd228578a1,e9105b637aa058dce8b1b42fbe2766cb4d75373873f3b55aa865904a462b5541,0,7.45577762904577,E4-p256-n100-v2-r2,E4,2,cuda02,GPU-b78cc880-5f61-6e66-d09c-e91cbe6e94a0,NVIDIA RTX A5000,3e36d7276307c1fca8852ebc053d202c1e1c68713cc11aed1adcdc07745b41aa,1081081856.0,2,jobs/E4-p256-n100-v2-r2/result.json
v2,3,1,fp32,False,True,8,256,256,256,32,100,32,500,20,17.03125,31,3.30078125,8192,131072000,69.61962603614666,69.6206829699222,0.0002682229969650507,0.000677207950502634,0.018099797191098332,0.005976475076749921,8.670247223926708,1,1,0,"[""78857acb646135faab9e232681bbef6d30a17a8953b8e9663b45fac7713cc52a""]",60.8573046875,,,0.0028740630950778723,0.0006510969251394272,0.017824399983510375,1,,"[{""binary_version"": 86, ""cache_mode_ca"": 0, ""const_size_bytes"": 0, ""local_size_bytes"": 0, ""max_dynamic_shared_size_bytes"": 49152, ""max_threads_per_block"": 1024, ""num_regs"": 29, ""preferred_shared_memory_carveout"": -1, ""ptx_version"": 86, ""shared_size_bytes"": 0}, {""binary_version"": 86, ""cache_mode_ca"": 0, ""const_size_bytes"": 0, ""local_size_bytes"": 0, ""max_dynamic_shared_size_bytes"": 44288, ""max_threads_per_block"": 640, ""num_regs"": 92, ""preferred_shared_memory_carveout"": -1, ""ptx_version"": 86, ""shared_size_bytes"": 4864}, {""binary_version"": 86, ""cache_mode_ca"": 0, ""const_size_bytes"": 0, ""local_size_bytes"": 0, ""max_dynamic_shared_size_bytes"": 48880, ""max_threads_per_block"": 1024, ""num_regs"": 56, ""preferred_shared_memory_carveout"": -1, ""ptx_version"": 86, ""shared_size_bytes"": 272}]","[{""backend_wall_s"": 69.58642697404139, ""cities"": 100, ""instances"": 32, ""metrics"": {""audit_local_search"": 0, ""basin_top_q"": 0, ""block_threads"": 256, ""candidate_lanes"": 8, ""chunks"": 1, ""compile_seconds_sum"": 8.670247223926708, ""d2h_seconds_sum"": 0.0006510969251394272, ""device_count"": 1, ""device_names"": ""NVIDIA RTX A5000"", ""devices"": ""0"", ""driver_free_bytes_before_min"": 25049038848, ""exact_fp64_scoring_seconds"": 0.017824399983510375, ""gpu_fp32_length_checksum"": 65293.97817277908, ""h2d_seconds_sum"": 0.0028740630950778723, ""kernel_cache_entries_max"": 2, ""kernel_seconds_critical"": 60.8573046875, ""kernel_seconds_sum"": 60.8573046875, ""local_search"": ""none"", ""local_search_candidate_size"": 20, ""local_search_warps_per_block"": 8, ""pool_free_bytes_before_sum"": 39424, ""precision"": ""fp32"", ""provider"": ""raw_cuda"", ""register_cap"": 0, ""resident_cache_bytes_sum"": 4791864, ""semantic_shards"": 1, ""three_opt_block_threads"": 256, ""workspace_probe_retries"": 0}, ""native_reported_wall_s"": 69.56728607788682, ""seed"": 2026091503, ""tours_executed"": 131072000}]",trace_first_use,completed,c46866bfb858260a4ea85477d844d2fdc1b383f77f2300580fabcccd228578a1,e9105b637aa058dce8b1b42fbe2766cb4d75373873f3b55aa865904a462b5541,0,8.343301034998149,E4-p256-n100-v2-r3,E4,3,cuda02,GPU-b78cc880-5f61-6e66-d09c-e91cbe6e94a0,NVIDIA RTX A5000,3e36d7276307c1fca8852ebc053d202c1e1c68713cc11aed1adcdc07745b41aa,1081081856.0,2,jobs/E4-p256-n100-v2-r3/result.json
v2,3,1,fp32,False,True,8,256,256,256,32,100,32,500,20,17.03125,31,3.30078125,8192,131072000,67.62420134595595,67.62508351611905,0.000311422860249877,0.0004768029320985079,0.019424615893512964,0.008926199981942773,7.572995509952307,1,1,0,"[""78857acb646135faab9e232681bbef6d30a17a8953b8e9663b45fac7713cc52a""]",59.96816015625,,,0.0035894280299544334,0.00054202601313591,0.009183736983686686,1,,"[{""binary_version"": 86, ""cache_mode_ca"": 0, ""const_size_bytes"": 0, ""local_size_bytes"": 0, ""max_dynamic_shared_size_bytes"": 49152, ""max_threads_per_block"": 1024, ""num_regs"": 29, ""preferred_shared_memory_carveout"": -1, ""ptx_version"": 86, ""shared_size_bytes"": 0}, {""binary_version"": 86, ""cache_mode_ca"": 0, ""const_size_bytes"": 0, ""local_size_bytes"": 0, ""max_dynamic_shared_size_bytes"": 44288, ""max_threads_per_block"": 640, ""num_regs"": 92, ""preferred_shared_memory_carveout"": -1, ""ptx_version"": 86, ""shared_size_bytes"": 4864}, {""binary_version"": 86, ""cache_mode_ca"": 0, ""const_size_bytes"": 0, ""local_size_bytes"": 0, ""max_dynamic_shared_size_bytes"": 48880, ""max_threads_per_block"": 1024, ""num_regs"": 56, ""preferred_shared_memory_carveout"": -1, ""ptx_version"": 86, ""shared_size_bytes"": 272}]","[{""backend_wall_s"": 67.59177246200852, ""cities"": 100, ""instances"": 32, ""metrics"": {""audit_local_search"": 0, ""basin_top_q"": 0, ""block_threads"": 256, ""candidate_lanes"": 8, ""chunks"": 1, ""compile_seconds_sum"": 7.572995509952307, ""d2h_seconds_sum"": 0.00054202601313591, ""device_count"": 1, ""device_names"": ""NVIDIA RTX A5000"", ""devices"": ""0"", ""driver_free_bytes_before_min"": 25049038848, ""exact_fp64_scoring_seconds"": 0.009183736983686686, ""gpu_fp32_length_checksum"": 65293.97817277908, ""h2d_seconds_sum"": 0.0035894280299544334, ""kernel_cache_entries_max"": 2, ""kernel_seconds_critical"": 59.96816015625, ""kernel_seconds_sum"": 59.96816015625, ""local_search"": ""none"", ""local_search_candidate_size"": 20, ""local_search_warps_per_block"": 8, ""pool_free_bytes_before_sum"": 39424, ""precision"": ""fp32"", ""provider"": ""raw_cuda"", ""register_cap"": 0, ""resident_cache_bytes_sum"": 4791864, ""semantic_shards"": 1, ""three_opt_block_threads"": 256, ""workspace_probe_retries"": 0}, ""native_reported_wall_s"": 67.57277956302278, ""seed"": 2026091503, ""tours_executed"": 131072000}]",trace_first_use,completed,c46866bfb858260a4ea85477d844d2fdc1b383f77f2300580fabcccd228578a1,e9105b637aa058dce8b1b42fbe2766cb4d75373873f3b55aa865904a462b5541,0,12.567455349955708,E4-p256-n100-v2-r4,E4,4,cuda02,GPU-b78cc880-5f61-6e66-d09c-e91cbe6e94a0,NVIDIA RTX A5000,3e36d7276307c1fca8852ebc053d202c1e1c68713cc11aed1adcdc07745b41aa,1081081856.0,2,jobs/E4-p256-n100-v2-r4/result.json
cpu8,3,8,fp64,False,False,,32,32,32,32,100,32,500,20,17.125,31,3.28125,1024,16384000,186.80266936891712,186.8030601979699,0.00027294899336993694,8.788914419710636e-05,0.0031118460465222597,0.000942485872656107,0.0,0,0,0,[],,,186.78706042305566,,,,1,,[],"[{""backend_wall_s"": 186.79309310694225, ""cities"": 100, ""instances"": 32, ""metrics"": {""audit_local_search"": 0, ""basin_top_q"": 0}, ""native_reported_wall_s"": 186.78706042305566, ""seed"": 2026091503, ""tours_executed"": 16384000}]",trace_first_use,completed,922f1d355c7855e4fc4974ea263363100eaf5ac4d628552ba2d5414340597fce,d3c8384bf7a7220cd667508cee67b0a7d9aa2e9210d050ec6a9f46135a62ca77,0,41.72318430687301,E4-p32-n100-cpu8-r0,E4,0,cuda02,GPU-b78cc880-5f61-6e66-d09c-e91cbe6e94a0,,3e36d7276307c1fca8852ebc053d202c1e1c68713cc11aed1adcdc07745b41aa,,2,jobs/E4-p32-n100-cpu8-r0/result.json
cpu8,3,8,fp64,False,False,,32,32,32,32,100,32,500,20,17.125,31,3.28125,1024,16384000,203.0699324051384,203.0705896350555,0.0004687879700213671,0.00014543719589710236,0.004688689019531012,0.0019664550200104713,0.0,0,0,0,[],,,203.04130808496848,,,,1,,[],"[{""backend_wall_s"": 203.05058757192455, ""cities"": 100, ""instances"": 32, ""metrics"": {""audit_local_search"": 0, ""basin_top_q"": 0}, ""native_reported_wall_s"": 203.04130808496848, ""seed"": 2026091503, ""tours_executed"": 16384000}]",trace_first_use,completed,922f1d355c7855e4fc4974ea263363100eaf5ac4d628552ba2d5414340597fce,d3c8384bf7a7220cd667508cee67b0a7d9aa2e9210d050ec6a9f46135a62ca77,0,41.26094923005439,E4-p32-n100-cpu8-r1,E4,1,cuda02,GPU-b78cc880-5f61-6e66-d09c-e91cbe6e94a0,,3e36d7276307c1fca8852ebc053d202c1e1c68713cc11aed1adcdc07745b41aa,,2,jobs/E4-p32-n100-cpu8-r1/result.json
cpu8,3,8,fp64,False,False,,32,32,32,32,100,32,500,20,17.125,31,3.28125,1024,16384000,199.1245445618406,199.12521615391597,0.0005777671467512846,5.958089604973793e-05,0.003963161958381534,0.0027540188748389482,0.0,0,0,0,[],,,199.10555425705388,,,,1,,[],"[{""backend_wall_s"": 199.1127551679965, ""cities"": 100, ""instances"": 32, ""metrics"": {""audit_local_search"": 0, ""basin_top_q"": 0}, ""native_reported_wall_s"": 199.10555425705388, ""seed"": 2026091503, ""tours_executed"": 16384000}]",trace_first_use,completed,922f1d355c7855e4fc4974ea263363100eaf5ac4d628552ba2d5414340597fce,d3c8384bf7a7220cd667508cee67b0a7d9aa2e9210d050ec6a9f46135a62ca77,0,44.47057431796566,E4-p32-n100-cpu8-r2,E4,2,cuda02,GPU-b78cc880-5f61-6e66-d09c-e91cbe6e94a0,,3e36d7276307c1fca8852ebc053d202c1e1c68713cc11aed1adcdc07745b41aa,,2,jobs/E4-p32-n100-cpu8-r2/result.json
v2,3,1,fp32,False,True,8,32,32,32,32,100,32,500,20,17.125,31,3.28125,1024,16384000,10.659660101868212,10.66004333901219,0.0002796449698507786,7.875706069171429e-05,0.0035386490635573864,0.0010292308870702982,2.720041616121307,1,1,0,"[""a3c3f8bb3c3477915d612866ac5252e0a35dd195f4a5c03dfc5afb835e67a826""]",7.9046279296875,,,0.003008758183568716,0.00023009395226836205,0.0016578540671616793,1,,"[{""binary_version"": 86, ""cache_mode_ca"": 0, ""const_size_bytes"": 0, ""local_size_bytes"": 0, ""max_dynamic_shared_size_bytes"": 49152, ""max_threads_per_block"": 1024, ""num_regs"": 29, ""preferred_shared_memory_carveout"": -1, ""ptx_version"": 86, ""shared_size_bytes"": 0}, {""binary_version"": 86, ""cache_mode_ca"": 0, ""const_size_bytes"": 0, ""local_size_bytes"": 0, ""max_dynamic_shared_size_bytes"": 44288, ""max_threads_per_block"": 640, ""num_regs"": 89, ""preferred_shared_memory_carveout"": -1, ""ptx_version"": 86, ""shared_size_bytes"": 4864}, {""binary_version"": 86, ""cache_mode_ca"": 0, ""const_size_bytes"": 0, ""local_size_bytes"": 0, ""max_dynamic_shared_size_bytes"": 48880, ""max_threads_per_block"": 1024, ""num_regs"": 56, ""preferred_shared_memory_carveout"": -1, ""ptx_version"": 86, ""shared_size_bytes"": 272}]","[{""backend_wall_s"": 10.65410077618435, ""cities"": 100, ""instances"": 32, ""metrics"": {""audit_local_search"": 0, ""basin_top_q"": 0, ""block_threads"": 256, ""candidate_lanes"": 8, ""chunks"": 1, ""compile_seconds_sum"": 2.720041616121307, ""d2h_seconds_sum"": 0.00023009395226836205, ""device_count"": 1, ""device_names"": ""NVIDIA RTX A5000"", ""devices"": ""0"", ""driver_free_bytes_before_min"": 25049038848, ""exact_fp64_scoring_seconds"": 0.0016578540671616793, ""gpu_fp32_length_checksum"": 8165.451177597046, ""h2d_seconds_sum"": 0.003008758183568716, ""kernel_cache_entries_max"": 2, ""kernel_seconds_critical"": 7.9046279296875, ""kernel_seconds_sum"": 7.9046279296875, ""local_search"": ""none"", ""local_search_candidate_size"": 20, ""local_search_warps_per_block"": 8, ""pool_free_bytes_before_sum"": 111616, ""precision"": ""fp32"", ""provider"": ""raw_cuda"", ""register_cap"": 0, ""resident_cache_bytes_sum"": 4791864, ""semantic_shards"": 1, ""three_opt_block_threads"": 256, ""workspace_probe_retries"": 0}, ""native_reported_wall_s"": 10.63915850687772, ""seed"": 2026091503, ""tours_executed"": 16384000}]",trace_first_use,completed,b70d32e22977866bcac4fe36e1e1dcceba95285d5d9f4ae1a42b6dfa3c24dbd0,d3c8384bf7a7220cd667508cee67b0a7d9aa2e9210d050ec6a9f46135a62ca77,0,10.360144641948864,E4-p32-n100-v2-r0,E4,0,cuda02,GPU-b78cc880-5f61-6e66-d09c-e91cbe6e94a0,NVIDIA RTX A5000,3e36d7276307c1fca8852ebc053d202c1e1c68713cc11aed1adcdc07745b41aa,338690048.0,2,jobs/E4-p32-n100-v2-r0/result.json
v2,3,1,fp32,False,True,8,32,32,32,32,100,32,500,20,17.125,31,3.28125,1024,16384000,10.645439760060981,10.645766939036548,0.00022111297585070133,8.293590508401394e-05,0.0025108172558248043,0.0007578989025205374,2.7061681381892413,1,1,0,"[""a3c3f8bb3c3477915d612866ac5252e0a35dd195f4a5c03dfc5afb835e67a826""]",7.90590771484375,,,0.002849011914804578,0.0002256450243294239,0.0016594950575381517,1,,"[{""binary_version"": 86, ""cache_mode_ca"": 0, ""const_size_bytes"": 0, ""local_size_bytes"": 0, ""max_dynamic_shared_size_bytes"": 49152, ""max_threads_per_block"": 1024, ""num_regs"": 29, ""preferred_shared_memory_carveout"": -1, ""ptx_version"": 86, ""shared_size_bytes"": 0}, {""binary_version"": 86, ""cache_mode_ca"": 0, ""const_size_bytes"": 0, ""local_size_bytes"": 0, ""max_dynamic_shared_size_bytes"": 44288, ""max_threads_per_block"": 640, ""num_regs"": 89, ""preferred_shared_memory_carveout"": -1, ""ptx_version"": 86, ""shared_size_bytes"": 4864}, {""binary_version"": 86, ""cache_mode_ca"": 0, ""const_size_bytes"": 0, ""local_size_bytes"": 0, ""max_dynamic_shared_size_bytes"": 48880, ""max_threads_per_block"": 1024, ""num_regs"": 56, ""preferred_shared_memory_carveout"": -1, ""ptx_version"": 86, ""shared_size_bytes"": 272}]","[{""backend_wall_s"": 10.640854579862207, ""cities"": 100, ""instances"": 32, ""metrics"": {""audit_local_search"": 0, ""basin_top_q"": 0, ""block_threads"": 256, ""candidate_lanes"": 8, ""chunks"": 1, ""compile_seconds_sum"": 2.7061681381892413, ""d2h_seconds_sum"": 0.0002256450243294239, ""device_count"": 1, ""device_names"": ""NVIDIA RTX A5000"", ""devices"": ""0"", ""driver_free_bytes_before_min"": 25049038848, ""exact_fp64_scoring_seconds"": 0.0016594950575381517, ""gpu_fp32_length_checksum"": 8165.451177597046, ""h2d_seconds_sum"": 0.002849011914804578, ""kernel_cache_entries_max"": 2, ""kernel_seconds_critical"": 7.90590771484375, ""kernel_seconds_sum"": 7.90590771484375, ""local_search"": ""none"", ""local_search_candidate_size"": 20, ""local_search_warps_per_block"": 8, ""pool_free_bytes_before_sum"": 111616, ""precision"": ""fp32"", ""provider"": ""raw_cuda"", ""register_cap"": 0, ""resident_cache_bytes_sum"": 4791864, ""semantic_shards"": 1, ""three_opt_block_threads"": 256, ""workspace_probe_retries"": 0}, ""native_reported_wall_s"": 10.626021713018417, ""seed"": 2026091503, ""tours_executed"": 16384000}]",trace_first_use,completed,b70d32e22977866bcac4fe36e1e1dcceba95285d5d9f4ae1a42b6dfa3c24dbd0,d3c8384bf7a7220cd667508cee67b0a7d9aa2e9210d050ec6a9f46135a62ca77,0,5.87755952286534,E4-p32-n100-v2-r1,E4,1,cuda02,GPU-b78cc880-5f61-6e66-d09c-e91cbe6e94a0,NVIDIA RTX A5000,3e36d7276307c1fca8852ebc053d202c1e1c68713cc11aed1adcdc07745b41aa,338690048.0,2,jobs/E4-p32-n100-v2-r1/result.json
v2,3,1,fp32,False,True,8,32,32,32,32,100,32,500,20,17.125,31,3.28125,1024,16384000,10.354696717113256,10.355109720956534,0.0002901260741055012,9.293993934988976e-05,0.0032099660020321608,0.0010466091334819794,2.7061345588881522,1,1,0,"[""a3c3f8bb3c3477915d612866ac5252e0a35dd195f4a5c03dfc5afb835e67a826""]",7.610412109375,,,0.0029069401789456606,0.000224181916564703,0.001976849976927042,1,,"[{""binary_version"": 86, ""cache_mode_ca"": 0, ""const_size_bytes"": 0, ""local_size_bytes"": 0, ""max_dynamic_shared_size_bytes"": 49152, ""max_threads_per_block"": 1024, ""num_regs"": 29, ""preferred_shared_memory_carveout"": -1, ""ptx_version"": 86, ""shared_size_bytes"": 0}, {""binary_version"": 86, ""cache_mode_ca"": 0, ""const_size_bytes"": 0, ""local_size_bytes"": 0, ""max_dynamic_shared_size_bytes"": 44288, ""max_threads_per_block"": 640, ""num_regs"": 89, ""preferred_shared_memory_carveout"": -1, ""ptx_version"": 86, ""shared_size_bytes"": 4864}, {""binary_version"": 86, ""cache_mode_ca"": 0, ""const_size_bytes"": 0, ""local_size_bytes"": 0, ""max_dynamic_shared_size_bytes"": 48880, ""max_threads_per_block"": 1024, ""num_regs"": 56, ""preferred_shared_memory_carveout"": -1, ""ptx_version"": 86, ""shared_size_bytes"": 272}]","[{""backend_wall_s"": 10.348709694109857, ""cities"": 100, ""instances"": 32, ""metrics"": {""audit_local_search"": 0, ""basin_top_q"": 0, ""block_threads"": 256, ""candidate_lanes"": 8, ""chunks"": 1, ""compile_seconds_sum"": 2.7061345588881522, ""d2h_seconds_sum"": 0.000224181916564703, ""device_count"": 1, ""device_names"": ""NVIDIA RTX A5000"", ""devices"": ""0"", ""driver_free_bytes_before_min"": 25049038848, ""exact_fp64_scoring_seconds"": 0.001976849976927042, ""gpu_fp32_length_checksum"": 8165.451177597046, ""h2d_seconds_sum"": 0.0029069401789456606, ""kernel_cache_entries_max"": 2, ""kernel_seconds_critical"": 7.610412109375, ""kernel_seconds_sum"": 7.610412109375, ""local_search"": ""none"", ""local_search_candidate_size"": 20, ""local_search_warps_per_block"": 8, ""pool_free_bytes_before_sum"": 111616, ""precision"": ""fp32"", ""provider"": ""raw_cuda"", ""register_cap"": 0, ""resident_cache_bytes_sum"": 4791864, ""semantic_shards"": 1, ""three_opt_block_threads"": 256, ""workspace_probe_retries"": 0}, ""native_reported_wall_s"": 10.332223205827177, ""seed"": 2026091503, ""tours_executed"": 16384000}]",trace_first_use,completed,b70d32e22977866bcac4fe36e1e1dcceba95285d5d9f4ae1a42b6dfa3c24dbd0,d3c8384bf7a7220cd667508cee67b0a7d9aa2e9210d050ec6a9f46135a62ca77,0,7.297356850001961,E4-p32-n100-v2-r2,E4,2,cuda02,GPU-b78cc880-5f61-6e66-d09c-e91cbe6e94a0,NVIDIA RTX A5000,3e36d7276307c1fca8852ebc053d202c1e1c68713cc11aed1adcdc07745b41aa,338690048.0,2,jobs/E4-p32-n100-v2-r2/result.json
cpu8,3,8,fp64,False,False,,8,8,8,32,100,32,500,20,16.375,31,3.5,256,4096000,52.7571312119253,52.75738788605668,0.00019446620717644691,4.0247105062007904e-05,0.00035936501808464527,0.0001998839434236288,0.0,0,0,0,[],,,52.52250487986021,,,,1,,[],"[{""backend_wall_s"": 52.52530065877363, ""cities"": 100, ""instances"": 32, ""metrics"": {""audit_local_search"": 0, ""basin_top_q"": 0}, ""native_reported_wall_s"": 52.52250487986021, ""seed"": 2026091503, ""tours_executed"": 4096000}]",trace_first_use,completed,bb82da02589f0eece79239fe1af42fcfc63fd79d5c1aad27a806baeaf07089a5,b281a12760f31385be675dfd581fcd74cf24367c3b3def23e0782cdc5cb98061,0,42.17600089497864,E4-p8-n100-cpu8-r0,E4,0,cuda02,GPU-b78cc880-5f61-6e66-d09c-e91cbe6e94a0,,3e36d7276307c1fca8852ebc053d202c1e1c68713cc11aed1adcdc07745b41aa,,2,jobs/E4-p8-n100-cpu8-r0/result.json
cpu8,3,8,fp64,False,False,,8,8,8,32,100,32,500,20,16.375,31,3.5,256,4096000,53.995297422865406,53.99577043601312,0.00038657779805362225,5.4851872846484184e-05,0.0007446208037436008,0.00046733184717595577,0.0,0,0,0,[],,,53.98784735100344,,,,1,,[],"[{""backend_wall_s"": 53.991623306879774, ""cities"": 100, ""instances"": 32, ""metrics"": {""audit_local_search"": 0, ""basin_top_q"": 0}, ""native_reported_wall_s"": 53.98784735100344, ""seed"": 2026091503, ""tours_executed"": 4096000}]",trace_first_use,completed,bb82da02589f0eece79239fe1af42fcfc63fd79d5c1aad27a806baeaf07089a5,b281a12760f31385be675dfd581fcd74cf24367c3b3def23e0782cdc5cb98061,0,41.80666710087098,E4-p8-n100-cpu8-r1,E4,1,cuda02,GPU-b78cc880-5f61-6e66-d09c-e91cbe6e94a0,,3e36d7276307c1fca8852ebc053d202c1e1c68713cc11aed1adcdc07745b41aa,,2,jobs/E4-p8-n100-cpu8-r1/result.json
cpu8,3,8,fp64,False,False,,8,8,8,32,100,32,500,20,16.375,31,3.5,256,4096000,52.63715609512292,52.63769944617525,0.00047534191980957985,4.2135827243328094e-05,0.001167475013062358,0.0005682860501110554,0.0,0,0,0,[],,,52.62650709389709,,,,1,,[],"[{""backend_wall_s"": 52.63360445294529, ""cities"": 100, ""instances"": 32, ""metrics"": {""audit_local_search"": 0, ""basin_top_q"": 0}, ""native_reported_wall_s"": 52.62650709389709, ""seed"": 2026091503, ""tours_executed"": 4096000}]",trace_first_use,completed,bb82da02589f0eece79239fe1af42fcfc63fd79d5c1aad27a806baeaf07089a5,b281a12760f31385be675dfd581fcd74cf24367c3b3def23e0782cdc5cb98061,0,45.1447678420227,E4-p8-n100-cpu8-r2,E4,2,cuda02,GPU-b78cc880-5f61-6e66-d09c-e91cbe6e94a0,,3e36d7276307c1fca8852ebc053d202c1e1c68713cc11aed1adcdc07745b41aa,,2,jobs/E4-p8-n100-cpu8-r2/result.json
v2,3,1,fp32,False,True,8,8,8,8,32,100,32,500,20,16.375,31,3.5,256,4096000,4.940075387014076,4.9404036439955235,0.0002795727923512459,3.041117452085018e-05,0.0008557729888707399,0.00030135991983115673,2.390332435956225,1,1,0,"[""6c774ede7a9530d2c52d30dfc71a4f83d0d558843f5b5ac03be7445cebeb385d""]",2.519373779296875,,,0.002702796133235097,0.00018578208982944489,0.0007549519650638103,1,,"[{""binary_version"": 86, ""cache_mode_ca"": 0, ""const_size_bytes"": 0, ""local_size_bytes"": 0, ""max_dynamic_shared_size_bytes"": 49152, ""max_threads_per_block"": 1024, ""num_regs"": 29, ""preferred_shared_memory_carveout"": -1, ""ptx_version"": 86, ""shared_size_bytes"": 0}, {""binary_version"": 86, ""cache_mode_ca"": 0, ""const_size_bytes"": 0, ""local_size_bytes"": 0, ""max_dynamic_shared_size_bytes"": 44288, ""max_threads_per_block"": 640, ""num_regs"": 88, ""preferred_shared_memory_carveout"": -1, ""ptx_version"": 86, ""shared_size_bytes"": 4864}, {""binary_version"": 86, ""cache_mode_ca"": 0, ""const_size_bytes"": 0, ""local_size_bytes"": 0, ""max_dynamic_shared_size_bytes"": 48880, ""max_threads_per_block"": 1024, ""num_regs"": 55, ""preferred_shared_memory_carveout"": -1, ""ptx_version"": 86, ""shared_size_bytes"": 272}]","[{""backend_wall_s"": 4.9379576300270855, ""cities"": 100, ""instances"": 32, ""metrics"": {""audit_local_search"": 0, ""basin_top_q"": 0, ""block_threads"": 256, ""candidate_lanes"": 8, ""chunks"": 1, ""compile_seconds_sum"": 2.390332435956225, ""d2h_seconds_sum"": 0.00018578208982944489, ""device_count"": 1, ""device_names"": ""NVIDIA RTX A5000"", ""devices"": ""0"", ""driver_free_bytes_before_min"": 25049038848, ""exact_fp64_scoring_seconds"": 0.0007549519650638103, ""gpu_fp32_length_checksum"": 2040.0927920341492, ""h2d_seconds_sum"": 0.002702796133235097, ""kernel_cache_entries_max"": 2, ""kernel_seconds_critical"": 2.519373779296875, ""kernel_seconds_sum"": 2.519373779296875, ""local_search"": ""none"", ""local_search_candidate_size"": 20, ""local_search_warps_per_block"": 8, ""pool_free_bytes_before_sum"": 119296, ""precision"": ""fp32"", ""provider"": ""raw_cuda"", ""register_cap"": 0, ""resident_cache_bytes_sum"": 4791864, ""semantic_shards"": 1, ""three_opt_block_threads"": 256, ""workspace_probe_retries"": 0}, ""native_reported_wall_s"": 4.921551638050005, ""seed"": 2026091503, ""tours_executed"": 4096000}]",trace_first_use,completed,b9c770c49cda5090491c0b7721f257428535cee3f0136a7cf963ada5583c1d5a,b281a12760f31385be675dfd581fcd74cf24367c3b3def23e0782cdc5cb98061,0,7.366079892963171,E4-p8-n100-v2-r0,E4,0,cuda02,GPU-b78cc880-5f61-6e66-d09c-e91cbe6e94a0,NVIDIA RTX A5000,3e36d7276307c1fca8852ebc053d202c1e1c68713cc11aed1adcdc07745b41aa,258998272.0,2,jobs/E4-p8-n100-v2-r0/result.json
v2,3,1,fp32,False,True,8,8,8,8,32,100,32,500,20,16.375,31,3.5,256,4096000,4.937653744826093,4.9379305120091885,0.00022781593725085258,3.073597326874733e-05,0.000802607974037528,0.0002419808879494667,2.3859560468699783,1,1,0,"[""6c774ede7a9530d2c52d30dfc71a4f83d0d558843f5b5ac03be7445cebeb385d""]",2.51981201171875,,,0.0028584611136466265,0.00019401987083256245,0.0007833910640329123,1,,"[{""binary_version"": 86, ""cache_mode_ca"": 0, ""const_size_bytes"": 0, ""local_size_bytes"": 0, ""max_dynamic_shared_size_bytes"": 49152, ""max_threads_per_block"": 1024, ""num_regs"": 29, ""preferred_shared_memory_carveout"": -1, ""ptx_version"": 86, ""shared_size_bytes"": 0}, {""binary_version"": 86, ""cache_mode_ca"": 0, ""const_size_bytes"": 0, ""local_size_bytes"": 0, ""max_dynamic_shared_size_bytes"": 44288, ""max_threads_per_block"": 640, ""num_regs"": 88, ""preferred_shared_memory_carveout"": -1, ""ptx_version"": 86, ""shared_size_bytes"": 4864}, {""binary_version"": 86, ""cache_mode_ca"": 0, ""const_size_bytes"": 0, ""local_size_bytes"": 0, ""max_dynamic_shared_size_bytes"": 48880, ""max_threads_per_block"": 1024, ""num_regs"": 55, ""preferred_shared_memory_carveout"": -1, ""ptx_version"": 86, ""shared_size_bytes"": 272}]","[{""backend_wall_s"": 4.935723240021616, ""cities"": 100, ""instances"": 32, ""metrics"": {""audit_local_search"": 0, ""basin_top_q"": 0, ""block_threads"": 256, ""candidate_lanes"": 8, ""chunks"": 1, ""compile_seconds_sum"": 2.3859560468699783, ""d2h_seconds_sum"": 0.00019401987083256245, ""device_count"": 1, ""device_names"": ""NVIDIA RTX A5000"", ""devices"": ""0"", ""driver_free_bytes_before_min"": 25049038848, ""exact_fp64_scoring_seconds"": 0.0007833910640329123, ""gpu_fp32_length_checksum"": 2040.0927920341492, ""h2d_seconds_sum"": 0.0028584611136466265, ""kernel_cache_entries_max"": 2, ""kernel_seconds_critical"": 2.51981201171875, ""kernel_seconds_sum"": 2.51981201171875, ""local_search"": ""none"", ""local_search_candidate_size"": 20, ""local_search_warps_per_block"": 8, ""pool_free_bytes_before_sum"": 119296, ""precision"": ""fp32"", ""provider"": ""raw_cuda"", ""register_cap"": 0, ""resident_cache_bytes_sum"": 4791864, ""semantic_shards"": 1, ""three_opt_block_threads"": 256, ""workspace_probe_retries"": 0}, ""native_reported_wall_s"": 4.921930246055126, ""seed"": 2026091503, ""tours_executed"": 4096000}]",trace_first_use,completed,b9c770c49cda5090491c0b7721f257428535cee3f0136a7cf963ada5583c1d5a,b281a12760f31385be675dfd581fcd74cf24367c3b3def23e0782cdc5cb98061,0,6.188295497791842,E4-p8-n100-v2-r1,E4,1,cuda02,GPU-b78cc880-5f61-6e66-d09c-e91cbe6e94a0,NVIDIA RTX A5000,3e36d7276307c1fca8852ebc053d202c1e1c68713cc11aed1adcdc07745b41aa,258998272.0,2,jobs/E4-p8-n100-v2-r1/result.json
v2,3,1,fp32,False,True,8,8,8,8,32,100,32,500,20,16.375,31,3.5,256,4096000,4.956514555960894,4.956785433925688,0.0002069410402327776,4.489906132221222e-05,0.0006983072962611914,0.00020874198526144028,2.4221124560572207,1,1,0,"[""6c774ede7a9530d2c52d30dfc71a4f83d0d558843f5b5ac03be7445cebeb385d""]",2.50328369140625,,,0.002734858077019453,0.00018020207062363625,0.0007749779615551233,1,,"[{""binary_version"": 86, ""cache_mode_ca"": 0, ""const_size_bytes"": 0, ""local_size_bytes"": 0, ""max_dynamic_shared_size_bytes"": 49152, ""max_threads_per_block"": 1024, ""num_regs"": 29, ""preferred_shared_memory_carveout"": -1, ""ptx_version"": 86, ""shared_size_bytes"": 0}, {""binary_version"": 86, ""cache_mode_ca"": 0, ""const_size_bytes"": 0, ""local_size_bytes"": 0, ""max_dynamic_shared_size_bytes"": 44288, ""max_threads_per_block"": 640, ""num_regs"": 88, ""preferred_shared_memory_carveout"": -1, ""ptx_version"": 86, ""shared_size_bytes"": 4864}, {""binary_version"": 86, ""cache_mode_ca"": 0, ""const_size_bytes"": 0, ""local_size_bytes"": 0, ""max_dynamic_shared_size_bytes"": 48880, ""max_threads_per_block"": 1024, ""num_regs"": 55, ""preferred_shared_memory_carveout"": -1, ""ptx_version"": 86, ""shared_size_bytes"": 272}]","[{""backend_wall_s"": 4.954551302827895, ""cities"": 100, ""instances"": 32, ""metrics"": {""audit_local_search"": 0, ""basin_top_q"": 0, ""block_threads"": 256, ""candidate_lanes"": 8, ""chunks"": 1, ""compile_seconds_sum"": 2.4221124560572207, ""d2h_seconds_sum"": 0.00018020207062363625, ""device_count"": 1, ""device_names"": ""NVIDIA RTX A5000"", ""devices"": ""0"", ""driver_free_bytes_before_min"": 25049038848, ""exact_fp64_scoring_seconds"": 0.0007749779615551233, ""gpu_fp32_length_checksum"": 2040.0927920341492, ""h2d_seconds_sum"": 0.002734858077019453, ""kernel_cache_entries_max"": 2, ""kernel_seconds_critical"": 2.50328369140625, ""kernel_seconds_sum"": 2.50328369140625, ""local_search"": ""none"", ""local_search_candidate_size"": 20, ""local_search_warps_per_block"": 8, ""pool_free_bytes_before_sum"": 119296, ""precision"": ""fp32"", ""provider"": ""raw_cuda"", ""register_cap"": 0, ""resident_cache_bytes_sum"": 4791864, ""semantic_shards"": 1, ""three_opt_block_threads"": 256, ""workspace_probe_retries"": 0}, ""native_reported_wall_s"": 4.937272927025333, ""seed"": 2026091503, ""tours_executed"": 4096000}]",trace_first_use,completed,b9c770c49cda5090491c0b7721f257428535cee3f0136a7cf963ada5583c1d5a,b281a12760f31385be675dfd581fcd74cf24367c3b3def23e0782cdc5cb98061,0,7.2338044620119035,E4-p8-n100-v2-r2,E4,2,cuda02,GPU-b78cc880-5f61-6e66-d09c-e91cbe6e94a0,NVIDIA RTX A5000,3e36d7276307c1fca8852ebc053d202c1e1c68713cc11aed1adcdc07745b41aa,258998272.0,2,jobs/E4-p8-n100-v2-r2/result.json
v1,3,1,fp32,False,False,1,100,82,74,32,100,32,500,20,16.7,31,3.31,2368,37888000,26.870064438320696,26.87071167305112,0.00031672604382038116,0.00026638712733983994,0.007354745641350746,0.003666442818939686,0.0,0,0,1,[],26.69047265625,,,0.0039938874542713165,0.00035709701478481293,0.005142677575349808,1,,"[{""binary_version"": 86, ""cache_mode_ca"": 0, ""const_size_bytes"": 0, ""local_size_bytes"": 240, ""max_dynamic_shared_size_bytes"": 48736, ""max_threads_per_block"": 512, ""num_regs"": 108, ""preferred_shared_memory_carveout"": -1, ""ptx_version"": 86, ""shared_size_bytes"": 416}]","[{""backend_wall_s"": 26.738957471214235, ""cities"": 100, ""instances"": 32, ""metrics"": {""audit_local_search"": 0, ""basin_top_q"": 0, ""block_threads"": 32, ""candidate_lanes"": 1, ""chunks"": 1, ""compile_seconds_sum"": 0.0, ""d2h_seconds_sum"": 0.00035709701478481293, ""device_count"": 1, ""device_names"": ""NVIDIA RTX A5000"", ""devices"": ""0"", ""driver_free_bytes_before_min"": 0, ""exact_fp64_scoring_seconds"": 0.005142677575349808, ""gpu_fp32_length_checksum"": 18869.507058620453, ""h2d_seconds_sum"": 0.0039938874542713165, ""kernel_cache_entries_max"": 0, ""kernel_seconds_critical"": 26.69047265625, ""kernel_seconds_sum"": 26.69047265625, ""local_search"": ""none"", ""local_search_candidate_size"": 20, ""local_search_warps_per_block"": 8, ""pool_free_bytes_before_sum"": 0, ""precision"": ""fp32"", ""provider"": ""raw_cuda"", ""register_cap"": 0, ""resident_cache_bytes_sum"": 0, ""semantic_shards"": 1, ""three_opt_block_threads"": 256, ""workspace_probe_retries"": 0}, ""native_reported_wall_s"": 26.708558483980596, ""seed"": 2026091503, ""tours_executed"": 37888000}]",trace_first_use,completed,a6c0e58a686072a30901a3a8df0d4f55b41e989e3f94df4c4b911b3e2b0ee509,7ca6581956f82b8688e2f276e9ea2e6c96c339029564b1a800e1cf873dcbe7a2,2,24.40033274050802,E5-g3-v1-r0,E5,0,cuda01,GPU-6a8d4409-1aff-259d-9729-2d12a7e5ef97,NVIDIA RTX A5000,3e36d7276307c1fca8852ebc053d202c1e1c68713cc11aed1adcdc07745b41aa,403701760.0,2,jobs/E5-g3-v1-r0/result.json
v1,3,1,fp32,False,False,1,100,82,74,32,100,32,500,20,16.7,31,3.31,2368,37888000,27.27304440084845,27.273559557273984,0.00031400471925735474,0.00016022846102714539,0.007362298667430878,0.003655688837170601,0.0,0,0,1,[],27.21478125,,,0.003988687880337238,0.00024410150945186615,0.003037446178495884,1,,"[{""binary_version"": 86, ""cache_mode_ca"": 0, ""const_size_bytes"": 0, ""local_size_bytes"": 240, ""max_dynamic_shared_size_bytes"": 48736, ""max_threads_per_block"": 512, ""num_regs"": 108, ""preferred_shared_memory_carveout"": -1, ""ptx_version"": 86, ""shared_size_bytes"": 416}]","[{""backend_wall_s"": 27.257731582038105, ""cities"": 100, ""instances"": 32, ""metrics"": {""audit_local_search"": 0, ""basin_top_q"": 0, ""block_threads"": 32, ""candidate_lanes"": 1, ""chunks"": 1, ""compile_seconds_sum"": 0.0, ""d2h_seconds_sum"": 0.00024410150945186615, ""device_count"": 1, ""device_names"": ""NVIDIA RTX A5000"", ""devices"": ""0"", ""driver_free_bytes_before_min"": 0, ""exact_fp64_scoring_seconds"": 0.003037446178495884, ""gpu_fp32_length_checksum"": 18869.507058620453, ""h2d_seconds_sum"": 0.003988687880337238, ""kernel_cache_entries_max"": 0, ""kernel_seconds_critical"": 27.21478125, ""kernel_seconds_sum"": 27.21478125, ""local_search"": ""none"", ""local_search_candidate_size"": 20, ""local_search_warps_per_block"": 8, ""pool_free_bytes_before_sum"": 0, ""precision"": ""fp32"", ""provider"": ""raw_cuda"", ""register_cap"": 0, ""resident_cache_bytes_sum"": 0, ""semantic_shards"": 1, ""three_opt_block_threads"": 256, ""workspace_probe_retries"": 0}, ""native_reported_wall_s"": 27.229121937416494, ""seed"": 2026091503, ""tours_executed"": 37888000}]",trace_first_use,completed,a6c0e58a686072a30901a3a8df0d4f55b41e989e3f94df4c4b911b3e2b0ee509,7ca6581956f82b8688e2f276e9ea2e6c96c339029564b1a800e1cf873dcbe7a2,2,9.499453463591635,E5-g3-v1-r1,E5,1,cuda01,GPU-6a8d4409-1aff-259d-9729-2d12a7e5ef97,NVIDIA RTX A5000,3e36d7276307c1fca8852ebc053d202c1e1c68713cc11aed1adcdc07745b41aa,403701760.0,2,jobs/E5-g3-v1-r1/result.json
v1,3,1,fp32,False,False,1,100,82,74,32,100,32,500,20,16.7,31,3.31,2368,37888000,27.044859329238534,27.04538029897958,0.0003193747252225876,0.00015726033598184586,0.007094460539519787,0.0037092790007591248,0.0,0,0,1,[],26.984814453125,,,0.004053588956594467,0.00024980492889881134,0.0034154867753386497,1,,"[{""binary_version"": 86, ""cache_mode_ca"": 0, ""const_size_bytes"": 0, ""local_size_bytes"": 240, ""max_dynamic_shared_size_bytes"": 48736, ""max_threads_per_block"": 512, ""num_regs"": 108, ""preferred_shared_memory_carveout"": -1, ""ptx_version"": 86, ""shared_size_bytes"": 416}]","[{""backend_wall_s"": 27.02974514849484, ""cities"": 100, ""instances"": 32, ""metrics"": {""audit_local_search"": 0, ""basin_top_q"": 0, ""block_threads"": 32, ""candidate_lanes"": 1, ""chunks"": 1, ""compile_seconds_sum"": 0.0, ""d2h_seconds_sum"": 0.00024980492889881134, ""device_count"": 1, ""device_names"": ""NVIDIA RTX A5000"", ""devices"": ""0"", ""driver_free_bytes_before_min"": 0, ""exact_fp64_scoring_seconds"": 0.0034154867753386497, ""gpu_fp32_length_checksum"": 18869.507058620453, ""h2d_seconds_sum"": 0.004053588956594467, ""kernel_cache_entries_max"": 0, ""kernel_seconds_critical"": 26.984814453125, ""kernel_seconds_sum"": 26.984814453125, ""local_search"": ""none"", ""local_search_candidate_size"": 20, ""local_search_warps_per_block"": 8, ""pool_free_bytes_before_sum"": 0, ""precision"": ""fp32"", ""provider"": ""raw_cuda"", ""register_cap"": 0, ""resident_cache_bytes_sum"": 0, ""semantic_shards"": 1, ""three_opt_block_threads"": 256, ""workspace_probe_retries"": 0}, ""native_reported_wall_s"": 27.000858038663864, ""seed"": 2026091503, ""tours_executed"": 37888000}]",trace_first_use,completed,a6c0e58a686072a30901a3a8df0d4f55b41e989e3f94df4c4b911b3e2b0ee509,7ca6581956f82b8688e2f276e9ea2e6c96c339029564b1a800e1cf873dcbe7a2,2,9.596316561102867,E5-g3-v1-r2,E5,2,cuda01,GPU-6a8d4409-1aff-259d-9729-2d12a7e5ef97,NVIDIA RTX A5000,3e36d7276307c1fca8852ebc053d202c1e1c68713cc11aed1adcdc07745b41aa,403701760.0,2,jobs/E5-g3-v1-r2/result.json
v2-gen4,3,1,fp32,False,True,4,100,82,74,32,100,32,500,20,16.7,31,3.31,2368,37888000,19.274927685968578,19.275614820420742,0.000324285589158535,0.0002982635051012039,0.01127148512750864,0.0037279268726706505,6.6396173080429435,1,1,0,"[""c75f7beaa0aa5b5511439a03ef332b70e93da759e7677b0d350914a4d647ec82""]",12.5604580078125,,,0.004262072965502739,0.00038458965718746185,0.005250750109553337,1,,"[{""binary_version"": 86, ""cache_mode_ca"": 0, ""const_size_bytes"": 0, ""local_size_bytes"": 0, ""max_dynamic_shared_size_bytes"": 49152, ""max_threads_per_block"": 1024, ""num_regs"": 29, ""preferred_shared_memory_carveout"": -1, ""ptx_version"": 86, ""shared_size_bytes"": 0}, {""binary_version"": 86, ""cache_mode_ca"": 0, ""const_size_bytes"": 0, ""local_size_bytes"": 0, ""max_dynamic_shared_size_bytes"": 44288, ""max_threads_per_block"": 768, ""num_regs"": 80, ""preferred_shared_memory_carveout"": -1, ""ptx_version"": 86, ""shared_size_bytes"": 4864}, {""binary_version"": 86, ""cache_mode_ca"": 0, ""const_size_bytes"": 0, ""local_size_bytes"": 0, ""max_dynamic_shared_size_bytes"": 48880, ""max_threads_per_block"": 1024, ""num_regs"": 56, ""preferred_shared_memory_carveout"": -1, ""ptx_version"": 86, ""shared_size_bytes"": 272}]","[{""backend_wall_s"": 19.256039277650416, ""cities"": 100, ""instances"": 32, ""metrics"": {""audit_local_search"": 0, ""basin_top_q"": 0, ""block_threads"": 128, ""candidate_lanes"": 4, ""chunks"": 1, ""compile_seconds_sum"": 6.6396173080429435, ""d2h_seconds_sum"": 0.00038458965718746185, ""device_count"": 1, ""device_names"": ""NVIDIA RTX A5000"", ""devices"": ""0"", ""driver_free_bytes_before_min"": 25049038848, ""exact_fp64_scoring_seconds"": 0.005250750109553337, ""gpu_fp32_length_checksum"": 18882.458010673523, ""h2d_seconds_sum"": 0.004262072965502739, ""kernel_cache_entries_max"": 2, ""kernel_seconds_critical"": 12.5604580078125, ""kernel_seconds_sum"": 12.5604580078125, ""local_search"": ""none"", ""local_search_candidate_size"": 20, ""local_search_warps_per_block"": 8, ""pool_free_bytes_before_sum"": 97792, ""precision"": ""fp32"", ""provider"": ""raw_cuda"", ""register_cap"": 0, ""resident_cache_bytes_sum"": 4791864, ""semantic_shards"": 1, ""three_opt_block_threads"": 256, ""workspace_probe_retries"": 0}, ""native_reported_wall_s"": 19.227433846332133, ""seed"": 2026091503, ""tours_executed"": 37888000}]",trace_first_use,completed,5df3cd7c70d675b7a9ae8c169d61c300e59adea5eeea10f362092b1063718a49,7ca6581956f82b8688e2f276e9ea2e6c96c339029564b1a800e1cf873dcbe7a2,2,11.790591870434582,E5-g3-v2-gen4-r0,E5,0,cuda01,GPU-6a8d4409-1aff-259d-9729-2d12a7e5ef97,NVIDIA RTX A5000,3e36d7276307c1fca8852ebc053d202c1e1c68713cc11aed1adcdc07745b41aa,477102080.0,2,jobs/E5-g3-v2-gen4-r0/result.json
v2-gen4,3,1,fp32,False,True,4,100,82,74,32,100,32,500,20,16.7,31,3.31,2368,37888000,19.304789093323052,19.30546036362648,0.0003300858661532402,0.00028391648083925247,0.0108542675152421,0.0036945901811122894,6.66493584215641,1,1,0,"[""c75f7beaa0aa5b5511439a03ef332b70e93da759e7677b0d350914a4d647ec82""]",12.5661962890625,,,0.004066831432282925,0.0003787614405155182,0.005319421179592609,1,,"[{""binary_version"": 86, ""cache_mode_ca"": 0, ""const_size_bytes"": 0, ""local_size_bytes"": 0, ""max_dynamic_shared_size_bytes"": 49152, ""max_threads_per_block"": 1024, ""num_regs"": 29, ""preferred_shared_memory_carveout"": -1, ""ptx_version"": 86, ""shared_size_bytes"": 0}, {""binary_version"": 86, ""cache_mode_ca"": 0, ""const_size_bytes"": 0, ""local_size_bytes"": 0, ""max_dynamic_shared_size_bytes"": 44288, ""max_threads_per_block"": 768, ""num_regs"": 80, ""preferred_shared_memory_carveout"": -1, ""ptx_version"": 86, ""shared_size_bytes"": 4864}, {""binary_version"": 86, ""cache_mode_ca"": 0, ""const_size_bytes"": 0, ""local_size_bytes"": 0, ""max_dynamic_shared_size_bytes"": 48880, ""max_threads_per_block"": 1024, ""num_regs"": 56, ""preferred_shared_memory_carveout"": -1, ""ptx_version"": 86, ""shared_size_bytes"": 272}]","[{""backend_wall_s"": 19.28626850247383, ""cities"": 100, ""instances"": 32, ""metrics"": {""audit_local_search"": 0, ""basin_top_q"": 0, ""block_threads"": 128, ""candidate_lanes"": 4, ""chunks"": 1, ""compile_seconds_sum"": 6.66493584215641, ""d2h_seconds_sum"": 0.0003787614405155182, ""device_count"": 1, ""device_names"": ""NVIDIA RTX A5000"", ""devices"": ""0"", ""driver_free_bytes_before_min"": 25049038848, ""exact_fp64_scoring_seconds"": 0.005319421179592609, ""gpu_fp32_length_checksum"": 18882.458010673523, ""h2d_seconds_sum"": 0.004066831432282925, ""kernel_cache_entries_max"": 2, ""kernel_seconds_critical"": 12.5661962890625, ""kernel_seconds_sum"": 12.5661962890625, ""local_search"": ""none"", ""local_search_candidate_size"": 20, ""local_search_warps_per_block"": 8, ""pool_free_bytes_before_sum"": 97792, ""precision"": ""fp32"", ""provider"": ""raw_cuda"", ""register_cap"": 0, ""resident_cache_bytes_sum"": 4791864, ""semantic_shards"": 1, ""three_opt_block_threads"": 256, ""workspace_probe_retries"": 0}, ""native_reported_wall_s"": 19.2579316040501, ""seed"": 2026091503, ""tours_executed"": 37888000}]",trace_first_use,completed,5df3cd7c70d675b7a9ae8c169d61c300e59adea5eeea10f362092b1063718a49,7ca6581956f82b8688e2f276e9ea2e6c96c339029564b1a800e1cf873dcbe7a2,2,10.96309960167855,E5-g3-v2-gen4-r1,E5,1,cuda01,GPU-6a8d4409-1aff-259d-9729-2d12a7e5ef97,NVIDIA RTX A5000,3e36d7276307c1fca8852ebc053d202c1e1c68713cc11aed1adcdc07745b41aa,477102080.0,2,jobs/E5-g3-v2-gen4-r1/result.json
v2-gen4,3,1,fp32,False,True,4,100,82,74,32,100,32,500,20,16.7,31,3.31,2368,37888000,19.145036812871695,19.145583698526025,0.0003356141969561577,0.00016916077584028244,0.01075504720211029,0.0037022940814495087,6.532864334061742,1,1,0,"[""c75f7beaa0aa5b5511439a03ef332b70e93da759e7677b0d350914a4d647ec82""]",12.54534375,,,0.0043127816170454025,0.0002932548522949219,0.0030824411660432816,1,,"[{""binary_version"": 86, ""cache_mode_ca"": 0, ""const_size_bytes"": 0, ""local_size_bytes"": 0, ""max_dynamic_shared_size_bytes"": 49152, ""max_threads_per_block"": 1024, ""num_regs"": 29, ""preferred_shared_memory_carveout"": -1, ""ptx_version"": 86, ""shared_size_bytes"": 0}, {""binary_version"": 86, ""cache_mode_ca"": 0, ""const_size_bytes"": 0, ""local_size_bytes"": 0, ""max_dynamic_shared_size_bytes"": 44288, ""max_threads_per_block"": 768, ""num_regs"": 80, ""preferred_shared_memory_carveout"": -1, ""ptx_version"": 86, ""shared_size_bytes"": 4864}, {""binary_version"": 86, ""cache_mode_ca"": 0, ""const_size_bytes"": 0, ""local_size_bytes"": 0, ""max_dynamic_shared_size_bytes"": 48880, ""max_threads_per_block"": 1024, ""num_regs"": 56, ""preferred_shared_memory_carveout"": -1, ""ptx_version"": 86, ""shared_size_bytes"": 272}]","[{""backend_wall_s"": 19.12998243793845, ""cities"": 100, ""instances"": 32, ""metrics"": {""audit_local_search"": 0, ""basin_top_q"": 0, ""block_threads"": 128, ""candidate_lanes"": 4, ""chunks"": 1, ""compile_seconds_sum"": 6.532864334061742, ""d2h_seconds_sum"": 0.0002932548522949219, ""device_count"": 1, ""device_names"": ""NVIDIA RTX A5000"", ""devices"": ""0"", ""driver_free_bytes_before_min"": 25049038848, ""exact_fp64_scoring_seconds"": 0.0030824411660432816, ""gpu_fp32_length_checksum"": 18882.458010673523, ""h2d_seconds_sum"": 0.0043127816170454025, ""kernel_cache_entries_max"": 2, ""kernel_seconds_critical"": 12.54534375, ""kernel_seconds_sum"": 12.54534375, ""local_search"": ""none"", ""local_search_candidate_size"": 20, ""local_search_warps_per_block"": 8, ""pool_free_bytes_before_sum"": 97792, ""precision"": ""fp32"", ""provider"": ""raw_cuda"", ""register_cap"": 0, ""resident_cache_bytes_sum"": 4791864, ""semantic_shards"": 1, ""three_opt_block_threads"": 256, ""workspace_probe_retries"": 0}, ""native_reported_wall_s"": 19.102107242681086, ""seed"": 2026091503, ""tours_executed"": 37888000}]",trace_first_use,completed,5df3cd7c70d675b7a9ae8c169d61c300e59adea5eeea10f362092b1063718a49,7ca6581956f82b8688e2f276e9ea2e6c96c339029564b1a800e1cf873dcbe7a2,2,10.956986480392516,E5-g3-v2-gen4-r2,E5,2,cuda01,GPU-6a8d4409-1aff-259d-9729-2d12a7e5ef97,NVIDIA RTX A5000,3e36d7276307c1fca8852ebc053d202c1e1c68713cc11aed1adcdc07745b41aa,477102080.0,2,jobs/E5-g3-v2-gen4-r2/result.json
v2-interp4,3,1,fp32,False,False,4,100,82,74,32,100,32,500,20,16.7,31,3.31,2368,37888000,31.019322803243995,31.019986115396023,0.00032135751098394394,0.00028453022241592407,0.007234788499772549,0.003670305944979191,4.399391478858888,1,1,0,[],26.54727734375,,,0.004212935455143452,0.0004098135977983475,0.0051201218739151955,1,,"[{""binary_version"": 86, ""cache_mode_ca"": 0, ""const_size_bytes"": 0, ""local_size_bytes"": 0, ""max_dynamic_shared_size_bytes"": 49152, ""max_threads_per_block"": 1024, ""num_regs"": 29, ""preferred_shared_memory_carveout"": -1, ""ptx_version"": 86, ""shared_size_bytes"": 0}, {""binary_version"": 86, ""cache_mode_ca"": 0, ""const_size_bytes"": 0, ""local_size_bytes"": 0, ""max_dynamic_shared_size_bytes"": 44288, ""max_threads_per_block"": 512, ""num_regs"": 117, ""preferred_shared_memory_carveout"": -1, ""ptx_version"": 86, ""shared_size_bytes"": 4864}, {""binary_version"": 86, ""cache_mode_ca"": 0, ""const_size_bytes"": 0, ""local_size_bytes"": 176, ""max_dynamic_shared_size_bytes"": 48880, ""max_threads_per_block"": 1024, ""num_regs"": 56, ""preferred_shared_memory_carveout"": -1, ""ptx_version"": 86, ""shared_size_bytes"": 272}]","[{""backend_wall_s"": 31.00060540996492, ""cities"": 100, ""instances"": 32, ""metrics"": {""audit_local_search"": 0, ""basin_top_q"": 0, ""block_threads"": 128, ""candidate_lanes"": 4, ""chunks"": 1, ""compile_seconds_sum"": 4.399391478858888, ""d2h_seconds_sum"": 0.0004098135977983475, ""device_count"": 1, ""device_names"": ""NVIDIA RTX A5000"", ""devices"": ""0"", ""driver_free_bytes_before_min"": 25049038848, ""exact_fp64_scoring_seconds"": 0.0051201218739151955, ""gpu_fp32_length_checksum"": 18882.458010673523, ""h2d_seconds_sum"": 0.004212935455143452, ""kernel_cache_entries_max"": 2, ""kernel_seconds_critical"": 26.54727734375, ""kernel_seconds_sum"": 26.54727734375, ""local_search"": ""none"", ""local_search_candidate_size"": 20, ""local_search_warps_per_block"": 8, ""pool_free_bytes_before_sum"": 97792, ""precision"": ""fp32"", ""provider"": ""raw_cuda"", ""register_cap"": 0, ""resident_cache_bytes_sum"": 4791864, ""semantic_shards"": 1, ""three_opt_block_threads"": 256, ""workspace_probe_retries"": 0}, ""native_reported_wall_s"": 30.971727527678013, ""seed"": 2026091503, ""tours_executed"": 37888000}]",trace_first_use,completed,5df3cd7c70d675b7a9ae8c169d61c300e59adea5eeea10f362092b1063718a49,7ca6581956f82b8688e2f276e9ea2e6c96c339029564b1a800e1cf873dcbe7a2,2,12.915280922316015,E5-g3-v2-interp4-r0,E5,0,cuda01,GPU-6a8d4409-1aff-259d-9729-2d12a7e5ef97,NVIDIA RTX A5000,3e36d7276307c1fca8852ebc053d202c1e1c68713cc11aed1adcdc07745b41aa,477102080.0,2,jobs/E5-g3-v2-interp4-r0/result.json
v2-interp4,3,1,fp32,False,False,4,100,82,74,32,100,32,500,20,16.7,31,3.31,2368,37888000,31.066251361742616,31.066929575055838,0.000357896089553833,0.0002672504633665085,0.007289146073162556,0.0038903094828128815,4.4314613761380315,1,1,0,[],26.5646640625,,,0.004180424846708775,0.00037936121225357056,0.004964548163115978,1,,"[{""binary_version"": 86, ""cache_mode_ca"": 0, ""const_size_bytes"": 0, ""local_size_bytes"": 0, ""max_dynamic_shared_size_bytes"": 49152, ""max_threads_per_block"": 1024, ""num_regs"": 29, ""preferred_shared_memory_carveout"": -1, ""ptx_version"": 86, ""shared_size_bytes"": 0}, {""binary_version"": 86, ""cache_mode_ca"": 0, ""const_size_bytes"": 0, ""local_size_bytes"": 0, ""max_dynamic_shared_size_bytes"": 44288, ""max_threads_per_block"": 512, ""num_regs"": 117, ""preferred_shared_memory_carveout"": -1, ""ptx_version"": 86, ""shared_size_bytes"": 4864}, {""binary_version"": 86, ""cache_mode_ca"": 0, ""const_size_bytes"": 0, ""local_size_bytes"": 176, ""max_dynamic_shared_size_bytes"": 48880, ""max_threads_per_block"": 1024, ""num_regs"": 56, ""preferred_shared_memory_carveout"": -1, ""ptx_version"": 86, ""shared_size_bytes"": 272}]","[{""backend_wall_s"": 31.04731252696365, ""cities"": 100, ""instances"": 32, ""metrics"": {""audit_local_search"": 0, ""basin_top_q"": 0, ""block_threads"": 128, ""candidate_lanes"": 4, ""chunks"": 1, ""compile_seconds_sum"": 4.4314613761380315, ""d2h_seconds_sum"": 0.00037936121225357056, ""device_count"": 1, ""device_names"": ""NVIDIA RTX A5000"", ""devices"": ""0"", ""driver_free_bytes_before_min"": 25049038848, ""exact_fp64_scoring_seconds"": 0.004964548163115978, ""gpu_fp32_length_checksum"": 18882.458010673523, ""h2d_seconds_sum"": 0.004180424846708775, ""kernel_cache_entries_max"": 2, ""kernel_seconds_critical"": 26.5646640625, ""kernel_seconds_sum"": 26.5646640625, ""local_search"": ""none"", ""local_search_candidate_size"": 20, ""local_search_warps_per_block"": 8, ""pool_free_bytes_before_sum"": 97792, ""precision"": ""fp32"", ""provider"": ""raw_cuda"", ""register_cap"": 0, ""resident_cache_bytes_sum"": 4791864, ""semantic_shards"": 1, ""three_opt_block_threads"": 256, ""workspace_probe_retries"": 0}, ""native_reported_wall_s"": 31.01822372339666, ""seed"": 2026091503, ""tours_executed"": 37888000}]",trace_first_use,completed,5df3cd7c70d675b7a9ae8c169d61c300e59adea5eeea10f362092b1063718a49,7ca6581956f82b8688e2f276e9ea2e6c96c339029564b1a800e1cf873dcbe7a2,2,12.22875077649951,E5-g3-v2-interp4-r1,E5,1,cuda01,GPU-6a8d4409-1aff-259d-9729-2d12a7e5ef97,NVIDIA RTX A5000,3e36d7276307c1fca8852ebc053d202c1e1c68713cc11aed1adcdc07745b41aa,477102080.0,2,jobs/E5-g3-v2-interp4-r1/result.json
v2-interp4,3,1,fp32,False,False,4,100,82,74,32,100,32,500,20,16.7,31,3.31,2368,37888000,31.197041489183903,31.1977102663368,0.00032894499599933624,0.00028378888964653015,0.0071306386962533,0.0037161661311984062,4.413818184286356,1,1,0,[],26.7132890625,,,0.004248778335750103,0.00040970928966999054,0.005184751935303211,1,,"[{""binary_version"": 86, ""cache_mode_ca"": 0, ""const_size_bytes"": 0, ""local_size_bytes"": 0, ""max_dynamic_shared_size_bytes"": 49152, ""max_threads_per_block"": 1024, ""num_regs"": 29, ""preferred_shared_memory_carveout"": -1, ""ptx_version"": 86, ""shared_size_bytes"": 0}, {""binary_version"": 86, ""cache_mode_ca"": 0, ""const_size_bytes"": 0, ""local_size_bytes"": 0, ""max_dynamic_shared_size_bytes"": 44288, ""max_threads_per_block"": 512, ""num_regs"": 117, ""preferred_shared_memory_carveout"": -1, ""ptx_version"": 86, ""shared_size_bytes"": 4864}, {""binary_version"": 86, ""cache_mode_ca"": 0, ""const_size_bytes"": 0, ""local_size_bytes"": 176, ""max_dynamic_shared_size_bytes"": 48880, ""max_threads_per_block"": 1024, ""num_regs"": 56, ""preferred_shared_memory_carveout"": -1, ""ptx_version"": 86, ""shared_size_bytes"": 272}]","[{""backend_wall_s"": 31.178340358659625, ""cities"": 100, ""instances"": 32, ""metrics"": {""audit_local_search"": 0, ""basin_top_q"": 0, ""block_threads"": 128, ""candidate_lanes"": 4, ""chunks"": 1, ""compile_seconds_sum"": 4.413818184286356, ""d2h_seconds_sum"": 0.00040970928966999054, ""device_count"": 1, ""device_names"": ""NVIDIA RTX A5000"", ""devices"": ""0"", ""driver_free_bytes_before_min"": 25049038848, ""exact_fp64_scoring_seconds"": 0.005184751935303211, ""gpu_fp32_length_checksum"": 18882.458010673523, ""h2d_seconds_sum"": 0.004248778335750103, ""kernel_cache_entries_max"": 2, ""kernel_seconds_critical"": 26.7132890625, ""kernel_seconds_sum"": 26.7132890625, ""local_search"": ""none"", ""local_search_candidate_size"": 20, ""local_search_warps_per_block"": 8, ""pool_free_bytes_before_sum"": 97792, ""precision"": ""fp32"", ""provider"": ""raw_cuda"", ""register_cap"": 0, ""resident_cache_bytes_sum"": 4791864, ""semantic_shards"": 1, ""three_opt_block_threads"": 256, ""workspace_probe_retries"": 0}, ""native_reported_wall_s"": 31.14990942645818, ""seed"": 2026091503, ""tours_executed"": 37888000}]",trace_first_use,completed,5df3cd7c70d675b7a9ae8c169d61c300e59adea5eeea10f362092b1063718a49,7ca6581956f82b8688e2f276e9ea2e6c96c339029564b1a800e1cf873dcbe7a2,2,12.18259807024151,E5-g3-v2-interp4-r2,E5,2,cuda01,GPU-6a8d4409-1aff-259d-9729-2d12a7e5ef97,NVIDIA RTX A5000,3e36d7276307c1fca8852ebc053d202c1e1c68713cc11aed1adcdc07745b41aa,477102080.0,2,jobs/E5-g3-v2-interp4-r2/result.json
v2,3,1,fp32,False,True,8,100,82,74,32,100,32,500,20,16.7,31,3.31,2368,37888000,21.210341395810246,21.210998461581767,0.00031706690788269043,0.00028298329561948776,0.011600134894251823,0.003683236427605152,6.682796502485871,1,1,0,"[""c75f7beaa0aa5b5511439a03ef332b70e93da759e7677b0d350914a4d647ec82""]",14.45194140625,,,0.004112882539629936,0.00038025062531232834,0.005243272520601749,1,,"[{""binary_version"": 86, ""cache_mode_ca"": 0, ""const_size_bytes"": 0, ""local_size_bytes"": 0, ""max_dynamic_shared_size_bytes"": 49152, ""max_threads_per_block"": 1024, ""num_regs"": 29, ""preferred_shared_memory_carveout"": -1, ""ptx_version"": 86, ""shared_size_bytes"": 0}, {""binary_version"": 86, ""cache_mode_ca"": 0, ""const_size_bytes"": 0, ""local_size_bytes"": 0, ""max_dynamic_shared_size_bytes"": 44288, ""max_threads_per_block"": 768, ""num_regs"": 80, ""preferred_shared_memory_carveout"": -1, ""ptx_version"": 86, ""shared_size_bytes"": 4864}, {""binary_version"": 86, ""cache_mode_ca"": 0, ""const_size_bytes"": 0, ""local_size_bytes"": 0, ""max_dynamic_shared_size_bytes"": 48880, ""max_threads_per_block"": 1024, ""num_regs"": 56, ""preferred_shared_memory_carveout"": -1, ""ptx_version"": 86, ""shared_size_bytes"": 272}]","[{""backend_wall_s"": 21.191289735026658, ""cities"": 100, ""instances"": 32, ""metrics"": {""audit_local_search"": 0, ""basin_top_q"": 0, ""block_threads"": 256, ""candidate_lanes"": 8, ""chunks"": 1, ""compile_seconds_sum"": 6.682796502485871, ""d2h_seconds_sum"": 0.00038025062531232834, ""device_count"": 1, ""device_names"": ""NVIDIA RTX A5000"", ""devices"": ""0"", ""driver_free_bytes_before_min"": 25049038848, ""exact_fp64_scoring_seconds"": 0.005243272520601749, ""gpu_fp32_length_checksum"": 18880.944690704346, ""h2d_seconds_sum"": 0.004112882539629936, ""kernel_cache_entries_max"": 2, ""kernel_seconds_critical"": 14.45194140625, ""kernel_seconds_sum"": 14.45194140625, ""local_search"": ""none"", ""local_search_candidate_size"": 20, ""local_search_warps_per_block"": 8, ""pool_free_bytes_before_sum"": 97792, ""precision"": ""fp32"", ""provider"": ""raw_cuda"", ""register_cap"": 0, ""resident_cache_bytes_sum"": 4791864, ""semantic_shards"": 1, ""three_opt_block_threads"": 256, ""workspace_probe_retries"": 0}, ""native_reported_wall_s"": 21.162126175127923, ""seed"": 2026091503, ""tours_executed"": 37888000}]",trace_first_use,completed,0f4b9c12a6b3db85ca24f082b0c6f621ed3ee18ace613a3b9f51a21611fee404,7ca6581956f82b8688e2f276e9ea2e6c96c339029564b1a800e1cf873dcbe7a2,2,11.660870586521924,E5-g3-v2-r0,E5,0,cuda01,GPU-6a8d4409-1aff-259d-9729-2d12a7e5ef97,NVIDIA RTX A5000,3e36d7276307c1fca8852ebc053d202c1e1c68713cc11aed1adcdc07745b41aa,477102080.0,2,jobs/E5-g3-v2-r0/result.json
v2,3,1,fp32,False,True,8,100,82,74,32,100,32,500,20,16.7,31,3.31,2368,37888000,21.103153246454895,21.10381513927132,0.00033428706228733063,0.0002729250118136406,0.010979964397847652,0.0038477135822176933,6.560477980412543,1,1,0,"[""c75f7beaa0aa5b5511439a03ef332b70e93da759e7677b0d350914a4d647ec82""]",14.46421484375,,,0.004475750029087067,0.00040656235069036484,0.005157233215868473,1,,"[{""binary_version"": 86, ""cache_mode_ca"": 0, ""const_size_bytes"": 0, ""local_size_bytes"": 0, ""max_dynamic_shared_size_bytes"": 49152, ""max_threads_per_block"": 1024, ""num_regs"": 29, ""preferred_shared_memory_carveout"": -1, ""ptx_version"": 86, ""shared_size_bytes"": 0}, {""binary_version"": 86, ""cache_mode_ca"": 0, ""const_size_bytes"": 0, ""local_size_bytes"": 0, ""max_dynamic_shared_size_bytes"": 44288, ""max_threads_per_block"": 768, ""num_regs"": 80, ""preferred_shared_memory_carveout"": -1, ""ptx_version"": 86, ""shared_size_bytes"": 4864}, {""binary_version"": 86, ""cache_mode_ca"": 0, ""const_size_bytes"": 0, ""local_size_bytes"": 0, ""max_dynamic_shared_size_bytes"": 48880, ""max_threads_per_block"": 1024, ""num_regs"": 56, ""preferred_shared_memory_carveout"": -1, ""ptx_version"": 86, ""shared_size_bytes"": 272}]","[{""backend_wall_s"": 21.084343715570867, ""cities"": 100, ""instances"": 32, ""metrics"": {""audit_local_search"": 0, ""basin_top_q"": 0, ""block_threads"": 256, ""candidate_lanes"": 8, ""chunks"": 1, ""compile_seconds_sum"": 6.560477980412543, ""d2h_seconds_sum"": 0.00040656235069036484, ""device_count"": 1, ""device_names"": ""NVIDIA RTX A5000"", ""devices"": ""0"", ""driver_free_bytes_before_min"": 25049038848, ""exact_fp64_scoring_seconds"": 0.005157233215868473, ""gpu_fp32_length_checksum"": 18880.944690704346, ""h2d_seconds_sum"": 0.004475750029087067, ""kernel_cache_entries_max"": 2, ""kernel_seconds_critical"": 14.46421484375, ""kernel_seconds_sum"": 14.46421484375, ""local_search"": ""none"", ""local_search_candidate_size"": 20, ""local_search_warps_per_block"": 8, ""pool_free_bytes_before_sum"": 97792, ""precision"": ""fp32"", ""provider"": ""raw_cuda"", ""register_cap"": 0, ""resident_cache_bytes_sum"": 4791864, ""semantic_shards"": 1, ""three_opt_block_threads"": 256, ""workspace_probe_retries"": 0}, ""native_reported_wall_s"": 21.0556005416438, ""seed"": 2026091503, ""tours_executed"": 37888000}]",trace_first_use,completed,0f4b9c12a6b3db85ca24f082b0c6f621ed3ee18ace613a3b9f51a21611fee404,7ca6581956f82b8688e2f276e9ea2e6c96c339029564b1a800e1cf873dcbe7a2,2,11.140095628798008,E5-g3-v2-r1,E5,1,cuda01,GPU-6a8d4409-1aff-259d-9729-2d12a7e5ef97,NVIDIA RTX A5000,3e36d7276307c1fca8852ebc053d202c1e1c68713cc11aed1adcdc07745b41aa,477102080.0,2,jobs/E5-g3-v2-r1/result.json
v2,3,1,fp32,False,True,8,100,82,74,32,100,32,500,20,16.7,31,3.31,2368,37888000,21.169813393615186,21.170530659146607,0.00037072040140628815,0.00028761476278305054,0.01094481348991394,0.003670074976980686,6.617254211567342,1,1,0,"[""c75f7beaa0aa5b5511439a03ef332b70e93da759e7677b0d350914a4d647ec82""]",14.4775029296875,,,0.004266313277184963,0.00039697811007499695,0.005182120017707348,1,,"[{""binary_version"": 86, ""cache_mode_ca"": 0, ""const_size_bytes"": 0, ""local_size_bytes"": 0, ""max_dynamic_shared_size_bytes"": 49152, ""max_threads_per_block"": 1024, ""num_regs"": 29, ""preferred_shared_memory_carveout"": -1, ""ptx_version"": 86, ""shared_size_bytes"": 0}, {""binary_version"": 86, ""cache_mode_ca"": 0, ""const_size_bytes"": 0, ""local_size_bytes"": 0, ""max_dynamic_shared_size_bytes"": 44288, ""max_threads_per_block"": 768, ""num_regs"": 80, ""preferred_shared_memory_carveout"": -1, ""ptx_version"": 86, ""shared_size_bytes"": 4864}, {""binary_version"": 86, ""cache_mode_ca"": 0, ""const_size_bytes"": 0, ""local_size_bytes"": 0, ""max_dynamic_shared_size_bytes"": 48880, ""max_threads_per_block"": 1024, ""num_regs"": 56, ""preferred_shared_memory_carveout"": -1, ""ptx_version"": 86, ""shared_size_bytes"": 272}]","[{""backend_wall_s"": 21.151007847860456, ""cities"": 100, ""instances"": 32, ""metrics"": {""audit_local_search"": 0, ""basin_top_q"": 0, ""block_threads"": 256, ""candidate_lanes"": 8, ""chunks"": 1, ""compile_seconds_sum"": 6.617254211567342, ""d2h_seconds_sum"": 0.00039697811007499695, ""device_count"": 1, ""device_names"": ""NVIDIA RTX A5000"", ""devices"": ""0"", ""driver_free_bytes_before_min"": 25049038848, ""exact_fp64_scoring_seconds"": 0.005182120017707348, ""gpu_fp32_length_checksum"": 18880.944690704346, ""h2d_seconds_sum"": 0.004266313277184963, ""kernel_cache_entries_max"": 2, ""kernel_seconds_critical"": 14.4775029296875, ""kernel_seconds_sum"": 14.4775029296875, ""local_search"": ""none"", ""local_search_candidate_size"": 20, ""local_search_warps_per_block"": 8, ""pool_free_bytes_before_sum"": 97792, ""precision"": ""fp32"", ""provider"": ""raw_cuda"", ""register_cap"": 0, ""resident_cache_bytes_sum"": 4791864, ""semantic_shards"": 1, ""three_opt_block_threads"": 256, ""workspace_probe_retries"": 0}, ""native_reported_wall_s"": 21.122693142853677, ""seed"": 2026091503, ""tours_executed"": 37888000}]",trace_first_use,completed,0f4b9c12a6b3db85ca24f082b0c6f621ed3ee18ace613a3b9f51a21611fee404,7ca6581956f82b8688e2f276e9ea2e6c96c339029564b1a800e1cf873dcbe7a2,2,10.498143921606243,E5-g3-v2-r2,E5,2,cuda01,GPU-6a8d4409-1aff-259d-9729-2d12a7e5ef97,NVIDIA RTX A5000,3e36d7276307c1fca8852ebc053d202c1e1c68713cc11aed1adcdc07745b41aa,477102080.0,2,jobs/E5-g3-v2-r2/result.json
v1,5,1,fp32,False,False,1,100,50,47,32,100,32,500,20,13.49,29,3.54,1504,24064000,22.120629692915827,22.12147131608799,0.0003826199099421501,0.000370565801858902,0.0023296279832720757,0.0018061748705804348,0.0,0,0,1,[],22.012650390625,,,0.004105971660465002,0.0007582921534776688,0.003928030375391245,1,,"[{""binary_version"": 86, ""cache_mode_ca"": 0, ""const_size_bytes"": 0, ""local_size_bytes"": 240, ""max_dynamic_shared_size_bytes"": 48736, ""max_threads_per_block"": 512, ""num_regs"": 108, ""preferred_shared_memory_carveout"": -1, ""ptx_version"": 86, ""shared_size_bytes"": 416}]","[{""backend_wall_s"": 22.04569509718567, ""cities"": 100, ""instances"": 32, ""metrics"": {""audit_local_search"": 0, ""basin_top_q"": 0, ""block_threads"": 32, ""candidate_lanes"": 1, ""chunks"": 1, ""compile_seconds_sum"": 0.0, ""d2h_seconds_sum"": 0.0007582921534776688, ""device_count"": 1, ""device_names"": ""NVIDIA RTX A5000"", ""devices"": ""0"", ""driver_free_bytes_before_min"": 0, ""exact_fp64_scoring_seconds"": 0.003928030375391245, ""gpu_fp32_length_checksum"": 11988.103090286255, ""h2d_seconds_sum"": 0.004105971660465002, ""kernel_cache_entries_max"": 0, ""kernel_seconds_critical"": 22.012650390625, ""kernel_seconds_sum"": 22.012650390625, ""local_search"": ""none"", ""local_search_candidate_size"": 20, ""local_search_warps_per_block"": 8, ""pool_free_bytes_before_sum"": 0, ""precision"": ""fp32"", ""provider"": ""raw_cuda"", ""register_cap"": 0, ""resident_cache_bytes_sum"": 0, ""semantic_shards"": 1, ""three_opt_block_threads"": 256, ""workspace_probe_retries"": 0}, ""native_reported_wall_s"": 22.02924242382869, ""seed"": 2026091505, ""tours_executed"": 24064000}]",trace_first_use,completed,3651de9b7fbf2f80c45f6418da9fa5d7f35b9cb6f9a05c8bfc20127529eafb32,21e02398134ac9cde84a8c90539574b5b05af9584771f2829c597ffc3a52a7bd,4,8.921856611967087,E5-g5-v1-r0,E5,0,cuda08,GPU-9e271973-f616-3c82-922d-792bb30eefc0,NVIDIA RTX A5000,3e36d7276307c1fca8852ebc053d202c1e1c68713cc11aed1adcdc07745b41aa,342884352.0,2,jobs/E5-g5-v1-r0/result.json
v1,5,1,fp32,False,False,1,100,50,47,32,100,32,500,20,13.49,29,3.54,1504,24064000,22.790953420102596,22.791791901923716,0.0003810538910329342,0.0003692558966577053,0.0023306040093302727,0.0018414929509162903,0.0,0,0,1,[],22.749810546875,,,0.004007929004728794,0.0007298463024199009,0.003907147794961929,1,,"[{""binary_version"": 86, ""cache_mode_ca"": 0, ""const_size_bytes"": 0, ""local_size_bytes"": 240, ""max_dynamic_shared_size_bytes"": 48736, ""max_threads_per_block"": 512, ""num_regs"": 108, ""preferred_shared_memory_carveout"": -1, ""ptx_version"": 86, ""shared_size_bytes"": 416}]","[{""backend_wall_s"": 22.782635821960866, ""cities"": 100, ""instances"": 32, ""metrics"": {""audit_local_search"": 0, ""basin_top_q"": 0, ""block_threads"": 32, ""candidate_lanes"": 1, ""chunks"": 1, ""compile_seconds_sum"": 0.0, ""d2h_seconds_sum"": 0.0007298463024199009, ""device_count"": 1, ""device_names"": ""NVIDIA RTX A5000"", ""devices"": ""0"", ""driver_free_bytes_before_min"": 0, ""exact_fp64_scoring_seconds"": 0.003907147794961929, ""gpu_fp32_length_checksum"": 11988.103090286255, ""h2d_seconds_sum"": 0.004007929004728794, ""kernel_cache_entries_max"": 0, ""kernel_seconds_critical"": 22.749810546875, ""kernel_seconds_sum"": 22.749810546875, ""local_search"": ""none"", ""local_search_candidate_size"": 20, ""local_search_warps_per_block"": 8, ""pool_free_bytes_before_sum"": 0, ""precision"": ""fp32"", ""provider"": ""raw_cuda"", ""register_cap"": 0, ""resident_cache_bytes_sum"": 0, ""semantic_shards"": 1, ""three_opt_block_threads"": 256, ""workspace_probe_retries"": 0}, ""native_reported_wall_s"": 22.765977214090526, ""seed"": 2026091505, ""tours_executed"": 24064000}]",trace_first_use,completed,3651de9b7fbf2f80c45f6418da9fa5d7f35b9cb6f9a05c8bfc20127529eafb32,21e02398134ac9cde84a8c90539574b5b05af9584771f2829c597ffc3a52a7bd,4,6.250845708884299,E5-g5-v1-r1,E5,1,cuda08,GPU-9e271973-f616-3c82-922d-792bb30eefc0,NVIDIA RTX A5000,3e36d7276307c1fca8852ebc053d202c1e1c68713cc11aed1adcdc07745b41aa,342884352.0,2,jobs/E5-g5-v1-r1/result.json
v1,5,1,fp32,False,False,1,100,50,47,32,100,32,500,20,13.49,29,3.54,1504,24064000,22.81714366422966,22.817998562008142,0.00037595443427562714,0.0003947480581700802,0.002310157287865877,0.0018864460289478302,0.0,0,0,1,[],22.77616796875,,,0.004016614053398371,0.0007661357522010803,0.0039862580597400665,1,,"[{""binary_version"": 86, ""cache_mode_ca"": 0, ""const_size_bytes"": 0, ""local_size_bytes"": 240, ""max_dynamic_shared_size_bytes"": 48736, ""max_threads_per_block"": 512, ""num_regs"": 108, ""preferred_shared_memory_carveout"": -1, ""ptx_version"": 86, ""shared_size_bytes"": 416}]","[{""backend_wall_s"": 22.80877596512437, ""cities"": 100, ""instances"": 32, ""metrics"": {""audit_local_search"": 0, ""basin_top_q"": 0, ""block_threads"": 32, ""candidate_lanes"": 1, ""chunks"": 1, ""compile_seconds_sum"": 0.0, ""d2h_seconds_sum"": 0.0007661357522010803, ""device_count"": 1, ""device_names"": ""NVIDIA RTX A5000"", ""devices"": ""0"", ""driver_free_bytes_before_min"": 0, ""exact_fp64_scoring_seconds"": 0.0039862580597400665, ""gpu_fp32_length_checksum"": 11988.103090286255, ""h2d_seconds_sum"": 0.004016614053398371, ""kernel_cache_entries_max"": 0, ""kernel_seconds_critical"": 22.77616796875, ""kernel_seconds_sum"": 22.77616796875, ""local_search"": ""none"", ""local_search_candidate_size"": 20, ""local_search_warps_per_block"": 8, ""pool_free_bytes_before_sum"": 0, ""precision"": ""fp32"", ""provider"": ""raw_cuda"", ""register_cap"": 0, ""resident_cache_bytes_sum"": 0, ""semantic_shards"": 1, ""three_opt_block_threads"": 256, ""workspace_probe_retries"": 0}, ""native_reported_wall_s"": 22.7924995678477, ""seed"": 2026091505, ""tours_executed"": 24064000}]",trace_first_use,completed,3651de9b7fbf2f80c45f6418da9fa5d7f35b9cb6f9a05c8bfc20127529eafb32,21e02398134ac9cde84a8c90539574b5b05af9584771f2829c597ffc3a52a7bd,4,6.370881618000567,E5-g5-v1-r2,E5,2,cuda08,GPU-9e271973-f616-3c82-922d-792bb30eefc0,NVIDIA RTX A5000,3e36d7276307c1fca8852ebc053d202c1e1c68713cc11aed1adcdc07745b41aa,342884352.0,2,jobs/E5-g5-v1-r2/result.json
v2-gen4,5,1,fp32,False,True,4,100,50,47,32,100,32,500,20,13.49,29,3.54,1504,24064000,12.845652700867504,12.846744772046804,0.0004069521091878414,0.0005731247365474701,0.0037943911738693714,0.0018747909925878048,3.5831173327751458,1,1,0,"[""1107742722a6cf56b5108947ebc5ce989b723e51d3413200790831188ec0030d""]",9.2081640625,,,0.004425681196153164,0.0011964202858507633,0.00561545230448246,1,,"[{""binary_version"": 86, ""cache_mode_ca"": 0, ""const_size_bytes"": 0, ""local_size_bytes"": 0, ""max_dynamic_shared_size_bytes"": 49152, ""max_threads_per_block"": 1024, ""num_regs"": 29, ""preferred_shared_memory_carveout"": -1, ""ptx_version"": 86, ""shared_size_bytes"": 0}, {""binary_version"": 86, ""cache_mode_ca"": 0, ""const_size_bytes"": 0, ""local_size_bytes"": 0, ""max_dynamic_shared_size_bytes"": 44288, ""max_threads_per_block"": 768, ""num_regs"": 80, ""preferred_shared_memory_carveout"": -1, ""ptx_version"": 86, ""shared_size_bytes"": 4864}, {""binary_version"": 86, ""cache_mode_ca"": 0, ""const_size_bytes"": 0, ""local_size_bytes"": 0, ""max_dynamic_shared_size_bytes"": 48880, ""max_threads_per_block"": 1024, ""num_regs"": 56, ""preferred_shared_memory_carveout"": -1, ""ptx_version"": 86, ""shared_size_bytes"": 272}]","[{""backend_wall_s"": 12.835213409736753, ""cities"": 100, ""instances"": 32, ""metrics"": {""audit_local_search"": 0, ""basin_top_q"": 0, ""block_threads"": 128, ""candidate_lanes"": 4, ""chunks"": 1, ""compile_seconds_sum"": 3.5831173327751458, ""d2h_seconds_sum"": 0.0011964202858507633, ""device_count"": 1, ""device_names"": ""NVIDIA RTX A5000"", ""devices"": ""0"", ""driver_free_bytes_before_min"": 25051136000, ""exact_fp64_scoring_seconds"": 0.00561545230448246, ""gpu_fp32_length_checksum"": 11986.307435035706, ""h2d_seconds_sum"": 0.004425681196153164, ""kernel_cache_entries_max"": 2, ""kernel_seconds_critical"": 9.2081640625, ""kernel_seconds_sum"": 9.2081640625, ""local_search"": ""none"", ""local_search_candidate_size"": 20, ""local_search_warps_per_block"": 8, ""pool_free_bytes_before_sum"": 107520, ""precision"": ""fp32"", ""provider"": ""raw_cuda"", ""register_cap"": 0, ""resident_cache_bytes_sum"": 4791864, ""semantic_shards"": 1, ""three_opt_block_threads"": 256, ""workspace_probe_retries"": 0}, ""native_reported_wall_s"": 12.818777790758759, ""seed"": 2026091505, ""tours_executed"": 24064000}]",trace_first_use,completed,5831fd5c9ec8d493c62aaa296b1ed3efefd32eff467ba12c1b2c7f361fcc9b92,21e02398134ac9cde84a8c90539574b5b05af9584771f2829c597ffc3a52a7bd,4,8.201956545002759,E5-g5-v2-gen4-r0,E5,0,cuda08,GPU-9e271973-f616-3c82-922d-792bb30eefc0,NVIDIA RTX A5000,3e36d7276307c1fca8852ebc053d202c1e1c68713cc11aed1adcdc07745b41aa,389021696.0,2,jobs/E5-g5-v2-gen4-r0/result.json
v2-gen4,5,1,fp32,False,True,4,100,50,47,32,100,32,500,20,13.49,29,3.54,1504,24064000,13.081855122931302,13.082750350236893,0.0003855843096971512,0.00042354315519332886,0.003834302071481943,0.0024602580815553665,3.6623020679689944,1,1,0,"[""1107742722a6cf56b5108947ebc5ce989b723e51d3413200790831188ec0030d""]",9.3663125,,,0.004239775240421295,0.0008751624263823032,0.003920894116163254,1,,"[{""binary_version"": 86, ""cache_mode_ca"": 0, ""const_size_bytes"": 0, ""local_size_bytes"": 0, ""max_dynamic_shared_size_bytes"": 49152, ""max_threads_per_block"": 1024, ""num_regs"": 29, ""preferred_shared_memory_carveout"": -1, ""ptx_version"": 86, ""shared_size_bytes"": 0}, {""binary_version"": 86, ""cache_mode_ca"": 0, ""const_size_bytes"": 0, ""local_size_bytes"": 0, ""max_dynamic_shared_size_bytes"": 44288, ""max_threads_per_block"": 768, ""num_regs"": 80, ""preferred_shared_memory_carveout"": -1, ""ptx_version"": 86, ""shared_size_bytes"": 4864}, {""binary_version"": 86, ""cache_mode_ca"": 0, ""const_size_bytes"": 0, ""local_size_bytes"": 0, ""max_dynamic_shared_size_bytes"": 48880, ""max_threads_per_block"": 1024, ""num_regs"": 56, ""preferred_shared_memory_carveout"": -1, ""ptx_version"": 86, ""shared_size_bytes"": 272}]","[{""backend_wall_s"": 13.072778844740242, ""cities"": 100, ""instances"": 32, ""metrics"": {""audit_local_search"": 0, ""basin_top_q"": 0, ""block_threads"": 128, ""candidate_lanes"": 4, ""chunks"": 1, ""compile_seconds_sum"": 3.6623020679689944, ""d2h_seconds_sum"": 0.0008751624263823032, ""device_count"": 1, ""device_names"": ""NVIDIA RTX A5000"", ""devices"": ""0"", ""driver_free_bytes_before_min"": 25051136000, ""exact_fp64_scoring_seconds"": 0.003920894116163254, ""gpu_fp32_length_checksum"": 11986.307435035706, ""h2d_seconds_sum"": 0.004239775240421295, ""kernel_cache_entries_max"": 2, ""kernel_seconds_critical"": 9.3663125, ""kernel_seconds_sum"": 9.3663125, ""local_search"": ""none"", ""local_search_candidate_size"": 20, ""local_search_warps_per_block"": 8, ""pool_free_bytes_before_sum"": 107520, ""precision"": ""fp32"", ""provider"": ""raw_cuda"", ""register_cap"": 0, ""resident_cache_bytes_sum"": 4791864, ""semantic_shards"": 1, ""three_opt_block_threads"": 256, ""workspace_probe_retries"": 0}, ""native_reported_wall_s"": 13.054816149175167, ""seed"": 2026091505, ""tours_executed"": 24064000}]",trace_first_use,completed,5831fd5c9ec8d493c62aaa296b1ed3efefd32eff467ba12c1b2c7f361fcc9b92,21e02398134ac9cde84a8c90539574b5b05af9584771f2829c597ffc3a52a7bd,4,7.748488346580416,E5-g5-v2-gen4-r1,E5,1,cuda08,GPU-9e271973-f616-3c82-922d-792bb30eefc0,NVIDIA RTX A5000,3e36d7276307c1fca8852ebc053d202c1e1c68713cc11aed1adcdc07745b41aa,389021696.0,2,jobs/E5-g5-v2-gen4-r1/result.json
v2-gen4,5,1,fp32,False,True,4,100,50,47,32,100,32,500,20,13.49,29,3.54,1504,24064000,13.144759620074183,13.14563918299973,0.00038754986599087715,0.00039721885696053505,0.0037334850057959557,0.0018715732730925083,3.67531869513914,1,1,0,"[""1107742722a6cf56b5108947ebc5ce989b723e51d3413200790831188ec0030d""]",9.4221689453125,,,0.004352054093033075,0.0009053861722350121,0.0032510943710803986,1,,"[{""binary_version"": 86, ""cache_mode_ca"": 0, ""const_size_bytes"": 0, ""local_size_bytes"": 0, ""max_dynamic_shared_size_bytes"": 49152, ""max_threads_per_block"": 1024, ""num_regs"": 29, ""preferred_shared_memory_carveout"": -1, ""ptx_version"": 86, ""shared_size_bytes"": 0}, {""binary_version"": 86, ""cache_mode_ca"": 0, ""const_size_bytes"": 0, ""local_size_bytes"": 0, ""max_dynamic_shared_size_bytes"": 44288, ""max_threads_per_block"": 768, ""num_regs"": 80, ""preferred_shared_memory_carveout"": -1, ""ptx_version"": 86, ""shared_size_bytes"": 4864}, {""binary_version"": 86, ""cache_mode_ca"": 0, ""const_size_bytes"": 0, ""local_size_bytes"": 0, ""max_dynamic_shared_size_bytes"": 48880, ""max_threads_per_block"": 1024, ""num_regs"": 56, ""preferred_shared_memory_carveout"": -1, ""ptx_version"": 86, ""shared_size_bytes"": 272}]","[{""backend_wall_s"": 13.136292887851596, ""cities"": 100, ""instances"": 32, ""metrics"": {""audit_local_search"": 0, ""basin_top_q"": 0, ""block_threads"": 128, ""candidate_lanes"": 4, ""chunks"": 1, ""compile_seconds_sum"": 3.67531869513914, ""d2h_seconds_sum"": 0.0009053861722350121, ""device_count"": 1, ""device_names"": ""NVIDIA RTX A5000"", ""devices"": ""0"", ""driver_free_bytes_before_min"": 25051136000, ""exact_fp64_scoring_seconds"": 0.0032510943710803986, ""gpu_fp32_length_checksum"": 11986.307435035706, ""h2d_seconds_sum"": 0.004352054093033075, ""kernel_cache_entries_max"": 2, ""kernel_seconds_critical"": 9.4221689453125, ""kernel_seconds_sum"": 9.4221689453125, ""local_search"": ""none"", ""local_search_candidate_size"": 20, ""local_search_warps_per_block"": 8, ""pool_free_bytes_before_sum"": 107520, ""precision"": ""fp32"", ""provider"": ""raw_cuda"", ""register_cap"": 0, ""resident_cache_bytes_sum"": 4791864, ""semantic_shards"": 1, ""three_opt_block_threads"": 256, ""workspace_probe_retries"": 0}, ""native_reported_wall_s"": 13.119545849971473, ""seed"": 2026091505, ""tours_executed"": 24064000}]",trace_first_use,completed,5831fd5c9ec8d493c62aaa296b1ed3efefd32eff467ba12c1b2c7f361fcc9b92,21e02398134ac9cde84a8c90539574b5b05af9584771f2829c597ffc3a52a7bd,4,7.9552755411714315,E5-g5-v2-gen4-r2,E5,2,cuda08,GPU-9e271973-f616-3c82-922d-792bb30eefc0,NVIDIA RTX A5000,3e36d7276307c1fca8852ebc053d202c1e1c68713cc11aed1adcdc07745b41aa,389021696.0,2,jobs/E5-g5-v2-gen4-r2/result.json
v2-interp4,5,1,fp32,False,False,4,100,50,47,32,100,32,500,20,13.49,29,3.54,1504,24064000,22.836722319945693,22.837890435010195,0.00039656786248087883,0.0006589880213141441,0.0024013700895011425,0.0018880977295339108,2.896181029267609,1,1,0,[],19.88678125,,,0.004183534998446703,0.0011716419830918312,0.005390411242842674,1,,"[{""binary_version"": 86, ""cache_mode_ca"": 0, ""const_size_bytes"": 0, ""local_size_bytes"": 0, ""max_dynamic_shared_size_bytes"": 49152, ""max_threads_per_block"": 1024, ""num_regs"": 29, ""preferred_shared_memory_carveout"": -1, ""ptx_version"": 86, ""shared_size_bytes"": 0}, {""binary_version"": 86, ""cache_mode_ca"": 0, ""const_size_bytes"": 0, ""local_size_bytes"": 0, ""max_dynamic_shared_size_bytes"": 44288, ""max_threads_per_block"": 512, ""num_regs"": 117, ""preferred_shared_memory_carveout"": -1, ""ptx_version"": 86, ""shared_size_bytes"": 4864}, {""binary_version"": 86, ""cache_mode_ca"": 0, ""const_size_bytes"": 0, ""local_size_bytes"": 176, ""max_dynamic_shared_size_bytes"": 48880, ""max_threads_per_block"": 1024, ""num_regs"": 56, ""preferred_shared_memory_carveout"": -1, ""ptx_version"": 86, ""shared_size_bytes"": 272}]","[{""backend_wall_s"": 22.825919616036117, ""cities"": 100, ""instances"": 32, ""metrics"": {""audit_local_search"": 0, ""basin_top_q"": 0, ""block_threads"": 128, ""candidate_lanes"": 4, ""chunks"": 1, ""compile_seconds_sum"": 2.896181029267609, ""d2h_seconds_sum"": 0.0011716419830918312, ""device_count"": 1, ""device_names"": ""NVIDIA RTX A5000"", ""devices"": ""0"", ""driver_free_bytes_before_min"": 25051136000, ""exact_fp64_scoring_seconds"": 0.005390411242842674, ""gpu_fp32_length_checksum"": 11986.307435035706, ""h2d_seconds_sum"": 0.004183534998446703, ""kernel_cache_entries_max"": 2, ""kernel_seconds_critical"": 19.88678125, ""kernel_seconds_sum"": 19.88678125, ""local_search"": ""none"", ""local_search_candidate_size"": 20, ""local_search_warps_per_block"": 8, ""pool_free_bytes_before_sum"": 107520, ""precision"": ""fp32"", ""provider"": ""raw_cuda"", ""register_cap"": 0, ""resident_cache_bytes_sum"": 4791864, ""semantic_shards"": 1, ""three_opt_block_threads"": 256, ""workspace_probe_retries"": 0}, ""native_reported_wall_s"": 22.8081545419991, ""seed"": 2026091505, ""tours_executed"": 24064000}]",trace_first_use,completed,5831fd5c9ec8d493c62aaa296b1ed3efefd32eff467ba12c1b2c7f361fcc9b92,21e02398134ac9cde84a8c90539574b5b05af9584771f2829c597ffc3a52a7bd,4,8.030179012101144,E5-g5-v2-interp4-r0,E5,0,cuda08,GPU-9e271973-f616-3c82-922d-792bb30eefc0,NVIDIA RTX A5000,3e36d7276307c1fca8852ebc053d202c1e1c68713cc11aed1adcdc07745b41aa,389021696.0,2,jobs/E5-g5-v2-interp4-r0/result.json
v2-interp4,5,1,fp32,False,False,4,100,50,47,32,100,32,500,20,13.49,29,3.54,1504,24064000,23.22406086185947,23.225107027217746,0.0003961389884352684,0.0005457079969346523,0.002407314255833626,0.0018790150061249733,2.8975995127111673,1,1,0,[],20.2737421875,,,0.00420658802613616,0.0011228788644075394,0.0052509550005197525,1,,"[{""binary_version"": 86, ""cache_mode_ca"": 0, ""const_size_bytes"": 0, ""local_size_bytes"": 0, ""max_dynamic_shared_size_bytes"": 49152, ""max_threads_per_block"": 1024, ""num_regs"": 29, ""preferred_shared_memory_carveout"": -1, ""ptx_version"": 86, ""shared_size_bytes"": 0}, {""binary_version"": 86, ""cache_mode_ca"": 0, ""const_size_bytes"": 0, ""local_size_bytes"": 0, ""max_dynamic_shared_size_bytes"": 44288, ""max_threads_per_block"": 512, ""num_regs"": 117, ""preferred_shared_memory_carveout"": -1, ""ptx_version"": 86, ""shared_size_bytes"": 4864}, {""binary_version"": 86, ""cache_mode_ca"": 0, ""const_size_bytes"": 0, ""local_size_bytes"": 176, ""max_dynamic_shared_size_bytes"": 48880, ""max_threads_per_block"": 1024, ""num_regs"": 56, ""preferred_shared_memory_carveout"": -1, ""ptx_version"": 86, ""shared_size_bytes"": 272}]","[{""backend_wall_s"": 23.214037866331637, ""cities"": 100, ""instances"": 32, ""metrics"": {""audit_local_search"": 0, ""basin_top_q"": 0, ""block_threads"": 128, ""candidate_lanes"": 4, ""chunks"": 1, ""compile_seconds_sum"": 2.8975995127111673, ""d2h_seconds_sum"": 0.0011228788644075394, ""device_count"": 1, ""device_names"": ""NVIDIA RTX A5000"", ""devices"": ""0"", ""driver_free_bytes_before_min"": 25051136000, ""exact_fp64_scoring_seconds"": 0.0052509550005197525, ""gpu_fp32_length_checksum"": 11986.307435035706, ""h2d_seconds_sum"": 0.00420658802613616, ""kernel_cache_entries_max"": 2, ""kernel_seconds_critical"": 20.2737421875, ""kernel_seconds_sum"": 20.2737421875, ""local_search"": ""none"", ""local_search_candidate_size"": 20, ""local_search_warps_per_block"": 8, ""pool_free_bytes_before_sum"": 107520, ""precision"": ""fp32"", ""provider"": ""raw_cuda"", ""register_cap"": 0, ""resident_cache_bytes_sum"": 4791864, ""semantic_shards"": 1, ""three_opt_block_threads"": 256, ""workspace_probe_retries"": 0}, ""native_reported_wall_s"": 23.195723460055888, ""seed"": 2026091505, ""tours_executed"": 24064000}]",trace_first_use,completed,5831fd5c9ec8d493c62aaa296b1ed3efefd32eff467ba12c1b2c7f361fcc9b92,21e02398134ac9cde84a8c90539574b5b05af9584771f2829c597ffc3a52a7bd,4,8.763547179289162,E5-g5-v2-interp4-r1,E5,1,cuda08,GPU-9e271973-f616-3c82-922d-792bb30eefc0,NVIDIA RTX A5000,3e36d7276307c1fca8852ebc053d202c1e1c68713cc11aed1adcdc07745b41aa,389021696.0,2,jobs/E5-g5-v2-interp4-r1/result.json
v2-interp4,5,1,fp32,False,False,4,100,50,47,32,100,32,500,20,13.49,29,3.54,1504,24064000,23.54504945501685,23.54600928304717,0.0004506930708885193,0.0004237638786435127,0.0024037091061472893,0.0025887158699333668,2.857665607240051,1,1,0,[],20.631634765625,,,0.010550464037805796,0.0009735818020999432,0.0038950350135564804,1,,"[{""binary_version"": 86, ""cache_mode_ca"": 0, ""const_size_bytes"": 0, ""local_size_bytes"": 0, ""max_dynamic_shared_size_bytes"": 49152, ""max_threads_per_block"": 1024, ""num_regs"": 29, ""preferred_shared_memory_carveout"": -1, ""ptx_version"": 86, ""shared_size_bytes"": 0}, {""binary_version"": 86, ""cache_mode_ca"": 0, ""const_size_bytes"": 0, ""local_size_bytes"": 0, ""max_dynamic_shared_size_bytes"": 44288, ""max_threads_per_block"": 512, ""num_regs"": 117, ""preferred_shared_memory_carveout"": -1, ""ptx_version"": 86, ""shared_size_bytes"": 4864}, {""binary_version"": 86, ""cache_mode_ca"": 0, ""const_size_bytes"": 0, ""local_size_bytes"": 176, ""max_dynamic_shared_size_bytes"": 48880, ""max_threads_per_block"": 1024, ""num_regs"": 56, ""preferred_shared_memory_carveout"": -1, ""ptx_version"": 86, ""shared_size_bytes"": 272}]","[{""backend_wall_s"": 23.535911791026592, ""cities"": 100, ""instances"": 32, ""metrics"": {""audit_local_search"": 0, ""basin_top_q"": 0, ""block_threads"": 128, ""candidate_lanes"": 4, ""chunks"": 1, ""compile_seconds_sum"": 2.857665607240051, ""d2h_seconds_sum"": 0.0009735818020999432, ""device_count"": 1, ""device_names"": ""NVIDIA RTX A5000"", ""devices"": ""0"", ""driver_free_bytes_before_min"": 25051136000, ""exact_fp64_scoring_seconds"": 0.0038950350135564804, ""gpu_fp32_length_checksum"": 11986.307435035706, ""h2d_seconds_sum"": 0.010550464037805796, ""kernel_cache_entries_max"": 2, ""kernel_seconds_critical"": 20.631634765625, ""kernel_seconds_sum"": 20.631634765625, ""local_search"": ""none"", ""local_search_candidate_size"": 20, ""local_search_warps_per_block"": 8, ""pool_free_bytes_before_sum"": 107520, ""precision"": ""fp32"", ""provider"": ""raw_cuda"", ""register_cap"": 0, ""resident_cache_bytes_sum"": 4791864, ""semantic_shards"": 1, ""three_opt_block_threads"": 256, ""workspace_probe_retries"": 0}, ""native_reported_wall_s"": 23.518430080730468, ""seed"": 2026091505, ""tours_executed"": 24064000}]",trace_first_use,completed,5831fd5c9ec8d493c62aaa296b1ed3efefd32eff467ba12c1b2c7f361fcc9b92,21e02398134ac9cde84a8c90539574b5b05af9584771f2829c597ffc3a52a7bd,4,8.530622710008174,E5-g5-v2-interp4-r2,E5,2,cuda08,GPU-9e271973-f616-3c82-922d-792bb30eefc0,NVIDIA RTX A5000,3e36d7276307c1fca8852ebc053d202c1e1c68713cc11aed1adcdc07745b41aa,389021696.0,2,jobs/E5-g5-v2-interp4-r2/result.json
v2,5,1,fp32,False,True,8,100,50,47,32,100,32,500,20,13.49,29,3.54,1504,24064000,14.162059917114675,14.16307174693793,0.0003782743588089943,0.0005190586671233177,0.0037626922130584717,0.0018259300850331783,3.7717513078823686,1,1,0,"[""1107742722a6cf56b5108947ebc5ce989b723e51d3413200790831188ec0030d""]",10.3375478515625,,,0.004562322050333023,0.0010714894160628319,0.005144990049302578,1,,"[{""binary_version"": 86, ""cache_mode_ca"": 0, ""const_size_bytes"": 0, ""local_size_bytes"": 0, ""max_dynamic_shared_size_bytes"": 49152, ""max_threads_per_block"": 1024, ""num_regs"": 29, ""preferred_shared_memory_carveout"": -1, ""ptx_version"": 86, ""shared_size_bytes"": 0}, {""binary_version"": 86, ""cache_mode_ca"": 0, ""const_size_bytes"": 0, ""local_size_bytes"": 0, ""max_dynamic_shared_size_bytes"": 44288, ""max_threads_per_block"": 768, ""num_regs"": 80, ""preferred_shared_memory_carveout"": -1, ""ptx_version"": 86, ""shared_size_bytes"": 4864}, {""binary_version"": 86, ""cache_mode_ca"": 0, ""const_size_bytes"": 0, ""local_size_bytes"": 0, ""max_dynamic_shared_size_bytes"": 48880, ""max_threads_per_block"": 1024, ""num_regs"": 56, ""preferred_shared_memory_carveout"": -1, ""ptx_version"": 86, ""shared_size_bytes"": 272}]","[{""backend_wall_s"": 14.15208323393017, ""cities"": 100, ""instances"": 32, ""metrics"": {""audit_local_search"": 0, ""basin_top_q"": 0, ""block_threads"": 256, ""candidate_lanes"": 8, ""chunks"": 1, ""compile_seconds_sum"": 3.7717513078823686, ""d2h_seconds_sum"": 0.0010714894160628319, ""device_count"": 1, ""device_names"": ""NVIDIA RTX A5000"", ""devices"": ""0"", ""driver_free_bytes_before_min"": 25051136000, ""exact_fp64_scoring_seconds"": 0.005144990049302578, ""gpu_fp32_length_checksum"": 11986.271143913269, ""h2d_seconds_sum"": 0.004562322050333023, ""kernel_cache_entries_max"": 2, ""kernel_seconds_critical"": 10.3375478515625, ""kernel_seconds_sum"": 10.3375478515625, ""local_search"": ""none"", ""local_search_candidate_size"": 20, ""local_search_warps_per_block"": 8, ""pool_free_bytes_before_sum"": 107520, ""precision"": ""fp32"", ""provider"": ""raw_cuda"", ""register_cap"": 0, ""resident_cache_bytes_sum"": 4791864, ""semantic_shards"": 1, ""three_opt_block_threads"": 256, ""workspace_probe_retries"": 0}, ""native_reported_wall_s"": 14.135868372395635, ""seed"": 2026091505, ""tours_executed"": 24064000}]",trace_first_use,completed,8a4a3b7237823b6373cc0289c47f530a651f4b22f6ec49943dc2644b98150e81,21e02398134ac9cde84a8c90539574b5b05af9584771f2829c597ffc3a52a7bd,4,7.532218710985035,E5-g5-v2-r0,E5,0,cuda08,GPU-9e271973-f616-3c82-922d-792bb30eefc0,NVIDIA RTX A5000,3e36d7276307c1fca8852ebc053d202c1e1c68713cc11aed1adcdc07745b41aa,389021696.0,2,jobs/E5-g5-v2-r0/result.json
v2,5,1,fp32,False,True,8,100,50,47,32,100,32,500,20,13.49,29,3.54,1504,24064000,14.194376545958221,14.19527031853795,0.000388947781175375,0.00041409581899642944,0.003948676865547895,0.0018633510917425156,3.6862436840310693,1,1,0,"[""1107742722a6cf56b5108947ebc5ce989b723e51d3413200790831188ec0030d""]",10.4582451171875,,,0.004156012088060379,0.0009179753251373768,0.0032989229075610638,1,,"[{""binary_version"": 86, ""cache_mode_ca"": 0, ""const_size_bytes"": 0, ""local_size_bytes"": 0, ""max_dynamic_shared_size_bytes"": 49152, ""max_threads_per_block"": 1024, ""num_regs"": 29, ""preferred_shared_memory_carveout"": -1, ""ptx_version"": 86, ""shared_size_bytes"": 0}, {""binary_version"": 86, ""cache_mode_ca"": 0, ""const_size_bytes"": 0, ""local_size_bytes"": 0, ""max_dynamic_shared_size_bytes"": 44288, ""max_threads_per_block"": 768, ""num_regs"": 80, ""preferred_shared_memory_carveout"": -1, ""ptx_version"": 86, ""shared_size_bytes"": 4864}, {""binary_version"": 86, ""cache_mode_ca"": 0, ""const_size_bytes"": 0, ""local_size_bytes"": 0, ""max_dynamic_shared_size_bytes"": 48880, ""max_threads_per_block"": 1024, ""num_regs"": 56, ""preferred_shared_memory_carveout"": -1, ""ptx_version"": 86, ""shared_size_bytes"": 272}]","[{""backend_wall_s"": 14.185679310932755, ""cities"": 100, ""instances"": 32, ""metrics"": {""audit_local_search"": 0, ""basin_top_q"": 0, ""block_threads"": 256, ""candidate_lanes"": 8, ""chunks"": 1, ""compile_seconds_sum"": 3.6862436840310693, ""d2h_seconds_sum"": 0.0009179753251373768, ""device_count"": 1, ""device_names"": ""NVIDIA RTX A5000"", ""devices"": ""0"", ""driver_free_bytes_before_min"": 25051136000, ""exact_fp64_scoring_seconds"": 0.0032989229075610638, ""gpu_fp32_length_checksum"": 11986.271143913269, ""h2d_seconds_sum"": 0.004156012088060379, ""kernel_cache_entries_max"": 2, ""kernel_seconds_critical"": 10.4582451171875, ""kernel_seconds_sum"": 10.4582451171875, ""local_search"": ""none"", ""local_search_candidate_size"": 20, ""local_search_warps_per_block"": 8, ""pool_free_bytes_before_sum"": 107520, ""precision"": ""fp32"", ""provider"": ""raw_cuda"", ""register_cap"": 0, ""resident_cache_bytes_sum"": 4791864, ""semantic_shards"": 1, ""three_opt_block_threads"": 256, ""workspace_probe_retries"": 0}, ""native_reported_wall_s"": 14.1684581306763, ""seed"": 2026091505, ""tours_executed"": 24064000}]",trace_first_use,completed,8a4a3b7237823b6373cc0289c47f530a651f4b22f6ec49943dc2644b98150e81,21e02398134ac9cde84a8c90539574b5b05af9584771f2829c597ffc3a52a7bd,4,7.668392023071647,E5-g5-v2-r1,E5,1,cuda08,GPU-9e271973-f616-3c82-922d-792bb30eefc0,NVIDIA RTX A5000,3e36d7276307c1fca8852ebc053d202c1e1c68713cc11aed1adcdc07745b41aa,389021696.0,2,jobs/E5-g5-v2-r1/result.json
v2,5,1,fp32,False,True,8,100,50,47,32,100,32,500,20,13.49,29,3.54,1504,24064000,14.202543647959828,14.203447493258864,0.0004175100475549698,0.0004038880579173565,0.003806629218161106,0.001854396890848875,3.634905627928674,1,1,0,"[""1107742722a6cf56b5108947ebc5ce989b723e51d3413200790831188ec0030d""]",10.51758984375,,,0.004184874240309,0.000936474185436964,0.0032499050721526146,1,,"[{""binary_version"": 86, ""cache_mode_ca"": 0, ""const_size_bytes"": 0, ""local_size_bytes"": 0, ""max_dynamic_shared_size_bytes"": 49152, ""max_threads_per_block"": 1024, ""num_regs"": 29, ""preferred_shared_memory_carveout"": -1, ""ptx_version"": 86, ""shared_size_bytes"": 0}, {""binary_version"": 86, ""cache_mode_ca"": 0, ""const_size_bytes"": 0, ""local_size_bytes"": 0, ""max_dynamic_shared_size_bytes"": 44288, ""max_threads_per_block"": 768, ""num_regs"": 80, ""preferred_shared_memory_carveout"": -1, ""ptx_version"": 86, ""shared_size_bytes"": 4864}, {""binary_version"": 86, ""cache_mode_ca"": 0, ""const_size_bytes"": 0, ""local_size_bytes"": 0, ""max_dynamic_shared_size_bytes"": 48880, ""max_threads_per_block"": 1024, ""num_regs"": 56, ""preferred_shared_memory_carveout"": -1, ""ptx_version"": 86, ""shared_size_bytes"": 272}]","[{""backend_wall_s"": 14.194115233141929, ""cities"": 100, ""instances"": 32, ""metrics"": {""audit_local_search"": 0, ""basin_top_q"": 0, ""block_threads"": 256, ""candidate_lanes"": 8, ""chunks"": 1, ""compile_seconds_sum"": 3.634905627928674, ""d2h_seconds_sum"": 0.000936474185436964, ""device_count"": 1, ""device_names"": ""NVIDIA RTX A5000"", ""devices"": ""0"", ""driver_free_bytes_before_min"": 25051136000, ""exact_fp64_scoring_seconds"": 0.0032499050721526146, ""gpu_fp32_length_checksum"": 11986.271143913269, ""h2d_seconds_sum"": 0.004184874240309, ""kernel_cache_entries_max"": 2, ""kernel_seconds_critical"": 10.51758984375, ""kernel_seconds_sum"": 10.51758984375, ""local_search"": ""none"", ""local_search_candidate_size"": 20, ""local_search_warps_per_block"": 8, ""pool_free_bytes_before_sum"": 107520, ""precision"": ""fp32"", ""provider"": ""raw_cuda"", ""register_cap"": 0, ""resident_cache_bytes_sum"": 4791864, ""semantic_shards"": 1, ""three_opt_block_threads"": 256, ""workspace_probe_retries"": 0}, ""native_reported_wall_s"": 14.17756803194061, ""seed"": 2026091505, ""tours_executed"": 24064000}]",trace_first_use,completed,8a4a3b7237823b6373cc0289c47f530a651f4b22f6ec49943dc2644b98150e81,21e02398134ac9cde84a8c90539574b5b05af9584771f2829c597ffc3a52a7bd,4,7.232564353849739,E5-g5-v2-r2,E5,2,cuda08,GPU-9e271973-f616-3c82-922d-792bb30eefc0,NVIDIA RTX A5000,3e36d7276307c1fca8852ebc053d202c1e1c68713cc11aed1adcdc07745b41aa,389021696.0,2,jobs/E5-g5-v2-r2/result.json
